buildopt: warming isolated control arm at 4b5c92703c63966c3471242c621c4a63b382638d (cache seed 1/3)
buildopt: warmed isolated control arm cache seed in 254296ms with total:305/executed:128/from-cache:70/up-to-date:23/no-source:65/skipped:19/fingerprint:cf3398efc89473709edcd1b23375dbb6c14e67d359820442e8990d1bb952942b
buildopt: warming isolated control arm at 4b5c92703c63966c3471242c621c4a63b382638d (base daemon stabilization 2/3)
buildopt: warmed isolated control arm daemon stabilization in 16010ms with total:305/executed:108/from-cache:90/up-to-date:23/no-source:65/skipped:19/fingerprint:1394115c8e91572561c1f22f40b0192ebabe7f68f0d755aae33167b9d14747d2
buildopt: warming isolated control arm at 1ddf23d53ea5ccea988cc3f1f135670e22ea12ce (target-workload stabilization 3/3)
buildopt: warmed isolated control arm target workload in 16064ms with total:305/executed:109/from-cache:89/up-to-date:23/no-source:65/skipped:19/fingerprint:85399d45cd2d3615162148545d5babb68fb708dbdd29a2e2991b8e65724ce6a7
buildopt: warming isolated candidate arm at 4b5c92703c63966c3471242c621c4a63b382638d (cache seed 1/3)
buildopt: warmed isolated candidate arm cache seed in 138921ms with total:56/executed:17/from-cache:23/up-to-date:2/no-source:7/skipped:7/fingerprint:c479e89ec7d3660c48fa7588a45ceda3124653994ed97bc0f2993f2ec522f0ef
buildopt: warming isolated candidate arm at 4b5c92703c63966c3471242c621c4a63b382638d (base daemon stabilization 2/3)
buildopt: warmed isolated candidate arm daemon stabilization in 9208ms with total:56/executed:13/from-cache:27/up-to-date:2/no-source:7/skipped:7/fingerprint:ece5bcfe70b440068293c809f7cae0852a4653f03eea072df81857cf90557511
buildopt: warming isolated candidate arm at 1ddf23d53ea5ccea988cc3f1f135670e22ea12ce (target-workload stabilization 3/3)
buildopt: warmed isolated candidate arm target workload in 12710ms with total:56/executed:14/from-cache:26/up-to-date:2/no-source:7/skipped:7/fingerprint:af08640256e4ce968a02546a34fd5e7b170359e73fd1255332a0b813d6a2b3f6
buildopt: structural pair 1/8 control=15711ms candidate=13318ms saved=2393ms gap=0ms order=CONTROL_FIRST
buildopt: structural pair 1 task outcomes control=total:305/executed:109/from-cache:89/up-to-date:23/no-source:65/skipped:19/fingerprint:85399d45cd2d3615162148545d5babb68fb708dbdd29a2e2991b8e65724ce6a7 candidate=total:56/executed:14/from-cache:26/up-to-date:2/no-source:7/skipped:7/fingerprint:af08640256e4ce968a02546a34fd5e7b170359e73fd1255332a0b813d6a2b3f6
buildopt: structural pair 2/8 control=13326ms candidate=10678ms saved=2648ms gap=0ms order=CANDIDATE_FIRST
buildopt: structural pair 2 task outcomes control=total:305/executed:109/from-cache:89/up-to-date:23/no-source:65/skipped:19/fingerprint:85399d45cd2d3615162148545d5babb68fb708dbdd29a2e2991b8e65724ce6a7 candidate=total:56/executed:14/from-cache:26/up-to-date:2/no-source:7/skipped:7/fingerprint:af08640256e4ce968a02546a34fd5e7b170359e73fd1255332a0b813d6a2b3f6
buildopt: structural pair 3/8 control=14711ms candidate=11808ms saved=2903ms gap=0ms order=CONTROL_FIRST
buildopt: structural pair 3 task outcomes control=total:305/executed:109/from-cache:89/up-to-date:23/no-source:65/skipped:19/fingerprint:85399d45cd2d3615162148545d5babb68fb708dbdd29a2e2991b8e65724ce6a7 candidate=total:56/executed:14/from-cache:26/up-to-date:2/no-source:7/skipped:7/fingerprint:af08640256e4ce968a02546a34fd5e7b170359e73fd1255332a0b813d6a2b3f6
buildopt: structural pair 4/8 control=12690ms candidate=10505ms saved=2185ms gap=0ms order=CANDIDATE_FIRST
buildopt: structural pair 4 task outcomes control=total:305/executed:109/from-cache:89/up-to-date:23/no-source:65/skipped:19/fingerprint:85399d45cd2d3615162148545d5babb68fb708dbdd29a2e2991b8e65724ce6a7 candidate=total:56/executed:14/from-cache:26/up-to-date:2/no-source:7/skipped:7/fingerprint:af08640256e4ce968a02546a34fd5e7b170359e73fd1255332a0b813d6a2b3f6
buildopt: structural pair 5/8 control=13185ms candidate=10948ms saved=2237ms gap=0ms order=CONTROL_FIRST
buildopt: structural pair 5 task outcomes control=total:305/executed:109/from-cache:89/up-to-date:23/no-source:65/skipped:19/fingerprint:85399d45cd2d3615162148545d5babb68fb708dbdd29a2e2991b8e65724ce6a7 candidate=total:56/executed:14/from-cache:26/up-to-date:2/no-source:7/skipped:7/fingerprint:af08640256e4ce968a02546a34fd5e7b170359e73fd1255332a0b813d6a2b3f6
buildopt: structural pair 6/8 control=12824ms candidate=11419ms saved=1405ms gap=0ms order=CANDIDATE_FIRST
buildopt: structural pair 6 task outcomes control=total:305/executed:109/from-cache:89/up-to-date:23/no-source:65/skipped:19/fingerprint:85399d45cd2d3615162148545d5babb68fb708dbdd29a2e2991b8e65724ce6a7 candidate=total:56/executed:14/from-cache:26/up-to-date:2/no-source:7/skipped:7/fingerprint:af08640256e4ce968a02546a34fd5e7b170359e73fd1255332a0b813d6a2b3f6
buildopt: structural pair 7/8 control=13140ms candidate=11958ms saved=1182ms gap=0ms order=CONTROL_FIRST
buildopt: structural pair 7 task outcomes control=total:305/executed:109/from-cache:89/up-to-date:23/no-source:65/skipped:19/fingerprint:85399d45cd2d3615162148545d5babb68fb708dbdd29a2e2991b8e65724ce6a7 candidate=total:56/executed:14/from-cache:26/up-to-date:2/no-source:7/skipped:7/fingerprint:af08640256e4ce968a02546a34fd5e7b170359e73fd1255332a0b813d6a2b3f6
buildopt: structural pair 8/8 control=11981ms candidate=10834ms saved=1147ms gap=0ms order=CANDIDATE_FIRST
buildopt: structural pair 8 task outcomes control=total:305/executed:109/from-cache:89/up-to-date:23/no-source:65/skipped:19/fingerprint:85399d45cd2d3615162148545d5babb68fb708dbdd29a2e2991b8e65724ce6a7 candidate=total:56/executed:14/from-cache:26/up-to-date:2/no-source:7/skipped:7/fingerprint:af08640256e4ce968a02546a34fd5e7b170359e73fd1255332a0b813d6a2b3f6
buildopt: validating full-graph fallback with --no-daemon and measured scheduling
buildopt: structural profile measurement decision QUALIFIED_EVIDENCE_WRITTEN; review buildopt-structural-evidence.json before evaluation
{
  "schemaVersion": "buildopt.evidence/structural-profile-qualification/v1",
  "evidenceState": "QUALIFIED",
  "capturedAt": "2026-08-12T22:32:04Z",
  "subject": {
    "repositoryId": "spring-projects/spring-framework",
    "repositoryRevision": "1ddf23d53ea5ccea988cc3f1f135670e22ea12ce",
    "pipelineClass": "test-classes"
  },
  "sourceBindings": {
    "manifestSha256": "4585ca6ffff6585bbd453200ac65b12cb00bc4ef44b5309cbc3841138512e0d7",
    "graphSha256": "6ca175d1dceff28fabe5b721fa2b8af736f421fc98735fcd90bbeef88c376c80",
    "generatedManifestSha256": "9c7a12afed7f588b04602b9300b546faceb48b0054e3f383f85cfd0f99a01153",
    "sourceEvidenceSha256": "619fbe12f910ed32fc295a4dfa6f6599c0c2906221e9b73bda97ed13bb42dc75"
  },
  "plan": {
    "alternativeId": "changed-projects",
    "entrypoints": [
      ":spring-jms:testClasses"
    ],
    "fallbackEntrypoints": [
      "testClasses"
    ],
    "requiredOutputs": [
      "spring-jms/build/classes/**"
    ],
    "totalProjectCount": 27,
    "selectedProjectCount": 10,
    "omittedProjectCount": 17,
    "omittedProjectRatio": 0.6296296296296297
  },
  "execution": {
    "candidateSurface": "INSTALLED_BUILDOPT_STRUCTURAL_IMPACT_ONLY",
    "buildoptRevision": "b8fd0f67598af50ee52eb8b11645a877836416db",
    "executableSha256": "565e1787ddcb27e81f5408158818b2e2445af38d0f083251415fb0a022640e87",
    "mechanisms": [
      "BUILD_IMPACT"
    ],
    "gradleOptions": [
      "--daemon",
      "--build-cache",
      "--parallel",
      "--no-configuration-cache",
      "--console=plain",
      "--no-scan",
      "--max-workers=12"
    ],
    "launcherOverheadIncluded": true,
    "warmupsPerArm": 3,
    "controlWarmups": [
      {
        "phase": "CACHE_SEED",
        "durationMs": 254296,
        "logSha256": "17551add4fe43f8a8045840456605866afc48c7774409b67a35ea36a33acfa2c",
        "taskOutcomes": {
          "total": 305,
          "executed": 128,
          "fromCache": 70,
          "upToDate": 23,
          "noSource": 65,
          "skipped": 19,
          "fingerprintSha256": "cf3398efc89473709edcd1b23375dbb6c14e67d359820442e8990d1bb952942b",
          "tasks": [
            {
              "path": ":buildSrc:check",
              "outcome": "UP_TO_DATE"
            },
            {
              "path": ":buildSrc:checkstyleMain",
              "outcome": "FROM_CACHE"
            },
            {
              "path": ":buildSrc:checkstyleTest",
              "outcome": "FROM_CACHE"
            },
            {
              "path": ":buildSrc:classes",
              "outcome": "EXECUTED"
            },
            {
              "path": ":buildSrc:compileGroovy",
              "outcome": "NO_SOURCE"
            },
            {
              "path": ":buildSrc:compileJava",
              "outcome": "FROM_CACHE"
            },
            {
              "path": ":buildSrc:compileTestGroovy",
              "outcome": "NO_SOURCE"
            },
            {
              "path": ":buildSrc:compileTestJava",
              "outcome": "FROM_CACHE"
            },
            {
              "path": ":buildSrc:jar",
              "outcome": "EXECUTED"
            },
            {
              "path": ":buildSrc:pluginDescriptors",
              "outcome": "EXECUTED"
            },
            {
              "path": ":buildSrc:pluginUnderTestMetadata",
              "outcome": "EXECUTED"
            },
            {
              "path": ":buildSrc:processResources",
              "outcome": "EXECUTED"
            },
            {
              "path": ":buildSrc:processTestResources",
              "outcome": "NO_SOURCE"
            },
            {
              "path": ":buildSrc:test",
              "outcome": "FROM_CACHE"
            },
            {
              "path": ":buildSrc:testClasses",
              "outcome": "UP_TO_DATE"
            },
            {
              "path": ":buildSrc:validatePlugins",
              "outcome": "FROM_CACHE"
            },
            {
              "path": ":classes",
              "outcome": "UP_TO_DATE"
            },
            {
              "path": ":compileJava",
              "outcome": "NO_SOURCE"
            },
            {
              "path": ":compileTestFixturesJava",
              "outcome": "NO_SOURCE"
            },
            {
              "path": ":compileTestJava",
              "outcome": "NO_SOURCE"
            },
            {
              "path": ":framework-docs:checkKotlinGradlePluginConfigurationErrors",
              "outcome": "SKIPPED"
            },
            {
              "path": ":framework-docs:classes",
              "outcome": "EXECUTED"
            },
            {
              "path": ":framework-docs:compileJava",
              "outcome": "EXECUTED"
            },
            {
              "path": ":framework-docs:compileKotlin",
              "outcome": "EXECUTED"
            },
            {
              "path": ":framework-docs:compileTestJava",
              "outcome": "NO_SOURCE"
            },
            {
              "path": ":framework-docs:compileTestKotlin",
              "outcome": "NO_SOURCE"
            },
            {
              "path": ":framework-docs:jar",
              "outcome": "SKIPPED"
            },
            {
              "path": ":framework-docs:processResources",
              "outcome": "EXECUTED"
            },
            {
              "path": ":framework-docs:processTestResources",
              "outcome": "NO_SOURCE"
            },
            {
              "path": ":framework-docs:testClasses",
              "outcome": "UP_TO_DATE"
            },
            {
              "path": ":integration-tests:checkKotlinGradlePluginConfigurationErrors",
              "outcome": "SKIPPED"
            },
            {
              "path": ":integration-tests:classes",
              "outcome": "UP_TO_DATE"
            },
            {
              "path": ":integration-tests:compileJava",
              "outcome": "NO_SOURCE"
            },
            {
              "path": ":integration-tests:compileKotlin",
              "outcome": "NO_SOURCE"
            },
            {
              "path": ":integration-tests:compileTestFixturesJava",
              "outcome": "NO_SOURCE"
            },
            {
              "path": ":integration-tests:compileTestFixturesKotlin",
              "outcome": "NO_SOURCE"
            },
            {
              "path": ":integration-tests:compileTestJava",
              "outcome": "FROM_CACHE"
            },
            {
              "path": ":integration-tests:compileTestKotlin",
              "outcome": "FROM_CACHE"
            },
            {
              "path": ":integration-tests:jar",
              "outcome": "EXECUTED"
            },
            {
              "path": ":integration-tests:processResources",
              "outcome": "NO_SOURCE"
            },
            {
              "path": ":integration-tests:processTestFixturesResources",
              "outcome": "NO_SOURCE"
            },
            {
              "path": ":integration-tests:processTestResources",
              "outcome": "EXECUTED"
            },
            {
              "path": ":integration-tests:testClasses",
              "outcome": "EXECUTED"
            },
            {
              "path": ":integration-tests:testFixturesClasses",
              "outcome": "UP_TO_DATE"
            },
            {
              "path": ":integration-tests:testFixturesJar",
              "outcome": "EXECUTED"
            },
            {
              "path": ":jar",
              "outcome": "EXECUTED"
            },
            {
              "path": ":processResources",
              "outcome": "NO_SOURCE"
            },
            {
              "path": ":processTestResources",
              "outcome": "NO_SOURCE"
            },
            {
              "path": ":spring-aop:checkKotlinGradlePluginConfigurationErrors",
              "outcome": "SKIPPED"
            },
            {
              "path": ":spring-aop:classes",
              "outcome": "EXECUTED"
            },
            {
              "path": ":spring-aop:compileJava",
              "outcome": "FROM_CACHE"
            },
            {
              "path": ":spring-aop:compileKotlin",
              "outcome": "NO_SOURCE"
            },
            {
              "path": ":spring-aop:compileTestFixturesJava",
              "outcome": "FROM_CACHE"
            },
            {
              "path": ":spring-aop:compileTestFixturesKotlin",
              "outcome": "NO_SOURCE"
            },
            {
              "path": ":spring-aop:compileTestJava",
              "outcome": "FROM_CACHE"
            },
            {
              "path": ":spring-aop:compileTestKotlin",
              "outcome": "FROM_CACHE"
            },
            {
              "path": ":spring-aop:jar",
              "outcome": "EXECUTED"
            },
            {
              "path": ":spring-aop:processResources",
              "outcome": "EXECUTED"
            },
            {
              "path": ":spring-aop:processTestFixturesResources",
              "outcome": "NO_SOURCE"
            },
            {
              "path": ":spring-aop:processTestResources",
              "outcome": "EXECUTED"
            },
            {
              "path": ":spring-aop:testClasses",
              "outcome": "EXECUTED"
            },
            {
              "path": ":spring-aop:testFixturesClasses",
              "outcome": "UP_TO_DATE"
            },
            {
              "path": ":spring-aop:testFixturesJar",
              "outcome": "EXECUTED"
            },
            {
              "path": ":spring-aspects:classes",
              "outcome": "EXECUTED"
            },
            {
              "path": ":spring-aspects:compileAspectj",
              "outcome": "FROM_CACHE"
            },
            {
              "path": ":spring-aspects:compileJava",
              "outcome": "SKIPPED"
            },
            {
              "path": ":spring-aspects:compileTestAspectj",
              "outcome": "FROM_CACHE"
            },
            {
              "path": ":spring-aspects:compileTestFixturesAspectj",
              "outcome": "NO_SOURCE"
            },
            {
              "path": ":spring-aspects:compileTestFixturesJava",
              "outcome": "SKIPPED"
            },
            {
              "path": ":spring-aspects:compileTestJava",
              "outcome": "SKIPPED"
            },
            {
              "path": ":spring-aspects:processResources",
              "outcome": "EXECUTED"
            },
            {
              "path": ":spring-aspects:processTestResources",
              "outcome": "EXECUTED"
            },
            {
              "path": ":spring-aspects:testClasses",
              "outcome": "EXECUTED"
            },
            {
              "path": ":spring-beans:checkKotlinGradlePluginConfigurationErrors",
              "outcome": "SKIPPED"
            },
            {
              "path": ":spring-beans:classes",
              "outcome": "EXECUTED"
            },
            {
              "path": ":spring-beans:compileJava",
              "outcome": "FROM_CACHE"
            },
            {
              "path": ":spring-beans:compileKotlin",
              "outcome": "FROM_CACHE"
            },
            {
              "path": ":spring-beans:compileTestFixturesJava",
              "outcome": "FROM_CACHE"
            },
            {
              "path": ":spring-beans:compileTestFixturesKotlin",
              "outcome": "FROM_CACHE"
            },
            {
              "path": ":spring-beans:compileTestJava",
              "outcome": "FROM_CACHE"
            },
            {
              "path": ":spring-beans:compileTestKotlin",
              "outcome": "FROM_CACHE"
            },
            {
              "path": ":spring-beans:jar",
              "outcome": "EXECUTED"
            },
            {
              "path": ":spring-beans:processResources",
              "outcome": "EXECUTED"
            },
            {
              "path": ":spring-beans:processTestFixturesResources",
              "outcome": "EXECUTED"
            },
            {
              "path": ":spring-beans:processTestResources",
              "outcome": "EXECUTED"
            },
            {
              "path": ":spring-beans:testClasses",
              "outcome": "EXECUTED"
            },
            {
              "path": ":spring-beans:testFixturesClasses",
              "outcome": "EXECUTED"
            },
            {
              "path": ":spring-beans:testFixturesJar",
              "outcome": "EXECUTED"
            },
            {
              "path": ":spring-context-indexer:compileJava",
              "outcome": "FROM_CACHE"
            },
            {
              "path": ":spring-context-indexer:compileTestFixturesJava",
              "outcome": "NO_SOURCE"
            },
            {
              "path": ":spring-context-indexer:compileTestJava",
              "outcome": "FROM_CACHE"
            },
            {
              "path": ":spring-context-indexer:processTestResources",
              "outcome": "NO_SOURCE"
            },
            {
              "path": ":spring-context-indexer:testClasses",
              "outcome": "UP_TO_DATE"
            },
            {
              "path": ":spring-context-support:compileJava",
              "outcome": "FROM_CACHE"
            },
            {
              "path": ":spring-context-support:compileTestFixturesJava",
              "outcome": "FROM_CACHE"
            },
            {
              "path": ":spring-context-support:compileTestJava",
              "outcome": "FROM_CACHE"
            },
            {
              "path": ":spring-context-support:processTestResources",
              "outcome": "EXECUTED"
            },
            {
              "path": ":spring-context-support:testClasses",
              "outcome": "EXECUTED"
            },
            {
              "path": ":spring-context:checkKotlinGradlePluginConfigurationErrors",
              "outcome": "SKIPPED"
            },
            {
              "path": ":spring-context:classes",
              "outcome": "EXECUTED"
            },
            {
              "path": ":spring-context:compileJava",
              "outcome": "FROM_CACHE"
            },
            {
              "path": ":spring-context:compileKotlin",
              "outcome": "FROM_CACHE"
            },
            {
              "path": ":spring-context:compileTestFixturesJava",
              "outcome": "FROM_CACHE"
            },
            {
              "path": ":spring-context:compileTestFixturesKotlin",
              "outcome": "NO_SOURCE"
            },
            {
              "path": ":spring-context:compileTestJava",
              "outcome": "FROM_CACHE"
            },
            {
              "path": ":spring-context:compileTestKotlin",
              "outcome": "FROM_CACHE"
            },
            {
              "path": ":spring-context:jar",
              "outcome": "EXECUTED"
            },
            {
              "path": ":spring-context:processResources",
              "outcome": "EXECUTED"
            },
            {
              "path": ":spring-context:processTestFixturesResources",
              "outcome": "NO_SOURCE"
            },
            {
              "path": ":spring-context:processTestResources",
              "outcome": "EXECUTED"
            },
            {
              "path": ":spring-context:testClasses",
              "outcome": "EXECUTED"
            },
            {
              "path": ":spring-context:testFixturesClasses",
              "outcome": "UP_TO_DATE"
            },
            {
              "path": ":spring-context:testFixturesJar",
              "outcome": "EXECUTED"
            },
            {
              "path": ":spring-core-test:compileJava",
              "outcome": "FROM_CACHE"
            },
            {
              "path": ":spring-core-test:compileTestFixturesJava",
              "outcome": "NO_SOURCE"
            },
            {
              "path": ":spring-core-test:compileTestJava",
              "outcome": "FROM_CACHE"
            },
            {
              "path": ":spring-core-test:processTestResources",
              "outcome": "EXECUTED"
            },
            {
              "path": ":spring-core-test:testClasses",
              "outcome": "EXECUTED"
            },
            {
              "path": ":spring-core:checkKotlinGradlePluginConfigurationErrors",
              "outcome": "SKIPPED"
            },
            {
              "path": ":spring-core:classes",
              "outcome": "EXECUTED"
            },
            {
              "path": ":spring-core:compileJava",
              "outcome": "FROM_CACHE"
            },
            {
              "path": ":spring-core:compileJava21Java",
              "outcome": "FROM_CACHE"
            },
            {
              "path": ":spring-core:compileJava21Kotlin",
              "outcome": "NO_SOURCE"
            },
            {
              "path": ":spring-core:compileJava24Java",
              "outcome": "FROM_CACHE"
            },
            {
              "path": ":spring-core:compileJava24Kotlin",
              "outcome": "NO_SOURCE"
            },
            {
              "path": ":spring-core:compileKotlin",
              "outcome": "FROM_CACHE"
            },
            {
              "path": ":spring-core:compileTestFixturesJava",
              "outcome": "FROM_CACHE"
            },
            {
              "path": ":spring-core:compileTestFixturesKotlin",
              "outcome": "NO_SOURCE"
            },
            {
              "path": ":spring-core:compileTestJava",
              "outcome": "FROM_CACHE"
            },
            {
              "path": ":spring-core:compileTestKotlin",
              "outcome": "FROM_CACHE"
            },
            {
              "path": ":spring-core:jar",
              "outcome": "EXECUTED"
            },
            {
              "path": ":spring-core:java21Classes",
              "outcome": "UP_TO_DATE"
            },
            {
              "path": ":spring-core:java24Classes",
              "outcome": "UP_TO_DATE"
            },
            {
              "path": ":spring-core:javapoetRepackJar",
              "outcome": "FROM_CACHE"
            },
            {
              "path": ":spring-core:objenesisRepackJar",
              "outcome": "FROM_CACHE"
            },
            {
              "path": ":spring-core:processJava21Resources",
              "outcome": "NO_SOURCE"
            },
            {
              "path": ":spring-core:processJava24Resources",
              "outcome": "NO_SOURCE"
            },
            {
              "path": ":spring-core:processResources",
              "outcome": "EXECUTED"
            },
            {
              "path": ":spring-core:processTestFixturesResources",
              "outcome": "NO_SOURCE"
            },
            {
              "path": ":spring-core:processTestResources",
              "outcome": "EXECUTED"
            },
            {
              "path": ":spring-core:testClasses",
              "outcome": "EXECUTED"
            },
            {
              "path": ":spring-core:testFixturesClasses",
              "outcome": "UP_TO_DATE"
            },
            {
              "path": ":spring-core:testFixturesJar",
              "outcome": "EXECUTED"
            },
            {
              "path": ":spring-expression:checkKotlinGradlePluginConfigurationErrors",
              "outcome": "SKIPPED"
            },
            {
              "path": ":spring-expression:classes",
              "outcome": "UP_TO_DATE"
            },
            {
              "path": ":spring-expression:compileJava",
              "outcome": "FROM_CACHE"
            },
            {
              "path": ":spring-expression:compileKotlin",
              "outcome": "NO_SOURCE"
            },
            {
              "path": ":spring-expression:compileTestFixturesJava",
              "outcome": "NO_SOURCE"
            },
            {
              "path": ":spring-expression:compileTestFixturesKotlin",
              "outcome": "NO_SOURCE"
            },
            {
              "path": ":spring-expression:compileTestJava",
              "outcome": "FROM_CACHE"
            },
            {
              "path": ":spring-expression:compileTestKotlin",
              "outcome": "FROM_CACHE"
            },
            {
              "path": ":spring-expression:jar",
              "outcome": "EXECUTED"
            },
            {
              "path": ":spring-expression:processResources",
              "outcome": "NO_SOURCE"
            },
            {
              "path": ":spring-expression:processTestFixturesResources",
              "outcome": "NO_SOURCE"
            },
            {
              "path": ":spring-expression:processTestResources",
              "outcome": "EXECUTED"
            },
            {
              "path": ":spring-expression:testClasses",
              "outcome": "EXECUTED"
            },
            {
              "path": ":spring-expression:testFixturesClasses",
              "outcome": "UP_TO_DATE"
            },
            {
              "path": ":spring-expression:testFixturesJar",
              "outcome": "EXECUTED"
            },
            {
              "path": ":spring-instrument:compileJava",
              "outcome": "FROM_CACHE"
            },
            {
              "path": ":spring-instrument:compileTestFixturesJava",
              "outcome": "NO_SOURCE"
            },
            {
              "path": ":spring-instrument:compileTestJava",
              "outcome": "NO_SOURCE"
            },
            {
              "path": ":spring-instrument:processTestResources",
              "outcome": "NO_SOURCE"
            },
            {
              "path": ":spring-instrument:testClasses",
              "outcome": "UP_TO_DATE"
            },
            {
              "path": ":spring-jdbc:checkKotlinGradlePluginConfigurationErrors",
              "outcome": "SKIPPED"
            },
            {
              "path": ":spring-jdbc:classes",
              "outcome": "EXECUTED"
            },
            {
              "path": ":spring-jdbc:compileJava",
              "outcome": "FROM_CACHE"
            },
            {
              "path": ":spring-jdbc:compileKotlin",
              "outcome": "FROM_CACHE"
            },
            {
              "path": ":spring-jdbc:compileTestFixturesJava",
              "outcome": "NO_SOURCE"
            },
            {
              "path": ":spring-jdbc:compileTestFixturesKotlin",
              "outcome": "NO_SOURCE"
            },
            {
              "path": ":spring-jdbc:compileTestJava",
              "outcome": "FROM_CACHE"
            },
            {
              "path": ":spring-jdbc:compileTestKotlin",
              "outcome": "FROM_CACHE"
            },
            {
              "path": ":spring-jdbc:jar",
              "outcome": "EXECUTED"
            },
            {
              "path": ":spring-jdbc:processResources",
              "outcome": "EXECUTED"
            },
            {
              "path": ":spring-jdbc:processTestFixturesResources",
              "outcome": "NO_SOURCE"
            },
            {
              "path": ":spring-jdbc:processTestResources",
              "outcome": "EXECUTED"
            },
            {
              "path": ":spring-jdbc:testClasses",
              "outcome": "EXECUTED"
            },
            {
              "path": ":spring-jdbc:testFixturesClasses",
              "outcome": "UP_TO_DATE"
            },
            {
              "path": ":spring-jdbc:testFixturesJar",
              "outcome": "EXECUTED"
            },
            {
              "path": ":spring-jms:compileJava",
              "outcome": "EXECUTED"
            },
            {
              "path": ":spring-jms:compileTestFixturesJava",
              "outcome": "NO_SOURCE"
            },
            {
              "path": ":spring-jms:compileTestJava",
              "outcome": "EXECUTED"
            },
            {
              "path": ":spring-jms:processTestResources",
              "outcome": "EXECUTED"
            },
            {
              "path": ":spring-jms:testClasses",
              "outcome": "EXECUTED"
            },
            {
              "path": ":spring-messaging:checkKotlinGradlePluginConfigurationErrors",
              "outcome": "SKIPPED"
            },
            {
              "path": ":spring-messaging:classes",
              "outcome": "EXECUTED"
            },
            {
              "path": ":spring-messaging:compileJava",
              "outcome": "EXECUTED"
            },
            {
              "path": ":spring-messaging:compileKotlin",
              "outcome": "EXECUTED"
            },
            {
              "path": ":spring-messaging:compileTestFixturesJava",
              "outcome": "NO_SOURCE"
            },
            {
              "path": ":spring-messaging:compileTestFixturesKotlin",
              "outcome": "NO_SOURCE"
            },
            {
              "path": ":spring-messaging:compileTestJava",
              "outcome": "EXECUTED"
            },
            {
              "path": ":spring-messaging:compileTestKotlin",
              "outcome": "EXECUTED"
            },
            {
              "path": ":spring-messaging:jar",
              "outcome": "EXECUTED"
            },
            {
              "path": ":spring-messaging:processResources",
              "outcome": "EXECUTED"
            },
            {
              "path": ":spring-messaging:processTestFixturesResources",
              "outcome": "NO_SOURCE"
            },
            {
              "path": ":spring-messaging:processTestResources",
              "outcome": "EXECUTED"
            },
            {
              "path": ":spring-messaging:testClasses",
              "outcome": "EXECUTED"
            },
            {
              "path": ":spring-messaging:testFixturesClasses",
              "outcome": "UP_TO_DATE"
            },
            {
              "path": ":spring-messaging:testFixturesJar",
              "outcome": "EXECUTED"
            },
            {
              "path": ":spring-orm:compileJava",
              "outcome": "FROM_CACHE"
            },
            {
              "path": ":spring-orm:compileTestFixturesJava",
              "outcome": "NO_SOURCE"
            },
            {
              "path": ":spring-orm:compileTestJava",
              "outcome": "FROM_CACHE"
            },
            {
              "path": ":spring-orm:processTestResources",
              "outcome": "EXECUTED"
            },
            {
              "path": ":spring-orm:testClasses",
              "outcome": "EXECUTED"
            },
            {
              "path": ":spring-oxm:compileJava",
              "outcome": "FROM_CACHE"
            },
            {
              "path": ":spring-oxm:compileTestFixturesJava",
              "outcome": "NO_SOURCE"
            },
            {
              "path": ":spring-oxm:compileTestJava",
              "outcome": "FROM_CACHE"
            },
            {
              "path": ":spring-oxm:processTestResources",
              "outcome": "EXECUTED"
            },
            {
              "path": ":spring-oxm:testClasses",
              "outcome": "EXECUTED"
            },
            {
              "path": ":spring-oxm:xjc",
              "outcome": "FROM_CACHE"
            },
            {
              "path": ":spring-r2dbc:checkKotlinGradlePluginConfigurationErrors",
              "outcome": "SKIPPED"
            },
            {
              "path": ":spring-r2dbc:classes",
              "outcome": "EXECUTED"
            },
            {
              "path": ":spring-r2dbc:compileJava",
              "outcome": "FROM_CACHE"
            },
            {
              "path": ":spring-r2dbc:compileKotlin",
              "outcome": "FROM_CACHE"
            },
            {
              "path": ":spring-r2dbc:compileTestFixturesJava",
              "outcome": "NO_SOURCE"
            },
            {
              "path": ":spring-r2dbc:compileTestFixturesKotlin",
              "outcome": "NO_SOURCE"
            },
            {
              "path": ":spring-r2dbc:compileTestJava",
              "outcome": "FROM_CACHE"
            },
            {
              "path": ":spring-r2dbc:compileTestKotlin",
              "outcome": "FROM_CACHE"
            },
            {
              "path": ":spring-r2dbc:jar",
              "outcome": "EXECUTED"
            },
            {
              "path": ":spring-r2dbc:processResources",
              "outcome": "EXECUTED"
            },
            {
              "path": ":spring-r2dbc:processTestFixturesResources",
              "outcome": "NO_SOURCE"
            },
            {
              "path": ":spring-r2dbc:processTestResources",
              "outcome": "EXECUTED"
            },
            {
              "path": ":spring-r2dbc:testClasses",
              "outcome": "EXECUTED"
            },
            {
              "path": ":spring-r2dbc:testFixturesClasses",
              "outcome": "UP_TO_DATE"
            },
            {
              "path": ":spring-r2dbc:testFixturesJar",
              "outcome": "EXECUTED"
            },
            {
              "path": ":spring-test:checkKotlinGradlePluginConfigurationErrors",
              "outcome": "SKIPPED"
            },
            {
              "path": ":spring-test:classes",
              "outcome": "EXECUTED"
            },
            {
              "path": ":spring-test:compileJava",
              "outcome": "FROM_CACHE"
            },
            {
              "path": ":spring-test:compileKotlin",
              "outcome": "FROM_CACHE"
            },
            {
              "path": ":spring-test:compileTestFixturesJava",
              "outcome": "NO_SOURCE"
            },
            {
              "path": ":spring-test:compileTestFixturesKotlin",
              "outcome": "NO_SOURCE"
            },
            {
              "path": ":spring-test:compileTestJava",
              "outcome": "EXECUTED"
            },
            {
              "path": ":spring-test:compileTestKotlin",
              "outcome": "EXECUTED"
            },
            {
              "path": ":spring-test:jar",
              "outcome": "EXECUTED"
            },
            {
              "path": ":spring-test:processResources",
              "outcome": "EXECUTED"
            },
            {
              "path": ":spring-test:processTestFixturesResources",
              "outcome": "NO_SOURCE"
            },
            {
              "path": ":spring-test:processTestResources",
              "outcome": "EXECUTED"
            },
            {
              "path": ":spring-test:testClasses",
              "outcome": "EXECUTED"
            },
            {
              "path": ":spring-test:testFixturesClasses",
              "outcome": "UP_TO_DATE"
            },
            {
              "path": ":spring-test:testFixturesJar",
              "outcome": "EXECUTED"
            },
            {
              "path": ":spring-tx:checkKotlinGradlePluginConfigurationErrors",
              "outcome": "SKIPPED"
            },
            {
              "path": ":spring-tx:classes",
              "outcome": "EXECUTED"
            },
            {
              "path": ":spring-tx:compileJava",
              "outcome": "FROM_CACHE"
            },
            {
              "path": ":spring-tx:compileKotlin",
              "outcome": "FROM_CACHE"
            },
            {
              "path": ":spring-tx:compileTestFixturesJava",
              "outcome": "FROM_CACHE"
            },
            {
              "path": ":spring-tx:compileTestFixturesKotlin",
              "outcome": "NO_SOURCE"
            },
            {
              "path": ":spring-tx:compileTestJava",
              "outcome": "FROM_CACHE"
            },
            {
              "path": ":spring-tx:compileTestKotlin",
              "outcome": "FROM_CACHE"
            },
            {
              "path": ":spring-tx:jar",
              "outcome": "EXECUTED"
            },
            {
              "path": ":spring-tx:processResources",
              "outcome": "EXECUTED"
            },
            {
              "path": ":spring-tx:processTestFixturesResources",
              "outcome": "NO_SOURCE"
            },
            {
              "path": ":spring-tx:processTestResources",
              "outcome": "EXECUTED"
            },
            {
              "path": ":spring-tx:testClasses",
              "outcome": "EXECUTED"
            },
            {
              "path": ":spring-tx:testFixturesClasses",
              "outcome": "UP_TO_DATE"
            },
            {
              "path": ":spring-tx:testFixturesJar",
              "outcome": "EXECUTED"
            },
            {
              "path": ":spring-web:checkKotlinGradlePluginConfigurationErrors",
              "outcome": "SKIPPED"
            },
            {
              "path": ":spring-web:classes",
              "outcome": "EXECUTED"
            },
            {
              "path": ":spring-web:compileJava",
              "outcome": "EXECUTED"
            },
            {
              "path": ":spring-web:compileKotlin",
              "outcome": "EXECUTED"
            },
            {
              "path": ":spring-web:compileTestFixturesJava",
              "outcome": "EXECUTED"
            },
            {
              "path": ":spring-web:compileTestFixturesKotlin",
              "outcome": "NO_SOURCE"
            },
            {
              "path": ":spring-web:compileTestJava",
              "outcome": "EXECUTED"
            },
            {
              "path": ":spring-web:compileTestKotlin",
              "outcome": "EXECUTED"
            },
            {
              "path": ":spring-web:jar",
              "outcome": "EXECUTED"
            },
            {
              "path": ":spring-web:processResources",
              "outcome": "EXECUTED"
            },
            {
              "path": ":spring-web:processTestFixturesResources",
              "outcome": "EXECUTED"
            },
            {
              "path": ":spring-web:processTestResources",
              "outcome": "EXECUTED"
            },
            {
              "path": ":spring-web:testClasses",
              "outcome": "EXECUTED"
            },
            {
              "path": ":spring-web:testFixturesClasses",
              "outcome": "EXECUTED"
            },
            {
              "path": ":spring-web:testFixturesJar",
              "outcome": "EXECUTED"
            },
            {
              "path": ":spring-webflux:checkKotlinGradlePluginConfigurationErrors",
              "outcome": "SKIPPED"
            },
            {
              "path": ":spring-webflux:classes",
              "outcome": "EXECUTED"
            },
            {
              "path": ":spring-webflux:compileJava",
              "outcome": "EXECUTED"
            },
            {
              "path": ":spring-webflux:compileKotlin",
              "outcome": "EXECUTED"
            },
            {
              "path": ":spring-webflux:compileTestFixturesJava",
              "outcome": "NO_SOURCE"
            },
            {
              "path": ":spring-webflux:compileTestFixturesKotlin",
              "outcome": "NO_SOURCE"
            },
            {
              "path": ":spring-webflux:compileTestJava",
              "outcome": "EXECUTED"
            },
            {
              "path": ":spring-webflux:compileTestKotlin",
              "outcome": "EXECUTED"
            },
            {
              "path": ":spring-webflux:jar",
              "outcome": "EXECUTED"
            },
            {
              "path": ":spring-webflux:processResources",
              "outcome": "EXECUTED"
            },
            {
              "path": ":spring-webflux:processTestFixturesResources",
              "outcome": "NO_SOURCE"
            },
            {
              "path": ":spring-webflux:processTestResources",
              "outcome": "EXECUTED"
            },
            {
              "path": ":spring-webflux:testClasses",
              "outcome": "EXECUTED"
            },
            {
              "path": ":spring-webflux:testFixturesClasses",
              "outcome": "UP_TO_DATE"
            },
            {
              "path": ":spring-webflux:testFixturesJar",
              "outcome": "EXECUTED"
            },
            {
              "path": ":spring-webmvc:checkKotlinGradlePluginConfigurationErrors",
              "outcome": "SKIPPED"
            },
            {
              "path": ":spring-webmvc:classes",
              "outcome": "EXECUTED"
            },
            {
              "path": ":spring-webmvc:compileJava",
              "outcome": "FROM_CACHE"
            },
            {
              "path": ":spring-webmvc:compileKotlin",
              "outcome": "FROM_CACHE"
            },
            {
              "path": ":spring-webmvc:compileTestFixturesJava",
              "outcome": "NO_SOURCE"
            },
            {
              "path": ":spring-webmvc:compileTestFixturesKotlin",
              "outcome": "NO_SOURCE"
            },
            {
              "path": ":spring-webmvc:compileTestJava",
              "outcome": "FROM_CACHE"
            },
            {
              "path": ":spring-webmvc:compileTestKotlin",
              "outcome": "FROM_CACHE"
            },
            {
              "path": ":spring-webmvc:jar",
              "outcome": "EXECUTED"
            },
            {
              "path": ":spring-webmvc:processResources",
              "outcome": "EXECUTED"
            },
            {
              "path": ":spring-webmvc:processTestFixturesResources",
              "outcome": "NO_SOURCE"
            },
            {
              "path": ":spring-webmvc:processTestResources",
              "outcome": "EXECUTED"
            },
            {
              "path": ":spring-webmvc:testClasses",
              "outcome": "EXECUTED"
            },
            {
              "path": ":spring-webmvc:testFixturesClasses",
              "outcome": "UP_TO_DATE"
            },
            {
              "path": ":spring-webmvc:testFixturesJar",
              "outcome": "EXECUTED"
            },
            {
              "path": ":spring-websocket:compileJava",
              "outcome": "FROM_CACHE"
            },
            {
              "path": ":spring-websocket:compileTestFixturesJava",
              "outcome": "NO_SOURCE"
            },
            {
              "path": ":spring-websocket:compileTestJava",
              "outcome": "EXECUTED"
            },
            {
              "path": ":spring-websocket:processTestResources",
              "outcome": "EXECUTED"
            },
            {
              "path": ":spring-websocket:testClasses",
              "outcome": "EXECUTED"
            },
            {
              "path": ":testClasses",
              "outcome": "UP_TO_DATE"
            }
          ]
        },
        "hostPressure": {
          "available": true,
          "cpuSomeTotalUs": 19995844,
          "memorySomeTotalUs": 9334,
          "memoryFullTotalUs": 8126,
          "ioSomeTotalUs": 149720789,
          "ioFullTotalUs": 77533948
        }
      },
      {
        "phase": "BASE_DAEMON_STABILIZATION",
        "durationMs": 16010,
        "logSha256": "4ec2133c14b6748e924ffb614581bffa78bc1533bb461e645900150c6b4e7333",
        "taskOutcomes": {
          "total": 305,
          "executed": 108,
          "fromCache": 90,
          "upToDate": 23,
          "noSource": 65,
          "skipped": 19,
          "fingerprintSha256": "1394115c8e91572561c1f22f40b0192ebabe7f68f0d755aae33167b9d14747d2",
          "tasks": [
            {
              "path": ":buildSrc:check",
              "outcome": "UP_TO_DATE"
            },
            {
              "path": ":buildSrc:checkstyleMain",
              "outcome": "FROM_CACHE"
            },
            {
              "path": ":buildSrc:checkstyleTest",
              "outcome": "FROM_CACHE"
            },
            {
              "path": ":buildSrc:classes",
              "outcome": "EXECUTED"
            },
            {
              "path": ":buildSrc:compileGroovy",
              "outcome": "NO_SOURCE"
            },
            {
              "path": ":buildSrc:compileJava",
              "outcome": "FROM_CACHE"
            },
            {
              "path": ":buildSrc:compileTestGroovy",
              "outcome": "NO_SOURCE"
            },
            {
              "path": ":buildSrc:compileTestJava",
              "outcome": "FROM_CACHE"
            },
            {
              "path": ":buildSrc:jar",
              "outcome": "EXECUTED"
            },
            {
              "path": ":buildSrc:pluginDescriptors",
              "outcome": "EXECUTED"
            },
            {
              "path": ":buildSrc:pluginUnderTestMetadata",
              "outcome": "EXECUTED"
            },
            {
              "path": ":buildSrc:processResources",
              "outcome": "EXECUTED"
            },
            {
              "path": ":buildSrc:processTestResources",
              "outcome": "NO_SOURCE"
            },
            {
              "path": ":buildSrc:test",
              "outcome": "FROM_CACHE"
            },
            {
              "path": ":buildSrc:testClasses",
              "outcome": "UP_TO_DATE"
            },
            {
              "path": ":buildSrc:validatePlugins",
              "outcome": "FROM_CACHE"
            },
            {
              "path": ":classes",
              "outcome": "UP_TO_DATE"
            },
            {
              "path": ":compileJava",
              "outcome": "NO_SOURCE"
            },
            {
              "path": ":compileTestFixturesJava",
              "outcome": "NO_SOURCE"
            },
            {
              "path": ":compileTestJava",
              "outcome": "NO_SOURCE"
            },
            {
              "path": ":framework-docs:checkKotlinGradlePluginConfigurationErrors",
              "outcome": "SKIPPED"
            },
            {
              "path": ":framework-docs:classes",
              "outcome": "EXECUTED"
            },
            {
              "path": ":framework-docs:compileJava",
              "outcome": "FROM_CACHE"
            },
            {
              "path": ":framework-docs:compileKotlin",
              "outcome": "FROM_CACHE"
            },
            {
              "path": ":framework-docs:compileTestJava",
              "outcome": "NO_SOURCE"
            },
            {
              "path": ":framework-docs:compileTestKotlin",
              "outcome": "NO_SOURCE"
            },
            {
              "path": ":framework-docs:jar",
              "outcome": "SKIPPED"
            },
            {
              "path": ":framework-docs:processResources",
              "outcome": "EXECUTED"
            },
            {
              "path": ":framework-docs:processTestResources",
              "outcome": "NO_SOURCE"
            },
            {
              "path": ":framework-docs:testClasses",
              "outcome": "UP_TO_DATE"
            },
            {
              "path": ":integration-tests:checkKotlinGradlePluginConfigurationErrors",
              "outcome": "SKIPPED"
            },
            {
              "path": ":integration-tests:classes",
              "outcome": "UP_TO_DATE"
            },
            {
              "path": ":integration-tests:compileJava",
              "outcome": "NO_SOURCE"
            },
            {
              "path": ":integration-tests:compileKotlin",
              "outcome": "NO_SOURCE"
            },
            {
              "path": ":integration-tests:compileTestFixturesJava",
              "outcome": "NO_SOURCE"
            },
            {
              "path": ":integration-tests:compileTestFixturesKotlin",
              "outcome": "NO_SOURCE"
            },
            {
              "path": ":integration-tests:compileTestJava",
              "outcome": "FROM_CACHE"
            },
            {
              "path": ":integration-tests:compileTestKotlin",
              "outcome": "FROM_CACHE"
            },
            {
              "path": ":integration-tests:jar",
              "outcome": "EXECUTED"
            },
            {
              "path": ":integration-tests:processResources",
              "outcome": "NO_SOURCE"
            },
            {
              "path": ":integration-tests:processTestFixturesResources",
              "outcome": "NO_SOURCE"
            },
            {
              "path": ":integration-tests:processTestResources",
              "outcome": "EXECUTED"
            },
            {
              "path": ":integration-tests:testClasses",
              "outcome": "EXECUTED"
            },
            {
              "path": ":integration-tests:testFixturesClasses",
              "outcome": "UP_TO_DATE"
            },
            {
              "path": ":integration-tests:testFixturesJar",
              "outcome": "EXECUTED"
            },
            {
              "path": ":jar",
              "outcome": "EXECUTED"
            },
            {
              "path": ":processResources",
              "outcome": "NO_SOURCE"
            },
            {
              "path": ":processTestResources",
              "outcome": "NO_SOURCE"
            },
            {
              "path": ":spring-aop:checkKotlinGradlePluginConfigurationErrors",
              "outcome": "SKIPPED"
            },
            {
              "path": ":spring-aop:classes",
              "outcome": "EXECUTED"
            },
            {
              "path": ":spring-aop:compileJava",
              "outcome": "FROM_CACHE"
            },
            {
              "path": ":spring-aop:compileKotlin",
              "outcome": "NO_SOURCE"
            },
            {
              "path": ":spring-aop:compileTestFixturesJava",
              "outcome": "FROM_CACHE"
            },
            {
              "path": ":spring-aop:compileTestFixturesKotlin",
              "outcome": "NO_SOURCE"
            },
            {
              "path": ":spring-aop:compileTestJava",
              "outcome": "FROM_CACHE"
            },
            {
              "path": ":spring-aop:compileTestKotlin",
              "outcome": "FROM_CACHE"
            },
            {
              "path": ":spring-aop:jar",
              "outcome": "EXECUTED"
            },
            {
              "path": ":spring-aop:processResources",
              "outcome": "EXECUTED"
            },
            {
              "path": ":spring-aop:processTestFixturesResources",
              "outcome": "NO_SOURCE"
            },
            {
              "path": ":spring-aop:processTestResources",
              "outcome": "EXECUTED"
            },
            {
              "path": ":spring-aop:testClasses",
              "outcome": "EXECUTED"
            },
            {
              "path": ":spring-aop:testFixturesClasses",
              "outcome": "UP_TO_DATE"
            },
            {
              "path": ":spring-aop:testFixturesJar",
              "outcome": "EXECUTED"
            },
            {
              "path": ":spring-aspects:classes",
              "outcome": "EXECUTED"
            },
            {
              "path": ":spring-aspects:compileAspectj",
              "outcome": "FROM_CACHE"
            },
            {
              "path": ":spring-aspects:compileJava",
              "outcome": "SKIPPED"
            },
            {
              "path": ":spring-aspects:compileTestAspectj",
              "outcome": "FROM_CACHE"
            },
            {
              "path": ":spring-aspects:compileTestFixturesAspectj",
              "outcome": "NO_SOURCE"
            },
            {
              "path": ":spring-aspects:compileTestFixturesJava",
              "outcome": "SKIPPED"
            },
            {
              "path": ":spring-aspects:compileTestJava",
              "outcome": "SKIPPED"
            },
            {
              "path": ":spring-aspects:processResources",
              "outcome": "EXECUTED"
            },
            {
              "path": ":spring-aspects:processTestResources",
              "outcome": "EXECUTED"
            },
            {
              "path": ":spring-aspects:testClasses",
              "outcome": "EXECUTED"
            },
            {
              "path": ":spring-beans:checkKotlinGradlePluginConfigurationErrors",
              "outcome": "SKIPPED"
            },
            {
              "path": ":spring-beans:classes",
              "outcome": "EXECUTED"
            },
            {
              "path": ":spring-beans:compileJava",
              "outcome": "FROM_CACHE"
            },
            {
              "path": ":spring-beans:compileKotlin",
              "outcome": "FROM_CACHE"
            },
            {
              "path": ":spring-beans:compileTestFixturesJava",
              "outcome": "FROM_CACHE"
            },
            {
              "path": ":spring-beans:compileTestFixturesKotlin",
              "outcome": "FROM_CACHE"
            },
            {
              "path": ":spring-beans:compileTestJava",
              "outcome": "FROM_CACHE"
            },
            {
              "path": ":spring-beans:compileTestKotlin",
              "outcome": "FROM_CACHE"
            },
            {
              "path": ":spring-beans:jar",
              "outcome": "EXECUTED"
            },
            {
              "path": ":spring-beans:processResources",
              "outcome": "EXECUTED"
            },
            {
              "path": ":spring-beans:processTestFixturesResources",
              "outcome": "EXECUTED"
            },
            {
              "path": ":spring-beans:processTestResources",
              "outcome": "EXECUTED"
            },
            {
              "path": ":spring-beans:testClasses",
              "outcome": "EXECUTED"
            },
            {
              "path": ":spring-beans:testFixturesClasses",
              "outcome": "EXECUTED"
            },
            {
              "path": ":spring-beans:testFixturesJar",
              "outcome": "EXECUTED"
            },
            {
              "path": ":spring-context-indexer:compileJava",
              "outcome": "FROM_CACHE"
            },
            {
              "path": ":spring-context-indexer:compileTestFixturesJava",
              "outcome": "NO_SOURCE"
            },
            {
              "path": ":spring-context-indexer:compileTestJava",
              "outcome": "FROM_CACHE"
            },
            {
              "path": ":spring-context-indexer:processTestResources",
              "outcome": "NO_SOURCE"
            },
            {
              "path": ":spring-context-indexer:testClasses",
              "outcome": "UP_TO_DATE"
            },
            {
              "path": ":spring-context-support:compileJava",
              "outcome": "FROM_CACHE"
            },
            {
              "path": ":spring-context-support:compileTestFixturesJava",
              "outcome": "FROM_CACHE"
            },
            {
              "path": ":spring-context-support:compileTestJava",
              "outcome": "FROM_CACHE"
            },
            {
              "path": ":spring-context-support:processTestResources",
              "outcome": "EXECUTED"
            },
            {
              "path": ":spring-context-support:testClasses",
              "outcome": "EXECUTED"
            },
            {
              "path": ":spring-context:checkKotlinGradlePluginConfigurationErrors",
              "outcome": "SKIPPED"
            },
            {
              "path": ":spring-context:classes",
              "outcome": "EXECUTED"
            },
            {
              "path": ":spring-context:compileJava",
              "outcome": "FROM_CACHE"
            },
            {
              "path": ":spring-context:compileKotlin",
              "outcome": "FROM_CACHE"
            },
            {
              "path": ":spring-context:compileTestFixturesJava",
              "outcome": "FROM_CACHE"
            },
            {
              "path": ":spring-context:compileTestFixturesKotlin",
              "outcome": "NO_SOURCE"
            },
            {
              "path": ":spring-context:compileTestJava",
              "outcome": "FROM_CACHE"
            },
            {
              "path": ":spring-context:compileTestKotlin",
              "outcome": "FROM_CACHE"
            },
            {
              "path": ":spring-context:jar",
              "outcome": "EXECUTED"
            },
            {
              "path": ":spring-context:processResources",
              "outcome": "EXECUTED"
            },
            {
              "path": ":spring-context:processTestFixturesResources",
              "outcome": "NO_SOURCE"
            },
            {
              "path": ":spring-context:processTestResources",
              "outcome": "EXECUTED"
            },
            {
              "path": ":spring-context:testClasses",
              "outcome": "EXECUTED"
            },
            {
              "path": ":spring-context:testFixturesClasses",
              "outcome": "UP_TO_DATE"
            },
            {
              "path": ":spring-context:testFixturesJar",
              "outcome": "EXECUTED"
            },
            {
              "path": ":spring-core-test:compileJava",
              "outcome": "FROM_CACHE"
            },
            {
              "path": ":spring-core-test:compileTestFixturesJava",
              "outcome": "NO_SOURCE"
            },
            {
              "path": ":spring-core-test:compileTestJava",
              "outcome": "FROM_CACHE"
            },
            {
              "path": ":spring-core-test:processTestResources",
              "outcome": "EXECUTED"
            },
            {
              "path": ":spring-core-test:testClasses",
              "outcome": "EXECUTED"
            },
            {
              "path": ":spring-core:checkKotlinGradlePluginConfigurationErrors",
              "outcome": "SKIPPED"
            },
            {
              "path": ":spring-core:classes",
              "outcome": "EXECUTED"
            },
            {
              "path": ":spring-core:compileJava",
              "outcome": "FROM_CACHE"
            },
            {
              "path": ":spring-core:compileJava21Java",
              "outcome": "FROM_CACHE"
            },
            {
              "path": ":spring-core:compileJava21Kotlin",
              "outcome": "NO_SOURCE"
            },
            {
              "path": ":spring-core:compileJava24Java",
              "outcome": "FROM_CACHE"
            },
            {
              "path": ":spring-core:compileJava24Kotlin",
              "outcome": "NO_SOURCE"
            },
            {
              "path": ":spring-core:compileKotlin",
              "outcome": "FROM_CACHE"
            },
            {
              "path": ":spring-core:compileTestFixturesJava",
              "outcome": "FROM_CACHE"
            },
            {
              "path": ":spring-core:compileTestFixturesKotlin",
              "outcome": "NO_SOURCE"
            },
            {
              "path": ":spring-core:compileTestJava",
              "outcome": "FROM_CACHE"
            },
            {
              "path": ":spring-core:compileTestKotlin",
              "outcome": "FROM_CACHE"
            },
            {
              "path": ":spring-core:jar",
              "outcome": "EXECUTED"
            },
            {
              "path": ":spring-core:java21Classes",
              "outcome": "UP_TO_DATE"
            },
            {
              "path": ":spring-core:java24Classes",
              "outcome": "UP_TO_DATE"
            },
            {
              "path": ":spring-core:javapoetRepackJar",
              "outcome": "FROM_CACHE"
            },
            {
              "path": ":spring-core:objenesisRepackJar",
              "outcome": "FROM_CACHE"
            },
            {
              "path": ":spring-core:processJava21Resources",
              "outcome": "NO_SOURCE"
            },
            {
              "path": ":spring-core:processJava24Resources",
              "outcome": "NO_SOURCE"
            },
            {
              "path": ":spring-core:processResources",
              "outcome": "EXECUTED"
            },
            {
              "path": ":spring-core:processTestFixturesResources",
              "outcome": "NO_SOURCE"
            },
            {
              "path": ":spring-core:processTestResources",
              "outcome": "EXECUTED"
            },
            {
              "path": ":spring-core:testClasses",
              "outcome": "EXECUTED"
            },
            {
              "path": ":spring-core:testFixturesClasses",
              "outcome": "UP_TO_DATE"
            },
            {
              "path": ":spring-core:testFixturesJar",
              "outcome": "EXECUTED"
            },
            {
              "path": ":spring-expression:checkKotlinGradlePluginConfigurationErrors",
              "outcome": "SKIPPED"
            },
            {
              "path": ":spring-expression:classes",
              "outcome": "UP_TO_DATE"
            },
            {
              "path": ":spring-expression:compileJava",
              "outcome": "FROM_CACHE"
            },
            {
              "path": ":spring-expression:compileKotlin",
              "outcome": "NO_SOURCE"
            },
            {
              "path": ":spring-expression:compileTestFixturesJava",
              "outcome": "NO_SOURCE"
            },
            {
              "path": ":spring-expression:compileTestFixturesKotlin",
              "outcome": "NO_SOURCE"
            },
            {
              "path": ":spring-expression:compileTestJava",
              "outcome": "FROM_CACHE"
            },
            {
              "path": ":spring-expression:compileTestKotlin",
              "outcome": "FROM_CACHE"
            },
            {
              "path": ":spring-expression:jar",
              "outcome": "EXECUTED"
            },
            {
              "path": ":spring-expression:processResources",
              "outcome": "NO_SOURCE"
            },
            {
              "path": ":spring-expression:processTestFixturesResources",
              "outcome": "NO_SOURCE"
            },
            {
              "path": ":spring-expression:processTestResources",
              "outcome": "EXECUTED"
            },
            {
              "path": ":spring-expression:testClasses",
              "outcome": "EXECUTED"
            },
            {
              "path": ":spring-expression:testFixturesClasses",
              "outcome": "UP_TO_DATE"
            },
            {
              "path": ":spring-expression:testFixturesJar",
              "outcome": "EXECUTED"
            },
            {
              "path": ":spring-instrument:compileJava",
              "outcome": "FROM_CACHE"
            },
            {
              "path": ":spring-instrument:compileTestFixturesJava",
              "outcome": "NO_SOURCE"
            },
            {
              "path": ":spring-instrument:compileTestJava",
              "outcome": "NO_SOURCE"
            },
            {
              "path": ":spring-instrument:processTestResources",
              "outcome": "NO_SOURCE"
            },
            {
              "path": ":spring-instrument:testClasses",
              "outcome": "UP_TO_DATE"
            },
            {
              "path": ":spring-jdbc:checkKotlinGradlePluginConfigurationErrors",
              "outcome": "SKIPPED"
            },
            {
              "path": ":spring-jdbc:classes",
              "outcome": "EXECUTED"
            },
            {
              "path": ":spring-jdbc:compileJava",
              "outcome": "FROM_CACHE"
            },
            {
              "path": ":spring-jdbc:compileKotlin",
              "outcome": "FROM_CACHE"
            },
            {
              "path": ":spring-jdbc:compileTestFixturesJava",
              "outcome": "NO_SOURCE"
            },
            {
              "path": ":spring-jdbc:compileTestFixturesKotlin",
              "outcome": "NO_SOURCE"
            },
            {
              "path": ":spring-jdbc:compileTestJava",
              "outcome": "FROM_CACHE"
            },
            {
              "path": ":spring-jdbc:compileTestKotlin",
              "outcome": "FROM_CACHE"
            },
            {
              "path": ":spring-jdbc:jar",
              "outcome": "EXECUTED"
            },
            {
              "path": ":spring-jdbc:processResources",
              "outcome": "EXECUTED"
            },
            {
              "path": ":spring-jdbc:processTestFixturesResources",
              "outcome": "NO_SOURCE"
            },
            {
              "path": ":spring-jdbc:processTestResources",
              "outcome": "EXECUTED"
            },
            {
              "path": ":spring-jdbc:testClasses",
              "outcome": "EXECUTED"
            },
            {
              "path": ":spring-jdbc:testFixturesClasses",
              "outcome": "UP_TO_DATE"
            },
            {
              "path": ":spring-jdbc:testFixturesJar",
              "outcome": "EXECUTED"
            },
            {
              "path": ":spring-jms:compileJava",
              "outcome": "FROM_CACHE"
            },
            {
              "path": ":spring-jms:compileTestFixturesJava",
              "outcome": "NO_SOURCE"
            },
            {
              "path": ":spring-jms:compileTestJava",
              "outcome": "FROM_CACHE"
            },
            {
              "path": ":spring-jms:processTestResources",
              "outcome": "EXECUTED"
            },
            {
              "path": ":spring-jms:testClasses",
              "outcome": "EXECUTED"
            },
            {
              "path": ":spring-messaging:checkKotlinGradlePluginConfigurationErrors",
              "outcome": "SKIPPED"
            },
            {
              "path": ":spring-messaging:classes",
              "outcome": "EXECUTED"
            },
            {
              "path": ":spring-messaging:compileJava",
              "outcome": "FROM_CACHE"
            },
            {
              "path": ":spring-messaging:compileKotlin",
              "outcome": "FROM_CACHE"
            },
            {
              "path": ":spring-messaging:compileTestFixturesJava",
              "outcome": "NO_SOURCE"
            },
            {
              "path": ":spring-messaging:compileTestFixturesKotlin",
              "outcome": "NO_SOURCE"
            },
            {
              "path": ":spring-messaging:compileTestJava",
              "outcome": "FROM_CACHE"
            },
            {
              "path": ":spring-messaging:compileTestKotlin",
              "outcome": "FROM_CACHE"
            },
            {
              "path": ":spring-messaging:jar",
              "outcome": "EXECUTED"
            },
            {
              "path": ":spring-messaging:processResources",
              "outcome": "EXECUTED"
            },
            {
              "path": ":spring-messaging:processTestFixturesResources",
              "outcome": "NO_SOURCE"
            },
            {
              "path": ":spring-messaging:processTestResources",
              "outcome": "EXECUTED"
            },
            {
              "path": ":spring-messaging:testClasses",
              "outcome": "EXECUTED"
            },
            {
              "path": ":spring-messaging:testFixturesClasses",
              "outcome": "UP_TO_DATE"
            },
            {
              "path": ":spring-messaging:testFixturesJar",
              "outcome": "EXECUTED"
            },
            {
              "path": ":spring-orm:compileJava",
              "outcome": "FROM_CACHE"
            },
            {
              "path": ":spring-orm:compileTestFixturesJava",
              "outcome": "NO_SOURCE"
            },
            {
              "path": ":spring-orm:compileTestJava",
              "outcome": "FROM_CACHE"
            },
            {
              "path": ":spring-orm:processTestResources",
              "outcome": "EXECUTED"
            },
            {
              "path": ":spring-orm:testClasses",
              "outcome": "EXECUTED"
            },
            {
              "path": ":spring-oxm:compileJava",
              "outcome": "FROM_CACHE"
            },
            {
              "path": ":spring-oxm:compileTestFixturesJava",
              "outcome": "NO_SOURCE"
            },
            {
              "path": ":spring-oxm:compileTestJava",
              "outcome": "FROM_CACHE"
            },
            {
              "path": ":spring-oxm:processTestResources",
              "outcome": "EXECUTED"
            },
            {
              "path": ":spring-oxm:testClasses",
              "outcome": "EXECUTED"
            },
            {
              "path": ":spring-oxm:xjc",
              "outcome": "FROM_CACHE"
            },
            {
              "path": ":spring-r2dbc:checkKotlinGradlePluginConfigurationErrors",
              "outcome": "SKIPPED"
            },
            {
              "path": ":spring-r2dbc:classes",
              "outcome": "EXECUTED"
            },
            {
              "path": ":spring-r2dbc:compileJava",
              "outcome": "FROM_CACHE"
            },
            {
              "path": ":spring-r2dbc:compileKotlin",
              "outcome": "FROM_CACHE"
            },
            {
              "path": ":spring-r2dbc:compileTestFixturesJava",
              "outcome": "NO_SOURCE"
            },
            {
              "path": ":spring-r2dbc:compileTestFixturesKotlin",
              "outcome": "NO_SOURCE"
            },
            {
              "path": ":spring-r2dbc:compileTestJava",
              "outcome": "FROM_CACHE"
            },
            {
              "path": ":spring-r2dbc:compileTestKotlin",
              "outcome": "FROM_CACHE"
            },
            {
              "path": ":spring-r2dbc:jar",
              "outcome": "EXECUTED"
            },
            {
              "path": ":spring-r2dbc:processResources",
              "outcome": "EXECUTED"
            },
            {
              "path": ":spring-r2dbc:processTestFixturesResources",
              "outcome": "NO_SOURCE"
            },
            {
              "path": ":spring-r2dbc:processTestResources",
              "outcome": "EXECUTED"
            },
            {
              "path": ":spring-r2dbc:testClasses",
              "outcome": "EXECUTED"
            },
            {
              "path": ":spring-r2dbc:testFixturesClasses",
              "outcome": "UP_TO_DATE"
            },
            {
              "path": ":spring-r2dbc:testFixturesJar",
              "outcome": "EXECUTED"
            },
            {
              "path": ":spring-test:checkKotlinGradlePluginConfigurationErrors",
              "outcome": "SKIPPED"
            },
            {
              "path": ":spring-test:classes",
              "outcome": "EXECUTED"
            },
            {
              "path": ":spring-test:compileJava",
              "outcome": "FROM_CACHE"
            },
            {
              "path": ":spring-test:compileKotlin",
              "outcome": "FROM_CACHE"
            },
            {
              "path": ":spring-test:compileTestFixturesJava",
              "outcome": "NO_SOURCE"
            },
            {
              "path": ":spring-test:compileTestFixturesKotlin",
              "outcome": "NO_SOURCE"
            },
            {
              "path": ":spring-test:compileTestJava",
              "outcome": "FROM_CACHE"
            },
            {
              "path": ":spring-test:compileTestKotlin",
              "outcome": "FROM_CACHE"
            },
            {
              "path": ":spring-test:jar",
              "outcome": "EXECUTED"
            },
            {
              "path": ":spring-test:processResources",
              "outcome": "EXECUTED"
            },
            {
              "path": ":spring-test:processTestFixturesResources",
              "outcome": "NO_SOURCE"
            },
            {
              "path": ":spring-test:processTestResources",
              "outcome": "EXECUTED"
            },
            {
              "path": ":spring-test:testClasses",
              "outcome": "EXECUTED"
            },
            {
              "path": ":spring-test:testFixturesClasses",
              "outcome": "UP_TO_DATE"
            },
            {
              "path": ":spring-test:testFixturesJar",
              "outcome": "EXECUTED"
            },
            {
              "path": ":spring-tx:checkKotlinGradlePluginConfigurationErrors",
              "outcome": "SKIPPED"
            },
            {
              "path": ":spring-tx:classes",
              "outcome": "EXECUTED"
            },
            {
              "path": ":spring-tx:compileJava",
              "outcome": "FROM_CACHE"
            },
            {
              "path": ":spring-tx:compileKotlin",
              "outcome": "FROM_CACHE"
            },
            {
              "path": ":spring-tx:compileTestFixturesJava",
              "outcome": "FROM_CACHE"
            },
            {
              "path": ":spring-tx:compileTestFixturesKotlin",
              "outcome": "NO_SOURCE"
            },
            {
              "path": ":spring-tx:compileTestJava",
              "outcome": "FROM_CACHE"
            },
            {
              "path": ":spring-tx:compileTestKotlin",
              "outcome": "FROM_CACHE"
            },
            {
              "path": ":spring-tx:jar",
              "outcome": "EXECUTED"
            },
            {
              "path": ":spring-tx:processResources",
              "outcome": "EXECUTED"
            },
            {
              "path": ":spring-tx:processTestFixturesResources",
              "outcome": "NO_SOURCE"
            },
            {
              "path": ":spring-tx:processTestResources",
              "outcome": "EXECUTED"
            },
            {
              "path": ":spring-tx:testClasses",
              "outcome": "EXECUTED"
            },
            {
              "path": ":spring-tx:testFixturesClasses",
              "outcome": "UP_TO_DATE"
            },
            {
              "path": ":spring-tx:testFixturesJar",
              "outcome": "EXECUTED"
            },
            {
              "path": ":spring-web:checkKotlinGradlePluginConfigurationErrors",
              "outcome": "SKIPPED"
            },
            {
              "path": ":spring-web:classes",
              "outcome": "EXECUTED"
            },
            {
              "path": ":spring-web:compileJava",
              "outcome": "FROM_CACHE"
            },
            {
              "path": ":spring-web:compileKotlin",
              "outcome": "FROM_CACHE"
            },
            {
              "path": ":spring-web:compileTestFixturesJava",
              "outcome": "FROM_CACHE"
            },
            {
              "path": ":spring-web:compileTestFixturesKotlin",
              "outcome": "NO_SOURCE"
            },
            {
              "path": ":spring-web:compileTestJava",
              "outcome": "FROM_CACHE"
            },
            {
              "path": ":spring-web:compileTestKotlin",
              "outcome": "FROM_CACHE"
            },
            {
              "path": ":spring-web:jar",
              "outcome": "EXECUTED"
            },
            {
              "path": ":spring-web:processResources",
              "outcome": "EXECUTED"
            },
            {
              "path": ":spring-web:processTestFixturesResources",
              "outcome": "EXECUTED"
            },
            {
              "path": ":spring-web:processTestResources",
              "outcome": "EXECUTED"
            },
            {
              "path": ":spring-web:testClasses",
              "outcome": "EXECUTED"
            },
            {
              "path": ":spring-web:testFixturesClasses",
              "outcome": "EXECUTED"
            },
            {
              "path": ":spring-web:testFixturesJar",
              "outcome": "EXECUTED"
            },
            {
              "path": ":spring-webflux:checkKotlinGradlePluginConfigurationErrors",
              "outcome": "SKIPPED"
            },
            {
              "path": ":spring-webflux:classes",
              "outcome": "EXECUTED"
            },
            {
              "path": ":spring-webflux:compileJava",
              "outcome": "FROM_CACHE"
            },
            {
              "path": ":spring-webflux:compileKotlin",
              "outcome": "FROM_CACHE"
            },
            {
              "path": ":spring-webflux:compileTestFixturesJava",
              "outcome": "NO_SOURCE"
            },
            {
              "path": ":spring-webflux:compileTestFixturesKotlin",
              "outcome": "NO_SOURCE"
            },
            {
              "path": ":spring-webflux:compileTestJava",
              "outcome": "FROM_CACHE"
            },
            {
              "path": ":spring-webflux:compileTestKotlin",
              "outcome": "FROM_CACHE"
            },
            {
              "path": ":spring-webflux:jar",
              "outcome": "EXECUTED"
            },
            {
              "path": ":spring-webflux:processResources",
              "outcome": "EXECUTED"
            },
            {
              "path": ":spring-webflux:processTestFixturesResources",
              "outcome": "NO_SOURCE"
            },
            {
              "path": ":spring-webflux:processTestResources",
              "outcome": "EXECUTED"
            },
            {
              "path": ":spring-webflux:testClasses",
              "outcome": "EXECUTED"
            },
            {
              "path": ":spring-webflux:testFixturesClasses",
              "outcome": "UP_TO_DATE"
            },
            {
              "path": ":spring-webflux:testFixturesJar",
              "outcome": "EXECUTED"
            },
            {
              "path": ":spring-webmvc:checkKotlinGradlePluginConfigurationErrors",
              "outcome": "SKIPPED"
            },
            {
              "path": ":spring-webmvc:classes",
              "outcome": "EXECUTED"
            },
            {
              "path": ":spring-webmvc:compileJava",
              "outcome": "FROM_CACHE"
            },
            {
              "path": ":spring-webmvc:compileKotlin",
              "outcome": "FROM_CACHE"
            },
            {
              "path": ":spring-webmvc:compileTestFixturesJava",
              "outcome": "NO_SOURCE"
            },
            {
              "path": ":spring-webmvc:compileTestFixturesKotlin",
              "outcome": "NO_SOURCE"
            },
            {
              "path": ":spring-webmvc:compileTestJava",
              "outcome": "FROM_CACHE"
            },
            {
              "path": ":spring-webmvc:compileTestKotlin",
              "outcome": "FROM_CACHE"
            },
            {
              "path": ":spring-webmvc:jar",
              "outcome": "EXECUTED"
            },
            {
              "path": ":spring-webmvc:processResources",
              "outcome": "EXECUTED"
            },
            {
              "path": ":spring-webmvc:processTestFixturesResources",
              "outcome": "NO_SOURCE"
            },
            {
              "path": ":spring-webmvc:processTestResources",
              "outcome": "EXECUTED"
            },
            {
              "path": ":spring-webmvc:testClasses",
              "outcome": "EXECUTED"
            },
            {
              "path": ":spring-webmvc:testFixturesClasses",
              "outcome": "UP_TO_DATE"
            },
            {
              "path": ":spring-webmvc:testFixturesJar",
              "outcome": "EXECUTED"
            },
            {
              "path": ":spring-websocket:compileJava",
              "outcome": "FROM_CACHE"
            },
            {
              "path": ":spring-websocket:compileTestFixturesJava",
              "outcome": "NO_SOURCE"
            },
            {
              "path": ":spring-websocket:compileTestJava",
              "outcome": "FROM_CACHE"
            },
            {
              "path": ":spring-websocket:processTestResources",
              "outcome": "EXECUTED"
            },
            {
              "path": ":spring-websocket:testClasses",
              "outcome": "EXECUTED"
            },
            {
              "path": ":testClasses",
              "outcome": "UP_TO_DATE"
            }
          ]
        },
        "hostPressure": {
          "available": true,
          "cpuSomeTotalUs": 148241,
          "memorySomeTotalUs": 3,
          "memoryFullTotalUs": 3,
          "ioSomeTotalUs": 10322842,
          "ioFullTotalUs": 6668428
        }
      },
      {
        "phase": "TARGET_WORKLOAD_STABILIZATION",
        "durationMs": 16064,
        "logSha256": "8f09b6c7e005eef2f211851fbaef43530be1c6d262b58963b4f3398f2734cdd4",
        "taskOutcomes": {
          "total": 305,
          "executed": 109,
          "fromCache": 89,
          "upToDate": 23,
          "noSource": 65,
          "skipped": 19,
          "fingerprintSha256": "85399d45cd2d3615162148545d5babb68fb708dbdd29a2e2991b8e65724ce6a7",
          "tasks": [
            {
              "path": ":buildSrc:check",
              "outcome": "UP_TO_DATE"
            },
            {
              "path": ":buildSrc:checkstyleMain",
              "outcome": "FROM_CACHE"
            },
            {
              "path": ":buildSrc:checkstyleTest",
              "outcome": "FROM_CACHE"
            },
            {
              "path": ":buildSrc:classes",
              "outcome": "EXECUTED"
            },
            {
              "path": ":buildSrc:compileGroovy",
              "outcome": "NO_SOURCE"
            },
            {
              "path": ":buildSrc:compileJava",
              "outcome": "FROM_CACHE"
            },
            {
              "path": ":buildSrc:compileTestGroovy",
              "outcome": "NO_SOURCE"
            },
            {
              "path": ":buildSrc:compileTestJava",
              "outcome": "FROM_CACHE"
            },
            {
              "path": ":buildSrc:jar",
              "outcome": "EXECUTED"
            },
            {
              "path": ":buildSrc:pluginDescriptors",
              "outcome": "EXECUTED"
            },
            {
              "path": ":buildSrc:pluginUnderTestMetadata",
              "outcome": "EXECUTED"
            },
            {
              "path": ":buildSrc:processResources",
              "outcome": "EXECUTED"
            },
            {
              "path": ":buildSrc:processTestResources",
              "outcome": "NO_SOURCE"
            },
            {
              "path": ":buildSrc:test",
              "outcome": "FROM_CACHE"
            },
            {
              "path": ":buildSrc:testClasses",
              "outcome": "UP_TO_DATE"
            },
            {
              "path": ":buildSrc:validatePlugins",
              "outcome": "FROM_CACHE"
            },
            {
              "path": ":classes",
              "outcome": "UP_TO_DATE"
            },
            {
              "path": ":compileJava",
              "outcome": "NO_SOURCE"
            },
            {
              "path": ":compileTestFixturesJava",
              "outcome": "NO_SOURCE"
            },
            {
              "path": ":compileTestJava",
              "outcome": "NO_SOURCE"
            },
            {
              "path": ":framework-docs:checkKotlinGradlePluginConfigurationErrors",
              "outcome": "SKIPPED"
            },
            {
              "path": ":framework-docs:classes",
              "outcome": "EXECUTED"
            },
            {
              "path": ":framework-docs:compileJava",
              "outcome": "FROM_CACHE"
            },
            {
              "path": ":framework-docs:compileKotlin",
              "outcome": "FROM_CACHE"
            },
            {
              "path": ":framework-docs:compileTestJava",
              "outcome": "NO_SOURCE"
            },
            {
              "path": ":framework-docs:compileTestKotlin",
              "outcome": "NO_SOURCE"
            },
            {
              "path": ":framework-docs:jar",
              "outcome": "SKIPPED"
            },
            {
              "path": ":framework-docs:processResources",
              "outcome": "EXECUTED"
            },
            {
              "path": ":framework-docs:processTestResources",
              "outcome": "NO_SOURCE"
            },
            {
              "path": ":framework-docs:testClasses",
              "outcome": "UP_TO_DATE"
            },
            {
              "path": ":integration-tests:checkKotlinGradlePluginConfigurationErrors",
              "outcome": "SKIPPED"
            },
            {
              "path": ":integration-tests:classes",
              "outcome": "UP_TO_DATE"
            },
            {
              "path": ":integration-tests:compileJava",
              "outcome": "NO_SOURCE"
            },
            {
              "path": ":integration-tests:compileKotlin",
              "outcome": "NO_SOURCE"
            },
            {
              "path": ":integration-tests:compileTestFixturesJava",
              "outcome": "NO_SOURCE"
            },
            {
              "path": ":integration-tests:compileTestFixturesKotlin",
              "outcome": "NO_SOURCE"
            },
            {
              "path": ":integration-tests:compileTestJava",
              "outcome": "FROM_CACHE"
            },
            {
              "path": ":integration-tests:compileTestKotlin",
              "outcome": "FROM_CACHE"
            },
            {
              "path": ":integration-tests:jar",
              "outcome": "EXECUTED"
            },
            {
              "path": ":integration-tests:processResources",
              "outcome": "NO_SOURCE"
            },
            {
              "path": ":integration-tests:processTestFixturesResources",
              "outcome": "NO_SOURCE"
            },
            {
              "path": ":integration-tests:processTestResources",
              "outcome": "EXECUTED"
            },
            {
              "path": ":integration-tests:testClasses",
              "outcome": "EXECUTED"
            },
            {
              "path": ":integration-tests:testFixturesClasses",
              "outcome": "UP_TO_DATE"
            },
            {
              "path": ":integration-tests:testFixturesJar",
              "outcome": "EXECUTED"
            },
            {
              "path": ":jar",
              "outcome": "EXECUTED"
            },
            {
              "path": ":processResources",
              "outcome": "NO_SOURCE"
            },
            {
              "path": ":processTestResources",
              "outcome": "NO_SOURCE"
            },
            {
              "path": ":spring-aop:checkKotlinGradlePluginConfigurationErrors",
              "outcome": "SKIPPED"
            },
            {
              "path": ":spring-aop:classes",
              "outcome": "EXECUTED"
            },
            {
              "path": ":spring-aop:compileJava",
              "outcome": "FROM_CACHE"
            },
            {
              "path": ":spring-aop:compileKotlin",
              "outcome": "NO_SOURCE"
            },
            {
              "path": ":spring-aop:compileTestFixturesJava",
              "outcome": "FROM_CACHE"
            },
            {
              "path": ":spring-aop:compileTestFixturesKotlin",
              "outcome": "NO_SOURCE"
            },
            {
              "path": ":spring-aop:compileTestJava",
              "outcome": "FROM_CACHE"
            },
            {
              "path": ":spring-aop:compileTestKotlin",
              "outcome": "FROM_CACHE"
            },
            {
              "path": ":spring-aop:jar",
              "outcome": "EXECUTED"
            },
            {
              "path": ":spring-aop:processResources",
              "outcome": "EXECUTED"
            },
            {
              "path": ":spring-aop:processTestFixturesResources",
              "outcome": "NO_SOURCE"
            },
            {
              "path": ":spring-aop:processTestResources",
              "outcome": "EXECUTED"
            },
            {
              "path": ":spring-aop:testClasses",
              "outcome": "EXECUTED"
            },
            {
              "path": ":spring-aop:testFixturesClasses",
              "outcome": "UP_TO_DATE"
            },
            {
              "path": ":spring-aop:testFixturesJar",
              "outcome": "EXECUTED"
            },
            {
              "path": ":spring-aspects:classes",
              "outcome": "EXECUTED"
            },
            {
              "path": ":spring-aspects:compileAspectj",
              "outcome": "FROM_CACHE"
            },
            {
              "path": ":spring-aspects:compileJava",
              "outcome": "SKIPPED"
            },
            {
              "path": ":spring-aspects:compileTestAspectj",
              "outcome": "FROM_CACHE"
            },
            {
              "path": ":spring-aspects:compileTestFixturesAspectj",
              "outcome": "NO_SOURCE"
            },
            {
              "path": ":spring-aspects:compileTestFixturesJava",
              "outcome": "SKIPPED"
            },
            {
              "path": ":spring-aspects:compileTestJava",
              "outcome": "SKIPPED"
            },
            {
              "path": ":spring-aspects:processResources",
              "outcome": "EXECUTED"
            },
            {
              "path": ":spring-aspects:processTestResources",
              "outcome": "EXECUTED"
            },
            {
              "path": ":spring-aspects:testClasses",
              "outcome": "EXECUTED"
            },
            {
              "path": ":spring-beans:checkKotlinGradlePluginConfigurationErrors",
              "outcome": "SKIPPED"
            },
            {
              "path": ":spring-beans:classes",
              "outcome": "EXECUTED"
            },
            {
              "path": ":spring-beans:compileJava",
              "outcome": "FROM_CACHE"
            },
            {
              "path": ":spring-beans:compileKotlin",
              "outcome": "FROM_CACHE"
            },
            {
              "path": ":spring-beans:compileTestFixturesJava",
              "outcome": "FROM_CACHE"
            },
            {
              "path": ":spring-beans:compileTestFixturesKotlin",
              "outcome": "FROM_CACHE"
            },
            {
              "path": ":spring-beans:compileTestJava",
              "outcome": "FROM_CACHE"
            },
            {
              "path": ":spring-beans:compileTestKotlin",
              "outcome": "FROM_CACHE"
            },
            {
              "path": ":spring-beans:jar",
              "outcome": "EXECUTED"
            },
            {
              "path": ":spring-beans:processResources",
              "outcome": "EXECUTED"
            },
            {
              "path": ":spring-beans:processTestFixturesResources",
              "outcome": "EXECUTED"
            },
            {
              "path": ":spring-beans:processTestResources",
              "outcome": "EXECUTED"
            },
            {
              "path": ":spring-beans:testClasses",
              "outcome": "EXECUTED"
            },
            {
              "path": ":spring-beans:testFixturesClasses",
              "outcome": "EXECUTED"
            },
            {
              "path": ":spring-beans:testFixturesJar",
              "outcome": "EXECUTED"
            },
            {
              "path": ":spring-context-indexer:compileJava",
              "outcome": "FROM_CACHE"
            },
            {
              "path": ":spring-context-indexer:compileTestFixturesJava",
              "outcome": "NO_SOURCE"
            },
            {
              "path": ":spring-context-indexer:compileTestJava",
              "outcome": "FROM_CACHE"
            },
            {
              "path": ":spring-context-indexer:processTestResources",
              "outcome": "NO_SOURCE"
            },
            {
              "path": ":spring-context-indexer:testClasses",
              "outcome": "UP_TO_DATE"
            },
            {
              "path": ":spring-context-support:compileJava",
              "outcome": "FROM_CACHE"
            },
            {
              "path": ":spring-context-support:compileTestFixturesJava",
              "outcome": "FROM_CACHE"
            },
            {
              "path": ":spring-context-support:compileTestJava",
              "outcome": "FROM_CACHE"
            },
            {
              "path": ":spring-context-support:processTestResources",
              "outcome": "EXECUTED"
            },
            {
              "path": ":spring-context-support:testClasses",
              "outcome": "EXECUTED"
            },
            {
              "path": ":spring-context:checkKotlinGradlePluginConfigurationErrors",
              "outcome": "SKIPPED"
            },
            {
              "path": ":spring-context:classes",
              "outcome": "EXECUTED"
            },
            {
              "path": ":spring-context:compileJava",
              "outcome": "FROM_CACHE"
            },
            {
              "path": ":spring-context:compileKotlin",
              "outcome": "FROM_CACHE"
            },
            {
              "path": ":spring-context:compileTestFixturesJava",
              "outcome": "FROM_CACHE"
            },
            {
              "path": ":spring-context:compileTestFixturesKotlin",
              "outcome": "NO_SOURCE"
            },
            {
              "path": ":spring-context:compileTestJava",
              "outcome": "FROM_CACHE"
            },
            {
              "path": ":spring-context:compileTestKotlin",
              "outcome": "FROM_CACHE"
            },
            {
              "path": ":spring-context:jar",
              "outcome": "EXECUTED"
            },
            {
              "path": ":spring-context:processResources",
              "outcome": "EXECUTED"
            },
            {
              "path": ":spring-context:processTestFixturesResources",
              "outcome": "NO_SOURCE"
            },
            {
              "path": ":spring-context:processTestResources",
              "outcome": "EXECUTED"
            },
            {
              "path": ":spring-context:testClasses",
              "outcome": "EXECUTED"
            },
            {
              "path": ":spring-context:testFixturesClasses",
              "outcome": "UP_TO_DATE"
            },
            {
              "path": ":spring-context:testFixturesJar",
              "outcome": "EXECUTED"
            },
            {
              "path": ":spring-core-test:compileJava",
              "outcome": "FROM_CACHE"
            },
            {
              "path": ":spring-core-test:compileTestFixturesJava",
              "outcome": "NO_SOURCE"
            },
            {
              "path": ":spring-core-test:compileTestJava",
              "outcome": "FROM_CACHE"
            },
            {
              "path": ":spring-core-test:processTestResources",
              "outcome": "EXECUTED"
            },
            {
              "path": ":spring-core-test:testClasses",
              "outcome": "EXECUTED"
            },
            {
              "path": ":spring-core:checkKotlinGradlePluginConfigurationErrors",
              "outcome": "SKIPPED"
            },
            {
              "path": ":spring-core:classes",
              "outcome": "EXECUTED"
            },
            {
              "path": ":spring-core:compileJava",
              "outcome": "FROM_CACHE"
            },
            {
              "path": ":spring-core:compileJava21Java",
              "outcome": "FROM_CACHE"
            },
            {
              "path": ":spring-core:compileJava21Kotlin",
              "outcome": "NO_SOURCE"
            },
            {
              "path": ":spring-core:compileJava24Java",
              "outcome": "FROM_CACHE"
            },
            {
              "path": ":spring-core:compileJava24Kotlin",
              "outcome": "NO_SOURCE"
            },
            {
              "path": ":spring-core:compileKotlin",
              "outcome": "FROM_CACHE"
            },
            {
              "path": ":spring-core:compileTestFixturesJava",
              "outcome": "FROM_CACHE"
            },
            {
              "path": ":spring-core:compileTestFixturesKotlin",
              "outcome": "NO_SOURCE"
            },
            {
              "path": ":spring-core:compileTestJava",
              "outcome": "FROM_CACHE"
            },
            {
              "path": ":spring-core:compileTestKotlin",
              "outcome": "FROM_CACHE"
            },
            {
              "path": ":spring-core:jar",
              "outcome": "EXECUTED"
            },
            {
              "path": ":spring-core:java21Classes",
              "outcome": "UP_TO_DATE"
            },
            {
              "path": ":spring-core:java24Classes",
              "outcome": "UP_TO_DATE"
            },
            {
              "path": ":spring-core:javapoetRepackJar",
              "outcome": "FROM_CACHE"
            },
            {
              "path": ":spring-core:objenesisRepackJar",
              "outcome": "FROM_CACHE"
            },
            {
              "path": ":spring-core:processJava21Resources",
              "outcome": "NO_SOURCE"
            },
            {
              "path": ":spring-core:processJava24Resources",
              "outcome": "NO_SOURCE"
            },
            {
              "path": ":spring-core:processResources",
              "outcome": "EXECUTED"
            },
            {
              "path": ":spring-core:processTestFixturesResources",
              "outcome": "NO_SOURCE"
            },
            {
              "path": ":spring-core:processTestResources",
              "outcome": "EXECUTED"
            },
            {
              "path": ":spring-core:testClasses",
              "outcome": "EXECUTED"
            },
            {
              "path": ":spring-core:testFixturesClasses",
              "outcome": "UP_TO_DATE"
            },
            {
              "path": ":spring-core:testFixturesJar",
              "outcome": "EXECUTED"
            },
            {
              "path": ":spring-expression:checkKotlinGradlePluginConfigurationErrors",
              "outcome": "SKIPPED"
            },
            {
              "path": ":spring-expression:classes",
              "outcome": "UP_TO_DATE"
            },
            {
              "path": ":spring-expression:compileJava",
              "outcome": "FROM_CACHE"
            },
            {
              "path": ":spring-expression:compileKotlin",
              "outcome": "NO_SOURCE"
            },
            {
              "path": ":spring-expression:compileTestFixturesJava",
              "outcome": "NO_SOURCE"
            },
            {
              "path": ":spring-expression:compileTestFixturesKotlin",
              "outcome": "NO_SOURCE"
            },
            {
              "path": ":spring-expression:compileTestJava",
              "outcome": "FROM_CACHE"
            },
            {
              "path": ":spring-expression:compileTestKotlin",
              "outcome": "FROM_CACHE"
            },
            {
              "path": ":spring-expression:jar",
              "outcome": "EXECUTED"
            },
            {
              "path": ":spring-expression:processResources",
              "outcome": "NO_SOURCE"
            },
            {
              "path": ":spring-expression:processTestFixturesResources",
              "outcome": "NO_SOURCE"
            },
            {
              "path": ":spring-expression:processTestResources",
              "outcome": "EXECUTED"
            },
            {
              "path": ":spring-expression:testClasses",
              "outcome": "EXECUTED"
            },
            {
              "path": ":spring-expression:testFixturesClasses",
              "outcome": "UP_TO_DATE"
            },
            {
              "path": ":spring-expression:testFixturesJar",
              "outcome": "EXECUTED"
            },
            {
              "path": ":spring-instrument:compileJava",
              "outcome": "FROM_CACHE"
            },
            {
              "path": ":spring-instrument:compileTestFixturesJava",
              "outcome": "NO_SOURCE"
            },
            {
              "path": ":spring-instrument:compileTestJava",
              "outcome": "NO_SOURCE"
            },
            {
              "path": ":spring-instrument:processTestResources",
              "outcome": "NO_SOURCE"
            },
            {
              "path": ":spring-instrument:testClasses",
              "outcome": "UP_TO_DATE"
            },
            {
              "path": ":spring-jdbc:checkKotlinGradlePluginConfigurationErrors",
              "outcome": "SKIPPED"
            },
            {
              "path": ":spring-jdbc:classes",
              "outcome": "EXECUTED"
            },
            {
              "path": ":spring-jdbc:compileJava",
              "outcome": "FROM_CACHE"
            },
            {
              "path": ":spring-jdbc:compileKotlin",
              "outcome": "FROM_CACHE"
            },
            {
              "path": ":spring-jdbc:compileTestFixturesJava",
              "outcome": "NO_SOURCE"
            },
            {
              "path": ":spring-jdbc:compileTestFixturesKotlin",
              "outcome": "NO_SOURCE"
            },
            {
              "path": ":spring-jdbc:compileTestJava",
              "outcome": "FROM_CACHE"
            },
            {
              "path": ":spring-jdbc:compileTestKotlin",
              "outcome": "FROM_CACHE"
            },
            {
              "path": ":spring-jdbc:jar",
              "outcome": "EXECUTED"
            },
            {
              "path": ":spring-jdbc:processResources",
              "outcome": "EXECUTED"
            },
            {
              "path": ":spring-jdbc:processTestFixturesResources",
              "outcome": "NO_SOURCE"
            },
            {
              "path": ":spring-jdbc:processTestResources",
              "outcome": "EXECUTED"
            },
            {
              "path": ":spring-jdbc:testClasses",
              "outcome": "EXECUTED"
            },
            {
              "path": ":spring-jdbc:testFixturesClasses",
              "outcome": "UP_TO_DATE"
            },
            {
              "path": ":spring-jdbc:testFixturesJar",
              "outcome": "EXECUTED"
            },
            {
              "path": ":spring-jms:compileJava",
              "outcome": "EXECUTED"
            },
            {
              "path": ":spring-jms:compileTestFixturesJava",
              "outcome": "NO_SOURCE"
            },
            {
              "path": ":spring-jms:compileTestJava",
              "outcome": "FROM_CACHE"
            },
            {
              "path": ":spring-jms:processTestResources",
              "outcome": "EXECUTED"
            },
            {
              "path": ":spring-jms:testClasses",
              "outcome": "EXECUTED"
            },
            {
              "path": ":spring-messaging:checkKotlinGradlePluginConfigurationErrors",
              "outcome": "SKIPPED"
            },
            {
              "path": ":spring-messaging:classes",
              "outcome": "EXECUTED"
            },
            {
              "path": ":spring-messaging:compileJava",
              "outcome": "FROM_CACHE"
            },
            {
              "path": ":spring-messaging:compileKotlin",
              "outcome": "FROM_CACHE"
            },
            {
              "path": ":spring-messaging:compileTestFixturesJava",
              "outcome": "NO_SOURCE"
            },
            {
              "path": ":spring-messaging:compileTestFixturesKotlin",
              "outcome": "NO_SOURCE"
            },
            {
              "path": ":spring-messaging:compileTestJava",
              "outcome": "FROM_CACHE"
            },
            {
              "path": ":spring-messaging:compileTestKotlin",
              "outcome": "FROM_CACHE"
            },
            {
              "path": ":spring-messaging:jar",
              "outcome": "EXECUTED"
            },
            {
              "path": ":spring-messaging:processResources",
              "outcome": "EXECUTED"
            },
            {
              "path": ":spring-messaging:processTestFixturesResources",
              "outcome": "NO_SOURCE"
            },
            {
              "path": ":spring-messaging:processTestResources",
              "outcome": "EXECUTED"
            },
            {
              "path": ":spring-messaging:testClasses",
              "outcome": "EXECUTED"
            },
            {
              "path": ":spring-messaging:testFixturesClasses",
              "outcome": "UP_TO_DATE"
            },
            {
              "path": ":spring-messaging:testFixturesJar",
              "outcome": "EXECUTED"
            },
            {
              "path": ":spring-orm:compileJava",
              "outcome": "FROM_CACHE"
            },
            {
              "path": ":spring-orm:compileTestFixturesJava",
              "outcome": "NO_SOURCE"
            },
            {
              "path": ":spring-orm:compileTestJava",
              "outcome": "FROM_CACHE"
            },
            {
              "path": ":spring-orm:processTestResources",
              "outcome": "EXECUTED"
            },
            {
              "path": ":spring-orm:testClasses",
              "outcome": "EXECUTED"
            },
            {
              "path": ":spring-oxm:compileJava",
              "outcome": "FROM_CACHE"
            },
            {
              "path": ":spring-oxm:compileTestFixturesJava",
              "outcome": "NO_SOURCE"
            },
            {
              "path": ":spring-oxm:compileTestJava",
              "outcome": "FROM_CACHE"
            },
            {
              "path": ":spring-oxm:processTestResources",
              "outcome": "EXECUTED"
            },
            {
              "path": ":spring-oxm:testClasses",
              "outcome": "EXECUTED"
            },
            {
              "path": ":spring-oxm:xjc",
              "outcome": "FROM_CACHE"
            },
            {
              "path": ":spring-r2dbc:checkKotlinGradlePluginConfigurationErrors",
              "outcome": "SKIPPED"
            },
            {
              "path": ":spring-r2dbc:classes",
              "outcome": "EXECUTED"
            },
            {
              "path": ":spring-r2dbc:compileJava",
              "outcome": "FROM_CACHE"
            },
            {
              "path": ":spring-r2dbc:compileKotlin",
              "outcome": "FROM_CACHE"
            },
            {
              "path": ":spring-r2dbc:compileTestFixturesJava",
              "outcome": "NO_SOURCE"
            },
            {
              "path": ":spring-r2dbc:compileTestFixturesKotlin",
              "outcome": "NO_SOURCE"
            },
            {
              "path": ":spring-r2dbc:compileTestJava",
              "outcome": "FROM_CACHE"
            },
            {
              "path": ":spring-r2dbc:compileTestKotlin",
              "outcome": "FROM_CACHE"
            },
            {
              "path": ":spring-r2dbc:jar",
              "outcome": "EXECUTED"
            },
            {
              "path": ":spring-r2dbc:processResources",
              "outcome": "EXECUTED"
            },
            {
              "path": ":spring-r2dbc:processTestFixturesResources",
              "outcome": "NO_SOURCE"
            },
            {
              "path": ":spring-r2dbc:processTestResources",
              "outcome": "EXECUTED"
            },
            {
              "path": ":spring-r2dbc:testClasses",
              "outcome": "EXECUTED"
            },
            {
              "path": ":spring-r2dbc:testFixturesClasses",
              "outcome": "UP_TO_DATE"
            },
            {
              "path": ":spring-r2dbc:testFixturesJar",
              "outcome": "EXECUTED"
            },
            {
              "path": ":spring-test:checkKotlinGradlePluginConfigurationErrors",
              "outcome": "SKIPPED"
            },
            {
              "path": ":spring-test:classes",
              "outcome": "EXECUTED"
            },
            {
              "path": ":spring-test:compileJava",
              "outcome": "FROM_CACHE"
            },
            {
              "path": ":spring-test:compileKotlin",
              "outcome": "FROM_CACHE"
            },
            {
              "path": ":spring-test:compileTestFixturesJava",
              "outcome": "NO_SOURCE"
            },
            {
              "path": ":spring-test:compileTestFixturesKotlin",
              "outcome": "NO_SOURCE"
            },
            {
              "path": ":spring-test:compileTestJava",
              "outcome": "FROM_CACHE"
            },
            {
              "path": ":spring-test:compileTestKotlin",
              "outcome": "FROM_CACHE"
            },
            {
              "path": ":spring-test:jar",
              "outcome": "EXECUTED"
            },
            {
              "path": ":spring-test:processResources",
              "outcome": "EXECUTED"
            },
            {
              "path": ":spring-test:processTestFixturesResources",
              "outcome": "NO_SOURCE"
            },
            {
              "path": ":spring-test:processTestResources",
              "outcome": "EXECUTED"
            },
            {
              "path": ":spring-test:testClasses",
              "outcome": "EXECUTED"
            },
            {
              "path": ":spring-test:testFixturesClasses",
              "outcome": "UP_TO_DATE"
            },
            {
              "path": ":spring-test:testFixturesJar",
              "outcome": "EXECUTED"
            },
            {
              "path": ":spring-tx:checkKotlinGradlePluginConfigurationErrors",
              "outcome": "SKIPPED"
            },
            {
              "path": ":spring-tx:classes",
              "outcome": "EXECUTED"
            },
            {
              "path": ":spring-tx:compileJava",
              "outcome": "FROM_CACHE"
            },
            {
              "path": ":spring-tx:compileKotlin",
              "outcome": "FROM_CACHE"
            },
            {
              "path": ":spring-tx:compileTestFixturesJava",
              "outcome": "FROM_CACHE"
            },
            {
              "path": ":spring-tx:compileTestFixturesKotlin",
              "outcome": "NO_SOURCE"
            },
            {
              "path": ":spring-tx:compileTestJava",
              "outcome": "FROM_CACHE"
            },
            {
              "path": ":spring-tx:compileTestKotlin",
              "outcome": "FROM_CACHE"
            },
            {
              "path": ":spring-tx:jar",
              "outcome": "EXECUTED"
            },
            {
              "path": ":spring-tx:processResources",
              "outcome": "EXECUTED"
            },
            {
              "path": ":spring-tx:processTestFixturesResources",
              "outcome": "NO_SOURCE"
            },
            {
              "path": ":spring-tx:processTestResources",
              "outcome": "EXECUTED"
            },
            {
              "path": ":spring-tx:testClasses",
              "outcome": "EXECUTED"
            },
            {
              "path": ":spring-tx:testFixturesClasses",
              "outcome": "UP_TO_DATE"
            },
            {
              "path": ":spring-tx:testFixturesJar",
              "outcome": "EXECUTED"
            },
            {
              "path": ":spring-web:checkKotlinGradlePluginConfigurationErrors",
              "outcome": "SKIPPED"
            },
            {
              "path": ":spring-web:classes",
              "outcome": "EXECUTED"
            },
            {
              "path": ":spring-web:compileJava",
              "outcome": "FROM_CACHE"
            },
            {
              "path": ":spring-web:compileKotlin",
              "outcome": "FROM_CACHE"
            },
            {
              "path": ":spring-web:compileTestFixturesJava",
              "outcome": "FROM_CACHE"
            },
            {
              "path": ":spring-web:compileTestFixturesKotlin",
              "outcome": "NO_SOURCE"
            },
            {
              "path": ":spring-web:compileTestJava",
              "outcome": "FROM_CACHE"
            },
            {
              "path": ":spring-web:compileTestKotlin",
              "outcome": "FROM_CACHE"
            },
            {
              "path": ":spring-web:jar",
              "outcome": "EXECUTED"
            },
            {
              "path": ":spring-web:processResources",
              "outcome": "EXECUTED"
            },
            {
              "path": ":spring-web:processTestFixturesResources",
              "outcome": "EXECUTED"
            },
            {
              "path": ":spring-web:processTestResources",
              "outcome": "EXECUTED"
            },
            {
              "path": ":spring-web:testClasses",
              "outcome": "EXECUTED"
            },
            {
              "path": ":spring-web:testFixturesClasses",
              "outcome": "EXECUTED"
            },
            {
              "path": ":spring-web:testFixturesJar",
              "outcome": "EXECUTED"
            },
            {
              "path": ":spring-webflux:checkKotlinGradlePluginConfigurationErrors",
              "outcome": "SKIPPED"
            },
            {
              "path": ":spring-webflux:classes",
              "outcome": "EXECUTED"
            },
            {
              "path": ":spring-webflux:compileJava",
              "outcome": "FROM_CACHE"
            },
            {
              "path": ":spring-webflux:compileKotlin",
              "outcome": "FROM_CACHE"
            },
            {
              "path": ":spring-webflux:compileTestFixturesJava",
              "outcome": "NO_SOURCE"
            },
            {
              "path": ":spring-webflux:compileTestFixturesKotlin",
              "outcome": "NO_SOURCE"
            },
            {
              "path": ":spring-webflux:compileTestJava",
              "outcome": "FROM_CACHE"
            },
            {
              "path": ":spring-webflux:compileTestKotlin",
              "outcome": "FROM_CACHE"
            },
            {
              "path": ":spring-webflux:jar",
              "outcome": "EXECUTED"
            },
            {
              "path": ":spring-webflux:processResources",
              "outcome": "EXECUTED"
            },
            {
              "path": ":spring-webflux:processTestFixturesResources",
              "outcome": "NO_SOURCE"
            },
            {
              "path": ":spring-webflux:processTestResources",
              "outcome": "EXECUTED"
            },
            {
              "path": ":spring-webflux:testClasses",
              "outcome": "EXECUTED"
            },
            {
              "path": ":spring-webflux:testFixturesClasses",
              "outcome": "UP_TO_DATE"
            },
            {
              "path": ":spring-webflux:testFixturesJar",
              "outcome": "EXECUTED"
            },
            {
              "path": ":spring-webmvc:checkKotlinGradlePluginConfigurationErrors",
              "outcome": "SKIPPED"
            },
            {
              "path": ":spring-webmvc:classes",
              "outcome": "EXECUTED"
            },
            {
              "path": ":spring-webmvc:compileJava",
              "outcome": "FROM_CACHE"
            },
            {
              "path": ":spring-webmvc:compileKotlin",
              "outcome": "FROM_CACHE"
            },
            {
              "path": ":spring-webmvc:compileTestFixturesJava",
              "outcome": "NO_SOURCE"
            },
            {
              "path": ":spring-webmvc:compileTestFixturesKotlin",
              "outcome": "NO_SOURCE"
            },
            {
              "path": ":spring-webmvc:compileTestJava",
              "outcome": "FROM_CACHE"
            },
            {
              "path": ":spring-webmvc:compileTestKotlin",
              "outcome": "FROM_CACHE"
            },
            {
              "path": ":spring-webmvc:jar",
              "outcome": "EXECUTED"
            },
            {
              "path": ":spring-webmvc:processResources",
              "outcome": "EXECUTED"
            },
            {
              "path": ":spring-webmvc:processTestFixturesResources",
              "outcome": "NO_SOURCE"
            },
            {
              "path": ":spring-webmvc:processTestResources",
              "outcome": "EXECUTED"
            },
            {
              "path": ":spring-webmvc:testClasses",
              "outcome": "EXECUTED"
            },
            {
              "path": ":spring-webmvc:testFixturesClasses",
              "outcome": "UP_TO_DATE"
            },
            {
              "path": ":spring-webmvc:testFixturesJar",
              "outcome": "EXECUTED"
            },
            {
              "path": ":spring-websocket:compileJava",
              "outcome": "FROM_CACHE"
            },
            {
              "path": ":spring-websocket:compileTestFixturesJava",
              "outcome": "NO_SOURCE"
            },
            {
              "path": ":spring-websocket:compileTestJava",
              "outcome": "FROM_CACHE"
            },
            {
              "path": ":spring-websocket:processTestResources",
              "outcome": "EXECUTED"
            },
            {
              "path": ":spring-websocket:testClasses",
              "outcome": "EXECUTED"
            },
            {
              "path": ":testClasses",
              "outcome": "UP_TO_DATE"
            }
          ]
        },
        "hostPressure": {
          "available": true,
          "cpuSomeTotalUs": 599209,
          "memorySomeTotalUs": 1,
          "memoryFullTotalUs": 1,
          "ioSomeTotalUs": 9889731,
          "ioFullTotalUs": 6065399
        }
      }
    ],
    "candidateWarmups": [
      {
        "phase": "CACHE_SEED",
        "durationMs": 138921,
        "logSha256": "629590f920286aefdc0200d97097e375e97b6a622758ee5cab1212023a77fae8",
        "taskOutcomes": {
          "total": 56,
          "executed": 17,
          "fromCache": 23,
          "upToDate": 2,
          "noSource": 7,
          "skipped": 7,
          "fingerprintSha256": "c479e89ec7d3660c48fa7588a45ceda3124653994ed97bc0f2993f2ec522f0ef",
          "tasks": [
            {
              "path": ":buildSrc:check",
              "outcome": "UP_TO_DATE"
            },
            {
              "path": ":buildSrc:checkstyleMain",
              "outcome": "FROM_CACHE"
            },
            {
              "path": ":buildSrc:checkstyleTest",
              "outcome": "FROM_CACHE"
            },
            {
              "path": ":buildSrc:classes",
              "outcome": "EXECUTED"
            },
            {
              "path": ":buildSrc:compileGroovy",
              "outcome": "NO_SOURCE"
            },
            {
              "path": ":buildSrc:compileJava",
              "outcome": "FROM_CACHE"
            },
            {
              "path": ":buildSrc:compileTestGroovy",
              "outcome": "NO_SOURCE"
            },
            {
              "path": ":buildSrc:compileTestJava",
              "outcome": "FROM_CACHE"
            },
            {
              "path": ":buildSrc:jar",
              "outcome": "EXECUTED"
            },
            {
              "path": ":buildSrc:pluginDescriptors",
              "outcome": "EXECUTED"
            },
            {
              "path": ":buildSrc:pluginUnderTestMetadata",
              "outcome": "EXECUTED"
            },
            {
              "path": ":buildSrc:processResources",
              "outcome": "EXECUTED"
            },
            {
              "path": ":buildSrc:processTestResources",
              "outcome": "NO_SOURCE"
            },
            {
              "path": ":buildSrc:test",
              "outcome": "FROM_CACHE"
            },
            {
              "path": ":buildSrc:testClasses",
              "outcome": "UP_TO_DATE"
            },
            {
              "path": ":buildSrc:validatePlugins",
              "outcome": "FROM_CACHE"
            },
            {
              "path": ":spring-aop:checkKotlinGradlePluginConfigurationErrors",
              "outcome": "SKIPPED"
            },
            {
              "path": ":spring-aop:compileJava",
              "outcome": "FROM_CACHE"
            },
            {
              "path": ":spring-aop:compileKotlin",
              "outcome": "NO_SOURCE"
            },
            {
              "path": ":spring-beans:checkKotlinGradlePluginConfigurationErrors",
              "outcome": "SKIPPED"
            },
            {
              "path": ":spring-beans:classes",
              "outcome": "EXECUTED"
            },
            {
              "path": ":spring-beans:compileJava",
              "outcome": "FROM_CACHE"
            },
            {
              "path": ":spring-beans:compileKotlin",
              "outcome": "FROM_CACHE"
            },
            {
              "path": ":spring-beans:compileTestFixturesJava",
              "outcome": "FROM_CACHE"
            },
            {
              "path": ":spring-beans:compileTestFixturesKotlin",
              "outcome": "FROM_CACHE"
            },
            {
              "path": ":spring-beans:jar",
              "outcome": "EXECUTED"
            },
            {
              "path": ":spring-beans:processResources",
              "outcome": "EXECUTED"
            },
            {
              "path": ":spring-context:checkKotlinGradlePluginConfigurationErrors",
              "outcome": "SKIPPED"
            },
            {
              "path": ":spring-context:compileJava",
              "outcome": "FROM_CACHE"
            },
            {
              "path": ":spring-context:compileKotlin",
              "outcome": "FROM_CACHE"
            },
            {
              "path": ":spring-core:checkKotlinGradlePluginConfigurationErrors",
              "outcome": "SKIPPED"
            },
            {
              "path": ":spring-core:compileJava",
              "outcome": "FROM_CACHE"
            },
            {
              "path": ":spring-core:compileKotlin",
              "outcome": "FROM_CACHE"
            },
            {
              "path": ":spring-core:javapoetRepackJar",
              "outcome": "FROM_CACHE"
            },
            {
              "path": ":spring-core:objenesisRepackJar",
              "outcome": "FROM_CACHE"
            },
            {
              "path": ":spring-expression:checkKotlinGradlePluginConfigurationErrors",
              "outcome": "SKIPPED"
            },
            {
              "path": ":spring-expression:compileJava",
              "outcome": "FROM_CACHE"
            },
            {
              "path": ":spring-expression:compileKotlin",
              "outcome": "NO_SOURCE"
            },
            {
              "path": ":spring-instrument:compileJava",
              "outcome": "FROM_CACHE"
            },
            {
              "path": ":spring-jms:compileJava",
              "outcome": "EXECUTED"
            },
            {
              "path": ":spring-jms:compileTestFixturesJava",
              "outcome": "NO_SOURCE"
            },
            {
              "path": ":spring-jms:compileTestJava",
              "outcome": "EXECUTED"
            },
            {
              "path": ":spring-jms:processTestResources",
              "outcome": "EXECUTED"
            },
            {
              "path": ":spring-jms:testClasses",
              "outcome": "EXECUTED"
            },
            {
              "path": ":spring-messaging:checkKotlinGradlePluginConfigurationErrors",
              "outcome": "SKIPPED"
            },
            {
              "path": ":spring-messaging:compileJava",
              "outcome": "EXECUTED"
            },
            {
              "path": ":spring-messaging:compileKotlin",
              "outcome": "EXECUTED"
            },
            {
              "path": ":spring-oxm:compileJava",
              "outcome": "FROM_CACHE"
            },
            {
              "path": ":spring-tx:checkKotlinGradlePluginConfigurationErrors",
              "outcome": "SKIPPED"
            },
            {
              "path": ":spring-tx:classes",
              "outcome": "EXECUTED"
            },
            {
              "path": ":spring-tx:compileJava",
              "outcome": "FROM_CACHE"
            },
            {
              "path": ":spring-tx:compileKotlin",
              "outcome": "FROM_CACHE"
            },
            {
              "path": ":spring-tx:compileTestFixturesJava",
              "outcome": "FROM_CACHE"
            },
            {
              "path": ":spring-tx:compileTestFixturesKotlin",
              "outcome": "NO_SOURCE"
            },
            {
              "path": ":spring-tx:jar",
              "outcome": "EXECUTED"
            },
            {
              "path": ":spring-tx:processResources",
              "outcome": "EXECUTED"
            }
          ]
        },
        "hostPressure": {
          "available": true,
          "cpuSomeTotalUs": 3292029,
          "memorySomeTotalUs": 6650,
          "memoryFullTotalUs": 6649,
          "ioSomeTotalUs": 100674383,
          "ioFullTotalUs": 78120490
        }
      },
      {
        "phase": "BASE_DAEMON_STABILIZATION",
        "durationMs": 9208,
        "logSha256": "2dd630145ad565f88ec030b74a9e2b3650c207a981dcd6a83389f61456a2b853",
        "taskOutcomes": {
          "total": 56,
          "executed": 13,
          "fromCache": 27,
          "upToDate": 2,
          "noSource": 7,
          "skipped": 7,
          "fingerprintSha256": "ece5bcfe70b440068293c809f7cae0852a4653f03eea072df81857cf90557511",
          "tasks": [
            {
              "path": ":buildSrc:check",
              "outcome": "UP_TO_DATE"
            },
            {
              "path": ":buildSrc:checkstyleMain",
              "outcome": "FROM_CACHE"
            },
            {
              "path": ":buildSrc:checkstyleTest",
              "outcome": "FROM_CACHE"
            },
            {
              "path": ":buildSrc:classes",
              "outcome": "EXECUTED"
            },
            {
              "path": ":buildSrc:compileGroovy",
              "outcome": "NO_SOURCE"
            },
            {
              "path": ":buildSrc:compileJava",
              "outcome": "FROM_CACHE"
            },
            {
              "path": ":buildSrc:compileTestGroovy",
              "outcome": "NO_SOURCE"
            },
            {
              "path": ":buildSrc:compileTestJava",
              "outcome": "FROM_CACHE"
            },
            {
              "path": ":buildSrc:jar",
              "outcome": "EXECUTED"
            },
            {
              "path": ":buildSrc:pluginDescriptors",
              "outcome": "EXECUTED"
            },
            {
              "path": ":buildSrc:pluginUnderTestMetadata",
              "outcome": "EXECUTED"
            },
            {
              "path": ":buildSrc:processResources",
              "outcome": "EXECUTED"
            },
            {
              "path": ":buildSrc:processTestResources",
              "outcome": "NO_SOURCE"
            },
            {
              "path": ":buildSrc:test",
              "outcome": "FROM_CACHE"
            },
            {
              "path": ":buildSrc:testClasses",
              "outcome": "UP_TO_DATE"
            },
            {
              "path": ":buildSrc:validatePlugins",
              "outcome": "FROM_CACHE"
            },
            {
              "path": ":spring-aop:checkKotlinGradlePluginConfigurationErrors",
              "outcome": "SKIPPED"
            },
            {
              "path": ":spring-aop:compileJava",
              "outcome": "FROM_CACHE"
            },
            {
              "path": ":spring-aop:compileKotlin",
              "outcome": "NO_SOURCE"
            },
            {
              "path": ":spring-beans:checkKotlinGradlePluginConfigurationErrors",
              "outcome": "SKIPPED"
            },
            {
              "path": ":spring-beans:classes",
              "outcome": "EXECUTED"
            },
            {
              "path": ":spring-beans:compileJava",
              "outcome": "FROM_CACHE"
            },
            {
              "path": ":spring-beans:compileKotlin",
              "outcome": "FROM_CACHE"
            },
            {
              "path": ":spring-beans:compileTestFixturesJava",
              "outcome": "FROM_CACHE"
            },
            {
              "path": ":spring-beans:compileTestFixturesKotlin",
              "outcome": "FROM_CACHE"
            },
            {
              "path": ":spring-beans:jar",
              "outcome": "EXECUTED"
            },
            {
              "path": ":spring-beans:processResources",
              "outcome": "EXECUTED"
            },
            {
              "path": ":spring-context:checkKotlinGradlePluginConfigurationErrors",
              "outcome": "SKIPPED"
            },
            {
              "path": ":spring-context:compileJava",
              "outcome": "FROM_CACHE"
            },
            {
              "path": ":spring-context:compileKotlin",
              "outcome": "FROM_CACHE"
            },
            {
              "path": ":spring-core:checkKotlinGradlePluginConfigurationErrors",
              "outcome": "SKIPPED"
            },
            {
              "path": ":spring-core:compileJava",
              "outcome": "FROM_CACHE"
            },
            {
              "path": ":spring-core:compileKotlin",
              "outcome": "FROM_CACHE"
            },
            {
              "path": ":spring-core:javapoetRepackJar",
              "outcome": "FROM_CACHE"
            },
            {
              "path": ":spring-core:objenesisRepackJar",
              "outcome": "FROM_CACHE"
            },
            {
              "path": ":spring-expression:checkKotlinGradlePluginConfigurationErrors",
              "outcome": "SKIPPED"
            },
            {
              "path": ":spring-expression:compileJava",
              "outcome": "FROM_CACHE"
            },
            {
              "path": ":spring-expression:compileKotlin",
              "outcome": "NO_SOURCE"
            },
            {
              "path": ":spring-instrument:compileJava",
              "outcome": "FROM_CACHE"
            },
            {
              "path": ":spring-jms:compileJava",
              "outcome": "FROM_CACHE"
            },
            {
              "path": ":spring-jms:compileTestFixturesJava",
              "outcome": "NO_SOURCE"
            },
            {
              "path": ":spring-jms:compileTestJava",
              "outcome": "FROM_CACHE"
            },
            {
              "path": ":spring-jms:processTestResources",
              "outcome": "EXECUTED"
            },
            {
              "path": ":spring-jms:testClasses",
              "outcome": "EXECUTED"
            },
            {
              "path": ":spring-messaging:checkKotlinGradlePluginConfigurationErrors",
              "outcome": "SKIPPED"
            },
            {
              "path": ":spring-messaging:compileJava",
              "outcome": "FROM_CACHE"
            },
            {
              "path": ":spring-messaging:compileKotlin",
              "outcome": "FROM_CACHE"
            },
            {
              "path": ":spring-oxm:compileJava",
              "outcome": "FROM_CACHE"
            },
            {
              "path": ":spring-tx:checkKotlinGradlePluginConfigurationErrors",
              "outcome": "SKIPPED"
            },
            {
              "path": ":spring-tx:classes",
              "outcome": "EXECUTED"
            },
            {
              "path": ":spring-tx:compileJava",
              "outcome": "FROM_CACHE"
            },
            {
              "path": ":spring-tx:compileKotlin",
              "outcome": "FROM_CACHE"
            },
            {
              "path": ":spring-tx:compileTestFixturesJava",
              "outcome": "FROM_CACHE"
            },
            {
              "path": ":spring-tx:compileTestFixturesKotlin",
              "outcome": "NO_SOURCE"
            },
            {
              "path": ":spring-tx:jar",
              "outcome": "EXECUTED"
            },
            {
              "path": ":spring-tx:processResources",
              "outcome": "EXECUTED"
            }
          ]
        },
        "hostPressure": {
          "available": true,
          "cpuSomeTotalUs": 28721,
          "memorySomeTotalUs": 0,
          "memoryFullTotalUs": 0,
          "ioSomeTotalUs": 6711644,
          "ioFullTotalUs": 5891250
        }
      },
      {
        "phase": "TARGET_WORKLOAD_STABILIZATION",
        "durationMs": 12710,
        "logSha256": "bcdf40759786f365c59e690898e13dca36a2ff01e09ae42f7078e61d75a84a1e",
        "taskOutcomes": {
          "total": 56,
          "executed": 14,
          "fromCache": 26,
          "upToDate": 2,
          "noSource": 7,
          "skipped": 7,
          "fingerprintSha256": "af08640256e4ce968a02546a34fd5e7b170359e73fd1255332a0b813d6a2b3f6",
          "tasks": [
            {
              "path": ":buildSrc:check",
              "outcome": "UP_TO_DATE"
            },
            {
              "path": ":buildSrc:checkstyleMain",
              "outcome": "FROM_CACHE"
            },
            {
              "path": ":buildSrc:checkstyleTest",
              "outcome": "FROM_CACHE"
            },
            {
              "path": ":buildSrc:classes",
              "outcome": "EXECUTED"
            },
            {
              "path": ":buildSrc:compileGroovy",
              "outcome": "NO_SOURCE"
            },
            {
              "path": ":buildSrc:compileJava",
              "outcome": "FROM_CACHE"
            },
            {
              "path": ":buildSrc:compileTestGroovy",
              "outcome": "NO_SOURCE"
            },
            {
              "path": ":buildSrc:compileTestJava",
              "outcome": "FROM_CACHE"
            },
            {
              "path": ":buildSrc:jar",
              "outcome": "EXECUTED"
            },
            {
              "path": ":buildSrc:pluginDescriptors",
              "outcome": "EXECUTED"
            },
            {
              "path": ":buildSrc:pluginUnderTestMetadata",
              "outcome": "EXECUTED"
            },
            {
              "path": ":buildSrc:processResources",
              "outcome": "EXECUTED"
            },
            {
              "path": ":buildSrc:processTestResources",
              "outcome": "NO_SOURCE"
            },
            {
              "path": ":buildSrc:test",
              "outcome": "FROM_CACHE"
            },
            {
              "path": ":buildSrc:testClasses",
              "outcome": "UP_TO_DATE"
            },
            {
              "path": ":buildSrc:validatePlugins",
              "outcome": "FROM_CACHE"
            },
            {
              "path": ":spring-aop:checkKotlinGradlePluginConfigurationErrors",
              "outcome": "SKIPPED"
            },
            {
              "path": ":spring-aop:compileJava",
              "outcome": "FROM_CACHE"
            },
            {
              "path": ":spring-aop:compileKotlin",
              "outcome": "NO_SOURCE"
            },
            {
              "path": ":spring-beans:checkKotlinGradlePluginConfigurationErrors",
              "outcome": "SKIPPED"
            },
            {
              "path": ":spring-beans:classes",
              "outcome": "EXECUTED"
            },
            {
              "path": ":spring-beans:compileJava",
              "outcome": "FROM_CACHE"
            },
            {
              "path": ":spring-beans:compileKotlin",
              "outcome": "FROM_CACHE"
            },
            {
              "path": ":spring-beans:compileTestFixturesJava",
              "outcome": "FROM_CACHE"
            },
            {
              "path": ":spring-beans:compileTestFixturesKotlin",
              "outcome": "FROM_CACHE"
            },
            {
              "path": ":spring-beans:jar",
              "outcome": "EXECUTED"
            },
            {
              "path": ":spring-beans:processResources",
              "outcome": "EXECUTED"
            },
            {
              "path": ":spring-context:checkKotlinGradlePluginConfigurationErrors",
              "outcome": "SKIPPED"
            },
            {
              "path": ":spring-context:compileJava",
              "outcome": "FROM_CACHE"
            },
            {
              "path": ":spring-context:compileKotlin",
              "outcome": "FROM_CACHE"
            },
            {
              "path": ":spring-core:checkKotlinGradlePluginConfigurationErrors",
              "outcome": "SKIPPED"
            },
            {
              "path": ":spring-core:compileJava",
              "outcome": "FROM_CACHE"
            },
            {
              "path": ":spring-core:compileKotlin",
              "outcome": "FROM_CACHE"
            },
            {
              "path": ":spring-core:javapoetRepackJar",
              "outcome": "FROM_CACHE"
            },
            {
              "path": ":spring-core:objenesisRepackJar",
              "outcome": "FROM_CACHE"
            },
            {
              "path": ":spring-expression:checkKotlinGradlePluginConfigurationErrors",
              "outcome": "SKIPPED"
            },
            {
              "path": ":spring-expression:compileJava",
              "outcome": "FROM_CACHE"
            },
            {
              "path": ":spring-expression:compileKotlin",
              "outcome": "NO_SOURCE"
            },
            {
              "path": ":spring-instrument:compileJava",
              "outcome": "FROM_CACHE"
            },
            {
              "path": ":spring-jms:compileJava",
              "outcome": "EXECUTED"
            },
            {
              "path": ":spring-jms:compileTestFixturesJava",
              "outcome": "NO_SOURCE"
            },
            {
              "path": ":spring-jms:compileTestJava",
              "outcome": "FROM_CACHE"
            },
            {
              "path": ":spring-jms:processTestResources",
              "outcome": "EXECUTED"
            },
            {
              "path": ":spring-jms:testClasses",
              "outcome": "EXECUTED"
            },
            {
              "path": ":spring-messaging:checkKotlinGradlePluginConfigurationErrors",
              "outcome": "SKIPPED"
            },
            {
              "path": ":spring-messaging:compileJava",
              "outcome": "FROM_CACHE"
            },
            {
              "path": ":spring-messaging:compileKotlin",
              "outcome": "FROM_CACHE"
            },
            {
              "path": ":spring-oxm:compileJava",
              "outcome": "FROM_CACHE"
            },
            {
              "path": ":spring-tx:checkKotlinGradlePluginConfigurationErrors",
              "outcome": "SKIPPED"
            },
            {
              "path": ":spring-tx:classes",
              "outcome": "EXECUTED"
            },
            {
              "path": ":spring-tx:compileJava",
              "outcome": "FROM_CACHE"
            },
            {
              "path": ":spring-tx:compileKotlin",
              "outcome": "FROM_CACHE"
            },
            {
              "path": ":spring-tx:compileTestFixturesJava",
              "outcome": "FROM_CACHE"
            },
            {
              "path": ":spring-tx:compileTestFixturesKotlin",
              "outcome": "NO_SOURCE"
            },
            {
              "path": ":spring-tx:jar",
              "outcome": "EXECUTED"
            },
            {
              "path": ":spring-tx:processResources",
              "outcome": "EXECUTED"
            }
          ]
        },
        "hostPressure": {
          "available": true,
          "cpuSomeTotalUs": 42277,
          "memorySomeTotalUs": 2439,
          "memoryFullTotalUs": 2438,
          "ioSomeTotalUs": 9744793,
          "ioFullTotalUs": 8104536
        }
      }
    ]
  },
  "observations": [
    {
      "pair": 1,
      "order": "CONTROL_FIRST",
      "controlDurationMs": 15711,
      "candidateDurationMs": 13318,
      "savedMs": 2393,
      "controlRequiredOutputSha256": "c1de7856f3bfbec061af1a6a147e489da0bd960aca43bf326e51372c2ca5d629",
      "candidateRequiredOutputSha256": "c1de7856f3bfbec061af1a6a147e489da0bd960aca43bf326e51372c2ca5d629",
      "requiredOutputCount": 378,
      "productAttributableFailure": false,
      "controlLogSha256": "4051b26ebf29220c21f72b4e4bd24198b106aeb6b63b4828ca114dedc5016f1d",
      "candidateLogSha256": "e0a06ebbad6946d4fa68f601e6156dbcdb7370a7c096ba2e0108082b3ac97710",
      "controlTaskOutcomes": {
        "total": 305,
        "executed": 109,
        "fromCache": 89,
        "upToDate": 23,
        "noSource": 65,
        "skipped": 19,
        "fingerprintSha256": "85399d45cd2d3615162148545d5babb68fb708dbdd29a2e2991b8e65724ce6a7",
        "tasks": [
          {
            "path": ":buildSrc:check",
            "outcome": "UP_TO_DATE"
          },
          {
            "path": ":buildSrc:checkstyleMain",
            "outcome": "FROM_CACHE"
          },
          {
            "path": ":buildSrc:checkstyleTest",
            "outcome": "FROM_CACHE"
          },
          {
            "path": ":buildSrc:classes",
            "outcome": "EXECUTED"
          },
          {
            "path": ":buildSrc:compileGroovy",
            "outcome": "NO_SOURCE"
          },
          {
            "path": ":buildSrc:compileJava",
            "outcome": "FROM_CACHE"
          },
          {
            "path": ":buildSrc:compileTestGroovy",
            "outcome": "NO_SOURCE"
          },
          {
            "path": ":buildSrc:compileTestJava",
            "outcome": "FROM_CACHE"
          },
          {
            "path": ":buildSrc:jar",
            "outcome": "EXECUTED"
          },
          {
            "path": ":buildSrc:pluginDescriptors",
            "outcome": "EXECUTED"
          },
          {
            "path": ":buildSrc:pluginUnderTestMetadata",
            "outcome": "EXECUTED"
          },
          {
            "path": ":buildSrc:processResources",
            "outcome": "EXECUTED"
          },
          {
            "path": ":buildSrc:processTestResources",
            "outcome": "NO_SOURCE"
          },
          {
            "path": ":buildSrc:test",
            "outcome": "FROM_CACHE"
          },
          {
            "path": ":buildSrc:testClasses",
            "outcome": "UP_TO_DATE"
          },
          {
            "path": ":buildSrc:validatePlugins",
            "outcome": "FROM_CACHE"
          },
          {
            "path": ":classes",
            "outcome": "UP_TO_DATE"
          },
          {
            "path": ":compileJava",
            "outcome": "NO_SOURCE"
          },
          {
            "path": ":compileTestFixturesJava",
            "outcome": "NO_SOURCE"
          },
          {
            "path": ":compileTestJava",
            "outcome": "NO_SOURCE"
          },
          {
            "path": ":framework-docs:checkKotlinGradlePluginConfigurationErrors",
            "outcome": "SKIPPED"
          },
          {
            "path": ":framework-docs:classes",
            "outcome": "EXECUTED"
          },
          {
            "path": ":framework-docs:compileJava",
            "outcome": "FROM_CACHE"
          },
          {
            "path": ":framework-docs:compileKotlin",
            "outcome": "FROM_CACHE"
          },
          {
            "path": ":framework-docs:compileTestJava",
            "outcome": "NO_SOURCE"
          },
          {
            "path": ":framework-docs:compileTestKotlin",
            "outcome": "NO_SOURCE"
          },
          {
            "path": ":framework-docs:jar",
            "outcome": "SKIPPED"
          },
          {
            "path": ":framework-docs:processResources",
            "outcome": "EXECUTED"
          },
          {
            "path": ":framework-docs:processTestResources",
            "outcome": "NO_SOURCE"
          },
          {
            "path": ":framework-docs:testClasses",
            "outcome": "UP_TO_DATE"
          },
          {
            "path": ":integration-tests:checkKotlinGradlePluginConfigurationErrors",
            "outcome": "SKIPPED"
          },
          {
            "path": ":integration-tests:classes",
            "outcome": "UP_TO_DATE"
          },
          {
            "path": ":integration-tests:compileJava",
            "outcome": "NO_SOURCE"
          },
          {
            "path": ":integration-tests:compileKotlin",
            "outcome": "NO_SOURCE"
          },
          {
            "path": ":integration-tests:compileTestFixturesJava",
            "outcome": "NO_SOURCE"
          },
          {
            "path": ":integration-tests:compileTestFixturesKotlin",
            "outcome": "NO_SOURCE"
          },
          {
            "path": ":integration-tests:compileTestJava",
            "outcome": "FROM_CACHE"
          },
          {
            "path": ":integration-tests:compileTestKotlin",
            "outcome": "FROM_CACHE"
          },
          {
            "path": ":integration-tests:jar",
            "outcome": "EXECUTED"
          },
          {
            "path": ":integration-tests:processResources",
            "outcome": "NO_SOURCE"
          },
          {
            "path": ":integration-tests:processTestFixturesResources",
            "outcome": "NO_SOURCE"
          },
          {
            "path": ":integration-tests:processTestResources",
            "outcome": "EXECUTED"
          },
          {
            "path": ":integration-tests:testClasses",
            "outcome": "EXECUTED"
          },
          {
            "path": ":integration-tests:testFixturesClasses",
            "outcome": "UP_TO_DATE"
          },
          {
            "path": ":integration-tests:testFixturesJar",
            "outcome": "EXECUTED"
          },
          {
            "path": ":jar",
            "outcome": "EXECUTED"
          },
          {
            "path": ":processResources",
            "outcome": "NO_SOURCE"
          },
          {
            "path": ":processTestResources",
            "outcome": "NO_SOURCE"
          },
          {
            "path": ":spring-aop:checkKotlinGradlePluginConfigurationErrors",
            "outcome": "SKIPPED"
          },
          {
            "path": ":spring-aop:classes",
            "outcome": "EXECUTED"
          },
          {
            "path": ":spring-aop:compileJava",
            "outcome": "FROM_CACHE"
          },
          {
            "path": ":spring-aop:compileKotlin",
            "outcome": "NO_SOURCE"
          },
          {
            "path": ":spring-aop:compileTestFixturesJava",
            "outcome": "FROM_CACHE"
          },
          {
            "path": ":spring-aop:compileTestFixturesKotlin",
            "outcome": "NO_SOURCE"
          },
          {
            "path": ":spring-aop:compileTestJava",
            "outcome": "FROM_CACHE"
          },
          {
            "path": ":spring-aop:compileTestKotlin",
            "outcome": "FROM_CACHE"
          },
          {
            "path": ":spring-aop:jar",
            "outcome": "EXECUTED"
          },
          {
            "path": ":spring-aop:processResources",
            "outcome": "EXECUTED"
          },
          {
            "path": ":spring-aop:processTestFixturesResources",
            "outcome": "NO_SOURCE"
          },
          {
            "path": ":spring-aop:processTestResources",
            "outcome": "EXECUTED"
          },
          {
            "path": ":spring-aop:testClasses",
            "outcome": "EXECUTED"
          },
          {
            "path": ":spring-aop:testFixturesClasses",
            "outcome": "UP_TO_DATE"
          },
          {
            "path": ":spring-aop:testFixturesJar",
            "outcome": "EXECUTED"
          },
          {
            "path": ":spring-aspects:classes",
            "outcome": "EXECUTED"
          },
          {
            "path": ":spring-aspects:compileAspectj",
            "outcome": "FROM_CACHE"
          },
          {
            "path": ":spring-aspects:compileJava",
            "outcome": "SKIPPED"
          },
          {
            "path": ":spring-aspects:compileTestAspectj",
            "outcome": "FROM_CACHE"
          },
          {
            "path": ":spring-aspects:compileTestFixturesAspectj",
            "outcome": "NO_SOURCE"
          },
          {
            "path": ":spring-aspects:compileTestFixturesJava",
            "outcome": "SKIPPED"
          },
          {
            "path": ":spring-aspects:compileTestJava",
            "outcome": "SKIPPED"
          },
          {
            "path": ":spring-aspects:processResources",
            "outcome": "EXECUTED"
          },
          {
            "path": ":spring-aspects:processTestResources",
            "outcome": "EXECUTED"
          },
          {
            "path": ":spring-aspects:testClasses",
            "outcome": "EXECUTED"
          },
          {
            "path": ":spring-beans:checkKotlinGradlePluginConfigurationErrors",
            "outcome": "SKIPPED"
          },
          {
            "path": ":spring-beans:classes",
            "outcome": "EXECUTED"
          },
          {
            "path": ":spring-beans:compileJava",
            "outcome": "FROM_CACHE"
          },
          {
            "path": ":spring-beans:compileKotlin",
            "outcome": "FROM_CACHE"
          },
          {
            "path": ":spring-beans:compileTestFixturesJava",
            "outcome": "FROM_CACHE"
          },
          {
            "path": ":spring-beans:compileTestFixturesKotlin",
            "outcome": "FROM_CACHE"
          },
          {
            "path": ":spring-beans:compileTestJava",
            "outcome": "FROM_CACHE"
          },
          {
            "path": ":spring-beans:compileTestKotlin",
            "outcome": "FROM_CACHE"
          },
          {
            "path": ":spring-beans:jar",
            "outcome": "EXECUTED"
          },
          {
            "path": ":spring-beans:processResources",
            "outcome": "EXECUTED"
          },
          {
            "path": ":spring-beans:processTestFixturesResources",
            "outcome": "EXECUTED"
          },
          {
            "path": ":spring-beans:processTestResources",
            "outcome": "EXECUTED"
          },
          {
            "path": ":spring-beans:testClasses",
            "outcome": "EXECUTED"
          },
          {
            "path": ":spring-beans:testFixturesClasses",
            "outcome": "EXECUTED"
          },
          {
            "path": ":spring-beans:testFixturesJar",
            "outcome": "EXECUTED"
          },
          {
            "path": ":spring-context-indexer:compileJava",
            "outcome": "FROM_CACHE"
          },
          {
            "path": ":spring-context-indexer:compileTestFixturesJava",
            "outcome": "NO_SOURCE"
          },
          {
            "path": ":spring-context-indexer:compileTestJava",
            "outcome": "FROM_CACHE"
          },
          {
            "path": ":spring-context-indexer:processTestResources",
            "outcome": "NO_SOURCE"
          },
          {
            "path": ":spring-context-indexer:testClasses",
            "outcome": "UP_TO_DATE"
          },
          {
            "path": ":spring-context-support:compileJava",
            "outcome": "FROM_CACHE"
          },
          {
            "path": ":spring-context-support:compileTestFixturesJava",
            "outcome": "FROM_CACHE"
          },
          {
            "path": ":spring-context-support:compileTestJava",
            "outcome": "FROM_CACHE"
          },
          {
            "path": ":spring-context-support:processTestResources",
            "outcome": "EXECUTED"
          },
          {
            "path": ":spring-context-support:testClasses",
            "outcome": "EXECUTED"
          },
          {
            "path": ":spring-context:checkKotlinGradlePluginConfigurationErrors",
            "outcome": "SKIPPED"
          },
          {
            "path": ":spring-context:classes",
            "outcome": "EXECUTED"
          },
          {
            "path": ":spring-context:compileJava",
            "outcome": "FROM_CACHE"
          },
          {
            "path": ":spring-context:compileKotlin",
            "outcome": "FROM_CACHE"
          },
          {
            "path": ":spring-context:compileTestFixturesJava",
            "outcome": "FROM_CACHE"
          },
          {
            "path": ":spring-context:compileTestFixturesKotlin",
            "outcome": "NO_SOURCE"
          },
          {
            "path": ":spring-context:compileTestJava",
            "outcome": "FROM_CACHE"
          },
          {
            "path": ":spring-context:compileTestKotlin",
            "outcome": "FROM_CACHE"
          },
          {
            "path": ":spring-context:jar",
            "outcome": "EXECUTED"
          },
          {
            "path": ":spring-context:processResources",
            "outcome": "EXECUTED"
          },
          {
            "path": ":spring-context:processTestFixturesResources",
            "outcome": "NO_SOURCE"
          },
          {
            "path": ":spring-context:processTestResources",
            "outcome": "EXECUTED"
          },
          {
            "path": ":spring-context:testClasses",
            "outcome": "EXECUTED"
          },
          {
            "path": ":spring-context:testFixturesClasses",
            "outcome": "UP_TO_DATE"
          },
          {
            "path": ":spring-context:testFixturesJar",
            "outcome": "EXECUTED"
          },
          {
            "path": ":spring-core-test:compileJava",
            "outcome": "FROM_CACHE"
          },
          {
            "path": ":spring-core-test:compileTestFixturesJava",
            "outcome": "NO_SOURCE"
          },
          {
            "path": ":spring-core-test:compileTestJava",
            "outcome": "FROM_CACHE"
          },
          {
            "path": ":spring-core-test:processTestResources",
            "outcome": "EXECUTED"
          },
          {
            "path": ":spring-core-test:testClasses",
            "outcome": "EXECUTED"
          },
          {
            "path": ":spring-core:checkKotlinGradlePluginConfigurationErrors",
            "outcome": "SKIPPED"
          },
          {
            "path": ":spring-core:classes",
            "outcome": "EXECUTED"
          },
          {
            "path": ":spring-core:compileJava",
            "outcome": "FROM_CACHE"
          },
          {
            "path": ":spring-core:compileJava21Java",
            "outcome": "FROM_CACHE"
          },
          {
            "path": ":spring-core:compileJava21Kotlin",
            "outcome": "NO_SOURCE"
          },
          {
            "path": ":spring-core:compileJava24Java",
            "outcome": "FROM_CACHE"
          },
          {
            "path": ":spring-core:compileJava24Kotlin",
            "outcome": "NO_SOURCE"
          },
          {
            "path": ":spring-core:compileKotlin",
            "outcome": "FROM_CACHE"
          },
          {
            "path": ":spring-core:compileTestFixturesJava",
            "outcome": "FROM_CACHE"
          },
          {
            "path": ":spring-core:compileTestFixturesKotlin",
            "outcome": "NO_SOURCE"
          },
          {
            "path": ":spring-core:compileTestJava",
            "outcome": "FROM_CACHE"
          },
          {
            "path": ":spring-core:compileTestKotlin",
            "outcome": "FROM_CACHE"
          },
          {
            "path": ":spring-core:jar",
            "outcome": "EXECUTED"
          },
          {
            "path": ":spring-core:java21Classes",
            "outcome": "UP_TO_DATE"
          },
          {
            "path": ":spring-core:java24Classes",
            "outcome": "UP_TO_DATE"
          },
          {
            "path": ":spring-core:javapoetRepackJar",
            "outcome": "FROM_CACHE"
          },
          {
            "path": ":spring-core:objenesisRepackJar",
            "outcome": "FROM_CACHE"
          },
          {
            "path": ":spring-core:processJava21Resources",
            "outcome": "NO_SOURCE"
          },
          {
            "path": ":spring-core:processJava24Resources",
            "outcome": "NO_SOURCE"
          },
          {
            "path": ":spring-core:processResources",
            "outcome": "EXECUTED"
          },
          {
            "path": ":spring-core:processTestFixturesResources",
            "outcome": "NO_SOURCE"
          },
          {
            "path": ":spring-core:processTestResources",
            "outcome": "EXECUTED"
          },
          {
            "path": ":spring-core:testClasses",
            "outcome": "EXECUTED"
          },
          {
            "path": ":spring-core:testFixturesClasses",
            "outcome": "UP_TO_DATE"
          },
          {
            "path": ":spring-core:testFixturesJar",
            "outcome": "EXECUTED"
          },
          {
            "path": ":spring-expression:checkKotlinGradlePluginConfigurationErrors",
            "outcome": "SKIPPED"
          },
          {
            "path": ":spring-expression:classes",
            "outcome": "UP_TO_DATE"
          },
          {
            "path": ":spring-expression:compileJava",
            "outcome": "FROM_CACHE"
          },
          {
            "path": ":spring-expression:compileKotlin",
            "outcome": "NO_SOURCE"
          },
          {
            "path": ":spring-expression:compileTestFixturesJava",
            "outcome": "NO_SOURCE"
          },
          {
            "path": ":spring-expression:compileTestFixturesKotlin",
            "outcome": "NO_SOURCE"
          },
          {
            "path": ":spring-expression:compileTestJava",
            "outcome": "FROM_CACHE"
          },
          {
            "path": ":spring-expression:compileTestKotlin",
            "outcome": "FROM_CACHE"
          },
          {
            "path": ":spring-expression:jar",
            "outcome": "EXECUTED"
          },
          {
            "path": ":spring-expression:processResources",
            "outcome": "NO_SOURCE"
          },
          {
            "path": ":spring-expression:processTestFixturesResources",
            "outcome": "NO_SOURCE"
          },
          {
            "path": ":spring-expression:processTestResources",
            "outcome": "EXECUTED"
          },
          {
            "path": ":spring-expression:testClasses",
            "outcome": "EXECUTED"
          },
          {
            "path": ":spring-expression:testFixturesClasses",
            "outcome": "UP_TO_DATE"
          },
          {
            "path": ":spring-expression:testFixturesJar",
            "outcome": "EXECUTED"
          },
          {
            "path": ":spring-instrument:compileJava",
            "outcome": "FROM_CACHE"
          },
          {
            "path": ":spring-instrument:compileTestFixturesJava",
            "outcome": "NO_SOURCE"
          },
          {
            "path": ":spring-instrument:compileTestJava",
            "outcome": "NO_SOURCE"
          },
          {
            "path": ":spring-instrument:processTestResources",
            "outcome": "NO_SOURCE"
          },
          {
            "path": ":spring-instrument:testClasses",
            "outcome": "UP_TO_DATE"
          },
          {
            "path": ":spring-jdbc:checkKotlinGradlePluginConfigurationErrors",
            "outcome": "SKIPPED"
          },
          {
            "path": ":spring-jdbc:classes",
            "outcome": "EXECUTED"
          },
          {
            "path": ":spring-jdbc:compileJava",
            "outcome": "FROM_CACHE"
          },
          {
            "path": ":spring-jdbc:compileKotlin",
            "outcome": "FROM_CACHE"
          },
          {
            "path": ":spring-jdbc:compileTestFixturesJava",
            "outcome": "NO_SOURCE"
          },
          {
            "path": ":spring-jdbc:compileTestFixturesKotlin",
            "outcome": "NO_SOURCE"
          },
          {
            "path": ":spring-jdbc:compileTestJava",
            "outcome": "FROM_CACHE"
          },
          {
            "path": ":spring-jdbc:compileTestKotlin",
            "outcome": "FROM_CACHE"
          },
          {
            "path": ":spring-jdbc:jar",
            "outcome": "EXECUTED"
          },
          {
            "path": ":spring-jdbc:processResources",
            "outcome": "EXECUTED"
          },
          {
            "path": ":spring-jdbc:processTestFixturesResources",
            "outcome": "NO_SOURCE"
          },
          {
            "path": ":spring-jdbc:processTestResources",
            "outcome": "EXECUTED"
          },
          {
            "path": ":spring-jdbc:testClasses",
            "outcome": "EXECUTED"
          },
          {
            "path": ":spring-jdbc:testFixturesClasses",
            "outcome": "UP_TO_DATE"
          },
          {
            "path": ":spring-jdbc:testFixturesJar",
            "outcome": "EXECUTED"
          },
          {
            "path": ":spring-jms:compileJava",
            "outcome": "EXECUTED"
          },
          {
            "path": ":spring-jms:compileTestFixturesJava",
            "outcome": "NO_SOURCE"
          },
          {
            "path": ":spring-jms:compileTestJava",
            "outcome": "FROM_CACHE"
          },
          {
            "path": ":spring-jms:processTestResources",
            "outcome": "EXECUTED"
          },
          {
            "path": ":spring-jms:testClasses",
            "outcome": "EXECUTED"
          },
          {
            "path": ":spring-messaging:checkKotlinGradlePluginConfigurationErrors",
            "outcome": "SKIPPED"
          },
          {
            "path": ":spring-messaging:classes",
            "outcome": "EXECUTED"
          },
          {
            "path": ":spring-messaging:compileJava",
            "outcome": "FROM_CACHE"
          },
          {
            "path": ":spring-messaging:compileKotlin",
            "outcome": "FROM_CACHE"
          },
          {
            "path": ":spring-messaging:compileTestFixturesJava",
            "outcome": "NO_SOURCE"
          },
          {
            "path": ":spring-messaging:compileTestFixturesKotlin",
            "outcome": "NO_SOURCE"
          },
          {
            "path": ":spring-messaging:compileTestJava",
            "outcome": "FROM_CACHE"
          },
          {
            "path": ":spring-messaging:compileTestKotlin",
            "outcome": "FROM_CACHE"
          },
          {
            "path": ":spring-messaging:jar",
            "outcome": "EXECUTED"
          },
          {
            "path": ":spring-messaging:processResources",
            "outcome": "EXECUTED"
          },
          {
            "path": ":spring-messaging:processTestFixturesResources",
            "outcome": "NO_SOURCE"
          },
          {
            "path": ":spring-messaging:processTestResources",
            "outcome": "EXECUTED"
          },
          {
            "path": ":spring-messaging:testClasses",
            "outcome": "EXECUTED"
          },
          {
            "path": ":spring-messaging:testFixturesClasses",
            "outcome": "UP_TO_DATE"
          },
          {
            "path": ":spring-messaging:testFixturesJar",
            "outcome": "EXECUTED"
          },
          {
            "path": ":spring-orm:compileJava",
            "outcome": "FROM_CACHE"
          },
          {
            "path": ":spring-orm:compileTestFixturesJava",
            "outcome": "NO_SOURCE"
          },
          {
            "path": ":spring-orm:compileTestJava",
            "outcome": "FROM_CACHE"
          },
          {
            "path": ":spring-orm:processTestResources",
            "outcome": "EXECUTED"
          },
          {
            "path": ":spring-orm:testClasses",
            "outcome": "EXECUTED"
          },
          {
            "path": ":spring-oxm:compileJava",
            "outcome": "FROM_CACHE"
          },
          {
            "path": ":spring-oxm:compileTestFixturesJava",
            "outcome": "NO_SOURCE"
          },
          {
            "path": ":spring-oxm:compileTestJava",
            "outcome": "FROM_CACHE"
          },
          {
            "path": ":spring-oxm:processTestResources",
            "outcome": "EXECUTED"
          },
          {
            "path": ":spring-oxm:testClasses",
            "outcome": "EXECUTED"
          },
          {
            "path": ":spring-oxm:xjc",
            "outcome": "FROM_CACHE"
          },
          {
            "path": ":spring-r2dbc:checkKotlinGradlePluginConfigurationErrors",
            "outcome": "SKIPPED"
          },
          {
            "path": ":spring-r2dbc:classes",
            "outcome": "EXECUTED"
          },
          {
            "path": ":spring-r2dbc:compileJava",
            "outcome": "FROM_CACHE"
          },
          {
            "path": ":spring-r2dbc:compileKotlin",
            "outcome": "FROM_CACHE"
          },
          {
            "path": ":spring-r2dbc:compileTestFixturesJava",
            "outcome": "NO_SOURCE"
          },
          {
            "path": ":spring-r2dbc:compileTestFixturesKotlin",
            "outcome": "NO_SOURCE"
          },
          {
            "path": ":spring-r2dbc:compileTestJava",
            "outcome": "FROM_CACHE"
          },
          {
            "path": ":spring-r2dbc:compileTestKotlin",
            "outcome": "FROM_CACHE"
          },
          {
            "path": ":spring-r2dbc:jar",
            "outcome": "EXECUTED"
          },
          {
            "path": ":spring-r2dbc:processResources",
            "outcome": "EXECUTED"
          },
          {
            "path": ":spring-r2dbc:processTestFixturesResources",
            "outcome": "NO_SOURCE"
          },
          {
            "path": ":spring-r2dbc:processTestResources",
            "outcome": "EXECUTED"
          },
          {
            "path": ":spring-r2dbc:testClasses",
            "outcome": "EXECUTED"
          },
          {
            "path": ":spring-r2dbc:testFixturesClasses",
            "outcome": "UP_TO_DATE"
          },
          {
            "path": ":spring-r2dbc:testFixturesJar",
            "outcome": "EXECUTED"
          },
          {
            "path": ":spring-test:checkKotlinGradlePluginConfigurationErrors",
            "outcome": "SKIPPED"
          },
          {
            "path": ":spring-test:classes",
            "outcome": "EXECUTED"
          },
          {
            "path": ":spring-test:compileJava",
            "outcome": "FROM_CACHE"
          },
          {
            "path": ":spring-test:compileKotlin",
            "outcome": "FROM_CACHE"
          },
          {
            "path": ":spring-test:compileTestFixturesJava",
            "outcome": "NO_SOURCE"
          },
          {
            "path": ":spring-test:compileTestFixturesKotlin",
            "outcome": "NO_SOURCE"
          },
          {
            "path": ":spring-test:compileTestJava",
            "outcome": "FROM_CACHE"
          },
          {
            "path": ":spring-test:compileTestKotlin",
            "outcome": "FROM_CACHE"
          },
          {
            "path": ":spring-test:jar",
            "outcome": "EXECUTED"
          },
          {
            "path": ":spring-test:processResources",
            "outcome": "EXECUTED"
          },
          {
            "path": ":spring-test:processTestFixturesResources",
            "outcome": "NO_SOURCE"
          },
          {
            "path": ":spring-test:processTestResources",
            "outcome": "EXECUTED"
          },
          {
            "path": ":spring-test:testClasses",
            "outcome": "EXECUTED"
          },
          {
            "path": ":spring-test:testFixturesClasses",
            "outcome": "UP_TO_DATE"
          },
          {
            "path": ":spring-test:testFixturesJar",
            "outcome": "EXECUTED"
          },
          {
            "path": ":spring-tx:checkKotlinGradlePluginConfigurationErrors",
            "outcome": "SKIPPED"
          },
          {
            "path": ":spring-tx:classes",
            "outcome": "EXECUTED"
          },
          {
            "path": ":spring-tx:compileJava",
            "outcome": "FROM_CACHE"
          },
          {
            "path": ":spring-tx:compileKotlin",
            "outcome": "FROM_CACHE"
          },
          {
            "path": ":spring-tx:compileTestFixturesJava",
            "outcome": "FROM_CACHE"
          },
          {
            "path": ":spring-tx:compileTestFixturesKotlin",
            "outcome": "NO_SOURCE"
          },
          {
            "path": ":spring-tx:compileTestJava",
            "outcome": "FROM_CACHE"
          },
          {
            "path": ":spring-tx:compileTestKotlin",
            "outcome": "FROM_CACHE"
          },
          {
            "path": ":spring-tx:jar",
            "outcome": "EXECUTED"
          },
          {
            "path": ":spring-tx:processResources",
            "outcome": "EXECUTED"
          },
          {
            "path": ":spring-tx:processTestFixturesResources",
            "outcome": "NO_SOURCE"
          },
          {
            "path": ":spring-tx:processTestResources",
            "outcome": "EXECUTED"
          },
          {
            "path": ":spring-tx:testClasses",
            "outcome": "EXECUTED"
          },
          {
            "path": ":spring-tx:testFixturesClasses",
            "outcome": "UP_TO_DATE"
          },
          {
            "path": ":spring-tx:testFixturesJar",
            "outcome": "EXECUTED"
          },
          {
            "path": ":spring-web:checkKotlinGradlePluginConfigurationErrors",
            "outcome": "SKIPPED"
          },
          {
            "path": ":spring-web:classes",
            "outcome": "EXECUTED"
          },
          {
            "path": ":spring-web:compileJava",
            "outcome": "FROM_CACHE"
          },
          {
            "path": ":spring-web:compileKotlin",
            "outcome": "FROM_CACHE"
          },
          {
            "path": ":spring-web:compileTestFixturesJava",
            "outcome": "FROM_CACHE"
          },
          {
            "path": ":spring-web:compileTestFixturesKotlin",
            "outcome": "NO_SOURCE"
          },
          {
            "path": ":spring-web:compileTestJava",
            "outcome": "FROM_CACHE"
          },
          {
            "path": ":spring-web:compileTestKotlin",
            "outcome": "FROM_CACHE"
          },
          {
            "path": ":spring-web:jar",
            "outcome": "EXECUTED"
          },
          {
            "path": ":spring-web:processResources",
            "outcome": "EXECUTED"
          },
          {
            "path": ":spring-web:processTestFixturesResources",
            "outcome": "EXECUTED"
          },
          {
            "path": ":spring-web:processTestResources",
            "outcome": "EXECUTED"
          },
          {
            "path": ":spring-web:testClasses",
            "outcome": "EXECUTED"
          },
          {
            "path": ":spring-web:testFixturesClasses",
            "outcome": "EXECUTED"
          },
          {
            "path": ":spring-web:testFixturesJar",
            "outcome": "EXECUTED"
          },
          {
            "path": ":spring-webflux:checkKotlinGradlePluginConfigurationErrors",
            "outcome": "SKIPPED"
          },
          {
            "path": ":spring-webflux:classes",
            "outcome": "EXECUTED"
          },
          {
            "path": ":spring-webflux:compileJava",
            "outcome": "FROM_CACHE"
          },
          {
            "path": ":spring-webflux:compileKotlin",
            "outcome": "FROM_CACHE"
          },
          {
            "path": ":spring-webflux:compileTestFixturesJava",
            "outcome": "NO_SOURCE"
          },
          {
            "path": ":spring-webflux:compileTestFixturesKotlin",
            "outcome": "NO_SOURCE"
          },
          {
            "path": ":spring-webflux:compileTestJava",
            "outcome": "FROM_CACHE"
          },
          {
            "path": ":spring-webflux:compileTestKotlin",
            "outcome": "FROM_CACHE"
          },
          {
            "path": ":spring-webflux:jar",
            "outcome": "EXECUTED"
          },
          {
            "path": ":spring-webflux:processResources",
            "outcome": "EXECUTED"
          },
          {
            "path": ":spring-webflux:processTestFixturesResources",
            "outcome": "NO_SOURCE"
          },
          {
            "path": ":spring-webflux:processTestResources",
            "outcome": "EXECUTED"
          },
          {
            "path": ":spring-webflux:testClasses",
            "outcome": "EXECUTED"
          },
          {
            "path": ":spring-webflux:testFixturesClasses",
            "outcome": "UP_TO_DATE"
          },
          {
            "path": ":spring-webflux:testFixturesJar",
            "outcome": "EXECUTED"
          },
          {
            "path": ":spring-webmvc:checkKotlinGradlePluginConfigurationErrors",
            "outcome": "SKIPPED"
          },
          {
            "path": ":spring-webmvc:classes",
            "outcome": "EXECUTED"
          },
          {
            "path": ":spring-webmvc:compileJava",
            "outcome": "FROM_CACHE"
          },
          {
            "path": ":spring-webmvc:compileKotlin",
            "outcome": "FROM_CACHE"
          },
          {
            "path": ":spring-webmvc:compileTestFixturesJava",
            "outcome": "NO_SOURCE"
          },
          {
            "path": ":spring-webmvc:compileTestFixturesKotlin",
            "outcome": "NO_SOURCE"
          },
          {
            "path": ":spring-webmvc:compileTestJava",
            "outcome": "FROM_CACHE"
          },
          {
            "path": ":spring-webmvc:compileTestKotlin",
            "outcome": "FROM_CACHE"
          },
          {
            "path": ":spring-webmvc:jar",
            "outcome": "EXECUTED"
          },
          {
            "path": ":spring-webmvc:processResources",
            "outcome": "EXECUTED"
          },
          {
            "path": ":spring-webmvc:processTestFixturesResources",
            "outcome": "NO_SOURCE"
          },
          {
            "path": ":spring-webmvc:processTestResources",
            "outcome": "EXECUTED"
          },
          {
            "path": ":spring-webmvc:testClasses",
            "outcome": "EXECUTED"
          },
          {
            "path": ":spring-webmvc:testFixturesClasses",
            "outcome": "UP_TO_DATE"
          },
          {
            "path": ":spring-webmvc:testFixturesJar",
            "outcome": "EXECUTED"
          },
          {
            "path": ":spring-websocket:compileJava",
            "outcome": "FROM_CACHE"
          },
          {
            "path": ":spring-websocket:compileTestFixturesJava",
            "outcome": "NO_SOURCE"
          },
          {
            "path": ":spring-websocket:compileTestJava",
            "outcome": "FROM_CACHE"
          },
          {
            "path": ":spring-websocket:processTestResources",
            "outcome": "EXECUTED"
          },
          {
            "path": ":spring-websocket:testClasses",
            "outcome": "EXECUTED"
          },
          {
            "path": ":testClasses",
            "outcome": "UP_TO_DATE"
          }
        ]
      },
      "candidateTaskOutcomes": {
        "total": 56,
        "executed": 14,
        "fromCache": 26,
        "upToDate": 2,
        "noSource": 7,
        "skipped": 7,
        "fingerprintSha256": "af08640256e4ce968a02546a34fd5e7b170359e73fd1255332a0b813d6a2b3f6",
        "tasks": [
          {
            "path": ":buildSrc:check",
            "outcome": "UP_TO_DATE"
          },
          {
            "path": ":buildSrc:checkstyleMain",
            "outcome": "FROM_CACHE"
          },
          {
            "path": ":buildSrc:checkstyleTest",
            "outcome": "FROM_CACHE"
          },
          {
            "path": ":buildSrc:classes",
            "outcome": "EXECUTED"
          },
          {
            "path": ":buildSrc:compileGroovy",
            "outcome": "NO_SOURCE"
          },
          {
            "path": ":buildSrc:compileJava",
            "outcome": "FROM_CACHE"
          },
          {
            "path": ":buildSrc:compileTestGroovy",
            "outcome": "NO_SOURCE"
          },
          {
            "path": ":buildSrc:compileTestJava",
            "outcome": "FROM_CACHE"
          },
          {
            "path": ":buildSrc:jar",
            "outcome": "EXECUTED"
          },
          {
            "path": ":buildSrc:pluginDescriptors",
            "outcome": "EXECUTED"
          },
          {
            "path": ":buildSrc:pluginUnderTestMetadata",
            "outcome": "EXECUTED"
          },
          {
            "path": ":buildSrc:processResources",
            "outcome": "EXECUTED"
          },
          {
            "path": ":buildSrc:processTestResources",
            "outcome": "NO_SOURCE"
          },
          {
            "path": ":buildSrc:test",
            "outcome": "FROM_CACHE"
          },
          {
            "path": ":buildSrc:testClasses",
            "outcome": "UP_TO_DATE"
          },
          {
            "path": ":buildSrc:validatePlugins",
            "outcome": "FROM_CACHE"
          },
          {
            "path": ":spring-aop:checkKotlinGradlePluginConfigurationErrors",
            "outcome": "SKIPPED"
          },
          {
            "path": ":spring-aop:compileJava",
            "outcome": "FROM_CACHE"
          },
          {
            "path": ":spring-aop:compileKotlin",
            "outcome": "NO_SOURCE"
          },
          {
            "path": ":spring-beans:checkKotlinGradlePluginConfigurationErrors",
            "outcome": "SKIPPED"
          },
          {
            "path": ":spring-beans:classes",
            "outcome": "EXECUTED"
          },
          {
            "path": ":spring-beans:compileJava",
            "outcome": "FROM_CACHE"
          },
          {
            "path": ":spring-beans:compileKotlin",
            "outcome": "FROM_CACHE"
          },
          {
            "path": ":spring-beans:compileTestFixturesJava",
            "outcome": "FROM_CACHE"
          },
          {
            "path": ":spring-beans:compileTestFixturesKotlin",
            "outcome": "FROM_CACHE"
          },
          {
            "path": ":spring-beans:jar",
            "outcome": "EXECUTED"
          },
          {
            "path": ":spring-beans:processResources",
            "outcome": "EXECUTED"
          },
          {
            "path": ":spring-context:checkKotlinGradlePluginConfigurationErrors",
            "outcome": "SKIPPED"
          },
          {
            "path": ":spring-context:compileJava",
            "outcome": "FROM_CACHE"
          },
          {
            "path": ":spring-context:compileKotlin",
            "outcome": "FROM_CACHE"
          },
          {
            "path": ":spring-core:checkKotlinGradlePluginConfigurationErrors",
            "outcome": "SKIPPED"
          },
          {
            "path": ":spring-core:compileJava",
            "outcome": "FROM_CACHE"
          },
          {
            "path": ":spring-core:compileKotlin",
            "outcome": "FROM_CACHE"
          },
          {
            "path": ":spring-core:javapoetRepackJar",
            "outcome": "FROM_CACHE"
          },
          {
            "path": ":spring-core:objenesisRepackJar",
            "outcome": "FROM_CACHE"
          },
          {
            "path": ":spring-expression:checkKotlinGradlePluginConfigurationErrors",
            "outcome": "SKIPPED"
          },
          {
            "path": ":spring-expression:compileJava",
            "outcome": "FROM_CACHE"
          },
          {
            "path": ":spring-expression:compileKotlin",
            "outcome": "NO_SOURCE"
          },
          {
            "path": ":spring-instrument:compileJava",
            "outcome": "FROM_CACHE"
          },
          {
            "path": ":spring-jms:compileJava",
            "outcome": "EXECUTED"
          },
          {
            "path": ":spring-jms:compileTestFixturesJava",
            "outcome": "NO_SOURCE"
          },
          {
            "path": ":spring-jms:compileTestJava",
            "outcome": "FROM_CACHE"
          },
          {
            "path": ":spring-jms:processTestResources",
            "outcome": "EXECUTED"
          },
          {
            "path": ":spring-jms:testClasses",
            "outcome": "EXECUTED"
          },
          {
            "path": ":spring-messaging:checkKotlinGradlePluginConfigurationErrors",
            "outcome": "SKIPPED"
          },
          {
            "path": ":spring-messaging:compileJava",
            "outcome": "FROM_CACHE"
          },
          {
            "path": ":spring-messaging:compileKotlin",
            "outcome": "FROM_CACHE"
          },
          {
            "path": ":spring-oxm:compileJava",
            "outcome": "FROM_CACHE"
          },
          {
            "path": ":spring-tx:checkKotlinGradlePluginConfigurationErrors",
            "outcome": "SKIPPED"
          },
          {
            "path": ":spring-tx:classes",
            "outcome": "EXECUTED"
          },
          {
            "path": ":spring-tx:compileJava",
            "outcome": "FROM_CACHE"
          },
          {
            "path": ":spring-tx:compileKotlin",
            "outcome": "FROM_CACHE"
          },
          {
            "path": ":spring-tx:compileTestFixturesJava",
            "outcome": "FROM_CACHE"
          },
          {
            "path": ":spring-tx:compileTestFixturesKotlin",
            "outcome": "NO_SOURCE"
          },
          {
            "path": ":spring-tx:jar",
            "outcome": "EXECUTED"
          },
          {
            "path": ":spring-tx:processResources",
            "outcome": "EXECUTED"
          }
        ]
      },
      "controlHostPressure": {
        "available": true,
        "cpuSomeTotalUs": 85095,
        "memorySomeTotalUs": 3,
        "memoryFullTotalUs": 3,
        "ioSomeTotalUs": 10223787,
        "ioFullTotalUs": 7295232
      },
      "candidateHostPressure": {
        "available": true,
        "cpuSomeTotalUs": 88595,
        "memorySomeTotalUs": 549,
        "memoryFullTotalUs": 549,
        "ioSomeTotalUs": 9739645,
        "ioFullTotalUs": 7580181
      }
    },
    {
      "pair": 2,
      "order": "CANDIDATE_FIRST",
      "controlDurationMs": 13326,
      "candidateDurationMs": 10678,
      "savedMs": 2648,
      "controlRequiredOutputSha256": "c1de7856f3bfbec061af1a6a147e489da0bd960aca43bf326e51372c2ca5d629",
      "candidateRequiredOutputSha256": "c1de7856f3bfbec061af1a6a147e489da0bd960aca43bf326e51372c2ca5d629",
      "requiredOutputCount": 378,
      "productAttributableFailure": false,
      "controlLogSha256": "2309fc370bb0e2e103de8d1250f568e3538a3dd4f8a8ad284b55bded05f8437b",
      "candidateLogSha256": "2af01c193a83b35d5358d5fc6f574c7ac587cbb18f951932f715f285b17c0403",
      "controlTaskOutcomes": {
        "total": 305,
        "executed": 109,
        "fromCache": 89,
        "upToDate": 23,
        "noSource": 65,
        "skipped": 19,
        "fingerprintSha256": "85399d45cd2d3615162148545d5babb68fb708dbdd29a2e2991b8e65724ce6a7",
        "tasks": [
          {
            "path": ":buildSrc:check",
            "outcome": "UP_TO_DATE"
          },
          {
            "path": ":buildSrc:checkstyleMain",
            "outcome": "FROM_CACHE"
          },
          {
            "path": ":buildSrc:checkstyleTest",
            "outcome": "FROM_CACHE"
          },
          {
            "path": ":buildSrc:classes",
            "outcome": "EXECUTED"
          },
          {
            "path": ":buildSrc:compileGroovy",
            "outcome": "NO_SOURCE"
          },
          {
            "path": ":buildSrc:compileJava",
            "outcome": "FROM_CACHE"
          },
          {
            "path": ":buildSrc:compileTestGroovy",
            "outcome": "NO_SOURCE"
          },
          {
            "path": ":buildSrc:compileTestJava",
            "outcome": "FROM_CACHE"
          },
          {
            "path": ":buildSrc:jar",
            "outcome": "EXECUTED"
          },
          {
            "path": ":buildSrc:pluginDescriptors",
            "outcome": "EXECUTED"
          },
          {
            "path": ":buildSrc:pluginUnderTestMetadata",
            "outcome": "EXECUTED"
          },
          {
            "path": ":buildSrc:processResources",
            "outcome": "EXECUTED"
          },
          {
            "path": ":buildSrc:processTestResources",
            "outcome": "NO_SOURCE"
          },
          {
            "path": ":buildSrc:test",
            "outcome": "FROM_CACHE"
          },
          {
            "path": ":buildSrc:testClasses",
            "outcome": "UP_TO_DATE"
          },
          {
            "path": ":buildSrc:validatePlugins",
            "outcome": "FROM_CACHE"
          },
          {
            "path": ":classes",
            "outcome": "UP_TO_DATE"
          },
          {
            "path": ":compileJava",
            "outcome": "NO_SOURCE"
          },
          {
            "path": ":compileTestFixturesJava",
            "outcome": "NO_SOURCE"
          },
          {
            "path": ":compileTestJava",
            "outcome": "NO_SOURCE"
          },
          {
            "path": ":framework-docs:checkKotlinGradlePluginConfigurationErrors",
            "outcome": "SKIPPED"
          },
          {
            "path": ":framework-docs:classes",
            "outcome": "EXECUTED"
          },
          {
            "path": ":framework-docs:compileJava",
            "outcome": "FROM_CACHE"
          },
          {
            "path": ":framework-docs:compileKotlin",
            "outcome": "FROM_CACHE"
          },
          {
            "path": ":framework-docs:compileTestJava",
            "outcome": "NO_SOURCE"
          },
          {
            "path": ":framework-docs:compileTestKotlin",
            "outcome": "NO_SOURCE"
          },
          {
            "path": ":framework-docs:jar",
            "outcome": "SKIPPED"
          },
          {
            "path": ":framework-docs:processResources",
            "outcome": "EXECUTED"
          },
          {
            "path": ":framework-docs:processTestResources",
            "outcome": "NO_SOURCE"
          },
          {
            "path": ":framework-docs:testClasses",
            "outcome": "UP_TO_DATE"
          },
          {
            "path": ":integration-tests:checkKotlinGradlePluginConfigurationErrors",
            "outcome": "SKIPPED"
          },
          {
            "path": ":integration-tests:classes",
            "outcome": "UP_TO_DATE"
          },
          {
            "path": ":integration-tests:compileJava",
            "outcome": "NO_SOURCE"
          },
          {
            "path": ":integration-tests:compileKotlin",
            "outcome": "NO_SOURCE"
          },
          {
            "path": ":integration-tests:compileTestFixturesJava",
            "outcome": "NO_SOURCE"
          },
          {
            "path": ":integration-tests:compileTestFixturesKotlin",
            "outcome": "NO_SOURCE"
          },
          {
            "path": ":integration-tests:compileTestJava",
            "outcome": "FROM_CACHE"
          },
          {
            "path": ":integration-tests:compileTestKotlin",
            "outcome": "FROM_CACHE"
          },
          {
            "path": ":integration-tests:jar",
            "outcome": "EXECUTED"
          },
          {
            "path": ":integration-tests:processResources",
            "outcome": "NO_SOURCE"
          },
          {
            "path": ":integration-tests:processTestFixturesResources",
            "outcome": "NO_SOURCE"
          },
          {
            "path": ":integration-tests:processTestResources",
            "outcome": "EXECUTED"
          },
          {
            "path": ":integration-tests:testClasses",
            "outcome": "EXECUTED"
          },
          {
            "path": ":integration-tests:testFixturesClasses",
            "outcome": "UP_TO_DATE"
          },
          {
            "path": ":integration-tests:testFixturesJar",
            "outcome": "EXECUTED"
          },
          {
            "path": ":jar",
            "outcome": "EXECUTED"
          },
          {
            "path": ":processResources",
            "outcome": "NO_SOURCE"
          },
          {
            "path": ":processTestResources",
            "outcome": "NO_SOURCE"
          },
          {
            "path": ":spring-aop:checkKotlinGradlePluginConfigurationErrors",
            "outcome": "SKIPPED"
          },
          {
            "path": ":spring-aop:classes",
            "outcome": "EXECUTED"
          },
          {
            "path": ":spring-aop:compileJava",
            "outcome": "FROM_CACHE"
          },
          {
            "path": ":spring-aop:compileKotlin",
            "outcome": "NO_SOURCE"
          },
          {
            "path": ":spring-aop:compileTestFixturesJava",
            "outcome": "FROM_CACHE"
          },
          {
            "path": ":spring-aop:compileTestFixturesKotlin",
            "outcome": "NO_SOURCE"
          },
          {
            "path": ":spring-aop:compileTestJava",
            "outcome": "FROM_CACHE"
          },
          {
            "path": ":spring-aop:compileTestKotlin",
            "outcome": "FROM_CACHE"
          },
          {
            "path": ":spring-aop:jar",
            "outcome": "EXECUTED"
          },
          {
            "path": ":spring-aop:processResources",
            "outcome": "EXECUTED"
          },
          {
            "path": ":spring-aop:processTestFixturesResources",
            "outcome": "NO_SOURCE"
          },
          {
            "path": ":spring-aop:processTestResources",
            "outcome": "EXECUTED"
          },
          {
            "path": ":spring-aop:testClasses",
            "outcome": "EXECUTED"
          },
          {
            "path": ":spring-aop:testFixturesClasses",
            "outcome": "UP_TO_DATE"
          },
          {
            "path": ":spring-aop:testFixturesJar",
            "outcome": "EXECUTED"
          },
          {
            "path": ":spring-aspects:classes",
            "outcome": "EXECUTED"
          },
          {
            "path": ":spring-aspects:compileAspectj",
            "outcome": "FROM_CACHE"
          },
          {
            "path": ":spring-aspects:compileJava",
            "outcome": "SKIPPED"
          },
          {
            "path": ":spring-aspects:compileTestAspectj",
            "outcome": "FROM_CACHE"
          },
          {
            "path": ":spring-aspects:compileTestFixturesAspectj",
            "outcome": "NO_SOURCE"
          },
          {
            "path": ":spring-aspects:compileTestFixturesJava",
            "outcome": "SKIPPED"
          },
          {
            "path": ":spring-aspects:compileTestJava",
            "outcome": "SKIPPED"
          },
          {
            "path": ":spring-aspects:processResources",
            "outcome": "EXECUTED"
          },
          {
            "path": ":spring-aspects:processTestResources",
            "outcome": "EXECUTED"
          },
          {
            "path": ":spring-aspects:testClasses",
            "outcome": "EXECUTED"
          },
          {
            "path": ":spring-beans:checkKotlinGradlePluginConfigurationErrors",
            "outcome": "SKIPPED"
          },
          {
            "path": ":spring-beans:classes",
            "outcome": "EXECUTED"
          },
          {
            "path": ":spring-beans:compileJava",
            "outcome": "FROM_CACHE"
          },
          {
            "path": ":spring-beans:compileKotlin",
            "outcome": "FROM_CACHE"
          },
          {
            "path": ":spring-beans:compileTestFixturesJava",
            "outcome": "FROM_CACHE"
          },
          {
            "path": ":spring-beans:compileTestFixturesKotlin",
            "outcome": "FROM_CACHE"
          },
          {
            "path": ":spring-beans:compileTestJava",
            "outcome": "FROM_CACHE"
          },
          {
            "path": ":spring-beans:compileTestKotlin",
            "outcome": "FROM_CACHE"
          },
          {
            "path": ":spring-beans:jar",
            "outcome": "EXECUTED"
          },
          {
            "path": ":spring-beans:processResources",
            "outcome": "EXECUTED"
          },
          {
            "path": ":spring-beans:processTestFixturesResources",
            "outcome": "EXECUTED"
          },
          {
            "path": ":spring-beans:processTestResources",
            "outcome": "EXECUTED"
          },
          {
            "path": ":spring-beans:testClasses",
            "outcome": "EXECUTED"
          },
          {
            "path": ":spring-beans:testFixturesClasses",
            "outcome": "EXECUTED"
          },
          {
            "path": ":spring-beans:testFixturesJar",
            "outcome": "EXECUTED"
          },
          {
            "path": ":spring-context-indexer:compileJava",
            "outcome": "FROM_CACHE"
          },
          {
            "path": ":spring-context-indexer:compileTestFixturesJava",
            "outcome": "NO_SOURCE"
          },
          {
            "path": ":spring-context-indexer:compileTestJava",
            "outcome": "FROM_CACHE"
          },
          {
            "path": ":spring-context-indexer:processTestResources",
            "outcome": "NO_SOURCE"
          },
          {
            "path": ":spring-context-indexer:testClasses",
            "outcome": "UP_TO_DATE"
          },
          {
            "path": ":spring-context-support:compileJava",
            "outcome": "FROM_CACHE"
          },
          {
            "path": ":spring-context-support:compileTestFixturesJava",
            "outcome": "FROM_CACHE"
          },
          {
            "path": ":spring-context-support:compileTestJava",
            "outcome": "FROM_CACHE"
          },
          {
            "path": ":spring-context-support:processTestResources",
            "outcome": "EXECUTED"
          },
          {
            "path": ":spring-context-support:testClasses",
            "outcome": "EXECUTED"
          },
          {
            "path": ":spring-context:checkKotlinGradlePluginConfigurationErrors",
            "outcome": "SKIPPED"
          },
          {
            "path": ":spring-context:classes",
            "outcome": "EXECUTED"
          },
          {
            "path": ":spring-context:compileJava",
            "outcome": "FROM_CACHE"
          },
          {
            "path": ":spring-context:compileKotlin",
            "outcome": "FROM_CACHE"
          },
          {
            "path": ":spring-context:compileTestFixturesJava",
            "outcome": "FROM_CACHE"
          },
          {
            "path": ":spring-context:compileTestFixturesKotlin",
            "outcome": "NO_SOURCE"
          },
          {
            "path": ":spring-context:compileTestJava",
            "outcome": "FROM_CACHE"
          },
          {
            "path": ":spring-context:compileTestKotlin",
            "outcome": "FROM_CACHE"
          },
          {
            "path": ":spring-context:jar",
            "outcome": "EXECUTED"
          },
          {
            "path": ":spring-context:processResources",
            "outcome": "EXECUTED"
          },
          {
            "path": ":spring-context:processTestFixturesResources",
            "outcome": "NO_SOURCE"
          },
          {
            "path": ":spring-context:processTestResources",
            "outcome": "EXECUTED"
          },
          {
            "path": ":spring-context:testClasses",
            "outcome": "EXECUTED"
          },
          {
            "path": ":spring-context:testFixturesClasses",
            "outcome": "UP_TO_DATE"
          },
          {
            "path": ":spring-context:testFixturesJar",
            "outcome": "EXECUTED"
          },
          {
            "path": ":spring-core-test:compileJava",
            "outcome": "FROM_CACHE"
          },
          {
            "path": ":spring-core-test:compileTestFixturesJava",
            "outcome": "NO_SOURCE"
          },
          {
            "path": ":spring-core-test:compileTestJava",
            "outcome": "FROM_CACHE"
          },
          {
            "path": ":spring-core-test:processTestResources",
            "outcome": "EXECUTED"
          },
          {
            "path": ":spring-core-test:testClasses",
            "outcome": "EXECUTED"
          },
          {
            "path": ":spring-core:checkKotlinGradlePluginConfigurationErrors",
            "outcome": "SKIPPED"
          },
          {
            "path": ":spring-core:classes",
            "outcome": "EXECUTED"
          },
          {
            "path": ":spring-core:compileJava",
            "outcome": "FROM_CACHE"
          },
          {
            "path": ":spring-core:compileJava21Java",
            "outcome": "FROM_CACHE"
          },
          {
            "path": ":spring-core:compileJava21Kotlin",
            "outcome": "NO_SOURCE"
          },
          {
            "path": ":spring-core:compileJava24Java",
            "outcome": "FROM_CACHE"
          },
          {
            "path": ":spring-core:compileJava24Kotlin",
            "outcome": "NO_SOURCE"
          },
          {
            "path": ":spring-core:compileKotlin",
            "outcome": "FROM_CACHE"
          },
          {
            "path": ":spring-core:compileTestFixturesJava",
            "outcome": "FROM_CACHE"
          },
          {
            "path": ":spring-core:compileTestFixturesKotlin",
            "outcome": "NO_SOURCE"
          },
          {
            "path": ":spring-core:compileTestJava",
            "outcome": "FROM_CACHE"
          },
          {
            "path": ":spring-core:compileTestKotlin",
            "outcome": "FROM_CACHE"
          },
          {
            "path": ":spring-core:jar",
            "outcome": "EXECUTED"
          },
          {
            "path": ":spring-core:java21Classes",
            "outcome": "UP_TO_DATE"
          },
          {
            "path": ":spring-core:java24Classes",
            "outcome": "UP_TO_DATE"
          },
          {
            "path": ":spring-core:javapoetRepackJar",
            "outcome": "FROM_CACHE"
          },
          {
            "path": ":spring-core:objenesisRepackJar",
            "outcome": "FROM_CACHE"
          },
          {
            "path": ":spring-core:processJava21Resources",
            "outcome": "NO_SOURCE"
          },
          {
            "path": ":spring-core:processJava24Resources",
            "outcome": "NO_SOURCE"
          },
          {
            "path": ":spring-core:processResources",
            "outcome": "EXECUTED"
          },
          {
            "path": ":spring-core:processTestFixturesResources",
            "outcome": "NO_SOURCE"
          },
          {
            "path": ":spring-core:processTestResources",
            "outcome": "EXECUTED"
          },
          {
            "path": ":spring-core:testClasses",
            "outcome": "EXECUTED"
          },
          {
            "path": ":spring-core:testFixturesClasses",
            "outcome": "UP_TO_DATE"
          },
          {
            "path": ":spring-core:testFixturesJar",
            "outcome": "EXECUTED"
          },
          {
            "path": ":spring-expression:checkKotlinGradlePluginConfigurationErrors",
            "outcome": "SKIPPED"
          },
          {
            "path": ":spring-expression:classes",
            "outcome": "UP_TO_DATE"
          },
          {
            "path": ":spring-expression:compileJava",
            "outcome": "FROM_CACHE"
          },
          {
            "path": ":spring-expression:compileKotlin",
            "outcome": "NO_SOURCE"
          },
          {
            "path": ":spring-expression:compileTestFixturesJava",
            "outcome": "NO_SOURCE"
          },
          {
            "path": ":spring-expression:compileTestFixturesKotlin",
            "outcome": "NO_SOURCE"
          },
          {
            "path": ":spring-expression:compileTestJava",
            "outcome": "FROM_CACHE"
          },
          {
            "path": ":spring-expression:compileTestKotlin",
            "outcome": "FROM_CACHE"
          },
          {
            "path": ":spring-expression:jar",
            "outcome": "EXECUTED"
          },
          {
            "path": ":spring-expression:processResources",
            "outcome": "NO_SOURCE"
          },
          {
            "path": ":spring-expression:processTestFixturesResources",
            "outcome": "NO_SOURCE"
          },
          {
            "path": ":spring-expression:processTestResources",
            "outcome": "EXECUTED"
          },
          {
            "path": ":spring-expression:testClasses",
            "outcome": "EXECUTED"
          },
          {
            "path": ":spring-expression:testFixturesClasses",
            "outcome": "UP_TO_DATE"
          },
          {
            "path": ":spring-expression:testFixturesJar",
            "outcome": "EXECUTED"
          },
          {
            "path": ":spring-instrument:compileJava",
            "outcome": "FROM_CACHE"
          },
          {
            "path": ":spring-instrument:compileTestFixturesJava",
            "outcome": "NO_SOURCE"
          },
          {
            "path": ":spring-instrument:compileTestJava",
            "outcome": "NO_SOURCE"
          },
          {
            "path": ":spring-instrument:processTestResources",
            "outcome": "NO_SOURCE"
          },
          {
            "path": ":spring-instrument:testClasses",
            "outcome": "UP_TO_DATE"
          },
          {
            "path": ":spring-jdbc:checkKotlinGradlePluginConfigurationErrors",
            "outcome": "SKIPPED"
          },
          {
            "path": ":spring-jdbc:classes",
            "outcome": "EXECUTED"
          },
          {
            "path": ":spring-jdbc:compileJava",
            "outcome": "FROM_CACHE"
          },
          {
            "path": ":spring-jdbc:compileKotlin",
            "outcome": "FROM_CACHE"
          },
          {
            "path": ":spring-jdbc:compileTestFixturesJava",
            "outcome": "NO_SOURCE"
          },
          {
            "path": ":spring-jdbc:compileTestFixturesKotlin",
            "outcome": "NO_SOURCE"
          },
          {
            "path": ":spring-jdbc:compileTestJava",
            "outcome": "FROM_CACHE"
          },
          {
            "path": ":spring-jdbc:compileTestKotlin",
            "outcome": "FROM_CACHE"
          },
          {
            "path": ":spring-jdbc:jar",
            "outcome": "EXECUTED"
          },
          {
            "path": ":spring-jdbc:processResources",
            "outcome": "EXECUTED"
          },
          {
            "path": ":spring-jdbc:processTestFixturesResources",
            "outcome": "NO_SOURCE"
          },
          {
            "path": ":spring-jdbc:processTestResources",
            "outcome": "EXECUTED"
          },
          {
            "path": ":spring-jdbc:testClasses",
            "outcome": "EXECUTED"
          },
          {
            "path": ":spring-jdbc:testFixturesClasses",
            "outcome": "UP_TO_DATE"
          },
          {
            "path": ":spring-jdbc:testFixturesJar",
            "outcome": "EXECUTED"
          },
          {
            "path": ":spring-jms:compileJava",
            "outcome": "EXECUTED"
          },
          {
            "path": ":spring-jms:compileTestFixturesJava",
            "outcome": "NO_SOURCE"
          },
          {
            "path": ":spring-jms:compileTestJava",
            "outcome": "FROM_CACHE"
          },
          {
            "path": ":spring-jms:processTestResources",
            "outcome": "EXECUTED"
          },
          {
            "path": ":spring-jms:testClasses",
            "outcome": "EXECUTED"
          },
          {
            "path": ":spring-messaging:checkKotlinGradlePluginConfigurationErrors",
            "outcome": "SKIPPED"
          },
          {
            "path": ":spring-messaging:classes",
            "outcome": "EXECUTED"
          },
          {
            "path": ":spring-messaging:compileJava",
            "outcome": "FROM_CACHE"
          },
          {
            "path": ":spring-messaging:compileKotlin",
            "outcome": "FROM_CACHE"
          },
          {
            "path": ":spring-messaging:compileTestFixturesJava",
            "outcome": "NO_SOURCE"
          },
          {
            "path": ":spring-messaging:compileTestFixturesKotlin",
            "outcome": "NO_SOURCE"
          },
          {
            "path": ":spring-messaging:compileTestJava",
            "outcome": "FROM_CACHE"
          },
          {
            "path": ":spring-messaging:compileTestKotlin",
            "outcome": "FROM_CACHE"
          },
          {
            "path": ":spring-messaging:jar",
            "outcome": "EXECUTED"
          },
          {
            "path": ":spring-messaging:processResources",
            "outcome": "EXECUTED"
          },
          {
            "path": ":spring-messaging:processTestFixturesResources",
            "outcome": "NO_SOURCE"
          },
          {
            "path": ":spring-messaging:processTestResources",
            "outcome": "EXECUTED"
          },
          {
            "path": ":spring-messaging:testClasses",
            "outcome": "EXECUTED"
          },
          {
            "path": ":spring-messaging:testFixturesClasses",
            "outcome": "UP_TO_DATE"
          },
          {
            "path": ":spring-messaging:testFixturesJar",
            "outcome": "EXECUTED"
          },
          {
            "path": ":spring-orm:compileJava",
            "outcome": "FROM_CACHE"
          },
          {
            "path": ":spring-orm:compileTestFixturesJava",
            "outcome": "NO_SOURCE"
          },
          {
            "path": ":spring-orm:compileTestJava",
            "outcome": "FROM_CACHE"
          },
          {
            "path": ":spring-orm:processTestResources",
            "outcome": "EXECUTED"
          },
          {
            "path": ":spring-orm:testClasses",
            "outcome": "EXECUTED"
          },
          {
            "path": ":spring-oxm:compileJava",
            "outcome": "FROM_CACHE"
          },
          {
            "path": ":spring-oxm:compileTestFixturesJava",
            "outcome": "NO_SOURCE"
          },
          {
            "path": ":spring-oxm:compileTestJava",
            "outcome": "FROM_CACHE"
          },
          {
            "path": ":spring-oxm:processTestResources",
            "outcome": "EXECUTED"
          },
          {
            "path": ":spring-oxm:testClasses",
            "outcome": "EXECUTED"
          },
          {
            "path": ":spring-oxm:xjc",
            "outcome": "FROM_CACHE"
          },
          {
            "path": ":spring-r2dbc:checkKotlinGradlePluginConfigurationErrors",
            "outcome": "SKIPPED"
          },
          {
            "path": ":spring-r2dbc:classes",
            "outcome": "EXECUTED"
          },
          {
            "path": ":spring-r2dbc:compileJava",
            "outcome": "FROM_CACHE"
          },
          {
            "path": ":spring-r2dbc:compileKotlin",
            "outcome": "FROM_CACHE"
          },
          {
            "path": ":spring-r2dbc:compileTestFixturesJava",
            "outcome": "NO_SOURCE"
          },
          {
            "path": ":spring-r2dbc:compileTestFixturesKotlin",
            "outcome": "NO_SOURCE"
          },
          {
            "path": ":spring-r2dbc:compileTestJava",
            "outcome": "FROM_CACHE"
          },
          {
            "path": ":spring-r2dbc:compileTestKotlin",
            "outcome": "FROM_CACHE"
          },
          {
            "path": ":spring-r2dbc:jar",
            "outcome": "EXECUTED"
          },
          {
            "path": ":spring-r2dbc:processResources",
            "outcome": "EXECUTED"
          },
          {
            "path": ":spring-r2dbc:processTestFixturesResources",
            "outcome": "NO_SOURCE"
          },
          {
            "path": ":spring-r2dbc:processTestResources",
            "outcome": "EXECUTED"
          },
          {
            "path": ":spring-r2dbc:testClasses",
            "outcome": "EXECUTED"
          },
          {
            "path": ":spring-r2dbc:testFixturesClasses",
            "outcome": "UP_TO_DATE"
          },
          {
            "path": ":spring-r2dbc:testFixturesJar",
            "outcome": "EXECUTED"
          },
          {
            "path": ":spring-test:checkKotlinGradlePluginConfigurationErrors",
            "outcome": "SKIPPED"
          },
          {
            "path": ":spring-test:classes",
            "outcome": "EXECUTED"
          },
          {
            "path": ":spring-test:compileJava",
            "outcome": "FROM_CACHE"
          },
          {
            "path": ":spring-test:compileKotlin",
            "outcome": "FROM_CACHE"
          },
          {
            "path": ":spring-test:compileTestFixturesJava",
            "outcome": "NO_SOURCE"
          },
          {
            "path": ":spring-test:compileTestFixturesKotlin",
            "outcome": "NO_SOURCE"
          },
          {
            "path": ":spring-test:compileTestJava",
            "outcome": "FROM_CACHE"
          },
          {
            "path": ":spring-test:compileTestKotlin",
            "outcome": "FROM_CACHE"
          },
          {
            "path": ":spring-test:jar",
            "outcome": "EXECUTED"
          },
          {
            "path": ":spring-test:processResources",
            "outcome": "EXECUTED"
          },
          {
            "path": ":spring-test:processTestFixturesResources",
            "outcome": "NO_SOURCE"
          },
          {
            "path": ":spring-test:processTestResources",
            "outcome": "EXECUTED"
          },
          {
            "path": ":spring-test:testClasses",
            "outcome": "EXECUTED"
          },
          {
            "path": ":spring-test:testFixturesClasses",
            "outcome": "UP_TO_DATE"
          },
          {
            "path": ":spring-test:testFixturesJar",
            "outcome": "EXECUTED"
          },
          {
            "path": ":spring-tx:checkKotlinGradlePluginConfigurationErrors",
            "outcome": "SKIPPED"
          },
          {
            "path": ":spring-tx:classes",
            "outcome": "EXECUTED"
          },
          {
            "path": ":spring-tx:compileJava",
            "outcome": "FROM_CACHE"
          },
          {
            "path": ":spring-tx:compileKotlin",
            "outcome": "FROM_CACHE"
          },
          {
            "path": ":spring-tx:compileTestFixturesJava",
            "outcome": "FROM_CACHE"
          },
          {
            "path": ":spring-tx:compileTestFixturesKotlin",
            "outcome": "NO_SOURCE"
          },
          {
            "path": ":spring-tx:compileTestJava",
            "outcome": "FROM_CACHE"
          },
          {
            "path": ":spring-tx:compileTestKotlin",
            "outcome": "FROM_CACHE"
          },
          {
            "path": ":spring-tx:jar",
            "outcome": "EXECUTED"
          },
          {
            "path": ":spring-tx:processResources",
            "outcome": "EXECUTED"
          },
          {
            "path": ":spring-tx:processTestFixturesResources",
            "outcome": "NO_SOURCE"
          },
          {
            "path": ":spring-tx:processTestResources",
            "outcome": "EXECUTED"
          },
          {
            "path": ":spring-tx:testClasses",
            "outcome": "EXECUTED"
          },
          {
            "path": ":spring-tx:testFixturesClasses",
            "outcome": "UP_TO_DATE"
          },
          {
            "path": ":spring-tx:testFixturesJar",
            "outcome": "EXECUTED"
          },
          {
            "path": ":spring-web:checkKotlinGradlePluginConfigurationErrors",
            "outcome": "SKIPPED"
          },
          {
            "path": ":spring-web:classes",
            "outcome": "EXECUTED"
          },
          {
            "path": ":spring-web:compileJava",
            "outcome": "FROM_CACHE"
          },
          {
            "path": ":spring-web:compileKotlin",
            "outcome": "FROM_CACHE"
          },
          {
            "path": ":spring-web:compileTestFixturesJava",
            "outcome": "FROM_CACHE"
          },
          {
            "path": ":spring-web:compileTestFixturesKotlin",
            "outcome": "NO_SOURCE"
          },
          {
            "path": ":spring-web:compileTestJava",
            "outcome": "FROM_CACHE"
          },
          {
            "path": ":spring-web:compileTestKotlin",
            "outcome": "FROM_CACHE"
          },
          {
            "path": ":spring-web:jar",
            "outcome": "EXECUTED"
          },
          {
            "path": ":spring-web:processResources",
            "outcome": "EXECUTED"
          },
          {
            "path": ":spring-web:processTestFixturesResources",
            "outcome": "EXECUTED"
          },
          {
            "path": ":spring-web:processTestResources",
            "outcome": "EXECUTED"
          },
          {
            "path": ":spring-web:testClasses",
            "outcome": "EXECUTED"
          },
          {
            "path": ":spring-web:testFixturesClasses",
            "outcome": "EXECUTED"
          },
          {
            "path": ":spring-web:testFixturesJar",
            "outcome": "EXECUTED"
          },
          {
            "path": ":spring-webflux:checkKotlinGradlePluginConfigurationErrors",
            "outcome": "SKIPPED"
          },
          {
            "path": ":spring-webflux:classes",
            "outcome": "EXECUTED"
          },
          {
            "path": ":spring-webflux:compileJava",
            "outcome": "FROM_CACHE"
          },
          {
            "path": ":spring-webflux:compileKotlin",
            "outcome": "FROM_CACHE"
          },
          {
            "path": ":spring-webflux:compileTestFixturesJava",
            "outcome": "NO_SOURCE"
          },
          {
            "path": ":spring-webflux:compileTestFixturesKotlin",
            "outcome": "NO_SOURCE"
          },
          {
            "path": ":spring-webflux:compileTestJava",
            "outcome": "FROM_CACHE"
          },
          {
            "path": ":spring-webflux:compileTestKotlin",
            "outcome": "FROM_CACHE"
          },
          {
            "path": ":spring-webflux:jar",
            "outcome": "EXECUTED"
          },
          {
            "path": ":spring-webflux:processResources",
            "outcome": "EXECUTED"
          },
          {
            "path": ":spring-webflux:processTestFixturesResources",
            "outcome": "NO_SOURCE"
          },
          {
            "path": ":spring-webflux:processTestResources",
            "outcome": "EXECUTED"
          },
          {
            "path": ":spring-webflux:testClasses",
            "outcome": "EXECUTED"
          },
          {
            "path": ":spring-webflux:testFixturesClasses",
            "outcome": "UP_TO_DATE"
          },
          {
            "path": ":spring-webflux:testFixturesJar",
            "outcome": "EXECUTED"
          },
          {
            "path": ":spring-webmvc:checkKotlinGradlePluginConfigurationErrors",
            "outcome": "SKIPPED"
          },
          {
            "path": ":spring-webmvc:classes",
            "outcome": "EXECUTED"
          },
          {
            "path": ":spring-webmvc:compileJava",
            "outcome": "FROM_CACHE"
          },
          {
            "path": ":spring-webmvc:compileKotlin",
            "outcome": "FROM_CACHE"
          },
          {
            "path": ":spring-webmvc:compileTestFixturesJava",
            "outcome": "NO_SOURCE"
          },
          {
            "path": ":spring-webmvc:compileTestFixturesKotlin",
            "outcome": "NO_SOURCE"
          },
          {
            "path": ":spring-webmvc:compileTestJava",
            "outcome": "FROM_CACHE"
          },
          {
            "path": ":spring-webmvc:compileTestKotlin",
            "outcome": "FROM_CACHE"
          },
          {
            "path": ":spring-webmvc:jar",
            "outcome": "EXECUTED"
          },
          {
            "path": ":spring-webmvc:processResources",
            "outcome": "EXECUTED"
          },
          {
            "path": ":spring-webmvc:processTestFixturesResources",
            "outcome": "NO_SOURCE"
          },
          {
            "path": ":spring-webmvc:processTestResources",
            "outcome": "EXECUTED"
          },
          {
            "path": ":spring-webmvc:testClasses",
            "outcome": "EXECUTED"
          },
          {
            "path": ":spring-webmvc:testFixturesClasses",
            "outcome": "UP_TO_DATE"
          },
          {
            "path": ":spring-webmvc:testFixturesJar",
            "outcome": "EXECUTED"
          },
          {
            "path": ":spring-websocket:compileJava",
            "outcome": "FROM_CACHE"
          },
          {
            "path": ":spring-websocket:compileTestFixturesJava",
            "outcome": "NO_SOURCE"
          },
          {
            "path": ":spring-websocket:compileTestJava",
            "outcome": "FROM_CACHE"
          },
          {
            "path": ":spring-websocket:processTestResources",
            "outcome": "EXECUTED"
          },
          {
            "path": ":spring-websocket:testClasses",
            "outcome": "EXECUTED"
          },
          {
            "path": ":testClasses",
            "outcome": "UP_TO_DATE"
          }
        ]
      },
      "candidateTaskOutcomes": {
        "total": 56,
        "executed": 14,
        "fromCache": 26,
        "upToDate": 2,
        "noSource": 7,
        "skipped": 7,
        "fingerprintSha256": "af08640256e4ce968a02546a34fd5e7b170359e73fd1255332a0b813d6a2b3f6",
        "tasks": [
          {
            "path": ":buildSrc:check",
            "outcome": "UP_TO_DATE"
          },
          {
            "path": ":buildSrc:checkstyleMain",
            "outcome": "FROM_CACHE"
          },
          {
            "path": ":buildSrc:checkstyleTest",
            "outcome": "FROM_CACHE"
          },
          {
            "path": ":buildSrc:classes",
            "outcome": "EXECUTED"
          },
          {
            "path": ":buildSrc:compileGroovy",
            "outcome": "NO_SOURCE"
          },
          {
            "path": ":buildSrc:compileJava",
            "outcome": "FROM_CACHE"
          },
          {
            "path": ":buildSrc:compileTestGroovy",
            "outcome": "NO_SOURCE"
          },
          {
            "path": ":buildSrc:compileTestJava",
            "outcome": "FROM_CACHE"
          },
          {
            "path": ":buildSrc:jar",
            "outcome": "EXECUTED"
          },
          {
            "path": ":buildSrc:pluginDescriptors",
            "outcome": "EXECUTED"
          },
          {
            "path": ":buildSrc:pluginUnderTestMetadata",
            "outcome": "EXECUTED"
          },
          {
            "path": ":buildSrc:processResources",
            "outcome": "EXECUTED"
          },
          {
            "path": ":buildSrc:processTestResources",
            "outcome": "NO_SOURCE"
          },
          {
            "path": ":buildSrc:test",
            "outcome": "FROM_CACHE"
          },
          {
            "path": ":buildSrc:testClasses",
            "outcome": "UP_TO_DATE"
          },
          {
            "path": ":buildSrc:validatePlugins",
            "outcome": "FROM_CACHE"
          },
          {
            "path": ":spring-aop:checkKotlinGradlePluginConfigurationErrors",
            "outcome": "SKIPPED"
          },
          {
            "path": ":spring-aop:compileJava",
            "outcome": "FROM_CACHE"
          },
          {
            "path": ":spring-aop:compileKotlin",
            "outcome": "NO_SOURCE"
          },
          {
            "path": ":spring-beans:checkKotlinGradlePluginConfigurationErrors",
            "outcome": "SKIPPED"
          },
          {
            "path": ":spring-beans:classes",
            "outcome": "EXECUTED"
          },
          {
            "path": ":spring-beans:compileJava",
            "outcome": "FROM_CACHE"
          },
          {
            "path": ":spring-beans:compileKotlin",
            "outcome": "FROM_CACHE"
          },
          {
            "path": ":spring-beans:compileTestFixturesJava",
            "outcome": "FROM_CACHE"
          },
          {
            "path": ":spring-beans:compileTestFixturesKotlin",
            "outcome": "FROM_CACHE"
          },
          {
            "path": ":spring-beans:jar",
            "outcome": "EXECUTED"
          },
          {
            "path": ":spring-beans:processResources",
            "outcome": "EXECUTED"
          },
          {
            "path": ":spring-context:checkKotlinGradlePluginConfigurationErrors",
            "outcome": "SKIPPED"
          },
          {
            "path": ":spring-context:compileJava",
            "outcome": "FROM_CACHE"
          },
          {
            "path": ":spring-context:compileKotlin",
            "outcome": "FROM_CACHE"
          },
          {
            "path": ":spring-core:checkKotlinGradlePluginConfigurationErrors",
            "outcome": "SKIPPED"
          },
          {
            "path": ":spring-core:compileJava",
            "outcome": "FROM_CACHE"
          },
          {
            "path": ":spring-core:compileKotlin",
            "outcome": "FROM_CACHE"
          },
          {
            "path": ":spring-core:javapoetRepackJar",
            "outcome": "FROM_CACHE"
          },
          {
            "path": ":spring-core:objenesisRepackJar",
            "outcome": "FROM_CACHE"
          },
          {
            "path": ":spring-expression:checkKotlinGradlePluginConfigurationErrors",
            "outcome": "SKIPPED"
          },
          {
            "path": ":spring-expression:compileJava",
            "outcome": "FROM_CACHE"
          },
          {
            "path": ":spring-expression:compileKotlin",
            "outcome": "NO_SOURCE"
          },
          {
            "path": ":spring-instrument:compileJava",
            "outcome": "FROM_CACHE"
          },
          {
            "path": ":spring-jms:compileJava",
            "outcome": "EXECUTED"
          },
          {
            "path": ":spring-jms:compileTestFixturesJava",
            "outcome": "NO_SOURCE"
          },
          {
            "path": ":spring-jms:compileTestJava",
            "outcome": "FROM_CACHE"
          },
          {
            "path": ":spring-jms:processTestResources",
            "outcome": "EXECUTED"
          },
          {
            "path": ":spring-jms:testClasses",
            "outcome": "EXECUTED"
          },
          {
            "path": ":spring-messaging:checkKotlinGradlePluginConfigurationErrors",
            "outcome": "SKIPPED"
          },
          {
            "path": ":spring-messaging:compileJava",
            "outcome": "FROM_CACHE"
          },
          {
            "path": ":spring-messaging:compileKotlin",
            "outcome": "FROM_CACHE"
          },
          {
            "path": ":spring-oxm:compileJava",
            "outcome": "FROM_CACHE"
          },
          {
            "path": ":spring-tx:checkKotlinGradlePluginConfigurationErrors",
            "outcome": "SKIPPED"
          },
          {
            "path": ":spring-tx:classes",
            "outcome": "EXECUTED"
          },
          {
            "path": ":spring-tx:compileJava",
            "outcome": "FROM_CACHE"
          },
          {
            "path": ":spring-tx:compileKotlin",
            "outcome": "FROM_CACHE"
          },
          {
            "path": ":spring-tx:compileTestFixturesJava",
            "outcome": "FROM_CACHE"
          },
          {
            "path": ":spring-tx:compileTestFixturesKotlin",
            "outcome": "NO_SOURCE"
          },
          {
            "path": ":spring-tx:jar",
            "outcome": "EXECUTED"
          },
          {
            "path": ":spring-tx:processResources",
            "outcome": "EXECUTED"
          }
        ]
      },
      "controlHostPressure": {
        "available": true,
        "cpuSomeTotalUs": 59043,
        "memorySomeTotalUs": 441,
        "memoryFullTotalUs": 441,
        "ioSomeTotalUs": 9538541,
        "ioFullTotalUs": 7284094
      },
      "candidateHostPressure": {
        "available": true,
        "cpuSomeTotalUs": 24902,
        "memorySomeTotalUs": 0,
        "memoryFullTotalUs": 0,
        "ioSomeTotalUs": 8276170,
        "ioFullTotalUs": 6611058
      }
    },
    {
      "pair": 3,
      "order": "CONTROL_FIRST",
      "controlDurationMs": 14711,
      "candidateDurationMs": 11808,
      "savedMs": 2903,
      "controlRequiredOutputSha256": "c1de7856f3bfbec061af1a6a147e489da0bd960aca43bf326e51372c2ca5d629",
      "candidateRequiredOutputSha256": "c1de7856f3bfbec061af1a6a147e489da0bd960aca43bf326e51372c2ca5d629",
      "requiredOutputCount": 378,
      "productAttributableFailure": false,
      "controlLogSha256": "5b369e5c63e3e0483bd24b826965edbef487c46d09f64ad774802e1c2027657f",
      "candidateLogSha256": "d810a5415ee24a37324210412d54d600e8d0bc6e0e5ec90c00df07c7aba0d7b1",
      "controlTaskOutcomes": {
        "total": 305,
        "executed": 109,
        "fromCache": 89,
        "upToDate": 23,
        "noSource": 65,
        "skipped": 19,
        "fingerprintSha256": "85399d45cd2d3615162148545d5babb68fb708dbdd29a2e2991b8e65724ce6a7",
        "tasks": [
          {
            "path": ":buildSrc:check",
            "outcome": "UP_TO_DATE"
          },
          {
            "path": ":buildSrc:checkstyleMain",
            "outcome": "FROM_CACHE"
          },
          {
            "path": ":buildSrc:checkstyleTest",
            "outcome": "FROM_CACHE"
          },
          {
            "path": ":buildSrc:classes",
            "outcome": "EXECUTED"
          },
          {
            "path": ":buildSrc:compileGroovy",
            "outcome": "NO_SOURCE"
          },
          {
            "path": ":buildSrc:compileJava",
            "outcome": "FROM_CACHE"
          },
          {
            "path": ":buildSrc:compileTestGroovy",
            "outcome": "NO_SOURCE"
          },
          {
            "path": ":buildSrc:compileTestJava",
            "outcome": "FROM_CACHE"
          },
          {
            "path": ":buildSrc:jar",
            "outcome": "EXECUTED"
          },
          {
            "path": ":buildSrc:pluginDescriptors",
            "outcome": "EXECUTED"
          },
          {
            "path": ":buildSrc:pluginUnderTestMetadata",
            "outcome": "EXECUTED"
          },
          {
            "path": ":buildSrc:processResources",
            "outcome": "EXECUTED"
          },
          {
            "path": ":buildSrc:processTestResources",
            "outcome": "NO_SOURCE"
          },
          {
            "path": ":buildSrc:test",
            "outcome": "FROM_CACHE"
          },
          {
            "path": ":buildSrc:testClasses",
            "outcome": "UP_TO_DATE"
          },
          {
            "path": ":buildSrc:validatePlugins",
            "outcome": "FROM_CACHE"
          },
          {
            "path": ":classes",
            "outcome": "UP_TO_DATE"
          },
          {
            "path": ":compileJava",
            "outcome": "NO_SOURCE"
          },
          {
            "path": ":compileTestFixturesJava",
            "outcome": "NO_SOURCE"
          },
          {
            "path": ":compileTestJava",
            "outcome": "NO_SOURCE"
          },
          {
            "path": ":framework-docs:checkKotlinGradlePluginConfigurationErrors",
            "outcome": "SKIPPED"
          },
          {
            "path": ":framework-docs:classes",
            "outcome": "EXECUTED"
          },
          {
            "path": ":framework-docs:compileJava",
            "outcome": "FROM_CACHE"
          },
          {
            "path": ":framework-docs:compileKotlin",
            "outcome": "FROM_CACHE"
          },
          {
            "path": ":framework-docs:compileTestJava",
            "outcome": "NO_SOURCE"
          },
          {
            "path": ":framework-docs:compileTestKotlin",
            "outcome": "NO_SOURCE"
          },
          {
            "path": ":framework-docs:jar",
            "outcome": "SKIPPED"
          },
          {
            "path": ":framework-docs:processResources",
            "outcome": "EXECUTED"
          },
          {
            "path": ":framework-docs:processTestResources",
            "outcome": "NO_SOURCE"
          },
          {
            "path": ":framework-docs:testClasses",
            "outcome": "UP_TO_DATE"
          },
          {
            "path": ":integration-tests:checkKotlinGradlePluginConfigurationErrors",
            "outcome": "SKIPPED"
          },
          {
            "path": ":integration-tests:classes",
            "outcome": "UP_TO_DATE"
          },
          {
            "path": ":integration-tests:compileJava",
            "outcome": "NO_SOURCE"
          },
          {
            "path": ":integration-tests:compileKotlin",
            "outcome": "NO_SOURCE"
          },
          {
            "path": ":integration-tests:compileTestFixturesJava",
            "outcome": "NO_SOURCE"
          },
          {
            "path": ":integration-tests:compileTestFixturesKotlin",
            "outcome": "NO_SOURCE"
          },
          {
            "path": ":integration-tests:compileTestJava",
            "outcome": "FROM_CACHE"
          },
          {
            "path": ":integration-tests:compileTestKotlin",
            "outcome": "FROM_CACHE"
          },
          {
            "path": ":integration-tests:jar",
            "outcome": "EXECUTED"
          },
          {
            "path": ":integration-tests:processResources",
            "outcome": "NO_SOURCE"
          },
          {
            "path": ":integration-tests:processTestFixturesResources",
            "outcome": "NO_SOURCE"
          },
          {
            "path": ":integration-tests:processTestResources",
            "outcome": "EXECUTED"
          },
          {
            "path": ":integration-tests:testClasses",
            "outcome": "EXECUTED"
          },
          {
            "path": ":integration-tests:testFixturesClasses",
            "outcome": "UP_TO_DATE"
          },
          {
            "path": ":integration-tests:testFixturesJar",
            "outcome": "EXECUTED"
          },
          {
            "path": ":jar",
            "outcome": "EXECUTED"
          },
          {
            "path": ":processResources",
            "outcome": "NO_SOURCE"
          },
          {
            "path": ":processTestResources",
            "outcome": "NO_SOURCE"
          },
          {
            "path": ":spring-aop:checkKotlinGradlePluginConfigurationErrors",
            "outcome": "SKIPPED"
          },
          {
            "path": ":spring-aop:classes",
            "outcome": "EXECUTED"
          },
          {
            "path": ":spring-aop:compileJava",
            "outcome": "FROM_CACHE"
          },
          {
            "path": ":spring-aop:compileKotlin",
            "outcome": "NO_SOURCE"
          },
          {
            "path": ":spring-aop:compileTestFixturesJava",
            "outcome": "FROM_CACHE"
          },
          {
            "path": ":spring-aop:compileTestFixturesKotlin",
            "outcome": "NO_SOURCE"
          },
          {
            "path": ":spring-aop:compileTestJava",
            "outcome": "FROM_CACHE"
          },
          {
            "path": ":spring-aop:compileTestKotlin",
            "outcome": "FROM_CACHE"
          },
          {
            "path": ":spring-aop:jar",
            "outcome": "EXECUTED"
          },
          {
            "path": ":spring-aop:processResources",
            "outcome": "EXECUTED"
          },
          {
            "path": ":spring-aop:processTestFixturesResources",
            "outcome": "NO_SOURCE"
          },
          {
            "path": ":spring-aop:processTestResources",
            "outcome": "EXECUTED"
          },
          {
            "path": ":spring-aop:testClasses",
            "outcome": "EXECUTED"
          },
          {
            "path": ":spring-aop:testFixturesClasses",
            "outcome": "UP_TO_DATE"
          },
          {
            "path": ":spring-aop:testFixturesJar",
            "outcome": "EXECUTED"
          },
          {
            "path": ":spring-aspects:classes",
            "outcome": "EXECUTED"
          },
          {
            "path": ":spring-aspects:compileAspectj",
            "outcome": "FROM_CACHE"
          },
          {
            "path": ":spring-aspects:compileJava",
            "outcome": "SKIPPED"
          },
          {
            "path": ":spring-aspects:compileTestAspectj",
            "outcome": "FROM_CACHE"
          },
          {
            "path": ":spring-aspects:compileTestFixturesAspectj",
            "outcome": "NO_SOURCE"
          },
          {
            "path": ":spring-aspects:compileTestFixturesJava",
            "outcome": "SKIPPED"
          },
          {
            "path": ":spring-aspects:compileTestJava",
            "outcome": "SKIPPED"
          },
          {
            "path": ":spring-aspects:processResources",
            "outcome": "EXECUTED"
          },
          {
            "path": ":spring-aspects:processTestResources",
            "outcome": "EXECUTED"
          },
          {
            "path": ":spring-aspects:testClasses",
            "outcome": "EXECUTED"
          },
          {
            "path": ":spring-beans:checkKotlinGradlePluginConfigurationErrors",
            "outcome": "SKIPPED"
          },
          {
            "path": ":spring-beans:classes",
            "outcome": "EXECUTED"
          },
          {
            "path": ":spring-beans:compileJava",
            "outcome": "FROM_CACHE"
          },
          {
            "path": ":spring-beans:compileKotlin",
            "outcome": "FROM_CACHE"
          },
          {
            "path": ":spring-beans:compileTestFixturesJava",
            "outcome": "FROM_CACHE"
          },
          {
            "path": ":spring-beans:compileTestFixturesKotlin",
            "outcome": "FROM_CACHE"
          },
          {
            "path": ":spring-beans:compileTestJava",
            "outcome": "FROM_CACHE"
          },
          {
            "path": ":spring-beans:compileTestKotlin",
            "outcome": "FROM_CACHE"
          },
          {
            "path": ":spring-beans:jar",
            "outcome": "EXECUTED"
          },
          {
            "path": ":spring-beans:processResources",
            "outcome": "EXECUTED"
          },
          {
            "path": ":spring-beans:processTestFixturesResources",
            "outcome": "EXECUTED"
          },
          {
            "path": ":spring-beans:processTestResources",
            "outcome": "EXECUTED"
          },
          {
            "path": ":spring-beans:testClasses",
            "outcome": "EXECUTED"
          },
          {
            "path": ":spring-beans:testFixturesClasses",
            "outcome": "EXECUTED"
          },
          {
            "path": ":spring-beans:testFixturesJar",
            "outcome": "EXECUTED"
          },
          {
            "path": ":spring-context-indexer:compileJava",
            "outcome": "FROM_CACHE"
          },
          {
            "path": ":spring-context-indexer:compileTestFixturesJava",
            "outcome": "NO_SOURCE"
          },
          {
            "path": ":spring-context-indexer:compileTestJava",
            "outcome": "FROM_CACHE"
          },
          {
            "path": ":spring-context-indexer:processTestResources",
            "outcome": "NO_SOURCE"
          },
          {
            "path": ":spring-context-indexer:testClasses",
            "outcome": "UP_TO_DATE"
          },
          {
            "path": ":spring-context-support:compileJava",
            "outcome": "FROM_CACHE"
          },
          {
            "path": ":spring-context-support:compileTestFixturesJava",
            "outcome": "FROM_CACHE"
          },
          {
            "path": ":spring-context-support:compileTestJava",
            "outcome": "FROM_CACHE"
          },
          {
            "path": ":spring-context-support:processTestResources",
            "outcome": "EXECUTED"
          },
          {
            "path": ":spring-context-support:testClasses",
            "outcome": "EXECUTED"
          },
          {
            "path": ":spring-context:checkKotlinGradlePluginConfigurationErrors",
            "outcome": "SKIPPED"
          },
          {
            "path": ":spring-context:classes",
            "outcome": "EXECUTED"
          },
          {
            "path": ":spring-context:compileJava",
            "outcome": "FROM_CACHE"
          },
          {
            "path": ":spring-context:compileKotlin",
            "outcome": "FROM_CACHE"
          },
          {
            "path": ":spring-context:compileTestFixturesJava",
            "outcome": "FROM_CACHE"
          },
          {
            "path": ":spring-context:compileTestFixturesKotlin",
            "outcome": "NO_SOURCE"
          },
          {
            "path": ":spring-context:compileTestJava",
            "outcome": "FROM_CACHE"
          },
          {
            "path": ":spring-context:compileTestKotlin",
            "outcome": "FROM_CACHE"
          },
          {
            "path": ":spring-context:jar",
            "outcome": "EXECUTED"
          },
          {
            "path": ":spring-context:processResources",
            "outcome": "EXECUTED"
          },
          {
            "path": ":spring-context:processTestFixturesResources",
            "outcome": "NO_SOURCE"
          },
          {
            "path": ":spring-context:processTestResources",
            "outcome": "EXECUTED"
          },
          {
            "path": ":spring-context:testClasses",
            "outcome": "EXECUTED"
          },
          {
            "path": ":spring-context:testFixturesClasses",
            "outcome": "UP_TO_DATE"
          },
          {
            "path": ":spring-context:testFixturesJar",
            "outcome": "EXECUTED"
          },
          {
            "path": ":spring-core-test:compileJava",
            "outcome": "FROM_CACHE"
          },
          {
            "path": ":spring-core-test:compileTestFixturesJava",
            "outcome": "NO_SOURCE"
          },
          {
            "path": ":spring-core-test:compileTestJava",
            "outcome": "FROM_CACHE"
          },
          {
            "path": ":spring-core-test:processTestResources",
            "outcome": "EXECUTED"
          },
          {
            "path": ":spring-core-test:testClasses",
            "outcome": "EXECUTED"
          },
          {
            "path": ":spring-core:checkKotlinGradlePluginConfigurationErrors",
            "outcome": "SKIPPED"
          },
          {
            "path": ":spring-core:classes",
            "outcome": "EXECUTED"
          },
          {
            "path": ":spring-core:compileJava",
            "outcome": "FROM_CACHE"
          },
          {
            "path": ":spring-core:compileJava21Java",
            "outcome": "FROM_CACHE"
          },
          {
            "path": ":spring-core:compileJava21Kotlin",
            "outcome": "NO_SOURCE"
          },
          {
            "path": ":spring-core:compileJava24Java",
            "outcome": "FROM_CACHE"
          },
          {
            "path": ":spring-core:compileJava24Kotlin",
            "outcome": "NO_SOURCE"
          },
          {
            "path": ":spring-core:compileKotlin",
            "outcome": "FROM_CACHE"
          },
          {
            "path": ":spring-core:compileTestFixturesJava",
            "outcome": "FROM_CACHE"
          },
          {
            "path": ":spring-core:compileTestFixturesKotlin",
            "outcome": "NO_SOURCE"
          },
          {
            "path": ":spring-core:compileTestJava",
            "outcome": "FROM_CACHE"
          },
          {
            "path": ":spring-core:compileTestKotlin",
            "outcome": "FROM_CACHE"
          },
          {
            "path": ":spring-core:jar",
            "outcome": "EXECUTED"
          },
          {
            "path": ":spring-core:java21Classes",
            "outcome": "UP_TO_DATE"
          },
          {
            "path": ":spring-core:java24Classes",
            "outcome": "UP_TO_DATE"
          },
          {
            "path": ":spring-core:javapoetRepackJar",
            "outcome": "FROM_CACHE"
          },
          {
            "path": ":spring-core:objenesisRepackJar",
            "outcome": "FROM_CACHE"
          },
          {
            "path": ":spring-core:processJava21Resources",
            "outcome": "NO_SOURCE"
          },
          {
            "path": ":spring-core:processJava24Resources",
            "outcome": "NO_SOURCE"
          },
          {
            "path": ":spring-core:processResources",
            "outcome": "EXECUTED"
          },
          {
            "path": ":spring-core:processTestFixturesResources",
            "outcome": "NO_SOURCE"
          },
          {
            "path": ":spring-core:processTestResources",
            "outcome": "EXECUTED"
          },
          {
            "path": ":spring-core:testClasses",
            "outcome": "EXECUTED"
          },
          {
            "path": ":spring-core:testFixturesClasses",
            "outcome": "UP_TO_DATE"
          },
          {
            "path": ":spring-core:testFixturesJar",
            "outcome": "EXECUTED"
          },
          {
            "path": ":spring-expression:checkKotlinGradlePluginConfigurationErrors",
            "outcome": "SKIPPED"
          },
          {
            "path": ":spring-expression:classes",
            "outcome": "UP_TO_DATE"
          },
          {
            "path": ":spring-expression:compileJava",
            "outcome": "FROM_CACHE"
          },
          {
            "path": ":spring-expression:compileKotlin",
            "outcome": "NO_SOURCE"
          },
          {
            "path": ":spring-expression:compileTestFixturesJava",
            "outcome": "NO_SOURCE"
          },
          {
            "path": ":spring-expression:compileTestFixturesKotlin",
            "outcome": "NO_SOURCE"
          },
          {
            "path": ":spring-expression:compileTestJava",
            "outcome": "FROM_CACHE"
          },
          {
            "path": ":spring-expression:compileTestKotlin",
            "outcome": "FROM_CACHE"
          },
          {
            "path": ":spring-expression:jar",
            "outcome": "EXECUTED"
          },
          {
            "path": ":spring-expression:processResources",
            "outcome": "NO_SOURCE"
          },
          {
            "path": ":spring-expression:processTestFixturesResources",
            "outcome": "NO_SOURCE"
          },
          {
            "path": ":spring-expression:processTestResources",
            "outcome": "EXECUTED"
          },
          {
            "path": ":spring-expression:testClasses",
            "outcome": "EXECUTED"
          },
          {
            "path": ":spring-expression:testFixturesClasses",
            "outcome": "UP_TO_DATE"
          },
          {
            "path": ":spring-expression:testFixturesJar",
            "outcome": "EXECUTED"
          },
          {
            "path": ":spring-instrument:compileJava",
            "outcome": "FROM_CACHE"
          },
          {
            "path": ":spring-instrument:compileTestFixturesJava",
            "outcome": "NO_SOURCE"
          },
          {
            "path": ":spring-instrument:compileTestJava",
            "outcome": "NO_SOURCE"
          },
          {
            "path": ":spring-instrument:processTestResources",
            "outcome": "NO_SOURCE"
          },
          {
            "path": ":spring-instrument:testClasses",
            "outcome": "UP_TO_DATE"
          },
          {
            "path": ":spring-jdbc:checkKotlinGradlePluginConfigurationErrors",
            "outcome": "SKIPPED"
          },
          {
            "path": ":spring-jdbc:classes",
            "outcome": "EXECUTED"
          },
          {
            "path": ":spring-jdbc:compileJava",
            "outcome": "FROM_CACHE"
          },
          {
            "path": ":spring-jdbc:compileKotlin",
            "outcome": "FROM_CACHE"
          },
          {
            "path": ":spring-jdbc:compileTestFixturesJava",
            "outcome": "NO_SOURCE"
          },
          {
            "path": ":spring-jdbc:compileTestFixturesKotlin",
            "outcome": "NO_SOURCE"
          },
          {
            "path": ":spring-jdbc:compileTestJava",
            "outcome": "FROM_CACHE"
          },
          {
            "path": ":spring-jdbc:compileTestKotlin",
            "outcome": "FROM_CACHE"
          },
          {
            "path": ":spring-jdbc:jar",
            "outcome": "EXECUTED"
          },
          {
            "path": ":spring-jdbc:processResources",
            "outcome": "EXECUTED"
          },
          {
            "path": ":spring-jdbc:processTestFixturesResources",
            "outcome": "NO_SOURCE"
          },
          {
            "path": ":spring-jdbc:processTestResources",
            "outcome": "EXECUTED"
          },
          {
            "path": ":spring-jdbc:testClasses",
            "outcome": "EXECUTED"
          },
          {
            "path": ":spring-jdbc:testFixturesClasses",
            "outcome": "UP_TO_DATE"
          },
          {
            "path": ":spring-jdbc:testFixturesJar",
            "outcome": "EXECUTED"
          },
          {
            "path": ":spring-jms:compileJava",
            "outcome": "EXECUTED"
          },
          {
            "path": ":spring-jms:compileTestFixturesJava",
            "outcome": "NO_SOURCE"
          },
          {
            "path": ":spring-jms:compileTestJava",
            "outcome": "FROM_CACHE"
          },
          {
            "path": ":spring-jms:processTestResources",
            "outcome": "EXECUTED"
          },
          {
            "path": ":spring-jms:testClasses",
            "outcome": "EXECUTED"
          },
          {
            "path": ":spring-messaging:checkKotlinGradlePluginConfigurationErrors",
            "outcome": "SKIPPED"
          },
          {
            "path": ":spring-messaging:classes",
            "outcome": "EXECUTED"
          },
          {
            "path": ":spring-messaging:compileJava",
            "outcome": "FROM_CACHE"
          },
          {
            "path": ":spring-messaging:compileKotlin",
            "outcome": "FROM_CACHE"
          },
          {
            "path": ":spring-messaging:compileTestFixturesJava",
            "outcome": "NO_SOURCE"
          },
          {
            "path": ":spring-messaging:compileTestFixturesKotlin",
            "outcome": "NO_SOURCE"
          },
          {
            "path": ":spring-messaging:compileTestJava",
            "outcome": "FROM_CACHE"
          },
          {
            "path": ":spring-messaging:compileTestKotlin",
            "outcome": "FROM_CACHE"
          },
          {
            "path": ":spring-messaging:jar",
            "outcome": "EXECUTED"
          },
          {
            "path": ":spring-messaging:processResources",
            "outcome": "EXECUTED"
          },
          {
            "path": ":spring-messaging:processTestFixturesResources",
            "outcome": "NO_SOURCE"
          },
          {
            "path": ":spring-messaging:processTestResources",
            "outcome": "EXECUTED"
          },
          {
            "path": ":spring-messaging:testClasses",
            "outcome": "EXECUTED"
          },
          {
            "path": ":spring-messaging:testFixturesClasses",
            "outcome": "UP_TO_DATE"
          },
          {
            "path": ":spring-messaging:testFixturesJar",
            "outcome": "EXECUTED"
          },
          {
            "path": ":spring-orm:compileJava",
            "outcome": "FROM_CACHE"
          },
          {
            "path": ":spring-orm:compileTestFixturesJava",
            "outcome": "NO_SOURCE"
          },
          {
            "path": ":spring-orm:compileTestJava",
            "outcome": "FROM_CACHE"
          },
          {
            "path": ":spring-orm:processTestResources",
            "outcome": "EXECUTED"
          },
          {
            "path": ":spring-orm:testClasses",
            "outcome": "EXECUTED"
          },
          {
            "path": ":spring-oxm:compileJava",
            "outcome": "FROM_CACHE"
          },
          {
            "path": ":spring-oxm:compileTestFixturesJava",
            "outcome": "NO_SOURCE"
          },
          {
            "path": ":spring-oxm:compileTestJava",
            "outcome": "FROM_CACHE"
          },
          {
            "path": ":spring-oxm:processTestResources",
            "outcome": "EXECUTED"
          },
          {
            "path": ":spring-oxm:testClasses",
            "outcome": "EXECUTED"
          },
          {
            "path": ":spring-oxm:xjc",
            "outcome": "FROM_CACHE"
          },
          {
            "path": ":spring-r2dbc:checkKotlinGradlePluginConfigurationErrors",
            "outcome": "SKIPPED"
          },
          {
            "path": ":spring-r2dbc:classes",
            "outcome": "EXECUTED"
          },
          {
            "path": ":spring-r2dbc:compileJava",
            "outcome": "FROM_CACHE"
          },
          {
            "path": ":spring-r2dbc:compileKotlin",
            "outcome": "FROM_CACHE"
          },
          {
            "path": ":spring-r2dbc:compileTestFixturesJava",
            "outcome": "NO_SOURCE"
          },
          {
            "path": ":spring-r2dbc:compileTestFixturesKotlin",
            "outcome": "NO_SOURCE"
          },
          {
            "path": ":spring-r2dbc:compileTestJava",
            "outcome": "FROM_CACHE"
          },
          {
            "path": ":spring-r2dbc:compileTestKotlin",
            "outcome": "FROM_CACHE"
          },
          {
            "path": ":spring-r2dbc:jar",
            "outcome": "EXECUTED"
          },
          {
            "path": ":spring-r2dbc:processResources",
            "outcome": "EXECUTED"
          },
          {
            "path": ":spring-r2dbc:processTestFixturesResources",
            "outcome": "NO_SOURCE"
          },
          {
            "path": ":spring-r2dbc:processTestResources",
            "outcome": "EXECUTED"
          },
          {
            "path": ":spring-r2dbc:testClasses",
            "outcome": "EXECUTED"
          },
          {
            "path": ":spring-r2dbc:testFixturesClasses",
            "outcome": "UP_TO_DATE"
          },
          {
            "path": ":spring-r2dbc:testFixturesJar",
            "outcome": "EXECUTED"
          },
          {
            "path": ":spring-test:checkKotlinGradlePluginConfigurationErrors",
            "outcome": "SKIPPED"
          },
          {
            "path": ":spring-test:classes",
            "outcome": "EXECUTED"
          },
          {
            "path": ":spring-test:compileJava",
            "outcome": "FROM_CACHE"
          },
          {
            "path": ":spring-test:compileKotlin",
            "outcome": "FROM_CACHE"
          },
          {
            "path": ":spring-test:compileTestFixturesJava",
            "outcome": "NO_SOURCE"
          },
          {
            "path": ":spring-test:compileTestFixturesKotlin",
            "outcome": "NO_SOURCE"
          },
          {
            "path": ":spring-test:compileTestJava",
            "outcome": "FROM_CACHE"
          },
          {
            "path": ":spring-test:compileTestKotlin",
            "outcome": "FROM_CACHE"
          },
          {
            "path": ":spring-test:jar",
            "outcome": "EXECUTED"
          },
          {
            "path": ":spring-test:processResources",
            "outcome": "EXECUTED"
          },
          {
            "path": ":spring-test:processTestFixturesResources",
            "outcome": "NO_SOURCE"
          },
          {
            "path": ":spring-test:processTestResources",
            "outcome": "EXECUTED"
          },
          {
            "path": ":spring-test:testClasses",
            "outcome": "EXECUTED"
          },
          {
            "path": ":spring-test:testFixturesClasses",
            "outcome": "UP_TO_DATE"
          },
          {
            "path": ":spring-test:testFixturesJar",
            "outcome": "EXECUTED"
          },
          {
            "path": ":spring-tx:checkKotlinGradlePluginConfigurationErrors",
            "outcome": "SKIPPED"
          },
          {
            "path": ":spring-tx:classes",
            "outcome": "EXECUTED"
          },
          {
            "path": ":spring-tx:compileJava",
            "outcome": "FROM_CACHE"
          },
          {
            "path": ":spring-tx:compileKotlin",
            "outcome": "FROM_CACHE"
          },
          {
            "path": ":spring-tx:compileTestFixturesJava",
            "outcome": "FROM_CACHE"
          },
          {
            "path": ":spring-tx:compileTestFixturesKotlin",
            "outcome": "NO_SOURCE"
          },
          {
            "path": ":spring-tx:compileTestJava",
            "outcome": "FROM_CACHE"
          },
          {
            "path": ":spring-tx:compileTestKotlin",
            "outcome": "FROM_CACHE"
          },
          {
            "path": ":spring-tx:jar",
            "outcome": "EXECUTED"
          },
          {
            "path": ":spring-tx:processResources",
            "outcome": "EXECUTED"
          },
          {
            "path": ":spring-tx:processTestFixturesResources",
            "outcome": "NO_SOURCE"
          },
          {
            "path": ":spring-tx:processTestResources",
            "outcome": "EXECUTED"
          },
          {
            "path": ":spring-tx:testClasses",
            "outcome": "EXECUTED"
          },
          {
            "path": ":spring-tx:testFixturesClasses",
            "outcome": "UP_TO_DATE"
          },
          {
            "path": ":spring-tx:testFixturesJar",
            "outcome": "EXECUTED"
          },
          {
            "path": ":spring-web:checkKotlinGradlePluginConfigurationErrors",
            "outcome": "SKIPPED"
          },
          {
            "path": ":spring-web:classes",
            "outcome": "EXECUTED"
          },
          {
            "path": ":spring-web:compileJava",
            "outcome": "FROM_CACHE"
          },
          {
            "path": ":spring-web:compileKotlin",
            "outcome": "FROM_CACHE"
          },
          {
            "path": ":spring-web:compileTestFixturesJava",
            "outcome": "FROM_CACHE"
          },
          {
            "path": ":spring-web:compileTestFixturesKotlin",
            "outcome": "NO_SOURCE"
          },
          {
            "path": ":spring-web:compileTestJava",
            "outcome": "FROM_CACHE"
          },
          {
            "path": ":spring-web:compileTestKotlin",
            "outcome": "FROM_CACHE"
          },
          {
            "path": ":spring-web:jar",
            "outcome": "EXECUTED"
          },
          {
            "path": ":spring-web:processResources",
            "outcome": "EXECUTED"
          },
          {
            "path": ":spring-web:processTestFixturesResources",
            "outcome": "EXECUTED"
          },
          {
            "path": ":spring-web:processTestResources",
            "outcome": "EXECUTED"
          },
          {
            "path": ":spring-web:testClasses",
            "outcome": "EXECUTED"
          },
          {
            "path": ":spring-web:testFixturesClasses",
            "outcome": "EXECUTED"
          },
          {
            "path": ":spring-web:testFixturesJar",
            "outcome": "EXECUTED"
          },
          {
            "path": ":spring-webflux:checkKotlinGradlePluginConfigurationErrors",
            "outcome": "SKIPPED"
          },
          {
            "path": ":spring-webflux:classes",
            "outcome": "EXECUTED"
          },
          {
            "path": ":spring-webflux:compileJava",
            "outcome": "FROM_CACHE"
          },
          {
            "path": ":spring-webflux:compileKotlin",
            "outcome": "FROM_CACHE"
          },
          {
            "path": ":spring-webflux:compileTestFixturesJava",
            "outcome": "NO_SOURCE"
          },
          {
            "path": ":spring-webflux:compileTestFixturesKotlin",
            "outcome": "NO_SOURCE"
          },
          {
            "path": ":spring-webflux:compileTestJava",
            "outcome": "FROM_CACHE"
          },
          {
            "path": ":spring-webflux:compileTestKotlin",
            "outcome": "FROM_CACHE"
          },
          {
            "path": ":spring-webflux:jar",
            "outcome": "EXECUTED"
          },
          {
            "path": ":spring-webflux:processResources",
            "outcome": "EXECUTED"
          },
          {
            "path": ":spring-webflux:processTestFixturesResources",
            "outcome": "NO_SOURCE"
          },
          {
            "path": ":spring-webflux:processTestResources",
            "outcome": "EXECUTED"
          },
          {
            "path": ":spring-webflux:testClasses",
            "outcome": "EXECUTED"
          },
          {
            "path": ":spring-webflux:testFixturesClasses",
            "outcome": "UP_TO_DATE"
          },
          {
            "path": ":spring-webflux:testFixturesJar",
            "outcome": "EXECUTED"
          },
          {
            "path": ":spring-webmvc:checkKotlinGradlePluginConfigurationErrors",
            "outcome": "SKIPPED"
          },
          {
            "path": ":spring-webmvc:classes",
            "outcome": "EXECUTED"
          },
          {
            "path": ":spring-webmvc:compileJava",
            "outcome": "FROM_CACHE"
          },
          {
            "path": ":spring-webmvc:compileKotlin",
            "outcome": "FROM_CACHE"
          },
          {
            "path": ":spring-webmvc:compileTestFixturesJava",
            "outcome": "NO_SOURCE"
          },
          {
            "path": ":spring-webmvc:compileTestFixturesKotlin",
            "outcome": "NO_SOURCE"
          },
          {
            "path": ":spring-webmvc:compileTestJava",
            "outcome": "FROM_CACHE"
          },
          {
            "path": ":spring-webmvc:compileTestKotlin",
            "outcome": "FROM_CACHE"
          },
          {
            "path": ":spring-webmvc:jar",
            "outcome": "EXECUTED"
          },
          {
            "path": ":spring-webmvc:processResources",
            "outcome": "EXECUTED"
          },
          {
            "path": ":spring-webmvc:processTestFixturesResources",
            "outcome": "NO_SOURCE"
          },
          {
            "path": ":spring-webmvc:processTestResources",
            "outcome": "EXECUTED"
          },
          {
            "path": ":spring-webmvc:testClasses",
            "outcome": "EXECUTED"
          },
          {
            "path": ":spring-webmvc:testFixturesClasses",
            "outcome": "UP_TO_DATE"
          },
          {
            "path": ":spring-webmvc:testFixturesJar",
            "outcome": "EXECUTED"
          },
          {
            "path": ":spring-websocket:compileJava",
            "outcome": "FROM_CACHE"
          },
          {
            "path": ":spring-websocket:compileTestFixturesJava",
            "outcome": "NO_SOURCE"
          },
          {
            "path": ":spring-websocket:compileTestJava",
            "outcome": "FROM_CACHE"
          },
          {
            "path": ":spring-websocket:processTestResources",
            "outcome": "EXECUTED"
          },
          {
            "path": ":spring-websocket:testClasses",
            "outcome": "EXECUTED"
          },
          {
            "path": ":testClasses",
            "outcome": "UP_TO_DATE"
          }
        ]
      },
      "candidateTaskOutcomes": {
        "total": 56,
        "executed": 14,
        "fromCache": 26,
        "upToDate": 2,
        "noSource": 7,
        "skipped": 7,
        "fingerprintSha256": "af08640256e4ce968a02546a34fd5e7b170359e73fd1255332a0b813d6a2b3f6",
        "tasks": [
          {
            "path": ":buildSrc:check",
            "outcome": "UP_TO_DATE"
          },
          {
            "path": ":buildSrc:checkstyleMain",
            "outcome": "FROM_CACHE"
          },
          {
            "path": ":buildSrc:checkstyleTest",
            "outcome": "FROM_CACHE"
          },
          {
            "path": ":buildSrc:classes",
            "outcome": "EXECUTED"
          },
          {
            "path": ":buildSrc:compileGroovy",
            "outcome": "NO_SOURCE"
          },
          {
            "path": ":buildSrc:compileJava",
            "outcome": "FROM_CACHE"
          },
          {
            "path": ":buildSrc:compileTestGroovy",
            "outcome": "NO_SOURCE"
          },
          {
            "path": ":buildSrc:compileTestJava",
            "outcome": "FROM_CACHE"
          },
          {
            "path": ":buildSrc:jar",
            "outcome": "EXECUTED"
          },
          {
            "path": ":buildSrc:pluginDescriptors",
            "outcome": "EXECUTED"
          },
          {
            "path": ":buildSrc:pluginUnderTestMetadata",
            "outcome": "EXECUTED"
          },
          {
            "path": ":buildSrc:processResources",
            "outcome": "EXECUTED"
          },
          {
            "path": ":buildSrc:processTestResources",
            "outcome": "NO_SOURCE"
          },
          {
            "path": ":buildSrc:test",
            "outcome": "FROM_CACHE"
          },
          {
            "path": ":buildSrc:testClasses",
            "outcome": "UP_TO_DATE"
          },
          {
            "path": ":buildSrc:validatePlugins",
            "outcome": "FROM_CACHE"
          },
          {
            "path": ":spring-aop:checkKotlinGradlePluginConfigurationErrors",
            "outcome": "SKIPPED"
          },
          {
            "path": ":spring-aop:compileJava",
            "outcome": "FROM_CACHE"
          },
          {
            "path": ":spring-aop:compileKotlin",
            "outcome": "NO_SOURCE"
          },
          {
            "path": ":spring-beans:checkKotlinGradlePluginConfigurationErrors",
            "outcome": "SKIPPED"
          },
          {
            "path": ":spring-beans:classes",
            "outcome": "EXECUTED"
          },
          {
            "path": ":spring-beans:compileJava",
            "outcome": "FROM_CACHE"
          },
          {
            "path": ":spring-beans:compileKotlin",
            "outcome": "FROM_CACHE"
          },
          {
            "path": ":spring-beans:compileTestFixturesJava",
            "outcome": "FROM_CACHE"
          },
          {
            "path": ":spring-beans:compileTestFixturesKotlin",
            "outcome": "FROM_CACHE"
          },
          {
            "path": ":spring-beans:jar",
            "outcome": "EXECUTED"
          },
          {
            "path": ":spring-beans:processResources",
            "outcome": "EXECUTED"
          },
          {
            "path": ":spring-context:checkKotlinGradlePluginConfigurationErrors",
            "outcome": "SKIPPED"
          },
          {
            "path": ":spring-context:compileJava",
            "outcome": "FROM_CACHE"
          },
          {
            "path": ":spring-context:compileKotlin",
            "outcome": "FROM_CACHE"
          },
          {
            "path": ":spring-core:checkKotlinGradlePluginConfigurationErrors",
            "outcome": "SKIPPED"
          },
          {
            "path": ":spring-core:compileJava",
            "outcome": "FROM_CACHE"
          },
          {
            "path": ":spring-core:compileKotlin",
            "outcome": "FROM_CACHE"
          },
          {
            "path": ":spring-core:javapoetRepackJar",
            "outcome": "FROM_CACHE"
          },
          {
            "path": ":spring-core:objenesisRepackJar",
            "outcome": "FROM_CACHE"
          },
          {
            "path": ":spring-expression:checkKotlinGradlePluginConfigurationErrors",
            "outcome": "SKIPPED"
          },
          {
            "path": ":spring-expression:compileJava",
            "outcome": "FROM_CACHE"
          },
          {
            "path": ":spring-expression:compileKotlin",
            "outcome": "NO_SOURCE"
          },
          {
            "path": ":spring-instrument:compileJava",
            "outcome": "FROM_CACHE"
          },
          {
            "path": ":spring-jms:compileJava",
            "outcome": "EXECUTED"
          },
          {
            "path": ":spring-jms:compileTestFixturesJava",
            "outcome": "NO_SOURCE"
          },
          {
            "path": ":spring-jms:compileTestJava",
            "outcome": "FROM_CACHE"
          },
          {
            "path": ":spring-jms:processTestResources",
            "outcome": "EXECUTED"
          },
          {
            "path": ":spring-jms:testClasses",
            "outcome": "EXECUTED"
          },
          {
            "path": ":spring-messaging:checkKotlinGradlePluginConfigurationErrors",
            "outcome": "SKIPPED"
          },
          {
            "path": ":spring-messaging:compileJava",
            "outcome": "FROM_CACHE"
          },
          {
            "path": ":spring-messaging:compileKotlin",
            "outcome": "FROM_CACHE"
          },
          {
            "path": ":spring-oxm:compileJava",
            "outcome": "FROM_CACHE"
          },
          {
            "path": ":spring-tx:checkKotlinGradlePluginConfigurationErrors",
            "outcome": "SKIPPED"
          },
          {
            "path": ":spring-tx:classes",
            "outcome": "EXECUTED"
          },
          {
            "path": ":spring-tx:compileJava",
            "outcome": "FROM_CACHE"
          },
          {
            "path": ":spring-tx:compileKotlin",
            "outcome": "FROM_CACHE"
          },
          {
            "path": ":spring-tx:compileTestFixturesJava",
            "outcome": "FROM_CACHE"
          },
          {
            "path": ":spring-tx:compileTestFixturesKotlin",
            "outcome": "NO_SOURCE"
          },
          {
            "path": ":spring-tx:jar",
            "outcome": "EXECUTED"
          },
          {
            "path": ":spring-tx:processResources",
            "outcome": "EXECUTED"
          }
        ]
      },
      "controlHostPressure": {
        "available": true,
        "cpuSomeTotalUs": 488893,
        "memorySomeTotalUs": 1,
        "memoryFullTotalUs": 1,
        "ioSomeTotalUs": 9577445,
        "ioFullTotalUs": 6329393
      },
      "candidateHostPressure": {
        "available": true,
        "cpuSomeTotalUs": 31626,
        "memorySomeTotalUs": 0,
        "memoryFullTotalUs": 0,
        "ioSomeTotalUs": 9233530,
        "ioFullTotalUs": 7800353
      }
    },
    {
      "pair": 4,
      "order": "CANDIDATE_FIRST",
      "controlDurationMs": 12690,
      "candidateDurationMs": 10505,
      "savedMs": 2185,
      "controlRequiredOutputSha256": "c1de7856f3bfbec061af1a6a147e489da0bd960aca43bf326e51372c2ca5d629",
      "candidateRequiredOutputSha256": "c1de7856f3bfbec061af1a6a147e489da0bd960aca43bf326e51372c2ca5d629",
      "requiredOutputCount": 378,
      "productAttributableFailure": false,
      "controlLogSha256": "484f59eb3e6234299821a3f06fc2559b2af6d790318608d8707a4fe643aca3db",
      "candidateLogSha256": "1e16ce59de7e9fe34b5eb376c5b7ec8ef517d1a413d336320fa73ff676aacb8d",
      "controlTaskOutcomes": {
        "total": 305,
        "executed": 109,
        "fromCache": 89,
        "upToDate": 23,
        "noSource": 65,
        "skipped": 19,
        "fingerprintSha256": "85399d45cd2d3615162148545d5babb68fb708dbdd29a2e2991b8e65724ce6a7",
        "tasks": [
          {
            "path": ":buildSrc:check",
            "outcome": "UP_TO_DATE"
          },
          {
            "path": ":buildSrc:checkstyleMain",
            "outcome": "FROM_CACHE"
          },
          {
            "path": ":buildSrc:checkstyleTest",
            "outcome": "FROM_CACHE"
          },
          {
            "path": ":buildSrc:classes",
            "outcome": "EXECUTED"
          },
          {
            "path": ":buildSrc:compileGroovy",
            "outcome": "NO_SOURCE"
          },
          {
            "path": ":buildSrc:compileJava",
            "outcome": "FROM_CACHE"
          },
          {
            "path": ":buildSrc:compileTestGroovy",
            "outcome": "NO_SOURCE"
          },
          {
            "path": ":buildSrc:compileTestJava",
            "outcome": "FROM_CACHE"
          },
          {
            "path": ":buildSrc:jar",
            "outcome": "EXECUTED"
          },
          {
            "path": ":buildSrc:pluginDescriptors",
            "outcome": "EXECUTED"
          },
          {
            "path": ":buildSrc:pluginUnderTestMetadata",
            "outcome": "EXECUTED"
          },
          {
            "path": ":buildSrc:processResources",
            "outcome": "EXECUTED"
          },
          {
            "path": ":buildSrc:processTestResources",
            "outcome": "NO_SOURCE"
          },
          {
            "path": ":buildSrc:test",
            "outcome": "FROM_CACHE"
          },
          {
            "path": ":buildSrc:testClasses",
            "outcome": "UP_TO_DATE"
          },
          {
            "path": ":buildSrc:validatePlugins",
            "outcome": "FROM_CACHE"
          },
          {
            "path": ":classes",
            "outcome": "UP_TO_DATE"
          },
          {
            "path": ":compileJava",
            "outcome": "NO_SOURCE"
          },
          {
            "path": ":compileTestFixturesJava",
            "outcome": "NO_SOURCE"
          },
          {
            "path": ":compileTestJava",
            "outcome": "NO_SOURCE"
          },
          {
            "path": ":framework-docs:checkKotlinGradlePluginConfigurationErrors",
            "outcome": "SKIPPED"
          },
          {
            "path": ":framework-docs:classes",
            "outcome": "EXECUTED"
          },
          {
            "path": ":framework-docs:compileJava",
            "outcome": "FROM_CACHE"
          },
          {
            "path": ":framework-docs:compileKotlin",
            "outcome": "FROM_CACHE"
          },
          {
            "path": ":framework-docs:compileTestJava",
            "outcome": "NO_SOURCE"
          },
          {
            "path": ":framework-docs:compileTestKotlin",
            "outcome": "NO_SOURCE"
          },
          {
            "path": ":framework-docs:jar",
            "outcome": "SKIPPED"
          },
          {
            "path": ":framework-docs:processResources",
            "outcome": "EXECUTED"
          },
          {
            "path": ":framework-docs:processTestResources",
            "outcome": "NO_SOURCE"
          },
          {
            "path": ":framework-docs:testClasses",
            "outcome": "UP_TO_DATE"
          },
          {
            "path": ":integration-tests:checkKotlinGradlePluginConfigurationErrors",
            "outcome": "SKIPPED"
          },
          {
            "path": ":integration-tests:classes",
            "outcome": "UP_TO_DATE"
          },
          {
            "path": ":integration-tests:compileJava",
            "outcome": "NO_SOURCE"
          },
          {
            "path": ":integration-tests:compileKotlin",
            "outcome": "NO_SOURCE"
          },
          {
            "path": ":integration-tests:compileTestFixturesJava",
            "outcome": "NO_SOURCE"
          },
          {
            "path": ":integration-tests:compileTestFixturesKotlin",
            "outcome": "NO_SOURCE"
          },
          {
            "path": ":integration-tests:compileTestJava",
            "outcome": "FROM_CACHE"
          },
          {
            "path": ":integration-tests:compileTestKotlin",
            "outcome": "FROM_CACHE"
          },
          {
            "path": ":integration-tests:jar",
            "outcome": "EXECUTED"
          },
          {
            "path": ":integration-tests:processResources",
            "outcome": "NO_SOURCE"
          },
          {
            "path": ":integration-tests:processTestFixturesResources",
            "outcome": "NO_SOURCE"
          },
          {
            "path": ":integration-tests:processTestResources",
            "outcome": "EXECUTED"
          },
          {
            "path": ":integration-tests:testClasses",
            "outcome": "EXECUTED"
          },
          {
            "path": ":integration-tests:testFixturesClasses",
            "outcome": "UP_TO_DATE"
          },
          {
            "path": ":integration-tests:testFixturesJar",
            "outcome": "EXECUTED"
          },
          {
            "path": ":jar",
            "outcome": "EXECUTED"
          },
          {
            "path": ":processResources",
            "outcome": "NO_SOURCE"
          },
          {
            "path": ":processTestResources",
            "outcome": "NO_SOURCE"
          },
          {
            "path": ":spring-aop:checkKotlinGradlePluginConfigurationErrors",
            "outcome": "SKIPPED"
          },
          {
            "path": ":spring-aop:classes",
            "outcome": "EXECUTED"
          },
          {
            "path": ":spring-aop:compileJava",
            "outcome": "FROM_CACHE"
          },
          {
            "path": ":spring-aop:compileKotlin",
            "outcome": "NO_SOURCE"
          },
          {
            "path": ":spring-aop:compileTestFixturesJava",
            "outcome": "FROM_CACHE"
          },
          {
            "path": ":spring-aop:compileTestFixturesKotlin",
            "outcome": "NO_SOURCE"
          },
          {
            "path": ":spring-aop:compileTestJava",
            "outcome": "FROM_CACHE"
          },
          {
            "path": ":spring-aop:compileTestKotlin",
            "outcome": "FROM_CACHE"
          },
          {
            "path": ":spring-aop:jar",
            "outcome": "EXECUTED"
          },
          {
            "path": ":spring-aop:processResources",
            "outcome": "EXECUTED"
          },
          {
            "path": ":spring-aop:processTestFixturesResources",
            "outcome": "NO_SOURCE"
          },
          {
            "path": ":spring-aop:processTestResources",
            "outcome": "EXECUTED"
          },
          {
            "path": ":spring-aop:testClasses",
            "outcome": "EXECUTED"
          },
          {
            "path": ":spring-aop:testFixturesClasses",
            "outcome": "UP_TO_DATE"
          },
          {
            "path": ":spring-aop:testFixturesJar",
            "outcome": "EXECUTED"
          },
          {
            "path": ":spring-aspects:classes",
            "outcome": "EXECUTED"
          },
          {
            "path": ":spring-aspects:compileAspectj",
            "outcome": "FROM_CACHE"
          },
          {
            "path": ":spring-aspects:compileJava",
            "outcome": "SKIPPED"
          },
          {
            "path": ":spring-aspects:compileTestAspectj",
            "outcome": "FROM_CACHE"
          },
          {
            "path": ":spring-aspects:compileTestFixturesAspectj",
            "outcome": "NO_SOURCE"
          },
          {
            "path": ":spring-aspects:compileTestFixturesJava",
            "outcome": "SKIPPED"
          },
          {
            "path": ":spring-aspects:compileTestJava",
            "outcome": "SKIPPED"
          },
          {
            "path": ":spring-aspects:processResources",
            "outcome": "EXECUTED"
          },
          {
            "path": ":spring-aspects:processTestResources",
            "outcome": "EXECUTED"
          },
          {
            "path": ":spring-aspects:testClasses",
            "outcome": "EXECUTED"
          },
          {
            "path": ":spring-beans:checkKotlinGradlePluginConfigurationErrors",
            "outcome": "SKIPPED"
          },
          {
            "path": ":spring-beans:classes",
            "outcome": "EXECUTED"
          },
          {
            "path": ":spring-beans:compileJava",
            "outcome": "FROM_CACHE"
          },
          {
            "path": ":spring-beans:compileKotlin",
            "outcome": "FROM_CACHE"
          },
          {
            "path": ":spring-beans:compileTestFixturesJava",
            "outcome": "FROM_CACHE"
          },
          {
            "path": ":spring-beans:compileTestFixturesKotlin",
            "outcome": "FROM_CACHE"
          },
          {
            "path": ":spring-beans:compileTestJava",
            "outcome": "FROM_CACHE"
          },
          {
            "path": ":spring-beans:compileTestKotlin",
            "outcome": "FROM_CACHE"
          },
          {
            "path": ":spring-beans:jar",
            "outcome": "EXECUTED"
          },
          {
            "path": ":spring-beans:processResources",
            "outcome": "EXECUTED"
          },
          {
            "path": ":spring-beans:processTestFixturesResources",
            "outcome": "EXECUTED"
          },
          {
            "path": ":spring-beans:processTestResources",
            "outcome": "EXECUTED"
          },
          {
            "path": ":spring-beans:testClasses",
            "outcome": "EXECUTED"
          },
          {
            "path": ":spring-beans:testFixturesClasses",
            "outcome": "EXECUTED"
          },
          {
            "path": ":spring-beans:testFixturesJar",
            "outcome": "EXECUTED"
          },
          {
            "path": ":spring-context-indexer:compileJava",
            "outcome": "FROM_CACHE"
          },
          {
            "path": ":spring-context-indexer:compileTestFixturesJava",
            "outcome": "NO_SOURCE"
          },
          {
            "path": ":spring-context-indexer:compileTestJava",
            "outcome": "FROM_CACHE"
          },
          {
            "path": ":spring-context-indexer:processTestResources",
            "outcome": "NO_SOURCE"
          },
          {
            "path": ":spring-context-indexer:testClasses",
            "outcome": "UP_TO_DATE"
          },
          {
            "path": ":spring-context-support:compileJava",
            "outcome": "FROM_CACHE"
          },
          {
            "path": ":spring-context-support:compileTestFixturesJava",
            "outcome": "FROM_CACHE"
          },
          {
            "path": ":spring-context-support:compileTestJava",
            "outcome": "FROM_CACHE"
          },
          {
            "path": ":spring-context-support:processTestResources",
            "outcome": "EXECUTED"
          },
          {
            "path": ":spring-context-support:testClasses",
            "outcome": "EXECUTED"
          },
          {
            "path": ":spring-context:checkKotlinGradlePluginConfigurationErrors",
            "outcome": "SKIPPED"
          },
          {
            "path": ":spring-context:classes",
            "outcome": "EXECUTED"
          },
          {
            "path": ":spring-context:compileJava",
            "outcome": "FROM_CACHE"
          },
          {
            "path": ":spring-context:compileKotlin",
            "outcome": "FROM_CACHE"
          },
          {
            "path": ":spring-context:compileTestFixturesJava",
            "outcome": "FROM_CACHE"
          },
          {
            "path": ":spring-context:compileTestFixturesKotlin",
            "outcome": "NO_SOURCE"
          },
          {
            "path": ":spring-context:compileTestJava",
            "outcome": "FROM_CACHE"
          },
          {
            "path": ":spring-context:compileTestKotlin",
            "outcome": "FROM_CACHE"
          },
          {
            "path": ":spring-context:jar",
            "outcome": "EXECUTED"
          },
          {
            "path": ":spring-context:processResources",
            "outcome": "EXECUTED"
          },
          {
            "path": ":spring-context:processTestFixturesResources",
            "outcome": "NO_SOURCE"
          },
          {
            "path": ":spring-context:processTestResources",
            "outcome": "EXECUTED"
          },
          {
            "path": ":spring-context:testClasses",
            "outcome": "EXECUTED"
          },
          {
            "path": ":spring-context:testFixturesClasses",
            "outcome": "UP_TO_DATE"
          },
          {
            "path": ":spring-context:testFixturesJar",
            "outcome": "EXECUTED"
          },
          {
            "path": ":spring-core-test:compileJava",
            "outcome": "FROM_CACHE"
          },
          {
            "path": ":spring-core-test:compileTestFixturesJava",
            "outcome": "NO_SOURCE"
          },
          {
            "path": ":spring-core-test:compileTestJava",
            "outcome": "FROM_CACHE"
          },
          {
            "path": ":spring-core-test:processTestResources",
            "outcome": "EXECUTED"
          },
          {
            "path": ":spring-core-test:testClasses",
            "outcome": "EXECUTED"
          },
          {
            "path": ":spring-core:checkKotlinGradlePluginConfigurationErrors",
            "outcome": "SKIPPED"
          },
          {
            "path": ":spring-core:classes",
            "outcome": "EXECUTED"
          },
          {
            "path": ":spring-core:compileJava",
            "outcome": "FROM_CACHE"
          },
          {
            "path": ":spring-core:compileJava21Java",
            "outcome": "FROM_CACHE"
          },
          {
            "path": ":spring-core:compileJava21Kotlin",
            "outcome": "NO_SOURCE"
          },
          {
            "path": ":spring-core:compileJava24Java",
            "outcome": "FROM_CACHE"
          },
          {
            "path": ":spring-core:compileJava24Kotlin",
            "outcome": "NO_SOURCE"
          },
          {
            "path": ":spring-core:compileKotlin",
            "outcome": "FROM_CACHE"
          },
          {
            "path": ":spring-core:compileTestFixturesJava",
            "outcome": "FROM_CACHE"
          },
          {
            "path": ":spring-core:compileTestFixturesKotlin",
            "outcome": "NO_SOURCE"
          },
          {
            "path": ":spring-core:compileTestJava",
            "outcome": "FROM_CACHE"
          },
          {
            "path": ":spring-core:compileTestKotlin",
            "outcome": "FROM_CACHE"
          },
          {
            "path": ":spring-core:jar",
            "outcome": "EXECUTED"
          },
          {
            "path": ":spring-core:java21Classes",
            "outcome": "UP_TO_DATE"
          },
          {
            "path": ":spring-core:java24Classes",
            "outcome": "UP_TO_DATE"
          },
          {
            "path": ":spring-core:javapoetRepackJar",
            "outcome": "FROM_CACHE"
          },
          {
            "path": ":spring-core:objenesisRepackJar",
            "outcome": "FROM_CACHE"
          },
          {
            "path": ":spring-core:processJava21Resources",
            "outcome": "NO_SOURCE"
          },
          {
            "path": ":spring-core:processJava24Resources",
            "outcome": "NO_SOURCE"
          },
          {
            "path": ":spring-core:processResources",
            "outcome": "EXECUTED"
          },
          {
            "path": ":spring-core:processTestFixturesResources",
            "outcome": "NO_SOURCE"
          },
          {
            "path": ":spring-core:processTestResources",
            "outcome": "EXECUTED"
          },
          {
            "path": ":spring-core:testClasses",
            "outcome": "EXECUTED"
          },
          {
            "path": ":spring-core:testFixturesClasses",
            "outcome": "UP_TO_DATE"
          },
          {
            "path": ":spring-core:testFixturesJar",
            "outcome": "EXECUTED"
          },
          {
            "path": ":spring-expression:checkKotlinGradlePluginConfigurationErrors",
            "outcome": "SKIPPED"
          },
          {
            "path": ":spring-expression:classes",
            "outcome": "UP_TO_DATE"
          },
          {
            "path": ":spring-expression:compileJava",
            "outcome": "FROM_CACHE"
          },
          {
            "path": ":spring-expression:compileKotlin",
            "outcome": "NO_SOURCE"
          },
          {
            "path": ":spring-expression:compileTestFixturesJava",
            "outcome": "NO_SOURCE"
          },
          {
            "path": ":spring-expression:compileTestFixturesKotlin",
            "outcome": "NO_SOURCE"
          },
          {
            "path": ":spring-expression:compileTestJava",
            "outcome": "FROM_CACHE"
          },
          {
            "path": ":spring-expression:compileTestKotlin",
            "outcome": "FROM_CACHE"
          },
          {
            "path": ":spring-expression:jar",
            "outcome": "EXECUTED"
          },
          {
            "path": ":spring-expression:processResources",
            "outcome": "NO_SOURCE"
          },
          {
            "path": ":spring-expression:processTestFixturesResources",
            "outcome": "NO_SOURCE"
          },
          {
            "path": ":spring-expression:processTestResources",
            "outcome": "EXECUTED"
          },
          {
            "path": ":spring-expression:testClasses",
            "outcome": "EXECUTED"
          },
          {
            "path": ":spring-expression:testFixturesClasses",
            "outcome": "UP_TO_DATE"
          },
          {
            "path": ":spring-expression:testFixturesJar",
            "outcome": "EXECUTED"
          },
          {
            "path": ":spring-instrument:compileJava",
            "outcome": "FROM_CACHE"
          },
          {
            "path": ":spring-instrument:compileTestFixturesJava",
            "outcome": "NO_SOURCE"
          },
          {
            "path": ":spring-instrument:compileTestJava",
            "outcome": "NO_SOURCE"
          },
          {
            "path": ":spring-instrument:processTestResources",
            "outcome": "NO_SOURCE"
          },
          {
            "path": ":spring-instrument:testClasses",
            "outcome": "UP_TO_DATE"
          },
          {
            "path": ":spring-jdbc:checkKotlinGradlePluginConfigurationErrors",
            "outcome": "SKIPPED"
          },
          {
            "path": ":spring-jdbc:classes",
            "outcome": "EXECUTED"
          },
          {
            "path": ":spring-jdbc:compileJava",
            "outcome": "FROM_CACHE"
          },
          {
            "path": ":spring-jdbc:compileKotlin",
            "outcome": "FROM_CACHE"
          },
          {
            "path": ":spring-jdbc:compileTestFixturesJava",
            "outcome": "NO_SOURCE"
          },
          {
            "path": ":spring-jdbc:compileTestFixturesKotlin",
            "outcome": "NO_SOURCE"
          },
          {
            "path": ":spring-jdbc:compileTestJava",
            "outcome": "FROM_CACHE"
          },
          {
            "path": ":spring-jdbc:compileTestKotlin",
            "outcome": "FROM_CACHE"
          },
          {
            "path": ":spring-jdbc:jar",
            "outcome": "EXECUTED"
          },
          {
            "path": ":spring-jdbc:processResources",
            "outcome": "EXECUTED"
          },
          {
            "path": ":spring-jdbc:processTestFixturesResources",
            "outcome": "NO_SOURCE"
          },
          {
            "path": ":spring-jdbc:processTestResources",
            "outcome": "EXECUTED"
          },
          {
            "path": ":spring-jdbc:testClasses",
            "outcome": "EXECUTED"
          },
          {
            "path": ":spring-jdbc:testFixturesClasses",
            "outcome": "UP_TO_DATE"
          },
          {
            "path": ":spring-jdbc:testFixturesJar",
            "outcome": "EXECUTED"
          },
          {
            "path": ":spring-jms:compileJava",
            "outcome": "EXECUTED"
          },
          {
            "path": ":spring-jms:compileTestFixturesJava",
            "outcome": "NO_SOURCE"
          },
          {
            "path": ":spring-jms:compileTestJava",
            "outcome": "FROM_CACHE"
          },
          {
            "path": ":spring-jms:processTestResources",
            "outcome": "EXECUTED"
          },
          {
            "path": ":spring-jms:testClasses",
            "outcome": "EXECUTED"
          },
          {
            "path": ":spring-messaging:checkKotlinGradlePluginConfigurationErrors",
            "outcome": "SKIPPED"
          },
          {
            "path": ":spring-messaging:classes",
            "outcome": "EXECUTED"
          },
          {
            "path": ":spring-messaging:compileJava",
            "outcome": "FROM_CACHE"
          },
          {
            "path": ":spring-messaging:compileKotlin",
            "outcome": "FROM_CACHE"
          },
          {
            "path": ":spring-messaging:compileTestFixturesJava",
            "outcome": "NO_SOURCE"
          },
          {
            "path": ":spring-messaging:compileTestFixturesKotlin",
            "outcome": "NO_SOURCE"
          },
          {
            "path": ":spring-messaging:compileTestJava",
            "outcome": "FROM_CACHE"
          },
          {
            "path": ":spring-messaging:compileTestKotlin",
            "outcome": "FROM_CACHE"
          },
          {
            "path": ":spring-messaging:jar",
            "outcome": "EXECUTED"
          },
          {
            "path": ":spring-messaging:processResources",
            "outcome": "EXECUTED"
          },
          {
            "path": ":spring-messaging:processTestFixturesResources",
            "outcome": "NO_SOURCE"
          },
          {
            "path": ":spring-messaging:processTestResources",
            "outcome": "EXECUTED"
          },
          {
            "path": ":spring-messaging:testClasses",
            "outcome": "EXECUTED"
          },
          {
            "path": ":spring-messaging:testFixturesClasses",
            "outcome": "UP_TO_DATE"
          },
          {
            "path": ":spring-messaging:testFixturesJar",
            "outcome": "EXECUTED"
          },
          {
            "path": ":spring-orm:compileJava",
            "outcome": "FROM_CACHE"
          },
          {
            "path": ":spring-orm:compileTestFixturesJava",
            "outcome": "NO_SOURCE"
          },
          {
            "path": ":spring-orm:compileTestJava",
            "outcome": "FROM_CACHE"
          },
          {
            "path": ":spring-orm:processTestResources",
            "outcome": "EXECUTED"
          },
          {
            "path": ":spring-orm:testClasses",
            "outcome": "EXECUTED"
          },
          {
            "path": ":spring-oxm:compileJava",
            "outcome": "FROM_CACHE"
          },
          {
            "path": ":spring-oxm:compileTestFixturesJava",
            "outcome": "NO_SOURCE"
          },
          {
            "path": ":spring-oxm:compileTestJava",
            "outcome": "FROM_CACHE"
          },
          {
            "path": ":spring-oxm:processTestResources",
            "outcome": "EXECUTED"
          },
          {
            "path": ":spring-oxm:testClasses",
            "outcome": "EXECUTED"
          },
          {
            "path": ":spring-oxm:xjc",
            "outcome": "FROM_CACHE"
          },
          {
            "path": ":spring-r2dbc:checkKotlinGradlePluginConfigurationErrors",
            "outcome": "SKIPPED"
          },
          {
            "path": ":spring-r2dbc:classes",
            "outcome": "EXECUTED"
          },
          {
            "path": ":spring-r2dbc:compileJava",
            "outcome": "FROM_CACHE"
          },
          {
            "path": ":spring-r2dbc:compileKotlin",
            "outcome": "FROM_CACHE"
          },
          {
            "path": ":spring-r2dbc:compileTestFixturesJava",
            "outcome": "NO_SOURCE"
          },
          {
            "path": ":spring-r2dbc:compileTestFixturesKotlin",
            "outcome": "NO_SOURCE"
          },
          {
            "path": ":spring-r2dbc:compileTestJava",
            "outcome": "FROM_CACHE"
          },
          {
            "path": ":spring-r2dbc:compileTestKotlin",
            "outcome": "FROM_CACHE"
          },
          {
            "path": ":spring-r2dbc:jar",
            "outcome": "EXECUTED"
          },
          {
            "path": ":spring-r2dbc:processResources",
            "outcome": "EXECUTED"
          },
          {
            "path": ":spring-r2dbc:processTestFixturesResources",
            "outcome": "NO_SOURCE"
          },
          {
            "path": ":spring-r2dbc:processTestResources",
            "outcome": "EXECUTED"
          },
          {
            "path": ":spring-r2dbc:testClasses",
            "outcome": "EXECUTED"
          },
          {
            "path": ":spring-r2dbc:testFixturesClasses",
            "outcome": "UP_TO_DATE"
          },
          {
            "path": ":spring-r2dbc:testFixturesJar",
            "outcome": "EXECUTED"
          },
          {
            "path": ":spring-test:checkKotlinGradlePluginConfigurationErrors",
            "outcome": "SKIPPED"
          },
          {
            "path": ":spring-test:classes",
            "outcome": "EXECUTED"
          },
          {
            "path": ":spring-test:compileJava",
            "outcome": "FROM_CACHE"
          },
          {
            "path": ":spring-test:compileKotlin",
            "outcome": "FROM_CACHE"
          },
          {
            "path": ":spring-test:compileTestFixturesJava",
            "outcome": "NO_SOURCE"
          },
          {
            "path": ":spring-test:compileTestFixturesKotlin",
            "outcome": "NO_SOURCE"
          },
          {
            "path": ":spring-test:compileTestJava",
            "outcome": "FROM_CACHE"
          },
          {
            "path": ":spring-test:compileTestKotlin",
            "outcome": "FROM_CACHE"
          },
          {
            "path": ":spring-test:jar",
            "outcome": "EXECUTED"
          },
          {
            "path": ":spring-test:processResources",
            "outcome": "EXECUTED"
          },
          {
            "path": ":spring-test:processTestFixturesResources",
            "outcome": "NO_SOURCE"
          },
          {
            "path": ":spring-test:processTestResources",
            "outcome": "EXECUTED"
          },
          {
            "path": ":spring-test:testClasses",
            "outcome": "EXECUTED"
          },
          {
            "path": ":spring-test:testFixturesClasses",
            "outcome": "UP_TO_DATE"
          },
          {
            "path": ":spring-test:testFixturesJar",
            "outcome": "EXECUTED"
          },
          {
            "path": ":spring-tx:checkKotlinGradlePluginConfigurationErrors",
            "outcome": "SKIPPED"
          },
          {
            "path": ":spring-tx:classes",
            "outcome": "EXECUTED"
          },
          {
            "path": ":spring-tx:compileJava",
            "outcome": "FROM_CACHE"
          },
          {
            "path": ":spring-tx:compileKotlin",
            "outcome": "FROM_CACHE"
          },
          {
            "path": ":spring-tx:compileTestFixturesJava",
            "outcome": "FROM_CACHE"
          },
          {
            "path": ":spring-tx:compileTestFixturesKotlin",
            "outcome": "NO_SOURCE"
          },
          {
            "path": ":spring-tx:compileTestJava",
            "outcome": "FROM_CACHE"
          },
          {
            "path": ":spring-tx:compileTestKotlin",
            "outcome": "FROM_CACHE"
          },
          {
            "path": ":spring-tx:jar",
            "outcome": "EXECUTED"
          },
          {
            "path": ":spring-tx:processResources",
            "outcome": "EXECUTED"
          },
          {
            "path": ":spring-tx:processTestFixturesResources",
            "outcome": "NO_SOURCE"
          },
          {
            "path": ":spring-tx:processTestResources",
            "outcome": "EXECUTED"
          },
          {
            "path": ":spring-tx:testClasses",
            "outcome": "EXECUTED"
          },
          {
            "path": ":spring-tx:testFixturesClasses",
            "outcome": "UP_TO_DATE"
          },
          {
            "path": ":spring-tx:testFixturesJar",
            "outcome": "EXECUTED"
          },
          {
            "path": ":spring-web:checkKotlinGradlePluginConfigurationErrors",
            "outcome": "SKIPPED"
          },
          {
            "path": ":spring-web:classes",
            "outcome": "EXECUTED"
          },
          {
            "path": ":spring-web:compileJava",
            "outcome": "FROM_CACHE"
          },
          {
            "path": ":spring-web:compileKotlin",
            "outcome": "FROM_CACHE"
          },
          {
            "path": ":spring-web:compileTestFixturesJava",
            "outcome": "FROM_CACHE"
          },
          {
            "path": ":spring-web:compileTestFixturesKotlin",
            "outcome": "NO_SOURCE"
          },
          {
            "path": ":spring-web:compileTestJava",
            "outcome": "FROM_CACHE"
          },
          {
            "path": ":spring-web:compileTestKotlin",
            "outcome": "FROM_CACHE"
          },
          {
            "path": ":spring-web:jar",
            "outcome": "EXECUTED"
          },
          {
            "path": ":spring-web:processResources",
            "outcome": "EXECUTED"
          },
          {
            "path": ":spring-web:processTestFixturesResources",
            "outcome": "EXECUTED"
          },
          {
            "path": ":spring-web:processTestResources",
            "outcome": "EXECUTED"
          },
          {
            "path": ":spring-web:testClasses",
            "outcome": "EXECUTED"
          },
          {
            "path": ":spring-web:testFixturesClasses",
            "outcome": "EXECUTED"
          },
          {
            "path": ":spring-web:testFixturesJar",
            "outcome": "EXECUTED"
          },
          {
            "path": ":spring-webflux:checkKotlinGradlePluginConfigurationErrors",
            "outcome": "SKIPPED"
          },
          {
            "path": ":spring-webflux:classes",
            "outcome": "EXECUTED"
          },
          {
            "path": ":spring-webflux:compileJava",
            "outcome": "FROM_CACHE"
          },
          {
            "path": ":spring-webflux:compileKotlin",
            "outcome": "FROM_CACHE"
          },
          {
            "path": ":spring-webflux:compileTestFixturesJava",
            "outcome": "NO_SOURCE"
          },
          {
            "path": ":spring-webflux:compileTestFixturesKotlin",
            "outcome": "NO_SOURCE"
          },
          {
            "path": ":spring-webflux:compileTestJava",
            "outcome": "FROM_CACHE"
          },
          {
            "path": ":spring-webflux:compileTestKotlin",
            "outcome": "FROM_CACHE"
          },
          {
            "path": ":spring-webflux:jar",
            "outcome": "EXECUTED"
          },
          {
            "path": ":spring-webflux:processResources",
            "outcome": "EXECUTED"
          },
          {
            "path": ":spring-webflux:processTestFixturesResources",
            "outcome": "NO_SOURCE"
          },
          {
            "path": ":spring-webflux:processTestResources",
            "outcome": "EXECUTED"
          },
          {
            "path": ":spring-webflux:testClasses",
            "outcome": "EXECUTED"
          },
          {
            "path": ":spring-webflux:testFixturesClasses",
            "outcome": "UP_TO_DATE"
          },
          {
            "path": ":spring-webflux:testFixturesJar",
            "outcome": "EXECUTED"
          },
          {
            "path": ":spring-webmvc:checkKotlinGradlePluginConfigurationErrors",
            "outcome": "SKIPPED"
          },
          {
            "path": ":spring-webmvc:classes",
            "outcome": "EXECUTED"
          },
          {
            "path": ":spring-webmvc:compileJava",
            "outcome": "FROM_CACHE"
          },
          {
            "path": ":spring-webmvc:compileKotlin",
            "outcome": "FROM_CACHE"
          },
          {
            "path": ":spring-webmvc:compileTestFixturesJava",
            "outcome": "NO_SOURCE"
          },
          {
            "path": ":spring-webmvc:compileTestFixturesKotlin",
            "outcome": "NO_SOURCE"
          },
          {
            "path": ":spring-webmvc:compileTestJava",
            "outcome": "FROM_CACHE"
          },
          {
            "path": ":spring-webmvc:compileTestKotlin",
            "outcome": "FROM_CACHE"
          },
          {
            "path": ":spring-webmvc:jar",
            "outcome": "EXECUTED"
          },
          {
            "path": ":spring-webmvc:processResources",
            "outcome": "EXECUTED"
          },
          {
            "path": ":spring-webmvc:processTestFixturesResources",
            "outcome": "NO_SOURCE"
          },
          {
            "path": ":spring-webmvc:processTestResources",
            "outcome": "EXECUTED"
          },
          {
            "path": ":spring-webmvc:testClasses",
            "outcome": "EXECUTED"
          },
          {
            "path": ":spring-webmvc:testFixturesClasses",
            "outcome": "UP_TO_DATE"
          },
          {
            "path": ":spring-webmvc:testFixturesJar",
            "outcome": "EXECUTED"
          },
          {
            "path": ":spring-websocket:compileJava",
            "outcome": "FROM_CACHE"
          },
          {
            "path": ":spring-websocket:compileTestFixturesJava",
            "outcome": "NO_SOURCE"
          },
          {
            "path": ":spring-websocket:compileTestJava",
            "outcome": "FROM_CACHE"
          },
          {
            "path": ":spring-websocket:processTestResources",
            "outcome": "EXECUTED"
          },
          {
            "path": ":spring-websocket:testClasses",
            "outcome": "EXECUTED"
          },
          {
            "path": ":testClasses",
            "outcome": "UP_TO_DATE"
          }
        ]
      },
      "candidateTaskOutcomes": {
        "total": 56,
        "executed": 14,
        "fromCache": 26,
        "upToDate": 2,
        "noSource": 7,
        "skipped": 7,
        "fingerprintSha256": "af08640256e4ce968a02546a34fd5e7b170359e73fd1255332a0b813d6a2b3f6",
        "tasks": [
          {
            "path": ":buildSrc:check",
            "outcome": "UP_TO_DATE"
          },
          {
            "path": ":buildSrc:checkstyleMain",
            "outcome": "FROM_CACHE"
          },
          {
            "path": ":buildSrc:checkstyleTest",
            "outcome": "FROM_CACHE"
          },
          {
            "path": ":buildSrc:classes",
            "outcome": "EXECUTED"
          },
          {
            "path": ":buildSrc:compileGroovy",
            "outcome": "NO_SOURCE"
          },
          {
            "path": ":buildSrc:compileJava",
            "outcome": "FROM_CACHE"
          },
          {
            "path": ":buildSrc:compileTestGroovy",
            "outcome": "NO_SOURCE"
          },
          {
            "path": ":buildSrc:compileTestJava",
            "outcome": "FROM_CACHE"
          },
          {
            "path": ":buildSrc:jar",
            "outcome": "EXECUTED"
          },
          {
            "path": ":buildSrc:pluginDescriptors",
            "outcome": "EXECUTED"
          },
          {
            "path": ":buildSrc:pluginUnderTestMetadata",
            "outcome": "EXECUTED"
          },
          {
            "path": ":buildSrc:processResources",
            "outcome": "EXECUTED"
          },
          {
            "path": ":buildSrc:processTestResources",
            "outcome": "NO_SOURCE"
          },
          {
            "path": ":buildSrc:test",
            "outcome": "FROM_CACHE"
          },
          {
            "path": ":buildSrc:testClasses",
            "outcome": "UP_TO_DATE"
          },
          {
            "path": ":buildSrc:validatePlugins",
            "outcome": "FROM_CACHE"
          },
          {
            "path": ":spring-aop:checkKotlinGradlePluginConfigurationErrors",
            "outcome": "SKIPPED"
          },
          {
            "path": ":spring-aop:compileJava",
            "outcome": "FROM_CACHE"
          },
          {
            "path": ":spring-aop:compileKotlin",
            "outcome": "NO_SOURCE"
          },
          {
            "path": ":spring-beans:checkKotlinGradlePluginConfigurationErrors",
            "outcome": "SKIPPED"
          },
          {
            "path": ":spring-beans:classes",
            "outcome": "EXECUTED"
          },
          {
            "path": ":spring-beans:compileJava",
            "outcome": "FROM_CACHE"
          },
          {
            "path": ":spring-beans:compileKotlin",
            "outcome": "FROM_CACHE"
          },
          {
            "path": ":spring-beans:compileTestFixturesJava",
            "outcome": "FROM_CACHE"
          },
          {
            "path": ":spring-beans:compileTestFixturesKotlin",
            "outcome": "FROM_CACHE"
          },
          {
            "path": ":spring-beans:jar",
            "outcome": "EXECUTED"
          },
          {
            "path": ":spring-beans:processResources",
            "outcome": "EXECUTED"
          },
          {
            "path": ":spring-context:checkKotlinGradlePluginConfigurationErrors",
            "outcome": "SKIPPED"
          },
          {
            "path": ":spring-context:compileJava",
            "outcome": "FROM_CACHE"
          },
          {
            "path": ":spring-context:compileKotlin",
            "outcome": "FROM_CACHE"
          },
          {
            "path": ":spring-core:checkKotlinGradlePluginConfigurationErrors",
            "outcome": "SKIPPED"
          },
          {
            "path": ":spring-core:compileJava",
            "outcome": "FROM_CACHE"
          },
          {
            "path": ":spring-core:compileKotlin",
            "outcome": "FROM_CACHE"
          },
          {
            "path": ":spring-core:javapoetRepackJar",
            "outcome": "FROM_CACHE"
          },
          {
            "path": ":spring-core:objenesisRepackJar",
            "outcome": "FROM_CACHE"
          },
          {
            "path": ":spring-expression:checkKotlinGradlePluginConfigurationErrors",
            "outcome": "SKIPPED"
          },
          {
            "path": ":spring-expression:compileJava",
            "outcome": "FROM_CACHE"
          },
          {
            "path": ":spring-expression:compileKotlin",
            "outcome": "NO_SOURCE"
          },
          {
            "path": ":spring-instrument:compileJava",
            "outcome": "FROM_CACHE"
          },
          {
            "path": ":spring-jms:compileJava",
            "outcome": "EXECUTED"
          },
          {
            "path": ":spring-jms:compileTestFixturesJava",
            "outcome": "NO_SOURCE"
          },
          {
            "path": ":spring-jms:compileTestJava",
            "outcome": "FROM_CACHE"
          },
          {
            "path": ":spring-jms:processTestResources",
            "outcome": "EXECUTED"
          },
          {
            "path": ":spring-jms:testClasses",
            "outcome": "EXECUTED"
          },
          {
            "path": ":spring-messaging:checkKotlinGradlePluginConfigurationErrors",
            "outcome": "SKIPPED"
          },
          {
            "path": ":spring-messaging:compileJava",
            "outcome": "FROM_CACHE"
          },
          {
            "path": ":spring-messaging:compileKotlin",
            "outcome": "FROM_CACHE"
          },
          {
            "path": ":spring-oxm:compileJava",
            "outcome": "FROM_CACHE"
          },
          {
            "path": ":spring-tx:checkKotlinGradlePluginConfigurationErrors",
            "outcome": "SKIPPED"
          },
          {
            "path": ":spring-tx:classes",
            "outcome": "EXECUTED"
          },
          {
            "path": ":spring-tx:compileJava",
            "outcome": "FROM_CACHE"
          },
          {
            "path": ":spring-tx:compileKotlin",
            "outcome": "FROM_CACHE"
          },
          {
            "path": ":spring-tx:compileTestFixturesJava",
            "outcome": "FROM_CACHE"
          },
          {
            "path": ":spring-tx:compileTestFixturesKotlin",
            "outcome": "NO_SOURCE"
          },
          {
            "path": ":spring-tx:jar",
            "outcome": "EXECUTED"
          },
          {
            "path": ":spring-tx:processResources",
            "outcome": "EXECUTED"
          }
        ]
      },
      "controlHostPressure": {
        "available": true,
        "cpuSomeTotalUs": 56111,
        "memorySomeTotalUs": 669,
        "memoryFullTotalUs": 670,
        "ioSomeTotalUs": 9159796,
        "ioFullTotalUs": 6899139
      },
      "candidateHostPressure": {
        "available": true,
        "cpuSomeTotalUs": 23985,
        "memorySomeTotalUs": 0,
        "memoryFullTotalUs": 0,
        "ioSomeTotalUs": 8441297,
        "ioFullTotalUs": 7072223
      }
    },
    {
      "pair": 5,
      "order": "CONTROL_FIRST",
      "controlDurationMs": 13185,
      "candidateDurationMs": 10948,
      "savedMs": 2237,
      "controlRequiredOutputSha256": "c1de7856f3bfbec061af1a6a147e489da0bd960aca43bf326e51372c2ca5d629",
      "candidateRequiredOutputSha256": "c1de7856f3bfbec061af1a6a147e489da0bd960aca43bf326e51372c2ca5d629",
      "requiredOutputCount": 378,
      "productAttributableFailure": false,
      "controlLogSha256": "a3c748ff0cb3677360ef35a17042eb9dce97de7b9ae00a3506b8bcc1e1bef745",
      "candidateLogSha256": "d5a91b68d33f7d31161decc53c4ab8545f4065aafd06e5e154f3701d93a833d2",
      "controlTaskOutcomes": {
        "total": 305,
        "executed": 109,
        "fromCache": 89,
        "upToDate": 23,
        "noSource": 65,
        "skipped": 19,
        "fingerprintSha256": "85399d45cd2d3615162148545d5babb68fb708dbdd29a2e2991b8e65724ce6a7",
        "tasks": [
          {
            "path": ":buildSrc:check",
            "outcome": "UP_TO_DATE"
          },
          {
            "path": ":buildSrc:checkstyleMain",
            "outcome": "FROM_CACHE"
          },
          {
            "path": ":buildSrc:checkstyleTest",
            "outcome": "FROM_CACHE"
          },
          {
            "path": ":buildSrc:classes",
            "outcome": "EXECUTED"
          },
          {
            "path": ":buildSrc:compileGroovy",
            "outcome": "NO_SOURCE"
          },
          {
            "path": ":buildSrc:compileJava",
            "outcome": "FROM_CACHE"
          },
          {
            "path": ":buildSrc:compileTestGroovy",
            "outcome": "NO_SOURCE"
          },
          {
            "path": ":buildSrc:compileTestJava",
            "outcome": "FROM_CACHE"
          },
          {
            "path": ":buildSrc:jar",
            "outcome": "EXECUTED"
          },
          {
            "path": ":buildSrc:pluginDescriptors",
            "outcome": "EXECUTED"
          },
          {
            "path": ":buildSrc:pluginUnderTestMetadata",
            "outcome": "EXECUTED"
          },
          {
            "path": ":buildSrc:processResources",
            "outcome": "EXECUTED"
          },
          {
            "path": ":buildSrc:processTestResources",
            "outcome": "NO_SOURCE"
          },
          {
            "path": ":buildSrc:test",
            "outcome": "FROM_CACHE"
          },
          {
            "path": ":buildSrc:testClasses",
            "outcome": "UP_TO_DATE"
          },
          {
            "path": ":buildSrc:validatePlugins",
            "outcome": "FROM_CACHE"
          },
          {
            "path": ":classes",
            "outcome": "UP_TO_DATE"
          },
          {
            "path": ":compileJava",
            "outcome": "NO_SOURCE"
          },
          {
            "path": ":compileTestFixturesJava",
            "outcome": "NO_SOURCE"
          },
          {
            "path": ":compileTestJava",
            "outcome": "NO_SOURCE"
          },
          {
            "path": ":framework-docs:checkKotlinGradlePluginConfigurationErrors",
            "outcome": "SKIPPED"
          },
          {
            "path": ":framework-docs:classes",
            "outcome": "EXECUTED"
          },
          {
            "path": ":framework-docs:compileJava",
            "outcome": "FROM_CACHE"
          },
          {
            "path": ":framework-docs:compileKotlin",
            "outcome": "FROM_CACHE"
          },
          {
            "path": ":framework-docs:compileTestJava",
            "outcome": "NO_SOURCE"
          },
          {
            "path": ":framework-docs:compileTestKotlin",
            "outcome": "NO_SOURCE"
          },
          {
            "path": ":framework-docs:jar",
            "outcome": "SKIPPED"
          },
          {
            "path": ":framework-docs:processResources",
            "outcome": "EXECUTED"
          },
          {
            "path": ":framework-docs:processTestResources",
            "outcome": "NO_SOURCE"
          },
          {
            "path": ":framework-docs:testClasses",
            "outcome": "UP_TO_DATE"
          },
          {
            "path": ":integration-tests:checkKotlinGradlePluginConfigurationErrors",
            "outcome": "SKIPPED"
          },
          {
            "path": ":integration-tests:classes",
            "outcome": "UP_TO_DATE"
          },
          {
            "path": ":integration-tests:compileJava",
            "outcome": "NO_SOURCE"
          },
          {
            "path": ":integration-tests:compileKotlin",
            "outcome": "NO_SOURCE"
          },
          {
            "path": ":integration-tests:compileTestFixturesJava",
            "outcome": "NO_SOURCE"
          },
          {
            "path": ":integration-tests:compileTestFixturesKotlin",
            "outcome": "NO_SOURCE"
          },
          {
            "path": ":integration-tests:compileTestJava",
            "outcome": "FROM_CACHE"
          },
          {
            "path": ":integration-tests:compileTestKotlin",
            "outcome": "FROM_CACHE"
          },
          {
            "path": ":integration-tests:jar",
            "outcome": "EXECUTED"
          },
          {
            "path": ":integration-tests:processResources",
            "outcome": "NO_SOURCE"
          },
          {
            "path": ":integration-tests:processTestFixturesResources",
            "outcome": "NO_SOURCE"
          },
          {
            "path": ":integration-tests:processTestResources",
            "outcome": "EXECUTED"
          },
          {
            "path": ":integration-tests:testClasses",
            "outcome": "EXECUTED"
          },
          {
            "path": ":integration-tests:testFixturesClasses",
            "outcome": "UP_TO_DATE"
          },
          {
            "path": ":integration-tests:testFixturesJar",
            "outcome": "EXECUTED"
          },
          {
            "path": ":jar",
            "outcome": "EXECUTED"
          },
          {
            "path": ":processResources",
            "outcome": "NO_SOURCE"
          },
          {
            "path": ":processTestResources",
            "outcome": "NO_SOURCE"
          },
          {
            "path": ":spring-aop:checkKotlinGradlePluginConfigurationErrors",
            "outcome": "SKIPPED"
          },
          {
            "path": ":spring-aop:classes",
            "outcome": "EXECUTED"
          },
          {
            "path": ":spring-aop:compileJava",
            "outcome": "FROM_CACHE"
          },
          {
            "path": ":spring-aop:compileKotlin",
            "outcome": "NO_SOURCE"
          },
          {
            "path": ":spring-aop:compileTestFixturesJava",
            "outcome": "FROM_CACHE"
          },
          {
            "path": ":spring-aop:compileTestFixturesKotlin",
            "outcome": "NO_SOURCE"
          },
          {
            "path": ":spring-aop:compileTestJava",
            "outcome": "FROM_CACHE"
          },
          {
            "path": ":spring-aop:compileTestKotlin",
            "outcome": "FROM_CACHE"
          },
          {
            "path": ":spring-aop:jar",
            "outcome": "EXECUTED"
          },
          {
            "path": ":spring-aop:processResources",
            "outcome": "EXECUTED"
          },
          {
            "path": ":spring-aop:processTestFixturesResources",
            "outcome": "NO_SOURCE"
          },
          {
            "path": ":spring-aop:processTestResources",
            "outcome": "EXECUTED"
          },
          {
            "path": ":spring-aop:testClasses",
            "outcome": "EXECUTED"
          },
          {
            "path": ":spring-aop:testFixturesClasses",
            "outcome": "UP_TO_DATE"
          },
          {
            "path": ":spring-aop:testFixturesJar",
            "outcome": "EXECUTED"
          },
          {
            "path": ":spring-aspects:classes",
            "outcome": "EXECUTED"
          },
          {
            "path": ":spring-aspects:compileAspectj",
            "outcome": "FROM_CACHE"
          },
          {
            "path": ":spring-aspects:compileJava",
            "outcome": "SKIPPED"
          },
          {
            "path": ":spring-aspects:compileTestAspectj",
            "outcome": "FROM_CACHE"
          },
          {
            "path": ":spring-aspects:compileTestFixturesAspectj",
            "outcome": "NO_SOURCE"
          },
          {
            "path": ":spring-aspects:compileTestFixturesJava",
            "outcome": "SKIPPED"
          },
          {
            "path": ":spring-aspects:compileTestJava",
            "outcome": "SKIPPED"
          },
          {
            "path": ":spring-aspects:processResources",
            "outcome": "EXECUTED"
          },
          {
            "path": ":spring-aspects:processTestResources",
            "outcome": "EXECUTED"
          },
          {
            "path": ":spring-aspects:testClasses",
            "outcome": "EXECUTED"
          },
          {
            "path": ":spring-beans:checkKotlinGradlePluginConfigurationErrors",
            "outcome": "SKIPPED"
          },
          {
            "path": ":spring-beans:classes",
            "outcome": "EXECUTED"
          },
          {
            "path": ":spring-beans:compileJava",
            "outcome": "FROM_CACHE"
          },
          {
            "path": ":spring-beans:compileKotlin",
            "outcome": "FROM_CACHE"
          },
          {
            "path": ":spring-beans:compileTestFixturesJava",
            "outcome": "FROM_CACHE"
          },
          {
            "path": ":spring-beans:compileTestFixturesKotlin",
            "outcome": "FROM_CACHE"
          },
          {
            "path": ":spring-beans:compileTestJava",
            "outcome": "FROM_CACHE"
          },
          {
            "path": ":spring-beans:compileTestKotlin",
            "outcome": "FROM_CACHE"
          },
          {
            "path": ":spring-beans:jar",
            "outcome": "EXECUTED"
          },
          {
            "path": ":spring-beans:processResources",
            "outcome": "EXECUTED"
          },
          {
            "path": ":spring-beans:processTestFixturesResources",
            "outcome": "EXECUTED"
          },
          {
            "path": ":spring-beans:processTestResources",
            "outcome": "EXECUTED"
          },
          {
            "path": ":spring-beans:testClasses",
            "outcome": "EXECUTED"
          },
          {
            "path": ":spring-beans:testFixturesClasses",
            "outcome": "EXECUTED"
          },
          {
            "path": ":spring-beans:testFixturesJar",
            "outcome": "EXECUTED"
          },
          {
            "path": ":spring-context-indexer:compileJava",
            "outcome": "FROM_CACHE"
          },
          {
            "path": ":spring-context-indexer:compileTestFixturesJava",
            "outcome": "NO_SOURCE"
          },
          {
            "path": ":spring-context-indexer:compileTestJava",
            "outcome": "FROM_CACHE"
          },
          {
            "path": ":spring-context-indexer:processTestResources",
            "outcome": "NO_SOURCE"
          },
          {
            "path": ":spring-context-indexer:testClasses",
            "outcome": "UP_TO_DATE"
          },
          {
            "path": ":spring-context-support:compileJava",
            "outcome": "FROM_CACHE"
          },
          {
            "path": ":spring-context-support:compileTestFixturesJava",
            "outcome": "FROM_CACHE"
          },
          {
            "path": ":spring-context-support:compileTestJava",
            "outcome": "FROM_CACHE"
          },
          {
            "path": ":spring-context-support:processTestResources",
            "outcome": "EXECUTED"
          },
          {
            "path": ":spring-context-support:testClasses",
            "outcome": "EXECUTED"
          },
          {
            "path": ":spring-context:checkKotlinGradlePluginConfigurationErrors",
            "outcome": "SKIPPED"
          },
          {
            "path": ":spring-context:classes",
            "outcome": "EXECUTED"
          },
          {
            "path": ":spring-context:compileJava",
            "outcome": "FROM_CACHE"
          },
          {
            "path": ":spring-context:compileKotlin",
            "outcome": "FROM_CACHE"
          },
          {
            "path": ":spring-context:compileTestFixturesJava",
            "outcome": "FROM_CACHE"
          },
          {
            "path": ":spring-context:compileTestFixturesKotlin",
            "outcome": "NO_SOURCE"
          },
          {
            "path": ":spring-context:compileTestJava",
            "outcome": "FROM_CACHE"
          },
          {
            "path": ":spring-context:compileTestKotlin",
            "outcome": "FROM_CACHE"
          },
          {
            "path": ":spring-context:jar",
            "outcome": "EXECUTED"
          },
          {
            "path": ":spring-context:processResources",
            "outcome": "EXECUTED"
          },
          {
            "path": ":spring-context:processTestFixturesResources",
            "outcome": "NO_SOURCE"
          },
          {
            "path": ":spring-context:processTestResources",
            "outcome": "EXECUTED"
          },
          {
            "path": ":spring-context:testClasses",
            "outcome": "EXECUTED"
          },
          {
            "path": ":spring-context:testFixturesClasses",
            "outcome": "UP_TO_DATE"
          },
          {
            "path": ":spring-context:testFixturesJar",
            "outcome": "EXECUTED"
          },
          {
            "path": ":spring-core-test:compileJava",
            "outcome": "FROM_CACHE"
          },
          {
            "path": ":spring-core-test:compileTestFixturesJava",
            "outcome": "NO_SOURCE"
          },
          {
            "path": ":spring-core-test:compileTestJava",
            "outcome": "FROM_CACHE"
          },
          {
            "path": ":spring-core-test:processTestResources",
            "outcome": "EXECUTED"
          },
          {
            "path": ":spring-core-test:testClasses",
            "outcome": "EXECUTED"
          },
          {
            "path": ":spring-core:checkKotlinGradlePluginConfigurationErrors",
            "outcome": "SKIPPED"
          },
          {
            "path": ":spring-core:classes",
            "outcome": "EXECUTED"
          },
          {
            "path": ":spring-core:compileJava",
            "outcome": "FROM_CACHE"
          },
          {
            "path": ":spring-core:compileJava21Java",
            "outcome": "FROM_CACHE"
          },
          {
            "path": ":spring-core:compileJava21Kotlin",
            "outcome": "NO_SOURCE"
          },
          {
            "path": ":spring-core:compileJava24Java",
            "outcome": "FROM_CACHE"
          },
          {
            "path": ":spring-core:compileJava24Kotlin",
            "outcome": "NO_SOURCE"
          },
          {
            "path": ":spring-core:compileKotlin",
            "outcome": "FROM_CACHE"
          },
          {
            "path": ":spring-core:compileTestFixturesJava",
            "outcome": "FROM_CACHE"
          },
          {
            "path": ":spring-core:compileTestFixturesKotlin",
            "outcome": "NO_SOURCE"
          },
          {
            "path": ":spring-core:compileTestJava",
            "outcome": "FROM_CACHE"
          },
          {
            "path": ":spring-core:compileTestKotlin",
            "outcome": "FROM_CACHE"
          },
          {
            "path": ":spring-core:jar",
            "outcome": "EXECUTED"
          },
          {
            "path": ":spring-core:java21Classes",
            "outcome": "UP_TO_DATE"
          },
          {
            "path": ":spring-core:java24Classes",
            "outcome": "UP_TO_DATE"
          },
          {
            "path": ":spring-core:javapoetRepackJar",
            "outcome": "FROM_CACHE"
          },
          {
            "path": ":spring-core:objenesisRepackJar",
            "outcome": "FROM_CACHE"
          },
          {
            "path": ":spring-core:processJava21Resources",
            "outcome": "NO_SOURCE"
          },
          {
            "path": ":spring-core:processJava24Resources",
            "outcome": "NO_SOURCE"
          },
          {
            "path": ":spring-core:processResources",
            "outcome": "EXECUTED"
          },
          {
            "path": ":spring-core:processTestFixturesResources",
            "outcome": "NO_SOURCE"
          },
          {
            "path": ":spring-core:processTestResources",
            "outcome": "EXECUTED"
          },
          {
            "path": ":spring-core:testClasses",
            "outcome": "EXECUTED"
          },
          {
            "path": ":spring-core:testFixturesClasses",
            "outcome": "UP_TO_DATE"
          },
          {
            "path": ":spring-core:testFixturesJar",
            "outcome": "EXECUTED"
          },
          {
            "path": ":spring-expression:checkKotlinGradlePluginConfigurationErrors",
            "outcome": "SKIPPED"
          },
          {
            "path": ":spring-expression:classes",
            "outcome": "UP_TO_DATE"
          },
          {
            "path": ":spring-expression:compileJava",
            "outcome": "FROM_CACHE"
          },
          {
            "path": ":spring-expression:compileKotlin",
            "outcome": "NO_SOURCE"
          },
          {
            "path": ":spring-expression:compileTestFixturesJava",
            "outcome": "NO_SOURCE"
          },
          {
            "path": ":spring-expression:compileTestFixturesKotlin",
            "outcome": "NO_SOURCE"
          },
          {
            "path": ":spring-expression:compileTestJava",
            "outcome": "FROM_CACHE"
          },
          {
            "path": ":spring-expression:compileTestKotlin",
            "outcome": "FROM_CACHE"
          },
          {
            "path": ":spring-expression:jar",
            "outcome": "EXECUTED"
          },
          {
            "path": ":spring-expression:processResources",
            "outcome": "NO_SOURCE"
          },
          {
            "path": ":spring-expression:processTestFixturesResources",
            "outcome": "NO_SOURCE"
          },
          {
            "path": ":spring-expression:processTestResources",
            "outcome": "EXECUTED"
          },
          {
            "path": ":spring-expression:testClasses",
            "outcome": "EXECUTED"
          },
          {
            "path": ":spring-expression:testFixturesClasses",
            "outcome": "UP_TO_DATE"
          },
          {
            "path": ":spring-expression:testFixturesJar",
            "outcome": "EXECUTED"
          },
          {
            "path": ":spring-instrument:compileJava",
            "outcome": "FROM_CACHE"
          },
          {
            "path": ":spring-instrument:compileTestFixturesJava",
            "outcome": "NO_SOURCE"
          },
          {
            "path": ":spring-instrument:compileTestJava",
            "outcome": "NO_SOURCE"
          },
          {
            "path": ":spring-instrument:processTestResources",
            "outcome": "NO_SOURCE"
          },
          {
            "path": ":spring-instrument:testClasses",
            "outcome": "UP_TO_DATE"
          },
          {
            "path": ":spring-jdbc:checkKotlinGradlePluginConfigurationErrors",
            "outcome": "SKIPPED"
          },
          {
            "path": ":spring-jdbc:classes",
            "outcome": "EXECUTED"
          },
          {
            "path": ":spring-jdbc:compileJava",
            "outcome": "FROM_CACHE"
          },
          {
            "path": ":spring-jdbc:compileKotlin",
            "outcome": "FROM_CACHE"
          },
          {
            "path": ":spring-jdbc:compileTestFixturesJava",
            "outcome": "NO_SOURCE"
          },
          {
            "path": ":spring-jdbc:compileTestFixturesKotlin",
            "outcome": "NO_SOURCE"
          },
          {
            "path": ":spring-jdbc:compileTestJava",
            "outcome": "FROM_CACHE"
          },
          {
            "path": ":spring-jdbc:compileTestKotlin",
            "outcome": "FROM_CACHE"
          },
          {
            "path": ":spring-jdbc:jar",
            "outcome": "EXECUTED"
          },
          {
            "path": ":spring-jdbc:processResources",
            "outcome": "EXECUTED"
          },
          {
            "path": ":spring-jdbc:processTestFixturesResources",
            "outcome": "NO_SOURCE"
          },
          {
            "path": ":spring-jdbc:processTestResources",
            "outcome": "EXECUTED"
          },
          {
            "path": ":spring-jdbc:testClasses",
            "outcome": "EXECUTED"
          },
          {
            "path": ":spring-jdbc:testFixturesClasses",
            "outcome": "UP_TO_DATE"
          },
          {
            "path": ":spring-jdbc:testFixturesJar",
            "outcome": "EXECUTED"
          },
          {
            "path": ":spring-jms:compileJava",
            "outcome": "EXECUTED"
          },
          {
            "path": ":spring-jms:compileTestFixturesJava",
            "outcome": "NO_SOURCE"
          },
          {
            "path": ":spring-jms:compileTestJava",
            "outcome": "FROM_CACHE"
          },
          {
            "path": ":spring-jms:processTestResources",
            "outcome": "EXECUTED"
          },
          {
            "path": ":spring-jms:testClasses",
            "outcome": "EXECUTED"
          },
          {
            "path": ":spring-messaging:checkKotlinGradlePluginConfigurationErrors",
            "outcome": "SKIPPED"
          },
          {
            "path": ":spring-messaging:classes",
            "outcome": "EXECUTED"
          },
          {
            "path": ":spring-messaging:compileJava",
            "outcome": "FROM_CACHE"
          },
          {
            "path": ":spring-messaging:compileKotlin",
            "outcome": "FROM_CACHE"
          },
          {
            "path": ":spring-messaging:compileTestFixturesJava",
            "outcome": "NO_SOURCE"
          },
          {
            "path": ":spring-messaging:compileTestFixturesKotlin",
            "outcome": "NO_SOURCE"
          },
          {
            "path": ":spring-messaging:compileTestJava",
            "outcome": "FROM_CACHE"
          },
          {
            "path": ":spring-messaging:compileTestKotlin",
            "outcome": "FROM_CACHE"
          },
          {
            "path": ":spring-messaging:jar",
            "outcome": "EXECUTED"
          },
          {
            "path": ":spring-messaging:processResources",
            "outcome": "EXECUTED"
          },
          {
            "path": ":spring-messaging:processTestFixturesResources",
            "outcome": "NO_SOURCE"
          },
          {
            "path": ":spring-messaging:processTestResources",
            "outcome": "EXECUTED"
          },
          {
            "path": ":spring-messaging:testClasses",
            "outcome": "EXECUTED"
          },
          {
            "path": ":spring-messaging:testFixturesClasses",
            "outcome": "UP_TO_DATE"
          },
          {
            "path": ":spring-messaging:testFixturesJar",
            "outcome": "EXECUTED"
          },
          {
            "path": ":spring-orm:compileJava",
            "outcome": "FROM_CACHE"
          },
          {
            "path": ":spring-orm:compileTestFixturesJava",
            "outcome": "NO_SOURCE"
          },
          {
            "path": ":spring-orm:compileTestJava",
            "outcome": "FROM_CACHE"
          },
          {
            "path": ":spring-orm:processTestResources",
            "outcome": "EXECUTED"
          },
          {
            "path": ":spring-orm:testClasses",
            "outcome": "EXECUTED"
          },
          {
            "path": ":spring-oxm:compileJava",
            "outcome": "FROM_CACHE"
          },
          {
            "path": ":spring-oxm:compileTestFixturesJava",
            "outcome": "NO_SOURCE"
          },
          {
            "path": ":spring-oxm:compileTestJava",
            "outcome": "FROM_CACHE"
          },
          {
            "path": ":spring-oxm:processTestResources",
            "outcome": "EXECUTED"
          },
          {
            "path": ":spring-oxm:testClasses",
            "outcome": "EXECUTED"
          },
          {
            "path": ":spring-oxm:xjc",
            "outcome": "FROM_CACHE"
          },
          {
            "path": ":spring-r2dbc:checkKotlinGradlePluginConfigurationErrors",
            "outcome": "SKIPPED"
          },
          {
            "path": ":spring-r2dbc:classes",
            "outcome": "EXECUTED"
          },
          {
            "path": ":spring-r2dbc:compileJava",
            "outcome": "FROM_CACHE"
          },
          {
            "path": ":spring-r2dbc:compileKotlin",
            "outcome": "FROM_CACHE"
          },
          {
            "path": ":spring-r2dbc:compileTestFixturesJava",
            "outcome": "NO_SOURCE"
          },
          {
            "path": ":spring-r2dbc:compileTestFixturesKotlin",
            "outcome": "NO_SOURCE"
          },
          {
            "path": ":spring-r2dbc:compileTestJava",
            "outcome": "FROM_CACHE"
          },
          {
            "path": ":spring-r2dbc:compileTestKotlin",
            "outcome": "FROM_CACHE"
          },
          {
            "path": ":spring-r2dbc:jar",
            "outcome": "EXECUTED"
          },
          {
            "path": ":spring-r2dbc:processResources",
            "outcome": "EXECUTED"
          },
          {
            "path": ":spring-r2dbc:processTestFixturesResources",
            "outcome": "NO_SOURCE"
          },
          {
            "path": ":spring-r2dbc:processTestResources",
            "outcome": "EXECUTED"
          },
          {
            "path": ":spring-r2dbc:testClasses",
            "outcome": "EXECUTED"
          },
          {
            "path": ":spring-r2dbc:testFixturesClasses",
            "outcome": "UP_TO_DATE"
          },
          {
            "path": ":spring-r2dbc:testFixturesJar",
            "outcome": "EXECUTED"
          },
          {
            "path": ":spring-test:checkKotlinGradlePluginConfigurationErrors",
            "outcome": "SKIPPED"
          },
          {
            "path": ":spring-test:classes",
            "outcome": "EXECUTED"
          },
          {
            "path": ":spring-test:compileJava",
            "outcome": "FROM_CACHE"
          },
          {
            "path": ":spring-test:compileKotlin",
            "outcome": "FROM_CACHE"
          },
          {
            "path": ":spring-test:compileTestFixturesJava",
            "outcome": "NO_SOURCE"
          },
          {
            "path": ":spring-test:compileTestFixturesKotlin",
            "outcome": "NO_SOURCE"
          },
          {
            "path": ":spring-test:compileTestJava",
            "outcome": "FROM_CACHE"
          },
          {
            "path": ":spring-test:compileTestKotlin",
            "outcome": "FROM_CACHE"
          },
          {
            "path": ":spring-test:jar",
            "outcome": "EXECUTED"
          },
          {
            "path": ":spring-test:processResources",
            "outcome": "EXECUTED"
          },
          {
            "path": ":spring-test:processTestFixturesResources",
            "outcome": "NO_SOURCE"
          },
          {
            "path": ":spring-test:processTestResources",
            "outcome": "EXECUTED"
          },
          {
            "path": ":spring-test:testClasses",
            "outcome": "EXECUTED"
          },
          {
            "path": ":spring-test:testFixturesClasses",
            "outcome": "UP_TO_DATE"
          },
          {
            "path": ":spring-test:testFixturesJar",
            "outcome": "EXECUTED"
          },
          {
            "path": ":spring-tx:checkKotlinGradlePluginConfigurationErrors",
            "outcome": "SKIPPED"
          },
          {
            "path": ":spring-tx:classes",
            "outcome": "EXECUTED"
          },
          {
            "path": ":spring-tx:compileJava",
            "outcome": "FROM_CACHE"
          },
          {
            "path": ":spring-tx:compileKotlin",
            "outcome": "FROM_CACHE"
          },
          {
            "path": ":spring-tx:compileTestFixturesJava",
            "outcome": "FROM_CACHE"
          },
          {
            "path": ":spring-tx:compileTestFixturesKotlin",
            "outcome": "NO_SOURCE"
          },
          {
            "path": ":spring-tx:compileTestJava",
            "outcome": "FROM_CACHE"
          },
          {
            "path": ":spring-tx:compileTestKotlin",
            "outcome": "FROM_CACHE"
          },
          {
            "path": ":spring-tx:jar",
            "outcome": "EXECUTED"
          },
          {
            "path": ":spring-tx:processResources",
            "outcome": "EXECUTED"
          },
          {
            "path": ":spring-tx:processTestFixturesResources",
            "outcome": "NO_SOURCE"
          },
          {
            "path": ":spring-tx:processTestResources",
            "outcome": "EXECUTED"
          },
          {
            "path": ":spring-tx:testClasses",
            "outcome": "EXECUTED"
          },
          {
            "path": ":spring-tx:testFixturesClasses",
            "outcome": "UP_TO_DATE"
          },
          {
            "path": ":spring-tx:testFixturesJar",
            "outcome": "EXECUTED"
          },
          {
            "path": ":spring-web:checkKotlinGradlePluginConfigurationErrors",
            "outcome": "SKIPPED"
          },
          {
            "path": ":spring-web:classes",
            "outcome": "EXECUTED"
          },
          {
            "path": ":spring-web:compileJava",
            "outcome": "FROM_CACHE"
          },
          {
            "path": ":spring-web:compileKotlin",
            "outcome": "FROM_CACHE"
          },
          {
            "path": ":spring-web:compileTestFixturesJava",
            "outcome": "FROM_CACHE"
          },
          {
            "path": ":spring-web:compileTestFixturesKotlin",
            "outcome": "NO_SOURCE"
          },
          {
            "path": ":spring-web:compileTestJava",
            "outcome": "FROM_CACHE"
          },
          {
            "path": ":spring-web:compileTestKotlin",
            "outcome": "FROM_CACHE"
          },
          {
            "path": ":spring-web:jar",
            "outcome": "EXECUTED"
          },
          {
            "path": ":spring-web:processResources",
            "outcome": "EXECUTED"
          },
          {
            "path": ":spring-web:processTestFixturesResources",
            "outcome": "EXECUTED"
          },
          {
            "path": ":spring-web:processTestResources",
            "outcome": "EXECUTED"
          },
          {
            "path": ":spring-web:testClasses",
            "outcome": "EXECUTED"
          },
          {
            "path": ":spring-web:testFixturesClasses",
            "outcome": "EXECUTED"
          },
          {
            "path": ":spring-web:testFixturesJar",
            "outcome": "EXECUTED"
          },
          {
            "path": ":spring-webflux:checkKotlinGradlePluginConfigurationErrors",
            "outcome": "SKIPPED"
          },
          {
            "path": ":spring-webflux:classes",
            "outcome": "EXECUTED"
          },
          {
            "path": ":spring-webflux:compileJava",
            "outcome": "FROM_CACHE"
          },
          {
            "path": ":spring-webflux:compileKotlin",
            "outcome": "FROM_CACHE"
          },
          {
            "path": ":spring-webflux:compileTestFixturesJava",
            "outcome": "NO_SOURCE"
          },
          {
            "path": ":spring-webflux:compileTestFixturesKotlin",
            "outcome": "NO_SOURCE"
          },
          {
            "path": ":spring-webflux:compileTestJava",
            "outcome": "FROM_CACHE"
          },
          {
            "path": ":spring-webflux:compileTestKotlin",
            "outcome": "FROM_CACHE"
          },
          {
            "path": ":spring-webflux:jar",
            "outcome": "EXECUTED"
          },
          {
            "path": ":spring-webflux:processResources",
            "outcome": "EXECUTED"
          },
          {
            "path": ":spring-webflux:processTestFixturesResources",
            "outcome": "NO_SOURCE"
          },
          {
            "path": ":spring-webflux:processTestResources",
            "outcome": "EXECUTED"
          },
          {
            "path": ":spring-webflux:testClasses",
            "outcome": "EXECUTED"
          },
          {
            "path": ":spring-webflux:testFixturesClasses",
            "outcome": "UP_TO_DATE"
          },
          {
            "path": ":spring-webflux:testFixturesJar",
            "outcome": "EXECUTED"
          },
          {
            "path": ":spring-webmvc:checkKotlinGradlePluginConfigurationErrors",
            "outcome": "SKIPPED"
          },
          {
            "path": ":spring-webmvc:classes",
            "outcome": "EXECUTED"
          },
          {
            "path": ":spring-webmvc:compileJava",
            "outcome": "FROM_CACHE"
          },
          {
            "path": ":spring-webmvc:compileKotlin",
            "outcome": "FROM_CACHE"
          },
          {
            "path": ":spring-webmvc:compileTestFixturesJava",
            "outcome": "NO_SOURCE"
          },
          {
            "path": ":spring-webmvc:compileTestFixturesKotlin",
            "outcome": "NO_SOURCE"
          },
          {
            "path": ":spring-webmvc:compileTestJava",
            "outcome": "FROM_CACHE"
          },
          {
            "path": ":spring-webmvc:compileTestKotlin",
            "outcome": "FROM_CACHE"
          },
          {
            "path": ":spring-webmvc:jar",
            "outcome": "EXECUTED"
          },
          {
            "path": ":spring-webmvc:processResources",
            "outcome": "EXECUTED"
          },
          {
            "path": ":spring-webmvc:processTestFixturesResources",
            "outcome": "NO_SOURCE"
          },
          {
            "path": ":spring-webmvc:processTestResources",
            "outcome": "EXECUTED"
          },
          {
            "path": ":spring-webmvc:testClasses",
            "outcome": "EXECUTED"
          },
          {
            "path": ":spring-webmvc:testFixturesClasses",
            "outcome": "UP_TO_DATE"
          },
          {
            "path": ":spring-webmvc:testFixturesJar",
            "outcome": "EXECUTED"
          },
          {
            "path": ":spring-websocket:compileJava",
            "outcome": "FROM_CACHE"
          },
          {
            "path": ":spring-websocket:compileTestFixturesJava",
            "outcome": "NO_SOURCE"
          },
          {
            "path": ":spring-websocket:compileTestJava",
            "outcome": "FROM_CACHE"
          },
          {
            "path": ":spring-websocket:processTestResources",
            "outcome": "EXECUTED"
          },
          {
            "path": ":spring-websocket:testClasses",
            "outcome": "EXECUTED"
          },
          {
            "path": ":testClasses",
            "outcome": "UP_TO_DATE"
          }
        ]
      },
      "candidateTaskOutcomes": {
        "total": 56,
        "executed": 14,
        "fromCache": 26,
        "upToDate": 2,
        "noSource": 7,
        "skipped": 7,
        "fingerprintSha256": "af08640256e4ce968a02546a34fd5e7b170359e73fd1255332a0b813d6a2b3f6",
        "tasks": [
          {
            "path": ":buildSrc:check",
            "outcome": "UP_TO_DATE"
          },
          {
            "path": ":buildSrc:checkstyleMain",
            "outcome": "FROM_CACHE"
          },
          {
            "path": ":buildSrc:checkstyleTest",
            "outcome": "FROM_CACHE"
          },
          {
            "path": ":buildSrc:classes",
            "outcome": "EXECUTED"
          },
          {
            "path": ":buildSrc:compileGroovy",
            "outcome": "NO_SOURCE"
          },
          {
            "path": ":buildSrc:compileJava",
            "outcome": "FROM_CACHE"
          },
          {
            "path": ":buildSrc:compileTestGroovy",
            "outcome": "NO_SOURCE"
          },
          {
            "path": ":buildSrc:compileTestJava",
            "outcome": "FROM_CACHE"
          },
          {
            "path": ":buildSrc:jar",
            "outcome": "EXECUTED"
          },
          {
            "path": ":buildSrc:pluginDescriptors",
            "outcome": "EXECUTED"
          },
          {
            "path": ":buildSrc:pluginUnderTestMetadata",
            "outcome": "EXECUTED"
          },
          {
            "path": ":buildSrc:processResources",
            "outcome": "EXECUTED"
          },
          {
            "path": ":buildSrc:processTestResources",
            "outcome": "NO_SOURCE"
          },
          {
            "path": ":buildSrc:test",
            "outcome": "FROM_CACHE"
          },
          {
            "path": ":buildSrc:testClasses",
            "outcome": "UP_TO_DATE"
          },
          {
            "path": ":buildSrc:validatePlugins",
            "outcome": "FROM_CACHE"
          },
          {
            "path": ":spring-aop:checkKotlinGradlePluginConfigurationErrors",
            "outcome": "SKIPPED"
          },
          {
            "path": ":spring-aop:compileJava",
            "outcome": "FROM_CACHE"
          },
          {
            "path": ":spring-aop:compileKotlin",
            "outcome": "NO_SOURCE"
          },
          {
            "path": ":spring-beans:checkKotlinGradlePluginConfigurationErrors",
            "outcome": "SKIPPED"
          },
          {
            "path": ":spring-beans:classes",
            "outcome": "EXECUTED"
          },
          {
            "path": ":spring-beans:compileJava",
            "outcome": "FROM_CACHE"
          },
          {
            "path": ":spring-beans:compileKotlin",
            "outcome": "FROM_CACHE"
          },
          {
            "path": ":spring-beans:compileTestFixturesJava",
            "outcome": "FROM_CACHE"
          },
          {
            "path": ":spring-beans:compileTestFixturesKotlin",
            "outcome": "FROM_CACHE"
          },
          {
            "path": ":spring-beans:jar",
            "outcome": "EXECUTED"
          },
          {
            "path": ":spring-beans:processResources",
            "outcome": "EXECUTED"
          },
          {
            "path": ":spring-context:checkKotlinGradlePluginConfigurationErrors",
            "outcome": "SKIPPED"
          },
          {
            "path": ":spring-context:compileJava",
            "outcome": "FROM_CACHE"
          },
          {
            "path": ":spring-context:compileKotlin",
            "outcome": "FROM_CACHE"
          },
          {
            "path": ":spring-core:checkKotlinGradlePluginConfigurationErrors",
            "outcome": "SKIPPED"
          },
          {
            "path": ":spring-core:compileJava",
            "outcome": "FROM_CACHE"
          },
          {
            "path": ":spring-core:compileKotlin",
            "outcome": "FROM_CACHE"
          },
          {
            "path": ":spring-core:javapoetRepackJar",
            "outcome": "FROM_CACHE"
          },
          {
            "path": ":spring-core:objenesisRepackJar",
            "outcome": "FROM_CACHE"
          },
          {
            "path": ":spring-expression:checkKotlinGradlePluginConfigurationErrors",
            "outcome": "SKIPPED"
          },
          {
            "path": ":spring-expression:compileJava",
            "outcome": "FROM_CACHE"
          },
          {
            "path": ":spring-expression:compileKotlin",
            "outcome": "NO_SOURCE"
          },
          {
            "path": ":spring-instrument:compileJava",
            "outcome": "FROM_CACHE"
          },
          {
            "path": ":spring-jms:compileJava",
            "outcome": "EXECUTED"
          },
          {
            "path": ":spring-jms:compileTestFixturesJava",
            "outcome": "NO_SOURCE"
          },
          {
            "path": ":spring-jms:compileTestJava",
            "outcome": "FROM_CACHE"
          },
          {
            "path": ":spring-jms:processTestResources",
            "outcome": "EXECUTED"
          },
          {
            "path": ":spring-jms:testClasses",
            "outcome": "EXECUTED"
          },
          {
            "path": ":spring-messaging:checkKotlinGradlePluginConfigurationErrors",
            "outcome": "SKIPPED"
          },
          {
            "path": ":spring-messaging:compileJava",
            "outcome": "FROM_CACHE"
          },
          {
            "path": ":spring-messaging:compileKotlin",
            "outcome": "FROM_CACHE"
          },
          {
            "path": ":spring-oxm:compileJava",
            "outcome": "FROM_CACHE"
          },
          {
            "path": ":spring-tx:checkKotlinGradlePluginConfigurationErrors",
            "outcome": "SKIPPED"
          },
          {
            "path": ":spring-tx:classes",
            "outcome": "EXECUTED"
          },
          {
            "path": ":spring-tx:compileJava",
            "outcome": "FROM_CACHE"
          },
          {
            "path": ":spring-tx:compileKotlin",
            "outcome": "FROM_CACHE"
          },
          {
            "path": ":spring-tx:compileTestFixturesJava",
            "outcome": "FROM_CACHE"
          },
          {
            "path": ":spring-tx:compileTestFixturesKotlin",
            "outcome": "NO_SOURCE"
          },
          {
            "path": ":spring-tx:jar",
            "outcome": "EXECUTED"
          },
          {
            "path": ":spring-tx:processResources",
            "outcome": "EXECUTED"
          }
        ]
      },
      "controlHostPressure": {
        "available": true,
        "cpuSomeTotalUs": 91345,
        "memorySomeTotalUs": 1,
        "memoryFullTotalUs": 0,
        "ioSomeTotalUs": 8966933,
        "ioFullTotalUs": 6869387
      },
      "candidateHostPressure": {
        "available": true,
        "cpuSomeTotalUs": 31074,
        "memorySomeTotalUs": 245,
        "memoryFullTotalUs": 245,
        "ioSomeTotalUs": 8590717,
        "ioFullTotalUs": 7141309
      }
    },
    {
      "pair": 6,
      "order": "CANDIDATE_FIRST",
      "controlDurationMs": 12824,
      "candidateDurationMs": 11419,
      "savedMs": 1405,
      "controlRequiredOutputSha256": "c1de7856f3bfbec061af1a6a147e489da0bd960aca43bf326e51372c2ca5d629",
      "candidateRequiredOutputSha256": "c1de7856f3bfbec061af1a6a147e489da0bd960aca43bf326e51372c2ca5d629",
      "requiredOutputCount": 378,
      "productAttributableFailure": false,
      "controlLogSha256": "dc69c63d54158919bf7623ceff1fb45f23cc3370637452cdb2941c0c2ea5744c",
      "candidateLogSha256": "2c7cf11dd13120ceb8f7970f42b6de2cb441c4a54a5ad3d091a56ec7ed416462",
      "controlTaskOutcomes": {
        "total": 305,
        "executed": 109,
        "fromCache": 89,
        "upToDate": 23,
        "noSource": 65,
        "skipped": 19,
        "fingerprintSha256": "85399d45cd2d3615162148545d5babb68fb708dbdd29a2e2991b8e65724ce6a7",
        "tasks": [
          {
            "path": ":buildSrc:check",
            "outcome": "UP_TO_DATE"
          },
          {
            "path": ":buildSrc:checkstyleMain",
            "outcome": "FROM_CACHE"
          },
          {
            "path": ":buildSrc:checkstyleTest",
            "outcome": "FROM_CACHE"
          },
          {
            "path": ":buildSrc:classes",
            "outcome": "EXECUTED"
          },
          {
            "path": ":buildSrc:compileGroovy",
            "outcome": "NO_SOURCE"
          },
          {
            "path": ":buildSrc:compileJava",
            "outcome": "FROM_CACHE"
          },
          {
            "path": ":buildSrc:compileTestGroovy",
            "outcome": "NO_SOURCE"
          },
          {
            "path": ":buildSrc:compileTestJava",
            "outcome": "FROM_CACHE"
          },
          {
            "path": ":buildSrc:jar",
            "outcome": "EXECUTED"
          },
          {
            "path": ":buildSrc:pluginDescriptors",
            "outcome": "EXECUTED"
          },
          {
            "path": ":buildSrc:pluginUnderTestMetadata",
            "outcome": "EXECUTED"
          },
          {
            "path": ":buildSrc:processResources",
            "outcome": "EXECUTED"
          },
          {
            "path": ":buildSrc:processTestResources",
            "outcome": "NO_SOURCE"
          },
          {
            "path": ":buildSrc:test",
            "outcome": "FROM_CACHE"
          },
          {
            "path": ":buildSrc:testClasses",
            "outcome": "UP_TO_DATE"
          },
          {
            "path": ":buildSrc:validatePlugins",
            "outcome": "FROM_CACHE"
          },
          {
            "path": ":classes",
            "outcome": "UP_TO_DATE"
          },
          {
            "path": ":compileJava",
            "outcome": "NO_SOURCE"
          },
          {
            "path": ":compileTestFixturesJava",
            "outcome": "NO_SOURCE"
          },
          {
            "path": ":compileTestJava",
            "outcome": "NO_SOURCE"
          },
          {
            "path": ":framework-docs:checkKotlinGradlePluginConfigurationErrors",
            "outcome": "SKIPPED"
          },
          {
            "path": ":framework-docs:classes",
            "outcome": "EXECUTED"
          },
          {
            "path": ":framework-docs:compileJava",
            "outcome": "FROM_CACHE"
          },
          {
            "path": ":framework-docs:compileKotlin",
            "outcome": "FROM_CACHE"
          },
          {
            "path": ":framework-docs:compileTestJava",
            "outcome": "NO_SOURCE"
          },
          {
            "path": ":framework-docs:compileTestKotlin",
            "outcome": "NO_SOURCE"
          },
          {
            "path": ":framework-docs:jar",
            "outcome": "SKIPPED"
          },
          {
            "path": ":framework-docs:processResources",
            "outcome": "EXECUTED"
          },
          {
            "path": ":framework-docs:processTestResources",
            "outcome": "NO_SOURCE"
          },
          {
            "path": ":framework-docs:testClasses",
            "outcome": "UP_TO_DATE"
          },
          {
            "path": ":integration-tests:checkKotlinGradlePluginConfigurationErrors",
            "outcome": "SKIPPED"
          },
          {
            "path": ":integration-tests:classes",
            "outcome": "UP_TO_DATE"
          },
          {
            "path": ":integration-tests:compileJava",
            "outcome": "NO_SOURCE"
          },
          {
            "path": ":integration-tests:compileKotlin",
            "outcome": "NO_SOURCE"
          },
          {
            "path": ":integration-tests:compileTestFixturesJava",
            "outcome": "NO_SOURCE"
          },
          {
            "path": ":integration-tests:compileTestFixturesKotlin",
            "outcome": "NO_SOURCE"
          },
          {
            "path": ":integration-tests:compileTestJava",
            "outcome": "FROM_CACHE"
          },
          {
            "path": ":integration-tests:compileTestKotlin",
            "outcome": "FROM_CACHE"
          },
          {
            "path": ":integration-tests:jar",
            "outcome": "EXECUTED"
          },
          {
            "path": ":integration-tests:processResources",
            "outcome": "NO_SOURCE"
          },
          {
            "path": ":integration-tests:processTestFixturesResources",
            "outcome": "NO_SOURCE"
          },
          {
            "path": ":integration-tests:processTestResources",
            "outcome": "EXECUTED"
          },
          {
            "path": ":integration-tests:testClasses",
            "outcome": "EXECUTED"
          },
          {
            "path": ":integration-tests:testFixturesClasses",
            "outcome": "UP_TO_DATE"
          },
          {
            "path": ":integration-tests:testFixturesJar",
            "outcome": "EXECUTED"
          },
          {
            "path": ":jar",
            "outcome": "EXECUTED"
          },
          {
            "path": ":processResources",
            "outcome": "NO_SOURCE"
          },
          {
            "path": ":processTestResources",
            "outcome": "NO_SOURCE"
          },
          {
            "path": ":spring-aop:checkKotlinGradlePluginConfigurationErrors",
            "outcome": "SKIPPED"
          },
          {
            "path": ":spring-aop:classes",
            "outcome": "EXECUTED"
          },
          {
            "path": ":spring-aop:compileJava",
            "outcome": "FROM_CACHE"
          },
          {
            "path": ":spring-aop:compileKotlin",
            "outcome": "NO_SOURCE"
          },
          {
            "path": ":spring-aop:compileTestFixturesJava",
            "outcome": "FROM_CACHE"
          },
          {
            "path": ":spring-aop:compileTestFixturesKotlin",
            "outcome": "NO_SOURCE"
          },
          {
            "path": ":spring-aop:compileTestJava",
            "outcome": "FROM_CACHE"
          },
          {
            "path": ":spring-aop:compileTestKotlin",
            "outcome": "FROM_CACHE"
          },
          {
            "path": ":spring-aop:jar",
            "outcome": "EXECUTED"
          },
          {
            "path": ":spring-aop:processResources",
            "outcome": "EXECUTED"
          },
          {
            "path": ":spring-aop:processTestFixturesResources",
            "outcome": "NO_SOURCE"
          },
          {
            "path": ":spring-aop:processTestResources",
            "outcome": "EXECUTED"
          },
          {
            "path": ":spring-aop:testClasses",
            "outcome": "EXECUTED"
          },
          {
            "path": ":spring-aop:testFixturesClasses",
            "outcome": "UP_TO_DATE"
          },
          {
            "path": ":spring-aop:testFixturesJar",
            "outcome": "EXECUTED"
          },
          {
            "path": ":spring-aspects:classes",
            "outcome": "EXECUTED"
          },
          {
            "path": ":spring-aspects:compileAspectj",
            "outcome": "FROM_CACHE"
          },
          {
            "path": ":spring-aspects:compileJava",
            "outcome": "SKIPPED"
          },
          {
            "path": ":spring-aspects:compileTestAspectj",
            "outcome": "FROM_CACHE"
          },
          {
            "path": ":spring-aspects:compileTestFixturesAspectj",
            "outcome": "NO_SOURCE"
          },
          {
            "path": ":spring-aspects:compileTestFixturesJava",
            "outcome": "SKIPPED"
          },
          {
            "path": ":spring-aspects:compileTestJava",
            "outcome": "SKIPPED"
          },
          {
            "path": ":spring-aspects:processResources",
            "outcome": "EXECUTED"
          },
          {
            "path": ":spring-aspects:processTestResources",
            "outcome": "EXECUTED"
          },
          {
            "path": ":spring-aspects:testClasses",
            "outcome": "EXECUTED"
          },
          {
            "path": ":spring-beans:checkKotlinGradlePluginConfigurationErrors",
            "outcome": "SKIPPED"
          },
          {
            "path": ":spring-beans:classes",
            "outcome": "EXECUTED"
          },
          {
            "path": ":spring-beans:compileJava",
            "outcome": "FROM_CACHE"
          },
          {
            "path": ":spring-beans:compileKotlin",
            "outcome": "FROM_CACHE"
          },
          {
            "path": ":spring-beans:compileTestFixturesJava",
            "outcome": "FROM_CACHE"
          },
          {
            "path": ":spring-beans:compileTestFixturesKotlin",
            "outcome": "FROM_CACHE"
          },
          {
            "path": ":spring-beans:compileTestJava",
            "outcome": "FROM_CACHE"
          },
          {
            "path": ":spring-beans:compileTestKotlin",
            "outcome": "FROM_CACHE"
          },
          {
            "path": ":spring-beans:jar",
            "outcome": "EXECUTED"
          },
          {
            "path": ":spring-beans:processResources",
            "outcome": "EXECUTED"
          },
          {
            "path": ":spring-beans:processTestFixturesResources",
            "outcome": "EXECUTED"
          },
          {
            "path": ":spring-beans:processTestResources",
            "outcome": "EXECUTED"
          },
          {
            "path": ":spring-beans:testClasses",
            "outcome": "EXECUTED"
          },
          {
            "path": ":spring-beans:testFixturesClasses",
            "outcome": "EXECUTED"
          },
          {
            "path": ":spring-beans:testFixturesJar",
            "outcome": "EXECUTED"
          },
          {
            "path": ":spring-context-indexer:compileJava",
            "outcome": "FROM_CACHE"
          },
          {
            "path": ":spring-context-indexer:compileTestFixturesJava",
            "outcome": "NO_SOURCE"
          },
          {
            "path": ":spring-context-indexer:compileTestJava",
            "outcome": "FROM_CACHE"
          },
          {
            "path": ":spring-context-indexer:processTestResources",
            "outcome": "NO_SOURCE"
          },
          {
            "path": ":spring-context-indexer:testClasses",
            "outcome": "UP_TO_DATE"
          },
          {
            "path": ":spring-context-support:compileJava",
            "outcome": "FROM_CACHE"
          },
          {
            "path": ":spring-context-support:compileTestFixturesJava",
            "outcome": "FROM_CACHE"
          },
          {
            "path": ":spring-context-support:compileTestJava",
            "outcome": "FROM_CACHE"
          },
          {
            "path": ":spring-context-support:processTestResources",
            "outcome": "EXECUTED"
          },
          {
            "path": ":spring-context-support:testClasses",
            "outcome": "EXECUTED"
          },
          {
            "path": ":spring-context:checkKotlinGradlePluginConfigurationErrors",
            "outcome": "SKIPPED"
          },
          {
            "path": ":spring-context:classes",
            "outcome": "EXECUTED"
          },
          {
            "path": ":spring-context:compileJava",
            "outcome": "FROM_CACHE"
          },
          {
            "path": ":spring-context:compileKotlin",
            "outcome": "FROM_CACHE"
          },
          {
            "path": ":spring-context:compileTestFixturesJava",
            "outcome": "FROM_CACHE"
          },
          {
            "path": ":spring-context:compileTestFixturesKotlin",
            "outcome": "NO_SOURCE"
          },
          {
            "path": ":spring-context:compileTestJava",
            "outcome": "FROM_CACHE"
          },
          {
            "path": ":spring-context:compileTestKotlin",
            "outcome": "FROM_CACHE"
          },
          {
            "path": ":spring-context:jar",
            "outcome": "EXECUTED"
          },
          {
            "path": ":spring-context:processResources",
            "outcome": "EXECUTED"
          },
          {
            "path": ":spring-context:processTestFixturesResources",
            "outcome": "NO_SOURCE"
          },
          {
            "path": ":spring-context:processTestResources",
            "outcome": "EXECUTED"
          },
          {
            "path": ":spring-context:testClasses",
            "outcome": "EXECUTED"
          },
          {
            "path": ":spring-context:testFixturesClasses",
            "outcome": "UP_TO_DATE"
          },
          {
            "path": ":spring-context:testFixturesJar",
            "outcome": "EXECUTED"
          },
          {
            "path": ":spring-core-test:compileJava",
            "outcome": "FROM_CACHE"
          },
          {
            "path": ":spring-core-test:compileTestFixturesJava",
            "outcome": "NO_SOURCE"
          },
          {
            "path": ":spring-core-test:compileTestJava",
            "outcome": "FROM_CACHE"
          },
          {
            "path": ":spring-core-test:processTestResources",
            "outcome": "EXECUTED"
          },
          {
            "path": ":spring-core-test:testClasses",
            "outcome": "EXECUTED"
          },
          {
            "path": ":spring-core:checkKotlinGradlePluginConfigurationErrors",
            "outcome": "SKIPPED"
          },
          {
            "path": ":spring-core:classes",
            "outcome": "EXECUTED"
          },
          {
            "path": ":spring-core:compileJava",
            "outcome": "FROM_CACHE"
          },
          {
            "path": ":spring-core:compileJava21Java",
            "outcome": "FROM_CACHE"
          },
          {
            "path": ":spring-core:compileJava21Kotlin",
            "outcome": "NO_SOURCE"
          },
          {
            "path": ":spring-core:compileJava24Java",
            "outcome": "FROM_CACHE"
          },
          {
            "path": ":spring-core:compileJava24Kotlin",
            "outcome": "NO_SOURCE"
          },
          {
            "path": ":spring-core:compileKotlin",
            "outcome": "FROM_CACHE"
          },
          {
            "path": ":spring-core:compileTestFixturesJava",
            "outcome": "FROM_CACHE"
          },
          {
            "path": ":spring-core:compileTestFixturesKotlin",
            "outcome": "NO_SOURCE"
          },
          {
            "path": ":spring-core:compileTestJava",
            "outcome": "FROM_CACHE"
          },
          {
            "path": ":spring-core:compileTestKotlin",
            "outcome": "FROM_CACHE"
          },
          {
            "path": ":spring-core:jar",
            "outcome": "EXECUTED"
          },
          {
            "path": ":spring-core:java21Classes",
            "outcome": "UP_TO_DATE"
          },
          {
            "path": ":spring-core:java24Classes",
            "outcome": "UP_TO_DATE"
          },
          {
            "path": ":spring-core:javapoetRepackJar",
            "outcome": "FROM_CACHE"
          },
          {
            "path": ":spring-core:objenesisRepackJar",
            "outcome": "FROM_CACHE"
          },
          {
            "path": ":spring-core:processJava21Resources",
            "outcome": "NO_SOURCE"
          },
          {
            "path": ":spring-core:processJava24Resources",
            "outcome": "NO_SOURCE"
          },
          {
            "path": ":spring-core:processResources",
            "outcome": "EXECUTED"
          },
          {
            "path": ":spring-core:processTestFixturesResources",
            "outcome": "NO_SOURCE"
          },
          {
            "path": ":spring-core:processTestResources",
            "outcome": "EXECUTED"
          },
          {
            "path": ":spring-core:testClasses",
            "outcome": "EXECUTED"
          },
          {
            "path": ":spring-core:testFixturesClasses",
            "outcome": "UP_TO_DATE"
          },
          {
            "path": ":spring-core:testFixturesJar",
            "outcome": "EXECUTED"
          },
          {
            "path": ":spring-expression:checkKotlinGradlePluginConfigurationErrors",
            "outcome": "SKIPPED"
          },
          {
            "path": ":spring-expression:classes",
            "outcome": "UP_TO_DATE"
          },
          {
            "path": ":spring-expression:compileJava",
            "outcome": "FROM_CACHE"
          },
          {
            "path": ":spring-expression:compileKotlin",
            "outcome": "NO_SOURCE"
          },
          {
            "path": ":spring-expression:compileTestFixturesJava",
            "outcome": "NO_SOURCE"
          },
          {
            "path": ":spring-expression:compileTestFixturesKotlin",
            "outcome": "NO_SOURCE"
          },
          {
            "path": ":spring-expression:compileTestJava",
            "outcome": "FROM_CACHE"
          },
          {
            "path": ":spring-expression:compileTestKotlin",
            "outcome": "FROM_CACHE"
          },
          {
            "path": ":spring-expression:jar",
            "outcome": "EXECUTED"
          },
          {
            "path": ":spring-expression:processResources",
            "outcome": "NO_SOURCE"
          },
          {
            "path": ":spring-expression:processTestFixturesResources",
            "outcome": "NO_SOURCE"
          },
          {
            "path": ":spring-expression:processTestResources",
            "outcome": "EXECUTED"
          },
          {
            "path": ":spring-expression:testClasses",
            "outcome": "EXECUTED"
          },
          {
            "path": ":spring-expression:testFixturesClasses",
            "outcome": "UP_TO_DATE"
          },
          {
            "path": ":spring-expression:testFixturesJar",
            "outcome": "EXECUTED"
          },
          {
            "path": ":spring-instrument:compileJava",
            "outcome": "FROM_CACHE"
          },
          {
            "path": ":spring-instrument:compileTestFixturesJava",
            "outcome": "NO_SOURCE"
          },
          {
            "path": ":spring-instrument:compileTestJava",
            "outcome": "NO_SOURCE"
          },
          {
            "path": ":spring-instrument:processTestResources",
            "outcome": "NO_SOURCE"
          },
          {
            "path": ":spring-instrument:testClasses",
            "outcome": "UP_TO_DATE"
          },
          {
            "path": ":spring-jdbc:checkKotlinGradlePluginConfigurationErrors",
            "outcome": "SKIPPED"
          },
          {
            "path": ":spring-jdbc:classes",
            "outcome": "EXECUTED"
          },
          {
            "path": ":spring-jdbc:compileJava",
            "outcome": "FROM_CACHE"
          },
          {
            "path": ":spring-jdbc:compileKotlin",
            "outcome": "FROM_CACHE"
          },
          {
            "path": ":spring-jdbc:compileTestFixturesJava",
            "outcome": "NO_SOURCE"
          },
          {
            "path": ":spring-jdbc:compileTestFixturesKotlin",
            "outcome": "NO_SOURCE"
          },
          {
            "path": ":spring-jdbc:compileTestJava",
            "outcome": "FROM_CACHE"
          },
          {
            "path": ":spring-jdbc:compileTestKotlin",
            "outcome": "FROM_CACHE"
          },
          {
            "path": ":spring-jdbc:jar",
            "outcome": "EXECUTED"
          },
          {
            "path": ":spring-jdbc:processResources",
            "outcome": "EXECUTED"
          },
          {
            "path": ":spring-jdbc:processTestFixturesResources",
            "outcome": "NO_SOURCE"
          },
          {
            "path": ":spring-jdbc:processTestResources",
            "outcome": "EXECUTED"
          },
          {
            "path": ":spring-jdbc:testClasses",
            "outcome": "EXECUTED"
          },
          {
            "path": ":spring-jdbc:testFixturesClasses",
            "outcome": "UP_TO_DATE"
          },
          {
            "path": ":spring-jdbc:testFixturesJar",
            "outcome": "EXECUTED"
          },
          {
            "path": ":spring-jms:compileJava",
            "outcome": "EXECUTED"
          },
          {
            "path": ":spring-jms:compileTestFixturesJava",
            "outcome": "NO_SOURCE"
          },
          {
            "path": ":spring-jms:compileTestJava",
            "outcome": "FROM_CACHE"
          },
          {
            "path": ":spring-jms:processTestResources",
            "outcome": "EXECUTED"
          },
          {
            "path": ":spring-jms:testClasses",
            "outcome": "EXECUTED"
          },
          {
            "path": ":spring-messaging:checkKotlinGradlePluginConfigurationErrors",
            "outcome": "SKIPPED"
          },
          {
            "path": ":spring-messaging:classes",
            "outcome": "EXECUTED"
          },
          {
            "path": ":spring-messaging:compileJava",
            "outcome": "FROM_CACHE"
          },
          {
            "path": ":spring-messaging:compileKotlin",
            "outcome": "FROM_CACHE"
          },
          {
            "path": ":spring-messaging:compileTestFixturesJava",
            "outcome": "NO_SOURCE"
          },
          {
            "path": ":spring-messaging:compileTestFixturesKotlin",
            "outcome": "NO_SOURCE"
          },
          {
            "path": ":spring-messaging:compileTestJava",
            "outcome": "FROM_CACHE"
          },
          {
            "path": ":spring-messaging:compileTestKotlin",
            "outcome": "FROM_CACHE"
          },
          {
            "path": ":spring-messaging:jar",
            "outcome": "EXECUTED"
          },
          {
            "path": ":spring-messaging:processResources",
            "outcome": "EXECUTED"
          },
          {
            "path": ":spring-messaging:processTestFixturesResources",
            "outcome": "NO_SOURCE"
          },
          {
            "path": ":spring-messaging:processTestResources",
            "outcome": "EXECUTED"
          },
          {
            "path": ":spring-messaging:testClasses",
            "outcome": "EXECUTED"
          },
          {
            "path": ":spring-messaging:testFixturesClasses",
            "outcome": "UP_TO_DATE"
          },
          {
            "path": ":spring-messaging:testFixturesJar",
            "outcome": "EXECUTED"
          },
          {
            "path": ":spring-orm:compileJava",
            "outcome": "FROM_CACHE"
          },
          {
            "path": ":spring-orm:compileTestFixturesJava",
            "outcome": "NO_SOURCE"
          },
          {
            "path": ":spring-orm:compileTestJava",
            "outcome": "FROM_CACHE"
          },
          {
            "path": ":spring-orm:processTestResources",
            "outcome": "EXECUTED"
          },
          {
            "path": ":spring-orm:testClasses",
            "outcome": "EXECUTED"
          },
          {
            "path": ":spring-oxm:compileJava",
            "outcome": "FROM_CACHE"
          },
          {
            "path": ":spring-oxm:compileTestFixturesJava",
            "outcome": "NO_SOURCE"
          },
          {
            "path": ":spring-oxm:compileTestJava",
            "outcome": "FROM_CACHE"
          },
          {
            "path": ":spring-oxm:processTestResources",
            "outcome": "EXECUTED"
          },
          {
            "path": ":spring-oxm:testClasses",
            "outcome": "EXECUTED"
          },
          {
            "path": ":spring-oxm:xjc",
            "outcome": "FROM_CACHE"
          },
          {
            "path": ":spring-r2dbc:checkKotlinGradlePluginConfigurationErrors",
            "outcome": "SKIPPED"
          },
          {
            "path": ":spring-r2dbc:classes",
            "outcome": "EXECUTED"
          },
          {
            "path": ":spring-r2dbc:compileJava",
            "outcome": "FROM_CACHE"
          },
          {
            "path": ":spring-r2dbc:compileKotlin",
            "outcome": "FROM_CACHE"
          },
          {
            "path": ":spring-r2dbc:compileTestFixturesJava",
            "outcome": "NO_SOURCE"
          },
          {
            "path": ":spring-r2dbc:compileTestFixturesKotlin",
            "outcome": "NO_SOURCE"
          },
          {
            "path": ":spring-r2dbc:compileTestJava",
            "outcome": "FROM_CACHE"
          },
          {
            "path": ":spring-r2dbc:compileTestKotlin",
            "outcome": "FROM_CACHE"
          },
          {
            "path": ":spring-r2dbc:jar",
            "outcome": "EXECUTED"
          },
          {
            "path": ":spring-r2dbc:processResources",
            "outcome": "EXECUTED"
          },
          {
            "path": ":spring-r2dbc:processTestFixturesResources",
            "outcome": "NO_SOURCE"
          },
          {
            "path": ":spring-r2dbc:processTestResources",
            "outcome": "EXECUTED"
          },
          {
            "path": ":spring-r2dbc:testClasses",
            "outcome": "EXECUTED"
          },
          {
            "path": ":spring-r2dbc:testFixturesClasses",
            "outcome": "UP_TO_DATE"
          },
          {
            "path": ":spring-r2dbc:testFixturesJar",
            "outcome": "EXECUTED"
          },
          {
            "path": ":spring-test:checkKotlinGradlePluginConfigurationErrors",
            "outcome": "SKIPPED"
          },
          {
            "path": ":spring-test:classes",
            "outcome": "EXECUTED"
          },
          {
            "path": ":spring-test:compileJava",
            "outcome": "FROM_CACHE"
          },
          {
            "path": ":spring-test:compileKotlin",
            "outcome": "FROM_CACHE"
          },
          {
            "path": ":spring-test:compileTestFixturesJava",
            "outcome": "NO_SOURCE"
          },
          {
            "path": ":spring-test:compileTestFixturesKotlin",
            "outcome": "NO_SOURCE"
          },
          {
            "path": ":spring-test:compileTestJava",
            "outcome": "FROM_CACHE"
          },
          {
            "path": ":spring-test:compileTestKotlin",
            "outcome": "FROM_CACHE"
          },
          {
            "path": ":spring-test:jar",
            "outcome": "EXECUTED"
          },
          {
            "path": ":spring-test:processResources",
            "outcome": "EXECUTED"
          },
          {
            "path": ":spring-test:processTestFixturesResources",
            "outcome": "NO_SOURCE"
          },
          {
            "path": ":spring-test:processTestResources",
            "outcome": "EXECUTED"
          },
          {
            "path": ":spring-test:testClasses",
            "outcome": "EXECUTED"
          },
          {
            "path": ":spring-test:testFixturesClasses",
            "outcome": "UP_TO_DATE"
          },
          {
            "path": ":spring-test:testFixturesJar",
            "outcome": "EXECUTED"
          },
          {
            "path": ":spring-tx:checkKotlinGradlePluginConfigurationErrors",
            "outcome": "SKIPPED"
          },
          {
            "path": ":spring-tx:classes",
            "outcome": "EXECUTED"
          },
          {
            "path": ":spring-tx:compileJava",
            "outcome": "FROM_CACHE"
          },
          {
            "path": ":spring-tx:compileKotlin",
            "outcome": "FROM_CACHE"
          },
          {
            "path": ":spring-tx:compileTestFixturesJava",
            "outcome": "FROM_CACHE"
          },
          {
            "path": ":spring-tx:compileTestFixturesKotlin",
            "outcome": "NO_SOURCE"
          },
          {
            "path": ":spring-tx:compileTestJava",
            "outcome": "FROM_CACHE"
          },
          {
            "path": ":spring-tx:compileTestKotlin",
            "outcome": "FROM_CACHE"
          },
          {
            "path": ":spring-tx:jar",
            "outcome": "EXECUTED"
          },
          {
            "path": ":spring-tx:processResources",
            "outcome": "EXECUTED"
          },
          {
            "path": ":spring-tx:processTestFixturesResources",
            "outcome": "NO_SOURCE"
          },
          {
            "path": ":spring-tx:processTestResources",
            "outcome": "EXECUTED"
          },
          {
            "path": ":spring-tx:testClasses",
            "outcome": "EXECUTED"
          },
          {
            "path": ":spring-tx:testFixturesClasses",
            "outcome": "UP_TO_DATE"
          },
          {
            "path": ":spring-tx:testFixturesJar",
            "outcome": "EXECUTED"
          },
          {
            "path": ":spring-web:checkKotlinGradlePluginConfigurationErrors",
            "outcome": "SKIPPED"
          },
          {
            "path": ":spring-web:classes",
            "outcome": "EXECUTED"
          },
          {
            "path": ":spring-web:compileJava",
            "outcome": "FROM_CACHE"
          },
          {
            "path": ":spring-web:compileKotlin",
            "outcome": "FROM_CACHE"
          },
          {
            "path": ":spring-web:compileTestFixturesJava",
            "outcome": "FROM_CACHE"
          },
          {
            "path": ":spring-web:compileTestFixturesKotlin",
            "outcome": "NO_SOURCE"
          },
          {
            "path": ":spring-web:compileTestJava",
            "outcome": "FROM_CACHE"
          },
          {
            "path": ":spring-web:compileTestKotlin",
            "outcome": "FROM_CACHE"
          },
          {
            "path": ":spring-web:jar",
            "outcome": "EXECUTED"
          },
          {
            "path": ":spring-web:processResources",
            "outcome": "EXECUTED"
          },
          {
            "path": ":spring-web:processTestFixturesResources",
            "outcome": "EXECUTED"
          },
          {
            "path": ":spring-web:processTestResources",
            "outcome": "EXECUTED"
          },
          {
            "path": ":spring-web:testClasses",
            "outcome": "EXECUTED"
          },
          {
            "path": ":spring-web:testFixturesClasses",
            "outcome": "EXECUTED"
          },
          {
            "path": ":spring-web:testFixturesJar",
            "outcome": "EXECUTED"
          },
          {
            "path": ":spring-webflux:checkKotlinGradlePluginConfigurationErrors",
            "outcome": "SKIPPED"
          },
          {
            "path": ":spring-webflux:classes",
            "outcome": "EXECUTED"
          },
          {
            "path": ":spring-webflux:compileJava",
            "outcome": "FROM_CACHE"
          },
          {
            "path": ":spring-webflux:compileKotlin",
            "outcome": "FROM_CACHE"
          },
          {
            "path": ":spring-webflux:compileTestFixturesJava",
            "outcome": "NO_SOURCE"
          },
          {
            "path": ":spring-webflux:compileTestFixturesKotlin",
            "outcome": "NO_SOURCE"
          },
          {
            "path": ":spring-webflux:compileTestJava",
            "outcome": "FROM_CACHE"
          },
          {
            "path": ":spring-webflux:compileTestKotlin",
            "outcome": "FROM_CACHE"
          },
          {
            "path": ":spring-webflux:jar",
            "outcome": "EXECUTED"
          },
          {
            "path": ":spring-webflux:processResources",
            "outcome": "EXECUTED"
          },
          {
            "path": ":spring-webflux:processTestFixturesResources",
            "outcome": "NO_SOURCE"
          },
          {
            "path": ":spring-webflux:processTestResources",
            "outcome": "EXECUTED"
          },
          {
            "path": ":spring-webflux:testClasses",
            "outcome": "EXECUTED"
          },
          {
            "path": ":spring-webflux:testFixturesClasses",
            "outcome": "UP_TO_DATE"
          },
          {
            "path": ":spring-webflux:testFixturesJar",
            "outcome": "EXECUTED"
          },
          {
            "path": ":spring-webmvc:checkKotlinGradlePluginConfigurationErrors",
            "outcome": "SKIPPED"
          },
          {
            "path": ":spring-webmvc:classes",
            "outcome": "EXECUTED"
          },
          {
            "path": ":spring-webmvc:compileJava",
            "outcome": "FROM_CACHE"
          },
          {
            "path": ":spring-webmvc:compileKotlin",
            "outcome": "FROM_CACHE"
          },
          {
            "path": ":spring-webmvc:compileTestFixturesJava",
            "outcome": "NO_SOURCE"
          },
          {
            "path": ":spring-webmvc:compileTestFixturesKotlin",
            "outcome": "NO_SOURCE"
          },
          {
            "path": ":spring-webmvc:compileTestJava",
            "outcome": "FROM_CACHE"
          },
          {
            "path": ":spring-webmvc:compileTestKotlin",
            "outcome": "FROM_CACHE"
          },
          {
            "path": ":spring-webmvc:jar",
            "outcome": "EXECUTED"
          },
          {
            "path": ":spring-webmvc:processResources",
            "outcome": "EXECUTED"
          },
          {
            "path": ":spring-webmvc:processTestFixturesResources",
            "outcome": "NO_SOURCE"
          },
          {
            "path": ":spring-webmvc:processTestResources",
            "outcome": "EXECUTED"
          },
          {
            "path": ":spring-webmvc:testClasses",
            "outcome": "EXECUTED"
          },
          {
            "path": ":spring-webmvc:testFixturesClasses",
            "outcome": "UP_TO_DATE"
          },
          {
            "path": ":spring-webmvc:testFixturesJar",
            "outcome": "EXECUTED"
          },
          {
            "path": ":spring-websocket:compileJava",
            "outcome": "FROM_CACHE"
          },
          {
            "path": ":spring-websocket:compileTestFixturesJava",
            "outcome": "NO_SOURCE"
          },
          {
            "path": ":spring-websocket:compileTestJava",
            "outcome": "FROM_CACHE"
          },
          {
            "path": ":spring-websocket:processTestResources",
            "outcome": "EXECUTED"
          },
          {
            "path": ":spring-websocket:testClasses",
            "outcome": "EXECUTED"
          },
          {
            "path": ":testClasses",
            "outcome": "UP_TO_DATE"
          }
        ]
      },
      "candidateTaskOutcomes": {
        "total": 56,
        "executed": 14,
        "fromCache": 26,
        "upToDate": 2,
        "noSource": 7,
        "skipped": 7,
        "fingerprintSha256": "af08640256e4ce968a02546a34fd5e7b170359e73fd1255332a0b813d6a2b3f6",
        "tasks": [
          {
            "path": ":buildSrc:check",
            "outcome": "UP_TO_DATE"
          },
          {
            "path": ":buildSrc:checkstyleMain",
            "outcome": "FROM_CACHE"
          },
          {
            "path": ":buildSrc:checkstyleTest",
            "outcome": "FROM_CACHE"
          },
          {
            "path": ":buildSrc:classes",
            "outcome": "EXECUTED"
          },
          {
            "path": ":buildSrc:compileGroovy",
            "outcome": "NO_SOURCE"
          },
          {
            "path": ":buildSrc:compileJava",
            "outcome": "FROM_CACHE"
          },
          {
            "path": ":buildSrc:compileTestGroovy",
            "outcome": "NO_SOURCE"
          },
          {
            "path": ":buildSrc:compileTestJava",
            "outcome": "FROM_CACHE"
          },
          {
            "path": ":buildSrc:jar",
            "outcome": "EXECUTED"
          },
          {
            "path": ":buildSrc:pluginDescriptors",
            "outcome": "EXECUTED"
          },
          {
            "path": ":buildSrc:pluginUnderTestMetadata",
            "outcome": "EXECUTED"
          },
          {
            "path": ":buildSrc:processResources",
            "outcome": "EXECUTED"
          },
          {
            "path": ":buildSrc:processTestResources",
            "outcome": "NO_SOURCE"
          },
          {
            "path": ":buildSrc:test",
            "outcome": "FROM_CACHE"
          },
          {
            "path": ":buildSrc:testClasses",
            "outcome": "UP_TO_DATE"
          },
          {
            "path": ":buildSrc:validatePlugins",
            "outcome": "FROM_CACHE"
          },
          {
            "path": ":spring-aop:checkKotlinGradlePluginConfigurationErrors",
            "outcome": "SKIPPED"
          },
          {
            "path": ":spring-aop:compileJava",
            "outcome": "FROM_CACHE"
          },
          {
            "path": ":spring-aop:compileKotlin",
            "outcome": "NO_SOURCE"
          },
          {
            "path": ":spring-beans:checkKotlinGradlePluginConfigurationErrors",
            "outcome": "SKIPPED"
          },
          {
            "path": ":spring-beans:classes",
            "outcome": "EXECUTED"
          },
          {
            "path": ":spring-beans:compileJava",
            "outcome": "FROM_CACHE"
          },
          {
            "path": ":spring-beans:compileKotlin",
            "outcome": "FROM_CACHE"
          },
          {
            "path": ":spring-beans:compileTestFixturesJava",
            "outcome": "FROM_CACHE"
          },
          {
            "path": ":spring-beans:compileTestFixturesKotlin",
            "outcome": "FROM_CACHE"
          },
          {
            "path": ":spring-beans:jar",
            "outcome": "EXECUTED"
          },
          {
            "path": ":spring-beans:processResources",
            "outcome": "EXECUTED"
          },
          {
            "path": ":spring-context:checkKotlinGradlePluginConfigurationErrors",
            "outcome": "SKIPPED"
          },
          {
            "path": ":spring-context:compileJava",
            "outcome": "FROM_CACHE"
          },
          {
            "path": ":spring-context:compileKotlin",
            "outcome": "FROM_CACHE"
          },
          {
            "path": ":spring-core:checkKotlinGradlePluginConfigurationErrors",
            "outcome": "SKIPPED"
          },
          {
            "path": ":spring-core:compileJava",
            "outcome": "FROM_CACHE"
          },
          {
            "path": ":spring-core:compileKotlin",
            "outcome": "FROM_CACHE"
          },
          {
            "path": ":spring-core:javapoetRepackJar",
            "outcome": "FROM_CACHE"
          },
          {
            "path": ":spring-core:objenesisRepackJar",
            "outcome": "FROM_CACHE"
          },
          {
            "path": ":spring-expression:checkKotlinGradlePluginConfigurationErrors",
            "outcome": "SKIPPED"
          },
          {
            "path": ":spring-expression:compileJava",
            "outcome": "FROM_CACHE"
          },
          {
            "path": ":spring-expression:compileKotlin",
            "outcome": "NO_SOURCE"
          },
          {
            "path": ":spring-instrument:compileJava",
            "outcome": "FROM_CACHE"
          },
          {
            "path": ":spring-jms:compileJava",
            "outcome": "EXECUTED"
          },
          {
            "path": ":spring-jms:compileTestFixturesJava",
            "outcome": "NO_SOURCE"
          },
          {
            "path": ":spring-jms:compileTestJava",
            "outcome": "FROM_CACHE"
          },
          {
            "path": ":spring-jms:processTestResources",
            "outcome": "EXECUTED"
          },
          {
            "path": ":spring-jms:testClasses",
            "outcome": "EXECUTED"
          },
          {
            "path": ":spring-messaging:checkKotlinGradlePluginConfigurationErrors",
            "outcome": "SKIPPED"
          },
          {
            "path": ":spring-messaging:compileJava",
            "outcome": "FROM_CACHE"
          },
          {
            "path": ":spring-messaging:compileKotlin",
            "outcome": "FROM_CACHE"
          },
          {
            "path": ":spring-oxm:compileJava",
            "outcome": "FROM_CACHE"
          },
          {
            "path": ":spring-tx:checkKotlinGradlePluginConfigurationErrors",
            "outcome": "SKIPPED"
          },
          {
            "path": ":spring-tx:classes",
            "outcome": "EXECUTED"
          },
          {
            "path": ":spring-tx:compileJava",
            "outcome": "FROM_CACHE"
          },
          {
            "path": ":spring-tx:compileKotlin",
            "outcome": "FROM_CACHE"
          },
          {
            "path": ":spring-tx:compileTestFixturesJava",
            "outcome": "FROM_CACHE"
          },
          {
            "path": ":spring-tx:compileTestFixturesKotlin",
            "outcome": "NO_SOURCE"
          },
          {
            "path": ":spring-tx:jar",
            "outcome": "EXECUTED"
          },
          {
            "path": ":spring-tx:processResources",
            "outcome": "EXECUTED"
          }
        ]
      },
      "controlHostPressure": {
        "available": true,
        "cpuSomeTotalUs": 49405,
        "memorySomeTotalUs": 7958,
        "memoryFullTotalUs": 7775,
        "ioSomeTotalUs": 9076295,
        "ioFullTotalUs": 7055332
      },
      "candidateHostPressure": {
        "available": true,
        "cpuSomeTotalUs": 40037,
        "memorySomeTotalUs": 3,
        "memoryFullTotalUs": 4,
        "ioSomeTotalUs": 8434043,
        "ioFullTotalUs": 7036188
      }
    },
    {
      "pair": 7,
      "order": "CONTROL_FIRST",
      "controlDurationMs": 13140,
      "candidateDurationMs": 11958,
      "savedMs": 1182,
      "controlRequiredOutputSha256": "c1de7856f3bfbec061af1a6a147e489da0bd960aca43bf326e51372c2ca5d629",
      "candidateRequiredOutputSha256": "c1de7856f3bfbec061af1a6a147e489da0bd960aca43bf326e51372c2ca5d629",
      "requiredOutputCount": 378,
      "productAttributableFailure": false,
      "controlLogSha256": "f72247c2d1fc69c54671626284c43549e9e6462e79bc018bdcfccd501f9dd9dd",
      "candidateLogSha256": "ae057c26a1317f4753df9a86e9c0701fd8398188e3ac8a563b9ccb52538c1069",
      "controlTaskOutcomes": {
        "total": 305,
        "executed": 109,
        "fromCache": 89,
        "upToDate": 23,
        "noSource": 65,
        "skipped": 19,
        "fingerprintSha256": "85399d45cd2d3615162148545d5babb68fb708dbdd29a2e2991b8e65724ce6a7",
        "tasks": [
          {
            "path": ":buildSrc:check",
            "outcome": "UP_TO_DATE"
          },
          {
            "path": ":buildSrc:checkstyleMain",
            "outcome": "FROM_CACHE"
          },
          {
            "path": ":buildSrc:checkstyleTest",
            "outcome": "FROM_CACHE"
          },
          {
            "path": ":buildSrc:classes",
            "outcome": "EXECUTED"
          },
          {
            "path": ":buildSrc:compileGroovy",
            "outcome": "NO_SOURCE"
          },
          {
            "path": ":buildSrc:compileJava",
            "outcome": "FROM_CACHE"
          },
          {
            "path": ":buildSrc:compileTestGroovy",
            "outcome": "NO_SOURCE"
          },
          {
            "path": ":buildSrc:compileTestJava",
            "outcome": "FROM_CACHE"
          },
          {
            "path": ":buildSrc:jar",
            "outcome": "EXECUTED"
          },
          {
            "path": ":buildSrc:pluginDescriptors",
            "outcome": "EXECUTED"
          },
          {
            "path": ":buildSrc:pluginUnderTestMetadata",
            "outcome": "EXECUTED"
          },
          {
            "path": ":buildSrc:processResources",
            "outcome": "EXECUTED"
          },
          {
            "path": ":buildSrc:processTestResources",
            "outcome": "NO_SOURCE"
          },
          {
            "path": ":buildSrc:test",
            "outcome": "FROM_CACHE"
          },
          {
            "path": ":buildSrc:testClasses",
            "outcome": "UP_TO_DATE"
          },
          {
            "path": ":buildSrc:validatePlugins",
            "outcome": "FROM_CACHE"
          },
          {
            "path": ":classes",
            "outcome": "UP_TO_DATE"
          },
          {
            "path": ":compileJava",
            "outcome": "NO_SOURCE"
          },
          {
            "path": ":compileTestFixturesJava",
            "outcome": "NO_SOURCE"
          },
          {
            "path": ":compileTestJava",
            "outcome": "NO_SOURCE"
          },
          {
            "path": ":framework-docs:checkKotlinGradlePluginConfigurationErrors",
            "outcome": "SKIPPED"
          },
          {
            "path": ":framework-docs:classes",
            "outcome": "EXECUTED"
          },
          {
            "path": ":framework-docs:compileJava",
            "outcome": "FROM_CACHE"
          },
          {
            "path": ":framework-docs:compileKotlin",
            "outcome": "FROM_CACHE"
          },
          {
            "path": ":framework-docs:compileTestJava",
            "outcome": "NO_SOURCE"
          },
          {
            "path": ":framework-docs:compileTestKotlin",
            "outcome": "NO_SOURCE"
          },
          {
            "path": ":framework-docs:jar",
            "outcome": "SKIPPED"
          },
          {
            "path": ":framework-docs:processResources",
            "outcome": "EXECUTED"
          },
          {
            "path": ":framework-docs:processTestResources",
            "outcome": "NO_SOURCE"
          },
          {
            "path": ":framework-docs:testClasses",
            "outcome": "UP_TO_DATE"
          },
          {
            "path": ":integration-tests:checkKotlinGradlePluginConfigurationErrors",
            "outcome": "SKIPPED"
          },
          {
            "path": ":integration-tests:classes",
            "outcome": "UP_TO_DATE"
          },
          {
            "path": ":integration-tests:compileJava",
            "outcome": "NO_SOURCE"
          },
          {
            "path": ":integration-tests:compileKotlin",
            "outcome": "NO_SOURCE"
          },
          {
            "path": ":integration-tests:compileTestFixturesJava",
            "outcome": "NO_SOURCE"
          },
          {
            "path": ":integration-tests:compileTestFixturesKotlin",
            "outcome": "NO_SOURCE"
          },
          {
            "path": ":integration-tests:compileTestJava",
            "outcome": "FROM_CACHE"
          },
          {
            "path": ":integration-tests:compileTestKotlin",
            "outcome": "FROM_CACHE"
          },
          {
            "path": ":integration-tests:jar",
            "outcome": "EXECUTED"
          },
          {
            "path": ":integration-tests:processResources",
            "outcome": "NO_SOURCE"
          },
          {
            "path": ":integration-tests:processTestFixturesResources",
            "outcome": "NO_SOURCE"
          },
          {
            "path": ":integration-tests:processTestResources",
            "outcome": "EXECUTED"
          },
          {
            "path": ":integration-tests:testClasses",
            "outcome": "EXECUTED"
          },
          {
            "path": ":integration-tests:testFixturesClasses",
            "outcome": "UP_TO_DATE"
          },
          {
            "path": ":integration-tests:testFixturesJar",
            "outcome": "EXECUTED"
          },
          {
            "path": ":jar",
            "outcome": "EXECUTED"
          },
          {
            "path": ":processResources",
            "outcome": "NO_SOURCE"
          },
          {
            "path": ":processTestResources",
            "outcome": "NO_SOURCE"
          },
          {
            "path": ":spring-aop:checkKotlinGradlePluginConfigurationErrors",
            "outcome": "SKIPPED"
          },
          {
            "path": ":spring-aop:classes",
            "outcome": "EXECUTED"
          },
          {
            "path": ":spring-aop:compileJava",
            "outcome": "FROM_CACHE"
          },
          {
            "path": ":spring-aop:compileKotlin",
            "outcome": "NO_SOURCE"
          },
          {
            "path": ":spring-aop:compileTestFixturesJava",
            "outcome": "FROM_CACHE"
          },
          {
            "path": ":spring-aop:compileTestFixturesKotlin",
            "outcome": "NO_SOURCE"
          },
          {
            "path": ":spring-aop:compileTestJava",
            "outcome": "FROM_CACHE"
          },
          {
            "path": ":spring-aop:compileTestKotlin",
            "outcome": "FROM_CACHE"
          },
          {
            "path": ":spring-aop:jar",
            "outcome": "EXECUTED"
          },
          {
            "path": ":spring-aop:processResources",
            "outcome": "EXECUTED"
          },
          {
            "path": ":spring-aop:processTestFixturesResources",
            "outcome": "NO_SOURCE"
          },
          {
            "path": ":spring-aop:processTestResources",
            "outcome": "EXECUTED"
          },
          {
            "path": ":spring-aop:testClasses",
            "outcome": "EXECUTED"
          },
          {
            "path": ":spring-aop:testFixturesClasses",
            "outcome": "UP_TO_DATE"
          },
          {
            "path": ":spring-aop:testFixturesJar",
            "outcome": "EXECUTED"
          },
          {
            "path": ":spring-aspects:classes",
            "outcome": "EXECUTED"
          },
          {
            "path": ":spring-aspects:compileAspectj",
            "outcome": "FROM_CACHE"
          },
          {
            "path": ":spring-aspects:compileJava",
            "outcome": "SKIPPED"
          },
          {
            "path": ":spring-aspects:compileTestAspectj",
            "outcome": "FROM_CACHE"
          },
          {
            "path": ":spring-aspects:compileTestFixturesAspectj",
            "outcome": "NO_SOURCE"
          },
          {
            "path": ":spring-aspects:compileTestFixturesJava",
            "outcome": "SKIPPED"
          },
          {
            "path": ":spring-aspects:compileTestJava",
            "outcome": "SKIPPED"
          },
          {
            "path": ":spring-aspects:processResources",
            "outcome": "EXECUTED"
          },
          {
            "path": ":spring-aspects:processTestResources",
            "outcome": "EXECUTED"
          },
          {
            "path": ":spring-aspects:testClasses",
            "outcome": "EXECUTED"
          },
          {
            "path": ":spring-beans:checkKotlinGradlePluginConfigurationErrors",
            "outcome": "SKIPPED"
          },
          {
            "path": ":spring-beans:classes",
            "outcome": "EXECUTED"
          },
          {
            "path": ":spring-beans:compileJava",
            "outcome": "FROM_CACHE"
          },
          {
            "path": ":spring-beans:compileKotlin",
            "outcome": "FROM_CACHE"
          },
          {
            "path": ":spring-beans:compileTestFixturesJava",
            "outcome": "FROM_CACHE"
          },
          {
            "path": ":spring-beans:compileTestFixturesKotlin",
            "outcome": "FROM_CACHE"
          },
          {
            "path": ":spring-beans:compileTestJava",
            "outcome": "FROM_CACHE"
          },
          {
            "path": ":spring-beans:compileTestKotlin",
            "outcome": "FROM_CACHE"
          },
          {
            "path": ":spring-beans:jar",
            "outcome": "EXECUTED"
          },
          {
            "path": ":spring-beans:processResources",
            "outcome": "EXECUTED"
          },
          {
            "path": ":spring-beans:processTestFixturesResources",
            "outcome": "EXECUTED"
          },
          {
            "path": ":spring-beans:processTestResources",
            "outcome": "EXECUTED"
          },
          {
            "path": ":spring-beans:testClasses",
            "outcome": "EXECUTED"
          },
          {
            "path": ":spring-beans:testFixturesClasses",
            "outcome": "EXECUTED"
          },
          {
            "path": ":spring-beans:testFixturesJar",
            "outcome": "EXECUTED"
          },
          {
            "path": ":spring-context-indexer:compileJava",
            "outcome": "FROM_CACHE"
          },
          {
            "path": ":spring-context-indexer:compileTestFixturesJava",
            "outcome": "NO_SOURCE"
          },
          {
            "path": ":spring-context-indexer:compileTestJava",
            "outcome": "FROM_CACHE"
          },
          {
            "path": ":spring-context-indexer:processTestResources",
            "outcome": "NO_SOURCE"
          },
          {
            "path": ":spring-context-indexer:testClasses",
            "outcome": "UP_TO_DATE"
          },
          {
            "path": ":spring-context-support:compileJava",
            "outcome": "FROM_CACHE"
          },
          {
            "path": ":spring-context-support:compileTestFixturesJava",
            "outcome": "FROM_CACHE"
          },
          {
            "path": ":spring-context-support:compileTestJava",
            "outcome": "FROM_CACHE"
          },
          {
            "path": ":spring-context-support:processTestResources",
            "outcome": "EXECUTED"
          },
          {
            "path": ":spring-context-support:testClasses",
            "outcome": "EXECUTED"
          },
          {
            "path": ":spring-context:checkKotlinGradlePluginConfigurationErrors",
            "outcome": "SKIPPED"
          },
          {
            "path": ":spring-context:classes",
            "outcome": "EXECUTED"
          },
          {
            "path": ":spring-context:compileJava",
            "outcome": "FROM_CACHE"
          },
          {
            "path": ":spring-context:compileKotlin",
            "outcome": "FROM_CACHE"
          },
          {
            "path": ":spring-context:compileTestFixturesJava",
            "outcome": "FROM_CACHE"
          },
          {
            "path": ":spring-context:compileTestFixturesKotlin",
            "outcome": "NO_SOURCE"
          },
          {
            "path": ":spring-context:compileTestJava",
            "outcome": "FROM_CACHE"
          },
          {
            "path": ":spring-context:compileTestKotlin",
            "outcome": "FROM_CACHE"
          },
          {
            "path": ":spring-context:jar",
            "outcome": "EXECUTED"
          },
          {
            "path": ":spring-context:processResources",
            "outcome": "EXECUTED"
          },
          {
            "path": ":spring-context:processTestFixturesResources",
            "outcome": "NO_SOURCE"
          },
          {
            "path": ":spring-context:processTestResources",
            "outcome": "EXECUTED"
          },
          {
            "path": ":spring-context:testClasses",
            "outcome": "EXECUTED"
          },
          {
            "path": ":spring-context:testFixturesClasses",
            "outcome": "UP_TO_DATE"
          },
          {
            "path": ":spring-context:testFixturesJar",
            "outcome": "EXECUTED"
          },
          {
            "path": ":spring-core-test:compileJava",
            "outcome": "FROM_CACHE"
          },
          {
            "path": ":spring-core-test:compileTestFixturesJava",
            "outcome": "NO_SOURCE"
          },
          {
            "path": ":spring-core-test:compileTestJava",
            "outcome": "FROM_CACHE"
          },
          {
            "path": ":spring-core-test:processTestResources",
            "outcome": "EXECUTED"
          },
          {
            "path": ":spring-core-test:testClasses",
            "outcome": "EXECUTED"
          },
          {
            "path": ":spring-core:checkKotlinGradlePluginConfigurationErrors",
            "outcome": "SKIPPED"
          },
          {
            "path": ":spring-core:classes",
            "outcome": "EXECUTED"
          },
          {
            "path": ":spring-core:compileJava",
            "outcome": "FROM_CACHE"
          },
          {
            "path": ":spring-core:compileJava21Java",
            "outcome": "FROM_CACHE"
          },
          {
            "path": ":spring-core:compileJava21Kotlin",
            "outcome": "NO_SOURCE"
          },
          {
            "path": ":spring-core:compileJava24Java",
            "outcome": "FROM_CACHE"
          },
          {
            "path": ":spring-core:compileJava24Kotlin",
            "outcome": "NO_SOURCE"
          },
          {
            "path": ":spring-core:compileKotlin",
            "outcome": "FROM_CACHE"
          },
          {
            "path": ":spring-core:compileTestFixturesJava",
            "outcome": "FROM_CACHE"
          },
          {
            "path": ":spring-core:compileTestFixturesKotlin",
            "outcome": "NO_SOURCE"
          },
          {
            "path": ":spring-core:compileTestJava",
            "outcome": "FROM_CACHE"
          },
          {
            "path": ":spring-core:compileTestKotlin",
            "outcome": "FROM_CACHE"
          },
          {
            "path": ":spring-core:jar",
            "outcome": "EXECUTED"
          },
          {
            "path": ":spring-core:java21Classes",
            "outcome": "UP_TO_DATE"
          },
          {
            "path": ":spring-core:java24Classes",
            "outcome": "UP_TO_DATE"
          },
          {
            "path": ":spring-core:javapoetRepackJar",
            "outcome": "FROM_CACHE"
          },
          {
            "path": ":spring-core:objenesisRepackJar",
            "outcome": "FROM_CACHE"
          },
          {
            "path": ":spring-core:processJava21Resources",
            "outcome": "NO_SOURCE"
          },
          {
            "path": ":spring-core:processJava24Resources",
            "outcome": "NO_SOURCE"
          },
          {
            "path": ":spring-core:processResources",
            "outcome": "EXECUTED"
          },
          {
            "path": ":spring-core:processTestFixturesResources",
            "outcome": "NO_SOURCE"
          },
          {
            "path": ":spring-core:processTestResources",
            "outcome": "EXECUTED"
          },
          {
            "path": ":spring-core:testClasses",
            "outcome": "EXECUTED"
          },
          {
            "path": ":spring-core:testFixturesClasses",
            "outcome": "UP_TO_DATE"
          },
          {
            "path": ":spring-core:testFixturesJar",
            "outcome": "EXECUTED"
          },
          {
            "path": ":spring-expression:checkKotlinGradlePluginConfigurationErrors",
            "outcome": "SKIPPED"
          },
          {
            "path": ":spring-expression:classes",
            "outcome": "UP_TO_DATE"
          },
          {
            "path": ":spring-expression:compileJava",
            "outcome": "FROM_CACHE"
          },
          {
            "path": ":spring-expression:compileKotlin",
            "outcome": "NO_SOURCE"
          },
          {
            "path": ":spring-expression:compileTestFixturesJava",
            "outcome": "NO_SOURCE"
          },
          {
            "path": ":spring-expression:compileTestFixturesKotlin",
            "outcome": "NO_SOURCE"
          },
          {
            "path": ":spring-expression:compileTestJava",
            "outcome": "FROM_CACHE"
          },
          {
            "path": ":spring-expression:compileTestKotlin",
            "outcome": "FROM_CACHE"
          },
          {
            "path": ":spring-expression:jar",
            "outcome": "EXECUTED"
          },
          {
            "path": ":spring-expression:processResources",
            "outcome": "NO_SOURCE"
          },
          {
            "path": ":spring-expression:processTestFixturesResources",
            "outcome": "NO_SOURCE"
          },
          {
            "path": ":spring-expression:processTestResources",
            "outcome": "EXECUTED"
          },
          {
            "path": ":spring-expression:testClasses",
            "outcome": "EXECUTED"
          },
          {
            "path": ":spring-expression:testFixturesClasses",
            "outcome": "UP_TO_DATE"
          },
          {
            "path": ":spring-expression:testFixturesJar",
            "outcome": "EXECUTED"
          },
          {
            "path": ":spring-instrument:compileJava",
            "outcome": "FROM_CACHE"
          },
          {
            "path": ":spring-instrument:compileTestFixturesJava",
            "outcome": "NO_SOURCE"
          },
          {
            "path": ":spring-instrument:compileTestJava",
            "outcome": "NO_SOURCE"
          },
          {
            "path": ":spring-instrument:processTestResources",
            "outcome": "NO_SOURCE"
          },
          {
            "path": ":spring-instrument:testClasses",
            "outcome": "UP_TO_DATE"
          },
          {
            "path": ":spring-jdbc:checkKotlinGradlePluginConfigurationErrors",
            "outcome": "SKIPPED"
          },
          {
            "path": ":spring-jdbc:classes",
            "outcome": "EXECUTED"
          },
          {
            "path": ":spring-jdbc:compileJava",
            "outcome": "FROM_CACHE"
          },
          {
            "path": ":spring-jdbc:compileKotlin",
            "outcome": "FROM_CACHE"
          },
          {
            "path": ":spring-jdbc:compileTestFixturesJava",
            "outcome": "NO_SOURCE"
          },
          {
            "path": ":spring-jdbc:compileTestFixturesKotlin",
            "outcome": "NO_SOURCE"
          },
          {
            "path": ":spring-jdbc:compileTestJava",
            "outcome": "FROM_CACHE"
          },
          {
            "path": ":spring-jdbc:compileTestKotlin",
            "outcome": "FROM_CACHE"
          },
          {
            "path": ":spring-jdbc:jar",
            "outcome": "EXECUTED"
          },
          {
            "path": ":spring-jdbc:processResources",
            "outcome": "EXECUTED"
          },
          {
            "path": ":spring-jdbc:processTestFixturesResources",
            "outcome": "NO_SOURCE"
          },
          {
            "path": ":spring-jdbc:processTestResources",
            "outcome": "EXECUTED"
          },
          {
            "path": ":spring-jdbc:testClasses",
            "outcome": "EXECUTED"
          },
          {
            "path": ":spring-jdbc:testFixturesClasses",
            "outcome": "UP_TO_DATE"
          },
          {
            "path": ":spring-jdbc:testFixturesJar",
            "outcome": "EXECUTED"
          },
          {
            "path": ":spring-jms:compileJava",
            "outcome": "EXECUTED"
          },
          {
            "path": ":spring-jms:compileTestFixturesJava",
            "outcome": "NO_SOURCE"
          },
          {
            "path": ":spring-jms:compileTestJava",
            "outcome": "FROM_CACHE"
          },
          {
            "path": ":spring-jms:processTestResources",
            "outcome": "EXECUTED"
          },
          {
            "path": ":spring-jms:testClasses",
            "outcome": "EXECUTED"
          },
          {
            "path": ":spring-messaging:checkKotlinGradlePluginConfigurationErrors",
            "outcome": "SKIPPED"
          },
          {
            "path": ":spring-messaging:classes",
            "outcome": "EXECUTED"
          },
          {
            "path": ":spring-messaging:compileJava",
            "outcome": "FROM_CACHE"
          },
          {
            "path": ":spring-messaging:compileKotlin",
            "outcome": "FROM_CACHE"
          },
          {
            "path": ":spring-messaging:compileTestFixturesJava",
            "outcome": "NO_SOURCE"
          },
          {
            "path": ":spring-messaging:compileTestFixturesKotlin",
            "outcome": "NO_SOURCE"
          },
          {
            "path": ":spring-messaging:compileTestJava",
            "outcome": "FROM_CACHE"
          },
          {
            "path": ":spring-messaging:compileTestKotlin",
            "outcome": "FROM_CACHE"
          },
          {
            "path": ":spring-messaging:jar",
            "outcome": "EXECUTED"
          },
          {
            "path": ":spring-messaging:processResources",
            "outcome": "EXECUTED"
          },
          {
            "path": ":spring-messaging:processTestFixturesResources",
            "outcome": "NO_SOURCE"
          },
          {
            "path": ":spring-messaging:processTestResources",
            "outcome": "EXECUTED"
          },
          {
            "path": ":spring-messaging:testClasses",
            "outcome": "EXECUTED"
          },
          {
            "path": ":spring-messaging:testFixturesClasses",
            "outcome": "UP_TO_DATE"
          },
          {
            "path": ":spring-messaging:testFixturesJar",
            "outcome": "EXECUTED"
          },
          {
            "path": ":spring-orm:compileJava",
            "outcome": "FROM_CACHE"
          },
          {
            "path": ":spring-orm:compileTestFixturesJava",
            "outcome": "NO_SOURCE"
          },
          {
            "path": ":spring-orm:compileTestJava",
            "outcome": "FROM_CACHE"
          },
          {
            "path": ":spring-orm:processTestResources",
            "outcome": "EXECUTED"
          },
          {
            "path": ":spring-orm:testClasses",
            "outcome": "EXECUTED"
          },
          {
            "path": ":spring-oxm:compileJava",
            "outcome": "FROM_CACHE"
          },
          {
            "path": ":spring-oxm:compileTestFixturesJava",
            "outcome": "NO_SOURCE"
          },
          {
            "path": ":spring-oxm:compileTestJava",
            "outcome": "FROM_CACHE"
          },
          {
            "path": ":spring-oxm:processTestResources",
            "outcome": "EXECUTED"
          },
          {
            "path": ":spring-oxm:testClasses",
            "outcome": "EXECUTED"
          },
          {
            "path": ":spring-oxm:xjc",
            "outcome": "FROM_CACHE"
          },
          {
            "path": ":spring-r2dbc:checkKotlinGradlePluginConfigurationErrors",
            "outcome": "SKIPPED"
          },
          {
            "path": ":spring-r2dbc:classes",
            "outcome": "EXECUTED"
          },
          {
            "path": ":spring-r2dbc:compileJava",
            "outcome": "FROM_CACHE"
          },
          {
            "path": ":spring-r2dbc:compileKotlin",
            "outcome": "FROM_CACHE"
          },
          {
            "path": ":spring-r2dbc:compileTestFixturesJava",
            "outcome": "NO_SOURCE"
          },
          {
            "path": ":spring-r2dbc:compileTestFixturesKotlin",
            "outcome": "NO_SOURCE"
          },
          {
            "path": ":spring-r2dbc:compileTestJava",
            "outcome": "FROM_CACHE"
          },
          {
            "path": ":spring-r2dbc:compileTestKotlin",
            "outcome": "FROM_CACHE"
          },
          {
            "path": ":spring-r2dbc:jar",
            "outcome": "EXECUTED"
          },
          {
            "path": ":spring-r2dbc:processResources",
            "outcome": "EXECUTED"
          },
          {
            "path": ":spring-r2dbc:processTestFixturesResources",
            "outcome": "NO_SOURCE"
          },
          {
            "path": ":spring-r2dbc:processTestResources",
            "outcome": "EXECUTED"
          },
          {
            "path": ":spring-r2dbc:testClasses",
            "outcome": "EXECUTED"
          },
          {
            "path": ":spring-r2dbc:testFixturesClasses",
            "outcome": "UP_TO_DATE"
          },
          {
            "path": ":spring-r2dbc:testFixturesJar",
            "outcome": "EXECUTED"
          },
          {
            "path": ":spring-test:checkKotlinGradlePluginConfigurationErrors",
            "outcome": "SKIPPED"
          },
          {
            "path": ":spring-test:classes",
            "outcome": "EXECUTED"
          },
          {
            "path": ":spring-test:compileJava",
            "outcome": "FROM_CACHE"
          },
          {
            "path": ":spring-test:compileKotlin",
            "outcome": "FROM_CACHE"
          },
          {
            "path": ":spring-test:compileTestFixturesJava",
            "outcome": "NO_SOURCE"
          },
          {
            "path": ":spring-test:compileTestFixturesKotlin",
            "outcome": "NO_SOURCE"
          },
          {
            "path": ":spring-test:compileTestJava",
            "outcome": "FROM_CACHE"
          },
          {
            "path": ":spring-test:compileTestKotlin",
            "outcome": "FROM_CACHE"
          },
          {
            "path": ":spring-test:jar",
            "outcome": "EXECUTED"
          },
          {
            "path": ":spring-test:processResources",
            "outcome": "EXECUTED"
          },
          {
            "path": ":spring-test:processTestFixturesResources",
            "outcome": "NO_SOURCE"
          },
          {
            "path": ":spring-test:processTestResources",
            "outcome": "EXECUTED"
          },
          {
            "path": ":spring-test:testClasses",
            "outcome": "EXECUTED"
          },
          {
            "path": ":spring-test:testFixturesClasses",
            "outcome": "UP_TO_DATE"
          },
          {
            "path": ":spring-test:testFixturesJar",
            "outcome": "EXECUTED"
          },
          {
            "path": ":spring-tx:checkKotlinGradlePluginConfigurationErrors",
            "outcome": "SKIPPED"
          },
          {
            "path": ":spring-tx:classes",
            "outcome": "EXECUTED"
          },
          {
            "path": ":spring-tx:compileJava",
            "outcome": "FROM_CACHE"
          },
          {
            "path": ":spring-tx:compileKotlin",
            "outcome": "FROM_CACHE"
          },
          {
            "path": ":spring-tx:compileTestFixturesJava",
            "outcome": "FROM_CACHE"
          },
          {
            "path": ":spring-tx:compileTestFixturesKotlin",
            "outcome": "NO_SOURCE"
          },
          {
            "path": ":spring-tx:compileTestJava",
            "outcome": "FROM_CACHE"
          },
          {
            "path": ":spring-tx:compileTestKotlin",
            "outcome": "FROM_CACHE"
          },
          {
            "path": ":spring-tx:jar",
            "outcome": "EXECUTED"
          },
          {
            "path": ":spring-tx:processResources",
            "outcome": "EXECUTED"
          },
          {
            "path": ":spring-tx:processTestFixturesResources",
            "outcome": "NO_SOURCE"
          },
          {
            "path": ":spring-tx:processTestResources",
            "outcome": "EXECUTED"
          },
          {
            "path": ":spring-tx:testClasses",
            "outcome": "EXECUTED"
          },
          {
            "path": ":spring-tx:testFixturesClasses",
            "outcome": "UP_TO_DATE"
          },
          {
            "path": ":spring-tx:testFixturesJar",
            "outcome": "EXECUTED"
          },
          {
            "path": ":spring-web:checkKotlinGradlePluginConfigurationErrors",
            "outcome": "SKIPPED"
          },
          {
            "path": ":spring-web:classes",
            "outcome": "EXECUTED"
          },
          {
            "path": ":spring-web:compileJava",
            "outcome": "FROM_CACHE"
          },
          {
            "path": ":spring-web:compileKotlin",
            "outcome": "FROM_CACHE"
          },
          {
            "path": ":spring-web:compileTestFixturesJava",
            "outcome": "FROM_CACHE"
          },
          {
            "path": ":spring-web:compileTestFixturesKotlin",
            "outcome": "NO_SOURCE"
          },
          {
            "path": ":spring-web:compileTestJava",
            "outcome": "FROM_CACHE"
          },
          {
            "path": ":spring-web:compileTestKotlin",
            "outcome": "FROM_CACHE"
          },
          {
            "path": ":spring-web:jar",
            "outcome": "EXECUTED"
          },
          {
            "path": ":spring-web:processResources",
            "outcome": "EXECUTED"
          },
          {
            "path": ":spring-web:processTestFixturesResources",
            "outcome": "EXECUTED"
          },
          {
            "path": ":spring-web:processTestResources",
            "outcome": "EXECUTED"
          },
          {
            "path": ":spring-web:testClasses",
            "outcome": "EXECUTED"
          },
          {
            "path": ":spring-web:testFixturesClasses",
            "outcome": "EXECUTED"
          },
          {
            "path": ":spring-web:testFixturesJar",
            "outcome": "EXECUTED"
          },
          {
            "path": ":spring-webflux:checkKotlinGradlePluginConfigurationErrors",
            "outcome": "SKIPPED"
          },
          {
            "path": ":spring-webflux:classes",
            "outcome": "EXECUTED"
          },
          {
            "path": ":spring-webflux:compileJava",
            "outcome": "FROM_CACHE"
          },
          {
            "path": ":spring-webflux:compileKotlin",
            "outcome": "FROM_CACHE"
          },
          {
            "path": ":spring-webflux:compileTestFixturesJava",
            "outcome": "NO_SOURCE"
          },
          {
            "path": ":spring-webflux:compileTestFixturesKotlin",
            "outcome": "NO_SOURCE"
          },
          {
            "path": ":spring-webflux:compileTestJava",
            "outcome": "FROM_CACHE"
          },
          {
            "path": ":spring-webflux:compileTestKotlin",
            "outcome": "FROM_CACHE"
          },
          {
            "path": ":spring-webflux:jar",
            "outcome": "EXECUTED"
          },
          {
            "path": ":spring-webflux:processResources",
            "outcome": "EXECUTED"
          },
          {
            "path": ":spring-webflux:processTestFixturesResources",
            "outcome": "NO_SOURCE"
          },
          {
            "path": ":spring-webflux:processTestResources",
            "outcome": "EXECUTED"
          },
          {
            "path": ":spring-webflux:testClasses",
            "outcome": "EXECUTED"
          },
          {
            "path": ":spring-webflux:testFixturesClasses",
            "outcome": "UP_TO_DATE"
          },
          {
            "path": ":spring-webflux:testFixturesJar",
            "outcome": "EXECUTED"
          },
          {
            "path": ":spring-webmvc:checkKotlinGradlePluginConfigurationErrors",
            "outcome": "SKIPPED"
          },
          {
            "path": ":spring-webmvc:classes",
            "outcome": "EXECUTED"
          },
          {
            "path": ":spring-webmvc:compileJava",
            "outcome": "FROM_CACHE"
          },
          {
            "path": ":spring-webmvc:compileKotlin",
            "outcome": "FROM_CACHE"
          },
          {
            "path": ":spring-webmvc:compileTestFixturesJava",
            "outcome": "NO_SOURCE"
          },
          {
            "path": ":spring-webmvc:compileTestFixturesKotlin",
            "outcome": "NO_SOURCE"
          },
          {
            "path": ":spring-webmvc:compileTestJava",
            "outcome": "FROM_CACHE"
          },
          {
            "path": ":spring-webmvc:compileTestKotlin",
            "outcome": "FROM_CACHE"
          },
          {
            "path": ":spring-webmvc:jar",
            "outcome": "EXECUTED"
          },
          {
            "path": ":spring-webmvc:processResources",
            "outcome": "EXECUTED"
          },
          {
            "path": ":spring-webmvc:processTestFixturesResources",
            "outcome": "NO_SOURCE"
          },
          {
            "path": ":spring-webmvc:processTestResources",
            "outcome": "EXECUTED"
          },
          {
            "path": ":spring-webmvc:testClasses",
            "outcome": "EXECUTED"
          },
          {
            "path": ":spring-webmvc:testFixturesClasses",
            "outcome": "UP_TO_DATE"
          },
          {
            "path": ":spring-webmvc:testFixturesJar",
            "outcome": "EXECUTED"
          },
          {
            "path": ":spring-websocket:compileJava",
            "outcome": "FROM_CACHE"
          },
          {
            "path": ":spring-websocket:compileTestFixturesJava",
            "outcome": "NO_SOURCE"
          },
          {
            "path": ":spring-websocket:compileTestJava",
            "outcome": "FROM_CACHE"
          },
          {
            "path": ":spring-websocket:processTestResources",
            "outcome": "EXECUTED"
          },
          {
            "path": ":spring-websocket:testClasses",
            "outcome": "EXECUTED"
          },
          {
            "path": ":testClasses",
            "outcome": "UP_TO_DATE"
          }
        ]
      },
      "candidateTaskOutcomes": {
        "total": 56,
        "executed": 14,
        "fromCache": 26,
        "upToDate": 2,
        "noSource": 7,
        "skipped": 7,
        "fingerprintSha256": "af08640256e4ce968a02546a34fd5e7b170359e73fd1255332a0b813d6a2b3f6",
        "tasks": [
          {
            "path": ":buildSrc:check",
            "outcome": "UP_TO_DATE"
          },
          {
            "path": ":buildSrc:checkstyleMain",
            "outcome": "FROM_CACHE"
          },
          {
            "path": ":buildSrc:checkstyleTest",
            "outcome": "FROM_CACHE"
          },
          {
            "path": ":buildSrc:classes",
            "outcome": "EXECUTED"
          },
          {
            "path": ":buildSrc:compileGroovy",
            "outcome": "NO_SOURCE"
          },
          {
            "path": ":buildSrc:compileJava",
            "outcome": "FROM_CACHE"
          },
          {
            "path": ":buildSrc:compileTestGroovy",
            "outcome": "NO_SOURCE"
          },
          {
            "path": ":buildSrc:compileTestJava",
            "outcome": "FROM_CACHE"
          },
          {
            "path": ":buildSrc:jar",
            "outcome": "EXECUTED"
          },
          {
            "path": ":buildSrc:pluginDescriptors",
            "outcome": "EXECUTED"
          },
          {
            "path": ":buildSrc:pluginUnderTestMetadata",
            "outcome": "EXECUTED"
          },
          {
            "path": ":buildSrc:processResources",
            "outcome": "EXECUTED"
          },
          {
            "path": ":buildSrc:processTestResources",
            "outcome": "NO_SOURCE"
          },
          {
            "path": ":buildSrc:test",
            "outcome": "FROM_CACHE"
          },
          {
            "path": ":buildSrc:testClasses",
            "outcome": "UP_TO_DATE"
          },
          {
            "path": ":buildSrc:validatePlugins",
            "outcome": "FROM_CACHE"
          },
          {
            "path": ":spring-aop:checkKotlinGradlePluginConfigurationErrors",
            "outcome": "SKIPPED"
          },
          {
            "path": ":spring-aop:compileJava",
            "outcome": "FROM_CACHE"
          },
          {
            "path": ":spring-aop:compileKotlin",
            "outcome": "NO_SOURCE"
          },
          {
            "path": ":spring-beans:checkKotlinGradlePluginConfigurationErrors",
            "outcome": "SKIPPED"
          },
          {
            "path": ":spring-beans:classes",
            "outcome": "EXECUTED"
          },
          {
            "path": ":spring-beans:compileJava",
            "outcome": "FROM_CACHE"
          },
          {
            "path": ":spring-beans:compileKotlin",
            "outcome": "FROM_CACHE"
          },
          {
            "path": ":spring-beans:compileTestFixturesJava",
            "outcome": "FROM_CACHE"
          },
          {
            "path": ":spring-beans:compileTestFixturesKotlin",
            "outcome": "FROM_CACHE"
          },
          {
            "path": ":spring-beans:jar",
            "outcome": "EXECUTED"
          },
          {
            "path": ":spring-beans:processResources",
            "outcome": "EXECUTED"
          },
          {
            "path": ":spring-context:checkKotlinGradlePluginConfigurationErrors",
            "outcome": "SKIPPED"
          },
          {
            "path": ":spring-context:compileJava",
            "outcome": "FROM_CACHE"
          },
          {
            "path": ":spring-context:compileKotlin",
            "outcome": "FROM_CACHE"
          },
          {
            "path": ":spring-core:checkKotlinGradlePluginConfigurationErrors",
            "outcome": "SKIPPED"
          },
          {
            "path": ":spring-core:compileJava",
            "outcome": "FROM_CACHE"
          },
          {
            "path": ":spring-core:compileKotlin",
            "outcome": "FROM_CACHE"
          },
          {
            "path": ":spring-core:javapoetRepackJar",
            "outcome": "FROM_CACHE"
          },
          {
            "path": ":spring-core:objenesisRepackJar",
            "outcome": "FROM_CACHE"
          },
          {
            "path": ":spring-expression:checkKotlinGradlePluginConfigurationErrors",
            "outcome": "SKIPPED"
          },
          {
            "path": ":spring-expression:compileJava",
            "outcome": "FROM_CACHE"
          },
          {
            "path": ":spring-expression:compileKotlin",
            "outcome": "NO_SOURCE"
          },
          {
            "path": ":spring-instrument:compileJava",
            "outcome": "FROM_CACHE"
          },
          {
            "path": ":spring-jms:compileJava",
            "outcome": "EXECUTED"
          },
          {
            "path": ":spring-jms:compileTestFixturesJava",
            "outcome": "NO_SOURCE"
          },
          {
            "path": ":spring-jms:compileTestJava",
            "outcome": "FROM_CACHE"
          },
          {
            "path": ":spring-jms:processTestResources",
            "outcome": "EXECUTED"
          },
          {
            "path": ":spring-jms:testClasses",
            "outcome": "EXECUTED"
          },
          {
            "path": ":spring-messaging:checkKotlinGradlePluginConfigurationErrors",
            "outcome": "SKIPPED"
          },
          {
            "path": ":spring-messaging:compileJava",
            "outcome": "FROM_CACHE"
          },
          {
            "path": ":spring-messaging:compileKotlin",
            "outcome": "FROM_CACHE"
          },
          {
            "path": ":spring-oxm:compileJava",
            "outcome": "FROM_CACHE"
          },
          {
            "path": ":spring-tx:checkKotlinGradlePluginConfigurationErrors",
            "outcome": "SKIPPED"
          },
          {
            "path": ":spring-tx:classes",
            "outcome": "EXECUTED"
          },
          {
            "path": ":spring-tx:compileJava",
            "outcome": "FROM_CACHE"
          },
          {
            "path": ":spring-tx:compileKotlin",
            "outcome": "FROM_CACHE"
          },
          {
            "path": ":spring-tx:compileTestFixturesJava",
            "outcome": "FROM_CACHE"
          },
          {
            "path": ":spring-tx:compileTestFixturesKotlin",
            "outcome": "NO_SOURCE"
          },
          {
            "path": ":spring-tx:jar",
            "outcome": "EXECUTED"
          },
          {
            "path": ":spring-tx:processResources",
            "outcome": "EXECUTED"
          }
        ]
      },
      "controlHostPressure": {
        "available": true,
        "cpuSomeTotalUs": 96913,
        "memorySomeTotalUs": 0,
        "memoryFullTotalUs": 0,
        "ioSomeTotalUs": 8621706,
        "ioFullTotalUs": 6482241
      },
      "candidateHostPressure": {
        "available": true,
        "cpuSomeTotalUs": 40265,
        "memorySomeTotalUs": 0,
        "memoryFullTotalUs": 0,
        "ioSomeTotalUs": 9136339,
        "ioFullTotalUs": 7946219
      }
    },
    {
      "pair": 8,
      "order": "CANDIDATE_FIRST",
      "controlDurationMs": 11981,
      "candidateDurationMs": 10834,
      "savedMs": 1147,
      "controlRequiredOutputSha256": "c1de7856f3bfbec061af1a6a147e489da0bd960aca43bf326e51372c2ca5d629",
      "candidateRequiredOutputSha256": "c1de7856f3bfbec061af1a6a147e489da0bd960aca43bf326e51372c2ca5d629",
      "requiredOutputCount": 378,
      "productAttributableFailure": false,
      "controlLogSha256": "2a4b2a128c07679ba47931ec491a4ce1fc3507526362eb2f3ad794ff37d95238",
      "candidateLogSha256": "76702c1aa672903aa60c4de78ca50e4dcc310dcd9bc4d6ab2430c46b821d0e43",
      "controlTaskOutcomes": {
        "total": 305,
        "executed": 109,
        "fromCache": 89,
        "upToDate": 23,
        "noSource": 65,
        "skipped": 19,
        "fingerprintSha256": "85399d45cd2d3615162148545d5babb68fb708dbdd29a2e2991b8e65724ce6a7",
        "tasks": [
          {
            "path": ":buildSrc:check",
            "outcome": "UP_TO_DATE"
          },
          {
            "path": ":buildSrc:checkstyleMain",
            "outcome": "FROM_CACHE"
          },
          {
            "path": ":buildSrc:checkstyleTest",
            "outcome": "FROM_CACHE"
          },
          {
            "path": ":buildSrc:classes",
            "outcome": "EXECUTED"
          },
          {
            "path": ":buildSrc:compileGroovy",
            "outcome": "NO_SOURCE"
          },
          {
            "path": ":buildSrc:compileJava",
            "outcome": "FROM_CACHE"
          },
          {
            "path": ":buildSrc:compileTestGroovy",
            "outcome": "NO_SOURCE"
          },
          {
            "path": ":buildSrc:compileTestJava",
            "outcome": "FROM_CACHE"
          },
          {
            "path": ":buildSrc:jar",
            "outcome": "EXECUTED"
          },
          {
            "path": ":buildSrc:pluginDescriptors",
            "outcome": "EXECUTED"
          },
          {
            "path": ":buildSrc:pluginUnderTestMetadata",
            "outcome": "EXECUTED"
          },
          {
            "path": ":buildSrc:processResources",
            "outcome": "EXECUTED"
          },
          {
            "path": ":buildSrc:processTestResources",
            "outcome": "NO_SOURCE"
          },
          {
            "path": ":buildSrc:test",
            "outcome": "FROM_CACHE"
          },
          {
            "path": ":buildSrc:testClasses",
            "outcome": "UP_TO_DATE"
          },
          {
            "path": ":buildSrc:validatePlugins",
            "outcome": "FROM_CACHE"
          },
          {
            "path": ":classes",
            "outcome": "UP_TO_DATE"
          },
          {
            "path": ":compileJava",
            "outcome": "NO_SOURCE"
          },
          {
            "path": ":compileTestFixturesJava",
            "outcome": "NO_SOURCE"
          },
          {
            "path": ":compileTestJava",
            "outcome": "NO_SOURCE"
          },
          {
            "path": ":framework-docs:checkKotlinGradlePluginConfigurationErrors",
            "outcome": "SKIPPED"
          },
          {
            "path": ":framework-docs:classes",
            "outcome": "EXECUTED"
          },
          {
            "path": ":framework-docs:compileJava",
            "outcome": "FROM_CACHE"
          },
          {
            "path": ":framework-docs:compileKotlin",
            "outcome": "FROM_CACHE"
          },
          {
            "path": ":framework-docs:compileTestJava",
            "outcome": "NO_SOURCE"
          },
          {
            "path": ":framework-docs:compileTestKotlin",
            "outcome": "NO_SOURCE"
          },
          {
            "path": ":framework-docs:jar",
            "outcome": "SKIPPED"
          },
          {
            "path": ":framework-docs:processResources",
            "outcome": "EXECUTED"
          },
          {
            "path": ":framework-docs:processTestResources",
            "outcome": "NO_SOURCE"
          },
          {
            "path": ":framework-docs:testClasses",
            "outcome": "UP_TO_DATE"
          },
          {
            "path": ":integration-tests:checkKotlinGradlePluginConfigurationErrors",
            "outcome": "SKIPPED"
          },
          {
            "path": ":integration-tests:classes",
            "outcome": "UP_TO_DATE"
          },
          {
            "path": ":integration-tests:compileJava",
            "outcome": "NO_SOURCE"
          },
          {
            "path": ":integration-tests:compileKotlin",
            "outcome": "NO_SOURCE"
          },
          {
            "path": ":integration-tests:compileTestFixturesJava",
            "outcome": "NO_SOURCE"
          },
          {
            "path": ":integration-tests:compileTestFixturesKotlin",
            "outcome": "NO_SOURCE"
          },
          {
            "path": ":integration-tests:compileTestJava",
            "outcome": "FROM_CACHE"
          },
          {
            "path": ":integration-tests:compileTestKotlin",
            "outcome": "FROM_CACHE"
          },
          {
            "path": ":integration-tests:jar",
            "outcome": "EXECUTED"
          },
          {
            "path": ":integration-tests:processResources",
            "outcome": "NO_SOURCE"
          },
          {
            "path": ":integration-tests:processTestFixturesResources",
            "outcome": "NO_SOURCE"
          },
          {
            "path": ":integration-tests:processTestResources",
            "outcome": "EXECUTED"
          },
          {
            "path": ":integration-tests:testClasses",
            "outcome": "EXECUTED"
          },
          {
            "path": ":integration-tests:testFixturesClasses",
            "outcome": "UP_TO_DATE"
          },
          {
            "path": ":integration-tests:testFixturesJar",
            "outcome": "EXECUTED"
          },
          {
            "path": ":jar",
            "outcome": "EXECUTED"
          },
          {
            "path": ":processResources",
            "outcome": "NO_SOURCE"
          },
          {
            "path": ":processTestResources",
            "outcome": "NO_SOURCE"
          },
          {
            "path": ":spring-aop:checkKotlinGradlePluginConfigurationErrors",
            "outcome": "SKIPPED"
          },
          {
            "path": ":spring-aop:classes",
            "outcome": "EXECUTED"
          },
          {
            "path": ":spring-aop:compileJava",
            "outcome": "FROM_CACHE"
          },
          {
            "path": ":spring-aop:compileKotlin",
            "outcome": "NO_SOURCE"
          },
          {
            "path": ":spring-aop:compileTestFixturesJava",
            "outcome": "FROM_CACHE"
          },
          {
            "path": ":spring-aop:compileTestFixturesKotlin",
            "outcome": "NO_SOURCE"
          },
          {
            "path": ":spring-aop:compileTestJava",
            "outcome": "FROM_CACHE"
          },
          {
            "path": ":spring-aop:compileTestKotlin",
            "outcome": "FROM_CACHE"
          },
          {
            "path": ":spring-aop:jar",
            "outcome": "EXECUTED"
          },
          {
            "path": ":spring-aop:processResources",
            "outcome": "EXECUTED"
          },
          {
            "path": ":spring-aop:processTestFixturesResources",
            "outcome": "NO_SOURCE"
          },
          {
            "path": ":spring-aop:processTestResources",
            "outcome": "EXECUTED"
          },
          {
            "path": ":spring-aop:testClasses",
            "outcome": "EXECUTED"
          },
          {
            "path": ":spring-aop:testFixturesClasses",
            "outcome": "UP_TO_DATE"
          },
          {
            "path": ":spring-aop:testFixturesJar",
            "outcome": "EXECUTED"
          },
          {
            "path": ":spring-aspects:classes",
            "outcome": "EXECUTED"
          },
          {
            "path": ":spring-aspects:compileAspectj",
            "outcome": "FROM_CACHE"
          },
          {
            "path": ":spring-aspects:compileJava",
            "outcome": "SKIPPED"
          },
          {
            "path": ":spring-aspects:compileTestAspectj",
            "outcome": "FROM_CACHE"
          },
          {
            "path": ":spring-aspects:compileTestFixturesAspectj",
            "outcome": "NO_SOURCE"
          },
          {
            "path": ":spring-aspects:compileTestFixturesJava",
            "outcome": "SKIPPED"
          },
          {
            "path": ":spring-aspects:compileTestJava",
            "outcome": "SKIPPED"
          },
          {
            "path": ":spring-aspects:processResources",
            "outcome": "EXECUTED"
          },
          {
            "path": ":spring-aspects:processTestResources",
            "outcome": "EXECUTED"
          },
          {
            "path": ":spring-aspects:testClasses",
            "outcome": "EXECUTED"
          },
          {
            "path": ":spring-beans:checkKotlinGradlePluginConfigurationErrors",
            "outcome": "SKIPPED"
          },
          {
            "path": ":spring-beans:classes",
            "outcome": "EXECUTED"
          },
          {
            "path": ":spring-beans:compileJava",
            "outcome": "FROM_CACHE"
          },
          {
            "path": ":spring-beans:compileKotlin",
            "outcome": "FROM_CACHE"
          },
          {
            "path": ":spring-beans:compileTestFixturesJava",
            "outcome": "FROM_CACHE"
          },
          {
            "path": ":spring-beans:compileTestFixturesKotlin",
            "outcome": "FROM_CACHE"
          },
          {
            "path": ":spring-beans:compileTestJava",
            "outcome": "FROM_CACHE"
          },
          {
            "path": ":spring-beans:compileTestKotlin",
            "outcome": "FROM_CACHE"
          },
          {
            "path": ":spring-beans:jar",
            "outcome": "EXECUTED"
          },
          {
            "path": ":spring-beans:processResources",
            "outcome": "EXECUTED"
          },
          {
            "path": ":spring-beans:processTestFixturesResources",
            "outcome": "EXECUTED"
          },
          {
            "path": ":spring-beans:processTestResources",
            "outcome": "EXECUTED"
          },
          {
            "path": ":spring-beans:testClasses",
            "outcome": "EXECUTED"
          },
          {
            "path": ":spring-beans:testFixturesClasses",
            "outcome": "EXECUTED"
          },
          {
            "path": ":spring-beans:testFixturesJar",
            "outcome": "EXECUTED"
          },
          {
            "path": ":spring-context-indexer:compileJava",
            "outcome": "FROM_CACHE"
          },
          {
            "path": ":spring-context-indexer:compileTestFixturesJava",
            "outcome": "NO_SOURCE"
          },
          {
            "path": ":spring-context-indexer:compileTestJava",
            "outcome": "FROM_CACHE"
          },
          {
            "path": ":spring-context-indexer:processTestResources",
            "outcome": "NO_SOURCE"
          },
          {
            "path": ":spring-context-indexer:testClasses",
            "outcome": "UP_TO_DATE"
          },
          {
            "path": ":spring-context-support:compileJava",
            "outcome": "FROM_CACHE"
          },
          {
            "path": ":spring-context-support:compileTestFixturesJava",
            "outcome": "FROM_CACHE"
          },
          {
            "path": ":spring-context-support:compileTestJava",
            "outcome": "FROM_CACHE"
          },
          {
            "path": ":spring-context-support:processTestResources",
            "outcome": "EXECUTED"
          },
          {
            "path": ":spring-context-support:testClasses",
            "outcome": "EXECUTED"
          },
          {
            "path": ":spring-context:checkKotlinGradlePluginConfigurationErrors",
            "outcome": "SKIPPED"
          },
          {
            "path": ":spring-context:classes",
            "outcome": "EXECUTED"
          },
          {
            "path": ":spring-context:compileJava",
            "outcome": "FROM_CACHE"
          },
          {
            "path": ":spring-context:compileKotlin",
            "outcome": "FROM_CACHE"
          },
          {
            "path": ":spring-context:compileTestFixturesJava",
            "outcome": "FROM_CACHE"
          },
          {
            "path": ":spring-context:compileTestFixturesKotlin",
            "outcome": "NO_SOURCE"
          },
          {
            "path": ":spring-context:compileTestJava",
            "outcome": "FROM_CACHE"
          },
          {
            "path": ":spring-context:compileTestKotlin",
            "outcome": "FROM_CACHE"
          },
          {
            "path": ":spring-context:jar",
            "outcome": "EXECUTED"
          },
          {
            "path": ":spring-context:processResources",
            "outcome": "EXECUTED"
          },
          {
            "path": ":spring-context:processTestFixturesResources",
            "outcome": "NO_SOURCE"
          },
          {
            "path": ":spring-context:processTestResources",
            "outcome": "EXECUTED"
          },
          {
            "path": ":spring-context:testClasses",
            "outcome": "EXECUTED"
          },
          {
            "path": ":spring-context:testFixturesClasses",
            "outcome": "UP_TO_DATE"
          },
          {
            "path": ":spring-context:testFixturesJar",
            "outcome": "EXECUTED"
          },
          {
            "path": ":spring-core-test:compileJava",
            "outcome": "FROM_CACHE"
          },
          {
            "path": ":spring-core-test:compileTestFixturesJava",
            "outcome": "NO_SOURCE"
          },
          {
            "path": ":spring-core-test:compileTestJava",
            "outcome": "FROM_CACHE"
          },
          {
            "path": ":spring-core-test:processTestResources",
            "outcome": "EXECUTED"
          },
          {
            "path": ":spring-core-test:testClasses",
            "outcome": "EXECUTED"
          },
          {
            "path": ":spring-core:checkKotlinGradlePluginConfigurationErrors",
            "outcome": "SKIPPED"
          },
          {
            "path": ":spring-core:classes",
            "outcome": "EXECUTED"
          },
          {
            "path": ":spring-core:compileJava",
            "outcome": "FROM_CACHE"
          },
          {
            "path": ":spring-core:compileJava21Java",
            "outcome": "FROM_CACHE"
          },
          {
            "path": ":spring-core:compileJava21Kotlin",
            "outcome": "NO_SOURCE"
          },
          {
            "path": ":spring-core:compileJava24Java",
            "outcome": "FROM_CACHE"
          },
          {
            "path": ":spring-core:compileJava24Kotlin",
            "outcome": "NO_SOURCE"
          },
          {
            "path": ":spring-core:compileKotlin",
            "outcome": "FROM_CACHE"
          },
          {
            "path": ":spring-core:compileTestFixturesJava",
            "outcome": "FROM_CACHE"
          },
          {
            "path": ":spring-core:compileTestFixturesKotlin",
            "outcome": "NO_SOURCE"
          },
          {
            "path": ":spring-core:compileTestJava",
            "outcome": "FROM_CACHE"
          },
          {
            "path": ":spring-core:compileTestKotlin",
            "outcome": "FROM_CACHE"
          },
          {
            "path": ":spring-core:jar",
            "outcome": "EXECUTED"
          },
          {
            "path": ":spring-core:java21Classes",
            "outcome": "UP_TO_DATE"
          },
          {
            "path": ":spring-core:java24Classes",
            "outcome": "UP_TO_DATE"
          },
          {
            "path": ":spring-core:javapoetRepackJar",
            "outcome": "FROM_CACHE"
          },
          {
            "path": ":spring-core:objenesisRepackJar",
            "outcome": "FROM_CACHE"
          },
          {
            "path": ":spring-core:processJava21Resources",
            "outcome": "NO_SOURCE"
          },
          {
            "path": ":spring-core:processJava24Resources",
            "outcome": "NO_SOURCE"
          },
          {
            "path": ":spring-core:processResources",
            "outcome": "EXECUTED"
          },
          {
            "path": ":spring-core:processTestFixturesResources",
            "outcome": "NO_SOURCE"
          },
          {
            "path": ":spring-core:processTestResources",
            "outcome": "EXECUTED"
          },
          {
            "path": ":spring-core:testClasses",
            "outcome": "EXECUTED"
          },
          {
            "path": ":spring-core:testFixturesClasses",
            "outcome": "UP_TO_DATE"
          },
          {
            "path": ":spring-core:testFixturesJar",
            "outcome": "EXECUTED"
          },
          {
            "path": ":spring-expression:checkKotlinGradlePluginConfigurationErrors",
            "outcome": "SKIPPED"
          },
          {
            "path": ":spring-expression:classes",
            "outcome": "UP_TO_DATE"
          },
          {
            "path": ":spring-expression:compileJava",
            "outcome": "FROM_CACHE"
          },
          {
            "path": ":spring-expression:compileKotlin",
            "outcome": "NO_SOURCE"
          },
          {
            "path": ":spring-expression:compileTestFixturesJava",
            "outcome": "NO_SOURCE"
          },
          {
            "path": ":spring-expression:compileTestFixturesKotlin",
            "outcome": "NO_SOURCE"
          },
          {
            "path": ":spring-expression:compileTestJava",
            "outcome": "FROM_CACHE"
          },
          {
            "path": ":spring-expression:compileTestKotlin",
            "outcome": "FROM_CACHE"
          },
          {
            "path": ":spring-expression:jar",
            "outcome": "EXECUTED"
          },
          {
            "path": ":spring-expression:processResources",
            "outcome": "NO_SOURCE"
          },
          {
            "path": ":spring-expression:processTestFixturesResources",
            "outcome": "NO_SOURCE"
          },
          {
            "path": ":spring-expression:processTestResources",
            "outcome": "EXECUTED"
          },
          {
            "path": ":spring-expression:testClasses",
            "outcome": "EXECUTED"
          },
          {
            "path": ":spring-expression:testFixturesClasses",
            "outcome": "UP_TO_DATE"
          },
          {
            "path": ":spring-expression:testFixturesJar",
            "outcome": "EXECUTED"
          },
          {
            "path": ":spring-instrument:compileJava",
            "outcome": "FROM_CACHE"
          },
          {
            "path": ":spring-instrument:compileTestFixturesJava",
            "outcome": "NO_SOURCE"
          },
          {
            "path": ":spring-instrument:compileTestJava",
            "outcome": "NO_SOURCE"
          },
          {
            "path": ":spring-instrument:processTestResources",
            "outcome": "NO_SOURCE"
          },
          {
            "path": ":spring-instrument:testClasses",
            "outcome": "UP_TO_DATE"
          },
          {
            "path": ":spring-jdbc:checkKotlinGradlePluginConfigurationErrors",
            "outcome": "SKIPPED"
          },
          {
            "path": ":spring-jdbc:classes",
            "outcome": "EXECUTED"
          },
          {
            "path": ":spring-jdbc:compileJava",
            "outcome": "FROM_CACHE"
          },
          {
            "path": ":spring-jdbc:compileKotlin",
            "outcome": "FROM_CACHE"
          },
          {
            "path": ":spring-jdbc:compileTestFixturesJava",
            "outcome": "NO_SOURCE"
          },
          {
            "path": ":spring-jdbc:compileTestFixturesKotlin",
            "outcome": "NO_SOURCE"
          },
          {
            "path": ":spring-jdbc:compileTestJava",
            "outcome": "FROM_CACHE"
          },
          {
            "path": ":spring-jdbc:compileTestKotlin",
            "outcome": "FROM_CACHE"
          },
          {
            "path": ":spring-jdbc:jar",
            "outcome": "EXECUTED"
          },
          {
            "path": ":spring-jdbc:processResources",
            "outcome": "EXECUTED"
          },
          {
            "path": ":spring-jdbc:processTestFixturesResources",
            "outcome": "NO_SOURCE"
          },
          {
            "path": ":spring-jdbc:processTestResources",
            "outcome": "EXECUTED"
          },
          {
            "path": ":spring-jdbc:testClasses",
            "outcome": "EXECUTED"
          },
          {
            "path": ":spring-jdbc:testFixturesClasses",
            "outcome": "UP_TO_DATE"
          },
          {
            "path": ":spring-jdbc:testFixturesJar",
            "outcome": "EXECUTED"
          },
          {
            "path": ":spring-jms:compileJava",
            "outcome": "EXECUTED"
          },
          {
            "path": ":spring-jms:compileTestFixturesJava",
            "outcome": "NO_SOURCE"
          },
          {
            "path": ":spring-jms:compileTestJava",
            "outcome": "FROM_CACHE"
          },
          {
            "path": ":spring-jms:processTestResources",
            "outcome": "EXECUTED"
          },
          {
            "path": ":spring-jms:testClasses",
            "outcome": "EXECUTED"
          },
          {
            "path": ":spring-messaging:checkKotlinGradlePluginConfigurationErrors",
            "outcome": "SKIPPED"
          },
          {
            "path": ":spring-messaging:classes",
            "outcome": "EXECUTED"
          },
          {
            "path": ":spring-messaging:compileJava",
            "outcome": "FROM_CACHE"
          },
          {
            "path": ":spring-messaging:compileKotlin",
            "outcome": "FROM_CACHE"
          },
          {
            "path": ":spring-messaging:compileTestFixturesJava",
            "outcome": "NO_SOURCE"
          },
          {
            "path": ":spring-messaging:compileTestFixturesKotlin",
            "outcome": "NO_SOURCE"
          },
          {
            "path": ":spring-messaging:compileTestJava",
            "outcome": "FROM_CACHE"
          },
          {
            "path": ":spring-messaging:compileTestKotlin",
            "outcome": "FROM_CACHE"
          },
          {
            "path": ":spring-messaging:jar",
            "outcome": "EXECUTED"
          },
          {
            "path": ":spring-messaging:processResources",
            "outcome": "EXECUTED"
          },
          {
            "path": ":spring-messaging:processTestFixturesResources",
            "outcome": "NO_SOURCE"
          },
          {
            "path": ":spring-messaging:processTestResources",
            "outcome": "EXECUTED"
          },
          {
            "path": ":spring-messaging:testClasses",
            "outcome": "EXECUTED"
          },
          {
            "path": ":spring-messaging:testFixturesClasses",
            "outcome": "UP_TO_DATE"
          },
          {
            "path": ":spring-messaging:testFixturesJar",
            "outcome": "EXECUTED"
          },
          {
            "path": ":spring-orm:compileJava",
            "outcome": "FROM_CACHE"
          },
          {
            "path": ":spring-orm:compileTestFixturesJava",
            "outcome": "NO_SOURCE"
          },
          {
            "path": ":spring-orm:compileTestJava",
            "outcome": "FROM_CACHE"
          },
          {
            "path": ":spring-orm:processTestResources",
            "outcome": "EXECUTED"
          },
          {
            "path": ":spring-orm:testClasses",
            "outcome": "EXECUTED"
          },
          {
            "path": ":spring-oxm:compileJava",
            "outcome": "FROM_CACHE"
          },
          {
            "path": ":spring-oxm:compileTestFixturesJava",
            "outcome": "NO_SOURCE"
          },
          {
            "path": ":spring-oxm:compileTestJava",
            "outcome": "FROM_CACHE"
          },
          {
            "path": ":spring-oxm:processTestResources",
            "outcome": "EXECUTED"
          },
          {
            "path": ":spring-oxm:testClasses",
            "outcome": "EXECUTED"
          },
          {
            "path": ":spring-oxm:xjc",
            "outcome": "FROM_CACHE"
          },
          {
            "path": ":spring-r2dbc:checkKotlinGradlePluginConfigurationErrors",
            "outcome": "SKIPPED"
          },
          {
            "path": ":spring-r2dbc:classes",
            "outcome": "EXECUTED"
          },
          {
            "path": ":spring-r2dbc:compileJava",
            "outcome": "FROM_CACHE"
          },
          {
            "path": ":spring-r2dbc:compileKotlin",
            "outcome": "FROM_CACHE"
          },
          {
            "path": ":spring-r2dbc:compileTestFixturesJava",
            "outcome": "NO_SOURCE"
          },
          {
            "path": ":spring-r2dbc:compileTestFixturesKotlin",
            "outcome": "NO_SOURCE"
          },
          {
            "path": ":spring-r2dbc:compileTestJava",
            "outcome": "FROM_CACHE"
          },
          {
            "path": ":spring-r2dbc:compileTestKotlin",
            "outcome": "FROM_CACHE"
          },
          {
            "path": ":spring-r2dbc:jar",
            "outcome": "EXECUTED"
          },
          {
            "path": ":spring-r2dbc:processResources",
            "outcome": "EXECUTED"
          },
          {
            "path": ":spring-r2dbc:processTestFixturesResources",
            "outcome": "NO_SOURCE"
          },
          {
            "path": ":spring-r2dbc:processTestResources",
            "outcome": "EXECUTED"
          },
          {
            "path": ":spring-r2dbc:testClasses",
            "outcome": "EXECUTED"
          },
          {
            "path": ":spring-r2dbc:testFixturesClasses",
            "outcome": "UP_TO_DATE"
          },
          {
            "path": ":spring-r2dbc:testFixturesJar",
            "outcome": "EXECUTED"
          },
          {
            "path": ":spring-test:checkKotlinGradlePluginConfigurationErrors",
            "outcome": "SKIPPED"
          },
          {
            "path": ":spring-test:classes",
            "outcome": "EXECUTED"
          },
          {
            "path": ":spring-test:compileJava",
            "outcome": "FROM_CACHE"
          },
          {
            "path": ":spring-test:compileKotlin",
            "outcome": "FROM_CACHE"
          },
          {
            "path": ":spring-test:compileTestFixturesJava",
            "outcome": "NO_SOURCE"
          },
          {
            "path": ":spring-test:compileTestFixturesKotlin",
            "outcome": "NO_SOURCE"
          },
          {
            "path": ":spring-test:compileTestJava",
            "outcome": "FROM_CACHE"
          },
          {
            "path": ":spring-test:compileTestKotlin",
            "outcome": "FROM_CACHE"
          },
          {
            "path": ":spring-test:jar",
            "outcome": "EXECUTED"
          },
          {
            "path": ":spring-test:processResources",
            "outcome": "EXECUTED"
          },
          {
            "path": ":spring-test:processTestFixturesResources",
            "outcome": "NO_SOURCE"
          },
          {
            "path": ":spring-test:processTestResources",
            "outcome": "EXECUTED"
          },
          {
            "path": ":spring-test:testClasses",
            "outcome": "EXECUTED"
          },
          {
            "path": ":spring-test:testFixturesClasses",
            "outcome": "UP_TO_DATE"
          },
          {
            "path": ":spring-test:testFixturesJar",
            "outcome": "EXECUTED"
          },
          {
            "path": ":spring-tx:checkKotlinGradlePluginConfigurationErrors",
            "outcome": "SKIPPED"
          },
          {
            "path": ":spring-tx:classes",
            "outcome": "EXECUTED"
          },
          {
            "path": ":spring-tx:compileJava",
            "outcome": "FROM_CACHE"
          },
          {
            "path": ":spring-tx:compileKotlin",
            "outcome": "FROM_CACHE"
          },
          {
            "path": ":spring-tx:compileTestFixturesJava",
            "outcome": "FROM_CACHE"
          },
          {
            "path": ":spring-tx:compileTestFixturesKotlin",
            "outcome": "NO_SOURCE"
          },
          {
            "path": ":spring-tx:compileTestJava",
            "outcome": "FROM_CACHE"
          },
          {
            "path": ":spring-tx:compileTestKotlin",
            "outcome": "FROM_CACHE"
          },
          {
            "path": ":spring-tx:jar",
            "outcome": "EXECUTED"
          },
          {
            "path": ":spring-tx:processResources",
            "outcome": "EXECUTED"
          },
          {
            "path": ":spring-tx:processTestFixturesResources",
            "outcome": "NO_SOURCE"
          },
          {
            "path": ":spring-tx:processTestResources",
            "outcome": "EXECUTED"
          },
          {
            "path": ":spring-tx:testClasses",
            "outcome": "EXECUTED"
          },
          {
            "path": ":spring-tx:testFixturesClasses",
            "outcome": "UP_TO_DATE"
          },
          {
            "path": ":spring-tx:testFixturesJar",
            "outcome": "EXECUTED"
          },
          {
            "path": ":spring-web:checkKotlinGradlePluginConfigurationErrors",
            "outcome": "SKIPPED"
          },
          {
            "path": ":spring-web:classes",
            "outcome": "EXECUTED"
          },
          {
            "path": ":spring-web:compileJava",
            "outcome": "FROM_CACHE"
          },
          {
            "path": ":spring-web:compileKotlin",
            "outcome": "FROM_CACHE"
          },
          {
            "path": ":spring-web:compileTestFixturesJava",
            "outcome": "FROM_CACHE"
          },
          {
            "path": ":spring-web:compileTestFixturesKotlin",
            "outcome": "NO_SOURCE"
          },
          {
            "path": ":spring-web:compileTestJava",
            "outcome": "FROM_CACHE"
          },
          {
            "path": ":spring-web:compileTestKotlin",
            "outcome": "FROM_CACHE"
          },
          {
            "path": ":spring-web:jar",
            "outcome": "EXECUTED"
          },
          {
            "path": ":spring-web:processResources",
            "outcome": "EXECUTED"
          },
          {
            "path": ":spring-web:processTestFixturesResources",
            "outcome": "EXECUTED"
          },
          {
            "path": ":spring-web:processTestResources",
            "outcome": "EXECUTED"
          },
          {
            "path": ":spring-web:testClasses",
            "outcome": "EXECUTED"
          },
          {
            "path": ":spring-web:testFixturesClasses",
            "outcome": "EXECUTED"
          },
          {
            "path": ":spring-web:testFixturesJar",
            "outcome": "EXECUTED"
          },
          {
            "path": ":spring-webflux:checkKotlinGradlePluginConfigurationErrors",
            "outcome": "SKIPPED"
          },
          {
            "path": ":spring-webflux:classes",
            "outcome": "EXECUTED"
          },
          {
            "path": ":spring-webflux:compileJava",
            "outcome": "FROM_CACHE"
          },
          {
            "path": ":spring-webflux:compileKotlin",
            "outcome": "FROM_CACHE"
          },
          {
            "path": ":spring-webflux:compileTestFixturesJava",
            "outcome": "NO_SOURCE"
          },
          {
            "path": ":spring-webflux:compileTestFixturesKotlin",
            "outcome": "NO_SOURCE"
          },
          {
            "path": ":spring-webflux:compileTestJava",
            "outcome": "FROM_CACHE"
          },
          {
            "path": ":spring-webflux:compileTestKotlin",
            "outcome": "FROM_CACHE"
          },
          {
            "path": ":spring-webflux:jar",
            "outcome": "EXECUTED"
          },
          {
            "path": ":spring-webflux:processResources",
            "outcome": "EXECUTED"
          },
          {
            "path": ":spring-webflux:processTestFixturesResources",
            "outcome": "NO_SOURCE"
          },
          {
            "path": ":spring-webflux:processTestResources",
            "outcome": "EXECUTED"
          },
          {
            "path": ":spring-webflux:testClasses",
            "outcome": "EXECUTED"
          },
          {
            "path": ":spring-webflux:testFixturesClasses",
            "outcome": "UP_TO_DATE"
          },
          {
            "path": ":spring-webflux:testFixturesJar",
            "outcome": "EXECUTED"
          },
          {
            "path": ":spring-webmvc:checkKotlinGradlePluginConfigurationErrors",
            "outcome": "SKIPPED"
          },
          {
            "path": ":spring-webmvc:classes",
            "outcome": "EXECUTED"
          },
          {
            "path": ":spring-webmvc:compileJava",
            "outcome": "FROM_CACHE"
          },
          {
            "path": ":spring-webmvc:compileKotlin",
            "outcome": "FROM_CACHE"
          },
          {
            "path": ":spring-webmvc:compileTestFixturesJava",
            "outcome": "NO_SOURCE"
          },
          {
            "path": ":spring-webmvc:compileTestFixturesKotlin",
            "outcome": "NO_SOURCE"
          },
          {
            "path": ":spring-webmvc:compileTestJava",
            "outcome": "FROM_CACHE"
          },
          {
            "path": ":spring-webmvc:compileTestKotlin",
            "outcome": "FROM_CACHE"
          },
          {
            "path": ":spring-webmvc:jar",
            "outcome": "EXECUTED"
          },
          {
            "path": ":spring-webmvc:processResources",
            "outcome": "EXECUTED"
          },
          {
            "path": ":spring-webmvc:processTestFixturesResources",
            "outcome": "NO_SOURCE"
          },
          {
            "path": ":spring-webmvc:processTestResources",
            "outcome": "EXECUTED"
          },
          {
            "path": ":spring-webmvc:testClasses",
            "outcome": "EXECUTED"
          },
          {
            "path": ":spring-webmvc:testFixturesClasses",
            "outcome": "UP_TO_DATE"
          },
          {
            "path": ":spring-webmvc:testFixturesJar",
            "outcome": "EXECUTED"
          },
          {
            "path": ":spring-websocket:compileJava",
            "outcome": "FROM_CACHE"
          },
          {
            "path": ":spring-websocket:compileTestFixturesJava",
            "outcome": "NO_SOURCE"
          },
          {
            "path": ":spring-websocket:compileTestJava",
            "outcome": "FROM_CACHE"
          },
          {
            "path": ":spring-websocket:processTestResources",
            "outcome": "EXECUTED"
          },
          {
            "path": ":spring-websocket:testClasses",
            "outcome": "EXECUTED"
          },
          {
            "path": ":testClasses",
            "outcome": "UP_TO_DATE"
          }
        ]
      },
      "candidateTaskOutcomes": {
        "total": 56,
        "executed": 14,
        "fromCache": 26,
        "upToDate": 2,
        "noSource": 7,
        "skipped": 7,
        "fingerprintSha256": "af08640256e4ce968a02546a34fd5e7b170359e73fd1255332a0b813d6a2b3f6",
        "tasks": [
          {
            "path": ":buildSrc:check",
            "outcome": "UP_TO_DATE"
          },
          {
            "path": ":buildSrc:checkstyleMain",
            "outcome": "FROM_CACHE"
          },
          {
            "path": ":buildSrc:checkstyleTest",
            "outcome": "FROM_CACHE"
          },
          {
            "path": ":buildSrc:classes",
            "outcome": "EXECUTED"
          },
          {
            "path": ":buildSrc:compileGroovy",
            "outcome": "NO_SOURCE"
          },
          {
            "path": ":buildSrc:compileJava",
            "outcome": "FROM_CACHE"
          },
          {
            "path": ":buildSrc:compileTestGroovy",
            "outcome": "NO_SOURCE"
          },
          {
            "path": ":buildSrc:compileTestJava",
            "outcome": "FROM_CACHE"
          },
          {
            "path": ":buildSrc:jar",
            "outcome": "EXECUTED"
          },
          {
            "path": ":buildSrc:pluginDescriptors",
            "outcome": "EXECUTED"
          },
          {
            "path": ":buildSrc:pluginUnderTestMetadata",
            "outcome": "EXECUTED"
          },
          {
            "path": ":buildSrc:processResources",
            "outcome": "EXECUTED"
          },
          {
            "path": ":buildSrc:processTestResources",
            "outcome": "NO_SOURCE"
          },
          {
            "path": ":buildSrc:test",
            "outcome": "FROM_CACHE"
          },
          {
            "path": ":buildSrc:testClasses",
            "outcome": "UP_TO_DATE"
          },
          {
            "path": ":buildSrc:validatePlugins",
            "outcome": "FROM_CACHE"
          },
          {
            "path": ":spring-aop:checkKotlinGradlePluginConfigurationErrors",
            "outcome": "SKIPPED"
          },
          {
            "path": ":spring-aop:compileJava",
            "outcome": "FROM_CACHE"
          },
          {
            "path": ":spring-aop:compileKotlin",
            "outcome": "NO_SOURCE"
          },
          {
            "path": ":spring-beans:checkKotlinGradlePluginConfigurationErrors",
            "outcome": "SKIPPED"
          },
          {
            "path": ":spring-beans:classes",
            "outcome": "EXECUTED"
          },
          {
            "path": ":spring-beans:compileJava",
            "outcome": "FROM_CACHE"
          },
          {
            "path": ":spring-beans:compileKotlin",
            "outcome": "FROM_CACHE"
          },
          {
            "path": ":spring-beans:compileTestFixturesJava",
            "outcome": "FROM_CACHE"
          },
          {
            "path": ":spring-beans:compileTestFixturesKotlin",
            "outcome": "FROM_CACHE"
          },
          {
            "path": ":spring-beans:jar",
            "outcome": "EXECUTED"
          },
          {
            "path": ":spring-beans:processResources",
            "outcome": "EXECUTED"
          },
          {
            "path": ":spring-context:checkKotlinGradlePluginConfigurationErrors",
            "outcome": "SKIPPED"
          },
          {
            "path": ":spring-context:compileJava",
            "outcome": "FROM_CACHE"
          },
          {
            "path": ":spring-context:compileKotlin",
            "outcome": "FROM_CACHE"
          },
          {
            "path": ":spring-core:checkKotlinGradlePluginConfigurationErrors",
            "outcome": "SKIPPED"
          },
          {
            "path": ":spring-core:compileJava",
            "outcome": "FROM_CACHE"
          },
          {
            "path": ":spring-core:compileKotlin",
            "outcome": "FROM_CACHE"
          },
          {
            "path": ":spring-core:javapoetRepackJar",
            "outcome": "FROM_CACHE"
          },
          {
            "path": ":spring-core:objenesisRepackJar",
            "outcome": "FROM_CACHE"
          },
          {
            "path": ":spring-expression:checkKotlinGradlePluginConfigurationErrors",
            "outcome": "SKIPPED"
          },
          {
            "path": ":spring-expression:compileJava",
            "outcome": "FROM_CACHE"
          },
          {
            "path": ":spring-expression:compileKotlin",
            "outcome": "NO_SOURCE"
          },
          {
            "path": ":spring-instrument:compileJava",
            "outcome": "FROM_CACHE"
          },
          {
            "path": ":spring-jms:compileJava",
            "outcome": "EXECUTED"
          },
          {
            "path": ":spring-jms:compileTestFixturesJava",
            "outcome": "NO_SOURCE"
          },
          {
            "path": ":spring-jms:compileTestJava",
            "outcome": "FROM_CACHE"
          },
          {
            "path": ":spring-jms:processTestResources",
            "outcome": "EXECUTED"
          },
          {
            "path": ":spring-jms:testClasses",
            "outcome": "EXECUTED"
          },
          {
            "path": ":spring-messaging:checkKotlinGradlePluginConfigurationErrors",
            "outcome": "SKIPPED"
          },
          {
            "path": ":spring-messaging:compileJava",
            "outcome": "FROM_CACHE"
          },
          {
            "path": ":spring-messaging:compileKotlin",
            "outcome": "FROM_CACHE"
          },
          {
            "path": ":spring-oxm:compileJava",
            "outcome": "FROM_CACHE"
          },
          {
            "path": ":spring-tx:checkKotlinGradlePluginConfigurationErrors",
            "outcome": "SKIPPED"
          },
          {
            "path": ":spring-tx:classes",
            "outcome": "EXECUTED"
          },
          {
            "path": ":spring-tx:compileJava",
            "outcome": "FROM_CACHE"
          },
          {
            "path": ":spring-tx:compileKotlin",
            "outcome": "FROM_CACHE"
          },
          {
            "path": ":spring-tx:compileTestFixturesJava",
            "outcome": "FROM_CACHE"
          },
          {
            "path": ":spring-tx:compileTestFixturesKotlin",
            "outcome": "NO_SOURCE"
          },
          {
            "path": ":spring-tx:jar",
            "outcome": "EXECUTED"
          },
          {
            "path": ":spring-tx:processResources",
            "outcome": "EXECUTED"
          }
        ]
      },
      "controlHostPressure": {
        "available": true,
        "cpuSomeTotalUs": 53492,
        "memorySomeTotalUs": 0,
        "memoryFullTotalUs": 0,
        "ioSomeTotalUs": 8137295,
        "ioFullTotalUs": 6030618
      },
      "candidateHostPressure": {
        "available": true,
        "cpuSomeTotalUs": 24911,
        "memorySomeTotalUs": 33,
        "memoryFullTotalUs": 32,
        "ioSomeTotalUs": 8515408,
        "ioFullTotalUs": 7236997
      }
    }
  ],
  "fallback": {
    "mode": "FULL_GRAPH",
    "reason": "IMPACT_GLOBAL_CHANGE",
    "buildSuccessful": true
  },
  "result": {
    "pairs": 8,
    "controlMeanMs": 13446,
    "candidateMeanMs": 11433.5,
    "meanSavedMs": 2012.5,
    "reductionRatio": 0.14967276513461253,
    "interval95SavedMs": [
      1548.5,
      2459.5
    ],
    "positivePairs": 8,
    "executionShapeObserved": true,
    "executionShapeStable": true,
    "targetWarmupShapeObserved": true,
    "targetWarmupShapeStable": true,
    "qualified": true,
    "decision": "QUALIFY_STRUCTURAL_PROFILE"
  },
  "boundaries": {
    "proofOfConcept": true,
    "productionAuthorized": false,
    "repositorySpecificRuleAdded": false,
    "testOptimizationModified": false
  }
}
