buildopt: warming isolated control arm at 26b251a451ce941d3d7a55e6487bcb7f16b5ad48 (cache seed 1/5)
buildopt: warmed isolated control arm cache seed in 295186ms with total:286/executed:152/from-cache:0/up-to-date:28/no-source:106/skipped:0/fingerprint:ad6faccc96b6a5bed7d9af55771d0dbd84a5201286988aea84cf42bc30fca52c
buildopt: warming isolated control arm at 26b251a451ce941d3d7a55e6487bcb7f16b5ad48 (base daemon stabilization 2/5)
buildopt: warmed isolated control arm daemon stabilization in 13664ms with total:286/executed:47/from-cache:87/up-to-date:46/no-source:106/skipped:0/fingerprint:80ffe51aef1fc33a32f8c2842cf16cb5dcd02bc15b5e5e543173d117392868ed
buildopt: warming isolated control arm at 4db12142986acc0fbc82da355ee068d7581f0c99 (target-workload stabilization 3/5)
buildopt: warmed isolated control arm target workload in 88053ms with total:286/executed:57/from-cache:78/up-to-date:45/no-source:106/skipped:0/fingerprint:a8872da5863b9a918a72717a4223a0b927bb8f76689b3bc8e50d1b597d59f87a
buildopt: confirming isolated control target-workload shape at 4db12142986acc0fbc82da355ee068d7581f0c99 (4/5)
buildopt: confirmed isolated control target workload in 82847ms with total:286/executed:57/from-cache:78/up-to-date:45/no-source:106/skipped:0/fingerprint:a8872da5863b9a918a72717a4223a0b927bb8f76689b3bc8e50d1b597d59f87a
buildopt: confirming isolated control target-workload shape at 4db12142986acc0fbc82da355ee068d7581f0c99 (5/5)
buildopt: confirmed isolated control target workload in 83358ms with total:286/executed:57/from-cache:78/up-to-date:45/no-source:106/skipped:0/fingerprint:a8872da5863b9a918a72717a4223a0b927bb8f76689b3bc8e50d1b597d59f87a
buildopt: warming isolated candidate arm at 26b251a451ce941d3d7a55e6487bcb7f16b5ad48 (cache seed 1/5)
buildopt: warmed isolated candidate arm cache seed in 140124ms with total:9/executed:8/from-cache:0/up-to-date:0/no-source:1/skipped:0/fingerprint:270ea7c171ee023ebdb4803d0506c30b123a2a8bf4eac03be73bc8993f625392
buildopt: warming isolated candidate arm at 26b251a451ce941d3d7a55e6487bcb7f16b5ad48 (base daemon stabilization 2/5)
buildopt: warmed isolated candidate arm daemon stabilization in 7903ms with total:9/executed:3/from-cache:4/up-to-date:1/no-source:1/skipped:0/fingerprint:5fc6757ab5783b9e827a74853a8d1beab8e6623ce1ef1e6b1099a1ca8f58d12a
buildopt: warming isolated candidate arm at 4db12142986acc0fbc82da355ee068d7581f0c99 (target-workload stabilization 3/5)
buildopt: warmed isolated candidate arm target workload in 59094ms with total:9/executed:5/from-cache:2/up-to-date:1/no-source:1/skipped:0/fingerprint:3b4f5ae086fdb19ab5346d7a725cd9c1bf2e4738837383d0f48304413cbe0aa2
buildopt: confirming isolated candidate target-workload shape at 4db12142986acc0fbc82da355ee068d7581f0c99 (4/5)
buildopt: confirmed isolated candidate target workload in 61738ms with total:9/executed:5/from-cache:2/up-to-date:1/no-source:1/skipped:0/fingerprint:3b4f5ae086fdb19ab5346d7a725cd9c1bf2e4738837383d0f48304413cbe0aa2
buildopt: confirming isolated candidate target-workload shape at 4db12142986acc0fbc82da355ee068d7581f0c99 (5/5)
buildopt: confirmed isolated candidate target workload in 59245ms with total:9/executed:5/from-cache:2/up-to-date:1/no-source:1/skipped:0/fingerprint:3b4f5ae086fdb19ab5346d7a725cd9c1bf2e4738837383d0f48304413cbe0aa2
buildopt: structural pair 1/8 control=75861ms candidate=59048ms saved=16813ms gap=0ms order=CONTROL_FIRST
buildopt: structural pair 1 task outcomes control=total:286/executed:57/from-cache:78/up-to-date:45/no-source:106/skipped:0/fingerprint:a8872da5863b9a918a72717a4223a0b927bb8f76689b3bc8e50d1b597d59f87a candidate=total:9/executed:5/from-cache:2/up-to-date:1/no-source:1/skipped:0/fingerprint:3b4f5ae086fdb19ab5346d7a725cd9c1bf2e4738837383d0f48304413cbe0aa2
buildopt: structural pair 2/8 control=79825ms candidate=61402ms saved=18423ms gap=0ms order=CANDIDATE_FIRST
buildopt: structural pair 2 task outcomes control=total:286/executed:57/from-cache:78/up-to-date:45/no-source:106/skipped:0/fingerprint:a8872da5863b9a918a72717a4223a0b927bb8f76689b3bc8e50d1b597d59f87a candidate=total:9/executed:5/from-cache:2/up-to-date:1/no-source:1/skipped:0/fingerprint:3b4f5ae086fdb19ab5346d7a725cd9c1bf2e4738837383d0f48304413cbe0aa2
buildopt: structural pair 3/8 control=86675ms candidate=60758ms saved=25917ms gap=0ms order=CONTROL_FIRST
buildopt: structural pair 3 task outcomes control=total:286/executed:57/from-cache:78/up-to-date:45/no-source:106/skipped:0/fingerprint:a8872da5863b9a918a72717a4223a0b927bb8f76689b3bc8e50d1b597d59f87a candidate=total:9/executed:5/from-cache:2/up-to-date:1/no-source:1/skipped:0/fingerprint:3b4f5ae086fdb19ab5346d7a725cd9c1bf2e4738837383d0f48304413cbe0aa2
buildopt: structural pair 4/8 control=78911ms candidate=56919ms saved=21992ms gap=0ms order=CANDIDATE_FIRST
buildopt: structural pair 4 task outcomes control=total:286/executed:57/from-cache:78/up-to-date:45/no-source:106/skipped:0/fingerprint:a8872da5863b9a918a72717a4223a0b927bb8f76689b3bc8e50d1b597d59f87a candidate=total:9/executed:5/from-cache:2/up-to-date:1/no-source:1/skipped:0/fingerprint:3b4f5ae086fdb19ab5346d7a725cd9c1bf2e4738837383d0f48304413cbe0aa2
buildopt: structural pair 5/8 control=88298ms candidate=59520ms saved=28778ms gap=2ms order=CONTROL_FIRST
buildopt: structural pair 5 task outcomes control=total:286/executed:57/from-cache:78/up-to-date:45/no-source:106/skipped:0/fingerprint:a8872da5863b9a918a72717a4223a0b927bb8f76689b3bc8e50d1b597d59f87a candidate=total:9/executed:5/from-cache:2/up-to-date:1/no-source:1/skipped:0/fingerprint:3b4f5ae086fdb19ab5346d7a725cd9c1bf2e4738837383d0f48304413cbe0aa2
buildopt: structural pair 6/8 control=83533ms candidate=58002ms saved=25531ms gap=0ms order=CANDIDATE_FIRST
buildopt: structural pair 6 task outcomes control=total:286/executed:57/from-cache:78/up-to-date:45/no-source:106/skipped:0/fingerprint:a8872da5863b9a918a72717a4223a0b927bb8f76689b3bc8e50d1b597d59f87a candidate=total:9/executed:5/from-cache:2/up-to-date:1/no-source:1/skipped:0/fingerprint:3b4f5ae086fdb19ab5346d7a725cd9c1bf2e4738837383d0f48304413cbe0aa2
buildopt: structural pair 7/8 control=88980ms candidate=57026ms saved=31954ms gap=0ms order=CONTROL_FIRST
buildopt: structural pair 7 task outcomes control=total:286/executed:57/from-cache:78/up-to-date:45/no-source:106/skipped:0/fingerprint:a8872da5863b9a918a72717a4223a0b927bb8f76689b3bc8e50d1b597d59f87a candidate=total:9/executed:5/from-cache:2/up-to-date:1/no-source:1/skipped:0/fingerprint:3b4f5ae086fdb19ab5346d7a725cd9c1bf2e4738837383d0f48304413cbe0aa2
buildopt: structural pair 8/8 control=77715ms candidate=57745ms saved=19970ms gap=0ms order=CANDIDATE_FIRST
buildopt: structural pair 8 task outcomes control=total:286/executed:57/from-cache:78/up-to-date:45/no-source:106/skipped:0/fingerprint:a8872da5863b9a918a72717a4223a0b927bb8f76689b3bc8e50d1b597d59f87a candidate=total:9/executed:5/from-cache:2/up-to-date:1/no-source:1/skipped:0/fingerprint:3b4f5ae086fdb19ab5346d7a725cd9c1bf2e4738837383d0f48304413cbe0aa2
buildopt: validating full-graph fallback with --no-daemon and measured scheduling
buildopt: structural profile measurement decision QUALIFIED_EVIDENCE_WRITTEN; review buildopt-structural-evidence.json before evaluation
{
  "schemaVersion": "buildopt.evidence/structural-profile-qualification/v1",
  "evidenceState": "QUALIFIED",
  "capturedAt": "2026-08-14T05:17:37Z",
  "subject": {
    "repositoryId": "apache/kafka",
    "repositoryRevision": "4db12142986acc0fbc82da355ee068d7581f0c99",
    "pipelineClass": "checkstyle-main"
  },
  "sourceBindings": {
    "manifestSha256": "361d4628b30e4ed716447c89ac93653d4058cf1999dd6b69012d61ae145253fd",
    "graphSha256": "9772ae5d84a71b3174ee75d51df77f723e8160c55f89295d44e9ce489eb1f727",
    "generatedManifestSha256": "d1224ff2cb088d4450ab512db04c826b3e6ce04023272658cbc1d27ae718dc8a",
    "sourceEvidenceSha256": "d2a07796014a1b3b0b6666ac3ba54aba2993c93917adada7a7720a089e38788c",
    "outputEquivalenceSha256": "fef44cfc2b8c6b65077e257f5c7358286702e082903daff2d13391bdebc93586"
  },
  "plan": {
    "alternativeId": "changed-projects",
    "entrypoints": [
      ":clients:checkstyleMain"
    ],
    "fallbackEntrypoints": [
      "checkstyleMain"
    ],
    "requiredOutputs": [
      "clients/build/reports/checkstyle/main.html",
      "clients/build/reports/checkstyle/main.xml"
    ],
    "totalProjectCount": 64,
    "selectedProjectCount": 2,
    "omittedProjectCount": 62,
    "omittedProjectRatio": 0.96875
  },
  "execution": {
    "candidateSurface": "INSTALLED_BUILDOPT_STRUCTURAL_IMPACT_ONLY",
    "buildoptRevision": "55ad6bdd4dbd0320cac6102dd0b86be250d518f6",
    "executableSha256": "48705241bfd805c3f7f06273e2ca7ea0d67151366cf7ee2e1d9451ecd20ae069",
    "mechanisms": [
      "BUILD_IMPACT"
    ],
    "gradleOptions": [
      "--daemon",
      "--build-cache",
      "--parallel",
      "--no-configuration-cache",
      "--console=plain",
      "--no-scan",
      "--max-workers=12"
    ],
    "launcherOverheadIncluded": true,
    "outputEquivalenceMode": "OWNER_REVIEWED_SEMANTIC_V1",
    "warmupsPerArm": 5,
    "controlWarmups": [
      {
        "phase": "CACHE_SEED",
        "durationMs": 295186,
        "logSha256": "f8c46f289229d828651d0acaae7a92c7d3db10d3f780b46fff794419043f1f63",
        "taskOutcomes": {
          "total": 286,
          "executed": 152,
          "fromCache": 0,
          "upToDate": 28,
          "noSource": 106,
          "skipped": 0,
          "fingerprintSha256": "ad6faccc96b6a5bed7d9af55771d0dbd84a5201286988aea84cf42bc30fca52c",
          "tasks": [
            {
              "path": ":clients:checkstyleMain",
              "outcome": "EXECUTED"
            },
            {
              "path": ":clients:classes",
              "outcome": "EXECUTED"
            },
            {
              "path": ":clients:clients-integration-tests:checkstyleMain",
              "outcome": "NO_SOURCE"
            },
            {
              "path": ":clients:clients-integration-tests:classes",
              "outcome": "UP_TO_DATE"
            },
            {
              "path": ":clients:clients-integration-tests:compileJava",
              "outcome": "NO_SOURCE"
            },
            {
              "path": ":clients:clients-integration-tests:processResources",
              "outcome": "NO_SOURCE"
            },
            {
              "path": ":clients:compileJava",
              "outcome": "EXECUTED"
            },
            {
              "path": ":clients:compileTestJava",
              "outcome": "EXECUTED"
            },
            {
              "path": ":clients:createVersionFile",
              "outcome": "EXECUTED"
            },
            {
              "path": ":clients:processMessages",
              "outcome": "EXECUTED"
            },
            {
              "path": ":clients:processResources",
              "outcome": "EXECUTED"
            },
            {
              "path": ":clients:processTestMessages",
              "outcome": "EXECUTED"
            },
            {
              "path": ":clients:processTestResources",
              "outcome": "EXECUTED"
            },
            {
              "path": ":clients:shadowJar",
              "outcome": "EXECUTED"
            },
            {
              "path": ":clients:testClasses",
              "outcome": "EXECUTED"
            },
            {
              "path": ":connect:api:checkstyleMain",
              "outcome": "EXECUTED"
            },
            {
              "path": ":connect:api:classes",
              "outcome": "EXECUTED"
            },
            {
              "path": ":connect:api:compileJava",
              "outcome": "EXECUTED"
            },
            {
              "path": ":connect:api:processResources",
              "outcome": "EXECUTED"
            },
            {
              "path": ":connect:basic-auth-extension:checkstyleMain",
              "outcome": "EXECUTED"
            },
            {
              "path": ":connect:basic-auth-extension:classes",
              "outcome": "EXECUTED"
            },
            {
              "path": ":connect:basic-auth-extension:compileJava",
              "outcome": "EXECUTED"
            },
            {
              "path": ":connect:basic-auth-extension:processResources",
              "outcome": "EXECUTED"
            },
            {
              "path": ":connect:checkstyleMain",
              "outcome": "NO_SOURCE"
            },
            {
              "path": ":connect:classes",
              "outcome": "UP_TO_DATE"
            },
            {
              "path": ":connect:compileJava",
              "outcome": "NO_SOURCE"
            },
            {
              "path": ":connect:file:checkstyleMain",
              "outcome": "EXECUTED"
            },
            {
              "path": ":connect:file:classes",
              "outcome": "EXECUTED"
            },
            {
              "path": ":connect:file:compileJava",
              "outcome": "EXECUTED"
            },
            {
              "path": ":connect:file:processResources",
              "outcome": "EXECUTED"
            },
            {
              "path": ":connect:json:checkstyleMain",
              "outcome": "EXECUTED"
            },
            {
              "path": ":connect:json:classes",
              "outcome": "EXECUTED"
            },
            {
              "path": ":connect:json:compileJava",
              "outcome": "EXECUTED"
            },
            {
              "path": ":connect:json:processResources",
              "outcome": "EXECUTED"
            },
            {
              "path": ":connect:mirror-client:checkstyleMain",
              "outcome": "EXECUTED"
            },
            {
              "path": ":connect:mirror-client:classes",
              "outcome": "EXECUTED"
            },
            {
              "path": ":connect:mirror-client:compileJava",
              "outcome": "EXECUTED"
            },
            {
              "path": ":connect:mirror-client:processResources",
              "outcome": "NO_SOURCE"
            },
            {
              "path": ":connect:mirror:checkstyleMain",
              "outcome": "EXECUTED"
            },
            {
              "path": ":connect:mirror:classes",
              "outcome": "EXECUTED"
            },
            {
              "path": ":connect:mirror:compileJava",
              "outcome": "EXECUTED"
            },
            {
              "path": ":connect:mirror:processResources",
              "outcome": "EXECUTED"
            },
            {
              "path": ":connect:processResources",
              "outcome": "NO_SOURCE"
            },
            {
              "path": ":connect:runtime:checkstyleMain",
              "outcome": "EXECUTED"
            },
            {
              "path": ":connect:runtime:classes",
              "outcome": "EXECUTED"
            },
            {
              "path": ":connect:runtime:compileJava",
              "outcome": "EXECUTED"
            },
            {
              "path": ":connect:runtime:processResources",
              "outcome": "EXECUTED"
            },
            {
              "path": ":connect:test-plugins:checkstyleMain",
              "outcome": "EXECUTED"
            },
            {
              "path": ":connect:test-plugins:classes",
              "outcome": "EXECUTED"
            },
            {
              "path": ":connect:test-plugins:compileJava",
              "outcome": "EXECUTED"
            },
            {
              "path": ":connect:test-plugins:processResources",
              "outcome": "EXECUTED"
            },
            {
              "path": ":connect:transforms:checkstyleMain",
              "outcome": "EXECUTED"
            },
            {
              "path": ":connect:transforms:classes",
              "outcome": "EXECUTED"
            },
            {
              "path": ":connect:transforms:compileJava",
              "outcome": "EXECUTED"
            },
            {
              "path": ":connect:transforms:processResources",
              "outcome": "EXECUTED"
            },
            {
              "path": ":coordinator-common:checkstyleMain",
              "outcome": "EXECUTED"
            },
            {
              "path": ":coordinator-common:classes",
              "outcome": "EXECUTED"
            },
            {
              "path": ":coordinator-common:compileJava",
              "outcome": "EXECUTED"
            },
            {
              "path": ":coordinator-common:compileTestJava",
              "outcome": "EXECUTED"
            },
            {
              "path": ":coordinator-common:processResources",
              "outcome": "NO_SOURCE"
            },
            {
              "path": ":coordinator-common:processTestResources",
              "outcome": "EXECUTED"
            },
            {
              "path": ":coordinator-common:testClasses",
              "outcome": "EXECUTED"
            },
            {
              "path": ":core:checkstyleMain",
              "outcome": "EXECUTED"
            },
            {
              "path": ":core:classes",
              "outcome": "EXECUTED"
            },
            {
              "path": ":core:compileJava",
              "outcome": "NO_SOURCE"
            },
            {
              "path": ":core:compileScala",
              "outcome": "EXECUTED"
            },
            {
              "path": ":core:processResources",
              "outcome": "NO_SOURCE"
            },
            {
              "path": ":examples:checkstyleMain",
              "outcome": "EXECUTED"
            },
            {
              "path": ":examples:classes",
              "outcome": "EXECUTED"
            },
            {
              "path": ":examples:compileJava",
              "outcome": "EXECUTED"
            },
            {
              "path": ":examples:processResources",
              "outcome": "NO_SOURCE"
            },
            {
              "path": ":generator:checkstyleMain",
              "outcome": "EXECUTED"
            },
            {
              "path": ":generator:classes",
              "outcome": "EXECUTED"
            },
            {
              "path": ":generator:compileJava",
              "outcome": "EXECUTED"
            },
            {
              "path": ":generator:jar",
              "outcome": "EXECUTED"
            },
            {
              "path": ":generator:processResources",
              "outcome": "NO_SOURCE"
            },
            {
              "path": ":group-coordinator:checkstyleMain",
              "outcome": "EXECUTED"
            },
            {
              "path": ":group-coordinator:classes",
              "outcome": "EXECUTED"
            },
            {
              "path": ":group-coordinator:compileJava",
              "outcome": "EXECUTED"
            },
            {
              "path": ":group-coordinator:group-coordinator-api:checkstyleMain",
              "outcome": "EXECUTED"
            },
            {
              "path": ":group-coordinator:group-coordinator-api:classes",
              "outcome": "EXECUTED"
            },
            {
              "path": ":group-coordinator:group-coordinator-api:compileJava",
              "outcome": "EXECUTED"
            },
            {
              "path": ":group-coordinator:group-coordinator-api:processResources",
              "outcome": "NO_SOURCE"
            },
            {
              "path": ":group-coordinator:processMessages",
              "outcome": "EXECUTED"
            },
            {
              "path": ":group-coordinator:processResources",
              "outcome": "EXECUTED"
            },
            {
              "path": ":jmh-benchmarks:checkstyleMain",
              "outcome": "EXECUTED"
            },
            {
              "path": ":jmh-benchmarks:classes",
              "outcome": "EXECUTED"
            },
            {
              "path": ":jmh-benchmarks:compileJava",
              "outcome": "EXECUTED"
            },
            {
              "path": ":jmh-benchmarks:processResources",
              "outcome": "NO_SOURCE"
            },
            {
              "path": ":metadata:checkstyleMain",
              "outcome": "EXECUTED"
            },
            {
              "path": ":metadata:classes",
              "outcome": "EXECUTED"
            },
            {
              "path": ":metadata:compileJava",
              "outcome": "EXECUTED"
            },
            {
              "path": ":metadata:compileTestJava",
              "outcome": "EXECUTED"
            },
            {
              "path": ":metadata:processMessages",
              "outcome": "EXECUTED"
            },
            {
              "path": ":metadata:processResources",
              "outcome": "EXECUTED"
            },
            {
              "path": ":metadata:processTestResources",
              "outcome": "EXECUTED"
            },
            {
              "path": ":metadata:testClasses",
              "outcome": "EXECUTED"
            },
            {
              "path": ":raft:checkstyleMain",
              "outcome": "EXECUTED"
            },
            {
              "path": ":raft:classes",
              "outcome": "EXECUTED"
            },
            {
              "path": ":raft:compileJava",
              "outcome": "EXECUTED"
            },
            {
              "path": ":raft:compileTestJava",
              "outcome": "EXECUTED"
            },
            {
              "path": ":raft:processMessages",
              "outcome": "EXECUTED"
            },
            {
              "path": ":raft:processResources",
              "outcome": "EXECUTED"
            },
            {
              "path": ":raft:processTestResources",
              "outcome": "EXECUTED"
            },
            {
              "path": ":raft:testClasses",
              "outcome": "EXECUTED"
            },
            {
              "path": ":server-common:checkstyleMain",
              "outcome": "EXECUTED"
            },
            {
              "path": ":server-common:classes",
              "outcome": "EXECUTED"
            },
            {
              "path": ":server-common:compileJava",
              "outcome": "EXECUTED"
            },
            {
              "path": ":server-common:compileTestJava",
              "outcome": "EXECUTED"
            },
            {
              "path": ":server-common:processResources",
              "outcome": "NO_SOURCE"
            },
            {
              "path": ":server-common:processTestResources",
              "outcome": "EXECUTED"
            },
            {
              "path": ":server-common:testClasses",
              "outcome": "EXECUTED"
            },
            {
              "path": ":server:checkstyleMain",
              "outcome": "EXECUTED"
            },
            {
              "path": ":server:classes",
              "outcome": "EXECUTED"
            },
            {
              "path": ":server:compileJava",
              "outcome": "EXECUTED"
            },
            {
              "path": ":server:processResources",
              "outcome": "NO_SOURCE"
            },
            {
              "path": ":share-coordinator:checkstyleMain",
              "outcome": "EXECUTED"
            },
            {
              "path": ":share-coordinator:classes",
              "outcome": "EXECUTED"
            },
            {
              "path": ":share-coordinator:compileJava",
              "outcome": "EXECUTED"
            },
            {
              "path": ":share-coordinator:processMessages",
              "outcome": "EXECUTED"
            },
            {
              "path": ":share-coordinator:processResources",
              "outcome": "EXECUTED"
            },
            {
              "path": ":shell:checkstyleMain",
              "outcome": "EXECUTED"
            },
            {
              "path": ":shell:classes",
              "outcome": "EXECUTED"
            },
            {
              "path": ":shell:compileJava",
              "outcome": "EXECUTED"
            },
            {
              "path": ":shell:processResources",
              "outcome": "NO_SOURCE"
            },
            {
              "path": ":storage:checkstyleMain",
              "outcome": "EXECUTED"
            },
            {
              "path": ":storage:classes",
              "outcome": "EXECUTED"
            },
            {
              "path": ":storage:compileJava",
              "outcome": "EXECUTED"
            },
            {
              "path": ":storage:processMessages",
              "outcome": "EXECUTED"
            },
            {
              "path": ":storage:processResources",
              "outcome": "EXECUTED"
            },
            {
              "path": ":storage:storage-api:checkstyleMain",
              "outcome": "EXECUTED"
            },
            {
              "path": ":storage:storage-api:classes",
              "outcome": "EXECUTED"
            },
            {
              "path": ":storage:storage-api:compileJava",
              "outcome": "EXECUTED"
            },
            {
              "path": ":storage:storage-api:processResources",
              "outcome": "NO_SOURCE"
            },
            {
              "path": ":streams:checkstyleMain",
              "outcome": "EXECUTED"
            },
            {
              "path": ":streams:classes",
              "outcome": "EXECUTED"
            },
            {
              "path": ":streams:compileJava",
              "outcome": "EXECUTED"
            },
            {
              "path": ":streams:examples:checkstyleMain",
              "outcome": "EXECUTED"
            },
            {
              "path": ":streams:examples:classes",
              "outcome": "EXECUTED"
            },
            {
              "path": ":streams:examples:compileJava",
              "outcome": "EXECUTED"
            },
            {
              "path": ":streams:examples:processResources",
              "outcome": "NO_SOURCE"
            },
            {
              "path": ":streams:integration-tests:checkstyleMain",
              "outcome": "NO_SOURCE"
            },
            {
              "path": ":streams:integration-tests:classes",
              "outcome": "UP_TO_DATE"
            },
            {
              "path": ":streams:integration-tests:compileJava",
              "outcome": "NO_SOURCE"
            },
            {
              "path": ":streams:integration-tests:compileScala",
              "outcome": "NO_SOURCE"
            },
            {
              "path": ":streams:integration-tests:processResources",
              "outcome": "NO_SOURCE"
            },
            {
              "path": ":streams:processMessages",
              "outcome": "EXECUTED"
            },
            {
              "path": ":streams:processResources",
              "outcome": "EXECUTED"
            },
            {
              "path": ":streams:streams-scala:checkstyleMain",
              "outcome": "NO_SOURCE"
            },
            {
              "path": ":streams:streams-scala:classes",
              "outcome": "EXECUTED"
            },
            {
              "path": ":streams:streams-scala:compileJava",
              "outcome": "NO_SOURCE"
            },
            {
              "path": ":streams:streams-scala:compileScala",
              "outcome": "EXECUTED"
            },
            {
              "path": ":streams:streams-scala:processResources",
              "outcome": "NO_SOURCE"
            },
            {
              "path": ":streams:test-utils:checkstyleMain",
              "outcome": "EXECUTED"
            },
            {
              "path": ":streams:test-utils:classes",
              "outcome": "EXECUTED"
            },
            {
              "path": ":streams:test-utils:compileJava",
              "outcome": "EXECUTED"
            },
            {
              "path": ":streams:test-utils:processResources",
              "outcome": "NO_SOURCE"
            },
            {
              "path": ":streams:upgrade-system-tests-0110:checkstyleMain",
              "outcome": "NO_SOURCE"
            },
            {
              "path": ":streams:upgrade-system-tests-0110:classes",
              "outcome": "UP_TO_DATE"
            },
            {
              "path": ":streams:upgrade-system-tests-0110:compileJava",
              "outcome": "NO_SOURCE"
            },
            {
              "path": ":streams:upgrade-system-tests-0110:processResources",
              "outcome": "NO_SOURCE"
            },
            {
              "path": ":streams:upgrade-system-tests-10:checkstyleMain",
              "outcome": "NO_SOURCE"
            },
            {
              "path": ":streams:upgrade-system-tests-10:classes",
              "outcome": "UP_TO_DATE"
            },
            {
              "path": ":streams:upgrade-system-tests-10:compileJava",
              "outcome": "NO_SOURCE"
            },
            {
              "path": ":streams:upgrade-system-tests-10:processResources",
              "outcome": "NO_SOURCE"
            },
            {
              "path": ":streams:upgrade-system-tests-11:checkstyleMain",
              "outcome": "NO_SOURCE"
            },
            {
              "path": ":streams:upgrade-system-tests-11:classes",
              "outcome": "UP_TO_DATE"
            },
            {
              "path": ":streams:upgrade-system-tests-11:compileJava",
              "outcome": "NO_SOURCE"
            },
            {
              "path": ":streams:upgrade-system-tests-11:processResources",
              "outcome": "NO_SOURCE"
            },
            {
              "path": ":streams:upgrade-system-tests-20:checkstyleMain",
              "outcome": "NO_SOURCE"
            },
            {
              "path": ":streams:upgrade-system-tests-20:classes",
              "outcome": "UP_TO_DATE"
            },
            {
              "path": ":streams:upgrade-system-tests-20:compileJava",
              "outcome": "NO_SOURCE"
            },
            {
              "path": ":streams:upgrade-system-tests-20:processResources",
              "outcome": "NO_SOURCE"
            },
            {
              "path": ":streams:upgrade-system-tests-21:checkstyleMain",
              "outcome": "NO_SOURCE"
            },
            {
              "path": ":streams:upgrade-system-tests-21:classes",
              "outcome": "UP_TO_DATE"
            },
            {
              "path": ":streams:upgrade-system-tests-21:compileJava",
              "outcome": "NO_SOURCE"
            },
            {
              "path": ":streams:upgrade-system-tests-21:processResources",
              "outcome": "NO_SOURCE"
            },
            {
              "path": ":streams:upgrade-system-tests-22:checkstyleMain",
              "outcome": "NO_SOURCE"
            },
            {
              "path": ":streams:upgrade-system-tests-22:classes",
              "outcome": "UP_TO_DATE"
            },
            {
              "path": ":streams:upgrade-system-tests-22:compileJava",
              "outcome": "NO_SOURCE"
            },
            {
              "path": ":streams:upgrade-system-tests-22:processResources",
              "outcome": "NO_SOURCE"
            },
            {
              "path": ":streams:upgrade-system-tests-23:checkstyleMain",
              "outcome": "NO_SOURCE"
            },
            {
              "path": ":streams:upgrade-system-tests-23:classes",
              "outcome": "UP_TO_DATE"
            },
            {
              "path": ":streams:upgrade-system-tests-23:compileJava",
              "outcome": "NO_SOURCE"
            },
            {
              "path": ":streams:upgrade-system-tests-23:processResources",
              "outcome": "NO_SOURCE"
            },
            {
              "path": ":streams:upgrade-system-tests-24:checkstyleMain",
              "outcome": "NO_SOURCE"
            },
            {
              "path": ":streams:upgrade-system-tests-24:classes",
              "outcome": "UP_TO_DATE"
            },
            {
              "path": ":streams:upgrade-system-tests-24:compileJava",
              "outcome": "NO_SOURCE"
            },
            {
              "path": ":streams:upgrade-system-tests-24:processResources",
              "outcome": "NO_SOURCE"
            },
            {
              "path": ":streams:upgrade-system-tests-25:checkstyleMain",
              "outcome": "NO_SOURCE"
            },
            {
              "path": ":streams:upgrade-system-tests-25:classes",
              "outcome": "UP_TO_DATE"
            },
            {
              "path": ":streams:upgrade-system-tests-25:compileJava",
              "outcome": "NO_SOURCE"
            },
            {
              "path": ":streams:upgrade-system-tests-25:processResources",
              "outcome": "NO_SOURCE"
            },
            {
              "path": ":streams:upgrade-system-tests-26:checkstyleMain",
              "outcome": "NO_SOURCE"
            },
            {
              "path": ":streams:upgrade-system-tests-26:classes",
              "outcome": "UP_TO_DATE"
            },
            {
              "path": ":streams:upgrade-system-tests-26:compileJava",
              "outcome": "NO_SOURCE"
            },
            {
              "path": ":streams:upgrade-system-tests-26:processResources",
              "outcome": "NO_SOURCE"
            },
            {
              "path": ":streams:upgrade-system-tests-27:checkstyleMain",
              "outcome": "NO_SOURCE"
            },
            {
              "path": ":streams:upgrade-system-tests-27:classes",
              "outcome": "UP_TO_DATE"
            },
            {
              "path": ":streams:upgrade-system-tests-27:compileJava",
              "outcome": "NO_SOURCE"
            },
            {
              "path": ":streams:upgrade-system-tests-27:processResources",
              "outcome": "NO_SOURCE"
            },
            {
              "path": ":streams:upgrade-system-tests-28:checkstyleMain",
              "outcome": "NO_SOURCE"
            },
            {
              "path": ":streams:upgrade-system-tests-28:classes",
              "outcome": "UP_TO_DATE"
            },
            {
              "path": ":streams:upgrade-system-tests-28:compileJava",
              "outcome": "NO_SOURCE"
            },
            {
              "path": ":streams:upgrade-system-tests-28:processResources",
              "outcome": "NO_SOURCE"
            },
            {
              "path": ":streams:upgrade-system-tests-30:checkstyleMain",
              "outcome": "NO_SOURCE"
            },
            {
              "path": ":streams:upgrade-system-tests-30:classes",
              "outcome": "UP_TO_DATE"
            },
            {
              "path": ":streams:upgrade-system-tests-30:compileJava",
              "outcome": "NO_SOURCE"
            },
            {
              "path": ":streams:upgrade-system-tests-30:processResources",
              "outcome": "NO_SOURCE"
            },
            {
              "path": ":streams:upgrade-system-tests-31:checkstyleMain",
              "outcome": "NO_SOURCE"
            },
            {
              "path": ":streams:upgrade-system-tests-31:classes",
              "outcome": "UP_TO_DATE"
            },
            {
              "path": ":streams:upgrade-system-tests-31:compileJava",
              "outcome": "NO_SOURCE"
            },
            {
              "path": ":streams:upgrade-system-tests-31:processResources",
              "outcome": "NO_SOURCE"
            },
            {
              "path": ":streams:upgrade-system-tests-32:checkstyleMain",
              "outcome": "NO_SOURCE"
            },
            {
              "path": ":streams:upgrade-system-tests-32:classes",
              "outcome": "UP_TO_DATE"
            },
            {
              "path": ":streams:upgrade-system-tests-32:compileJava",
              "outcome": "NO_SOURCE"
            },
            {
              "path": ":streams:upgrade-system-tests-32:processResources",
              "outcome": "NO_SOURCE"
            },
            {
              "path": ":streams:upgrade-system-tests-33:checkstyleMain",
              "outcome": "NO_SOURCE"
            },
            {
              "path": ":streams:upgrade-system-tests-33:classes",
              "outcome": "UP_TO_DATE"
            },
            {
              "path": ":streams:upgrade-system-tests-33:compileJava",
              "outcome": "NO_SOURCE"
            },
            {
              "path": ":streams:upgrade-system-tests-33:processResources",
              "outcome": "NO_SOURCE"
            },
            {
              "path": ":streams:upgrade-system-tests-34:checkstyleMain",
              "outcome": "NO_SOURCE"
            },
            {
              "path": ":streams:upgrade-system-tests-34:classes",
              "outcome": "UP_TO_DATE"
            },
            {
              "path": ":streams:upgrade-system-tests-34:compileJava",
              "outcome": "NO_SOURCE"
            },
            {
              "path": ":streams:upgrade-system-tests-34:processResources",
              "outcome": "NO_SOURCE"
            },
            {
              "path": ":streams:upgrade-system-tests-35:checkstyleMain",
              "outcome": "NO_SOURCE"
            },
            {
              "path": ":streams:upgrade-system-tests-35:classes",
              "outcome": "UP_TO_DATE"
            },
            {
              "path": ":streams:upgrade-system-tests-35:compileJava",
              "outcome": "NO_SOURCE"
            },
            {
              "path": ":streams:upgrade-system-tests-35:processResources",
              "outcome": "NO_SOURCE"
            },
            {
              "path": ":streams:upgrade-system-tests-36:checkstyleMain",
              "outcome": "NO_SOURCE"
            },
            {
              "path": ":streams:upgrade-system-tests-36:classes",
              "outcome": "UP_TO_DATE"
            },
            {
              "path": ":streams:upgrade-system-tests-36:compileJava",
              "outcome": "NO_SOURCE"
            },
            {
              "path": ":streams:upgrade-system-tests-36:processResources",
              "outcome": "NO_SOURCE"
            },
            {
              "path": ":streams:upgrade-system-tests-37:checkstyleMain",
              "outcome": "NO_SOURCE"
            },
            {
              "path": ":streams:upgrade-system-tests-37:classes",
              "outcome": "UP_TO_DATE"
            },
            {
              "path": ":streams:upgrade-system-tests-37:compileJava",
              "outcome": "NO_SOURCE"
            },
            {
              "path": ":streams:upgrade-system-tests-37:processResources",
              "outcome": "NO_SOURCE"
            },
            {
              "path": ":streams:upgrade-system-tests-38:checkstyleMain",
              "outcome": "NO_SOURCE"
            },
            {
              "path": ":streams:upgrade-system-tests-38:classes",
              "outcome": "UP_TO_DATE"
            },
            {
              "path": ":streams:upgrade-system-tests-38:compileJava",
              "outcome": "NO_SOURCE"
            },
            {
              "path": ":streams:upgrade-system-tests-38:processResources",
              "outcome": "NO_SOURCE"
            },
            {
              "path": ":streams:upgrade-system-tests-39:checkstyleMain",
              "outcome": "NO_SOURCE"
            },
            {
              "path": ":streams:upgrade-system-tests-39:classes",
              "outcome": "UP_TO_DATE"
            },
            {
              "path": ":streams:upgrade-system-tests-39:compileJava",
              "outcome": "NO_SOURCE"
            },
            {
              "path": ":streams:upgrade-system-tests-39:processResources",
              "outcome": "NO_SOURCE"
            },
            {
              "path": ":streams:upgrade-system-tests-40:checkstyleMain",
              "outcome": "NO_SOURCE"
            },
            {
              "path": ":streams:upgrade-system-tests-40:classes",
              "outcome": "UP_TO_DATE"
            },
            {
              "path": ":streams:upgrade-system-tests-40:compileJava",
              "outcome": "NO_SOURCE"
            },
            {
              "path": ":streams:upgrade-system-tests-40:processResources",
              "outcome": "NO_SOURCE"
            },
            {
              "path": ":streams:upgrade-system-tests-41:checkstyleMain",
              "outcome": "NO_SOURCE"
            },
            {
              "path": ":streams:upgrade-system-tests-41:classes",
              "outcome": "UP_TO_DATE"
            },
            {
              "path": ":streams:upgrade-system-tests-41:compileJava",
              "outcome": "NO_SOURCE"
            },
            {
              "path": ":streams:upgrade-system-tests-41:processResources",
              "outcome": "NO_SOURCE"
            },
            {
              "path": ":test-common:checkstyleMain",
              "outcome": "NO_SOURCE"
            },
            {
              "path": ":test-common:classes",
              "outcome": "UP_TO_DATE"
            },
            {
              "path": ":test-common:compileJava",
              "outcome": "NO_SOURCE"
            },
            {
              "path": ":test-common:processResources",
              "outcome": "NO_SOURCE"
            },
            {
              "path": ":test-common:test-common-internal-api:checkstyleMain",
              "outcome": "EXECUTED"
            },
            {
              "path": ":test-common:test-common-internal-api:classes",
              "outcome": "EXECUTED"
            },
            {
              "path": ":test-common:test-common-internal-api:compileJava",
              "outcome": "EXECUTED"
            },
            {
              "path": ":test-common:test-common-internal-api:processResources",
              "outcome": "NO_SOURCE"
            },
            {
              "path": ":test-common:test-common-runtime:checkstyleMain",
              "outcome": "EXECUTED"
            },
            {
              "path": ":test-common:test-common-runtime:classes",
              "outcome": "EXECUTED"
            },
            {
              "path": ":test-common:test-common-runtime:compileJava",
              "outcome": "EXECUTED"
            },
            {
              "path": ":test-common:test-common-runtime:processResources",
              "outcome": "EXECUTED"
            },
            {
              "path": ":test-common:test-common-util:checkstyleMain",
              "outcome": "EXECUTED"
            },
            {
              "path": ":test-common:test-common-util:classes",
              "outcome": "EXECUTED"
            },
            {
              "path": ":test-common:test-common-util:compileJava",
              "outcome": "EXECUTED"
            },
            {
              "path": ":test-common:test-common-util:processResources",
              "outcome": "EXECUTED"
            },
            {
              "path": ":tools:checkstyleMain",
              "outcome": "EXECUTED"
            },
            {
              "path": ":tools:classes",
              "outcome": "EXECUTED"
            },
            {
              "path": ":tools:compileJava",
              "outcome": "EXECUTED"
            },
            {
              "path": ":tools:processResources",
              "outcome": "NO_SOURCE"
            },
            {
              "path": ":tools:tools-api:checkstyleMain",
              "outcome": "EXECUTED"
            },
            {
              "path": ":tools:tools-api:classes",
              "outcome": "EXECUTED"
            },
            {
              "path": ":tools:tools-api:compileJava",
              "outcome": "EXECUTED"
            },
            {
              "path": ":tools:tools-api:processResources",
              "outcome": "NO_SOURCE"
            },
            {
              "path": ":transaction-coordinator:checkstyleMain",
              "outcome": "EXECUTED"
            },
            {
              "path": ":transaction-coordinator:classes",
              "outcome": "EXECUTED"
            },
            {
              "path": ":transaction-coordinator:compileJava",
              "outcome": "EXECUTED"
            },
            {
              "path": ":transaction-coordinator:processMessages",
              "outcome": "EXECUTED"
            },
            {
              "path": ":transaction-coordinator:processResources",
              "outcome": "EXECUTED"
            },
            {
              "path": ":trogdor:checkstyleMain",
              "outcome": "EXECUTED"
            },
            {
              "path": ":trogdor:classes",
              "outcome": "EXECUTED"
            },
            {
              "path": ":trogdor:compileJava",
              "outcome": "EXECUTED"
            },
            {
              "path": ":trogdor:processResources",
              "outcome": "NO_SOURCE"
            }
          ]
        },
        "hostPressure": {
          "available": true,
          "cpuSomeTotalUs": 74348788,
          "memorySomeTotalUs": 44902,
          "memoryFullTotalUs": 39138,
          "ioSomeTotalUs": 146902866,
          "ioFullTotalUs": 54142909
        }
      },
      {
        "phase": "BASE_DAEMON_STABILIZATION",
        "durationMs": 13664,
        "logSha256": "a2989c5f521fcaf304552a4579e7643efea87054c08aa4a243a51287b60d9493",
        "taskOutcomes": {
          "total": 286,
          "executed": 47,
          "fromCache": 87,
          "upToDate": 46,
          "noSource": 106,
          "skipped": 0,
          "fingerprintSha256": "80ffe51aef1fc33a32f8c2842cf16cb5dcd02bc15b5e5e543173d117392868ed",
          "tasks": [
            {
              "path": ":clients:checkstyleMain",
              "outcome": "FROM_CACHE"
            },
            {
              "path": ":clients:classes",
              "outcome": "EXECUTED"
            },
            {
              "path": ":clients:clients-integration-tests:checkstyleMain",
              "outcome": "NO_SOURCE"
            },
            {
              "path": ":clients:clients-integration-tests:classes",
              "outcome": "UP_TO_DATE"
            },
            {
              "path": ":clients:clients-integration-tests:compileJava",
              "outcome": "NO_SOURCE"
            },
            {
              "path": ":clients:clients-integration-tests:processResources",
              "outcome": "NO_SOURCE"
            },
            {
              "path": ":clients:compileJava",
              "outcome": "FROM_CACHE"
            },
            {
              "path": ":clients:compileTestJava",
              "outcome": "FROM_CACHE"
            },
            {
              "path": ":clients:createVersionFile",
              "outcome": "FROM_CACHE"
            },
            {
              "path": ":clients:processMessages",
              "outcome": "FROM_CACHE"
            },
            {
              "path": ":clients:processResources",
              "outcome": "EXECUTED"
            },
            {
              "path": ":clients:processTestMessages",
              "outcome": "FROM_CACHE"
            },
            {
              "path": ":clients:processTestResources",
              "outcome": "EXECUTED"
            },
            {
              "path": ":clients:shadowJar",
              "outcome": "FROM_CACHE"
            },
            {
              "path": ":clients:testClasses",
              "outcome": "EXECUTED"
            },
            {
              "path": ":connect:api:checkstyleMain",
              "outcome": "FROM_CACHE"
            },
            {
              "path": ":connect:api:classes",
              "outcome": "EXECUTED"
            },
            {
              "path": ":connect:api:compileJava",
              "outcome": "FROM_CACHE"
            },
            {
              "path": ":connect:api:processResources",
              "outcome": "EXECUTED"
            },
            {
              "path": ":connect:basic-auth-extension:checkstyleMain",
              "outcome": "FROM_CACHE"
            },
            {
              "path": ":connect:basic-auth-extension:classes",
              "outcome": "EXECUTED"
            },
            {
              "path": ":connect:basic-auth-extension:compileJava",
              "outcome": "FROM_CACHE"
            },
            {
              "path": ":connect:basic-auth-extension:processResources",
              "outcome": "EXECUTED"
            },
            {
              "path": ":connect:checkstyleMain",
              "outcome": "NO_SOURCE"
            },
            {
              "path": ":connect:classes",
              "outcome": "UP_TO_DATE"
            },
            {
              "path": ":connect:compileJava",
              "outcome": "NO_SOURCE"
            },
            {
              "path": ":connect:file:checkstyleMain",
              "outcome": "FROM_CACHE"
            },
            {
              "path": ":connect:file:classes",
              "outcome": "EXECUTED"
            },
            {
              "path": ":connect:file:compileJava",
              "outcome": "FROM_CACHE"
            },
            {
              "path": ":connect:file:processResources",
              "outcome": "EXECUTED"
            },
            {
              "path": ":connect:json:checkstyleMain",
              "outcome": "FROM_CACHE"
            },
            {
              "path": ":connect:json:classes",
              "outcome": "EXECUTED"
            },
            {
              "path": ":connect:json:compileJava",
              "outcome": "FROM_CACHE"
            },
            {
              "path": ":connect:json:processResources",
              "outcome": "EXECUTED"
            },
            {
              "path": ":connect:mirror-client:checkstyleMain",
              "outcome": "FROM_CACHE"
            },
            {
              "path": ":connect:mirror-client:classes",
              "outcome": "UP_TO_DATE"
            },
            {
              "path": ":connect:mirror-client:compileJava",
              "outcome": "FROM_CACHE"
            },
            {
              "path": ":connect:mirror-client:processResources",
              "outcome": "NO_SOURCE"
            },
            {
              "path": ":connect:mirror:checkstyleMain",
              "outcome": "FROM_CACHE"
            },
            {
              "path": ":connect:mirror:classes",
              "outcome": "EXECUTED"
            },
            {
              "path": ":connect:mirror:compileJava",
              "outcome": "FROM_CACHE"
            },
            {
              "path": ":connect:mirror:processResources",
              "outcome": "EXECUTED"
            },
            {
              "path": ":connect:processResources",
              "outcome": "NO_SOURCE"
            },
            {
              "path": ":connect:runtime:checkstyleMain",
              "outcome": "FROM_CACHE"
            },
            {
              "path": ":connect:runtime:classes",
              "outcome": "EXECUTED"
            },
            {
              "path": ":connect:runtime:compileJava",
              "outcome": "FROM_CACHE"
            },
            {
              "path": ":connect:runtime:processResources",
              "outcome": "EXECUTED"
            },
            {
              "path": ":connect:test-plugins:checkstyleMain",
              "outcome": "FROM_CACHE"
            },
            {
              "path": ":connect:test-plugins:classes",
              "outcome": "EXECUTED"
            },
            {
              "path": ":connect:test-plugins:compileJava",
              "outcome": "FROM_CACHE"
            },
            {
              "path": ":connect:test-plugins:processResources",
              "outcome": "EXECUTED"
            },
            {
              "path": ":connect:transforms:checkstyleMain",
              "outcome": "FROM_CACHE"
            },
            {
              "path": ":connect:transforms:classes",
              "outcome": "EXECUTED"
            },
            {
              "path": ":connect:transforms:compileJava",
              "outcome": "FROM_CACHE"
            },
            {
              "path": ":connect:transforms:processResources",
              "outcome": "EXECUTED"
            },
            {
              "path": ":coordinator-common:checkstyleMain",
              "outcome": "FROM_CACHE"
            },
            {
              "path": ":coordinator-common:classes",
              "outcome": "UP_TO_DATE"
            },
            {
              "path": ":coordinator-common:compileJava",
              "outcome": "FROM_CACHE"
            },
            {
              "path": ":coordinator-common:compileTestJava",
              "outcome": "FROM_CACHE"
            },
            {
              "path": ":coordinator-common:processResources",
              "outcome": "NO_SOURCE"
            },
            {
              "path": ":coordinator-common:processTestResources",
              "outcome": "EXECUTED"
            },
            {
              "path": ":coordinator-common:testClasses",
              "outcome": "EXECUTED"
            },
            {
              "path": ":core:checkstyleMain",
              "outcome": "FROM_CACHE"
            },
            {
              "path": ":core:classes",
              "outcome": "UP_TO_DATE"
            },
            {
              "path": ":core:compileJava",
              "outcome": "NO_SOURCE"
            },
            {
              "path": ":core:compileScala",
              "outcome": "FROM_CACHE"
            },
            {
              "path": ":core:processResources",
              "outcome": "NO_SOURCE"
            },
            {
              "path": ":examples:checkstyleMain",
              "outcome": "FROM_CACHE"
            },
            {
              "path": ":examples:classes",
              "outcome": "UP_TO_DATE"
            },
            {
              "path": ":examples:compileJava",
              "outcome": "FROM_CACHE"
            },
            {
              "path": ":examples:processResources",
              "outcome": "NO_SOURCE"
            },
            {
              "path": ":generator:checkstyleMain",
              "outcome": "FROM_CACHE"
            },
            {
              "path": ":generator:classes",
              "outcome": "UP_TO_DATE"
            },
            {
              "path": ":generator:compileJava",
              "outcome": "FROM_CACHE"
            },
            {
              "path": ":generator:jar",
              "outcome": "EXECUTED"
            },
            {
              "path": ":generator:processResources",
              "outcome": "NO_SOURCE"
            },
            {
              "path": ":group-coordinator:checkstyleMain",
              "outcome": "FROM_CACHE"
            },
            {
              "path": ":group-coordinator:classes",
              "outcome": "EXECUTED"
            },
            {
              "path": ":group-coordinator:compileJava",
              "outcome": "FROM_CACHE"
            },
            {
              "path": ":group-coordinator:group-coordinator-api:checkstyleMain",
              "outcome": "FROM_CACHE"
            },
            {
              "path": ":group-coordinator:group-coordinator-api:classes",
              "outcome": "UP_TO_DATE"
            },
            {
              "path": ":group-coordinator:group-coordinator-api:compileJava",
              "outcome": "FROM_CACHE"
            },
            {
              "path": ":group-coordinator:group-coordinator-api:processResources",
              "outcome": "NO_SOURCE"
            },
            {
              "path": ":group-coordinator:processMessages",
              "outcome": "FROM_CACHE"
            },
            {
              "path": ":group-coordinator:processResources",
              "outcome": "EXECUTED"
            },
            {
              "path": ":jmh-benchmarks:checkstyleMain",
              "outcome": "FROM_CACHE"
            },
            {
              "path": ":jmh-benchmarks:classes",
              "outcome": "UP_TO_DATE"
            },
            {
              "path": ":jmh-benchmarks:compileJava",
              "outcome": "FROM_CACHE"
            },
            {
              "path": ":jmh-benchmarks:processResources",
              "outcome": "NO_SOURCE"
            },
            {
              "path": ":metadata:checkstyleMain",
              "outcome": "FROM_CACHE"
            },
            {
              "path": ":metadata:classes",
              "outcome": "EXECUTED"
            },
            {
              "path": ":metadata:compileJava",
              "outcome": "FROM_CACHE"
            },
            {
              "path": ":metadata:compileTestJava",
              "outcome": "FROM_CACHE"
            },
            {
              "path": ":metadata:processMessages",
              "outcome": "FROM_CACHE"
            },
            {
              "path": ":metadata:processResources",
              "outcome": "EXECUTED"
            },
            {
              "path": ":metadata:processTestResources",
              "outcome": "EXECUTED"
            },
            {
              "path": ":metadata:testClasses",
              "outcome": "EXECUTED"
            },
            {
              "path": ":raft:checkstyleMain",
              "outcome": "FROM_CACHE"
            },
            {
              "path": ":raft:classes",
              "outcome": "EXECUTED"
            },
            {
              "path": ":raft:compileJava",
              "outcome": "FROM_CACHE"
            },
            {
              "path": ":raft:compileTestJava",
              "outcome": "FROM_CACHE"
            },
            {
              "path": ":raft:processMessages",
              "outcome": "FROM_CACHE"
            },
            {
              "path": ":raft:processResources",
              "outcome": "EXECUTED"
            },
            {
              "path": ":raft:processTestResources",
              "outcome": "EXECUTED"
            },
            {
              "path": ":raft:testClasses",
              "outcome": "EXECUTED"
            },
            {
              "path": ":server-common:checkstyleMain",
              "outcome": "FROM_CACHE"
            },
            {
              "path": ":server-common:classes",
              "outcome": "UP_TO_DATE"
            },
            {
              "path": ":server-common:compileJava",
              "outcome": "FROM_CACHE"
            },
            {
              "path": ":server-common:compileTestJava",
              "outcome": "FROM_CACHE"
            },
            {
              "path": ":server-common:processResources",
              "outcome": "NO_SOURCE"
            },
            {
              "path": ":server-common:processTestResources",
              "outcome": "EXECUTED"
            },
            {
              "path": ":server-common:testClasses",
              "outcome": "EXECUTED"
            },
            {
              "path": ":server:checkstyleMain",
              "outcome": "FROM_CACHE"
            },
            {
              "path": ":server:classes",
              "outcome": "UP_TO_DATE"
            },
            {
              "path": ":server:compileJava",
              "outcome": "FROM_CACHE"
            },
            {
              "path": ":server:processResources",
              "outcome": "NO_SOURCE"
            },
            {
              "path": ":share-coordinator:checkstyleMain",
              "outcome": "FROM_CACHE"
            },
            {
              "path": ":share-coordinator:classes",
              "outcome": "EXECUTED"
            },
            {
              "path": ":share-coordinator:compileJava",
              "outcome": "FROM_CACHE"
            },
            {
              "path": ":share-coordinator:processMessages",
              "outcome": "FROM_CACHE"
            },
            {
              "path": ":share-coordinator:processResources",
              "outcome": "EXECUTED"
            },
            {
              "path": ":shell:checkstyleMain",
              "outcome": "FROM_CACHE"
            },
            {
              "path": ":shell:classes",
              "outcome": "UP_TO_DATE"
            },
            {
              "path": ":shell:compileJava",
              "outcome": "FROM_CACHE"
            },
            {
              "path": ":shell:processResources",
              "outcome": "NO_SOURCE"
            },
            {
              "path": ":storage:checkstyleMain",
              "outcome": "FROM_CACHE"
            },
            {
              "path": ":storage:classes",
              "outcome": "EXECUTED"
            },
            {
              "path": ":storage:compileJava",
              "outcome": "FROM_CACHE"
            },
            {
              "path": ":storage:processMessages",
              "outcome": "FROM_CACHE"
            },
            {
              "path": ":storage:processResources",
              "outcome": "EXECUTED"
            },
            {
              "path": ":storage:storage-api:checkstyleMain",
              "outcome": "FROM_CACHE"
            },
            {
              "path": ":storage:storage-api:classes",
              "outcome": "UP_TO_DATE"
            },
            {
              "path": ":storage:storage-api:compileJava",
              "outcome": "FROM_CACHE"
            },
            {
              "path": ":storage:storage-api:processResources",
              "outcome": "NO_SOURCE"
            },
            {
              "path": ":streams:checkstyleMain",
              "outcome": "FROM_CACHE"
            },
            {
              "path": ":streams:classes",
              "outcome": "EXECUTED"
            },
            {
              "path": ":streams:compileJava",
              "outcome": "FROM_CACHE"
            },
            {
              "path": ":streams:examples:checkstyleMain",
              "outcome": "FROM_CACHE"
            },
            {
              "path": ":streams:examples:classes",
              "outcome": "UP_TO_DATE"
            },
            {
              "path": ":streams:examples:compileJava",
              "outcome": "FROM_CACHE"
            },
            {
              "path": ":streams:examples:processResources",
              "outcome": "NO_SOURCE"
            },
            {
              "path": ":streams:integration-tests:checkstyleMain",
              "outcome": "NO_SOURCE"
            },
            {
              "path": ":streams:integration-tests:classes",
              "outcome": "UP_TO_DATE"
            },
            {
              "path": ":streams:integration-tests:compileJava",
              "outcome": "NO_SOURCE"
            },
            {
              "path": ":streams:integration-tests:compileScala",
              "outcome": "NO_SOURCE"
            },
            {
              "path": ":streams:integration-tests:processResources",
              "outcome": "NO_SOURCE"
            },
            {
              "path": ":streams:processMessages",
              "outcome": "FROM_CACHE"
            },
            {
              "path": ":streams:processResources",
              "outcome": "EXECUTED"
            },
            {
              "path": ":streams:streams-scala:checkstyleMain",
              "outcome": "NO_SOURCE"
            },
            {
              "path": ":streams:streams-scala:classes",
              "outcome": "UP_TO_DATE"
            },
            {
              "path": ":streams:streams-scala:compileJava",
              "outcome": "NO_SOURCE"
            },
            {
              "path": ":streams:streams-scala:compileScala",
              "outcome": "FROM_CACHE"
            },
            {
              "path": ":streams:streams-scala:processResources",
              "outcome": "NO_SOURCE"
            },
            {
              "path": ":streams:test-utils:checkstyleMain",
              "outcome": "FROM_CACHE"
            },
            {
              "path": ":streams:test-utils:classes",
              "outcome": "UP_TO_DATE"
            },
            {
              "path": ":streams:test-utils:compileJava",
              "outcome": "FROM_CACHE"
            },
            {
              "path": ":streams:test-utils:processResources",
              "outcome": "NO_SOURCE"
            },
            {
              "path": ":streams:upgrade-system-tests-0110:checkstyleMain",
              "outcome": "NO_SOURCE"
            },
            {
              "path": ":streams:upgrade-system-tests-0110:classes",
              "outcome": "UP_TO_DATE"
            },
            {
              "path": ":streams:upgrade-system-tests-0110:compileJava",
              "outcome": "NO_SOURCE"
            },
            {
              "path": ":streams:upgrade-system-tests-0110:processResources",
              "outcome": "NO_SOURCE"
            },
            {
              "path": ":streams:upgrade-system-tests-10:checkstyleMain",
              "outcome": "NO_SOURCE"
            },
            {
              "path": ":streams:upgrade-system-tests-10:classes",
              "outcome": "UP_TO_DATE"
            },
            {
              "path": ":streams:upgrade-system-tests-10:compileJava",
              "outcome": "NO_SOURCE"
            },
            {
              "path": ":streams:upgrade-system-tests-10:processResources",
              "outcome": "NO_SOURCE"
            },
            {
              "path": ":streams:upgrade-system-tests-11:checkstyleMain",
              "outcome": "NO_SOURCE"
            },
            {
              "path": ":streams:upgrade-system-tests-11:classes",
              "outcome": "UP_TO_DATE"
            },
            {
              "path": ":streams:upgrade-system-tests-11:compileJava",
              "outcome": "NO_SOURCE"
            },
            {
              "path": ":streams:upgrade-system-tests-11:processResources",
              "outcome": "NO_SOURCE"
            },
            {
              "path": ":streams:upgrade-system-tests-20:checkstyleMain",
              "outcome": "NO_SOURCE"
            },
            {
              "path": ":streams:upgrade-system-tests-20:classes",
              "outcome": "UP_TO_DATE"
            },
            {
              "path": ":streams:upgrade-system-tests-20:compileJava",
              "outcome": "NO_SOURCE"
            },
            {
              "path": ":streams:upgrade-system-tests-20:processResources",
              "outcome": "NO_SOURCE"
            },
            {
              "path": ":streams:upgrade-system-tests-21:checkstyleMain",
              "outcome": "NO_SOURCE"
            },
            {
              "path": ":streams:upgrade-system-tests-21:classes",
              "outcome": "UP_TO_DATE"
            },
            {
              "path": ":streams:upgrade-system-tests-21:compileJava",
              "outcome": "NO_SOURCE"
            },
            {
              "path": ":streams:upgrade-system-tests-21:processResources",
              "outcome": "NO_SOURCE"
            },
            {
              "path": ":streams:upgrade-system-tests-22:checkstyleMain",
              "outcome": "NO_SOURCE"
            },
            {
              "path": ":streams:upgrade-system-tests-22:classes",
              "outcome": "UP_TO_DATE"
            },
            {
              "path": ":streams:upgrade-system-tests-22:compileJava",
              "outcome": "NO_SOURCE"
            },
            {
              "path": ":streams:upgrade-system-tests-22:processResources",
              "outcome": "NO_SOURCE"
            },
            {
              "path": ":streams:upgrade-system-tests-23:checkstyleMain",
              "outcome": "NO_SOURCE"
            },
            {
              "path": ":streams:upgrade-system-tests-23:classes",
              "outcome": "UP_TO_DATE"
            },
            {
              "path": ":streams:upgrade-system-tests-23:compileJava",
              "outcome": "NO_SOURCE"
            },
            {
              "path": ":streams:upgrade-system-tests-23:processResources",
              "outcome": "NO_SOURCE"
            },
            {
              "path": ":streams:upgrade-system-tests-24:checkstyleMain",
              "outcome": "NO_SOURCE"
            },
            {
              "path": ":streams:upgrade-system-tests-24:classes",
              "outcome": "UP_TO_DATE"
            },
            {
              "path": ":streams:upgrade-system-tests-24:compileJava",
              "outcome": "NO_SOURCE"
            },
            {
              "path": ":streams:upgrade-system-tests-24:processResources",
              "outcome": "NO_SOURCE"
            },
            {
              "path": ":streams:upgrade-system-tests-25:checkstyleMain",
              "outcome": "NO_SOURCE"
            },
            {
              "path": ":streams:upgrade-system-tests-25:classes",
              "outcome": "UP_TO_DATE"
            },
            {
              "path": ":streams:upgrade-system-tests-25:compileJava",
              "outcome": "NO_SOURCE"
            },
            {
              "path": ":streams:upgrade-system-tests-25:processResources",
              "outcome": "NO_SOURCE"
            },
            {
              "path": ":streams:upgrade-system-tests-26:checkstyleMain",
              "outcome": "NO_SOURCE"
            },
            {
              "path": ":streams:upgrade-system-tests-26:classes",
              "outcome": "UP_TO_DATE"
            },
            {
              "path": ":streams:upgrade-system-tests-26:compileJava",
              "outcome": "NO_SOURCE"
            },
            {
              "path": ":streams:upgrade-system-tests-26:processResources",
              "outcome": "NO_SOURCE"
            },
            {
              "path": ":streams:upgrade-system-tests-27:checkstyleMain",
              "outcome": "NO_SOURCE"
            },
            {
              "path": ":streams:upgrade-system-tests-27:classes",
              "outcome": "UP_TO_DATE"
            },
            {
              "path": ":streams:upgrade-system-tests-27:compileJava",
              "outcome": "NO_SOURCE"
            },
            {
              "path": ":streams:upgrade-system-tests-27:processResources",
              "outcome": "NO_SOURCE"
            },
            {
              "path": ":streams:upgrade-system-tests-28:checkstyleMain",
              "outcome": "NO_SOURCE"
            },
            {
              "path": ":streams:upgrade-system-tests-28:classes",
              "outcome": "UP_TO_DATE"
            },
            {
              "path": ":streams:upgrade-system-tests-28:compileJava",
              "outcome": "NO_SOURCE"
            },
            {
              "path": ":streams:upgrade-system-tests-28:processResources",
              "outcome": "NO_SOURCE"
            },
            {
              "path": ":streams:upgrade-system-tests-30:checkstyleMain",
              "outcome": "NO_SOURCE"
            },
            {
              "path": ":streams:upgrade-system-tests-30:classes",
              "outcome": "UP_TO_DATE"
            },
            {
              "path": ":streams:upgrade-system-tests-30:compileJava",
              "outcome": "NO_SOURCE"
            },
            {
              "path": ":streams:upgrade-system-tests-30:processResources",
              "outcome": "NO_SOURCE"
            },
            {
              "path": ":streams:upgrade-system-tests-31:checkstyleMain",
              "outcome": "NO_SOURCE"
            },
            {
              "path": ":streams:upgrade-system-tests-31:classes",
              "outcome": "UP_TO_DATE"
            },
            {
              "path": ":streams:upgrade-system-tests-31:compileJava",
              "outcome": "NO_SOURCE"
            },
            {
              "path": ":streams:upgrade-system-tests-31:processResources",
              "outcome": "NO_SOURCE"
            },
            {
              "path": ":streams:upgrade-system-tests-32:checkstyleMain",
              "outcome": "NO_SOURCE"
            },
            {
              "path": ":streams:upgrade-system-tests-32:classes",
              "outcome": "UP_TO_DATE"
            },
            {
              "path": ":streams:upgrade-system-tests-32:compileJava",
              "outcome": "NO_SOURCE"
            },
            {
              "path": ":streams:upgrade-system-tests-32:processResources",
              "outcome": "NO_SOURCE"
            },
            {
              "path": ":streams:upgrade-system-tests-33:checkstyleMain",
              "outcome": "NO_SOURCE"
            },
            {
              "path": ":streams:upgrade-system-tests-33:classes",
              "outcome": "UP_TO_DATE"
            },
            {
              "path": ":streams:upgrade-system-tests-33:compileJava",
              "outcome": "NO_SOURCE"
            },
            {
              "path": ":streams:upgrade-system-tests-33:processResources",
              "outcome": "NO_SOURCE"
            },
            {
              "path": ":streams:upgrade-system-tests-34:checkstyleMain",
              "outcome": "NO_SOURCE"
            },
            {
              "path": ":streams:upgrade-system-tests-34:classes",
              "outcome": "UP_TO_DATE"
            },
            {
              "path": ":streams:upgrade-system-tests-34:compileJava",
              "outcome": "NO_SOURCE"
            },
            {
              "path": ":streams:upgrade-system-tests-34:processResources",
              "outcome": "NO_SOURCE"
            },
            {
              "path": ":streams:upgrade-system-tests-35:checkstyleMain",
              "outcome": "NO_SOURCE"
            },
            {
              "path": ":streams:upgrade-system-tests-35:classes",
              "outcome": "UP_TO_DATE"
            },
            {
              "path": ":streams:upgrade-system-tests-35:compileJava",
              "outcome": "NO_SOURCE"
            },
            {
              "path": ":streams:upgrade-system-tests-35:processResources",
              "outcome": "NO_SOURCE"
            },
            {
              "path": ":streams:upgrade-system-tests-36:checkstyleMain",
              "outcome": "NO_SOURCE"
            },
            {
              "path": ":streams:upgrade-system-tests-36:classes",
              "outcome": "UP_TO_DATE"
            },
            {
              "path": ":streams:upgrade-system-tests-36:compileJava",
              "outcome": "NO_SOURCE"
            },
            {
              "path": ":streams:upgrade-system-tests-36:processResources",
              "outcome": "NO_SOURCE"
            },
            {
              "path": ":streams:upgrade-system-tests-37:checkstyleMain",
              "outcome": "NO_SOURCE"
            },
            {
              "path": ":streams:upgrade-system-tests-37:classes",
              "outcome": "UP_TO_DATE"
            },
            {
              "path": ":streams:upgrade-system-tests-37:compileJava",
              "outcome": "NO_SOURCE"
            },
            {
              "path": ":streams:upgrade-system-tests-37:processResources",
              "outcome": "NO_SOURCE"
            },
            {
              "path": ":streams:upgrade-system-tests-38:checkstyleMain",
              "outcome": "NO_SOURCE"
            },
            {
              "path": ":streams:upgrade-system-tests-38:classes",
              "outcome": "UP_TO_DATE"
            },
            {
              "path": ":streams:upgrade-system-tests-38:compileJava",
              "outcome": "NO_SOURCE"
            },
            {
              "path": ":streams:upgrade-system-tests-38:processResources",
              "outcome": "NO_SOURCE"
            },
            {
              "path": ":streams:upgrade-system-tests-39:checkstyleMain",
              "outcome": "NO_SOURCE"
            },
            {
              "path": ":streams:upgrade-system-tests-39:classes",
              "outcome": "UP_TO_DATE"
            },
            {
              "path": ":streams:upgrade-system-tests-39:compileJava",
              "outcome": "NO_SOURCE"
            },
            {
              "path": ":streams:upgrade-system-tests-39:processResources",
              "outcome": "NO_SOURCE"
            },
            {
              "path": ":streams:upgrade-system-tests-40:checkstyleMain",
              "outcome": "NO_SOURCE"
            },
            {
              "path": ":streams:upgrade-system-tests-40:classes",
              "outcome": "UP_TO_DATE"
            },
            {
              "path": ":streams:upgrade-system-tests-40:compileJava",
              "outcome": "NO_SOURCE"
            },
            {
              "path": ":streams:upgrade-system-tests-40:processResources",
              "outcome": "NO_SOURCE"
            },
            {
              "path": ":streams:upgrade-system-tests-41:checkstyleMain",
              "outcome": "NO_SOURCE"
            },
            {
              "path": ":streams:upgrade-system-tests-41:classes",
              "outcome": "UP_TO_DATE"
            },
            {
              "path": ":streams:upgrade-system-tests-41:compileJava",
              "outcome": "NO_SOURCE"
            },
            {
              "path": ":streams:upgrade-system-tests-41:processResources",
              "outcome": "NO_SOURCE"
            },
            {
              "path": ":test-common:checkstyleMain",
              "outcome": "NO_SOURCE"
            },
            {
              "path": ":test-common:classes",
              "outcome": "UP_TO_DATE"
            },
            {
              "path": ":test-common:compileJava",
              "outcome": "NO_SOURCE"
            },
            {
              "path": ":test-common:processResources",
              "outcome": "NO_SOURCE"
            },
            {
              "path": ":test-common:test-common-internal-api:checkstyleMain",
              "outcome": "FROM_CACHE"
            },
            {
              "path": ":test-common:test-common-internal-api:classes",
              "outcome": "UP_TO_DATE"
            },
            {
              "path": ":test-common:test-common-internal-api:compileJava",
              "outcome": "FROM_CACHE"
            },
            {
              "path": ":test-common:test-common-internal-api:processResources",
              "outcome": "NO_SOURCE"
            },
            {
              "path": ":test-common:test-common-runtime:checkstyleMain",
              "outcome": "FROM_CACHE"
            },
            {
              "path": ":test-common:test-common-runtime:classes",
              "outcome": "EXECUTED"
            },
            {
              "path": ":test-common:test-common-runtime:compileJava",
              "outcome": "FROM_CACHE"
            },
            {
              "path": ":test-common:test-common-runtime:processResources",
              "outcome": "EXECUTED"
            },
            {
              "path": ":test-common:test-common-util:checkstyleMain",
              "outcome": "FROM_CACHE"
            },
            {
              "path": ":test-common:test-common-util:classes",
              "outcome": "EXECUTED"
            },
            {
              "path": ":test-common:test-common-util:compileJava",
              "outcome": "FROM_CACHE"
            },
            {
              "path": ":test-common:test-common-util:processResources",
              "outcome": "EXECUTED"
            },
            {
              "path": ":tools:checkstyleMain",
              "outcome": "FROM_CACHE"
            },
            {
              "path": ":tools:classes",
              "outcome": "UP_TO_DATE"
            },
            {
              "path": ":tools:compileJava",
              "outcome": "FROM_CACHE"
            },
            {
              "path": ":tools:processResources",
              "outcome": "NO_SOURCE"
            },
            {
              "path": ":tools:tools-api:checkstyleMain",
              "outcome": "FROM_CACHE"
            },
            {
              "path": ":tools:tools-api:classes",
              "outcome": "UP_TO_DATE"
            },
            {
              "path": ":tools:tools-api:compileJava",
              "outcome": "FROM_CACHE"
            },
            {
              "path": ":tools:tools-api:processResources",
              "outcome": "NO_SOURCE"
            },
            {
              "path": ":transaction-coordinator:checkstyleMain",
              "outcome": "FROM_CACHE"
            },
            {
              "path": ":transaction-coordinator:classes",
              "outcome": "EXECUTED"
            },
            {
              "path": ":transaction-coordinator:compileJava",
              "outcome": "FROM_CACHE"
            },
            {
              "path": ":transaction-coordinator:processMessages",
              "outcome": "FROM_CACHE"
            },
            {
              "path": ":transaction-coordinator:processResources",
              "outcome": "EXECUTED"
            },
            {
              "path": ":trogdor:checkstyleMain",
              "outcome": "FROM_CACHE"
            },
            {
              "path": ":trogdor:classes",
              "outcome": "UP_TO_DATE"
            },
            {
              "path": ":trogdor:compileJava",
              "outcome": "FROM_CACHE"
            },
            {
              "path": ":trogdor:processResources",
              "outcome": "NO_SOURCE"
            }
          ]
        },
        "hostPressure": {
          "available": true,
          "cpuSomeTotalUs": 158562,
          "memorySomeTotalUs": 88,
          "memoryFullTotalUs": 89,
          "ioSomeTotalUs": 8022857,
          "ioFullTotalUs": 4790821
        }
      },
      {
        "phase": "TARGET_WORKLOAD_STABILIZATION",
        "durationMs": 88053,
        "logSha256": "13007b3df2a7b200bf03058bc1cb8c926719c4bd013703fd20d5fe16ae51b1af",
        "taskOutcomes": {
          "total": 286,
          "executed": 57,
          "fromCache": 78,
          "upToDate": 45,
          "noSource": 106,
          "skipped": 0,
          "fingerprintSha256": "a8872da5863b9a918a72717a4223a0b927bb8f76689b3bc8e50d1b597d59f87a",
          "tasks": [
            {
              "path": ":clients:checkstyleMain",
              "outcome": "EXECUTED"
            },
            {
              "path": ":clients:classes",
              "outcome": "EXECUTED"
            },
            {
              "path": ":clients:clients-integration-tests:checkstyleMain",
              "outcome": "NO_SOURCE"
            },
            {
              "path": ":clients:clients-integration-tests:classes",
              "outcome": "UP_TO_DATE"
            },
            {
              "path": ":clients:clients-integration-tests:compileJava",
              "outcome": "NO_SOURCE"
            },
            {
              "path": ":clients:clients-integration-tests:processResources",
              "outcome": "NO_SOURCE"
            },
            {
              "path": ":clients:compileJava",
              "outcome": "EXECUTED"
            },
            {
              "path": ":clients:compileTestJava",
              "outcome": "FROM_CACHE"
            },
            {
              "path": ":clients:createVersionFile",
              "outcome": "EXECUTED"
            },
            {
              "path": ":clients:processMessages",
              "outcome": "FROM_CACHE"
            },
            {
              "path": ":clients:processResources",
              "outcome": "EXECUTED"
            },
            {
              "path": ":clients:processTestMessages",
              "outcome": "FROM_CACHE"
            },
            {
              "path": ":clients:processTestResources",
              "outcome": "EXECUTED"
            },
            {
              "path": ":clients:shadowJar",
              "outcome": "EXECUTED"
            },
            {
              "path": ":clients:testClasses",
              "outcome": "EXECUTED"
            },
            {
              "path": ":connect:api:checkstyleMain",
              "outcome": "FROM_CACHE"
            },
            {
              "path": ":connect:api:classes",
              "outcome": "EXECUTED"
            },
            {
              "path": ":connect:api:compileJava",
              "outcome": "FROM_CACHE"
            },
            {
              "path": ":connect:api:processResources",
              "outcome": "EXECUTED"
            },
            {
              "path": ":connect:basic-auth-extension:checkstyleMain",
              "outcome": "FROM_CACHE"
            },
            {
              "path": ":connect:basic-auth-extension:classes",
              "outcome": "EXECUTED"
            },
            {
              "path": ":connect:basic-auth-extension:compileJava",
              "outcome": "FROM_CACHE"
            },
            {
              "path": ":connect:basic-auth-extension:processResources",
              "outcome": "EXECUTED"
            },
            {
              "path": ":connect:checkstyleMain",
              "outcome": "NO_SOURCE"
            },
            {
              "path": ":connect:classes",
              "outcome": "UP_TO_DATE"
            },
            {
              "path": ":connect:compileJava",
              "outcome": "NO_SOURCE"
            },
            {
              "path": ":connect:file:checkstyleMain",
              "outcome": "FROM_CACHE"
            },
            {
              "path": ":connect:file:classes",
              "outcome": "EXECUTED"
            },
            {
              "path": ":connect:file:compileJava",
              "outcome": "FROM_CACHE"
            },
            {
              "path": ":connect:file:processResources",
              "outcome": "EXECUTED"
            },
            {
              "path": ":connect:json:checkstyleMain",
              "outcome": "FROM_CACHE"
            },
            {
              "path": ":connect:json:classes",
              "outcome": "EXECUTED"
            },
            {
              "path": ":connect:json:compileJava",
              "outcome": "FROM_CACHE"
            },
            {
              "path": ":connect:json:processResources",
              "outcome": "EXECUTED"
            },
            {
              "path": ":connect:mirror-client:checkstyleMain",
              "outcome": "FROM_CACHE"
            },
            {
              "path": ":connect:mirror-client:classes",
              "outcome": "UP_TO_DATE"
            },
            {
              "path": ":connect:mirror-client:compileJava",
              "outcome": "FROM_CACHE"
            },
            {
              "path": ":connect:mirror-client:processResources",
              "outcome": "NO_SOURCE"
            },
            {
              "path": ":connect:mirror:checkstyleMain",
              "outcome": "FROM_CACHE"
            },
            {
              "path": ":connect:mirror:classes",
              "outcome": "EXECUTED"
            },
            {
              "path": ":connect:mirror:compileJava",
              "outcome": "FROM_CACHE"
            },
            {
              "path": ":connect:mirror:processResources",
              "outcome": "EXECUTED"
            },
            {
              "path": ":connect:processResources",
              "outcome": "NO_SOURCE"
            },
            {
              "path": ":connect:runtime:checkstyleMain",
              "outcome": "FROM_CACHE"
            },
            {
              "path": ":connect:runtime:classes",
              "outcome": "EXECUTED"
            },
            {
              "path": ":connect:runtime:compileJava",
              "outcome": "FROM_CACHE"
            },
            {
              "path": ":connect:runtime:processResources",
              "outcome": "EXECUTED"
            },
            {
              "path": ":connect:test-plugins:checkstyleMain",
              "outcome": "FROM_CACHE"
            },
            {
              "path": ":connect:test-plugins:classes",
              "outcome": "EXECUTED"
            },
            {
              "path": ":connect:test-plugins:compileJava",
              "outcome": "FROM_CACHE"
            },
            {
              "path": ":connect:test-plugins:processResources",
              "outcome": "EXECUTED"
            },
            {
              "path": ":connect:transforms:checkstyleMain",
              "outcome": "FROM_CACHE"
            },
            {
              "path": ":connect:transforms:classes",
              "outcome": "EXECUTED"
            },
            {
              "path": ":connect:transforms:compileJava",
              "outcome": "FROM_CACHE"
            },
            {
              "path": ":connect:transforms:processResources",
              "outcome": "EXECUTED"
            },
            {
              "path": ":coordinator-common:checkstyleMain",
              "outcome": "FROM_CACHE"
            },
            {
              "path": ":coordinator-common:classes",
              "outcome": "UP_TO_DATE"
            },
            {
              "path": ":coordinator-common:compileJava",
              "outcome": "FROM_CACHE"
            },
            {
              "path": ":coordinator-common:compileTestJava",
              "outcome": "FROM_CACHE"
            },
            {
              "path": ":coordinator-common:processResources",
              "outcome": "NO_SOURCE"
            },
            {
              "path": ":coordinator-common:processTestResources",
              "outcome": "EXECUTED"
            },
            {
              "path": ":coordinator-common:testClasses",
              "outcome": "EXECUTED"
            },
            {
              "path": ":core:checkstyleMain",
              "outcome": "FROM_CACHE"
            },
            {
              "path": ":core:classes",
              "outcome": "UP_TO_DATE"
            },
            {
              "path": ":core:compileJava",
              "outcome": "NO_SOURCE"
            },
            {
              "path": ":core:compileScala",
              "outcome": "FROM_CACHE"
            },
            {
              "path": ":core:processResources",
              "outcome": "NO_SOURCE"
            },
            {
              "path": ":examples:checkstyleMain",
              "outcome": "FROM_CACHE"
            },
            {
              "path": ":examples:classes",
              "outcome": "UP_TO_DATE"
            },
            {
              "path": ":examples:compileJava",
              "outcome": "FROM_CACHE"
            },
            {
              "path": ":examples:processResources",
              "outcome": "NO_SOURCE"
            },
            {
              "path": ":generator:checkstyleMain",
              "outcome": "FROM_CACHE"
            },
            {
              "path": ":generator:classes",
              "outcome": "UP_TO_DATE"
            },
            {
              "path": ":generator:compileJava",
              "outcome": "FROM_CACHE"
            },
            {
              "path": ":generator:jar",
              "outcome": "EXECUTED"
            },
            {
              "path": ":generator:processResources",
              "outcome": "NO_SOURCE"
            },
            {
              "path": ":group-coordinator:checkstyleMain",
              "outcome": "FROM_CACHE"
            },
            {
              "path": ":group-coordinator:classes",
              "outcome": "EXECUTED"
            },
            {
              "path": ":group-coordinator:compileJava",
              "outcome": "FROM_CACHE"
            },
            {
              "path": ":group-coordinator:group-coordinator-api:checkstyleMain",
              "outcome": "FROM_CACHE"
            },
            {
              "path": ":group-coordinator:group-coordinator-api:classes",
              "outcome": "UP_TO_DATE"
            },
            {
              "path": ":group-coordinator:group-coordinator-api:compileJava",
              "outcome": "FROM_CACHE"
            },
            {
              "path": ":group-coordinator:group-coordinator-api:processResources",
              "outcome": "NO_SOURCE"
            },
            {
              "path": ":group-coordinator:processMessages",
              "outcome": "FROM_CACHE"
            },
            {
              "path": ":group-coordinator:processResources",
              "outcome": "EXECUTED"
            },
            {
              "path": ":jmh-benchmarks:checkstyleMain",
              "outcome": "EXECUTED"
            },
            {
              "path": ":jmh-benchmarks:classes",
              "outcome": "UP_TO_DATE"
            },
            {
              "path": ":jmh-benchmarks:compileJava",
              "outcome": "FROM_CACHE"
            },
            {
              "path": ":jmh-benchmarks:processResources",
              "outcome": "NO_SOURCE"
            },
            {
              "path": ":metadata:checkstyleMain",
              "outcome": "FROM_CACHE"
            },
            {
              "path": ":metadata:classes",
              "outcome": "EXECUTED"
            },
            {
              "path": ":metadata:compileJava",
              "outcome": "FROM_CACHE"
            },
            {
              "path": ":metadata:compileTestJava",
              "outcome": "FROM_CACHE"
            },
            {
              "path": ":metadata:processMessages",
              "outcome": "FROM_CACHE"
            },
            {
              "path": ":metadata:processResources",
              "outcome": "EXECUTED"
            },
            {
              "path": ":metadata:processTestResources",
              "outcome": "EXECUTED"
            },
            {
              "path": ":metadata:testClasses",
              "outcome": "EXECUTED"
            },
            {
              "path": ":raft:checkstyleMain",
              "outcome": "FROM_CACHE"
            },
            {
              "path": ":raft:classes",
              "outcome": "EXECUTED"
            },
            {
              "path": ":raft:compileJava",
              "outcome": "FROM_CACHE"
            },
            {
              "path": ":raft:compileTestJava",
              "outcome": "FROM_CACHE"
            },
            {
              "path": ":raft:processMessages",
              "outcome": "FROM_CACHE"
            },
            {
              "path": ":raft:processResources",
              "outcome": "EXECUTED"
            },
            {
              "path": ":raft:processTestResources",
              "outcome": "EXECUTED"
            },
            {
              "path": ":raft:testClasses",
              "outcome": "EXECUTED"
            },
            {
              "path": ":server-common:checkstyleMain",
              "outcome": "FROM_CACHE"
            },
            {
              "path": ":server-common:classes",
              "outcome": "UP_TO_DATE"
            },
            {
              "path": ":server-common:compileJava",
              "outcome": "FROM_CACHE"
            },
            {
              "path": ":server-common:compileTestJava",
              "outcome": "FROM_CACHE"
            },
            {
              "path": ":server-common:processResources",
              "outcome": "NO_SOURCE"
            },
            {
              "path": ":server-common:processTestResources",
              "outcome": "EXECUTED"
            },
            {
              "path": ":server-common:testClasses",
              "outcome": "EXECUTED"
            },
            {
              "path": ":server:checkstyleMain",
              "outcome": "FROM_CACHE"
            },
            {
              "path": ":server:classes",
              "outcome": "UP_TO_DATE"
            },
            {
              "path": ":server:compileJava",
              "outcome": "FROM_CACHE"
            },
            {
              "path": ":server:processResources",
              "outcome": "NO_SOURCE"
            },
            {
              "path": ":share-coordinator:checkstyleMain",
              "outcome": "FROM_CACHE"
            },
            {
              "path": ":share-coordinator:classes",
              "outcome": "EXECUTED"
            },
            {
              "path": ":share-coordinator:compileJava",
              "outcome": "FROM_CACHE"
            },
            {
              "path": ":share-coordinator:processMessages",
              "outcome": "FROM_CACHE"
            },
            {
              "path": ":share-coordinator:processResources",
              "outcome": "EXECUTED"
            },
            {
              "path": ":shell:checkstyleMain",
              "outcome": "FROM_CACHE"
            },
            {
              "path": ":shell:classes",
              "outcome": "UP_TO_DATE"
            },
            {
              "path": ":shell:compileJava",
              "outcome": "FROM_CACHE"
            },
            {
              "path": ":shell:processResources",
              "outcome": "NO_SOURCE"
            },
            {
              "path": ":storage:checkstyleMain",
              "outcome": "FROM_CACHE"
            },
            {
              "path": ":storage:classes",
              "outcome": "EXECUTED"
            },
            {
              "path": ":storage:compileJava",
              "outcome": "FROM_CACHE"
            },
            {
              "path": ":storage:processMessages",
              "outcome": "FROM_CACHE"
            },
            {
              "path": ":storage:processResources",
              "outcome": "EXECUTED"
            },
            {
              "path": ":storage:storage-api:checkstyleMain",
              "outcome": "FROM_CACHE"
            },
            {
              "path": ":storage:storage-api:classes",
              "outcome": "UP_TO_DATE"
            },
            {
              "path": ":storage:storage-api:compileJava",
              "outcome": "FROM_CACHE"
            },
            {
              "path": ":storage:storage-api:processResources",
              "outcome": "NO_SOURCE"
            },
            {
              "path": ":streams:checkstyleMain",
              "outcome": "EXECUTED"
            },
            {
              "path": ":streams:classes",
              "outcome": "EXECUTED"
            },
            {
              "path": ":streams:compileJava",
              "outcome": "FROM_CACHE"
            },
            {
              "path": ":streams:examples:checkstyleMain",
              "outcome": "EXECUTED"
            },
            {
              "path": ":streams:examples:classes",
              "outcome": "UP_TO_DATE"
            },
            {
              "path": ":streams:examples:compileJava",
              "outcome": "FROM_CACHE"
            },
            {
              "path": ":streams:examples:processResources",
              "outcome": "NO_SOURCE"
            },
            {
              "path": ":streams:integration-tests:checkstyleMain",
              "outcome": "NO_SOURCE"
            },
            {
              "path": ":streams:integration-tests:classes",
              "outcome": "UP_TO_DATE"
            },
            {
              "path": ":streams:integration-tests:compileJava",
              "outcome": "NO_SOURCE"
            },
            {
              "path": ":streams:integration-tests:compileScala",
              "outcome": "NO_SOURCE"
            },
            {
              "path": ":streams:integration-tests:processResources",
              "outcome": "NO_SOURCE"
            },
            {
              "path": ":streams:processMessages",
              "outcome": "FROM_CACHE"
            },
            {
              "path": ":streams:processResources",
              "outcome": "EXECUTED"
            },
            {
              "path": ":streams:streams-scala:checkstyleMain",
              "outcome": "NO_SOURCE"
            },
            {
              "path": ":streams:streams-scala:classes",
              "outcome": "EXECUTED"
            },
            {
              "path": ":streams:streams-scala:compileJava",
              "outcome": "NO_SOURCE"
            },
            {
              "path": ":streams:streams-scala:compileScala",
              "outcome": "EXECUTED"
            },
            {
              "path": ":streams:streams-scala:processResources",
              "outcome": "NO_SOURCE"
            },
            {
              "path": ":streams:test-utils:checkstyleMain",
              "outcome": "EXECUTED"
            },
            {
              "path": ":streams:test-utils:classes",
              "outcome": "UP_TO_DATE"
            },
            {
              "path": ":streams:test-utils:compileJava",
              "outcome": "FROM_CACHE"
            },
            {
              "path": ":streams:test-utils:processResources",
              "outcome": "NO_SOURCE"
            },
            {
              "path": ":streams:upgrade-system-tests-0110:checkstyleMain",
              "outcome": "NO_SOURCE"
            },
            {
              "path": ":streams:upgrade-system-tests-0110:classes",
              "outcome": "UP_TO_DATE"
            },
            {
              "path": ":streams:upgrade-system-tests-0110:compileJava",
              "outcome": "NO_SOURCE"
            },
            {
              "path": ":streams:upgrade-system-tests-0110:processResources",
              "outcome": "NO_SOURCE"
            },
            {
              "path": ":streams:upgrade-system-tests-10:checkstyleMain",
              "outcome": "NO_SOURCE"
            },
            {
              "path": ":streams:upgrade-system-tests-10:classes",
              "outcome": "UP_TO_DATE"
            },
            {
              "path": ":streams:upgrade-system-tests-10:compileJava",
              "outcome": "NO_SOURCE"
            },
            {
              "path": ":streams:upgrade-system-tests-10:processResources",
              "outcome": "NO_SOURCE"
            },
            {
              "path": ":streams:upgrade-system-tests-11:checkstyleMain",
              "outcome": "NO_SOURCE"
            },
            {
              "path": ":streams:upgrade-system-tests-11:classes",
              "outcome": "UP_TO_DATE"
            },
            {
              "path": ":streams:upgrade-system-tests-11:compileJava",
              "outcome": "NO_SOURCE"
            },
            {
              "path": ":streams:upgrade-system-tests-11:processResources",
              "outcome": "NO_SOURCE"
            },
            {
              "path": ":streams:upgrade-system-tests-20:checkstyleMain",
              "outcome": "NO_SOURCE"
            },
            {
              "path": ":streams:upgrade-system-tests-20:classes",
              "outcome": "UP_TO_DATE"
            },
            {
              "path": ":streams:upgrade-system-tests-20:compileJava",
              "outcome": "NO_SOURCE"
            },
            {
              "path": ":streams:upgrade-system-tests-20:processResources",
              "outcome": "NO_SOURCE"
            },
            {
              "path": ":streams:upgrade-system-tests-21:checkstyleMain",
              "outcome": "NO_SOURCE"
            },
            {
              "path": ":streams:upgrade-system-tests-21:classes",
              "outcome": "UP_TO_DATE"
            },
            {
              "path": ":streams:upgrade-system-tests-21:compileJava",
              "outcome": "NO_SOURCE"
            },
            {
              "path": ":streams:upgrade-system-tests-21:processResources",
              "outcome": "NO_SOURCE"
            },
            {
              "path": ":streams:upgrade-system-tests-22:checkstyleMain",
              "outcome": "NO_SOURCE"
            },
            {
              "path": ":streams:upgrade-system-tests-22:classes",
              "outcome": "UP_TO_DATE"
            },
            {
              "path": ":streams:upgrade-system-tests-22:compileJava",
              "outcome": "NO_SOURCE"
            },
            {
              "path": ":streams:upgrade-system-tests-22:processResources",
              "outcome": "NO_SOURCE"
            },
            {
              "path": ":streams:upgrade-system-tests-23:checkstyleMain",
              "outcome": "NO_SOURCE"
            },
            {
              "path": ":streams:upgrade-system-tests-23:classes",
              "outcome": "UP_TO_DATE"
            },
            {
              "path": ":streams:upgrade-system-tests-23:compileJava",
              "outcome": "NO_SOURCE"
            },
            {
              "path": ":streams:upgrade-system-tests-23:processResources",
              "outcome": "NO_SOURCE"
            },
            {
              "path": ":streams:upgrade-system-tests-24:checkstyleMain",
              "outcome": "NO_SOURCE"
            },
            {
              "path": ":streams:upgrade-system-tests-24:classes",
              "outcome": "UP_TO_DATE"
            },
            {
              "path": ":streams:upgrade-system-tests-24:compileJava",
              "outcome": "NO_SOURCE"
            },
            {
              "path": ":streams:upgrade-system-tests-24:processResources",
              "outcome": "NO_SOURCE"
            },
            {
              "path": ":streams:upgrade-system-tests-25:checkstyleMain",
              "outcome": "NO_SOURCE"
            },
            {
              "path": ":streams:upgrade-system-tests-25:classes",
              "outcome": "UP_TO_DATE"
            },
            {
              "path": ":streams:upgrade-system-tests-25:compileJava",
              "outcome": "NO_SOURCE"
            },
            {
              "path": ":streams:upgrade-system-tests-25:processResources",
              "outcome": "NO_SOURCE"
            },
            {
              "path": ":streams:upgrade-system-tests-26:checkstyleMain",
              "outcome": "NO_SOURCE"
            },
            {
              "path": ":streams:upgrade-system-tests-26:classes",
              "outcome": "UP_TO_DATE"
            },
            {
              "path": ":streams:upgrade-system-tests-26:compileJava",
              "outcome": "NO_SOURCE"
            },
            {
              "path": ":streams:upgrade-system-tests-26:processResources",
              "outcome": "NO_SOURCE"
            },
            {
              "path": ":streams:upgrade-system-tests-27:checkstyleMain",
              "outcome": "NO_SOURCE"
            },
            {
              "path": ":streams:upgrade-system-tests-27:classes",
              "outcome": "UP_TO_DATE"
            },
            {
              "path": ":streams:upgrade-system-tests-27:compileJava",
              "outcome": "NO_SOURCE"
            },
            {
              "path": ":streams:upgrade-system-tests-27:processResources",
              "outcome": "NO_SOURCE"
            },
            {
              "path": ":streams:upgrade-system-tests-28:checkstyleMain",
              "outcome": "NO_SOURCE"
            },
            {
              "path": ":streams:upgrade-system-tests-28:classes",
              "outcome": "UP_TO_DATE"
            },
            {
              "path": ":streams:upgrade-system-tests-28:compileJava",
              "outcome": "NO_SOURCE"
            },
            {
              "path": ":streams:upgrade-system-tests-28:processResources",
              "outcome": "NO_SOURCE"
            },
            {
              "path": ":streams:upgrade-system-tests-30:checkstyleMain",
              "outcome": "NO_SOURCE"
            },
            {
              "path": ":streams:upgrade-system-tests-30:classes",
              "outcome": "UP_TO_DATE"
            },
            {
              "path": ":streams:upgrade-system-tests-30:compileJava",
              "outcome": "NO_SOURCE"
            },
            {
              "path": ":streams:upgrade-system-tests-30:processResources",
              "outcome": "NO_SOURCE"
            },
            {
              "path": ":streams:upgrade-system-tests-31:checkstyleMain",
              "outcome": "NO_SOURCE"
            },
            {
              "path": ":streams:upgrade-system-tests-31:classes",
              "outcome": "UP_TO_DATE"
            },
            {
              "path": ":streams:upgrade-system-tests-31:compileJava",
              "outcome": "NO_SOURCE"
            },
            {
              "path": ":streams:upgrade-system-tests-31:processResources",
              "outcome": "NO_SOURCE"
            },
            {
              "path": ":streams:upgrade-system-tests-32:checkstyleMain",
              "outcome": "NO_SOURCE"
            },
            {
              "path": ":streams:upgrade-system-tests-32:classes",
              "outcome": "UP_TO_DATE"
            },
            {
              "path": ":streams:upgrade-system-tests-32:compileJava",
              "outcome": "NO_SOURCE"
            },
            {
              "path": ":streams:upgrade-system-tests-32:processResources",
              "outcome": "NO_SOURCE"
            },
            {
              "path": ":streams:upgrade-system-tests-33:checkstyleMain",
              "outcome": "NO_SOURCE"
            },
            {
              "path": ":streams:upgrade-system-tests-33:classes",
              "outcome": "UP_TO_DATE"
            },
            {
              "path": ":streams:upgrade-system-tests-33:compileJava",
              "outcome": "NO_SOURCE"
            },
            {
              "path": ":streams:upgrade-system-tests-33:processResources",
              "outcome": "NO_SOURCE"
            },
            {
              "path": ":streams:upgrade-system-tests-34:checkstyleMain",
              "outcome": "NO_SOURCE"
            },
            {
              "path": ":streams:upgrade-system-tests-34:classes",
              "outcome": "UP_TO_DATE"
            },
            {
              "path": ":streams:upgrade-system-tests-34:compileJava",
              "outcome": "NO_SOURCE"
            },
            {
              "path": ":streams:upgrade-system-tests-34:processResources",
              "outcome": "NO_SOURCE"
            },
            {
              "path": ":streams:upgrade-system-tests-35:checkstyleMain",
              "outcome": "NO_SOURCE"
            },
            {
              "path": ":streams:upgrade-system-tests-35:classes",
              "outcome": "UP_TO_DATE"
            },
            {
              "path": ":streams:upgrade-system-tests-35:compileJava",
              "outcome": "NO_SOURCE"
            },
            {
              "path": ":streams:upgrade-system-tests-35:processResources",
              "outcome": "NO_SOURCE"
            },
            {
              "path": ":streams:upgrade-system-tests-36:checkstyleMain",
              "outcome": "NO_SOURCE"
            },
            {
              "path": ":streams:upgrade-system-tests-36:classes",
              "outcome": "UP_TO_DATE"
            },
            {
              "path": ":streams:upgrade-system-tests-36:compileJava",
              "outcome": "NO_SOURCE"
            },
            {
              "path": ":streams:upgrade-system-tests-36:processResources",
              "outcome": "NO_SOURCE"
            },
            {
              "path": ":streams:upgrade-system-tests-37:checkstyleMain",
              "outcome": "NO_SOURCE"
            },
            {
              "path": ":streams:upgrade-system-tests-37:classes",
              "outcome": "UP_TO_DATE"
            },
            {
              "path": ":streams:upgrade-system-tests-37:compileJava",
              "outcome": "NO_SOURCE"
            },
            {
              "path": ":streams:upgrade-system-tests-37:processResources",
              "outcome": "NO_SOURCE"
            },
            {
              "path": ":streams:upgrade-system-tests-38:checkstyleMain",
              "outcome": "NO_SOURCE"
            },
            {
              "path": ":streams:upgrade-system-tests-38:classes",
              "outcome": "UP_TO_DATE"
            },
            {
              "path": ":streams:upgrade-system-tests-38:compileJava",
              "outcome": "NO_SOURCE"
            },
            {
              "path": ":streams:upgrade-system-tests-38:processResources",
              "outcome": "NO_SOURCE"
            },
            {
              "path": ":streams:upgrade-system-tests-39:checkstyleMain",
              "outcome": "NO_SOURCE"
            },
            {
              "path": ":streams:upgrade-system-tests-39:classes",
              "outcome": "UP_TO_DATE"
            },
            {
              "path": ":streams:upgrade-system-tests-39:compileJava",
              "outcome": "NO_SOURCE"
            },
            {
              "path": ":streams:upgrade-system-tests-39:processResources",
              "outcome": "NO_SOURCE"
            },
            {
              "path": ":streams:upgrade-system-tests-40:checkstyleMain",
              "outcome": "NO_SOURCE"
            },
            {
              "path": ":streams:upgrade-system-tests-40:classes",
              "outcome": "UP_TO_DATE"
            },
            {
              "path": ":streams:upgrade-system-tests-40:compileJava",
              "outcome": "NO_SOURCE"
            },
            {
              "path": ":streams:upgrade-system-tests-40:processResources",
              "outcome": "NO_SOURCE"
            },
            {
              "path": ":streams:upgrade-system-tests-41:checkstyleMain",
              "outcome": "NO_SOURCE"
            },
            {
              "path": ":streams:upgrade-system-tests-41:classes",
              "outcome": "UP_TO_DATE"
            },
            {
              "path": ":streams:upgrade-system-tests-41:compileJava",
              "outcome": "NO_SOURCE"
            },
            {
              "path": ":streams:upgrade-system-tests-41:processResources",
              "outcome": "NO_SOURCE"
            },
            {
              "path": ":test-common:checkstyleMain",
              "outcome": "NO_SOURCE"
            },
            {
              "path": ":test-common:classes",
              "outcome": "UP_TO_DATE"
            },
            {
              "path": ":test-common:compileJava",
              "outcome": "NO_SOURCE"
            },
            {
              "path": ":test-common:processResources",
              "outcome": "NO_SOURCE"
            },
            {
              "path": ":test-common:test-common-internal-api:checkstyleMain",
              "outcome": "FROM_CACHE"
            },
            {
              "path": ":test-common:test-common-internal-api:classes",
              "outcome": "UP_TO_DATE"
            },
            {
              "path": ":test-common:test-common-internal-api:compileJava",
              "outcome": "FROM_CACHE"
            },
            {
              "path": ":test-common:test-common-internal-api:processResources",
              "outcome": "NO_SOURCE"
            },
            {
              "path": ":test-common:test-common-runtime:checkstyleMain",
              "outcome": "FROM_CACHE"
            },
            {
              "path": ":test-common:test-common-runtime:classes",
              "outcome": "EXECUTED"
            },
            {
              "path": ":test-common:test-common-runtime:compileJava",
              "outcome": "FROM_CACHE"
            },
            {
              "path": ":test-common:test-common-runtime:processResources",
              "outcome": "EXECUTED"
            },
            {
              "path": ":test-common:test-common-util:checkstyleMain",
              "outcome": "FROM_CACHE"
            },
            {
              "path": ":test-common:test-common-util:classes",
              "outcome": "EXECUTED"
            },
            {
              "path": ":test-common:test-common-util:compileJava",
              "outcome": "FROM_CACHE"
            },
            {
              "path": ":test-common:test-common-util:processResources",
              "outcome": "EXECUTED"
            },
            {
              "path": ":tools:checkstyleMain",
              "outcome": "FROM_CACHE"
            },
            {
              "path": ":tools:classes",
              "outcome": "UP_TO_DATE"
            },
            {
              "path": ":tools:compileJava",
              "outcome": "FROM_CACHE"
            },
            {
              "path": ":tools:processResources",
              "outcome": "NO_SOURCE"
            },
            {
              "path": ":tools:tools-api:checkstyleMain",
              "outcome": "FROM_CACHE"
            },
            {
              "path": ":tools:tools-api:classes",
              "outcome": "UP_TO_DATE"
            },
            {
              "path": ":tools:tools-api:compileJava",
              "outcome": "FROM_CACHE"
            },
            {
              "path": ":tools:tools-api:processResources",
              "outcome": "NO_SOURCE"
            },
            {
              "path": ":transaction-coordinator:checkstyleMain",
              "outcome": "FROM_CACHE"
            },
            {
              "path": ":transaction-coordinator:classes",
              "outcome": "EXECUTED"
            },
            {
              "path": ":transaction-coordinator:compileJava",
              "outcome": "FROM_CACHE"
            },
            {
              "path": ":transaction-coordinator:processMessages",
              "outcome": "FROM_CACHE"
            },
            {
              "path": ":transaction-coordinator:processResources",
              "outcome": "EXECUTED"
            },
            {
              "path": ":trogdor:checkstyleMain",
              "outcome": "FROM_CACHE"
            },
            {
              "path": ":trogdor:classes",
              "outcome": "UP_TO_DATE"
            },
            {
              "path": ":trogdor:compileJava",
              "outcome": "FROM_CACHE"
            },
            {
              "path": ":trogdor:processResources",
              "outcome": "NO_SOURCE"
            }
          ]
        },
        "hostPressure": {
          "available": true,
          "cpuSomeTotalUs": 8280482,
          "memorySomeTotalUs": 10309,
          "memoryFullTotalUs": 9199,
          "ioSomeTotalUs": 52471529,
          "ioFullTotalUs": 30133244
        }
      },
      {
        "phase": "TARGET_WORKLOAD_STABILITY_CONFIRMATION",
        "durationMs": 82847,
        "logSha256": "cdde45dec8d7de3cd215cb04710ff392c8daf37d6a97a9a9ecb74b2935c7c57f",
        "taskOutcomes": {
          "total": 286,
          "executed": 57,
          "fromCache": 78,
          "upToDate": 45,
          "noSource": 106,
          "skipped": 0,
          "fingerprintSha256": "a8872da5863b9a918a72717a4223a0b927bb8f76689b3bc8e50d1b597d59f87a",
          "tasks": [
            {
              "path": ":clients:checkstyleMain",
              "outcome": "EXECUTED"
            },
            {
              "path": ":clients:classes",
              "outcome": "EXECUTED"
            },
            {
              "path": ":clients:clients-integration-tests:checkstyleMain",
              "outcome": "NO_SOURCE"
            },
            {
              "path": ":clients:clients-integration-tests:classes",
              "outcome": "UP_TO_DATE"
            },
            {
              "path": ":clients:clients-integration-tests:compileJava",
              "outcome": "NO_SOURCE"
            },
            {
              "path": ":clients:clients-integration-tests:processResources",
              "outcome": "NO_SOURCE"
            },
            {
              "path": ":clients:compileJava",
              "outcome": "EXECUTED"
            },
            {
              "path": ":clients:compileTestJava",
              "outcome": "FROM_CACHE"
            },
            {
              "path": ":clients:createVersionFile",
              "outcome": "EXECUTED"
            },
            {
              "path": ":clients:processMessages",
              "outcome": "FROM_CACHE"
            },
            {
              "path": ":clients:processResources",
              "outcome": "EXECUTED"
            },
            {
              "path": ":clients:processTestMessages",
              "outcome": "FROM_CACHE"
            },
            {
              "path": ":clients:processTestResources",
              "outcome": "EXECUTED"
            },
            {
              "path": ":clients:shadowJar",
              "outcome": "EXECUTED"
            },
            {
              "path": ":clients:testClasses",
              "outcome": "EXECUTED"
            },
            {
              "path": ":connect:api:checkstyleMain",
              "outcome": "FROM_CACHE"
            },
            {
              "path": ":connect:api:classes",
              "outcome": "EXECUTED"
            },
            {
              "path": ":connect:api:compileJava",
              "outcome": "FROM_CACHE"
            },
            {
              "path": ":connect:api:processResources",
              "outcome": "EXECUTED"
            },
            {
              "path": ":connect:basic-auth-extension:checkstyleMain",
              "outcome": "FROM_CACHE"
            },
            {
              "path": ":connect:basic-auth-extension:classes",
              "outcome": "EXECUTED"
            },
            {
              "path": ":connect:basic-auth-extension:compileJava",
              "outcome": "FROM_CACHE"
            },
            {
              "path": ":connect:basic-auth-extension:processResources",
              "outcome": "EXECUTED"
            },
            {
              "path": ":connect:checkstyleMain",
              "outcome": "NO_SOURCE"
            },
            {
              "path": ":connect:classes",
              "outcome": "UP_TO_DATE"
            },
            {
              "path": ":connect:compileJava",
              "outcome": "NO_SOURCE"
            },
            {
              "path": ":connect:file:checkstyleMain",
              "outcome": "FROM_CACHE"
            },
            {
              "path": ":connect:file:classes",
              "outcome": "EXECUTED"
            },
            {
              "path": ":connect:file:compileJava",
              "outcome": "FROM_CACHE"
            },
            {
              "path": ":connect:file:processResources",
              "outcome": "EXECUTED"
            },
            {
              "path": ":connect:json:checkstyleMain",
              "outcome": "FROM_CACHE"
            },
            {
              "path": ":connect:json:classes",
              "outcome": "EXECUTED"
            },
            {
              "path": ":connect:json:compileJava",
              "outcome": "FROM_CACHE"
            },
            {
              "path": ":connect:json:processResources",
              "outcome": "EXECUTED"
            },
            {
              "path": ":connect:mirror-client:checkstyleMain",
              "outcome": "FROM_CACHE"
            },
            {
              "path": ":connect:mirror-client:classes",
              "outcome": "UP_TO_DATE"
            },
            {
              "path": ":connect:mirror-client:compileJava",
              "outcome": "FROM_CACHE"
            },
            {
              "path": ":connect:mirror-client:processResources",
              "outcome": "NO_SOURCE"
            },
            {
              "path": ":connect:mirror:checkstyleMain",
              "outcome": "FROM_CACHE"
            },
            {
              "path": ":connect:mirror:classes",
              "outcome": "EXECUTED"
            },
            {
              "path": ":connect:mirror:compileJava",
              "outcome": "FROM_CACHE"
            },
            {
              "path": ":connect:mirror:processResources",
              "outcome": "EXECUTED"
            },
            {
              "path": ":connect:processResources",
              "outcome": "NO_SOURCE"
            },
            {
              "path": ":connect:runtime:checkstyleMain",
              "outcome": "FROM_CACHE"
            },
            {
              "path": ":connect:runtime:classes",
              "outcome": "EXECUTED"
            },
            {
              "path": ":connect:runtime:compileJava",
              "outcome": "FROM_CACHE"
            },
            {
              "path": ":connect:runtime:processResources",
              "outcome": "EXECUTED"
            },
            {
              "path": ":connect:test-plugins:checkstyleMain",
              "outcome": "FROM_CACHE"
            },
            {
              "path": ":connect:test-plugins:classes",
              "outcome": "EXECUTED"
            },
            {
              "path": ":connect:test-plugins:compileJava",
              "outcome": "FROM_CACHE"
            },
            {
              "path": ":connect:test-plugins:processResources",
              "outcome": "EXECUTED"
            },
            {
              "path": ":connect:transforms:checkstyleMain",
              "outcome": "FROM_CACHE"
            },
            {
              "path": ":connect:transforms:classes",
              "outcome": "EXECUTED"
            },
            {
              "path": ":connect:transforms:compileJava",
              "outcome": "FROM_CACHE"
            },
            {
              "path": ":connect:transforms:processResources",
              "outcome": "EXECUTED"
            },
            {
              "path": ":coordinator-common:checkstyleMain",
              "outcome": "FROM_CACHE"
            },
            {
              "path": ":coordinator-common:classes",
              "outcome": "UP_TO_DATE"
            },
            {
              "path": ":coordinator-common:compileJava",
              "outcome": "FROM_CACHE"
            },
            {
              "path": ":coordinator-common:compileTestJava",
              "outcome": "FROM_CACHE"
            },
            {
              "path": ":coordinator-common:processResources",
              "outcome": "NO_SOURCE"
            },
            {
              "path": ":coordinator-common:processTestResources",
              "outcome": "EXECUTED"
            },
            {
              "path": ":coordinator-common:testClasses",
              "outcome": "EXECUTED"
            },
            {
              "path": ":core:checkstyleMain",
              "outcome": "FROM_CACHE"
            },
            {
              "path": ":core:classes",
              "outcome": "UP_TO_DATE"
            },
            {
              "path": ":core:compileJava",
              "outcome": "NO_SOURCE"
            },
            {
              "path": ":core:compileScala",
              "outcome": "FROM_CACHE"
            },
            {
              "path": ":core:processResources",
              "outcome": "NO_SOURCE"
            },
            {
              "path": ":examples:checkstyleMain",
              "outcome": "FROM_CACHE"
            },
            {
              "path": ":examples:classes",
              "outcome": "UP_TO_DATE"
            },
            {
              "path": ":examples:compileJava",
              "outcome": "FROM_CACHE"
            },
            {
              "path": ":examples:processResources",
              "outcome": "NO_SOURCE"
            },
            {
              "path": ":generator:checkstyleMain",
              "outcome": "FROM_CACHE"
            },
            {
              "path": ":generator:classes",
              "outcome": "UP_TO_DATE"
            },
            {
              "path": ":generator:compileJava",
              "outcome": "FROM_CACHE"
            },
            {
              "path": ":generator:jar",
              "outcome": "EXECUTED"
            },
            {
              "path": ":generator:processResources",
              "outcome": "NO_SOURCE"
            },
            {
              "path": ":group-coordinator:checkstyleMain",
              "outcome": "FROM_CACHE"
            },
            {
              "path": ":group-coordinator:classes",
              "outcome": "EXECUTED"
            },
            {
              "path": ":group-coordinator:compileJava",
              "outcome": "FROM_CACHE"
            },
            {
              "path": ":group-coordinator:group-coordinator-api:checkstyleMain",
              "outcome": "FROM_CACHE"
            },
            {
              "path": ":group-coordinator:group-coordinator-api:classes",
              "outcome": "UP_TO_DATE"
            },
            {
              "path": ":group-coordinator:group-coordinator-api:compileJava",
              "outcome": "FROM_CACHE"
            },
            {
              "path": ":group-coordinator:group-coordinator-api:processResources",
              "outcome": "NO_SOURCE"
            },
            {
              "path": ":group-coordinator:processMessages",
              "outcome": "FROM_CACHE"
            },
            {
              "path": ":group-coordinator:processResources",
              "outcome": "EXECUTED"
            },
            {
              "path": ":jmh-benchmarks:checkstyleMain",
              "outcome": "EXECUTED"
            },
            {
              "path": ":jmh-benchmarks:classes",
              "outcome": "UP_TO_DATE"
            },
            {
              "path": ":jmh-benchmarks:compileJava",
              "outcome": "FROM_CACHE"
            },
            {
              "path": ":jmh-benchmarks:processResources",
              "outcome": "NO_SOURCE"
            },
            {
              "path": ":metadata:checkstyleMain",
              "outcome": "FROM_CACHE"
            },
            {
              "path": ":metadata:classes",
              "outcome": "EXECUTED"
            },
            {
              "path": ":metadata:compileJava",
              "outcome": "FROM_CACHE"
            },
            {
              "path": ":metadata:compileTestJava",
              "outcome": "FROM_CACHE"
            },
            {
              "path": ":metadata:processMessages",
              "outcome": "FROM_CACHE"
            },
            {
              "path": ":metadata:processResources",
              "outcome": "EXECUTED"
            },
            {
              "path": ":metadata:processTestResources",
              "outcome": "EXECUTED"
            },
            {
              "path": ":metadata:testClasses",
              "outcome": "EXECUTED"
            },
            {
              "path": ":raft:checkstyleMain",
              "outcome": "FROM_CACHE"
            },
            {
              "path": ":raft:classes",
              "outcome": "EXECUTED"
            },
            {
              "path": ":raft:compileJava",
              "outcome": "FROM_CACHE"
            },
            {
              "path": ":raft:compileTestJava",
              "outcome": "FROM_CACHE"
            },
            {
              "path": ":raft:processMessages",
              "outcome": "FROM_CACHE"
            },
            {
              "path": ":raft:processResources",
              "outcome": "EXECUTED"
            },
            {
              "path": ":raft:processTestResources",
              "outcome": "EXECUTED"
            },
            {
              "path": ":raft:testClasses",
              "outcome": "EXECUTED"
            },
            {
              "path": ":server-common:checkstyleMain",
              "outcome": "FROM_CACHE"
            },
            {
              "path": ":server-common:classes",
              "outcome": "UP_TO_DATE"
            },
            {
              "path": ":server-common:compileJava",
              "outcome": "FROM_CACHE"
            },
            {
              "path": ":server-common:compileTestJava",
              "outcome": "FROM_CACHE"
            },
            {
              "path": ":server-common:processResources",
              "outcome": "NO_SOURCE"
            },
            {
              "path": ":server-common:processTestResources",
              "outcome": "EXECUTED"
            },
            {
              "path": ":server-common:testClasses",
              "outcome": "EXECUTED"
            },
            {
              "path": ":server:checkstyleMain",
              "outcome": "FROM_CACHE"
            },
            {
              "path": ":server:classes",
              "outcome": "UP_TO_DATE"
            },
            {
              "path": ":server:compileJava",
              "outcome": "FROM_CACHE"
            },
            {
              "path": ":server:processResources",
              "outcome": "NO_SOURCE"
            },
            {
              "path": ":share-coordinator:checkstyleMain",
              "outcome": "FROM_CACHE"
            },
            {
              "path": ":share-coordinator:classes",
              "outcome": "EXECUTED"
            },
            {
              "path": ":share-coordinator:compileJava",
              "outcome": "FROM_CACHE"
            },
            {
              "path": ":share-coordinator:processMessages",
              "outcome": "FROM_CACHE"
            },
            {
              "path": ":share-coordinator:processResources",
              "outcome": "EXECUTED"
            },
            {
              "path": ":shell:checkstyleMain",
              "outcome": "FROM_CACHE"
            },
            {
              "path": ":shell:classes",
              "outcome": "UP_TO_DATE"
            },
            {
              "path": ":shell:compileJava",
              "outcome": "FROM_CACHE"
            },
            {
              "path": ":shell:processResources",
              "outcome": "NO_SOURCE"
            },
            {
              "path": ":storage:checkstyleMain",
              "outcome": "FROM_CACHE"
            },
            {
              "path": ":storage:classes",
              "outcome": "EXECUTED"
            },
            {
              "path": ":storage:compileJava",
              "outcome": "FROM_CACHE"
            },
            {
              "path": ":storage:processMessages",
              "outcome": "FROM_CACHE"
            },
            {
              "path": ":storage:processResources",
              "outcome": "EXECUTED"
            },
            {
              "path": ":storage:storage-api:checkstyleMain",
              "outcome": "FROM_CACHE"
            },
            {
              "path": ":storage:storage-api:classes",
              "outcome": "UP_TO_DATE"
            },
            {
              "path": ":storage:storage-api:compileJava",
              "outcome": "FROM_CACHE"
            },
            {
              "path": ":storage:storage-api:processResources",
              "outcome": "NO_SOURCE"
            },
            {
              "path": ":streams:checkstyleMain",
              "outcome": "EXECUTED"
            },
            {
              "path": ":streams:classes",
              "outcome": "EXECUTED"
            },
            {
              "path": ":streams:compileJava",
              "outcome": "FROM_CACHE"
            },
            {
              "path": ":streams:examples:checkstyleMain",
              "outcome": "EXECUTED"
            },
            {
              "path": ":streams:examples:classes",
              "outcome": "UP_TO_DATE"
            },
            {
              "path": ":streams:examples:compileJava",
              "outcome": "FROM_CACHE"
            },
            {
              "path": ":streams:examples:processResources",
              "outcome": "NO_SOURCE"
            },
            {
              "path": ":streams:integration-tests:checkstyleMain",
              "outcome": "NO_SOURCE"
            },
            {
              "path": ":streams:integration-tests:classes",
              "outcome": "UP_TO_DATE"
            },
            {
              "path": ":streams:integration-tests:compileJava",
              "outcome": "NO_SOURCE"
            },
            {
              "path": ":streams:integration-tests:compileScala",
              "outcome": "NO_SOURCE"
            },
            {
              "path": ":streams:integration-tests:processResources",
              "outcome": "NO_SOURCE"
            },
            {
              "path": ":streams:processMessages",
              "outcome": "FROM_CACHE"
            },
            {
              "path": ":streams:processResources",
              "outcome": "EXECUTED"
            },
            {
              "path": ":streams:streams-scala:checkstyleMain",
              "outcome": "NO_SOURCE"
            },
            {
              "path": ":streams:streams-scala:classes",
              "outcome": "EXECUTED"
            },
            {
              "path": ":streams:streams-scala:compileJava",
              "outcome": "NO_SOURCE"
            },
            {
              "path": ":streams:streams-scala:compileScala",
              "outcome": "EXECUTED"
            },
            {
              "path": ":streams:streams-scala:processResources",
              "outcome": "NO_SOURCE"
            },
            {
              "path": ":streams:test-utils:checkstyleMain",
              "outcome": "EXECUTED"
            },
            {
              "path": ":streams:test-utils:classes",
              "outcome": "UP_TO_DATE"
            },
            {
              "path": ":streams:test-utils:compileJava",
              "outcome": "FROM_CACHE"
            },
            {
              "path": ":streams:test-utils:processResources",
              "outcome": "NO_SOURCE"
            },
            {
              "path": ":streams:upgrade-system-tests-0110:checkstyleMain",
              "outcome": "NO_SOURCE"
            },
            {
              "path": ":streams:upgrade-system-tests-0110:classes",
              "outcome": "UP_TO_DATE"
            },
            {
              "path": ":streams:upgrade-system-tests-0110:compileJava",
              "outcome": "NO_SOURCE"
            },
            {
              "path": ":streams:upgrade-system-tests-0110:processResources",
              "outcome": "NO_SOURCE"
            },
            {
              "path": ":streams:upgrade-system-tests-10:checkstyleMain",
              "outcome": "NO_SOURCE"
            },
            {
              "path": ":streams:upgrade-system-tests-10:classes",
              "outcome": "UP_TO_DATE"
            },
            {
              "path": ":streams:upgrade-system-tests-10:compileJava",
              "outcome": "NO_SOURCE"
            },
            {
              "path": ":streams:upgrade-system-tests-10:processResources",
              "outcome": "NO_SOURCE"
            },
            {
              "path": ":streams:upgrade-system-tests-11:checkstyleMain",
              "outcome": "NO_SOURCE"
            },
            {
              "path": ":streams:upgrade-system-tests-11:classes",
              "outcome": "UP_TO_DATE"
            },
            {
              "path": ":streams:upgrade-system-tests-11:compileJava",
              "outcome": "NO_SOURCE"
            },
            {
              "path": ":streams:upgrade-system-tests-11:processResources",
              "outcome": "NO_SOURCE"
            },
            {
              "path": ":streams:upgrade-system-tests-20:checkstyleMain",
              "outcome": "NO_SOURCE"
            },
            {
              "path": ":streams:upgrade-system-tests-20:classes",
              "outcome": "UP_TO_DATE"
            },
            {
              "path": ":streams:upgrade-system-tests-20:compileJava",
              "outcome": "NO_SOURCE"
            },
            {
              "path": ":streams:upgrade-system-tests-20:processResources",
              "outcome": "NO_SOURCE"
            },
            {
              "path": ":streams:upgrade-system-tests-21:checkstyleMain",
              "outcome": "NO_SOURCE"
            },
            {
              "path": ":streams:upgrade-system-tests-21:classes",
              "outcome": "UP_TO_DATE"
            },
            {
              "path": ":streams:upgrade-system-tests-21:compileJava",
              "outcome": "NO_SOURCE"
            },
            {
              "path": ":streams:upgrade-system-tests-21:processResources",
              "outcome": "NO_SOURCE"
            },
            {
              "path": ":streams:upgrade-system-tests-22:checkstyleMain",
              "outcome": "NO_SOURCE"
            },
            {
              "path": ":streams:upgrade-system-tests-22:classes",
              "outcome": "UP_TO_DATE"
            },
            {
              "path": ":streams:upgrade-system-tests-22:compileJava",
              "outcome": "NO_SOURCE"
            },
            {
              "path": ":streams:upgrade-system-tests-22:processResources",
              "outcome": "NO_SOURCE"
            },
            {
              "path": ":streams:upgrade-system-tests-23:checkstyleMain",
              "outcome": "NO_SOURCE"
            },
            {
              "path": ":streams:upgrade-system-tests-23:classes",
              "outcome": "UP_TO_DATE"
            },
            {
              "path": ":streams:upgrade-system-tests-23:compileJava",
              "outcome": "NO_SOURCE"
            },
            {
              "path": ":streams:upgrade-system-tests-23:processResources",
              "outcome": "NO_SOURCE"
            },
            {
              "path": ":streams:upgrade-system-tests-24:checkstyleMain",
              "outcome": "NO_SOURCE"
            },
            {
              "path": ":streams:upgrade-system-tests-24:classes",
              "outcome": "UP_TO_DATE"
            },
            {
              "path": ":streams:upgrade-system-tests-24:compileJava",
              "outcome": "NO_SOURCE"
            },
            {
              "path": ":streams:upgrade-system-tests-24:processResources",
              "outcome": "NO_SOURCE"
            },
            {
              "path": ":streams:upgrade-system-tests-25:checkstyleMain",
              "outcome": "NO_SOURCE"
            },
            {
              "path": ":streams:upgrade-system-tests-25:classes",
              "outcome": "UP_TO_DATE"
            },
            {
              "path": ":streams:upgrade-system-tests-25:compileJava",
              "outcome": "NO_SOURCE"
            },
            {
              "path": ":streams:upgrade-system-tests-25:processResources",
              "outcome": "NO_SOURCE"
            },
            {
              "path": ":streams:upgrade-system-tests-26:checkstyleMain",
              "outcome": "NO_SOURCE"
            },
            {
              "path": ":streams:upgrade-system-tests-26:classes",
              "outcome": "UP_TO_DATE"
            },
            {
              "path": ":streams:upgrade-system-tests-26:compileJava",
              "outcome": "NO_SOURCE"
            },
            {
              "path": ":streams:upgrade-system-tests-26:processResources",
              "outcome": "NO_SOURCE"
            },
            {
              "path": ":streams:upgrade-system-tests-27:checkstyleMain",
              "outcome": "NO_SOURCE"
            },
            {
              "path": ":streams:upgrade-system-tests-27:classes",
              "outcome": "UP_TO_DATE"
            },
            {
              "path": ":streams:upgrade-system-tests-27:compileJava",
              "outcome": "NO_SOURCE"
            },
            {
              "path": ":streams:upgrade-system-tests-27:processResources",
              "outcome": "NO_SOURCE"
            },
            {
              "path": ":streams:upgrade-system-tests-28:checkstyleMain",
              "outcome": "NO_SOURCE"
            },
            {
              "path": ":streams:upgrade-system-tests-28:classes",
              "outcome": "UP_TO_DATE"
            },
            {
              "path": ":streams:upgrade-system-tests-28:compileJava",
              "outcome": "NO_SOURCE"
            },
            {
              "path": ":streams:upgrade-system-tests-28:processResources",
              "outcome": "NO_SOURCE"
            },
            {
              "path": ":streams:upgrade-system-tests-30:checkstyleMain",
              "outcome": "NO_SOURCE"
            },
            {
              "path": ":streams:upgrade-system-tests-30:classes",
              "outcome": "UP_TO_DATE"
            },
            {
              "path": ":streams:upgrade-system-tests-30:compileJava",
              "outcome": "NO_SOURCE"
            },
            {
              "path": ":streams:upgrade-system-tests-30:processResources",
              "outcome": "NO_SOURCE"
            },
            {
              "path": ":streams:upgrade-system-tests-31:checkstyleMain",
              "outcome": "NO_SOURCE"
            },
            {
              "path": ":streams:upgrade-system-tests-31:classes",
              "outcome": "UP_TO_DATE"
            },
            {
              "path": ":streams:upgrade-system-tests-31:compileJava",
              "outcome": "NO_SOURCE"
            },
            {
              "path": ":streams:upgrade-system-tests-31:processResources",
              "outcome": "NO_SOURCE"
            },
            {
              "path": ":streams:upgrade-system-tests-32:checkstyleMain",
              "outcome": "NO_SOURCE"
            },
            {
              "path": ":streams:upgrade-system-tests-32:classes",
              "outcome": "UP_TO_DATE"
            },
            {
              "path": ":streams:upgrade-system-tests-32:compileJava",
              "outcome": "NO_SOURCE"
            },
            {
              "path": ":streams:upgrade-system-tests-32:processResources",
              "outcome": "NO_SOURCE"
            },
            {
              "path": ":streams:upgrade-system-tests-33:checkstyleMain",
              "outcome": "NO_SOURCE"
            },
            {
              "path": ":streams:upgrade-system-tests-33:classes",
              "outcome": "UP_TO_DATE"
            },
            {
              "path": ":streams:upgrade-system-tests-33:compileJava",
              "outcome": "NO_SOURCE"
            },
            {
              "path": ":streams:upgrade-system-tests-33:processResources",
              "outcome": "NO_SOURCE"
            },
            {
              "path": ":streams:upgrade-system-tests-34:checkstyleMain",
              "outcome": "NO_SOURCE"
            },
            {
              "path": ":streams:upgrade-system-tests-34:classes",
              "outcome": "UP_TO_DATE"
            },
            {
              "path": ":streams:upgrade-system-tests-34:compileJava",
              "outcome": "NO_SOURCE"
            },
            {
              "path": ":streams:upgrade-system-tests-34:processResources",
              "outcome": "NO_SOURCE"
            },
            {
              "path": ":streams:upgrade-system-tests-35:checkstyleMain",
              "outcome": "NO_SOURCE"
            },
            {
              "path": ":streams:upgrade-system-tests-35:classes",
              "outcome": "UP_TO_DATE"
            },
            {
              "path": ":streams:upgrade-system-tests-35:compileJava",
              "outcome": "NO_SOURCE"
            },
            {
              "path": ":streams:upgrade-system-tests-35:processResources",
              "outcome": "NO_SOURCE"
            },
            {
              "path": ":streams:upgrade-system-tests-36:checkstyleMain",
              "outcome": "NO_SOURCE"
            },
            {
              "path": ":streams:upgrade-system-tests-36:classes",
              "outcome": "UP_TO_DATE"
            },
            {
              "path": ":streams:upgrade-system-tests-36:compileJava",
              "outcome": "NO_SOURCE"
            },
            {
              "path": ":streams:upgrade-system-tests-36:processResources",
              "outcome": "NO_SOURCE"
            },
            {
              "path": ":streams:upgrade-system-tests-37:checkstyleMain",
              "outcome": "NO_SOURCE"
            },
            {
              "path": ":streams:upgrade-system-tests-37:classes",
              "outcome": "UP_TO_DATE"
            },
            {
              "path": ":streams:upgrade-system-tests-37:compileJava",
              "outcome": "NO_SOURCE"
            },
            {
              "path": ":streams:upgrade-system-tests-37:processResources",
              "outcome": "NO_SOURCE"
            },
            {
              "path": ":streams:upgrade-system-tests-38:checkstyleMain",
              "outcome": "NO_SOURCE"
            },
            {
              "path": ":streams:upgrade-system-tests-38:classes",
              "outcome": "UP_TO_DATE"
            },
            {
              "path": ":streams:upgrade-system-tests-38:compileJava",
              "outcome": "NO_SOURCE"
            },
            {
              "path": ":streams:upgrade-system-tests-38:processResources",
              "outcome": "NO_SOURCE"
            },
            {
              "path": ":streams:upgrade-system-tests-39:checkstyleMain",
              "outcome": "NO_SOURCE"
            },
            {
              "path": ":streams:upgrade-system-tests-39:classes",
              "outcome": "UP_TO_DATE"
            },
            {
              "path": ":streams:upgrade-system-tests-39:compileJava",
              "outcome": "NO_SOURCE"
            },
            {
              "path": ":streams:upgrade-system-tests-39:processResources",
              "outcome": "NO_SOURCE"
            },
            {
              "path": ":streams:upgrade-system-tests-40:checkstyleMain",
              "outcome": "NO_SOURCE"
            },
            {
              "path": ":streams:upgrade-system-tests-40:classes",
              "outcome": "UP_TO_DATE"
            },
            {
              "path": ":streams:upgrade-system-tests-40:compileJava",
              "outcome": "NO_SOURCE"
            },
            {
              "path": ":streams:upgrade-system-tests-40:processResources",
              "outcome": "NO_SOURCE"
            },
            {
              "path": ":streams:upgrade-system-tests-41:checkstyleMain",
              "outcome": "NO_SOURCE"
            },
            {
              "path": ":streams:upgrade-system-tests-41:classes",
              "outcome": "UP_TO_DATE"
            },
            {
              "path": ":streams:upgrade-system-tests-41:compileJava",
              "outcome": "NO_SOURCE"
            },
            {
              "path": ":streams:upgrade-system-tests-41:processResources",
              "outcome": "NO_SOURCE"
            },
            {
              "path": ":test-common:checkstyleMain",
              "outcome": "NO_SOURCE"
            },
            {
              "path": ":test-common:classes",
              "outcome": "UP_TO_DATE"
            },
            {
              "path": ":test-common:compileJava",
              "outcome": "NO_SOURCE"
            },
            {
              "path": ":test-common:processResources",
              "outcome": "NO_SOURCE"
            },
            {
              "path": ":test-common:test-common-internal-api:checkstyleMain",
              "outcome": "FROM_CACHE"
            },
            {
              "path": ":test-common:test-common-internal-api:classes",
              "outcome": "UP_TO_DATE"
            },
            {
              "path": ":test-common:test-common-internal-api:compileJava",
              "outcome": "FROM_CACHE"
            },
            {
              "path": ":test-common:test-common-internal-api:processResources",
              "outcome": "NO_SOURCE"
            },
            {
              "path": ":test-common:test-common-runtime:checkstyleMain",
              "outcome": "FROM_CACHE"
            },
            {
              "path": ":test-common:test-common-runtime:classes",
              "outcome": "EXECUTED"
            },
            {
              "path": ":test-common:test-common-runtime:compileJava",
              "outcome": "FROM_CACHE"
            },
            {
              "path": ":test-common:test-common-runtime:processResources",
              "outcome": "EXECUTED"
            },
            {
              "path": ":test-common:test-common-util:checkstyleMain",
              "outcome": "FROM_CACHE"
            },
            {
              "path": ":test-common:test-common-util:classes",
              "outcome": "EXECUTED"
            },
            {
              "path": ":test-common:test-common-util:compileJava",
              "outcome": "FROM_CACHE"
            },
            {
              "path": ":test-common:test-common-util:processResources",
              "outcome": "EXECUTED"
            },
            {
              "path": ":tools:checkstyleMain",
              "outcome": "FROM_CACHE"
            },
            {
              "path": ":tools:classes",
              "outcome": "UP_TO_DATE"
            },
            {
              "path": ":tools:compileJava",
              "outcome": "FROM_CACHE"
            },
            {
              "path": ":tools:processResources",
              "outcome": "NO_SOURCE"
            },
            {
              "path": ":tools:tools-api:checkstyleMain",
              "outcome": "FROM_CACHE"
            },
            {
              "path": ":tools:tools-api:classes",
              "outcome": "UP_TO_DATE"
            },
            {
              "path": ":tools:tools-api:compileJava",
              "outcome": "FROM_CACHE"
            },
            {
              "path": ":tools:tools-api:processResources",
              "outcome": "NO_SOURCE"
            },
            {
              "path": ":transaction-coordinator:checkstyleMain",
              "outcome": "FROM_CACHE"
            },
            {
              "path": ":transaction-coordinator:classes",
              "outcome": "EXECUTED"
            },
            {
              "path": ":transaction-coordinator:compileJava",
              "outcome": "FROM_CACHE"
            },
            {
              "path": ":transaction-coordinator:processMessages",
              "outcome": "FROM_CACHE"
            },
            {
              "path": ":transaction-coordinator:processResources",
              "outcome": "EXECUTED"
            },
            {
              "path": ":trogdor:checkstyleMain",
              "outcome": "FROM_CACHE"
            },
            {
              "path": ":trogdor:classes",
              "outcome": "UP_TO_DATE"
            },
            {
              "path": ":trogdor:compileJava",
              "outcome": "FROM_CACHE"
            },
            {
              "path": ":trogdor:processResources",
              "outcome": "NO_SOURCE"
            }
          ]
        },
        "hostPressure": {
          "available": true,
          "cpuSomeTotalUs": 7017914,
          "memorySomeTotalUs": 313,
          "memoryFullTotalUs": 257,
          "ioSomeTotalUs": 50181796,
          "ioFullTotalUs": 30028170
        }
      },
      {
        "phase": "TARGET_WORKLOAD_STABILITY_RECONFIRMATION",
        "durationMs": 83358,
        "logSha256": "3c289f6f86cc9bd2e8ebac618be6236bcc20caf836e78bbaaa4fabec06cc0110",
        "taskOutcomes": {
          "total": 286,
          "executed": 57,
          "fromCache": 78,
          "upToDate": 45,
          "noSource": 106,
          "skipped": 0,
          "fingerprintSha256": "a8872da5863b9a918a72717a4223a0b927bb8f76689b3bc8e50d1b597d59f87a",
          "tasks": [
            {
              "path": ":clients:checkstyleMain",
              "outcome": "EXECUTED"
            },
            {
              "path": ":clients:classes",
              "outcome": "EXECUTED"
            },
            {
              "path": ":clients:clients-integration-tests:checkstyleMain",
              "outcome": "NO_SOURCE"
            },
            {
              "path": ":clients:clients-integration-tests:classes",
              "outcome": "UP_TO_DATE"
            },
            {
              "path": ":clients:clients-integration-tests:compileJava",
              "outcome": "NO_SOURCE"
            },
            {
              "path": ":clients:clients-integration-tests:processResources",
              "outcome": "NO_SOURCE"
            },
            {
              "path": ":clients:compileJava",
              "outcome": "EXECUTED"
            },
            {
              "path": ":clients:compileTestJava",
              "outcome": "FROM_CACHE"
            },
            {
              "path": ":clients:createVersionFile",
              "outcome": "EXECUTED"
            },
            {
              "path": ":clients:processMessages",
              "outcome": "FROM_CACHE"
            },
            {
              "path": ":clients:processResources",
              "outcome": "EXECUTED"
            },
            {
              "path": ":clients:processTestMessages",
              "outcome": "FROM_CACHE"
            },
            {
              "path": ":clients:processTestResources",
              "outcome": "EXECUTED"
            },
            {
              "path": ":clients:shadowJar",
              "outcome": "EXECUTED"
            },
            {
              "path": ":clients:testClasses",
              "outcome": "EXECUTED"
            },
            {
              "path": ":connect:api:checkstyleMain",
              "outcome": "FROM_CACHE"
            },
            {
              "path": ":connect:api:classes",
              "outcome": "EXECUTED"
            },
            {
              "path": ":connect:api:compileJava",
              "outcome": "FROM_CACHE"
            },
            {
              "path": ":connect:api:processResources",
              "outcome": "EXECUTED"
            },
            {
              "path": ":connect:basic-auth-extension:checkstyleMain",
              "outcome": "FROM_CACHE"
            },
            {
              "path": ":connect:basic-auth-extension:classes",
              "outcome": "EXECUTED"
            },
            {
              "path": ":connect:basic-auth-extension:compileJava",
              "outcome": "FROM_CACHE"
            },
            {
              "path": ":connect:basic-auth-extension:processResources",
              "outcome": "EXECUTED"
            },
            {
              "path": ":connect:checkstyleMain",
              "outcome": "NO_SOURCE"
            },
            {
              "path": ":connect:classes",
              "outcome": "UP_TO_DATE"
            },
            {
              "path": ":connect:compileJava",
              "outcome": "NO_SOURCE"
            },
            {
              "path": ":connect:file:checkstyleMain",
              "outcome": "FROM_CACHE"
            },
            {
              "path": ":connect:file:classes",
              "outcome": "EXECUTED"
            },
            {
              "path": ":connect:file:compileJava",
              "outcome": "FROM_CACHE"
            },
            {
              "path": ":connect:file:processResources",
              "outcome": "EXECUTED"
            },
            {
              "path": ":connect:json:checkstyleMain",
              "outcome": "FROM_CACHE"
            },
            {
              "path": ":connect:json:classes",
              "outcome": "EXECUTED"
            },
            {
              "path": ":connect:json:compileJava",
              "outcome": "FROM_CACHE"
            },
            {
              "path": ":connect:json:processResources",
              "outcome": "EXECUTED"
            },
            {
              "path": ":connect:mirror-client:checkstyleMain",
              "outcome": "FROM_CACHE"
            },
            {
              "path": ":connect:mirror-client:classes",
              "outcome": "UP_TO_DATE"
            },
            {
              "path": ":connect:mirror-client:compileJava",
              "outcome": "FROM_CACHE"
            },
            {
              "path": ":connect:mirror-client:processResources",
              "outcome": "NO_SOURCE"
            },
            {
              "path": ":connect:mirror:checkstyleMain",
              "outcome": "FROM_CACHE"
            },
            {
              "path": ":connect:mirror:classes",
              "outcome": "EXECUTED"
            },
            {
              "path": ":connect:mirror:compileJava",
              "outcome": "FROM_CACHE"
            },
            {
              "path": ":connect:mirror:processResources",
              "outcome": "EXECUTED"
            },
            {
              "path": ":connect:processResources",
              "outcome": "NO_SOURCE"
            },
            {
              "path": ":connect:runtime:checkstyleMain",
              "outcome": "FROM_CACHE"
            },
            {
              "path": ":connect:runtime:classes",
              "outcome": "EXECUTED"
            },
            {
              "path": ":connect:runtime:compileJava",
              "outcome": "FROM_CACHE"
            },
            {
              "path": ":connect:runtime:processResources",
              "outcome": "EXECUTED"
            },
            {
              "path": ":connect:test-plugins:checkstyleMain",
              "outcome": "FROM_CACHE"
            },
            {
              "path": ":connect:test-plugins:classes",
              "outcome": "EXECUTED"
            },
            {
              "path": ":connect:test-plugins:compileJava",
              "outcome": "FROM_CACHE"
            },
            {
              "path": ":connect:test-plugins:processResources",
              "outcome": "EXECUTED"
            },
            {
              "path": ":connect:transforms:checkstyleMain",
              "outcome": "FROM_CACHE"
            },
            {
              "path": ":connect:transforms:classes",
              "outcome": "EXECUTED"
            },
            {
              "path": ":connect:transforms:compileJava",
              "outcome": "FROM_CACHE"
            },
            {
              "path": ":connect:transforms:processResources",
              "outcome": "EXECUTED"
            },
            {
              "path": ":coordinator-common:checkstyleMain",
              "outcome": "FROM_CACHE"
            },
            {
              "path": ":coordinator-common:classes",
              "outcome": "UP_TO_DATE"
            },
            {
              "path": ":coordinator-common:compileJava",
              "outcome": "FROM_CACHE"
            },
            {
              "path": ":coordinator-common:compileTestJava",
              "outcome": "FROM_CACHE"
            },
            {
              "path": ":coordinator-common:processResources",
              "outcome": "NO_SOURCE"
            },
            {
              "path": ":coordinator-common:processTestResources",
              "outcome": "EXECUTED"
            },
            {
              "path": ":coordinator-common:testClasses",
              "outcome": "EXECUTED"
            },
            {
              "path": ":core:checkstyleMain",
              "outcome": "FROM_CACHE"
            },
            {
              "path": ":core:classes",
              "outcome": "UP_TO_DATE"
            },
            {
              "path": ":core:compileJava",
              "outcome": "NO_SOURCE"
            },
            {
              "path": ":core:compileScala",
              "outcome": "FROM_CACHE"
            },
            {
              "path": ":core:processResources",
              "outcome": "NO_SOURCE"
            },
            {
              "path": ":examples:checkstyleMain",
              "outcome": "FROM_CACHE"
            },
            {
              "path": ":examples:classes",
              "outcome": "UP_TO_DATE"
            },
            {
              "path": ":examples:compileJava",
              "outcome": "FROM_CACHE"
            },
            {
              "path": ":examples:processResources",
              "outcome": "NO_SOURCE"
            },
            {
              "path": ":generator:checkstyleMain",
              "outcome": "FROM_CACHE"
            },
            {
              "path": ":generator:classes",
              "outcome": "UP_TO_DATE"
            },
            {
              "path": ":generator:compileJava",
              "outcome": "FROM_CACHE"
            },
            {
              "path": ":generator:jar",
              "outcome": "EXECUTED"
            },
            {
              "path": ":generator:processResources",
              "outcome": "NO_SOURCE"
            },
            {
              "path": ":group-coordinator:checkstyleMain",
              "outcome": "FROM_CACHE"
            },
            {
              "path": ":group-coordinator:classes",
              "outcome": "EXECUTED"
            },
            {
              "path": ":group-coordinator:compileJava",
              "outcome": "FROM_CACHE"
            },
            {
              "path": ":group-coordinator:group-coordinator-api:checkstyleMain",
              "outcome": "FROM_CACHE"
            },
            {
              "path": ":group-coordinator:group-coordinator-api:classes",
              "outcome": "UP_TO_DATE"
            },
            {
              "path": ":group-coordinator:group-coordinator-api:compileJava",
              "outcome": "FROM_CACHE"
            },
            {
              "path": ":group-coordinator:group-coordinator-api:processResources",
              "outcome": "NO_SOURCE"
            },
            {
              "path": ":group-coordinator:processMessages",
              "outcome": "FROM_CACHE"
            },
            {
              "path": ":group-coordinator:processResources",
              "outcome": "EXECUTED"
            },
            {
              "path": ":jmh-benchmarks:checkstyleMain",
              "outcome": "EXECUTED"
            },
            {
              "path": ":jmh-benchmarks:classes",
              "outcome": "UP_TO_DATE"
            },
            {
              "path": ":jmh-benchmarks:compileJava",
              "outcome": "FROM_CACHE"
            },
            {
              "path": ":jmh-benchmarks:processResources",
              "outcome": "NO_SOURCE"
            },
            {
              "path": ":metadata:checkstyleMain",
              "outcome": "FROM_CACHE"
            },
            {
              "path": ":metadata:classes",
              "outcome": "EXECUTED"
            },
            {
              "path": ":metadata:compileJava",
              "outcome": "FROM_CACHE"
            },
            {
              "path": ":metadata:compileTestJava",
              "outcome": "FROM_CACHE"
            },
            {
              "path": ":metadata:processMessages",
              "outcome": "FROM_CACHE"
            },
            {
              "path": ":metadata:processResources",
              "outcome": "EXECUTED"
            },
            {
              "path": ":metadata:processTestResources",
              "outcome": "EXECUTED"
            },
            {
              "path": ":metadata:testClasses",
              "outcome": "EXECUTED"
            },
            {
              "path": ":raft:checkstyleMain",
              "outcome": "FROM_CACHE"
            },
            {
              "path": ":raft:classes",
              "outcome": "EXECUTED"
            },
            {
              "path": ":raft:compileJava",
              "outcome": "FROM_CACHE"
            },
            {
              "path": ":raft:compileTestJava",
              "outcome": "FROM_CACHE"
            },
            {
              "path": ":raft:processMessages",
              "outcome": "FROM_CACHE"
            },
            {
              "path": ":raft:processResources",
              "outcome": "EXECUTED"
            },
            {
              "path": ":raft:processTestResources",
              "outcome": "EXECUTED"
            },
            {
              "path": ":raft:testClasses",
              "outcome": "EXECUTED"
            },
            {
              "path": ":server-common:checkstyleMain",
              "outcome": "FROM_CACHE"
            },
            {
              "path": ":server-common:classes",
              "outcome": "UP_TO_DATE"
            },
            {
              "path": ":server-common:compileJava",
              "outcome": "FROM_CACHE"
            },
            {
              "path": ":server-common:compileTestJava",
              "outcome": "FROM_CACHE"
            },
            {
              "path": ":server-common:processResources",
              "outcome": "NO_SOURCE"
            },
            {
              "path": ":server-common:processTestResources",
              "outcome": "EXECUTED"
            },
            {
              "path": ":server-common:testClasses",
              "outcome": "EXECUTED"
            },
            {
              "path": ":server:checkstyleMain",
              "outcome": "FROM_CACHE"
            },
            {
              "path": ":server:classes",
              "outcome": "UP_TO_DATE"
            },
            {
              "path": ":server:compileJava",
              "outcome": "FROM_CACHE"
            },
            {
              "path": ":server:processResources",
              "outcome": "NO_SOURCE"
            },
            {
              "path": ":share-coordinator:checkstyleMain",
              "outcome": "FROM_CACHE"
            },
            {
              "path": ":share-coordinator:classes",
              "outcome": "EXECUTED"
            },
            {
              "path": ":share-coordinator:compileJava",
              "outcome": "FROM_CACHE"
            },
            {
              "path": ":share-coordinator:processMessages",
              "outcome": "FROM_CACHE"
            },
            {
              "path": ":share-coordinator:processResources",
              "outcome": "EXECUTED"
            },
            {
              "path": ":shell:checkstyleMain",
              "outcome": "FROM_CACHE"
            },
            {
              "path": ":shell:classes",
              "outcome": "UP_TO_DATE"
            },
            {
              "path": ":shell:compileJava",
              "outcome": "FROM_CACHE"
            },
            {
              "path": ":shell:processResources",
              "outcome": "NO_SOURCE"
            },
            {
              "path": ":storage:checkstyleMain",
              "outcome": "FROM_CACHE"
            },
            {
              "path": ":storage:classes",
              "outcome": "EXECUTED"
            },
            {
              "path": ":storage:compileJava",
              "outcome": "FROM_CACHE"
            },
            {
              "path": ":storage:processMessages",
              "outcome": "FROM_CACHE"
            },
            {
              "path": ":storage:processResources",
              "outcome": "EXECUTED"
            },
            {
              "path": ":storage:storage-api:checkstyleMain",
              "outcome": "FROM_CACHE"
            },
            {
              "path": ":storage:storage-api:classes",
              "outcome": "UP_TO_DATE"
            },
            {
              "path": ":storage:storage-api:compileJava",
              "outcome": "FROM_CACHE"
            },
            {
              "path": ":storage:storage-api:processResources",
              "outcome": "NO_SOURCE"
            },
            {
              "path": ":streams:checkstyleMain",
              "outcome": "EXECUTED"
            },
            {
              "path": ":streams:classes",
              "outcome": "EXECUTED"
            },
            {
              "path": ":streams:compileJava",
              "outcome": "FROM_CACHE"
            },
            {
              "path": ":streams:examples:checkstyleMain",
              "outcome": "EXECUTED"
            },
            {
              "path": ":streams:examples:classes",
              "outcome": "UP_TO_DATE"
            },
            {
              "path": ":streams:examples:compileJava",
              "outcome": "FROM_CACHE"
            },
            {
              "path": ":streams:examples:processResources",
              "outcome": "NO_SOURCE"
            },
            {
              "path": ":streams:integration-tests:checkstyleMain",
              "outcome": "NO_SOURCE"
            },
            {
              "path": ":streams:integration-tests:classes",
              "outcome": "UP_TO_DATE"
            },
            {
              "path": ":streams:integration-tests:compileJava",
              "outcome": "NO_SOURCE"
            },
            {
              "path": ":streams:integration-tests:compileScala",
              "outcome": "NO_SOURCE"
            },
            {
              "path": ":streams:integration-tests:processResources",
              "outcome": "NO_SOURCE"
            },
            {
              "path": ":streams:processMessages",
              "outcome": "FROM_CACHE"
            },
            {
              "path": ":streams:processResources",
              "outcome": "EXECUTED"
            },
            {
              "path": ":streams:streams-scala:checkstyleMain",
              "outcome": "NO_SOURCE"
            },
            {
              "path": ":streams:streams-scala:classes",
              "outcome": "EXECUTED"
            },
            {
              "path": ":streams:streams-scala:compileJava",
              "outcome": "NO_SOURCE"
            },
            {
              "path": ":streams:streams-scala:compileScala",
              "outcome": "EXECUTED"
            },
            {
              "path": ":streams:streams-scala:processResources",
              "outcome": "NO_SOURCE"
            },
            {
              "path": ":streams:test-utils:checkstyleMain",
              "outcome": "EXECUTED"
            },
            {
              "path": ":streams:test-utils:classes",
              "outcome": "UP_TO_DATE"
            },
            {
              "path": ":streams:test-utils:compileJava",
              "outcome": "FROM_CACHE"
            },
            {
              "path": ":streams:test-utils:processResources",
              "outcome": "NO_SOURCE"
            },
            {
              "path": ":streams:upgrade-system-tests-0110:checkstyleMain",
              "outcome": "NO_SOURCE"
            },
            {
              "path": ":streams:upgrade-system-tests-0110:classes",
              "outcome": "UP_TO_DATE"
            },
            {
              "path": ":streams:upgrade-system-tests-0110:compileJava",
              "outcome": "NO_SOURCE"
            },
            {
              "path": ":streams:upgrade-system-tests-0110:processResources",
              "outcome": "NO_SOURCE"
            },
            {
              "path": ":streams:upgrade-system-tests-10:checkstyleMain",
              "outcome": "NO_SOURCE"
            },
            {
              "path": ":streams:upgrade-system-tests-10:classes",
              "outcome": "UP_TO_DATE"
            },
            {
              "path": ":streams:upgrade-system-tests-10:compileJava",
              "outcome": "NO_SOURCE"
            },
            {
              "path": ":streams:upgrade-system-tests-10:processResources",
              "outcome": "NO_SOURCE"
            },
            {
              "path": ":streams:upgrade-system-tests-11:checkstyleMain",
              "outcome": "NO_SOURCE"
            },
            {
              "path": ":streams:upgrade-system-tests-11:classes",
              "outcome": "UP_TO_DATE"
            },
            {
              "path": ":streams:upgrade-system-tests-11:compileJava",
              "outcome": "NO_SOURCE"
            },
            {
              "path": ":streams:upgrade-system-tests-11:processResources",
              "outcome": "NO_SOURCE"
            },
            {
              "path": ":streams:upgrade-system-tests-20:checkstyleMain",
              "outcome": "NO_SOURCE"
            },
            {
              "path": ":streams:upgrade-system-tests-20:classes",
              "outcome": "UP_TO_DATE"
            },
            {
              "path": ":streams:upgrade-system-tests-20:compileJava",
              "outcome": "NO_SOURCE"
            },
            {
              "path": ":streams:upgrade-system-tests-20:processResources",
              "outcome": "NO_SOURCE"
            },
            {
              "path": ":streams:upgrade-system-tests-21:checkstyleMain",
              "outcome": "NO_SOURCE"
            },
            {
              "path": ":streams:upgrade-system-tests-21:classes",
              "outcome": "UP_TO_DATE"
            },
            {
              "path": ":streams:upgrade-system-tests-21:compileJava",
              "outcome": "NO_SOURCE"
            },
            {
              "path": ":streams:upgrade-system-tests-21:processResources",
              "outcome": "NO_SOURCE"
            },
            {
              "path": ":streams:upgrade-system-tests-22:checkstyleMain",
              "outcome": "NO_SOURCE"
            },
            {
              "path": ":streams:upgrade-system-tests-22:classes",
              "outcome": "UP_TO_DATE"
            },
            {
              "path": ":streams:upgrade-system-tests-22:compileJava",
              "outcome": "NO_SOURCE"
            },
            {
              "path": ":streams:upgrade-system-tests-22:processResources",
              "outcome": "NO_SOURCE"
            },
            {
              "path": ":streams:upgrade-system-tests-23:checkstyleMain",
              "outcome": "NO_SOURCE"
            },
            {
              "path": ":streams:upgrade-system-tests-23:classes",
              "outcome": "UP_TO_DATE"
            },
            {
              "path": ":streams:upgrade-system-tests-23:compileJava",
              "outcome": "NO_SOURCE"
            },
            {
              "path": ":streams:upgrade-system-tests-23:processResources",
              "outcome": "NO_SOURCE"
            },
            {
              "path": ":streams:upgrade-system-tests-24:checkstyleMain",
              "outcome": "NO_SOURCE"
            },
            {
              "path": ":streams:upgrade-system-tests-24:classes",
              "outcome": "UP_TO_DATE"
            },
            {
              "path": ":streams:upgrade-system-tests-24:compileJava",
              "outcome": "NO_SOURCE"
            },
            {
              "path": ":streams:upgrade-system-tests-24:processResources",
              "outcome": "NO_SOURCE"
            },
            {
              "path": ":streams:upgrade-system-tests-25:checkstyleMain",
              "outcome": "NO_SOURCE"
            },
            {
              "path": ":streams:upgrade-system-tests-25:classes",
              "outcome": "UP_TO_DATE"
            },
            {
              "path": ":streams:upgrade-system-tests-25:compileJava",
              "outcome": "NO_SOURCE"
            },
            {
              "path": ":streams:upgrade-system-tests-25:processResources",
              "outcome": "NO_SOURCE"
            },
            {
              "path": ":streams:upgrade-system-tests-26:checkstyleMain",
              "outcome": "NO_SOURCE"
            },
            {
              "path": ":streams:upgrade-system-tests-26:classes",
              "outcome": "UP_TO_DATE"
            },
            {
              "path": ":streams:upgrade-system-tests-26:compileJava",
              "outcome": "NO_SOURCE"
            },
            {
              "path": ":streams:upgrade-system-tests-26:processResources",
              "outcome": "NO_SOURCE"
            },
            {
              "path": ":streams:upgrade-system-tests-27:checkstyleMain",
              "outcome": "NO_SOURCE"
            },
            {
              "path": ":streams:upgrade-system-tests-27:classes",
              "outcome": "UP_TO_DATE"
            },
            {
              "path": ":streams:upgrade-system-tests-27:compileJava",
              "outcome": "NO_SOURCE"
            },
            {
              "path": ":streams:upgrade-system-tests-27:processResources",
              "outcome": "NO_SOURCE"
            },
            {
              "path": ":streams:upgrade-system-tests-28:checkstyleMain",
              "outcome": "NO_SOURCE"
            },
            {
              "path": ":streams:upgrade-system-tests-28:classes",
              "outcome": "UP_TO_DATE"
            },
            {
              "path": ":streams:upgrade-system-tests-28:compileJava",
              "outcome": "NO_SOURCE"
            },
            {
              "path": ":streams:upgrade-system-tests-28:processResources",
              "outcome": "NO_SOURCE"
            },
            {
              "path": ":streams:upgrade-system-tests-30:checkstyleMain",
              "outcome": "NO_SOURCE"
            },
            {
              "path": ":streams:upgrade-system-tests-30:classes",
              "outcome": "UP_TO_DATE"
            },
            {
              "path": ":streams:upgrade-system-tests-30:compileJava",
              "outcome": "NO_SOURCE"
            },
            {
              "path": ":streams:upgrade-system-tests-30:processResources",
              "outcome": "NO_SOURCE"
            },
            {
              "path": ":streams:upgrade-system-tests-31:checkstyleMain",
              "outcome": "NO_SOURCE"
            },
            {
              "path": ":streams:upgrade-system-tests-31:classes",
              "outcome": "UP_TO_DATE"
            },
            {
              "path": ":streams:upgrade-system-tests-31:compileJava",
              "outcome": "NO_SOURCE"
            },
            {
              "path": ":streams:upgrade-system-tests-31:processResources",
              "outcome": "NO_SOURCE"
            },
            {
              "path": ":streams:upgrade-system-tests-32:checkstyleMain",
              "outcome": "NO_SOURCE"
            },
            {
              "path": ":streams:upgrade-system-tests-32:classes",
              "outcome": "UP_TO_DATE"
            },
            {
              "path": ":streams:upgrade-system-tests-32:compileJava",
              "outcome": "NO_SOURCE"
            },
            {
              "path": ":streams:upgrade-system-tests-32:processResources",
              "outcome": "NO_SOURCE"
            },
            {
              "path": ":streams:upgrade-system-tests-33:checkstyleMain",
              "outcome": "NO_SOURCE"
            },
            {
              "path": ":streams:upgrade-system-tests-33:classes",
              "outcome": "UP_TO_DATE"
            },
            {
              "path": ":streams:upgrade-system-tests-33:compileJava",
              "outcome": "NO_SOURCE"
            },
            {
              "path": ":streams:upgrade-system-tests-33:processResources",
              "outcome": "NO_SOURCE"
            },
            {
              "path": ":streams:upgrade-system-tests-34:checkstyleMain",
              "outcome": "NO_SOURCE"
            },
            {
              "path": ":streams:upgrade-system-tests-34:classes",
              "outcome": "UP_TO_DATE"
            },
            {
              "path": ":streams:upgrade-system-tests-34:compileJava",
              "outcome": "NO_SOURCE"
            },
            {
              "path": ":streams:upgrade-system-tests-34:processResources",
              "outcome": "NO_SOURCE"
            },
            {
              "path": ":streams:upgrade-system-tests-35:checkstyleMain",
              "outcome": "NO_SOURCE"
            },
            {
              "path": ":streams:upgrade-system-tests-35:classes",
              "outcome": "UP_TO_DATE"
            },
            {
              "path": ":streams:upgrade-system-tests-35:compileJava",
              "outcome": "NO_SOURCE"
            },
            {
              "path": ":streams:upgrade-system-tests-35:processResources",
              "outcome": "NO_SOURCE"
            },
            {
              "path": ":streams:upgrade-system-tests-36:checkstyleMain",
              "outcome": "NO_SOURCE"
            },
            {
              "path": ":streams:upgrade-system-tests-36:classes",
              "outcome": "UP_TO_DATE"
            },
            {
              "path": ":streams:upgrade-system-tests-36:compileJava",
              "outcome": "NO_SOURCE"
            },
            {
              "path": ":streams:upgrade-system-tests-36:processResources",
              "outcome": "NO_SOURCE"
            },
            {
              "path": ":streams:upgrade-system-tests-37:checkstyleMain",
              "outcome": "NO_SOURCE"
            },
            {
              "path": ":streams:upgrade-system-tests-37:classes",
              "outcome": "UP_TO_DATE"
            },
            {
              "path": ":streams:upgrade-system-tests-37:compileJava",
              "outcome": "NO_SOURCE"
            },
            {
              "path": ":streams:upgrade-system-tests-37:processResources",
              "outcome": "NO_SOURCE"
            },
            {
              "path": ":streams:upgrade-system-tests-38:checkstyleMain",
              "outcome": "NO_SOURCE"
            },
            {
              "path": ":streams:upgrade-system-tests-38:classes",
              "outcome": "UP_TO_DATE"
            },
            {
              "path": ":streams:upgrade-system-tests-38:compileJava",
              "outcome": "NO_SOURCE"
            },
            {
              "path": ":streams:upgrade-system-tests-38:processResources",
              "outcome": "NO_SOURCE"
            },
            {
              "path": ":streams:upgrade-system-tests-39:checkstyleMain",
              "outcome": "NO_SOURCE"
            },
            {
              "path": ":streams:upgrade-system-tests-39:classes",
              "outcome": "UP_TO_DATE"
            },
            {
              "path": ":streams:upgrade-system-tests-39:compileJava",
              "outcome": "NO_SOURCE"
            },
            {
              "path": ":streams:upgrade-system-tests-39:processResources",
              "outcome": "NO_SOURCE"
            },
            {
              "path": ":streams:upgrade-system-tests-40:checkstyleMain",
              "outcome": "NO_SOURCE"
            },
            {
              "path": ":streams:upgrade-system-tests-40:classes",
              "outcome": "UP_TO_DATE"
            },
            {
              "path": ":streams:upgrade-system-tests-40:compileJava",
              "outcome": "NO_SOURCE"
            },
            {
              "path": ":streams:upgrade-system-tests-40:processResources",
              "outcome": "NO_SOURCE"
            },
            {
              "path": ":streams:upgrade-system-tests-41:checkstyleMain",
              "outcome": "NO_SOURCE"
            },
            {
              "path": ":streams:upgrade-system-tests-41:classes",
              "outcome": "UP_TO_DATE"
            },
            {
              "path": ":streams:upgrade-system-tests-41:compileJava",
              "outcome": "NO_SOURCE"
            },
            {
              "path": ":streams:upgrade-system-tests-41:processResources",
              "outcome": "NO_SOURCE"
            },
            {
              "path": ":test-common:checkstyleMain",
              "outcome": "NO_SOURCE"
            },
            {
              "path": ":test-common:classes",
              "outcome": "UP_TO_DATE"
            },
            {
              "path": ":test-common:compileJava",
              "outcome": "NO_SOURCE"
            },
            {
              "path": ":test-common:processResources",
              "outcome": "NO_SOURCE"
            },
            {
              "path": ":test-common:test-common-internal-api:checkstyleMain",
              "outcome": "FROM_CACHE"
            },
            {
              "path": ":test-common:test-common-internal-api:classes",
              "outcome": "UP_TO_DATE"
            },
            {
              "path": ":test-common:test-common-internal-api:compileJava",
              "outcome": "FROM_CACHE"
            },
            {
              "path": ":test-common:test-common-internal-api:processResources",
              "outcome": "NO_SOURCE"
            },
            {
              "path": ":test-common:test-common-runtime:checkstyleMain",
              "outcome": "FROM_CACHE"
            },
            {
              "path": ":test-common:test-common-runtime:classes",
              "outcome": "EXECUTED"
            },
            {
              "path": ":test-common:test-common-runtime:compileJava",
              "outcome": "FROM_CACHE"
            },
            {
              "path": ":test-common:test-common-runtime:processResources",
              "outcome": "EXECUTED"
            },
            {
              "path": ":test-common:test-common-util:checkstyleMain",
              "outcome": "FROM_CACHE"
            },
            {
              "path": ":test-common:test-common-util:classes",
              "outcome": "EXECUTED"
            },
            {
              "path": ":test-common:test-common-util:compileJava",
              "outcome": "FROM_CACHE"
            },
            {
              "path": ":test-common:test-common-util:processResources",
              "outcome": "EXECUTED"
            },
            {
              "path": ":tools:checkstyleMain",
              "outcome": "FROM_CACHE"
            },
            {
              "path": ":tools:classes",
              "outcome": "UP_TO_DATE"
            },
            {
              "path": ":tools:compileJava",
              "outcome": "FROM_CACHE"
            },
            {
              "path": ":tools:processResources",
              "outcome": "NO_SOURCE"
            },
            {
              "path": ":tools:tools-api:checkstyleMain",
              "outcome": "FROM_CACHE"
            },
            {
              "path": ":tools:tools-api:classes",
              "outcome": "UP_TO_DATE"
            },
            {
              "path": ":tools:tools-api:compileJava",
              "outcome": "FROM_CACHE"
            },
            {
              "path": ":tools:tools-api:processResources",
              "outcome": "NO_SOURCE"
            },
            {
              "path": ":transaction-coordinator:checkstyleMain",
              "outcome": "FROM_CACHE"
            },
            {
              "path": ":transaction-coordinator:classes",
              "outcome": "EXECUTED"
            },
            {
              "path": ":transaction-coordinator:compileJava",
              "outcome": "FROM_CACHE"
            },
            {
              "path": ":transaction-coordinator:processMessages",
              "outcome": "FROM_CACHE"
            },
            {
              "path": ":transaction-coordinator:processResources",
              "outcome": "EXECUTED"
            },
            {
              "path": ":trogdor:checkstyleMain",
              "outcome": "FROM_CACHE"
            },
            {
              "path": ":trogdor:classes",
              "outcome": "UP_TO_DATE"
            },
            {
              "path": ":trogdor:compileJava",
              "outcome": "FROM_CACHE"
            },
            {
              "path": ":trogdor:processResources",
              "outcome": "NO_SOURCE"
            }
          ]
        },
        "hostPressure": {
          "available": true,
          "cpuSomeTotalUs": 7040560,
          "memorySomeTotalUs": 8,
          "memoryFullTotalUs": 8,
          "ioSomeTotalUs": 48504478,
          "ioFullTotalUs": 29550137
        }
      }
    ],
    "candidateWarmups": [
      {
        "phase": "CACHE_SEED",
        "durationMs": 140124,
        "logSha256": "ee5f6aa974d770420899f9bbe51734dd4c94d654a610cbcd81da3134cbcda5e6",
        "taskOutcomes": {
          "total": 9,
          "executed": 8,
          "fromCache": 0,
          "upToDate": 0,
          "noSource": 1,
          "skipped": 0,
          "fingerprintSha256": "270ea7c171ee023ebdb4803d0506c30b123a2a8bf4eac03be73bc8993f625392",
          "tasks": [
            {
              "path": ":clients:checkstyleMain",
              "outcome": "EXECUTED"
            },
            {
              "path": ":clients:classes",
              "outcome": "EXECUTED"
            },
            {
              "path": ":clients:compileJava",
              "outcome": "EXECUTED"
            },
            {
              "path": ":clients:processMessages",
              "outcome": "EXECUTED"
            },
            {
              "path": ":clients:processResources",
              "outcome": "EXECUTED"
            },
            {
              "path": ":generator:classes",
              "outcome": "EXECUTED"
            },
            {
              "path": ":generator:compileJava",
              "outcome": "EXECUTED"
            },
            {
              "path": ":generator:jar",
              "outcome": "EXECUTED"
            },
            {
              "path": ":generator:processResources",
              "outcome": "NO_SOURCE"
            }
          ]
        },
        "hostPressure": {
          "available": true,
          "cpuSomeTotalUs": 1166580,
          "memorySomeTotalUs": 1345,
          "memoryFullTotalUs": 1241,
          "ioSomeTotalUs": 94669385,
          "ioFullTotalUs": 69680955
        }
      },
      {
        "phase": "BASE_DAEMON_STABILIZATION",
        "durationMs": 7903,
        "logSha256": "87e92445425441d7905836523424690b59d01bc139354f655c092dcc1120b022",
        "taskOutcomes": {
          "total": 9,
          "executed": 3,
          "fromCache": 4,
          "upToDate": 1,
          "noSource": 1,
          "skipped": 0,
          "fingerprintSha256": "5fc6757ab5783b9e827a74853a8d1beab8e6623ce1ef1e6b1099a1ca8f58d12a",
          "tasks": [
            {
              "path": ":clients:checkstyleMain",
              "outcome": "FROM_CACHE"
            },
            {
              "path": ":clients:classes",
              "outcome": "EXECUTED"
            },
            {
              "path": ":clients:compileJava",
              "outcome": "FROM_CACHE"
            },
            {
              "path": ":clients:processMessages",
              "outcome": "FROM_CACHE"
            },
            {
              "path": ":clients:processResources",
              "outcome": "EXECUTED"
            },
            {
              "path": ":generator:classes",
              "outcome": "UP_TO_DATE"
            },
            {
              "path": ":generator:compileJava",
              "outcome": "FROM_CACHE"
            },
            {
              "path": ":generator:jar",
              "outcome": "EXECUTED"
            },
            {
              "path": ":generator:processResources",
              "outcome": "NO_SOURCE"
            }
          ]
        },
        "hostPressure": {
          "available": true,
          "cpuSomeTotalUs": 35134,
          "memorySomeTotalUs": 0,
          "memoryFullTotalUs": 0,
          "ioSomeTotalUs": 4885140,
          "ioFullTotalUs": 3050976
        }
      },
      {
        "phase": "TARGET_WORKLOAD_STABILIZATION",
        "durationMs": 59094,
        "logSha256": "ca29aba6cd42b58a9c73e7922075677a6a8464ebb2a94124f54841ced0d8b2b6",
        "taskOutcomes": {
          "total": 9,
          "executed": 5,
          "fromCache": 2,
          "upToDate": 1,
          "noSource": 1,
          "skipped": 0,
          "fingerprintSha256": "3b4f5ae086fdb19ab5346d7a725cd9c1bf2e4738837383d0f48304413cbe0aa2",
          "tasks": [
            {
              "path": ":clients:checkstyleMain",
              "outcome": "EXECUTED"
            },
            {
              "path": ":clients:classes",
              "outcome": "EXECUTED"
            },
            {
              "path": ":clients:compileJava",
              "outcome": "EXECUTED"
            },
            {
              "path": ":clients:processMessages",
              "outcome": "FROM_CACHE"
            },
            {
              "path": ":clients:processResources",
              "outcome": "EXECUTED"
            },
            {
              "path": ":generator:classes",
              "outcome": "UP_TO_DATE"
            },
            {
              "path": ":generator:compileJava",
              "outcome": "FROM_CACHE"
            },
            {
              "path": ":generator:jar",
              "outcome": "EXECUTED"
            },
            {
              "path": ":generator:processResources",
              "outcome": "NO_SOURCE"
            }
          ]
        },
        "hostPressure": {
          "available": true,
          "cpuSomeTotalUs": 303178,
          "memorySomeTotalUs": 562,
          "memoryFullTotalUs": 527,
          "ioSomeTotalUs": 40615416,
          "ioFullTotalUs": 31372043
        }
      },
      {
        "phase": "TARGET_WORKLOAD_STABILITY_CONFIRMATION",
        "durationMs": 61738,
        "logSha256": "fe1c45fdeacb91990983a0dcb913e0699fd97f796849fd79abb45973063941a1",
        "taskOutcomes": {
          "total": 9,
          "executed": 5,
          "fromCache": 2,
          "upToDate": 1,
          "noSource": 1,
          "skipped": 0,
          "fingerprintSha256": "3b4f5ae086fdb19ab5346d7a725cd9c1bf2e4738837383d0f48304413cbe0aa2",
          "tasks": [
            {
              "path": ":clients:checkstyleMain",
              "outcome": "EXECUTED"
            },
            {
              "path": ":clients:classes",
              "outcome": "EXECUTED"
            },
            {
              "path": ":clients:compileJava",
              "outcome": "EXECUTED"
            },
            {
              "path": ":clients:processMessages",
              "outcome": "FROM_CACHE"
            },
            {
              "path": ":clients:processResources",
              "outcome": "EXECUTED"
            },
            {
              "path": ":generator:classes",
              "outcome": "UP_TO_DATE"
            },
            {
              "path": ":generator:compileJava",
              "outcome": "FROM_CACHE"
            },
            {
              "path": ":generator:jar",
              "outcome": "EXECUTED"
            },
            {
              "path": ":generator:processResources",
              "outcome": "NO_SOURCE"
            }
          ]
        },
        "hostPressure": {
          "available": true,
          "cpuSomeTotalUs": 330992,
          "memorySomeTotalUs": 13989,
          "memoryFullTotalUs": 13936,
          "ioSomeTotalUs": 42260346,
          "ioFullTotalUs": 32821198
        }
      },
      {
        "phase": "TARGET_WORKLOAD_STABILITY_RECONFIRMATION",
        "durationMs": 59245,
        "logSha256": "ca29aba6cd42b58a9c73e7922075677a6a8464ebb2a94124f54841ced0d8b2b6",
        "taskOutcomes": {
          "total": 9,
          "executed": 5,
          "fromCache": 2,
          "upToDate": 1,
          "noSource": 1,
          "skipped": 0,
          "fingerprintSha256": "3b4f5ae086fdb19ab5346d7a725cd9c1bf2e4738837383d0f48304413cbe0aa2",
          "tasks": [
            {
              "path": ":clients:checkstyleMain",
              "outcome": "EXECUTED"
            },
            {
              "path": ":clients:classes",
              "outcome": "EXECUTED"
            },
            {
              "path": ":clients:compileJava",
              "outcome": "EXECUTED"
            },
            {
              "path": ":clients:processMessages",
              "outcome": "FROM_CACHE"
            },
            {
              "path": ":clients:processResources",
              "outcome": "EXECUTED"
            },
            {
              "path": ":generator:classes",
              "outcome": "UP_TO_DATE"
            },
            {
              "path": ":generator:compileJava",
              "outcome": "FROM_CACHE"
            },
            {
              "path": ":generator:jar",
              "outcome": "EXECUTED"
            },
            {
              "path": ":generator:processResources",
              "outcome": "NO_SOURCE"
            }
          ]
        },
        "hostPressure": {
          "available": true,
          "cpuSomeTotalUs": 282774,
          "memorySomeTotalUs": 10713,
          "memoryFullTotalUs": 10705,
          "ioSomeTotalUs": 40383275,
          "ioFullTotalUs": 33423060
        }
      }
    ]
  },
  "observations": [
    {
      "pair": 1,
      "order": "CONTROL_FIRST",
      "controlDurationMs": 75861,
      "candidateDurationMs": 59048,
      "savedMs": 16813,
      "controlRequiredOutputSha256": "798f5262b6ac7cd280f6add96ce7b781aeed1a74a7851339ddfa17f6fc6edd75",
      "candidateRequiredOutputSha256": "798f5262b6ac7cd280f6add96ce7b781aeed1a74a7851339ddfa17f6fc6edd75",
      "requiredOutputCount": 2,
      "productAttributableFailure": false,
      "controlLogSha256": "232e004ac280f3f44d154da5d8195a47f46ed70d24066b00dd639abe2c224b1c",
      "candidateLogSha256": "2d7bb84c96e1039a680ec43a9a83e1e63374c979b8f686bb90606829e0671773",
      "controlTaskOutcomes": {
        "total": 286,
        "executed": 57,
        "fromCache": 78,
        "upToDate": 45,
        "noSource": 106,
        "skipped": 0,
        "fingerprintSha256": "a8872da5863b9a918a72717a4223a0b927bb8f76689b3bc8e50d1b597d59f87a",
        "tasks": [
          {
            "path": ":clients:checkstyleMain",
            "outcome": "EXECUTED"
          },
          {
            "path": ":clients:classes",
            "outcome": "EXECUTED"
          },
          {
            "path": ":clients:clients-integration-tests:checkstyleMain",
            "outcome": "NO_SOURCE"
          },
          {
            "path": ":clients:clients-integration-tests:classes",
            "outcome": "UP_TO_DATE"
          },
          {
            "path": ":clients:clients-integration-tests:compileJava",
            "outcome": "NO_SOURCE"
          },
          {
            "path": ":clients:clients-integration-tests:processResources",
            "outcome": "NO_SOURCE"
          },
          {
            "path": ":clients:compileJava",
            "outcome": "EXECUTED"
          },
          {
            "path": ":clients:compileTestJava",
            "outcome": "FROM_CACHE"
          },
          {
            "path": ":clients:createVersionFile",
            "outcome": "EXECUTED"
          },
          {
            "path": ":clients:processMessages",
            "outcome": "FROM_CACHE"
          },
          {
            "path": ":clients:processResources",
            "outcome": "EXECUTED"
          },
          {
            "path": ":clients:processTestMessages",
            "outcome": "FROM_CACHE"
          },
          {
            "path": ":clients:processTestResources",
            "outcome": "EXECUTED"
          },
          {
            "path": ":clients:shadowJar",
            "outcome": "EXECUTED"
          },
          {
            "path": ":clients:testClasses",
            "outcome": "EXECUTED"
          },
          {
            "path": ":connect:api:checkstyleMain",
            "outcome": "FROM_CACHE"
          },
          {
            "path": ":connect:api:classes",
            "outcome": "EXECUTED"
          },
          {
            "path": ":connect:api:compileJava",
            "outcome": "FROM_CACHE"
          },
          {
            "path": ":connect:api:processResources",
            "outcome": "EXECUTED"
          },
          {
            "path": ":connect:basic-auth-extension:checkstyleMain",
            "outcome": "FROM_CACHE"
          },
          {
            "path": ":connect:basic-auth-extension:classes",
            "outcome": "EXECUTED"
          },
          {
            "path": ":connect:basic-auth-extension:compileJava",
            "outcome": "FROM_CACHE"
          },
          {
            "path": ":connect:basic-auth-extension:processResources",
            "outcome": "EXECUTED"
          },
          {
            "path": ":connect:checkstyleMain",
            "outcome": "NO_SOURCE"
          },
          {
            "path": ":connect:classes",
            "outcome": "UP_TO_DATE"
          },
          {
            "path": ":connect:compileJava",
            "outcome": "NO_SOURCE"
          },
          {
            "path": ":connect:file:checkstyleMain",
            "outcome": "FROM_CACHE"
          },
          {
            "path": ":connect:file:classes",
            "outcome": "EXECUTED"
          },
          {
            "path": ":connect:file:compileJava",
            "outcome": "FROM_CACHE"
          },
          {
            "path": ":connect:file:processResources",
            "outcome": "EXECUTED"
          },
          {
            "path": ":connect:json:checkstyleMain",
            "outcome": "FROM_CACHE"
          },
          {
            "path": ":connect:json:classes",
            "outcome": "EXECUTED"
          },
          {
            "path": ":connect:json:compileJava",
            "outcome": "FROM_CACHE"
          },
          {
            "path": ":connect:json:processResources",
            "outcome": "EXECUTED"
          },
          {
            "path": ":connect:mirror-client:checkstyleMain",
            "outcome": "FROM_CACHE"
          },
          {
            "path": ":connect:mirror-client:classes",
            "outcome": "UP_TO_DATE"
          },
          {
            "path": ":connect:mirror-client:compileJava",
            "outcome": "FROM_CACHE"
          },
          {
            "path": ":connect:mirror-client:processResources",
            "outcome": "NO_SOURCE"
          },
          {
            "path": ":connect:mirror:checkstyleMain",
            "outcome": "FROM_CACHE"
          },
          {
            "path": ":connect:mirror:classes",
            "outcome": "EXECUTED"
          },
          {
            "path": ":connect:mirror:compileJava",
            "outcome": "FROM_CACHE"
          },
          {
            "path": ":connect:mirror:processResources",
            "outcome": "EXECUTED"
          },
          {
            "path": ":connect:processResources",
            "outcome": "NO_SOURCE"
          },
          {
            "path": ":connect:runtime:checkstyleMain",
            "outcome": "FROM_CACHE"
          },
          {
            "path": ":connect:runtime:classes",
            "outcome": "EXECUTED"
          },
          {
            "path": ":connect:runtime:compileJava",
            "outcome": "FROM_CACHE"
          },
          {
            "path": ":connect:runtime:processResources",
            "outcome": "EXECUTED"
          },
          {
            "path": ":connect:test-plugins:checkstyleMain",
            "outcome": "FROM_CACHE"
          },
          {
            "path": ":connect:test-plugins:classes",
            "outcome": "EXECUTED"
          },
          {
            "path": ":connect:test-plugins:compileJava",
            "outcome": "FROM_CACHE"
          },
          {
            "path": ":connect:test-plugins:processResources",
            "outcome": "EXECUTED"
          },
          {
            "path": ":connect:transforms:checkstyleMain",
            "outcome": "FROM_CACHE"
          },
          {
            "path": ":connect:transforms:classes",
            "outcome": "EXECUTED"
          },
          {
            "path": ":connect:transforms:compileJava",
            "outcome": "FROM_CACHE"
          },
          {
            "path": ":connect:transforms:processResources",
            "outcome": "EXECUTED"
          },
          {
            "path": ":coordinator-common:checkstyleMain",
            "outcome": "FROM_CACHE"
          },
          {
            "path": ":coordinator-common:classes",
            "outcome": "UP_TO_DATE"
          },
          {
            "path": ":coordinator-common:compileJava",
            "outcome": "FROM_CACHE"
          },
          {
            "path": ":coordinator-common:compileTestJava",
            "outcome": "FROM_CACHE"
          },
          {
            "path": ":coordinator-common:processResources",
            "outcome": "NO_SOURCE"
          },
          {
            "path": ":coordinator-common:processTestResources",
            "outcome": "EXECUTED"
          },
          {
            "path": ":coordinator-common:testClasses",
            "outcome": "EXECUTED"
          },
          {
            "path": ":core:checkstyleMain",
            "outcome": "FROM_CACHE"
          },
          {
            "path": ":core:classes",
            "outcome": "UP_TO_DATE"
          },
          {
            "path": ":core:compileJava",
            "outcome": "NO_SOURCE"
          },
          {
            "path": ":core:compileScala",
            "outcome": "FROM_CACHE"
          },
          {
            "path": ":core:processResources",
            "outcome": "NO_SOURCE"
          },
          {
            "path": ":examples:checkstyleMain",
            "outcome": "FROM_CACHE"
          },
          {
            "path": ":examples:classes",
            "outcome": "UP_TO_DATE"
          },
          {
            "path": ":examples:compileJava",
            "outcome": "FROM_CACHE"
          },
          {
            "path": ":examples:processResources",
            "outcome": "NO_SOURCE"
          },
          {
            "path": ":generator:checkstyleMain",
            "outcome": "FROM_CACHE"
          },
          {
            "path": ":generator:classes",
            "outcome": "UP_TO_DATE"
          },
          {
            "path": ":generator:compileJava",
            "outcome": "FROM_CACHE"
          },
          {
            "path": ":generator:jar",
            "outcome": "EXECUTED"
          },
          {
            "path": ":generator:processResources",
            "outcome": "NO_SOURCE"
          },
          {
            "path": ":group-coordinator:checkstyleMain",
            "outcome": "FROM_CACHE"
          },
          {
            "path": ":group-coordinator:classes",
            "outcome": "EXECUTED"
          },
          {
            "path": ":group-coordinator:compileJava",
            "outcome": "FROM_CACHE"
          },
          {
            "path": ":group-coordinator:group-coordinator-api:checkstyleMain",
            "outcome": "FROM_CACHE"
          },
          {
            "path": ":group-coordinator:group-coordinator-api:classes",
            "outcome": "UP_TO_DATE"
          },
          {
            "path": ":group-coordinator:group-coordinator-api:compileJava",
            "outcome": "FROM_CACHE"
          },
          {
            "path": ":group-coordinator:group-coordinator-api:processResources",
            "outcome": "NO_SOURCE"
          },
          {
            "path": ":group-coordinator:processMessages",
            "outcome": "FROM_CACHE"
          },
          {
            "path": ":group-coordinator:processResources",
            "outcome": "EXECUTED"
          },
          {
            "path": ":jmh-benchmarks:checkstyleMain",
            "outcome": "EXECUTED"
          },
          {
            "path": ":jmh-benchmarks:classes",
            "outcome": "UP_TO_DATE"
          },
          {
            "path": ":jmh-benchmarks:compileJava",
            "outcome": "FROM_CACHE"
          },
          {
            "path": ":jmh-benchmarks:processResources",
            "outcome": "NO_SOURCE"
          },
          {
            "path": ":metadata:checkstyleMain",
            "outcome": "FROM_CACHE"
          },
          {
            "path": ":metadata:classes",
            "outcome": "EXECUTED"
          },
          {
            "path": ":metadata:compileJava",
            "outcome": "FROM_CACHE"
          },
          {
            "path": ":metadata:compileTestJava",
            "outcome": "FROM_CACHE"
          },
          {
            "path": ":metadata:processMessages",
            "outcome": "FROM_CACHE"
          },
          {
            "path": ":metadata:processResources",
            "outcome": "EXECUTED"
          },
          {
            "path": ":metadata:processTestResources",
            "outcome": "EXECUTED"
          },
          {
            "path": ":metadata:testClasses",
            "outcome": "EXECUTED"
          },
          {
            "path": ":raft:checkstyleMain",
            "outcome": "FROM_CACHE"
          },
          {
            "path": ":raft:classes",
            "outcome": "EXECUTED"
          },
          {
            "path": ":raft:compileJava",
            "outcome": "FROM_CACHE"
          },
          {
            "path": ":raft:compileTestJava",
            "outcome": "FROM_CACHE"
          },
          {
            "path": ":raft:processMessages",
            "outcome": "FROM_CACHE"
          },
          {
            "path": ":raft:processResources",
            "outcome": "EXECUTED"
          },
          {
            "path": ":raft:processTestResources",
            "outcome": "EXECUTED"
          },
          {
            "path": ":raft:testClasses",
            "outcome": "EXECUTED"
          },
          {
            "path": ":server-common:checkstyleMain",
            "outcome": "FROM_CACHE"
          },
          {
            "path": ":server-common:classes",
            "outcome": "UP_TO_DATE"
          },
          {
            "path": ":server-common:compileJava",
            "outcome": "FROM_CACHE"
          },
          {
            "path": ":server-common:compileTestJava",
            "outcome": "FROM_CACHE"
          },
          {
            "path": ":server-common:processResources",
            "outcome": "NO_SOURCE"
          },
          {
            "path": ":server-common:processTestResources",
            "outcome": "EXECUTED"
          },
          {
            "path": ":server-common:testClasses",
            "outcome": "EXECUTED"
          },
          {
            "path": ":server:checkstyleMain",
            "outcome": "FROM_CACHE"
          },
          {
            "path": ":server:classes",
            "outcome": "UP_TO_DATE"
          },
          {
            "path": ":server:compileJava",
            "outcome": "FROM_CACHE"
          },
          {
            "path": ":server:processResources",
            "outcome": "NO_SOURCE"
          },
          {
            "path": ":share-coordinator:checkstyleMain",
            "outcome": "FROM_CACHE"
          },
          {
            "path": ":share-coordinator:classes",
            "outcome": "EXECUTED"
          },
          {
            "path": ":share-coordinator:compileJava",
            "outcome": "FROM_CACHE"
          },
          {
            "path": ":share-coordinator:processMessages",
            "outcome": "FROM_CACHE"
          },
          {
            "path": ":share-coordinator:processResources",
            "outcome": "EXECUTED"
          },
          {
            "path": ":shell:checkstyleMain",
            "outcome": "FROM_CACHE"
          },
          {
            "path": ":shell:classes",
            "outcome": "UP_TO_DATE"
          },
          {
            "path": ":shell:compileJava",
            "outcome": "FROM_CACHE"
          },
          {
            "path": ":shell:processResources",
            "outcome": "NO_SOURCE"
          },
          {
            "path": ":storage:checkstyleMain",
            "outcome": "FROM_CACHE"
          },
          {
            "path": ":storage:classes",
            "outcome": "EXECUTED"
          },
          {
            "path": ":storage:compileJava",
            "outcome": "FROM_CACHE"
          },
          {
            "path": ":storage:processMessages",
            "outcome": "FROM_CACHE"
          },
          {
            "path": ":storage:processResources",
            "outcome": "EXECUTED"
          },
          {
            "path": ":storage:storage-api:checkstyleMain",
            "outcome": "FROM_CACHE"
          },
          {
            "path": ":storage:storage-api:classes",
            "outcome": "UP_TO_DATE"
          },
          {
            "path": ":storage:storage-api:compileJava",
            "outcome": "FROM_CACHE"
          },
          {
            "path": ":storage:storage-api:processResources",
            "outcome": "NO_SOURCE"
          },
          {
            "path": ":streams:checkstyleMain",
            "outcome": "EXECUTED"
          },
          {
            "path": ":streams:classes",
            "outcome": "EXECUTED"
          },
          {
            "path": ":streams:compileJava",
            "outcome": "FROM_CACHE"
          },
          {
            "path": ":streams:examples:checkstyleMain",
            "outcome": "EXECUTED"
          },
          {
            "path": ":streams:examples:classes",
            "outcome": "UP_TO_DATE"
          },
          {
            "path": ":streams:examples:compileJava",
            "outcome": "FROM_CACHE"
          },
          {
            "path": ":streams:examples:processResources",
            "outcome": "NO_SOURCE"
          },
          {
            "path": ":streams:integration-tests:checkstyleMain",
            "outcome": "NO_SOURCE"
          },
          {
            "path": ":streams:integration-tests:classes",
            "outcome": "UP_TO_DATE"
          },
          {
            "path": ":streams:integration-tests:compileJava",
            "outcome": "NO_SOURCE"
          },
          {
            "path": ":streams:integration-tests:compileScala",
            "outcome": "NO_SOURCE"
          },
          {
            "path": ":streams:integration-tests:processResources",
            "outcome": "NO_SOURCE"
          },
          {
            "path": ":streams:processMessages",
            "outcome": "FROM_CACHE"
          },
          {
            "path": ":streams:processResources",
            "outcome": "EXECUTED"
          },
          {
            "path": ":streams:streams-scala:checkstyleMain",
            "outcome": "NO_SOURCE"
          },
          {
            "path": ":streams:streams-scala:classes",
            "outcome": "EXECUTED"
          },
          {
            "path": ":streams:streams-scala:compileJava",
            "outcome": "NO_SOURCE"
          },
          {
            "path": ":streams:streams-scala:compileScala",
            "outcome": "EXECUTED"
          },
          {
            "path": ":streams:streams-scala:processResources",
            "outcome": "NO_SOURCE"
          },
          {
            "path": ":streams:test-utils:checkstyleMain",
            "outcome": "EXECUTED"
          },
          {
            "path": ":streams:test-utils:classes",
            "outcome": "UP_TO_DATE"
          },
          {
            "path": ":streams:test-utils:compileJava",
            "outcome": "FROM_CACHE"
          },
          {
            "path": ":streams:test-utils:processResources",
            "outcome": "NO_SOURCE"
          },
          {
            "path": ":streams:upgrade-system-tests-0110:checkstyleMain",
            "outcome": "NO_SOURCE"
          },
          {
            "path": ":streams:upgrade-system-tests-0110:classes",
            "outcome": "UP_TO_DATE"
          },
          {
            "path": ":streams:upgrade-system-tests-0110:compileJava",
            "outcome": "NO_SOURCE"
          },
          {
            "path": ":streams:upgrade-system-tests-0110:processResources",
            "outcome": "NO_SOURCE"
          },
          {
            "path": ":streams:upgrade-system-tests-10:checkstyleMain",
            "outcome": "NO_SOURCE"
          },
          {
            "path": ":streams:upgrade-system-tests-10:classes",
            "outcome": "UP_TO_DATE"
          },
          {
            "path": ":streams:upgrade-system-tests-10:compileJava",
            "outcome": "NO_SOURCE"
          },
          {
            "path": ":streams:upgrade-system-tests-10:processResources",
            "outcome": "NO_SOURCE"
          },
          {
            "path": ":streams:upgrade-system-tests-11:checkstyleMain",
            "outcome": "NO_SOURCE"
          },
          {
            "path": ":streams:upgrade-system-tests-11:classes",
            "outcome": "UP_TO_DATE"
          },
          {
            "path": ":streams:upgrade-system-tests-11:compileJava",
            "outcome": "NO_SOURCE"
          },
          {
            "path": ":streams:upgrade-system-tests-11:processResources",
            "outcome": "NO_SOURCE"
          },
          {
            "path": ":streams:upgrade-system-tests-20:checkstyleMain",
            "outcome": "NO_SOURCE"
          },
          {
            "path": ":streams:upgrade-system-tests-20:classes",
            "outcome": "UP_TO_DATE"
          },
          {
            "path": ":streams:upgrade-system-tests-20:compileJava",
            "outcome": "NO_SOURCE"
          },
          {
            "path": ":streams:upgrade-system-tests-20:processResources",
            "outcome": "NO_SOURCE"
          },
          {
            "path": ":streams:upgrade-system-tests-21:checkstyleMain",
            "outcome": "NO_SOURCE"
          },
          {
            "path": ":streams:upgrade-system-tests-21:classes",
            "outcome": "UP_TO_DATE"
          },
          {
            "path": ":streams:upgrade-system-tests-21:compileJava",
            "outcome": "NO_SOURCE"
          },
          {
            "path": ":streams:upgrade-system-tests-21:processResources",
            "outcome": "NO_SOURCE"
          },
          {
            "path": ":streams:upgrade-system-tests-22:checkstyleMain",
            "outcome": "NO_SOURCE"
          },
          {
            "path": ":streams:upgrade-system-tests-22:classes",
            "outcome": "UP_TO_DATE"
          },
          {
            "path": ":streams:upgrade-system-tests-22:compileJava",
            "outcome": "NO_SOURCE"
          },
          {
            "path": ":streams:upgrade-system-tests-22:processResources",
            "outcome": "NO_SOURCE"
          },
          {
            "path": ":streams:upgrade-system-tests-23:checkstyleMain",
            "outcome": "NO_SOURCE"
          },
          {
            "path": ":streams:upgrade-system-tests-23:classes",
            "outcome": "UP_TO_DATE"
          },
          {
            "path": ":streams:upgrade-system-tests-23:compileJava",
            "outcome": "NO_SOURCE"
          },
          {
            "path": ":streams:upgrade-system-tests-23:processResources",
            "outcome": "NO_SOURCE"
          },
          {
            "path": ":streams:upgrade-system-tests-24:checkstyleMain",
            "outcome": "NO_SOURCE"
          },
          {
            "path": ":streams:upgrade-system-tests-24:classes",
            "outcome": "UP_TO_DATE"
          },
          {
            "path": ":streams:upgrade-system-tests-24:compileJava",
            "outcome": "NO_SOURCE"
          },
          {
            "path": ":streams:upgrade-system-tests-24:processResources",
            "outcome": "NO_SOURCE"
          },
          {
            "path": ":streams:upgrade-system-tests-25:checkstyleMain",
            "outcome": "NO_SOURCE"
          },
          {
            "path": ":streams:upgrade-system-tests-25:classes",
            "outcome": "UP_TO_DATE"
          },
          {
            "path": ":streams:upgrade-system-tests-25:compileJava",
            "outcome": "NO_SOURCE"
          },
          {
            "path": ":streams:upgrade-system-tests-25:processResources",
            "outcome": "NO_SOURCE"
          },
          {
            "path": ":streams:upgrade-system-tests-26:checkstyleMain",
            "outcome": "NO_SOURCE"
          },
          {
            "path": ":streams:upgrade-system-tests-26:classes",
            "outcome": "UP_TO_DATE"
          },
          {
            "path": ":streams:upgrade-system-tests-26:compileJava",
            "outcome": "NO_SOURCE"
          },
          {
            "path": ":streams:upgrade-system-tests-26:processResources",
            "outcome": "NO_SOURCE"
          },
          {
            "path": ":streams:upgrade-system-tests-27:checkstyleMain",
            "outcome": "NO_SOURCE"
          },
          {
            "path": ":streams:upgrade-system-tests-27:classes",
            "outcome": "UP_TO_DATE"
          },
          {
            "path": ":streams:upgrade-system-tests-27:compileJava",
            "outcome": "NO_SOURCE"
          },
          {
            "path": ":streams:upgrade-system-tests-27:processResources",
            "outcome": "NO_SOURCE"
          },
          {
            "path": ":streams:upgrade-system-tests-28:checkstyleMain",
            "outcome": "NO_SOURCE"
          },
          {
            "path": ":streams:upgrade-system-tests-28:classes",
            "outcome": "UP_TO_DATE"
          },
          {
            "path": ":streams:upgrade-system-tests-28:compileJava",
            "outcome": "NO_SOURCE"
          },
          {
            "path": ":streams:upgrade-system-tests-28:processResources",
            "outcome": "NO_SOURCE"
          },
          {
            "path": ":streams:upgrade-system-tests-30:checkstyleMain",
            "outcome": "NO_SOURCE"
          },
          {
            "path": ":streams:upgrade-system-tests-30:classes",
            "outcome": "UP_TO_DATE"
          },
          {
            "path": ":streams:upgrade-system-tests-30:compileJava",
            "outcome": "NO_SOURCE"
          },
          {
            "path": ":streams:upgrade-system-tests-30:processResources",
            "outcome": "NO_SOURCE"
          },
          {
            "path": ":streams:upgrade-system-tests-31:checkstyleMain",
            "outcome": "NO_SOURCE"
          },
          {
            "path": ":streams:upgrade-system-tests-31:classes",
            "outcome": "UP_TO_DATE"
          },
          {
            "path": ":streams:upgrade-system-tests-31:compileJava",
            "outcome": "NO_SOURCE"
          },
          {
            "path": ":streams:upgrade-system-tests-31:processResources",
            "outcome": "NO_SOURCE"
          },
          {
            "path": ":streams:upgrade-system-tests-32:checkstyleMain",
            "outcome": "NO_SOURCE"
          },
          {
            "path": ":streams:upgrade-system-tests-32:classes",
            "outcome": "UP_TO_DATE"
          },
          {
            "path": ":streams:upgrade-system-tests-32:compileJava",
            "outcome": "NO_SOURCE"
          },
          {
            "path": ":streams:upgrade-system-tests-32:processResources",
            "outcome": "NO_SOURCE"
          },
          {
            "path": ":streams:upgrade-system-tests-33:checkstyleMain",
            "outcome": "NO_SOURCE"
          },
          {
            "path": ":streams:upgrade-system-tests-33:classes",
            "outcome": "UP_TO_DATE"
          },
          {
            "path": ":streams:upgrade-system-tests-33:compileJava",
            "outcome": "NO_SOURCE"
          },
          {
            "path": ":streams:upgrade-system-tests-33:processResources",
            "outcome": "NO_SOURCE"
          },
          {
            "path": ":streams:upgrade-system-tests-34:checkstyleMain",
            "outcome": "NO_SOURCE"
          },
          {
            "path": ":streams:upgrade-system-tests-34:classes",
            "outcome": "UP_TO_DATE"
          },
          {
            "path": ":streams:upgrade-system-tests-34:compileJava",
            "outcome": "NO_SOURCE"
          },
          {
            "path": ":streams:upgrade-system-tests-34:processResources",
            "outcome": "NO_SOURCE"
          },
          {
            "path": ":streams:upgrade-system-tests-35:checkstyleMain",
            "outcome": "NO_SOURCE"
          },
          {
            "path": ":streams:upgrade-system-tests-35:classes",
            "outcome": "UP_TO_DATE"
          },
          {
            "path": ":streams:upgrade-system-tests-35:compileJava",
            "outcome": "NO_SOURCE"
          },
          {
            "path": ":streams:upgrade-system-tests-35:processResources",
            "outcome": "NO_SOURCE"
          },
          {
            "path": ":streams:upgrade-system-tests-36:checkstyleMain",
            "outcome": "NO_SOURCE"
          },
          {
            "path": ":streams:upgrade-system-tests-36:classes",
            "outcome": "UP_TO_DATE"
          },
          {
            "path": ":streams:upgrade-system-tests-36:compileJava",
            "outcome": "NO_SOURCE"
          },
          {
            "path": ":streams:upgrade-system-tests-36:processResources",
            "outcome": "NO_SOURCE"
          },
          {
            "path": ":streams:upgrade-system-tests-37:checkstyleMain",
            "outcome": "NO_SOURCE"
          },
          {
            "path": ":streams:upgrade-system-tests-37:classes",
            "outcome": "UP_TO_DATE"
          },
          {
            "path": ":streams:upgrade-system-tests-37:compileJava",
            "outcome": "NO_SOURCE"
          },
          {
            "path": ":streams:upgrade-system-tests-37:processResources",
            "outcome": "NO_SOURCE"
          },
          {
            "path": ":streams:upgrade-system-tests-38:checkstyleMain",
            "outcome": "NO_SOURCE"
          },
          {
            "path": ":streams:upgrade-system-tests-38:classes",
            "outcome": "UP_TO_DATE"
          },
          {
            "path": ":streams:upgrade-system-tests-38:compileJava",
            "outcome": "NO_SOURCE"
          },
          {
            "path": ":streams:upgrade-system-tests-38:processResources",
            "outcome": "NO_SOURCE"
          },
          {
            "path": ":streams:upgrade-system-tests-39:checkstyleMain",
            "outcome": "NO_SOURCE"
          },
          {
            "path": ":streams:upgrade-system-tests-39:classes",
            "outcome": "UP_TO_DATE"
          },
          {
            "path": ":streams:upgrade-system-tests-39:compileJava",
            "outcome": "NO_SOURCE"
          },
          {
            "path": ":streams:upgrade-system-tests-39:processResources",
            "outcome": "NO_SOURCE"
          },
          {
            "path": ":streams:upgrade-system-tests-40:checkstyleMain",
            "outcome": "NO_SOURCE"
          },
          {
            "path": ":streams:upgrade-system-tests-40:classes",
            "outcome": "UP_TO_DATE"
          },
          {
            "path": ":streams:upgrade-system-tests-40:compileJava",
            "outcome": "NO_SOURCE"
          },
          {
            "path": ":streams:upgrade-system-tests-40:processResources",
            "outcome": "NO_SOURCE"
          },
          {
            "path": ":streams:upgrade-system-tests-41:checkstyleMain",
            "outcome": "NO_SOURCE"
          },
          {
            "path": ":streams:upgrade-system-tests-41:classes",
            "outcome": "UP_TO_DATE"
          },
          {
            "path": ":streams:upgrade-system-tests-41:compileJava",
            "outcome": "NO_SOURCE"
          },
          {
            "path": ":streams:upgrade-system-tests-41:processResources",
            "outcome": "NO_SOURCE"
          },
          {
            "path": ":test-common:checkstyleMain",
            "outcome": "NO_SOURCE"
          },
          {
            "path": ":test-common:classes",
            "outcome": "UP_TO_DATE"
          },
          {
            "path": ":test-common:compileJava",
            "outcome": "NO_SOURCE"
          },
          {
            "path": ":test-common:processResources",
            "outcome": "NO_SOURCE"
          },
          {
            "path": ":test-common:test-common-internal-api:checkstyleMain",
            "outcome": "FROM_CACHE"
          },
          {
            "path": ":test-common:test-common-internal-api:classes",
            "outcome": "UP_TO_DATE"
          },
          {
            "path": ":test-common:test-common-internal-api:compileJava",
            "outcome": "FROM_CACHE"
          },
          {
            "path": ":test-common:test-common-internal-api:processResources",
            "outcome": "NO_SOURCE"
          },
          {
            "path": ":test-common:test-common-runtime:checkstyleMain",
            "outcome": "FROM_CACHE"
          },
          {
            "path": ":test-common:test-common-runtime:classes",
            "outcome": "EXECUTED"
          },
          {
            "path": ":test-common:test-common-runtime:compileJava",
            "outcome": "FROM_CACHE"
          },
          {
            "path": ":test-common:test-common-runtime:processResources",
            "outcome": "EXECUTED"
          },
          {
            "path": ":test-common:test-common-util:checkstyleMain",
            "outcome": "FROM_CACHE"
          },
          {
            "path": ":test-common:test-common-util:classes",
            "outcome": "EXECUTED"
          },
          {
            "path": ":test-common:test-common-util:compileJava",
            "outcome": "FROM_CACHE"
          },
          {
            "path": ":test-common:test-common-util:processResources",
            "outcome": "EXECUTED"
          },
          {
            "path": ":tools:checkstyleMain",
            "outcome": "FROM_CACHE"
          },
          {
            "path": ":tools:classes",
            "outcome": "UP_TO_DATE"
          },
          {
            "path": ":tools:compileJava",
            "outcome": "FROM_CACHE"
          },
          {
            "path": ":tools:processResources",
            "outcome": "NO_SOURCE"
          },
          {
            "path": ":tools:tools-api:checkstyleMain",
            "outcome": "FROM_CACHE"
          },
          {
            "path": ":tools:tools-api:classes",
            "outcome": "UP_TO_DATE"
          },
          {
            "path": ":tools:tools-api:compileJava",
            "outcome": "FROM_CACHE"
          },
          {
            "path": ":tools:tools-api:processResources",
            "outcome": "NO_SOURCE"
          },
          {
            "path": ":transaction-coordinator:checkstyleMain",
            "outcome": "FROM_CACHE"
          },
          {
            "path": ":transaction-coordinator:classes",
            "outcome": "EXECUTED"
          },
          {
            "path": ":transaction-coordinator:compileJava",
            "outcome": "FROM_CACHE"
          },
          {
            "path": ":transaction-coordinator:processMessages",
            "outcome": "FROM_CACHE"
          },
          {
            "path": ":transaction-coordinator:processResources",
            "outcome": "EXECUTED"
          },
          {
            "path": ":trogdor:checkstyleMain",
            "outcome": "FROM_CACHE"
          },
          {
            "path": ":trogdor:classes",
            "outcome": "UP_TO_DATE"
          },
          {
            "path": ":trogdor:compileJava",
            "outcome": "FROM_CACHE"
          },
          {
            "path": ":trogdor:processResources",
            "outcome": "NO_SOURCE"
          }
        ]
      },
      "candidateTaskOutcomes": {
        "total": 9,
        "executed": 5,
        "fromCache": 2,
        "upToDate": 1,
        "noSource": 1,
        "skipped": 0,
        "fingerprintSha256": "3b4f5ae086fdb19ab5346d7a725cd9c1bf2e4738837383d0f48304413cbe0aa2",
        "tasks": [
          {
            "path": ":clients:checkstyleMain",
            "outcome": "EXECUTED"
          },
          {
            "path": ":clients:classes",
            "outcome": "EXECUTED"
          },
          {
            "path": ":clients:compileJava",
            "outcome": "EXECUTED"
          },
          {
            "path": ":clients:processMessages",
            "outcome": "FROM_CACHE"
          },
          {
            "path": ":clients:processResources",
            "outcome": "EXECUTED"
          },
          {
            "path": ":generator:classes",
            "outcome": "UP_TO_DATE"
          },
          {
            "path": ":generator:compileJava",
            "outcome": "FROM_CACHE"
          },
          {
            "path": ":generator:jar",
            "outcome": "EXECUTED"
          },
          {
            "path": ":generator:processResources",
            "outcome": "NO_SOURCE"
          }
        ]
      },
      "controlHostPressure": {
        "available": true,
        "cpuSomeTotalUs": 5654641,
        "memorySomeTotalUs": 153799,
        "memoryFullTotalUs": 148078,
        "ioSomeTotalUs": 45205146,
        "ioFullTotalUs": 27945263
      },
      "candidateHostPressure": {
        "available": true,
        "cpuSomeTotalUs": 239652,
        "memorySomeTotalUs": 65235,
        "memoryFullTotalUs": 65080,
        "ioSomeTotalUs": 42387307,
        "ioFullTotalUs": 33996146
      }
    },
    {
      "pair": 2,
      "order": "CANDIDATE_FIRST",
      "controlDurationMs": 79825,
      "candidateDurationMs": 61402,
      "savedMs": 18423,
      "controlRequiredOutputSha256": "798f5262b6ac7cd280f6add96ce7b781aeed1a74a7851339ddfa17f6fc6edd75",
      "candidateRequiredOutputSha256": "798f5262b6ac7cd280f6add96ce7b781aeed1a74a7851339ddfa17f6fc6edd75",
      "requiredOutputCount": 2,
      "productAttributableFailure": false,
      "controlLogSha256": "1914e10544403a180307189aa1049cd901b76e024a685ba299dc845535eeb973",
      "candidateLogSha256": "2b4417cfaae736b4832028a9ac0731dd296fe694e1ee4c999a487cbee092fb10",
      "controlTaskOutcomes": {
        "total": 286,
        "executed": 57,
        "fromCache": 78,
        "upToDate": 45,
        "noSource": 106,
        "skipped": 0,
        "fingerprintSha256": "a8872da5863b9a918a72717a4223a0b927bb8f76689b3bc8e50d1b597d59f87a",
        "tasks": [
          {
            "path": ":clients:checkstyleMain",
            "outcome": "EXECUTED"
          },
          {
            "path": ":clients:classes",
            "outcome": "EXECUTED"
          },
          {
            "path": ":clients:clients-integration-tests:checkstyleMain",
            "outcome": "NO_SOURCE"
          },
          {
            "path": ":clients:clients-integration-tests:classes",
            "outcome": "UP_TO_DATE"
          },
          {
            "path": ":clients:clients-integration-tests:compileJava",
            "outcome": "NO_SOURCE"
          },
          {
            "path": ":clients:clients-integration-tests:processResources",
            "outcome": "NO_SOURCE"
          },
          {
            "path": ":clients:compileJava",
            "outcome": "EXECUTED"
          },
          {
            "path": ":clients:compileTestJava",
            "outcome": "FROM_CACHE"
          },
          {
            "path": ":clients:createVersionFile",
            "outcome": "EXECUTED"
          },
          {
            "path": ":clients:processMessages",
            "outcome": "FROM_CACHE"
          },
          {
            "path": ":clients:processResources",
            "outcome": "EXECUTED"
          },
          {
            "path": ":clients:processTestMessages",
            "outcome": "FROM_CACHE"
          },
          {
            "path": ":clients:processTestResources",
            "outcome": "EXECUTED"
          },
          {
            "path": ":clients:shadowJar",
            "outcome": "EXECUTED"
          },
          {
            "path": ":clients:testClasses",
            "outcome": "EXECUTED"
          },
          {
            "path": ":connect:api:checkstyleMain",
            "outcome": "FROM_CACHE"
          },
          {
            "path": ":connect:api:classes",
            "outcome": "EXECUTED"
          },
          {
            "path": ":connect:api:compileJava",
            "outcome": "FROM_CACHE"
          },
          {
            "path": ":connect:api:processResources",
            "outcome": "EXECUTED"
          },
          {
            "path": ":connect:basic-auth-extension:checkstyleMain",
            "outcome": "FROM_CACHE"
          },
          {
            "path": ":connect:basic-auth-extension:classes",
            "outcome": "EXECUTED"
          },
          {
            "path": ":connect:basic-auth-extension:compileJava",
            "outcome": "FROM_CACHE"
          },
          {
            "path": ":connect:basic-auth-extension:processResources",
            "outcome": "EXECUTED"
          },
          {
            "path": ":connect:checkstyleMain",
            "outcome": "NO_SOURCE"
          },
          {
            "path": ":connect:classes",
            "outcome": "UP_TO_DATE"
          },
          {
            "path": ":connect:compileJava",
            "outcome": "NO_SOURCE"
          },
          {
            "path": ":connect:file:checkstyleMain",
            "outcome": "FROM_CACHE"
          },
          {
            "path": ":connect:file:classes",
            "outcome": "EXECUTED"
          },
          {
            "path": ":connect:file:compileJava",
            "outcome": "FROM_CACHE"
          },
          {
            "path": ":connect:file:processResources",
            "outcome": "EXECUTED"
          },
          {
            "path": ":connect:json:checkstyleMain",
            "outcome": "FROM_CACHE"
          },
          {
            "path": ":connect:json:classes",
            "outcome": "EXECUTED"
          },
          {
            "path": ":connect:json:compileJava",
            "outcome": "FROM_CACHE"
          },
          {
            "path": ":connect:json:processResources",
            "outcome": "EXECUTED"
          },
          {
            "path": ":connect:mirror-client:checkstyleMain",
            "outcome": "FROM_CACHE"
          },
          {
            "path": ":connect:mirror-client:classes",
            "outcome": "UP_TO_DATE"
          },
          {
            "path": ":connect:mirror-client:compileJava",
            "outcome": "FROM_CACHE"
          },
          {
            "path": ":connect:mirror-client:processResources",
            "outcome": "NO_SOURCE"
          },
          {
            "path": ":connect:mirror:checkstyleMain",
            "outcome": "FROM_CACHE"
          },
          {
            "path": ":connect:mirror:classes",
            "outcome": "EXECUTED"
          },
          {
            "path": ":connect:mirror:compileJava",
            "outcome": "FROM_CACHE"
          },
          {
            "path": ":connect:mirror:processResources",
            "outcome": "EXECUTED"
          },
          {
            "path": ":connect:processResources",
            "outcome": "NO_SOURCE"
          },
          {
            "path": ":connect:runtime:checkstyleMain",
            "outcome": "FROM_CACHE"
          },
          {
            "path": ":connect:runtime:classes",
            "outcome": "EXECUTED"
          },
          {
            "path": ":connect:runtime:compileJava",
            "outcome": "FROM_CACHE"
          },
          {
            "path": ":connect:runtime:processResources",
            "outcome": "EXECUTED"
          },
          {
            "path": ":connect:test-plugins:checkstyleMain",
            "outcome": "FROM_CACHE"
          },
          {
            "path": ":connect:test-plugins:classes",
            "outcome": "EXECUTED"
          },
          {
            "path": ":connect:test-plugins:compileJava",
            "outcome": "FROM_CACHE"
          },
          {
            "path": ":connect:test-plugins:processResources",
            "outcome": "EXECUTED"
          },
          {
            "path": ":connect:transforms:checkstyleMain",
            "outcome": "FROM_CACHE"
          },
          {
            "path": ":connect:transforms:classes",
            "outcome": "EXECUTED"
          },
          {
            "path": ":connect:transforms:compileJava",
            "outcome": "FROM_CACHE"
          },
          {
            "path": ":connect:transforms:processResources",
            "outcome": "EXECUTED"
          },
          {
            "path": ":coordinator-common:checkstyleMain",
            "outcome": "FROM_CACHE"
          },
          {
            "path": ":coordinator-common:classes",
            "outcome": "UP_TO_DATE"
          },
          {
            "path": ":coordinator-common:compileJava",
            "outcome": "FROM_CACHE"
          },
          {
            "path": ":coordinator-common:compileTestJava",
            "outcome": "FROM_CACHE"
          },
          {
            "path": ":coordinator-common:processResources",
            "outcome": "NO_SOURCE"
          },
          {
            "path": ":coordinator-common:processTestResources",
            "outcome": "EXECUTED"
          },
          {
            "path": ":coordinator-common:testClasses",
            "outcome": "EXECUTED"
          },
          {
            "path": ":core:checkstyleMain",
            "outcome": "FROM_CACHE"
          },
          {
            "path": ":core:classes",
            "outcome": "UP_TO_DATE"
          },
          {
            "path": ":core:compileJava",
            "outcome": "NO_SOURCE"
          },
          {
            "path": ":core:compileScala",
            "outcome": "FROM_CACHE"
          },
          {
            "path": ":core:processResources",
            "outcome": "NO_SOURCE"
          },
          {
            "path": ":examples:checkstyleMain",
            "outcome": "FROM_CACHE"
          },
          {
            "path": ":examples:classes",
            "outcome": "UP_TO_DATE"
          },
          {
            "path": ":examples:compileJava",
            "outcome": "FROM_CACHE"
          },
          {
            "path": ":examples:processResources",
            "outcome": "NO_SOURCE"
          },
          {
            "path": ":generator:checkstyleMain",
            "outcome": "FROM_CACHE"
          },
          {
            "path": ":generator:classes",
            "outcome": "UP_TO_DATE"
          },
          {
            "path": ":generator:compileJava",
            "outcome": "FROM_CACHE"
          },
          {
            "path": ":generator:jar",
            "outcome": "EXECUTED"
          },
          {
            "path": ":generator:processResources",
            "outcome": "NO_SOURCE"
          },
          {
            "path": ":group-coordinator:checkstyleMain",
            "outcome": "FROM_CACHE"
          },
          {
            "path": ":group-coordinator:classes",
            "outcome": "EXECUTED"
          },
          {
            "path": ":group-coordinator:compileJava",
            "outcome": "FROM_CACHE"
          },
          {
            "path": ":group-coordinator:group-coordinator-api:checkstyleMain",
            "outcome": "FROM_CACHE"
          },
          {
            "path": ":group-coordinator:group-coordinator-api:classes",
            "outcome": "UP_TO_DATE"
          },
          {
            "path": ":group-coordinator:group-coordinator-api:compileJava",
            "outcome": "FROM_CACHE"
          },
          {
            "path": ":group-coordinator:group-coordinator-api:processResources",
            "outcome": "NO_SOURCE"
          },
          {
            "path": ":group-coordinator:processMessages",
            "outcome": "FROM_CACHE"
          },
          {
            "path": ":group-coordinator:processResources",
            "outcome": "EXECUTED"
          },
          {
            "path": ":jmh-benchmarks:checkstyleMain",
            "outcome": "EXECUTED"
          },
          {
            "path": ":jmh-benchmarks:classes",
            "outcome": "UP_TO_DATE"
          },
          {
            "path": ":jmh-benchmarks:compileJava",
            "outcome": "FROM_CACHE"
          },
          {
            "path": ":jmh-benchmarks:processResources",
            "outcome": "NO_SOURCE"
          },
          {
            "path": ":metadata:checkstyleMain",
            "outcome": "FROM_CACHE"
          },
          {
            "path": ":metadata:classes",
            "outcome": "EXECUTED"
          },
          {
            "path": ":metadata:compileJava",
            "outcome": "FROM_CACHE"
          },
          {
            "path": ":metadata:compileTestJava",
            "outcome": "FROM_CACHE"
          },
          {
            "path": ":metadata:processMessages",
            "outcome": "FROM_CACHE"
          },
          {
            "path": ":metadata:processResources",
            "outcome": "EXECUTED"
          },
          {
            "path": ":metadata:processTestResources",
            "outcome": "EXECUTED"
          },
          {
            "path": ":metadata:testClasses",
            "outcome": "EXECUTED"
          },
          {
            "path": ":raft:checkstyleMain",
            "outcome": "FROM_CACHE"
          },
          {
            "path": ":raft:classes",
            "outcome": "EXECUTED"
          },
          {
            "path": ":raft:compileJava",
            "outcome": "FROM_CACHE"
          },
          {
            "path": ":raft:compileTestJava",
            "outcome": "FROM_CACHE"
          },
          {
            "path": ":raft:processMessages",
            "outcome": "FROM_CACHE"
          },
          {
            "path": ":raft:processResources",
            "outcome": "EXECUTED"
          },
          {
            "path": ":raft:processTestResources",
            "outcome": "EXECUTED"
          },
          {
            "path": ":raft:testClasses",
            "outcome": "EXECUTED"
          },
          {
            "path": ":server-common:checkstyleMain",
            "outcome": "FROM_CACHE"
          },
          {
            "path": ":server-common:classes",
            "outcome": "UP_TO_DATE"
          },
          {
            "path": ":server-common:compileJava",
            "outcome": "FROM_CACHE"
          },
          {
            "path": ":server-common:compileTestJava",
            "outcome": "FROM_CACHE"
          },
          {
            "path": ":server-common:processResources",
            "outcome": "NO_SOURCE"
          },
          {
            "path": ":server-common:processTestResources",
            "outcome": "EXECUTED"
          },
          {
            "path": ":server-common:testClasses",
            "outcome": "EXECUTED"
          },
          {
            "path": ":server:checkstyleMain",
            "outcome": "FROM_CACHE"
          },
          {
            "path": ":server:classes",
            "outcome": "UP_TO_DATE"
          },
          {
            "path": ":server:compileJava",
            "outcome": "FROM_CACHE"
          },
          {
            "path": ":server:processResources",
            "outcome": "NO_SOURCE"
          },
          {
            "path": ":share-coordinator:checkstyleMain",
            "outcome": "FROM_CACHE"
          },
          {
            "path": ":share-coordinator:classes",
            "outcome": "EXECUTED"
          },
          {
            "path": ":share-coordinator:compileJava",
            "outcome": "FROM_CACHE"
          },
          {
            "path": ":share-coordinator:processMessages",
            "outcome": "FROM_CACHE"
          },
          {
            "path": ":share-coordinator:processResources",
            "outcome": "EXECUTED"
          },
          {
            "path": ":shell:checkstyleMain",
            "outcome": "FROM_CACHE"
          },
          {
            "path": ":shell:classes",
            "outcome": "UP_TO_DATE"
          },
          {
            "path": ":shell:compileJava",
            "outcome": "FROM_CACHE"
          },
          {
            "path": ":shell:processResources",
            "outcome": "NO_SOURCE"
          },
          {
            "path": ":storage:checkstyleMain",
            "outcome": "FROM_CACHE"
          },
          {
            "path": ":storage:classes",
            "outcome": "EXECUTED"
          },
          {
            "path": ":storage:compileJava",
            "outcome": "FROM_CACHE"
          },
          {
            "path": ":storage:processMessages",
            "outcome": "FROM_CACHE"
          },
          {
            "path": ":storage:processResources",
            "outcome": "EXECUTED"
          },
          {
            "path": ":storage:storage-api:checkstyleMain",
            "outcome": "FROM_CACHE"
          },
          {
            "path": ":storage:storage-api:classes",
            "outcome": "UP_TO_DATE"
          },
          {
            "path": ":storage:storage-api:compileJava",
            "outcome": "FROM_CACHE"
          },
          {
            "path": ":storage:storage-api:processResources",
            "outcome": "NO_SOURCE"
          },
          {
            "path": ":streams:checkstyleMain",
            "outcome": "EXECUTED"
          },
          {
            "path": ":streams:classes",
            "outcome": "EXECUTED"
          },
          {
            "path": ":streams:compileJava",
            "outcome": "FROM_CACHE"
          },
          {
            "path": ":streams:examples:checkstyleMain",
            "outcome": "EXECUTED"
          },
          {
            "path": ":streams:examples:classes",
            "outcome": "UP_TO_DATE"
          },
          {
            "path": ":streams:examples:compileJava",
            "outcome": "FROM_CACHE"
          },
          {
            "path": ":streams:examples:processResources",
            "outcome": "NO_SOURCE"
          },
          {
            "path": ":streams:integration-tests:checkstyleMain",
            "outcome": "NO_SOURCE"
          },
          {
            "path": ":streams:integration-tests:classes",
            "outcome": "UP_TO_DATE"
          },
          {
            "path": ":streams:integration-tests:compileJava",
            "outcome": "NO_SOURCE"
          },
          {
            "path": ":streams:integration-tests:compileScala",
            "outcome": "NO_SOURCE"
          },
          {
            "path": ":streams:integration-tests:processResources",
            "outcome": "NO_SOURCE"
          },
          {
            "path": ":streams:processMessages",
            "outcome": "FROM_CACHE"
          },
          {
            "path": ":streams:processResources",
            "outcome": "EXECUTED"
          },
          {
            "path": ":streams:streams-scala:checkstyleMain",
            "outcome": "NO_SOURCE"
          },
          {
            "path": ":streams:streams-scala:classes",
            "outcome": "EXECUTED"
          },
          {
            "path": ":streams:streams-scala:compileJava",
            "outcome": "NO_SOURCE"
          },
          {
            "path": ":streams:streams-scala:compileScala",
            "outcome": "EXECUTED"
          },
          {
            "path": ":streams:streams-scala:processResources",
            "outcome": "NO_SOURCE"
          },
          {
            "path": ":streams:test-utils:checkstyleMain",
            "outcome": "EXECUTED"
          },
          {
            "path": ":streams:test-utils:classes",
            "outcome": "UP_TO_DATE"
          },
          {
            "path": ":streams:test-utils:compileJava",
            "outcome": "FROM_CACHE"
          },
          {
            "path": ":streams:test-utils:processResources",
            "outcome": "NO_SOURCE"
          },
          {
            "path": ":streams:upgrade-system-tests-0110:checkstyleMain",
            "outcome": "NO_SOURCE"
          },
          {
            "path": ":streams:upgrade-system-tests-0110:classes",
            "outcome": "UP_TO_DATE"
          },
          {
            "path": ":streams:upgrade-system-tests-0110:compileJava",
            "outcome": "NO_SOURCE"
          },
          {
            "path": ":streams:upgrade-system-tests-0110:processResources",
            "outcome": "NO_SOURCE"
          },
          {
            "path": ":streams:upgrade-system-tests-10:checkstyleMain",
            "outcome": "NO_SOURCE"
          },
          {
            "path": ":streams:upgrade-system-tests-10:classes",
            "outcome": "UP_TO_DATE"
          },
          {
            "path": ":streams:upgrade-system-tests-10:compileJava",
            "outcome": "NO_SOURCE"
          },
          {
            "path": ":streams:upgrade-system-tests-10:processResources",
            "outcome": "NO_SOURCE"
          },
          {
            "path": ":streams:upgrade-system-tests-11:checkstyleMain",
            "outcome": "NO_SOURCE"
          },
          {
            "path": ":streams:upgrade-system-tests-11:classes",
            "outcome": "UP_TO_DATE"
          },
          {
            "path": ":streams:upgrade-system-tests-11:compileJava",
            "outcome": "NO_SOURCE"
          },
          {
            "path": ":streams:upgrade-system-tests-11:processResources",
            "outcome": "NO_SOURCE"
          },
          {
            "path": ":streams:upgrade-system-tests-20:checkstyleMain",
            "outcome": "NO_SOURCE"
          },
          {
            "path": ":streams:upgrade-system-tests-20:classes",
            "outcome": "UP_TO_DATE"
          },
          {
            "path": ":streams:upgrade-system-tests-20:compileJava",
            "outcome": "NO_SOURCE"
          },
          {
            "path": ":streams:upgrade-system-tests-20:processResources",
            "outcome": "NO_SOURCE"
          },
          {
            "path": ":streams:upgrade-system-tests-21:checkstyleMain",
            "outcome": "NO_SOURCE"
          },
          {
            "path": ":streams:upgrade-system-tests-21:classes",
            "outcome": "UP_TO_DATE"
          },
          {
            "path": ":streams:upgrade-system-tests-21:compileJava",
            "outcome": "NO_SOURCE"
          },
          {
            "path": ":streams:upgrade-system-tests-21:processResources",
            "outcome": "NO_SOURCE"
          },
          {
            "path": ":streams:upgrade-system-tests-22:checkstyleMain",
            "outcome": "NO_SOURCE"
          },
          {
            "path": ":streams:upgrade-system-tests-22:classes",
            "outcome": "UP_TO_DATE"
          },
          {
            "path": ":streams:upgrade-system-tests-22:compileJava",
            "outcome": "NO_SOURCE"
          },
          {
            "path": ":streams:upgrade-system-tests-22:processResources",
            "outcome": "NO_SOURCE"
          },
          {
            "path": ":streams:upgrade-system-tests-23:checkstyleMain",
            "outcome": "NO_SOURCE"
          },
          {
            "path": ":streams:upgrade-system-tests-23:classes",
            "outcome": "UP_TO_DATE"
          },
          {
            "path": ":streams:upgrade-system-tests-23:compileJava",
            "outcome": "NO_SOURCE"
          },
          {
            "path": ":streams:upgrade-system-tests-23:processResources",
            "outcome": "NO_SOURCE"
          },
          {
            "path": ":streams:upgrade-system-tests-24:checkstyleMain",
            "outcome": "NO_SOURCE"
          },
          {
            "path": ":streams:upgrade-system-tests-24:classes",
            "outcome": "UP_TO_DATE"
          },
          {
            "path": ":streams:upgrade-system-tests-24:compileJava",
            "outcome": "NO_SOURCE"
          },
          {
            "path": ":streams:upgrade-system-tests-24:processResources",
            "outcome": "NO_SOURCE"
          },
          {
            "path": ":streams:upgrade-system-tests-25:checkstyleMain",
            "outcome": "NO_SOURCE"
          },
          {
            "path": ":streams:upgrade-system-tests-25:classes",
            "outcome": "UP_TO_DATE"
          },
          {
            "path": ":streams:upgrade-system-tests-25:compileJava",
            "outcome": "NO_SOURCE"
          },
          {
            "path": ":streams:upgrade-system-tests-25:processResources",
            "outcome": "NO_SOURCE"
          },
          {
            "path": ":streams:upgrade-system-tests-26:checkstyleMain",
            "outcome": "NO_SOURCE"
          },
          {
            "path": ":streams:upgrade-system-tests-26:classes",
            "outcome": "UP_TO_DATE"
          },
          {
            "path": ":streams:upgrade-system-tests-26:compileJava",
            "outcome": "NO_SOURCE"
          },
          {
            "path": ":streams:upgrade-system-tests-26:processResources",
            "outcome": "NO_SOURCE"
          },
          {
            "path": ":streams:upgrade-system-tests-27:checkstyleMain",
            "outcome": "NO_SOURCE"
          },
          {
            "path": ":streams:upgrade-system-tests-27:classes",
            "outcome": "UP_TO_DATE"
          },
          {
            "path": ":streams:upgrade-system-tests-27:compileJava",
            "outcome": "NO_SOURCE"
          },
          {
            "path": ":streams:upgrade-system-tests-27:processResources",
            "outcome": "NO_SOURCE"
          },
          {
            "path": ":streams:upgrade-system-tests-28:checkstyleMain",
            "outcome": "NO_SOURCE"
          },
          {
            "path": ":streams:upgrade-system-tests-28:classes",
            "outcome": "UP_TO_DATE"
          },
          {
            "path": ":streams:upgrade-system-tests-28:compileJava",
            "outcome": "NO_SOURCE"
          },
          {
            "path": ":streams:upgrade-system-tests-28:processResources",
            "outcome": "NO_SOURCE"
          },
          {
            "path": ":streams:upgrade-system-tests-30:checkstyleMain",
            "outcome": "NO_SOURCE"
          },
          {
            "path": ":streams:upgrade-system-tests-30:classes",
            "outcome": "UP_TO_DATE"
          },
          {
            "path": ":streams:upgrade-system-tests-30:compileJava",
            "outcome": "NO_SOURCE"
          },
          {
            "path": ":streams:upgrade-system-tests-30:processResources",
            "outcome": "NO_SOURCE"
          },
          {
            "path": ":streams:upgrade-system-tests-31:checkstyleMain",
            "outcome": "NO_SOURCE"
          },
          {
            "path": ":streams:upgrade-system-tests-31:classes",
            "outcome": "UP_TO_DATE"
          },
          {
            "path": ":streams:upgrade-system-tests-31:compileJava",
            "outcome": "NO_SOURCE"
          },
          {
            "path": ":streams:upgrade-system-tests-31:processResources",
            "outcome": "NO_SOURCE"
          },
          {
            "path": ":streams:upgrade-system-tests-32:checkstyleMain",
            "outcome": "NO_SOURCE"
          },
          {
            "path": ":streams:upgrade-system-tests-32:classes",
            "outcome": "UP_TO_DATE"
          },
          {
            "path": ":streams:upgrade-system-tests-32:compileJava",
            "outcome": "NO_SOURCE"
          },
          {
            "path": ":streams:upgrade-system-tests-32:processResources",
            "outcome": "NO_SOURCE"
          },
          {
            "path": ":streams:upgrade-system-tests-33:checkstyleMain",
            "outcome": "NO_SOURCE"
          },
          {
            "path": ":streams:upgrade-system-tests-33:classes",
            "outcome": "UP_TO_DATE"
          },
          {
            "path": ":streams:upgrade-system-tests-33:compileJava",
            "outcome": "NO_SOURCE"
          },
          {
            "path": ":streams:upgrade-system-tests-33:processResources",
            "outcome": "NO_SOURCE"
          },
          {
            "path": ":streams:upgrade-system-tests-34:checkstyleMain",
            "outcome": "NO_SOURCE"
          },
          {
            "path": ":streams:upgrade-system-tests-34:classes",
            "outcome": "UP_TO_DATE"
          },
          {
            "path": ":streams:upgrade-system-tests-34:compileJava",
            "outcome": "NO_SOURCE"
          },
          {
            "path": ":streams:upgrade-system-tests-34:processResources",
            "outcome": "NO_SOURCE"
          },
          {
            "path": ":streams:upgrade-system-tests-35:checkstyleMain",
            "outcome": "NO_SOURCE"
          },
          {
            "path": ":streams:upgrade-system-tests-35:classes",
            "outcome": "UP_TO_DATE"
          },
          {
            "path": ":streams:upgrade-system-tests-35:compileJava",
            "outcome": "NO_SOURCE"
          },
          {
            "path": ":streams:upgrade-system-tests-35:processResources",
            "outcome": "NO_SOURCE"
          },
          {
            "path": ":streams:upgrade-system-tests-36:checkstyleMain",
            "outcome": "NO_SOURCE"
          },
          {
            "path": ":streams:upgrade-system-tests-36:classes",
            "outcome": "UP_TO_DATE"
          },
          {
            "path": ":streams:upgrade-system-tests-36:compileJava",
            "outcome": "NO_SOURCE"
          },
          {
            "path": ":streams:upgrade-system-tests-36:processResources",
            "outcome": "NO_SOURCE"
          },
          {
            "path": ":streams:upgrade-system-tests-37:checkstyleMain",
            "outcome": "NO_SOURCE"
          },
          {
            "path": ":streams:upgrade-system-tests-37:classes",
            "outcome": "UP_TO_DATE"
          },
          {
            "path": ":streams:upgrade-system-tests-37:compileJava",
            "outcome": "NO_SOURCE"
          },
          {
            "path": ":streams:upgrade-system-tests-37:processResources",
            "outcome": "NO_SOURCE"
          },
          {
            "path": ":streams:upgrade-system-tests-38:checkstyleMain",
            "outcome": "NO_SOURCE"
          },
          {
            "path": ":streams:upgrade-system-tests-38:classes",
            "outcome": "UP_TO_DATE"
          },
          {
            "path": ":streams:upgrade-system-tests-38:compileJava",
            "outcome": "NO_SOURCE"
          },
          {
            "path": ":streams:upgrade-system-tests-38:processResources",
            "outcome": "NO_SOURCE"
          },
          {
            "path": ":streams:upgrade-system-tests-39:checkstyleMain",
            "outcome": "NO_SOURCE"
          },
          {
            "path": ":streams:upgrade-system-tests-39:classes",
            "outcome": "UP_TO_DATE"
          },
          {
            "path": ":streams:upgrade-system-tests-39:compileJava",
            "outcome": "NO_SOURCE"
          },
          {
            "path": ":streams:upgrade-system-tests-39:processResources",
            "outcome": "NO_SOURCE"
          },
          {
            "path": ":streams:upgrade-system-tests-40:checkstyleMain",
            "outcome": "NO_SOURCE"
          },
          {
            "path": ":streams:upgrade-system-tests-40:classes",
            "outcome": "UP_TO_DATE"
          },
          {
            "path": ":streams:upgrade-system-tests-40:compileJava",
            "outcome": "NO_SOURCE"
          },
          {
            "path": ":streams:upgrade-system-tests-40:processResources",
            "outcome": "NO_SOURCE"
          },
          {
            "path": ":streams:upgrade-system-tests-41:checkstyleMain",
            "outcome": "NO_SOURCE"
          },
          {
            "path": ":streams:upgrade-system-tests-41:classes",
            "outcome": "UP_TO_DATE"
          },
          {
            "path": ":streams:upgrade-system-tests-41:compileJava",
            "outcome": "NO_SOURCE"
          },
          {
            "path": ":streams:upgrade-system-tests-41:processResources",
            "outcome": "NO_SOURCE"
          },
          {
            "path": ":test-common:checkstyleMain",
            "outcome": "NO_SOURCE"
          },
          {
            "path": ":test-common:classes",
            "outcome": "UP_TO_DATE"
          },
          {
            "path": ":test-common:compileJava",
            "outcome": "NO_SOURCE"
          },
          {
            "path": ":test-common:processResources",
            "outcome": "NO_SOURCE"
          },
          {
            "path": ":test-common:test-common-internal-api:checkstyleMain",
            "outcome": "FROM_CACHE"
          },
          {
            "path": ":test-common:test-common-internal-api:classes",
            "outcome": "UP_TO_DATE"
          },
          {
            "path": ":test-common:test-common-internal-api:compileJava",
            "outcome": "FROM_CACHE"
          },
          {
            "path": ":test-common:test-common-internal-api:processResources",
            "outcome": "NO_SOURCE"
          },
          {
            "path": ":test-common:test-common-runtime:checkstyleMain",
            "outcome": "FROM_CACHE"
          },
          {
            "path": ":test-common:test-common-runtime:classes",
            "outcome": "EXECUTED"
          },
          {
            "path": ":test-common:test-common-runtime:compileJava",
            "outcome": "FROM_CACHE"
          },
          {
            "path": ":test-common:test-common-runtime:processResources",
            "outcome": "EXECUTED"
          },
          {
            "path": ":test-common:test-common-util:checkstyleMain",
            "outcome": "FROM_CACHE"
          },
          {
            "path": ":test-common:test-common-util:classes",
            "outcome": "EXECUTED"
          },
          {
            "path": ":test-common:test-common-util:compileJava",
            "outcome": "FROM_CACHE"
          },
          {
            "path": ":test-common:test-common-util:processResources",
            "outcome": "EXECUTED"
          },
          {
            "path": ":tools:checkstyleMain",
            "outcome": "FROM_CACHE"
          },
          {
            "path": ":tools:classes",
            "outcome": "UP_TO_DATE"
          },
          {
            "path": ":tools:compileJava",
            "outcome": "FROM_CACHE"
          },
          {
            "path": ":tools:processResources",
            "outcome": "NO_SOURCE"
          },
          {
            "path": ":tools:tools-api:checkstyleMain",
            "outcome": "FROM_CACHE"
          },
          {
            "path": ":tools:tools-api:classes",
            "outcome": "UP_TO_DATE"
          },
          {
            "path": ":tools:tools-api:compileJava",
            "outcome": "FROM_CACHE"
          },
          {
            "path": ":tools:tools-api:processResources",
            "outcome": "NO_SOURCE"
          },
          {
            "path": ":transaction-coordinator:checkstyleMain",
            "outcome": "FROM_CACHE"
          },
          {
            "path": ":transaction-coordinator:classes",
            "outcome": "EXECUTED"
          },
          {
            "path": ":transaction-coordinator:compileJava",
            "outcome": "FROM_CACHE"
          },
          {
            "path": ":transaction-coordinator:processMessages",
            "outcome": "FROM_CACHE"
          },
          {
            "path": ":transaction-coordinator:processResources",
            "outcome": "EXECUTED"
          },
          {
            "path": ":trogdor:checkstyleMain",
            "outcome": "FROM_CACHE"
          },
          {
            "path": ":trogdor:classes",
            "outcome": "UP_TO_DATE"
          },
          {
            "path": ":trogdor:compileJava",
            "outcome": "FROM_CACHE"
          },
          {
            "path": ":trogdor:processResources",
            "outcome": "NO_SOURCE"
          }
        ]
      },
      "candidateTaskOutcomes": {
        "total": 9,
        "executed": 5,
        "fromCache": 2,
        "upToDate": 1,
        "noSource": 1,
        "skipped": 0,
        "fingerprintSha256": "3b4f5ae086fdb19ab5346d7a725cd9c1bf2e4738837383d0f48304413cbe0aa2",
        "tasks": [
          {
            "path": ":clients:checkstyleMain",
            "outcome": "EXECUTED"
          },
          {
            "path": ":clients:classes",
            "outcome": "EXECUTED"
          },
          {
            "path": ":clients:compileJava",
            "outcome": "EXECUTED"
          },
          {
            "path": ":clients:processMessages",
            "outcome": "FROM_CACHE"
          },
          {
            "path": ":clients:processResources",
            "outcome": "EXECUTED"
          },
          {
            "path": ":generator:classes",
            "outcome": "UP_TO_DATE"
          },
          {
            "path": ":generator:compileJava",
            "outcome": "FROM_CACHE"
          },
          {
            "path": ":generator:jar",
            "outcome": "EXECUTED"
          },
          {
            "path": ":generator:processResources",
            "outcome": "NO_SOURCE"
          }
        ]
      },
      "controlHostPressure": {
        "available": true,
        "cpuSomeTotalUs": 6138346,
        "memorySomeTotalUs": 181954,
        "memoryFullTotalUs": 167535,
        "ioSomeTotalUs": 46697993,
        "ioFullTotalUs": 28948699
      },
      "candidateHostPressure": {
        "available": true,
        "cpuSomeTotalUs": 249115,
        "memorySomeTotalUs": 293,
        "memoryFullTotalUs": 286,
        "ioSomeTotalUs": 43012567,
        "ioFullTotalUs": 35857235
      }
    },
    {
      "pair": 3,
      "order": "CONTROL_FIRST",
      "controlDurationMs": 86675,
      "candidateDurationMs": 60758,
      "savedMs": 25917,
      "controlRequiredOutputSha256": "798f5262b6ac7cd280f6add96ce7b781aeed1a74a7851339ddfa17f6fc6edd75",
      "candidateRequiredOutputSha256": "798f5262b6ac7cd280f6add96ce7b781aeed1a74a7851339ddfa17f6fc6edd75",
      "requiredOutputCount": 2,
      "productAttributableFailure": false,
      "controlLogSha256": "30a7459f35793ab70af0c06a0cac96dd4c67c0371cbd281296af17c5f743f3b8",
      "candidateLogSha256": "a7f84db0ab9971605026bce8bf527fd41cd29372a18b8c45c28315756e2ce06b",
      "controlTaskOutcomes": {
        "total": 286,
        "executed": 57,
        "fromCache": 78,
        "upToDate": 45,
        "noSource": 106,
        "skipped": 0,
        "fingerprintSha256": "a8872da5863b9a918a72717a4223a0b927bb8f76689b3bc8e50d1b597d59f87a",
        "tasks": [
          {
            "path": ":clients:checkstyleMain",
            "outcome": "EXECUTED"
          },
          {
            "path": ":clients:classes",
            "outcome": "EXECUTED"
          },
          {
            "path": ":clients:clients-integration-tests:checkstyleMain",
            "outcome": "NO_SOURCE"
          },
          {
            "path": ":clients:clients-integration-tests:classes",
            "outcome": "UP_TO_DATE"
          },
          {
            "path": ":clients:clients-integration-tests:compileJava",
            "outcome": "NO_SOURCE"
          },
          {
            "path": ":clients:clients-integration-tests:processResources",
            "outcome": "NO_SOURCE"
          },
          {
            "path": ":clients:compileJava",
            "outcome": "EXECUTED"
          },
          {
            "path": ":clients:compileTestJava",
            "outcome": "FROM_CACHE"
          },
          {
            "path": ":clients:createVersionFile",
            "outcome": "EXECUTED"
          },
          {
            "path": ":clients:processMessages",
            "outcome": "FROM_CACHE"
          },
          {
            "path": ":clients:processResources",
            "outcome": "EXECUTED"
          },
          {
            "path": ":clients:processTestMessages",
            "outcome": "FROM_CACHE"
          },
          {
            "path": ":clients:processTestResources",
            "outcome": "EXECUTED"
          },
          {
            "path": ":clients:shadowJar",
            "outcome": "EXECUTED"
          },
          {
            "path": ":clients:testClasses",
            "outcome": "EXECUTED"
          },
          {
            "path": ":connect:api:checkstyleMain",
            "outcome": "FROM_CACHE"
          },
          {
            "path": ":connect:api:classes",
            "outcome": "EXECUTED"
          },
          {
            "path": ":connect:api:compileJava",
            "outcome": "FROM_CACHE"
          },
          {
            "path": ":connect:api:processResources",
            "outcome": "EXECUTED"
          },
          {
            "path": ":connect:basic-auth-extension:checkstyleMain",
            "outcome": "FROM_CACHE"
          },
          {
            "path": ":connect:basic-auth-extension:classes",
            "outcome": "EXECUTED"
          },
          {
            "path": ":connect:basic-auth-extension:compileJava",
            "outcome": "FROM_CACHE"
          },
          {
            "path": ":connect:basic-auth-extension:processResources",
            "outcome": "EXECUTED"
          },
          {
            "path": ":connect:checkstyleMain",
            "outcome": "NO_SOURCE"
          },
          {
            "path": ":connect:classes",
            "outcome": "UP_TO_DATE"
          },
          {
            "path": ":connect:compileJava",
            "outcome": "NO_SOURCE"
          },
          {
            "path": ":connect:file:checkstyleMain",
            "outcome": "FROM_CACHE"
          },
          {
            "path": ":connect:file:classes",
            "outcome": "EXECUTED"
          },
          {
            "path": ":connect:file:compileJava",
            "outcome": "FROM_CACHE"
          },
          {
            "path": ":connect:file:processResources",
            "outcome": "EXECUTED"
          },
          {
            "path": ":connect:json:checkstyleMain",
            "outcome": "FROM_CACHE"
          },
          {
            "path": ":connect:json:classes",
            "outcome": "EXECUTED"
          },
          {
            "path": ":connect:json:compileJava",
            "outcome": "FROM_CACHE"
          },
          {
            "path": ":connect:json:processResources",
            "outcome": "EXECUTED"
          },
          {
            "path": ":connect:mirror-client:checkstyleMain",
            "outcome": "FROM_CACHE"
          },
          {
            "path": ":connect:mirror-client:classes",
            "outcome": "UP_TO_DATE"
          },
          {
            "path": ":connect:mirror-client:compileJava",
            "outcome": "FROM_CACHE"
          },
          {
            "path": ":connect:mirror-client:processResources",
            "outcome": "NO_SOURCE"
          },
          {
            "path": ":connect:mirror:checkstyleMain",
            "outcome": "FROM_CACHE"
          },
          {
            "path": ":connect:mirror:classes",
            "outcome": "EXECUTED"
          },
          {
            "path": ":connect:mirror:compileJava",
            "outcome": "FROM_CACHE"
          },
          {
            "path": ":connect:mirror:processResources",
            "outcome": "EXECUTED"
          },
          {
            "path": ":connect:processResources",
            "outcome": "NO_SOURCE"
          },
          {
            "path": ":connect:runtime:checkstyleMain",
            "outcome": "FROM_CACHE"
          },
          {
            "path": ":connect:runtime:classes",
            "outcome": "EXECUTED"
          },
          {
            "path": ":connect:runtime:compileJava",
            "outcome": "FROM_CACHE"
          },
          {
            "path": ":connect:runtime:processResources",
            "outcome": "EXECUTED"
          },
          {
            "path": ":connect:test-plugins:checkstyleMain",
            "outcome": "FROM_CACHE"
          },
          {
            "path": ":connect:test-plugins:classes",
            "outcome": "EXECUTED"
          },
          {
            "path": ":connect:test-plugins:compileJava",
            "outcome": "FROM_CACHE"
          },
          {
            "path": ":connect:test-plugins:processResources",
            "outcome": "EXECUTED"
          },
          {
            "path": ":connect:transforms:checkstyleMain",
            "outcome": "FROM_CACHE"
          },
          {
            "path": ":connect:transforms:classes",
            "outcome": "EXECUTED"
          },
          {
            "path": ":connect:transforms:compileJava",
            "outcome": "FROM_CACHE"
          },
          {
            "path": ":connect:transforms:processResources",
            "outcome": "EXECUTED"
          },
          {
            "path": ":coordinator-common:checkstyleMain",
            "outcome": "FROM_CACHE"
          },
          {
            "path": ":coordinator-common:classes",
            "outcome": "UP_TO_DATE"
          },
          {
            "path": ":coordinator-common:compileJava",
            "outcome": "FROM_CACHE"
          },
          {
            "path": ":coordinator-common:compileTestJava",
            "outcome": "FROM_CACHE"
          },
          {
            "path": ":coordinator-common:processResources",
            "outcome": "NO_SOURCE"
          },
          {
            "path": ":coordinator-common:processTestResources",
            "outcome": "EXECUTED"
          },
          {
            "path": ":coordinator-common:testClasses",
            "outcome": "EXECUTED"
          },
          {
            "path": ":core:checkstyleMain",
            "outcome": "FROM_CACHE"
          },
          {
            "path": ":core:classes",
            "outcome": "UP_TO_DATE"
          },
          {
            "path": ":core:compileJava",
            "outcome": "NO_SOURCE"
          },
          {
            "path": ":core:compileScala",
            "outcome": "FROM_CACHE"
          },
          {
            "path": ":core:processResources",
            "outcome": "NO_SOURCE"
          },
          {
            "path": ":examples:checkstyleMain",
            "outcome": "FROM_CACHE"
          },
          {
            "path": ":examples:classes",
            "outcome": "UP_TO_DATE"
          },
          {
            "path": ":examples:compileJava",
            "outcome": "FROM_CACHE"
          },
          {
            "path": ":examples:processResources",
            "outcome": "NO_SOURCE"
          },
          {
            "path": ":generator:checkstyleMain",
            "outcome": "FROM_CACHE"
          },
          {
            "path": ":generator:classes",
            "outcome": "UP_TO_DATE"
          },
          {
            "path": ":generator:compileJava",
            "outcome": "FROM_CACHE"
          },
          {
            "path": ":generator:jar",
            "outcome": "EXECUTED"
          },
          {
            "path": ":generator:processResources",
            "outcome": "NO_SOURCE"
          },
          {
            "path": ":group-coordinator:checkstyleMain",
            "outcome": "FROM_CACHE"
          },
          {
            "path": ":group-coordinator:classes",
            "outcome": "EXECUTED"
          },
          {
            "path": ":group-coordinator:compileJava",
            "outcome": "FROM_CACHE"
          },
          {
            "path": ":group-coordinator:group-coordinator-api:checkstyleMain",
            "outcome": "FROM_CACHE"
          },
          {
            "path": ":group-coordinator:group-coordinator-api:classes",
            "outcome": "UP_TO_DATE"
          },
          {
            "path": ":group-coordinator:group-coordinator-api:compileJava",
            "outcome": "FROM_CACHE"
          },
          {
            "path": ":group-coordinator:group-coordinator-api:processResources",
            "outcome": "NO_SOURCE"
          },
          {
            "path": ":group-coordinator:processMessages",
            "outcome": "FROM_CACHE"
          },
          {
            "path": ":group-coordinator:processResources",
            "outcome": "EXECUTED"
          },
          {
            "path": ":jmh-benchmarks:checkstyleMain",
            "outcome": "EXECUTED"
          },
          {
            "path": ":jmh-benchmarks:classes",
            "outcome": "UP_TO_DATE"
          },
          {
            "path": ":jmh-benchmarks:compileJava",
            "outcome": "FROM_CACHE"
          },
          {
            "path": ":jmh-benchmarks:processResources",
            "outcome": "NO_SOURCE"
          },
          {
            "path": ":metadata:checkstyleMain",
            "outcome": "FROM_CACHE"
          },
          {
            "path": ":metadata:classes",
            "outcome": "EXECUTED"
          },
          {
            "path": ":metadata:compileJava",
            "outcome": "FROM_CACHE"
          },
          {
            "path": ":metadata:compileTestJava",
            "outcome": "FROM_CACHE"
          },
          {
            "path": ":metadata:processMessages",
            "outcome": "FROM_CACHE"
          },
          {
            "path": ":metadata:processResources",
            "outcome": "EXECUTED"
          },
          {
            "path": ":metadata:processTestResources",
            "outcome": "EXECUTED"
          },
          {
            "path": ":metadata:testClasses",
            "outcome": "EXECUTED"
          },
          {
            "path": ":raft:checkstyleMain",
            "outcome": "FROM_CACHE"
          },
          {
            "path": ":raft:classes",
            "outcome": "EXECUTED"
          },
          {
            "path": ":raft:compileJava",
            "outcome": "FROM_CACHE"
          },
          {
            "path": ":raft:compileTestJava",
            "outcome": "FROM_CACHE"
          },
          {
            "path": ":raft:processMessages",
            "outcome": "FROM_CACHE"
          },
          {
            "path": ":raft:processResources",
            "outcome": "EXECUTED"
          },
          {
            "path": ":raft:processTestResources",
            "outcome": "EXECUTED"
          },
          {
            "path": ":raft:testClasses",
            "outcome": "EXECUTED"
          },
          {
            "path": ":server-common:checkstyleMain",
            "outcome": "FROM_CACHE"
          },
          {
            "path": ":server-common:classes",
            "outcome": "UP_TO_DATE"
          },
          {
            "path": ":server-common:compileJava",
            "outcome": "FROM_CACHE"
          },
          {
            "path": ":server-common:compileTestJava",
            "outcome": "FROM_CACHE"
          },
          {
            "path": ":server-common:processResources",
            "outcome": "NO_SOURCE"
          },
          {
            "path": ":server-common:processTestResources",
            "outcome": "EXECUTED"
          },
          {
            "path": ":server-common:testClasses",
            "outcome": "EXECUTED"
          },
          {
            "path": ":server:checkstyleMain",
            "outcome": "FROM_CACHE"
          },
          {
            "path": ":server:classes",
            "outcome": "UP_TO_DATE"
          },
          {
            "path": ":server:compileJava",
            "outcome": "FROM_CACHE"
          },
          {
            "path": ":server:processResources",
            "outcome": "NO_SOURCE"
          },
          {
            "path": ":share-coordinator:checkstyleMain",
            "outcome": "FROM_CACHE"
          },
          {
            "path": ":share-coordinator:classes",
            "outcome": "EXECUTED"
          },
          {
            "path": ":share-coordinator:compileJava",
            "outcome": "FROM_CACHE"
          },
          {
            "path": ":share-coordinator:processMessages",
            "outcome": "FROM_CACHE"
          },
          {
            "path": ":share-coordinator:processResources",
            "outcome": "EXECUTED"
          },
          {
            "path": ":shell:checkstyleMain",
            "outcome": "FROM_CACHE"
          },
          {
            "path": ":shell:classes",
            "outcome": "UP_TO_DATE"
          },
          {
            "path": ":shell:compileJava",
            "outcome": "FROM_CACHE"
          },
          {
            "path": ":shell:processResources",
            "outcome": "NO_SOURCE"
          },
          {
            "path": ":storage:checkstyleMain",
            "outcome": "FROM_CACHE"
          },
          {
            "path": ":storage:classes",
            "outcome": "EXECUTED"
          },
          {
            "path": ":storage:compileJava",
            "outcome": "FROM_CACHE"
          },
          {
            "path": ":storage:processMessages",
            "outcome": "FROM_CACHE"
          },
          {
            "path": ":storage:processResources",
            "outcome": "EXECUTED"
          },
          {
            "path": ":storage:storage-api:checkstyleMain",
            "outcome": "FROM_CACHE"
          },
          {
            "path": ":storage:storage-api:classes",
            "outcome": "UP_TO_DATE"
          },
          {
            "path": ":storage:storage-api:compileJava",
            "outcome": "FROM_CACHE"
          },
          {
            "path": ":storage:storage-api:processResources",
            "outcome": "NO_SOURCE"
          },
          {
            "path": ":streams:checkstyleMain",
            "outcome": "EXECUTED"
          },
          {
            "path": ":streams:classes",
            "outcome": "EXECUTED"
          },
          {
            "path": ":streams:compileJava",
            "outcome": "FROM_CACHE"
          },
          {
            "path": ":streams:examples:checkstyleMain",
            "outcome": "EXECUTED"
          },
          {
            "path": ":streams:examples:classes",
            "outcome": "UP_TO_DATE"
          },
          {
            "path": ":streams:examples:compileJava",
            "outcome": "FROM_CACHE"
          },
          {
            "path": ":streams:examples:processResources",
            "outcome": "NO_SOURCE"
          },
          {
            "path": ":streams:integration-tests:checkstyleMain",
            "outcome": "NO_SOURCE"
          },
          {
            "path": ":streams:integration-tests:classes",
            "outcome": "UP_TO_DATE"
          },
          {
            "path": ":streams:integration-tests:compileJava",
            "outcome": "NO_SOURCE"
          },
          {
            "path": ":streams:integration-tests:compileScala",
            "outcome": "NO_SOURCE"
          },
          {
            "path": ":streams:integration-tests:processResources",
            "outcome": "NO_SOURCE"
          },
          {
            "path": ":streams:processMessages",
            "outcome": "FROM_CACHE"
          },
          {
            "path": ":streams:processResources",
            "outcome": "EXECUTED"
          },
          {
            "path": ":streams:streams-scala:checkstyleMain",
            "outcome": "NO_SOURCE"
          },
          {
            "path": ":streams:streams-scala:classes",
            "outcome": "EXECUTED"
          },
          {
            "path": ":streams:streams-scala:compileJava",
            "outcome": "NO_SOURCE"
          },
          {
            "path": ":streams:streams-scala:compileScala",
            "outcome": "EXECUTED"
          },
          {
            "path": ":streams:streams-scala:processResources",
            "outcome": "NO_SOURCE"
          },
          {
            "path": ":streams:test-utils:checkstyleMain",
            "outcome": "EXECUTED"
          },
          {
            "path": ":streams:test-utils:classes",
            "outcome": "UP_TO_DATE"
          },
          {
            "path": ":streams:test-utils:compileJava",
            "outcome": "FROM_CACHE"
          },
          {
            "path": ":streams:test-utils:processResources",
            "outcome": "NO_SOURCE"
          },
          {
            "path": ":streams:upgrade-system-tests-0110:checkstyleMain",
            "outcome": "NO_SOURCE"
          },
          {
            "path": ":streams:upgrade-system-tests-0110:classes",
            "outcome": "UP_TO_DATE"
          },
          {
            "path": ":streams:upgrade-system-tests-0110:compileJava",
            "outcome": "NO_SOURCE"
          },
          {
            "path": ":streams:upgrade-system-tests-0110:processResources",
            "outcome": "NO_SOURCE"
          },
          {
            "path": ":streams:upgrade-system-tests-10:checkstyleMain",
            "outcome": "NO_SOURCE"
          },
          {
            "path": ":streams:upgrade-system-tests-10:classes",
            "outcome": "UP_TO_DATE"
          },
          {
            "path": ":streams:upgrade-system-tests-10:compileJava",
            "outcome": "NO_SOURCE"
          },
          {
            "path": ":streams:upgrade-system-tests-10:processResources",
            "outcome": "NO_SOURCE"
          },
          {
            "path": ":streams:upgrade-system-tests-11:checkstyleMain",
            "outcome": "NO_SOURCE"
          },
          {
            "path": ":streams:upgrade-system-tests-11:classes",
            "outcome": "UP_TO_DATE"
          },
          {
            "path": ":streams:upgrade-system-tests-11:compileJava",
            "outcome": "NO_SOURCE"
          },
          {
            "path": ":streams:upgrade-system-tests-11:processResources",
            "outcome": "NO_SOURCE"
          },
          {
            "path": ":streams:upgrade-system-tests-20:checkstyleMain",
            "outcome": "NO_SOURCE"
          },
          {
            "path": ":streams:upgrade-system-tests-20:classes",
            "outcome": "UP_TO_DATE"
          },
          {
            "path": ":streams:upgrade-system-tests-20:compileJava",
            "outcome": "NO_SOURCE"
          },
          {
            "path": ":streams:upgrade-system-tests-20:processResources",
            "outcome": "NO_SOURCE"
          },
          {
            "path": ":streams:upgrade-system-tests-21:checkstyleMain",
            "outcome": "NO_SOURCE"
          },
          {
            "path": ":streams:upgrade-system-tests-21:classes",
            "outcome": "UP_TO_DATE"
          },
          {
            "path": ":streams:upgrade-system-tests-21:compileJava",
            "outcome": "NO_SOURCE"
          },
          {
            "path": ":streams:upgrade-system-tests-21:processResources",
            "outcome": "NO_SOURCE"
          },
          {
            "path": ":streams:upgrade-system-tests-22:checkstyleMain",
            "outcome": "NO_SOURCE"
          },
          {
            "path": ":streams:upgrade-system-tests-22:classes",
            "outcome": "UP_TO_DATE"
          },
          {
            "path": ":streams:upgrade-system-tests-22:compileJava",
            "outcome": "NO_SOURCE"
          },
          {
            "path": ":streams:upgrade-system-tests-22:processResources",
            "outcome": "NO_SOURCE"
          },
          {
            "path": ":streams:upgrade-system-tests-23:checkstyleMain",
            "outcome": "NO_SOURCE"
          },
          {
            "path": ":streams:upgrade-system-tests-23:classes",
            "outcome": "UP_TO_DATE"
          },
          {
            "path": ":streams:upgrade-system-tests-23:compileJava",
            "outcome": "NO_SOURCE"
          },
          {
            "path": ":streams:upgrade-system-tests-23:processResources",
            "outcome": "NO_SOURCE"
          },
          {
            "path": ":streams:upgrade-system-tests-24:checkstyleMain",
            "outcome": "NO_SOURCE"
          },
          {
            "path": ":streams:upgrade-system-tests-24:classes",
            "outcome": "UP_TO_DATE"
          },
          {
            "path": ":streams:upgrade-system-tests-24:compileJava",
            "outcome": "NO_SOURCE"
          },
          {
            "path": ":streams:upgrade-system-tests-24:processResources",
            "outcome": "NO_SOURCE"
          },
          {
            "path": ":streams:upgrade-system-tests-25:checkstyleMain",
            "outcome": "NO_SOURCE"
          },
          {
            "path": ":streams:upgrade-system-tests-25:classes",
            "outcome": "UP_TO_DATE"
          },
          {
            "path": ":streams:upgrade-system-tests-25:compileJava",
            "outcome": "NO_SOURCE"
          },
          {
            "path": ":streams:upgrade-system-tests-25:processResources",
            "outcome": "NO_SOURCE"
          },
          {
            "path": ":streams:upgrade-system-tests-26:checkstyleMain",
            "outcome": "NO_SOURCE"
          },
          {
            "path": ":streams:upgrade-system-tests-26:classes",
            "outcome": "UP_TO_DATE"
          },
          {
            "path": ":streams:upgrade-system-tests-26:compileJava",
            "outcome": "NO_SOURCE"
          },
          {
            "path": ":streams:upgrade-system-tests-26:processResources",
            "outcome": "NO_SOURCE"
          },
          {
            "path": ":streams:upgrade-system-tests-27:checkstyleMain",
            "outcome": "NO_SOURCE"
          },
          {
            "path": ":streams:upgrade-system-tests-27:classes",
            "outcome": "UP_TO_DATE"
          },
          {
            "path": ":streams:upgrade-system-tests-27:compileJava",
            "outcome": "NO_SOURCE"
          },
          {
            "path": ":streams:upgrade-system-tests-27:processResources",
            "outcome": "NO_SOURCE"
          },
          {
            "path": ":streams:upgrade-system-tests-28:checkstyleMain",
            "outcome": "NO_SOURCE"
          },
          {
            "path": ":streams:upgrade-system-tests-28:classes",
            "outcome": "UP_TO_DATE"
          },
          {
            "path": ":streams:upgrade-system-tests-28:compileJava",
            "outcome": "NO_SOURCE"
          },
          {
            "path": ":streams:upgrade-system-tests-28:processResources",
            "outcome": "NO_SOURCE"
          },
          {
            "path": ":streams:upgrade-system-tests-30:checkstyleMain",
            "outcome": "NO_SOURCE"
          },
          {
            "path": ":streams:upgrade-system-tests-30:classes",
            "outcome": "UP_TO_DATE"
          },
          {
            "path": ":streams:upgrade-system-tests-30:compileJava",
            "outcome": "NO_SOURCE"
          },
          {
            "path": ":streams:upgrade-system-tests-30:processResources",
            "outcome": "NO_SOURCE"
          },
          {
            "path": ":streams:upgrade-system-tests-31:checkstyleMain",
            "outcome": "NO_SOURCE"
          },
          {
            "path": ":streams:upgrade-system-tests-31:classes",
            "outcome": "UP_TO_DATE"
          },
          {
            "path": ":streams:upgrade-system-tests-31:compileJava",
            "outcome": "NO_SOURCE"
          },
          {
            "path": ":streams:upgrade-system-tests-31:processResources",
            "outcome": "NO_SOURCE"
          },
          {
            "path": ":streams:upgrade-system-tests-32:checkstyleMain",
            "outcome": "NO_SOURCE"
          },
          {
            "path": ":streams:upgrade-system-tests-32:classes",
            "outcome": "UP_TO_DATE"
          },
          {
            "path": ":streams:upgrade-system-tests-32:compileJava",
            "outcome": "NO_SOURCE"
          },
          {
            "path": ":streams:upgrade-system-tests-32:processResources",
            "outcome": "NO_SOURCE"
          },
          {
            "path": ":streams:upgrade-system-tests-33:checkstyleMain",
            "outcome": "NO_SOURCE"
          },
          {
            "path": ":streams:upgrade-system-tests-33:classes",
            "outcome": "UP_TO_DATE"
          },
          {
            "path": ":streams:upgrade-system-tests-33:compileJava",
            "outcome": "NO_SOURCE"
          },
          {
            "path": ":streams:upgrade-system-tests-33:processResources",
            "outcome": "NO_SOURCE"
          },
          {
            "path": ":streams:upgrade-system-tests-34:checkstyleMain",
            "outcome": "NO_SOURCE"
          },
          {
            "path": ":streams:upgrade-system-tests-34:classes",
            "outcome": "UP_TO_DATE"
          },
          {
            "path": ":streams:upgrade-system-tests-34:compileJava",
            "outcome": "NO_SOURCE"
          },
          {
            "path": ":streams:upgrade-system-tests-34:processResources",
            "outcome": "NO_SOURCE"
          },
          {
            "path": ":streams:upgrade-system-tests-35:checkstyleMain",
            "outcome": "NO_SOURCE"
          },
          {
            "path": ":streams:upgrade-system-tests-35:classes",
            "outcome": "UP_TO_DATE"
          },
          {
            "path": ":streams:upgrade-system-tests-35:compileJava",
            "outcome": "NO_SOURCE"
          },
          {
            "path": ":streams:upgrade-system-tests-35:processResources",
            "outcome": "NO_SOURCE"
          },
          {
            "path": ":streams:upgrade-system-tests-36:checkstyleMain",
            "outcome": "NO_SOURCE"
          },
          {
            "path": ":streams:upgrade-system-tests-36:classes",
            "outcome": "UP_TO_DATE"
          },
          {
            "path": ":streams:upgrade-system-tests-36:compileJava",
            "outcome": "NO_SOURCE"
          },
          {
            "path": ":streams:upgrade-system-tests-36:processResources",
            "outcome": "NO_SOURCE"
          },
          {
            "path": ":streams:upgrade-system-tests-37:checkstyleMain",
            "outcome": "NO_SOURCE"
          },
          {
            "path": ":streams:upgrade-system-tests-37:classes",
            "outcome": "UP_TO_DATE"
          },
          {
            "path": ":streams:upgrade-system-tests-37:compileJava",
            "outcome": "NO_SOURCE"
          },
          {
            "path": ":streams:upgrade-system-tests-37:processResources",
            "outcome": "NO_SOURCE"
          },
          {
            "path": ":streams:upgrade-system-tests-38:checkstyleMain",
            "outcome": "NO_SOURCE"
          },
          {
            "path": ":streams:upgrade-system-tests-38:classes",
            "outcome": "UP_TO_DATE"
          },
          {
            "path": ":streams:upgrade-system-tests-38:compileJava",
            "outcome": "NO_SOURCE"
          },
          {
            "path": ":streams:upgrade-system-tests-38:processResources",
            "outcome": "NO_SOURCE"
          },
          {
            "path": ":streams:upgrade-system-tests-39:checkstyleMain",
            "outcome": "NO_SOURCE"
          },
          {
            "path": ":streams:upgrade-system-tests-39:classes",
            "outcome": "UP_TO_DATE"
          },
          {
            "path": ":streams:upgrade-system-tests-39:compileJava",
            "outcome": "NO_SOURCE"
          },
          {
            "path": ":streams:upgrade-system-tests-39:processResources",
            "outcome": "NO_SOURCE"
          },
          {
            "path": ":streams:upgrade-system-tests-40:checkstyleMain",
            "outcome": "NO_SOURCE"
          },
          {
            "path": ":streams:upgrade-system-tests-40:classes",
            "outcome": "UP_TO_DATE"
          },
          {
            "path": ":streams:upgrade-system-tests-40:compileJava",
            "outcome": "NO_SOURCE"
          },
          {
            "path": ":streams:upgrade-system-tests-40:processResources",
            "outcome": "NO_SOURCE"
          },
          {
            "path": ":streams:upgrade-system-tests-41:checkstyleMain",
            "outcome": "NO_SOURCE"
          },
          {
            "path": ":streams:upgrade-system-tests-41:classes",
            "outcome": "UP_TO_DATE"
          },
          {
            "path": ":streams:upgrade-system-tests-41:compileJava",
            "outcome": "NO_SOURCE"
          },
          {
            "path": ":streams:upgrade-system-tests-41:processResources",
            "outcome": "NO_SOURCE"
          },
          {
            "path": ":test-common:checkstyleMain",
            "outcome": "NO_SOURCE"
          },
          {
            "path": ":test-common:classes",
            "outcome": "UP_TO_DATE"
          },
          {
            "path": ":test-common:compileJava",
            "outcome": "NO_SOURCE"
          },
          {
            "path": ":test-common:processResources",
            "outcome": "NO_SOURCE"
          },
          {
            "path": ":test-common:test-common-internal-api:checkstyleMain",
            "outcome": "FROM_CACHE"
          },
          {
            "path": ":test-common:test-common-internal-api:classes",
            "outcome": "UP_TO_DATE"
          },
          {
            "path": ":test-common:test-common-internal-api:compileJava",
            "outcome": "FROM_CACHE"
          },
          {
            "path": ":test-common:test-common-internal-api:processResources",
            "outcome": "NO_SOURCE"
          },
          {
            "path": ":test-common:test-common-runtime:checkstyleMain",
            "outcome": "FROM_CACHE"
          },
          {
            "path": ":test-common:test-common-runtime:classes",
            "outcome": "EXECUTED"
          },
          {
            "path": ":test-common:test-common-runtime:compileJava",
            "outcome": "FROM_CACHE"
          },
          {
            "path": ":test-common:test-common-runtime:processResources",
            "outcome": "EXECUTED"
          },
          {
            "path": ":test-common:test-common-util:checkstyleMain",
            "outcome": "FROM_CACHE"
          },
          {
            "path": ":test-common:test-common-util:classes",
            "outcome": "EXECUTED"
          },
          {
            "path": ":test-common:test-common-util:compileJava",
            "outcome": "FROM_CACHE"
          },
          {
            "path": ":test-common:test-common-util:processResources",
            "outcome": "EXECUTED"
          },
          {
            "path": ":tools:checkstyleMain",
            "outcome": "FROM_CACHE"
          },
          {
            "path": ":tools:classes",
            "outcome": "UP_TO_DATE"
          },
          {
            "path": ":tools:compileJava",
            "outcome": "FROM_CACHE"
          },
          {
            "path": ":tools:processResources",
            "outcome": "NO_SOURCE"
          },
          {
            "path": ":tools:tools-api:checkstyleMain",
            "outcome": "FROM_CACHE"
          },
          {
            "path": ":tools:tools-api:classes",
            "outcome": "UP_TO_DATE"
          },
          {
            "path": ":tools:tools-api:compileJava",
            "outcome": "FROM_CACHE"
          },
          {
            "path": ":tools:tools-api:processResources",
            "outcome": "NO_SOURCE"
          },
          {
            "path": ":transaction-coordinator:checkstyleMain",
            "outcome": "FROM_CACHE"
          },
          {
            "path": ":transaction-coordinator:classes",
            "outcome": "EXECUTED"
          },
          {
            "path": ":transaction-coordinator:compileJava",
            "outcome": "FROM_CACHE"
          },
          {
            "path": ":transaction-coordinator:processMessages",
            "outcome": "FROM_CACHE"
          },
          {
            "path": ":transaction-coordinator:processResources",
            "outcome": "EXECUTED"
          },
          {
            "path": ":trogdor:checkstyleMain",
            "outcome": "FROM_CACHE"
          },
          {
            "path": ":trogdor:classes",
            "outcome": "UP_TO_DATE"
          },
          {
            "path": ":trogdor:compileJava",
            "outcome": "FROM_CACHE"
          },
          {
            "path": ":trogdor:processResources",
            "outcome": "NO_SOURCE"
          }
        ]
      },
      "candidateTaskOutcomes": {
        "total": 9,
        "executed": 5,
        "fromCache": 2,
        "upToDate": 1,
        "noSource": 1,
        "skipped": 0,
        "fingerprintSha256": "3b4f5ae086fdb19ab5346d7a725cd9c1bf2e4738837383d0f48304413cbe0aa2",
        "tasks": [
          {
            "path": ":clients:checkstyleMain",
            "outcome": "EXECUTED"
          },
          {
            "path": ":clients:classes",
            "outcome": "EXECUTED"
          },
          {
            "path": ":clients:compileJava",
            "outcome": "EXECUTED"
          },
          {
            "path": ":clients:processMessages",
            "outcome": "FROM_CACHE"
          },
          {
            "path": ":clients:processResources",
            "outcome": "EXECUTED"
          },
          {
            "path": ":generator:classes",
            "outcome": "UP_TO_DATE"
          },
          {
            "path": ":generator:compileJava",
            "outcome": "FROM_CACHE"
          },
          {
            "path": ":generator:jar",
            "outcome": "EXECUTED"
          },
          {
            "path": ":generator:processResources",
            "outcome": "NO_SOURCE"
          }
        ]
      },
      "controlHostPressure": {
        "available": true,
        "cpuSomeTotalUs": 8802791,
        "memorySomeTotalUs": 50509,
        "memoryFullTotalUs": 37996,
        "ioSomeTotalUs": 49836270,
        "ioFullTotalUs": 28065930
      },
      "candidateHostPressure": {
        "available": true,
        "cpuSomeTotalUs": 216796,
        "memorySomeTotalUs": 25129,
        "memoryFullTotalUs": 25090,
        "ioSomeTotalUs": 42998669,
        "ioFullTotalUs": 33206304
      }
    },
    {
      "pair": 4,
      "order": "CANDIDATE_FIRST",
      "controlDurationMs": 78911,
      "candidateDurationMs": 56919,
      "savedMs": 21992,
      "controlRequiredOutputSha256": "798f5262b6ac7cd280f6add96ce7b781aeed1a74a7851339ddfa17f6fc6edd75",
      "candidateRequiredOutputSha256": "798f5262b6ac7cd280f6add96ce7b781aeed1a74a7851339ddfa17f6fc6edd75",
      "requiredOutputCount": 2,
      "productAttributableFailure": false,
      "controlLogSha256": "f6f3608ae921b0da6bb2e950eeef685925bec074eb86cb38a7416d87532d93e1",
      "candidateLogSha256": "8b8836e94867c3721a8f3e805647b79c22cc8894286eb9435e378f0a04b6cc24",
      "controlTaskOutcomes": {
        "total": 286,
        "executed": 57,
        "fromCache": 78,
        "upToDate": 45,
        "noSource": 106,
        "skipped": 0,
        "fingerprintSha256": "a8872da5863b9a918a72717a4223a0b927bb8f76689b3bc8e50d1b597d59f87a",
        "tasks": [
          {
            "path": ":clients:checkstyleMain",
            "outcome": "EXECUTED"
          },
          {
            "path": ":clients:classes",
            "outcome": "EXECUTED"
          },
          {
            "path": ":clients:clients-integration-tests:checkstyleMain",
            "outcome": "NO_SOURCE"
          },
          {
            "path": ":clients:clients-integration-tests:classes",
            "outcome": "UP_TO_DATE"
          },
          {
            "path": ":clients:clients-integration-tests:compileJava",
            "outcome": "NO_SOURCE"
          },
          {
            "path": ":clients:clients-integration-tests:processResources",
            "outcome": "NO_SOURCE"
          },
          {
            "path": ":clients:compileJava",
            "outcome": "EXECUTED"
          },
          {
            "path": ":clients:compileTestJava",
            "outcome": "FROM_CACHE"
          },
          {
            "path": ":clients:createVersionFile",
            "outcome": "EXECUTED"
          },
          {
            "path": ":clients:processMessages",
            "outcome": "FROM_CACHE"
          },
          {
            "path": ":clients:processResources",
            "outcome": "EXECUTED"
          },
          {
            "path": ":clients:processTestMessages",
            "outcome": "FROM_CACHE"
          },
          {
            "path": ":clients:processTestResources",
            "outcome": "EXECUTED"
          },
          {
            "path": ":clients:shadowJar",
            "outcome": "EXECUTED"
          },
          {
            "path": ":clients:testClasses",
            "outcome": "EXECUTED"
          },
          {
            "path": ":connect:api:checkstyleMain",
            "outcome": "FROM_CACHE"
          },
          {
            "path": ":connect:api:classes",
            "outcome": "EXECUTED"
          },
          {
            "path": ":connect:api:compileJava",
            "outcome": "FROM_CACHE"
          },
          {
            "path": ":connect:api:processResources",
            "outcome": "EXECUTED"
          },
          {
            "path": ":connect:basic-auth-extension:checkstyleMain",
            "outcome": "FROM_CACHE"
          },
          {
            "path": ":connect:basic-auth-extension:classes",
            "outcome": "EXECUTED"
          },
          {
            "path": ":connect:basic-auth-extension:compileJava",
            "outcome": "FROM_CACHE"
          },
          {
            "path": ":connect:basic-auth-extension:processResources",
            "outcome": "EXECUTED"
          },
          {
            "path": ":connect:checkstyleMain",
            "outcome": "NO_SOURCE"
          },
          {
            "path": ":connect:classes",
            "outcome": "UP_TO_DATE"
          },
          {
            "path": ":connect:compileJava",
            "outcome": "NO_SOURCE"
          },
          {
            "path": ":connect:file:checkstyleMain",
            "outcome": "FROM_CACHE"
          },
          {
            "path": ":connect:file:classes",
            "outcome": "EXECUTED"
          },
          {
            "path": ":connect:file:compileJava",
            "outcome": "FROM_CACHE"
          },
          {
            "path": ":connect:file:processResources",
            "outcome": "EXECUTED"
          },
          {
            "path": ":connect:json:checkstyleMain",
            "outcome": "FROM_CACHE"
          },
          {
            "path": ":connect:json:classes",
            "outcome": "EXECUTED"
          },
          {
            "path": ":connect:json:compileJava",
            "outcome": "FROM_CACHE"
          },
          {
            "path": ":connect:json:processResources",
            "outcome": "EXECUTED"
          },
          {
            "path": ":connect:mirror-client:checkstyleMain",
            "outcome": "FROM_CACHE"
          },
          {
            "path": ":connect:mirror-client:classes",
            "outcome": "UP_TO_DATE"
          },
          {
            "path": ":connect:mirror-client:compileJava",
            "outcome": "FROM_CACHE"
          },
          {
            "path": ":connect:mirror-client:processResources",
            "outcome": "NO_SOURCE"
          },
          {
            "path": ":connect:mirror:checkstyleMain",
            "outcome": "FROM_CACHE"
          },
          {
            "path": ":connect:mirror:classes",
            "outcome": "EXECUTED"
          },
          {
            "path": ":connect:mirror:compileJava",
            "outcome": "FROM_CACHE"
          },
          {
            "path": ":connect:mirror:processResources",
            "outcome": "EXECUTED"
          },
          {
            "path": ":connect:processResources",
            "outcome": "NO_SOURCE"
          },
          {
            "path": ":connect:runtime:checkstyleMain",
            "outcome": "FROM_CACHE"
          },
          {
            "path": ":connect:runtime:classes",
            "outcome": "EXECUTED"
          },
          {
            "path": ":connect:runtime:compileJava",
            "outcome": "FROM_CACHE"
          },
          {
            "path": ":connect:runtime:processResources",
            "outcome": "EXECUTED"
          },
          {
            "path": ":connect:test-plugins:checkstyleMain",
            "outcome": "FROM_CACHE"
          },
          {
            "path": ":connect:test-plugins:classes",
            "outcome": "EXECUTED"
          },
          {
            "path": ":connect:test-plugins:compileJava",
            "outcome": "FROM_CACHE"
          },
          {
            "path": ":connect:test-plugins:processResources",
            "outcome": "EXECUTED"
          },
          {
            "path": ":connect:transforms:checkstyleMain",
            "outcome": "FROM_CACHE"
          },
          {
            "path": ":connect:transforms:classes",
            "outcome": "EXECUTED"
          },
          {
            "path": ":connect:transforms:compileJava",
            "outcome": "FROM_CACHE"
          },
          {
            "path": ":connect:transforms:processResources",
            "outcome": "EXECUTED"
          },
          {
            "path": ":coordinator-common:checkstyleMain",
            "outcome": "FROM_CACHE"
          },
          {
            "path": ":coordinator-common:classes",
            "outcome": "UP_TO_DATE"
          },
          {
            "path": ":coordinator-common:compileJava",
            "outcome": "FROM_CACHE"
          },
          {
            "path": ":coordinator-common:compileTestJava",
            "outcome": "FROM_CACHE"
          },
          {
            "path": ":coordinator-common:processResources",
            "outcome": "NO_SOURCE"
          },
          {
            "path": ":coordinator-common:processTestResources",
            "outcome": "EXECUTED"
          },
          {
            "path": ":coordinator-common:testClasses",
            "outcome": "EXECUTED"
          },
          {
            "path": ":core:checkstyleMain",
            "outcome": "FROM_CACHE"
          },
          {
            "path": ":core:classes",
            "outcome": "UP_TO_DATE"
          },
          {
            "path": ":core:compileJava",
            "outcome": "NO_SOURCE"
          },
          {
            "path": ":core:compileScala",
            "outcome": "FROM_CACHE"
          },
          {
            "path": ":core:processResources",
            "outcome": "NO_SOURCE"
          },
          {
            "path": ":examples:checkstyleMain",
            "outcome": "FROM_CACHE"
          },
          {
            "path": ":examples:classes",
            "outcome": "UP_TO_DATE"
          },
          {
            "path": ":examples:compileJava",
            "outcome": "FROM_CACHE"
          },
          {
            "path": ":examples:processResources",
            "outcome": "NO_SOURCE"
          },
          {
            "path": ":generator:checkstyleMain",
            "outcome": "FROM_CACHE"
          },
          {
            "path": ":generator:classes",
            "outcome": "UP_TO_DATE"
          },
          {
            "path": ":generator:compileJava",
            "outcome": "FROM_CACHE"
          },
          {
            "path": ":generator:jar",
            "outcome": "EXECUTED"
          },
          {
            "path": ":generator:processResources",
            "outcome": "NO_SOURCE"
          },
          {
            "path": ":group-coordinator:checkstyleMain",
            "outcome": "FROM_CACHE"
          },
          {
            "path": ":group-coordinator:classes",
            "outcome": "EXECUTED"
          },
          {
            "path": ":group-coordinator:compileJava",
            "outcome": "FROM_CACHE"
          },
          {
            "path": ":group-coordinator:group-coordinator-api:checkstyleMain",
            "outcome": "FROM_CACHE"
          },
          {
            "path": ":group-coordinator:group-coordinator-api:classes",
            "outcome": "UP_TO_DATE"
          },
          {
            "path": ":group-coordinator:group-coordinator-api:compileJava",
            "outcome": "FROM_CACHE"
          },
          {
            "path": ":group-coordinator:group-coordinator-api:processResources",
            "outcome": "NO_SOURCE"
          },
          {
            "path": ":group-coordinator:processMessages",
            "outcome": "FROM_CACHE"
          },
          {
            "path": ":group-coordinator:processResources",
            "outcome": "EXECUTED"
          },
          {
            "path": ":jmh-benchmarks:checkstyleMain",
            "outcome": "EXECUTED"
          },
          {
            "path": ":jmh-benchmarks:classes",
            "outcome": "UP_TO_DATE"
          },
          {
            "path": ":jmh-benchmarks:compileJava",
            "outcome": "FROM_CACHE"
          },
          {
            "path": ":jmh-benchmarks:processResources",
            "outcome": "NO_SOURCE"
          },
          {
            "path": ":metadata:checkstyleMain",
            "outcome": "FROM_CACHE"
          },
          {
            "path": ":metadata:classes",
            "outcome": "EXECUTED"
          },
          {
            "path": ":metadata:compileJava",
            "outcome": "FROM_CACHE"
          },
          {
            "path": ":metadata:compileTestJava",
            "outcome": "FROM_CACHE"
          },
          {
            "path": ":metadata:processMessages",
            "outcome": "FROM_CACHE"
          },
          {
            "path": ":metadata:processResources",
            "outcome": "EXECUTED"
          },
          {
            "path": ":metadata:processTestResources",
            "outcome": "EXECUTED"
          },
          {
            "path": ":metadata:testClasses",
            "outcome": "EXECUTED"
          },
          {
            "path": ":raft:checkstyleMain",
            "outcome": "FROM_CACHE"
          },
          {
            "path": ":raft:classes",
            "outcome": "EXECUTED"
          },
          {
            "path": ":raft:compileJava",
            "outcome": "FROM_CACHE"
          },
          {
            "path": ":raft:compileTestJava",
            "outcome": "FROM_CACHE"
          },
          {
            "path": ":raft:processMessages",
            "outcome": "FROM_CACHE"
          },
          {
            "path": ":raft:processResources",
            "outcome": "EXECUTED"
          },
          {
            "path": ":raft:processTestResources",
            "outcome": "EXECUTED"
          },
          {
            "path": ":raft:testClasses",
            "outcome": "EXECUTED"
          },
          {
            "path": ":server-common:checkstyleMain",
            "outcome": "FROM_CACHE"
          },
          {
            "path": ":server-common:classes",
            "outcome": "UP_TO_DATE"
          },
          {
            "path": ":server-common:compileJava",
            "outcome": "FROM_CACHE"
          },
          {
            "path": ":server-common:compileTestJava",
            "outcome": "FROM_CACHE"
          },
          {
            "path": ":server-common:processResources",
            "outcome": "NO_SOURCE"
          },
          {
            "path": ":server-common:processTestResources",
            "outcome": "EXECUTED"
          },
          {
            "path": ":server-common:testClasses",
            "outcome": "EXECUTED"
          },
          {
            "path": ":server:checkstyleMain",
            "outcome": "FROM_CACHE"
          },
          {
            "path": ":server:classes",
            "outcome": "UP_TO_DATE"
          },
          {
            "path": ":server:compileJava",
            "outcome": "FROM_CACHE"
          },
          {
            "path": ":server:processResources",
            "outcome": "NO_SOURCE"
          },
          {
            "path": ":share-coordinator:checkstyleMain",
            "outcome": "FROM_CACHE"
          },
          {
            "path": ":share-coordinator:classes",
            "outcome": "EXECUTED"
          },
          {
            "path": ":share-coordinator:compileJava",
            "outcome": "FROM_CACHE"
          },
          {
            "path": ":share-coordinator:processMessages",
            "outcome": "FROM_CACHE"
          },
          {
            "path": ":share-coordinator:processResources",
            "outcome": "EXECUTED"
          },
          {
            "path": ":shell:checkstyleMain",
            "outcome": "FROM_CACHE"
          },
          {
            "path": ":shell:classes",
            "outcome": "UP_TO_DATE"
          },
          {
            "path": ":shell:compileJava",
            "outcome": "FROM_CACHE"
          },
          {
            "path": ":shell:processResources",
            "outcome": "NO_SOURCE"
          },
          {
            "path": ":storage:checkstyleMain",
            "outcome": "FROM_CACHE"
          },
          {
            "path": ":storage:classes",
            "outcome": "EXECUTED"
          },
          {
            "path": ":storage:compileJava",
            "outcome": "FROM_CACHE"
          },
          {
            "path": ":storage:processMessages",
            "outcome": "FROM_CACHE"
          },
          {
            "path": ":storage:processResources",
            "outcome": "EXECUTED"
          },
          {
            "path": ":storage:storage-api:checkstyleMain",
            "outcome": "FROM_CACHE"
          },
          {
            "path": ":storage:storage-api:classes",
            "outcome": "UP_TO_DATE"
          },
          {
            "path": ":storage:storage-api:compileJava",
            "outcome": "FROM_CACHE"
          },
          {
            "path": ":storage:storage-api:processResources",
            "outcome": "NO_SOURCE"
          },
          {
            "path": ":streams:checkstyleMain",
            "outcome": "EXECUTED"
          },
          {
            "path": ":streams:classes",
            "outcome": "EXECUTED"
          },
          {
            "path": ":streams:compileJava",
            "outcome": "FROM_CACHE"
          },
          {
            "path": ":streams:examples:checkstyleMain",
            "outcome": "EXECUTED"
          },
          {
            "path": ":streams:examples:classes",
            "outcome": "UP_TO_DATE"
          },
          {
            "path": ":streams:examples:compileJava",
            "outcome": "FROM_CACHE"
          },
          {
            "path": ":streams:examples:processResources",
            "outcome": "NO_SOURCE"
          },
          {
            "path": ":streams:integration-tests:checkstyleMain",
            "outcome": "NO_SOURCE"
          },
          {
            "path": ":streams:integration-tests:classes",
            "outcome": "UP_TO_DATE"
          },
          {
            "path": ":streams:integration-tests:compileJava",
            "outcome": "NO_SOURCE"
          },
          {
            "path": ":streams:integration-tests:compileScala",
            "outcome": "NO_SOURCE"
          },
          {
            "path": ":streams:integration-tests:processResources",
            "outcome": "NO_SOURCE"
          },
          {
            "path": ":streams:processMessages",
            "outcome": "FROM_CACHE"
          },
          {
            "path": ":streams:processResources",
            "outcome": "EXECUTED"
          },
          {
            "path": ":streams:streams-scala:checkstyleMain",
            "outcome": "NO_SOURCE"
          },
          {
            "path": ":streams:streams-scala:classes",
            "outcome": "EXECUTED"
          },
          {
            "path": ":streams:streams-scala:compileJava",
            "outcome": "NO_SOURCE"
          },
          {
            "path": ":streams:streams-scala:compileScala",
            "outcome": "EXECUTED"
          },
          {
            "path": ":streams:streams-scala:processResources",
            "outcome": "NO_SOURCE"
          },
          {
            "path": ":streams:test-utils:checkstyleMain",
            "outcome": "EXECUTED"
          },
          {
            "path": ":streams:test-utils:classes",
            "outcome": "UP_TO_DATE"
          },
          {
            "path": ":streams:test-utils:compileJava",
            "outcome": "FROM_CACHE"
          },
          {
            "path": ":streams:test-utils:processResources",
            "outcome": "NO_SOURCE"
          },
          {
            "path": ":streams:upgrade-system-tests-0110:checkstyleMain",
            "outcome": "NO_SOURCE"
          },
          {
            "path": ":streams:upgrade-system-tests-0110:classes",
            "outcome": "UP_TO_DATE"
          },
          {
            "path": ":streams:upgrade-system-tests-0110:compileJava",
            "outcome": "NO_SOURCE"
          },
          {
            "path": ":streams:upgrade-system-tests-0110:processResources",
            "outcome": "NO_SOURCE"
          },
          {
            "path": ":streams:upgrade-system-tests-10:checkstyleMain",
            "outcome": "NO_SOURCE"
          },
          {
            "path": ":streams:upgrade-system-tests-10:classes",
            "outcome": "UP_TO_DATE"
          },
          {
            "path": ":streams:upgrade-system-tests-10:compileJava",
            "outcome": "NO_SOURCE"
          },
          {
            "path": ":streams:upgrade-system-tests-10:processResources",
            "outcome": "NO_SOURCE"
          },
          {
            "path": ":streams:upgrade-system-tests-11:checkstyleMain",
            "outcome": "NO_SOURCE"
          },
          {
            "path": ":streams:upgrade-system-tests-11:classes",
            "outcome": "UP_TO_DATE"
          },
          {
            "path": ":streams:upgrade-system-tests-11:compileJava",
            "outcome": "NO_SOURCE"
          },
          {
            "path": ":streams:upgrade-system-tests-11:processResources",
            "outcome": "NO_SOURCE"
          },
          {
            "path": ":streams:upgrade-system-tests-20:checkstyleMain",
            "outcome": "NO_SOURCE"
          },
          {
            "path": ":streams:upgrade-system-tests-20:classes",
            "outcome": "UP_TO_DATE"
          },
          {
            "path": ":streams:upgrade-system-tests-20:compileJava",
            "outcome": "NO_SOURCE"
          },
          {
            "path": ":streams:upgrade-system-tests-20:processResources",
            "outcome": "NO_SOURCE"
          },
          {
            "path": ":streams:upgrade-system-tests-21:checkstyleMain",
            "outcome": "NO_SOURCE"
          },
          {
            "path": ":streams:upgrade-system-tests-21:classes",
            "outcome": "UP_TO_DATE"
          },
          {
            "path": ":streams:upgrade-system-tests-21:compileJava",
            "outcome": "NO_SOURCE"
          },
          {
            "path": ":streams:upgrade-system-tests-21:processResources",
            "outcome": "NO_SOURCE"
          },
          {
            "path": ":streams:upgrade-system-tests-22:checkstyleMain",
            "outcome": "NO_SOURCE"
          },
          {
            "path": ":streams:upgrade-system-tests-22:classes",
            "outcome": "UP_TO_DATE"
          },
          {
            "path": ":streams:upgrade-system-tests-22:compileJava",
            "outcome": "NO_SOURCE"
          },
          {
            "path": ":streams:upgrade-system-tests-22:processResources",
            "outcome": "NO_SOURCE"
          },
          {
            "path": ":streams:upgrade-system-tests-23:checkstyleMain",
            "outcome": "NO_SOURCE"
          },
          {
            "path": ":streams:upgrade-system-tests-23:classes",
            "outcome": "UP_TO_DATE"
          },
          {
            "path": ":streams:upgrade-system-tests-23:compileJava",
            "outcome": "NO_SOURCE"
          },
          {
            "path": ":streams:upgrade-system-tests-23:processResources",
            "outcome": "NO_SOURCE"
          },
          {
            "path": ":streams:upgrade-system-tests-24:checkstyleMain",
            "outcome": "NO_SOURCE"
          },
          {
            "path": ":streams:upgrade-system-tests-24:classes",
            "outcome": "UP_TO_DATE"
          },
          {
            "path": ":streams:upgrade-system-tests-24:compileJava",
            "outcome": "NO_SOURCE"
          },
          {
            "path": ":streams:upgrade-system-tests-24:processResources",
            "outcome": "NO_SOURCE"
          },
          {
            "path": ":streams:upgrade-system-tests-25:checkstyleMain",
            "outcome": "NO_SOURCE"
          },
          {
            "path": ":streams:upgrade-system-tests-25:classes",
            "outcome": "UP_TO_DATE"
          },
          {
            "path": ":streams:upgrade-system-tests-25:compileJava",
            "outcome": "NO_SOURCE"
          },
          {
            "path": ":streams:upgrade-system-tests-25:processResources",
            "outcome": "NO_SOURCE"
          },
          {
            "path": ":streams:upgrade-system-tests-26:checkstyleMain",
            "outcome": "NO_SOURCE"
          },
          {
            "path": ":streams:upgrade-system-tests-26:classes",
            "outcome": "UP_TO_DATE"
          },
          {
            "path": ":streams:upgrade-system-tests-26:compileJava",
            "outcome": "NO_SOURCE"
          },
          {
            "path": ":streams:upgrade-system-tests-26:processResources",
            "outcome": "NO_SOURCE"
          },
          {
            "path": ":streams:upgrade-system-tests-27:checkstyleMain",
            "outcome": "NO_SOURCE"
          },
          {
            "path": ":streams:upgrade-system-tests-27:classes",
            "outcome": "UP_TO_DATE"
          },
          {
            "path": ":streams:upgrade-system-tests-27:compileJava",
            "outcome": "NO_SOURCE"
          },
          {
            "path": ":streams:upgrade-system-tests-27:processResources",
            "outcome": "NO_SOURCE"
          },
          {
            "path": ":streams:upgrade-system-tests-28:checkstyleMain",
            "outcome": "NO_SOURCE"
          },
          {
            "path": ":streams:upgrade-system-tests-28:classes",
            "outcome": "UP_TO_DATE"
          },
          {
            "path": ":streams:upgrade-system-tests-28:compileJava",
            "outcome": "NO_SOURCE"
          },
          {
            "path": ":streams:upgrade-system-tests-28:processResources",
            "outcome": "NO_SOURCE"
          },
          {
            "path": ":streams:upgrade-system-tests-30:checkstyleMain",
            "outcome": "NO_SOURCE"
          },
          {
            "path": ":streams:upgrade-system-tests-30:classes",
            "outcome": "UP_TO_DATE"
          },
          {
            "path": ":streams:upgrade-system-tests-30:compileJava",
            "outcome": "NO_SOURCE"
          },
          {
            "path": ":streams:upgrade-system-tests-30:processResources",
            "outcome": "NO_SOURCE"
          },
          {
            "path": ":streams:upgrade-system-tests-31:checkstyleMain",
            "outcome": "NO_SOURCE"
          },
          {
            "path": ":streams:upgrade-system-tests-31:classes",
            "outcome": "UP_TO_DATE"
          },
          {
            "path": ":streams:upgrade-system-tests-31:compileJava",
            "outcome": "NO_SOURCE"
          },
          {
            "path": ":streams:upgrade-system-tests-31:processResources",
            "outcome": "NO_SOURCE"
          },
          {
            "path": ":streams:upgrade-system-tests-32:checkstyleMain",
            "outcome": "NO_SOURCE"
          },
          {
            "path": ":streams:upgrade-system-tests-32:classes",
            "outcome": "UP_TO_DATE"
          },
          {
            "path": ":streams:upgrade-system-tests-32:compileJava",
            "outcome": "NO_SOURCE"
          },
          {
            "path": ":streams:upgrade-system-tests-32:processResources",
            "outcome": "NO_SOURCE"
          },
          {
            "path": ":streams:upgrade-system-tests-33:checkstyleMain",
            "outcome": "NO_SOURCE"
          },
          {
            "path": ":streams:upgrade-system-tests-33:classes",
            "outcome": "UP_TO_DATE"
          },
          {
            "path": ":streams:upgrade-system-tests-33:compileJava",
            "outcome": "NO_SOURCE"
          },
          {
            "path": ":streams:upgrade-system-tests-33:processResources",
            "outcome": "NO_SOURCE"
          },
          {
            "path": ":streams:upgrade-system-tests-34:checkstyleMain",
            "outcome": "NO_SOURCE"
          },
          {
            "path": ":streams:upgrade-system-tests-34:classes",
            "outcome": "UP_TO_DATE"
          },
          {
            "path": ":streams:upgrade-system-tests-34:compileJava",
            "outcome": "NO_SOURCE"
          },
          {
            "path": ":streams:upgrade-system-tests-34:processResources",
            "outcome": "NO_SOURCE"
          },
          {
            "path": ":streams:upgrade-system-tests-35:checkstyleMain",
            "outcome": "NO_SOURCE"
          },
          {
            "path": ":streams:upgrade-system-tests-35:classes",
            "outcome": "UP_TO_DATE"
          },
          {
            "path": ":streams:upgrade-system-tests-35:compileJava",
            "outcome": "NO_SOURCE"
          },
          {
            "path": ":streams:upgrade-system-tests-35:processResources",
            "outcome": "NO_SOURCE"
          },
          {
            "path": ":streams:upgrade-system-tests-36:checkstyleMain",
            "outcome": "NO_SOURCE"
          },
          {
            "path": ":streams:upgrade-system-tests-36:classes",
            "outcome": "UP_TO_DATE"
          },
          {
            "path": ":streams:upgrade-system-tests-36:compileJava",
            "outcome": "NO_SOURCE"
          },
          {
            "path": ":streams:upgrade-system-tests-36:processResources",
            "outcome": "NO_SOURCE"
          },
          {
            "path": ":streams:upgrade-system-tests-37:checkstyleMain",
            "outcome": "NO_SOURCE"
          },
          {
            "path": ":streams:upgrade-system-tests-37:classes",
            "outcome": "UP_TO_DATE"
          },
          {
            "path": ":streams:upgrade-system-tests-37:compileJava",
            "outcome": "NO_SOURCE"
          },
          {
            "path": ":streams:upgrade-system-tests-37:processResources",
            "outcome": "NO_SOURCE"
          },
          {
            "path": ":streams:upgrade-system-tests-38:checkstyleMain",
            "outcome": "NO_SOURCE"
          },
          {
            "path": ":streams:upgrade-system-tests-38:classes",
            "outcome": "UP_TO_DATE"
          },
          {
            "path": ":streams:upgrade-system-tests-38:compileJava",
            "outcome": "NO_SOURCE"
          },
          {
            "path": ":streams:upgrade-system-tests-38:processResources",
            "outcome": "NO_SOURCE"
          },
          {
            "path": ":streams:upgrade-system-tests-39:checkstyleMain",
            "outcome": "NO_SOURCE"
          },
          {
            "path": ":streams:upgrade-system-tests-39:classes",
            "outcome": "UP_TO_DATE"
          },
          {
            "path": ":streams:upgrade-system-tests-39:compileJava",
            "outcome": "NO_SOURCE"
          },
          {
            "path": ":streams:upgrade-system-tests-39:processResources",
            "outcome": "NO_SOURCE"
          },
          {
            "path": ":streams:upgrade-system-tests-40:checkstyleMain",
            "outcome": "NO_SOURCE"
          },
          {
            "path": ":streams:upgrade-system-tests-40:classes",
            "outcome": "UP_TO_DATE"
          },
          {
            "path": ":streams:upgrade-system-tests-40:compileJava",
            "outcome": "NO_SOURCE"
          },
          {
            "path": ":streams:upgrade-system-tests-40:processResources",
            "outcome": "NO_SOURCE"
          },
          {
            "path": ":streams:upgrade-system-tests-41:checkstyleMain",
            "outcome": "NO_SOURCE"
          },
          {
            "path": ":streams:upgrade-system-tests-41:classes",
            "outcome": "UP_TO_DATE"
          },
          {
            "path": ":streams:upgrade-system-tests-41:compileJava",
            "outcome": "NO_SOURCE"
          },
          {
            "path": ":streams:upgrade-system-tests-41:processResources",
            "outcome": "NO_SOURCE"
          },
          {
            "path": ":test-common:checkstyleMain",
            "outcome": "NO_SOURCE"
          },
          {
            "path": ":test-common:classes",
            "outcome": "UP_TO_DATE"
          },
          {
            "path": ":test-common:compileJava",
            "outcome": "NO_SOURCE"
          },
          {
            "path": ":test-common:processResources",
            "outcome": "NO_SOURCE"
          },
          {
            "path": ":test-common:test-common-internal-api:checkstyleMain",
            "outcome": "FROM_CACHE"
          },
          {
            "path": ":test-common:test-common-internal-api:classes",
            "outcome": "UP_TO_DATE"
          },
          {
            "path": ":test-common:test-common-internal-api:compileJava",
            "outcome": "FROM_CACHE"
          },
          {
            "path": ":test-common:test-common-internal-api:processResources",
            "outcome": "NO_SOURCE"
          },
          {
            "path": ":test-common:test-common-runtime:checkstyleMain",
            "outcome": "FROM_CACHE"
          },
          {
            "path": ":test-common:test-common-runtime:classes",
            "outcome": "EXECUTED"
          },
          {
            "path": ":test-common:test-common-runtime:compileJava",
            "outcome": "FROM_CACHE"
          },
          {
            "path": ":test-common:test-common-runtime:processResources",
            "outcome": "EXECUTED"
          },
          {
            "path": ":test-common:test-common-util:checkstyleMain",
            "outcome": "FROM_CACHE"
          },
          {
            "path": ":test-common:test-common-util:classes",
            "outcome": "EXECUTED"
          },
          {
            "path": ":test-common:test-common-util:compileJava",
            "outcome": "FROM_CACHE"
          },
          {
            "path": ":test-common:test-common-util:processResources",
            "outcome": "EXECUTED"
          },
          {
            "path": ":tools:checkstyleMain",
            "outcome": "FROM_CACHE"
          },
          {
            "path": ":tools:classes",
            "outcome": "UP_TO_DATE"
          },
          {
            "path": ":tools:compileJava",
            "outcome": "FROM_CACHE"
          },
          {
            "path": ":tools:processResources",
            "outcome": "NO_SOURCE"
          },
          {
            "path": ":tools:tools-api:checkstyleMain",
            "outcome": "FROM_CACHE"
          },
          {
            "path": ":tools:tools-api:classes",
            "outcome": "UP_TO_DATE"
          },
          {
            "path": ":tools:tools-api:compileJava",
            "outcome": "FROM_CACHE"
          },
          {
            "path": ":tools:tools-api:processResources",
            "outcome": "NO_SOURCE"
          },
          {
            "path": ":transaction-coordinator:checkstyleMain",
            "outcome": "FROM_CACHE"
          },
          {
            "path": ":transaction-coordinator:classes",
            "outcome": "EXECUTED"
          },
          {
            "path": ":transaction-coordinator:compileJava",
            "outcome": "FROM_CACHE"
          },
          {
            "path": ":transaction-coordinator:processMessages",
            "outcome": "FROM_CACHE"
          },
          {
            "path": ":transaction-coordinator:processResources",
            "outcome": "EXECUTED"
          },
          {
            "path": ":trogdor:checkstyleMain",
            "outcome": "FROM_CACHE"
          },
          {
            "path": ":trogdor:classes",
            "outcome": "UP_TO_DATE"
          },
          {
            "path": ":trogdor:compileJava",
            "outcome": "FROM_CACHE"
          },
          {
            "path": ":trogdor:processResources",
            "outcome": "NO_SOURCE"
          }
        ]
      },
      "candidateTaskOutcomes": {
        "total": 9,
        "executed": 5,
        "fromCache": 2,
        "upToDate": 1,
        "noSource": 1,
        "skipped": 0,
        "fingerprintSha256": "3b4f5ae086fdb19ab5346d7a725cd9c1bf2e4738837383d0f48304413cbe0aa2",
        "tasks": [
          {
            "path": ":clients:checkstyleMain",
            "outcome": "EXECUTED"
          },
          {
            "path": ":clients:classes",
            "outcome": "EXECUTED"
          },
          {
            "path": ":clients:compileJava",
            "outcome": "EXECUTED"
          },
          {
            "path": ":clients:processMessages",
            "outcome": "FROM_CACHE"
          },
          {
            "path": ":clients:processResources",
            "outcome": "EXECUTED"
          },
          {
            "path": ":generator:classes",
            "outcome": "UP_TO_DATE"
          },
          {
            "path": ":generator:compileJava",
            "outcome": "FROM_CACHE"
          },
          {
            "path": ":generator:jar",
            "outcome": "EXECUTED"
          },
          {
            "path": ":generator:processResources",
            "outcome": "NO_SOURCE"
          }
        ]
      },
      "controlHostPressure": {
        "available": true,
        "cpuSomeTotalUs": 7454991,
        "memorySomeTotalUs": 20722,
        "memoryFullTotalUs": 20665,
        "ioSomeTotalUs": 47738793,
        "ioFullTotalUs": 29134955
      },
      "candidateHostPressure": {
        "available": true,
        "cpuSomeTotalUs": 240893,
        "memorySomeTotalUs": 102,
        "memoryFullTotalUs": 102,
        "ioSomeTotalUs": 39851628,
        "ioFullTotalUs": 31719442
      }
    },
    {
      "pair": 5,
      "order": "CONTROL_FIRST",
      "controlDurationMs": 88298,
      "candidateDurationMs": 59520,
      "savedMs": 28778,
      "controlRequiredOutputSha256": "798f5262b6ac7cd280f6add96ce7b781aeed1a74a7851339ddfa17f6fc6edd75",
      "candidateRequiredOutputSha256": "798f5262b6ac7cd280f6add96ce7b781aeed1a74a7851339ddfa17f6fc6edd75",
      "requiredOutputCount": 2,
      "productAttributableFailure": false,
      "controlLogSha256": "1b8ed1a20de4d4dbb9685cfd610e337badf60a688d2308641e17f9ebbfc0c6a1",
      "candidateLogSha256": "37be2dae5623ebaf0c14ad2b4544621c5e23daadcc7cf02245f6395870dbeb21",
      "controlTaskOutcomes": {
        "total": 286,
        "executed": 57,
        "fromCache": 78,
        "upToDate": 45,
        "noSource": 106,
        "skipped": 0,
        "fingerprintSha256": "a8872da5863b9a918a72717a4223a0b927bb8f76689b3bc8e50d1b597d59f87a",
        "tasks": [
          {
            "path": ":clients:checkstyleMain",
            "outcome": "EXECUTED"
          },
          {
            "path": ":clients:classes",
            "outcome": "EXECUTED"
          },
          {
            "path": ":clients:clients-integration-tests:checkstyleMain",
            "outcome": "NO_SOURCE"
          },
          {
            "path": ":clients:clients-integration-tests:classes",
            "outcome": "UP_TO_DATE"
          },
          {
            "path": ":clients:clients-integration-tests:compileJava",
            "outcome": "NO_SOURCE"
          },
          {
            "path": ":clients:clients-integration-tests:processResources",
            "outcome": "NO_SOURCE"
          },
          {
            "path": ":clients:compileJava",
            "outcome": "EXECUTED"
          },
          {
            "path": ":clients:compileTestJava",
            "outcome": "FROM_CACHE"
          },
          {
            "path": ":clients:createVersionFile",
            "outcome": "EXECUTED"
          },
          {
            "path": ":clients:processMessages",
            "outcome": "FROM_CACHE"
          },
          {
            "path": ":clients:processResources",
            "outcome": "EXECUTED"
          },
          {
            "path": ":clients:processTestMessages",
            "outcome": "FROM_CACHE"
          },
          {
            "path": ":clients:processTestResources",
            "outcome": "EXECUTED"
          },
          {
            "path": ":clients:shadowJar",
            "outcome": "EXECUTED"
          },
          {
            "path": ":clients:testClasses",
            "outcome": "EXECUTED"
          },
          {
            "path": ":connect:api:checkstyleMain",
            "outcome": "FROM_CACHE"
          },
          {
            "path": ":connect:api:classes",
            "outcome": "EXECUTED"
          },
          {
            "path": ":connect:api:compileJava",
            "outcome": "FROM_CACHE"
          },
          {
            "path": ":connect:api:processResources",
            "outcome": "EXECUTED"
          },
          {
            "path": ":connect:basic-auth-extension:checkstyleMain",
            "outcome": "FROM_CACHE"
          },
          {
            "path": ":connect:basic-auth-extension:classes",
            "outcome": "EXECUTED"
          },
          {
            "path": ":connect:basic-auth-extension:compileJava",
            "outcome": "FROM_CACHE"
          },
          {
            "path": ":connect:basic-auth-extension:processResources",
            "outcome": "EXECUTED"
          },
          {
            "path": ":connect:checkstyleMain",
            "outcome": "NO_SOURCE"
          },
          {
            "path": ":connect:classes",
            "outcome": "UP_TO_DATE"
          },
          {
            "path": ":connect:compileJava",
            "outcome": "NO_SOURCE"
          },
          {
            "path": ":connect:file:checkstyleMain",
            "outcome": "FROM_CACHE"
          },
          {
            "path": ":connect:file:classes",
            "outcome": "EXECUTED"
          },
          {
            "path": ":connect:file:compileJava",
            "outcome": "FROM_CACHE"
          },
          {
            "path": ":connect:file:processResources",
            "outcome": "EXECUTED"
          },
          {
            "path": ":connect:json:checkstyleMain",
            "outcome": "FROM_CACHE"
          },
          {
            "path": ":connect:json:classes",
            "outcome": "EXECUTED"
          },
          {
            "path": ":connect:json:compileJava",
            "outcome": "FROM_CACHE"
          },
          {
            "path": ":connect:json:processResources",
            "outcome": "EXECUTED"
          },
          {
            "path": ":connect:mirror-client:checkstyleMain",
            "outcome": "FROM_CACHE"
          },
          {
            "path": ":connect:mirror-client:classes",
            "outcome": "UP_TO_DATE"
          },
          {
            "path": ":connect:mirror-client:compileJava",
            "outcome": "FROM_CACHE"
          },
          {
            "path": ":connect:mirror-client:processResources",
            "outcome": "NO_SOURCE"
          },
          {
            "path": ":connect:mirror:checkstyleMain",
            "outcome": "FROM_CACHE"
          },
          {
            "path": ":connect:mirror:classes",
            "outcome": "EXECUTED"
          },
          {
            "path": ":connect:mirror:compileJava",
            "outcome": "FROM_CACHE"
          },
          {
            "path": ":connect:mirror:processResources",
            "outcome": "EXECUTED"
          },
          {
            "path": ":connect:processResources",
            "outcome": "NO_SOURCE"
          },
          {
            "path": ":connect:runtime:checkstyleMain",
            "outcome": "FROM_CACHE"
          },
          {
            "path": ":connect:runtime:classes",
            "outcome": "EXECUTED"
          },
          {
            "path": ":connect:runtime:compileJava",
            "outcome": "FROM_CACHE"
          },
          {
            "path": ":connect:runtime:processResources",
            "outcome": "EXECUTED"
          },
          {
            "path": ":connect:test-plugins:checkstyleMain",
            "outcome": "FROM_CACHE"
          },
          {
            "path": ":connect:test-plugins:classes",
            "outcome": "EXECUTED"
          },
          {
            "path": ":connect:test-plugins:compileJava",
            "outcome": "FROM_CACHE"
          },
          {
            "path": ":connect:test-plugins:processResources",
            "outcome": "EXECUTED"
          },
          {
            "path": ":connect:transforms:checkstyleMain",
            "outcome": "FROM_CACHE"
          },
          {
            "path": ":connect:transforms:classes",
            "outcome": "EXECUTED"
          },
          {
            "path": ":connect:transforms:compileJava",
            "outcome": "FROM_CACHE"
          },
          {
            "path": ":connect:transforms:processResources",
            "outcome": "EXECUTED"
          },
          {
            "path": ":coordinator-common:checkstyleMain",
            "outcome": "FROM_CACHE"
          },
          {
            "path": ":coordinator-common:classes",
            "outcome": "UP_TO_DATE"
          },
          {
            "path": ":coordinator-common:compileJava",
            "outcome": "FROM_CACHE"
          },
          {
            "path": ":coordinator-common:compileTestJava",
            "outcome": "FROM_CACHE"
          },
          {
            "path": ":coordinator-common:processResources",
            "outcome": "NO_SOURCE"
          },
          {
            "path": ":coordinator-common:processTestResources",
            "outcome": "EXECUTED"
          },
          {
            "path": ":coordinator-common:testClasses",
            "outcome": "EXECUTED"
          },
          {
            "path": ":core:checkstyleMain",
            "outcome": "FROM_CACHE"
          },
          {
            "path": ":core:classes",
            "outcome": "UP_TO_DATE"
          },
          {
            "path": ":core:compileJava",
            "outcome": "NO_SOURCE"
          },
          {
            "path": ":core:compileScala",
            "outcome": "FROM_CACHE"
          },
          {
            "path": ":core:processResources",
            "outcome": "NO_SOURCE"
          },
          {
            "path": ":examples:checkstyleMain",
            "outcome": "FROM_CACHE"
          },
          {
            "path": ":examples:classes",
            "outcome": "UP_TO_DATE"
          },
          {
            "path": ":examples:compileJava",
            "outcome": "FROM_CACHE"
          },
          {
            "path": ":examples:processResources",
            "outcome": "NO_SOURCE"
          },
          {
            "path": ":generator:checkstyleMain",
            "outcome": "FROM_CACHE"
          },
          {
            "path": ":generator:classes",
            "outcome": "UP_TO_DATE"
          },
          {
            "path": ":generator:compileJava",
            "outcome": "FROM_CACHE"
          },
          {
            "path": ":generator:jar",
            "outcome": "EXECUTED"
          },
          {
            "path": ":generator:processResources",
            "outcome": "NO_SOURCE"
          },
          {
            "path": ":group-coordinator:checkstyleMain",
            "outcome": "FROM_CACHE"
          },
          {
            "path": ":group-coordinator:classes",
            "outcome": "EXECUTED"
          },
          {
            "path": ":group-coordinator:compileJava",
            "outcome": "FROM_CACHE"
          },
          {
            "path": ":group-coordinator:group-coordinator-api:checkstyleMain",
            "outcome": "FROM_CACHE"
          },
          {
            "path": ":group-coordinator:group-coordinator-api:classes",
            "outcome": "UP_TO_DATE"
          },
          {
            "path": ":group-coordinator:group-coordinator-api:compileJava",
            "outcome": "FROM_CACHE"
          },
          {
            "path": ":group-coordinator:group-coordinator-api:processResources",
            "outcome": "NO_SOURCE"
          },
          {
            "path": ":group-coordinator:processMessages",
            "outcome": "FROM_CACHE"
          },
          {
            "path": ":group-coordinator:processResources",
            "outcome": "EXECUTED"
          },
          {
            "path": ":jmh-benchmarks:checkstyleMain",
            "outcome": "EXECUTED"
          },
          {
            "path": ":jmh-benchmarks:classes",
            "outcome": "UP_TO_DATE"
          },
          {
            "path": ":jmh-benchmarks:compileJava",
            "outcome": "FROM_CACHE"
          },
          {
            "path": ":jmh-benchmarks:processResources",
            "outcome": "NO_SOURCE"
          },
          {
            "path": ":metadata:checkstyleMain",
            "outcome": "FROM_CACHE"
          },
          {
            "path": ":metadata:classes",
            "outcome": "EXECUTED"
          },
          {
            "path": ":metadata:compileJava",
            "outcome": "FROM_CACHE"
          },
          {
            "path": ":metadata:compileTestJava",
            "outcome": "FROM_CACHE"
          },
          {
            "path": ":metadata:processMessages",
            "outcome": "FROM_CACHE"
          },
          {
            "path": ":metadata:processResources",
            "outcome": "EXECUTED"
          },
          {
            "path": ":metadata:processTestResources",
            "outcome": "EXECUTED"
          },
          {
            "path": ":metadata:testClasses",
            "outcome": "EXECUTED"
          },
          {
            "path": ":raft:checkstyleMain",
            "outcome": "FROM_CACHE"
          },
          {
            "path": ":raft:classes",
            "outcome": "EXECUTED"
          },
          {
            "path": ":raft:compileJava",
            "outcome": "FROM_CACHE"
          },
          {
            "path": ":raft:compileTestJava",
            "outcome": "FROM_CACHE"
          },
          {
            "path": ":raft:processMessages",
            "outcome": "FROM_CACHE"
          },
          {
            "path": ":raft:processResources",
            "outcome": "EXECUTED"
          },
          {
            "path": ":raft:processTestResources",
            "outcome": "EXECUTED"
          },
          {
            "path": ":raft:testClasses",
            "outcome": "EXECUTED"
          },
          {
            "path": ":server-common:checkstyleMain",
            "outcome": "FROM_CACHE"
          },
          {
            "path": ":server-common:classes",
            "outcome": "UP_TO_DATE"
          },
          {
            "path": ":server-common:compileJava",
            "outcome": "FROM_CACHE"
          },
          {
            "path": ":server-common:compileTestJava",
            "outcome": "FROM_CACHE"
          },
          {
            "path": ":server-common:processResources",
            "outcome": "NO_SOURCE"
          },
          {
            "path": ":server-common:processTestResources",
            "outcome": "EXECUTED"
          },
          {
            "path": ":server-common:testClasses",
            "outcome": "EXECUTED"
          },
          {
            "path": ":server:checkstyleMain",
            "outcome": "FROM_CACHE"
          },
          {
            "path": ":server:classes",
            "outcome": "UP_TO_DATE"
          },
          {
            "path": ":server:compileJava",
            "outcome": "FROM_CACHE"
          },
          {
            "path": ":server:processResources",
            "outcome": "NO_SOURCE"
          },
          {
            "path": ":share-coordinator:checkstyleMain",
            "outcome": "FROM_CACHE"
          },
          {
            "path": ":share-coordinator:classes",
            "outcome": "EXECUTED"
          },
          {
            "path": ":share-coordinator:compileJava",
            "outcome": "FROM_CACHE"
          },
          {
            "path": ":share-coordinator:processMessages",
            "outcome": "FROM_CACHE"
          },
          {
            "path": ":share-coordinator:processResources",
            "outcome": "EXECUTED"
          },
          {
            "path": ":shell:checkstyleMain",
            "outcome": "FROM_CACHE"
          },
          {
            "path": ":shell:classes",
            "outcome": "UP_TO_DATE"
          },
          {
            "path": ":shell:compileJava",
            "outcome": "FROM_CACHE"
          },
          {
            "path": ":shell:processResources",
            "outcome": "NO_SOURCE"
          },
          {
            "path": ":storage:checkstyleMain",
            "outcome": "FROM_CACHE"
          },
          {
            "path": ":storage:classes",
            "outcome": "EXECUTED"
          },
          {
            "path": ":storage:compileJava",
            "outcome": "FROM_CACHE"
          },
          {
            "path": ":storage:processMessages",
            "outcome": "FROM_CACHE"
          },
          {
            "path": ":storage:processResources",
            "outcome": "EXECUTED"
          },
          {
            "path": ":storage:storage-api:checkstyleMain",
            "outcome": "FROM_CACHE"
          },
          {
            "path": ":storage:storage-api:classes",
            "outcome": "UP_TO_DATE"
          },
          {
            "path": ":storage:storage-api:compileJava",
            "outcome": "FROM_CACHE"
          },
          {
            "path": ":storage:storage-api:processResources",
            "outcome": "NO_SOURCE"
          },
          {
            "path": ":streams:checkstyleMain",
            "outcome": "EXECUTED"
          },
          {
            "path": ":streams:classes",
            "outcome": "EXECUTED"
          },
          {
            "path": ":streams:compileJava",
            "outcome": "FROM_CACHE"
          },
          {
            "path": ":streams:examples:checkstyleMain",
            "outcome": "EXECUTED"
          },
          {
            "path": ":streams:examples:classes",
            "outcome": "UP_TO_DATE"
          },
          {
            "path": ":streams:examples:compileJava",
            "outcome": "FROM_CACHE"
          },
          {
            "path": ":streams:examples:processResources",
            "outcome": "NO_SOURCE"
          },
          {
            "path": ":streams:integration-tests:checkstyleMain",
            "outcome": "NO_SOURCE"
          },
          {
            "path": ":streams:integration-tests:classes",
            "outcome": "UP_TO_DATE"
          },
          {
            "path": ":streams:integration-tests:compileJava",
            "outcome": "NO_SOURCE"
          },
          {
            "path": ":streams:integration-tests:compileScala",
            "outcome": "NO_SOURCE"
          },
          {
            "path": ":streams:integration-tests:processResources",
            "outcome": "NO_SOURCE"
          },
          {
            "path": ":streams:processMessages",
            "outcome": "FROM_CACHE"
          },
          {
            "path": ":streams:processResources",
            "outcome": "EXECUTED"
          },
          {
            "path": ":streams:streams-scala:checkstyleMain",
            "outcome": "NO_SOURCE"
          },
          {
            "path": ":streams:streams-scala:classes",
            "outcome": "EXECUTED"
          },
          {
            "path": ":streams:streams-scala:compileJava",
            "outcome": "NO_SOURCE"
          },
          {
            "path": ":streams:streams-scala:compileScala",
            "outcome": "EXECUTED"
          },
          {
            "path": ":streams:streams-scala:processResources",
            "outcome": "NO_SOURCE"
          },
          {
            "path": ":streams:test-utils:checkstyleMain",
            "outcome": "EXECUTED"
          },
          {
            "path": ":streams:test-utils:classes",
            "outcome": "UP_TO_DATE"
          },
          {
            "path": ":streams:test-utils:compileJava",
            "outcome": "FROM_CACHE"
          },
          {
            "path": ":streams:test-utils:processResources",
            "outcome": "NO_SOURCE"
          },
          {
            "path": ":streams:upgrade-system-tests-0110:checkstyleMain",
            "outcome": "NO_SOURCE"
          },
          {
            "path": ":streams:upgrade-system-tests-0110:classes",
            "outcome": "UP_TO_DATE"
          },
          {
            "path": ":streams:upgrade-system-tests-0110:compileJava",
            "outcome": "NO_SOURCE"
          },
          {
            "path": ":streams:upgrade-system-tests-0110:processResources",
            "outcome": "NO_SOURCE"
          },
          {
            "path": ":streams:upgrade-system-tests-10:checkstyleMain",
            "outcome": "NO_SOURCE"
          },
          {
            "path": ":streams:upgrade-system-tests-10:classes",
            "outcome": "UP_TO_DATE"
          },
          {
            "path": ":streams:upgrade-system-tests-10:compileJava",
            "outcome": "NO_SOURCE"
          },
          {
            "path": ":streams:upgrade-system-tests-10:processResources",
            "outcome": "NO_SOURCE"
          },
          {
            "path": ":streams:upgrade-system-tests-11:checkstyleMain",
            "outcome": "NO_SOURCE"
          },
          {
            "path": ":streams:upgrade-system-tests-11:classes",
            "outcome": "UP_TO_DATE"
          },
          {
            "path": ":streams:upgrade-system-tests-11:compileJava",
            "outcome": "NO_SOURCE"
          },
          {
            "path": ":streams:upgrade-system-tests-11:processResources",
            "outcome": "NO_SOURCE"
          },
          {
            "path": ":streams:upgrade-system-tests-20:checkstyleMain",
            "outcome": "NO_SOURCE"
          },
          {
            "path": ":streams:upgrade-system-tests-20:classes",
            "outcome": "UP_TO_DATE"
          },
          {
            "path": ":streams:upgrade-system-tests-20:compileJava",
            "outcome": "NO_SOURCE"
          },
          {
            "path": ":streams:upgrade-system-tests-20:processResources",
            "outcome": "NO_SOURCE"
          },
          {
            "path": ":streams:upgrade-system-tests-21:checkstyleMain",
            "outcome": "NO_SOURCE"
          },
          {
            "path": ":streams:upgrade-system-tests-21:classes",
            "outcome": "UP_TO_DATE"
          },
          {
            "path": ":streams:upgrade-system-tests-21:compileJava",
            "outcome": "NO_SOURCE"
          },
          {
            "path": ":streams:upgrade-system-tests-21:processResources",
            "outcome": "NO_SOURCE"
          },
          {
            "path": ":streams:upgrade-system-tests-22:checkstyleMain",
            "outcome": "NO_SOURCE"
          },
          {
            "path": ":streams:upgrade-system-tests-22:classes",
            "outcome": "UP_TO_DATE"
          },
          {
            "path": ":streams:upgrade-system-tests-22:compileJava",
            "outcome": "NO_SOURCE"
          },
          {
            "path": ":streams:upgrade-system-tests-22:processResources",
            "outcome": "NO_SOURCE"
          },
          {
            "path": ":streams:upgrade-system-tests-23:checkstyleMain",
            "outcome": "NO_SOURCE"
          },
          {
            "path": ":streams:upgrade-system-tests-23:classes",
            "outcome": "UP_TO_DATE"
          },
          {
            "path": ":streams:upgrade-system-tests-23:compileJava",
            "outcome": "NO_SOURCE"
          },
          {
            "path": ":streams:upgrade-system-tests-23:processResources",
            "outcome": "NO_SOURCE"
          },
          {
            "path": ":streams:upgrade-system-tests-24:checkstyleMain",
            "outcome": "NO_SOURCE"
          },
          {
            "path": ":streams:upgrade-system-tests-24:classes",
            "outcome": "UP_TO_DATE"
          },
          {
            "path": ":streams:upgrade-system-tests-24:compileJava",
            "outcome": "NO_SOURCE"
          },
          {
            "path": ":streams:upgrade-system-tests-24:processResources",
            "outcome": "NO_SOURCE"
          },
          {
            "path": ":streams:upgrade-system-tests-25:checkstyleMain",
            "outcome": "NO_SOURCE"
          },
          {
            "path": ":streams:upgrade-system-tests-25:classes",
            "outcome": "UP_TO_DATE"
          },
          {
            "path": ":streams:upgrade-system-tests-25:compileJava",
            "outcome": "NO_SOURCE"
          },
          {
            "path": ":streams:upgrade-system-tests-25:processResources",
            "outcome": "NO_SOURCE"
          },
          {
            "path": ":streams:upgrade-system-tests-26:checkstyleMain",
            "outcome": "NO_SOURCE"
          },
          {
            "path": ":streams:upgrade-system-tests-26:classes",
            "outcome": "UP_TO_DATE"
          },
          {
            "path": ":streams:upgrade-system-tests-26:compileJava",
            "outcome": "NO_SOURCE"
          },
          {
            "path": ":streams:upgrade-system-tests-26:processResources",
            "outcome": "NO_SOURCE"
          },
          {
            "path": ":streams:upgrade-system-tests-27:checkstyleMain",
            "outcome": "NO_SOURCE"
          },
          {
            "path": ":streams:upgrade-system-tests-27:classes",
            "outcome": "UP_TO_DATE"
          },
          {
            "path": ":streams:upgrade-system-tests-27:compileJava",
            "outcome": "NO_SOURCE"
          },
          {
            "path": ":streams:upgrade-system-tests-27:processResources",
            "outcome": "NO_SOURCE"
          },
          {
            "path": ":streams:upgrade-system-tests-28:checkstyleMain",
            "outcome": "NO_SOURCE"
          },
          {
            "path": ":streams:upgrade-system-tests-28:classes",
            "outcome": "UP_TO_DATE"
          },
          {
            "path": ":streams:upgrade-system-tests-28:compileJava",
            "outcome": "NO_SOURCE"
          },
          {
            "path": ":streams:upgrade-system-tests-28:processResources",
            "outcome": "NO_SOURCE"
          },
          {
            "path": ":streams:upgrade-system-tests-30:checkstyleMain",
            "outcome": "NO_SOURCE"
          },
          {
            "path": ":streams:upgrade-system-tests-30:classes",
            "outcome": "UP_TO_DATE"
          },
          {
            "path": ":streams:upgrade-system-tests-30:compileJava",
            "outcome": "NO_SOURCE"
          },
          {
            "path": ":streams:upgrade-system-tests-30:processResources",
            "outcome": "NO_SOURCE"
          },
          {
            "path": ":streams:upgrade-system-tests-31:checkstyleMain",
            "outcome": "NO_SOURCE"
          },
          {
            "path": ":streams:upgrade-system-tests-31:classes",
            "outcome": "UP_TO_DATE"
          },
          {
            "path": ":streams:upgrade-system-tests-31:compileJava",
            "outcome": "NO_SOURCE"
          },
          {
            "path": ":streams:upgrade-system-tests-31:processResources",
            "outcome": "NO_SOURCE"
          },
          {
            "path": ":streams:upgrade-system-tests-32:checkstyleMain",
            "outcome": "NO_SOURCE"
          },
          {
            "path": ":streams:upgrade-system-tests-32:classes",
            "outcome": "UP_TO_DATE"
          },
          {
            "path": ":streams:upgrade-system-tests-32:compileJava",
            "outcome": "NO_SOURCE"
          },
          {
            "path": ":streams:upgrade-system-tests-32:processResources",
            "outcome": "NO_SOURCE"
          },
          {
            "path": ":streams:upgrade-system-tests-33:checkstyleMain",
            "outcome": "NO_SOURCE"
          },
          {
            "path": ":streams:upgrade-system-tests-33:classes",
            "outcome": "UP_TO_DATE"
          },
          {
            "path": ":streams:upgrade-system-tests-33:compileJava",
            "outcome": "NO_SOURCE"
          },
          {
            "path": ":streams:upgrade-system-tests-33:processResources",
            "outcome": "NO_SOURCE"
          },
          {
            "path": ":streams:upgrade-system-tests-34:checkstyleMain",
            "outcome": "NO_SOURCE"
          },
          {
            "path": ":streams:upgrade-system-tests-34:classes",
            "outcome": "UP_TO_DATE"
          },
          {
            "path": ":streams:upgrade-system-tests-34:compileJava",
            "outcome": "NO_SOURCE"
          },
          {
            "path": ":streams:upgrade-system-tests-34:processResources",
            "outcome": "NO_SOURCE"
          },
          {
            "path": ":streams:upgrade-system-tests-35:checkstyleMain",
            "outcome": "NO_SOURCE"
          },
          {
            "path": ":streams:upgrade-system-tests-35:classes",
            "outcome": "UP_TO_DATE"
          },
          {
            "path": ":streams:upgrade-system-tests-35:compileJava",
            "outcome": "NO_SOURCE"
          },
          {
            "path": ":streams:upgrade-system-tests-35:processResources",
            "outcome": "NO_SOURCE"
          },
          {
            "path": ":streams:upgrade-system-tests-36:checkstyleMain",
            "outcome": "NO_SOURCE"
          },
          {
            "path": ":streams:upgrade-system-tests-36:classes",
            "outcome": "UP_TO_DATE"
          },
          {
            "path": ":streams:upgrade-system-tests-36:compileJava",
            "outcome": "NO_SOURCE"
          },
          {
            "path": ":streams:upgrade-system-tests-36:processResources",
            "outcome": "NO_SOURCE"
          },
          {
            "path": ":streams:upgrade-system-tests-37:checkstyleMain",
            "outcome": "NO_SOURCE"
          },
          {
            "path": ":streams:upgrade-system-tests-37:classes",
            "outcome": "UP_TO_DATE"
          },
          {
            "path": ":streams:upgrade-system-tests-37:compileJava",
            "outcome": "NO_SOURCE"
          },
          {
            "path": ":streams:upgrade-system-tests-37:processResources",
            "outcome": "NO_SOURCE"
          },
          {
            "path": ":streams:upgrade-system-tests-38:checkstyleMain",
            "outcome": "NO_SOURCE"
          },
          {
            "path": ":streams:upgrade-system-tests-38:classes",
            "outcome": "UP_TO_DATE"
          },
          {
            "path": ":streams:upgrade-system-tests-38:compileJava",
            "outcome": "NO_SOURCE"
          },
          {
            "path": ":streams:upgrade-system-tests-38:processResources",
            "outcome": "NO_SOURCE"
          },
          {
            "path": ":streams:upgrade-system-tests-39:checkstyleMain",
            "outcome": "NO_SOURCE"
          },
          {
            "path": ":streams:upgrade-system-tests-39:classes",
            "outcome": "UP_TO_DATE"
          },
          {
            "path": ":streams:upgrade-system-tests-39:compileJava",
            "outcome": "NO_SOURCE"
          },
          {
            "path": ":streams:upgrade-system-tests-39:processResources",
            "outcome": "NO_SOURCE"
          },
          {
            "path": ":streams:upgrade-system-tests-40:checkstyleMain",
            "outcome": "NO_SOURCE"
          },
          {
            "path": ":streams:upgrade-system-tests-40:classes",
            "outcome": "UP_TO_DATE"
          },
          {
            "path": ":streams:upgrade-system-tests-40:compileJava",
            "outcome": "NO_SOURCE"
          },
          {
            "path": ":streams:upgrade-system-tests-40:processResources",
            "outcome": "NO_SOURCE"
          },
          {
            "path": ":streams:upgrade-system-tests-41:checkstyleMain",
            "outcome": "NO_SOURCE"
          },
          {
            "path": ":streams:upgrade-system-tests-41:classes",
            "outcome": "UP_TO_DATE"
          },
          {
            "path": ":streams:upgrade-system-tests-41:compileJava",
            "outcome": "NO_SOURCE"
          },
          {
            "path": ":streams:upgrade-system-tests-41:processResources",
            "outcome": "NO_SOURCE"
          },
          {
            "path": ":test-common:checkstyleMain",
            "outcome": "NO_SOURCE"
          },
          {
            "path": ":test-common:classes",
            "outcome": "UP_TO_DATE"
          },
          {
            "path": ":test-common:compileJava",
            "outcome": "NO_SOURCE"
          },
          {
            "path": ":test-common:processResources",
            "outcome": "NO_SOURCE"
          },
          {
            "path": ":test-common:test-common-internal-api:checkstyleMain",
            "outcome": "FROM_CACHE"
          },
          {
            "path": ":test-common:test-common-internal-api:classes",
            "outcome": "UP_TO_DATE"
          },
          {
            "path": ":test-common:test-common-internal-api:compileJava",
            "outcome": "FROM_CACHE"
          },
          {
            "path": ":test-common:test-common-internal-api:processResources",
            "outcome": "NO_SOURCE"
          },
          {
            "path": ":test-common:test-common-runtime:checkstyleMain",
            "outcome": "FROM_CACHE"
          },
          {
            "path": ":test-common:test-common-runtime:classes",
            "outcome": "EXECUTED"
          },
          {
            "path": ":test-common:test-common-runtime:compileJava",
            "outcome": "FROM_CACHE"
          },
          {
            "path": ":test-common:test-common-runtime:processResources",
            "outcome": "EXECUTED"
          },
          {
            "path": ":test-common:test-common-util:checkstyleMain",
            "outcome": "FROM_CACHE"
          },
          {
            "path": ":test-common:test-common-util:classes",
            "outcome": "EXECUTED"
          },
          {
            "path": ":test-common:test-common-util:compileJava",
            "outcome": "FROM_CACHE"
          },
          {
            "path": ":test-common:test-common-util:processResources",
            "outcome": "EXECUTED"
          },
          {
            "path": ":tools:checkstyleMain",
            "outcome": "FROM_CACHE"
          },
          {
            "path": ":tools:classes",
            "outcome": "UP_TO_DATE"
          },
          {
            "path": ":tools:compileJava",
            "outcome": "FROM_CACHE"
          },
          {
            "path": ":tools:processResources",
            "outcome": "NO_SOURCE"
          },
          {
            "path": ":tools:tools-api:checkstyleMain",
            "outcome": "FROM_CACHE"
          },
          {
            "path": ":tools:tools-api:classes",
            "outcome": "UP_TO_DATE"
          },
          {
            "path": ":tools:tools-api:compileJava",
            "outcome": "FROM_CACHE"
          },
          {
            "path": ":tools:tools-api:processResources",
            "outcome": "NO_SOURCE"
          },
          {
            "path": ":transaction-coordinator:checkstyleMain",
            "outcome": "FROM_CACHE"
          },
          {
            "path": ":transaction-coordinator:classes",
            "outcome": "EXECUTED"
          },
          {
            "path": ":transaction-coordinator:compileJava",
            "outcome": "FROM_CACHE"
          },
          {
            "path": ":transaction-coordinator:processMessages",
            "outcome": "FROM_CACHE"
          },
          {
            "path": ":transaction-coordinator:processResources",
            "outcome": "EXECUTED"
          },
          {
            "path": ":trogdor:checkstyleMain",
            "outcome": "FROM_CACHE"
          },
          {
            "path": ":trogdor:classes",
            "outcome": "UP_TO_DATE"
          },
          {
            "path": ":trogdor:compileJava",
            "outcome": "FROM_CACHE"
          },
          {
            "path": ":trogdor:processResources",
            "outcome": "NO_SOURCE"
          }
        ]
      },
      "candidateTaskOutcomes": {
        "total": 9,
        "executed": 5,
        "fromCache": 2,
        "upToDate": 1,
        "noSource": 1,
        "skipped": 0,
        "fingerprintSha256": "3b4f5ae086fdb19ab5346d7a725cd9c1bf2e4738837383d0f48304413cbe0aa2",
        "tasks": [
          {
            "path": ":clients:checkstyleMain",
            "outcome": "EXECUTED"
          },
          {
            "path": ":clients:classes",
            "outcome": "EXECUTED"
          },
          {
            "path": ":clients:compileJava",
            "outcome": "EXECUTED"
          },
          {
            "path": ":clients:processMessages",
            "outcome": "FROM_CACHE"
          },
          {
            "path": ":clients:processResources",
            "outcome": "EXECUTED"
          },
          {
            "path": ":generator:classes",
            "outcome": "UP_TO_DATE"
          },
          {
            "path": ":generator:compileJava",
            "outcome": "FROM_CACHE"
          },
          {
            "path": ":generator:jar",
            "outcome": "EXECUTED"
          },
          {
            "path": ":generator:processResources",
            "outcome": "NO_SOURCE"
          }
        ]
      },
      "controlHostPressure": {
        "available": true,
        "cpuSomeTotalUs": 11204652,
        "memorySomeTotalUs": 34066,
        "memoryFullTotalUs": 33342,
        "ioSomeTotalUs": 50800617,
        "ioFullTotalUs": 28695682
      },
      "candidateHostPressure": {
        "available": true,
        "cpuSomeTotalUs": 257724,
        "memorySomeTotalUs": 208,
        "memoryFullTotalUs": 206,
        "ioSomeTotalUs": 42850832,
        "ioFullTotalUs": 32788705
      }
    },
    {
      "pair": 6,
      "order": "CANDIDATE_FIRST",
      "controlDurationMs": 83533,
      "candidateDurationMs": 58002,
      "savedMs": 25531,
      "controlRequiredOutputSha256": "798f5262b6ac7cd280f6add96ce7b781aeed1a74a7851339ddfa17f6fc6edd75",
      "candidateRequiredOutputSha256": "798f5262b6ac7cd280f6add96ce7b781aeed1a74a7851339ddfa17f6fc6edd75",
      "requiredOutputCount": 2,
      "productAttributableFailure": false,
      "controlLogSha256": "fe77b778f17e89f80639b49360b0fa4c1acd064e942f254c8fee47f6b7fb2963",
      "candidateLogSha256": "9cd52c59cbb29aa47c2704718306cce0eb567c7f1b8db1ad6544cd9d1fc2d22e",
      "controlTaskOutcomes": {
        "total": 286,
        "executed": 57,
        "fromCache": 78,
        "upToDate": 45,
        "noSource": 106,
        "skipped": 0,
        "fingerprintSha256": "a8872da5863b9a918a72717a4223a0b927bb8f76689b3bc8e50d1b597d59f87a",
        "tasks": [
          {
            "path": ":clients:checkstyleMain",
            "outcome": "EXECUTED"
          },
          {
            "path": ":clients:classes",
            "outcome": "EXECUTED"
          },
          {
            "path": ":clients:clients-integration-tests:checkstyleMain",
            "outcome": "NO_SOURCE"
          },
          {
            "path": ":clients:clients-integration-tests:classes",
            "outcome": "UP_TO_DATE"
          },
          {
            "path": ":clients:clients-integration-tests:compileJava",
            "outcome": "NO_SOURCE"
          },
          {
            "path": ":clients:clients-integration-tests:processResources",
            "outcome": "NO_SOURCE"
          },
          {
            "path": ":clients:compileJava",
            "outcome": "EXECUTED"
          },
          {
            "path": ":clients:compileTestJava",
            "outcome": "FROM_CACHE"
          },
          {
            "path": ":clients:createVersionFile",
            "outcome": "EXECUTED"
          },
          {
            "path": ":clients:processMessages",
            "outcome": "FROM_CACHE"
          },
          {
            "path": ":clients:processResources",
            "outcome": "EXECUTED"
          },
          {
            "path": ":clients:processTestMessages",
            "outcome": "FROM_CACHE"
          },
          {
            "path": ":clients:processTestResources",
            "outcome": "EXECUTED"
          },
          {
            "path": ":clients:shadowJar",
            "outcome": "EXECUTED"
          },
          {
            "path": ":clients:testClasses",
            "outcome": "EXECUTED"
          },
          {
            "path": ":connect:api:checkstyleMain",
            "outcome": "FROM_CACHE"
          },
          {
            "path": ":connect:api:classes",
            "outcome": "EXECUTED"
          },
          {
            "path": ":connect:api:compileJava",
            "outcome": "FROM_CACHE"
          },
          {
            "path": ":connect:api:processResources",
            "outcome": "EXECUTED"
          },
          {
            "path": ":connect:basic-auth-extension:checkstyleMain",
            "outcome": "FROM_CACHE"
          },
          {
            "path": ":connect:basic-auth-extension:classes",
            "outcome": "EXECUTED"
          },
          {
            "path": ":connect:basic-auth-extension:compileJava",
            "outcome": "FROM_CACHE"
          },
          {
            "path": ":connect:basic-auth-extension:processResources",
            "outcome": "EXECUTED"
          },
          {
            "path": ":connect:checkstyleMain",
            "outcome": "NO_SOURCE"
          },
          {
            "path": ":connect:classes",
            "outcome": "UP_TO_DATE"
          },
          {
            "path": ":connect:compileJava",
            "outcome": "NO_SOURCE"
          },
          {
            "path": ":connect:file:checkstyleMain",
            "outcome": "FROM_CACHE"
          },
          {
            "path": ":connect:file:classes",
            "outcome": "EXECUTED"
          },
          {
            "path": ":connect:file:compileJava",
            "outcome": "FROM_CACHE"
          },
          {
            "path": ":connect:file:processResources",
            "outcome": "EXECUTED"
          },
          {
            "path": ":connect:json:checkstyleMain",
            "outcome": "FROM_CACHE"
          },
          {
            "path": ":connect:json:classes",
            "outcome": "EXECUTED"
          },
          {
            "path": ":connect:json:compileJava",
            "outcome": "FROM_CACHE"
          },
          {
            "path": ":connect:json:processResources",
            "outcome": "EXECUTED"
          },
          {
            "path": ":connect:mirror-client:checkstyleMain",
            "outcome": "FROM_CACHE"
          },
          {
            "path": ":connect:mirror-client:classes",
            "outcome": "UP_TO_DATE"
          },
          {
            "path": ":connect:mirror-client:compileJava",
            "outcome": "FROM_CACHE"
          },
          {
            "path": ":connect:mirror-client:processResources",
            "outcome": "NO_SOURCE"
          },
          {
            "path": ":connect:mirror:checkstyleMain",
            "outcome": "FROM_CACHE"
          },
          {
            "path": ":connect:mirror:classes",
            "outcome": "EXECUTED"
          },
          {
            "path": ":connect:mirror:compileJava",
            "outcome": "FROM_CACHE"
          },
          {
            "path": ":connect:mirror:processResources",
            "outcome": "EXECUTED"
          },
          {
            "path": ":connect:processResources",
            "outcome": "NO_SOURCE"
          },
          {
            "path": ":connect:runtime:checkstyleMain",
            "outcome": "FROM_CACHE"
          },
          {
            "path": ":connect:runtime:classes",
            "outcome": "EXECUTED"
          },
          {
            "path": ":connect:runtime:compileJava",
            "outcome": "FROM_CACHE"
          },
          {
            "path": ":connect:runtime:processResources",
            "outcome": "EXECUTED"
          },
          {
            "path": ":connect:test-plugins:checkstyleMain",
            "outcome": "FROM_CACHE"
          },
          {
            "path": ":connect:test-plugins:classes",
            "outcome": "EXECUTED"
          },
          {
            "path": ":connect:test-plugins:compileJava",
            "outcome": "FROM_CACHE"
          },
          {
            "path": ":connect:test-plugins:processResources",
            "outcome": "EXECUTED"
          },
          {
            "path": ":connect:transforms:checkstyleMain",
            "outcome": "FROM_CACHE"
          },
          {
            "path": ":connect:transforms:classes",
            "outcome": "EXECUTED"
          },
          {
            "path": ":connect:transforms:compileJava",
            "outcome": "FROM_CACHE"
          },
          {
            "path": ":connect:transforms:processResources",
            "outcome": "EXECUTED"
          },
          {
            "path": ":coordinator-common:checkstyleMain",
            "outcome": "FROM_CACHE"
          },
          {
            "path": ":coordinator-common:classes",
            "outcome": "UP_TO_DATE"
          },
          {
            "path": ":coordinator-common:compileJava",
            "outcome": "FROM_CACHE"
          },
          {
            "path": ":coordinator-common:compileTestJava",
            "outcome": "FROM_CACHE"
          },
          {
            "path": ":coordinator-common:processResources",
            "outcome": "NO_SOURCE"
          },
          {
            "path": ":coordinator-common:processTestResources",
            "outcome": "EXECUTED"
          },
          {
            "path": ":coordinator-common:testClasses",
            "outcome": "EXECUTED"
          },
          {
            "path": ":core:checkstyleMain",
            "outcome": "FROM_CACHE"
          },
          {
            "path": ":core:classes",
            "outcome": "UP_TO_DATE"
          },
          {
            "path": ":core:compileJava",
            "outcome": "NO_SOURCE"
          },
          {
            "path": ":core:compileScala",
            "outcome": "FROM_CACHE"
          },
          {
            "path": ":core:processResources",
            "outcome": "NO_SOURCE"
          },
          {
            "path": ":examples:checkstyleMain",
            "outcome": "FROM_CACHE"
          },
          {
            "path": ":examples:classes",
            "outcome": "UP_TO_DATE"
          },
          {
            "path": ":examples:compileJava",
            "outcome": "FROM_CACHE"
          },
          {
            "path": ":examples:processResources",
            "outcome": "NO_SOURCE"
          },
          {
            "path": ":generator:checkstyleMain",
            "outcome": "FROM_CACHE"
          },
          {
            "path": ":generator:classes",
            "outcome": "UP_TO_DATE"
          },
          {
            "path": ":generator:compileJava",
            "outcome": "FROM_CACHE"
          },
          {
            "path": ":generator:jar",
            "outcome": "EXECUTED"
          },
          {
            "path": ":generator:processResources",
            "outcome": "NO_SOURCE"
          },
          {
            "path": ":group-coordinator:checkstyleMain",
            "outcome": "FROM_CACHE"
          },
          {
            "path": ":group-coordinator:classes",
            "outcome": "EXECUTED"
          },
          {
            "path": ":group-coordinator:compileJava",
            "outcome": "FROM_CACHE"
          },
          {
            "path": ":group-coordinator:group-coordinator-api:checkstyleMain",
            "outcome": "FROM_CACHE"
          },
          {
            "path": ":group-coordinator:group-coordinator-api:classes",
            "outcome": "UP_TO_DATE"
          },
          {
            "path": ":group-coordinator:group-coordinator-api:compileJava",
            "outcome": "FROM_CACHE"
          },
          {
            "path": ":group-coordinator:group-coordinator-api:processResources",
            "outcome": "NO_SOURCE"
          },
          {
            "path": ":group-coordinator:processMessages",
            "outcome": "FROM_CACHE"
          },
          {
            "path": ":group-coordinator:processResources",
            "outcome": "EXECUTED"
          },
          {
            "path": ":jmh-benchmarks:checkstyleMain",
            "outcome": "EXECUTED"
          },
          {
            "path": ":jmh-benchmarks:classes",
            "outcome": "UP_TO_DATE"
          },
          {
            "path": ":jmh-benchmarks:compileJava",
            "outcome": "FROM_CACHE"
          },
          {
            "path": ":jmh-benchmarks:processResources",
            "outcome": "NO_SOURCE"
          },
          {
            "path": ":metadata:checkstyleMain",
            "outcome": "FROM_CACHE"
          },
          {
            "path": ":metadata:classes",
            "outcome": "EXECUTED"
          },
          {
            "path": ":metadata:compileJava",
            "outcome": "FROM_CACHE"
          },
          {
            "path": ":metadata:compileTestJava",
            "outcome": "FROM_CACHE"
          },
          {
            "path": ":metadata:processMessages",
            "outcome": "FROM_CACHE"
          },
          {
            "path": ":metadata:processResources",
            "outcome": "EXECUTED"
          },
          {
            "path": ":metadata:processTestResources",
            "outcome": "EXECUTED"
          },
          {
            "path": ":metadata:testClasses",
            "outcome": "EXECUTED"
          },
          {
            "path": ":raft:checkstyleMain",
            "outcome": "FROM_CACHE"
          },
          {
            "path": ":raft:classes",
            "outcome": "EXECUTED"
          },
          {
            "path": ":raft:compileJava",
            "outcome": "FROM_CACHE"
          },
          {
            "path": ":raft:compileTestJava",
            "outcome": "FROM_CACHE"
          },
          {
            "path": ":raft:processMessages",
            "outcome": "FROM_CACHE"
          },
          {
            "path": ":raft:processResources",
            "outcome": "EXECUTED"
          },
          {
            "path": ":raft:processTestResources",
            "outcome": "EXECUTED"
          },
          {
            "path": ":raft:testClasses",
            "outcome": "EXECUTED"
          },
          {
            "path": ":server-common:checkstyleMain",
            "outcome": "FROM_CACHE"
          },
          {
            "path": ":server-common:classes",
            "outcome": "UP_TO_DATE"
          },
          {
            "path": ":server-common:compileJava",
            "outcome": "FROM_CACHE"
          },
          {
            "path": ":server-common:compileTestJava",
            "outcome": "FROM_CACHE"
          },
          {
            "path": ":server-common:processResources",
            "outcome": "NO_SOURCE"
          },
          {
            "path": ":server-common:processTestResources",
            "outcome": "EXECUTED"
          },
          {
            "path": ":server-common:testClasses",
            "outcome": "EXECUTED"
          },
          {
            "path": ":server:checkstyleMain",
            "outcome": "FROM_CACHE"
          },
          {
            "path": ":server:classes",
            "outcome": "UP_TO_DATE"
          },
          {
            "path": ":server:compileJava",
            "outcome": "FROM_CACHE"
          },
          {
            "path": ":server:processResources",
            "outcome": "NO_SOURCE"
          },
          {
            "path": ":share-coordinator:checkstyleMain",
            "outcome": "FROM_CACHE"
          },
          {
            "path": ":share-coordinator:classes",
            "outcome": "EXECUTED"
          },
          {
            "path": ":share-coordinator:compileJava",
            "outcome": "FROM_CACHE"
          },
          {
            "path": ":share-coordinator:processMessages",
            "outcome": "FROM_CACHE"
          },
          {
            "path": ":share-coordinator:processResources",
            "outcome": "EXECUTED"
          },
          {
            "path": ":shell:checkstyleMain",
            "outcome": "FROM_CACHE"
          },
          {
            "path": ":shell:classes",
            "outcome": "UP_TO_DATE"
          },
          {
            "path": ":shell:compileJava",
            "outcome": "FROM_CACHE"
          },
          {
            "path": ":shell:processResources",
            "outcome": "NO_SOURCE"
          },
          {
            "path": ":storage:checkstyleMain",
            "outcome": "FROM_CACHE"
          },
          {
            "path": ":storage:classes",
            "outcome": "EXECUTED"
          },
          {
            "path": ":storage:compileJava",
            "outcome": "FROM_CACHE"
          },
          {
            "path": ":storage:processMessages",
            "outcome": "FROM_CACHE"
          },
          {
            "path": ":storage:processResources",
            "outcome": "EXECUTED"
          },
          {
            "path": ":storage:storage-api:checkstyleMain",
            "outcome": "FROM_CACHE"
          },
          {
            "path": ":storage:storage-api:classes",
            "outcome": "UP_TO_DATE"
          },
          {
            "path": ":storage:storage-api:compileJava",
            "outcome": "FROM_CACHE"
          },
          {
            "path": ":storage:storage-api:processResources",
            "outcome": "NO_SOURCE"
          },
          {
            "path": ":streams:checkstyleMain",
            "outcome": "EXECUTED"
          },
          {
            "path": ":streams:classes",
            "outcome": "EXECUTED"
          },
          {
            "path": ":streams:compileJava",
            "outcome": "FROM_CACHE"
          },
          {
            "path": ":streams:examples:checkstyleMain",
            "outcome": "EXECUTED"
          },
          {
            "path": ":streams:examples:classes",
            "outcome": "UP_TO_DATE"
          },
          {
            "path": ":streams:examples:compileJava",
            "outcome": "FROM_CACHE"
          },
          {
            "path": ":streams:examples:processResources",
            "outcome": "NO_SOURCE"
          },
          {
            "path": ":streams:integration-tests:checkstyleMain",
            "outcome": "NO_SOURCE"
          },
          {
            "path": ":streams:integration-tests:classes",
            "outcome": "UP_TO_DATE"
          },
          {
            "path": ":streams:integration-tests:compileJava",
            "outcome": "NO_SOURCE"
          },
          {
            "path": ":streams:integration-tests:compileScala",
            "outcome": "NO_SOURCE"
          },
          {
            "path": ":streams:integration-tests:processResources",
            "outcome": "NO_SOURCE"
          },
          {
            "path": ":streams:processMessages",
            "outcome": "FROM_CACHE"
          },
          {
            "path": ":streams:processResources",
            "outcome": "EXECUTED"
          },
          {
            "path": ":streams:streams-scala:checkstyleMain",
            "outcome": "NO_SOURCE"
          },
          {
            "path": ":streams:streams-scala:classes",
            "outcome": "EXECUTED"
          },
          {
            "path": ":streams:streams-scala:compileJava",
            "outcome": "NO_SOURCE"
          },
          {
            "path": ":streams:streams-scala:compileScala",
            "outcome": "EXECUTED"
          },
          {
            "path": ":streams:streams-scala:processResources",
            "outcome": "NO_SOURCE"
          },
          {
            "path": ":streams:test-utils:checkstyleMain",
            "outcome": "EXECUTED"
          },
          {
            "path": ":streams:test-utils:classes",
            "outcome": "UP_TO_DATE"
          },
          {
            "path": ":streams:test-utils:compileJava",
            "outcome": "FROM_CACHE"
          },
          {
            "path": ":streams:test-utils:processResources",
            "outcome": "NO_SOURCE"
          },
          {
            "path": ":streams:upgrade-system-tests-0110:checkstyleMain",
            "outcome": "NO_SOURCE"
          },
          {
            "path": ":streams:upgrade-system-tests-0110:classes",
            "outcome": "UP_TO_DATE"
          },
          {
            "path": ":streams:upgrade-system-tests-0110:compileJava",
            "outcome": "NO_SOURCE"
          },
          {
            "path": ":streams:upgrade-system-tests-0110:processResources",
            "outcome": "NO_SOURCE"
          },
          {
            "path": ":streams:upgrade-system-tests-10:checkstyleMain",
            "outcome": "NO_SOURCE"
          },
          {
            "path": ":streams:upgrade-system-tests-10:classes",
            "outcome": "UP_TO_DATE"
          },
          {
            "path": ":streams:upgrade-system-tests-10:compileJava",
            "outcome": "NO_SOURCE"
          },
          {
            "path": ":streams:upgrade-system-tests-10:processResources",
            "outcome": "NO_SOURCE"
          },
          {
            "path": ":streams:upgrade-system-tests-11:checkstyleMain",
            "outcome": "NO_SOURCE"
          },
          {
            "path": ":streams:upgrade-system-tests-11:classes",
            "outcome": "UP_TO_DATE"
          },
          {
            "path": ":streams:upgrade-system-tests-11:compileJava",
            "outcome": "NO_SOURCE"
          },
          {
            "path": ":streams:upgrade-system-tests-11:processResources",
            "outcome": "NO_SOURCE"
          },
          {
            "path": ":streams:upgrade-system-tests-20:checkstyleMain",
            "outcome": "NO_SOURCE"
          },
          {
            "path": ":streams:upgrade-system-tests-20:classes",
            "outcome": "UP_TO_DATE"
          },
          {
            "path": ":streams:upgrade-system-tests-20:compileJava",
            "outcome": "NO_SOURCE"
          },
          {
            "path": ":streams:upgrade-system-tests-20:processResources",
            "outcome": "NO_SOURCE"
          },
          {
            "path": ":streams:upgrade-system-tests-21:checkstyleMain",
            "outcome": "NO_SOURCE"
          },
          {
            "path": ":streams:upgrade-system-tests-21:classes",
            "outcome": "UP_TO_DATE"
          },
          {
            "path": ":streams:upgrade-system-tests-21:compileJava",
            "outcome": "NO_SOURCE"
          },
          {
            "path": ":streams:upgrade-system-tests-21:processResources",
            "outcome": "NO_SOURCE"
          },
          {
            "path": ":streams:upgrade-system-tests-22:checkstyleMain",
            "outcome": "NO_SOURCE"
          },
          {
            "path": ":streams:upgrade-system-tests-22:classes",
            "outcome": "UP_TO_DATE"
          },
          {
            "path": ":streams:upgrade-system-tests-22:compileJava",
            "outcome": "NO_SOURCE"
          },
          {
            "path": ":streams:upgrade-system-tests-22:processResources",
            "outcome": "NO_SOURCE"
          },
          {
            "path": ":streams:upgrade-system-tests-23:checkstyleMain",
            "outcome": "NO_SOURCE"
          },
          {
            "path": ":streams:upgrade-system-tests-23:classes",
            "outcome": "UP_TO_DATE"
          },
          {
            "path": ":streams:upgrade-system-tests-23:compileJava",
            "outcome": "NO_SOURCE"
          },
          {
            "path": ":streams:upgrade-system-tests-23:processResources",
            "outcome": "NO_SOURCE"
          },
          {
            "path": ":streams:upgrade-system-tests-24:checkstyleMain",
            "outcome": "NO_SOURCE"
          },
          {
            "path": ":streams:upgrade-system-tests-24:classes",
            "outcome": "UP_TO_DATE"
          },
          {
            "path": ":streams:upgrade-system-tests-24:compileJava",
            "outcome": "NO_SOURCE"
          },
          {
            "path": ":streams:upgrade-system-tests-24:processResources",
            "outcome": "NO_SOURCE"
          },
          {
            "path": ":streams:upgrade-system-tests-25:checkstyleMain",
            "outcome": "NO_SOURCE"
          },
          {
            "path": ":streams:upgrade-system-tests-25:classes",
            "outcome": "UP_TO_DATE"
          },
          {
            "path": ":streams:upgrade-system-tests-25:compileJava",
            "outcome": "NO_SOURCE"
          },
          {
            "path": ":streams:upgrade-system-tests-25:processResources",
            "outcome": "NO_SOURCE"
          },
          {
            "path": ":streams:upgrade-system-tests-26:checkstyleMain",
            "outcome": "NO_SOURCE"
          },
          {
            "path": ":streams:upgrade-system-tests-26:classes",
            "outcome": "UP_TO_DATE"
          },
          {
            "path": ":streams:upgrade-system-tests-26:compileJava",
            "outcome": "NO_SOURCE"
          },
          {
            "path": ":streams:upgrade-system-tests-26:processResources",
            "outcome": "NO_SOURCE"
          },
          {
            "path": ":streams:upgrade-system-tests-27:checkstyleMain",
            "outcome": "NO_SOURCE"
          },
          {
            "path": ":streams:upgrade-system-tests-27:classes",
            "outcome": "UP_TO_DATE"
          },
          {
            "path": ":streams:upgrade-system-tests-27:compileJava",
            "outcome": "NO_SOURCE"
          },
          {
            "path": ":streams:upgrade-system-tests-27:processResources",
            "outcome": "NO_SOURCE"
          },
          {
            "path": ":streams:upgrade-system-tests-28:checkstyleMain",
            "outcome": "NO_SOURCE"
          },
          {
            "path": ":streams:upgrade-system-tests-28:classes",
            "outcome": "UP_TO_DATE"
          },
          {
            "path": ":streams:upgrade-system-tests-28:compileJava",
            "outcome": "NO_SOURCE"
          },
          {
            "path": ":streams:upgrade-system-tests-28:processResources",
            "outcome": "NO_SOURCE"
          },
          {
            "path": ":streams:upgrade-system-tests-30:checkstyleMain",
            "outcome": "NO_SOURCE"
          },
          {
            "path": ":streams:upgrade-system-tests-30:classes",
            "outcome": "UP_TO_DATE"
          },
          {
            "path": ":streams:upgrade-system-tests-30:compileJava",
            "outcome": "NO_SOURCE"
          },
          {
            "path": ":streams:upgrade-system-tests-30:processResources",
            "outcome": "NO_SOURCE"
          },
          {
            "path": ":streams:upgrade-system-tests-31:checkstyleMain",
            "outcome": "NO_SOURCE"
          },
          {
            "path": ":streams:upgrade-system-tests-31:classes",
            "outcome": "UP_TO_DATE"
          },
          {
            "path": ":streams:upgrade-system-tests-31:compileJava",
            "outcome": "NO_SOURCE"
          },
          {
            "path": ":streams:upgrade-system-tests-31:processResources",
            "outcome": "NO_SOURCE"
          },
          {
            "path": ":streams:upgrade-system-tests-32:checkstyleMain",
            "outcome": "NO_SOURCE"
          },
          {
            "path": ":streams:upgrade-system-tests-32:classes",
            "outcome": "UP_TO_DATE"
          },
          {
            "path": ":streams:upgrade-system-tests-32:compileJava",
            "outcome": "NO_SOURCE"
          },
          {
            "path": ":streams:upgrade-system-tests-32:processResources",
            "outcome": "NO_SOURCE"
          },
          {
            "path": ":streams:upgrade-system-tests-33:checkstyleMain",
            "outcome": "NO_SOURCE"
          },
          {
            "path": ":streams:upgrade-system-tests-33:classes",
            "outcome": "UP_TO_DATE"
          },
          {
            "path": ":streams:upgrade-system-tests-33:compileJava",
            "outcome": "NO_SOURCE"
          },
          {
            "path": ":streams:upgrade-system-tests-33:processResources",
            "outcome": "NO_SOURCE"
          },
          {
            "path": ":streams:upgrade-system-tests-34:checkstyleMain",
            "outcome": "NO_SOURCE"
          },
          {
            "path": ":streams:upgrade-system-tests-34:classes",
            "outcome": "UP_TO_DATE"
          },
          {
            "path": ":streams:upgrade-system-tests-34:compileJava",
            "outcome": "NO_SOURCE"
          },
          {
            "path": ":streams:upgrade-system-tests-34:processResources",
            "outcome": "NO_SOURCE"
          },
          {
            "path": ":streams:upgrade-system-tests-35:checkstyleMain",
            "outcome": "NO_SOURCE"
          },
          {
            "path": ":streams:upgrade-system-tests-35:classes",
            "outcome": "UP_TO_DATE"
          },
          {
            "path": ":streams:upgrade-system-tests-35:compileJava",
            "outcome": "NO_SOURCE"
          },
          {
            "path": ":streams:upgrade-system-tests-35:processResources",
            "outcome": "NO_SOURCE"
          },
          {
            "path": ":streams:upgrade-system-tests-36:checkstyleMain",
            "outcome": "NO_SOURCE"
          },
          {
            "path": ":streams:upgrade-system-tests-36:classes",
            "outcome": "UP_TO_DATE"
          },
          {
            "path": ":streams:upgrade-system-tests-36:compileJava",
            "outcome": "NO_SOURCE"
          },
          {
            "path": ":streams:upgrade-system-tests-36:processResources",
            "outcome": "NO_SOURCE"
          },
          {
            "path": ":streams:upgrade-system-tests-37:checkstyleMain",
            "outcome": "NO_SOURCE"
          },
          {
            "path": ":streams:upgrade-system-tests-37:classes",
            "outcome": "UP_TO_DATE"
          },
          {
            "path": ":streams:upgrade-system-tests-37:compileJava",
            "outcome": "NO_SOURCE"
          },
          {
            "path": ":streams:upgrade-system-tests-37:processResources",
            "outcome": "NO_SOURCE"
          },
          {
            "path": ":streams:upgrade-system-tests-38:checkstyleMain",
            "outcome": "NO_SOURCE"
          },
          {
            "path": ":streams:upgrade-system-tests-38:classes",
            "outcome": "UP_TO_DATE"
          },
          {
            "path": ":streams:upgrade-system-tests-38:compileJava",
            "outcome": "NO_SOURCE"
          },
          {
            "path": ":streams:upgrade-system-tests-38:processResources",
            "outcome": "NO_SOURCE"
          },
          {
            "path": ":streams:upgrade-system-tests-39:checkstyleMain",
            "outcome": "NO_SOURCE"
          },
          {
            "path": ":streams:upgrade-system-tests-39:classes",
            "outcome": "UP_TO_DATE"
          },
          {
            "path": ":streams:upgrade-system-tests-39:compileJava",
            "outcome": "NO_SOURCE"
          },
          {
            "path": ":streams:upgrade-system-tests-39:processResources",
            "outcome": "NO_SOURCE"
          },
          {
            "path": ":streams:upgrade-system-tests-40:checkstyleMain",
            "outcome": "NO_SOURCE"
          },
          {
            "path": ":streams:upgrade-system-tests-40:classes",
            "outcome": "UP_TO_DATE"
          },
          {
            "path": ":streams:upgrade-system-tests-40:compileJava",
            "outcome": "NO_SOURCE"
          },
          {
            "path": ":streams:upgrade-system-tests-40:processResources",
            "outcome": "NO_SOURCE"
          },
          {
            "path": ":streams:upgrade-system-tests-41:checkstyleMain",
            "outcome": "NO_SOURCE"
          },
          {
            "path": ":streams:upgrade-system-tests-41:classes",
            "outcome": "UP_TO_DATE"
          },
          {
            "path": ":streams:upgrade-system-tests-41:compileJava",
            "outcome": "NO_SOURCE"
          },
          {
            "path": ":streams:upgrade-system-tests-41:processResources",
            "outcome": "NO_SOURCE"
          },
          {
            "path": ":test-common:checkstyleMain",
            "outcome": "NO_SOURCE"
          },
          {
            "path": ":test-common:classes",
            "outcome": "UP_TO_DATE"
          },
          {
            "path": ":test-common:compileJava",
            "outcome": "NO_SOURCE"
          },
          {
            "path": ":test-common:processResources",
            "outcome": "NO_SOURCE"
          },
          {
            "path": ":test-common:test-common-internal-api:checkstyleMain",
            "outcome": "FROM_CACHE"
          },
          {
            "path": ":test-common:test-common-internal-api:classes",
            "outcome": "UP_TO_DATE"
          },
          {
            "path": ":test-common:test-common-internal-api:compileJava",
            "outcome": "FROM_CACHE"
          },
          {
            "path": ":test-common:test-common-internal-api:processResources",
            "outcome": "NO_SOURCE"
          },
          {
            "path": ":test-common:test-common-runtime:checkstyleMain",
            "outcome": "FROM_CACHE"
          },
          {
            "path": ":test-common:test-common-runtime:classes",
            "outcome": "EXECUTED"
          },
          {
            "path": ":test-common:test-common-runtime:compileJava",
            "outcome": "FROM_CACHE"
          },
          {
            "path": ":test-common:test-common-runtime:processResources",
            "outcome": "EXECUTED"
          },
          {
            "path": ":test-common:test-common-util:checkstyleMain",
            "outcome": "FROM_CACHE"
          },
          {
            "path": ":test-common:test-common-util:classes",
            "outcome": "EXECUTED"
          },
          {
            "path": ":test-common:test-common-util:compileJava",
            "outcome": "FROM_CACHE"
          },
          {
            "path": ":test-common:test-common-util:processResources",
            "outcome": "EXECUTED"
          },
          {
            "path": ":tools:checkstyleMain",
            "outcome": "FROM_CACHE"
          },
          {
            "path": ":tools:classes",
            "outcome": "UP_TO_DATE"
          },
          {
            "path": ":tools:compileJava",
            "outcome": "FROM_CACHE"
          },
          {
            "path": ":tools:processResources",
            "outcome": "NO_SOURCE"
          },
          {
            "path": ":tools:tools-api:checkstyleMain",
            "outcome": "FROM_CACHE"
          },
          {
            "path": ":tools:tools-api:classes",
            "outcome": "UP_TO_DATE"
          },
          {
            "path": ":tools:tools-api:compileJava",
            "outcome": "FROM_CACHE"
          },
          {
            "path": ":tools:tools-api:processResources",
            "outcome": "NO_SOURCE"
          },
          {
            "path": ":transaction-coordinator:checkstyleMain",
            "outcome": "FROM_CACHE"
          },
          {
            "path": ":transaction-coordinator:classes",
            "outcome": "EXECUTED"
          },
          {
            "path": ":transaction-coordinator:compileJava",
            "outcome": "FROM_CACHE"
          },
          {
            "path": ":transaction-coordinator:processMessages",
            "outcome": "FROM_CACHE"
          },
          {
            "path": ":transaction-coordinator:processResources",
            "outcome": "EXECUTED"
          },
          {
            "path": ":trogdor:checkstyleMain",
            "outcome": "FROM_CACHE"
          },
          {
            "path": ":trogdor:classes",
            "outcome": "UP_TO_DATE"
          },
          {
            "path": ":trogdor:compileJava",
            "outcome": "FROM_CACHE"
          },
          {
            "path": ":trogdor:processResources",
            "outcome": "NO_SOURCE"
          }
        ]
      },
      "candidateTaskOutcomes": {
        "total": 9,
        "executed": 5,
        "fromCache": 2,
        "upToDate": 1,
        "noSource": 1,
        "skipped": 0,
        "fingerprintSha256": "3b4f5ae086fdb19ab5346d7a725cd9c1bf2e4738837383d0f48304413cbe0aa2",
        "tasks": [
          {
            "path": ":clients:checkstyleMain",
            "outcome": "EXECUTED"
          },
          {
            "path": ":clients:classes",
            "outcome": "EXECUTED"
          },
          {
            "path": ":clients:compileJava",
            "outcome": "EXECUTED"
          },
          {
            "path": ":clients:processMessages",
            "outcome": "FROM_CACHE"
          },
          {
            "path": ":clients:processResources",
            "outcome": "EXECUTED"
          },
          {
            "path": ":generator:classes",
            "outcome": "UP_TO_DATE"
          },
          {
            "path": ":generator:compileJava",
            "outcome": "FROM_CACHE"
          },
          {
            "path": ":generator:jar",
            "outcome": "EXECUTED"
          },
          {
            "path": ":generator:processResources",
            "outcome": "NO_SOURCE"
          }
        ]
      },
      "controlHostPressure": {
        "available": true,
        "cpuSomeTotalUs": 8498460,
        "memorySomeTotalUs": 164575,
        "memoryFullTotalUs": 117195,
        "ioSomeTotalUs": 48640900,
        "ioFullTotalUs": 27088129
      },
      "candidateHostPressure": {
        "available": true,
        "cpuSomeTotalUs": 279166,
        "memorySomeTotalUs": 994,
        "memoryFullTotalUs": 979,
        "ioSomeTotalUs": 40255608,
        "ioFullTotalUs": 31148799
      }
    },
    {
      "pair": 7,
      "order": "CONTROL_FIRST",
      "controlDurationMs": 88980,
      "candidateDurationMs": 57026,
      "savedMs": 31954,
      "controlRequiredOutputSha256": "798f5262b6ac7cd280f6add96ce7b781aeed1a74a7851339ddfa17f6fc6edd75",
      "candidateRequiredOutputSha256": "798f5262b6ac7cd280f6add96ce7b781aeed1a74a7851339ddfa17f6fc6edd75",
      "requiredOutputCount": 2,
      "productAttributableFailure": false,
      "controlLogSha256": "de36e0322de5170461f198450c7fe6040444d16c0af800c6a7738c05809e4ed6",
      "candidateLogSha256": "83fbc418a4c568e960851de3f1e76e00ee1b49395ca92881a5a86ee8ad74b626",
      "controlTaskOutcomes": {
        "total": 286,
        "executed": 57,
        "fromCache": 78,
        "upToDate": 45,
        "noSource": 106,
        "skipped": 0,
        "fingerprintSha256": "a8872da5863b9a918a72717a4223a0b927bb8f76689b3bc8e50d1b597d59f87a",
        "tasks": [
          {
            "path": ":clients:checkstyleMain",
            "outcome": "EXECUTED"
          },
          {
            "path": ":clients:classes",
            "outcome": "EXECUTED"
          },
          {
            "path": ":clients:clients-integration-tests:checkstyleMain",
            "outcome": "NO_SOURCE"
          },
          {
            "path": ":clients:clients-integration-tests:classes",
            "outcome": "UP_TO_DATE"
          },
          {
            "path": ":clients:clients-integration-tests:compileJava",
            "outcome": "NO_SOURCE"
          },
          {
            "path": ":clients:clients-integration-tests:processResources",
            "outcome": "NO_SOURCE"
          },
          {
            "path": ":clients:compileJava",
            "outcome": "EXECUTED"
          },
          {
            "path": ":clients:compileTestJava",
            "outcome": "FROM_CACHE"
          },
          {
            "path": ":clients:createVersionFile",
            "outcome": "EXECUTED"
          },
          {
            "path": ":clients:processMessages",
            "outcome": "FROM_CACHE"
          },
          {
            "path": ":clients:processResources",
            "outcome": "EXECUTED"
          },
          {
            "path": ":clients:processTestMessages",
            "outcome": "FROM_CACHE"
          },
          {
            "path": ":clients:processTestResources",
            "outcome": "EXECUTED"
          },
          {
            "path": ":clients:shadowJar",
            "outcome": "EXECUTED"
          },
          {
            "path": ":clients:testClasses",
            "outcome": "EXECUTED"
          },
          {
            "path": ":connect:api:checkstyleMain",
            "outcome": "FROM_CACHE"
          },
          {
            "path": ":connect:api:classes",
            "outcome": "EXECUTED"
          },
          {
            "path": ":connect:api:compileJava",
            "outcome": "FROM_CACHE"
          },
          {
            "path": ":connect:api:processResources",
            "outcome": "EXECUTED"
          },
          {
            "path": ":connect:basic-auth-extension:checkstyleMain",
            "outcome": "FROM_CACHE"
          },
          {
            "path": ":connect:basic-auth-extension:classes",
            "outcome": "EXECUTED"
          },
          {
            "path": ":connect:basic-auth-extension:compileJava",
            "outcome": "FROM_CACHE"
          },
          {
            "path": ":connect:basic-auth-extension:processResources",
            "outcome": "EXECUTED"
          },
          {
            "path": ":connect:checkstyleMain",
            "outcome": "NO_SOURCE"
          },
          {
            "path": ":connect:classes",
            "outcome": "UP_TO_DATE"
          },
          {
            "path": ":connect:compileJava",
            "outcome": "NO_SOURCE"
          },
          {
            "path": ":connect:file:checkstyleMain",
            "outcome": "FROM_CACHE"
          },
          {
            "path": ":connect:file:classes",
            "outcome": "EXECUTED"
          },
          {
            "path": ":connect:file:compileJava",
            "outcome": "FROM_CACHE"
          },
          {
            "path": ":connect:file:processResources",
            "outcome": "EXECUTED"
          },
          {
            "path": ":connect:json:checkstyleMain",
            "outcome": "FROM_CACHE"
          },
          {
            "path": ":connect:json:classes",
            "outcome": "EXECUTED"
          },
          {
            "path": ":connect:json:compileJava",
            "outcome": "FROM_CACHE"
          },
          {
            "path": ":connect:json:processResources",
            "outcome": "EXECUTED"
          },
          {
            "path": ":connect:mirror-client:checkstyleMain",
            "outcome": "FROM_CACHE"
          },
          {
            "path": ":connect:mirror-client:classes",
            "outcome": "UP_TO_DATE"
          },
          {
            "path": ":connect:mirror-client:compileJava",
            "outcome": "FROM_CACHE"
          },
          {
            "path": ":connect:mirror-client:processResources",
            "outcome": "NO_SOURCE"
          },
          {
            "path": ":connect:mirror:checkstyleMain",
            "outcome": "FROM_CACHE"
          },
          {
            "path": ":connect:mirror:classes",
            "outcome": "EXECUTED"
          },
          {
            "path": ":connect:mirror:compileJava",
            "outcome": "FROM_CACHE"
          },
          {
            "path": ":connect:mirror:processResources",
            "outcome": "EXECUTED"
          },
          {
            "path": ":connect:processResources",
            "outcome": "NO_SOURCE"
          },
          {
            "path": ":connect:runtime:checkstyleMain",
            "outcome": "FROM_CACHE"
          },
          {
            "path": ":connect:runtime:classes",
            "outcome": "EXECUTED"
          },
          {
            "path": ":connect:runtime:compileJava",
            "outcome": "FROM_CACHE"
          },
          {
            "path": ":connect:runtime:processResources",
            "outcome": "EXECUTED"
          },
          {
            "path": ":connect:test-plugins:checkstyleMain",
            "outcome": "FROM_CACHE"
          },
          {
            "path": ":connect:test-plugins:classes",
            "outcome": "EXECUTED"
          },
          {
            "path": ":connect:test-plugins:compileJava",
            "outcome": "FROM_CACHE"
          },
          {
            "path": ":connect:test-plugins:processResources",
            "outcome": "EXECUTED"
          },
          {
            "path": ":connect:transforms:checkstyleMain",
            "outcome": "FROM_CACHE"
          },
          {
            "path": ":connect:transforms:classes",
            "outcome": "EXECUTED"
          },
          {
            "path": ":connect:transforms:compileJava",
            "outcome": "FROM_CACHE"
          },
          {
            "path": ":connect:transforms:processResources",
            "outcome": "EXECUTED"
          },
          {
            "path": ":coordinator-common:checkstyleMain",
            "outcome": "FROM_CACHE"
          },
          {
            "path": ":coordinator-common:classes",
            "outcome": "UP_TO_DATE"
          },
          {
            "path": ":coordinator-common:compileJava",
            "outcome": "FROM_CACHE"
          },
          {
            "path": ":coordinator-common:compileTestJava",
            "outcome": "FROM_CACHE"
          },
          {
            "path": ":coordinator-common:processResources",
            "outcome": "NO_SOURCE"
          },
          {
            "path": ":coordinator-common:processTestResources",
            "outcome": "EXECUTED"
          },
          {
            "path": ":coordinator-common:testClasses",
            "outcome": "EXECUTED"
          },
          {
            "path": ":core:checkstyleMain",
            "outcome": "FROM_CACHE"
          },
          {
            "path": ":core:classes",
            "outcome": "UP_TO_DATE"
          },
          {
            "path": ":core:compileJava",
            "outcome": "NO_SOURCE"
          },
          {
            "path": ":core:compileScala",
            "outcome": "FROM_CACHE"
          },
          {
            "path": ":core:processResources",
            "outcome": "NO_SOURCE"
          },
          {
            "path": ":examples:checkstyleMain",
            "outcome": "FROM_CACHE"
          },
          {
            "path": ":examples:classes",
            "outcome": "UP_TO_DATE"
          },
          {
            "path": ":examples:compileJava",
            "outcome": "FROM_CACHE"
          },
          {
            "path": ":examples:processResources",
            "outcome": "NO_SOURCE"
          },
          {
            "path": ":generator:checkstyleMain",
            "outcome": "FROM_CACHE"
          },
          {
            "path": ":generator:classes",
            "outcome": "UP_TO_DATE"
          },
          {
            "path": ":generator:compileJava",
            "outcome": "FROM_CACHE"
          },
          {
            "path": ":generator:jar",
            "outcome": "EXECUTED"
          },
          {
            "path": ":generator:processResources",
            "outcome": "NO_SOURCE"
          },
          {
            "path": ":group-coordinator:checkstyleMain",
            "outcome": "FROM_CACHE"
          },
          {
            "path": ":group-coordinator:classes",
            "outcome": "EXECUTED"
          },
          {
            "path": ":group-coordinator:compileJava",
            "outcome": "FROM_CACHE"
          },
          {
            "path": ":group-coordinator:group-coordinator-api:checkstyleMain",
            "outcome": "FROM_CACHE"
          },
          {
            "path": ":group-coordinator:group-coordinator-api:classes",
            "outcome": "UP_TO_DATE"
          },
          {
            "path": ":group-coordinator:group-coordinator-api:compileJava",
            "outcome": "FROM_CACHE"
          },
          {
            "path": ":group-coordinator:group-coordinator-api:processResources",
            "outcome": "NO_SOURCE"
          },
          {
            "path": ":group-coordinator:processMessages",
            "outcome": "FROM_CACHE"
          },
          {
            "path": ":group-coordinator:processResources",
            "outcome": "EXECUTED"
          },
          {
            "path": ":jmh-benchmarks:checkstyleMain",
            "outcome": "EXECUTED"
          },
          {
            "path": ":jmh-benchmarks:classes",
            "outcome": "UP_TO_DATE"
          },
          {
            "path": ":jmh-benchmarks:compileJava",
            "outcome": "FROM_CACHE"
          },
          {
            "path": ":jmh-benchmarks:processResources",
            "outcome": "NO_SOURCE"
          },
          {
            "path": ":metadata:checkstyleMain",
            "outcome": "FROM_CACHE"
          },
          {
            "path": ":metadata:classes",
            "outcome": "EXECUTED"
          },
          {
            "path": ":metadata:compileJava",
            "outcome": "FROM_CACHE"
          },
          {
            "path": ":metadata:compileTestJava",
            "outcome": "FROM_CACHE"
          },
          {
            "path": ":metadata:processMessages",
            "outcome": "FROM_CACHE"
          },
          {
            "path": ":metadata:processResources",
            "outcome": "EXECUTED"
          },
          {
            "path": ":metadata:processTestResources",
            "outcome": "EXECUTED"
          },
          {
            "path": ":metadata:testClasses",
            "outcome": "EXECUTED"
          },
          {
            "path": ":raft:checkstyleMain",
            "outcome": "FROM_CACHE"
          },
          {
            "path": ":raft:classes",
            "outcome": "EXECUTED"
          },
          {
            "path": ":raft:compileJava",
            "outcome": "FROM_CACHE"
          },
          {
            "path": ":raft:compileTestJava",
            "outcome": "FROM_CACHE"
          },
          {
            "path": ":raft:processMessages",
            "outcome": "FROM_CACHE"
          },
          {
            "path": ":raft:processResources",
            "outcome": "EXECUTED"
          },
          {
            "path": ":raft:processTestResources",
            "outcome": "EXECUTED"
          },
          {
            "path": ":raft:testClasses",
            "outcome": "EXECUTED"
          },
          {
            "path": ":server-common:checkstyleMain",
            "outcome": "FROM_CACHE"
          },
          {
            "path": ":server-common:classes",
            "outcome": "UP_TO_DATE"
          },
          {
            "path": ":server-common:compileJava",
            "outcome": "FROM_CACHE"
          },
          {
            "path": ":server-common:compileTestJava",
            "outcome": "FROM_CACHE"
          },
          {
            "path": ":server-common:processResources",
            "outcome": "NO_SOURCE"
          },
          {
            "path": ":server-common:processTestResources",
            "outcome": "EXECUTED"
          },
          {
            "path": ":server-common:testClasses",
            "outcome": "EXECUTED"
          },
          {
            "path": ":server:checkstyleMain",
            "outcome": "FROM_CACHE"
          },
          {
            "path": ":server:classes",
            "outcome": "UP_TO_DATE"
          },
          {
            "path": ":server:compileJava",
            "outcome": "FROM_CACHE"
          },
          {
            "path": ":server:processResources",
            "outcome": "NO_SOURCE"
          },
          {
            "path": ":share-coordinator:checkstyleMain",
            "outcome": "FROM_CACHE"
          },
          {
            "path": ":share-coordinator:classes",
            "outcome": "EXECUTED"
          },
          {
            "path": ":share-coordinator:compileJava",
            "outcome": "FROM_CACHE"
          },
          {
            "path": ":share-coordinator:processMessages",
            "outcome": "FROM_CACHE"
          },
          {
            "path": ":share-coordinator:processResources",
            "outcome": "EXECUTED"
          },
          {
            "path": ":shell:checkstyleMain",
            "outcome": "FROM_CACHE"
          },
          {
            "path": ":shell:classes",
            "outcome": "UP_TO_DATE"
          },
          {
            "path": ":shell:compileJava",
            "outcome": "FROM_CACHE"
          },
          {
            "path": ":shell:processResources",
            "outcome": "NO_SOURCE"
          },
          {
            "path": ":storage:checkstyleMain",
            "outcome": "FROM_CACHE"
          },
          {
            "path": ":storage:classes",
            "outcome": "EXECUTED"
          },
          {
            "path": ":storage:compileJava",
            "outcome": "FROM_CACHE"
          },
          {
            "path": ":storage:processMessages",
            "outcome": "FROM_CACHE"
          },
          {
            "path": ":storage:processResources",
            "outcome": "EXECUTED"
          },
          {
            "path": ":storage:storage-api:checkstyleMain",
            "outcome": "FROM_CACHE"
          },
          {
            "path": ":storage:storage-api:classes",
            "outcome": "UP_TO_DATE"
          },
          {
            "path": ":storage:storage-api:compileJava",
            "outcome": "FROM_CACHE"
          },
          {
            "path": ":storage:storage-api:processResources",
            "outcome": "NO_SOURCE"
          },
          {
            "path": ":streams:checkstyleMain",
            "outcome": "EXECUTED"
          },
          {
            "path": ":streams:classes",
            "outcome": "EXECUTED"
          },
          {
            "path": ":streams:compileJava",
            "outcome": "FROM_CACHE"
          },
          {
            "path": ":streams:examples:checkstyleMain",
            "outcome": "EXECUTED"
          },
          {
            "path": ":streams:examples:classes",
            "outcome": "UP_TO_DATE"
          },
          {
            "path": ":streams:examples:compileJava",
            "outcome": "FROM_CACHE"
          },
          {
            "path": ":streams:examples:processResources",
            "outcome": "NO_SOURCE"
          },
          {
            "path": ":streams:integration-tests:checkstyleMain",
            "outcome": "NO_SOURCE"
          },
          {
            "path": ":streams:integration-tests:classes",
            "outcome": "UP_TO_DATE"
          },
          {
            "path": ":streams:integration-tests:compileJava",
            "outcome": "NO_SOURCE"
          },
          {
            "path": ":streams:integration-tests:compileScala",
            "outcome": "NO_SOURCE"
          },
          {
            "path": ":streams:integration-tests:processResources",
            "outcome": "NO_SOURCE"
          },
          {
            "path": ":streams:processMessages",
            "outcome": "FROM_CACHE"
          },
          {
            "path": ":streams:processResources",
            "outcome": "EXECUTED"
          },
          {
            "path": ":streams:streams-scala:checkstyleMain",
            "outcome": "NO_SOURCE"
          },
          {
            "path": ":streams:streams-scala:classes",
            "outcome": "EXECUTED"
          },
          {
            "path": ":streams:streams-scala:compileJava",
            "outcome": "NO_SOURCE"
          },
          {
            "path": ":streams:streams-scala:compileScala",
            "outcome": "EXECUTED"
          },
          {
            "path": ":streams:streams-scala:processResources",
            "outcome": "NO_SOURCE"
          },
          {
            "path": ":streams:test-utils:checkstyleMain",
            "outcome": "EXECUTED"
          },
          {
            "path": ":streams:test-utils:classes",
            "outcome": "UP_TO_DATE"
          },
          {
            "path": ":streams:test-utils:compileJava",
            "outcome": "FROM_CACHE"
          },
          {
            "path": ":streams:test-utils:processResources",
            "outcome": "NO_SOURCE"
          },
          {
            "path": ":streams:upgrade-system-tests-0110:checkstyleMain",
            "outcome": "NO_SOURCE"
          },
          {
            "path": ":streams:upgrade-system-tests-0110:classes",
            "outcome": "UP_TO_DATE"
          },
          {
            "path": ":streams:upgrade-system-tests-0110:compileJava",
            "outcome": "NO_SOURCE"
          },
          {
            "path": ":streams:upgrade-system-tests-0110:processResources",
            "outcome": "NO_SOURCE"
          },
          {
            "path": ":streams:upgrade-system-tests-10:checkstyleMain",
            "outcome": "NO_SOURCE"
          },
          {
            "path": ":streams:upgrade-system-tests-10:classes",
            "outcome": "UP_TO_DATE"
          },
          {
            "path": ":streams:upgrade-system-tests-10:compileJava",
            "outcome": "NO_SOURCE"
          },
          {
            "path": ":streams:upgrade-system-tests-10:processResources",
            "outcome": "NO_SOURCE"
          },
          {
            "path": ":streams:upgrade-system-tests-11:checkstyleMain",
            "outcome": "NO_SOURCE"
          },
          {
            "path": ":streams:upgrade-system-tests-11:classes",
            "outcome": "UP_TO_DATE"
          },
          {
            "path": ":streams:upgrade-system-tests-11:compileJava",
            "outcome": "NO_SOURCE"
          },
          {
            "path": ":streams:upgrade-system-tests-11:processResources",
            "outcome": "NO_SOURCE"
          },
          {
            "path": ":streams:upgrade-system-tests-20:checkstyleMain",
            "outcome": "NO_SOURCE"
          },
          {
            "path": ":streams:upgrade-system-tests-20:classes",
            "outcome": "UP_TO_DATE"
          },
          {
            "path": ":streams:upgrade-system-tests-20:compileJava",
            "outcome": "NO_SOURCE"
          },
          {
            "path": ":streams:upgrade-system-tests-20:processResources",
            "outcome": "NO_SOURCE"
          },
          {
            "path": ":streams:upgrade-system-tests-21:checkstyleMain",
            "outcome": "NO_SOURCE"
          },
          {
            "path": ":streams:upgrade-system-tests-21:classes",
            "outcome": "UP_TO_DATE"
          },
          {
            "path": ":streams:upgrade-system-tests-21:compileJava",
            "outcome": "NO_SOURCE"
          },
          {
            "path": ":streams:upgrade-system-tests-21:processResources",
            "outcome": "NO_SOURCE"
          },
          {
            "path": ":streams:upgrade-system-tests-22:checkstyleMain",
            "outcome": "NO_SOURCE"
          },
          {
            "path": ":streams:upgrade-system-tests-22:classes",
            "outcome": "UP_TO_DATE"
          },
          {
            "path": ":streams:upgrade-system-tests-22:compileJava",
            "outcome": "NO_SOURCE"
          },
          {
            "path": ":streams:upgrade-system-tests-22:processResources",
            "outcome": "NO_SOURCE"
          },
          {
            "path": ":streams:upgrade-system-tests-23:checkstyleMain",
            "outcome": "NO_SOURCE"
          },
          {
            "path": ":streams:upgrade-system-tests-23:classes",
            "outcome": "UP_TO_DATE"
          },
          {
            "path": ":streams:upgrade-system-tests-23:compileJava",
            "outcome": "NO_SOURCE"
          },
          {
            "path": ":streams:upgrade-system-tests-23:processResources",
            "outcome": "NO_SOURCE"
          },
          {
            "path": ":streams:upgrade-system-tests-24:checkstyleMain",
            "outcome": "NO_SOURCE"
          },
          {
            "path": ":streams:upgrade-system-tests-24:classes",
            "outcome": "UP_TO_DATE"
          },
          {
            "path": ":streams:upgrade-system-tests-24:compileJava",
            "outcome": "NO_SOURCE"
          },
          {
            "path": ":streams:upgrade-system-tests-24:processResources",
            "outcome": "NO_SOURCE"
          },
          {
            "path": ":streams:upgrade-system-tests-25:checkstyleMain",
            "outcome": "NO_SOURCE"
          },
          {
            "path": ":streams:upgrade-system-tests-25:classes",
            "outcome": "UP_TO_DATE"
          },
          {
            "path": ":streams:upgrade-system-tests-25:compileJava",
            "outcome": "NO_SOURCE"
          },
          {
            "path": ":streams:upgrade-system-tests-25:processResources",
            "outcome": "NO_SOURCE"
          },
          {
            "path": ":streams:upgrade-system-tests-26:checkstyleMain",
            "outcome": "NO_SOURCE"
          },
          {
            "path": ":streams:upgrade-system-tests-26:classes",
            "outcome": "UP_TO_DATE"
          },
          {
            "path": ":streams:upgrade-system-tests-26:compileJava",
            "outcome": "NO_SOURCE"
          },
          {
            "path": ":streams:upgrade-system-tests-26:processResources",
            "outcome": "NO_SOURCE"
          },
          {
            "path": ":streams:upgrade-system-tests-27:checkstyleMain",
            "outcome": "NO_SOURCE"
          },
          {
            "path": ":streams:upgrade-system-tests-27:classes",
            "outcome": "UP_TO_DATE"
          },
          {
            "path": ":streams:upgrade-system-tests-27:compileJava",
            "outcome": "NO_SOURCE"
          },
          {
            "path": ":streams:upgrade-system-tests-27:processResources",
            "outcome": "NO_SOURCE"
          },
          {
            "path": ":streams:upgrade-system-tests-28:checkstyleMain",
            "outcome": "NO_SOURCE"
          },
          {
            "path": ":streams:upgrade-system-tests-28:classes",
            "outcome": "UP_TO_DATE"
          },
          {
            "path": ":streams:upgrade-system-tests-28:compileJava",
            "outcome": "NO_SOURCE"
          },
          {
            "path": ":streams:upgrade-system-tests-28:processResources",
            "outcome": "NO_SOURCE"
          },
          {
            "path": ":streams:upgrade-system-tests-30:checkstyleMain",
            "outcome": "NO_SOURCE"
          },
          {
            "path": ":streams:upgrade-system-tests-30:classes",
            "outcome": "UP_TO_DATE"
          },
          {
            "path": ":streams:upgrade-system-tests-30:compileJava",
            "outcome": "NO_SOURCE"
          },
          {
            "path": ":streams:upgrade-system-tests-30:processResources",
            "outcome": "NO_SOURCE"
          },
          {
            "path": ":streams:upgrade-system-tests-31:checkstyleMain",
            "outcome": "NO_SOURCE"
          },
          {
            "path": ":streams:upgrade-system-tests-31:classes",
            "outcome": "UP_TO_DATE"
          },
          {
            "path": ":streams:upgrade-system-tests-31:compileJava",
            "outcome": "NO_SOURCE"
          },
          {
            "path": ":streams:upgrade-system-tests-31:processResources",
            "outcome": "NO_SOURCE"
          },
          {
            "path": ":streams:upgrade-system-tests-32:checkstyleMain",
            "outcome": "NO_SOURCE"
          },
          {
            "path": ":streams:upgrade-system-tests-32:classes",
            "outcome": "UP_TO_DATE"
          },
          {
            "path": ":streams:upgrade-system-tests-32:compileJava",
            "outcome": "NO_SOURCE"
          },
          {
            "path": ":streams:upgrade-system-tests-32:processResources",
            "outcome": "NO_SOURCE"
          },
          {
            "path": ":streams:upgrade-system-tests-33:checkstyleMain",
            "outcome": "NO_SOURCE"
          },
          {
            "path": ":streams:upgrade-system-tests-33:classes",
            "outcome": "UP_TO_DATE"
          },
          {
            "path": ":streams:upgrade-system-tests-33:compileJava",
            "outcome": "NO_SOURCE"
          },
          {
            "path": ":streams:upgrade-system-tests-33:processResources",
            "outcome": "NO_SOURCE"
          },
          {
            "path": ":streams:upgrade-system-tests-34:checkstyleMain",
            "outcome": "NO_SOURCE"
          },
          {
            "path": ":streams:upgrade-system-tests-34:classes",
            "outcome": "UP_TO_DATE"
          },
          {
            "path": ":streams:upgrade-system-tests-34:compileJava",
            "outcome": "NO_SOURCE"
          },
          {
            "path": ":streams:upgrade-system-tests-34:processResources",
            "outcome": "NO_SOURCE"
          },
          {
            "path": ":streams:upgrade-system-tests-35:checkstyleMain",
            "outcome": "NO_SOURCE"
          },
          {
            "path": ":streams:upgrade-system-tests-35:classes",
            "outcome": "UP_TO_DATE"
          },
          {
            "path": ":streams:upgrade-system-tests-35:compileJava",
            "outcome": "NO_SOURCE"
          },
          {
            "path": ":streams:upgrade-system-tests-35:processResources",
            "outcome": "NO_SOURCE"
          },
          {
            "path": ":streams:upgrade-system-tests-36:checkstyleMain",
            "outcome": "NO_SOURCE"
          },
          {
            "path": ":streams:upgrade-system-tests-36:classes",
            "outcome": "UP_TO_DATE"
          },
          {
            "path": ":streams:upgrade-system-tests-36:compileJava",
            "outcome": "NO_SOURCE"
          },
          {
            "path": ":streams:upgrade-system-tests-36:processResources",
            "outcome": "NO_SOURCE"
          },
          {
            "path": ":streams:upgrade-system-tests-37:checkstyleMain",
            "outcome": "NO_SOURCE"
          },
          {
            "path": ":streams:upgrade-system-tests-37:classes",
            "outcome": "UP_TO_DATE"
          },
          {
            "path": ":streams:upgrade-system-tests-37:compileJava",
            "outcome": "NO_SOURCE"
          },
          {
            "path": ":streams:upgrade-system-tests-37:processResources",
            "outcome": "NO_SOURCE"
          },
          {
            "path": ":streams:upgrade-system-tests-38:checkstyleMain",
            "outcome": "NO_SOURCE"
          },
          {
            "path": ":streams:upgrade-system-tests-38:classes",
            "outcome": "UP_TO_DATE"
          },
          {
            "path": ":streams:upgrade-system-tests-38:compileJava",
            "outcome": "NO_SOURCE"
          },
          {
            "path": ":streams:upgrade-system-tests-38:processResources",
            "outcome": "NO_SOURCE"
          },
          {
            "path": ":streams:upgrade-system-tests-39:checkstyleMain",
            "outcome": "NO_SOURCE"
          },
          {
            "path": ":streams:upgrade-system-tests-39:classes",
            "outcome": "UP_TO_DATE"
          },
          {
            "path": ":streams:upgrade-system-tests-39:compileJava",
            "outcome": "NO_SOURCE"
          },
          {
            "path": ":streams:upgrade-system-tests-39:processResources",
            "outcome": "NO_SOURCE"
          },
          {
            "path": ":streams:upgrade-system-tests-40:checkstyleMain",
            "outcome": "NO_SOURCE"
          },
          {
            "path": ":streams:upgrade-system-tests-40:classes",
            "outcome": "UP_TO_DATE"
          },
          {
            "path": ":streams:upgrade-system-tests-40:compileJava",
            "outcome": "NO_SOURCE"
          },
          {
            "path": ":streams:upgrade-system-tests-40:processResources",
            "outcome": "NO_SOURCE"
          },
          {
            "path": ":streams:upgrade-system-tests-41:checkstyleMain",
            "outcome": "NO_SOURCE"
          },
          {
            "path": ":streams:upgrade-system-tests-41:classes",
            "outcome": "UP_TO_DATE"
          },
          {
            "path": ":streams:upgrade-system-tests-41:compileJava",
            "outcome": "NO_SOURCE"
          },
          {
            "path": ":streams:upgrade-system-tests-41:processResources",
            "outcome": "NO_SOURCE"
          },
          {
            "path": ":test-common:checkstyleMain",
            "outcome": "NO_SOURCE"
          },
          {
            "path": ":test-common:classes",
            "outcome": "UP_TO_DATE"
          },
          {
            "path": ":test-common:compileJava",
            "outcome": "NO_SOURCE"
          },
          {
            "path": ":test-common:processResources",
            "outcome": "NO_SOURCE"
          },
          {
            "path": ":test-common:test-common-internal-api:checkstyleMain",
            "outcome": "FROM_CACHE"
          },
          {
            "path": ":test-common:test-common-internal-api:classes",
            "outcome": "UP_TO_DATE"
          },
          {
            "path": ":test-common:test-common-internal-api:compileJava",
            "outcome": "FROM_CACHE"
          },
          {
            "path": ":test-common:test-common-internal-api:processResources",
            "outcome": "NO_SOURCE"
          },
          {
            "path": ":test-common:test-common-runtime:checkstyleMain",
            "outcome": "FROM_CACHE"
          },
          {
            "path": ":test-common:test-common-runtime:classes",
            "outcome": "EXECUTED"
          },
          {
            "path": ":test-common:test-common-runtime:compileJava",
            "outcome": "FROM_CACHE"
          },
          {
            "path": ":test-common:test-common-runtime:processResources",
            "outcome": "EXECUTED"
          },
          {
            "path": ":test-common:test-common-util:checkstyleMain",
            "outcome": "FROM_CACHE"
          },
          {
            "path": ":test-common:test-common-util:classes",
            "outcome": "EXECUTED"
          },
          {
            "path": ":test-common:test-common-util:compileJava",
            "outcome": "FROM_CACHE"
          },
          {
            "path": ":test-common:test-common-util:processResources",
            "outcome": "EXECUTED"
          },
          {
            "path": ":tools:checkstyleMain",
            "outcome": "FROM_CACHE"
          },
          {
            "path": ":tools:classes",
            "outcome": "UP_TO_DATE"
          },
          {
            "path": ":tools:compileJava",
            "outcome": "FROM_CACHE"
          },
          {
            "path": ":tools:processResources",
            "outcome": "NO_SOURCE"
          },
          {
            "path": ":tools:tools-api:checkstyleMain",
            "outcome": "FROM_CACHE"
          },
          {
            "path": ":tools:tools-api:classes",
            "outcome": "UP_TO_DATE"
          },
          {
            "path": ":tools:tools-api:compileJava",
            "outcome": "FROM_CACHE"
          },
          {
            "path": ":tools:tools-api:processResources",
            "outcome": "NO_SOURCE"
          },
          {
            "path": ":transaction-coordinator:checkstyleMain",
            "outcome": "FROM_CACHE"
          },
          {
            "path": ":transaction-coordinator:classes",
            "outcome": "EXECUTED"
          },
          {
            "path": ":transaction-coordinator:compileJava",
            "outcome": "FROM_CACHE"
          },
          {
            "path": ":transaction-coordinator:processMessages",
            "outcome": "FROM_CACHE"
          },
          {
            "path": ":transaction-coordinator:processResources",
            "outcome": "EXECUTED"
          },
          {
            "path": ":trogdor:checkstyleMain",
            "outcome": "FROM_CACHE"
          },
          {
            "path": ":trogdor:classes",
            "outcome": "UP_TO_DATE"
          },
          {
            "path": ":trogdor:compileJava",
            "outcome": "FROM_CACHE"
          },
          {
            "path": ":trogdor:processResources",
            "outcome": "NO_SOURCE"
          }
        ]
      },
      "candidateTaskOutcomes": {
        "total": 9,
        "executed": 5,
        "fromCache": 2,
        "upToDate": 1,
        "noSource": 1,
        "skipped": 0,
        "fingerprintSha256": "3b4f5ae086fdb19ab5346d7a725cd9c1bf2e4738837383d0f48304413cbe0aa2",
        "tasks": [
          {
            "path": ":clients:checkstyleMain",
            "outcome": "EXECUTED"
          },
          {
            "path": ":clients:classes",
            "outcome": "EXECUTED"
          },
          {
            "path": ":clients:compileJava",
            "outcome": "EXECUTED"
          },
          {
            "path": ":clients:processMessages",
            "outcome": "FROM_CACHE"
          },
          {
            "path": ":clients:processResources",
            "outcome": "EXECUTED"
          },
          {
            "path": ":generator:classes",
            "outcome": "UP_TO_DATE"
          },
          {
            "path": ":generator:compileJava",
            "outcome": "FROM_CACHE"
          },
          {
            "path": ":generator:jar",
            "outcome": "EXECUTED"
          },
          {
            "path": ":generator:processResources",
            "outcome": "NO_SOURCE"
          }
        ]
      },
      "controlHostPressure": {
        "available": true,
        "cpuSomeTotalUs": 9407128,
        "memorySomeTotalUs": 8036,
        "memoryFullTotalUs": 5557,
        "ioSomeTotalUs": 50073813,
        "ioFullTotalUs": 28178657
      },
      "candidateHostPressure": {
        "available": true,
        "cpuSomeTotalUs": 276710,
        "memorySomeTotalUs": 9379,
        "memoryFullTotalUs": 9343,
        "ioSomeTotalUs": 39739779,
        "ioFullTotalUs": 31692100
      }
    },
    {
      "pair": 8,
      "order": "CANDIDATE_FIRST",
      "controlDurationMs": 77715,
      "candidateDurationMs": 57745,
      "savedMs": 19970,
      "controlRequiredOutputSha256": "798f5262b6ac7cd280f6add96ce7b781aeed1a74a7851339ddfa17f6fc6edd75",
      "candidateRequiredOutputSha256": "798f5262b6ac7cd280f6add96ce7b781aeed1a74a7851339ddfa17f6fc6edd75",
      "requiredOutputCount": 2,
      "productAttributableFailure": false,
      "controlLogSha256": "6245e1342f2b13245094e6b311d459c16c00bb2a05551e4f12d694c03e468ed3",
      "candidateLogSha256": "8b8836e94867c3721a8f3e805647b79c22cc8894286eb9435e378f0a04b6cc24",
      "controlTaskOutcomes": {
        "total": 286,
        "executed": 57,
        "fromCache": 78,
        "upToDate": 45,
        "noSource": 106,
        "skipped": 0,
        "fingerprintSha256": "a8872da5863b9a918a72717a4223a0b927bb8f76689b3bc8e50d1b597d59f87a",
        "tasks": [
          {
            "path": ":clients:checkstyleMain",
            "outcome": "EXECUTED"
          },
          {
            "path": ":clients:classes",
            "outcome": "EXECUTED"
          },
          {
            "path": ":clients:clients-integration-tests:checkstyleMain",
            "outcome": "NO_SOURCE"
          },
          {
            "path": ":clients:clients-integration-tests:classes",
            "outcome": "UP_TO_DATE"
          },
          {
            "path": ":clients:clients-integration-tests:compileJava",
            "outcome": "NO_SOURCE"
          },
          {
            "path": ":clients:clients-integration-tests:processResources",
            "outcome": "NO_SOURCE"
          },
          {
            "path": ":clients:compileJava",
            "outcome": "EXECUTED"
          },
          {
            "path": ":clients:compileTestJava",
            "outcome": "FROM_CACHE"
          },
          {
            "path": ":clients:createVersionFile",
            "outcome": "EXECUTED"
          },
          {
            "path": ":clients:processMessages",
            "outcome": "FROM_CACHE"
          },
          {
            "path": ":clients:processResources",
            "outcome": "EXECUTED"
          },
          {
            "path": ":clients:processTestMessages",
            "outcome": "FROM_CACHE"
          },
          {
            "path": ":clients:processTestResources",
            "outcome": "EXECUTED"
          },
          {
            "path": ":clients:shadowJar",
            "outcome": "EXECUTED"
          },
          {
            "path": ":clients:testClasses",
            "outcome": "EXECUTED"
          },
          {
            "path": ":connect:api:checkstyleMain",
            "outcome": "FROM_CACHE"
          },
          {
            "path": ":connect:api:classes",
            "outcome": "EXECUTED"
          },
          {
            "path": ":connect:api:compileJava",
            "outcome": "FROM_CACHE"
          },
          {
            "path": ":connect:api:processResources",
            "outcome": "EXECUTED"
          },
          {
            "path": ":connect:basic-auth-extension:checkstyleMain",
            "outcome": "FROM_CACHE"
          },
          {
            "path": ":connect:basic-auth-extension:classes",
            "outcome": "EXECUTED"
          },
          {
            "path": ":connect:basic-auth-extension:compileJava",
            "outcome": "FROM_CACHE"
          },
          {
            "path": ":connect:basic-auth-extension:processResources",
            "outcome": "EXECUTED"
          },
          {
            "path": ":connect:checkstyleMain",
            "outcome": "NO_SOURCE"
          },
          {
            "path": ":connect:classes",
            "outcome": "UP_TO_DATE"
          },
          {
            "path": ":connect:compileJava",
            "outcome": "NO_SOURCE"
          },
          {
            "path": ":connect:file:checkstyleMain",
            "outcome": "FROM_CACHE"
          },
          {
            "path": ":connect:file:classes",
            "outcome": "EXECUTED"
          },
          {
            "path": ":connect:file:compileJava",
            "outcome": "FROM_CACHE"
          },
          {
            "path": ":connect:file:processResources",
            "outcome": "EXECUTED"
          },
          {
            "path": ":connect:json:checkstyleMain",
            "outcome": "FROM_CACHE"
          },
          {
            "path": ":connect:json:classes",
            "outcome": "EXECUTED"
          },
          {
            "path": ":connect:json:compileJava",
            "outcome": "FROM_CACHE"
          },
          {
            "path": ":connect:json:processResources",
            "outcome": "EXECUTED"
          },
          {
            "path": ":connect:mirror-client:checkstyleMain",
            "outcome": "FROM_CACHE"
          },
          {
            "path": ":connect:mirror-client:classes",
            "outcome": "UP_TO_DATE"
          },
          {
            "path": ":connect:mirror-client:compileJava",
            "outcome": "FROM_CACHE"
          },
          {
            "path": ":connect:mirror-client:processResources",
            "outcome": "NO_SOURCE"
          },
          {
            "path": ":connect:mirror:checkstyleMain",
            "outcome": "FROM_CACHE"
          },
          {
            "path": ":connect:mirror:classes",
            "outcome": "EXECUTED"
          },
          {
            "path": ":connect:mirror:compileJava",
            "outcome": "FROM_CACHE"
          },
          {
            "path": ":connect:mirror:processResources",
            "outcome": "EXECUTED"
          },
          {
            "path": ":connect:processResources",
            "outcome": "NO_SOURCE"
          },
          {
            "path": ":connect:runtime:checkstyleMain",
            "outcome": "FROM_CACHE"
          },
          {
            "path": ":connect:runtime:classes",
            "outcome": "EXECUTED"
          },
          {
            "path": ":connect:runtime:compileJava",
            "outcome": "FROM_CACHE"
          },
          {
            "path": ":connect:runtime:processResources",
            "outcome": "EXECUTED"
          },
          {
            "path": ":connect:test-plugins:checkstyleMain",
            "outcome": "FROM_CACHE"
          },
          {
            "path": ":connect:test-plugins:classes",
            "outcome": "EXECUTED"
          },
          {
            "path": ":connect:test-plugins:compileJava",
            "outcome": "FROM_CACHE"
          },
          {
            "path": ":connect:test-plugins:processResources",
            "outcome": "EXECUTED"
          },
          {
            "path": ":connect:transforms:checkstyleMain",
            "outcome": "FROM_CACHE"
          },
          {
            "path": ":connect:transforms:classes",
            "outcome": "EXECUTED"
          },
          {
            "path": ":connect:transforms:compileJava",
            "outcome": "FROM_CACHE"
          },
          {
            "path": ":connect:transforms:processResources",
            "outcome": "EXECUTED"
          },
          {
            "path": ":coordinator-common:checkstyleMain",
            "outcome": "FROM_CACHE"
          },
          {
            "path": ":coordinator-common:classes",
            "outcome": "UP_TO_DATE"
          },
          {
            "path": ":coordinator-common:compileJava",
            "outcome": "FROM_CACHE"
          },
          {
            "path": ":coordinator-common:compileTestJava",
            "outcome": "FROM_CACHE"
          },
          {
            "path": ":coordinator-common:processResources",
            "outcome": "NO_SOURCE"
          },
          {
            "path": ":coordinator-common:processTestResources",
            "outcome": "EXECUTED"
          },
          {
            "path": ":coordinator-common:testClasses",
            "outcome": "EXECUTED"
          },
          {
            "path": ":core:checkstyleMain",
            "outcome": "FROM_CACHE"
          },
          {
            "path": ":core:classes",
            "outcome": "UP_TO_DATE"
          },
          {
            "path": ":core:compileJava",
            "outcome": "NO_SOURCE"
          },
          {
            "path": ":core:compileScala",
            "outcome": "FROM_CACHE"
          },
          {
            "path": ":core:processResources",
            "outcome": "NO_SOURCE"
          },
          {
            "path": ":examples:checkstyleMain",
            "outcome": "FROM_CACHE"
          },
          {
            "path": ":examples:classes",
            "outcome": "UP_TO_DATE"
          },
          {
            "path": ":examples:compileJava",
            "outcome": "FROM_CACHE"
          },
          {
            "path": ":examples:processResources",
            "outcome": "NO_SOURCE"
          },
          {
            "path": ":generator:checkstyleMain",
            "outcome": "FROM_CACHE"
          },
          {
            "path": ":generator:classes",
            "outcome": "UP_TO_DATE"
          },
          {
            "path": ":generator:compileJava",
            "outcome": "FROM_CACHE"
          },
          {
            "path": ":generator:jar",
            "outcome": "EXECUTED"
          },
          {
            "path": ":generator:processResources",
            "outcome": "NO_SOURCE"
          },
          {
            "path": ":group-coordinator:checkstyleMain",
            "outcome": "FROM_CACHE"
          },
          {
            "path": ":group-coordinator:classes",
            "outcome": "EXECUTED"
          },
          {
            "path": ":group-coordinator:compileJava",
            "outcome": "FROM_CACHE"
          },
          {
            "path": ":group-coordinator:group-coordinator-api:checkstyleMain",
            "outcome": "FROM_CACHE"
          },
          {
            "path": ":group-coordinator:group-coordinator-api:classes",
            "outcome": "UP_TO_DATE"
          },
          {
            "path": ":group-coordinator:group-coordinator-api:compileJava",
            "outcome": "FROM_CACHE"
          },
          {
            "path": ":group-coordinator:group-coordinator-api:processResources",
            "outcome": "NO_SOURCE"
          },
          {
            "path": ":group-coordinator:processMessages",
            "outcome": "FROM_CACHE"
          },
          {
            "path": ":group-coordinator:processResources",
            "outcome": "EXECUTED"
          },
          {
            "path": ":jmh-benchmarks:checkstyleMain",
            "outcome": "EXECUTED"
          },
          {
            "path": ":jmh-benchmarks:classes",
            "outcome": "UP_TO_DATE"
          },
          {
            "path": ":jmh-benchmarks:compileJava",
            "outcome": "FROM_CACHE"
          },
          {
            "path": ":jmh-benchmarks:processResources",
            "outcome": "NO_SOURCE"
          },
          {
            "path": ":metadata:checkstyleMain",
            "outcome": "FROM_CACHE"
          },
          {
            "path": ":metadata:classes",
            "outcome": "EXECUTED"
          },
          {
            "path": ":metadata:compileJava",
            "outcome": "FROM_CACHE"
          },
          {
            "path": ":metadata:compileTestJava",
            "outcome": "FROM_CACHE"
          },
          {
            "path": ":metadata:processMessages",
            "outcome": "FROM_CACHE"
          },
          {
            "path": ":metadata:processResources",
            "outcome": "EXECUTED"
          },
          {
            "path": ":metadata:processTestResources",
            "outcome": "EXECUTED"
          },
          {
            "path": ":metadata:testClasses",
            "outcome": "EXECUTED"
          },
          {
            "path": ":raft:checkstyleMain",
            "outcome": "FROM_CACHE"
          },
          {
            "path": ":raft:classes",
            "outcome": "EXECUTED"
          },
          {
            "path": ":raft:compileJava",
            "outcome": "FROM_CACHE"
          },
          {
            "path": ":raft:compileTestJava",
            "outcome": "FROM_CACHE"
          },
          {
            "path": ":raft:processMessages",
            "outcome": "FROM_CACHE"
          },
          {
            "path": ":raft:processResources",
            "outcome": "EXECUTED"
          },
          {
            "path": ":raft:processTestResources",
            "outcome": "EXECUTED"
          },
          {
            "path": ":raft:testClasses",
            "outcome": "EXECUTED"
          },
          {
            "path": ":server-common:checkstyleMain",
            "outcome": "FROM_CACHE"
          },
          {
            "path": ":server-common:classes",
            "outcome": "UP_TO_DATE"
          },
          {
            "path": ":server-common:compileJava",
            "outcome": "FROM_CACHE"
          },
          {
            "path": ":server-common:compileTestJava",
            "outcome": "FROM_CACHE"
          },
          {
            "path": ":server-common:processResources",
            "outcome": "NO_SOURCE"
          },
          {
            "path": ":server-common:processTestResources",
            "outcome": "EXECUTED"
          },
          {
            "path": ":server-common:testClasses",
            "outcome": "EXECUTED"
          },
          {
            "path": ":server:checkstyleMain",
            "outcome": "FROM_CACHE"
          },
          {
            "path": ":server:classes",
            "outcome": "UP_TO_DATE"
          },
          {
            "path": ":server:compileJava",
            "outcome": "FROM_CACHE"
          },
          {
            "path": ":server:processResources",
            "outcome": "NO_SOURCE"
          },
          {
            "path": ":share-coordinator:checkstyleMain",
            "outcome": "FROM_CACHE"
          },
          {
            "path": ":share-coordinator:classes",
            "outcome": "EXECUTED"
          },
          {
            "path": ":share-coordinator:compileJava",
            "outcome": "FROM_CACHE"
          },
          {
            "path": ":share-coordinator:processMessages",
            "outcome": "FROM_CACHE"
          },
          {
            "path": ":share-coordinator:processResources",
            "outcome": "EXECUTED"
          },
          {
            "path": ":shell:checkstyleMain",
            "outcome": "FROM_CACHE"
          },
          {
            "path": ":shell:classes",
            "outcome": "UP_TO_DATE"
          },
          {
            "path": ":shell:compileJava",
            "outcome": "FROM_CACHE"
          },
          {
            "path": ":shell:processResources",
            "outcome": "NO_SOURCE"
          },
          {
            "path": ":storage:checkstyleMain",
            "outcome": "FROM_CACHE"
          },
          {
            "path": ":storage:classes",
            "outcome": "EXECUTED"
          },
          {
            "path": ":storage:compileJava",
            "outcome": "FROM_CACHE"
          },
          {
            "path": ":storage:processMessages",
            "outcome": "FROM_CACHE"
          },
          {
            "path": ":storage:processResources",
            "outcome": "EXECUTED"
          },
          {
            "path": ":storage:storage-api:checkstyleMain",
            "outcome": "FROM_CACHE"
          },
          {
            "path": ":storage:storage-api:classes",
            "outcome": "UP_TO_DATE"
          },
          {
            "path": ":storage:storage-api:compileJava",
            "outcome": "FROM_CACHE"
          },
          {
            "path": ":storage:storage-api:processResources",
            "outcome": "NO_SOURCE"
          },
          {
            "path": ":streams:checkstyleMain",
            "outcome": "EXECUTED"
          },
          {
            "path": ":streams:classes",
            "outcome": "EXECUTED"
          },
          {
            "path": ":streams:compileJava",
            "outcome": "FROM_CACHE"
          },
          {
            "path": ":streams:examples:checkstyleMain",
            "outcome": "EXECUTED"
          },
          {
            "path": ":streams:examples:classes",
            "outcome": "UP_TO_DATE"
          },
          {
            "path": ":streams:examples:compileJava",
            "outcome": "FROM_CACHE"
          },
          {
            "path": ":streams:examples:processResources",
            "outcome": "NO_SOURCE"
          },
          {
            "path": ":streams:integration-tests:checkstyleMain",
            "outcome": "NO_SOURCE"
          },
          {
            "path": ":streams:integration-tests:classes",
            "outcome": "UP_TO_DATE"
          },
          {
            "path": ":streams:integration-tests:compileJava",
            "outcome": "NO_SOURCE"
          },
          {
            "path": ":streams:integration-tests:compileScala",
            "outcome": "NO_SOURCE"
          },
          {
            "path": ":streams:integration-tests:processResources",
            "outcome": "NO_SOURCE"
          },
          {
            "path": ":streams:processMessages",
            "outcome": "FROM_CACHE"
          },
          {
            "path": ":streams:processResources",
            "outcome": "EXECUTED"
          },
          {
            "path": ":streams:streams-scala:checkstyleMain",
            "outcome": "NO_SOURCE"
          },
          {
            "path": ":streams:streams-scala:classes",
            "outcome": "EXECUTED"
          },
          {
            "path": ":streams:streams-scala:compileJava",
            "outcome": "NO_SOURCE"
          },
          {
            "path": ":streams:streams-scala:compileScala",
            "outcome": "EXECUTED"
          },
          {
            "path": ":streams:streams-scala:processResources",
            "outcome": "NO_SOURCE"
          },
          {
            "path": ":streams:test-utils:checkstyleMain",
            "outcome": "EXECUTED"
          },
          {
            "path": ":streams:test-utils:classes",
            "outcome": "UP_TO_DATE"
          },
          {
            "path": ":streams:test-utils:compileJava",
            "outcome": "FROM_CACHE"
          },
          {
            "path": ":streams:test-utils:processResources",
            "outcome": "NO_SOURCE"
          },
          {
            "path": ":streams:upgrade-system-tests-0110:checkstyleMain",
            "outcome": "NO_SOURCE"
          },
          {
            "path": ":streams:upgrade-system-tests-0110:classes",
            "outcome": "UP_TO_DATE"
          },
          {
            "path": ":streams:upgrade-system-tests-0110:compileJava",
            "outcome": "NO_SOURCE"
          },
          {
            "path": ":streams:upgrade-system-tests-0110:processResources",
            "outcome": "NO_SOURCE"
          },
          {
            "path": ":streams:upgrade-system-tests-10:checkstyleMain",
            "outcome": "NO_SOURCE"
          },
          {
            "path": ":streams:upgrade-system-tests-10:classes",
            "outcome": "UP_TO_DATE"
          },
          {
            "path": ":streams:upgrade-system-tests-10:compileJava",
            "outcome": "NO_SOURCE"
          },
          {
            "path": ":streams:upgrade-system-tests-10:processResources",
            "outcome": "NO_SOURCE"
          },
          {
            "path": ":streams:upgrade-system-tests-11:checkstyleMain",
            "outcome": "NO_SOURCE"
          },
          {
            "path": ":streams:upgrade-system-tests-11:classes",
            "outcome": "UP_TO_DATE"
          },
          {
            "path": ":streams:upgrade-system-tests-11:compileJava",
            "outcome": "NO_SOURCE"
          },
          {
            "path": ":streams:upgrade-system-tests-11:processResources",
            "outcome": "NO_SOURCE"
          },
          {
            "path": ":streams:upgrade-system-tests-20:checkstyleMain",
            "outcome": "NO_SOURCE"
          },
          {
            "path": ":streams:upgrade-system-tests-20:classes",
            "outcome": "UP_TO_DATE"
          },
          {
            "path": ":streams:upgrade-system-tests-20:compileJava",
            "outcome": "NO_SOURCE"
          },
          {
            "path": ":streams:upgrade-system-tests-20:processResources",
            "outcome": "NO_SOURCE"
          },
          {
            "path": ":streams:upgrade-system-tests-21:checkstyleMain",
            "outcome": "NO_SOURCE"
          },
          {
            "path": ":streams:upgrade-system-tests-21:classes",
            "outcome": "UP_TO_DATE"
          },
          {
            "path": ":streams:upgrade-system-tests-21:compileJava",
            "outcome": "NO_SOURCE"
          },
          {
            "path": ":streams:upgrade-system-tests-21:processResources",
            "outcome": "NO_SOURCE"
          },
          {
            "path": ":streams:upgrade-system-tests-22:checkstyleMain",
            "outcome": "NO_SOURCE"
          },
          {
            "path": ":streams:upgrade-system-tests-22:classes",
            "outcome": "UP_TO_DATE"
          },
          {
            "path": ":streams:upgrade-system-tests-22:compileJava",
            "outcome": "NO_SOURCE"
          },
          {
            "path": ":streams:upgrade-system-tests-22:processResources",
            "outcome": "NO_SOURCE"
          },
          {
            "path": ":streams:upgrade-system-tests-23:checkstyleMain",
            "outcome": "NO_SOURCE"
          },
          {
            "path": ":streams:upgrade-system-tests-23:classes",
            "outcome": "UP_TO_DATE"
          },
          {
            "path": ":streams:upgrade-system-tests-23:compileJava",
            "outcome": "NO_SOURCE"
          },
          {
            "path": ":streams:upgrade-system-tests-23:processResources",
            "outcome": "NO_SOURCE"
          },
          {
            "path": ":streams:upgrade-system-tests-24:checkstyleMain",
            "outcome": "NO_SOURCE"
          },
          {
            "path": ":streams:upgrade-system-tests-24:classes",
            "outcome": "UP_TO_DATE"
          },
          {
            "path": ":streams:upgrade-system-tests-24:compileJava",
            "outcome": "NO_SOURCE"
          },
          {
            "path": ":streams:upgrade-system-tests-24:processResources",
            "outcome": "NO_SOURCE"
          },
          {
            "path": ":streams:upgrade-system-tests-25:checkstyleMain",
            "outcome": "NO_SOURCE"
          },
          {
            "path": ":streams:upgrade-system-tests-25:classes",
            "outcome": "UP_TO_DATE"
          },
          {
            "path": ":streams:upgrade-system-tests-25:compileJava",
            "outcome": "NO_SOURCE"
          },
          {
            "path": ":streams:upgrade-system-tests-25:processResources",
            "outcome": "NO_SOURCE"
          },
          {
            "path": ":streams:upgrade-system-tests-26:checkstyleMain",
            "outcome": "NO_SOURCE"
          },
          {
            "path": ":streams:upgrade-system-tests-26:classes",
            "outcome": "UP_TO_DATE"
          },
          {
            "path": ":streams:upgrade-system-tests-26:compileJava",
            "outcome": "NO_SOURCE"
          },
          {
            "path": ":streams:upgrade-system-tests-26:processResources",
            "outcome": "NO_SOURCE"
          },
          {
            "path": ":streams:upgrade-system-tests-27:checkstyleMain",
            "outcome": "NO_SOURCE"
          },
          {
            "path": ":streams:upgrade-system-tests-27:classes",
            "outcome": "UP_TO_DATE"
          },
          {
            "path": ":streams:upgrade-system-tests-27:compileJava",
            "outcome": "NO_SOURCE"
          },
          {
            "path": ":streams:upgrade-system-tests-27:processResources",
            "outcome": "NO_SOURCE"
          },
          {
            "path": ":streams:upgrade-system-tests-28:checkstyleMain",
            "outcome": "NO_SOURCE"
          },
          {
            "path": ":streams:upgrade-system-tests-28:classes",
            "outcome": "UP_TO_DATE"
          },
          {
            "path": ":streams:upgrade-system-tests-28:compileJava",
            "outcome": "NO_SOURCE"
          },
          {
            "path": ":streams:upgrade-system-tests-28:processResources",
            "outcome": "NO_SOURCE"
          },
          {
            "path": ":streams:upgrade-system-tests-30:checkstyleMain",
            "outcome": "NO_SOURCE"
          },
          {
            "path": ":streams:upgrade-system-tests-30:classes",
            "outcome": "UP_TO_DATE"
          },
          {
            "path": ":streams:upgrade-system-tests-30:compileJava",
            "outcome": "NO_SOURCE"
          },
          {
            "path": ":streams:upgrade-system-tests-30:processResources",
            "outcome": "NO_SOURCE"
          },
          {
            "path": ":streams:upgrade-system-tests-31:checkstyleMain",
            "outcome": "NO_SOURCE"
          },
          {
            "path": ":streams:upgrade-system-tests-31:classes",
            "outcome": "UP_TO_DATE"
          },
          {
            "path": ":streams:upgrade-system-tests-31:compileJava",
            "outcome": "NO_SOURCE"
          },
          {
            "path": ":streams:upgrade-system-tests-31:processResources",
            "outcome": "NO_SOURCE"
          },
          {
            "path": ":streams:upgrade-system-tests-32:checkstyleMain",
            "outcome": "NO_SOURCE"
          },
          {
            "path": ":streams:upgrade-system-tests-32:classes",
            "outcome": "UP_TO_DATE"
          },
          {
            "path": ":streams:upgrade-system-tests-32:compileJava",
            "outcome": "NO_SOURCE"
          },
          {
            "path": ":streams:upgrade-system-tests-32:processResources",
            "outcome": "NO_SOURCE"
          },
          {
            "path": ":streams:upgrade-system-tests-33:checkstyleMain",
            "outcome": "NO_SOURCE"
          },
          {
            "path": ":streams:upgrade-system-tests-33:classes",
            "outcome": "UP_TO_DATE"
          },
          {
            "path": ":streams:upgrade-system-tests-33:compileJava",
            "outcome": "NO_SOURCE"
          },
          {
            "path": ":streams:upgrade-system-tests-33:processResources",
            "outcome": "NO_SOURCE"
          },
          {
            "path": ":streams:upgrade-system-tests-34:checkstyleMain",
            "outcome": "NO_SOURCE"
          },
          {
            "path": ":streams:upgrade-system-tests-34:classes",
            "outcome": "UP_TO_DATE"
          },
          {
            "path": ":streams:upgrade-system-tests-34:compileJava",
            "outcome": "NO_SOURCE"
          },
          {
            "path": ":streams:upgrade-system-tests-34:processResources",
            "outcome": "NO_SOURCE"
          },
          {
            "path": ":streams:upgrade-system-tests-35:checkstyleMain",
            "outcome": "NO_SOURCE"
          },
          {
            "path": ":streams:upgrade-system-tests-35:classes",
            "outcome": "UP_TO_DATE"
          },
          {
            "path": ":streams:upgrade-system-tests-35:compileJava",
            "outcome": "NO_SOURCE"
          },
          {
            "path": ":streams:upgrade-system-tests-35:processResources",
            "outcome": "NO_SOURCE"
          },
          {
            "path": ":streams:upgrade-system-tests-36:checkstyleMain",
            "outcome": "NO_SOURCE"
          },
          {
            "path": ":streams:upgrade-system-tests-36:classes",
            "outcome": "UP_TO_DATE"
          },
          {
            "path": ":streams:upgrade-system-tests-36:compileJava",
            "outcome": "NO_SOURCE"
          },
          {
            "path": ":streams:upgrade-system-tests-36:processResources",
            "outcome": "NO_SOURCE"
          },
          {
            "path": ":streams:upgrade-system-tests-37:checkstyleMain",
            "outcome": "NO_SOURCE"
          },
          {
            "path": ":streams:upgrade-system-tests-37:classes",
            "outcome": "UP_TO_DATE"
          },
          {
            "path": ":streams:upgrade-system-tests-37:compileJava",
            "outcome": "NO_SOURCE"
          },
          {
            "path": ":streams:upgrade-system-tests-37:processResources",
            "outcome": "NO_SOURCE"
          },
          {
            "path": ":streams:upgrade-system-tests-38:checkstyleMain",
            "outcome": "NO_SOURCE"
          },
          {
            "path": ":streams:upgrade-system-tests-38:classes",
            "outcome": "UP_TO_DATE"
          },
          {
            "path": ":streams:upgrade-system-tests-38:compileJava",
            "outcome": "NO_SOURCE"
          },
          {
            "path": ":streams:upgrade-system-tests-38:processResources",
            "outcome": "NO_SOURCE"
          },
          {
            "path": ":streams:upgrade-system-tests-39:checkstyleMain",
            "outcome": "NO_SOURCE"
          },
          {
            "path": ":streams:upgrade-system-tests-39:classes",
            "outcome": "UP_TO_DATE"
          },
          {
            "path": ":streams:upgrade-system-tests-39:compileJava",
            "outcome": "NO_SOURCE"
          },
          {
            "path": ":streams:upgrade-system-tests-39:processResources",
            "outcome": "NO_SOURCE"
          },
          {
            "path": ":streams:upgrade-system-tests-40:checkstyleMain",
            "outcome": "NO_SOURCE"
          },
          {
            "path": ":streams:upgrade-system-tests-40:classes",
            "outcome": "UP_TO_DATE"
          },
          {
            "path": ":streams:upgrade-system-tests-40:compileJava",
            "outcome": "NO_SOURCE"
          },
          {
            "path": ":streams:upgrade-system-tests-40:processResources",
            "outcome": "NO_SOURCE"
          },
          {
            "path": ":streams:upgrade-system-tests-41:checkstyleMain",
            "outcome": "NO_SOURCE"
          },
          {
            "path": ":streams:upgrade-system-tests-41:classes",
            "outcome": "UP_TO_DATE"
          },
          {
            "path": ":streams:upgrade-system-tests-41:compileJava",
            "outcome": "NO_SOURCE"
          },
          {
            "path": ":streams:upgrade-system-tests-41:processResources",
            "outcome": "NO_SOURCE"
          },
          {
            "path": ":test-common:checkstyleMain",
            "outcome": "NO_SOURCE"
          },
          {
            "path": ":test-common:classes",
            "outcome": "UP_TO_DATE"
          },
          {
            "path": ":test-common:compileJava",
            "outcome": "NO_SOURCE"
          },
          {
            "path": ":test-common:processResources",
            "outcome": "NO_SOURCE"
          },
          {
            "path": ":test-common:test-common-internal-api:checkstyleMain",
            "outcome": "FROM_CACHE"
          },
          {
            "path": ":test-common:test-common-internal-api:classes",
            "outcome": "UP_TO_DATE"
          },
          {
            "path": ":test-common:test-common-internal-api:compileJava",
            "outcome": "FROM_CACHE"
          },
          {
            "path": ":test-common:test-common-internal-api:processResources",
            "outcome": "NO_SOURCE"
          },
          {
            "path": ":test-common:test-common-runtime:checkstyleMain",
            "outcome": "FROM_CACHE"
          },
          {
            "path": ":test-common:test-common-runtime:classes",
            "outcome": "EXECUTED"
          },
          {
            "path": ":test-common:test-common-runtime:compileJava",
            "outcome": "FROM_CACHE"
          },
          {
            "path": ":test-common:test-common-runtime:processResources",
            "outcome": "EXECUTED"
          },
          {
            "path": ":test-common:test-common-util:checkstyleMain",
            "outcome": "FROM_CACHE"
          },
          {
            "path": ":test-common:test-common-util:classes",
            "outcome": "EXECUTED"
          },
          {
            "path": ":test-common:test-common-util:compileJava",
            "outcome": "FROM_CACHE"
          },
          {
            "path": ":test-common:test-common-util:processResources",
            "outcome": "EXECUTED"
          },
          {
            "path": ":tools:checkstyleMain",
            "outcome": "FROM_CACHE"
          },
          {
            "path": ":tools:classes",
            "outcome": "UP_TO_DATE"
          },
          {
            "path": ":tools:compileJava",
            "outcome": "FROM_CACHE"
          },
          {
            "path": ":tools:processResources",
            "outcome": "NO_SOURCE"
          },
          {
            "path": ":tools:tools-api:checkstyleMain",
            "outcome": "FROM_CACHE"
          },
          {
            "path": ":tools:tools-api:classes",
            "outcome": "UP_TO_DATE"
          },
          {
            "path": ":tools:tools-api:compileJava",
            "outcome": "FROM_CACHE"
          },
          {
            "path": ":tools:tools-api:processResources",
            "outcome": "NO_SOURCE"
          },
          {
            "path": ":transaction-coordinator:checkstyleMain",
            "outcome": "FROM_CACHE"
          },
          {
            "path": ":transaction-coordinator:classes",
            "outcome": "EXECUTED"
          },
          {
            "path": ":transaction-coordinator:compileJava",
            "outcome": "FROM_CACHE"
          },
          {
            "path": ":transaction-coordinator:processMessages",
            "outcome": "FROM_CACHE"
          },
          {
            "path": ":transaction-coordinator:processResources",
            "outcome": "EXECUTED"
          },
          {
            "path": ":trogdor:checkstyleMain",
            "outcome": "FROM_CACHE"
          },
          {
            "path": ":trogdor:classes",
            "outcome": "UP_TO_DATE"
          },
          {
            "path": ":trogdor:compileJava",
            "outcome": "FROM_CACHE"
          },
          {
            "path": ":trogdor:processResources",
            "outcome": "NO_SOURCE"
          }
        ]
      },
      "candidateTaskOutcomes": {
        "total": 9,
        "executed": 5,
        "fromCache": 2,
        "upToDate": 1,
        "noSource": 1,
        "skipped": 0,
        "fingerprintSha256": "3b4f5ae086fdb19ab5346d7a725cd9c1bf2e4738837383d0f48304413cbe0aa2",
        "tasks": [
          {
            "path": ":clients:checkstyleMain",
            "outcome": "EXECUTED"
          },
          {
            "path": ":clients:classes",
            "outcome": "EXECUTED"
          },
          {
            "path": ":clients:compileJava",
            "outcome": "EXECUTED"
          },
          {
            "path": ":clients:processMessages",
            "outcome": "FROM_CACHE"
          },
          {
            "path": ":clients:processResources",
            "outcome": "EXECUTED"
          },
          {
            "path": ":generator:classes",
            "outcome": "UP_TO_DATE"
          },
          {
            "path": ":generator:compileJava",
            "outcome": "FROM_CACHE"
          },
          {
            "path": ":generator:jar",
            "outcome": "EXECUTED"
          },
          {
            "path": ":generator:processResources",
            "outcome": "NO_SOURCE"
          }
        ]
      },
      "controlHostPressure": {
        "available": true,
        "cpuSomeTotalUs": 8126616,
        "memorySomeTotalUs": 941,
        "memoryFullTotalUs": 187,
        "ioSomeTotalUs": 45825903,
        "ioFullTotalUs": 25674303
      },
      "candidateHostPressure": {
        "available": true,
        "cpuSomeTotalUs": 196792,
        "memorySomeTotalUs": 727,
        "memoryFullTotalUs": 715,
        "ioSomeTotalUs": 39843628,
        "ioFullTotalUs": 32485509
      }
    }
  ],
  "fallback": {
    "mode": "FULL_GRAPH",
    "reason": "IMPACT_GLOBAL_CHANGE",
    "buildSuccessful": true
  },
  "result": {
    "pairs": 8,
    "controlMeanMs": 82474.75,
    "candidateMeanMs": 58802.5,
    "meanSavedMs": 23672.25,
    "reductionRatio": 0.287024210440165,
    "interval95SavedMs": [
      20351.375,
      27216
    ],
    "positivePairs": 8,
    "executionShapeObserved": true,
    "executionShapeStable": true,
    "targetWarmupShapeObserved": true,
    "targetWarmupShapeStable": true,
    "qualified": true,
    "decision": "QUALIFY_STRUCTURAL_PROFILE"
  },
  "boundaries": {
    "proofOfConcept": true,
    "productionAuthorized": false,
    "repositorySpecificRuleAdded": false,
    "testOptimizationModified": false
  }
}
