buildopt: warming isolated control arm at 4b5c92703c63966c3471242c621c4a63b382638d (cache seed 1/3)
buildopt: warmed isolated control arm cache seed in 254030ms with total:305/executed:128/from-cache:70/up-to-date:23/no-source:65/skipped:19/fingerprint:cf3398efc89473709edcd1b23375dbb6c14e67d359820442e8990d1bb952942b
buildopt: warming isolated control arm at 4b5c92703c63966c3471242c621c4a63b382638d (base daemon stabilization 2/3)
buildopt: warmed isolated control arm daemon stabilization in 13966ms with total:305/executed:108/from-cache:90/up-to-date:23/no-source:65/skipped:19/fingerprint:1394115c8e91572561c1f22f40b0192ebabe7f68f0d755aae33167b9d14747d2
buildopt: warming isolated control arm at 1ddf23d53ea5ccea988cc3f1f135670e22ea12ce (target-workload stabilization 3/3)
buildopt: warmed isolated control arm target workload in 17362ms with total:305/executed:109/from-cache:89/up-to-date:23/no-source:65/skipped:19/fingerprint:85399d45cd2d3615162148545d5babb68fb708dbdd29a2e2991b8e65724ce6a7
buildopt: warming isolated candidate arm at 4b5c92703c63966c3471242c621c4a63b382638d (cache seed 1/3)
buildopt: warmed isolated candidate arm cache seed in 146027ms with total:56/executed:17/from-cache:23/up-to-date:2/no-source:7/skipped:7/fingerprint:c479e89ec7d3660c48fa7588a45ceda3124653994ed97bc0f2993f2ec522f0ef
buildopt: warming isolated candidate arm at 4b5c92703c63966c3471242c621c4a63b382638d (base daemon stabilization 2/3)
buildopt: warmed isolated candidate arm daemon stabilization in 11296ms with total:56/executed:13/from-cache:27/up-to-date:2/no-source:7/skipped:7/fingerprint:ece5bcfe70b440068293c809f7cae0852a4653f03eea072df81857cf90557511
buildopt: warming isolated candidate arm at 1ddf23d53ea5ccea988cc3f1f135670e22ea12ce (target-workload stabilization 3/3)
buildopt: warmed isolated candidate arm target workload in 11457ms with total:56/executed:14/from-cache:26/up-to-date:2/no-source:7/skipped:7/fingerprint:af08640256e4ce968a02546a34fd5e7b170359e73fd1255332a0b813d6a2b3f6
buildopt: structural pair 1/8 control=14425ms candidate=10485ms saved=3940ms gap=0ms order=CONTROL_FIRST
buildopt: structural pair 1 task outcomes control=total:305/executed:109/from-cache:89/up-to-date:23/no-source:65/skipped:19/fingerprint:85399d45cd2d3615162148545d5babb68fb708dbdd29a2e2991b8e65724ce6a7 candidate=total:56/executed:14/from-cache:26/up-to-date:2/no-source:7/skipped:7/fingerprint:af08640256e4ce968a02546a34fd5e7b170359e73fd1255332a0b813d6a2b3f6
buildopt: structural pair 2/8 control=12958ms candidate=12581ms saved=377ms gap=0ms order=CANDIDATE_FIRST
buildopt: structural pair 2 task outcomes control=total:305/executed:109/from-cache:89/up-to-date:23/no-source:65/skipped:19/fingerprint:85399d45cd2d3615162148545d5babb68fb708dbdd29a2e2991b8e65724ce6a7 candidate=total:56/executed:14/from-cache:26/up-to-date:2/no-source:7/skipped:7/fingerprint:af08640256e4ce968a02546a34fd5e7b170359e73fd1255332a0b813d6a2b3f6
buildopt: structural pair 3/8 control=13822ms candidate=11809ms saved=2013ms gap=0ms order=CONTROL_FIRST
buildopt: structural pair 3 task outcomes control=total:305/executed:109/from-cache:89/up-to-date:23/no-source:65/skipped:19/fingerprint:85399d45cd2d3615162148545d5babb68fb708dbdd29a2e2991b8e65724ce6a7 candidate=total:56/executed:14/from-cache:26/up-to-date:2/no-source:7/skipped:7/fingerprint:af08640256e4ce968a02546a34fd5e7b170359e73fd1255332a0b813d6a2b3f6
buildopt: structural pair 4/8 control=12891ms candidate=10413ms saved=2478ms gap=0ms order=CANDIDATE_FIRST
buildopt: structural pair 4 task outcomes control=total:305/executed:109/from-cache:89/up-to-date:23/no-source:65/skipped:19/fingerprint:85399d45cd2d3615162148545d5babb68fb708dbdd29a2e2991b8e65724ce6a7 candidate=total:56/executed:14/from-cache:26/up-to-date:2/no-source:7/skipped:7/fingerprint:af08640256e4ce968a02546a34fd5e7b170359e73fd1255332a0b813d6a2b3f6
buildopt: structural pair 5/8 control=12733ms candidate=10771ms saved=1962ms gap=1ms order=CONTROL_FIRST
buildopt: structural pair 5 task outcomes control=total:305/executed:109/from-cache:89/up-to-date:23/no-source:65/skipped:19/fingerprint:85399d45cd2d3615162148545d5babb68fb708dbdd29a2e2991b8e65724ce6a7 candidate=total:56/executed:14/from-cache:26/up-to-date:2/no-source:7/skipped:7/fingerprint:af08640256e4ce968a02546a34fd5e7b170359e73fd1255332a0b813d6a2b3f6
buildopt: structural pair 6/8 control=13103ms candidate=10789ms saved=2314ms gap=0ms order=CANDIDATE_FIRST
buildopt: structural pair 6 task outcomes control=total:305/executed:109/from-cache:89/up-to-date:23/no-source:65/skipped:19/fingerprint:85399d45cd2d3615162148545d5babb68fb708dbdd29a2e2991b8e65724ce6a7 candidate=total:56/executed:14/from-cache:26/up-to-date:2/no-source:7/skipped:7/fingerprint:af08640256e4ce968a02546a34fd5e7b170359e73fd1255332a0b813d6a2b3f6
buildopt: structural pair 7/8 control=13101ms candidate=10337ms saved=2764ms gap=0ms order=CONTROL_FIRST
buildopt: structural pair 7 task outcomes control=total:305/executed:109/from-cache:89/up-to-date:23/no-source:65/skipped:19/fingerprint:85399d45cd2d3615162148545d5babb68fb708dbdd29a2e2991b8e65724ce6a7 candidate=total:56/executed:14/from-cache:26/up-to-date:2/no-source:7/skipped:7/fingerprint:af08640256e4ce968a02546a34fd5e7b170359e73fd1255332a0b813d6a2b3f6
buildopt: structural pair 8/8 control=12368ms candidate=10271ms saved=2097ms gap=0ms order=CANDIDATE_FIRST
buildopt: structural pair 8 task outcomes control=total:305/executed:109/from-cache:89/up-to-date:23/no-source:65/skipped:19/fingerprint:85399d45cd2d3615162148545d5babb68fb708dbdd29a2e2991b8e65724ce6a7 candidate=total:56/executed:14/from-cache:26/up-to-date:2/no-source:7/skipped:7/fingerprint:af08640256e4ce968a02546a34fd5e7b170359e73fd1255332a0b813d6a2b3f6
buildopt: validating full-graph fallback with --no-daemon and measured scheduling
buildopt: structural profile measurement decision QUALIFIED_EVIDENCE_WRITTEN; review buildopt-structural-evidence.json before evaluation
{
  "schemaVersion": "buildopt.evidence/structural-profile-qualification/v1",
  "evidenceState": "QUALIFIED",
  "capturedAt": "2026-08-12T22:12:43Z",
  "subject": {
    "repositoryId": "spring-projects/spring-framework",
    "repositoryRevision": "1ddf23d53ea5ccea988cc3f1f135670e22ea12ce",
    "pipelineClass": "test-classes"
  },
  "sourceBindings": {
    "manifestSha256": "4585ca6ffff6585bbd453200ac65b12cb00bc4ef44b5309cbc3841138512e0d7",
    "graphSha256": "6ca175d1dceff28fabe5b721fa2b8af736f421fc98735fcd90bbeef88c376c80",
    "generatedManifestSha256": "9c7a12afed7f588b04602b9300b546faceb48b0054e3f383f85cfd0f99a01153",
    "sourceEvidenceSha256": "619fbe12f910ed32fc295a4dfa6f6599c0c2906221e9b73bda97ed13bb42dc75"
  },
  "plan": {
    "alternativeId": "changed-projects",
    "entrypoints": [
      ":spring-jms:testClasses"
    ],
    "fallbackEntrypoints": [
      "testClasses"
    ],
    "requiredOutputs": [
      "spring-jms/build/classes/**"
    ],
    "totalProjectCount": 27,
    "selectedProjectCount": 10,
    "omittedProjectCount": 17,
    "omittedProjectRatio": 0.6296296296296297
  },
  "execution": {
    "candidateSurface": "INSTALLED_BUILDOPT_STRUCTURAL_IMPACT_ONLY",
    "buildoptRevision": "b8fd0f67598af50ee52eb8b11645a877836416db",
    "executableSha256": "565e1787ddcb27e81f5408158818b2e2445af38d0f083251415fb0a022640e87",
    "mechanisms": [
      "BUILD_IMPACT"
    ],
    "gradleOptions": [
      "--daemon",
      "--build-cache",
      "--parallel",
      "--no-configuration-cache",
      "--console=plain",
      "--no-scan",
      "--max-workers=12"
    ],
    "launcherOverheadIncluded": true,
    "warmupsPerArm": 3,
    "controlWarmups": [
      {
        "phase": "CACHE_SEED",
        "durationMs": 254030,
        "logSha256": "497609b8ed7451831ae682478fdbced05d25d42e9a5a535552caa75193da6e81",
        "taskOutcomes": {
          "total": 305,
          "executed": 128,
          "fromCache": 70,
          "upToDate": 23,
          "noSource": 65,
          "skipped": 19,
          "fingerprintSha256": "cf3398efc89473709edcd1b23375dbb6c14e67d359820442e8990d1bb952942b",
          "tasks": [
            {
              "path": ":buildSrc:check",
              "outcome": "UP_TO_DATE"
            },
            {
              "path": ":buildSrc:checkstyleMain",
              "outcome": "FROM_CACHE"
            },
            {
              "path": ":buildSrc:checkstyleTest",
              "outcome": "FROM_CACHE"
            },
            {
              "path": ":buildSrc:classes",
              "outcome": "EXECUTED"
            },
            {
              "path": ":buildSrc:compileGroovy",
              "outcome": "NO_SOURCE"
            },
            {
              "path": ":buildSrc:compileJava",
              "outcome": "FROM_CACHE"
            },
            {
              "path": ":buildSrc:compileTestGroovy",
              "outcome": "NO_SOURCE"
            },
            {
              "path": ":buildSrc:compileTestJava",
              "outcome": "FROM_CACHE"
            },
            {
              "path": ":buildSrc:jar",
              "outcome": "EXECUTED"
            },
            {
              "path": ":buildSrc:pluginDescriptors",
              "outcome": "EXECUTED"
            },
            {
              "path": ":buildSrc:pluginUnderTestMetadata",
              "outcome": "EXECUTED"
            },
            {
              "path": ":buildSrc:processResources",
              "outcome": "EXECUTED"
            },
            {
              "path": ":buildSrc:processTestResources",
              "outcome": "NO_SOURCE"
            },
            {
              "path": ":buildSrc:test",
              "outcome": "FROM_CACHE"
            },
            {
              "path": ":buildSrc:testClasses",
              "outcome": "UP_TO_DATE"
            },
            {
              "path": ":buildSrc:validatePlugins",
              "outcome": "FROM_CACHE"
            },
            {
              "path": ":classes",
              "outcome": "UP_TO_DATE"
            },
            {
              "path": ":compileJava",
              "outcome": "NO_SOURCE"
            },
            {
              "path": ":compileTestFixturesJava",
              "outcome": "NO_SOURCE"
            },
            {
              "path": ":compileTestJava",
              "outcome": "NO_SOURCE"
            },
            {
              "path": ":framework-docs:checkKotlinGradlePluginConfigurationErrors",
              "outcome": "SKIPPED"
            },
            {
              "path": ":framework-docs:classes",
              "outcome": "EXECUTED"
            },
            {
              "path": ":framework-docs:compileJava",
              "outcome": "EXECUTED"
            },
            {
              "path": ":framework-docs:compileKotlin",
              "outcome": "EXECUTED"
            },
            {
              "path": ":framework-docs:compileTestJava",
              "outcome": "NO_SOURCE"
            },
            {
              "path": ":framework-docs:compileTestKotlin",
              "outcome": "NO_SOURCE"
            },
            {
              "path": ":framework-docs:jar",
              "outcome": "SKIPPED"
            },
            {
              "path": ":framework-docs:processResources",
              "outcome": "EXECUTED"
            },
            {
              "path": ":framework-docs:processTestResources",
              "outcome": "NO_SOURCE"
            },
            {
              "path": ":framework-docs:testClasses",
              "outcome": "UP_TO_DATE"
            },
            {
              "path": ":integration-tests:checkKotlinGradlePluginConfigurationErrors",
              "outcome": "SKIPPED"
            },
            {
              "path": ":integration-tests:classes",
              "outcome": "UP_TO_DATE"
            },
            {
              "path": ":integration-tests:compileJava",
              "outcome": "NO_SOURCE"
            },
            {
              "path": ":integration-tests:compileKotlin",
              "outcome": "NO_SOURCE"
            },
            {
              "path": ":integration-tests:compileTestFixturesJava",
              "outcome": "NO_SOURCE"
            },
            {
              "path": ":integration-tests:compileTestFixturesKotlin",
              "outcome": "NO_SOURCE"
            },
            {
              "path": ":integration-tests:compileTestJava",
              "outcome": "FROM_CACHE"
            },
            {
              "path": ":integration-tests:compileTestKotlin",
              "outcome": "FROM_CACHE"
            },
            {
              "path": ":integration-tests:jar",
              "outcome": "EXECUTED"
            },
            {
              "path": ":integration-tests:processResources",
              "outcome": "NO_SOURCE"
            },
            {
              "path": ":integration-tests:processTestFixturesResources",
              "outcome": "NO_SOURCE"
            },
            {
              "path": ":integration-tests:processTestResources",
              "outcome": "EXECUTED"
            },
            {
              "path": ":integration-tests:testClasses",
              "outcome": "EXECUTED"
            },
            {
              "path": ":integration-tests:testFixturesClasses",
              "outcome": "UP_TO_DATE"
            },
            {
              "path": ":integration-tests:testFixturesJar",
              "outcome": "EXECUTED"
            },
            {
              "path": ":jar",
              "outcome": "EXECUTED"
            },
            {
              "path": ":processResources",
              "outcome": "NO_SOURCE"
            },
            {
              "path": ":processTestResources",
              "outcome": "NO_SOURCE"
            },
            {
              "path": ":spring-aop:checkKotlinGradlePluginConfigurationErrors",
              "outcome": "SKIPPED"
            },
            {
              "path": ":spring-aop:classes",
              "outcome": "EXECUTED"
            },
            {
              "path": ":spring-aop:compileJava",
              "outcome": "FROM_CACHE"
            },
            {
              "path": ":spring-aop:compileKotlin",
              "outcome": "NO_SOURCE"
            },
            {
              "path": ":spring-aop:compileTestFixturesJava",
              "outcome": "FROM_CACHE"
            },
            {
              "path": ":spring-aop:compileTestFixturesKotlin",
              "outcome": "NO_SOURCE"
            },
            {
              "path": ":spring-aop:compileTestJava",
              "outcome": "FROM_CACHE"
            },
            {
              "path": ":spring-aop:compileTestKotlin",
              "outcome": "FROM_CACHE"
            },
            {
              "path": ":spring-aop:jar",
              "outcome": "EXECUTED"
            },
            {
              "path": ":spring-aop:processResources",
              "outcome": "EXECUTED"
            },
            {
              "path": ":spring-aop:processTestFixturesResources",
              "outcome": "NO_SOURCE"
            },
            {
              "path": ":spring-aop:processTestResources",
              "outcome": "EXECUTED"
            },
            {
              "path": ":spring-aop:testClasses",
              "outcome": "EXECUTED"
            },
            {
              "path": ":spring-aop:testFixturesClasses",
              "outcome": "UP_TO_DATE"
            },
            {
              "path": ":spring-aop:testFixturesJar",
              "outcome": "EXECUTED"
            },
            {
              "path": ":spring-aspects:classes",
              "outcome": "EXECUTED"
            },
            {
              "path": ":spring-aspects:compileAspectj",
              "outcome": "FROM_CACHE"
            },
            {
              "path": ":spring-aspects:compileJava",
              "outcome": "SKIPPED"
            },
            {
              "path": ":spring-aspects:compileTestAspectj",
              "outcome": "FROM_CACHE"
            },
            {
              "path": ":spring-aspects:compileTestFixturesAspectj",
              "outcome": "NO_SOURCE"
            },
            {
              "path": ":spring-aspects:compileTestFixturesJava",
              "outcome": "SKIPPED"
            },
            {
              "path": ":spring-aspects:compileTestJava",
              "outcome": "SKIPPED"
            },
            {
              "path": ":spring-aspects:processResources",
              "outcome": "EXECUTED"
            },
            {
              "path": ":spring-aspects:processTestResources",
              "outcome": "EXECUTED"
            },
            {
              "path": ":spring-aspects:testClasses",
              "outcome": "EXECUTED"
            },
            {
              "path": ":spring-beans:checkKotlinGradlePluginConfigurationErrors",
              "outcome": "SKIPPED"
            },
            {
              "path": ":spring-beans:classes",
              "outcome": "EXECUTED"
            },
            {
              "path": ":spring-beans:compileJava",
              "outcome": "FROM_CACHE"
            },
            {
              "path": ":spring-beans:compileKotlin",
              "outcome": "FROM_CACHE"
            },
            {
              "path": ":spring-beans:compileTestFixturesJava",
              "outcome": "FROM_CACHE"
            },
            {
              "path": ":spring-beans:compileTestFixturesKotlin",
              "outcome": "FROM_CACHE"
            },
            {
              "path": ":spring-beans:compileTestJava",
              "outcome": "FROM_CACHE"
            },
            {
              "path": ":spring-beans:compileTestKotlin",
              "outcome": "FROM_CACHE"
            },
            {
              "path": ":spring-beans:jar",
              "outcome": "EXECUTED"
            },
            {
              "path": ":spring-beans:processResources",
              "outcome": "EXECUTED"
            },
            {
              "path": ":spring-beans:processTestFixturesResources",
              "outcome": "EXECUTED"
            },
            {
              "path": ":spring-beans:processTestResources",
              "outcome": "EXECUTED"
            },
            {
              "path": ":spring-beans:testClasses",
              "outcome": "EXECUTED"
            },
            {
              "path": ":spring-beans:testFixturesClasses",
              "outcome": "EXECUTED"
            },
            {
              "path": ":spring-beans:testFixturesJar",
              "outcome": "EXECUTED"
            },
            {
              "path": ":spring-context-indexer:compileJava",
              "outcome": "FROM_CACHE"
            },
            {
              "path": ":spring-context-indexer:compileTestFixturesJava",
              "outcome": "NO_SOURCE"
            },
            {
              "path": ":spring-context-indexer:compileTestJava",
              "outcome": "FROM_CACHE"
            },
            {
              "path": ":spring-context-indexer:processTestResources",
              "outcome": "NO_SOURCE"
            },
            {
              "path": ":spring-context-indexer:testClasses",
              "outcome": "UP_TO_DATE"
            },
            {
              "path": ":spring-context-support:compileJava",
              "outcome": "FROM_CACHE"
            },
            {
              "path": ":spring-context-support:compileTestFixturesJava",
              "outcome": "FROM_CACHE"
            },
            {
              "path": ":spring-context-support:compileTestJava",
              "outcome": "FROM_CACHE"
            },
            {
              "path": ":spring-context-support:processTestResources",
              "outcome": "EXECUTED"
            },
            {
              "path": ":spring-context-support:testClasses",
              "outcome": "EXECUTED"
            },
            {
              "path": ":spring-context:checkKotlinGradlePluginConfigurationErrors",
              "outcome": "SKIPPED"
            },
            {
              "path": ":spring-context:classes",
              "outcome": "EXECUTED"
            },
            {
              "path": ":spring-context:compileJava",
              "outcome": "FROM_CACHE"
            },
            {
              "path": ":spring-context:compileKotlin",
              "outcome": "FROM_CACHE"
            },
            {
              "path": ":spring-context:compileTestFixturesJava",
              "outcome": "FROM_CACHE"
            },
            {
              "path": ":spring-context:compileTestFixturesKotlin",
              "outcome": "NO_SOURCE"
            },
            {
              "path": ":spring-context:compileTestJava",
              "outcome": "FROM_CACHE"
            },
            {
              "path": ":spring-context:compileTestKotlin",
              "outcome": "FROM_CACHE"
            },
            {
              "path": ":spring-context:jar",
              "outcome": "EXECUTED"
            },
            {
              "path": ":spring-context:processResources",
              "outcome": "EXECUTED"
            },
            {
              "path": ":spring-context:processTestFixturesResources",
              "outcome": "NO_SOURCE"
            },
            {
              "path": ":spring-context:processTestResources",
              "outcome": "EXECUTED"
            },
            {
              "path": ":spring-context:testClasses",
              "outcome": "EXECUTED"
            },
            {
              "path": ":spring-context:testFixturesClasses",
              "outcome": "UP_TO_DATE"
            },
            {
              "path": ":spring-context:testFixturesJar",
              "outcome": "EXECUTED"
            },
            {
              "path": ":spring-core-test:compileJava",
              "outcome": "FROM_CACHE"
            },
            {
              "path": ":spring-core-test:compileTestFixturesJava",
              "outcome": "NO_SOURCE"
            },
            {
              "path": ":spring-core-test:compileTestJava",
              "outcome": "FROM_CACHE"
            },
            {
              "path": ":spring-core-test:processTestResources",
              "outcome": "EXECUTED"
            },
            {
              "path": ":spring-core-test:testClasses",
              "outcome": "EXECUTED"
            },
            {
              "path": ":spring-core:checkKotlinGradlePluginConfigurationErrors",
              "outcome": "SKIPPED"
            },
            {
              "path": ":spring-core:classes",
              "outcome": "EXECUTED"
            },
            {
              "path": ":spring-core:compileJava",
              "outcome": "FROM_CACHE"
            },
            {
              "path": ":spring-core:compileJava21Java",
              "outcome": "FROM_CACHE"
            },
            {
              "path": ":spring-core:compileJava21Kotlin",
              "outcome": "NO_SOURCE"
            },
            {
              "path": ":spring-core:compileJava24Java",
              "outcome": "FROM_CACHE"
            },
            {
              "path": ":spring-core:compileJava24Kotlin",
              "outcome": "NO_SOURCE"
            },
            {
              "path": ":spring-core:compileKotlin",
              "outcome": "FROM_CACHE"
            },
            {
              "path": ":spring-core:compileTestFixturesJava",
              "outcome": "FROM_CACHE"
            },
            {
              "path": ":spring-core:compileTestFixturesKotlin",
              "outcome": "NO_SOURCE"
            },
            {
              "path": ":spring-core:compileTestJava",
              "outcome": "FROM_CACHE"
            },
            {
              "path": ":spring-core:compileTestKotlin",
              "outcome": "FROM_CACHE"
            },
            {
              "path": ":spring-core:jar",
              "outcome": "EXECUTED"
            },
            {
              "path": ":spring-core:java21Classes",
              "outcome": "UP_TO_DATE"
            },
            {
              "path": ":spring-core:java24Classes",
              "outcome": "UP_TO_DATE"
            },
            {
              "path": ":spring-core:javapoetRepackJar",
              "outcome": "FROM_CACHE"
            },
            {
              "path": ":spring-core:objenesisRepackJar",
              "outcome": "FROM_CACHE"
            },
            {
              "path": ":spring-core:processJava21Resources",
              "outcome": "NO_SOURCE"
            },
            {
              "path": ":spring-core:processJava24Resources",
              "outcome": "NO_SOURCE"
            },
            {
              "path": ":spring-core:processResources",
              "outcome": "EXECUTED"
            },
            {
              "path": ":spring-core:processTestFixturesResources",
              "outcome": "NO_SOURCE"
            },
            {
              "path": ":spring-core:processTestResources",
              "outcome": "EXECUTED"
            },
            {
              "path": ":spring-core:testClasses",
              "outcome": "EXECUTED"
            },
            {
              "path": ":spring-core:testFixturesClasses",
              "outcome": "UP_TO_DATE"
            },
            {
              "path": ":spring-core:testFixturesJar",
              "outcome": "EXECUTED"
            },
            {
              "path": ":spring-expression:checkKotlinGradlePluginConfigurationErrors",
              "outcome": "SKIPPED"
            },
            {
              "path": ":spring-expression:classes",
              "outcome": "UP_TO_DATE"
            },
            {
              "path": ":spring-expression:compileJava",
              "outcome": "FROM_CACHE"
            },
            {
              "path": ":spring-expression:compileKotlin",
              "outcome": "NO_SOURCE"
            },
            {
              "path": ":spring-expression:compileTestFixturesJava",
              "outcome": "NO_SOURCE"
            },
            {
              "path": ":spring-expression:compileTestFixturesKotlin",
              "outcome": "NO_SOURCE"
            },
            {
              "path": ":spring-expression:compileTestJava",
              "outcome": "FROM_CACHE"
            },
            {
              "path": ":spring-expression:compileTestKotlin",
              "outcome": "FROM_CACHE"
            },
            {
              "path": ":spring-expression:jar",
              "outcome": "EXECUTED"
            },
            {
              "path": ":spring-expression:processResources",
              "outcome": "NO_SOURCE"
            },
            {
              "path": ":spring-expression:processTestFixturesResources",
              "outcome": "NO_SOURCE"
            },
            {
              "path": ":spring-expression:processTestResources",
              "outcome": "EXECUTED"
            },
            {
              "path": ":spring-expression:testClasses",
              "outcome": "EXECUTED"
            },
            {
              "path": ":spring-expression:testFixturesClasses",
              "outcome": "UP_TO_DATE"
            },
            {
              "path": ":spring-expression:testFixturesJar",
              "outcome": "EXECUTED"
            },
            {
              "path": ":spring-instrument:compileJava",
              "outcome": "FROM_CACHE"
            },
            {
              "path": ":spring-instrument:compileTestFixturesJava",
              "outcome": "NO_SOURCE"
            },
            {
              "path": ":spring-instrument:compileTestJava",
              "outcome": "NO_SOURCE"
            },
            {
              "path": ":spring-instrument:processTestResources",
              "outcome": "NO_SOURCE"
            },
            {
              "path": ":spring-instrument:testClasses",
              "outcome": "UP_TO_DATE"
            },
            {
              "path": ":spring-jdbc:checkKotlinGradlePluginConfigurationErrors",
              "outcome": "SKIPPED"
            },
            {
              "path": ":spring-jdbc:classes",
              "outcome": "EXECUTED"
            },
            {
              "path": ":spring-jdbc:compileJava",
              "outcome": "FROM_CACHE"
            },
            {
              "path": ":spring-jdbc:compileKotlin",
              "outcome": "FROM_CACHE"
            },
            {
              "path": ":spring-jdbc:compileTestFixturesJava",
              "outcome": "NO_SOURCE"
            },
            {
              "path": ":spring-jdbc:compileTestFixturesKotlin",
              "outcome": "NO_SOURCE"
            },
            {
              "path": ":spring-jdbc:compileTestJava",
              "outcome": "FROM_CACHE"
            },
            {
              "path": ":spring-jdbc:compileTestKotlin",
              "outcome": "FROM_CACHE"
            },
            {
              "path": ":spring-jdbc:jar",
              "outcome": "EXECUTED"
            },
            {
              "path": ":spring-jdbc:processResources",
              "outcome": "EXECUTED"
            },
            {
              "path": ":spring-jdbc:processTestFixturesResources",
              "outcome": "NO_SOURCE"
            },
            {
              "path": ":spring-jdbc:processTestResources",
              "outcome": "EXECUTED"
            },
            {
              "path": ":spring-jdbc:testClasses",
              "outcome": "EXECUTED"
            },
            {
              "path": ":spring-jdbc:testFixturesClasses",
              "outcome": "UP_TO_DATE"
            },
            {
              "path": ":spring-jdbc:testFixturesJar",
              "outcome": "EXECUTED"
            },
            {
              "path": ":spring-jms:compileJava",
              "outcome": "EXECUTED"
            },
            {
              "path": ":spring-jms:compileTestFixturesJava",
              "outcome": "NO_SOURCE"
            },
            {
              "path": ":spring-jms:compileTestJava",
              "outcome": "EXECUTED"
            },
            {
              "path": ":spring-jms:processTestResources",
              "outcome": "EXECUTED"
            },
            {
              "path": ":spring-jms:testClasses",
              "outcome": "EXECUTED"
            },
            {
              "path": ":spring-messaging:checkKotlinGradlePluginConfigurationErrors",
              "outcome": "SKIPPED"
            },
            {
              "path": ":spring-messaging:classes",
              "outcome": "EXECUTED"
            },
            {
              "path": ":spring-messaging:compileJava",
              "outcome": "EXECUTED"
            },
            {
              "path": ":spring-messaging:compileKotlin",
              "outcome": "EXECUTED"
            },
            {
              "path": ":spring-messaging:compileTestFixturesJava",
              "outcome": "NO_SOURCE"
            },
            {
              "path": ":spring-messaging:compileTestFixturesKotlin",
              "outcome": "NO_SOURCE"
            },
            {
              "path": ":spring-messaging:compileTestJava",
              "outcome": "EXECUTED"
            },
            {
              "path": ":spring-messaging:compileTestKotlin",
              "outcome": "EXECUTED"
            },
            {
              "path": ":spring-messaging:jar",
              "outcome": "EXECUTED"
            },
            {
              "path": ":spring-messaging:processResources",
              "outcome": "EXECUTED"
            },
            {
              "path": ":spring-messaging:processTestFixturesResources",
              "outcome": "NO_SOURCE"
            },
            {
              "path": ":spring-messaging:processTestResources",
              "outcome": "EXECUTED"
            },
            {
              "path": ":spring-messaging:testClasses",
              "outcome": "EXECUTED"
            },
            {
              "path": ":spring-messaging:testFixturesClasses",
              "outcome": "UP_TO_DATE"
            },
            {
              "path": ":spring-messaging:testFixturesJar",
              "outcome": "EXECUTED"
            },
            {
              "path": ":spring-orm:compileJava",
              "outcome": "FROM_CACHE"
            },
            {
              "path": ":spring-orm:compileTestFixturesJava",
              "outcome": "NO_SOURCE"
            },
            {
              "path": ":spring-orm:compileTestJava",
              "outcome": "FROM_CACHE"
            },
            {
              "path": ":spring-orm:processTestResources",
              "outcome": "EXECUTED"
            },
            {
              "path": ":spring-orm:testClasses",
              "outcome": "EXECUTED"
            },
            {
              "path": ":spring-oxm:compileJava",
              "outcome": "FROM_CACHE"
            },
            {
              "path": ":spring-oxm:compileTestFixturesJava",
              "outcome": "NO_SOURCE"
            },
            {
              "path": ":spring-oxm:compileTestJava",
              "outcome": "FROM_CACHE"
            },
            {
              "path": ":spring-oxm:processTestResources",
              "outcome": "EXECUTED"
            },
            {
              "path": ":spring-oxm:testClasses",
              "outcome": "EXECUTED"
            },
            {
              "path": ":spring-oxm:xjc",
              "outcome": "FROM_CACHE"
            },
            {
              "path": ":spring-r2dbc:checkKotlinGradlePluginConfigurationErrors",
              "outcome": "SKIPPED"
            },
            {
              "path": ":spring-r2dbc:classes",
              "outcome": "EXECUTED"
            },
            {
              "path": ":spring-r2dbc:compileJava",
              "outcome": "FROM_CACHE"
            },
            {
              "path": ":spring-r2dbc:compileKotlin",
              "outcome": "FROM_CACHE"
            },
            {
              "path": ":spring-r2dbc:compileTestFixturesJava",
              "outcome": "NO_SOURCE"
            },
            {
              "path": ":spring-r2dbc:compileTestFixturesKotlin",
              "outcome": "NO_SOURCE"
            },
            {
              "path": ":spring-r2dbc:compileTestJava",
              "outcome": "FROM_CACHE"
            },
            {
              "path": ":spring-r2dbc:compileTestKotlin",
              "outcome": "FROM_CACHE"
            },
            {
              "path": ":spring-r2dbc:jar",
              "outcome": "EXECUTED"
            },
            {
              "path": ":spring-r2dbc:processResources",
              "outcome": "EXECUTED"
            },
            {
              "path": ":spring-r2dbc:processTestFixturesResources",
              "outcome": "NO_SOURCE"
            },
            {
              "path": ":spring-r2dbc:processTestResources",
              "outcome": "EXECUTED"
            },
            {
              "path": ":spring-r2dbc:testClasses",
              "outcome": "EXECUTED"
            },
            {
              "path": ":spring-r2dbc:testFixturesClasses",
              "outcome": "UP_TO_DATE"
            },
            {
              "path": ":spring-r2dbc:testFixturesJar",
              "outcome": "EXECUTED"
            },
            {
              "path": ":spring-test:checkKotlinGradlePluginConfigurationErrors",
              "outcome": "SKIPPED"
            },
            {
              "path": ":spring-test:classes",
              "outcome": "EXECUTED"
            },
            {
              "path": ":spring-test:compileJava",
              "outcome": "FROM_CACHE"
            },
            {
              "path": ":spring-test:compileKotlin",
              "outcome": "FROM_CACHE"
            },
            {
              "path": ":spring-test:compileTestFixturesJava",
              "outcome": "NO_SOURCE"
            },
            {
              "path": ":spring-test:compileTestFixturesKotlin",
              "outcome": "NO_SOURCE"
            },
            {
              "path": ":spring-test:compileTestJava",
              "outcome": "EXECUTED"
            },
            {
              "path": ":spring-test:compileTestKotlin",
              "outcome": "EXECUTED"
            },
            {
              "path": ":spring-test:jar",
              "outcome": "EXECUTED"
            },
            {
              "path": ":spring-test:processResources",
              "outcome": "EXECUTED"
            },
            {
              "path": ":spring-test:processTestFixturesResources",
              "outcome": "NO_SOURCE"
            },
            {
              "path": ":spring-test:processTestResources",
              "outcome": "EXECUTED"
            },
            {
              "path": ":spring-test:testClasses",
              "outcome": "EXECUTED"
            },
            {
              "path": ":spring-test:testFixturesClasses",
              "outcome": "UP_TO_DATE"
            },
            {
              "path": ":spring-test:testFixturesJar",
              "outcome": "EXECUTED"
            },
            {
              "path": ":spring-tx:checkKotlinGradlePluginConfigurationErrors",
              "outcome": "SKIPPED"
            },
            {
              "path": ":spring-tx:classes",
              "outcome": "EXECUTED"
            },
            {
              "path": ":spring-tx:compileJava",
              "outcome": "FROM_CACHE"
            },
            {
              "path": ":spring-tx:compileKotlin",
              "outcome": "FROM_CACHE"
            },
            {
              "path": ":spring-tx:compileTestFixturesJava",
              "outcome": "FROM_CACHE"
            },
            {
              "path": ":spring-tx:compileTestFixturesKotlin",
              "outcome": "NO_SOURCE"
            },
            {
              "path": ":spring-tx:compileTestJava",
              "outcome": "FROM_CACHE"
            },
            {
              "path": ":spring-tx:compileTestKotlin",
              "outcome": "FROM_CACHE"
            },
            {
              "path": ":spring-tx:jar",
              "outcome": "EXECUTED"
            },
            {
              "path": ":spring-tx:processResources",
              "outcome": "EXECUTED"
            },
            {
              "path": ":spring-tx:processTestFixturesResources",
              "outcome": "NO_SOURCE"
            },
            {
              "path": ":spring-tx:processTestResources",
              "outcome": "EXECUTED"
            },
            {
              "path": ":spring-tx:testClasses",
              "outcome": "EXECUTED"
            },
            {
              "path": ":spring-tx:testFixturesClasses",
              "outcome": "UP_TO_DATE"
            },
            {
              "path": ":spring-tx:testFixturesJar",
              "outcome": "EXECUTED"
            },
            {
              "path": ":spring-web:checkKotlinGradlePluginConfigurationErrors",
              "outcome": "SKIPPED"
            },
            {
              "path": ":spring-web:classes",
              "outcome": "EXECUTED"
            },
            {
              "path": ":spring-web:compileJava",
              "outcome": "EXECUTED"
            },
            {
              "path": ":spring-web:compileKotlin",
              "outcome": "EXECUTED"
            },
            {
              "path": ":spring-web:compileTestFixturesJava",
              "outcome": "EXECUTED"
            },
            {
              "path": ":spring-web:compileTestFixturesKotlin",
              "outcome": "NO_SOURCE"
            },
            {
              "path": ":spring-web:compileTestJava",
              "outcome": "EXECUTED"
            },
            {
              "path": ":spring-web:compileTestKotlin",
              "outcome": "EXECUTED"
            },
            {
              "path": ":spring-web:jar",
              "outcome": "EXECUTED"
            },
            {
              "path": ":spring-web:processResources",
              "outcome": "EXECUTED"
            },
            {
              "path": ":spring-web:processTestFixturesResources",
              "outcome": "EXECUTED"
            },
            {
              "path": ":spring-web:processTestResources",
              "outcome": "EXECUTED"
            },
            {
              "path": ":spring-web:testClasses",
              "outcome": "EXECUTED"
            },
            {
              "path": ":spring-web:testFixturesClasses",
              "outcome": "EXECUTED"
            },
            {
              "path": ":spring-web:testFixturesJar",
              "outcome": "EXECUTED"
            },
            {
              "path": ":spring-webflux:checkKotlinGradlePluginConfigurationErrors",
              "outcome": "SKIPPED"
            },
            {
              "path": ":spring-webflux:classes",
              "outcome": "EXECUTED"
            },
            {
              "path": ":spring-webflux:compileJava",
              "outcome": "EXECUTED"
            },
            {
              "path": ":spring-webflux:compileKotlin",
              "outcome": "EXECUTED"
            },
            {
              "path": ":spring-webflux:compileTestFixturesJava",
              "outcome": "NO_SOURCE"
            },
            {
              "path": ":spring-webflux:compileTestFixturesKotlin",
              "outcome": "NO_SOURCE"
            },
            {
              "path": ":spring-webflux:compileTestJava",
              "outcome": "EXECUTED"
            },
            {
              "path": ":spring-webflux:compileTestKotlin",
              "outcome": "EXECUTED"
            },
            {
              "path": ":spring-webflux:jar",
              "outcome": "EXECUTED"
            },
            {
              "path": ":spring-webflux:processResources",
              "outcome": "EXECUTED"
            },
            {
              "path": ":spring-webflux:processTestFixturesResources",
              "outcome": "NO_SOURCE"
            },
            {
              "path": ":spring-webflux:processTestResources",
              "outcome": "EXECUTED"
            },
            {
              "path": ":spring-webflux:testClasses",
              "outcome": "EXECUTED"
            },
            {
              "path": ":spring-webflux:testFixturesClasses",
              "outcome": "UP_TO_DATE"
            },
            {
              "path": ":spring-webflux:testFixturesJar",
              "outcome": "EXECUTED"
            },
            {
              "path": ":spring-webmvc:checkKotlinGradlePluginConfigurationErrors",
              "outcome": "SKIPPED"
            },
            {
              "path": ":spring-webmvc:classes",
              "outcome": "EXECUTED"
            },
            {
              "path": ":spring-webmvc:compileJava",
              "outcome": "FROM_CACHE"
            },
            {
              "path": ":spring-webmvc:compileKotlin",
              "outcome": "FROM_CACHE"
            },
            {
              "path": ":spring-webmvc:compileTestFixturesJava",
              "outcome": "NO_SOURCE"
            },
            {
              "path": ":spring-webmvc:compileTestFixturesKotlin",
              "outcome": "NO_SOURCE"
            },
            {
              "path": ":spring-webmvc:compileTestJava",
              "outcome": "FROM_CACHE"
            },
            {
              "path": ":spring-webmvc:compileTestKotlin",
              "outcome": "FROM_CACHE"
            },
            {
              "path": ":spring-webmvc:jar",
              "outcome": "EXECUTED"
            },
            {
              "path": ":spring-webmvc:processResources",
              "outcome": "EXECUTED"
            },
            {
              "path": ":spring-webmvc:processTestFixturesResources",
              "outcome": "NO_SOURCE"
            },
            {
              "path": ":spring-webmvc:processTestResources",
              "outcome": "EXECUTED"
            },
            {
              "path": ":spring-webmvc:testClasses",
              "outcome": "EXECUTED"
            },
            {
              "path": ":spring-webmvc:testFixturesClasses",
              "outcome": "UP_TO_DATE"
            },
            {
              "path": ":spring-webmvc:testFixturesJar",
              "outcome": "EXECUTED"
            },
            {
              "path": ":spring-websocket:compileJava",
              "outcome": "FROM_CACHE"
            },
            {
              "path": ":spring-websocket:compileTestFixturesJava",
              "outcome": "NO_SOURCE"
            },
            {
              "path": ":spring-websocket:compileTestJava",
              "outcome": "EXECUTED"
            },
            {
              "path": ":spring-websocket:processTestResources",
              "outcome": "EXECUTED"
            },
            {
              "path": ":spring-websocket:testClasses",
              "outcome": "EXECUTED"
            },
            {
              "path": ":testClasses",
              "outcome": "UP_TO_DATE"
            }
          ]
        },
        "hostPressure": {
          "available": true,
          "cpuSomeTotalUs": 20570876,
          "memorySomeTotalUs": 12544,
          "memoryFullTotalUs": 11383,
          "ioSomeTotalUs": 140513273,
          "ioFullTotalUs": 71413638
        }
      },
      {
        "phase": "BASE_DAEMON_STABILIZATION",
        "durationMs": 13966,
        "logSha256": "10dac1eabf1d6638ccd61beb96e6ee54c67716ebef2f2fb0929a33ca1d4ef73f",
        "taskOutcomes": {
          "total": 305,
          "executed": 108,
          "fromCache": 90,
          "upToDate": 23,
          "noSource": 65,
          "skipped": 19,
          "fingerprintSha256": "1394115c8e91572561c1f22f40b0192ebabe7f68f0d755aae33167b9d14747d2",
          "tasks": [
            {
              "path": ":buildSrc:check",
              "outcome": "UP_TO_DATE"
            },
            {
              "path": ":buildSrc:checkstyleMain",
              "outcome": "FROM_CACHE"
            },
            {
              "path": ":buildSrc:checkstyleTest",
              "outcome": "FROM_CACHE"
            },
            {
              "path": ":buildSrc:classes",
              "outcome": "EXECUTED"
            },
            {
              "path": ":buildSrc:compileGroovy",
              "outcome": "NO_SOURCE"
            },
            {
              "path": ":buildSrc:compileJava",
              "outcome": "FROM_CACHE"
            },
            {
              "path": ":buildSrc:compileTestGroovy",
              "outcome": "NO_SOURCE"
            },
            {
              "path": ":buildSrc:compileTestJava",
              "outcome": "FROM_CACHE"
            },
            {
              "path": ":buildSrc:jar",
              "outcome": "EXECUTED"
            },
            {
              "path": ":buildSrc:pluginDescriptors",
              "outcome": "EXECUTED"
            },
            {
              "path": ":buildSrc:pluginUnderTestMetadata",
              "outcome": "EXECUTED"
            },
            {
              "path": ":buildSrc:processResources",
              "outcome": "EXECUTED"
            },
            {
              "path": ":buildSrc:processTestResources",
              "outcome": "NO_SOURCE"
            },
            {
              "path": ":buildSrc:test",
              "outcome": "FROM_CACHE"
            },
            {
              "path": ":buildSrc:testClasses",
              "outcome": "UP_TO_DATE"
            },
            {
              "path": ":buildSrc:validatePlugins",
              "outcome": "FROM_CACHE"
            },
            {
              "path": ":classes",
              "outcome": "UP_TO_DATE"
            },
            {
              "path": ":compileJava",
              "outcome": "NO_SOURCE"
            },
            {
              "path": ":compileTestFixturesJava",
              "outcome": "NO_SOURCE"
            },
            {
              "path": ":compileTestJava",
              "outcome": "NO_SOURCE"
            },
            {
              "path": ":framework-docs:checkKotlinGradlePluginConfigurationErrors",
              "outcome": "SKIPPED"
            },
            {
              "path": ":framework-docs:classes",
              "outcome": "EXECUTED"
            },
            {
              "path": ":framework-docs:compileJava",
              "outcome": "FROM_CACHE"
            },
            {
              "path": ":framework-docs:compileKotlin",
              "outcome": "FROM_CACHE"
            },
            {
              "path": ":framework-docs:compileTestJava",
              "outcome": "NO_SOURCE"
            },
            {
              "path": ":framework-docs:compileTestKotlin",
              "outcome": "NO_SOURCE"
            },
            {
              "path": ":framework-docs:jar",
              "outcome": "SKIPPED"
            },
            {
              "path": ":framework-docs:processResources",
              "outcome": "EXECUTED"
            },
            {
              "path": ":framework-docs:processTestResources",
              "outcome": "NO_SOURCE"
            },
            {
              "path": ":framework-docs:testClasses",
              "outcome": "UP_TO_DATE"
            },
            {
              "path": ":integration-tests:checkKotlinGradlePluginConfigurationErrors",
              "outcome": "SKIPPED"
            },
            {
              "path": ":integration-tests:classes",
              "outcome": "UP_TO_DATE"
            },
            {
              "path": ":integration-tests:compileJava",
              "outcome": "NO_SOURCE"
            },
            {
              "path": ":integration-tests:compileKotlin",
              "outcome": "NO_SOURCE"
            },
            {
              "path": ":integration-tests:compileTestFixturesJava",
              "outcome": "NO_SOURCE"
            },
            {
              "path": ":integration-tests:compileTestFixturesKotlin",
              "outcome": "NO_SOURCE"
            },
            {
              "path": ":integration-tests:compileTestJava",
              "outcome": "FROM_CACHE"
            },
            {
              "path": ":integration-tests:compileTestKotlin",
              "outcome": "FROM_CACHE"
            },
            {
              "path": ":integration-tests:jar",
              "outcome": "EXECUTED"
            },
            {
              "path": ":integration-tests:processResources",
              "outcome": "NO_SOURCE"
            },
            {
              "path": ":integration-tests:processTestFixturesResources",
              "outcome": "NO_SOURCE"
            },
            {
              "path": ":integration-tests:processTestResources",
              "outcome": "EXECUTED"
            },
            {
              "path": ":integration-tests:testClasses",
              "outcome": "EXECUTED"
            },
            {
              "path": ":integration-tests:testFixturesClasses",
              "outcome": "UP_TO_DATE"
            },
            {
              "path": ":integration-tests:testFixturesJar",
              "outcome": "EXECUTED"
            },
            {
              "path": ":jar",
              "outcome": "EXECUTED"
            },
            {
              "path": ":processResources",
              "outcome": "NO_SOURCE"
            },
            {
              "path": ":processTestResources",
              "outcome": "NO_SOURCE"
            },
            {
              "path": ":spring-aop:checkKotlinGradlePluginConfigurationErrors",
              "outcome": "SKIPPED"
            },
            {
              "path": ":spring-aop:classes",
              "outcome": "EXECUTED"
            },
            {
              "path": ":spring-aop:compileJava",
              "outcome": "FROM_CACHE"
            },
            {
              "path": ":spring-aop:compileKotlin",
              "outcome": "NO_SOURCE"
            },
            {
              "path": ":spring-aop:compileTestFixturesJava",
              "outcome": "FROM_CACHE"
            },
            {
              "path": ":spring-aop:compileTestFixturesKotlin",
              "outcome": "NO_SOURCE"
            },
            {
              "path": ":spring-aop:compileTestJava",
              "outcome": "FROM_CACHE"
            },
            {
              "path": ":spring-aop:compileTestKotlin",
              "outcome": "FROM_CACHE"
            },
            {
              "path": ":spring-aop:jar",
              "outcome": "EXECUTED"
            },
            {
              "path": ":spring-aop:processResources",
              "outcome": "EXECUTED"
            },
            {
              "path": ":spring-aop:processTestFixturesResources",
              "outcome": "NO_SOURCE"
            },
            {
              "path": ":spring-aop:processTestResources",
              "outcome": "EXECUTED"
            },
            {
              "path": ":spring-aop:testClasses",
              "outcome": "EXECUTED"
            },
            {
              "path": ":spring-aop:testFixturesClasses",
              "outcome": "UP_TO_DATE"
            },
            {
              "path": ":spring-aop:testFixturesJar",
              "outcome": "EXECUTED"
            },
            {
              "path": ":spring-aspects:classes",
              "outcome": "EXECUTED"
            },
            {
              "path": ":spring-aspects:compileAspectj",
              "outcome": "FROM_CACHE"
            },
            {
              "path": ":spring-aspects:compileJava",
              "outcome": "SKIPPED"
            },
            {
              "path": ":spring-aspects:compileTestAspectj",
              "outcome": "FROM_CACHE"
            },
            {
              "path": ":spring-aspects:compileTestFixturesAspectj",
              "outcome": "NO_SOURCE"
            },
            {
              "path": ":spring-aspects:compileTestFixturesJava",
              "outcome": "SKIPPED"
            },
            {
              "path": ":spring-aspects:compileTestJava",
              "outcome": "SKIPPED"
            },
            {
              "path": ":spring-aspects:processResources",
              "outcome": "EXECUTED"
            },
            {
              "path": ":spring-aspects:processTestResources",
              "outcome": "EXECUTED"
            },
            {
              "path": ":spring-aspects:testClasses",
              "outcome": "EXECUTED"
            },
            {
              "path": ":spring-beans:checkKotlinGradlePluginConfigurationErrors",
              "outcome": "SKIPPED"
            },
            {
              "path": ":spring-beans:classes",
              "outcome": "EXECUTED"
            },
            {
              "path": ":spring-beans:compileJava",
              "outcome": "FROM_CACHE"
            },
            {
              "path": ":spring-beans:compileKotlin",
              "outcome": "FROM_CACHE"
            },
            {
              "path": ":spring-beans:compileTestFixturesJava",
              "outcome": "FROM_CACHE"
            },
            {
              "path": ":spring-beans:compileTestFixturesKotlin",
              "outcome": "FROM_CACHE"
            },
            {
              "path": ":spring-beans:compileTestJava",
              "outcome": "FROM_CACHE"
            },
            {
              "path": ":spring-beans:compileTestKotlin",
              "outcome": "FROM_CACHE"
            },
            {
              "path": ":spring-beans:jar",
              "outcome": "EXECUTED"
            },
            {
              "path": ":spring-beans:processResources",
              "outcome": "EXECUTED"
            },
            {
              "path": ":spring-beans:processTestFixturesResources",
              "outcome": "EXECUTED"
            },
            {
              "path": ":spring-beans:processTestResources",
              "outcome": "EXECUTED"
            },
            {
              "path": ":spring-beans:testClasses",
              "outcome": "EXECUTED"
            },
            {
              "path": ":spring-beans:testFixturesClasses",
              "outcome": "EXECUTED"
            },
            {
              "path": ":spring-beans:testFixturesJar",
              "outcome": "EXECUTED"
            },
            {
              "path": ":spring-context-indexer:compileJava",
              "outcome": "FROM_CACHE"
            },
            {
              "path": ":spring-context-indexer:compileTestFixturesJava",
              "outcome": "NO_SOURCE"
            },
            {
              "path": ":spring-context-indexer:compileTestJava",
              "outcome": "FROM_CACHE"
            },
            {
              "path": ":spring-context-indexer:processTestResources",
              "outcome": "NO_SOURCE"
            },
            {
              "path": ":spring-context-indexer:testClasses",
              "outcome": "UP_TO_DATE"
            },
            {
              "path": ":spring-context-support:compileJava",
              "outcome": "FROM_CACHE"
            },
            {
              "path": ":spring-context-support:compileTestFixturesJava",
              "outcome": "FROM_CACHE"
            },
            {
              "path": ":spring-context-support:compileTestJava",
              "outcome": "FROM_CACHE"
            },
            {
              "path": ":spring-context-support:processTestResources",
              "outcome": "EXECUTED"
            },
            {
              "path": ":spring-context-support:testClasses",
              "outcome": "EXECUTED"
            },
            {
              "path": ":spring-context:checkKotlinGradlePluginConfigurationErrors",
              "outcome": "SKIPPED"
            },
            {
              "path": ":spring-context:classes",
              "outcome": "EXECUTED"
            },
            {
              "path": ":spring-context:compileJava",
              "outcome": "FROM_CACHE"
            },
            {
              "path": ":spring-context:compileKotlin",
              "outcome": "FROM_CACHE"
            },
            {
              "path": ":spring-context:compileTestFixturesJava",
              "outcome": "FROM_CACHE"
            },
            {
              "path": ":spring-context:compileTestFixturesKotlin",
              "outcome": "NO_SOURCE"
            },
            {
              "path": ":spring-context:compileTestJava",
              "outcome": "FROM_CACHE"
            },
            {
              "path": ":spring-context:compileTestKotlin",
              "outcome": "FROM_CACHE"
            },
            {
              "path": ":spring-context:jar",
              "outcome": "EXECUTED"
            },
            {
              "path": ":spring-context:processResources",
              "outcome": "EXECUTED"
            },
            {
              "path": ":spring-context:processTestFixturesResources",
              "outcome": "NO_SOURCE"
            },
            {
              "path": ":spring-context:processTestResources",
              "outcome": "EXECUTED"
            },
            {
              "path": ":spring-context:testClasses",
              "outcome": "EXECUTED"
            },
            {
              "path": ":spring-context:testFixturesClasses",
              "outcome": "UP_TO_DATE"
            },
            {
              "path": ":spring-context:testFixturesJar",
              "outcome": "EXECUTED"
            },
            {
              "path": ":spring-core-test:compileJava",
              "outcome": "FROM_CACHE"
            },
            {
              "path": ":spring-core-test:compileTestFixturesJava",
              "outcome": "NO_SOURCE"
            },
            {
              "path": ":spring-core-test:compileTestJava",
              "outcome": "FROM_CACHE"
            },
            {
              "path": ":spring-core-test:processTestResources",
              "outcome": "EXECUTED"
            },
            {
              "path": ":spring-core-test:testClasses",
              "outcome": "EXECUTED"
            },
            {
              "path": ":spring-core:checkKotlinGradlePluginConfigurationErrors",
              "outcome": "SKIPPED"
            },
            {
              "path": ":spring-core:classes",
              "outcome": "EXECUTED"
            },
            {
              "path": ":spring-core:compileJava",
              "outcome": "FROM_CACHE"
            },
            {
              "path": ":spring-core:compileJava21Java",
              "outcome": "FROM_CACHE"
            },
            {
              "path": ":spring-core:compileJava21Kotlin",
              "outcome": "NO_SOURCE"
            },
            {
              "path": ":spring-core:compileJava24Java",
              "outcome": "FROM_CACHE"
            },
            {
              "path": ":spring-core:compileJava24Kotlin",
              "outcome": "NO_SOURCE"
            },
            {
              "path": ":spring-core:compileKotlin",
              "outcome": "FROM_CACHE"
            },
            {
              "path": ":spring-core:compileTestFixturesJava",
              "outcome": "FROM_CACHE"
            },
            {
              "path": ":spring-core:compileTestFixturesKotlin",
              "outcome": "NO_SOURCE"
            },
            {
              "path": ":spring-core:compileTestJava",
              "outcome": "FROM_CACHE"
            },
            {
              "path": ":spring-core:compileTestKotlin",
              "outcome": "FROM_CACHE"
            },
            {
              "path": ":spring-core:jar",
              "outcome": "EXECUTED"
            },
            {
              "path": ":spring-core:java21Classes",
              "outcome": "UP_TO_DATE"
            },
            {
              "path": ":spring-core:java24Classes",
              "outcome": "UP_TO_DATE"
            },
            {
              "path": ":spring-core:javapoetRepackJar",
              "outcome": "FROM_CACHE"
            },
            {
              "path": ":spring-core:objenesisRepackJar",
              "outcome": "FROM_CACHE"
            },
            {
              "path": ":spring-core:processJava21Resources",
              "outcome": "NO_SOURCE"
            },
            {
              "path": ":spring-core:processJava24Resources",
              "outcome": "NO_SOURCE"
            },
            {
              "path": ":spring-core:processResources",
              "outcome": "EXECUTED"
            },
            {
              "path": ":spring-core:processTestFixturesResources",
              "outcome": "NO_SOURCE"
            },
            {
              "path": ":spring-core:processTestResources",
              "outcome": "EXECUTED"
            },
            {
              "path": ":spring-core:testClasses",
              "outcome": "EXECUTED"
            },
            {
              "path": ":spring-core:testFixturesClasses",
              "outcome": "UP_TO_DATE"
            },
            {
              "path": ":spring-core:testFixturesJar",
              "outcome": "EXECUTED"
            },
            {
              "path": ":spring-expression:checkKotlinGradlePluginConfigurationErrors",
              "outcome": "SKIPPED"
            },
            {
              "path": ":spring-expression:classes",
              "outcome": "UP_TO_DATE"
            },
            {
              "path": ":spring-expression:compileJava",
              "outcome": "FROM_CACHE"
            },
            {
              "path": ":spring-expression:compileKotlin",
              "outcome": "NO_SOURCE"
            },
            {
              "path": ":spring-expression:compileTestFixturesJava",
              "outcome": "NO_SOURCE"
            },
            {
              "path": ":spring-expression:compileTestFixturesKotlin",
              "outcome": "NO_SOURCE"
            },
            {
              "path": ":spring-expression:compileTestJava",
              "outcome": "FROM_CACHE"
            },
            {
              "path": ":spring-expression:compileTestKotlin",
              "outcome": "FROM_CACHE"
            },
            {
              "path": ":spring-expression:jar",
              "outcome": "EXECUTED"
            },
            {
              "path": ":spring-expression:processResources",
              "outcome": "NO_SOURCE"
            },
            {
              "path": ":spring-expression:processTestFixturesResources",
              "outcome": "NO_SOURCE"
            },
            {
              "path": ":spring-expression:processTestResources",
              "outcome": "EXECUTED"
            },
            {
              "path": ":spring-expression:testClasses",
              "outcome": "EXECUTED"
            },
            {
              "path": ":spring-expression:testFixturesClasses",
              "outcome": "UP_TO_DATE"
            },
            {
              "path": ":spring-expression:testFixturesJar",
              "outcome": "EXECUTED"
            },
            {
              "path": ":spring-instrument:compileJava",
              "outcome": "FROM_CACHE"
            },
            {
              "path": ":spring-instrument:compileTestFixturesJava",
              "outcome": "NO_SOURCE"
            },
            {
              "path": ":spring-instrument:compileTestJava",
              "outcome": "NO_SOURCE"
            },
            {
              "path": ":spring-instrument:processTestResources",
              "outcome": "NO_SOURCE"
            },
            {
              "path": ":spring-instrument:testClasses",
              "outcome": "UP_TO_DATE"
            },
            {
              "path": ":spring-jdbc:checkKotlinGradlePluginConfigurationErrors",
              "outcome": "SKIPPED"
            },
            {
              "path": ":spring-jdbc:classes",
              "outcome": "EXECUTED"
            },
            {
              "path": ":spring-jdbc:compileJava",
              "outcome": "FROM_CACHE"
            },
            {
              "path": ":spring-jdbc:compileKotlin",
              "outcome": "FROM_CACHE"
            },
            {
              "path": ":spring-jdbc:compileTestFixturesJava",
              "outcome": "NO_SOURCE"
            },
            {
              "path": ":spring-jdbc:compileTestFixturesKotlin",
              "outcome": "NO_SOURCE"
            },
            {
              "path": ":spring-jdbc:compileTestJava",
              "outcome": "FROM_CACHE"
            },
            {
              "path": ":spring-jdbc:compileTestKotlin",
              "outcome": "FROM_CACHE"
            },
            {
              "path": ":spring-jdbc:jar",
              "outcome": "EXECUTED"
            },
            {
              "path": ":spring-jdbc:processResources",
              "outcome": "EXECUTED"
            },
            {
              "path": ":spring-jdbc:processTestFixturesResources",
              "outcome": "NO_SOURCE"
            },
            {
              "path": ":spring-jdbc:processTestResources",
              "outcome": "EXECUTED"
            },
            {
              "path": ":spring-jdbc:testClasses",
              "outcome": "EXECUTED"
            },
            {
              "path": ":spring-jdbc:testFixturesClasses",
              "outcome": "UP_TO_DATE"
            },
            {
              "path": ":spring-jdbc:testFixturesJar",
              "outcome": "EXECUTED"
            },
            {
              "path": ":spring-jms:compileJava",
              "outcome": "FROM_CACHE"
            },
            {
              "path": ":spring-jms:compileTestFixturesJava",
              "outcome": "NO_SOURCE"
            },
            {
              "path": ":spring-jms:compileTestJava",
              "outcome": "FROM_CACHE"
            },
            {
              "path": ":spring-jms:processTestResources",
              "outcome": "EXECUTED"
            },
            {
              "path": ":spring-jms:testClasses",
              "outcome": "EXECUTED"
            },
            {
              "path": ":spring-messaging:checkKotlinGradlePluginConfigurationErrors",
              "outcome": "SKIPPED"
            },
            {
              "path": ":spring-messaging:classes",
              "outcome": "EXECUTED"
            },
            {
              "path": ":spring-messaging:compileJava",
              "outcome": "FROM_CACHE"
            },
            {
              "path": ":spring-messaging:compileKotlin",
              "outcome": "FROM_CACHE"
            },
            {
              "path": ":spring-messaging:compileTestFixturesJava",
              "outcome": "NO_SOURCE"
            },
            {
              "path": ":spring-messaging:compileTestFixturesKotlin",
              "outcome": "NO_SOURCE"
            },
            {
              "path": ":spring-messaging:compileTestJava",
              "outcome": "FROM_CACHE"
            },
            {
              "path": ":spring-messaging:compileTestKotlin",
              "outcome": "FROM_CACHE"
            },
            {
              "path": ":spring-messaging:jar",
              "outcome": "EXECUTED"
            },
            {
              "path": ":spring-messaging:processResources",
              "outcome": "EXECUTED"
            },
            {
              "path": ":spring-messaging:processTestFixturesResources",
              "outcome": "NO_SOURCE"
            },
            {
              "path": ":spring-messaging:processTestResources",
              "outcome": "EXECUTED"
            },
            {
              "path": ":spring-messaging:testClasses",
              "outcome": "EXECUTED"
            },
            {
              "path": ":spring-messaging:testFixturesClasses",
              "outcome": "UP_TO_DATE"
            },
            {
              "path": ":spring-messaging:testFixturesJar",
              "outcome": "EXECUTED"
            },
            {
              "path": ":spring-orm:compileJava",
              "outcome": "FROM_CACHE"
            },
            {
              "path": ":spring-orm:compileTestFixturesJava",
              "outcome": "NO_SOURCE"
            },
            {
              "path": ":spring-orm:compileTestJava",
              "outcome": "FROM_CACHE"
            },
            {
              "path": ":spring-orm:processTestResources",
              "outcome": "EXECUTED"
            },
            {
              "path": ":spring-orm:testClasses",
              "outcome": "EXECUTED"
            },
            {
              "path": ":spring-oxm:compileJava",
              "outcome": "FROM_CACHE"
            },
            {
              "path": ":spring-oxm:compileTestFixturesJava",
              "outcome": "NO_SOURCE"
            },
            {
              "path": ":spring-oxm:compileTestJava",
              "outcome": "FROM_CACHE"
            },
            {
              "path": ":spring-oxm:processTestResources",
              "outcome": "EXECUTED"
            },
            {
              "path": ":spring-oxm:testClasses",
              "outcome": "EXECUTED"
            },
            {
              "path": ":spring-oxm:xjc",
              "outcome": "FROM_CACHE"
            },
            {
              "path": ":spring-r2dbc:checkKotlinGradlePluginConfigurationErrors",
              "outcome": "SKIPPED"
            },
            {
              "path": ":spring-r2dbc:classes",
              "outcome": "EXECUTED"
            },
            {
              "path": ":spring-r2dbc:compileJava",
              "outcome": "FROM_CACHE"
            },
            {
              "path": ":spring-r2dbc:compileKotlin",
              "outcome": "FROM_CACHE"
            },
            {
              "path": ":spring-r2dbc:compileTestFixturesJava",
              "outcome": "NO_SOURCE"
            },
            {
              "path": ":spring-r2dbc:compileTestFixturesKotlin",
              "outcome": "NO_SOURCE"
            },
            {
              "path": ":spring-r2dbc:compileTestJava",
              "outcome": "FROM_CACHE"
            },
            {
              "path": ":spring-r2dbc:compileTestKotlin",
              "outcome": "FROM_CACHE"
            },
            {
              "path": ":spring-r2dbc:jar",
              "outcome": "EXECUTED"
            },
            {
              "path": ":spring-r2dbc:processResources",
              "outcome": "EXECUTED"
            },
            {
              "path": ":spring-r2dbc:processTestFixturesResources",
              "outcome": "NO_SOURCE"
            },
            {
              "path": ":spring-r2dbc:processTestResources",
              "outcome": "EXECUTED"
            },
            {
              "path": ":spring-r2dbc:testClasses",
              "outcome": "EXECUTED"
            },
            {
              "path": ":spring-r2dbc:testFixturesClasses",
              "outcome": "UP_TO_DATE"
            },
            {
              "path": ":spring-r2dbc:testFixturesJar",
              "outcome": "EXECUTED"
            },
            {
              "path": ":spring-test:checkKotlinGradlePluginConfigurationErrors",
              "outcome": "SKIPPED"
            },
            {
              "path": ":spring-test:classes",
              "outcome": "EXECUTED"
            },
            {
              "path": ":spring-test:compileJava",
              "outcome": "FROM_CACHE"
            },
            {
              "path": ":spring-test:compileKotlin",
              "outcome": "FROM_CACHE"
            },
            {
              "path": ":spring-test:compileTestFixturesJava",
              "outcome": "NO_SOURCE"
            },
            {
              "path": ":spring-test:compileTestFixturesKotlin",
              "outcome": "NO_SOURCE"
            },
            {
              "path": ":spring-test:compileTestJava",
              "outcome": "FROM_CACHE"
            },
            {
              "path": ":spring-test:compileTestKotlin",
              "outcome": "FROM_CACHE"
            },
            {
              "path": ":spring-test:jar",
              "outcome": "EXECUTED"
            },
            {
              "path": ":spring-test:processResources",
              "outcome": "EXECUTED"
            },
            {
              "path": ":spring-test:processTestFixturesResources",
              "outcome": "NO_SOURCE"
            },
            {
              "path": ":spring-test:processTestResources",
              "outcome": "EXECUTED"
            },
            {
              "path": ":spring-test:testClasses",
              "outcome": "EXECUTED"
            },
            {
              "path": ":spring-test:testFixturesClasses",
              "outcome": "UP_TO_DATE"
            },
            {
              "path": ":spring-test:testFixturesJar",
              "outcome": "EXECUTED"
            },
            {
              "path": ":spring-tx:checkKotlinGradlePluginConfigurationErrors",
              "outcome": "SKIPPED"
            },
            {
              "path": ":spring-tx:classes",
              "outcome": "EXECUTED"
            },
            {
              "path": ":spring-tx:compileJava",
              "outcome": "FROM_CACHE"
            },
            {
              "path": ":spring-tx:compileKotlin",
              "outcome": "FROM_CACHE"
            },
            {
              "path": ":spring-tx:compileTestFixturesJava",
              "outcome": "FROM_CACHE"
            },
            {
              "path": ":spring-tx:compileTestFixturesKotlin",
              "outcome": "NO_SOURCE"
            },
            {
              "path": ":spring-tx:compileTestJava",
              "outcome": "FROM_CACHE"
            },
            {
              "path": ":spring-tx:compileTestKotlin",
              "outcome": "FROM_CACHE"
            },
            {
              "path": ":spring-tx:jar",
              "outcome": "EXECUTED"
            },
            {
              "path": ":spring-tx:processResources",
              "outcome": "EXECUTED"
            },
            {
              "path": ":spring-tx:processTestFixturesResources",
              "outcome": "NO_SOURCE"
            },
            {
              "path": ":spring-tx:processTestResources",
              "outcome": "EXECUTED"
            },
            {
              "path": ":spring-tx:testClasses",
              "outcome": "EXECUTED"
            },
            {
              "path": ":spring-tx:testFixturesClasses",
              "outcome": "UP_TO_DATE"
            },
            {
              "path": ":spring-tx:testFixturesJar",
              "outcome": "EXECUTED"
            },
            {
              "path": ":spring-web:checkKotlinGradlePluginConfigurationErrors",
              "outcome": "SKIPPED"
            },
            {
              "path": ":spring-web:classes",
              "outcome": "EXECUTED"
            },
            {
              "path": ":spring-web:compileJava",
              "outcome": "FROM_CACHE"
            },
            {
              "path": ":spring-web:compileKotlin",
              "outcome": "FROM_CACHE"
            },
            {
              "path": ":spring-web:compileTestFixturesJava",
              "outcome": "FROM_CACHE"
            },
            {
              "path": ":spring-web:compileTestFixturesKotlin",
              "outcome": "NO_SOURCE"
            },
            {
              "path": ":spring-web:compileTestJava",
              "outcome": "FROM_CACHE"
            },
            {
              "path": ":spring-web:compileTestKotlin",
              "outcome": "FROM_CACHE"
            },
            {
              "path": ":spring-web:jar",
              "outcome": "EXECUTED"
            },
            {
              "path": ":spring-web:processResources",
              "outcome": "EXECUTED"
            },
            {
              "path": ":spring-web:processTestFixturesResources",
              "outcome": "EXECUTED"
            },
            {
              "path": ":spring-web:processTestResources",
              "outcome": "EXECUTED"
            },
            {
              "path": ":spring-web:testClasses",
              "outcome": "EXECUTED"
            },
            {
              "path": ":spring-web:testFixturesClasses",
              "outcome": "EXECUTED"
            },
            {
              "path": ":spring-web:testFixturesJar",
              "outcome": "EXECUTED"
            },
            {
              "path": ":spring-webflux:checkKotlinGradlePluginConfigurationErrors",
              "outcome": "SKIPPED"
            },
            {
              "path": ":spring-webflux:classes",
              "outcome": "EXECUTED"
            },
            {
              "path": ":spring-webflux:compileJava",
              "outcome": "FROM_CACHE"
            },
            {
              "path": ":spring-webflux:compileKotlin",
              "outcome": "FROM_CACHE"
            },
            {
              "path": ":spring-webflux:compileTestFixturesJava",
              "outcome": "NO_SOURCE"
            },
            {
              "path": ":spring-webflux:compileTestFixturesKotlin",
              "outcome": "NO_SOURCE"
            },
            {
              "path": ":spring-webflux:compileTestJava",
              "outcome": "FROM_CACHE"
            },
            {
              "path": ":spring-webflux:compileTestKotlin",
              "outcome": "FROM_CACHE"
            },
            {
              "path": ":spring-webflux:jar",
              "outcome": "EXECUTED"
            },
            {
              "path": ":spring-webflux:processResources",
              "outcome": "EXECUTED"
            },
            {
              "path": ":spring-webflux:processTestFixturesResources",
              "outcome": "NO_SOURCE"
            },
            {
              "path": ":spring-webflux:processTestResources",
              "outcome": "EXECUTED"
            },
            {
              "path": ":spring-webflux:testClasses",
              "outcome": "EXECUTED"
            },
            {
              "path": ":spring-webflux:testFixturesClasses",
              "outcome": "UP_TO_DATE"
            },
            {
              "path": ":spring-webflux:testFixturesJar",
              "outcome": "EXECUTED"
            },
            {
              "path": ":spring-webmvc:checkKotlinGradlePluginConfigurationErrors",
              "outcome": "SKIPPED"
            },
            {
              "path": ":spring-webmvc:classes",
              "outcome": "EXECUTED"
            },
            {
              "path": ":spring-webmvc:compileJava",
              "outcome": "FROM_CACHE"
            },
            {
              "path": ":spring-webmvc:compileKotlin",
              "outcome": "FROM_CACHE"
            },
            {
              "path": ":spring-webmvc:compileTestFixturesJava",
              "outcome": "NO_SOURCE"
            },
            {
              "path": ":spring-webmvc:compileTestFixturesKotlin",
              "outcome": "NO_SOURCE"
            },
            {
              "path": ":spring-webmvc:compileTestJava",
              "outcome": "FROM_CACHE"
            },
            {
              "path": ":spring-webmvc:compileTestKotlin",
              "outcome": "FROM_CACHE"
            },
            {
              "path": ":spring-webmvc:jar",
              "outcome": "EXECUTED"
            },
            {
              "path": ":spring-webmvc:processResources",
              "outcome": "EXECUTED"
            },
            {
              "path": ":spring-webmvc:processTestFixturesResources",
              "outcome": "NO_SOURCE"
            },
            {
              "path": ":spring-webmvc:processTestResources",
              "outcome": "EXECUTED"
            },
            {
              "path": ":spring-webmvc:testClasses",
              "outcome": "EXECUTED"
            },
            {
              "path": ":spring-webmvc:testFixturesClasses",
              "outcome": "UP_TO_DATE"
            },
            {
              "path": ":spring-webmvc:testFixturesJar",
              "outcome": "EXECUTED"
            },
            {
              "path": ":spring-websocket:compileJava",
              "outcome": "FROM_CACHE"
            },
            {
              "path": ":spring-websocket:compileTestFixturesJava",
              "outcome": "NO_SOURCE"
            },
            {
              "path": ":spring-websocket:compileTestJava",
              "outcome": "FROM_CACHE"
            },
            {
              "path": ":spring-websocket:processTestResources",
              "outcome": "EXECUTED"
            },
            {
              "path": ":spring-websocket:testClasses",
              "outcome": "EXECUTED"
            },
            {
              "path": ":testClasses",
              "outcome": "UP_TO_DATE"
            }
          ]
        },
        "hostPressure": {
          "available": true,
          "cpuSomeTotalUs": 187193,
          "memorySomeTotalUs": 23,
          "memoryFullTotalUs": 23,
          "ioSomeTotalUs": 8213686,
          "ioFullTotalUs": 5041160
        }
      },
      {
        "phase": "TARGET_WORKLOAD_STABILIZATION",
        "durationMs": 17362,
        "logSha256": "86498a27608c5f1b0dea2778df680092f8fd5e6324f3a80429f3db48a6d65aea",
        "taskOutcomes": {
          "total": 305,
          "executed": 109,
          "fromCache": 89,
          "upToDate": 23,
          "noSource": 65,
          "skipped": 19,
          "fingerprintSha256": "85399d45cd2d3615162148545d5babb68fb708dbdd29a2e2991b8e65724ce6a7",
          "tasks": [
            {
              "path": ":buildSrc:check",
              "outcome": "UP_TO_DATE"
            },
            {
              "path": ":buildSrc:checkstyleMain",
              "outcome": "FROM_CACHE"
            },
            {
              "path": ":buildSrc:checkstyleTest",
              "outcome": "FROM_CACHE"
            },
            {
              "path": ":buildSrc:classes",
              "outcome": "EXECUTED"
            },
            {
              "path": ":buildSrc:compileGroovy",
              "outcome": "NO_SOURCE"
            },
            {
              "path": ":buildSrc:compileJava",
              "outcome": "FROM_CACHE"
            },
            {
              "path": ":buildSrc:compileTestGroovy",
              "outcome": "NO_SOURCE"
            },
            {
              "path": ":buildSrc:compileTestJava",
              "outcome": "FROM_CACHE"
            },
            {
              "path": ":buildSrc:jar",
              "outcome": "EXECUTED"
            },
            {
              "path": ":buildSrc:pluginDescriptors",
              "outcome": "EXECUTED"
            },
            {
              "path": ":buildSrc:pluginUnderTestMetadata",
              "outcome": "EXECUTED"
            },
            {
              "path": ":buildSrc:processResources",
              "outcome": "EXECUTED"
            },
            {
              "path": ":buildSrc:processTestResources",
              "outcome": "NO_SOURCE"
            },
            {
              "path": ":buildSrc:test",
              "outcome": "FROM_CACHE"
            },
            {
              "path": ":buildSrc:testClasses",
              "outcome": "UP_TO_DATE"
            },
            {
              "path": ":buildSrc:validatePlugins",
              "outcome": "FROM_CACHE"
            },
            {
              "path": ":classes",
              "outcome": "UP_TO_DATE"
            },
            {
              "path": ":compileJava",
              "outcome": "NO_SOURCE"
            },
            {
              "path": ":compileTestFixturesJava",
              "outcome": "NO_SOURCE"
            },
            {
              "path": ":compileTestJava",
              "outcome": "NO_SOURCE"
            },
            {
              "path": ":framework-docs:checkKotlinGradlePluginConfigurationErrors",
              "outcome": "SKIPPED"
            },
            {
              "path": ":framework-docs:classes",
              "outcome": "EXECUTED"
            },
            {
              "path": ":framework-docs:compileJava",
              "outcome": "FROM_CACHE"
            },
            {
              "path": ":framework-docs:compileKotlin",
              "outcome": "FROM_CACHE"
            },
            {
              "path": ":framework-docs:compileTestJava",
              "outcome": "NO_SOURCE"
            },
            {
              "path": ":framework-docs:compileTestKotlin",
              "outcome": "NO_SOURCE"
            },
            {
              "path": ":framework-docs:jar",
              "outcome": "SKIPPED"
            },
            {
              "path": ":framework-docs:processResources",
              "outcome": "EXECUTED"
            },
            {
              "path": ":framework-docs:processTestResources",
              "outcome": "NO_SOURCE"
            },
            {
              "path": ":framework-docs:testClasses",
              "outcome": "UP_TO_DATE"
            },
            {
              "path": ":integration-tests:checkKotlinGradlePluginConfigurationErrors",
              "outcome": "SKIPPED"
            },
            {
              "path": ":integration-tests:classes",
              "outcome": "UP_TO_DATE"
            },
            {
              "path": ":integration-tests:compileJava",
              "outcome": "NO_SOURCE"
            },
            {
              "path": ":integration-tests:compileKotlin",
              "outcome": "NO_SOURCE"
            },
            {
              "path": ":integration-tests:compileTestFixturesJava",
              "outcome": "NO_SOURCE"
            },
            {
              "path": ":integration-tests:compileTestFixturesKotlin",
              "outcome": "NO_SOURCE"
            },
            {
              "path": ":integration-tests:compileTestJava",
              "outcome": "FROM_CACHE"
            },
            {
              "path": ":integration-tests:compileTestKotlin",
              "outcome": "FROM_CACHE"
            },
            {
              "path": ":integration-tests:jar",
              "outcome": "EXECUTED"
            },
            {
              "path": ":integration-tests:processResources",
              "outcome": "NO_SOURCE"
            },
            {
              "path": ":integration-tests:processTestFixturesResources",
              "outcome": "NO_SOURCE"
            },
            {
              "path": ":integration-tests:processTestResources",
              "outcome": "EXECUTED"
            },
            {
              "path": ":integration-tests:testClasses",
              "outcome": "EXECUTED"
            },
            {
              "path": ":integration-tests:testFixturesClasses",
              "outcome": "UP_TO_DATE"
            },
            {
              "path": ":integration-tests:testFixturesJar",
              "outcome": "EXECUTED"
            },
            {
              "path": ":jar",
              "outcome": "EXECUTED"
            },
            {
              "path": ":processResources",
              "outcome": "NO_SOURCE"
            },
            {
              "path": ":processTestResources",
              "outcome": "NO_SOURCE"
            },
            {
              "path": ":spring-aop:checkKotlinGradlePluginConfigurationErrors",
              "outcome": "SKIPPED"
            },
            {
              "path": ":spring-aop:classes",
              "outcome": "EXECUTED"
            },
            {
              "path": ":spring-aop:compileJava",
              "outcome": "FROM_CACHE"
            },
            {
              "path": ":spring-aop:compileKotlin",
              "outcome": "NO_SOURCE"
            },
            {
              "path": ":spring-aop:compileTestFixturesJava",
              "outcome": "FROM_CACHE"
            },
            {
              "path": ":spring-aop:compileTestFixturesKotlin",
              "outcome": "NO_SOURCE"
            },
            {
              "path": ":spring-aop:compileTestJava",
              "outcome": "FROM_CACHE"
            },
            {
              "path": ":spring-aop:compileTestKotlin",
              "outcome": "FROM_CACHE"
            },
            {
              "path": ":spring-aop:jar",
              "outcome": "EXECUTED"
            },
            {
              "path": ":spring-aop:processResources",
              "outcome": "EXECUTED"
            },
            {
              "path": ":spring-aop:processTestFixturesResources",
              "outcome": "NO_SOURCE"
            },
            {
              "path": ":spring-aop:processTestResources",
              "outcome": "EXECUTED"
            },
            {
              "path": ":spring-aop:testClasses",
              "outcome": "EXECUTED"
            },
            {
              "path": ":spring-aop:testFixturesClasses",
              "outcome": "UP_TO_DATE"
            },
            {
              "path": ":spring-aop:testFixturesJar",
              "outcome": "EXECUTED"
            },
            {
              "path": ":spring-aspects:classes",
              "outcome": "EXECUTED"
            },
            {
              "path": ":spring-aspects:compileAspectj",
              "outcome": "FROM_CACHE"
            },
            {
              "path": ":spring-aspects:compileJava",
              "outcome": "SKIPPED"
            },
            {
              "path": ":spring-aspects:compileTestAspectj",
              "outcome": "FROM_CACHE"
            },
            {
              "path": ":spring-aspects:compileTestFixturesAspectj",
              "outcome": "NO_SOURCE"
            },
            {
              "path": ":spring-aspects:compileTestFixturesJava",
              "outcome": "SKIPPED"
            },
            {
              "path": ":spring-aspects:compileTestJava",
              "outcome": "SKIPPED"
            },
            {
              "path": ":spring-aspects:processResources",
              "outcome": "EXECUTED"
            },
            {
              "path": ":spring-aspects:processTestResources",
              "outcome": "EXECUTED"
            },
            {
              "path": ":spring-aspects:testClasses",
              "outcome": "EXECUTED"
            },
            {
              "path": ":spring-beans:checkKotlinGradlePluginConfigurationErrors",
              "outcome": "SKIPPED"
            },
            {
              "path": ":spring-beans:classes",
              "outcome": "EXECUTED"
            },
            {
              "path": ":spring-beans:compileJava",
              "outcome": "FROM_CACHE"
            },
            {
              "path": ":spring-beans:compileKotlin",
              "outcome": "FROM_CACHE"
            },
            {
              "path": ":spring-beans:compileTestFixturesJava",
              "outcome": "FROM_CACHE"
            },
            {
              "path": ":spring-beans:compileTestFixturesKotlin",
              "outcome": "FROM_CACHE"
            },
            {
              "path": ":spring-beans:compileTestJava",
              "outcome": "FROM_CACHE"
            },
            {
              "path": ":spring-beans:compileTestKotlin",
              "outcome": "FROM_CACHE"
            },
            {
              "path": ":spring-beans:jar",
              "outcome": "EXECUTED"
            },
            {
              "path": ":spring-beans:processResources",
              "outcome": "EXECUTED"
            },
            {
              "path": ":spring-beans:processTestFixturesResources",
              "outcome": "EXECUTED"
            },
            {
              "path": ":spring-beans:processTestResources",
              "outcome": "EXECUTED"
            },
            {
              "path": ":spring-beans:testClasses",
              "outcome": "EXECUTED"
            },
            {
              "path": ":spring-beans:testFixturesClasses",
              "outcome": "EXECUTED"
            },
            {
              "path": ":spring-beans:testFixturesJar",
              "outcome": "EXECUTED"
            },
            {
              "path": ":spring-context-indexer:compileJava",
              "outcome": "FROM_CACHE"
            },
            {
              "path": ":spring-context-indexer:compileTestFixturesJava",
              "outcome": "NO_SOURCE"
            },
            {
              "path": ":spring-context-indexer:compileTestJava",
              "outcome": "FROM_CACHE"
            },
            {
              "path": ":spring-context-indexer:processTestResources",
              "outcome": "NO_SOURCE"
            },
            {
              "path": ":spring-context-indexer:testClasses",
              "outcome": "UP_TO_DATE"
            },
            {
              "path": ":spring-context-support:compileJava",
              "outcome": "FROM_CACHE"
            },
            {
              "path": ":spring-context-support:compileTestFixturesJava",
              "outcome": "FROM_CACHE"
            },
            {
              "path": ":spring-context-support:compileTestJava",
              "outcome": "FROM_CACHE"
            },
            {
              "path": ":spring-context-support:processTestResources",
              "outcome": "EXECUTED"
            },
            {
              "path": ":spring-context-support:testClasses",
              "outcome": "EXECUTED"
            },
            {
              "path": ":spring-context:checkKotlinGradlePluginConfigurationErrors",
              "outcome": "SKIPPED"
            },
            {
              "path": ":spring-context:classes",
              "outcome": "EXECUTED"
            },
            {
              "path": ":spring-context:compileJava",
              "outcome": "FROM_CACHE"
            },
            {
              "path": ":spring-context:compileKotlin",
              "outcome": "FROM_CACHE"
            },
            {
              "path": ":spring-context:compileTestFixturesJava",
              "outcome": "FROM_CACHE"
            },
            {
              "path": ":spring-context:compileTestFixturesKotlin",
              "outcome": "NO_SOURCE"
            },
            {
              "path": ":spring-context:compileTestJava",
              "outcome": "FROM_CACHE"
            },
            {
              "path": ":spring-context:compileTestKotlin",
              "outcome": "FROM_CACHE"
            },
            {
              "path": ":spring-context:jar",
              "outcome": "EXECUTED"
            },
            {
              "path": ":spring-context:processResources",
              "outcome": "EXECUTED"
            },
            {
              "path": ":spring-context:processTestFixturesResources",
              "outcome": "NO_SOURCE"
            },
            {
              "path": ":spring-context:processTestResources",
              "outcome": "EXECUTED"
            },
            {
              "path": ":spring-context:testClasses",
              "outcome": "EXECUTED"
            },
            {
              "path": ":spring-context:testFixturesClasses",
              "outcome": "UP_TO_DATE"
            },
            {
              "path": ":spring-context:testFixturesJar",
              "outcome": "EXECUTED"
            },
            {
              "path": ":spring-core-test:compileJava",
              "outcome": "FROM_CACHE"
            },
            {
              "path": ":spring-core-test:compileTestFixturesJava",
              "outcome": "NO_SOURCE"
            },
            {
              "path": ":spring-core-test:compileTestJava",
              "outcome": "FROM_CACHE"
            },
            {
              "path": ":spring-core-test:processTestResources",
              "outcome": "EXECUTED"
            },
            {
              "path": ":spring-core-test:testClasses",
              "outcome": "EXECUTED"
            },
            {
              "path": ":spring-core:checkKotlinGradlePluginConfigurationErrors",
              "outcome": "SKIPPED"
            },
            {
              "path": ":spring-core:classes",
              "outcome": "EXECUTED"
            },
            {
              "path": ":spring-core:compileJava",
              "outcome": "FROM_CACHE"
            },
            {
              "path": ":spring-core:compileJava21Java",
              "outcome": "FROM_CACHE"
            },
            {
              "path": ":spring-core:compileJava21Kotlin",
              "outcome": "NO_SOURCE"
            },
            {
              "path": ":spring-core:compileJava24Java",
              "outcome": "FROM_CACHE"
            },
            {
              "path": ":spring-core:compileJava24Kotlin",
              "outcome": "NO_SOURCE"
            },
            {
              "path": ":spring-core:compileKotlin",
              "outcome": "FROM_CACHE"
            },
            {
              "path": ":spring-core:compileTestFixturesJava",
              "outcome": "FROM_CACHE"
            },
            {
              "path": ":spring-core:compileTestFixturesKotlin",
              "outcome": "NO_SOURCE"
            },
            {
              "path": ":spring-core:compileTestJava",
              "outcome": "FROM_CACHE"
            },
            {
              "path": ":spring-core:compileTestKotlin",
              "outcome": "FROM_CACHE"
            },
            {
              "path": ":spring-core:jar",
              "outcome": "EXECUTED"
            },
            {
              "path": ":spring-core:java21Classes",
              "outcome": "UP_TO_DATE"
            },
            {
              "path": ":spring-core:java24Classes",
              "outcome": "UP_TO_DATE"
            },
            {
              "path": ":spring-core:javapoetRepackJar",
              "outcome": "FROM_CACHE"
            },
            {
              "path": ":spring-core:objenesisRepackJar",
              "outcome": "FROM_CACHE"
            },
            {
              "path": ":spring-core:processJava21Resources",
              "outcome": "NO_SOURCE"
            },
            {
              "path": ":spring-core:processJava24Resources",
              "outcome": "NO_SOURCE"
            },
            {
              "path": ":spring-core:processResources",
              "outcome": "EXECUTED"
            },
            {
              "path": ":spring-core:processTestFixturesResources",
              "outcome": "NO_SOURCE"
            },
            {
              "path": ":spring-core:processTestResources",
              "outcome": "EXECUTED"
            },
            {
              "path": ":spring-core:testClasses",
              "outcome": "EXECUTED"
            },
            {
              "path": ":spring-core:testFixturesClasses",
              "outcome": "UP_TO_DATE"
            },
            {
              "path": ":spring-core:testFixturesJar",
              "outcome": "EXECUTED"
            },
            {
              "path": ":spring-expression:checkKotlinGradlePluginConfigurationErrors",
              "outcome": "SKIPPED"
            },
            {
              "path": ":spring-expression:classes",
              "outcome": "UP_TO_DATE"
            },
            {
              "path": ":spring-expression:compileJava",
              "outcome": "FROM_CACHE"
            },
            {
              "path": ":spring-expression:compileKotlin",
              "outcome": "NO_SOURCE"
            },
            {
              "path": ":spring-expression:compileTestFixturesJava",
              "outcome": "NO_SOURCE"
            },
            {
              "path": ":spring-expression:compileTestFixturesKotlin",
              "outcome": "NO_SOURCE"
            },
            {
              "path": ":spring-expression:compileTestJava",
              "outcome": "FROM_CACHE"
            },
            {
              "path": ":spring-expression:compileTestKotlin",
              "outcome": "FROM_CACHE"
            },
            {
              "path": ":spring-expression:jar",
              "outcome": "EXECUTED"
            },
            {
              "path": ":spring-expression:processResources",
              "outcome": "NO_SOURCE"
            },
            {
              "path": ":spring-expression:processTestFixturesResources",
              "outcome": "NO_SOURCE"
            },
            {
              "path": ":spring-expression:processTestResources",
              "outcome": "EXECUTED"
            },
            {
              "path": ":spring-expression:testClasses",
              "outcome": "EXECUTED"
            },
            {
              "path": ":spring-expression:testFixturesClasses",
              "outcome": "UP_TO_DATE"
            },
            {
              "path": ":spring-expression:testFixturesJar",
              "outcome": "EXECUTED"
            },
            {
              "path": ":spring-instrument:compileJava",
              "outcome": "FROM_CACHE"
            },
            {
              "path": ":spring-instrument:compileTestFixturesJava",
              "outcome": "NO_SOURCE"
            },
            {
              "path": ":spring-instrument:compileTestJava",
              "outcome": "NO_SOURCE"
            },
            {
              "path": ":spring-instrument:processTestResources",
              "outcome": "NO_SOURCE"
            },
            {
              "path": ":spring-instrument:testClasses",
              "outcome": "UP_TO_DATE"
            },
            {
              "path": ":spring-jdbc:checkKotlinGradlePluginConfigurationErrors",
              "outcome": "SKIPPED"
            },
            {
              "path": ":spring-jdbc:classes",
              "outcome": "EXECUTED"
            },
            {
              "path": ":spring-jdbc:compileJava",
              "outcome": "FROM_CACHE"
            },
            {
              "path": ":spring-jdbc:compileKotlin",
              "outcome": "FROM_CACHE"
            },
            {
              "path": ":spring-jdbc:compileTestFixturesJava",
              "outcome": "NO_SOURCE"
            },
            {
              "path": ":spring-jdbc:compileTestFixturesKotlin",
              "outcome": "NO_SOURCE"
            },
            {
              "path": ":spring-jdbc:compileTestJava",
              "outcome": "FROM_CACHE"
            },
            {
              "path": ":spring-jdbc:compileTestKotlin",
              "outcome": "FROM_CACHE"
            },
            {
              "path": ":spring-jdbc:jar",
              "outcome": "EXECUTED"
            },
            {
              "path": ":spring-jdbc:processResources",
              "outcome": "EXECUTED"
            },
            {
              "path": ":spring-jdbc:processTestFixturesResources",
              "outcome": "NO_SOURCE"
            },
            {
              "path": ":spring-jdbc:processTestResources",
              "outcome": "EXECUTED"
            },
            {
              "path": ":spring-jdbc:testClasses",
              "outcome": "EXECUTED"
            },
            {
              "path": ":spring-jdbc:testFixturesClasses",
              "outcome": "UP_TO_DATE"
            },
            {
              "path": ":spring-jdbc:testFixturesJar",
              "outcome": "EXECUTED"
            },
            {
              "path": ":spring-jms:compileJava",
              "outcome": "EXECUTED"
            },
            {
              "path": ":spring-jms:compileTestFixturesJava",
              "outcome": "NO_SOURCE"
            },
            {
              "path": ":spring-jms:compileTestJava",
              "outcome": "FROM_CACHE"
            },
            {
              "path": ":spring-jms:processTestResources",
              "outcome": "EXECUTED"
            },
            {
              "path": ":spring-jms:testClasses",
              "outcome": "EXECUTED"
            },
            {
              "path": ":spring-messaging:checkKotlinGradlePluginConfigurationErrors",
              "outcome": "SKIPPED"
            },
            {
              "path": ":spring-messaging:classes",
              "outcome": "EXECUTED"
            },
            {
              "path": ":spring-messaging:compileJava",
              "outcome": "FROM_CACHE"
            },
            {
              "path": ":spring-messaging:compileKotlin",
              "outcome": "FROM_CACHE"
            },
            {
              "path": ":spring-messaging:compileTestFixturesJava",
              "outcome": "NO_SOURCE"
            },
            {
              "path": ":spring-messaging:compileTestFixturesKotlin",
              "outcome": "NO_SOURCE"
            },
            {
              "path": ":spring-messaging:compileTestJava",
              "outcome": "FROM_CACHE"
            },
            {
              "path": ":spring-messaging:compileTestKotlin",
              "outcome": "FROM_CACHE"
            },
            {
              "path": ":spring-messaging:jar",
              "outcome": "EXECUTED"
            },
            {
              "path": ":spring-messaging:processResources",
              "outcome": "EXECUTED"
            },
            {
              "path": ":spring-messaging:processTestFixturesResources",
              "outcome": "NO_SOURCE"
            },
            {
              "path": ":spring-messaging:processTestResources",
              "outcome": "EXECUTED"
            },
            {
              "path": ":spring-messaging:testClasses",
              "outcome": "EXECUTED"
            },
            {
              "path": ":spring-messaging:testFixturesClasses",
              "outcome": "UP_TO_DATE"
            },
            {
              "path": ":spring-messaging:testFixturesJar",
              "outcome": "EXECUTED"
            },
            {
              "path": ":spring-orm:compileJava",
              "outcome": "FROM_CACHE"
            },
            {
              "path": ":spring-orm:compileTestFixturesJava",
              "outcome": "NO_SOURCE"
            },
            {
              "path": ":spring-orm:compileTestJava",
              "outcome": "FROM_CACHE"
            },
            {
              "path": ":spring-orm:processTestResources",
              "outcome": "EXECUTED"
            },
            {
              "path": ":spring-orm:testClasses",
              "outcome": "EXECUTED"
            },
            {
              "path": ":spring-oxm:compileJava",
              "outcome": "FROM_CACHE"
            },
            {
              "path": ":spring-oxm:compileTestFixturesJava",
              "outcome": "NO_SOURCE"
            },
            {
              "path": ":spring-oxm:compileTestJava",
              "outcome": "FROM_CACHE"
            },
            {
              "path": ":spring-oxm:processTestResources",
              "outcome": "EXECUTED"
            },
            {
              "path": ":spring-oxm:testClasses",
              "outcome": "EXECUTED"
            },
            {
              "path": ":spring-oxm:xjc",
              "outcome": "FROM_CACHE"
            },
            {
              "path": ":spring-r2dbc:checkKotlinGradlePluginConfigurationErrors",
              "outcome": "SKIPPED"
            },
            {
              "path": ":spring-r2dbc:classes",
              "outcome": "EXECUTED"
            },
            {
              "path": ":spring-r2dbc:compileJava",
              "outcome": "FROM_CACHE"
            },
            {
              "path": ":spring-r2dbc:compileKotlin",
              "outcome": "FROM_CACHE"
            },
            {
              "path": ":spring-r2dbc:compileTestFixturesJava",
              "outcome": "NO_SOURCE"
            },
            {
              "path": ":spring-r2dbc:compileTestFixturesKotlin",
              "outcome": "NO_SOURCE"
            },
            {
              "path": ":spring-r2dbc:compileTestJava",
              "outcome": "FROM_CACHE"
            },
            {
              "path": ":spring-r2dbc:compileTestKotlin",
              "outcome": "FROM_CACHE"
            },
            {
              "path": ":spring-r2dbc:jar",
              "outcome": "EXECUTED"
            },
            {
              "path": ":spring-r2dbc:processResources",
              "outcome": "EXECUTED"
            },
            {
              "path": ":spring-r2dbc:processTestFixturesResources",
              "outcome": "NO_SOURCE"
            },
            {
              "path": ":spring-r2dbc:processTestResources",
              "outcome": "EXECUTED"
            },
            {
              "path": ":spring-r2dbc:testClasses",
              "outcome": "EXECUTED"
            },
            {
              "path": ":spring-r2dbc:testFixturesClasses",
              "outcome": "UP_TO_DATE"
            },
            {
              "path": ":spring-r2dbc:testFixturesJar",
              "outcome": "EXECUTED"
            },
            {
              "path": ":spring-test:checkKotlinGradlePluginConfigurationErrors",
              "outcome": "SKIPPED"
            },
            {
              "path": ":spring-test:classes",
              "outcome": "EXECUTED"
            },
            {
              "path": ":spring-test:compileJava",
              "outcome": "FROM_CACHE"
            },
            {
              "path": ":spring-test:compileKotlin",
              "outcome": "FROM_CACHE"
            },
            {
              "path": ":spring-test:compileTestFixturesJava",
              "outcome": "NO_SOURCE"
            },
            {
              "path": ":spring-test:compileTestFixturesKotlin",
              "outcome": "NO_SOURCE"
            },
            {
              "path": ":spring-test:compileTestJava",
              "outcome": "FROM_CACHE"
            },
            {
              "path": ":spring-test:compileTestKotlin",
              "outcome": "FROM_CACHE"
            },
            {
              "path": ":spring-test:jar",
              "outcome": "EXECUTED"
            },
            {
              "path": ":spring-test:processResources",
              "outcome": "EXECUTED"
            },
            {
              "path": ":spring-test:processTestFixturesResources",
              "outcome": "NO_SOURCE"
            },
            {
              "path": ":spring-test:processTestResources",
              "outcome": "EXECUTED"
            },
            {
              "path": ":spring-test:testClasses",
              "outcome": "EXECUTED"
            },
            {
              "path": ":spring-test:testFixturesClasses",
              "outcome": "UP_TO_DATE"
            },
            {
              "path": ":spring-test:testFixturesJar",
              "outcome": "EXECUTED"
            },
            {
              "path": ":spring-tx:checkKotlinGradlePluginConfigurationErrors",
              "outcome": "SKIPPED"
            },
            {
              "path": ":spring-tx:classes",
              "outcome": "EXECUTED"
            },
            {
              "path": ":spring-tx:compileJava",
              "outcome": "FROM_CACHE"
            },
            {
              "path": ":spring-tx:compileKotlin",
              "outcome": "FROM_CACHE"
            },
            {
              "path": ":spring-tx:compileTestFixturesJava",
              "outcome": "FROM_CACHE"
            },
            {
              "path": ":spring-tx:compileTestFixturesKotlin",
              "outcome": "NO_SOURCE"
            },
            {
              "path": ":spring-tx:compileTestJava",
              "outcome": "FROM_CACHE"
            },
            {
              "path": ":spring-tx:compileTestKotlin",
              "outcome": "FROM_CACHE"
            },
            {
              "path": ":spring-tx:jar",
              "outcome": "EXECUTED"
            },
            {
              "path": ":spring-tx:processResources",
              "outcome": "EXECUTED"
            },
            {
              "path": ":spring-tx:processTestFixturesResources",
              "outcome": "NO_SOURCE"
            },
            {
              "path": ":spring-tx:processTestResources",
              "outcome": "EXECUTED"
            },
            {
              "path": ":spring-tx:testClasses",
              "outcome": "EXECUTED"
            },
            {
              "path": ":spring-tx:testFixturesClasses",
              "outcome": "UP_TO_DATE"
            },
            {
              "path": ":spring-tx:testFixturesJar",
              "outcome": "EXECUTED"
            },
            {
              "path": ":spring-web:checkKotlinGradlePluginConfigurationErrors",
              "outcome": "SKIPPED"
            },
            {
              "path": ":spring-web:classes",
              "outcome": "EXECUTED"
            },
            {
              "path": ":spring-web:compileJava",
              "outcome": "FROM_CACHE"
            },
            {
              "path": ":spring-web:compileKotlin",
              "outcome": "FROM_CACHE"
            },
            {
              "path": ":spring-web:compileTestFixturesJava",
              "outcome": "FROM_CACHE"
            },
            {
              "path": ":spring-web:compileTestFixturesKotlin",
              "outcome": "NO_SOURCE"
            },
            {
              "path": ":spring-web:compileTestJava",
              "outcome": "FROM_CACHE"
            },
            {
              "path": ":spring-web:compileTestKotlin",
              "outcome": "FROM_CACHE"
            },
            {
              "path": ":spring-web:jar",
              "outcome": "EXECUTED"
            },
            {
              "path": ":spring-web:processResources",
              "outcome": "EXECUTED"
            },
            {
              "path": ":spring-web:processTestFixturesResources",
              "outcome": "EXECUTED"
            },
            {
              "path": ":spring-web:processTestResources",
              "outcome": "EXECUTED"
            },
            {
              "path": ":spring-web:testClasses",
              "outcome": "EXECUTED"
            },
            {
              "path": ":spring-web:testFixturesClasses",
              "outcome": "EXECUTED"
            },
            {
              "path": ":spring-web:testFixturesJar",
              "outcome": "EXECUTED"
            },
            {
              "path": ":spring-webflux:checkKotlinGradlePluginConfigurationErrors",
              "outcome": "SKIPPED"
            },
            {
              "path": ":spring-webflux:classes",
              "outcome": "EXECUTED"
            },
            {
              "path": ":spring-webflux:compileJava",
              "outcome": "FROM_CACHE"
            },
            {
              "path": ":spring-webflux:compileKotlin",
              "outcome": "FROM_CACHE"
            },
            {
              "path": ":spring-webflux:compileTestFixturesJava",
              "outcome": "NO_SOURCE"
            },
            {
              "path": ":spring-webflux:compileTestFixturesKotlin",
              "outcome": "NO_SOURCE"
            },
            {
              "path": ":spring-webflux:compileTestJava",
              "outcome": "FROM_CACHE"
            },
            {
              "path": ":spring-webflux:compileTestKotlin",
              "outcome": "FROM_CACHE"
            },
            {
              "path": ":spring-webflux:jar",
              "outcome": "EXECUTED"
            },
            {
              "path": ":spring-webflux:processResources",
              "outcome": "EXECUTED"
            },
            {
              "path": ":spring-webflux:processTestFixturesResources",
              "outcome": "NO_SOURCE"
            },
            {
              "path": ":spring-webflux:processTestResources",
              "outcome": "EXECUTED"
            },
            {
              "path": ":spring-webflux:testClasses",
              "outcome": "EXECUTED"
            },
            {
              "path": ":spring-webflux:testFixturesClasses",
              "outcome": "UP_TO_DATE"
            },
            {
              "path": ":spring-webflux:testFixturesJar",
              "outcome": "EXECUTED"
            },
            {
              "path": ":spring-webmvc:checkKotlinGradlePluginConfigurationErrors",
              "outcome": "SKIPPED"
            },
            {
              "path": ":spring-webmvc:classes",
              "outcome": "EXECUTED"
            },
            {
              "path": ":spring-webmvc:compileJava",
              "outcome": "FROM_CACHE"
            },
            {
              "path": ":spring-webmvc:compileKotlin",
              "outcome": "FROM_CACHE"
            },
            {
              "path": ":spring-webmvc:compileTestFixturesJava",
              "outcome": "NO_SOURCE"
            },
            {
              "path": ":spring-webmvc:compileTestFixturesKotlin",
              "outcome": "NO_SOURCE"
            },
            {
              "path": ":spring-webmvc:compileTestJava",
              "outcome": "FROM_CACHE"
            },
            {
              "path": ":spring-webmvc:compileTestKotlin",
              "outcome": "FROM_CACHE"
            },
            {
              "path": ":spring-webmvc:jar",
              "outcome": "EXECUTED"
            },
            {
              "path": ":spring-webmvc:processResources",
              "outcome": "EXECUTED"
            },
            {
              "path": ":spring-webmvc:processTestFixturesResources",
              "outcome": "NO_SOURCE"
            },
            {
              "path": ":spring-webmvc:processTestResources",
              "outcome": "EXECUTED"
            },
            {
              "path": ":spring-webmvc:testClasses",
              "outcome": "EXECUTED"
            },
            {
              "path": ":spring-webmvc:testFixturesClasses",
              "outcome": "UP_TO_DATE"
            },
            {
              "path": ":spring-webmvc:testFixturesJar",
              "outcome": "EXECUTED"
            },
            {
              "path": ":spring-websocket:compileJava",
              "outcome": "FROM_CACHE"
            },
            {
              "path": ":spring-websocket:compileTestFixturesJava",
              "outcome": "NO_SOURCE"
            },
            {
              "path": ":spring-websocket:compileTestJava",
              "outcome": "FROM_CACHE"
            },
            {
              "path": ":spring-websocket:processTestResources",
              "outcome": "EXECUTED"
            },
            {
              "path": ":spring-websocket:testClasses",
              "outcome": "EXECUTED"
            },
            {
              "path": ":testClasses",
              "outcome": "UP_TO_DATE"
            }
          ]
        },
        "hostPressure": {
          "available": true,
          "cpuSomeTotalUs": 336280,
          "memorySomeTotalUs": 3,
          "memoryFullTotalUs": 3,
          "ioSomeTotalUs": 10364651,
          "ioFullTotalUs": 6951609
        }
      }
    ],
    "candidateWarmups": [
      {
        "phase": "CACHE_SEED",
        "durationMs": 146027,
        "logSha256": "c9ddd1196dea71546c9eb36c07874dc5404edbacb4a1829fc4eb493f897811ca",
        "taskOutcomes": {
          "total": 56,
          "executed": 17,
          "fromCache": 23,
          "upToDate": 2,
          "noSource": 7,
          "skipped": 7,
          "fingerprintSha256": "c479e89ec7d3660c48fa7588a45ceda3124653994ed97bc0f2993f2ec522f0ef",
          "tasks": [
            {
              "path": ":buildSrc:check",
              "outcome": "UP_TO_DATE"
            },
            {
              "path": ":buildSrc:checkstyleMain",
              "outcome": "FROM_CACHE"
            },
            {
              "path": ":buildSrc:checkstyleTest",
              "outcome": "FROM_CACHE"
            },
            {
              "path": ":buildSrc:classes",
              "outcome": "EXECUTED"
            },
            {
              "path": ":buildSrc:compileGroovy",
              "outcome": "NO_SOURCE"
            },
            {
              "path": ":buildSrc:compileJava",
              "outcome": "FROM_CACHE"
            },
            {
              "path": ":buildSrc:compileTestGroovy",
              "outcome": "NO_SOURCE"
            },
            {
              "path": ":buildSrc:compileTestJava",
              "outcome": "FROM_CACHE"
            },
            {
              "path": ":buildSrc:jar",
              "outcome": "EXECUTED"
            },
            {
              "path": ":buildSrc:pluginDescriptors",
              "outcome": "EXECUTED"
            },
            {
              "path": ":buildSrc:pluginUnderTestMetadata",
              "outcome": "EXECUTED"
            },
            {
              "path": ":buildSrc:processResources",
              "outcome": "EXECUTED"
            },
            {
              "path": ":buildSrc:processTestResources",
              "outcome": "NO_SOURCE"
            },
            {
              "path": ":buildSrc:test",
              "outcome": "FROM_CACHE"
            },
            {
              "path": ":buildSrc:testClasses",
              "outcome": "UP_TO_DATE"
            },
            {
              "path": ":buildSrc:validatePlugins",
              "outcome": "FROM_CACHE"
            },
            {
              "path": ":spring-aop:checkKotlinGradlePluginConfigurationErrors",
              "outcome": "SKIPPED"
            },
            {
              "path": ":spring-aop:compileJava",
              "outcome": "FROM_CACHE"
            },
            {
              "path": ":spring-aop:compileKotlin",
              "outcome": "NO_SOURCE"
            },
            {
              "path": ":spring-beans:checkKotlinGradlePluginConfigurationErrors",
              "outcome": "SKIPPED"
            },
            {
              "path": ":spring-beans:classes",
              "outcome": "EXECUTED"
            },
            {
              "path": ":spring-beans:compileJava",
              "outcome": "FROM_CACHE"
            },
            {
              "path": ":spring-beans:compileKotlin",
              "outcome": "FROM_CACHE"
            },
            {
              "path": ":spring-beans:compileTestFixturesJava",
              "outcome": "FROM_CACHE"
            },
            {
              "path": ":spring-beans:compileTestFixturesKotlin",
              "outcome": "FROM_CACHE"
            },
            {
              "path": ":spring-beans:jar",
              "outcome": "EXECUTED"
            },
            {
              "path": ":spring-beans:processResources",
              "outcome": "EXECUTED"
            },
            {
              "path": ":spring-context:checkKotlinGradlePluginConfigurationErrors",
              "outcome": "SKIPPED"
            },
            {
              "path": ":spring-context:compileJava",
              "outcome": "FROM_CACHE"
            },
            {
              "path": ":spring-context:compileKotlin",
              "outcome": "FROM_CACHE"
            },
            {
              "path": ":spring-core:checkKotlinGradlePluginConfigurationErrors",
              "outcome": "SKIPPED"
            },
            {
              "path": ":spring-core:compileJava",
              "outcome": "FROM_CACHE"
            },
            {
              "path": ":spring-core:compileKotlin",
              "outcome": "FROM_CACHE"
            },
            {
              "path": ":spring-core:javapoetRepackJar",
              "outcome": "FROM_CACHE"
            },
            {
              "path": ":spring-core:objenesisRepackJar",
              "outcome": "FROM_CACHE"
            },
            {
              "path": ":spring-expression:checkKotlinGradlePluginConfigurationErrors",
              "outcome": "SKIPPED"
            },
            {
              "path": ":spring-expression:compileJava",
              "outcome": "FROM_CACHE"
            },
            {
              "path": ":spring-expression:compileKotlin",
              "outcome": "NO_SOURCE"
            },
            {
              "path": ":spring-instrument:compileJava",
              "outcome": "FROM_CACHE"
            },
            {
              "path": ":spring-jms:compileJava",
              "outcome": "EXECUTED"
            },
            {
              "path": ":spring-jms:compileTestFixturesJava",
              "outcome": "NO_SOURCE"
            },
            {
              "path": ":spring-jms:compileTestJava",
              "outcome": "EXECUTED"
            },
            {
              "path": ":spring-jms:processTestResources",
              "outcome": "EXECUTED"
            },
            {
              "path": ":spring-jms:testClasses",
              "outcome": "EXECUTED"
            },
            {
              "path": ":spring-messaging:checkKotlinGradlePluginConfigurationErrors",
              "outcome": "SKIPPED"
            },
            {
              "path": ":spring-messaging:compileJava",
              "outcome": "EXECUTED"
            },
            {
              "path": ":spring-messaging:compileKotlin",
              "outcome": "EXECUTED"
            },
            {
              "path": ":spring-oxm:compileJava",
              "outcome": "FROM_CACHE"
            },
            {
              "path": ":spring-tx:checkKotlinGradlePluginConfigurationErrors",
              "outcome": "SKIPPED"
            },
            {
              "path": ":spring-tx:classes",
              "outcome": "EXECUTED"
            },
            {
              "path": ":spring-tx:compileJava",
              "outcome": "FROM_CACHE"
            },
            {
              "path": ":spring-tx:compileKotlin",
              "outcome": "FROM_CACHE"
            },
            {
              "path": ":spring-tx:compileTestFixturesJava",
              "outcome": "FROM_CACHE"
            },
            {
              "path": ":spring-tx:compileTestFixturesKotlin",
              "outcome": "NO_SOURCE"
            },
            {
              "path": ":spring-tx:jar",
              "outcome": "EXECUTED"
            },
            {
              "path": ":spring-tx:processResources",
              "outcome": "EXECUTED"
            }
          ]
        },
        "hostPressure": {
          "available": true,
          "cpuSomeTotalUs": 3828501,
          "memorySomeTotalUs": 9476,
          "memoryFullTotalUs": 9284,
          "ioSomeTotalUs": 104108994,
          "ioFullTotalUs": 79716555
        }
      },
      {
        "phase": "BASE_DAEMON_STABILIZATION",
        "durationMs": 11296,
        "logSha256": "54ded8b0c926454c2ca3bf82645bb3bc0ab83539624d96d48ee18b1abbe5bd8a",
        "taskOutcomes": {
          "total": 56,
          "executed": 13,
          "fromCache": 27,
          "upToDate": 2,
          "noSource": 7,
          "skipped": 7,
          "fingerprintSha256": "ece5bcfe70b440068293c809f7cae0852a4653f03eea072df81857cf90557511",
          "tasks": [
            {
              "path": ":buildSrc:check",
              "outcome": "UP_TO_DATE"
            },
            {
              "path": ":buildSrc:checkstyleMain",
              "outcome": "FROM_CACHE"
            },
            {
              "path": ":buildSrc:checkstyleTest",
              "outcome": "FROM_CACHE"
            },
            {
              "path": ":buildSrc:classes",
              "outcome": "EXECUTED"
            },
            {
              "path": ":buildSrc:compileGroovy",
              "outcome": "NO_SOURCE"
            },
            {
              "path": ":buildSrc:compileJava",
              "outcome": "FROM_CACHE"
            },
            {
              "path": ":buildSrc:compileTestGroovy",
              "outcome": "NO_SOURCE"
            },
            {
              "path": ":buildSrc:compileTestJava",
              "outcome": "FROM_CACHE"
            },
            {
              "path": ":buildSrc:jar",
              "outcome": "EXECUTED"
            },
            {
              "path": ":buildSrc:pluginDescriptors",
              "outcome": "EXECUTED"
            },
            {
              "path": ":buildSrc:pluginUnderTestMetadata",
              "outcome": "EXECUTED"
            },
            {
              "path": ":buildSrc:processResources",
              "outcome": "EXECUTED"
            },
            {
              "path": ":buildSrc:processTestResources",
              "outcome": "NO_SOURCE"
            },
            {
              "path": ":buildSrc:test",
              "outcome": "FROM_CACHE"
            },
            {
              "path": ":buildSrc:testClasses",
              "outcome": "UP_TO_DATE"
            },
            {
              "path": ":buildSrc:validatePlugins",
              "outcome": "FROM_CACHE"
            },
            {
              "path": ":spring-aop:checkKotlinGradlePluginConfigurationErrors",
              "outcome": "SKIPPED"
            },
            {
              "path": ":spring-aop:compileJava",
              "outcome": "FROM_CACHE"
            },
            {
              "path": ":spring-aop:compileKotlin",
              "outcome": "NO_SOURCE"
            },
            {
              "path": ":spring-beans:checkKotlinGradlePluginConfigurationErrors",
              "outcome": "SKIPPED"
            },
            {
              "path": ":spring-beans:classes",
              "outcome": "EXECUTED"
            },
            {
              "path": ":spring-beans:compileJava",
              "outcome": "FROM_CACHE"
            },
            {
              "path": ":spring-beans:compileKotlin",
              "outcome": "FROM_CACHE"
            },
            {
              "path": ":spring-beans:compileTestFixturesJava",
              "outcome": "FROM_CACHE"
            },
            {
              "path": ":spring-beans:compileTestFixturesKotlin",
              "outcome": "FROM_CACHE"
            },
            {
              "path": ":spring-beans:jar",
              "outcome": "EXECUTED"
            },
            {
              "path": ":spring-beans:processResources",
              "outcome": "EXECUTED"
            },
            {
              "path": ":spring-context:checkKotlinGradlePluginConfigurationErrors",
              "outcome": "SKIPPED"
            },
            {
              "path": ":spring-context:compileJava",
              "outcome": "FROM_CACHE"
            },
            {
              "path": ":spring-context:compileKotlin",
              "outcome": "FROM_CACHE"
            },
            {
              "path": ":spring-core:checkKotlinGradlePluginConfigurationErrors",
              "outcome": "SKIPPED"
            },
            {
              "path": ":spring-core:compileJava",
              "outcome": "FROM_CACHE"
            },
            {
              "path": ":spring-core:compileKotlin",
              "outcome": "FROM_CACHE"
            },
            {
              "path": ":spring-core:javapoetRepackJar",
              "outcome": "FROM_CACHE"
            },
            {
              "path": ":spring-core:objenesisRepackJar",
              "outcome": "FROM_CACHE"
            },
            {
              "path": ":spring-expression:checkKotlinGradlePluginConfigurationErrors",
              "outcome": "SKIPPED"
            },
            {
              "path": ":spring-expression:compileJava",
              "outcome": "FROM_CACHE"
            },
            {
              "path": ":spring-expression:compileKotlin",
              "outcome": "NO_SOURCE"
            },
            {
              "path": ":spring-instrument:compileJava",
              "outcome": "FROM_CACHE"
            },
            {
              "path": ":spring-jms:compileJava",
              "outcome": "FROM_CACHE"
            },
            {
              "path": ":spring-jms:compileTestFixturesJava",
              "outcome": "NO_SOURCE"
            },
            {
              "path": ":spring-jms:compileTestJava",
              "outcome": "FROM_CACHE"
            },
            {
              "path": ":spring-jms:processTestResources",
              "outcome": "EXECUTED"
            },
            {
              "path": ":spring-jms:testClasses",
              "outcome": "EXECUTED"
            },
            {
              "path": ":spring-messaging:checkKotlinGradlePluginConfigurationErrors",
              "outcome": "SKIPPED"
            },
            {
              "path": ":spring-messaging:compileJava",
              "outcome": "FROM_CACHE"
            },
            {
              "path": ":spring-messaging:compileKotlin",
              "outcome": "FROM_CACHE"
            },
            {
              "path": ":spring-oxm:compileJava",
              "outcome": "FROM_CACHE"
            },
            {
              "path": ":spring-tx:checkKotlinGradlePluginConfigurationErrors",
              "outcome": "SKIPPED"
            },
            {
              "path": ":spring-tx:classes",
              "outcome": "EXECUTED"
            },
            {
              "path": ":spring-tx:compileJava",
              "outcome": "FROM_CACHE"
            },
            {
              "path": ":spring-tx:compileKotlin",
              "outcome": "FROM_CACHE"
            },
            {
              "path": ":spring-tx:compileTestFixturesJava",
              "outcome": "FROM_CACHE"
            },
            {
              "path": ":spring-tx:compileTestFixturesKotlin",
              "outcome": "NO_SOURCE"
            },
            {
              "path": ":spring-tx:jar",
              "outcome": "EXECUTED"
            },
            {
              "path": ":spring-tx:processResources",
              "outcome": "EXECUTED"
            }
          ]
        },
        "hostPressure": {
          "available": true,
          "cpuSomeTotalUs": 48877,
          "memorySomeTotalUs": 118,
          "memoryFullTotalUs": 118,
          "ioSomeTotalUs": 8083107,
          "ioFullTotalUs": 6569730
        }
      },
      {
        "phase": "TARGET_WORKLOAD_STABILIZATION",
        "durationMs": 11457,
        "logSha256": "d8f00714b878314601adec69c134fd3f1b5cddf78f9c91cac92f8f66ee71b94c",
        "taskOutcomes": {
          "total": 56,
          "executed": 14,
          "fromCache": 26,
          "upToDate": 2,
          "noSource": 7,
          "skipped": 7,
          "fingerprintSha256": "af08640256e4ce968a02546a34fd5e7b170359e73fd1255332a0b813d6a2b3f6",
          "tasks": [
            {
              "path": ":buildSrc:check",
              "outcome": "UP_TO_DATE"
            },
            {
              "path": ":buildSrc:checkstyleMain",
              "outcome": "FROM_CACHE"
            },
            {
              "path": ":buildSrc:checkstyleTest",
              "outcome": "FROM_CACHE"
            },
            {
              "path": ":buildSrc:classes",
              "outcome": "EXECUTED"
            },
            {
              "path": ":buildSrc:compileGroovy",
              "outcome": "NO_SOURCE"
            },
            {
              "path": ":buildSrc:compileJava",
              "outcome": "FROM_CACHE"
            },
            {
              "path": ":buildSrc:compileTestGroovy",
              "outcome": "NO_SOURCE"
            },
            {
              "path": ":buildSrc:compileTestJava",
              "outcome": "FROM_CACHE"
            },
            {
              "path": ":buildSrc:jar",
              "outcome": "EXECUTED"
            },
            {
              "path": ":buildSrc:pluginDescriptors",
              "outcome": "EXECUTED"
            },
            {
              "path": ":buildSrc:pluginUnderTestMetadata",
              "outcome": "EXECUTED"
            },
            {
              "path": ":buildSrc:processResources",
              "outcome": "EXECUTED"
            },
            {
              "path": ":buildSrc:processTestResources",
              "outcome": "NO_SOURCE"
            },
            {
              "path": ":buildSrc:test",
              "outcome": "FROM_CACHE"
            },
            {
              "path": ":buildSrc:testClasses",
              "outcome": "UP_TO_DATE"
            },
            {
              "path": ":buildSrc:validatePlugins",
              "outcome": "FROM_CACHE"
            },
            {
              "path": ":spring-aop:checkKotlinGradlePluginConfigurationErrors",
              "outcome": "SKIPPED"
            },
            {
              "path": ":spring-aop:compileJava",
              "outcome": "FROM_CACHE"
            },
            {
              "path": ":spring-aop:compileKotlin",
              "outcome": "NO_SOURCE"
            },
            {
              "path": ":spring-beans:checkKotlinGradlePluginConfigurationErrors",
              "outcome": "SKIPPED"
            },
            {
              "path": ":spring-beans:classes",
              "outcome": "EXECUTED"
            },
            {
              "path": ":spring-beans:compileJava",
              "outcome": "FROM_CACHE"
            },
            {
              "path": ":spring-beans:compileKotlin",
              "outcome": "FROM_CACHE"
            },
            {
              "path": ":spring-beans:compileTestFixturesJava",
              "outcome": "FROM_CACHE"
            },
            {
              "path": ":spring-beans:compileTestFixturesKotlin",
              "outcome": "FROM_CACHE"
            },
            {
              "path": ":spring-beans:jar",
              "outcome": "EXECUTED"
            },
            {
              "path": ":spring-beans:processResources",
              "outcome": "EXECUTED"
            },
            {
              "path": ":spring-context:checkKotlinGradlePluginConfigurationErrors",
              "outcome": "SKIPPED"
            },
            {
              "path": ":spring-context:compileJava",
              "outcome": "FROM_CACHE"
            },
            {
              "path": ":spring-context:compileKotlin",
              "outcome": "FROM_CACHE"
            },
            {
              "path": ":spring-core:checkKotlinGradlePluginConfigurationErrors",
              "outcome": "SKIPPED"
            },
            {
              "path": ":spring-core:compileJava",
              "outcome": "FROM_CACHE"
            },
            {
              "path": ":spring-core:compileKotlin",
              "outcome": "FROM_CACHE"
            },
            {
              "path": ":spring-core:javapoetRepackJar",
              "outcome": "FROM_CACHE"
            },
            {
              "path": ":spring-core:objenesisRepackJar",
              "outcome": "FROM_CACHE"
            },
            {
              "path": ":spring-expression:checkKotlinGradlePluginConfigurationErrors",
              "outcome": "SKIPPED"
            },
            {
              "path": ":spring-expression:compileJava",
              "outcome": "FROM_CACHE"
            },
            {
              "path": ":spring-expression:compileKotlin",
              "outcome": "NO_SOURCE"
            },
            {
              "path": ":spring-instrument:compileJava",
              "outcome": "FROM_CACHE"
            },
            {
              "path": ":spring-jms:compileJava",
              "outcome": "EXECUTED"
            },
            {
              "path": ":spring-jms:compileTestFixturesJava",
              "outcome": "NO_SOURCE"
            },
            {
              "path": ":spring-jms:compileTestJava",
              "outcome": "FROM_CACHE"
            },
            {
              "path": ":spring-jms:processTestResources",
              "outcome": "EXECUTED"
            },
            {
              "path": ":spring-jms:testClasses",
              "outcome": "EXECUTED"
            },
            {
              "path": ":spring-messaging:checkKotlinGradlePluginConfigurationErrors",
              "outcome": "SKIPPED"
            },
            {
              "path": ":spring-messaging:compileJava",
              "outcome": "FROM_CACHE"
            },
            {
              "path": ":spring-messaging:compileKotlin",
              "outcome": "FROM_CACHE"
            },
            {
              "path": ":spring-oxm:compileJava",
              "outcome": "FROM_CACHE"
            },
            {
              "path": ":spring-tx:checkKotlinGradlePluginConfigurationErrors",
              "outcome": "SKIPPED"
            },
            {
              "path": ":spring-tx:classes",
              "outcome": "EXECUTED"
            },
            {
              "path": ":spring-tx:compileJava",
              "outcome": "FROM_CACHE"
            },
            {
              "path": ":spring-tx:compileKotlin",
              "outcome": "FROM_CACHE"
            },
            {
              "path": ":spring-tx:compileTestFixturesJava",
              "outcome": "FROM_CACHE"
            },
            {
              "path": ":spring-tx:compileTestFixturesKotlin",
              "outcome": "NO_SOURCE"
            },
            {
              "path": ":spring-tx:jar",
              "outcome": "EXECUTED"
            },
            {
              "path": ":spring-tx:processResources",
              "outcome": "EXECUTED"
            }
          ]
        },
        "hostPressure": {
          "available": true,
          "cpuSomeTotalUs": 29573,
          "memorySomeTotalUs": 8,
          "memoryFullTotalUs": 8,
          "ioSomeTotalUs": 8653177,
          "ioFullTotalUs": 7309651
        }
      }
    ]
  },
  "observations": [
    {
      "pair": 1,
      "order": "CONTROL_FIRST",
      "controlDurationMs": 14425,
      "candidateDurationMs": 10485,
      "savedMs": 3940,
      "controlRequiredOutputSha256": "c1de7856f3bfbec061af1a6a147e489da0bd960aca43bf326e51372c2ca5d629",
      "candidateRequiredOutputSha256": "c1de7856f3bfbec061af1a6a147e489da0bd960aca43bf326e51372c2ca5d629",
      "requiredOutputCount": 378,
      "productAttributableFailure": false,
      "controlLogSha256": "ccd7c73dc1c095e5e6ba32403c2601c896e8d39fee287da780550d39c356978e",
      "candidateLogSha256": "1e1eaa4bbe5df627b75a7df8fd9880fc1d0dfb7ab7daf13d73532202c6fe64ae",
      "controlTaskOutcomes": {
        "total": 305,
        "executed": 109,
        "fromCache": 89,
        "upToDate": 23,
        "noSource": 65,
        "skipped": 19,
        "fingerprintSha256": "85399d45cd2d3615162148545d5babb68fb708dbdd29a2e2991b8e65724ce6a7",
        "tasks": [
          {
            "path": ":buildSrc:check",
            "outcome": "UP_TO_DATE"
          },
          {
            "path": ":buildSrc:checkstyleMain",
            "outcome": "FROM_CACHE"
          },
          {
            "path": ":buildSrc:checkstyleTest",
            "outcome": "FROM_CACHE"
          },
          {
            "path": ":buildSrc:classes",
            "outcome": "EXECUTED"
          },
          {
            "path": ":buildSrc:compileGroovy",
            "outcome": "NO_SOURCE"
          },
          {
            "path": ":buildSrc:compileJava",
            "outcome": "FROM_CACHE"
          },
          {
            "path": ":buildSrc:compileTestGroovy",
            "outcome": "NO_SOURCE"
          },
          {
            "path": ":buildSrc:compileTestJava",
            "outcome": "FROM_CACHE"
          },
          {
            "path": ":buildSrc:jar",
            "outcome": "EXECUTED"
          },
          {
            "path": ":buildSrc:pluginDescriptors",
            "outcome": "EXECUTED"
          },
          {
            "path": ":buildSrc:pluginUnderTestMetadata",
            "outcome": "EXECUTED"
          },
          {
            "path": ":buildSrc:processResources",
            "outcome": "EXECUTED"
          },
          {
            "path": ":buildSrc:processTestResources",
            "outcome": "NO_SOURCE"
          },
          {
            "path": ":buildSrc:test",
            "outcome": "FROM_CACHE"
          },
          {
            "path": ":buildSrc:testClasses",
            "outcome": "UP_TO_DATE"
          },
          {
            "path": ":buildSrc:validatePlugins",
            "outcome": "FROM_CACHE"
          },
          {
            "path": ":classes",
            "outcome": "UP_TO_DATE"
          },
          {
            "path": ":compileJava",
            "outcome": "NO_SOURCE"
          },
          {
            "path": ":compileTestFixturesJava",
            "outcome": "NO_SOURCE"
          },
          {
            "path": ":compileTestJava",
            "outcome": "NO_SOURCE"
          },
          {
            "path": ":framework-docs:checkKotlinGradlePluginConfigurationErrors",
            "outcome": "SKIPPED"
          },
          {
            "path": ":framework-docs:classes",
            "outcome": "EXECUTED"
          },
          {
            "path": ":framework-docs:compileJava",
            "outcome": "FROM_CACHE"
          },
          {
            "path": ":framework-docs:compileKotlin",
            "outcome": "FROM_CACHE"
          },
          {
            "path": ":framework-docs:compileTestJava",
            "outcome": "NO_SOURCE"
          },
          {
            "path": ":framework-docs:compileTestKotlin",
            "outcome": "NO_SOURCE"
          },
          {
            "path": ":framework-docs:jar",
            "outcome": "SKIPPED"
          },
          {
            "path": ":framework-docs:processResources",
            "outcome": "EXECUTED"
          },
          {
            "path": ":framework-docs:processTestResources",
            "outcome": "NO_SOURCE"
          },
          {
            "path": ":framework-docs:testClasses",
            "outcome": "UP_TO_DATE"
          },
          {
            "path": ":integration-tests:checkKotlinGradlePluginConfigurationErrors",
            "outcome": "SKIPPED"
          },
          {
            "path": ":integration-tests:classes",
            "outcome": "UP_TO_DATE"
          },
          {
            "path": ":integration-tests:compileJava",
            "outcome": "NO_SOURCE"
          },
          {
            "path": ":integration-tests:compileKotlin",
            "outcome": "NO_SOURCE"
          },
          {
            "path": ":integration-tests:compileTestFixturesJava",
            "outcome": "NO_SOURCE"
          },
          {
            "path": ":integration-tests:compileTestFixturesKotlin",
            "outcome": "NO_SOURCE"
          },
          {
            "path": ":integration-tests:compileTestJava",
            "outcome": "FROM_CACHE"
          },
          {
            "path": ":integration-tests:compileTestKotlin",
            "outcome": "FROM_CACHE"
          },
          {
            "path": ":integration-tests:jar",
            "outcome": "EXECUTED"
          },
          {
            "path": ":integration-tests:processResources",
            "outcome": "NO_SOURCE"
          },
          {
            "path": ":integration-tests:processTestFixturesResources",
            "outcome": "NO_SOURCE"
          },
          {
            "path": ":integration-tests:processTestResources",
            "outcome": "EXECUTED"
          },
          {
            "path": ":integration-tests:testClasses",
            "outcome": "EXECUTED"
          },
          {
            "path": ":integration-tests:testFixturesClasses",
            "outcome": "UP_TO_DATE"
          },
          {
            "path": ":integration-tests:testFixturesJar",
            "outcome": "EXECUTED"
          },
          {
            "path": ":jar",
            "outcome": "EXECUTED"
          },
          {
            "path": ":processResources",
            "outcome": "NO_SOURCE"
          },
          {
            "path": ":processTestResources",
            "outcome": "NO_SOURCE"
          },
          {
            "path": ":spring-aop:checkKotlinGradlePluginConfigurationErrors",
            "outcome": "SKIPPED"
          },
          {
            "path": ":spring-aop:classes",
            "outcome": "EXECUTED"
          },
          {
            "path": ":spring-aop:compileJava",
            "outcome": "FROM_CACHE"
          },
          {
            "path": ":spring-aop:compileKotlin",
            "outcome": "NO_SOURCE"
          },
          {
            "path": ":spring-aop:compileTestFixturesJava",
            "outcome": "FROM_CACHE"
          },
          {
            "path": ":spring-aop:compileTestFixturesKotlin",
            "outcome": "NO_SOURCE"
          },
          {
            "path": ":spring-aop:compileTestJava",
            "outcome": "FROM_CACHE"
          },
          {
            "path": ":spring-aop:compileTestKotlin",
            "outcome": "FROM_CACHE"
          },
          {
            "path": ":spring-aop:jar",
            "outcome": "EXECUTED"
          },
          {
            "path": ":spring-aop:processResources",
            "outcome": "EXECUTED"
          },
          {
            "path": ":spring-aop:processTestFixturesResources",
            "outcome": "NO_SOURCE"
          },
          {
            "path": ":spring-aop:processTestResources",
            "outcome": "EXECUTED"
          },
          {
            "path": ":spring-aop:testClasses",
            "outcome": "EXECUTED"
          },
          {
            "path": ":spring-aop:testFixturesClasses",
            "outcome": "UP_TO_DATE"
          },
          {
            "path": ":spring-aop:testFixturesJar",
            "outcome": "EXECUTED"
          },
          {
            "path": ":spring-aspects:classes",
            "outcome": "EXECUTED"
          },
          {
            "path": ":spring-aspects:compileAspectj",
            "outcome": "FROM_CACHE"
          },
          {
            "path": ":spring-aspects:compileJava",
            "outcome": "SKIPPED"
          },
          {
            "path": ":spring-aspects:compileTestAspectj",
            "outcome": "FROM_CACHE"
          },
          {
            "path": ":spring-aspects:compileTestFixturesAspectj",
            "outcome": "NO_SOURCE"
          },
          {
            "path": ":spring-aspects:compileTestFixturesJava",
            "outcome": "SKIPPED"
          },
          {
            "path": ":spring-aspects:compileTestJava",
            "outcome": "SKIPPED"
          },
          {
            "path": ":spring-aspects:processResources",
            "outcome": "EXECUTED"
          },
          {
            "path": ":spring-aspects:processTestResources",
            "outcome": "EXECUTED"
          },
          {
            "path": ":spring-aspects:testClasses",
            "outcome": "EXECUTED"
          },
          {
            "path": ":spring-beans:checkKotlinGradlePluginConfigurationErrors",
            "outcome": "SKIPPED"
          },
          {
            "path": ":spring-beans:classes",
            "outcome": "EXECUTED"
          },
          {
            "path": ":spring-beans:compileJava",
            "outcome": "FROM_CACHE"
          },
          {
            "path": ":spring-beans:compileKotlin",
            "outcome": "FROM_CACHE"
          },
          {
            "path": ":spring-beans:compileTestFixturesJava",
            "outcome": "FROM_CACHE"
          },
          {
            "path": ":spring-beans:compileTestFixturesKotlin",
            "outcome": "FROM_CACHE"
          },
          {
            "path": ":spring-beans:compileTestJava",
            "outcome": "FROM_CACHE"
          },
          {
            "path": ":spring-beans:compileTestKotlin",
            "outcome": "FROM_CACHE"
          },
          {
            "path": ":spring-beans:jar",
            "outcome": "EXECUTED"
          },
          {
            "path": ":spring-beans:processResources",
            "outcome": "EXECUTED"
          },
          {
            "path": ":spring-beans:processTestFixturesResources",
            "outcome": "EXECUTED"
          },
          {
            "path": ":spring-beans:processTestResources",
            "outcome": "EXECUTED"
          },
          {
            "path": ":spring-beans:testClasses",
            "outcome": "EXECUTED"
          },
          {
            "path": ":spring-beans:testFixturesClasses",
            "outcome": "EXECUTED"
          },
          {
            "path": ":spring-beans:testFixturesJar",
            "outcome": "EXECUTED"
          },
          {
            "path": ":spring-context-indexer:compileJava",
            "outcome": "FROM_CACHE"
          },
          {
            "path": ":spring-context-indexer:compileTestFixturesJava",
            "outcome": "NO_SOURCE"
          },
          {
            "path": ":spring-context-indexer:compileTestJava",
            "outcome": "FROM_CACHE"
          },
          {
            "path": ":spring-context-indexer:processTestResources",
            "outcome": "NO_SOURCE"
          },
          {
            "path": ":spring-context-indexer:testClasses",
            "outcome": "UP_TO_DATE"
          },
          {
            "path": ":spring-context-support:compileJava",
            "outcome": "FROM_CACHE"
          },
          {
            "path": ":spring-context-support:compileTestFixturesJava",
            "outcome": "FROM_CACHE"
          },
          {
            "path": ":spring-context-support:compileTestJava",
            "outcome": "FROM_CACHE"
          },
          {
            "path": ":spring-context-support:processTestResources",
            "outcome": "EXECUTED"
          },
          {
            "path": ":spring-context-support:testClasses",
            "outcome": "EXECUTED"
          },
          {
            "path": ":spring-context:checkKotlinGradlePluginConfigurationErrors",
            "outcome": "SKIPPED"
          },
          {
            "path": ":spring-context:classes",
            "outcome": "EXECUTED"
          },
          {
            "path": ":spring-context:compileJava",
            "outcome": "FROM_CACHE"
          },
          {
            "path": ":spring-context:compileKotlin",
            "outcome": "FROM_CACHE"
          },
          {
            "path": ":spring-context:compileTestFixturesJava",
            "outcome": "FROM_CACHE"
          },
          {
            "path": ":spring-context:compileTestFixturesKotlin",
            "outcome": "NO_SOURCE"
          },
          {
            "path": ":spring-context:compileTestJava",
            "outcome": "FROM_CACHE"
          },
          {
            "path": ":spring-context:compileTestKotlin",
            "outcome": "FROM_CACHE"
          },
          {
            "path": ":spring-context:jar",
            "outcome": "EXECUTED"
          },
          {
            "path": ":spring-context:processResources",
            "outcome": "EXECUTED"
          },
          {
            "path": ":spring-context:processTestFixturesResources",
            "outcome": "NO_SOURCE"
          },
          {
            "path": ":spring-context:processTestResources",
            "outcome": "EXECUTED"
          },
          {
            "path": ":spring-context:testClasses",
            "outcome": "EXECUTED"
          },
          {
            "path": ":spring-context:testFixturesClasses",
            "outcome": "UP_TO_DATE"
          },
          {
            "path": ":spring-context:testFixturesJar",
            "outcome": "EXECUTED"
          },
          {
            "path": ":spring-core-test:compileJava",
            "outcome": "FROM_CACHE"
          },
          {
            "path": ":spring-core-test:compileTestFixturesJava",
            "outcome": "NO_SOURCE"
          },
          {
            "path": ":spring-core-test:compileTestJava",
            "outcome": "FROM_CACHE"
          },
          {
            "path": ":spring-core-test:processTestResources",
            "outcome": "EXECUTED"
          },
          {
            "path": ":spring-core-test:testClasses",
            "outcome": "EXECUTED"
          },
          {
            "path": ":spring-core:checkKotlinGradlePluginConfigurationErrors",
            "outcome": "SKIPPED"
          },
          {
            "path": ":spring-core:classes",
            "outcome": "EXECUTED"
          },
          {
            "path": ":spring-core:compileJava",
            "outcome": "FROM_CACHE"
          },
          {
            "path": ":spring-core:compileJava21Java",
            "outcome": "FROM_CACHE"
          },
          {
            "path": ":spring-core:compileJava21Kotlin",
            "outcome": "NO_SOURCE"
          },
          {
            "path": ":spring-core:compileJava24Java",
            "outcome": "FROM_CACHE"
          },
          {
            "path": ":spring-core:compileJava24Kotlin",
            "outcome": "NO_SOURCE"
          },
          {
            "path": ":spring-core:compileKotlin",
            "outcome": "FROM_CACHE"
          },
          {
            "path": ":spring-core:compileTestFixturesJava",
            "outcome": "FROM_CACHE"
          },
          {
            "path": ":spring-core:compileTestFixturesKotlin",
            "outcome": "NO_SOURCE"
          },
          {
            "path": ":spring-core:compileTestJava",
            "outcome": "FROM_CACHE"
          },
          {
            "path": ":spring-core:compileTestKotlin",
            "outcome": "FROM_CACHE"
          },
          {
            "path": ":spring-core:jar",
            "outcome": "EXECUTED"
          },
          {
            "path": ":spring-core:java21Classes",
            "outcome": "UP_TO_DATE"
          },
          {
            "path": ":spring-core:java24Classes",
            "outcome": "UP_TO_DATE"
          },
          {
            "path": ":spring-core:javapoetRepackJar",
            "outcome": "FROM_CACHE"
          },
          {
            "path": ":spring-core:objenesisRepackJar",
            "outcome": "FROM_CACHE"
          },
          {
            "path": ":spring-core:processJava21Resources",
            "outcome": "NO_SOURCE"
          },
          {
            "path": ":spring-core:processJava24Resources",
            "outcome": "NO_SOURCE"
          },
          {
            "path": ":spring-core:processResources",
            "outcome": "EXECUTED"
          },
          {
            "path": ":spring-core:processTestFixturesResources",
            "outcome": "NO_SOURCE"
          },
          {
            "path": ":spring-core:processTestResources",
            "outcome": "EXECUTED"
          },
          {
            "path": ":spring-core:testClasses",
            "outcome": "EXECUTED"
          },
          {
            "path": ":spring-core:testFixturesClasses",
            "outcome": "UP_TO_DATE"
          },
          {
            "path": ":spring-core:testFixturesJar",
            "outcome": "EXECUTED"
          },
          {
            "path": ":spring-expression:checkKotlinGradlePluginConfigurationErrors",
            "outcome": "SKIPPED"
          },
          {
            "path": ":spring-expression:classes",
            "outcome": "UP_TO_DATE"
          },
          {
            "path": ":spring-expression:compileJava",
            "outcome": "FROM_CACHE"
          },
          {
            "path": ":spring-expression:compileKotlin",
            "outcome": "NO_SOURCE"
          },
          {
            "path": ":spring-expression:compileTestFixturesJava",
            "outcome": "NO_SOURCE"
          },
          {
            "path": ":spring-expression:compileTestFixturesKotlin",
            "outcome": "NO_SOURCE"
          },
          {
            "path": ":spring-expression:compileTestJava",
            "outcome": "FROM_CACHE"
          },
          {
            "path": ":spring-expression:compileTestKotlin",
            "outcome": "FROM_CACHE"
          },
          {
            "path": ":spring-expression:jar",
            "outcome": "EXECUTED"
          },
          {
            "path": ":spring-expression:processResources",
            "outcome": "NO_SOURCE"
          },
          {
            "path": ":spring-expression:processTestFixturesResources",
            "outcome": "NO_SOURCE"
          },
          {
            "path": ":spring-expression:processTestResources",
            "outcome": "EXECUTED"
          },
          {
            "path": ":spring-expression:testClasses",
            "outcome": "EXECUTED"
          },
          {
            "path": ":spring-expression:testFixturesClasses",
            "outcome": "UP_TO_DATE"
          },
          {
            "path": ":spring-expression:testFixturesJar",
            "outcome": "EXECUTED"
          },
          {
            "path": ":spring-instrument:compileJava",
            "outcome": "FROM_CACHE"
          },
          {
            "path": ":spring-instrument:compileTestFixturesJava",
            "outcome": "NO_SOURCE"
          },
          {
            "path": ":spring-instrument:compileTestJava",
            "outcome": "NO_SOURCE"
          },
          {
            "path": ":spring-instrument:processTestResources",
            "outcome": "NO_SOURCE"
          },
          {
            "path": ":spring-instrument:testClasses",
            "outcome": "UP_TO_DATE"
          },
          {
            "path": ":spring-jdbc:checkKotlinGradlePluginConfigurationErrors",
            "outcome": "SKIPPED"
          },
          {
            "path": ":spring-jdbc:classes",
            "outcome": "EXECUTED"
          },
          {
            "path": ":spring-jdbc:compileJava",
            "outcome": "FROM_CACHE"
          },
          {
            "path": ":spring-jdbc:compileKotlin",
            "outcome": "FROM_CACHE"
          },
          {
            "path": ":spring-jdbc:compileTestFixturesJava",
            "outcome": "NO_SOURCE"
          },
          {
            "path": ":spring-jdbc:compileTestFixturesKotlin",
            "outcome": "NO_SOURCE"
          },
          {
            "path": ":spring-jdbc:compileTestJava",
            "outcome": "FROM_CACHE"
          },
          {
            "path": ":spring-jdbc:compileTestKotlin",
            "outcome": "FROM_CACHE"
          },
          {
            "path": ":spring-jdbc:jar",
            "outcome": "EXECUTED"
          },
          {
            "path": ":spring-jdbc:processResources",
            "outcome": "EXECUTED"
          },
          {
            "path": ":spring-jdbc:processTestFixturesResources",
            "outcome": "NO_SOURCE"
          },
          {
            "path": ":spring-jdbc:processTestResources",
            "outcome": "EXECUTED"
          },
          {
            "path": ":spring-jdbc:testClasses",
            "outcome": "EXECUTED"
          },
          {
            "path": ":spring-jdbc:testFixturesClasses",
            "outcome": "UP_TO_DATE"
          },
          {
            "path": ":spring-jdbc:testFixturesJar",
            "outcome": "EXECUTED"
          },
          {
            "path": ":spring-jms:compileJava",
            "outcome": "EXECUTED"
          },
          {
            "path": ":spring-jms:compileTestFixturesJava",
            "outcome": "NO_SOURCE"
          },
          {
            "path": ":spring-jms:compileTestJava",
            "outcome": "FROM_CACHE"
          },
          {
            "path": ":spring-jms:processTestResources",
            "outcome": "EXECUTED"
          },
          {
            "path": ":spring-jms:testClasses",
            "outcome": "EXECUTED"
          },
          {
            "path": ":spring-messaging:checkKotlinGradlePluginConfigurationErrors",
            "outcome": "SKIPPED"
          },
          {
            "path": ":spring-messaging:classes",
            "outcome": "EXECUTED"
          },
          {
            "path": ":spring-messaging:compileJava",
            "outcome": "FROM_CACHE"
          },
          {
            "path": ":spring-messaging:compileKotlin",
            "outcome": "FROM_CACHE"
          },
          {
            "path": ":spring-messaging:compileTestFixturesJava",
            "outcome": "NO_SOURCE"
          },
          {
            "path": ":spring-messaging:compileTestFixturesKotlin",
            "outcome": "NO_SOURCE"
          },
          {
            "path": ":spring-messaging:compileTestJava",
            "outcome": "FROM_CACHE"
          },
          {
            "path": ":spring-messaging:compileTestKotlin",
            "outcome": "FROM_CACHE"
          },
          {
            "path": ":spring-messaging:jar",
            "outcome": "EXECUTED"
          },
          {
            "path": ":spring-messaging:processResources",
            "outcome": "EXECUTED"
          },
          {
            "path": ":spring-messaging:processTestFixturesResources",
            "outcome": "NO_SOURCE"
          },
          {
            "path": ":spring-messaging:processTestResources",
            "outcome": "EXECUTED"
          },
          {
            "path": ":spring-messaging:testClasses",
            "outcome": "EXECUTED"
          },
          {
            "path": ":spring-messaging:testFixturesClasses",
            "outcome": "UP_TO_DATE"
          },
          {
            "path": ":spring-messaging:testFixturesJar",
            "outcome": "EXECUTED"
          },
          {
            "path": ":spring-orm:compileJava",
            "outcome": "FROM_CACHE"
          },
          {
            "path": ":spring-orm:compileTestFixturesJava",
            "outcome": "NO_SOURCE"
          },
          {
            "path": ":spring-orm:compileTestJava",
            "outcome": "FROM_CACHE"
          },
          {
            "path": ":spring-orm:processTestResources",
            "outcome": "EXECUTED"
          },
          {
            "path": ":spring-orm:testClasses",
            "outcome": "EXECUTED"
          },
          {
            "path": ":spring-oxm:compileJava",
            "outcome": "FROM_CACHE"
          },
          {
            "path": ":spring-oxm:compileTestFixturesJava",
            "outcome": "NO_SOURCE"
          },
          {
            "path": ":spring-oxm:compileTestJava",
            "outcome": "FROM_CACHE"
          },
          {
            "path": ":spring-oxm:processTestResources",
            "outcome": "EXECUTED"
          },
          {
            "path": ":spring-oxm:testClasses",
            "outcome": "EXECUTED"
          },
          {
            "path": ":spring-oxm:xjc",
            "outcome": "FROM_CACHE"
          },
          {
            "path": ":spring-r2dbc:checkKotlinGradlePluginConfigurationErrors",
            "outcome": "SKIPPED"
          },
          {
            "path": ":spring-r2dbc:classes",
            "outcome": "EXECUTED"
          },
          {
            "path": ":spring-r2dbc:compileJava",
            "outcome": "FROM_CACHE"
          },
          {
            "path": ":spring-r2dbc:compileKotlin",
            "outcome": "FROM_CACHE"
          },
          {
            "path": ":spring-r2dbc:compileTestFixturesJava",
            "outcome": "NO_SOURCE"
          },
          {
            "path": ":spring-r2dbc:compileTestFixturesKotlin",
            "outcome": "NO_SOURCE"
          },
          {
            "path": ":spring-r2dbc:compileTestJava",
            "outcome": "FROM_CACHE"
          },
          {
            "path": ":spring-r2dbc:compileTestKotlin",
            "outcome": "FROM_CACHE"
          },
          {
            "path": ":spring-r2dbc:jar",
            "outcome": "EXECUTED"
          },
          {
            "path": ":spring-r2dbc:processResources",
            "outcome": "EXECUTED"
          },
          {
            "path": ":spring-r2dbc:processTestFixturesResources",
            "outcome": "NO_SOURCE"
          },
          {
            "path": ":spring-r2dbc:processTestResources",
            "outcome": "EXECUTED"
          },
          {
            "path": ":spring-r2dbc:testClasses",
            "outcome": "EXECUTED"
          },
          {
            "path": ":spring-r2dbc:testFixturesClasses",
            "outcome": "UP_TO_DATE"
          },
          {
            "path": ":spring-r2dbc:testFixturesJar",
            "outcome": "EXECUTED"
          },
          {
            "path": ":spring-test:checkKotlinGradlePluginConfigurationErrors",
            "outcome": "SKIPPED"
          },
          {
            "path": ":spring-test:classes",
            "outcome": "EXECUTED"
          },
          {
            "path": ":spring-test:compileJava",
            "outcome": "FROM_CACHE"
          },
          {
            "path": ":spring-test:compileKotlin",
            "outcome": "FROM_CACHE"
          },
          {
            "path": ":spring-test:compileTestFixturesJava",
            "outcome": "NO_SOURCE"
          },
          {
            "path": ":spring-test:compileTestFixturesKotlin",
            "outcome": "NO_SOURCE"
          },
          {
            "path": ":spring-test:compileTestJava",
            "outcome": "FROM_CACHE"
          },
          {
            "path": ":spring-test:compileTestKotlin",
            "outcome": "FROM_CACHE"
          },
          {
            "path": ":spring-test:jar",
            "outcome": "EXECUTED"
          },
          {
            "path": ":spring-test:processResources",
            "outcome": "EXECUTED"
          },
          {
            "path": ":spring-test:processTestFixturesResources",
            "outcome": "NO_SOURCE"
          },
          {
            "path": ":spring-test:processTestResources",
            "outcome": "EXECUTED"
          },
          {
            "path": ":spring-test:testClasses",
            "outcome": "EXECUTED"
          },
          {
            "path": ":spring-test:testFixturesClasses",
            "outcome": "UP_TO_DATE"
          },
          {
            "path": ":spring-test:testFixturesJar",
            "outcome": "EXECUTED"
          },
          {
            "path": ":spring-tx:checkKotlinGradlePluginConfigurationErrors",
            "outcome": "SKIPPED"
          },
          {
            "path": ":spring-tx:classes",
            "outcome": "EXECUTED"
          },
          {
            "path": ":spring-tx:compileJava",
            "outcome": "FROM_CACHE"
          },
          {
            "path": ":spring-tx:compileKotlin",
            "outcome": "FROM_CACHE"
          },
          {
            "path": ":spring-tx:compileTestFixturesJava",
            "outcome": "FROM_CACHE"
          },
          {
            "path": ":spring-tx:compileTestFixturesKotlin",
            "outcome": "NO_SOURCE"
          },
          {
            "path": ":spring-tx:compileTestJava",
            "outcome": "FROM_CACHE"
          },
          {
            "path": ":spring-tx:compileTestKotlin",
            "outcome": "FROM_CACHE"
          },
          {
            "path": ":spring-tx:jar",
            "outcome": "EXECUTED"
          },
          {
            "path": ":spring-tx:processResources",
            "outcome": "EXECUTED"
          },
          {
            "path": ":spring-tx:processTestFixturesResources",
            "outcome": "NO_SOURCE"
          },
          {
            "path": ":spring-tx:processTestResources",
            "outcome": "EXECUTED"
          },
          {
            "path": ":spring-tx:testClasses",
            "outcome": "EXECUTED"
          },
          {
            "path": ":spring-tx:testFixturesClasses",
            "outcome": "UP_TO_DATE"
          },
          {
            "path": ":spring-tx:testFixturesJar",
            "outcome": "EXECUTED"
          },
          {
            "path": ":spring-web:checkKotlinGradlePluginConfigurationErrors",
            "outcome": "SKIPPED"
          },
          {
            "path": ":spring-web:classes",
            "outcome": "EXECUTED"
          },
          {
            "path": ":spring-web:compileJava",
            "outcome": "FROM_CACHE"
          },
          {
            "path": ":spring-web:compileKotlin",
            "outcome": "FROM_CACHE"
          },
          {
            "path": ":spring-web:compileTestFixturesJava",
            "outcome": "FROM_CACHE"
          },
          {
            "path": ":spring-web:compileTestFixturesKotlin",
            "outcome": "NO_SOURCE"
          },
          {
            "path": ":spring-web:compileTestJava",
            "outcome": "FROM_CACHE"
          },
          {
            "path": ":spring-web:compileTestKotlin",
            "outcome": "FROM_CACHE"
          },
          {
            "path": ":spring-web:jar",
            "outcome": "EXECUTED"
          },
          {
            "path": ":spring-web:processResources",
            "outcome": "EXECUTED"
          },
          {
            "path": ":spring-web:processTestFixturesResources",
            "outcome": "EXECUTED"
          },
          {
            "path": ":spring-web:processTestResources",
            "outcome": "EXECUTED"
          },
          {
            "path": ":spring-web:testClasses",
            "outcome": "EXECUTED"
          },
          {
            "path": ":spring-web:testFixturesClasses",
            "outcome": "EXECUTED"
          },
          {
            "path": ":spring-web:testFixturesJar",
            "outcome": "EXECUTED"
          },
          {
            "path": ":spring-webflux:checkKotlinGradlePluginConfigurationErrors",
            "outcome": "SKIPPED"
          },
          {
            "path": ":spring-webflux:classes",
            "outcome": "EXECUTED"
          },
          {
            "path": ":spring-webflux:compileJava",
            "outcome": "FROM_CACHE"
          },
          {
            "path": ":spring-webflux:compileKotlin",
            "outcome": "FROM_CACHE"
          },
          {
            "path": ":spring-webflux:compileTestFixturesJava",
            "outcome": "NO_SOURCE"
          },
          {
            "path": ":spring-webflux:compileTestFixturesKotlin",
            "outcome": "NO_SOURCE"
          },
          {
            "path": ":spring-webflux:compileTestJava",
            "outcome": "FROM_CACHE"
          },
          {
            "path": ":spring-webflux:compileTestKotlin",
            "outcome": "FROM_CACHE"
          },
          {
            "path": ":spring-webflux:jar",
            "outcome": "EXECUTED"
          },
          {
            "path": ":spring-webflux:processResources",
            "outcome": "EXECUTED"
          },
          {
            "path": ":spring-webflux:processTestFixturesResources",
            "outcome": "NO_SOURCE"
          },
          {
            "path": ":spring-webflux:processTestResources",
            "outcome": "EXECUTED"
          },
          {
            "path": ":spring-webflux:testClasses",
            "outcome": "EXECUTED"
          },
          {
            "path": ":spring-webflux:testFixturesClasses",
            "outcome": "UP_TO_DATE"
          },
          {
            "path": ":spring-webflux:testFixturesJar",
            "outcome": "EXECUTED"
          },
          {
            "path": ":spring-webmvc:checkKotlinGradlePluginConfigurationErrors",
            "outcome": "SKIPPED"
          },
          {
            "path": ":spring-webmvc:classes",
            "outcome": "EXECUTED"
          },
          {
            "path": ":spring-webmvc:compileJava",
            "outcome": "FROM_CACHE"
          },
          {
            "path": ":spring-webmvc:compileKotlin",
            "outcome": "FROM_CACHE"
          },
          {
            "path": ":spring-webmvc:compileTestFixturesJava",
            "outcome": "NO_SOURCE"
          },
          {
            "path": ":spring-webmvc:compileTestFixturesKotlin",
            "outcome": "NO_SOURCE"
          },
          {
            "path": ":spring-webmvc:compileTestJava",
            "outcome": "FROM_CACHE"
          },
          {
            "path": ":spring-webmvc:compileTestKotlin",
            "outcome": "FROM_CACHE"
          },
          {
            "path": ":spring-webmvc:jar",
            "outcome": "EXECUTED"
          },
          {
            "path": ":spring-webmvc:processResources",
            "outcome": "EXECUTED"
          },
          {
            "path": ":spring-webmvc:processTestFixturesResources",
            "outcome": "NO_SOURCE"
          },
          {
            "path": ":spring-webmvc:processTestResources",
            "outcome": "EXECUTED"
          },
          {
            "path": ":spring-webmvc:testClasses",
            "outcome": "EXECUTED"
          },
          {
            "path": ":spring-webmvc:testFixturesClasses",
            "outcome": "UP_TO_DATE"
          },
          {
            "path": ":spring-webmvc:testFixturesJar",
            "outcome": "EXECUTED"
          },
          {
            "path": ":spring-websocket:compileJava",
            "outcome": "FROM_CACHE"
          },
          {
            "path": ":spring-websocket:compileTestFixturesJava",
            "outcome": "NO_SOURCE"
          },
          {
            "path": ":spring-websocket:compileTestJava",
            "outcome": "FROM_CACHE"
          },
          {
            "path": ":spring-websocket:processTestResources",
            "outcome": "EXECUTED"
          },
          {
            "path": ":spring-websocket:testClasses",
            "outcome": "EXECUTED"
          },
          {
            "path": ":testClasses",
            "outcome": "UP_TO_DATE"
          }
        ]
      },
      "candidateTaskOutcomes": {
        "total": 56,
        "executed": 14,
        "fromCache": 26,
        "upToDate": 2,
        "noSource": 7,
        "skipped": 7,
        "fingerprintSha256": "af08640256e4ce968a02546a34fd5e7b170359e73fd1255332a0b813d6a2b3f6",
        "tasks": [
          {
            "path": ":buildSrc:check",
            "outcome": "UP_TO_DATE"
          },
          {
            "path": ":buildSrc:checkstyleMain",
            "outcome": "FROM_CACHE"
          },
          {
            "path": ":buildSrc:checkstyleTest",
            "outcome": "FROM_CACHE"
          },
          {
            "path": ":buildSrc:classes",
            "outcome": "EXECUTED"
          },
          {
            "path": ":buildSrc:compileGroovy",
            "outcome": "NO_SOURCE"
          },
          {
            "path": ":buildSrc:compileJava",
            "outcome": "FROM_CACHE"
          },
          {
            "path": ":buildSrc:compileTestGroovy",
            "outcome": "NO_SOURCE"
          },
          {
            "path": ":buildSrc:compileTestJava",
            "outcome": "FROM_CACHE"
          },
          {
            "path": ":buildSrc:jar",
            "outcome": "EXECUTED"
          },
          {
            "path": ":buildSrc:pluginDescriptors",
            "outcome": "EXECUTED"
          },
          {
            "path": ":buildSrc:pluginUnderTestMetadata",
            "outcome": "EXECUTED"
          },
          {
            "path": ":buildSrc:processResources",
            "outcome": "EXECUTED"
          },
          {
            "path": ":buildSrc:processTestResources",
            "outcome": "NO_SOURCE"
          },
          {
            "path": ":buildSrc:test",
            "outcome": "FROM_CACHE"
          },
          {
            "path": ":buildSrc:testClasses",
            "outcome": "UP_TO_DATE"
          },
          {
            "path": ":buildSrc:validatePlugins",
            "outcome": "FROM_CACHE"
          },
          {
            "path": ":spring-aop:checkKotlinGradlePluginConfigurationErrors",
            "outcome": "SKIPPED"
          },
          {
            "path": ":spring-aop:compileJava",
            "outcome": "FROM_CACHE"
          },
          {
            "path": ":spring-aop:compileKotlin",
            "outcome": "NO_SOURCE"
          },
          {
            "path": ":spring-beans:checkKotlinGradlePluginConfigurationErrors",
            "outcome": "SKIPPED"
          },
          {
            "path": ":spring-beans:classes",
            "outcome": "EXECUTED"
          },
          {
            "path": ":spring-beans:compileJava",
            "outcome": "FROM_CACHE"
          },
          {
            "path": ":spring-beans:compileKotlin",
            "outcome": "FROM_CACHE"
          },
          {
            "path": ":spring-beans:compileTestFixturesJava",
            "outcome": "FROM_CACHE"
          },
          {
            "path": ":spring-beans:compileTestFixturesKotlin",
            "outcome": "FROM_CACHE"
          },
          {
            "path": ":spring-beans:jar",
            "outcome": "EXECUTED"
          },
          {
            "path": ":spring-beans:processResources",
            "outcome": "EXECUTED"
          },
          {
            "path": ":spring-context:checkKotlinGradlePluginConfigurationErrors",
            "outcome": "SKIPPED"
          },
          {
            "path": ":spring-context:compileJava",
            "outcome": "FROM_CACHE"
          },
          {
            "path": ":spring-context:compileKotlin",
            "outcome": "FROM_CACHE"
          },
          {
            "path": ":spring-core:checkKotlinGradlePluginConfigurationErrors",
            "outcome": "SKIPPED"
          },
          {
            "path": ":spring-core:compileJava",
            "outcome": "FROM_CACHE"
          },
          {
            "path": ":spring-core:compileKotlin",
            "outcome": "FROM_CACHE"
          },
          {
            "path": ":spring-core:javapoetRepackJar",
            "outcome": "FROM_CACHE"
          },
          {
            "path": ":spring-core:objenesisRepackJar",
            "outcome": "FROM_CACHE"
          },
          {
            "path": ":spring-expression:checkKotlinGradlePluginConfigurationErrors",
            "outcome": "SKIPPED"
          },
          {
            "path": ":spring-expression:compileJava",
            "outcome": "FROM_CACHE"
          },
          {
            "path": ":spring-expression:compileKotlin",
            "outcome": "NO_SOURCE"
          },
          {
            "path": ":spring-instrument:compileJava",
            "outcome": "FROM_CACHE"
          },
          {
            "path": ":spring-jms:compileJava",
            "outcome": "EXECUTED"
          },
          {
            "path": ":spring-jms:compileTestFixturesJava",
            "outcome": "NO_SOURCE"
          },
          {
            "path": ":spring-jms:compileTestJava",
            "outcome": "FROM_CACHE"
          },
          {
            "path": ":spring-jms:processTestResources",
            "outcome": "EXECUTED"
          },
          {
            "path": ":spring-jms:testClasses",
            "outcome": "EXECUTED"
          },
          {
            "path": ":spring-messaging:checkKotlinGradlePluginConfigurationErrors",
            "outcome": "SKIPPED"
          },
          {
            "path": ":spring-messaging:compileJava",
            "outcome": "FROM_CACHE"
          },
          {
            "path": ":spring-messaging:compileKotlin",
            "outcome": "FROM_CACHE"
          },
          {
            "path": ":spring-oxm:compileJava",
            "outcome": "FROM_CACHE"
          },
          {
            "path": ":spring-tx:checkKotlinGradlePluginConfigurationErrors",
            "outcome": "SKIPPED"
          },
          {
            "path": ":spring-tx:classes",
            "outcome": "EXECUTED"
          },
          {
            "path": ":spring-tx:compileJava",
            "outcome": "FROM_CACHE"
          },
          {
            "path": ":spring-tx:compileKotlin",
            "outcome": "FROM_CACHE"
          },
          {
            "path": ":spring-tx:compileTestFixturesJava",
            "outcome": "FROM_CACHE"
          },
          {
            "path": ":spring-tx:compileTestFixturesKotlin",
            "outcome": "NO_SOURCE"
          },
          {
            "path": ":spring-tx:jar",
            "outcome": "EXECUTED"
          },
          {
            "path": ":spring-tx:processResources",
            "outcome": "EXECUTED"
          }
        ]
      },
      "controlHostPressure": {
        "available": true,
        "cpuSomeTotalUs": 97324,
        "memorySomeTotalUs": 0,
        "memoryFullTotalUs": 0,
        "ioSomeTotalUs": 9868734,
        "ioFullTotalUs": 7143919
      },
      "candidateHostPressure": {
        "available": true,
        "cpuSomeTotalUs": 23053,
        "memorySomeTotalUs": 686,
        "memoryFullTotalUs": 685,
        "ioSomeTotalUs": 7828293,
        "ioFullTotalUs": 7044351
      }
    },
    {
      "pair": 2,
      "order": "CANDIDATE_FIRST",
      "controlDurationMs": 12958,
      "candidateDurationMs": 12581,
      "savedMs": 377,
      "controlRequiredOutputSha256": "c1de7856f3bfbec061af1a6a147e489da0bd960aca43bf326e51372c2ca5d629",
      "candidateRequiredOutputSha256": "c1de7856f3bfbec061af1a6a147e489da0bd960aca43bf326e51372c2ca5d629",
      "requiredOutputCount": 378,
      "productAttributableFailure": false,
      "controlLogSha256": "c3cba65a2af0ddf75ae57f39f07986a6305c1a15abf19cd0301c4d97efee3654",
      "candidateLogSha256": "0b45a8e874befa6bb31a7e098772df8bc2b85625db9009cf12303b8b1f3153be",
      "controlTaskOutcomes": {
        "total": 305,
        "executed": 109,
        "fromCache": 89,
        "upToDate": 23,
        "noSource": 65,
        "skipped": 19,
        "fingerprintSha256": "85399d45cd2d3615162148545d5babb68fb708dbdd29a2e2991b8e65724ce6a7",
        "tasks": [
          {
            "path": ":buildSrc:check",
            "outcome": "UP_TO_DATE"
          },
          {
            "path": ":buildSrc:checkstyleMain",
            "outcome": "FROM_CACHE"
          },
          {
            "path": ":buildSrc:checkstyleTest",
            "outcome": "FROM_CACHE"
          },
          {
            "path": ":buildSrc:classes",
            "outcome": "EXECUTED"
          },
          {
            "path": ":buildSrc:compileGroovy",
            "outcome": "NO_SOURCE"
          },
          {
            "path": ":buildSrc:compileJava",
            "outcome": "FROM_CACHE"
          },
          {
            "path": ":buildSrc:compileTestGroovy",
            "outcome": "NO_SOURCE"
          },
          {
            "path": ":buildSrc:compileTestJava",
            "outcome": "FROM_CACHE"
          },
          {
            "path": ":buildSrc:jar",
            "outcome": "EXECUTED"
          },
          {
            "path": ":buildSrc:pluginDescriptors",
            "outcome": "EXECUTED"
          },
          {
            "path": ":buildSrc:pluginUnderTestMetadata",
            "outcome": "EXECUTED"
          },
          {
            "path": ":buildSrc:processResources",
            "outcome": "EXECUTED"
          },
          {
            "path": ":buildSrc:processTestResources",
            "outcome": "NO_SOURCE"
          },
          {
            "path": ":buildSrc:test",
            "outcome": "FROM_CACHE"
          },
          {
            "path": ":buildSrc:testClasses",
            "outcome": "UP_TO_DATE"
          },
          {
            "path": ":buildSrc:validatePlugins",
            "outcome": "FROM_CACHE"
          },
          {
            "path": ":classes",
            "outcome": "UP_TO_DATE"
          },
          {
            "path": ":compileJava",
            "outcome": "NO_SOURCE"
          },
          {
            "path": ":compileTestFixturesJava",
            "outcome": "NO_SOURCE"
          },
          {
            "path": ":compileTestJava",
            "outcome": "NO_SOURCE"
          },
          {
            "path": ":framework-docs:checkKotlinGradlePluginConfigurationErrors",
            "outcome": "SKIPPED"
          },
          {
            "path": ":framework-docs:classes",
            "outcome": "EXECUTED"
          },
          {
            "path": ":framework-docs:compileJava",
            "outcome": "FROM_CACHE"
          },
          {
            "path": ":framework-docs:compileKotlin",
            "outcome": "FROM_CACHE"
          },
          {
            "path": ":framework-docs:compileTestJava",
            "outcome": "NO_SOURCE"
          },
          {
            "path": ":framework-docs:compileTestKotlin",
            "outcome": "NO_SOURCE"
          },
          {
            "path": ":framework-docs:jar",
            "outcome": "SKIPPED"
          },
          {
            "path": ":framework-docs:processResources",
            "outcome": "EXECUTED"
          },
          {
            "path": ":framework-docs:processTestResources",
            "outcome": "NO_SOURCE"
          },
          {
            "path": ":framework-docs:testClasses",
            "outcome": "UP_TO_DATE"
          },
          {
            "path": ":integration-tests:checkKotlinGradlePluginConfigurationErrors",
            "outcome": "SKIPPED"
          },
          {
            "path": ":integration-tests:classes",
            "outcome": "UP_TO_DATE"
          },
          {
            "path": ":integration-tests:compileJava",
            "outcome": "NO_SOURCE"
          },
          {
            "path": ":integration-tests:compileKotlin",
            "outcome": "NO_SOURCE"
          },
          {
            "path": ":integration-tests:compileTestFixturesJava",
            "outcome": "NO_SOURCE"
          },
          {
            "path": ":integration-tests:compileTestFixturesKotlin",
            "outcome": "NO_SOURCE"
          },
          {
            "path": ":integration-tests:compileTestJava",
            "outcome": "FROM_CACHE"
          },
          {
            "path": ":integration-tests:compileTestKotlin",
            "outcome": "FROM_CACHE"
          },
          {
            "path": ":integration-tests:jar",
            "outcome": "EXECUTED"
          },
          {
            "path": ":integration-tests:processResources",
            "outcome": "NO_SOURCE"
          },
          {
            "path": ":integration-tests:processTestFixturesResources",
            "outcome": "NO_SOURCE"
          },
          {
            "path": ":integration-tests:processTestResources",
            "outcome": "EXECUTED"
          },
          {
            "path": ":integration-tests:testClasses",
            "outcome": "EXECUTED"
          },
          {
            "path": ":integration-tests:testFixturesClasses",
            "outcome": "UP_TO_DATE"
          },
          {
            "path": ":integration-tests:testFixturesJar",
            "outcome": "EXECUTED"
          },
          {
            "path": ":jar",
            "outcome": "EXECUTED"
          },
          {
            "path": ":processResources",
            "outcome": "NO_SOURCE"
          },
          {
            "path": ":processTestResources",
            "outcome": "NO_SOURCE"
          },
          {
            "path": ":spring-aop:checkKotlinGradlePluginConfigurationErrors",
            "outcome": "SKIPPED"
          },
          {
            "path": ":spring-aop:classes",
            "outcome": "EXECUTED"
          },
          {
            "path": ":spring-aop:compileJava",
            "outcome": "FROM_CACHE"
          },
          {
            "path": ":spring-aop:compileKotlin",
            "outcome": "NO_SOURCE"
          },
          {
            "path": ":spring-aop:compileTestFixturesJava",
            "outcome": "FROM_CACHE"
          },
          {
            "path": ":spring-aop:compileTestFixturesKotlin",
            "outcome": "NO_SOURCE"
          },
          {
            "path": ":spring-aop:compileTestJava",
            "outcome": "FROM_CACHE"
          },
          {
            "path": ":spring-aop:compileTestKotlin",
            "outcome": "FROM_CACHE"
          },
          {
            "path": ":spring-aop:jar",
            "outcome": "EXECUTED"
          },
          {
            "path": ":spring-aop:processResources",
            "outcome": "EXECUTED"
          },
          {
            "path": ":spring-aop:processTestFixturesResources",
            "outcome": "NO_SOURCE"
          },
          {
            "path": ":spring-aop:processTestResources",
            "outcome": "EXECUTED"
          },
          {
            "path": ":spring-aop:testClasses",
            "outcome": "EXECUTED"
          },
          {
            "path": ":spring-aop:testFixturesClasses",
            "outcome": "UP_TO_DATE"
          },
          {
            "path": ":spring-aop:testFixturesJar",
            "outcome": "EXECUTED"
          },
          {
            "path": ":spring-aspects:classes",
            "outcome": "EXECUTED"
          },
          {
            "path": ":spring-aspects:compileAspectj",
            "outcome": "FROM_CACHE"
          },
          {
            "path": ":spring-aspects:compileJava",
            "outcome": "SKIPPED"
          },
          {
            "path": ":spring-aspects:compileTestAspectj",
            "outcome": "FROM_CACHE"
          },
          {
            "path": ":spring-aspects:compileTestFixturesAspectj",
            "outcome": "NO_SOURCE"
          },
          {
            "path": ":spring-aspects:compileTestFixturesJava",
            "outcome": "SKIPPED"
          },
          {
            "path": ":spring-aspects:compileTestJava",
            "outcome": "SKIPPED"
          },
          {
            "path": ":spring-aspects:processResources",
            "outcome": "EXECUTED"
          },
          {
            "path": ":spring-aspects:processTestResources",
            "outcome": "EXECUTED"
          },
          {
            "path": ":spring-aspects:testClasses",
            "outcome": "EXECUTED"
          },
          {
            "path": ":spring-beans:checkKotlinGradlePluginConfigurationErrors",
            "outcome": "SKIPPED"
          },
          {
            "path": ":spring-beans:classes",
            "outcome": "EXECUTED"
          },
          {
            "path": ":spring-beans:compileJava",
            "outcome": "FROM_CACHE"
          },
          {
            "path": ":spring-beans:compileKotlin",
            "outcome": "FROM_CACHE"
          },
          {
            "path": ":spring-beans:compileTestFixturesJava",
            "outcome": "FROM_CACHE"
          },
          {
            "path": ":spring-beans:compileTestFixturesKotlin",
            "outcome": "FROM_CACHE"
          },
          {
            "path": ":spring-beans:compileTestJava",
            "outcome": "FROM_CACHE"
          },
          {
            "path": ":spring-beans:compileTestKotlin",
            "outcome": "FROM_CACHE"
          },
          {
            "path": ":spring-beans:jar",
            "outcome": "EXECUTED"
          },
          {
            "path": ":spring-beans:processResources",
            "outcome": "EXECUTED"
          },
          {
            "path": ":spring-beans:processTestFixturesResources",
            "outcome": "EXECUTED"
          },
          {
            "path": ":spring-beans:processTestResources",
            "outcome": "EXECUTED"
          },
          {
            "path": ":spring-beans:testClasses",
            "outcome": "EXECUTED"
          },
          {
            "path": ":spring-beans:testFixturesClasses",
            "outcome": "EXECUTED"
          },
          {
            "path": ":spring-beans:testFixturesJar",
            "outcome": "EXECUTED"
          },
          {
            "path": ":spring-context-indexer:compileJava",
            "outcome": "FROM_CACHE"
          },
          {
            "path": ":spring-context-indexer:compileTestFixturesJava",
            "outcome": "NO_SOURCE"
          },
          {
            "path": ":spring-context-indexer:compileTestJava",
            "outcome": "FROM_CACHE"
          },
          {
            "path": ":spring-context-indexer:processTestResources",
            "outcome": "NO_SOURCE"
          },
          {
            "path": ":spring-context-indexer:testClasses",
            "outcome": "UP_TO_DATE"
          },
          {
            "path": ":spring-context-support:compileJava",
            "outcome": "FROM_CACHE"
          },
          {
            "path": ":spring-context-support:compileTestFixturesJava",
            "outcome": "FROM_CACHE"
          },
          {
            "path": ":spring-context-support:compileTestJava",
            "outcome": "FROM_CACHE"
          },
          {
            "path": ":spring-context-support:processTestResources",
            "outcome": "EXECUTED"
          },
          {
            "path": ":spring-context-support:testClasses",
            "outcome": "EXECUTED"
          },
          {
            "path": ":spring-context:checkKotlinGradlePluginConfigurationErrors",
            "outcome": "SKIPPED"
          },
          {
            "path": ":spring-context:classes",
            "outcome": "EXECUTED"
          },
          {
            "path": ":spring-context:compileJava",
            "outcome": "FROM_CACHE"
          },
          {
            "path": ":spring-context:compileKotlin",
            "outcome": "FROM_CACHE"
          },
          {
            "path": ":spring-context:compileTestFixturesJava",
            "outcome": "FROM_CACHE"
          },
          {
            "path": ":spring-context:compileTestFixturesKotlin",
            "outcome": "NO_SOURCE"
          },
          {
            "path": ":spring-context:compileTestJava",
            "outcome": "FROM_CACHE"
          },
          {
            "path": ":spring-context:compileTestKotlin",
            "outcome": "FROM_CACHE"
          },
          {
            "path": ":spring-context:jar",
            "outcome": "EXECUTED"
          },
          {
            "path": ":spring-context:processResources",
            "outcome": "EXECUTED"
          },
          {
            "path": ":spring-context:processTestFixturesResources",
            "outcome": "NO_SOURCE"
          },
          {
            "path": ":spring-context:processTestResources",
            "outcome": "EXECUTED"
          },
          {
            "path": ":spring-context:testClasses",
            "outcome": "EXECUTED"
          },
          {
            "path": ":spring-context:testFixturesClasses",
            "outcome": "UP_TO_DATE"
          },
          {
            "path": ":spring-context:testFixturesJar",
            "outcome": "EXECUTED"
          },
          {
            "path": ":spring-core-test:compileJava",
            "outcome": "FROM_CACHE"
          },
          {
            "path": ":spring-core-test:compileTestFixturesJava",
            "outcome": "NO_SOURCE"
          },
          {
            "path": ":spring-core-test:compileTestJava",
            "outcome": "FROM_CACHE"
          },
          {
            "path": ":spring-core-test:processTestResources",
            "outcome": "EXECUTED"
          },
          {
            "path": ":spring-core-test:testClasses",
            "outcome": "EXECUTED"
          },
          {
            "path": ":spring-core:checkKotlinGradlePluginConfigurationErrors",
            "outcome": "SKIPPED"
          },
          {
            "path": ":spring-core:classes",
            "outcome": "EXECUTED"
          },
          {
            "path": ":spring-core:compileJava",
            "outcome": "FROM_CACHE"
          },
          {
            "path": ":spring-core:compileJava21Java",
            "outcome": "FROM_CACHE"
          },
          {
            "path": ":spring-core:compileJava21Kotlin",
            "outcome": "NO_SOURCE"
          },
          {
            "path": ":spring-core:compileJava24Java",
            "outcome": "FROM_CACHE"
          },
          {
            "path": ":spring-core:compileJava24Kotlin",
            "outcome": "NO_SOURCE"
          },
          {
            "path": ":spring-core:compileKotlin",
            "outcome": "FROM_CACHE"
          },
          {
            "path": ":spring-core:compileTestFixturesJava",
            "outcome": "FROM_CACHE"
          },
          {
            "path": ":spring-core:compileTestFixturesKotlin",
            "outcome": "NO_SOURCE"
          },
          {
            "path": ":spring-core:compileTestJava",
            "outcome": "FROM_CACHE"
          },
          {
            "path": ":spring-core:compileTestKotlin",
            "outcome": "FROM_CACHE"
          },
          {
            "path": ":spring-core:jar",
            "outcome": "EXECUTED"
          },
          {
            "path": ":spring-core:java21Classes",
            "outcome": "UP_TO_DATE"
          },
          {
            "path": ":spring-core:java24Classes",
            "outcome": "UP_TO_DATE"
          },
          {
            "path": ":spring-core:javapoetRepackJar",
            "outcome": "FROM_CACHE"
          },
          {
            "path": ":spring-core:objenesisRepackJar",
            "outcome": "FROM_CACHE"
          },
          {
            "path": ":spring-core:processJava21Resources",
            "outcome": "NO_SOURCE"
          },
          {
            "path": ":spring-core:processJava24Resources",
            "outcome": "NO_SOURCE"
          },
          {
            "path": ":spring-core:processResources",
            "outcome": "EXECUTED"
          },
          {
            "path": ":spring-core:processTestFixturesResources",
            "outcome": "NO_SOURCE"
          },
          {
            "path": ":spring-core:processTestResources",
            "outcome": "EXECUTED"
          },
          {
            "path": ":spring-core:testClasses",
            "outcome": "EXECUTED"
          },
          {
            "path": ":spring-core:testFixturesClasses",
            "outcome": "UP_TO_DATE"
          },
          {
            "path": ":spring-core:testFixturesJar",
            "outcome": "EXECUTED"
          },
          {
            "path": ":spring-expression:checkKotlinGradlePluginConfigurationErrors",
            "outcome": "SKIPPED"
          },
          {
            "path": ":spring-expression:classes",
            "outcome": "UP_TO_DATE"
          },
          {
            "path": ":spring-expression:compileJava",
            "outcome": "FROM_CACHE"
          },
          {
            "path": ":spring-expression:compileKotlin",
            "outcome": "NO_SOURCE"
          },
          {
            "path": ":spring-expression:compileTestFixturesJava",
            "outcome": "NO_SOURCE"
          },
          {
            "path": ":spring-expression:compileTestFixturesKotlin",
            "outcome": "NO_SOURCE"
          },
          {
            "path": ":spring-expression:compileTestJava",
            "outcome": "FROM_CACHE"
          },
          {
            "path": ":spring-expression:compileTestKotlin",
            "outcome": "FROM_CACHE"
          },
          {
            "path": ":spring-expression:jar",
            "outcome": "EXECUTED"
          },
          {
            "path": ":spring-expression:processResources",
            "outcome": "NO_SOURCE"
          },
          {
            "path": ":spring-expression:processTestFixturesResources",
            "outcome": "NO_SOURCE"
          },
          {
            "path": ":spring-expression:processTestResources",
            "outcome": "EXECUTED"
          },
          {
            "path": ":spring-expression:testClasses",
            "outcome": "EXECUTED"
          },
          {
            "path": ":spring-expression:testFixturesClasses",
            "outcome": "UP_TO_DATE"
          },
          {
            "path": ":spring-expression:testFixturesJar",
            "outcome": "EXECUTED"
          },
          {
            "path": ":spring-instrument:compileJava",
            "outcome": "FROM_CACHE"
          },
          {
            "path": ":spring-instrument:compileTestFixturesJava",
            "outcome": "NO_SOURCE"
          },
          {
            "path": ":spring-instrument:compileTestJava",
            "outcome": "NO_SOURCE"
          },
          {
            "path": ":spring-instrument:processTestResources",
            "outcome": "NO_SOURCE"
          },
          {
            "path": ":spring-instrument:testClasses",
            "outcome": "UP_TO_DATE"
          },
          {
            "path": ":spring-jdbc:checkKotlinGradlePluginConfigurationErrors",
            "outcome": "SKIPPED"
          },
          {
            "path": ":spring-jdbc:classes",
            "outcome": "EXECUTED"
          },
          {
            "path": ":spring-jdbc:compileJava",
            "outcome": "FROM_CACHE"
          },
          {
            "path": ":spring-jdbc:compileKotlin",
            "outcome": "FROM_CACHE"
          },
          {
            "path": ":spring-jdbc:compileTestFixturesJava",
            "outcome": "NO_SOURCE"
          },
          {
            "path": ":spring-jdbc:compileTestFixturesKotlin",
            "outcome": "NO_SOURCE"
          },
          {
            "path": ":spring-jdbc:compileTestJava",
            "outcome": "FROM_CACHE"
          },
          {
            "path": ":spring-jdbc:compileTestKotlin",
            "outcome": "FROM_CACHE"
          },
          {
            "path": ":spring-jdbc:jar",
            "outcome": "EXECUTED"
          },
          {
            "path": ":spring-jdbc:processResources",
            "outcome": "EXECUTED"
          },
          {
            "path": ":spring-jdbc:processTestFixturesResources",
            "outcome": "NO_SOURCE"
          },
          {
            "path": ":spring-jdbc:processTestResources",
            "outcome": "EXECUTED"
          },
          {
            "path": ":spring-jdbc:testClasses",
            "outcome": "EXECUTED"
          },
          {
            "path": ":spring-jdbc:testFixturesClasses",
            "outcome": "UP_TO_DATE"
          },
          {
            "path": ":spring-jdbc:testFixturesJar",
            "outcome": "EXECUTED"
          },
          {
            "path": ":spring-jms:compileJava",
            "outcome": "EXECUTED"
          },
          {
            "path": ":spring-jms:compileTestFixturesJava",
            "outcome": "NO_SOURCE"
          },
          {
            "path": ":spring-jms:compileTestJava",
            "outcome": "FROM_CACHE"
          },
          {
            "path": ":spring-jms:processTestResources",
            "outcome": "EXECUTED"
          },
          {
            "path": ":spring-jms:testClasses",
            "outcome": "EXECUTED"
          },
          {
            "path": ":spring-messaging:checkKotlinGradlePluginConfigurationErrors",
            "outcome": "SKIPPED"
          },
          {
            "path": ":spring-messaging:classes",
            "outcome": "EXECUTED"
          },
          {
            "path": ":spring-messaging:compileJava",
            "outcome": "FROM_CACHE"
          },
          {
            "path": ":spring-messaging:compileKotlin",
            "outcome": "FROM_CACHE"
          },
          {
            "path": ":spring-messaging:compileTestFixturesJava",
            "outcome": "NO_SOURCE"
          },
          {
            "path": ":spring-messaging:compileTestFixturesKotlin",
            "outcome": "NO_SOURCE"
          },
          {
            "path": ":spring-messaging:compileTestJava",
            "outcome": "FROM_CACHE"
          },
          {
            "path": ":spring-messaging:compileTestKotlin",
            "outcome": "FROM_CACHE"
          },
          {
            "path": ":spring-messaging:jar",
            "outcome": "EXECUTED"
          },
          {
            "path": ":spring-messaging:processResources",
            "outcome": "EXECUTED"
          },
          {
            "path": ":spring-messaging:processTestFixturesResources",
            "outcome": "NO_SOURCE"
          },
          {
            "path": ":spring-messaging:processTestResources",
            "outcome": "EXECUTED"
          },
          {
            "path": ":spring-messaging:testClasses",
            "outcome": "EXECUTED"
          },
          {
            "path": ":spring-messaging:testFixturesClasses",
            "outcome": "UP_TO_DATE"
          },
          {
            "path": ":spring-messaging:testFixturesJar",
            "outcome": "EXECUTED"
          },
          {
            "path": ":spring-orm:compileJava",
            "outcome": "FROM_CACHE"
          },
          {
            "path": ":spring-orm:compileTestFixturesJava",
            "outcome": "NO_SOURCE"
          },
          {
            "path": ":spring-orm:compileTestJava",
            "outcome": "FROM_CACHE"
          },
          {
            "path": ":spring-orm:processTestResources",
            "outcome": "EXECUTED"
          },
          {
            "path": ":spring-orm:testClasses",
            "outcome": "EXECUTED"
          },
          {
            "path": ":spring-oxm:compileJava",
            "outcome": "FROM_CACHE"
          },
          {
            "path": ":spring-oxm:compileTestFixturesJava",
            "outcome": "NO_SOURCE"
          },
          {
            "path": ":spring-oxm:compileTestJava",
            "outcome": "FROM_CACHE"
          },
          {
            "path": ":spring-oxm:processTestResources",
            "outcome": "EXECUTED"
          },
          {
            "path": ":spring-oxm:testClasses",
            "outcome": "EXECUTED"
          },
          {
            "path": ":spring-oxm:xjc",
            "outcome": "FROM_CACHE"
          },
          {
            "path": ":spring-r2dbc:checkKotlinGradlePluginConfigurationErrors",
            "outcome": "SKIPPED"
          },
          {
            "path": ":spring-r2dbc:classes",
            "outcome": "EXECUTED"
          },
          {
            "path": ":spring-r2dbc:compileJava",
            "outcome": "FROM_CACHE"
          },
          {
            "path": ":spring-r2dbc:compileKotlin",
            "outcome": "FROM_CACHE"
          },
          {
            "path": ":spring-r2dbc:compileTestFixturesJava",
            "outcome": "NO_SOURCE"
          },
          {
            "path": ":spring-r2dbc:compileTestFixturesKotlin",
            "outcome": "NO_SOURCE"
          },
          {
            "path": ":spring-r2dbc:compileTestJava",
            "outcome": "FROM_CACHE"
          },
          {
            "path": ":spring-r2dbc:compileTestKotlin",
            "outcome": "FROM_CACHE"
          },
          {
            "path": ":spring-r2dbc:jar",
            "outcome": "EXECUTED"
          },
          {
            "path": ":spring-r2dbc:processResources",
            "outcome": "EXECUTED"
          },
          {
            "path": ":spring-r2dbc:processTestFixturesResources",
            "outcome": "NO_SOURCE"
          },
          {
            "path": ":spring-r2dbc:processTestResources",
            "outcome": "EXECUTED"
          },
          {
            "path": ":spring-r2dbc:testClasses",
            "outcome": "EXECUTED"
          },
          {
            "path": ":spring-r2dbc:testFixturesClasses",
            "outcome": "UP_TO_DATE"
          },
          {
            "path": ":spring-r2dbc:testFixturesJar",
            "outcome": "EXECUTED"
          },
          {
            "path": ":spring-test:checkKotlinGradlePluginConfigurationErrors",
            "outcome": "SKIPPED"
          },
          {
            "path": ":spring-test:classes",
            "outcome": "EXECUTED"
          },
          {
            "path": ":spring-test:compileJava",
            "outcome": "FROM_CACHE"
          },
          {
            "path": ":spring-test:compileKotlin",
            "outcome": "FROM_CACHE"
          },
          {
            "path": ":spring-test:compileTestFixturesJava",
            "outcome": "NO_SOURCE"
          },
          {
            "path": ":spring-test:compileTestFixturesKotlin",
            "outcome": "NO_SOURCE"
          },
          {
            "path": ":spring-test:compileTestJava",
            "outcome": "FROM_CACHE"
          },
          {
            "path": ":spring-test:compileTestKotlin",
            "outcome": "FROM_CACHE"
          },
          {
            "path": ":spring-test:jar",
            "outcome": "EXECUTED"
          },
          {
            "path": ":spring-test:processResources",
            "outcome": "EXECUTED"
          },
          {
            "path": ":spring-test:processTestFixturesResources",
            "outcome": "NO_SOURCE"
          },
          {
            "path": ":spring-test:processTestResources",
            "outcome": "EXECUTED"
          },
          {
            "path": ":spring-test:testClasses",
            "outcome": "EXECUTED"
          },
          {
            "path": ":spring-test:testFixturesClasses",
            "outcome": "UP_TO_DATE"
          },
          {
            "path": ":spring-test:testFixturesJar",
            "outcome": "EXECUTED"
          },
          {
            "path": ":spring-tx:checkKotlinGradlePluginConfigurationErrors",
            "outcome": "SKIPPED"
          },
          {
            "path": ":spring-tx:classes",
            "outcome": "EXECUTED"
          },
          {
            "path": ":spring-tx:compileJava",
            "outcome": "FROM_CACHE"
          },
          {
            "path": ":spring-tx:compileKotlin",
            "outcome": "FROM_CACHE"
          },
          {
            "path": ":spring-tx:compileTestFixturesJava",
            "outcome": "FROM_CACHE"
          },
          {
            "path": ":spring-tx:compileTestFixturesKotlin",
            "outcome": "NO_SOURCE"
          },
          {
            "path": ":spring-tx:compileTestJava",
            "outcome": "FROM_CACHE"
          },
          {
            "path": ":spring-tx:compileTestKotlin",
            "outcome": "FROM_CACHE"
          },
          {
            "path": ":spring-tx:jar",
            "outcome": "EXECUTED"
          },
          {
            "path": ":spring-tx:processResources",
            "outcome": "EXECUTED"
          },
          {
            "path": ":spring-tx:processTestFixturesResources",
            "outcome": "NO_SOURCE"
          },
          {
            "path": ":spring-tx:processTestResources",
            "outcome": "EXECUTED"
          },
          {
            "path": ":spring-tx:testClasses",
            "outcome": "EXECUTED"
          },
          {
            "path": ":spring-tx:testFixturesClasses",
            "outcome": "UP_TO_DATE"
          },
          {
            "path": ":spring-tx:testFixturesJar",
            "outcome": "EXECUTED"
          },
          {
            "path": ":spring-web:checkKotlinGradlePluginConfigurationErrors",
            "outcome": "SKIPPED"
          },
          {
            "path": ":spring-web:classes",
            "outcome": "EXECUTED"
          },
          {
            "path": ":spring-web:compileJava",
            "outcome": "FROM_CACHE"
          },
          {
            "path": ":spring-web:compileKotlin",
            "outcome": "FROM_CACHE"
          },
          {
            "path": ":spring-web:compileTestFixturesJava",
            "outcome": "FROM_CACHE"
          },
          {
            "path": ":spring-web:compileTestFixturesKotlin",
            "outcome": "NO_SOURCE"
          },
          {
            "path": ":spring-web:compileTestJava",
            "outcome": "FROM_CACHE"
          },
          {
            "path": ":spring-web:compileTestKotlin",
            "outcome": "FROM_CACHE"
          },
          {
            "path": ":spring-web:jar",
            "outcome": "EXECUTED"
          },
          {
            "path": ":spring-web:processResources",
            "outcome": "EXECUTED"
          },
          {
            "path": ":spring-web:processTestFixturesResources",
            "outcome": "EXECUTED"
          },
          {
            "path": ":spring-web:processTestResources",
            "outcome": "EXECUTED"
          },
          {
            "path": ":spring-web:testClasses",
            "outcome": "EXECUTED"
          },
          {
            "path": ":spring-web:testFixturesClasses",
            "outcome": "EXECUTED"
          },
          {
            "path": ":spring-web:testFixturesJar",
            "outcome": "EXECUTED"
          },
          {
            "path": ":spring-webflux:checkKotlinGradlePluginConfigurationErrors",
            "outcome": "SKIPPED"
          },
          {
            "path": ":spring-webflux:classes",
            "outcome": "EXECUTED"
          },
          {
            "path": ":spring-webflux:compileJava",
            "outcome": "FROM_CACHE"
          },
          {
            "path": ":spring-webflux:compileKotlin",
            "outcome": "FROM_CACHE"
          },
          {
            "path": ":spring-webflux:compileTestFixturesJava",
            "outcome": "NO_SOURCE"
          },
          {
            "path": ":spring-webflux:compileTestFixturesKotlin",
            "outcome": "NO_SOURCE"
          },
          {
            "path": ":spring-webflux:compileTestJava",
            "outcome": "FROM_CACHE"
          },
          {
            "path": ":spring-webflux:compileTestKotlin",
            "outcome": "FROM_CACHE"
          },
          {
            "path": ":spring-webflux:jar",
            "outcome": "EXECUTED"
          },
          {
            "path": ":spring-webflux:processResources",
            "outcome": "EXECUTED"
          },
          {
            "path": ":spring-webflux:processTestFixturesResources",
            "outcome": "NO_SOURCE"
          },
          {
            "path": ":spring-webflux:processTestResources",
            "outcome": "EXECUTED"
          },
          {
            "path": ":spring-webflux:testClasses",
            "outcome": "EXECUTED"
          },
          {
            "path": ":spring-webflux:testFixturesClasses",
            "outcome": "UP_TO_DATE"
          },
          {
            "path": ":spring-webflux:testFixturesJar",
            "outcome": "EXECUTED"
          },
          {
            "path": ":spring-webmvc:checkKotlinGradlePluginConfigurationErrors",
            "outcome": "SKIPPED"
          },
          {
            "path": ":spring-webmvc:classes",
            "outcome": "EXECUTED"
          },
          {
            "path": ":spring-webmvc:compileJava",
            "outcome": "FROM_CACHE"
          },
          {
            "path": ":spring-webmvc:compileKotlin",
            "outcome": "FROM_CACHE"
          },
          {
            "path": ":spring-webmvc:compileTestFixturesJava",
            "outcome": "NO_SOURCE"
          },
          {
            "path": ":spring-webmvc:compileTestFixturesKotlin",
            "outcome": "NO_SOURCE"
          },
          {
            "path": ":spring-webmvc:compileTestJava",
            "outcome": "FROM_CACHE"
          },
          {
            "path": ":spring-webmvc:compileTestKotlin",
            "outcome": "FROM_CACHE"
          },
          {
            "path": ":spring-webmvc:jar",
            "outcome": "EXECUTED"
          },
          {
            "path": ":spring-webmvc:processResources",
            "outcome": "EXECUTED"
          },
          {
            "path": ":spring-webmvc:processTestFixturesResources",
            "outcome": "NO_SOURCE"
          },
          {
            "path": ":spring-webmvc:processTestResources",
            "outcome": "EXECUTED"
          },
          {
            "path": ":spring-webmvc:testClasses",
            "outcome": "EXECUTED"
          },
          {
            "path": ":spring-webmvc:testFixturesClasses",
            "outcome": "UP_TO_DATE"
          },
          {
            "path": ":spring-webmvc:testFixturesJar",
            "outcome": "EXECUTED"
          },
          {
            "path": ":spring-websocket:compileJava",
            "outcome": "FROM_CACHE"
          },
          {
            "path": ":spring-websocket:compileTestFixturesJava",
            "outcome": "NO_SOURCE"
          },
          {
            "path": ":spring-websocket:compileTestJava",
            "outcome": "FROM_CACHE"
          },
          {
            "path": ":spring-websocket:processTestResources",
            "outcome": "EXECUTED"
          },
          {
            "path": ":spring-websocket:testClasses",
            "outcome": "EXECUTED"
          },
          {
            "path": ":testClasses",
            "outcome": "UP_TO_DATE"
          }
        ]
      },
      "candidateTaskOutcomes": {
        "total": 56,
        "executed": 14,
        "fromCache": 26,
        "upToDate": 2,
        "noSource": 7,
        "skipped": 7,
        "fingerprintSha256": "af08640256e4ce968a02546a34fd5e7b170359e73fd1255332a0b813d6a2b3f6",
        "tasks": [
          {
            "path": ":buildSrc:check",
            "outcome": "UP_TO_DATE"
          },
          {
            "path": ":buildSrc:checkstyleMain",
            "outcome": "FROM_CACHE"
          },
          {
            "path": ":buildSrc:checkstyleTest",
            "outcome": "FROM_CACHE"
          },
          {
            "path": ":buildSrc:classes",
            "outcome": "EXECUTED"
          },
          {
            "path": ":buildSrc:compileGroovy",
            "outcome": "NO_SOURCE"
          },
          {
            "path": ":buildSrc:compileJava",
            "outcome": "FROM_CACHE"
          },
          {
            "path": ":buildSrc:compileTestGroovy",
            "outcome": "NO_SOURCE"
          },
          {
            "path": ":buildSrc:compileTestJava",
            "outcome": "FROM_CACHE"
          },
          {
            "path": ":buildSrc:jar",
            "outcome": "EXECUTED"
          },
          {
            "path": ":buildSrc:pluginDescriptors",
            "outcome": "EXECUTED"
          },
          {
            "path": ":buildSrc:pluginUnderTestMetadata",
            "outcome": "EXECUTED"
          },
          {
            "path": ":buildSrc:processResources",
            "outcome": "EXECUTED"
          },
          {
            "path": ":buildSrc:processTestResources",
            "outcome": "NO_SOURCE"
          },
          {
            "path": ":buildSrc:test",
            "outcome": "FROM_CACHE"
          },
          {
            "path": ":buildSrc:testClasses",
            "outcome": "UP_TO_DATE"
          },
          {
            "path": ":buildSrc:validatePlugins",
            "outcome": "FROM_CACHE"
          },
          {
            "path": ":spring-aop:checkKotlinGradlePluginConfigurationErrors",
            "outcome": "SKIPPED"
          },
          {
            "path": ":spring-aop:compileJava",
            "outcome": "FROM_CACHE"
          },
          {
            "path": ":spring-aop:compileKotlin",
            "outcome": "NO_SOURCE"
          },
          {
            "path": ":spring-beans:checkKotlinGradlePluginConfigurationErrors",
            "outcome": "SKIPPED"
          },
          {
            "path": ":spring-beans:classes",
            "outcome": "EXECUTED"
          },
          {
            "path": ":spring-beans:compileJava",
            "outcome": "FROM_CACHE"
          },
          {
            "path": ":spring-beans:compileKotlin",
            "outcome": "FROM_CACHE"
          },
          {
            "path": ":spring-beans:compileTestFixturesJava",
            "outcome": "FROM_CACHE"
          },
          {
            "path": ":spring-beans:compileTestFixturesKotlin",
            "outcome": "FROM_CACHE"
          },
          {
            "path": ":spring-beans:jar",
            "outcome": "EXECUTED"
          },
          {
            "path": ":spring-beans:processResources",
            "outcome": "EXECUTED"
          },
          {
            "path": ":spring-context:checkKotlinGradlePluginConfigurationErrors",
            "outcome": "SKIPPED"
          },
          {
            "path": ":spring-context:compileJava",
            "outcome": "FROM_CACHE"
          },
          {
            "path": ":spring-context:compileKotlin",
            "outcome": "FROM_CACHE"
          },
          {
            "path": ":spring-core:checkKotlinGradlePluginConfigurationErrors",
            "outcome": "SKIPPED"
          },
          {
            "path": ":spring-core:compileJava",
            "outcome": "FROM_CACHE"
          },
          {
            "path": ":spring-core:compileKotlin",
            "outcome": "FROM_CACHE"
          },
          {
            "path": ":spring-core:javapoetRepackJar",
            "outcome": "FROM_CACHE"
          },
          {
            "path": ":spring-core:objenesisRepackJar",
            "outcome": "FROM_CACHE"
          },
          {
            "path": ":spring-expression:checkKotlinGradlePluginConfigurationErrors",
            "outcome": "SKIPPED"
          },
          {
            "path": ":spring-expression:compileJava",
            "outcome": "FROM_CACHE"
          },
          {
            "path": ":spring-expression:compileKotlin",
            "outcome": "NO_SOURCE"
          },
          {
            "path": ":spring-instrument:compileJava",
            "outcome": "FROM_CACHE"
          },
          {
            "path": ":spring-jms:compileJava",
            "outcome": "EXECUTED"
          },
          {
            "path": ":spring-jms:compileTestFixturesJava",
            "outcome": "NO_SOURCE"
          },
          {
            "path": ":spring-jms:compileTestJava",
            "outcome": "FROM_CACHE"
          },
          {
            "path": ":spring-jms:processTestResources",
            "outcome": "EXECUTED"
          },
          {
            "path": ":spring-jms:testClasses",
            "outcome": "EXECUTED"
          },
          {
            "path": ":spring-messaging:checkKotlinGradlePluginConfigurationErrors",
            "outcome": "SKIPPED"
          },
          {
            "path": ":spring-messaging:compileJava",
            "outcome": "FROM_CACHE"
          },
          {
            "path": ":spring-messaging:compileKotlin",
            "outcome": "FROM_CACHE"
          },
          {
            "path": ":spring-oxm:compileJava",
            "outcome": "FROM_CACHE"
          },
          {
            "path": ":spring-tx:checkKotlinGradlePluginConfigurationErrors",
            "outcome": "SKIPPED"
          },
          {
            "path": ":spring-tx:classes",
            "outcome": "EXECUTED"
          },
          {
            "path": ":spring-tx:compileJava",
            "outcome": "FROM_CACHE"
          },
          {
            "path": ":spring-tx:compileKotlin",
            "outcome": "FROM_CACHE"
          },
          {
            "path": ":spring-tx:compileTestFixturesJava",
            "outcome": "FROM_CACHE"
          },
          {
            "path": ":spring-tx:compileTestFixturesKotlin",
            "outcome": "NO_SOURCE"
          },
          {
            "path": ":spring-tx:jar",
            "outcome": "EXECUTED"
          },
          {
            "path": ":spring-tx:processResources",
            "outcome": "EXECUTED"
          }
        ]
      },
      "controlHostPressure": {
        "available": true,
        "cpuSomeTotalUs": 95444,
        "memorySomeTotalUs": 15166,
        "memoryFullTotalUs": 15153,
        "ioSomeTotalUs": 8720247,
        "ioFullTotalUs": 6337913
      },
      "candidateHostPressure": {
        "available": true,
        "cpuSomeTotalUs": 52977,
        "memorySomeTotalUs": 375,
        "memoryFullTotalUs": 368,
        "ioSomeTotalUs": 9257228,
        "ioFullTotalUs": 7307297
      }
    },
    {
      "pair": 3,
      "order": "CONTROL_FIRST",
      "controlDurationMs": 13822,
      "candidateDurationMs": 11809,
      "savedMs": 2013,
      "controlRequiredOutputSha256": "c1de7856f3bfbec061af1a6a147e489da0bd960aca43bf326e51372c2ca5d629",
      "candidateRequiredOutputSha256": "c1de7856f3bfbec061af1a6a147e489da0bd960aca43bf326e51372c2ca5d629",
      "requiredOutputCount": 378,
      "productAttributableFailure": false,
      "controlLogSha256": "df4627736f1d4d7ef6dbe513f7f4d9f46aaa6acae50727d00aaf4b6564d121f6",
      "candidateLogSha256": "35dbb3985e80a84027269e96c2782a119d80a32d5badd39fe791493bca9fbbd5",
      "controlTaskOutcomes": {
        "total": 305,
        "executed": 109,
        "fromCache": 89,
        "upToDate": 23,
        "noSource": 65,
        "skipped": 19,
        "fingerprintSha256": "85399d45cd2d3615162148545d5babb68fb708dbdd29a2e2991b8e65724ce6a7",
        "tasks": [
          {
            "path": ":buildSrc:check",
            "outcome": "UP_TO_DATE"
          },
          {
            "path": ":buildSrc:checkstyleMain",
            "outcome": "FROM_CACHE"
          },
          {
            "path": ":buildSrc:checkstyleTest",
            "outcome": "FROM_CACHE"
          },
          {
            "path": ":buildSrc:classes",
            "outcome": "EXECUTED"
          },
          {
            "path": ":buildSrc:compileGroovy",
            "outcome": "NO_SOURCE"
          },
          {
            "path": ":buildSrc:compileJava",
            "outcome": "FROM_CACHE"
          },
          {
            "path": ":buildSrc:compileTestGroovy",
            "outcome": "NO_SOURCE"
          },
          {
            "path": ":buildSrc:compileTestJava",
            "outcome": "FROM_CACHE"
          },
          {
            "path": ":buildSrc:jar",
            "outcome": "EXECUTED"
          },
          {
            "path": ":buildSrc:pluginDescriptors",
            "outcome": "EXECUTED"
          },
          {
            "path": ":buildSrc:pluginUnderTestMetadata",
            "outcome": "EXECUTED"
          },
          {
            "path": ":buildSrc:processResources",
            "outcome": "EXECUTED"
          },
          {
            "path": ":buildSrc:processTestResources",
            "outcome": "NO_SOURCE"
          },
          {
            "path": ":buildSrc:test",
            "outcome": "FROM_CACHE"
          },
          {
            "path": ":buildSrc:testClasses",
            "outcome": "UP_TO_DATE"
          },
          {
            "path": ":buildSrc:validatePlugins",
            "outcome": "FROM_CACHE"
          },
          {
            "path": ":classes",
            "outcome": "UP_TO_DATE"
          },
          {
            "path": ":compileJava",
            "outcome": "NO_SOURCE"
          },
          {
            "path": ":compileTestFixturesJava",
            "outcome": "NO_SOURCE"
          },
          {
            "path": ":compileTestJava",
            "outcome": "NO_SOURCE"
          },
          {
            "path": ":framework-docs:checkKotlinGradlePluginConfigurationErrors",
            "outcome": "SKIPPED"
          },
          {
            "path": ":framework-docs:classes",
            "outcome": "EXECUTED"
          },
          {
            "path": ":framework-docs:compileJava",
            "outcome": "FROM_CACHE"
          },
          {
            "path": ":framework-docs:compileKotlin",
            "outcome": "FROM_CACHE"
          },
          {
            "path": ":framework-docs:compileTestJava",
            "outcome": "NO_SOURCE"
          },
          {
            "path": ":framework-docs:compileTestKotlin",
            "outcome": "NO_SOURCE"
          },
          {
            "path": ":framework-docs:jar",
            "outcome": "SKIPPED"
          },
          {
            "path": ":framework-docs:processResources",
            "outcome": "EXECUTED"
          },
          {
            "path": ":framework-docs:processTestResources",
            "outcome": "NO_SOURCE"
          },
          {
            "path": ":framework-docs:testClasses",
            "outcome": "UP_TO_DATE"
          },
          {
            "path": ":integration-tests:checkKotlinGradlePluginConfigurationErrors",
            "outcome": "SKIPPED"
          },
          {
            "path": ":integration-tests:classes",
            "outcome": "UP_TO_DATE"
          },
          {
            "path": ":integration-tests:compileJava",
            "outcome": "NO_SOURCE"
          },
          {
            "path": ":integration-tests:compileKotlin",
            "outcome": "NO_SOURCE"
          },
          {
            "path": ":integration-tests:compileTestFixturesJava",
            "outcome": "NO_SOURCE"
          },
          {
            "path": ":integration-tests:compileTestFixturesKotlin",
            "outcome": "NO_SOURCE"
          },
          {
            "path": ":integration-tests:compileTestJava",
            "outcome": "FROM_CACHE"
          },
          {
            "path": ":integration-tests:compileTestKotlin",
            "outcome": "FROM_CACHE"
          },
          {
            "path": ":integration-tests:jar",
            "outcome": "EXECUTED"
          },
          {
            "path": ":integration-tests:processResources",
            "outcome": "NO_SOURCE"
          },
          {
            "path": ":integration-tests:processTestFixturesResources",
            "outcome": "NO_SOURCE"
          },
          {
            "path": ":integration-tests:processTestResources",
            "outcome": "EXECUTED"
          },
          {
            "path": ":integration-tests:testClasses",
            "outcome": "EXECUTED"
          },
          {
            "path": ":integration-tests:testFixturesClasses",
            "outcome": "UP_TO_DATE"
          },
          {
            "path": ":integration-tests:testFixturesJar",
            "outcome": "EXECUTED"
          },
          {
            "path": ":jar",
            "outcome": "EXECUTED"
          },
          {
            "path": ":processResources",
            "outcome": "NO_SOURCE"
          },
          {
            "path": ":processTestResources",
            "outcome": "NO_SOURCE"
          },
          {
            "path": ":spring-aop:checkKotlinGradlePluginConfigurationErrors",
            "outcome": "SKIPPED"
          },
          {
            "path": ":spring-aop:classes",
            "outcome": "EXECUTED"
          },
          {
            "path": ":spring-aop:compileJava",
            "outcome": "FROM_CACHE"
          },
          {
            "path": ":spring-aop:compileKotlin",
            "outcome": "NO_SOURCE"
          },
          {
            "path": ":spring-aop:compileTestFixturesJava",
            "outcome": "FROM_CACHE"
          },
          {
            "path": ":spring-aop:compileTestFixturesKotlin",
            "outcome": "NO_SOURCE"
          },
          {
            "path": ":spring-aop:compileTestJava",
            "outcome": "FROM_CACHE"
          },
          {
            "path": ":spring-aop:compileTestKotlin",
            "outcome": "FROM_CACHE"
          },
          {
            "path": ":spring-aop:jar",
            "outcome": "EXECUTED"
          },
          {
            "path": ":spring-aop:processResources",
            "outcome": "EXECUTED"
          },
          {
            "path": ":spring-aop:processTestFixturesResources",
            "outcome": "NO_SOURCE"
          },
          {
            "path": ":spring-aop:processTestResources",
            "outcome": "EXECUTED"
          },
          {
            "path": ":spring-aop:testClasses",
            "outcome": "EXECUTED"
          },
          {
            "path": ":spring-aop:testFixturesClasses",
            "outcome": "UP_TO_DATE"
          },
          {
            "path": ":spring-aop:testFixturesJar",
            "outcome": "EXECUTED"
          },
          {
            "path": ":spring-aspects:classes",
            "outcome": "EXECUTED"
          },
          {
            "path": ":spring-aspects:compileAspectj",
            "outcome": "FROM_CACHE"
          },
          {
            "path": ":spring-aspects:compileJava",
            "outcome": "SKIPPED"
          },
          {
            "path": ":spring-aspects:compileTestAspectj",
            "outcome": "FROM_CACHE"
          },
          {
            "path": ":spring-aspects:compileTestFixturesAspectj",
            "outcome": "NO_SOURCE"
          },
          {
            "path": ":spring-aspects:compileTestFixturesJava",
            "outcome": "SKIPPED"
          },
          {
            "path": ":spring-aspects:compileTestJava",
            "outcome": "SKIPPED"
          },
          {
            "path": ":spring-aspects:processResources",
            "outcome": "EXECUTED"
          },
          {
            "path": ":spring-aspects:processTestResources",
            "outcome": "EXECUTED"
          },
          {
            "path": ":spring-aspects:testClasses",
            "outcome": "EXECUTED"
          },
          {
            "path": ":spring-beans:checkKotlinGradlePluginConfigurationErrors",
            "outcome": "SKIPPED"
          },
          {
            "path": ":spring-beans:classes",
            "outcome": "EXECUTED"
          },
          {
            "path": ":spring-beans:compileJava",
            "outcome": "FROM_CACHE"
          },
          {
            "path": ":spring-beans:compileKotlin",
            "outcome": "FROM_CACHE"
          },
          {
            "path": ":spring-beans:compileTestFixturesJava",
            "outcome": "FROM_CACHE"
          },
          {
            "path": ":spring-beans:compileTestFixturesKotlin",
            "outcome": "FROM_CACHE"
          },
          {
            "path": ":spring-beans:compileTestJava",
            "outcome": "FROM_CACHE"
          },
          {
            "path": ":spring-beans:compileTestKotlin",
            "outcome": "FROM_CACHE"
          },
          {
            "path": ":spring-beans:jar",
            "outcome": "EXECUTED"
          },
          {
            "path": ":spring-beans:processResources",
            "outcome": "EXECUTED"
          },
          {
            "path": ":spring-beans:processTestFixturesResources",
            "outcome": "EXECUTED"
          },
          {
            "path": ":spring-beans:processTestResources",
            "outcome": "EXECUTED"
          },
          {
            "path": ":spring-beans:testClasses",
            "outcome": "EXECUTED"
          },
          {
            "path": ":spring-beans:testFixturesClasses",
            "outcome": "EXECUTED"
          },
          {
            "path": ":spring-beans:testFixturesJar",
            "outcome": "EXECUTED"
          },
          {
            "path": ":spring-context-indexer:compileJava",
            "outcome": "FROM_CACHE"
          },
          {
            "path": ":spring-context-indexer:compileTestFixturesJava",
            "outcome": "NO_SOURCE"
          },
          {
            "path": ":spring-context-indexer:compileTestJava",
            "outcome": "FROM_CACHE"
          },
          {
            "path": ":spring-context-indexer:processTestResources",
            "outcome": "NO_SOURCE"
          },
          {
            "path": ":spring-context-indexer:testClasses",
            "outcome": "UP_TO_DATE"
          },
          {
            "path": ":spring-context-support:compileJava",
            "outcome": "FROM_CACHE"
          },
          {
            "path": ":spring-context-support:compileTestFixturesJava",
            "outcome": "FROM_CACHE"
          },
          {
            "path": ":spring-context-support:compileTestJava",
            "outcome": "FROM_CACHE"
          },
          {
            "path": ":spring-context-support:processTestResources",
            "outcome": "EXECUTED"
          },
          {
            "path": ":spring-context-support:testClasses",
            "outcome": "EXECUTED"
          },
          {
            "path": ":spring-context:checkKotlinGradlePluginConfigurationErrors",
            "outcome": "SKIPPED"
          },
          {
            "path": ":spring-context:classes",
            "outcome": "EXECUTED"
          },
          {
            "path": ":spring-context:compileJava",
            "outcome": "FROM_CACHE"
          },
          {
            "path": ":spring-context:compileKotlin",
            "outcome": "FROM_CACHE"
          },
          {
            "path": ":spring-context:compileTestFixturesJava",
            "outcome": "FROM_CACHE"
          },
          {
            "path": ":spring-context:compileTestFixturesKotlin",
            "outcome": "NO_SOURCE"
          },
          {
            "path": ":spring-context:compileTestJava",
            "outcome": "FROM_CACHE"
          },
          {
            "path": ":spring-context:compileTestKotlin",
            "outcome": "FROM_CACHE"
          },
          {
            "path": ":spring-context:jar",
            "outcome": "EXECUTED"
          },
          {
            "path": ":spring-context:processResources",
            "outcome": "EXECUTED"
          },
          {
            "path": ":spring-context:processTestFixturesResources",
            "outcome": "NO_SOURCE"
          },
          {
            "path": ":spring-context:processTestResources",
            "outcome": "EXECUTED"
          },
          {
            "path": ":spring-context:testClasses",
            "outcome": "EXECUTED"
          },
          {
            "path": ":spring-context:testFixturesClasses",
            "outcome": "UP_TO_DATE"
          },
          {
            "path": ":spring-context:testFixturesJar",
            "outcome": "EXECUTED"
          },
          {
            "path": ":spring-core-test:compileJava",
            "outcome": "FROM_CACHE"
          },
          {
            "path": ":spring-core-test:compileTestFixturesJava",
            "outcome": "NO_SOURCE"
          },
          {
            "path": ":spring-core-test:compileTestJava",
            "outcome": "FROM_CACHE"
          },
          {
            "path": ":spring-core-test:processTestResources",
            "outcome": "EXECUTED"
          },
          {
            "path": ":spring-core-test:testClasses",
            "outcome": "EXECUTED"
          },
          {
            "path": ":spring-core:checkKotlinGradlePluginConfigurationErrors",
            "outcome": "SKIPPED"
          },
          {
            "path": ":spring-core:classes",
            "outcome": "EXECUTED"
          },
          {
            "path": ":spring-core:compileJava",
            "outcome": "FROM_CACHE"
          },
          {
            "path": ":spring-core:compileJava21Java",
            "outcome": "FROM_CACHE"
          },
          {
            "path": ":spring-core:compileJava21Kotlin",
            "outcome": "NO_SOURCE"
          },
          {
            "path": ":spring-core:compileJava24Java",
            "outcome": "FROM_CACHE"
          },
          {
            "path": ":spring-core:compileJava24Kotlin",
            "outcome": "NO_SOURCE"
          },
          {
            "path": ":spring-core:compileKotlin",
            "outcome": "FROM_CACHE"
          },
          {
            "path": ":spring-core:compileTestFixturesJava",
            "outcome": "FROM_CACHE"
          },
          {
            "path": ":spring-core:compileTestFixturesKotlin",
            "outcome": "NO_SOURCE"
          },
          {
            "path": ":spring-core:compileTestJava",
            "outcome": "FROM_CACHE"
          },
          {
            "path": ":spring-core:compileTestKotlin",
            "outcome": "FROM_CACHE"
          },
          {
            "path": ":spring-core:jar",
            "outcome": "EXECUTED"
          },
          {
            "path": ":spring-core:java21Classes",
            "outcome": "UP_TO_DATE"
          },
          {
            "path": ":spring-core:java24Classes",
            "outcome": "UP_TO_DATE"
          },
          {
            "path": ":spring-core:javapoetRepackJar",
            "outcome": "FROM_CACHE"
          },
          {
            "path": ":spring-core:objenesisRepackJar",
            "outcome": "FROM_CACHE"
          },
          {
            "path": ":spring-core:processJava21Resources",
            "outcome": "NO_SOURCE"
          },
          {
            "path": ":spring-core:processJava24Resources",
            "outcome": "NO_SOURCE"
          },
          {
            "path": ":spring-core:processResources",
            "outcome": "EXECUTED"
          },
          {
            "path": ":spring-core:processTestFixturesResources",
            "outcome": "NO_SOURCE"
          },
          {
            "path": ":spring-core:processTestResources",
            "outcome": "EXECUTED"
          },
          {
            "path": ":spring-core:testClasses",
            "outcome": "EXECUTED"
          },
          {
            "path": ":spring-core:testFixturesClasses",
            "outcome": "UP_TO_DATE"
          },
          {
            "path": ":spring-core:testFixturesJar",
            "outcome": "EXECUTED"
          },
          {
            "path": ":spring-expression:checkKotlinGradlePluginConfigurationErrors",
            "outcome": "SKIPPED"
          },
          {
            "path": ":spring-expression:classes",
            "outcome": "UP_TO_DATE"
          },
          {
            "path": ":spring-expression:compileJava",
            "outcome": "FROM_CACHE"
          },
          {
            "path": ":spring-expression:compileKotlin",
            "outcome": "NO_SOURCE"
          },
          {
            "path": ":spring-expression:compileTestFixturesJava",
            "outcome": "NO_SOURCE"
          },
          {
            "path": ":spring-expression:compileTestFixturesKotlin",
            "outcome": "NO_SOURCE"
          },
          {
            "path": ":spring-expression:compileTestJava",
            "outcome": "FROM_CACHE"
          },
          {
            "path": ":spring-expression:compileTestKotlin",
            "outcome": "FROM_CACHE"
          },
          {
            "path": ":spring-expression:jar",
            "outcome": "EXECUTED"
          },
          {
            "path": ":spring-expression:processResources",
            "outcome": "NO_SOURCE"
          },
          {
            "path": ":spring-expression:processTestFixturesResources",
            "outcome": "NO_SOURCE"
          },
          {
            "path": ":spring-expression:processTestResources",
            "outcome": "EXECUTED"
          },
          {
            "path": ":spring-expression:testClasses",
            "outcome": "EXECUTED"
          },
          {
            "path": ":spring-expression:testFixturesClasses",
            "outcome": "UP_TO_DATE"
          },
          {
            "path": ":spring-expression:testFixturesJar",
            "outcome": "EXECUTED"
          },
          {
            "path": ":spring-instrument:compileJava",
            "outcome": "FROM_CACHE"
          },
          {
            "path": ":spring-instrument:compileTestFixturesJava",
            "outcome": "NO_SOURCE"
          },
          {
            "path": ":spring-instrument:compileTestJava",
            "outcome": "NO_SOURCE"
          },
          {
            "path": ":spring-instrument:processTestResources",
            "outcome": "NO_SOURCE"
          },
          {
            "path": ":spring-instrument:testClasses",
            "outcome": "UP_TO_DATE"
          },
          {
            "path": ":spring-jdbc:checkKotlinGradlePluginConfigurationErrors",
            "outcome": "SKIPPED"
          },
          {
            "path": ":spring-jdbc:classes",
            "outcome": "EXECUTED"
          },
          {
            "path": ":spring-jdbc:compileJava",
            "outcome": "FROM_CACHE"
          },
          {
            "path": ":spring-jdbc:compileKotlin",
            "outcome": "FROM_CACHE"
          },
          {
            "path": ":spring-jdbc:compileTestFixturesJava",
            "outcome": "NO_SOURCE"
          },
          {
            "path": ":spring-jdbc:compileTestFixturesKotlin",
            "outcome": "NO_SOURCE"
          },
          {
            "path": ":spring-jdbc:compileTestJava",
            "outcome": "FROM_CACHE"
          },
          {
            "path": ":spring-jdbc:compileTestKotlin",
            "outcome": "FROM_CACHE"
          },
          {
            "path": ":spring-jdbc:jar",
            "outcome": "EXECUTED"
          },
          {
            "path": ":spring-jdbc:processResources",
            "outcome": "EXECUTED"
          },
          {
            "path": ":spring-jdbc:processTestFixturesResources",
            "outcome": "NO_SOURCE"
          },
          {
            "path": ":spring-jdbc:processTestResources",
            "outcome": "EXECUTED"
          },
          {
            "path": ":spring-jdbc:testClasses",
            "outcome": "EXECUTED"
          },
          {
            "path": ":spring-jdbc:testFixturesClasses",
            "outcome": "UP_TO_DATE"
          },
          {
            "path": ":spring-jdbc:testFixturesJar",
            "outcome": "EXECUTED"
          },
          {
            "path": ":spring-jms:compileJava",
            "outcome": "EXECUTED"
          },
          {
            "path": ":spring-jms:compileTestFixturesJava",
            "outcome": "NO_SOURCE"
          },
          {
            "path": ":spring-jms:compileTestJava",
            "outcome": "FROM_CACHE"
          },
          {
            "path": ":spring-jms:processTestResources",
            "outcome": "EXECUTED"
          },
          {
            "path": ":spring-jms:testClasses",
            "outcome": "EXECUTED"
          },
          {
            "path": ":spring-messaging:checkKotlinGradlePluginConfigurationErrors",
            "outcome": "SKIPPED"
          },
          {
            "path": ":spring-messaging:classes",
            "outcome": "EXECUTED"
          },
          {
            "path": ":spring-messaging:compileJava",
            "outcome": "FROM_CACHE"
          },
          {
            "path": ":spring-messaging:compileKotlin",
            "outcome": "FROM_CACHE"
          },
          {
            "path": ":spring-messaging:compileTestFixturesJava",
            "outcome": "NO_SOURCE"
          },
          {
            "path": ":spring-messaging:compileTestFixturesKotlin",
            "outcome": "NO_SOURCE"
          },
          {
            "path": ":spring-messaging:compileTestJava",
            "outcome": "FROM_CACHE"
          },
          {
            "path": ":spring-messaging:compileTestKotlin",
            "outcome": "FROM_CACHE"
          },
          {
            "path": ":spring-messaging:jar",
            "outcome": "EXECUTED"
          },
          {
            "path": ":spring-messaging:processResources",
            "outcome": "EXECUTED"
          },
          {
            "path": ":spring-messaging:processTestFixturesResources",
            "outcome": "NO_SOURCE"
          },
          {
            "path": ":spring-messaging:processTestResources",
            "outcome": "EXECUTED"
          },
          {
            "path": ":spring-messaging:testClasses",
            "outcome": "EXECUTED"
          },
          {
            "path": ":spring-messaging:testFixturesClasses",
            "outcome": "UP_TO_DATE"
          },
          {
            "path": ":spring-messaging:testFixturesJar",
            "outcome": "EXECUTED"
          },
          {
            "path": ":spring-orm:compileJava",
            "outcome": "FROM_CACHE"
          },
          {
            "path": ":spring-orm:compileTestFixturesJava",
            "outcome": "NO_SOURCE"
          },
          {
            "path": ":spring-orm:compileTestJava",
            "outcome": "FROM_CACHE"
          },
          {
            "path": ":spring-orm:processTestResources",
            "outcome": "EXECUTED"
          },
          {
            "path": ":spring-orm:testClasses",
            "outcome": "EXECUTED"
          },
          {
            "path": ":spring-oxm:compileJava",
            "outcome": "FROM_CACHE"
          },
          {
            "path": ":spring-oxm:compileTestFixturesJava",
            "outcome": "NO_SOURCE"
          },
          {
            "path": ":spring-oxm:compileTestJava",
            "outcome": "FROM_CACHE"
          },
          {
            "path": ":spring-oxm:processTestResources",
            "outcome": "EXECUTED"
          },
          {
            "path": ":spring-oxm:testClasses",
            "outcome": "EXECUTED"
          },
          {
            "path": ":spring-oxm:xjc",
            "outcome": "FROM_CACHE"
          },
          {
            "path": ":spring-r2dbc:checkKotlinGradlePluginConfigurationErrors",
            "outcome": "SKIPPED"
          },
          {
            "path": ":spring-r2dbc:classes",
            "outcome": "EXECUTED"
          },
          {
            "path": ":spring-r2dbc:compileJava",
            "outcome": "FROM_CACHE"
          },
          {
            "path": ":spring-r2dbc:compileKotlin",
            "outcome": "FROM_CACHE"
          },
          {
            "path": ":spring-r2dbc:compileTestFixturesJava",
            "outcome": "NO_SOURCE"
          },
          {
            "path": ":spring-r2dbc:compileTestFixturesKotlin",
            "outcome": "NO_SOURCE"
          },
          {
            "path": ":spring-r2dbc:compileTestJava",
            "outcome": "FROM_CACHE"
          },
          {
            "path": ":spring-r2dbc:compileTestKotlin",
            "outcome": "FROM_CACHE"
          },
          {
            "path": ":spring-r2dbc:jar",
            "outcome": "EXECUTED"
          },
          {
            "path": ":spring-r2dbc:processResources",
            "outcome": "EXECUTED"
          },
          {
            "path": ":spring-r2dbc:processTestFixturesResources",
            "outcome": "NO_SOURCE"
          },
          {
            "path": ":spring-r2dbc:processTestResources",
            "outcome": "EXECUTED"
          },
          {
            "path": ":spring-r2dbc:testClasses",
            "outcome": "EXECUTED"
          },
          {
            "path": ":spring-r2dbc:testFixturesClasses",
            "outcome": "UP_TO_DATE"
          },
          {
            "path": ":spring-r2dbc:testFixturesJar",
            "outcome": "EXECUTED"
          },
          {
            "path": ":spring-test:checkKotlinGradlePluginConfigurationErrors",
            "outcome": "SKIPPED"
          },
          {
            "path": ":spring-test:classes",
            "outcome": "EXECUTED"
          },
          {
            "path": ":spring-test:compileJava",
            "outcome": "FROM_CACHE"
          },
          {
            "path": ":spring-test:compileKotlin",
            "outcome": "FROM_CACHE"
          },
          {
            "path": ":spring-test:compileTestFixturesJava",
            "outcome": "NO_SOURCE"
          },
          {
            "path": ":spring-test:compileTestFixturesKotlin",
            "outcome": "NO_SOURCE"
          },
          {
            "path": ":spring-test:compileTestJava",
            "outcome": "FROM_CACHE"
          },
          {
            "path": ":spring-test:compileTestKotlin",
            "outcome": "FROM_CACHE"
          },
          {
            "path": ":spring-test:jar",
            "outcome": "EXECUTED"
          },
          {
            "path": ":spring-test:processResources",
            "outcome": "EXECUTED"
          },
          {
            "path": ":spring-test:processTestFixturesResources",
            "outcome": "NO_SOURCE"
          },
          {
            "path": ":spring-test:processTestResources",
            "outcome": "EXECUTED"
          },
          {
            "path": ":spring-test:testClasses",
            "outcome": "EXECUTED"
          },
          {
            "path": ":spring-test:testFixturesClasses",
            "outcome": "UP_TO_DATE"
          },
          {
            "path": ":spring-test:testFixturesJar",
            "outcome": "EXECUTED"
          },
          {
            "path": ":spring-tx:checkKotlinGradlePluginConfigurationErrors",
            "outcome": "SKIPPED"
          },
          {
            "path": ":spring-tx:classes",
            "outcome": "EXECUTED"
          },
          {
            "path": ":spring-tx:compileJava",
            "outcome": "FROM_CACHE"
          },
          {
            "path": ":spring-tx:compileKotlin",
            "outcome": "FROM_CACHE"
          },
          {
            "path": ":spring-tx:compileTestFixturesJava",
            "outcome": "FROM_CACHE"
          },
          {
            "path": ":spring-tx:compileTestFixturesKotlin",
            "outcome": "NO_SOURCE"
          },
          {
            "path": ":spring-tx:compileTestJava",
            "outcome": "FROM_CACHE"
          },
          {
            "path": ":spring-tx:compileTestKotlin",
            "outcome": "FROM_CACHE"
          },
          {
            "path": ":spring-tx:jar",
            "outcome": "EXECUTED"
          },
          {
            "path": ":spring-tx:processResources",
            "outcome": "EXECUTED"
          },
          {
            "path": ":spring-tx:processTestFixturesResources",
            "outcome": "NO_SOURCE"
          },
          {
            "path": ":spring-tx:processTestResources",
            "outcome": "EXECUTED"
          },
          {
            "path": ":spring-tx:testClasses",
            "outcome": "EXECUTED"
          },
          {
            "path": ":spring-tx:testFixturesClasses",
            "outcome": "UP_TO_DATE"
          },
          {
            "path": ":spring-tx:testFixturesJar",
            "outcome": "EXECUTED"
          },
          {
            "path": ":spring-web:checkKotlinGradlePluginConfigurationErrors",
            "outcome": "SKIPPED"
          },
          {
            "path": ":spring-web:classes",
            "outcome": "EXECUTED"
          },
          {
            "path": ":spring-web:compileJava",
            "outcome": "FROM_CACHE"
          },
          {
            "path": ":spring-web:compileKotlin",
            "outcome": "FROM_CACHE"
          },
          {
            "path": ":spring-web:compileTestFixturesJava",
            "outcome": "FROM_CACHE"
          },
          {
            "path": ":spring-web:compileTestFixturesKotlin",
            "outcome": "NO_SOURCE"
          },
          {
            "path": ":spring-web:compileTestJava",
            "outcome": "FROM_CACHE"
          },
          {
            "path": ":spring-web:compileTestKotlin",
            "outcome": "FROM_CACHE"
          },
          {
            "path": ":spring-web:jar",
            "outcome": "EXECUTED"
          },
          {
            "path": ":spring-web:processResources",
            "outcome": "EXECUTED"
          },
          {
            "path": ":spring-web:processTestFixturesResources",
            "outcome": "EXECUTED"
          },
          {
            "path": ":spring-web:processTestResources",
            "outcome": "EXECUTED"
          },
          {
            "path": ":spring-web:testClasses",
            "outcome": "EXECUTED"
          },
          {
            "path": ":spring-web:testFixturesClasses",
            "outcome": "EXECUTED"
          },
          {
            "path": ":spring-web:testFixturesJar",
            "outcome": "EXECUTED"
          },
          {
            "path": ":spring-webflux:checkKotlinGradlePluginConfigurationErrors",
            "outcome": "SKIPPED"
          },
          {
            "path": ":spring-webflux:classes",
            "outcome": "EXECUTED"
          },
          {
            "path": ":spring-webflux:compileJava",
            "outcome": "FROM_CACHE"
          },
          {
            "path": ":spring-webflux:compileKotlin",
            "outcome": "FROM_CACHE"
          },
          {
            "path": ":spring-webflux:compileTestFixturesJava",
            "outcome": "NO_SOURCE"
          },
          {
            "path": ":spring-webflux:compileTestFixturesKotlin",
            "outcome": "NO_SOURCE"
          },
          {
            "path": ":spring-webflux:compileTestJava",
            "outcome": "FROM_CACHE"
          },
          {
            "path": ":spring-webflux:compileTestKotlin",
            "outcome": "FROM_CACHE"
          },
          {
            "path": ":spring-webflux:jar",
            "outcome": "EXECUTED"
          },
          {
            "path": ":spring-webflux:processResources",
            "outcome": "EXECUTED"
          },
          {
            "path": ":spring-webflux:processTestFixturesResources",
            "outcome": "NO_SOURCE"
          },
          {
            "path": ":spring-webflux:processTestResources",
            "outcome": "EXECUTED"
          },
          {
            "path": ":spring-webflux:testClasses",
            "outcome": "EXECUTED"
          },
          {
            "path": ":spring-webflux:testFixturesClasses",
            "outcome": "UP_TO_DATE"
          },
          {
            "path": ":spring-webflux:testFixturesJar",
            "outcome": "EXECUTED"
          },
          {
            "path": ":spring-webmvc:checkKotlinGradlePluginConfigurationErrors",
            "outcome": "SKIPPED"
          },
          {
            "path": ":spring-webmvc:classes",
            "outcome": "EXECUTED"
          },
          {
            "path": ":spring-webmvc:compileJava",
            "outcome": "FROM_CACHE"
          },
          {
            "path": ":spring-webmvc:compileKotlin",
            "outcome": "FROM_CACHE"
          },
          {
            "path": ":spring-webmvc:compileTestFixturesJava",
            "outcome": "NO_SOURCE"
          },
          {
            "path": ":spring-webmvc:compileTestFixturesKotlin",
            "outcome": "NO_SOURCE"
          },
          {
            "path": ":spring-webmvc:compileTestJava",
            "outcome": "FROM_CACHE"
          },
          {
            "path": ":spring-webmvc:compileTestKotlin",
            "outcome": "FROM_CACHE"
          },
          {
            "path": ":spring-webmvc:jar",
            "outcome": "EXECUTED"
          },
          {
            "path": ":spring-webmvc:processResources",
            "outcome": "EXECUTED"
          },
          {
            "path": ":spring-webmvc:processTestFixturesResources",
            "outcome": "NO_SOURCE"
          },
          {
            "path": ":spring-webmvc:processTestResources",
            "outcome": "EXECUTED"
          },
          {
            "path": ":spring-webmvc:testClasses",
            "outcome": "EXECUTED"
          },
          {
            "path": ":spring-webmvc:testFixturesClasses",
            "outcome": "UP_TO_DATE"
          },
          {
            "path": ":spring-webmvc:testFixturesJar",
            "outcome": "EXECUTED"
          },
          {
            "path": ":spring-websocket:compileJava",
            "outcome": "FROM_CACHE"
          },
          {
            "path": ":spring-websocket:compileTestFixturesJava",
            "outcome": "NO_SOURCE"
          },
          {
            "path": ":spring-websocket:compileTestJava",
            "outcome": "FROM_CACHE"
          },
          {
            "path": ":spring-websocket:processTestResources",
            "outcome": "EXECUTED"
          },
          {
            "path": ":spring-websocket:testClasses",
            "outcome": "EXECUTED"
          },
          {
            "path": ":testClasses",
            "outcome": "UP_TO_DATE"
          }
        ]
      },
      "candidateTaskOutcomes": {
        "total": 56,
        "executed": 14,
        "fromCache": 26,
        "upToDate": 2,
        "noSource": 7,
        "skipped": 7,
        "fingerprintSha256": "af08640256e4ce968a02546a34fd5e7b170359e73fd1255332a0b813d6a2b3f6",
        "tasks": [
          {
            "path": ":buildSrc:check",
            "outcome": "UP_TO_DATE"
          },
          {
            "path": ":buildSrc:checkstyleMain",
            "outcome": "FROM_CACHE"
          },
          {
            "path": ":buildSrc:checkstyleTest",
            "outcome": "FROM_CACHE"
          },
          {
            "path": ":buildSrc:classes",
            "outcome": "EXECUTED"
          },
          {
            "path": ":buildSrc:compileGroovy",
            "outcome": "NO_SOURCE"
          },
          {
            "path": ":buildSrc:compileJava",
            "outcome": "FROM_CACHE"
          },
          {
            "path": ":buildSrc:compileTestGroovy",
            "outcome": "NO_SOURCE"
          },
          {
            "path": ":buildSrc:compileTestJava",
            "outcome": "FROM_CACHE"
          },
          {
            "path": ":buildSrc:jar",
            "outcome": "EXECUTED"
          },
          {
            "path": ":buildSrc:pluginDescriptors",
            "outcome": "EXECUTED"
          },
          {
            "path": ":buildSrc:pluginUnderTestMetadata",
            "outcome": "EXECUTED"
          },
          {
            "path": ":buildSrc:processResources",
            "outcome": "EXECUTED"
          },
          {
            "path": ":buildSrc:processTestResources",
            "outcome": "NO_SOURCE"
          },
          {
            "path": ":buildSrc:test",
            "outcome": "FROM_CACHE"
          },
          {
            "path": ":buildSrc:testClasses",
            "outcome": "UP_TO_DATE"
          },
          {
            "path": ":buildSrc:validatePlugins",
            "outcome": "FROM_CACHE"
          },
          {
            "path": ":spring-aop:checkKotlinGradlePluginConfigurationErrors",
            "outcome": "SKIPPED"
          },
          {
            "path": ":spring-aop:compileJava",
            "outcome": "FROM_CACHE"
          },
          {
            "path": ":spring-aop:compileKotlin",
            "outcome": "NO_SOURCE"
          },
          {
            "path": ":spring-beans:checkKotlinGradlePluginConfigurationErrors",
            "outcome": "SKIPPED"
          },
          {
            "path": ":spring-beans:classes",
            "outcome": "EXECUTED"
          },
          {
            "path": ":spring-beans:compileJava",
            "outcome": "FROM_CACHE"
          },
          {
            "path": ":spring-beans:compileKotlin",
            "outcome": "FROM_CACHE"
          },
          {
            "path": ":spring-beans:compileTestFixturesJava",
            "outcome": "FROM_CACHE"
          },
          {
            "path": ":spring-beans:compileTestFixturesKotlin",
            "outcome": "FROM_CACHE"
          },
          {
            "path": ":spring-beans:jar",
            "outcome": "EXECUTED"
          },
          {
            "path": ":spring-beans:processResources",
            "outcome": "EXECUTED"
          },
          {
            "path": ":spring-context:checkKotlinGradlePluginConfigurationErrors",
            "outcome": "SKIPPED"
          },
          {
            "path": ":spring-context:compileJava",
            "outcome": "FROM_CACHE"
          },
          {
            "path": ":spring-context:compileKotlin",
            "outcome": "FROM_CACHE"
          },
          {
            "path": ":spring-core:checkKotlinGradlePluginConfigurationErrors",
            "outcome": "SKIPPED"
          },
          {
            "path": ":spring-core:compileJava",
            "outcome": "FROM_CACHE"
          },
          {
            "path": ":spring-core:compileKotlin",
            "outcome": "FROM_CACHE"
          },
          {
            "path": ":spring-core:javapoetRepackJar",
            "outcome": "FROM_CACHE"
          },
          {
            "path": ":spring-core:objenesisRepackJar",
            "outcome": "FROM_CACHE"
          },
          {
            "path": ":spring-expression:checkKotlinGradlePluginConfigurationErrors",
            "outcome": "SKIPPED"
          },
          {
            "path": ":spring-expression:compileJava",
            "outcome": "FROM_CACHE"
          },
          {
            "path": ":spring-expression:compileKotlin",
            "outcome": "NO_SOURCE"
          },
          {
            "path": ":spring-instrument:compileJava",
            "outcome": "FROM_CACHE"
          },
          {
            "path": ":spring-jms:compileJava",
            "outcome": "EXECUTED"
          },
          {
            "path": ":spring-jms:compileTestFixturesJava",
            "outcome": "NO_SOURCE"
          },
          {
            "path": ":spring-jms:compileTestJava",
            "outcome": "FROM_CACHE"
          },
          {
            "path": ":spring-jms:processTestResources",
            "outcome": "EXECUTED"
          },
          {
            "path": ":spring-jms:testClasses",
            "outcome": "EXECUTED"
          },
          {
            "path": ":spring-messaging:checkKotlinGradlePluginConfigurationErrors",
            "outcome": "SKIPPED"
          },
          {
            "path": ":spring-messaging:compileJava",
            "outcome": "FROM_CACHE"
          },
          {
            "path": ":spring-messaging:compileKotlin",
            "outcome": "FROM_CACHE"
          },
          {
            "path": ":spring-oxm:compileJava",
            "outcome": "FROM_CACHE"
          },
          {
            "path": ":spring-tx:checkKotlinGradlePluginConfigurationErrors",
            "outcome": "SKIPPED"
          },
          {
            "path": ":spring-tx:classes",
            "outcome": "EXECUTED"
          },
          {
            "path": ":spring-tx:compileJava",
            "outcome": "FROM_CACHE"
          },
          {
            "path": ":spring-tx:compileKotlin",
            "outcome": "FROM_CACHE"
          },
          {
            "path": ":spring-tx:compileTestFixturesJava",
            "outcome": "FROM_CACHE"
          },
          {
            "path": ":spring-tx:compileTestFixturesKotlin",
            "outcome": "NO_SOURCE"
          },
          {
            "path": ":spring-tx:jar",
            "outcome": "EXECUTED"
          },
          {
            "path": ":spring-tx:processResources",
            "outcome": "EXECUTED"
          }
        ]
      },
      "controlHostPressure": {
        "available": true,
        "cpuSomeTotalUs": 114357,
        "memorySomeTotalUs": 94,
        "memoryFullTotalUs": 66,
        "ioSomeTotalUs": 9520250,
        "ioFullTotalUs": 6729062
      },
      "candidateHostPressure": {
        "available": true,
        "cpuSomeTotalUs": 42830,
        "memorySomeTotalUs": 2,
        "memoryFullTotalUs": 2,
        "ioSomeTotalUs": 8982584,
        "ioFullTotalUs": 7736908
      }
    },
    {
      "pair": 4,
      "order": "CANDIDATE_FIRST",
      "controlDurationMs": 12891,
      "candidateDurationMs": 10413,
      "savedMs": 2478,
      "controlRequiredOutputSha256": "c1de7856f3bfbec061af1a6a147e489da0bd960aca43bf326e51372c2ca5d629",
      "candidateRequiredOutputSha256": "c1de7856f3bfbec061af1a6a147e489da0bd960aca43bf326e51372c2ca5d629",
      "requiredOutputCount": 378,
      "productAttributableFailure": false,
      "controlLogSha256": "bbeb6f3b241fc6fa70729a1e14bf4f62339b0701de35c42e5ed959ecab2d7c2a",
      "candidateLogSha256": "cdcb7eacce2b58e5b5ce9de0187d8ea6fb49b47ffa497067c6454d658e8b9c43",
      "controlTaskOutcomes": {
        "total": 305,
        "executed": 109,
        "fromCache": 89,
        "upToDate": 23,
        "noSource": 65,
        "skipped": 19,
        "fingerprintSha256": "85399d45cd2d3615162148545d5babb68fb708dbdd29a2e2991b8e65724ce6a7",
        "tasks": [
          {
            "path": ":buildSrc:check",
            "outcome": "UP_TO_DATE"
          },
          {
            "path": ":buildSrc:checkstyleMain",
            "outcome": "FROM_CACHE"
          },
          {
            "path": ":buildSrc:checkstyleTest",
            "outcome": "FROM_CACHE"
          },
          {
            "path": ":buildSrc:classes",
            "outcome": "EXECUTED"
          },
          {
            "path": ":buildSrc:compileGroovy",
            "outcome": "NO_SOURCE"
          },
          {
            "path": ":buildSrc:compileJava",
            "outcome": "FROM_CACHE"
          },
          {
            "path": ":buildSrc:compileTestGroovy",
            "outcome": "NO_SOURCE"
          },
          {
            "path": ":buildSrc:compileTestJava",
            "outcome": "FROM_CACHE"
          },
          {
            "path": ":buildSrc:jar",
            "outcome": "EXECUTED"
          },
          {
            "path": ":buildSrc:pluginDescriptors",
            "outcome": "EXECUTED"
          },
          {
            "path": ":buildSrc:pluginUnderTestMetadata",
            "outcome": "EXECUTED"
          },
          {
            "path": ":buildSrc:processResources",
            "outcome": "EXECUTED"
          },
          {
            "path": ":buildSrc:processTestResources",
            "outcome": "NO_SOURCE"
          },
          {
            "path": ":buildSrc:test",
            "outcome": "FROM_CACHE"
          },
          {
            "path": ":buildSrc:testClasses",
            "outcome": "UP_TO_DATE"
          },
          {
            "path": ":buildSrc:validatePlugins",
            "outcome": "FROM_CACHE"
          },
          {
            "path": ":classes",
            "outcome": "UP_TO_DATE"
          },
          {
            "path": ":compileJava",
            "outcome": "NO_SOURCE"
          },
          {
            "path": ":compileTestFixturesJava",
            "outcome": "NO_SOURCE"
          },
          {
            "path": ":compileTestJava",
            "outcome": "NO_SOURCE"
          },
          {
            "path": ":framework-docs:checkKotlinGradlePluginConfigurationErrors",
            "outcome": "SKIPPED"
          },
          {
            "path": ":framework-docs:classes",
            "outcome": "EXECUTED"
          },
          {
            "path": ":framework-docs:compileJava",
            "outcome": "FROM_CACHE"
          },
          {
            "path": ":framework-docs:compileKotlin",
            "outcome": "FROM_CACHE"
          },
          {
            "path": ":framework-docs:compileTestJava",
            "outcome": "NO_SOURCE"
          },
          {
            "path": ":framework-docs:compileTestKotlin",
            "outcome": "NO_SOURCE"
          },
          {
            "path": ":framework-docs:jar",
            "outcome": "SKIPPED"
          },
          {
            "path": ":framework-docs:processResources",
            "outcome": "EXECUTED"
          },
          {
            "path": ":framework-docs:processTestResources",
            "outcome": "NO_SOURCE"
          },
          {
            "path": ":framework-docs:testClasses",
            "outcome": "UP_TO_DATE"
          },
          {
            "path": ":integration-tests:checkKotlinGradlePluginConfigurationErrors",
            "outcome": "SKIPPED"
          },
          {
            "path": ":integration-tests:classes",
            "outcome": "UP_TO_DATE"
          },
          {
            "path": ":integration-tests:compileJava",
            "outcome": "NO_SOURCE"
          },
          {
            "path": ":integration-tests:compileKotlin",
            "outcome": "NO_SOURCE"
          },
          {
            "path": ":integration-tests:compileTestFixturesJava",
            "outcome": "NO_SOURCE"
          },
          {
            "path": ":integration-tests:compileTestFixturesKotlin",
            "outcome": "NO_SOURCE"
          },
          {
            "path": ":integration-tests:compileTestJava",
            "outcome": "FROM_CACHE"
          },
          {
            "path": ":integration-tests:compileTestKotlin",
            "outcome": "FROM_CACHE"
          },
          {
            "path": ":integration-tests:jar",
            "outcome": "EXECUTED"
          },
          {
            "path": ":integration-tests:processResources",
            "outcome": "NO_SOURCE"
          },
          {
            "path": ":integration-tests:processTestFixturesResources",
            "outcome": "NO_SOURCE"
          },
          {
            "path": ":integration-tests:processTestResources",
            "outcome": "EXECUTED"
          },
          {
            "path": ":integration-tests:testClasses",
            "outcome": "EXECUTED"
          },
          {
            "path": ":integration-tests:testFixturesClasses",
            "outcome": "UP_TO_DATE"
          },
          {
            "path": ":integration-tests:testFixturesJar",
            "outcome": "EXECUTED"
          },
          {
            "path": ":jar",
            "outcome": "EXECUTED"
          },
          {
            "path": ":processResources",
            "outcome": "NO_SOURCE"
          },
          {
            "path": ":processTestResources",
            "outcome": "NO_SOURCE"
          },
          {
            "path": ":spring-aop:checkKotlinGradlePluginConfigurationErrors",
            "outcome": "SKIPPED"
          },
          {
            "path": ":spring-aop:classes",
            "outcome": "EXECUTED"
          },
          {
            "path": ":spring-aop:compileJava",
            "outcome": "FROM_CACHE"
          },
          {
            "path": ":spring-aop:compileKotlin",
            "outcome": "NO_SOURCE"
          },
          {
            "path": ":spring-aop:compileTestFixturesJava",
            "outcome": "FROM_CACHE"
          },
          {
            "path": ":spring-aop:compileTestFixturesKotlin",
            "outcome": "NO_SOURCE"
          },
          {
            "path": ":spring-aop:compileTestJava",
            "outcome": "FROM_CACHE"
          },
          {
            "path": ":spring-aop:compileTestKotlin",
            "outcome": "FROM_CACHE"
          },
          {
            "path": ":spring-aop:jar",
            "outcome": "EXECUTED"
          },
          {
            "path": ":spring-aop:processResources",
            "outcome": "EXECUTED"
          },
          {
            "path": ":spring-aop:processTestFixturesResources",
            "outcome": "NO_SOURCE"
          },
          {
            "path": ":spring-aop:processTestResources",
            "outcome": "EXECUTED"
          },
          {
            "path": ":spring-aop:testClasses",
            "outcome": "EXECUTED"
          },
          {
            "path": ":spring-aop:testFixturesClasses",
            "outcome": "UP_TO_DATE"
          },
          {
            "path": ":spring-aop:testFixturesJar",
            "outcome": "EXECUTED"
          },
          {
            "path": ":spring-aspects:classes",
            "outcome": "EXECUTED"
          },
          {
            "path": ":spring-aspects:compileAspectj",
            "outcome": "FROM_CACHE"
          },
          {
            "path": ":spring-aspects:compileJava",
            "outcome": "SKIPPED"
          },
          {
            "path": ":spring-aspects:compileTestAspectj",
            "outcome": "FROM_CACHE"
          },
          {
            "path": ":spring-aspects:compileTestFixturesAspectj",
            "outcome": "NO_SOURCE"
          },
          {
            "path": ":spring-aspects:compileTestFixturesJava",
            "outcome": "SKIPPED"
          },
          {
            "path": ":spring-aspects:compileTestJava",
            "outcome": "SKIPPED"
          },
          {
            "path": ":spring-aspects:processResources",
            "outcome": "EXECUTED"
          },
          {
            "path": ":spring-aspects:processTestResources",
            "outcome": "EXECUTED"
          },
          {
            "path": ":spring-aspects:testClasses",
            "outcome": "EXECUTED"
          },
          {
            "path": ":spring-beans:checkKotlinGradlePluginConfigurationErrors",
            "outcome": "SKIPPED"
          },
          {
            "path": ":spring-beans:classes",
            "outcome": "EXECUTED"
          },
          {
            "path": ":spring-beans:compileJava",
            "outcome": "FROM_CACHE"
          },
          {
            "path": ":spring-beans:compileKotlin",
            "outcome": "FROM_CACHE"
          },
          {
            "path": ":spring-beans:compileTestFixturesJava",
            "outcome": "FROM_CACHE"
          },
          {
            "path": ":spring-beans:compileTestFixturesKotlin",
            "outcome": "FROM_CACHE"
          },
          {
            "path": ":spring-beans:compileTestJava",
            "outcome": "FROM_CACHE"
          },
          {
            "path": ":spring-beans:compileTestKotlin",
            "outcome": "FROM_CACHE"
          },
          {
            "path": ":spring-beans:jar",
            "outcome": "EXECUTED"
          },
          {
            "path": ":spring-beans:processResources",
            "outcome": "EXECUTED"
          },
          {
            "path": ":spring-beans:processTestFixturesResources",
            "outcome": "EXECUTED"
          },
          {
            "path": ":spring-beans:processTestResources",
            "outcome": "EXECUTED"
          },
          {
            "path": ":spring-beans:testClasses",
            "outcome": "EXECUTED"
          },
          {
            "path": ":spring-beans:testFixturesClasses",
            "outcome": "EXECUTED"
          },
          {
            "path": ":spring-beans:testFixturesJar",
            "outcome": "EXECUTED"
          },
          {
            "path": ":spring-context-indexer:compileJava",
            "outcome": "FROM_CACHE"
          },
          {
            "path": ":spring-context-indexer:compileTestFixturesJava",
            "outcome": "NO_SOURCE"
          },
          {
            "path": ":spring-context-indexer:compileTestJava",
            "outcome": "FROM_CACHE"
          },
          {
            "path": ":spring-context-indexer:processTestResources",
            "outcome": "NO_SOURCE"
          },
          {
            "path": ":spring-context-indexer:testClasses",
            "outcome": "UP_TO_DATE"
          },
          {
            "path": ":spring-context-support:compileJava",
            "outcome": "FROM_CACHE"
          },
          {
            "path": ":spring-context-support:compileTestFixturesJava",
            "outcome": "FROM_CACHE"
          },
          {
            "path": ":spring-context-support:compileTestJava",
            "outcome": "FROM_CACHE"
          },
          {
            "path": ":spring-context-support:processTestResources",
            "outcome": "EXECUTED"
          },
          {
            "path": ":spring-context-support:testClasses",
            "outcome": "EXECUTED"
          },
          {
            "path": ":spring-context:checkKotlinGradlePluginConfigurationErrors",
            "outcome": "SKIPPED"
          },
          {
            "path": ":spring-context:classes",
            "outcome": "EXECUTED"
          },
          {
            "path": ":spring-context:compileJava",
            "outcome": "FROM_CACHE"
          },
          {
            "path": ":spring-context:compileKotlin",
            "outcome": "FROM_CACHE"
          },
          {
            "path": ":spring-context:compileTestFixturesJava",
            "outcome": "FROM_CACHE"
          },
          {
            "path": ":spring-context:compileTestFixturesKotlin",
            "outcome": "NO_SOURCE"
          },
          {
            "path": ":spring-context:compileTestJava",
            "outcome": "FROM_CACHE"
          },
          {
            "path": ":spring-context:compileTestKotlin",
            "outcome": "FROM_CACHE"
          },
          {
            "path": ":spring-context:jar",
            "outcome": "EXECUTED"
          },
          {
            "path": ":spring-context:processResources",
            "outcome": "EXECUTED"
          },
          {
            "path": ":spring-context:processTestFixturesResources",
            "outcome": "NO_SOURCE"
          },
          {
            "path": ":spring-context:processTestResources",
            "outcome": "EXECUTED"
          },
          {
            "path": ":spring-context:testClasses",
            "outcome": "EXECUTED"
          },
          {
            "path": ":spring-context:testFixturesClasses",
            "outcome": "UP_TO_DATE"
          },
          {
            "path": ":spring-context:testFixturesJar",
            "outcome": "EXECUTED"
          },
          {
            "path": ":spring-core-test:compileJava",
            "outcome": "FROM_CACHE"
          },
          {
            "path": ":spring-core-test:compileTestFixturesJava",
            "outcome": "NO_SOURCE"
          },
          {
            "path": ":spring-core-test:compileTestJava",
            "outcome": "FROM_CACHE"
          },
          {
            "path": ":spring-core-test:processTestResources",
            "outcome": "EXECUTED"
          },
          {
            "path": ":spring-core-test:testClasses",
            "outcome": "EXECUTED"
          },
          {
            "path": ":spring-core:checkKotlinGradlePluginConfigurationErrors",
            "outcome": "SKIPPED"
          },
          {
            "path": ":spring-core:classes",
            "outcome": "EXECUTED"
          },
          {
            "path": ":spring-core:compileJava",
            "outcome": "FROM_CACHE"
          },
          {
            "path": ":spring-core:compileJava21Java",
            "outcome": "FROM_CACHE"
          },
          {
            "path": ":spring-core:compileJava21Kotlin",
            "outcome": "NO_SOURCE"
          },
          {
            "path": ":spring-core:compileJava24Java",
            "outcome": "FROM_CACHE"
          },
          {
            "path": ":spring-core:compileJava24Kotlin",
            "outcome": "NO_SOURCE"
          },
          {
            "path": ":spring-core:compileKotlin",
            "outcome": "FROM_CACHE"
          },
          {
            "path": ":spring-core:compileTestFixturesJava",
            "outcome": "FROM_CACHE"
          },
          {
            "path": ":spring-core:compileTestFixturesKotlin",
            "outcome": "NO_SOURCE"
          },
          {
            "path": ":spring-core:compileTestJava",
            "outcome": "FROM_CACHE"
          },
          {
            "path": ":spring-core:compileTestKotlin",
            "outcome": "FROM_CACHE"
          },
          {
            "path": ":spring-core:jar",
            "outcome": "EXECUTED"
          },
          {
            "path": ":spring-core:java21Classes",
            "outcome": "UP_TO_DATE"
          },
          {
            "path": ":spring-core:java24Classes",
            "outcome": "UP_TO_DATE"
          },
          {
            "path": ":spring-core:javapoetRepackJar",
            "outcome": "FROM_CACHE"
          },
          {
            "path": ":spring-core:objenesisRepackJar",
            "outcome": "FROM_CACHE"
          },
          {
            "path": ":spring-core:processJava21Resources",
            "outcome": "NO_SOURCE"
          },
          {
            "path": ":spring-core:processJava24Resources",
            "outcome": "NO_SOURCE"
          },
          {
            "path": ":spring-core:processResources",
            "outcome": "EXECUTED"
          },
          {
            "path": ":spring-core:processTestFixturesResources",
            "outcome": "NO_SOURCE"
          },
          {
            "path": ":spring-core:processTestResources",
            "outcome": "EXECUTED"
          },
          {
            "path": ":spring-core:testClasses",
            "outcome": "EXECUTED"
          },
          {
            "path": ":spring-core:testFixturesClasses",
            "outcome": "UP_TO_DATE"
          },
          {
            "path": ":spring-core:testFixturesJar",
            "outcome": "EXECUTED"
          },
          {
            "path": ":spring-expression:checkKotlinGradlePluginConfigurationErrors",
            "outcome": "SKIPPED"
          },
          {
            "path": ":spring-expression:classes",
            "outcome": "UP_TO_DATE"
          },
          {
            "path": ":spring-expression:compileJava",
            "outcome": "FROM_CACHE"
          },
          {
            "path": ":spring-expression:compileKotlin",
            "outcome": "NO_SOURCE"
          },
          {
            "path": ":spring-expression:compileTestFixturesJava",
            "outcome": "NO_SOURCE"
          },
          {
            "path": ":spring-expression:compileTestFixturesKotlin",
            "outcome": "NO_SOURCE"
          },
          {
            "path": ":spring-expression:compileTestJava",
            "outcome": "FROM_CACHE"
          },
          {
            "path": ":spring-expression:compileTestKotlin",
            "outcome": "FROM_CACHE"
          },
          {
            "path": ":spring-expression:jar",
            "outcome": "EXECUTED"
          },
          {
            "path": ":spring-expression:processResources",
            "outcome": "NO_SOURCE"
          },
          {
            "path": ":spring-expression:processTestFixturesResources",
            "outcome": "NO_SOURCE"
          },
          {
            "path": ":spring-expression:processTestResources",
            "outcome": "EXECUTED"
          },
          {
            "path": ":spring-expression:testClasses",
            "outcome": "EXECUTED"
          },
          {
            "path": ":spring-expression:testFixturesClasses",
            "outcome": "UP_TO_DATE"
          },
          {
            "path": ":spring-expression:testFixturesJar",
            "outcome": "EXECUTED"
          },
          {
            "path": ":spring-instrument:compileJava",
            "outcome": "FROM_CACHE"
          },
          {
            "path": ":spring-instrument:compileTestFixturesJava",
            "outcome": "NO_SOURCE"
          },
          {
            "path": ":spring-instrument:compileTestJava",
            "outcome": "NO_SOURCE"
          },
          {
            "path": ":spring-instrument:processTestResources",
            "outcome": "NO_SOURCE"
          },
          {
            "path": ":spring-instrument:testClasses",
            "outcome": "UP_TO_DATE"
          },
          {
            "path": ":spring-jdbc:checkKotlinGradlePluginConfigurationErrors",
            "outcome": "SKIPPED"
          },
          {
            "path": ":spring-jdbc:classes",
            "outcome": "EXECUTED"
          },
          {
            "path": ":spring-jdbc:compileJava",
            "outcome": "FROM_CACHE"
          },
          {
            "path": ":spring-jdbc:compileKotlin",
            "outcome": "FROM_CACHE"
          },
          {
            "path": ":spring-jdbc:compileTestFixturesJava",
            "outcome": "NO_SOURCE"
          },
          {
            "path": ":spring-jdbc:compileTestFixturesKotlin",
            "outcome": "NO_SOURCE"
          },
          {
            "path": ":spring-jdbc:compileTestJava",
            "outcome": "FROM_CACHE"
          },
          {
            "path": ":spring-jdbc:compileTestKotlin",
            "outcome": "FROM_CACHE"
          },
          {
            "path": ":spring-jdbc:jar",
            "outcome": "EXECUTED"
          },
          {
            "path": ":spring-jdbc:processResources",
            "outcome": "EXECUTED"
          },
          {
            "path": ":spring-jdbc:processTestFixturesResources",
            "outcome": "NO_SOURCE"
          },
          {
            "path": ":spring-jdbc:processTestResources",
            "outcome": "EXECUTED"
          },
          {
            "path": ":spring-jdbc:testClasses",
            "outcome": "EXECUTED"
          },
          {
            "path": ":spring-jdbc:testFixturesClasses",
            "outcome": "UP_TO_DATE"
          },
          {
            "path": ":spring-jdbc:testFixturesJar",
            "outcome": "EXECUTED"
          },
          {
            "path": ":spring-jms:compileJava",
            "outcome": "EXECUTED"
          },
          {
            "path": ":spring-jms:compileTestFixturesJava",
            "outcome": "NO_SOURCE"
          },
          {
            "path": ":spring-jms:compileTestJava",
            "outcome": "FROM_CACHE"
          },
          {
            "path": ":spring-jms:processTestResources",
            "outcome": "EXECUTED"
          },
          {
            "path": ":spring-jms:testClasses",
            "outcome": "EXECUTED"
          },
          {
            "path": ":spring-messaging:checkKotlinGradlePluginConfigurationErrors",
            "outcome": "SKIPPED"
          },
          {
            "path": ":spring-messaging:classes",
            "outcome": "EXECUTED"
          },
          {
            "path": ":spring-messaging:compileJava",
            "outcome": "FROM_CACHE"
          },
          {
            "path": ":spring-messaging:compileKotlin",
            "outcome": "FROM_CACHE"
          },
          {
            "path": ":spring-messaging:compileTestFixturesJava",
            "outcome": "NO_SOURCE"
          },
          {
            "path": ":spring-messaging:compileTestFixturesKotlin",
            "outcome": "NO_SOURCE"
          },
          {
            "path": ":spring-messaging:compileTestJava",
            "outcome": "FROM_CACHE"
          },
          {
            "path": ":spring-messaging:compileTestKotlin",
            "outcome": "FROM_CACHE"
          },
          {
            "path": ":spring-messaging:jar",
            "outcome": "EXECUTED"
          },
          {
            "path": ":spring-messaging:processResources",
            "outcome": "EXECUTED"
          },
          {
            "path": ":spring-messaging:processTestFixturesResources",
            "outcome": "NO_SOURCE"
          },
          {
            "path": ":spring-messaging:processTestResources",
            "outcome": "EXECUTED"
          },
          {
            "path": ":spring-messaging:testClasses",
            "outcome": "EXECUTED"
          },
          {
            "path": ":spring-messaging:testFixturesClasses",
            "outcome": "UP_TO_DATE"
          },
          {
            "path": ":spring-messaging:testFixturesJar",
            "outcome": "EXECUTED"
          },
          {
            "path": ":spring-orm:compileJava",
            "outcome": "FROM_CACHE"
          },
          {
            "path": ":spring-orm:compileTestFixturesJava",
            "outcome": "NO_SOURCE"
          },
          {
            "path": ":spring-orm:compileTestJava",
            "outcome": "FROM_CACHE"
          },
          {
            "path": ":spring-orm:processTestResources",
            "outcome": "EXECUTED"
          },
          {
            "path": ":spring-orm:testClasses",
            "outcome": "EXECUTED"
          },
          {
            "path": ":spring-oxm:compileJava",
            "outcome": "FROM_CACHE"
          },
          {
            "path": ":spring-oxm:compileTestFixturesJava",
            "outcome": "NO_SOURCE"
          },
          {
            "path": ":spring-oxm:compileTestJava",
            "outcome": "FROM_CACHE"
          },
          {
            "path": ":spring-oxm:processTestResources",
            "outcome": "EXECUTED"
          },
          {
            "path": ":spring-oxm:testClasses",
            "outcome": "EXECUTED"
          },
          {
            "path": ":spring-oxm:xjc",
            "outcome": "FROM_CACHE"
          },
          {
            "path": ":spring-r2dbc:checkKotlinGradlePluginConfigurationErrors",
            "outcome": "SKIPPED"
          },
          {
            "path": ":spring-r2dbc:classes",
            "outcome": "EXECUTED"
          },
          {
            "path": ":spring-r2dbc:compileJava",
            "outcome": "FROM_CACHE"
          },
          {
            "path": ":spring-r2dbc:compileKotlin",
            "outcome": "FROM_CACHE"
          },
          {
            "path": ":spring-r2dbc:compileTestFixturesJava",
            "outcome": "NO_SOURCE"
          },
          {
            "path": ":spring-r2dbc:compileTestFixturesKotlin",
            "outcome": "NO_SOURCE"
          },
          {
            "path": ":spring-r2dbc:compileTestJava",
            "outcome": "FROM_CACHE"
          },
          {
            "path": ":spring-r2dbc:compileTestKotlin",
            "outcome": "FROM_CACHE"
          },
          {
            "path": ":spring-r2dbc:jar",
            "outcome": "EXECUTED"
          },
          {
            "path": ":spring-r2dbc:processResources",
            "outcome": "EXECUTED"
          },
          {
            "path": ":spring-r2dbc:processTestFixturesResources",
            "outcome": "NO_SOURCE"
          },
          {
            "path": ":spring-r2dbc:processTestResources",
            "outcome": "EXECUTED"
          },
          {
            "path": ":spring-r2dbc:testClasses",
            "outcome": "EXECUTED"
          },
          {
            "path": ":spring-r2dbc:testFixturesClasses",
            "outcome": "UP_TO_DATE"
          },
          {
            "path": ":spring-r2dbc:testFixturesJar",
            "outcome": "EXECUTED"
          },
          {
            "path": ":spring-test:checkKotlinGradlePluginConfigurationErrors",
            "outcome": "SKIPPED"
          },
          {
            "path": ":spring-test:classes",
            "outcome": "EXECUTED"
          },
          {
            "path": ":spring-test:compileJava",
            "outcome": "FROM_CACHE"
          },
          {
            "path": ":spring-test:compileKotlin",
            "outcome": "FROM_CACHE"
          },
          {
            "path": ":spring-test:compileTestFixturesJava",
            "outcome": "NO_SOURCE"
          },
          {
            "path": ":spring-test:compileTestFixturesKotlin",
            "outcome": "NO_SOURCE"
          },
          {
            "path": ":spring-test:compileTestJava",
            "outcome": "FROM_CACHE"
          },
          {
            "path": ":spring-test:compileTestKotlin",
            "outcome": "FROM_CACHE"
          },
          {
            "path": ":spring-test:jar",
            "outcome": "EXECUTED"
          },
          {
            "path": ":spring-test:processResources",
            "outcome": "EXECUTED"
          },
          {
            "path": ":spring-test:processTestFixturesResources",
            "outcome": "NO_SOURCE"
          },
          {
            "path": ":spring-test:processTestResources",
            "outcome": "EXECUTED"
          },
          {
            "path": ":spring-test:testClasses",
            "outcome": "EXECUTED"
          },
          {
            "path": ":spring-test:testFixturesClasses",
            "outcome": "UP_TO_DATE"
          },
          {
            "path": ":spring-test:testFixturesJar",
            "outcome": "EXECUTED"
          },
          {
            "path": ":spring-tx:checkKotlinGradlePluginConfigurationErrors",
            "outcome": "SKIPPED"
          },
          {
            "path": ":spring-tx:classes",
            "outcome": "EXECUTED"
          },
          {
            "path": ":spring-tx:compileJava",
            "outcome": "FROM_CACHE"
          },
          {
            "path": ":spring-tx:compileKotlin",
            "outcome": "FROM_CACHE"
          },
          {
            "path": ":spring-tx:compileTestFixturesJava",
            "outcome": "FROM_CACHE"
          },
          {
            "path": ":spring-tx:compileTestFixturesKotlin",
            "outcome": "NO_SOURCE"
          },
          {
            "path": ":spring-tx:compileTestJava",
            "outcome": "FROM_CACHE"
          },
          {
            "path": ":spring-tx:compileTestKotlin",
            "outcome": "FROM_CACHE"
          },
          {
            "path": ":spring-tx:jar",
            "outcome": "EXECUTED"
          },
          {
            "path": ":spring-tx:processResources",
            "outcome": "EXECUTED"
          },
          {
            "path": ":spring-tx:processTestFixturesResources",
            "outcome": "NO_SOURCE"
          },
          {
            "path": ":spring-tx:processTestResources",
            "outcome": "EXECUTED"
          },
          {
            "path": ":spring-tx:testClasses",
            "outcome": "EXECUTED"
          },
          {
            "path": ":spring-tx:testFixturesClasses",
            "outcome": "UP_TO_DATE"
          },
          {
            "path": ":spring-tx:testFixturesJar",
            "outcome": "EXECUTED"
          },
          {
            "path": ":spring-web:checkKotlinGradlePluginConfigurationErrors",
            "outcome": "SKIPPED"
          },
          {
            "path": ":spring-web:classes",
            "outcome": "EXECUTED"
          },
          {
            "path": ":spring-web:compileJava",
            "outcome": "FROM_CACHE"
          },
          {
            "path": ":spring-web:compileKotlin",
            "outcome": "FROM_CACHE"
          },
          {
            "path": ":spring-web:compileTestFixturesJava",
            "outcome": "FROM_CACHE"
          },
          {
            "path": ":spring-web:compileTestFixturesKotlin",
            "outcome": "NO_SOURCE"
          },
          {
            "path": ":spring-web:compileTestJava",
            "outcome": "FROM_CACHE"
          },
          {
            "path": ":spring-web:compileTestKotlin",
            "outcome": "FROM_CACHE"
          },
          {
            "path": ":spring-web:jar",
            "outcome": "EXECUTED"
          },
          {
            "path": ":spring-web:processResources",
            "outcome": "EXECUTED"
          },
          {
            "path": ":spring-web:processTestFixturesResources",
            "outcome": "EXECUTED"
          },
          {
            "path": ":spring-web:processTestResources",
            "outcome": "EXECUTED"
          },
          {
            "path": ":spring-web:testClasses",
            "outcome": "EXECUTED"
          },
          {
            "path": ":spring-web:testFixturesClasses",
            "outcome": "EXECUTED"
          },
          {
            "path": ":spring-web:testFixturesJar",
            "outcome": "EXECUTED"
          },
          {
            "path": ":spring-webflux:checkKotlinGradlePluginConfigurationErrors",
            "outcome": "SKIPPED"
          },
          {
            "path": ":spring-webflux:classes",
            "outcome": "EXECUTED"
          },
          {
            "path": ":spring-webflux:compileJava",
            "outcome": "FROM_CACHE"
          },
          {
            "path": ":spring-webflux:compileKotlin",
            "outcome": "FROM_CACHE"
          },
          {
            "path": ":spring-webflux:compileTestFixturesJava",
            "outcome": "NO_SOURCE"
          },
          {
            "path": ":spring-webflux:compileTestFixturesKotlin",
            "outcome": "NO_SOURCE"
          },
          {
            "path": ":spring-webflux:compileTestJava",
            "outcome": "FROM_CACHE"
          },
          {
            "path": ":spring-webflux:compileTestKotlin",
            "outcome": "FROM_CACHE"
          },
          {
            "path": ":spring-webflux:jar",
            "outcome": "EXECUTED"
          },
          {
            "path": ":spring-webflux:processResources",
            "outcome": "EXECUTED"
          },
          {
            "path": ":spring-webflux:processTestFixturesResources",
            "outcome": "NO_SOURCE"
          },
          {
            "path": ":spring-webflux:processTestResources",
            "outcome": "EXECUTED"
          },
          {
            "path": ":spring-webflux:testClasses",
            "outcome": "EXECUTED"
          },
          {
            "path": ":spring-webflux:testFixturesClasses",
            "outcome": "UP_TO_DATE"
          },
          {
            "path": ":spring-webflux:testFixturesJar",
            "outcome": "EXECUTED"
          },
          {
            "path": ":spring-webmvc:checkKotlinGradlePluginConfigurationErrors",
            "outcome": "SKIPPED"
          },
          {
            "path": ":spring-webmvc:classes",
            "outcome": "EXECUTED"
          },
          {
            "path": ":spring-webmvc:compileJava",
            "outcome": "FROM_CACHE"
          },
          {
            "path": ":spring-webmvc:compileKotlin",
            "outcome": "FROM_CACHE"
          },
          {
            "path": ":spring-webmvc:compileTestFixturesJava",
            "outcome": "NO_SOURCE"
          },
          {
            "path": ":spring-webmvc:compileTestFixturesKotlin",
            "outcome": "NO_SOURCE"
          },
          {
            "path": ":spring-webmvc:compileTestJava",
            "outcome": "FROM_CACHE"
          },
          {
            "path": ":spring-webmvc:compileTestKotlin",
            "outcome": "FROM_CACHE"
          },
          {
            "path": ":spring-webmvc:jar",
            "outcome": "EXECUTED"
          },
          {
            "path": ":spring-webmvc:processResources",
            "outcome": "EXECUTED"
          },
          {
            "path": ":spring-webmvc:processTestFixturesResources",
            "outcome": "NO_SOURCE"
          },
          {
            "path": ":spring-webmvc:processTestResources",
            "outcome": "EXECUTED"
          },
          {
            "path": ":spring-webmvc:testClasses",
            "outcome": "EXECUTED"
          },
          {
            "path": ":spring-webmvc:testFixturesClasses",
            "outcome": "UP_TO_DATE"
          },
          {
            "path": ":spring-webmvc:testFixturesJar",
            "outcome": "EXECUTED"
          },
          {
            "path": ":spring-websocket:compileJava",
            "outcome": "FROM_CACHE"
          },
          {
            "path": ":spring-websocket:compileTestFixturesJava",
            "outcome": "NO_SOURCE"
          },
          {
            "path": ":spring-websocket:compileTestJava",
            "outcome": "FROM_CACHE"
          },
          {
            "path": ":spring-websocket:processTestResources",
            "outcome": "EXECUTED"
          },
          {
            "path": ":spring-websocket:testClasses",
            "outcome": "EXECUTED"
          },
          {
            "path": ":testClasses",
            "outcome": "UP_TO_DATE"
          }
        ]
      },
      "candidateTaskOutcomes": {
        "total": 56,
        "executed": 14,
        "fromCache": 26,
        "upToDate": 2,
        "noSource": 7,
        "skipped": 7,
        "fingerprintSha256": "af08640256e4ce968a02546a34fd5e7b170359e73fd1255332a0b813d6a2b3f6",
        "tasks": [
          {
            "path": ":buildSrc:check",
            "outcome": "UP_TO_DATE"
          },
          {
            "path": ":buildSrc:checkstyleMain",
            "outcome": "FROM_CACHE"
          },
          {
            "path": ":buildSrc:checkstyleTest",
            "outcome": "FROM_CACHE"
          },
          {
            "path": ":buildSrc:classes",
            "outcome": "EXECUTED"
          },
          {
            "path": ":buildSrc:compileGroovy",
            "outcome": "NO_SOURCE"
          },
          {
            "path": ":buildSrc:compileJava",
            "outcome": "FROM_CACHE"
          },
          {
            "path": ":buildSrc:compileTestGroovy",
            "outcome": "NO_SOURCE"
          },
          {
            "path": ":buildSrc:compileTestJava",
            "outcome": "FROM_CACHE"
          },
          {
            "path": ":buildSrc:jar",
            "outcome": "EXECUTED"
          },
          {
            "path": ":buildSrc:pluginDescriptors",
            "outcome": "EXECUTED"
          },
          {
            "path": ":buildSrc:pluginUnderTestMetadata",
            "outcome": "EXECUTED"
          },
          {
            "path": ":buildSrc:processResources",
            "outcome": "EXECUTED"
          },
          {
            "path": ":buildSrc:processTestResources",
            "outcome": "NO_SOURCE"
          },
          {
            "path": ":buildSrc:test",
            "outcome": "FROM_CACHE"
          },
          {
            "path": ":buildSrc:testClasses",
            "outcome": "UP_TO_DATE"
          },
          {
            "path": ":buildSrc:validatePlugins",
            "outcome": "FROM_CACHE"
          },
          {
            "path": ":spring-aop:checkKotlinGradlePluginConfigurationErrors",
            "outcome": "SKIPPED"
          },
          {
            "path": ":spring-aop:compileJava",
            "outcome": "FROM_CACHE"
          },
          {
            "path": ":spring-aop:compileKotlin",
            "outcome": "NO_SOURCE"
          },
          {
            "path": ":spring-beans:checkKotlinGradlePluginConfigurationErrors",
            "outcome": "SKIPPED"
          },
          {
            "path": ":spring-beans:classes",
            "outcome": "EXECUTED"
          },
          {
            "path": ":spring-beans:compileJava",
            "outcome": "FROM_CACHE"
          },
          {
            "path": ":spring-beans:compileKotlin",
            "outcome": "FROM_CACHE"
          },
          {
            "path": ":spring-beans:compileTestFixturesJava",
            "outcome": "FROM_CACHE"
          },
          {
            "path": ":spring-beans:compileTestFixturesKotlin",
            "outcome": "FROM_CACHE"
          },
          {
            "path": ":spring-beans:jar",
            "outcome": "EXECUTED"
          },
          {
            "path": ":spring-beans:processResources",
            "outcome": "EXECUTED"
          },
          {
            "path": ":spring-context:checkKotlinGradlePluginConfigurationErrors",
            "outcome": "SKIPPED"
          },
          {
            "path": ":spring-context:compileJava",
            "outcome": "FROM_CACHE"
          },
          {
            "path": ":spring-context:compileKotlin",
            "outcome": "FROM_CACHE"
          },
          {
            "path": ":spring-core:checkKotlinGradlePluginConfigurationErrors",
            "outcome": "SKIPPED"
          },
          {
            "path": ":spring-core:compileJava",
            "outcome": "FROM_CACHE"
          },
          {
            "path": ":spring-core:compileKotlin",
            "outcome": "FROM_CACHE"
          },
          {
            "path": ":spring-core:javapoetRepackJar",
            "outcome": "FROM_CACHE"
          },
          {
            "path": ":spring-core:objenesisRepackJar",
            "outcome": "FROM_CACHE"
          },
          {
            "path": ":spring-expression:checkKotlinGradlePluginConfigurationErrors",
            "outcome": "SKIPPED"
          },
          {
            "path": ":spring-expression:compileJava",
            "outcome": "FROM_CACHE"
          },
          {
            "path": ":spring-expression:compileKotlin",
            "outcome": "NO_SOURCE"
          },
          {
            "path": ":spring-instrument:compileJava",
            "outcome": "FROM_CACHE"
          },
          {
            "path": ":spring-jms:compileJava",
            "outcome": "EXECUTED"
          },
          {
            "path": ":spring-jms:compileTestFixturesJava",
            "outcome": "NO_SOURCE"
          },
          {
            "path": ":spring-jms:compileTestJava",
            "outcome": "FROM_CACHE"
          },
          {
            "path": ":spring-jms:processTestResources",
            "outcome": "EXECUTED"
          },
          {
            "path": ":spring-jms:testClasses",
            "outcome": "EXECUTED"
          },
          {
            "path": ":spring-messaging:checkKotlinGradlePluginConfigurationErrors",
            "outcome": "SKIPPED"
          },
          {
            "path": ":spring-messaging:compileJava",
            "outcome": "FROM_CACHE"
          },
          {
            "path": ":spring-messaging:compileKotlin",
            "outcome": "FROM_CACHE"
          },
          {
            "path": ":spring-oxm:compileJava",
            "outcome": "FROM_CACHE"
          },
          {
            "path": ":spring-tx:checkKotlinGradlePluginConfigurationErrors",
            "outcome": "SKIPPED"
          },
          {
            "path": ":spring-tx:classes",
            "outcome": "EXECUTED"
          },
          {
            "path": ":spring-tx:compileJava",
            "outcome": "FROM_CACHE"
          },
          {
            "path": ":spring-tx:compileKotlin",
            "outcome": "FROM_CACHE"
          },
          {
            "path": ":spring-tx:compileTestFixturesJava",
            "outcome": "FROM_CACHE"
          },
          {
            "path": ":spring-tx:compileTestFixturesKotlin",
            "outcome": "NO_SOURCE"
          },
          {
            "path": ":spring-tx:jar",
            "outcome": "EXECUTED"
          },
          {
            "path": ":spring-tx:processResources",
            "outcome": "EXECUTED"
          }
        ]
      },
      "controlHostPressure": {
        "available": true,
        "cpuSomeTotalUs": 111507,
        "memorySomeTotalUs": 12554,
        "memoryFullTotalUs": 12141,
        "ioSomeTotalUs": 8390199,
        "ioFullTotalUs": 5744162
      },
      "candidateHostPressure": {
        "available": true,
        "cpuSomeTotalUs": 36925,
        "memorySomeTotalUs": 3,
        "memoryFullTotalUs": 3,
        "ioSomeTotalUs": 8169489,
        "ioFullTotalUs": 6774393
      }
    },
    {
      "pair": 5,
      "order": "CONTROL_FIRST",
      "controlDurationMs": 12733,
      "candidateDurationMs": 10771,
      "savedMs": 1962,
      "controlRequiredOutputSha256": "c1de7856f3bfbec061af1a6a147e489da0bd960aca43bf326e51372c2ca5d629",
      "candidateRequiredOutputSha256": "c1de7856f3bfbec061af1a6a147e489da0bd960aca43bf326e51372c2ca5d629",
      "requiredOutputCount": 378,
      "productAttributableFailure": false,
      "controlLogSha256": "435bfd8e3a90d1003396f95ba1d63bc5eca867dfbdbc941d9a8699cb4b08f5d2",
      "candidateLogSha256": "eba0f35058ec4793fc7882d918636b543f24b838d1c3e14e0c67e8775bf709ec",
      "controlTaskOutcomes": {
        "total": 305,
        "executed": 109,
        "fromCache": 89,
        "upToDate": 23,
        "noSource": 65,
        "skipped": 19,
        "fingerprintSha256": "85399d45cd2d3615162148545d5babb68fb708dbdd29a2e2991b8e65724ce6a7",
        "tasks": [
          {
            "path": ":buildSrc:check",
            "outcome": "UP_TO_DATE"
          },
          {
            "path": ":buildSrc:checkstyleMain",
            "outcome": "FROM_CACHE"
          },
          {
            "path": ":buildSrc:checkstyleTest",
            "outcome": "FROM_CACHE"
          },
          {
            "path": ":buildSrc:classes",
            "outcome": "EXECUTED"
          },
          {
            "path": ":buildSrc:compileGroovy",
            "outcome": "NO_SOURCE"
          },
          {
            "path": ":buildSrc:compileJava",
            "outcome": "FROM_CACHE"
          },
          {
            "path": ":buildSrc:compileTestGroovy",
            "outcome": "NO_SOURCE"
          },
          {
            "path": ":buildSrc:compileTestJava",
            "outcome": "FROM_CACHE"
          },
          {
            "path": ":buildSrc:jar",
            "outcome": "EXECUTED"
          },
          {
            "path": ":buildSrc:pluginDescriptors",
            "outcome": "EXECUTED"
          },
          {
            "path": ":buildSrc:pluginUnderTestMetadata",
            "outcome": "EXECUTED"
          },
          {
            "path": ":buildSrc:processResources",
            "outcome": "EXECUTED"
          },
          {
            "path": ":buildSrc:processTestResources",
            "outcome": "NO_SOURCE"
          },
          {
            "path": ":buildSrc:test",
            "outcome": "FROM_CACHE"
          },
          {
            "path": ":buildSrc:testClasses",
            "outcome": "UP_TO_DATE"
          },
          {
            "path": ":buildSrc:validatePlugins",
            "outcome": "FROM_CACHE"
          },
          {
            "path": ":classes",
            "outcome": "UP_TO_DATE"
          },
          {
            "path": ":compileJava",
            "outcome": "NO_SOURCE"
          },
          {
            "path": ":compileTestFixturesJava",
            "outcome": "NO_SOURCE"
          },
          {
            "path": ":compileTestJava",
            "outcome": "NO_SOURCE"
          },
          {
            "path": ":framework-docs:checkKotlinGradlePluginConfigurationErrors",
            "outcome": "SKIPPED"
          },
          {
            "path": ":framework-docs:classes",
            "outcome": "EXECUTED"
          },
          {
            "path": ":framework-docs:compileJava",
            "outcome": "FROM_CACHE"
          },
          {
            "path": ":framework-docs:compileKotlin",
            "outcome": "FROM_CACHE"
          },
          {
            "path": ":framework-docs:compileTestJava",
            "outcome": "NO_SOURCE"
          },
          {
            "path": ":framework-docs:compileTestKotlin",
            "outcome": "NO_SOURCE"
          },
          {
            "path": ":framework-docs:jar",
            "outcome": "SKIPPED"
          },
          {
            "path": ":framework-docs:processResources",
            "outcome": "EXECUTED"
          },
          {
            "path": ":framework-docs:processTestResources",
            "outcome": "NO_SOURCE"
          },
          {
            "path": ":framework-docs:testClasses",
            "outcome": "UP_TO_DATE"
          },
          {
            "path": ":integration-tests:checkKotlinGradlePluginConfigurationErrors",
            "outcome": "SKIPPED"
          },
          {
            "path": ":integration-tests:classes",
            "outcome": "UP_TO_DATE"
          },
          {
            "path": ":integration-tests:compileJava",
            "outcome": "NO_SOURCE"
          },
          {
            "path": ":integration-tests:compileKotlin",
            "outcome": "NO_SOURCE"
          },
          {
            "path": ":integration-tests:compileTestFixturesJava",
            "outcome": "NO_SOURCE"
          },
          {
            "path": ":integration-tests:compileTestFixturesKotlin",
            "outcome": "NO_SOURCE"
          },
          {
            "path": ":integration-tests:compileTestJava",
            "outcome": "FROM_CACHE"
          },
          {
            "path": ":integration-tests:compileTestKotlin",
            "outcome": "FROM_CACHE"
          },
          {
            "path": ":integration-tests:jar",
            "outcome": "EXECUTED"
          },
          {
            "path": ":integration-tests:processResources",
            "outcome": "NO_SOURCE"
          },
          {
            "path": ":integration-tests:processTestFixturesResources",
            "outcome": "NO_SOURCE"
          },
          {
            "path": ":integration-tests:processTestResources",
            "outcome": "EXECUTED"
          },
          {
            "path": ":integration-tests:testClasses",
            "outcome": "EXECUTED"
          },
          {
            "path": ":integration-tests:testFixturesClasses",
            "outcome": "UP_TO_DATE"
          },
          {
            "path": ":integration-tests:testFixturesJar",
            "outcome": "EXECUTED"
          },
          {
            "path": ":jar",
            "outcome": "EXECUTED"
          },
          {
            "path": ":processResources",
            "outcome": "NO_SOURCE"
          },
          {
            "path": ":processTestResources",
            "outcome": "NO_SOURCE"
          },
          {
            "path": ":spring-aop:checkKotlinGradlePluginConfigurationErrors",
            "outcome": "SKIPPED"
          },
          {
            "path": ":spring-aop:classes",
            "outcome": "EXECUTED"
          },
          {
            "path": ":spring-aop:compileJava",
            "outcome": "FROM_CACHE"
          },
          {
            "path": ":spring-aop:compileKotlin",
            "outcome": "NO_SOURCE"
          },
          {
            "path": ":spring-aop:compileTestFixturesJava",
            "outcome": "FROM_CACHE"
          },
          {
            "path": ":spring-aop:compileTestFixturesKotlin",
            "outcome": "NO_SOURCE"
          },
          {
            "path": ":spring-aop:compileTestJava",
            "outcome": "FROM_CACHE"
          },
          {
            "path": ":spring-aop:compileTestKotlin",
            "outcome": "FROM_CACHE"
          },
          {
            "path": ":spring-aop:jar",
            "outcome": "EXECUTED"
          },
          {
            "path": ":spring-aop:processResources",
            "outcome": "EXECUTED"
          },
          {
            "path": ":spring-aop:processTestFixturesResources",
            "outcome": "NO_SOURCE"
          },
          {
            "path": ":spring-aop:processTestResources",
            "outcome": "EXECUTED"
          },
          {
            "path": ":spring-aop:testClasses",
            "outcome": "EXECUTED"
          },
          {
            "path": ":spring-aop:testFixturesClasses",
            "outcome": "UP_TO_DATE"
          },
          {
            "path": ":spring-aop:testFixturesJar",
            "outcome": "EXECUTED"
          },
          {
            "path": ":spring-aspects:classes",
            "outcome": "EXECUTED"
          },
          {
            "path": ":spring-aspects:compileAspectj",
            "outcome": "FROM_CACHE"
          },
          {
            "path": ":spring-aspects:compileJava",
            "outcome": "SKIPPED"
          },
          {
            "path": ":spring-aspects:compileTestAspectj",
            "outcome": "FROM_CACHE"
          },
          {
            "path": ":spring-aspects:compileTestFixturesAspectj",
            "outcome": "NO_SOURCE"
          },
          {
            "path": ":spring-aspects:compileTestFixturesJava",
            "outcome": "SKIPPED"
          },
          {
            "path": ":spring-aspects:compileTestJava",
            "outcome": "SKIPPED"
          },
          {
            "path": ":spring-aspects:processResources",
            "outcome": "EXECUTED"
          },
          {
            "path": ":spring-aspects:processTestResources",
            "outcome": "EXECUTED"
          },
          {
            "path": ":spring-aspects:testClasses",
            "outcome": "EXECUTED"
          },
          {
            "path": ":spring-beans:checkKotlinGradlePluginConfigurationErrors",
            "outcome": "SKIPPED"
          },
          {
            "path": ":spring-beans:classes",
            "outcome": "EXECUTED"
          },
          {
            "path": ":spring-beans:compileJava",
            "outcome": "FROM_CACHE"
          },
          {
            "path": ":spring-beans:compileKotlin",
            "outcome": "FROM_CACHE"
          },
          {
            "path": ":spring-beans:compileTestFixturesJava",
            "outcome": "FROM_CACHE"
          },
          {
            "path": ":spring-beans:compileTestFixturesKotlin",
            "outcome": "FROM_CACHE"
          },
          {
            "path": ":spring-beans:compileTestJava",
            "outcome": "FROM_CACHE"
          },
          {
            "path": ":spring-beans:compileTestKotlin",
            "outcome": "FROM_CACHE"
          },
          {
            "path": ":spring-beans:jar",
            "outcome": "EXECUTED"
          },
          {
            "path": ":spring-beans:processResources",
            "outcome": "EXECUTED"
          },
          {
            "path": ":spring-beans:processTestFixturesResources",
            "outcome": "EXECUTED"
          },
          {
            "path": ":spring-beans:processTestResources",
            "outcome": "EXECUTED"
          },
          {
            "path": ":spring-beans:testClasses",
            "outcome": "EXECUTED"
          },
          {
            "path": ":spring-beans:testFixturesClasses",
            "outcome": "EXECUTED"
          },
          {
            "path": ":spring-beans:testFixturesJar",
            "outcome": "EXECUTED"
          },
          {
            "path": ":spring-context-indexer:compileJava",
            "outcome": "FROM_CACHE"
          },
          {
            "path": ":spring-context-indexer:compileTestFixturesJava",
            "outcome": "NO_SOURCE"
          },
          {
            "path": ":spring-context-indexer:compileTestJava",
            "outcome": "FROM_CACHE"
          },
          {
            "path": ":spring-context-indexer:processTestResources",
            "outcome": "NO_SOURCE"
          },
          {
            "path": ":spring-context-indexer:testClasses",
            "outcome": "UP_TO_DATE"
          },
          {
            "path": ":spring-context-support:compileJava",
            "outcome": "FROM_CACHE"
          },
          {
            "path": ":spring-context-support:compileTestFixturesJava",
            "outcome": "FROM_CACHE"
          },
          {
            "path": ":spring-context-support:compileTestJava",
            "outcome": "FROM_CACHE"
          },
          {
            "path": ":spring-context-support:processTestResources",
            "outcome": "EXECUTED"
          },
          {
            "path": ":spring-context-support:testClasses",
            "outcome": "EXECUTED"
          },
          {
            "path": ":spring-context:checkKotlinGradlePluginConfigurationErrors",
            "outcome": "SKIPPED"
          },
          {
            "path": ":spring-context:classes",
            "outcome": "EXECUTED"
          },
          {
            "path": ":spring-context:compileJava",
            "outcome": "FROM_CACHE"
          },
          {
            "path": ":spring-context:compileKotlin",
            "outcome": "FROM_CACHE"
          },
          {
            "path": ":spring-context:compileTestFixturesJava",
            "outcome": "FROM_CACHE"
          },
          {
            "path": ":spring-context:compileTestFixturesKotlin",
            "outcome": "NO_SOURCE"
          },
          {
            "path": ":spring-context:compileTestJava",
            "outcome": "FROM_CACHE"
          },
          {
            "path": ":spring-context:compileTestKotlin",
            "outcome": "FROM_CACHE"
          },
          {
            "path": ":spring-context:jar",
            "outcome": "EXECUTED"
          },
          {
            "path": ":spring-context:processResources",
            "outcome": "EXECUTED"
          },
          {
            "path": ":spring-context:processTestFixturesResources",
            "outcome": "NO_SOURCE"
          },
          {
            "path": ":spring-context:processTestResources",
            "outcome": "EXECUTED"
          },
          {
            "path": ":spring-context:testClasses",
            "outcome": "EXECUTED"
          },
          {
            "path": ":spring-context:testFixturesClasses",
            "outcome": "UP_TO_DATE"
          },
          {
            "path": ":spring-context:testFixturesJar",
            "outcome": "EXECUTED"
          },
          {
            "path": ":spring-core-test:compileJava",
            "outcome": "FROM_CACHE"
          },
          {
            "path": ":spring-core-test:compileTestFixturesJava",
            "outcome": "NO_SOURCE"
          },
          {
            "path": ":spring-core-test:compileTestJava",
            "outcome": "FROM_CACHE"
          },
          {
            "path": ":spring-core-test:processTestResources",
            "outcome": "EXECUTED"
          },
          {
            "path": ":spring-core-test:testClasses",
            "outcome": "EXECUTED"
          },
          {
            "path": ":spring-core:checkKotlinGradlePluginConfigurationErrors",
            "outcome": "SKIPPED"
          },
          {
            "path": ":spring-core:classes",
            "outcome": "EXECUTED"
          },
          {
            "path": ":spring-core:compileJava",
            "outcome": "FROM_CACHE"
          },
          {
            "path": ":spring-core:compileJava21Java",
            "outcome": "FROM_CACHE"
          },
          {
            "path": ":spring-core:compileJava21Kotlin",
            "outcome": "NO_SOURCE"
          },
          {
            "path": ":spring-core:compileJava24Java",
            "outcome": "FROM_CACHE"
          },
          {
            "path": ":spring-core:compileJava24Kotlin",
            "outcome": "NO_SOURCE"
          },
          {
            "path": ":spring-core:compileKotlin",
            "outcome": "FROM_CACHE"
          },
          {
            "path": ":spring-core:compileTestFixturesJava",
            "outcome": "FROM_CACHE"
          },
          {
            "path": ":spring-core:compileTestFixturesKotlin",
            "outcome": "NO_SOURCE"
          },
          {
            "path": ":spring-core:compileTestJava",
            "outcome": "FROM_CACHE"
          },
          {
            "path": ":spring-core:compileTestKotlin",
            "outcome": "FROM_CACHE"
          },
          {
            "path": ":spring-core:jar",
            "outcome": "EXECUTED"
          },
          {
            "path": ":spring-core:java21Classes",
            "outcome": "UP_TO_DATE"
          },
          {
            "path": ":spring-core:java24Classes",
            "outcome": "UP_TO_DATE"
          },
          {
            "path": ":spring-core:javapoetRepackJar",
            "outcome": "FROM_CACHE"
          },
          {
            "path": ":spring-core:objenesisRepackJar",
            "outcome": "FROM_CACHE"
          },
          {
            "path": ":spring-core:processJava21Resources",
            "outcome": "NO_SOURCE"
          },
          {
            "path": ":spring-core:processJava24Resources",
            "outcome": "NO_SOURCE"
          },
          {
            "path": ":spring-core:processResources",
            "outcome": "EXECUTED"
          },
          {
            "path": ":spring-core:processTestFixturesResources",
            "outcome": "NO_SOURCE"
          },
          {
            "path": ":spring-core:processTestResources",
            "outcome": "EXECUTED"
          },
          {
            "path": ":spring-core:testClasses",
            "outcome": "EXECUTED"
          },
          {
            "path": ":spring-core:testFixturesClasses",
            "outcome": "UP_TO_DATE"
          },
          {
            "path": ":spring-core:testFixturesJar",
            "outcome": "EXECUTED"
          },
          {
            "path": ":spring-expression:checkKotlinGradlePluginConfigurationErrors",
            "outcome": "SKIPPED"
          },
          {
            "path": ":spring-expression:classes",
            "outcome": "UP_TO_DATE"
          },
          {
            "path": ":spring-expression:compileJava",
            "outcome": "FROM_CACHE"
          },
          {
            "path": ":spring-expression:compileKotlin",
            "outcome": "NO_SOURCE"
          },
          {
            "path": ":spring-expression:compileTestFixturesJava",
            "outcome": "NO_SOURCE"
          },
          {
            "path": ":spring-expression:compileTestFixturesKotlin",
            "outcome": "NO_SOURCE"
          },
          {
            "path": ":spring-expression:compileTestJava",
            "outcome": "FROM_CACHE"
          },
          {
            "path": ":spring-expression:compileTestKotlin",
            "outcome": "FROM_CACHE"
          },
          {
            "path": ":spring-expression:jar",
            "outcome": "EXECUTED"
          },
          {
            "path": ":spring-expression:processResources",
            "outcome": "NO_SOURCE"
          },
          {
            "path": ":spring-expression:processTestFixturesResources",
            "outcome": "NO_SOURCE"
          },
          {
            "path": ":spring-expression:processTestResources",
            "outcome": "EXECUTED"
          },
          {
            "path": ":spring-expression:testClasses",
            "outcome": "EXECUTED"
          },
          {
            "path": ":spring-expression:testFixturesClasses",
            "outcome": "UP_TO_DATE"
          },
          {
            "path": ":spring-expression:testFixturesJar",
            "outcome": "EXECUTED"
          },
          {
            "path": ":spring-instrument:compileJava",
            "outcome": "FROM_CACHE"
          },
          {
            "path": ":spring-instrument:compileTestFixturesJava",
            "outcome": "NO_SOURCE"
          },
          {
            "path": ":spring-instrument:compileTestJava",
            "outcome": "NO_SOURCE"
          },
          {
            "path": ":spring-instrument:processTestResources",
            "outcome": "NO_SOURCE"
          },
          {
            "path": ":spring-instrument:testClasses",
            "outcome": "UP_TO_DATE"
          },
          {
            "path": ":spring-jdbc:checkKotlinGradlePluginConfigurationErrors",
            "outcome": "SKIPPED"
          },
          {
            "path": ":spring-jdbc:classes",
            "outcome": "EXECUTED"
          },
          {
            "path": ":spring-jdbc:compileJava",
            "outcome": "FROM_CACHE"
          },
          {
            "path": ":spring-jdbc:compileKotlin",
            "outcome": "FROM_CACHE"
          },
          {
            "path": ":spring-jdbc:compileTestFixturesJava",
            "outcome": "NO_SOURCE"
          },
          {
            "path": ":spring-jdbc:compileTestFixturesKotlin",
            "outcome": "NO_SOURCE"
          },
          {
            "path": ":spring-jdbc:compileTestJava",
            "outcome": "FROM_CACHE"
          },
          {
            "path": ":spring-jdbc:compileTestKotlin",
            "outcome": "FROM_CACHE"
          },
          {
            "path": ":spring-jdbc:jar",
            "outcome": "EXECUTED"
          },
          {
            "path": ":spring-jdbc:processResources",
            "outcome": "EXECUTED"
          },
          {
            "path": ":spring-jdbc:processTestFixturesResources",
            "outcome": "NO_SOURCE"
          },
          {
            "path": ":spring-jdbc:processTestResources",
            "outcome": "EXECUTED"
          },
          {
            "path": ":spring-jdbc:testClasses",
            "outcome": "EXECUTED"
          },
          {
            "path": ":spring-jdbc:testFixturesClasses",
            "outcome": "UP_TO_DATE"
          },
          {
            "path": ":spring-jdbc:testFixturesJar",
            "outcome": "EXECUTED"
          },
          {
            "path": ":spring-jms:compileJava",
            "outcome": "EXECUTED"
          },
          {
            "path": ":spring-jms:compileTestFixturesJava",
            "outcome": "NO_SOURCE"
          },
          {
            "path": ":spring-jms:compileTestJava",
            "outcome": "FROM_CACHE"
          },
          {
            "path": ":spring-jms:processTestResources",
            "outcome": "EXECUTED"
          },
          {
            "path": ":spring-jms:testClasses",
            "outcome": "EXECUTED"
          },
          {
            "path": ":spring-messaging:checkKotlinGradlePluginConfigurationErrors",
            "outcome": "SKIPPED"
          },
          {
            "path": ":spring-messaging:classes",
            "outcome": "EXECUTED"
          },
          {
            "path": ":spring-messaging:compileJava",
            "outcome": "FROM_CACHE"
          },
          {
            "path": ":spring-messaging:compileKotlin",
            "outcome": "FROM_CACHE"
          },
          {
            "path": ":spring-messaging:compileTestFixturesJava",
            "outcome": "NO_SOURCE"
          },
          {
            "path": ":spring-messaging:compileTestFixturesKotlin",
            "outcome": "NO_SOURCE"
          },
          {
            "path": ":spring-messaging:compileTestJava",
            "outcome": "FROM_CACHE"
          },
          {
            "path": ":spring-messaging:compileTestKotlin",
            "outcome": "FROM_CACHE"
          },
          {
            "path": ":spring-messaging:jar",
            "outcome": "EXECUTED"
          },
          {
            "path": ":spring-messaging:processResources",
            "outcome": "EXECUTED"
          },
          {
            "path": ":spring-messaging:processTestFixturesResources",
            "outcome": "NO_SOURCE"
          },
          {
            "path": ":spring-messaging:processTestResources",
            "outcome": "EXECUTED"
          },
          {
            "path": ":spring-messaging:testClasses",
            "outcome": "EXECUTED"
          },
          {
            "path": ":spring-messaging:testFixturesClasses",
            "outcome": "UP_TO_DATE"
          },
          {
            "path": ":spring-messaging:testFixturesJar",
            "outcome": "EXECUTED"
          },
          {
            "path": ":spring-orm:compileJava",
            "outcome": "FROM_CACHE"
          },
          {
            "path": ":spring-orm:compileTestFixturesJava",
            "outcome": "NO_SOURCE"
          },
          {
            "path": ":spring-orm:compileTestJava",
            "outcome": "FROM_CACHE"
          },
          {
            "path": ":spring-orm:processTestResources",
            "outcome": "EXECUTED"
          },
          {
            "path": ":spring-orm:testClasses",
            "outcome": "EXECUTED"
          },
          {
            "path": ":spring-oxm:compileJava",
            "outcome": "FROM_CACHE"
          },
          {
            "path": ":spring-oxm:compileTestFixturesJava",
            "outcome": "NO_SOURCE"
          },
          {
            "path": ":spring-oxm:compileTestJava",
            "outcome": "FROM_CACHE"
          },
          {
            "path": ":spring-oxm:processTestResources",
            "outcome": "EXECUTED"
          },
          {
            "path": ":spring-oxm:testClasses",
            "outcome": "EXECUTED"
          },
          {
            "path": ":spring-oxm:xjc",
            "outcome": "FROM_CACHE"
          },
          {
            "path": ":spring-r2dbc:checkKotlinGradlePluginConfigurationErrors",
            "outcome": "SKIPPED"
          },
          {
            "path": ":spring-r2dbc:classes",
            "outcome": "EXECUTED"
          },
          {
            "path": ":spring-r2dbc:compileJava",
            "outcome": "FROM_CACHE"
          },
          {
            "path": ":spring-r2dbc:compileKotlin",
            "outcome": "FROM_CACHE"
          },
          {
            "path": ":spring-r2dbc:compileTestFixturesJava",
            "outcome": "NO_SOURCE"
          },
          {
            "path": ":spring-r2dbc:compileTestFixturesKotlin",
            "outcome": "NO_SOURCE"
          },
          {
            "path": ":spring-r2dbc:compileTestJava",
            "outcome": "FROM_CACHE"
          },
          {
            "path": ":spring-r2dbc:compileTestKotlin",
            "outcome": "FROM_CACHE"
          },
          {
            "path": ":spring-r2dbc:jar",
            "outcome": "EXECUTED"
          },
          {
            "path": ":spring-r2dbc:processResources",
            "outcome": "EXECUTED"
          },
          {
            "path": ":spring-r2dbc:processTestFixturesResources",
            "outcome": "NO_SOURCE"
          },
          {
            "path": ":spring-r2dbc:processTestResources",
            "outcome": "EXECUTED"
          },
          {
            "path": ":spring-r2dbc:testClasses",
            "outcome": "EXECUTED"
          },
          {
            "path": ":spring-r2dbc:testFixturesClasses",
            "outcome": "UP_TO_DATE"
          },
          {
            "path": ":spring-r2dbc:testFixturesJar",
            "outcome": "EXECUTED"
          },
          {
            "path": ":spring-test:checkKotlinGradlePluginConfigurationErrors",
            "outcome": "SKIPPED"
          },
          {
            "path": ":spring-test:classes",
            "outcome": "EXECUTED"
          },
          {
            "path": ":spring-test:compileJava",
            "outcome": "FROM_CACHE"
          },
          {
            "path": ":spring-test:compileKotlin",
            "outcome": "FROM_CACHE"
          },
          {
            "path": ":spring-test:compileTestFixturesJava",
            "outcome": "NO_SOURCE"
          },
          {
            "path": ":spring-test:compileTestFixturesKotlin",
            "outcome": "NO_SOURCE"
          },
          {
            "path": ":spring-test:compileTestJava",
            "outcome": "FROM_CACHE"
          },
          {
            "path": ":spring-test:compileTestKotlin",
            "outcome": "FROM_CACHE"
          },
          {
            "path": ":spring-test:jar",
            "outcome": "EXECUTED"
          },
          {
            "path": ":spring-test:processResources",
            "outcome": "EXECUTED"
          },
          {
            "path": ":spring-test:processTestFixturesResources",
            "outcome": "NO_SOURCE"
          },
          {
            "path": ":spring-test:processTestResources",
            "outcome": "EXECUTED"
          },
          {
            "path": ":spring-test:testClasses",
            "outcome": "EXECUTED"
          },
          {
            "path": ":spring-test:testFixturesClasses",
            "outcome": "UP_TO_DATE"
          },
          {
            "path": ":spring-test:testFixturesJar",
            "outcome": "EXECUTED"
          },
          {
            "path": ":spring-tx:checkKotlinGradlePluginConfigurationErrors",
            "outcome": "SKIPPED"
          },
          {
            "path": ":spring-tx:classes",
            "outcome": "EXECUTED"
          },
          {
            "path": ":spring-tx:compileJava",
            "outcome": "FROM_CACHE"
          },
          {
            "path": ":spring-tx:compileKotlin",
            "outcome": "FROM_CACHE"
          },
          {
            "path": ":spring-tx:compileTestFixturesJava",
            "outcome": "FROM_CACHE"
          },
          {
            "path": ":spring-tx:compileTestFixturesKotlin",
            "outcome": "NO_SOURCE"
          },
          {
            "path": ":spring-tx:compileTestJava",
            "outcome": "FROM_CACHE"
          },
          {
            "path": ":spring-tx:compileTestKotlin",
            "outcome": "FROM_CACHE"
          },
          {
            "path": ":spring-tx:jar",
            "outcome": "EXECUTED"
          },
          {
            "path": ":spring-tx:processResources",
            "outcome": "EXECUTED"
          },
          {
            "path": ":spring-tx:processTestFixturesResources",
            "outcome": "NO_SOURCE"
          },
          {
            "path": ":spring-tx:processTestResources",
            "outcome": "EXECUTED"
          },
          {
            "path": ":spring-tx:testClasses",
            "outcome": "EXECUTED"
          },
          {
            "path": ":spring-tx:testFixturesClasses",
            "outcome": "UP_TO_DATE"
          },
          {
            "path": ":spring-tx:testFixturesJar",
            "outcome": "EXECUTED"
          },
          {
            "path": ":spring-web:checkKotlinGradlePluginConfigurationErrors",
            "outcome": "SKIPPED"
          },
          {
            "path": ":spring-web:classes",
            "outcome": "EXECUTED"
          },
          {
            "path": ":spring-web:compileJava",
            "outcome": "FROM_CACHE"
          },
          {
            "path": ":spring-web:compileKotlin",
            "outcome": "FROM_CACHE"
          },
          {
            "path": ":spring-web:compileTestFixturesJava",
            "outcome": "FROM_CACHE"
          },
          {
            "path": ":spring-web:compileTestFixturesKotlin",
            "outcome": "NO_SOURCE"
          },
          {
            "path": ":spring-web:compileTestJava",
            "outcome": "FROM_CACHE"
          },
          {
            "path": ":spring-web:compileTestKotlin",
            "outcome": "FROM_CACHE"
          },
          {
            "path": ":spring-web:jar",
            "outcome": "EXECUTED"
          },
          {
            "path": ":spring-web:processResources",
            "outcome": "EXECUTED"
          },
          {
            "path": ":spring-web:processTestFixturesResources",
            "outcome": "EXECUTED"
          },
          {
            "path": ":spring-web:processTestResources",
            "outcome": "EXECUTED"
          },
          {
            "path": ":spring-web:testClasses",
            "outcome": "EXECUTED"
          },
          {
            "path": ":spring-web:testFixturesClasses",
            "outcome": "EXECUTED"
          },
          {
            "path": ":spring-web:testFixturesJar",
            "outcome": "EXECUTED"
          },
          {
            "path": ":spring-webflux:checkKotlinGradlePluginConfigurationErrors",
            "outcome": "SKIPPED"
          },
          {
            "path": ":spring-webflux:classes",
            "outcome": "EXECUTED"
          },
          {
            "path": ":spring-webflux:compileJava",
            "outcome": "FROM_CACHE"
          },
          {
            "path": ":spring-webflux:compileKotlin",
            "outcome": "FROM_CACHE"
          },
          {
            "path": ":spring-webflux:compileTestFixturesJava",
            "outcome": "NO_SOURCE"
          },
          {
            "path": ":spring-webflux:compileTestFixturesKotlin",
            "outcome": "NO_SOURCE"
          },
          {
            "path": ":spring-webflux:compileTestJava",
            "outcome": "FROM_CACHE"
          },
          {
            "path": ":spring-webflux:compileTestKotlin",
            "outcome": "FROM_CACHE"
          },
          {
            "path": ":spring-webflux:jar",
            "outcome": "EXECUTED"
          },
          {
            "path": ":spring-webflux:processResources",
            "outcome": "EXECUTED"
          },
          {
            "path": ":spring-webflux:processTestFixturesResources",
            "outcome": "NO_SOURCE"
          },
          {
            "path": ":spring-webflux:processTestResources",
            "outcome": "EXECUTED"
          },
          {
            "path": ":spring-webflux:testClasses",
            "outcome": "EXECUTED"
          },
          {
            "path": ":spring-webflux:testFixturesClasses",
            "outcome": "UP_TO_DATE"
          },
          {
            "path": ":spring-webflux:testFixturesJar",
            "outcome": "EXECUTED"
          },
          {
            "path": ":spring-webmvc:checkKotlinGradlePluginConfigurationErrors",
            "outcome": "SKIPPED"
          },
          {
            "path": ":spring-webmvc:classes",
            "outcome": "EXECUTED"
          },
          {
            "path": ":spring-webmvc:compileJava",
            "outcome": "FROM_CACHE"
          },
          {
            "path": ":spring-webmvc:compileKotlin",
            "outcome": "FROM_CACHE"
          },
          {
            "path": ":spring-webmvc:compileTestFixturesJava",
            "outcome": "NO_SOURCE"
          },
          {
            "path": ":spring-webmvc:compileTestFixturesKotlin",
            "outcome": "NO_SOURCE"
          },
          {
            "path": ":spring-webmvc:compileTestJava",
            "outcome": "FROM_CACHE"
          },
          {
            "path": ":spring-webmvc:compileTestKotlin",
            "outcome": "FROM_CACHE"
          },
          {
            "path": ":spring-webmvc:jar",
            "outcome": "EXECUTED"
          },
          {
            "path": ":spring-webmvc:processResources",
            "outcome": "EXECUTED"
          },
          {
            "path": ":spring-webmvc:processTestFixturesResources",
            "outcome": "NO_SOURCE"
          },
          {
            "path": ":spring-webmvc:processTestResources",
            "outcome": "EXECUTED"
          },
          {
            "path": ":spring-webmvc:testClasses",
            "outcome": "EXECUTED"
          },
          {
            "path": ":spring-webmvc:testFixturesClasses",
            "outcome": "UP_TO_DATE"
          },
          {
            "path": ":spring-webmvc:testFixturesJar",
            "outcome": "EXECUTED"
          },
          {
            "path": ":spring-websocket:compileJava",
            "outcome": "FROM_CACHE"
          },
          {
            "path": ":spring-websocket:compileTestFixturesJava",
            "outcome": "NO_SOURCE"
          },
          {
            "path": ":spring-websocket:compileTestJava",
            "outcome": "FROM_CACHE"
          },
          {
            "path": ":spring-websocket:processTestResources",
            "outcome": "EXECUTED"
          },
          {
            "path": ":spring-websocket:testClasses",
            "outcome": "EXECUTED"
          },
          {
            "path": ":testClasses",
            "outcome": "UP_TO_DATE"
          }
        ]
      },
      "candidateTaskOutcomes": {
        "total": 56,
        "executed": 14,
        "fromCache": 26,
        "upToDate": 2,
        "noSource": 7,
        "skipped": 7,
        "fingerprintSha256": "af08640256e4ce968a02546a34fd5e7b170359e73fd1255332a0b813d6a2b3f6",
        "tasks": [
          {
            "path": ":buildSrc:check",
            "outcome": "UP_TO_DATE"
          },
          {
            "path": ":buildSrc:checkstyleMain",
            "outcome": "FROM_CACHE"
          },
          {
            "path": ":buildSrc:checkstyleTest",
            "outcome": "FROM_CACHE"
          },
          {
            "path": ":buildSrc:classes",
            "outcome": "EXECUTED"
          },
          {
            "path": ":buildSrc:compileGroovy",
            "outcome": "NO_SOURCE"
          },
          {
            "path": ":buildSrc:compileJava",
            "outcome": "FROM_CACHE"
          },
          {
            "path": ":buildSrc:compileTestGroovy",
            "outcome": "NO_SOURCE"
          },
          {
            "path": ":buildSrc:compileTestJava",
            "outcome": "FROM_CACHE"
          },
          {
            "path": ":buildSrc:jar",
            "outcome": "EXECUTED"
          },
          {
            "path": ":buildSrc:pluginDescriptors",
            "outcome": "EXECUTED"
          },
          {
            "path": ":buildSrc:pluginUnderTestMetadata",
            "outcome": "EXECUTED"
          },
          {
            "path": ":buildSrc:processResources",
            "outcome": "EXECUTED"
          },
          {
            "path": ":buildSrc:processTestResources",
            "outcome": "NO_SOURCE"
          },
          {
            "path": ":buildSrc:test",
            "outcome": "FROM_CACHE"
          },
          {
            "path": ":buildSrc:testClasses",
            "outcome": "UP_TO_DATE"
          },
          {
            "path": ":buildSrc:validatePlugins",
            "outcome": "FROM_CACHE"
          },
          {
            "path": ":spring-aop:checkKotlinGradlePluginConfigurationErrors",
            "outcome": "SKIPPED"
          },
          {
            "path": ":spring-aop:compileJava",
            "outcome": "FROM_CACHE"
          },
          {
            "path": ":spring-aop:compileKotlin",
            "outcome": "NO_SOURCE"
          },
          {
            "path": ":spring-beans:checkKotlinGradlePluginConfigurationErrors",
            "outcome": "SKIPPED"
          },
          {
            "path": ":spring-beans:classes",
            "outcome": "EXECUTED"
          },
          {
            "path": ":spring-beans:compileJava",
            "outcome": "FROM_CACHE"
          },
          {
            "path": ":spring-beans:compileKotlin",
            "outcome": "FROM_CACHE"
          },
          {
            "path": ":spring-beans:compileTestFixturesJava",
            "outcome": "FROM_CACHE"
          },
          {
            "path": ":spring-beans:compileTestFixturesKotlin",
            "outcome": "FROM_CACHE"
          },
          {
            "path": ":spring-beans:jar",
            "outcome": "EXECUTED"
          },
          {
            "path": ":spring-beans:processResources",
            "outcome": "EXECUTED"
          },
          {
            "path": ":spring-context:checkKotlinGradlePluginConfigurationErrors",
            "outcome": "SKIPPED"
          },
          {
            "path": ":spring-context:compileJava",
            "outcome": "FROM_CACHE"
          },
          {
            "path": ":spring-context:compileKotlin",
            "outcome": "FROM_CACHE"
          },
          {
            "path": ":spring-core:checkKotlinGradlePluginConfigurationErrors",
            "outcome": "SKIPPED"
          },
          {
            "path": ":spring-core:compileJava",
            "outcome": "FROM_CACHE"
          },
          {
            "path": ":spring-core:compileKotlin",
            "outcome": "FROM_CACHE"
          },
          {
            "path": ":spring-core:javapoetRepackJar",
            "outcome": "FROM_CACHE"
          },
          {
            "path": ":spring-core:objenesisRepackJar",
            "outcome": "FROM_CACHE"
          },
          {
            "path": ":spring-expression:checkKotlinGradlePluginConfigurationErrors",
            "outcome": "SKIPPED"
          },
          {
            "path": ":spring-expression:compileJava",
            "outcome": "FROM_CACHE"
          },
          {
            "path": ":spring-expression:compileKotlin",
            "outcome": "NO_SOURCE"
          },
          {
            "path": ":spring-instrument:compileJava",
            "outcome": "FROM_CACHE"
          },
          {
            "path": ":spring-jms:compileJava",
            "outcome": "EXECUTED"
          },
          {
            "path": ":spring-jms:compileTestFixturesJava",
            "outcome": "NO_SOURCE"
          },
          {
            "path": ":spring-jms:compileTestJava",
            "outcome": "FROM_CACHE"
          },
          {
            "path": ":spring-jms:processTestResources",
            "outcome": "EXECUTED"
          },
          {
            "path": ":spring-jms:testClasses",
            "outcome": "EXECUTED"
          },
          {
            "path": ":spring-messaging:checkKotlinGradlePluginConfigurationErrors",
            "outcome": "SKIPPED"
          },
          {
            "path": ":spring-messaging:compileJava",
            "outcome": "FROM_CACHE"
          },
          {
            "path": ":spring-messaging:compileKotlin",
            "outcome": "FROM_CACHE"
          },
          {
            "path": ":spring-oxm:compileJava",
            "outcome": "FROM_CACHE"
          },
          {
            "path": ":spring-tx:checkKotlinGradlePluginConfigurationErrors",
            "outcome": "SKIPPED"
          },
          {
            "path": ":spring-tx:classes",
            "outcome": "EXECUTED"
          },
          {
            "path": ":spring-tx:compileJava",
            "outcome": "FROM_CACHE"
          },
          {
            "path": ":spring-tx:compileKotlin",
            "outcome": "FROM_CACHE"
          },
          {
            "path": ":spring-tx:compileTestFixturesJava",
            "outcome": "FROM_CACHE"
          },
          {
            "path": ":spring-tx:compileTestFixturesKotlin",
            "outcome": "NO_SOURCE"
          },
          {
            "path": ":spring-tx:jar",
            "outcome": "EXECUTED"
          },
          {
            "path": ":spring-tx:processResources",
            "outcome": "EXECUTED"
          }
        ]
      },
      "controlHostPressure": {
        "available": true,
        "cpuSomeTotalUs": 216007,
        "memorySomeTotalUs": 4,
        "memoryFullTotalUs": 5,
        "ioSomeTotalUs": 8480041,
        "ioFullTotalUs": 5778502
      },
      "candidateHostPressure": {
        "available": true,
        "cpuSomeTotalUs": 22546,
        "memorySomeTotalUs": 5,
        "memoryFullTotalUs": 5,
        "ioSomeTotalUs": 8740360,
        "ioFullTotalUs": 7837137
      }
    },
    {
      "pair": 6,
      "order": "CANDIDATE_FIRST",
      "controlDurationMs": 13103,
      "candidateDurationMs": 10789,
      "savedMs": 2314,
      "controlRequiredOutputSha256": "c1de7856f3bfbec061af1a6a147e489da0bd960aca43bf326e51372c2ca5d629",
      "candidateRequiredOutputSha256": "c1de7856f3bfbec061af1a6a147e489da0bd960aca43bf326e51372c2ca5d629",
      "requiredOutputCount": 378,
      "productAttributableFailure": false,
      "controlLogSha256": "8e7990e7e82e463762e779c0d89bf8daf6267a5e03d618f72eabf0e831724ff5",
      "candidateLogSha256": "623d9cce98df299192fc1e88bc3cc620b9113ce6bc879a82fb1530bc6fa11604",
      "controlTaskOutcomes": {
        "total": 305,
        "executed": 109,
        "fromCache": 89,
        "upToDate": 23,
        "noSource": 65,
        "skipped": 19,
        "fingerprintSha256": "85399d45cd2d3615162148545d5babb68fb708dbdd29a2e2991b8e65724ce6a7",
        "tasks": [
          {
            "path": ":buildSrc:check",
            "outcome": "UP_TO_DATE"
          },
          {
            "path": ":buildSrc:checkstyleMain",
            "outcome": "FROM_CACHE"
          },
          {
            "path": ":buildSrc:checkstyleTest",
            "outcome": "FROM_CACHE"
          },
          {
            "path": ":buildSrc:classes",
            "outcome": "EXECUTED"
          },
          {
            "path": ":buildSrc:compileGroovy",
            "outcome": "NO_SOURCE"
          },
          {
            "path": ":buildSrc:compileJava",
            "outcome": "FROM_CACHE"
          },
          {
            "path": ":buildSrc:compileTestGroovy",
            "outcome": "NO_SOURCE"
          },
          {
            "path": ":buildSrc:compileTestJava",
            "outcome": "FROM_CACHE"
          },
          {
            "path": ":buildSrc:jar",
            "outcome": "EXECUTED"
          },
          {
            "path": ":buildSrc:pluginDescriptors",
            "outcome": "EXECUTED"
          },
          {
            "path": ":buildSrc:pluginUnderTestMetadata",
            "outcome": "EXECUTED"
          },
          {
            "path": ":buildSrc:processResources",
            "outcome": "EXECUTED"
          },
          {
            "path": ":buildSrc:processTestResources",
            "outcome": "NO_SOURCE"
          },
          {
            "path": ":buildSrc:test",
            "outcome": "FROM_CACHE"
          },
          {
            "path": ":buildSrc:testClasses",
            "outcome": "UP_TO_DATE"
          },
          {
            "path": ":buildSrc:validatePlugins",
            "outcome": "FROM_CACHE"
          },
          {
            "path": ":classes",
            "outcome": "UP_TO_DATE"
          },
          {
            "path": ":compileJava",
            "outcome": "NO_SOURCE"
          },
          {
            "path": ":compileTestFixturesJava",
            "outcome": "NO_SOURCE"
          },
          {
            "path": ":compileTestJava",
            "outcome": "NO_SOURCE"
          },
          {
            "path": ":framework-docs:checkKotlinGradlePluginConfigurationErrors",
            "outcome": "SKIPPED"
          },
          {
            "path": ":framework-docs:classes",
            "outcome": "EXECUTED"
          },
          {
            "path": ":framework-docs:compileJava",
            "outcome": "FROM_CACHE"
          },
          {
            "path": ":framework-docs:compileKotlin",
            "outcome": "FROM_CACHE"
          },
          {
            "path": ":framework-docs:compileTestJava",
            "outcome": "NO_SOURCE"
          },
          {
            "path": ":framework-docs:compileTestKotlin",
            "outcome": "NO_SOURCE"
          },
          {
            "path": ":framework-docs:jar",
            "outcome": "SKIPPED"
          },
          {
            "path": ":framework-docs:processResources",
            "outcome": "EXECUTED"
          },
          {
            "path": ":framework-docs:processTestResources",
            "outcome": "NO_SOURCE"
          },
          {
            "path": ":framework-docs:testClasses",
            "outcome": "UP_TO_DATE"
          },
          {
            "path": ":integration-tests:checkKotlinGradlePluginConfigurationErrors",
            "outcome": "SKIPPED"
          },
          {
            "path": ":integration-tests:classes",
            "outcome": "UP_TO_DATE"
          },
          {
            "path": ":integration-tests:compileJava",
            "outcome": "NO_SOURCE"
          },
          {
            "path": ":integration-tests:compileKotlin",
            "outcome": "NO_SOURCE"
          },
          {
            "path": ":integration-tests:compileTestFixturesJava",
            "outcome": "NO_SOURCE"
          },
          {
            "path": ":integration-tests:compileTestFixturesKotlin",
            "outcome": "NO_SOURCE"
          },
          {
            "path": ":integration-tests:compileTestJava",
            "outcome": "FROM_CACHE"
          },
          {
            "path": ":integration-tests:compileTestKotlin",
            "outcome": "FROM_CACHE"
          },
          {
            "path": ":integration-tests:jar",
            "outcome": "EXECUTED"
          },
          {
            "path": ":integration-tests:processResources",
            "outcome": "NO_SOURCE"
          },
          {
            "path": ":integration-tests:processTestFixturesResources",
            "outcome": "NO_SOURCE"
          },
          {
            "path": ":integration-tests:processTestResources",
            "outcome": "EXECUTED"
          },
          {
            "path": ":integration-tests:testClasses",
            "outcome": "EXECUTED"
          },
          {
            "path": ":integration-tests:testFixturesClasses",
            "outcome": "UP_TO_DATE"
          },
          {
            "path": ":integration-tests:testFixturesJar",
            "outcome": "EXECUTED"
          },
          {
            "path": ":jar",
            "outcome": "EXECUTED"
          },
          {
            "path": ":processResources",
            "outcome": "NO_SOURCE"
          },
          {
            "path": ":processTestResources",
            "outcome": "NO_SOURCE"
          },
          {
            "path": ":spring-aop:checkKotlinGradlePluginConfigurationErrors",
            "outcome": "SKIPPED"
          },
          {
            "path": ":spring-aop:classes",
            "outcome": "EXECUTED"
          },
          {
            "path": ":spring-aop:compileJava",
            "outcome": "FROM_CACHE"
          },
          {
            "path": ":spring-aop:compileKotlin",
            "outcome": "NO_SOURCE"
          },
          {
            "path": ":spring-aop:compileTestFixturesJava",
            "outcome": "FROM_CACHE"
          },
          {
            "path": ":spring-aop:compileTestFixturesKotlin",
            "outcome": "NO_SOURCE"
          },
          {
            "path": ":spring-aop:compileTestJava",
            "outcome": "FROM_CACHE"
          },
          {
            "path": ":spring-aop:compileTestKotlin",
            "outcome": "FROM_CACHE"
          },
          {
            "path": ":spring-aop:jar",
            "outcome": "EXECUTED"
          },
          {
            "path": ":spring-aop:processResources",
            "outcome": "EXECUTED"
          },
          {
            "path": ":spring-aop:processTestFixturesResources",
            "outcome": "NO_SOURCE"
          },
          {
            "path": ":spring-aop:processTestResources",
            "outcome": "EXECUTED"
          },
          {
            "path": ":spring-aop:testClasses",
            "outcome": "EXECUTED"
          },
          {
            "path": ":spring-aop:testFixturesClasses",
            "outcome": "UP_TO_DATE"
          },
          {
            "path": ":spring-aop:testFixturesJar",
            "outcome": "EXECUTED"
          },
          {
            "path": ":spring-aspects:classes",
            "outcome": "EXECUTED"
          },
          {
            "path": ":spring-aspects:compileAspectj",
            "outcome": "FROM_CACHE"
          },
          {
            "path": ":spring-aspects:compileJava",
            "outcome": "SKIPPED"
          },
          {
            "path": ":spring-aspects:compileTestAspectj",
            "outcome": "FROM_CACHE"
          },
          {
            "path": ":spring-aspects:compileTestFixturesAspectj",
            "outcome": "NO_SOURCE"
          },
          {
            "path": ":spring-aspects:compileTestFixturesJava",
            "outcome": "SKIPPED"
          },
          {
            "path": ":spring-aspects:compileTestJava",
            "outcome": "SKIPPED"
          },
          {
            "path": ":spring-aspects:processResources",
            "outcome": "EXECUTED"
          },
          {
            "path": ":spring-aspects:processTestResources",
            "outcome": "EXECUTED"
          },
          {
            "path": ":spring-aspects:testClasses",
            "outcome": "EXECUTED"
          },
          {
            "path": ":spring-beans:checkKotlinGradlePluginConfigurationErrors",
            "outcome": "SKIPPED"
          },
          {
            "path": ":spring-beans:classes",
            "outcome": "EXECUTED"
          },
          {
            "path": ":spring-beans:compileJava",
            "outcome": "FROM_CACHE"
          },
          {
            "path": ":spring-beans:compileKotlin",
            "outcome": "FROM_CACHE"
          },
          {
            "path": ":spring-beans:compileTestFixturesJava",
            "outcome": "FROM_CACHE"
          },
          {
            "path": ":spring-beans:compileTestFixturesKotlin",
            "outcome": "FROM_CACHE"
          },
          {
            "path": ":spring-beans:compileTestJava",
            "outcome": "FROM_CACHE"
          },
          {
            "path": ":spring-beans:compileTestKotlin",
            "outcome": "FROM_CACHE"
          },
          {
            "path": ":spring-beans:jar",
            "outcome": "EXECUTED"
          },
          {
            "path": ":spring-beans:processResources",
            "outcome": "EXECUTED"
          },
          {
            "path": ":spring-beans:processTestFixturesResources",
            "outcome": "EXECUTED"
          },
          {
            "path": ":spring-beans:processTestResources",
            "outcome": "EXECUTED"
          },
          {
            "path": ":spring-beans:testClasses",
            "outcome": "EXECUTED"
          },
          {
            "path": ":spring-beans:testFixturesClasses",
            "outcome": "EXECUTED"
          },
          {
            "path": ":spring-beans:testFixturesJar",
            "outcome": "EXECUTED"
          },
          {
            "path": ":spring-context-indexer:compileJava",
            "outcome": "FROM_CACHE"
          },
          {
            "path": ":spring-context-indexer:compileTestFixturesJava",
            "outcome": "NO_SOURCE"
          },
          {
            "path": ":spring-context-indexer:compileTestJava",
            "outcome": "FROM_CACHE"
          },
          {
            "path": ":spring-context-indexer:processTestResources",
            "outcome": "NO_SOURCE"
          },
          {
            "path": ":spring-context-indexer:testClasses",
            "outcome": "UP_TO_DATE"
          },
          {
            "path": ":spring-context-support:compileJava",
            "outcome": "FROM_CACHE"
          },
          {
            "path": ":spring-context-support:compileTestFixturesJava",
            "outcome": "FROM_CACHE"
          },
          {
            "path": ":spring-context-support:compileTestJava",
            "outcome": "FROM_CACHE"
          },
          {
            "path": ":spring-context-support:processTestResources",
            "outcome": "EXECUTED"
          },
          {
            "path": ":spring-context-support:testClasses",
            "outcome": "EXECUTED"
          },
          {
            "path": ":spring-context:checkKotlinGradlePluginConfigurationErrors",
            "outcome": "SKIPPED"
          },
          {
            "path": ":spring-context:classes",
            "outcome": "EXECUTED"
          },
          {
            "path": ":spring-context:compileJava",
            "outcome": "FROM_CACHE"
          },
          {
            "path": ":spring-context:compileKotlin",
            "outcome": "FROM_CACHE"
          },
          {
            "path": ":spring-context:compileTestFixturesJava",
            "outcome": "FROM_CACHE"
          },
          {
            "path": ":spring-context:compileTestFixturesKotlin",
            "outcome": "NO_SOURCE"
          },
          {
            "path": ":spring-context:compileTestJava",
            "outcome": "FROM_CACHE"
          },
          {
            "path": ":spring-context:compileTestKotlin",
            "outcome": "FROM_CACHE"
          },
          {
            "path": ":spring-context:jar",
            "outcome": "EXECUTED"
          },
          {
            "path": ":spring-context:processResources",
            "outcome": "EXECUTED"
          },
          {
            "path": ":spring-context:processTestFixturesResources",
            "outcome": "NO_SOURCE"
          },
          {
            "path": ":spring-context:processTestResources",
            "outcome": "EXECUTED"
          },
          {
            "path": ":spring-context:testClasses",
            "outcome": "EXECUTED"
          },
          {
            "path": ":spring-context:testFixturesClasses",
            "outcome": "UP_TO_DATE"
          },
          {
            "path": ":spring-context:testFixturesJar",
            "outcome": "EXECUTED"
          },
          {
            "path": ":spring-core-test:compileJava",
            "outcome": "FROM_CACHE"
          },
          {
            "path": ":spring-core-test:compileTestFixturesJava",
            "outcome": "NO_SOURCE"
          },
          {
            "path": ":spring-core-test:compileTestJava",
            "outcome": "FROM_CACHE"
          },
          {
            "path": ":spring-core-test:processTestResources",
            "outcome": "EXECUTED"
          },
          {
            "path": ":spring-core-test:testClasses",
            "outcome": "EXECUTED"
          },
          {
            "path": ":spring-core:checkKotlinGradlePluginConfigurationErrors",
            "outcome": "SKIPPED"
          },
          {
            "path": ":spring-core:classes",
            "outcome": "EXECUTED"
          },
          {
            "path": ":spring-core:compileJava",
            "outcome": "FROM_CACHE"
          },
          {
            "path": ":spring-core:compileJava21Java",
            "outcome": "FROM_CACHE"
          },
          {
            "path": ":spring-core:compileJava21Kotlin",
            "outcome": "NO_SOURCE"
          },
          {
            "path": ":spring-core:compileJava24Java",
            "outcome": "FROM_CACHE"
          },
          {
            "path": ":spring-core:compileJava24Kotlin",
            "outcome": "NO_SOURCE"
          },
          {
            "path": ":spring-core:compileKotlin",
            "outcome": "FROM_CACHE"
          },
          {
            "path": ":spring-core:compileTestFixturesJava",
            "outcome": "FROM_CACHE"
          },
          {
            "path": ":spring-core:compileTestFixturesKotlin",
            "outcome": "NO_SOURCE"
          },
          {
            "path": ":spring-core:compileTestJava",
            "outcome": "FROM_CACHE"
          },
          {
            "path": ":spring-core:compileTestKotlin",
            "outcome": "FROM_CACHE"
          },
          {
            "path": ":spring-core:jar",
            "outcome": "EXECUTED"
          },
          {
            "path": ":spring-core:java21Classes",
            "outcome": "UP_TO_DATE"
          },
          {
            "path": ":spring-core:java24Classes",
            "outcome": "UP_TO_DATE"
          },
          {
            "path": ":spring-core:javapoetRepackJar",
            "outcome": "FROM_CACHE"
          },
          {
            "path": ":spring-core:objenesisRepackJar",
            "outcome": "FROM_CACHE"
          },
          {
            "path": ":spring-core:processJava21Resources",
            "outcome": "NO_SOURCE"
          },
          {
            "path": ":spring-core:processJava24Resources",
            "outcome": "NO_SOURCE"
          },
          {
            "path": ":spring-core:processResources",
            "outcome": "EXECUTED"
          },
          {
            "path": ":spring-core:processTestFixturesResources",
            "outcome": "NO_SOURCE"
          },
          {
            "path": ":spring-core:processTestResources",
            "outcome": "EXECUTED"
          },
          {
            "path": ":spring-core:testClasses",
            "outcome": "EXECUTED"
          },
          {
            "path": ":spring-core:testFixturesClasses",
            "outcome": "UP_TO_DATE"
          },
          {
            "path": ":spring-core:testFixturesJar",
            "outcome": "EXECUTED"
          },
          {
            "path": ":spring-expression:checkKotlinGradlePluginConfigurationErrors",
            "outcome": "SKIPPED"
          },
          {
            "path": ":spring-expression:classes",
            "outcome": "UP_TO_DATE"
          },
          {
            "path": ":spring-expression:compileJava",
            "outcome": "FROM_CACHE"
          },
          {
            "path": ":spring-expression:compileKotlin",
            "outcome": "NO_SOURCE"
          },
          {
            "path": ":spring-expression:compileTestFixturesJava",
            "outcome": "NO_SOURCE"
          },
          {
            "path": ":spring-expression:compileTestFixturesKotlin",
            "outcome": "NO_SOURCE"
          },
          {
            "path": ":spring-expression:compileTestJava",
            "outcome": "FROM_CACHE"
          },
          {
            "path": ":spring-expression:compileTestKotlin",
            "outcome": "FROM_CACHE"
          },
          {
            "path": ":spring-expression:jar",
            "outcome": "EXECUTED"
          },
          {
            "path": ":spring-expression:processResources",
            "outcome": "NO_SOURCE"
          },
          {
            "path": ":spring-expression:processTestFixturesResources",
            "outcome": "NO_SOURCE"
          },
          {
            "path": ":spring-expression:processTestResources",
            "outcome": "EXECUTED"
          },
          {
            "path": ":spring-expression:testClasses",
            "outcome": "EXECUTED"
          },
          {
            "path": ":spring-expression:testFixturesClasses",
            "outcome": "UP_TO_DATE"
          },
          {
            "path": ":spring-expression:testFixturesJar",
            "outcome": "EXECUTED"
          },
          {
            "path": ":spring-instrument:compileJava",
            "outcome": "FROM_CACHE"
          },
          {
            "path": ":spring-instrument:compileTestFixturesJava",
            "outcome": "NO_SOURCE"
          },
          {
            "path": ":spring-instrument:compileTestJava",
            "outcome": "NO_SOURCE"
          },
          {
            "path": ":spring-instrument:processTestResources",
            "outcome": "NO_SOURCE"
          },
          {
            "path": ":spring-instrument:testClasses",
            "outcome": "UP_TO_DATE"
          },
          {
            "path": ":spring-jdbc:checkKotlinGradlePluginConfigurationErrors",
            "outcome": "SKIPPED"
          },
          {
            "path": ":spring-jdbc:classes",
            "outcome": "EXECUTED"
          },
          {
            "path": ":spring-jdbc:compileJava",
            "outcome": "FROM_CACHE"
          },
          {
            "path": ":spring-jdbc:compileKotlin",
            "outcome": "FROM_CACHE"
          },
          {
            "path": ":spring-jdbc:compileTestFixturesJava",
            "outcome": "NO_SOURCE"
          },
          {
            "path": ":spring-jdbc:compileTestFixturesKotlin",
            "outcome": "NO_SOURCE"
          },
          {
            "path": ":spring-jdbc:compileTestJava",
            "outcome": "FROM_CACHE"
          },
          {
            "path": ":spring-jdbc:compileTestKotlin",
            "outcome": "FROM_CACHE"
          },
          {
            "path": ":spring-jdbc:jar",
            "outcome": "EXECUTED"
          },
          {
            "path": ":spring-jdbc:processResources",
            "outcome": "EXECUTED"
          },
          {
            "path": ":spring-jdbc:processTestFixturesResources",
            "outcome": "NO_SOURCE"
          },
          {
            "path": ":spring-jdbc:processTestResources",
            "outcome": "EXECUTED"
          },
          {
            "path": ":spring-jdbc:testClasses",
            "outcome": "EXECUTED"
          },
          {
            "path": ":spring-jdbc:testFixturesClasses",
            "outcome": "UP_TO_DATE"
          },
          {
            "path": ":spring-jdbc:testFixturesJar",
            "outcome": "EXECUTED"
          },
          {
            "path": ":spring-jms:compileJava",
            "outcome": "EXECUTED"
          },
          {
            "path": ":spring-jms:compileTestFixturesJava",
            "outcome": "NO_SOURCE"
          },
          {
            "path": ":spring-jms:compileTestJava",
            "outcome": "FROM_CACHE"
          },
          {
            "path": ":spring-jms:processTestResources",
            "outcome": "EXECUTED"
          },
          {
            "path": ":spring-jms:testClasses",
            "outcome": "EXECUTED"
          },
          {
            "path": ":spring-messaging:checkKotlinGradlePluginConfigurationErrors",
            "outcome": "SKIPPED"
          },
          {
            "path": ":spring-messaging:classes",
            "outcome": "EXECUTED"
          },
          {
            "path": ":spring-messaging:compileJava",
            "outcome": "FROM_CACHE"
          },
          {
            "path": ":spring-messaging:compileKotlin",
            "outcome": "FROM_CACHE"
          },
          {
            "path": ":spring-messaging:compileTestFixturesJava",
            "outcome": "NO_SOURCE"
          },
          {
            "path": ":spring-messaging:compileTestFixturesKotlin",
            "outcome": "NO_SOURCE"
          },
          {
            "path": ":spring-messaging:compileTestJava",
            "outcome": "FROM_CACHE"
          },
          {
            "path": ":spring-messaging:compileTestKotlin",
            "outcome": "FROM_CACHE"
          },
          {
            "path": ":spring-messaging:jar",
            "outcome": "EXECUTED"
          },
          {
            "path": ":spring-messaging:processResources",
            "outcome": "EXECUTED"
          },
          {
            "path": ":spring-messaging:processTestFixturesResources",
            "outcome": "NO_SOURCE"
          },
          {
            "path": ":spring-messaging:processTestResources",
            "outcome": "EXECUTED"
          },
          {
            "path": ":spring-messaging:testClasses",
            "outcome": "EXECUTED"
          },
          {
            "path": ":spring-messaging:testFixturesClasses",
            "outcome": "UP_TO_DATE"
          },
          {
            "path": ":spring-messaging:testFixturesJar",
            "outcome": "EXECUTED"
          },
          {
            "path": ":spring-orm:compileJava",
            "outcome": "FROM_CACHE"
          },
          {
            "path": ":spring-orm:compileTestFixturesJava",
            "outcome": "NO_SOURCE"
          },
          {
            "path": ":spring-orm:compileTestJava",
            "outcome": "FROM_CACHE"
          },
          {
            "path": ":spring-orm:processTestResources",
            "outcome": "EXECUTED"
          },
          {
            "path": ":spring-orm:testClasses",
            "outcome": "EXECUTED"
          },
          {
            "path": ":spring-oxm:compileJava",
            "outcome": "FROM_CACHE"
          },
          {
            "path": ":spring-oxm:compileTestFixturesJava",
            "outcome": "NO_SOURCE"
          },
          {
            "path": ":spring-oxm:compileTestJava",
            "outcome": "FROM_CACHE"
          },
          {
            "path": ":spring-oxm:processTestResources",
            "outcome": "EXECUTED"
          },
          {
            "path": ":spring-oxm:testClasses",
            "outcome": "EXECUTED"
          },
          {
            "path": ":spring-oxm:xjc",
            "outcome": "FROM_CACHE"
          },
          {
            "path": ":spring-r2dbc:checkKotlinGradlePluginConfigurationErrors",
            "outcome": "SKIPPED"
          },
          {
            "path": ":spring-r2dbc:classes",
            "outcome": "EXECUTED"
          },
          {
            "path": ":spring-r2dbc:compileJava",
            "outcome": "FROM_CACHE"
          },
          {
            "path": ":spring-r2dbc:compileKotlin",
            "outcome": "FROM_CACHE"
          },
          {
            "path": ":spring-r2dbc:compileTestFixturesJava",
            "outcome": "NO_SOURCE"
          },
          {
            "path": ":spring-r2dbc:compileTestFixturesKotlin",
            "outcome": "NO_SOURCE"
          },
          {
            "path": ":spring-r2dbc:compileTestJava",
            "outcome": "FROM_CACHE"
          },
          {
            "path": ":spring-r2dbc:compileTestKotlin",
            "outcome": "FROM_CACHE"
          },
          {
            "path": ":spring-r2dbc:jar",
            "outcome": "EXECUTED"
          },
          {
            "path": ":spring-r2dbc:processResources",
            "outcome": "EXECUTED"
          },
          {
            "path": ":spring-r2dbc:processTestFixturesResources",
            "outcome": "NO_SOURCE"
          },
          {
            "path": ":spring-r2dbc:processTestResources",
            "outcome": "EXECUTED"
          },
          {
            "path": ":spring-r2dbc:testClasses",
            "outcome": "EXECUTED"
          },
          {
            "path": ":spring-r2dbc:testFixturesClasses",
            "outcome": "UP_TO_DATE"
          },
          {
            "path": ":spring-r2dbc:testFixturesJar",
            "outcome": "EXECUTED"
          },
          {
            "path": ":spring-test:checkKotlinGradlePluginConfigurationErrors",
            "outcome": "SKIPPED"
          },
          {
            "path": ":spring-test:classes",
            "outcome": "EXECUTED"
          },
          {
            "path": ":spring-test:compileJava",
            "outcome": "FROM_CACHE"
          },
          {
            "path": ":spring-test:compileKotlin",
            "outcome": "FROM_CACHE"
          },
          {
            "path": ":spring-test:compileTestFixturesJava",
            "outcome": "NO_SOURCE"
          },
          {
            "path": ":spring-test:compileTestFixturesKotlin",
            "outcome": "NO_SOURCE"
          },
          {
            "path": ":spring-test:compileTestJava",
            "outcome": "FROM_CACHE"
          },
          {
            "path": ":spring-test:compileTestKotlin",
            "outcome": "FROM_CACHE"
          },
          {
            "path": ":spring-test:jar",
            "outcome": "EXECUTED"
          },
          {
            "path": ":spring-test:processResources",
            "outcome": "EXECUTED"
          },
          {
            "path": ":spring-test:processTestFixturesResources",
            "outcome": "NO_SOURCE"
          },
          {
            "path": ":spring-test:processTestResources",
            "outcome": "EXECUTED"
          },
          {
            "path": ":spring-test:testClasses",
            "outcome": "EXECUTED"
          },
          {
            "path": ":spring-test:testFixturesClasses",
            "outcome": "UP_TO_DATE"
          },
          {
            "path": ":spring-test:testFixturesJar",
            "outcome": "EXECUTED"
          },
          {
            "path": ":spring-tx:checkKotlinGradlePluginConfigurationErrors",
            "outcome": "SKIPPED"
          },
          {
            "path": ":spring-tx:classes",
            "outcome": "EXECUTED"
          },
          {
            "path": ":spring-tx:compileJava",
            "outcome": "FROM_CACHE"
          },
          {
            "path": ":spring-tx:compileKotlin",
            "outcome": "FROM_CACHE"
          },
          {
            "path": ":spring-tx:compileTestFixturesJava",
            "outcome": "FROM_CACHE"
          },
          {
            "path": ":spring-tx:compileTestFixturesKotlin",
            "outcome": "NO_SOURCE"
          },
          {
            "path": ":spring-tx:compileTestJava",
            "outcome": "FROM_CACHE"
          },
          {
            "path": ":spring-tx:compileTestKotlin",
            "outcome": "FROM_CACHE"
          },
          {
            "path": ":spring-tx:jar",
            "outcome": "EXECUTED"
          },
          {
            "path": ":spring-tx:processResources",
            "outcome": "EXECUTED"
          },
          {
            "path": ":spring-tx:processTestFixturesResources",
            "outcome": "NO_SOURCE"
          },
          {
            "path": ":spring-tx:processTestResources",
            "outcome": "EXECUTED"
          },
          {
            "path": ":spring-tx:testClasses",
            "outcome": "EXECUTED"
          },
          {
            "path": ":spring-tx:testFixturesClasses",
            "outcome": "UP_TO_DATE"
          },
          {
            "path": ":spring-tx:testFixturesJar",
            "outcome": "EXECUTED"
          },
          {
            "path": ":spring-web:checkKotlinGradlePluginConfigurationErrors",
            "outcome": "SKIPPED"
          },
          {
            "path": ":spring-web:classes",
            "outcome": "EXECUTED"
          },
          {
            "path": ":spring-web:compileJava",
            "outcome": "FROM_CACHE"
          },
          {
            "path": ":spring-web:compileKotlin",
            "outcome": "FROM_CACHE"
          },
          {
            "path": ":spring-web:compileTestFixturesJava",
            "outcome": "FROM_CACHE"
          },
          {
            "path": ":spring-web:compileTestFixturesKotlin",
            "outcome": "NO_SOURCE"
          },
          {
            "path": ":spring-web:compileTestJava",
            "outcome": "FROM_CACHE"
          },
          {
            "path": ":spring-web:compileTestKotlin",
            "outcome": "FROM_CACHE"
          },
          {
            "path": ":spring-web:jar",
            "outcome": "EXECUTED"
          },
          {
            "path": ":spring-web:processResources",
            "outcome": "EXECUTED"
          },
          {
            "path": ":spring-web:processTestFixturesResources",
            "outcome": "EXECUTED"
          },
          {
            "path": ":spring-web:processTestResources",
            "outcome": "EXECUTED"
          },
          {
            "path": ":spring-web:testClasses",
            "outcome": "EXECUTED"
          },
          {
            "path": ":spring-web:testFixturesClasses",
            "outcome": "EXECUTED"
          },
          {
            "path": ":spring-web:testFixturesJar",
            "outcome": "EXECUTED"
          },
          {
            "path": ":spring-webflux:checkKotlinGradlePluginConfigurationErrors",
            "outcome": "SKIPPED"
          },
          {
            "path": ":spring-webflux:classes",
            "outcome": "EXECUTED"
          },
          {
            "path": ":spring-webflux:compileJava",
            "outcome": "FROM_CACHE"
          },
          {
            "path": ":spring-webflux:compileKotlin",
            "outcome": "FROM_CACHE"
          },
          {
            "path": ":spring-webflux:compileTestFixturesJava",
            "outcome": "NO_SOURCE"
          },
          {
            "path": ":spring-webflux:compileTestFixturesKotlin",
            "outcome": "NO_SOURCE"
          },
          {
            "path": ":spring-webflux:compileTestJava",
            "outcome": "FROM_CACHE"
          },
          {
            "path": ":spring-webflux:compileTestKotlin",
            "outcome": "FROM_CACHE"
          },
          {
            "path": ":spring-webflux:jar",
            "outcome": "EXECUTED"
          },
          {
            "path": ":spring-webflux:processResources",
            "outcome": "EXECUTED"
          },
          {
            "path": ":spring-webflux:processTestFixturesResources",
            "outcome": "NO_SOURCE"
          },
          {
            "path": ":spring-webflux:processTestResources",
            "outcome": "EXECUTED"
          },
          {
            "path": ":spring-webflux:testClasses",
            "outcome": "EXECUTED"
          },
          {
            "path": ":spring-webflux:testFixturesClasses",
            "outcome": "UP_TO_DATE"
          },
          {
            "path": ":spring-webflux:testFixturesJar",
            "outcome": "EXECUTED"
          },
          {
            "path": ":spring-webmvc:checkKotlinGradlePluginConfigurationErrors",
            "outcome": "SKIPPED"
          },
          {
            "path": ":spring-webmvc:classes",
            "outcome": "EXECUTED"
          },
          {
            "path": ":spring-webmvc:compileJava",
            "outcome": "FROM_CACHE"
          },
          {
            "path": ":spring-webmvc:compileKotlin",
            "outcome": "FROM_CACHE"
          },
          {
            "path": ":spring-webmvc:compileTestFixturesJava",
            "outcome": "NO_SOURCE"
          },
          {
            "path": ":spring-webmvc:compileTestFixturesKotlin",
            "outcome": "NO_SOURCE"
          },
          {
            "path": ":spring-webmvc:compileTestJava",
            "outcome": "FROM_CACHE"
          },
          {
            "path": ":spring-webmvc:compileTestKotlin",
            "outcome": "FROM_CACHE"
          },
          {
            "path": ":spring-webmvc:jar",
            "outcome": "EXECUTED"
          },
          {
            "path": ":spring-webmvc:processResources",
            "outcome": "EXECUTED"
          },
          {
            "path": ":spring-webmvc:processTestFixturesResources",
            "outcome": "NO_SOURCE"
          },
          {
            "path": ":spring-webmvc:processTestResources",
            "outcome": "EXECUTED"
          },
          {
            "path": ":spring-webmvc:testClasses",
            "outcome": "EXECUTED"
          },
          {
            "path": ":spring-webmvc:testFixturesClasses",
            "outcome": "UP_TO_DATE"
          },
          {
            "path": ":spring-webmvc:testFixturesJar",
            "outcome": "EXECUTED"
          },
          {
            "path": ":spring-websocket:compileJava",
            "outcome": "FROM_CACHE"
          },
          {
            "path": ":spring-websocket:compileTestFixturesJava",
            "outcome": "NO_SOURCE"
          },
          {
            "path": ":spring-websocket:compileTestJava",
            "outcome": "FROM_CACHE"
          },
          {
            "path": ":spring-websocket:processTestResources",
            "outcome": "EXECUTED"
          },
          {
            "path": ":spring-websocket:testClasses",
            "outcome": "EXECUTED"
          },
          {
            "path": ":testClasses",
            "outcome": "UP_TO_DATE"
          }
        ]
      },
      "candidateTaskOutcomes": {
        "total": 56,
        "executed": 14,
        "fromCache": 26,
        "upToDate": 2,
        "noSource": 7,
        "skipped": 7,
        "fingerprintSha256": "af08640256e4ce968a02546a34fd5e7b170359e73fd1255332a0b813d6a2b3f6",
        "tasks": [
          {
            "path": ":buildSrc:check",
            "outcome": "UP_TO_DATE"
          },
          {
            "path": ":buildSrc:checkstyleMain",
            "outcome": "FROM_CACHE"
          },
          {
            "path": ":buildSrc:checkstyleTest",
            "outcome": "FROM_CACHE"
          },
          {
            "path": ":buildSrc:classes",
            "outcome": "EXECUTED"
          },
          {
            "path": ":buildSrc:compileGroovy",
            "outcome": "NO_SOURCE"
          },
          {
            "path": ":buildSrc:compileJava",
            "outcome": "FROM_CACHE"
          },
          {
            "path": ":buildSrc:compileTestGroovy",
            "outcome": "NO_SOURCE"
          },
          {
            "path": ":buildSrc:compileTestJava",
            "outcome": "FROM_CACHE"
          },
          {
            "path": ":buildSrc:jar",
            "outcome": "EXECUTED"
          },
          {
            "path": ":buildSrc:pluginDescriptors",
            "outcome": "EXECUTED"
          },
          {
            "path": ":buildSrc:pluginUnderTestMetadata",
            "outcome": "EXECUTED"
          },
          {
            "path": ":buildSrc:processResources",
            "outcome": "EXECUTED"
          },
          {
            "path": ":buildSrc:processTestResources",
            "outcome": "NO_SOURCE"
          },
          {
            "path": ":buildSrc:test",
            "outcome": "FROM_CACHE"
          },
          {
            "path": ":buildSrc:testClasses",
            "outcome": "UP_TO_DATE"
          },
          {
            "path": ":buildSrc:validatePlugins",
            "outcome": "FROM_CACHE"
          },
          {
            "path": ":spring-aop:checkKotlinGradlePluginConfigurationErrors",
            "outcome": "SKIPPED"
          },
          {
            "path": ":spring-aop:compileJava",
            "outcome": "FROM_CACHE"
          },
          {
            "path": ":spring-aop:compileKotlin",
            "outcome": "NO_SOURCE"
          },
          {
            "path": ":spring-beans:checkKotlinGradlePluginConfigurationErrors",
            "outcome": "SKIPPED"
          },
          {
            "path": ":spring-beans:classes",
            "outcome": "EXECUTED"
          },
          {
            "path": ":spring-beans:compileJava",
            "outcome": "FROM_CACHE"
          },
          {
            "path": ":spring-beans:compileKotlin",
            "outcome": "FROM_CACHE"
          },
          {
            "path": ":spring-beans:compileTestFixturesJava",
            "outcome": "FROM_CACHE"
          },
          {
            "path": ":spring-beans:compileTestFixturesKotlin",
            "outcome": "FROM_CACHE"
          },
          {
            "path": ":spring-beans:jar",
            "outcome": "EXECUTED"
          },
          {
            "path": ":spring-beans:processResources",
            "outcome": "EXECUTED"
          },
          {
            "path": ":spring-context:checkKotlinGradlePluginConfigurationErrors",
            "outcome": "SKIPPED"
          },
          {
            "path": ":spring-context:compileJava",
            "outcome": "FROM_CACHE"
          },
          {
            "path": ":spring-context:compileKotlin",
            "outcome": "FROM_CACHE"
          },
          {
            "path": ":spring-core:checkKotlinGradlePluginConfigurationErrors",
            "outcome": "SKIPPED"
          },
          {
            "path": ":spring-core:compileJava",
            "outcome": "FROM_CACHE"
          },
          {
            "path": ":spring-core:compileKotlin",
            "outcome": "FROM_CACHE"
          },
          {
            "path": ":spring-core:javapoetRepackJar",
            "outcome": "FROM_CACHE"
          },
          {
            "path": ":spring-core:objenesisRepackJar",
            "outcome": "FROM_CACHE"
          },
          {
            "path": ":spring-expression:checkKotlinGradlePluginConfigurationErrors",
            "outcome": "SKIPPED"
          },
          {
            "path": ":spring-expression:compileJava",
            "outcome": "FROM_CACHE"
          },
          {
            "path": ":spring-expression:compileKotlin",
            "outcome": "NO_SOURCE"
          },
          {
            "path": ":spring-instrument:compileJava",
            "outcome": "FROM_CACHE"
          },
          {
            "path": ":spring-jms:compileJava",
            "outcome": "EXECUTED"
          },
          {
            "path": ":spring-jms:compileTestFixturesJava",
            "outcome": "NO_SOURCE"
          },
          {
            "path": ":spring-jms:compileTestJava",
            "outcome": "FROM_CACHE"
          },
          {
            "path": ":spring-jms:processTestResources",
            "outcome": "EXECUTED"
          },
          {
            "path": ":spring-jms:testClasses",
            "outcome": "EXECUTED"
          },
          {
            "path": ":spring-messaging:checkKotlinGradlePluginConfigurationErrors",
            "outcome": "SKIPPED"
          },
          {
            "path": ":spring-messaging:compileJava",
            "outcome": "FROM_CACHE"
          },
          {
            "path": ":spring-messaging:compileKotlin",
            "outcome": "FROM_CACHE"
          },
          {
            "path": ":spring-oxm:compileJava",
            "outcome": "FROM_CACHE"
          },
          {
            "path": ":spring-tx:checkKotlinGradlePluginConfigurationErrors",
            "outcome": "SKIPPED"
          },
          {
            "path": ":spring-tx:classes",
            "outcome": "EXECUTED"
          },
          {
            "path": ":spring-tx:compileJava",
            "outcome": "FROM_CACHE"
          },
          {
            "path": ":spring-tx:compileKotlin",
            "outcome": "FROM_CACHE"
          },
          {
            "path": ":spring-tx:compileTestFixturesJava",
            "outcome": "FROM_CACHE"
          },
          {
            "path": ":spring-tx:compileTestFixturesKotlin",
            "outcome": "NO_SOURCE"
          },
          {
            "path": ":spring-tx:jar",
            "outcome": "EXECUTED"
          },
          {
            "path": ":spring-tx:processResources",
            "outcome": "EXECUTED"
          }
        ]
      },
      "controlHostPressure": {
        "available": true,
        "cpuSomeTotalUs": 62689,
        "memorySomeTotalUs": 1,
        "memoryFullTotalUs": 0,
        "ioSomeTotalUs": 8827645,
        "ioFullTotalUs": 6920528
      },
      "candidateHostPressure": {
        "available": true,
        "cpuSomeTotalUs": 29029,
        "memorySomeTotalUs": 0,
        "memoryFullTotalUs": 0,
        "ioSomeTotalUs": 8716938,
        "ioFullTotalUs": 7610905
      }
    },
    {
      "pair": 7,
      "order": "CONTROL_FIRST",
      "controlDurationMs": 13101,
      "candidateDurationMs": 10337,
      "savedMs": 2764,
      "controlRequiredOutputSha256": "c1de7856f3bfbec061af1a6a147e489da0bd960aca43bf326e51372c2ca5d629",
      "candidateRequiredOutputSha256": "c1de7856f3bfbec061af1a6a147e489da0bd960aca43bf326e51372c2ca5d629",
      "requiredOutputCount": 378,
      "productAttributableFailure": false,
      "controlLogSha256": "e8c5b5d46de94a4865e079bb6d2169e79dd137d8f20f3550189a2b4f2679590c",
      "candidateLogSha256": "5cc5c1acbbdd803e5d1c1a7166a533f4558233523744bde697f80c0715a997e6",
      "controlTaskOutcomes": {
        "total": 305,
        "executed": 109,
        "fromCache": 89,
        "upToDate": 23,
        "noSource": 65,
        "skipped": 19,
        "fingerprintSha256": "85399d45cd2d3615162148545d5babb68fb708dbdd29a2e2991b8e65724ce6a7",
        "tasks": [
          {
            "path": ":buildSrc:check",
            "outcome": "UP_TO_DATE"
          },
          {
            "path": ":buildSrc:checkstyleMain",
            "outcome": "FROM_CACHE"
          },
          {
            "path": ":buildSrc:checkstyleTest",
            "outcome": "FROM_CACHE"
          },
          {
            "path": ":buildSrc:classes",
            "outcome": "EXECUTED"
          },
          {
            "path": ":buildSrc:compileGroovy",
            "outcome": "NO_SOURCE"
          },
          {
            "path": ":buildSrc:compileJava",
            "outcome": "FROM_CACHE"
          },
          {
            "path": ":buildSrc:compileTestGroovy",
            "outcome": "NO_SOURCE"
          },
          {
            "path": ":buildSrc:compileTestJava",
            "outcome": "FROM_CACHE"
          },
          {
            "path": ":buildSrc:jar",
            "outcome": "EXECUTED"
          },
          {
            "path": ":buildSrc:pluginDescriptors",
            "outcome": "EXECUTED"
          },
          {
            "path": ":buildSrc:pluginUnderTestMetadata",
            "outcome": "EXECUTED"
          },
          {
            "path": ":buildSrc:processResources",
            "outcome": "EXECUTED"
          },
          {
            "path": ":buildSrc:processTestResources",
            "outcome": "NO_SOURCE"
          },
          {
            "path": ":buildSrc:test",
            "outcome": "FROM_CACHE"
          },
          {
            "path": ":buildSrc:testClasses",
            "outcome": "UP_TO_DATE"
          },
          {
            "path": ":buildSrc:validatePlugins",
            "outcome": "FROM_CACHE"
          },
          {
            "path": ":classes",
            "outcome": "UP_TO_DATE"
          },
          {
            "path": ":compileJava",
            "outcome": "NO_SOURCE"
          },
          {
            "path": ":compileTestFixturesJava",
            "outcome": "NO_SOURCE"
          },
          {
            "path": ":compileTestJava",
            "outcome": "NO_SOURCE"
          },
          {
            "path": ":framework-docs:checkKotlinGradlePluginConfigurationErrors",
            "outcome": "SKIPPED"
          },
          {
            "path": ":framework-docs:classes",
            "outcome": "EXECUTED"
          },
          {
            "path": ":framework-docs:compileJava",
            "outcome": "FROM_CACHE"
          },
          {
            "path": ":framework-docs:compileKotlin",
            "outcome": "FROM_CACHE"
          },
          {
            "path": ":framework-docs:compileTestJava",
            "outcome": "NO_SOURCE"
          },
          {
            "path": ":framework-docs:compileTestKotlin",
            "outcome": "NO_SOURCE"
          },
          {
            "path": ":framework-docs:jar",
            "outcome": "SKIPPED"
          },
          {
            "path": ":framework-docs:processResources",
            "outcome": "EXECUTED"
          },
          {
            "path": ":framework-docs:processTestResources",
            "outcome": "NO_SOURCE"
          },
          {
            "path": ":framework-docs:testClasses",
            "outcome": "UP_TO_DATE"
          },
          {
            "path": ":integration-tests:checkKotlinGradlePluginConfigurationErrors",
            "outcome": "SKIPPED"
          },
          {
            "path": ":integration-tests:classes",
            "outcome": "UP_TO_DATE"
          },
          {
            "path": ":integration-tests:compileJava",
            "outcome": "NO_SOURCE"
          },
          {
            "path": ":integration-tests:compileKotlin",
            "outcome": "NO_SOURCE"
          },
          {
            "path": ":integration-tests:compileTestFixturesJava",
            "outcome": "NO_SOURCE"
          },
          {
            "path": ":integration-tests:compileTestFixturesKotlin",
            "outcome": "NO_SOURCE"
          },
          {
            "path": ":integration-tests:compileTestJava",
            "outcome": "FROM_CACHE"
          },
          {
            "path": ":integration-tests:compileTestKotlin",
            "outcome": "FROM_CACHE"
          },
          {
            "path": ":integration-tests:jar",
            "outcome": "EXECUTED"
          },
          {
            "path": ":integration-tests:processResources",
            "outcome": "NO_SOURCE"
          },
          {
            "path": ":integration-tests:processTestFixturesResources",
            "outcome": "NO_SOURCE"
          },
          {
            "path": ":integration-tests:processTestResources",
            "outcome": "EXECUTED"
          },
          {
            "path": ":integration-tests:testClasses",
            "outcome": "EXECUTED"
          },
          {
            "path": ":integration-tests:testFixturesClasses",
            "outcome": "UP_TO_DATE"
          },
          {
            "path": ":integration-tests:testFixturesJar",
            "outcome": "EXECUTED"
          },
          {
            "path": ":jar",
            "outcome": "EXECUTED"
          },
          {
            "path": ":processResources",
            "outcome": "NO_SOURCE"
          },
          {
            "path": ":processTestResources",
            "outcome": "NO_SOURCE"
          },
          {
            "path": ":spring-aop:checkKotlinGradlePluginConfigurationErrors",
            "outcome": "SKIPPED"
          },
          {
            "path": ":spring-aop:classes",
            "outcome": "EXECUTED"
          },
          {
            "path": ":spring-aop:compileJava",
            "outcome": "FROM_CACHE"
          },
          {
            "path": ":spring-aop:compileKotlin",
            "outcome": "NO_SOURCE"
          },
          {
            "path": ":spring-aop:compileTestFixturesJava",
            "outcome": "FROM_CACHE"
          },
          {
            "path": ":spring-aop:compileTestFixturesKotlin",
            "outcome": "NO_SOURCE"
          },
          {
            "path": ":spring-aop:compileTestJava",
            "outcome": "FROM_CACHE"
          },
          {
            "path": ":spring-aop:compileTestKotlin",
            "outcome": "FROM_CACHE"
          },
          {
            "path": ":spring-aop:jar",
            "outcome": "EXECUTED"
          },
          {
            "path": ":spring-aop:processResources",
            "outcome": "EXECUTED"
          },
          {
            "path": ":spring-aop:processTestFixturesResources",
            "outcome": "NO_SOURCE"
          },
          {
            "path": ":spring-aop:processTestResources",
            "outcome": "EXECUTED"
          },
          {
            "path": ":spring-aop:testClasses",
            "outcome": "EXECUTED"
          },
          {
            "path": ":spring-aop:testFixturesClasses",
            "outcome": "UP_TO_DATE"
          },
          {
            "path": ":spring-aop:testFixturesJar",
            "outcome": "EXECUTED"
          },
          {
            "path": ":spring-aspects:classes",
            "outcome": "EXECUTED"
          },
          {
            "path": ":spring-aspects:compileAspectj",
            "outcome": "FROM_CACHE"
          },
          {
            "path": ":spring-aspects:compileJava",
            "outcome": "SKIPPED"
          },
          {
            "path": ":spring-aspects:compileTestAspectj",
            "outcome": "FROM_CACHE"
          },
          {
            "path": ":spring-aspects:compileTestFixturesAspectj",
            "outcome": "NO_SOURCE"
          },
          {
            "path": ":spring-aspects:compileTestFixturesJava",
            "outcome": "SKIPPED"
          },
          {
            "path": ":spring-aspects:compileTestJava",
            "outcome": "SKIPPED"
          },
          {
            "path": ":spring-aspects:processResources",
            "outcome": "EXECUTED"
          },
          {
            "path": ":spring-aspects:processTestResources",
            "outcome": "EXECUTED"
          },
          {
            "path": ":spring-aspects:testClasses",
            "outcome": "EXECUTED"
          },
          {
            "path": ":spring-beans:checkKotlinGradlePluginConfigurationErrors",
            "outcome": "SKIPPED"
          },
          {
            "path": ":spring-beans:classes",
            "outcome": "EXECUTED"
          },
          {
            "path": ":spring-beans:compileJava",
            "outcome": "FROM_CACHE"
          },
          {
            "path": ":spring-beans:compileKotlin",
            "outcome": "FROM_CACHE"
          },
          {
            "path": ":spring-beans:compileTestFixturesJava",
            "outcome": "FROM_CACHE"
          },
          {
            "path": ":spring-beans:compileTestFixturesKotlin",
            "outcome": "FROM_CACHE"
          },
          {
            "path": ":spring-beans:compileTestJava",
            "outcome": "FROM_CACHE"
          },
          {
            "path": ":spring-beans:compileTestKotlin",
            "outcome": "FROM_CACHE"
          },
          {
            "path": ":spring-beans:jar",
            "outcome": "EXECUTED"
          },
          {
            "path": ":spring-beans:processResources",
            "outcome": "EXECUTED"
          },
          {
            "path": ":spring-beans:processTestFixturesResources",
            "outcome": "EXECUTED"
          },
          {
            "path": ":spring-beans:processTestResources",
            "outcome": "EXECUTED"
          },
          {
            "path": ":spring-beans:testClasses",
            "outcome": "EXECUTED"
          },
          {
            "path": ":spring-beans:testFixturesClasses",
            "outcome": "EXECUTED"
          },
          {
            "path": ":spring-beans:testFixturesJar",
            "outcome": "EXECUTED"
          },
          {
            "path": ":spring-context-indexer:compileJava",
            "outcome": "FROM_CACHE"
          },
          {
            "path": ":spring-context-indexer:compileTestFixturesJava",
            "outcome": "NO_SOURCE"
          },
          {
            "path": ":spring-context-indexer:compileTestJava",
            "outcome": "FROM_CACHE"
          },
          {
            "path": ":spring-context-indexer:processTestResources",
            "outcome": "NO_SOURCE"
          },
          {
            "path": ":spring-context-indexer:testClasses",
            "outcome": "UP_TO_DATE"
          },
          {
            "path": ":spring-context-support:compileJava",
            "outcome": "FROM_CACHE"
          },
          {
            "path": ":spring-context-support:compileTestFixturesJava",
            "outcome": "FROM_CACHE"
          },
          {
            "path": ":spring-context-support:compileTestJava",
            "outcome": "FROM_CACHE"
          },
          {
            "path": ":spring-context-support:processTestResources",
            "outcome": "EXECUTED"
          },
          {
            "path": ":spring-context-support:testClasses",
            "outcome": "EXECUTED"
          },
          {
            "path": ":spring-context:checkKotlinGradlePluginConfigurationErrors",
            "outcome": "SKIPPED"
          },
          {
            "path": ":spring-context:classes",
            "outcome": "EXECUTED"
          },
          {
            "path": ":spring-context:compileJava",
            "outcome": "FROM_CACHE"
          },
          {
            "path": ":spring-context:compileKotlin",
            "outcome": "FROM_CACHE"
          },
          {
            "path": ":spring-context:compileTestFixturesJava",
            "outcome": "FROM_CACHE"
          },
          {
            "path": ":spring-context:compileTestFixturesKotlin",
            "outcome": "NO_SOURCE"
          },
          {
            "path": ":spring-context:compileTestJava",
            "outcome": "FROM_CACHE"
          },
          {
            "path": ":spring-context:compileTestKotlin",
            "outcome": "FROM_CACHE"
          },
          {
            "path": ":spring-context:jar",
            "outcome": "EXECUTED"
          },
          {
            "path": ":spring-context:processResources",
            "outcome": "EXECUTED"
          },
          {
            "path": ":spring-context:processTestFixturesResources",
            "outcome": "NO_SOURCE"
          },
          {
            "path": ":spring-context:processTestResources",
            "outcome": "EXECUTED"
          },
          {
            "path": ":spring-context:testClasses",
            "outcome": "EXECUTED"
          },
          {
            "path": ":spring-context:testFixturesClasses",
            "outcome": "UP_TO_DATE"
          },
          {
            "path": ":spring-context:testFixturesJar",
            "outcome": "EXECUTED"
          },
          {
            "path": ":spring-core-test:compileJava",
            "outcome": "FROM_CACHE"
          },
          {
            "path": ":spring-core-test:compileTestFixturesJava",
            "outcome": "NO_SOURCE"
          },
          {
            "path": ":spring-core-test:compileTestJava",
            "outcome": "FROM_CACHE"
          },
          {
            "path": ":spring-core-test:processTestResources",
            "outcome": "EXECUTED"
          },
          {
            "path": ":spring-core-test:testClasses",
            "outcome": "EXECUTED"
          },
          {
            "path": ":spring-core:checkKotlinGradlePluginConfigurationErrors",
            "outcome": "SKIPPED"
          },
          {
            "path": ":spring-core:classes",
            "outcome": "EXECUTED"
          },
          {
            "path": ":spring-core:compileJava",
            "outcome": "FROM_CACHE"
          },
          {
            "path": ":spring-core:compileJava21Java",
            "outcome": "FROM_CACHE"
          },
          {
            "path": ":spring-core:compileJava21Kotlin",
            "outcome": "NO_SOURCE"
          },
          {
            "path": ":spring-core:compileJava24Java",
            "outcome": "FROM_CACHE"
          },
          {
            "path": ":spring-core:compileJava24Kotlin",
            "outcome": "NO_SOURCE"
          },
          {
            "path": ":spring-core:compileKotlin",
            "outcome": "FROM_CACHE"
          },
          {
            "path": ":spring-core:compileTestFixturesJava",
            "outcome": "FROM_CACHE"
          },
          {
            "path": ":spring-core:compileTestFixturesKotlin",
            "outcome": "NO_SOURCE"
          },
          {
            "path": ":spring-core:compileTestJava",
            "outcome": "FROM_CACHE"
          },
          {
            "path": ":spring-core:compileTestKotlin",
            "outcome": "FROM_CACHE"
          },
          {
            "path": ":spring-core:jar",
            "outcome": "EXECUTED"
          },
          {
            "path": ":spring-core:java21Classes",
            "outcome": "UP_TO_DATE"
          },
          {
            "path": ":spring-core:java24Classes",
            "outcome": "UP_TO_DATE"
          },
          {
            "path": ":spring-core:javapoetRepackJar",
            "outcome": "FROM_CACHE"
          },
          {
            "path": ":spring-core:objenesisRepackJar",
            "outcome": "FROM_CACHE"
          },
          {
            "path": ":spring-core:processJava21Resources",
            "outcome": "NO_SOURCE"
          },
          {
            "path": ":spring-core:processJava24Resources",
            "outcome": "NO_SOURCE"
          },
          {
            "path": ":spring-core:processResources",
            "outcome": "EXECUTED"
          },
          {
            "path": ":spring-core:processTestFixturesResources",
            "outcome": "NO_SOURCE"
          },
          {
            "path": ":spring-core:processTestResources",
            "outcome": "EXECUTED"
          },
          {
            "path": ":spring-core:testClasses",
            "outcome": "EXECUTED"
          },
          {
            "path": ":spring-core:testFixturesClasses",
            "outcome": "UP_TO_DATE"
          },
          {
            "path": ":spring-core:testFixturesJar",
            "outcome": "EXECUTED"
          },
          {
            "path": ":spring-expression:checkKotlinGradlePluginConfigurationErrors",
            "outcome": "SKIPPED"
          },
          {
            "path": ":spring-expression:classes",
            "outcome": "UP_TO_DATE"
          },
          {
            "path": ":spring-expression:compileJava",
            "outcome": "FROM_CACHE"
          },
          {
            "path": ":spring-expression:compileKotlin",
            "outcome": "NO_SOURCE"
          },
          {
            "path": ":spring-expression:compileTestFixturesJava",
            "outcome": "NO_SOURCE"
          },
          {
            "path": ":spring-expression:compileTestFixturesKotlin",
            "outcome": "NO_SOURCE"
          },
          {
            "path": ":spring-expression:compileTestJava",
            "outcome": "FROM_CACHE"
          },
          {
            "path": ":spring-expression:compileTestKotlin",
            "outcome": "FROM_CACHE"
          },
          {
            "path": ":spring-expression:jar",
            "outcome": "EXECUTED"
          },
          {
            "path": ":spring-expression:processResources",
            "outcome": "NO_SOURCE"
          },
          {
            "path": ":spring-expression:processTestFixturesResources",
            "outcome": "NO_SOURCE"
          },
          {
            "path": ":spring-expression:processTestResources",
            "outcome": "EXECUTED"
          },
          {
            "path": ":spring-expression:testClasses",
            "outcome": "EXECUTED"
          },
          {
            "path": ":spring-expression:testFixturesClasses",
            "outcome": "UP_TO_DATE"
          },
          {
            "path": ":spring-expression:testFixturesJar",
            "outcome": "EXECUTED"
          },
          {
            "path": ":spring-instrument:compileJava",
            "outcome": "FROM_CACHE"
          },
          {
            "path": ":spring-instrument:compileTestFixturesJava",
            "outcome": "NO_SOURCE"
          },
          {
            "path": ":spring-instrument:compileTestJava",
            "outcome": "NO_SOURCE"
          },
          {
            "path": ":spring-instrument:processTestResources",
            "outcome": "NO_SOURCE"
          },
          {
            "path": ":spring-instrument:testClasses",
            "outcome": "UP_TO_DATE"
          },
          {
            "path": ":spring-jdbc:checkKotlinGradlePluginConfigurationErrors",
            "outcome": "SKIPPED"
          },
          {
            "path": ":spring-jdbc:classes",
            "outcome": "EXECUTED"
          },
          {
            "path": ":spring-jdbc:compileJava",
            "outcome": "FROM_CACHE"
          },
          {
            "path": ":spring-jdbc:compileKotlin",
            "outcome": "FROM_CACHE"
          },
          {
            "path": ":spring-jdbc:compileTestFixturesJava",
            "outcome": "NO_SOURCE"
          },
          {
            "path": ":spring-jdbc:compileTestFixturesKotlin",
            "outcome": "NO_SOURCE"
          },
          {
            "path": ":spring-jdbc:compileTestJava",
            "outcome": "FROM_CACHE"
          },
          {
            "path": ":spring-jdbc:compileTestKotlin",
            "outcome": "FROM_CACHE"
          },
          {
            "path": ":spring-jdbc:jar",
            "outcome": "EXECUTED"
          },
          {
            "path": ":spring-jdbc:processResources",
            "outcome": "EXECUTED"
          },
          {
            "path": ":spring-jdbc:processTestFixturesResources",
            "outcome": "NO_SOURCE"
          },
          {
            "path": ":spring-jdbc:processTestResources",
            "outcome": "EXECUTED"
          },
          {
            "path": ":spring-jdbc:testClasses",
            "outcome": "EXECUTED"
          },
          {
            "path": ":spring-jdbc:testFixturesClasses",
            "outcome": "UP_TO_DATE"
          },
          {
            "path": ":spring-jdbc:testFixturesJar",
            "outcome": "EXECUTED"
          },
          {
            "path": ":spring-jms:compileJava",
            "outcome": "EXECUTED"
          },
          {
            "path": ":spring-jms:compileTestFixturesJava",
            "outcome": "NO_SOURCE"
          },
          {
            "path": ":spring-jms:compileTestJava",
            "outcome": "FROM_CACHE"
          },
          {
            "path": ":spring-jms:processTestResources",
            "outcome": "EXECUTED"
          },
          {
            "path": ":spring-jms:testClasses",
            "outcome": "EXECUTED"
          },
          {
            "path": ":spring-messaging:checkKotlinGradlePluginConfigurationErrors",
            "outcome": "SKIPPED"
          },
          {
            "path": ":spring-messaging:classes",
            "outcome": "EXECUTED"
          },
          {
            "path": ":spring-messaging:compileJava",
            "outcome": "FROM_CACHE"
          },
          {
            "path": ":spring-messaging:compileKotlin",
            "outcome": "FROM_CACHE"
          },
          {
            "path": ":spring-messaging:compileTestFixturesJava",
            "outcome": "NO_SOURCE"
          },
          {
            "path": ":spring-messaging:compileTestFixturesKotlin",
            "outcome": "NO_SOURCE"
          },
          {
            "path": ":spring-messaging:compileTestJava",
            "outcome": "FROM_CACHE"
          },
          {
            "path": ":spring-messaging:compileTestKotlin",
            "outcome": "FROM_CACHE"
          },
          {
            "path": ":spring-messaging:jar",
            "outcome": "EXECUTED"
          },
          {
            "path": ":spring-messaging:processResources",
            "outcome": "EXECUTED"
          },
          {
            "path": ":spring-messaging:processTestFixturesResources",
            "outcome": "NO_SOURCE"
          },
          {
            "path": ":spring-messaging:processTestResources",
            "outcome": "EXECUTED"
          },
          {
            "path": ":spring-messaging:testClasses",
            "outcome": "EXECUTED"
          },
          {
            "path": ":spring-messaging:testFixturesClasses",
            "outcome": "UP_TO_DATE"
          },
          {
            "path": ":spring-messaging:testFixturesJar",
            "outcome": "EXECUTED"
          },
          {
            "path": ":spring-orm:compileJava",
            "outcome": "FROM_CACHE"
          },
          {
            "path": ":spring-orm:compileTestFixturesJava",
            "outcome": "NO_SOURCE"
          },
          {
            "path": ":spring-orm:compileTestJava",
            "outcome": "FROM_CACHE"
          },
          {
            "path": ":spring-orm:processTestResources",
            "outcome": "EXECUTED"
          },
          {
            "path": ":spring-orm:testClasses",
            "outcome": "EXECUTED"
          },
          {
            "path": ":spring-oxm:compileJava",
            "outcome": "FROM_CACHE"
          },
          {
            "path": ":spring-oxm:compileTestFixturesJava",
            "outcome": "NO_SOURCE"
          },
          {
            "path": ":spring-oxm:compileTestJava",
            "outcome": "FROM_CACHE"
          },
          {
            "path": ":spring-oxm:processTestResources",
            "outcome": "EXECUTED"
          },
          {
            "path": ":spring-oxm:testClasses",
            "outcome": "EXECUTED"
          },
          {
            "path": ":spring-oxm:xjc",
            "outcome": "FROM_CACHE"
          },
          {
            "path": ":spring-r2dbc:checkKotlinGradlePluginConfigurationErrors",
            "outcome": "SKIPPED"
          },
          {
            "path": ":spring-r2dbc:classes",
            "outcome": "EXECUTED"
          },
          {
            "path": ":spring-r2dbc:compileJava",
            "outcome": "FROM_CACHE"
          },
          {
            "path": ":spring-r2dbc:compileKotlin",
            "outcome": "FROM_CACHE"
          },
          {
            "path": ":spring-r2dbc:compileTestFixturesJava",
            "outcome": "NO_SOURCE"
          },
          {
            "path": ":spring-r2dbc:compileTestFixturesKotlin",
            "outcome": "NO_SOURCE"
          },
          {
            "path": ":spring-r2dbc:compileTestJava",
            "outcome": "FROM_CACHE"
          },
          {
            "path": ":spring-r2dbc:compileTestKotlin",
            "outcome": "FROM_CACHE"
          },
          {
            "path": ":spring-r2dbc:jar",
            "outcome": "EXECUTED"
          },
          {
            "path": ":spring-r2dbc:processResources",
            "outcome": "EXECUTED"
          },
          {
            "path": ":spring-r2dbc:processTestFixturesResources",
            "outcome": "NO_SOURCE"
          },
          {
            "path": ":spring-r2dbc:processTestResources",
            "outcome": "EXECUTED"
          },
          {
            "path": ":spring-r2dbc:testClasses",
            "outcome": "EXECUTED"
          },
          {
            "path": ":spring-r2dbc:testFixturesClasses",
            "outcome": "UP_TO_DATE"
          },
          {
            "path": ":spring-r2dbc:testFixturesJar",
            "outcome": "EXECUTED"
          },
          {
            "path": ":spring-test:checkKotlinGradlePluginConfigurationErrors",
            "outcome": "SKIPPED"
          },
          {
            "path": ":spring-test:classes",
            "outcome": "EXECUTED"
          },
          {
            "path": ":spring-test:compileJava",
            "outcome": "FROM_CACHE"
          },
          {
            "path": ":spring-test:compileKotlin",
            "outcome": "FROM_CACHE"
          },
          {
            "path": ":spring-test:compileTestFixturesJava",
            "outcome": "NO_SOURCE"
          },
          {
            "path": ":spring-test:compileTestFixturesKotlin",
            "outcome": "NO_SOURCE"
          },
          {
            "path": ":spring-test:compileTestJava",
            "outcome": "FROM_CACHE"
          },
          {
            "path": ":spring-test:compileTestKotlin",
            "outcome": "FROM_CACHE"
          },
          {
            "path": ":spring-test:jar",
            "outcome": "EXECUTED"
          },
          {
            "path": ":spring-test:processResources",
            "outcome": "EXECUTED"
          },
          {
            "path": ":spring-test:processTestFixturesResources",
            "outcome": "NO_SOURCE"
          },
          {
            "path": ":spring-test:processTestResources",
            "outcome": "EXECUTED"
          },
          {
            "path": ":spring-test:testClasses",
            "outcome": "EXECUTED"
          },
          {
            "path": ":spring-test:testFixturesClasses",
            "outcome": "UP_TO_DATE"
          },
          {
            "path": ":spring-test:testFixturesJar",
            "outcome": "EXECUTED"
          },
          {
            "path": ":spring-tx:checkKotlinGradlePluginConfigurationErrors",
            "outcome": "SKIPPED"
          },
          {
            "path": ":spring-tx:classes",
            "outcome": "EXECUTED"
          },
          {
            "path": ":spring-tx:compileJava",
            "outcome": "FROM_CACHE"
          },
          {
            "path": ":spring-tx:compileKotlin",
            "outcome": "FROM_CACHE"
          },
          {
            "path": ":spring-tx:compileTestFixturesJava",
            "outcome": "FROM_CACHE"
          },
          {
            "path": ":spring-tx:compileTestFixturesKotlin",
            "outcome": "NO_SOURCE"
          },
          {
            "path": ":spring-tx:compileTestJava",
            "outcome": "FROM_CACHE"
          },
          {
            "path": ":spring-tx:compileTestKotlin",
            "outcome": "FROM_CACHE"
          },
          {
            "path": ":spring-tx:jar",
            "outcome": "EXECUTED"
          },
          {
            "path": ":spring-tx:processResources",
            "outcome": "EXECUTED"
          },
          {
            "path": ":spring-tx:processTestFixturesResources",
            "outcome": "NO_SOURCE"
          },
          {
            "path": ":spring-tx:processTestResources",
            "outcome": "EXECUTED"
          },
          {
            "path": ":spring-tx:testClasses",
            "outcome": "EXECUTED"
          },
          {
            "path": ":spring-tx:testFixturesClasses",
            "outcome": "UP_TO_DATE"
          },
          {
            "path": ":spring-tx:testFixturesJar",
            "outcome": "EXECUTED"
          },
          {
            "path": ":spring-web:checkKotlinGradlePluginConfigurationErrors",
            "outcome": "SKIPPED"
          },
          {
            "path": ":spring-web:classes",
            "outcome": "EXECUTED"
          },
          {
            "path": ":spring-web:compileJava",
            "outcome": "FROM_CACHE"
          },
          {
            "path": ":spring-web:compileKotlin",
            "outcome": "FROM_CACHE"
          },
          {
            "path": ":spring-web:compileTestFixturesJava",
            "outcome": "FROM_CACHE"
          },
          {
            "path": ":spring-web:compileTestFixturesKotlin",
            "outcome": "NO_SOURCE"
          },
          {
            "path": ":spring-web:compileTestJava",
            "outcome": "FROM_CACHE"
          },
          {
            "path": ":spring-web:compileTestKotlin",
            "outcome": "FROM_CACHE"
          },
          {
            "path": ":spring-web:jar",
            "outcome": "EXECUTED"
          },
          {
            "path": ":spring-web:processResources",
            "outcome": "EXECUTED"
          },
          {
            "path": ":spring-web:processTestFixturesResources",
            "outcome": "EXECUTED"
          },
          {
            "path": ":spring-web:processTestResources",
            "outcome": "EXECUTED"
          },
          {
            "path": ":spring-web:testClasses",
            "outcome": "EXECUTED"
          },
          {
            "path": ":spring-web:testFixturesClasses",
            "outcome": "EXECUTED"
          },
          {
            "path": ":spring-web:testFixturesJar",
            "outcome": "EXECUTED"
          },
          {
            "path": ":spring-webflux:checkKotlinGradlePluginConfigurationErrors",
            "outcome": "SKIPPED"
          },
          {
            "path": ":spring-webflux:classes",
            "outcome": "EXECUTED"
          },
          {
            "path": ":spring-webflux:compileJava",
            "outcome": "FROM_CACHE"
          },
          {
            "path": ":spring-webflux:compileKotlin",
            "outcome": "FROM_CACHE"
          },
          {
            "path": ":spring-webflux:compileTestFixturesJava",
            "outcome": "NO_SOURCE"
          },
          {
            "path": ":spring-webflux:compileTestFixturesKotlin",
            "outcome": "NO_SOURCE"
          },
          {
            "path": ":spring-webflux:compileTestJava",
            "outcome": "FROM_CACHE"
          },
          {
            "path": ":spring-webflux:compileTestKotlin",
            "outcome": "FROM_CACHE"
          },
          {
            "path": ":spring-webflux:jar",
            "outcome": "EXECUTED"
          },
          {
            "path": ":spring-webflux:processResources",
            "outcome": "EXECUTED"
          },
          {
            "path": ":spring-webflux:processTestFixturesResources",
            "outcome": "NO_SOURCE"
          },
          {
            "path": ":spring-webflux:processTestResources",
            "outcome": "EXECUTED"
          },
          {
            "path": ":spring-webflux:testClasses",
            "outcome": "EXECUTED"
          },
          {
            "path": ":spring-webflux:testFixturesClasses",
            "outcome": "UP_TO_DATE"
          },
          {
            "path": ":spring-webflux:testFixturesJar",
            "outcome": "EXECUTED"
          },
          {
            "path": ":spring-webmvc:checkKotlinGradlePluginConfigurationErrors",
            "outcome": "SKIPPED"
          },
          {
            "path": ":spring-webmvc:classes",
            "outcome": "EXECUTED"
          },
          {
            "path": ":spring-webmvc:compileJava",
            "outcome": "FROM_CACHE"
          },
          {
            "path": ":spring-webmvc:compileKotlin",
            "outcome": "FROM_CACHE"
          },
          {
            "path": ":spring-webmvc:compileTestFixturesJava",
            "outcome": "NO_SOURCE"
          },
          {
            "path": ":spring-webmvc:compileTestFixturesKotlin",
            "outcome": "NO_SOURCE"
          },
          {
            "path": ":spring-webmvc:compileTestJava",
            "outcome": "FROM_CACHE"
          },
          {
            "path": ":spring-webmvc:compileTestKotlin",
            "outcome": "FROM_CACHE"
          },
          {
            "path": ":spring-webmvc:jar",
            "outcome": "EXECUTED"
          },
          {
            "path": ":spring-webmvc:processResources",
            "outcome": "EXECUTED"
          },
          {
            "path": ":spring-webmvc:processTestFixturesResources",
            "outcome": "NO_SOURCE"
          },
          {
            "path": ":spring-webmvc:processTestResources",
            "outcome": "EXECUTED"
          },
          {
            "path": ":spring-webmvc:testClasses",
            "outcome": "EXECUTED"
          },
          {
            "path": ":spring-webmvc:testFixturesClasses",
            "outcome": "UP_TO_DATE"
          },
          {
            "path": ":spring-webmvc:testFixturesJar",
            "outcome": "EXECUTED"
          },
          {
            "path": ":spring-websocket:compileJava",
            "outcome": "FROM_CACHE"
          },
          {
            "path": ":spring-websocket:compileTestFixturesJava",
            "outcome": "NO_SOURCE"
          },
          {
            "path": ":spring-websocket:compileTestJava",
            "outcome": "FROM_CACHE"
          },
          {
            "path": ":spring-websocket:processTestResources",
            "outcome": "EXECUTED"
          },
          {
            "path": ":spring-websocket:testClasses",
            "outcome": "EXECUTED"
          },
          {
            "path": ":testClasses",
            "outcome": "UP_TO_DATE"
          }
        ]
      },
      "candidateTaskOutcomes": {
        "total": 56,
        "executed": 14,
        "fromCache": 26,
        "upToDate": 2,
        "noSource": 7,
        "skipped": 7,
        "fingerprintSha256": "af08640256e4ce968a02546a34fd5e7b170359e73fd1255332a0b813d6a2b3f6",
        "tasks": [
          {
            "path": ":buildSrc:check",
            "outcome": "UP_TO_DATE"
          },
          {
            "path": ":buildSrc:checkstyleMain",
            "outcome": "FROM_CACHE"
          },
          {
            "path": ":buildSrc:checkstyleTest",
            "outcome": "FROM_CACHE"
          },
          {
            "path": ":buildSrc:classes",
            "outcome": "EXECUTED"
          },
          {
            "path": ":buildSrc:compileGroovy",
            "outcome": "NO_SOURCE"
          },
          {
            "path": ":buildSrc:compileJava",
            "outcome": "FROM_CACHE"
          },
          {
            "path": ":buildSrc:compileTestGroovy",
            "outcome": "NO_SOURCE"
          },
          {
            "path": ":buildSrc:compileTestJava",
            "outcome": "FROM_CACHE"
          },
          {
            "path": ":buildSrc:jar",
            "outcome": "EXECUTED"
          },
          {
            "path": ":buildSrc:pluginDescriptors",
            "outcome": "EXECUTED"
          },
          {
            "path": ":buildSrc:pluginUnderTestMetadata",
            "outcome": "EXECUTED"
          },
          {
            "path": ":buildSrc:processResources",
            "outcome": "EXECUTED"
          },
          {
            "path": ":buildSrc:processTestResources",
            "outcome": "NO_SOURCE"
          },
          {
            "path": ":buildSrc:test",
            "outcome": "FROM_CACHE"
          },
          {
            "path": ":buildSrc:testClasses",
            "outcome": "UP_TO_DATE"
          },
          {
            "path": ":buildSrc:validatePlugins",
            "outcome": "FROM_CACHE"
          },
          {
            "path": ":spring-aop:checkKotlinGradlePluginConfigurationErrors",
            "outcome": "SKIPPED"
          },
          {
            "path": ":spring-aop:compileJava",
            "outcome": "FROM_CACHE"
          },
          {
            "path": ":spring-aop:compileKotlin",
            "outcome": "NO_SOURCE"
          },
          {
            "path": ":spring-beans:checkKotlinGradlePluginConfigurationErrors",
            "outcome": "SKIPPED"
          },
          {
            "path": ":spring-beans:classes",
            "outcome": "EXECUTED"
          },
          {
            "path": ":spring-beans:compileJava",
            "outcome": "FROM_CACHE"
          },
          {
            "path": ":spring-beans:compileKotlin",
            "outcome": "FROM_CACHE"
          },
          {
            "path": ":spring-beans:compileTestFixturesJava",
            "outcome": "FROM_CACHE"
          },
          {
            "path": ":spring-beans:compileTestFixturesKotlin",
            "outcome": "FROM_CACHE"
          },
          {
            "path": ":spring-beans:jar",
            "outcome": "EXECUTED"
          },
          {
            "path": ":spring-beans:processResources",
            "outcome": "EXECUTED"
          },
          {
            "path": ":spring-context:checkKotlinGradlePluginConfigurationErrors",
            "outcome": "SKIPPED"
          },
          {
            "path": ":spring-context:compileJava",
            "outcome": "FROM_CACHE"
          },
          {
            "path": ":spring-context:compileKotlin",
            "outcome": "FROM_CACHE"
          },
          {
            "path": ":spring-core:checkKotlinGradlePluginConfigurationErrors",
            "outcome": "SKIPPED"
          },
          {
            "path": ":spring-core:compileJava",
            "outcome": "FROM_CACHE"
          },
          {
            "path": ":spring-core:compileKotlin",
            "outcome": "FROM_CACHE"
          },
          {
            "path": ":spring-core:javapoetRepackJar",
            "outcome": "FROM_CACHE"
          },
          {
            "path": ":spring-core:objenesisRepackJar",
            "outcome": "FROM_CACHE"
          },
          {
            "path": ":spring-expression:checkKotlinGradlePluginConfigurationErrors",
            "outcome": "SKIPPED"
          },
          {
            "path": ":spring-expression:compileJava",
            "outcome": "FROM_CACHE"
          },
          {
            "path": ":spring-expression:compileKotlin",
            "outcome": "NO_SOURCE"
          },
          {
            "path": ":spring-instrument:compileJava",
            "outcome": "FROM_CACHE"
          },
          {
            "path": ":spring-jms:compileJava",
            "outcome": "EXECUTED"
          },
          {
            "path": ":spring-jms:compileTestFixturesJava",
            "outcome": "NO_SOURCE"
          },
          {
            "path": ":spring-jms:compileTestJava",
            "outcome": "FROM_CACHE"
          },
          {
            "path": ":spring-jms:processTestResources",
            "outcome": "EXECUTED"
          },
          {
            "path": ":spring-jms:testClasses",
            "outcome": "EXECUTED"
          },
          {
            "path": ":spring-messaging:checkKotlinGradlePluginConfigurationErrors",
            "outcome": "SKIPPED"
          },
          {
            "path": ":spring-messaging:compileJava",
            "outcome": "FROM_CACHE"
          },
          {
            "path": ":spring-messaging:compileKotlin",
            "outcome": "FROM_CACHE"
          },
          {
            "path": ":spring-oxm:compileJava",
            "outcome": "FROM_CACHE"
          },
          {
            "path": ":spring-tx:checkKotlinGradlePluginConfigurationErrors",
            "outcome": "SKIPPED"
          },
          {
            "path": ":spring-tx:classes",
            "outcome": "EXECUTED"
          },
          {
            "path": ":spring-tx:compileJava",
            "outcome": "FROM_CACHE"
          },
          {
            "path": ":spring-tx:compileKotlin",
            "outcome": "FROM_CACHE"
          },
          {
            "path": ":spring-tx:compileTestFixturesJava",
            "outcome": "FROM_CACHE"
          },
          {
            "path": ":spring-tx:compileTestFixturesKotlin",
            "outcome": "NO_SOURCE"
          },
          {
            "path": ":spring-tx:jar",
            "outcome": "EXECUTED"
          },
          {
            "path": ":spring-tx:processResources",
            "outcome": "EXECUTED"
          }
        ]
      },
      "controlHostPressure": {
        "available": true,
        "cpuSomeTotalUs": 110574,
        "memorySomeTotalUs": 170,
        "memoryFullTotalUs": 168,
        "ioSomeTotalUs": 8735619,
        "ioFullTotalUs": 6561954
      },
      "candidateHostPressure": {
        "available": true,
        "cpuSomeTotalUs": 27850,
        "memorySomeTotalUs": 1,
        "memoryFullTotalUs": 1,
        "ioSomeTotalUs": 8095677,
        "ioFullTotalUs": 7129410
      }
    },
    {
      "pair": 8,
      "order": "CANDIDATE_FIRST",
      "controlDurationMs": 12368,
      "candidateDurationMs": 10271,
      "savedMs": 2097,
      "controlRequiredOutputSha256": "c1de7856f3bfbec061af1a6a147e489da0bd960aca43bf326e51372c2ca5d629",
      "candidateRequiredOutputSha256": "c1de7856f3bfbec061af1a6a147e489da0bd960aca43bf326e51372c2ca5d629",
      "requiredOutputCount": 378,
      "productAttributableFailure": false,
      "controlLogSha256": "2bddadf1b885d437c1b7c1a0ae430885ded8c57be125f8c198da9c79df467d8c",
      "candidateLogSha256": "d91aef7e05da33f759131b587df625cdf9f085c833310e13383a3832aa9e265f",
      "controlTaskOutcomes": {
        "total": 305,
        "executed": 109,
        "fromCache": 89,
        "upToDate": 23,
        "noSource": 65,
        "skipped": 19,
        "fingerprintSha256": "85399d45cd2d3615162148545d5babb68fb708dbdd29a2e2991b8e65724ce6a7",
        "tasks": [
          {
            "path": ":buildSrc:check",
            "outcome": "UP_TO_DATE"
          },
          {
            "path": ":buildSrc:checkstyleMain",
            "outcome": "FROM_CACHE"
          },
          {
            "path": ":buildSrc:checkstyleTest",
            "outcome": "FROM_CACHE"
          },
          {
            "path": ":buildSrc:classes",
            "outcome": "EXECUTED"
          },
          {
            "path": ":buildSrc:compileGroovy",
            "outcome": "NO_SOURCE"
          },
          {
            "path": ":buildSrc:compileJava",
            "outcome": "FROM_CACHE"
          },
          {
            "path": ":buildSrc:compileTestGroovy",
            "outcome": "NO_SOURCE"
          },
          {
            "path": ":buildSrc:compileTestJava",
            "outcome": "FROM_CACHE"
          },
          {
            "path": ":buildSrc:jar",
            "outcome": "EXECUTED"
          },
          {
            "path": ":buildSrc:pluginDescriptors",
            "outcome": "EXECUTED"
          },
          {
            "path": ":buildSrc:pluginUnderTestMetadata",
            "outcome": "EXECUTED"
          },
          {
            "path": ":buildSrc:processResources",
            "outcome": "EXECUTED"
          },
          {
            "path": ":buildSrc:processTestResources",
            "outcome": "NO_SOURCE"
          },
          {
            "path": ":buildSrc:test",
            "outcome": "FROM_CACHE"
          },
          {
            "path": ":buildSrc:testClasses",
            "outcome": "UP_TO_DATE"
          },
          {
            "path": ":buildSrc:validatePlugins",
            "outcome": "FROM_CACHE"
          },
          {
            "path": ":classes",
            "outcome": "UP_TO_DATE"
          },
          {
            "path": ":compileJava",
            "outcome": "NO_SOURCE"
          },
          {
            "path": ":compileTestFixturesJava",
            "outcome": "NO_SOURCE"
          },
          {
            "path": ":compileTestJava",
            "outcome": "NO_SOURCE"
          },
          {
            "path": ":framework-docs:checkKotlinGradlePluginConfigurationErrors",
            "outcome": "SKIPPED"
          },
          {
            "path": ":framework-docs:classes",
            "outcome": "EXECUTED"
          },
          {
            "path": ":framework-docs:compileJava",
            "outcome": "FROM_CACHE"
          },
          {
            "path": ":framework-docs:compileKotlin",
            "outcome": "FROM_CACHE"
          },
          {
            "path": ":framework-docs:compileTestJava",
            "outcome": "NO_SOURCE"
          },
          {
            "path": ":framework-docs:compileTestKotlin",
            "outcome": "NO_SOURCE"
          },
          {
            "path": ":framework-docs:jar",
            "outcome": "SKIPPED"
          },
          {
            "path": ":framework-docs:processResources",
            "outcome": "EXECUTED"
          },
          {
            "path": ":framework-docs:processTestResources",
            "outcome": "NO_SOURCE"
          },
          {
            "path": ":framework-docs:testClasses",
            "outcome": "UP_TO_DATE"
          },
          {
            "path": ":integration-tests:checkKotlinGradlePluginConfigurationErrors",
            "outcome": "SKIPPED"
          },
          {
            "path": ":integration-tests:classes",
            "outcome": "UP_TO_DATE"
          },
          {
            "path": ":integration-tests:compileJava",
            "outcome": "NO_SOURCE"
          },
          {
            "path": ":integration-tests:compileKotlin",
            "outcome": "NO_SOURCE"
          },
          {
            "path": ":integration-tests:compileTestFixturesJava",
            "outcome": "NO_SOURCE"
          },
          {
            "path": ":integration-tests:compileTestFixturesKotlin",
            "outcome": "NO_SOURCE"
          },
          {
            "path": ":integration-tests:compileTestJava",
            "outcome": "FROM_CACHE"
          },
          {
            "path": ":integration-tests:compileTestKotlin",
            "outcome": "FROM_CACHE"
          },
          {
            "path": ":integration-tests:jar",
            "outcome": "EXECUTED"
          },
          {
            "path": ":integration-tests:processResources",
            "outcome": "NO_SOURCE"
          },
          {
            "path": ":integration-tests:processTestFixturesResources",
            "outcome": "NO_SOURCE"
          },
          {
            "path": ":integration-tests:processTestResources",
            "outcome": "EXECUTED"
          },
          {
            "path": ":integration-tests:testClasses",
            "outcome": "EXECUTED"
          },
          {
            "path": ":integration-tests:testFixturesClasses",
            "outcome": "UP_TO_DATE"
          },
          {
            "path": ":integration-tests:testFixturesJar",
            "outcome": "EXECUTED"
          },
          {
            "path": ":jar",
            "outcome": "EXECUTED"
          },
          {
            "path": ":processResources",
            "outcome": "NO_SOURCE"
          },
          {
            "path": ":processTestResources",
            "outcome": "NO_SOURCE"
          },
          {
            "path": ":spring-aop:checkKotlinGradlePluginConfigurationErrors",
            "outcome": "SKIPPED"
          },
          {
            "path": ":spring-aop:classes",
            "outcome": "EXECUTED"
          },
          {
            "path": ":spring-aop:compileJava",
            "outcome": "FROM_CACHE"
          },
          {
            "path": ":spring-aop:compileKotlin",
            "outcome": "NO_SOURCE"
          },
          {
            "path": ":spring-aop:compileTestFixturesJava",
            "outcome": "FROM_CACHE"
          },
          {
            "path": ":spring-aop:compileTestFixturesKotlin",
            "outcome": "NO_SOURCE"
          },
          {
            "path": ":spring-aop:compileTestJava",
            "outcome": "FROM_CACHE"
          },
          {
            "path": ":spring-aop:compileTestKotlin",
            "outcome": "FROM_CACHE"
          },
          {
            "path": ":spring-aop:jar",
            "outcome": "EXECUTED"
          },
          {
            "path": ":spring-aop:processResources",
            "outcome": "EXECUTED"
          },
          {
            "path": ":spring-aop:processTestFixturesResources",
            "outcome": "NO_SOURCE"
          },
          {
            "path": ":spring-aop:processTestResources",
            "outcome": "EXECUTED"
          },
          {
            "path": ":spring-aop:testClasses",
            "outcome": "EXECUTED"
          },
          {
            "path": ":spring-aop:testFixturesClasses",
            "outcome": "UP_TO_DATE"
          },
          {
            "path": ":spring-aop:testFixturesJar",
            "outcome": "EXECUTED"
          },
          {
            "path": ":spring-aspects:classes",
            "outcome": "EXECUTED"
          },
          {
            "path": ":spring-aspects:compileAspectj",
            "outcome": "FROM_CACHE"
          },
          {
            "path": ":spring-aspects:compileJava",
            "outcome": "SKIPPED"
          },
          {
            "path": ":spring-aspects:compileTestAspectj",
            "outcome": "FROM_CACHE"
          },
          {
            "path": ":spring-aspects:compileTestFixturesAspectj",
            "outcome": "NO_SOURCE"
          },
          {
            "path": ":spring-aspects:compileTestFixturesJava",
            "outcome": "SKIPPED"
          },
          {
            "path": ":spring-aspects:compileTestJava",
            "outcome": "SKIPPED"
          },
          {
            "path": ":spring-aspects:processResources",
            "outcome": "EXECUTED"
          },
          {
            "path": ":spring-aspects:processTestResources",
            "outcome": "EXECUTED"
          },
          {
            "path": ":spring-aspects:testClasses",
            "outcome": "EXECUTED"
          },
          {
            "path": ":spring-beans:checkKotlinGradlePluginConfigurationErrors",
            "outcome": "SKIPPED"
          },
          {
            "path": ":spring-beans:classes",
            "outcome": "EXECUTED"
          },
          {
            "path": ":spring-beans:compileJava",
            "outcome": "FROM_CACHE"
          },
          {
            "path": ":spring-beans:compileKotlin",
            "outcome": "FROM_CACHE"
          },
          {
            "path": ":spring-beans:compileTestFixturesJava",
            "outcome": "FROM_CACHE"
          },
          {
            "path": ":spring-beans:compileTestFixturesKotlin",
            "outcome": "FROM_CACHE"
          },
          {
            "path": ":spring-beans:compileTestJava",
            "outcome": "FROM_CACHE"
          },
          {
            "path": ":spring-beans:compileTestKotlin",
            "outcome": "FROM_CACHE"
          },
          {
            "path": ":spring-beans:jar",
            "outcome": "EXECUTED"
          },
          {
            "path": ":spring-beans:processResources",
            "outcome": "EXECUTED"
          },
          {
            "path": ":spring-beans:processTestFixturesResources",
            "outcome": "EXECUTED"
          },
          {
            "path": ":spring-beans:processTestResources",
            "outcome": "EXECUTED"
          },
          {
            "path": ":spring-beans:testClasses",
            "outcome": "EXECUTED"
          },
          {
            "path": ":spring-beans:testFixturesClasses",
            "outcome": "EXECUTED"
          },
          {
            "path": ":spring-beans:testFixturesJar",
            "outcome": "EXECUTED"
          },
          {
            "path": ":spring-context-indexer:compileJava",
            "outcome": "FROM_CACHE"
          },
          {
            "path": ":spring-context-indexer:compileTestFixturesJava",
            "outcome": "NO_SOURCE"
          },
          {
            "path": ":spring-context-indexer:compileTestJava",
            "outcome": "FROM_CACHE"
          },
          {
            "path": ":spring-context-indexer:processTestResources",
            "outcome": "NO_SOURCE"
          },
          {
            "path": ":spring-context-indexer:testClasses",
            "outcome": "UP_TO_DATE"
          },
          {
            "path": ":spring-context-support:compileJava",
            "outcome": "FROM_CACHE"
          },
          {
            "path": ":spring-context-support:compileTestFixturesJava",
            "outcome": "FROM_CACHE"
          },
          {
            "path": ":spring-context-support:compileTestJava",
            "outcome": "FROM_CACHE"
          },
          {
            "path": ":spring-context-support:processTestResources",
            "outcome": "EXECUTED"
          },
          {
            "path": ":spring-context-support:testClasses",
            "outcome": "EXECUTED"
          },
          {
            "path": ":spring-context:checkKotlinGradlePluginConfigurationErrors",
            "outcome": "SKIPPED"
          },
          {
            "path": ":spring-context:classes",
            "outcome": "EXECUTED"
          },
          {
            "path": ":spring-context:compileJava",
            "outcome": "FROM_CACHE"
          },
          {
            "path": ":spring-context:compileKotlin",
            "outcome": "FROM_CACHE"
          },
          {
            "path": ":spring-context:compileTestFixturesJava",
            "outcome": "FROM_CACHE"
          },
          {
            "path": ":spring-context:compileTestFixturesKotlin",
            "outcome": "NO_SOURCE"
          },
          {
            "path": ":spring-context:compileTestJava",
            "outcome": "FROM_CACHE"
          },
          {
            "path": ":spring-context:compileTestKotlin",
            "outcome": "FROM_CACHE"
          },
          {
            "path": ":spring-context:jar",
            "outcome": "EXECUTED"
          },
          {
            "path": ":spring-context:processResources",
            "outcome": "EXECUTED"
          },
          {
            "path": ":spring-context:processTestFixturesResources",
            "outcome": "NO_SOURCE"
          },
          {
            "path": ":spring-context:processTestResources",
            "outcome": "EXECUTED"
          },
          {
            "path": ":spring-context:testClasses",
            "outcome": "EXECUTED"
          },
          {
            "path": ":spring-context:testFixturesClasses",
            "outcome": "UP_TO_DATE"
          },
          {
            "path": ":spring-context:testFixturesJar",
            "outcome": "EXECUTED"
          },
          {
            "path": ":spring-core-test:compileJava",
            "outcome": "FROM_CACHE"
          },
          {
            "path": ":spring-core-test:compileTestFixturesJava",
            "outcome": "NO_SOURCE"
          },
          {
            "path": ":spring-core-test:compileTestJava",
            "outcome": "FROM_CACHE"
          },
          {
            "path": ":spring-core-test:processTestResources",
            "outcome": "EXECUTED"
          },
          {
            "path": ":spring-core-test:testClasses",
            "outcome": "EXECUTED"
          },
          {
            "path": ":spring-core:checkKotlinGradlePluginConfigurationErrors",
            "outcome": "SKIPPED"
          },
          {
            "path": ":spring-core:classes",
            "outcome": "EXECUTED"
          },
          {
            "path": ":spring-core:compileJava",
            "outcome": "FROM_CACHE"
          },
          {
            "path": ":spring-core:compileJava21Java",
            "outcome": "FROM_CACHE"
          },
          {
            "path": ":spring-core:compileJava21Kotlin",
            "outcome": "NO_SOURCE"
          },
          {
            "path": ":spring-core:compileJava24Java",
            "outcome": "FROM_CACHE"
          },
          {
            "path": ":spring-core:compileJava24Kotlin",
            "outcome": "NO_SOURCE"
          },
          {
            "path": ":spring-core:compileKotlin",
            "outcome": "FROM_CACHE"
          },
          {
            "path": ":spring-core:compileTestFixturesJava",
            "outcome": "FROM_CACHE"
          },
          {
            "path": ":spring-core:compileTestFixturesKotlin",
            "outcome": "NO_SOURCE"
          },
          {
            "path": ":spring-core:compileTestJava",
            "outcome": "FROM_CACHE"
          },
          {
            "path": ":spring-core:compileTestKotlin",
            "outcome": "FROM_CACHE"
          },
          {
            "path": ":spring-core:jar",
            "outcome": "EXECUTED"
          },
          {
            "path": ":spring-core:java21Classes",
            "outcome": "UP_TO_DATE"
          },
          {
            "path": ":spring-core:java24Classes",
            "outcome": "UP_TO_DATE"
          },
          {
            "path": ":spring-core:javapoetRepackJar",
            "outcome": "FROM_CACHE"
          },
          {
            "path": ":spring-core:objenesisRepackJar",
            "outcome": "FROM_CACHE"
          },
          {
            "path": ":spring-core:processJava21Resources",
            "outcome": "NO_SOURCE"
          },
          {
            "path": ":spring-core:processJava24Resources",
            "outcome": "NO_SOURCE"
          },
          {
            "path": ":spring-core:processResources",
            "outcome": "EXECUTED"
          },
          {
            "path": ":spring-core:processTestFixturesResources",
            "outcome": "NO_SOURCE"
          },
          {
            "path": ":spring-core:processTestResources",
            "outcome": "EXECUTED"
          },
          {
            "path": ":spring-core:testClasses",
            "outcome": "EXECUTED"
          },
          {
            "path": ":spring-core:testFixturesClasses",
            "outcome": "UP_TO_DATE"
          },
          {
            "path": ":spring-core:testFixturesJar",
            "outcome": "EXECUTED"
          },
          {
            "path": ":spring-expression:checkKotlinGradlePluginConfigurationErrors",
            "outcome": "SKIPPED"
          },
          {
            "path": ":spring-expression:classes",
            "outcome": "UP_TO_DATE"
          },
          {
            "path": ":spring-expression:compileJava",
            "outcome": "FROM_CACHE"
          },
          {
            "path": ":spring-expression:compileKotlin",
            "outcome": "NO_SOURCE"
          },
          {
            "path": ":spring-expression:compileTestFixturesJava",
            "outcome": "NO_SOURCE"
          },
          {
            "path": ":spring-expression:compileTestFixturesKotlin",
            "outcome": "NO_SOURCE"
          },
          {
            "path": ":spring-expression:compileTestJava",
            "outcome": "FROM_CACHE"
          },
          {
            "path": ":spring-expression:compileTestKotlin",
            "outcome": "FROM_CACHE"
          },
          {
            "path": ":spring-expression:jar",
            "outcome": "EXECUTED"
          },
          {
            "path": ":spring-expression:processResources",
            "outcome": "NO_SOURCE"
          },
          {
            "path": ":spring-expression:processTestFixturesResources",
            "outcome": "NO_SOURCE"
          },
          {
            "path": ":spring-expression:processTestResources",
            "outcome": "EXECUTED"
          },
          {
            "path": ":spring-expression:testClasses",
            "outcome": "EXECUTED"
          },
          {
            "path": ":spring-expression:testFixturesClasses",
            "outcome": "UP_TO_DATE"
          },
          {
            "path": ":spring-expression:testFixturesJar",
            "outcome": "EXECUTED"
          },
          {
            "path": ":spring-instrument:compileJava",
            "outcome": "FROM_CACHE"
          },
          {
            "path": ":spring-instrument:compileTestFixturesJava",
            "outcome": "NO_SOURCE"
          },
          {
            "path": ":spring-instrument:compileTestJava",
            "outcome": "NO_SOURCE"
          },
          {
            "path": ":spring-instrument:processTestResources",
            "outcome": "NO_SOURCE"
          },
          {
            "path": ":spring-instrument:testClasses",
            "outcome": "UP_TO_DATE"
          },
          {
            "path": ":spring-jdbc:checkKotlinGradlePluginConfigurationErrors",
            "outcome": "SKIPPED"
          },
          {
            "path": ":spring-jdbc:classes",
            "outcome": "EXECUTED"
          },
          {
            "path": ":spring-jdbc:compileJava",
            "outcome": "FROM_CACHE"
          },
          {
            "path": ":spring-jdbc:compileKotlin",
            "outcome": "FROM_CACHE"
          },
          {
            "path": ":spring-jdbc:compileTestFixturesJava",
            "outcome": "NO_SOURCE"
          },
          {
            "path": ":spring-jdbc:compileTestFixturesKotlin",
            "outcome": "NO_SOURCE"
          },
          {
            "path": ":spring-jdbc:compileTestJava",
            "outcome": "FROM_CACHE"
          },
          {
            "path": ":spring-jdbc:compileTestKotlin",
            "outcome": "FROM_CACHE"
          },
          {
            "path": ":spring-jdbc:jar",
            "outcome": "EXECUTED"
          },
          {
            "path": ":spring-jdbc:processResources",
            "outcome": "EXECUTED"
          },
          {
            "path": ":spring-jdbc:processTestFixturesResources",
            "outcome": "NO_SOURCE"
          },
          {
            "path": ":spring-jdbc:processTestResources",
            "outcome": "EXECUTED"
          },
          {
            "path": ":spring-jdbc:testClasses",
            "outcome": "EXECUTED"
          },
          {
            "path": ":spring-jdbc:testFixturesClasses",
            "outcome": "UP_TO_DATE"
          },
          {
            "path": ":spring-jdbc:testFixturesJar",
            "outcome": "EXECUTED"
          },
          {
            "path": ":spring-jms:compileJava",
            "outcome": "EXECUTED"
          },
          {
            "path": ":spring-jms:compileTestFixturesJava",
            "outcome": "NO_SOURCE"
          },
          {
            "path": ":spring-jms:compileTestJava",
            "outcome": "FROM_CACHE"
          },
          {
            "path": ":spring-jms:processTestResources",
            "outcome": "EXECUTED"
          },
          {
            "path": ":spring-jms:testClasses",
            "outcome": "EXECUTED"
          },
          {
            "path": ":spring-messaging:checkKotlinGradlePluginConfigurationErrors",
            "outcome": "SKIPPED"
          },
          {
            "path": ":spring-messaging:classes",
            "outcome": "EXECUTED"
          },
          {
            "path": ":spring-messaging:compileJava",
            "outcome": "FROM_CACHE"
          },
          {
            "path": ":spring-messaging:compileKotlin",
            "outcome": "FROM_CACHE"
          },
          {
            "path": ":spring-messaging:compileTestFixturesJava",
            "outcome": "NO_SOURCE"
          },
          {
            "path": ":spring-messaging:compileTestFixturesKotlin",
            "outcome": "NO_SOURCE"
          },
          {
            "path": ":spring-messaging:compileTestJava",
            "outcome": "FROM_CACHE"
          },
          {
            "path": ":spring-messaging:compileTestKotlin",
            "outcome": "FROM_CACHE"
          },
          {
            "path": ":spring-messaging:jar",
            "outcome": "EXECUTED"
          },
          {
            "path": ":spring-messaging:processResources",
            "outcome": "EXECUTED"
          },
          {
            "path": ":spring-messaging:processTestFixturesResources",
            "outcome": "NO_SOURCE"
          },
          {
            "path": ":spring-messaging:processTestResources",
            "outcome": "EXECUTED"
          },
          {
            "path": ":spring-messaging:testClasses",
            "outcome": "EXECUTED"
          },
          {
            "path": ":spring-messaging:testFixturesClasses",
            "outcome": "UP_TO_DATE"
          },
          {
            "path": ":spring-messaging:testFixturesJar",
            "outcome": "EXECUTED"
          },
          {
            "path": ":spring-orm:compileJava",
            "outcome": "FROM_CACHE"
          },
          {
            "path": ":spring-orm:compileTestFixturesJava",
            "outcome": "NO_SOURCE"
          },
          {
            "path": ":spring-orm:compileTestJava",
            "outcome": "FROM_CACHE"
          },
          {
            "path": ":spring-orm:processTestResources",
            "outcome": "EXECUTED"
          },
          {
            "path": ":spring-orm:testClasses",
            "outcome": "EXECUTED"
          },
          {
            "path": ":spring-oxm:compileJava",
            "outcome": "FROM_CACHE"
          },
          {
            "path": ":spring-oxm:compileTestFixturesJava",
            "outcome": "NO_SOURCE"
          },
          {
            "path": ":spring-oxm:compileTestJava",
            "outcome": "FROM_CACHE"
          },
          {
            "path": ":spring-oxm:processTestResources",
            "outcome": "EXECUTED"
          },
          {
            "path": ":spring-oxm:testClasses",
            "outcome": "EXECUTED"
          },
          {
            "path": ":spring-oxm:xjc",
            "outcome": "FROM_CACHE"
          },
          {
            "path": ":spring-r2dbc:checkKotlinGradlePluginConfigurationErrors",
            "outcome": "SKIPPED"
          },
          {
            "path": ":spring-r2dbc:classes",
            "outcome": "EXECUTED"
          },
          {
            "path": ":spring-r2dbc:compileJava",
            "outcome": "FROM_CACHE"
          },
          {
            "path": ":spring-r2dbc:compileKotlin",
            "outcome": "FROM_CACHE"
          },
          {
            "path": ":spring-r2dbc:compileTestFixturesJava",
            "outcome": "NO_SOURCE"
          },
          {
            "path": ":spring-r2dbc:compileTestFixturesKotlin",
            "outcome": "NO_SOURCE"
          },
          {
            "path": ":spring-r2dbc:compileTestJava",
            "outcome": "FROM_CACHE"
          },
          {
            "path": ":spring-r2dbc:compileTestKotlin",
            "outcome": "FROM_CACHE"
          },
          {
            "path": ":spring-r2dbc:jar",
            "outcome": "EXECUTED"
          },
          {
            "path": ":spring-r2dbc:processResources",
            "outcome": "EXECUTED"
          },
          {
            "path": ":spring-r2dbc:processTestFixturesResources",
            "outcome": "NO_SOURCE"
          },
          {
            "path": ":spring-r2dbc:processTestResources",
            "outcome": "EXECUTED"
          },
          {
            "path": ":spring-r2dbc:testClasses",
            "outcome": "EXECUTED"
          },
          {
            "path": ":spring-r2dbc:testFixturesClasses",
            "outcome": "UP_TO_DATE"
          },
          {
            "path": ":spring-r2dbc:testFixturesJar",
            "outcome": "EXECUTED"
          },
          {
            "path": ":spring-test:checkKotlinGradlePluginConfigurationErrors",
            "outcome": "SKIPPED"
          },
          {
            "path": ":spring-test:classes",
            "outcome": "EXECUTED"
          },
          {
            "path": ":spring-test:compileJava",
            "outcome": "FROM_CACHE"
          },
          {
            "path": ":spring-test:compileKotlin",
            "outcome": "FROM_CACHE"
          },
          {
            "path": ":spring-test:compileTestFixturesJava",
            "outcome": "NO_SOURCE"
          },
          {
            "path": ":spring-test:compileTestFixturesKotlin",
            "outcome": "NO_SOURCE"
          },
          {
            "path": ":spring-test:compileTestJava",
            "outcome": "FROM_CACHE"
          },
          {
            "path": ":spring-test:compileTestKotlin",
            "outcome": "FROM_CACHE"
          },
          {
            "path": ":spring-test:jar",
            "outcome": "EXECUTED"
          },
          {
            "path": ":spring-test:processResources",
            "outcome": "EXECUTED"
          },
          {
            "path": ":spring-test:processTestFixturesResources",
            "outcome": "NO_SOURCE"
          },
          {
            "path": ":spring-test:processTestResources",
            "outcome": "EXECUTED"
          },
          {
            "path": ":spring-test:testClasses",
            "outcome": "EXECUTED"
          },
          {
            "path": ":spring-test:testFixturesClasses",
            "outcome": "UP_TO_DATE"
          },
          {
            "path": ":spring-test:testFixturesJar",
            "outcome": "EXECUTED"
          },
          {
            "path": ":spring-tx:checkKotlinGradlePluginConfigurationErrors",
            "outcome": "SKIPPED"
          },
          {
            "path": ":spring-tx:classes",
            "outcome": "EXECUTED"
          },
          {
            "path": ":spring-tx:compileJava",
            "outcome": "FROM_CACHE"
          },
          {
            "path": ":spring-tx:compileKotlin",
            "outcome": "FROM_CACHE"
          },
          {
            "path": ":spring-tx:compileTestFixturesJava",
            "outcome": "FROM_CACHE"
          },
          {
            "path": ":spring-tx:compileTestFixturesKotlin",
            "outcome": "NO_SOURCE"
          },
          {
            "path": ":spring-tx:compileTestJava",
            "outcome": "FROM_CACHE"
          },
          {
            "path": ":spring-tx:compileTestKotlin",
            "outcome": "FROM_CACHE"
          },
          {
            "path": ":spring-tx:jar",
            "outcome": "EXECUTED"
          },
          {
            "path": ":spring-tx:processResources",
            "outcome": "EXECUTED"
          },
          {
            "path": ":spring-tx:processTestFixturesResources",
            "outcome": "NO_SOURCE"
          },
          {
            "path": ":spring-tx:processTestResources",
            "outcome": "EXECUTED"
          },
          {
            "path": ":spring-tx:testClasses",
            "outcome": "EXECUTED"
          },
          {
            "path": ":spring-tx:testFixturesClasses",
            "outcome": "UP_TO_DATE"
          },
          {
            "path": ":spring-tx:testFixturesJar",
            "outcome": "EXECUTED"
          },
          {
            "path": ":spring-web:checkKotlinGradlePluginConfigurationErrors",
            "outcome": "SKIPPED"
          },
          {
            "path": ":spring-web:classes",
            "outcome": "EXECUTED"
          },
          {
            "path": ":spring-web:compileJava",
            "outcome": "FROM_CACHE"
          },
          {
            "path": ":spring-web:compileKotlin",
            "outcome": "FROM_CACHE"
          },
          {
            "path": ":spring-web:compileTestFixturesJava",
            "outcome": "FROM_CACHE"
          },
          {
            "path": ":spring-web:compileTestFixturesKotlin",
            "outcome": "NO_SOURCE"
          },
          {
            "path": ":spring-web:compileTestJava",
            "outcome": "FROM_CACHE"
          },
          {
            "path": ":spring-web:compileTestKotlin",
            "outcome": "FROM_CACHE"
          },
          {
            "path": ":spring-web:jar",
            "outcome": "EXECUTED"
          },
          {
            "path": ":spring-web:processResources",
            "outcome": "EXECUTED"
          },
          {
            "path": ":spring-web:processTestFixturesResources",
            "outcome": "EXECUTED"
          },
          {
            "path": ":spring-web:processTestResources",
            "outcome": "EXECUTED"
          },
          {
            "path": ":spring-web:testClasses",
            "outcome": "EXECUTED"
          },
          {
            "path": ":spring-web:testFixturesClasses",
            "outcome": "EXECUTED"
          },
          {
            "path": ":spring-web:testFixturesJar",
            "outcome": "EXECUTED"
          },
          {
            "path": ":spring-webflux:checkKotlinGradlePluginConfigurationErrors",
            "outcome": "SKIPPED"
          },
          {
            "path": ":spring-webflux:classes",
            "outcome": "EXECUTED"
          },
          {
            "path": ":spring-webflux:compileJava",
            "outcome": "FROM_CACHE"
          },
          {
            "path": ":spring-webflux:compileKotlin",
            "outcome": "FROM_CACHE"
          },
          {
            "path": ":spring-webflux:compileTestFixturesJava",
            "outcome": "NO_SOURCE"
          },
          {
            "path": ":spring-webflux:compileTestFixturesKotlin",
            "outcome": "NO_SOURCE"
          },
          {
            "path": ":spring-webflux:compileTestJava",
            "outcome": "FROM_CACHE"
          },
          {
            "path": ":spring-webflux:compileTestKotlin",
            "outcome": "FROM_CACHE"
          },
          {
            "path": ":spring-webflux:jar",
            "outcome": "EXECUTED"
          },
          {
            "path": ":spring-webflux:processResources",
            "outcome": "EXECUTED"
          },
          {
            "path": ":spring-webflux:processTestFixturesResources",
            "outcome": "NO_SOURCE"
          },
          {
            "path": ":spring-webflux:processTestResources",
            "outcome": "EXECUTED"
          },
          {
            "path": ":spring-webflux:testClasses",
            "outcome": "EXECUTED"
          },
          {
            "path": ":spring-webflux:testFixturesClasses",
            "outcome": "UP_TO_DATE"
          },
          {
            "path": ":spring-webflux:testFixturesJar",
            "outcome": "EXECUTED"
          },
          {
            "path": ":spring-webmvc:checkKotlinGradlePluginConfigurationErrors",
            "outcome": "SKIPPED"
          },
          {
            "path": ":spring-webmvc:classes",
            "outcome": "EXECUTED"
          },
          {
            "path": ":spring-webmvc:compileJava",
            "outcome": "FROM_CACHE"
          },
          {
            "path": ":spring-webmvc:compileKotlin",
            "outcome": "FROM_CACHE"
          },
          {
            "path": ":spring-webmvc:compileTestFixturesJava",
            "outcome": "NO_SOURCE"
          },
          {
            "path": ":spring-webmvc:compileTestFixturesKotlin",
            "outcome": "NO_SOURCE"
          },
          {
            "path": ":spring-webmvc:compileTestJava",
            "outcome": "FROM_CACHE"
          },
          {
            "path": ":spring-webmvc:compileTestKotlin",
            "outcome": "FROM_CACHE"
          },
          {
            "path": ":spring-webmvc:jar",
            "outcome": "EXECUTED"
          },
          {
            "path": ":spring-webmvc:processResources",
            "outcome": "EXECUTED"
          },
          {
            "path": ":spring-webmvc:processTestFixturesResources",
            "outcome": "NO_SOURCE"
          },
          {
            "path": ":spring-webmvc:processTestResources",
            "outcome": "EXECUTED"
          },
          {
            "path": ":spring-webmvc:testClasses",
            "outcome": "EXECUTED"
          },
          {
            "path": ":spring-webmvc:testFixturesClasses",
            "outcome": "UP_TO_DATE"
          },
          {
            "path": ":spring-webmvc:testFixturesJar",
            "outcome": "EXECUTED"
          },
          {
            "path": ":spring-websocket:compileJava",
            "outcome": "FROM_CACHE"
          },
          {
            "path": ":spring-websocket:compileTestFixturesJava",
            "outcome": "NO_SOURCE"
          },
          {
            "path": ":spring-websocket:compileTestJava",
            "outcome": "FROM_CACHE"
          },
          {
            "path": ":spring-websocket:processTestResources",
            "outcome": "EXECUTED"
          },
          {
            "path": ":spring-websocket:testClasses",
            "outcome": "EXECUTED"
          },
          {
            "path": ":testClasses",
            "outcome": "UP_TO_DATE"
          }
        ]
      },
      "candidateTaskOutcomes": {
        "total": 56,
        "executed": 14,
        "fromCache": 26,
        "upToDate": 2,
        "noSource": 7,
        "skipped": 7,
        "fingerprintSha256": "af08640256e4ce968a02546a34fd5e7b170359e73fd1255332a0b813d6a2b3f6",
        "tasks": [
          {
            "path": ":buildSrc:check",
            "outcome": "UP_TO_DATE"
          },
          {
            "path": ":buildSrc:checkstyleMain",
            "outcome": "FROM_CACHE"
          },
          {
            "path": ":buildSrc:checkstyleTest",
            "outcome": "FROM_CACHE"
          },
          {
            "path": ":buildSrc:classes",
            "outcome": "EXECUTED"
          },
          {
            "path": ":buildSrc:compileGroovy",
            "outcome": "NO_SOURCE"
          },
          {
            "path": ":buildSrc:compileJava",
            "outcome": "FROM_CACHE"
          },
          {
            "path": ":buildSrc:compileTestGroovy",
            "outcome": "NO_SOURCE"
          },
          {
            "path": ":buildSrc:compileTestJava",
            "outcome": "FROM_CACHE"
          },
          {
            "path": ":buildSrc:jar",
            "outcome": "EXECUTED"
          },
          {
            "path": ":buildSrc:pluginDescriptors",
            "outcome": "EXECUTED"
          },
          {
            "path": ":buildSrc:pluginUnderTestMetadata",
            "outcome": "EXECUTED"
          },
          {
            "path": ":buildSrc:processResources",
            "outcome": "EXECUTED"
          },
          {
            "path": ":buildSrc:processTestResources",
            "outcome": "NO_SOURCE"
          },
          {
            "path": ":buildSrc:test",
            "outcome": "FROM_CACHE"
          },
          {
            "path": ":buildSrc:testClasses",
            "outcome": "UP_TO_DATE"
          },
          {
            "path": ":buildSrc:validatePlugins",
            "outcome": "FROM_CACHE"
          },
          {
            "path": ":spring-aop:checkKotlinGradlePluginConfigurationErrors",
            "outcome": "SKIPPED"
          },
          {
            "path": ":spring-aop:compileJava",
            "outcome": "FROM_CACHE"
          },
          {
            "path": ":spring-aop:compileKotlin",
            "outcome": "NO_SOURCE"
          },
          {
            "path": ":spring-beans:checkKotlinGradlePluginConfigurationErrors",
            "outcome": "SKIPPED"
          },
          {
            "path": ":spring-beans:classes",
            "outcome": "EXECUTED"
          },
          {
            "path": ":spring-beans:compileJava",
            "outcome": "FROM_CACHE"
          },
          {
            "path": ":spring-beans:compileKotlin",
            "outcome": "FROM_CACHE"
          },
          {
            "path": ":spring-beans:compileTestFixturesJava",
            "outcome": "FROM_CACHE"
          },
          {
            "path": ":spring-beans:compileTestFixturesKotlin",
            "outcome": "FROM_CACHE"
          },
          {
            "path": ":spring-beans:jar",
            "outcome": "EXECUTED"
          },
          {
            "path": ":spring-beans:processResources",
            "outcome": "EXECUTED"
          },
          {
            "path": ":spring-context:checkKotlinGradlePluginConfigurationErrors",
            "outcome": "SKIPPED"
          },
          {
            "path": ":spring-context:compileJava",
            "outcome": "FROM_CACHE"
          },
          {
            "path": ":spring-context:compileKotlin",
            "outcome": "FROM_CACHE"
          },
          {
            "path": ":spring-core:checkKotlinGradlePluginConfigurationErrors",
            "outcome": "SKIPPED"
          },
          {
            "path": ":spring-core:compileJava",
            "outcome": "FROM_CACHE"
          },
          {
            "path": ":spring-core:compileKotlin",
            "outcome": "FROM_CACHE"
          },
          {
            "path": ":spring-core:javapoetRepackJar",
            "outcome": "FROM_CACHE"
          },
          {
            "path": ":spring-core:objenesisRepackJar",
            "outcome": "FROM_CACHE"
          },
          {
            "path": ":spring-expression:checkKotlinGradlePluginConfigurationErrors",
            "outcome": "SKIPPED"
          },
          {
            "path": ":spring-expression:compileJava",
            "outcome": "FROM_CACHE"
          },
          {
            "path": ":spring-expression:compileKotlin",
            "outcome": "NO_SOURCE"
          },
          {
            "path": ":spring-instrument:compileJava",
            "outcome": "FROM_CACHE"
          },
          {
            "path": ":spring-jms:compileJava",
            "outcome": "EXECUTED"
          },
          {
            "path": ":spring-jms:compileTestFixturesJava",
            "outcome": "NO_SOURCE"
          },
          {
            "path": ":spring-jms:compileTestJava",
            "outcome": "FROM_CACHE"
          },
          {
            "path": ":spring-jms:processTestResources",
            "outcome": "EXECUTED"
          },
          {
            "path": ":spring-jms:testClasses",
            "outcome": "EXECUTED"
          },
          {
            "path": ":spring-messaging:checkKotlinGradlePluginConfigurationErrors",
            "outcome": "SKIPPED"
          },
          {
            "path": ":spring-messaging:compileJava",
            "outcome": "FROM_CACHE"
          },
          {
            "path": ":spring-messaging:compileKotlin",
            "outcome": "FROM_CACHE"
          },
          {
            "path": ":spring-oxm:compileJava",
            "outcome": "FROM_CACHE"
          },
          {
            "path": ":spring-tx:checkKotlinGradlePluginConfigurationErrors",
            "outcome": "SKIPPED"
          },
          {
            "path": ":spring-tx:classes",
            "outcome": "EXECUTED"
          },
          {
            "path": ":spring-tx:compileJava",
            "outcome": "FROM_CACHE"
          },
          {
            "path": ":spring-tx:compileKotlin",
            "outcome": "FROM_CACHE"
          },
          {
            "path": ":spring-tx:compileTestFixturesJava",
            "outcome": "FROM_CACHE"
          },
          {
            "path": ":spring-tx:compileTestFixturesKotlin",
            "outcome": "NO_SOURCE"
          },
          {
            "path": ":spring-tx:jar",
            "outcome": "EXECUTED"
          },
          {
            "path": ":spring-tx:processResources",
            "outcome": "EXECUTED"
          }
        ]
      },
      "controlHostPressure": {
        "available": true,
        "cpuSomeTotalUs": 132783,
        "memorySomeTotalUs": 1469,
        "memoryFullTotalUs": 1469,
        "ioSomeTotalUs": 8256555,
        "ioFullTotalUs": 5971491
      },
      "candidateHostPressure": {
        "available": true,
        "cpuSomeTotalUs": 23227,
        "memorySomeTotalUs": 1,
        "memoryFullTotalUs": 1,
        "ioSomeTotalUs": 7985004,
        "ioFullTotalUs": 7039288
      }
    }
  ],
  "fallback": {
    "mode": "FULL_GRAPH",
    "reason": "IMPACT_GLOBAL_CHANGE",
    "buildSuccessful": true
  },
  "result": {
    "pairs": 8,
    "controlMeanMs": 13175.125,
    "candidateMeanMs": 10932,
    "meanSavedMs": 2243.125,
    "reductionRatio": 0.17025455166459522,
    "interval95SavedMs": [
      1574.5,
      2882.625
    ],
    "positivePairs": 8,
    "executionShapeObserved": true,
    "executionShapeStable": true,
    "targetWarmupShapeObserved": true,
    "targetWarmupShapeStable": true,
    "qualified": true,
    "decision": "QUALIFY_STRUCTURAL_PROFILE"
  },
  "boundaries": {
    "proofOfConcept": true,
    "productionAuthorized": false,
    "repositorySpecificRuleAdded": false,
    "testOptimizationModified": false
  }
}
