buildopt: warming isolated control arm at c16898314460cdfc3e0f0d7d24822585bbd1997e (cache seed 1/3)
buildopt: warmed isolated control arm cache seed in 230917ms with total:175/executed:124/from-cache:0/up-to-date:3/no-source:48/skipped:0/fingerprint:809fda72bf838edd324615be78b6adb35a5c9048d348d369af5cc9561a320c57
buildopt: warming isolated control arm at c16898314460cdfc3e0f0d7d24822585bbd1997e (base daemon stabilization 2/3)
buildopt: warmed isolated control arm daemon stabilization in 91041ms with total:175/executed:90/from-cache:27/up-to-date:10/no-source:48/skipped:0/fingerprint:14e626c7fb090d1db399a3fe117ebe197e4a9666e2c8319bf311a7bccbc9b13e
buildopt: warming isolated control arm at 3d6e5f4f6e8b492528fe133366680a377b7e4706 (target-workload stabilization 3/3)
buildopt: warmed isolated control arm target workload in 91949ms with total:175/executed:95/from-cache:24/up-to-date:8/no-source:48/skipped:0/fingerprint:4ee8d40cc83b46a0eb6fd63d9c7b6689faea17d9aa2a3395666dac7370f9debe
buildopt: warming isolated candidate arm at c16898314460cdfc3e0f0d7d24822585bbd1997e (cache seed 1/3)
buildopt: warmed isolated candidate arm cache seed in 160135ms with total:23/executed:22/from-cache:0/up-to-date:0/no-source:1/skipped:0/fingerprint:9962e007f35dbb9c818ea4bcffc1e9c51e45c36e9826f4c3e757d4e3fa169caf
buildopt: warming isolated candidate arm at c16898314460cdfc3e0f0d7d24822585bbd1997e (base daemon stabilization 2/3)
buildopt: warmed isolated candidate arm daemon stabilization in 16824ms with total:23/executed:12/from-cache:10/up-to-date:0/no-source:1/skipped:0/fingerprint:e4a3d9c682136d92412152679c035b3f7f4e7c235aab9bbf16aa0ffc517fec0e
buildopt: warming isolated candidate arm at 3d6e5f4f6e8b492528fe133366680a377b7e4706 (target-workload stabilization 3/3)
buildopt: warmed isolated candidate arm target workload in 13303ms with total:23/executed:13/from-cache:9/up-to-date:0/no-source:1/skipped:0/fingerprint:da87718c87c893348b8f2c82f7695744a86859d7cd93c6c8009c12a086ceea6c
buildopt: structural pair 1/8 control=85338ms candidate=22980ms saved=62358ms gap=1ms order=CONTROL_FIRST
buildopt: structural pair 1 task outcomes control=total:175/executed:95/from-cache:24/up-to-date:8/no-source:48/skipped:0/fingerprint:4ee8d40cc83b46a0eb6fd63d9c7b6689faea17d9aa2a3395666dac7370f9debe candidate=total:23/executed:14/from-cache:8/up-to-date:0/no-source:1/skipped:0/fingerprint:a2ceab5b2d31ec29985096c68593504ffb70ff192b029cdda43b97e3261e6c66
buildopt: structural pair 2/8 control=81522ms candidate=19572ms saved=61950ms gap=0ms order=CANDIDATE_FIRST
buildopt: structural pair 2 task outcomes control=total:175/executed:95/from-cache:24/up-to-date:8/no-source:48/skipped:0/fingerprint:4ee8d40cc83b46a0eb6fd63d9c7b6689faea17d9aa2a3395666dac7370f9debe candidate=total:23/executed:14/from-cache:8/up-to-date:0/no-source:1/skipped:0/fingerprint:a2ceab5b2d31ec29985096c68593504ffb70ff192b029cdda43b97e3261e6c66
buildopt: structural pair 3/8 control=82537ms candidate=21075ms saved=61462ms gap=0ms order=CONTROL_FIRST
buildopt: structural pair 3 task outcomes control=total:175/executed:95/from-cache:24/up-to-date:8/no-source:48/skipped:0/fingerprint:4ee8d40cc83b46a0eb6fd63d9c7b6689faea17d9aa2a3395666dac7370f9debe candidate=total:23/executed:14/from-cache:8/up-to-date:0/no-source:1/skipped:0/fingerprint:a2ceab5b2d31ec29985096c68593504ffb70ff192b029cdda43b97e3261e6c66
buildopt: structural pair 4/8 control=79291ms candidate=18180ms saved=61111ms gap=0ms order=CANDIDATE_FIRST
buildopt: structural pair 4 task outcomes control=total:175/executed:95/from-cache:24/up-to-date:8/no-source:48/skipped:0/fingerprint:4ee8d40cc83b46a0eb6fd63d9c7b6689faea17d9aa2a3395666dac7370f9debe candidate=total:23/executed:14/from-cache:8/up-to-date:0/no-source:1/skipped:0/fingerprint:a2ceab5b2d31ec29985096c68593504ffb70ff192b029cdda43b97e3261e6c66
buildopt: structural pair 5/8 control=80485ms candidate=21493ms saved=58992ms gap=1ms order=CONTROL_FIRST
buildopt: structural pair 5 task outcomes control=total:175/executed:95/from-cache:24/up-to-date:8/no-source:48/skipped:0/fingerprint:4ee8d40cc83b46a0eb6fd63d9c7b6689faea17d9aa2a3395666dac7370f9debe candidate=total:23/executed:14/from-cache:8/up-to-date:0/no-source:1/skipped:0/fingerprint:a2ceab5b2d31ec29985096c68593504ffb70ff192b029cdda43b97e3261e6c66
buildopt: structural pair 6/8 control=79331ms candidate=19500ms saved=59831ms gap=0ms order=CANDIDATE_FIRST
buildopt: structural pair 6 task outcomes control=total:175/executed:95/from-cache:24/up-to-date:8/no-source:48/skipped:0/fingerprint:4ee8d40cc83b46a0eb6fd63d9c7b6689faea17d9aa2a3395666dac7370f9debe candidate=total:23/executed:14/from-cache:8/up-to-date:0/no-source:1/skipped:0/fingerprint:a2ceab5b2d31ec29985096c68593504ffb70ff192b029cdda43b97e3261e6c66
buildopt: structural pair 7/8 control=84225ms candidate=20411ms saved=63814ms gap=1ms order=CONTROL_FIRST
buildopt: structural pair 7 task outcomes control=total:175/executed:95/from-cache:24/up-to-date:8/no-source:48/skipped:0/fingerprint:4ee8d40cc83b46a0eb6fd63d9c7b6689faea17d9aa2a3395666dac7370f9debe candidate=total:23/executed:14/from-cache:8/up-to-date:0/no-source:1/skipped:0/fingerprint:a2ceab5b2d31ec29985096c68593504ffb70ff192b029cdda43b97e3261e6c66
buildopt: structural pair 8/8 control=78815ms candidate=19583ms saved=59232ms gap=0ms order=CANDIDATE_FIRST
buildopt: structural pair 8 task outcomes control=total:175/executed:95/from-cache:24/up-to-date:8/no-source:48/skipped:0/fingerprint:4ee8d40cc83b46a0eb6fd63d9c7b6689faea17d9aa2a3395666dac7370f9debe candidate=total:23/executed:14/from-cache:8/up-to-date:0/no-source:1/skipped:0/fingerprint:a2ceab5b2d31ec29985096c68593504ffb70ff192b029cdda43b97e3261e6c66
buildopt: validating full-graph fallback with --no-daemon and measured scheduling
buildopt: structural profile measurement decision RETAIN_NATIVE_GRADLE; review buildopt-structural-evidence.json before evaluation
{
  "schemaVersion": "buildopt.evidence/structural-profile-qualification/v1",
  "evidenceState": "INCONCLUSIVE",
  "capturedAt": "2026-08-13T14:51:52Z",
  "subject": {
    "repositoryId": "apache/groovy",
    "repositoryRevision": "3d6e5f4f6e8b492528fe133366680a377b7e4706",
    "pipelineClass": "classes"
  },
  "sourceBindings": {
    "manifestSha256": "9362beeb60a3f844a7fea20ea4b9bb5af8e5199b7463d6fd7d62c7f7cbd43be5",
    "graphSha256": "ad0f9d809da99051f61ee2952fd797da8909670ea685a3c553a09704c1b17687",
    "generatedManifestSha256": "13561951bad18d2480b573327bd72ac6e61a73ea3c21971dd0f5f13446d5a944",
    "sourceEvidenceSha256": "567700230e4130b93ec67296f6a281dfbcbbf312156c7887463e20ec110f42fd"
  },
  "plan": {
    "alternativeId": "changed-projects",
    "entrypoints": [
      ":groovy-json:classes"
    ],
    "fallbackEntrypoints": [
      "classes"
    ],
    "requiredOutputs": [
      "subprojects/groovy-json/build/classes/**"
    ],
    "totalProjectCount": 37,
    "selectedProjectCount": 2,
    "omittedProjectCount": 35,
    "omittedProjectRatio": 0.9459459459459459
  },
  "execution": {
    "candidateSurface": "INSTALLED_BUILDOPT_STRUCTURAL_IMPACT_ONLY",
    "buildoptRevision": "b8fd0f67598af50ee52eb8b11645a877836416db",
    "executableSha256": "565e1787ddcb27e81f5408158818b2e2445af38d0f083251415fb0a022640e87",
    "mechanisms": [
      "BUILD_IMPACT"
    ],
    "gradleOptions": [
      "--daemon",
      "--build-cache",
      "--parallel",
      "--no-configuration-cache",
      "--console=plain",
      "--no-scan",
      "--max-workers=12"
    ],
    "launcherOverheadIncluded": true,
    "warmupsPerArm": 3,
    "controlWarmups": [
      {
        "phase": "CACHE_SEED",
        "durationMs": 230917,
        "logSha256": "2fa604464490494a5b5a3ae09102e73cb4a0983a7403400e35a5091c9b7d6583",
        "taskOutcomes": {
          "total": 175,
          "executed": 124,
          "fromCache": 0,
          "upToDate": 3,
          "noSource": 48,
          "skipped": 0,
          "fingerprintSha256": "809fda72bf838edd324615be78b6adb35a5c9048d348d369af5cc9561a320c57",
          "tasks": [
            {
              "path": ":bootstrapJar",
              "outcome": "EXECUTED"
            },
            {
              "path": ":build-logic:classes",
              "outcome": "EXECUTED"
            },
            {
              "path": ":build-logic:compileGroovy",
              "outcome": "EXECUTED"
            },
            {
              "path": ":build-logic:compileGroovyPlugins",
              "outcome": "EXECUTED"
            },
            {
              "path": ":build-logic:compileJava",
              "outcome": "EXECUTED"
            },
            {
              "path": ":build-logic:extractPluginRequests",
              "outcome": "EXECUTED"
            },
            {
              "path": ":build-logic:generatePluginAdapters",
              "outcome": "EXECUTED"
            },
            {
              "path": ":build-logic:jar",
              "outcome": "EXECUTED"
            },
            {
              "path": ":build-logic:pluginDescriptors",
              "outcome": "EXECUTED"
            },
            {
              "path": ":build-logic:processResources",
              "outcome": "EXECUTED"
            },
            {
              "path": ":classes",
              "outcome": "EXECUTED"
            },
            {
              "path": ":compileGroovy",
              "outcome": "EXECUTED"
            },
            {
              "path": ":compileJava",
              "outcome": "EXECUTED"
            },
            {
              "path": ":dgmConverter",
              "outcome": "EXECUTED"
            },
            {
              "path": ":generateGrammarSource",
              "outcome": "EXECUTED"
            },
            {
              "path": ":generateReleaseInfo",
              "outcome": "EXECUTED"
            },
            {
              "path": ":groovy-ant:classes",
              "outcome": "EXECUTED"
            },
            {
              "path": ":groovy-ant:compileGroovy",
              "outcome": "EXECUTED"
            },
            {
              "path": ":groovy-ant:compileJava",
              "outcome": "EXECUTED"
            },
            {
              "path": ":groovy-ant:processResources",
              "outcome": "EXECUTED"
            },
            {
              "path": ":groovy-astbuilder:classes",
              "outcome": "EXECUTED"
            },
            {
              "path": ":groovy-astbuilder:compileGroovy",
              "outcome": "NO_SOURCE"
            },
            {
              "path": ":groovy-astbuilder:compileJava",
              "outcome": "EXECUTED"
            },
            {
              "path": ":groovy-astbuilder:processResources",
              "outcome": "EXECUTED"
            },
            {
              "path": ":groovy-cli-commons:classes",
              "outcome": "EXECUTED"
            },
            {
              "path": ":groovy-cli-commons:compileGroovy",
              "outcome": "EXECUTED"
            },
            {
              "path": ":groovy-cli-commons:compileJava",
              "outcome": "NO_SOURCE"
            },
            {
              "path": ":groovy-cli-commons:processResources",
              "outcome": "NO_SOURCE"
            },
            {
              "path": ":groovy-cli-picocli:classes",
              "outcome": "EXECUTED"
            },
            {
              "path": ":groovy-cli-picocli:compileGroovy",
              "outcome": "EXECUTED"
            },
            {
              "path": ":groovy-cli-picocli:compileJava",
              "outcome": "NO_SOURCE"
            },
            {
              "path": ":groovy-cli-picocli:processResources",
              "outcome": "NO_SOURCE"
            },
            {
              "path": ":groovy-console:classes",
              "outcome": "EXECUTED"
            },
            {
              "path": ":groovy-console:compileGroovy",
              "outcome": "EXECUTED"
            },
            {
              "path": ":groovy-console:compileJava",
              "outcome": "NO_SOURCE"
            },
            {
              "path": ":groovy-console:generateReleaseInfo",
              "outcome": "EXECUTED"
            },
            {
              "path": ":groovy-console:jar",
              "outcome": "EXECUTED"
            },
            {
              "path": ":groovy-console:processResources",
              "outcome": "EXECUTED"
            },
            {
              "path": ":groovy-contracts:classes",
              "outcome": "EXECUTED"
            },
            {
              "path": ":groovy-contracts:compileGroovy",
              "outcome": "NO_SOURCE"
            },
            {
              "path": ":groovy-contracts:compileJava",
              "outcome": "EXECUTED"
            },
            {
              "path": ":groovy-contracts:processResources",
              "outcome": "EXECUTED"
            },
            {
              "path": ":groovy-datetime:classes",
              "outcome": "EXECUTED"
            },
            {
              "path": ":groovy-datetime:compileGroovy",
              "outcome": "NO_SOURCE"
            },
            {
              "path": ":groovy-datetime:compileJava",
              "outcome": "EXECUTED"
            },
            {
              "path": ":groovy-datetime:moduleDescriptor",
              "outcome": "EXECUTED"
            },
            {
              "path": ":groovy-datetime:processResources",
              "outcome": "NO_SOURCE"
            },
            {
              "path": ":groovy-dateutil:classes",
              "outcome": "EXECUTED"
            },
            {
              "path": ":groovy-dateutil:compileGroovy",
              "outcome": "NO_SOURCE"
            },
            {
              "path": ":groovy-dateutil:compileJava",
              "outcome": "EXECUTED"
            },
            {
              "path": ":groovy-dateutil:moduleDescriptor",
              "outcome": "EXECUTED"
            },
            {
              "path": ":groovy-dateutil:processResources",
              "outcome": "NO_SOURCE"
            },
            {
              "path": ":groovy-docgenerator:classes",
              "outcome": "EXECUTED"
            },
            {
              "path": ":groovy-docgenerator:compileGroovy",
              "outcome": "EXECUTED"
            },
            {
              "path": ":groovy-docgenerator:compileJava",
              "outcome": "NO_SOURCE"
            },
            {
              "path": ":groovy-docgenerator:generateReleaseInfo",
              "outcome": "EXECUTED"
            },
            {
              "path": ":groovy-docgenerator:jar",
              "outcome": "EXECUTED"
            },
            {
              "path": ":groovy-docgenerator:processResources",
              "outcome": "EXECUTED"
            },
            {
              "path": ":groovy-ginq:classes",
              "outcome": "EXECUTED"
            },
            {
              "path": ":groovy-ginq:compileGroovy",
              "outcome": "EXECUTED"
            },
            {
              "path": ":groovy-ginq:compileJava",
              "outcome": "NO_SOURCE"
            },
            {
              "path": ":groovy-ginq:moduleDescriptor",
              "outcome": "EXECUTED"
            },
            {
              "path": ":groovy-ginq:processResources",
              "outcome": "NO_SOURCE"
            },
            {
              "path": ":groovy-groovydoc:classes",
              "outcome": "EXECUTED"
            },
            {
              "path": ":groovy-groovydoc:compileGroovy",
              "outcome": "EXECUTED"
            },
            {
              "path": ":groovy-groovydoc:compileJava",
              "outcome": "EXECUTED"
            },
            {
              "path": ":groovy-groovydoc:generateReleaseInfo",
              "outcome": "EXECUTED"
            },
            {
              "path": ":groovy-groovydoc:jar",
              "outcome": "EXECUTED"
            },
            {
              "path": ":groovy-groovydoc:processResources",
              "outcome": "EXECUTED"
            },
            {
              "path": ":groovy-groovysh:classes",
              "outcome": "EXECUTED"
            },
            {
              "path": ":groovy-groovysh:compileGroovy",
              "outcome": "EXECUTED"
            },
            {
              "path": ":groovy-groovysh:compileJava",
              "outcome": "NO_SOURCE"
            },
            {
              "path": ":groovy-groovysh:processResources",
              "outcome": "EXECUTED"
            },
            {
              "path": ":groovy-jmx:classes",
              "outcome": "EXECUTED"
            },
            {
              "path": ":groovy-jmx:compileGroovy",
              "outcome": "EXECUTED"
            },
            {
              "path": ":groovy-jmx:compileJava",
              "outcome": "EXECUTED"
            },
            {
              "path": ":groovy-jmx:processResources",
              "outcome": "NO_SOURCE"
            },
            {
              "path": ":groovy-json:classes",
              "outcome": "EXECUTED"
            },
            {
              "path": ":groovy-json:compileGroovy",
              "outcome": "NO_SOURCE"
            },
            {
              "path": ":groovy-json:compileJava",
              "outcome": "EXECUTED"
            },
            {
              "path": ":groovy-json:generateReleaseInfo",
              "outcome": "EXECUTED"
            },
            {
              "path": ":groovy-json:jar",
              "outcome": "EXECUTED"
            },
            {
              "path": ":groovy-json:processResources",
              "outcome": "EXECUTED"
            },
            {
              "path": ":groovy-jsr223:classes",
              "outcome": "EXECUTED"
            },
            {
              "path": ":groovy-jsr223:compileGroovy",
              "outcome": "NO_SOURCE"
            },
            {
              "path": ":groovy-jsr223:compileJava",
              "outcome": "EXECUTED"
            },
            {
              "path": ":groovy-jsr223:moduleDescriptor",
              "outcome": "EXECUTED"
            },
            {
              "path": ":groovy-jsr223:processResources",
              "outcome": "EXECUTED"
            },
            {
              "path": ":groovy-macro-library:classes",
              "outcome": "EXECUTED"
            },
            {
              "path": ":groovy-macro-library:compileGroovy",
              "outcome": "EXECUTED"
            },
            {
              "path": ":groovy-macro-library:compileJava",
              "outcome": "NO_SOURCE"
            },
            {
              "path": ":groovy-macro-library:moduleDescriptor",
              "outcome": "EXECUTED"
            },
            {
              "path": ":groovy-macro-library:processResources",
              "outcome": "NO_SOURCE"
            },
            {
              "path": ":groovy-macro:classes",
              "outcome": "EXECUTED"
            },
            {
              "path": ":groovy-macro:compileGroovy",
              "outcome": "EXECUTED"
            },
            {
              "path": ":groovy-macro:compileJava",
              "outcome": "NO_SOURCE"
            },
            {
              "path": ":groovy-macro:generateReleaseInfo",
              "outcome": "EXECUTED"
            },
            {
              "path": ":groovy-macro:jar",
              "outcome": "EXECUTED"
            },
            {
              "path": ":groovy-macro:moduleDescriptor",
              "outcome": "EXECUTED"
            },
            {
              "path": ":groovy-macro:processResources",
              "outcome": "EXECUTED"
            },
            {
              "path": ":groovy-nio:classes",
              "outcome": "EXECUTED"
            },
            {
              "path": ":groovy-nio:compileGroovy",
              "outcome": "NO_SOURCE"
            },
            {
              "path": ":groovy-nio:compileJava",
              "outcome": "EXECUTED"
            },
            {
              "path": ":groovy-nio:generateReleaseInfo",
              "outcome": "EXECUTED"
            },
            {
              "path": ":groovy-nio:jar",
              "outcome": "EXECUTED"
            },
            {
              "path": ":groovy-nio:moduleDescriptor",
              "outcome": "EXECUTED"
            },
            {
              "path": ":groovy-nio:processResources",
              "outcome": "NO_SOURCE"
            },
            {
              "path": ":groovy-servlet:classes",
              "outcome": "EXECUTED"
            },
            {
              "path": ":groovy-servlet:compileGroovy",
              "outcome": "NO_SOURCE"
            },
            {
              "path": ":groovy-servlet:compileJava",
              "outcome": "EXECUTED"
            },
            {
              "path": ":groovy-servlet:processResources",
              "outcome": "NO_SOURCE"
            },
            {
              "path": ":groovy-sql:classes",
              "outcome": "EXECUTED"
            },
            {
              "path": ":groovy-sql:compileGroovy",
              "outcome": "NO_SOURCE"
            },
            {
              "path": ":groovy-sql:compileJava",
              "outcome": "EXECUTED"
            },
            {
              "path": ":groovy-sql:moduleDescriptor",
              "outcome": "EXECUTED"
            },
            {
              "path": ":groovy-sql:processResources",
              "outcome": "NO_SOURCE"
            },
            {
              "path": ":groovy-swing:classes",
              "outcome": "EXECUTED"
            },
            {
              "path": ":groovy-swing:compileGroovy",
              "outcome": "EXECUTED"
            },
            {
              "path": ":groovy-swing:compileJava",
              "outcome": "EXECUTED"
            },
            {
              "path": ":groovy-swing:generateReleaseInfo",
              "outcome": "EXECUTED"
            },
            {
              "path": ":groovy-swing:jar",
              "outcome": "EXECUTED"
            },
            {
              "path": ":groovy-swing:moduleDescriptor",
              "outcome": "EXECUTED"
            },
            {
              "path": ":groovy-swing:processResources",
              "outcome": "NO_SOURCE"
            },
            {
              "path": ":groovy-templates:classes",
              "outcome": "EXECUTED"
            },
            {
              "path": ":groovy-templates:compileGroovy",
              "outcome": "EXECUTED"
            },
            {
              "path": ":groovy-templates:compileJava",
              "outcome": "NO_SOURCE"
            },
            {
              "path": ":groovy-templates:generateReleaseInfo",
              "outcome": "EXECUTED"
            },
            {
              "path": ":groovy-templates:jar",
              "outcome": "EXECUTED"
            },
            {
              "path": ":groovy-templates:processResources",
              "outcome": "NO_SOURCE"
            },
            {
              "path": ":groovy-test-junit5:classes",
              "outcome": "EXECUTED"
            },
            {
              "path": ":groovy-test-junit5:compileGroovy",
              "outcome": "EXECUTED"
            },
            {
              "path": ":groovy-test-junit5:compileJava",
              "outcome": "EXECUTED"
            },
            {
              "path": ":groovy-test-junit5:processResources",
              "outcome": "EXECUTED"
            },
            {
              "path": ":groovy-test:classes",
              "outcome": "EXECUTED"
            },
            {
              "path": ":groovy-test:compileGroovy",
              "outcome": "EXECUTED"
            },
            {
              "path": ":groovy-test:compileJava",
              "outcome": "EXECUTED"
            },
            {
              "path": ":groovy-test:processResources",
              "outcome": "NO_SOURCE"
            },
            {
              "path": ":groovy-testng:classes",
              "outcome": "EXECUTED"
            },
            {
              "path": ":groovy-testng:compileGroovy",
              "outcome": "NO_SOURCE"
            },
            {
              "path": ":groovy-testng:compileJava",
              "outcome": "EXECUTED"
            },
            {
              "path": ":groovy-testng:processResources",
              "outcome": "EXECUTED"
            },
            {
              "path": ":groovy-toml:classes",
              "outcome": "EXECUTED"
            },
            {
              "path": ":groovy-toml:compileGroovy",
              "outcome": "NO_SOURCE"
            },
            {
              "path": ":groovy-toml:compileJava",
              "outcome": "EXECUTED"
            },
            {
              "path": ":groovy-toml:processResources",
              "outcome": "NO_SOURCE"
            },
            {
              "path": ":groovy-typecheckers:classes",
              "outcome": "EXECUTED"
            },
            {
              "path": ":groovy-typecheckers:compileGroovy",
              "outcome": "EXECUTED"
            },
            {
              "path": ":groovy-typecheckers:compileJava",
              "outcome": "NO_SOURCE"
            },
            {
              "path": ":groovy-typecheckers:processResources",
              "outcome": "NO_SOURCE"
            },
            {
              "path": ":groovy-xml:classes",
              "outcome": "EXECUTED"
            },
            {
              "path": ":groovy-xml:compileGroovy",
              "outcome": "EXECUTED"
            },
            {
              "path": ":groovy-xml:compileJava",
              "outcome": "EXECUTED"
            },
            {
              "path": ":groovy-xml:generateReleaseInfo",
              "outcome": "EXECUTED"
            },
            {
              "path": ":groovy-xml:jar",
              "outcome": "EXECUTED"
            },
            {
              "path": ":groovy-xml:moduleDescriptor",
              "outcome": "EXECUTED"
            },
            {
              "path": ":groovy-xml:processResources",
              "outcome": "NO_SOURCE"
            },
            {
              "path": ":groovy-yaml:classes",
              "outcome": "EXECUTED"
            },
            {
              "path": ":groovy-yaml:compileGroovy",
              "outcome": "NO_SOURCE"
            },
            {
              "path": ":groovy-yaml:compileJava",
              "outcome": "EXECUTED"
            },
            {
              "path": ":groovy-yaml:processResources",
              "outcome": "NO_SOURCE"
            },
            {
              "path": ":jar",
              "outcome": "EXECUTED"
            },
            {
              "path": ":osgiClasses",
              "outcome": "EXECUTED"
            },
            {
              "path": ":performance:classes",
              "outcome": "UP_TO_DATE"
            },
            {
              "path": ":performance:compileGroovy",
              "outcome": "NO_SOURCE"
            },
            {
              "path": ":performance:compileJava",
              "outcome": "NO_SOURCE"
            },
            {
              "path": ":performance:processResources",
              "outcome": "NO_SOURCE"
            },
            {
              "path": ":processResources",
              "outcome": "EXECUTED"
            },
            {
              "path": ":stress:classes",
              "outcome": "UP_TO_DATE"
            },
            {
              "path": ":stress:compileGroovy",
              "outcome": "NO_SOURCE"
            },
            {
              "path": ":stress:compileJava",
              "outcome": "NO_SOURCE"
            },
            {
              "path": ":stress:processResources",
              "outcome": "NO_SOURCE"
            },
            {
              "path": ":tests-preview:classes",
              "outcome": "UP_TO_DATE"
            },
            {
              "path": ":tests-preview:compileGroovy",
              "outcome": "NO_SOURCE"
            },
            {
              "path": ":tests-preview:compileJava",
              "outcome": "NO_SOURCE"
            },
            {
              "path": ":tests-preview:processResources",
              "outcome": "NO_SOURCE"
            }
          ]
        },
        "hostPressure": {
          "available": true,
          "cpuSomeTotalUs": 27162513,
          "memorySomeTotalUs": 56,
          "memoryFullTotalUs": 43,
          "ioSomeTotalUs": 133492889,
          "ioFullTotalUs": 75089778
        }
      },
      {
        "phase": "BASE_DAEMON_STABILIZATION",
        "durationMs": 91041,
        "logSha256": "c292dbc09daa0b8aced44da2487b57477230b8d6d41e6f9df74708d820e12721",
        "taskOutcomes": {
          "total": 175,
          "executed": 90,
          "fromCache": 27,
          "upToDate": 10,
          "noSource": 48,
          "skipped": 0,
          "fingerprintSha256": "14e626c7fb090d1db399a3fe117ebe197e4a9666e2c8319bf311a7bccbc9b13e",
          "tasks": [
            {
              "path": ":bootstrapJar",
              "outcome": "EXECUTED"
            },
            {
              "path": ":build-logic:classes",
              "outcome": "EXECUTED"
            },
            {
              "path": ":build-logic:compileGroovy",
              "outcome": "FROM_CACHE"
            },
            {
              "path": ":build-logic:compileGroovyPlugins",
              "outcome": "FROM_CACHE"
            },
            {
              "path": ":build-logic:compileJava",
              "outcome": "FROM_CACHE"
            },
            {
              "path": ":build-logic:extractPluginRequests",
              "outcome": "FROM_CACHE"
            },
            {
              "path": ":build-logic:generatePluginAdapters",
              "outcome": "FROM_CACHE"
            },
            {
              "path": ":build-logic:jar",
              "outcome": "EXECUTED"
            },
            {
              "path": ":build-logic:pluginDescriptors",
              "outcome": "EXECUTED"
            },
            {
              "path": ":build-logic:processResources",
              "outcome": "EXECUTED"
            },
            {
              "path": ":classes",
              "outcome": "EXECUTED"
            },
            {
              "path": ":compileGroovy",
              "outcome": "EXECUTED"
            },
            {
              "path": ":compileJava",
              "outcome": "FROM_CACHE"
            },
            {
              "path": ":dgmConverter",
              "outcome": "FROM_CACHE"
            },
            {
              "path": ":generateGrammarSource",
              "outcome": "FROM_CACHE"
            },
            {
              "path": ":generateReleaseInfo",
              "outcome": "EXECUTED"
            },
            {
              "path": ":groovy-ant:classes",
              "outcome": "EXECUTED"
            },
            {
              "path": ":groovy-ant:compileGroovy",
              "outcome": "EXECUTED"
            },
            {
              "path": ":groovy-ant:compileJava",
              "outcome": "FROM_CACHE"
            },
            {
              "path": ":groovy-ant:processResources",
              "outcome": "EXECUTED"
            },
            {
              "path": ":groovy-astbuilder:classes",
              "outcome": "EXECUTED"
            },
            {
              "path": ":groovy-astbuilder:compileGroovy",
              "outcome": "NO_SOURCE"
            },
            {
              "path": ":groovy-astbuilder:compileJava",
              "outcome": "FROM_CACHE"
            },
            {
              "path": ":groovy-astbuilder:processResources",
              "outcome": "EXECUTED"
            },
            {
              "path": ":groovy-cli-commons:classes",
              "outcome": "EXECUTED"
            },
            {
              "path": ":groovy-cli-commons:compileGroovy",
              "outcome": "EXECUTED"
            },
            {
              "path": ":groovy-cli-commons:compileJava",
              "outcome": "NO_SOURCE"
            },
            {
              "path": ":groovy-cli-commons:processResources",
              "outcome": "NO_SOURCE"
            },
            {
              "path": ":groovy-cli-picocli:classes",
              "outcome": "EXECUTED"
            },
            {
              "path": ":groovy-cli-picocli:compileGroovy",
              "outcome": "EXECUTED"
            },
            {
              "path": ":groovy-cli-picocli:compileJava",
              "outcome": "NO_SOURCE"
            },
            {
              "path": ":groovy-cli-picocli:processResources",
              "outcome": "NO_SOURCE"
            },
            {
              "path": ":groovy-console:classes",
              "outcome": "EXECUTED"
            },
            {
              "path": ":groovy-console:compileGroovy",
              "outcome": "EXECUTED"
            },
            {
              "path": ":groovy-console:compileJava",
              "outcome": "NO_SOURCE"
            },
            {
              "path": ":groovy-console:generateReleaseInfo",
              "outcome": "EXECUTED"
            },
            {
              "path": ":groovy-console:jar",
              "outcome": "EXECUTED"
            },
            {
              "path": ":groovy-console:processResources",
              "outcome": "EXECUTED"
            },
            {
              "path": ":groovy-contracts:classes",
              "outcome": "EXECUTED"
            },
            {
              "path": ":groovy-contracts:compileGroovy",
              "outcome": "NO_SOURCE"
            },
            {
              "path": ":groovy-contracts:compileJava",
              "outcome": "FROM_CACHE"
            },
            {
              "path": ":groovy-contracts:processResources",
              "outcome": "EXECUTED"
            },
            {
              "path": ":groovy-datetime:classes",
              "outcome": "UP_TO_DATE"
            },
            {
              "path": ":groovy-datetime:compileGroovy",
              "outcome": "NO_SOURCE"
            },
            {
              "path": ":groovy-datetime:compileJava",
              "outcome": "FROM_CACHE"
            },
            {
              "path": ":groovy-datetime:moduleDescriptor",
              "outcome": "EXECUTED"
            },
            {
              "path": ":groovy-datetime:processResources",
              "outcome": "NO_SOURCE"
            },
            {
              "path": ":groovy-dateutil:classes",
              "outcome": "UP_TO_DATE"
            },
            {
              "path": ":groovy-dateutil:compileGroovy",
              "outcome": "NO_SOURCE"
            },
            {
              "path": ":groovy-dateutil:compileJava",
              "outcome": "FROM_CACHE"
            },
            {
              "path": ":groovy-dateutil:moduleDescriptor",
              "outcome": "EXECUTED"
            },
            {
              "path": ":groovy-dateutil:processResources",
              "outcome": "NO_SOURCE"
            },
            {
              "path": ":groovy-docgenerator:classes",
              "outcome": "EXECUTED"
            },
            {
              "path": ":groovy-docgenerator:compileGroovy",
              "outcome": "EXECUTED"
            },
            {
              "path": ":groovy-docgenerator:compileJava",
              "outcome": "NO_SOURCE"
            },
            {
              "path": ":groovy-docgenerator:generateReleaseInfo",
              "outcome": "EXECUTED"
            },
            {
              "path": ":groovy-docgenerator:jar",
              "outcome": "EXECUTED"
            },
            {
              "path": ":groovy-docgenerator:processResources",
              "outcome": "EXECUTED"
            },
            {
              "path": ":groovy-ginq:classes",
              "outcome": "EXECUTED"
            },
            {
              "path": ":groovy-ginq:compileGroovy",
              "outcome": "EXECUTED"
            },
            {
              "path": ":groovy-ginq:compileJava",
              "outcome": "NO_SOURCE"
            },
            {
              "path": ":groovy-ginq:moduleDescriptor",
              "outcome": "EXECUTED"
            },
            {
              "path": ":groovy-ginq:processResources",
              "outcome": "NO_SOURCE"
            },
            {
              "path": ":groovy-groovydoc:classes",
              "outcome": "EXECUTED"
            },
            {
              "path": ":groovy-groovydoc:compileGroovy",
              "outcome": "EXECUTED"
            },
            {
              "path": ":groovy-groovydoc:compileJava",
              "outcome": "FROM_CACHE"
            },
            {
              "path": ":groovy-groovydoc:generateReleaseInfo",
              "outcome": "EXECUTED"
            },
            {
              "path": ":groovy-groovydoc:jar",
              "outcome": "EXECUTED"
            },
            {
              "path": ":groovy-groovydoc:processResources",
              "outcome": "EXECUTED"
            },
            {
              "path": ":groovy-groovysh:classes",
              "outcome": "EXECUTED"
            },
            {
              "path": ":groovy-groovysh:compileGroovy",
              "outcome": "EXECUTED"
            },
            {
              "path": ":groovy-groovysh:compileJava",
              "outcome": "NO_SOURCE"
            },
            {
              "path": ":groovy-groovysh:processResources",
              "outcome": "EXECUTED"
            },
            {
              "path": ":groovy-jmx:classes",
              "outcome": "EXECUTED"
            },
            {
              "path": ":groovy-jmx:compileGroovy",
              "outcome": "EXECUTED"
            },
            {
              "path": ":groovy-jmx:compileJava",
              "outcome": "FROM_CACHE"
            },
            {
              "path": ":groovy-jmx:processResources",
              "outcome": "NO_SOURCE"
            },
            {
              "path": ":groovy-json:classes",
              "outcome": "EXECUTED"
            },
            {
              "path": ":groovy-json:compileGroovy",
              "outcome": "NO_SOURCE"
            },
            {
              "path": ":groovy-json:compileJava",
              "outcome": "FROM_CACHE"
            },
            {
              "path": ":groovy-json:generateReleaseInfo",
              "outcome": "EXECUTED"
            },
            {
              "path": ":groovy-json:jar",
              "outcome": "EXECUTED"
            },
            {
              "path": ":groovy-json:processResources",
              "outcome": "EXECUTED"
            },
            {
              "path": ":groovy-jsr223:classes",
              "outcome": "EXECUTED"
            },
            {
              "path": ":groovy-jsr223:compileGroovy",
              "outcome": "NO_SOURCE"
            },
            {
              "path": ":groovy-jsr223:compileJava",
              "outcome": "FROM_CACHE"
            },
            {
              "path": ":groovy-jsr223:moduleDescriptor",
              "outcome": "EXECUTED"
            },
            {
              "path": ":groovy-jsr223:processResources",
              "outcome": "EXECUTED"
            },
            {
              "path": ":groovy-macro-library:classes",
              "outcome": "EXECUTED"
            },
            {
              "path": ":groovy-macro-library:compileGroovy",
              "outcome": "EXECUTED"
            },
            {
              "path": ":groovy-macro-library:compileJava",
              "outcome": "NO_SOURCE"
            },
            {
              "path": ":groovy-macro-library:moduleDescriptor",
              "outcome": "EXECUTED"
            },
            {
              "path": ":groovy-macro-library:processResources",
              "outcome": "NO_SOURCE"
            },
            {
              "path": ":groovy-macro:classes",
              "outcome": "EXECUTED"
            },
            {
              "path": ":groovy-macro:compileGroovy",
              "outcome": "EXECUTED"
            },
            {
              "path": ":groovy-macro:compileJava",
              "outcome": "NO_SOURCE"
            },
            {
              "path": ":groovy-macro:generateReleaseInfo",
              "outcome": "EXECUTED"
            },
            {
              "path": ":groovy-macro:jar",
              "outcome": "EXECUTED"
            },
            {
              "path": ":groovy-macro:moduleDescriptor",
              "outcome": "EXECUTED"
            },
            {
              "path": ":groovy-macro:processResources",
              "outcome": "EXECUTED"
            },
            {
              "path": ":groovy-nio:classes",
              "outcome": "UP_TO_DATE"
            },
            {
              "path": ":groovy-nio:compileGroovy",
              "outcome": "NO_SOURCE"
            },
            {
              "path": ":groovy-nio:compileJava",
              "outcome": "FROM_CACHE"
            },
            {
              "path": ":groovy-nio:generateReleaseInfo",
              "outcome": "EXECUTED"
            },
            {
              "path": ":groovy-nio:jar",
              "outcome": "EXECUTED"
            },
            {
              "path": ":groovy-nio:moduleDescriptor",
              "outcome": "EXECUTED"
            },
            {
              "path": ":groovy-nio:processResources",
              "outcome": "NO_SOURCE"
            },
            {
              "path": ":groovy-servlet:classes",
              "outcome": "UP_TO_DATE"
            },
            {
              "path": ":groovy-servlet:compileGroovy",
              "outcome": "NO_SOURCE"
            },
            {
              "path": ":groovy-servlet:compileJava",
              "outcome": "FROM_CACHE"
            },
            {
              "path": ":groovy-servlet:processResources",
              "outcome": "NO_SOURCE"
            },
            {
              "path": ":groovy-sql:classes",
              "outcome": "UP_TO_DATE"
            },
            {
              "path": ":groovy-sql:compileGroovy",
              "outcome": "NO_SOURCE"
            },
            {
              "path": ":groovy-sql:compileJava",
              "outcome": "FROM_CACHE"
            },
            {
              "path": ":groovy-sql:moduleDescriptor",
              "outcome": "EXECUTED"
            },
            {
              "path": ":groovy-sql:processResources",
              "outcome": "NO_SOURCE"
            },
            {
              "path": ":groovy-swing:classes",
              "outcome": "EXECUTED"
            },
            {
              "path": ":groovy-swing:compileGroovy",
              "outcome": "EXECUTED"
            },
            {
              "path": ":groovy-swing:compileJava",
              "outcome": "FROM_CACHE"
            },
            {
              "path": ":groovy-swing:generateReleaseInfo",
              "outcome": "EXECUTED"
            },
            {
              "path": ":groovy-swing:jar",
              "outcome": "EXECUTED"
            },
            {
              "path": ":groovy-swing:moduleDescriptor",
              "outcome": "EXECUTED"
            },
            {
              "path": ":groovy-swing:processResources",
              "outcome": "NO_SOURCE"
            },
            {
              "path": ":groovy-templates:classes",
              "outcome": "EXECUTED"
            },
            {
              "path": ":groovy-templates:compileGroovy",
              "outcome": "EXECUTED"
            },
            {
              "path": ":groovy-templates:compileJava",
              "outcome": "NO_SOURCE"
            },
            {
              "path": ":groovy-templates:generateReleaseInfo",
              "outcome": "EXECUTED"
            },
            {
              "path": ":groovy-templates:jar",
              "outcome": "EXECUTED"
            },
            {
              "path": ":groovy-templates:processResources",
              "outcome": "NO_SOURCE"
            },
            {
              "path": ":groovy-test-junit5:classes",
              "outcome": "EXECUTED"
            },
            {
              "path": ":groovy-test-junit5:compileGroovy",
              "outcome": "EXECUTED"
            },
            {
              "path": ":groovy-test-junit5:compileJava",
              "outcome": "FROM_CACHE"
            },
            {
              "path": ":groovy-test-junit5:processResources",
              "outcome": "EXECUTED"
            },
            {
              "path": ":groovy-test:classes",
              "outcome": "EXECUTED"
            },
            {
              "path": ":groovy-test:compileGroovy",
              "outcome": "EXECUTED"
            },
            {
              "path": ":groovy-test:compileJava",
              "outcome": "FROM_CACHE"
            },
            {
              "path": ":groovy-test:processResources",
              "outcome": "NO_SOURCE"
            },
            {
              "path": ":groovy-testng:classes",
              "outcome": "EXECUTED"
            },
            {
              "path": ":groovy-testng:compileGroovy",
              "outcome": "NO_SOURCE"
            },
            {
              "path": ":groovy-testng:compileJava",
              "outcome": "FROM_CACHE"
            },
            {
              "path": ":groovy-testng:processResources",
              "outcome": "EXECUTED"
            },
            {
              "path": ":groovy-toml:classes",
              "outcome": "UP_TO_DATE"
            },
            {
              "path": ":groovy-toml:compileGroovy",
              "outcome": "NO_SOURCE"
            },
            {
              "path": ":groovy-toml:compileJava",
              "outcome": "FROM_CACHE"
            },
            {
              "path": ":groovy-toml:processResources",
              "outcome": "NO_SOURCE"
            },
            {
              "path": ":groovy-typecheckers:classes",
              "outcome": "EXECUTED"
            },
            {
              "path": ":groovy-typecheckers:compileGroovy",
              "outcome": "EXECUTED"
            },
            {
              "path": ":groovy-typecheckers:compileJava",
              "outcome": "NO_SOURCE"
            },
            {
              "path": ":groovy-typecheckers:processResources",
              "outcome": "NO_SOURCE"
            },
            {
              "path": ":groovy-xml:classes",
              "outcome": "EXECUTED"
            },
            {
              "path": ":groovy-xml:compileGroovy",
              "outcome": "EXECUTED"
            },
            {
              "path": ":groovy-xml:compileJava",
              "outcome": "FROM_CACHE"
            },
            {
              "path": ":groovy-xml:generateReleaseInfo",
              "outcome": "EXECUTED"
            },
            {
              "path": ":groovy-xml:jar",
              "outcome": "EXECUTED"
            },
            {
              "path": ":groovy-xml:moduleDescriptor",
              "outcome": "EXECUTED"
            },
            {
              "path": ":groovy-xml:processResources",
              "outcome": "NO_SOURCE"
            },
            {
              "path": ":groovy-yaml:classes",
              "outcome": "UP_TO_DATE"
            },
            {
              "path": ":groovy-yaml:compileGroovy",
              "outcome": "NO_SOURCE"
            },
            {
              "path": ":groovy-yaml:compileJava",
              "outcome": "FROM_CACHE"
            },
            {
              "path": ":groovy-yaml:processResources",
              "outcome": "NO_SOURCE"
            },
            {
              "path": ":jar",
              "outcome": "EXECUTED"
            },
            {
              "path": ":osgiClasses",
              "outcome": "EXECUTED"
            },
            {
              "path": ":performance:classes",
              "outcome": "UP_TO_DATE"
            },
            {
              "path": ":performance:compileGroovy",
              "outcome": "NO_SOURCE"
            },
            {
              "path": ":performance:compileJava",
              "outcome": "NO_SOURCE"
            },
            {
              "path": ":performance:processResources",
              "outcome": "NO_SOURCE"
            },
            {
              "path": ":processResources",
              "outcome": "EXECUTED"
            },
            {
              "path": ":stress:classes",
              "outcome": "UP_TO_DATE"
            },
            {
              "path": ":stress:compileGroovy",
              "outcome": "NO_SOURCE"
            },
            {
              "path": ":stress:compileJava",
              "outcome": "NO_SOURCE"
            },
            {
              "path": ":stress:processResources",
              "outcome": "NO_SOURCE"
            },
            {
              "path": ":tests-preview:classes",
              "outcome": "UP_TO_DATE"
            },
            {
              "path": ":tests-preview:compileGroovy",
              "outcome": "NO_SOURCE"
            },
            {
              "path": ":tests-preview:compileJava",
              "outcome": "NO_SOURCE"
            },
            {
              "path": ":tests-preview:processResources",
              "outcome": "NO_SOURCE"
            }
          ]
        },
        "hostPressure": {
          "available": true,
          "cpuSomeTotalUs": 19562323,
          "memorySomeTotalUs": 160,
          "memoryFullTotalUs": 15,
          "ioSomeTotalUs": 45510604,
          "ioFullTotalUs": 19701540
        }
      },
      {
        "phase": "TARGET_WORKLOAD_STABILIZATION",
        "durationMs": 91949,
        "logSha256": "8844ae543132f4f9bb7567f06af343fcb2fde0b473fe6472e80f2982cd7cb8fe",
        "taskOutcomes": {
          "total": 175,
          "executed": 95,
          "fromCache": 24,
          "upToDate": 8,
          "noSource": 48,
          "skipped": 0,
          "fingerprintSha256": "4ee8d40cc83b46a0eb6fd63d9c7b6689faea17d9aa2a3395666dac7370f9debe",
          "tasks": [
            {
              "path": ":bootstrapJar",
              "outcome": "EXECUTED"
            },
            {
              "path": ":build-logic:classes",
              "outcome": "EXECUTED"
            },
            {
              "path": ":build-logic:compileGroovy",
              "outcome": "FROM_CACHE"
            },
            {
              "path": ":build-logic:compileGroovyPlugins",
              "outcome": "FROM_CACHE"
            },
            {
              "path": ":build-logic:compileJava",
              "outcome": "FROM_CACHE"
            },
            {
              "path": ":build-logic:extractPluginRequests",
              "outcome": "FROM_CACHE"
            },
            {
              "path": ":build-logic:generatePluginAdapters",
              "outcome": "FROM_CACHE"
            },
            {
              "path": ":build-logic:jar",
              "outcome": "EXECUTED"
            },
            {
              "path": ":build-logic:pluginDescriptors",
              "outcome": "EXECUTED"
            },
            {
              "path": ":build-logic:processResources",
              "outcome": "EXECUTED"
            },
            {
              "path": ":classes",
              "outcome": "EXECUTED"
            },
            {
              "path": ":compileGroovy",
              "outcome": "EXECUTED"
            },
            {
              "path": ":compileJava",
              "outcome": "FROM_CACHE"
            },
            {
              "path": ":dgmConverter",
              "outcome": "FROM_CACHE"
            },
            {
              "path": ":generateGrammarSource",
              "outcome": "FROM_CACHE"
            },
            {
              "path": ":generateReleaseInfo",
              "outcome": "EXECUTED"
            },
            {
              "path": ":groovy-ant:classes",
              "outcome": "EXECUTED"
            },
            {
              "path": ":groovy-ant:compileGroovy",
              "outcome": "EXECUTED"
            },
            {
              "path": ":groovy-ant:compileJava",
              "outcome": "FROM_CACHE"
            },
            {
              "path": ":groovy-ant:processResources",
              "outcome": "EXECUTED"
            },
            {
              "path": ":groovy-astbuilder:classes",
              "outcome": "EXECUTED"
            },
            {
              "path": ":groovy-astbuilder:compileGroovy",
              "outcome": "NO_SOURCE"
            },
            {
              "path": ":groovy-astbuilder:compileJava",
              "outcome": "FROM_CACHE"
            },
            {
              "path": ":groovy-astbuilder:processResources",
              "outcome": "EXECUTED"
            },
            {
              "path": ":groovy-cli-commons:classes",
              "outcome": "EXECUTED"
            },
            {
              "path": ":groovy-cli-commons:compileGroovy",
              "outcome": "EXECUTED"
            },
            {
              "path": ":groovy-cli-commons:compileJava",
              "outcome": "NO_SOURCE"
            },
            {
              "path": ":groovy-cli-commons:processResources",
              "outcome": "NO_SOURCE"
            },
            {
              "path": ":groovy-cli-picocli:classes",
              "outcome": "EXECUTED"
            },
            {
              "path": ":groovy-cli-picocli:compileGroovy",
              "outcome": "EXECUTED"
            },
            {
              "path": ":groovy-cli-picocli:compileJava",
              "outcome": "NO_SOURCE"
            },
            {
              "path": ":groovy-cli-picocli:processResources",
              "outcome": "NO_SOURCE"
            },
            {
              "path": ":groovy-console:classes",
              "outcome": "EXECUTED"
            },
            {
              "path": ":groovy-console:compileGroovy",
              "outcome": "EXECUTED"
            },
            {
              "path": ":groovy-console:compileJava",
              "outcome": "NO_SOURCE"
            },
            {
              "path": ":groovy-console:generateReleaseInfo",
              "outcome": "EXECUTED"
            },
            {
              "path": ":groovy-console:jar",
              "outcome": "EXECUTED"
            },
            {
              "path": ":groovy-console:processResources",
              "outcome": "EXECUTED"
            },
            {
              "path": ":groovy-contracts:classes",
              "outcome": "EXECUTED"
            },
            {
              "path": ":groovy-contracts:compileGroovy",
              "outcome": "NO_SOURCE"
            },
            {
              "path": ":groovy-contracts:compileJava",
              "outcome": "FROM_CACHE"
            },
            {
              "path": ":groovy-contracts:processResources",
              "outcome": "EXECUTED"
            },
            {
              "path": ":groovy-datetime:classes",
              "outcome": "UP_TO_DATE"
            },
            {
              "path": ":groovy-datetime:compileGroovy",
              "outcome": "NO_SOURCE"
            },
            {
              "path": ":groovy-datetime:compileJava",
              "outcome": "FROM_CACHE"
            },
            {
              "path": ":groovy-datetime:moduleDescriptor",
              "outcome": "EXECUTED"
            },
            {
              "path": ":groovy-datetime:processResources",
              "outcome": "NO_SOURCE"
            },
            {
              "path": ":groovy-dateutil:classes",
              "outcome": "UP_TO_DATE"
            },
            {
              "path": ":groovy-dateutil:compileGroovy",
              "outcome": "NO_SOURCE"
            },
            {
              "path": ":groovy-dateutil:compileJava",
              "outcome": "FROM_CACHE"
            },
            {
              "path": ":groovy-dateutil:moduleDescriptor",
              "outcome": "EXECUTED"
            },
            {
              "path": ":groovy-dateutil:processResources",
              "outcome": "NO_SOURCE"
            },
            {
              "path": ":groovy-docgenerator:classes",
              "outcome": "EXECUTED"
            },
            {
              "path": ":groovy-docgenerator:compileGroovy",
              "outcome": "EXECUTED"
            },
            {
              "path": ":groovy-docgenerator:compileJava",
              "outcome": "NO_SOURCE"
            },
            {
              "path": ":groovy-docgenerator:generateReleaseInfo",
              "outcome": "EXECUTED"
            },
            {
              "path": ":groovy-docgenerator:jar",
              "outcome": "EXECUTED"
            },
            {
              "path": ":groovy-docgenerator:processResources",
              "outcome": "EXECUTED"
            },
            {
              "path": ":groovy-ginq:classes",
              "outcome": "EXECUTED"
            },
            {
              "path": ":groovy-ginq:compileGroovy",
              "outcome": "EXECUTED"
            },
            {
              "path": ":groovy-ginq:compileJava",
              "outcome": "NO_SOURCE"
            },
            {
              "path": ":groovy-ginq:moduleDescriptor",
              "outcome": "EXECUTED"
            },
            {
              "path": ":groovy-ginq:processResources",
              "outcome": "NO_SOURCE"
            },
            {
              "path": ":groovy-groovydoc:classes",
              "outcome": "EXECUTED"
            },
            {
              "path": ":groovy-groovydoc:compileGroovy",
              "outcome": "EXECUTED"
            },
            {
              "path": ":groovy-groovydoc:compileJava",
              "outcome": "FROM_CACHE"
            },
            {
              "path": ":groovy-groovydoc:generateReleaseInfo",
              "outcome": "EXECUTED"
            },
            {
              "path": ":groovy-groovydoc:jar",
              "outcome": "EXECUTED"
            },
            {
              "path": ":groovy-groovydoc:processResources",
              "outcome": "EXECUTED"
            },
            {
              "path": ":groovy-groovysh:classes",
              "outcome": "EXECUTED"
            },
            {
              "path": ":groovy-groovysh:compileGroovy",
              "outcome": "EXECUTED"
            },
            {
              "path": ":groovy-groovysh:compileJava",
              "outcome": "NO_SOURCE"
            },
            {
              "path": ":groovy-groovysh:processResources",
              "outcome": "EXECUTED"
            },
            {
              "path": ":groovy-jmx:classes",
              "outcome": "EXECUTED"
            },
            {
              "path": ":groovy-jmx:compileGroovy",
              "outcome": "EXECUTED"
            },
            {
              "path": ":groovy-jmx:compileJava",
              "outcome": "FROM_CACHE"
            },
            {
              "path": ":groovy-jmx:processResources",
              "outcome": "NO_SOURCE"
            },
            {
              "path": ":groovy-json:classes",
              "outcome": "EXECUTED"
            },
            {
              "path": ":groovy-json:compileGroovy",
              "outcome": "NO_SOURCE"
            },
            {
              "path": ":groovy-json:compileJava",
              "outcome": "EXECUTED"
            },
            {
              "path": ":groovy-json:generateReleaseInfo",
              "outcome": "EXECUTED"
            },
            {
              "path": ":groovy-json:jar",
              "outcome": "EXECUTED"
            },
            {
              "path": ":groovy-json:processResources",
              "outcome": "EXECUTED"
            },
            {
              "path": ":groovy-jsr223:classes",
              "outcome": "EXECUTED"
            },
            {
              "path": ":groovy-jsr223:compileGroovy",
              "outcome": "NO_SOURCE"
            },
            {
              "path": ":groovy-jsr223:compileJava",
              "outcome": "FROM_CACHE"
            },
            {
              "path": ":groovy-jsr223:moduleDescriptor",
              "outcome": "EXECUTED"
            },
            {
              "path": ":groovy-jsr223:processResources",
              "outcome": "EXECUTED"
            },
            {
              "path": ":groovy-macro-library:classes",
              "outcome": "EXECUTED"
            },
            {
              "path": ":groovy-macro-library:compileGroovy",
              "outcome": "EXECUTED"
            },
            {
              "path": ":groovy-macro-library:compileJava",
              "outcome": "NO_SOURCE"
            },
            {
              "path": ":groovy-macro-library:moduleDescriptor",
              "outcome": "EXECUTED"
            },
            {
              "path": ":groovy-macro-library:processResources",
              "outcome": "NO_SOURCE"
            },
            {
              "path": ":groovy-macro:classes",
              "outcome": "EXECUTED"
            },
            {
              "path": ":groovy-macro:compileGroovy",
              "outcome": "EXECUTED"
            },
            {
              "path": ":groovy-macro:compileJava",
              "outcome": "NO_SOURCE"
            },
            {
              "path": ":groovy-macro:generateReleaseInfo",
              "outcome": "EXECUTED"
            },
            {
              "path": ":groovy-macro:jar",
              "outcome": "EXECUTED"
            },
            {
              "path": ":groovy-macro:moduleDescriptor",
              "outcome": "EXECUTED"
            },
            {
              "path": ":groovy-macro:processResources",
              "outcome": "EXECUTED"
            },
            {
              "path": ":groovy-nio:classes",
              "outcome": "UP_TO_DATE"
            },
            {
              "path": ":groovy-nio:compileGroovy",
              "outcome": "NO_SOURCE"
            },
            {
              "path": ":groovy-nio:compileJava",
              "outcome": "FROM_CACHE"
            },
            {
              "path": ":groovy-nio:generateReleaseInfo",
              "outcome": "EXECUTED"
            },
            {
              "path": ":groovy-nio:jar",
              "outcome": "EXECUTED"
            },
            {
              "path": ":groovy-nio:moduleDescriptor",
              "outcome": "EXECUTED"
            },
            {
              "path": ":groovy-nio:processResources",
              "outcome": "NO_SOURCE"
            },
            {
              "path": ":groovy-servlet:classes",
              "outcome": "UP_TO_DATE"
            },
            {
              "path": ":groovy-servlet:compileGroovy",
              "outcome": "NO_SOURCE"
            },
            {
              "path": ":groovy-servlet:compileJava",
              "outcome": "FROM_CACHE"
            },
            {
              "path": ":groovy-servlet:processResources",
              "outcome": "NO_SOURCE"
            },
            {
              "path": ":groovy-sql:classes",
              "outcome": "UP_TO_DATE"
            },
            {
              "path": ":groovy-sql:compileGroovy",
              "outcome": "NO_SOURCE"
            },
            {
              "path": ":groovy-sql:compileJava",
              "outcome": "FROM_CACHE"
            },
            {
              "path": ":groovy-sql:moduleDescriptor",
              "outcome": "EXECUTED"
            },
            {
              "path": ":groovy-sql:processResources",
              "outcome": "NO_SOURCE"
            },
            {
              "path": ":groovy-swing:classes",
              "outcome": "EXECUTED"
            },
            {
              "path": ":groovy-swing:compileGroovy",
              "outcome": "EXECUTED"
            },
            {
              "path": ":groovy-swing:compileJava",
              "outcome": "FROM_CACHE"
            },
            {
              "path": ":groovy-swing:generateReleaseInfo",
              "outcome": "EXECUTED"
            },
            {
              "path": ":groovy-swing:jar",
              "outcome": "EXECUTED"
            },
            {
              "path": ":groovy-swing:moduleDescriptor",
              "outcome": "EXECUTED"
            },
            {
              "path": ":groovy-swing:processResources",
              "outcome": "NO_SOURCE"
            },
            {
              "path": ":groovy-templates:classes",
              "outcome": "EXECUTED"
            },
            {
              "path": ":groovy-templates:compileGroovy",
              "outcome": "EXECUTED"
            },
            {
              "path": ":groovy-templates:compileJava",
              "outcome": "NO_SOURCE"
            },
            {
              "path": ":groovy-templates:generateReleaseInfo",
              "outcome": "EXECUTED"
            },
            {
              "path": ":groovy-templates:jar",
              "outcome": "EXECUTED"
            },
            {
              "path": ":groovy-templates:processResources",
              "outcome": "NO_SOURCE"
            },
            {
              "path": ":groovy-test-junit5:classes",
              "outcome": "EXECUTED"
            },
            {
              "path": ":groovy-test-junit5:compileGroovy",
              "outcome": "EXECUTED"
            },
            {
              "path": ":groovy-test-junit5:compileJava",
              "outcome": "FROM_CACHE"
            },
            {
              "path": ":groovy-test-junit5:processResources",
              "outcome": "EXECUTED"
            },
            {
              "path": ":groovy-test:classes",
              "outcome": "EXECUTED"
            },
            {
              "path": ":groovy-test:compileGroovy",
              "outcome": "EXECUTED"
            },
            {
              "path": ":groovy-test:compileJava",
              "outcome": "FROM_CACHE"
            },
            {
              "path": ":groovy-test:processResources",
              "outcome": "NO_SOURCE"
            },
            {
              "path": ":groovy-testng:classes",
              "outcome": "EXECUTED"
            },
            {
              "path": ":groovy-testng:compileGroovy",
              "outcome": "NO_SOURCE"
            },
            {
              "path": ":groovy-testng:compileJava",
              "outcome": "FROM_CACHE"
            },
            {
              "path": ":groovy-testng:processResources",
              "outcome": "EXECUTED"
            },
            {
              "path": ":groovy-toml:classes",
              "outcome": "EXECUTED"
            },
            {
              "path": ":groovy-toml:compileGroovy",
              "outcome": "NO_SOURCE"
            },
            {
              "path": ":groovy-toml:compileJava",
              "outcome": "EXECUTED"
            },
            {
              "path": ":groovy-toml:processResources",
              "outcome": "NO_SOURCE"
            },
            {
              "path": ":groovy-typecheckers:classes",
              "outcome": "EXECUTED"
            },
            {
              "path": ":groovy-typecheckers:compileGroovy",
              "outcome": "EXECUTED"
            },
            {
              "path": ":groovy-typecheckers:compileJava",
              "outcome": "NO_SOURCE"
            },
            {
              "path": ":groovy-typecheckers:processResources",
              "outcome": "NO_SOURCE"
            },
            {
              "path": ":groovy-xml:classes",
              "outcome": "EXECUTED"
            },
            {
              "path": ":groovy-xml:compileGroovy",
              "outcome": "EXECUTED"
            },
            {
              "path": ":groovy-xml:compileJava",
              "outcome": "FROM_CACHE"
            },
            {
              "path": ":groovy-xml:generateReleaseInfo",
              "outcome": "EXECUTED"
            },
            {
              "path": ":groovy-xml:jar",
              "outcome": "EXECUTED"
            },
            {
              "path": ":groovy-xml:moduleDescriptor",
              "outcome": "EXECUTED"
            },
            {
              "path": ":groovy-xml:processResources",
              "outcome": "NO_SOURCE"
            },
            {
              "path": ":groovy-yaml:classes",
              "outcome": "EXECUTED"
            },
            {
              "path": ":groovy-yaml:compileGroovy",
              "outcome": "NO_SOURCE"
            },
            {
              "path": ":groovy-yaml:compileJava",
              "outcome": "EXECUTED"
            },
            {
              "path": ":groovy-yaml:processResources",
              "outcome": "NO_SOURCE"
            },
            {
              "path": ":jar",
              "outcome": "EXECUTED"
            },
            {
              "path": ":osgiClasses",
              "outcome": "EXECUTED"
            },
            {
              "path": ":performance:classes",
              "outcome": "UP_TO_DATE"
            },
            {
              "path": ":performance:compileGroovy",
              "outcome": "NO_SOURCE"
            },
            {
              "path": ":performance:compileJava",
              "outcome": "NO_SOURCE"
            },
            {
              "path": ":performance:processResources",
              "outcome": "NO_SOURCE"
            },
            {
              "path": ":processResources",
              "outcome": "EXECUTED"
            },
            {
              "path": ":stress:classes",
              "outcome": "UP_TO_DATE"
            },
            {
              "path": ":stress:compileGroovy",
              "outcome": "NO_SOURCE"
            },
            {
              "path": ":stress:compileJava",
              "outcome": "NO_SOURCE"
            },
            {
              "path": ":stress:processResources",
              "outcome": "NO_SOURCE"
            },
            {
              "path": ":tests-preview:classes",
              "outcome": "UP_TO_DATE"
            },
            {
              "path": ":tests-preview:compileGroovy",
              "outcome": "NO_SOURCE"
            },
            {
              "path": ":tests-preview:compileJava",
              "outcome": "NO_SOURCE"
            },
            {
              "path": ":tests-preview:processResources",
              "outcome": "NO_SOURCE"
            }
          ]
        },
        "hostPressure": {
          "available": true,
          "cpuSomeTotalUs": 24735470,
          "memorySomeTotalUs": 244,
          "memoryFullTotalUs": 240,
          "ioSomeTotalUs": 44974675,
          "ioFullTotalUs": 16982724
        }
      }
    ],
    "candidateWarmups": [
      {
        "phase": "CACHE_SEED",
        "durationMs": 160135,
        "logSha256": "007b2a8948ee959eae7fdce167e020a8eb205df270b54486ce137e54046f9579",
        "taskOutcomes": {
          "total": 23,
          "executed": 22,
          "fromCache": 0,
          "upToDate": 0,
          "noSource": 1,
          "skipped": 0,
          "fingerprintSha256": "9962e007f35dbb9c818ea4bcffc1e9c51e45c36e9826f4c3e757d4e3fa169caf",
          "tasks": [
            {
              "path": ":bootstrapJar",
              "outcome": "EXECUTED"
            },
            {
              "path": ":build-logic:classes",
              "outcome": "EXECUTED"
            },
            {
              "path": ":build-logic:compileGroovy",
              "outcome": "EXECUTED"
            },
            {
              "path": ":build-logic:compileGroovyPlugins",
              "outcome": "EXECUTED"
            },
            {
              "path": ":build-logic:compileJava",
              "outcome": "EXECUTED"
            },
            {
              "path": ":build-logic:extractPluginRequests",
              "outcome": "EXECUTED"
            },
            {
              "path": ":build-logic:generatePluginAdapters",
              "outcome": "EXECUTED"
            },
            {
              "path": ":build-logic:jar",
              "outcome": "EXECUTED"
            },
            {
              "path": ":build-logic:pluginDescriptors",
              "outcome": "EXECUTED"
            },
            {
              "path": ":build-logic:processResources",
              "outcome": "EXECUTED"
            },
            {
              "path": ":classes",
              "outcome": "EXECUTED"
            },
            {
              "path": ":compileGroovy",
              "outcome": "EXECUTED"
            },
            {
              "path": ":compileJava",
              "outcome": "EXECUTED"
            },
            {
              "path": ":dgmConverter",
              "outcome": "EXECUTED"
            },
            {
              "path": ":generateGrammarSource",
              "outcome": "EXECUTED"
            },
            {
              "path": ":generateReleaseInfo",
              "outcome": "EXECUTED"
            },
            {
              "path": ":groovy-json:classes",
              "outcome": "EXECUTED"
            },
            {
              "path": ":groovy-json:compileGroovy",
              "outcome": "NO_SOURCE"
            },
            {
              "path": ":groovy-json:compileJava",
              "outcome": "EXECUTED"
            },
            {
              "path": ":groovy-json:processResources",
              "outcome": "EXECUTED"
            },
            {
              "path": ":jar",
              "outcome": "EXECUTED"
            },
            {
              "path": ":osgiClasses",
              "outcome": "EXECUTED"
            },
            {
              "path": ":processResources",
              "outcome": "EXECUTED"
            }
          ]
        },
        "hostPressure": {
          "available": true,
          "cpuSomeTotalUs": 1918298,
          "memorySomeTotalUs": 86,
          "memoryFullTotalUs": 85,
          "ioSomeTotalUs": 98771144,
          "ioFullTotalUs": 70143768
        }
      },
      {
        "phase": "BASE_DAEMON_STABILIZATION",
        "durationMs": 16824,
        "logSha256": "cb17f890e0847ffee6e7b64ec538f132b523fc464492f023667108af8122fe1d",
        "taskOutcomes": {
          "total": 23,
          "executed": 12,
          "fromCache": 10,
          "upToDate": 0,
          "noSource": 1,
          "skipped": 0,
          "fingerprintSha256": "e4a3d9c682136d92412152679c035b3f7f4e7c235aab9bbf16aa0ffc517fec0e",
          "tasks": [
            {
              "path": ":bootstrapJar",
              "outcome": "EXECUTED"
            },
            {
              "path": ":build-logic:classes",
              "outcome": "EXECUTED"
            },
            {
              "path": ":build-logic:compileGroovy",
              "outcome": "FROM_CACHE"
            },
            {
              "path": ":build-logic:compileGroovyPlugins",
              "outcome": "FROM_CACHE"
            },
            {
              "path": ":build-logic:compileJava",
              "outcome": "FROM_CACHE"
            },
            {
              "path": ":build-logic:extractPluginRequests",
              "outcome": "FROM_CACHE"
            },
            {
              "path": ":build-logic:generatePluginAdapters",
              "outcome": "FROM_CACHE"
            },
            {
              "path": ":build-logic:jar",
              "outcome": "EXECUTED"
            },
            {
              "path": ":build-logic:pluginDescriptors",
              "outcome": "EXECUTED"
            },
            {
              "path": ":build-logic:processResources",
              "outcome": "EXECUTED"
            },
            {
              "path": ":classes",
              "outcome": "EXECUTED"
            },
            {
              "path": ":compileGroovy",
              "outcome": "FROM_CACHE"
            },
            {
              "path": ":compileJava",
              "outcome": "FROM_CACHE"
            },
            {
              "path": ":dgmConverter",
              "outcome": "FROM_CACHE"
            },
            {
              "path": ":generateGrammarSource",
              "outcome": "FROM_CACHE"
            },
            {
              "path": ":generateReleaseInfo",
              "outcome": "EXECUTED"
            },
            {
              "path": ":groovy-json:classes",
              "outcome": "EXECUTED"
            },
            {
              "path": ":groovy-json:compileGroovy",
              "outcome": "NO_SOURCE"
            },
            {
              "path": ":groovy-json:compileJava",
              "outcome": "FROM_CACHE"
            },
            {
              "path": ":groovy-json:processResources",
              "outcome": "EXECUTED"
            },
            {
              "path": ":jar",
              "outcome": "EXECUTED"
            },
            {
              "path": ":osgiClasses",
              "outcome": "EXECUTED"
            },
            {
              "path": ":processResources",
              "outcome": "EXECUTED"
            }
          ]
        },
        "hostPressure": {
          "available": true,
          "cpuSomeTotalUs": 79303,
          "memorySomeTotalUs": 108,
          "memoryFullTotalUs": 109,
          "ioSomeTotalUs": 12190825,
          "ioFullTotalUs": 9592823
        }
      },
      {
        "phase": "TARGET_WORKLOAD_STABILIZATION",
        "durationMs": 13303,
        "logSha256": "f5040fefdf81df4ede047565813dca13c48870e6649f7fdadf38871b1c69f7c0",
        "taskOutcomes": {
          "total": 23,
          "executed": 13,
          "fromCache": 9,
          "upToDate": 0,
          "noSource": 1,
          "skipped": 0,
          "fingerprintSha256": "da87718c87c893348b8f2c82f7695744a86859d7cd93c6c8009c12a086ceea6c",
          "tasks": [
            {
              "path": ":bootstrapJar",
              "outcome": "EXECUTED"
            },
            {
              "path": ":build-logic:classes",
              "outcome": "EXECUTED"
            },
            {
              "path": ":build-logic:compileGroovy",
              "outcome": "FROM_CACHE"
            },
            {
              "path": ":build-logic:compileGroovyPlugins",
              "outcome": "FROM_CACHE"
            },
            {
              "path": ":build-logic:compileJava",
              "outcome": "FROM_CACHE"
            },
            {
              "path": ":build-logic:extractPluginRequests",
              "outcome": "FROM_CACHE"
            },
            {
              "path": ":build-logic:generatePluginAdapters",
              "outcome": "FROM_CACHE"
            },
            {
              "path": ":build-logic:jar",
              "outcome": "EXECUTED"
            },
            {
              "path": ":build-logic:pluginDescriptors",
              "outcome": "EXECUTED"
            },
            {
              "path": ":build-logic:processResources",
              "outcome": "EXECUTED"
            },
            {
              "path": ":classes",
              "outcome": "EXECUTED"
            },
            {
              "path": ":compileGroovy",
              "outcome": "FROM_CACHE"
            },
            {
              "path": ":compileJava",
              "outcome": "FROM_CACHE"
            },
            {
              "path": ":dgmConverter",
              "outcome": "FROM_CACHE"
            },
            {
              "path": ":generateGrammarSource",
              "outcome": "FROM_CACHE"
            },
            {
              "path": ":generateReleaseInfo",
              "outcome": "EXECUTED"
            },
            {
              "path": ":groovy-json:classes",
              "outcome": "EXECUTED"
            },
            {
              "path": ":groovy-json:compileGroovy",
              "outcome": "NO_SOURCE"
            },
            {
              "path": ":groovy-json:compileJava",
              "outcome": "EXECUTED"
            },
            {
              "path": ":groovy-json:processResources",
              "outcome": "EXECUTED"
            },
            {
              "path": ":jar",
              "outcome": "EXECUTED"
            },
            {
              "path": ":osgiClasses",
              "outcome": "EXECUTED"
            },
            {
              "path": ":processResources",
              "outcome": "EXECUTED"
            }
          ]
        },
        "hostPressure": {
          "available": true,
          "cpuSomeTotalUs": 98989,
          "memorySomeTotalUs": 0,
          "memoryFullTotalUs": 0,
          "ioSomeTotalUs": 9455431,
          "ioFullTotalUs": 6721211
        }
      }
    ]
  },
  "observations": [
    {
      "pair": 1,
      "order": "CONTROL_FIRST",
      "controlDurationMs": 85338,
      "candidateDurationMs": 22980,
      "savedMs": 62358,
      "controlRequiredOutputSha256": "3d8afa0c7f5f31a3dea7c0098e607284926ec09e538c5e6dd781a8570211551d",
      "candidateRequiredOutputSha256": "3d8afa0c7f5f31a3dea7c0098e607284926ec09e538c5e6dd781a8570211551d",
      "requiredOutputCount": 66,
      "productAttributableFailure": false,
      "controlLogSha256": "4d69c7b934ec396e52df5fdcd05e24b570391c5132247516244b9043086d8fde",
      "candidateLogSha256": "479bc0f15092ce0aa63913ffb7aef0652ffef8ed031bd9aa3f061ba9d6cba3fe",
      "controlTaskOutcomes": {
        "total": 175,
        "executed": 95,
        "fromCache": 24,
        "upToDate": 8,
        "noSource": 48,
        "skipped": 0,
        "fingerprintSha256": "4ee8d40cc83b46a0eb6fd63d9c7b6689faea17d9aa2a3395666dac7370f9debe",
        "tasks": [
          {
            "path": ":bootstrapJar",
            "outcome": "EXECUTED"
          },
          {
            "path": ":build-logic:classes",
            "outcome": "EXECUTED"
          },
          {
            "path": ":build-logic:compileGroovy",
            "outcome": "FROM_CACHE"
          },
          {
            "path": ":build-logic:compileGroovyPlugins",
            "outcome": "FROM_CACHE"
          },
          {
            "path": ":build-logic:compileJava",
            "outcome": "FROM_CACHE"
          },
          {
            "path": ":build-logic:extractPluginRequests",
            "outcome": "FROM_CACHE"
          },
          {
            "path": ":build-logic:generatePluginAdapters",
            "outcome": "FROM_CACHE"
          },
          {
            "path": ":build-logic:jar",
            "outcome": "EXECUTED"
          },
          {
            "path": ":build-logic:pluginDescriptors",
            "outcome": "EXECUTED"
          },
          {
            "path": ":build-logic:processResources",
            "outcome": "EXECUTED"
          },
          {
            "path": ":classes",
            "outcome": "EXECUTED"
          },
          {
            "path": ":compileGroovy",
            "outcome": "EXECUTED"
          },
          {
            "path": ":compileJava",
            "outcome": "FROM_CACHE"
          },
          {
            "path": ":dgmConverter",
            "outcome": "FROM_CACHE"
          },
          {
            "path": ":generateGrammarSource",
            "outcome": "FROM_CACHE"
          },
          {
            "path": ":generateReleaseInfo",
            "outcome": "EXECUTED"
          },
          {
            "path": ":groovy-ant:classes",
            "outcome": "EXECUTED"
          },
          {
            "path": ":groovy-ant:compileGroovy",
            "outcome": "EXECUTED"
          },
          {
            "path": ":groovy-ant:compileJava",
            "outcome": "FROM_CACHE"
          },
          {
            "path": ":groovy-ant:processResources",
            "outcome": "EXECUTED"
          },
          {
            "path": ":groovy-astbuilder:classes",
            "outcome": "EXECUTED"
          },
          {
            "path": ":groovy-astbuilder:compileGroovy",
            "outcome": "NO_SOURCE"
          },
          {
            "path": ":groovy-astbuilder:compileJava",
            "outcome": "FROM_CACHE"
          },
          {
            "path": ":groovy-astbuilder:processResources",
            "outcome": "EXECUTED"
          },
          {
            "path": ":groovy-cli-commons:classes",
            "outcome": "EXECUTED"
          },
          {
            "path": ":groovy-cli-commons:compileGroovy",
            "outcome": "EXECUTED"
          },
          {
            "path": ":groovy-cli-commons:compileJava",
            "outcome": "NO_SOURCE"
          },
          {
            "path": ":groovy-cli-commons:processResources",
            "outcome": "NO_SOURCE"
          },
          {
            "path": ":groovy-cli-picocli:classes",
            "outcome": "EXECUTED"
          },
          {
            "path": ":groovy-cli-picocli:compileGroovy",
            "outcome": "EXECUTED"
          },
          {
            "path": ":groovy-cli-picocli:compileJava",
            "outcome": "NO_SOURCE"
          },
          {
            "path": ":groovy-cli-picocli:processResources",
            "outcome": "NO_SOURCE"
          },
          {
            "path": ":groovy-console:classes",
            "outcome": "EXECUTED"
          },
          {
            "path": ":groovy-console:compileGroovy",
            "outcome": "EXECUTED"
          },
          {
            "path": ":groovy-console:compileJava",
            "outcome": "NO_SOURCE"
          },
          {
            "path": ":groovy-console:generateReleaseInfo",
            "outcome": "EXECUTED"
          },
          {
            "path": ":groovy-console:jar",
            "outcome": "EXECUTED"
          },
          {
            "path": ":groovy-console:processResources",
            "outcome": "EXECUTED"
          },
          {
            "path": ":groovy-contracts:classes",
            "outcome": "EXECUTED"
          },
          {
            "path": ":groovy-contracts:compileGroovy",
            "outcome": "NO_SOURCE"
          },
          {
            "path": ":groovy-contracts:compileJava",
            "outcome": "FROM_CACHE"
          },
          {
            "path": ":groovy-contracts:processResources",
            "outcome": "EXECUTED"
          },
          {
            "path": ":groovy-datetime:classes",
            "outcome": "UP_TO_DATE"
          },
          {
            "path": ":groovy-datetime:compileGroovy",
            "outcome": "NO_SOURCE"
          },
          {
            "path": ":groovy-datetime:compileJava",
            "outcome": "FROM_CACHE"
          },
          {
            "path": ":groovy-datetime:moduleDescriptor",
            "outcome": "EXECUTED"
          },
          {
            "path": ":groovy-datetime:processResources",
            "outcome": "NO_SOURCE"
          },
          {
            "path": ":groovy-dateutil:classes",
            "outcome": "UP_TO_DATE"
          },
          {
            "path": ":groovy-dateutil:compileGroovy",
            "outcome": "NO_SOURCE"
          },
          {
            "path": ":groovy-dateutil:compileJava",
            "outcome": "FROM_CACHE"
          },
          {
            "path": ":groovy-dateutil:moduleDescriptor",
            "outcome": "EXECUTED"
          },
          {
            "path": ":groovy-dateutil:processResources",
            "outcome": "NO_SOURCE"
          },
          {
            "path": ":groovy-docgenerator:classes",
            "outcome": "EXECUTED"
          },
          {
            "path": ":groovy-docgenerator:compileGroovy",
            "outcome": "EXECUTED"
          },
          {
            "path": ":groovy-docgenerator:compileJava",
            "outcome": "NO_SOURCE"
          },
          {
            "path": ":groovy-docgenerator:generateReleaseInfo",
            "outcome": "EXECUTED"
          },
          {
            "path": ":groovy-docgenerator:jar",
            "outcome": "EXECUTED"
          },
          {
            "path": ":groovy-docgenerator:processResources",
            "outcome": "EXECUTED"
          },
          {
            "path": ":groovy-ginq:classes",
            "outcome": "EXECUTED"
          },
          {
            "path": ":groovy-ginq:compileGroovy",
            "outcome": "EXECUTED"
          },
          {
            "path": ":groovy-ginq:compileJava",
            "outcome": "NO_SOURCE"
          },
          {
            "path": ":groovy-ginq:moduleDescriptor",
            "outcome": "EXECUTED"
          },
          {
            "path": ":groovy-ginq:processResources",
            "outcome": "NO_SOURCE"
          },
          {
            "path": ":groovy-groovydoc:classes",
            "outcome": "EXECUTED"
          },
          {
            "path": ":groovy-groovydoc:compileGroovy",
            "outcome": "EXECUTED"
          },
          {
            "path": ":groovy-groovydoc:compileJava",
            "outcome": "FROM_CACHE"
          },
          {
            "path": ":groovy-groovydoc:generateReleaseInfo",
            "outcome": "EXECUTED"
          },
          {
            "path": ":groovy-groovydoc:jar",
            "outcome": "EXECUTED"
          },
          {
            "path": ":groovy-groovydoc:processResources",
            "outcome": "EXECUTED"
          },
          {
            "path": ":groovy-groovysh:classes",
            "outcome": "EXECUTED"
          },
          {
            "path": ":groovy-groovysh:compileGroovy",
            "outcome": "EXECUTED"
          },
          {
            "path": ":groovy-groovysh:compileJava",
            "outcome": "NO_SOURCE"
          },
          {
            "path": ":groovy-groovysh:processResources",
            "outcome": "EXECUTED"
          },
          {
            "path": ":groovy-jmx:classes",
            "outcome": "EXECUTED"
          },
          {
            "path": ":groovy-jmx:compileGroovy",
            "outcome": "EXECUTED"
          },
          {
            "path": ":groovy-jmx:compileJava",
            "outcome": "FROM_CACHE"
          },
          {
            "path": ":groovy-jmx:processResources",
            "outcome": "NO_SOURCE"
          },
          {
            "path": ":groovy-json:classes",
            "outcome": "EXECUTED"
          },
          {
            "path": ":groovy-json:compileGroovy",
            "outcome": "NO_SOURCE"
          },
          {
            "path": ":groovy-json:compileJava",
            "outcome": "EXECUTED"
          },
          {
            "path": ":groovy-json:generateReleaseInfo",
            "outcome": "EXECUTED"
          },
          {
            "path": ":groovy-json:jar",
            "outcome": "EXECUTED"
          },
          {
            "path": ":groovy-json:processResources",
            "outcome": "EXECUTED"
          },
          {
            "path": ":groovy-jsr223:classes",
            "outcome": "EXECUTED"
          },
          {
            "path": ":groovy-jsr223:compileGroovy",
            "outcome": "NO_SOURCE"
          },
          {
            "path": ":groovy-jsr223:compileJava",
            "outcome": "FROM_CACHE"
          },
          {
            "path": ":groovy-jsr223:moduleDescriptor",
            "outcome": "EXECUTED"
          },
          {
            "path": ":groovy-jsr223:processResources",
            "outcome": "EXECUTED"
          },
          {
            "path": ":groovy-macro-library:classes",
            "outcome": "EXECUTED"
          },
          {
            "path": ":groovy-macro-library:compileGroovy",
            "outcome": "EXECUTED"
          },
          {
            "path": ":groovy-macro-library:compileJava",
            "outcome": "NO_SOURCE"
          },
          {
            "path": ":groovy-macro-library:moduleDescriptor",
            "outcome": "EXECUTED"
          },
          {
            "path": ":groovy-macro-library:processResources",
            "outcome": "NO_SOURCE"
          },
          {
            "path": ":groovy-macro:classes",
            "outcome": "EXECUTED"
          },
          {
            "path": ":groovy-macro:compileGroovy",
            "outcome": "EXECUTED"
          },
          {
            "path": ":groovy-macro:compileJava",
            "outcome": "NO_SOURCE"
          },
          {
            "path": ":groovy-macro:generateReleaseInfo",
            "outcome": "EXECUTED"
          },
          {
            "path": ":groovy-macro:jar",
            "outcome": "EXECUTED"
          },
          {
            "path": ":groovy-macro:moduleDescriptor",
            "outcome": "EXECUTED"
          },
          {
            "path": ":groovy-macro:processResources",
            "outcome": "EXECUTED"
          },
          {
            "path": ":groovy-nio:classes",
            "outcome": "UP_TO_DATE"
          },
          {
            "path": ":groovy-nio:compileGroovy",
            "outcome": "NO_SOURCE"
          },
          {
            "path": ":groovy-nio:compileJava",
            "outcome": "FROM_CACHE"
          },
          {
            "path": ":groovy-nio:generateReleaseInfo",
            "outcome": "EXECUTED"
          },
          {
            "path": ":groovy-nio:jar",
            "outcome": "EXECUTED"
          },
          {
            "path": ":groovy-nio:moduleDescriptor",
            "outcome": "EXECUTED"
          },
          {
            "path": ":groovy-nio:processResources",
            "outcome": "NO_SOURCE"
          },
          {
            "path": ":groovy-servlet:classes",
            "outcome": "UP_TO_DATE"
          },
          {
            "path": ":groovy-servlet:compileGroovy",
            "outcome": "NO_SOURCE"
          },
          {
            "path": ":groovy-servlet:compileJava",
            "outcome": "FROM_CACHE"
          },
          {
            "path": ":groovy-servlet:processResources",
            "outcome": "NO_SOURCE"
          },
          {
            "path": ":groovy-sql:classes",
            "outcome": "UP_TO_DATE"
          },
          {
            "path": ":groovy-sql:compileGroovy",
            "outcome": "NO_SOURCE"
          },
          {
            "path": ":groovy-sql:compileJava",
            "outcome": "FROM_CACHE"
          },
          {
            "path": ":groovy-sql:moduleDescriptor",
            "outcome": "EXECUTED"
          },
          {
            "path": ":groovy-sql:processResources",
            "outcome": "NO_SOURCE"
          },
          {
            "path": ":groovy-swing:classes",
            "outcome": "EXECUTED"
          },
          {
            "path": ":groovy-swing:compileGroovy",
            "outcome": "EXECUTED"
          },
          {
            "path": ":groovy-swing:compileJava",
            "outcome": "FROM_CACHE"
          },
          {
            "path": ":groovy-swing:generateReleaseInfo",
            "outcome": "EXECUTED"
          },
          {
            "path": ":groovy-swing:jar",
            "outcome": "EXECUTED"
          },
          {
            "path": ":groovy-swing:moduleDescriptor",
            "outcome": "EXECUTED"
          },
          {
            "path": ":groovy-swing:processResources",
            "outcome": "NO_SOURCE"
          },
          {
            "path": ":groovy-templates:classes",
            "outcome": "EXECUTED"
          },
          {
            "path": ":groovy-templates:compileGroovy",
            "outcome": "EXECUTED"
          },
          {
            "path": ":groovy-templates:compileJava",
            "outcome": "NO_SOURCE"
          },
          {
            "path": ":groovy-templates:generateReleaseInfo",
            "outcome": "EXECUTED"
          },
          {
            "path": ":groovy-templates:jar",
            "outcome": "EXECUTED"
          },
          {
            "path": ":groovy-templates:processResources",
            "outcome": "NO_SOURCE"
          },
          {
            "path": ":groovy-test-junit5:classes",
            "outcome": "EXECUTED"
          },
          {
            "path": ":groovy-test-junit5:compileGroovy",
            "outcome": "EXECUTED"
          },
          {
            "path": ":groovy-test-junit5:compileJava",
            "outcome": "FROM_CACHE"
          },
          {
            "path": ":groovy-test-junit5:processResources",
            "outcome": "EXECUTED"
          },
          {
            "path": ":groovy-test:classes",
            "outcome": "EXECUTED"
          },
          {
            "path": ":groovy-test:compileGroovy",
            "outcome": "EXECUTED"
          },
          {
            "path": ":groovy-test:compileJava",
            "outcome": "FROM_CACHE"
          },
          {
            "path": ":groovy-test:processResources",
            "outcome": "NO_SOURCE"
          },
          {
            "path": ":groovy-testng:classes",
            "outcome": "EXECUTED"
          },
          {
            "path": ":groovy-testng:compileGroovy",
            "outcome": "NO_SOURCE"
          },
          {
            "path": ":groovy-testng:compileJava",
            "outcome": "FROM_CACHE"
          },
          {
            "path": ":groovy-testng:processResources",
            "outcome": "EXECUTED"
          },
          {
            "path": ":groovy-toml:classes",
            "outcome": "EXECUTED"
          },
          {
            "path": ":groovy-toml:compileGroovy",
            "outcome": "NO_SOURCE"
          },
          {
            "path": ":groovy-toml:compileJava",
            "outcome": "EXECUTED"
          },
          {
            "path": ":groovy-toml:processResources",
            "outcome": "NO_SOURCE"
          },
          {
            "path": ":groovy-typecheckers:classes",
            "outcome": "EXECUTED"
          },
          {
            "path": ":groovy-typecheckers:compileGroovy",
            "outcome": "EXECUTED"
          },
          {
            "path": ":groovy-typecheckers:compileJava",
            "outcome": "NO_SOURCE"
          },
          {
            "path": ":groovy-typecheckers:processResources",
            "outcome": "NO_SOURCE"
          },
          {
            "path": ":groovy-xml:classes",
            "outcome": "EXECUTED"
          },
          {
            "path": ":groovy-xml:compileGroovy",
            "outcome": "EXECUTED"
          },
          {
            "path": ":groovy-xml:compileJava",
            "outcome": "FROM_CACHE"
          },
          {
            "path": ":groovy-xml:generateReleaseInfo",
            "outcome": "EXECUTED"
          },
          {
            "path": ":groovy-xml:jar",
            "outcome": "EXECUTED"
          },
          {
            "path": ":groovy-xml:moduleDescriptor",
            "outcome": "EXECUTED"
          },
          {
            "path": ":groovy-xml:processResources",
            "outcome": "NO_SOURCE"
          },
          {
            "path": ":groovy-yaml:classes",
            "outcome": "EXECUTED"
          },
          {
            "path": ":groovy-yaml:compileGroovy",
            "outcome": "NO_SOURCE"
          },
          {
            "path": ":groovy-yaml:compileJava",
            "outcome": "EXECUTED"
          },
          {
            "path": ":groovy-yaml:processResources",
            "outcome": "NO_SOURCE"
          },
          {
            "path": ":jar",
            "outcome": "EXECUTED"
          },
          {
            "path": ":osgiClasses",
            "outcome": "EXECUTED"
          },
          {
            "path": ":performance:classes",
            "outcome": "UP_TO_DATE"
          },
          {
            "path": ":performance:compileGroovy",
            "outcome": "NO_SOURCE"
          },
          {
            "path": ":performance:compileJava",
            "outcome": "NO_SOURCE"
          },
          {
            "path": ":performance:processResources",
            "outcome": "NO_SOURCE"
          },
          {
            "path": ":processResources",
            "outcome": "EXECUTED"
          },
          {
            "path": ":stress:classes",
            "outcome": "UP_TO_DATE"
          },
          {
            "path": ":stress:compileGroovy",
            "outcome": "NO_SOURCE"
          },
          {
            "path": ":stress:compileJava",
            "outcome": "NO_SOURCE"
          },
          {
            "path": ":stress:processResources",
            "outcome": "NO_SOURCE"
          },
          {
            "path": ":tests-preview:classes",
            "outcome": "UP_TO_DATE"
          },
          {
            "path": ":tests-preview:compileGroovy",
            "outcome": "NO_SOURCE"
          },
          {
            "path": ":tests-preview:compileJava",
            "outcome": "NO_SOURCE"
          },
          {
            "path": ":tests-preview:processResources",
            "outcome": "NO_SOURCE"
          }
        ]
      },
      "candidateTaskOutcomes": {
        "total": 23,
        "executed": 14,
        "fromCache": 8,
        "upToDate": 0,
        "noSource": 1,
        "skipped": 0,
        "fingerprintSha256": "a2ceab5b2d31ec29985096c68593504ffb70ff192b029cdda43b97e3261e6c66",
        "tasks": [
          {
            "path": ":bootstrapJar",
            "outcome": "EXECUTED"
          },
          {
            "path": ":build-logic:classes",
            "outcome": "EXECUTED"
          },
          {
            "path": ":build-logic:compileGroovy",
            "outcome": "FROM_CACHE"
          },
          {
            "path": ":build-logic:compileGroovyPlugins",
            "outcome": "FROM_CACHE"
          },
          {
            "path": ":build-logic:compileJava",
            "outcome": "FROM_CACHE"
          },
          {
            "path": ":build-logic:extractPluginRequests",
            "outcome": "FROM_CACHE"
          },
          {
            "path": ":build-logic:generatePluginAdapters",
            "outcome": "FROM_CACHE"
          },
          {
            "path": ":build-logic:jar",
            "outcome": "EXECUTED"
          },
          {
            "path": ":build-logic:pluginDescriptors",
            "outcome": "EXECUTED"
          },
          {
            "path": ":build-logic:processResources",
            "outcome": "EXECUTED"
          },
          {
            "path": ":classes",
            "outcome": "EXECUTED"
          },
          {
            "path": ":compileGroovy",
            "outcome": "EXECUTED"
          },
          {
            "path": ":compileJava",
            "outcome": "FROM_CACHE"
          },
          {
            "path": ":dgmConverter",
            "outcome": "FROM_CACHE"
          },
          {
            "path": ":generateGrammarSource",
            "outcome": "FROM_CACHE"
          },
          {
            "path": ":generateReleaseInfo",
            "outcome": "EXECUTED"
          },
          {
            "path": ":groovy-json:classes",
            "outcome": "EXECUTED"
          },
          {
            "path": ":groovy-json:compileGroovy",
            "outcome": "NO_SOURCE"
          },
          {
            "path": ":groovy-json:compileJava",
            "outcome": "EXECUTED"
          },
          {
            "path": ":groovy-json:processResources",
            "outcome": "EXECUTED"
          },
          {
            "path": ":jar",
            "outcome": "EXECUTED"
          },
          {
            "path": ":osgiClasses",
            "outcome": "EXECUTED"
          },
          {
            "path": ":processResources",
            "outcome": "EXECUTED"
          }
        ]
      },
      "controlHostPressure": {
        "available": true,
        "cpuSomeTotalUs": 19913538,
        "memorySomeTotalUs": 391,
        "memoryFullTotalUs": 383,
        "ioSomeTotalUs": 44152663,
        "ioFullTotalUs": 16981010
      },
      "candidateHostPressure": {
        "available": true,
        "cpuSomeTotalUs": 140616,
        "memorySomeTotalUs": 0,
        "memoryFullTotalUs": 0,
        "ioSomeTotalUs": 15044026,
        "ioFullTotalUs": 10389354
      }
    },
    {
      "pair": 2,
      "order": "CANDIDATE_FIRST",
      "controlDurationMs": 81522,
      "candidateDurationMs": 19572,
      "savedMs": 61950,
      "controlRequiredOutputSha256": "3d8afa0c7f5f31a3dea7c0098e607284926ec09e538c5e6dd781a8570211551d",
      "candidateRequiredOutputSha256": "3d8afa0c7f5f31a3dea7c0098e607284926ec09e538c5e6dd781a8570211551d",
      "requiredOutputCount": 66,
      "productAttributableFailure": false,
      "controlLogSha256": "2edf1dd8d3ede874772420b3965d41c05ea06f8dc93d24a45e001363f758ad18",
      "candidateLogSha256": "f80146bac8507cdb8be7eedd98a88945912be44f10944c495a9025a0067b9d82",
      "controlTaskOutcomes": {
        "total": 175,
        "executed": 95,
        "fromCache": 24,
        "upToDate": 8,
        "noSource": 48,
        "skipped": 0,
        "fingerprintSha256": "4ee8d40cc83b46a0eb6fd63d9c7b6689faea17d9aa2a3395666dac7370f9debe",
        "tasks": [
          {
            "path": ":bootstrapJar",
            "outcome": "EXECUTED"
          },
          {
            "path": ":build-logic:classes",
            "outcome": "EXECUTED"
          },
          {
            "path": ":build-logic:compileGroovy",
            "outcome": "FROM_CACHE"
          },
          {
            "path": ":build-logic:compileGroovyPlugins",
            "outcome": "FROM_CACHE"
          },
          {
            "path": ":build-logic:compileJava",
            "outcome": "FROM_CACHE"
          },
          {
            "path": ":build-logic:extractPluginRequests",
            "outcome": "FROM_CACHE"
          },
          {
            "path": ":build-logic:generatePluginAdapters",
            "outcome": "FROM_CACHE"
          },
          {
            "path": ":build-logic:jar",
            "outcome": "EXECUTED"
          },
          {
            "path": ":build-logic:pluginDescriptors",
            "outcome": "EXECUTED"
          },
          {
            "path": ":build-logic:processResources",
            "outcome": "EXECUTED"
          },
          {
            "path": ":classes",
            "outcome": "EXECUTED"
          },
          {
            "path": ":compileGroovy",
            "outcome": "EXECUTED"
          },
          {
            "path": ":compileJava",
            "outcome": "FROM_CACHE"
          },
          {
            "path": ":dgmConverter",
            "outcome": "FROM_CACHE"
          },
          {
            "path": ":generateGrammarSource",
            "outcome": "FROM_CACHE"
          },
          {
            "path": ":generateReleaseInfo",
            "outcome": "EXECUTED"
          },
          {
            "path": ":groovy-ant:classes",
            "outcome": "EXECUTED"
          },
          {
            "path": ":groovy-ant:compileGroovy",
            "outcome": "EXECUTED"
          },
          {
            "path": ":groovy-ant:compileJava",
            "outcome": "FROM_CACHE"
          },
          {
            "path": ":groovy-ant:processResources",
            "outcome": "EXECUTED"
          },
          {
            "path": ":groovy-astbuilder:classes",
            "outcome": "EXECUTED"
          },
          {
            "path": ":groovy-astbuilder:compileGroovy",
            "outcome": "NO_SOURCE"
          },
          {
            "path": ":groovy-astbuilder:compileJava",
            "outcome": "FROM_CACHE"
          },
          {
            "path": ":groovy-astbuilder:processResources",
            "outcome": "EXECUTED"
          },
          {
            "path": ":groovy-cli-commons:classes",
            "outcome": "EXECUTED"
          },
          {
            "path": ":groovy-cli-commons:compileGroovy",
            "outcome": "EXECUTED"
          },
          {
            "path": ":groovy-cli-commons:compileJava",
            "outcome": "NO_SOURCE"
          },
          {
            "path": ":groovy-cli-commons:processResources",
            "outcome": "NO_SOURCE"
          },
          {
            "path": ":groovy-cli-picocli:classes",
            "outcome": "EXECUTED"
          },
          {
            "path": ":groovy-cli-picocli:compileGroovy",
            "outcome": "EXECUTED"
          },
          {
            "path": ":groovy-cli-picocli:compileJava",
            "outcome": "NO_SOURCE"
          },
          {
            "path": ":groovy-cli-picocli:processResources",
            "outcome": "NO_SOURCE"
          },
          {
            "path": ":groovy-console:classes",
            "outcome": "EXECUTED"
          },
          {
            "path": ":groovy-console:compileGroovy",
            "outcome": "EXECUTED"
          },
          {
            "path": ":groovy-console:compileJava",
            "outcome": "NO_SOURCE"
          },
          {
            "path": ":groovy-console:generateReleaseInfo",
            "outcome": "EXECUTED"
          },
          {
            "path": ":groovy-console:jar",
            "outcome": "EXECUTED"
          },
          {
            "path": ":groovy-console:processResources",
            "outcome": "EXECUTED"
          },
          {
            "path": ":groovy-contracts:classes",
            "outcome": "EXECUTED"
          },
          {
            "path": ":groovy-contracts:compileGroovy",
            "outcome": "NO_SOURCE"
          },
          {
            "path": ":groovy-contracts:compileJava",
            "outcome": "FROM_CACHE"
          },
          {
            "path": ":groovy-contracts:processResources",
            "outcome": "EXECUTED"
          },
          {
            "path": ":groovy-datetime:classes",
            "outcome": "UP_TO_DATE"
          },
          {
            "path": ":groovy-datetime:compileGroovy",
            "outcome": "NO_SOURCE"
          },
          {
            "path": ":groovy-datetime:compileJava",
            "outcome": "FROM_CACHE"
          },
          {
            "path": ":groovy-datetime:moduleDescriptor",
            "outcome": "EXECUTED"
          },
          {
            "path": ":groovy-datetime:processResources",
            "outcome": "NO_SOURCE"
          },
          {
            "path": ":groovy-dateutil:classes",
            "outcome": "UP_TO_DATE"
          },
          {
            "path": ":groovy-dateutil:compileGroovy",
            "outcome": "NO_SOURCE"
          },
          {
            "path": ":groovy-dateutil:compileJava",
            "outcome": "FROM_CACHE"
          },
          {
            "path": ":groovy-dateutil:moduleDescriptor",
            "outcome": "EXECUTED"
          },
          {
            "path": ":groovy-dateutil:processResources",
            "outcome": "NO_SOURCE"
          },
          {
            "path": ":groovy-docgenerator:classes",
            "outcome": "EXECUTED"
          },
          {
            "path": ":groovy-docgenerator:compileGroovy",
            "outcome": "EXECUTED"
          },
          {
            "path": ":groovy-docgenerator:compileJava",
            "outcome": "NO_SOURCE"
          },
          {
            "path": ":groovy-docgenerator:generateReleaseInfo",
            "outcome": "EXECUTED"
          },
          {
            "path": ":groovy-docgenerator:jar",
            "outcome": "EXECUTED"
          },
          {
            "path": ":groovy-docgenerator:processResources",
            "outcome": "EXECUTED"
          },
          {
            "path": ":groovy-ginq:classes",
            "outcome": "EXECUTED"
          },
          {
            "path": ":groovy-ginq:compileGroovy",
            "outcome": "EXECUTED"
          },
          {
            "path": ":groovy-ginq:compileJava",
            "outcome": "NO_SOURCE"
          },
          {
            "path": ":groovy-ginq:moduleDescriptor",
            "outcome": "EXECUTED"
          },
          {
            "path": ":groovy-ginq:processResources",
            "outcome": "NO_SOURCE"
          },
          {
            "path": ":groovy-groovydoc:classes",
            "outcome": "EXECUTED"
          },
          {
            "path": ":groovy-groovydoc:compileGroovy",
            "outcome": "EXECUTED"
          },
          {
            "path": ":groovy-groovydoc:compileJava",
            "outcome": "FROM_CACHE"
          },
          {
            "path": ":groovy-groovydoc:generateReleaseInfo",
            "outcome": "EXECUTED"
          },
          {
            "path": ":groovy-groovydoc:jar",
            "outcome": "EXECUTED"
          },
          {
            "path": ":groovy-groovydoc:processResources",
            "outcome": "EXECUTED"
          },
          {
            "path": ":groovy-groovysh:classes",
            "outcome": "EXECUTED"
          },
          {
            "path": ":groovy-groovysh:compileGroovy",
            "outcome": "EXECUTED"
          },
          {
            "path": ":groovy-groovysh:compileJava",
            "outcome": "NO_SOURCE"
          },
          {
            "path": ":groovy-groovysh:processResources",
            "outcome": "EXECUTED"
          },
          {
            "path": ":groovy-jmx:classes",
            "outcome": "EXECUTED"
          },
          {
            "path": ":groovy-jmx:compileGroovy",
            "outcome": "EXECUTED"
          },
          {
            "path": ":groovy-jmx:compileJava",
            "outcome": "FROM_CACHE"
          },
          {
            "path": ":groovy-jmx:processResources",
            "outcome": "NO_SOURCE"
          },
          {
            "path": ":groovy-json:classes",
            "outcome": "EXECUTED"
          },
          {
            "path": ":groovy-json:compileGroovy",
            "outcome": "NO_SOURCE"
          },
          {
            "path": ":groovy-json:compileJava",
            "outcome": "EXECUTED"
          },
          {
            "path": ":groovy-json:generateReleaseInfo",
            "outcome": "EXECUTED"
          },
          {
            "path": ":groovy-json:jar",
            "outcome": "EXECUTED"
          },
          {
            "path": ":groovy-json:processResources",
            "outcome": "EXECUTED"
          },
          {
            "path": ":groovy-jsr223:classes",
            "outcome": "EXECUTED"
          },
          {
            "path": ":groovy-jsr223:compileGroovy",
            "outcome": "NO_SOURCE"
          },
          {
            "path": ":groovy-jsr223:compileJava",
            "outcome": "FROM_CACHE"
          },
          {
            "path": ":groovy-jsr223:moduleDescriptor",
            "outcome": "EXECUTED"
          },
          {
            "path": ":groovy-jsr223:processResources",
            "outcome": "EXECUTED"
          },
          {
            "path": ":groovy-macro-library:classes",
            "outcome": "EXECUTED"
          },
          {
            "path": ":groovy-macro-library:compileGroovy",
            "outcome": "EXECUTED"
          },
          {
            "path": ":groovy-macro-library:compileJava",
            "outcome": "NO_SOURCE"
          },
          {
            "path": ":groovy-macro-library:moduleDescriptor",
            "outcome": "EXECUTED"
          },
          {
            "path": ":groovy-macro-library:processResources",
            "outcome": "NO_SOURCE"
          },
          {
            "path": ":groovy-macro:classes",
            "outcome": "EXECUTED"
          },
          {
            "path": ":groovy-macro:compileGroovy",
            "outcome": "EXECUTED"
          },
          {
            "path": ":groovy-macro:compileJava",
            "outcome": "NO_SOURCE"
          },
          {
            "path": ":groovy-macro:generateReleaseInfo",
            "outcome": "EXECUTED"
          },
          {
            "path": ":groovy-macro:jar",
            "outcome": "EXECUTED"
          },
          {
            "path": ":groovy-macro:moduleDescriptor",
            "outcome": "EXECUTED"
          },
          {
            "path": ":groovy-macro:processResources",
            "outcome": "EXECUTED"
          },
          {
            "path": ":groovy-nio:classes",
            "outcome": "UP_TO_DATE"
          },
          {
            "path": ":groovy-nio:compileGroovy",
            "outcome": "NO_SOURCE"
          },
          {
            "path": ":groovy-nio:compileJava",
            "outcome": "FROM_CACHE"
          },
          {
            "path": ":groovy-nio:generateReleaseInfo",
            "outcome": "EXECUTED"
          },
          {
            "path": ":groovy-nio:jar",
            "outcome": "EXECUTED"
          },
          {
            "path": ":groovy-nio:moduleDescriptor",
            "outcome": "EXECUTED"
          },
          {
            "path": ":groovy-nio:processResources",
            "outcome": "NO_SOURCE"
          },
          {
            "path": ":groovy-servlet:classes",
            "outcome": "UP_TO_DATE"
          },
          {
            "path": ":groovy-servlet:compileGroovy",
            "outcome": "NO_SOURCE"
          },
          {
            "path": ":groovy-servlet:compileJava",
            "outcome": "FROM_CACHE"
          },
          {
            "path": ":groovy-servlet:processResources",
            "outcome": "NO_SOURCE"
          },
          {
            "path": ":groovy-sql:classes",
            "outcome": "UP_TO_DATE"
          },
          {
            "path": ":groovy-sql:compileGroovy",
            "outcome": "NO_SOURCE"
          },
          {
            "path": ":groovy-sql:compileJava",
            "outcome": "FROM_CACHE"
          },
          {
            "path": ":groovy-sql:moduleDescriptor",
            "outcome": "EXECUTED"
          },
          {
            "path": ":groovy-sql:processResources",
            "outcome": "NO_SOURCE"
          },
          {
            "path": ":groovy-swing:classes",
            "outcome": "EXECUTED"
          },
          {
            "path": ":groovy-swing:compileGroovy",
            "outcome": "EXECUTED"
          },
          {
            "path": ":groovy-swing:compileJava",
            "outcome": "FROM_CACHE"
          },
          {
            "path": ":groovy-swing:generateReleaseInfo",
            "outcome": "EXECUTED"
          },
          {
            "path": ":groovy-swing:jar",
            "outcome": "EXECUTED"
          },
          {
            "path": ":groovy-swing:moduleDescriptor",
            "outcome": "EXECUTED"
          },
          {
            "path": ":groovy-swing:processResources",
            "outcome": "NO_SOURCE"
          },
          {
            "path": ":groovy-templates:classes",
            "outcome": "EXECUTED"
          },
          {
            "path": ":groovy-templates:compileGroovy",
            "outcome": "EXECUTED"
          },
          {
            "path": ":groovy-templates:compileJava",
            "outcome": "NO_SOURCE"
          },
          {
            "path": ":groovy-templates:generateReleaseInfo",
            "outcome": "EXECUTED"
          },
          {
            "path": ":groovy-templates:jar",
            "outcome": "EXECUTED"
          },
          {
            "path": ":groovy-templates:processResources",
            "outcome": "NO_SOURCE"
          },
          {
            "path": ":groovy-test-junit5:classes",
            "outcome": "EXECUTED"
          },
          {
            "path": ":groovy-test-junit5:compileGroovy",
            "outcome": "EXECUTED"
          },
          {
            "path": ":groovy-test-junit5:compileJava",
            "outcome": "FROM_CACHE"
          },
          {
            "path": ":groovy-test-junit5:processResources",
            "outcome": "EXECUTED"
          },
          {
            "path": ":groovy-test:classes",
            "outcome": "EXECUTED"
          },
          {
            "path": ":groovy-test:compileGroovy",
            "outcome": "EXECUTED"
          },
          {
            "path": ":groovy-test:compileJava",
            "outcome": "FROM_CACHE"
          },
          {
            "path": ":groovy-test:processResources",
            "outcome": "NO_SOURCE"
          },
          {
            "path": ":groovy-testng:classes",
            "outcome": "EXECUTED"
          },
          {
            "path": ":groovy-testng:compileGroovy",
            "outcome": "NO_SOURCE"
          },
          {
            "path": ":groovy-testng:compileJava",
            "outcome": "FROM_CACHE"
          },
          {
            "path": ":groovy-testng:processResources",
            "outcome": "EXECUTED"
          },
          {
            "path": ":groovy-toml:classes",
            "outcome": "EXECUTED"
          },
          {
            "path": ":groovy-toml:compileGroovy",
            "outcome": "NO_SOURCE"
          },
          {
            "path": ":groovy-toml:compileJava",
            "outcome": "EXECUTED"
          },
          {
            "path": ":groovy-toml:processResources",
            "outcome": "NO_SOURCE"
          },
          {
            "path": ":groovy-typecheckers:classes",
            "outcome": "EXECUTED"
          },
          {
            "path": ":groovy-typecheckers:compileGroovy",
            "outcome": "EXECUTED"
          },
          {
            "path": ":groovy-typecheckers:compileJava",
            "outcome": "NO_SOURCE"
          },
          {
            "path": ":groovy-typecheckers:processResources",
            "outcome": "NO_SOURCE"
          },
          {
            "path": ":groovy-xml:classes",
            "outcome": "EXECUTED"
          },
          {
            "path": ":groovy-xml:compileGroovy",
            "outcome": "EXECUTED"
          },
          {
            "path": ":groovy-xml:compileJava",
            "outcome": "FROM_CACHE"
          },
          {
            "path": ":groovy-xml:generateReleaseInfo",
            "outcome": "EXECUTED"
          },
          {
            "path": ":groovy-xml:jar",
            "outcome": "EXECUTED"
          },
          {
            "path": ":groovy-xml:moduleDescriptor",
            "outcome": "EXECUTED"
          },
          {
            "path": ":groovy-xml:processResources",
            "outcome": "NO_SOURCE"
          },
          {
            "path": ":groovy-yaml:classes",
            "outcome": "EXECUTED"
          },
          {
            "path": ":groovy-yaml:compileGroovy",
            "outcome": "NO_SOURCE"
          },
          {
            "path": ":groovy-yaml:compileJava",
            "outcome": "EXECUTED"
          },
          {
            "path": ":groovy-yaml:processResources",
            "outcome": "NO_SOURCE"
          },
          {
            "path": ":jar",
            "outcome": "EXECUTED"
          },
          {
            "path": ":osgiClasses",
            "outcome": "EXECUTED"
          },
          {
            "path": ":performance:classes",
            "outcome": "UP_TO_DATE"
          },
          {
            "path": ":performance:compileGroovy",
            "outcome": "NO_SOURCE"
          },
          {
            "path": ":performance:compileJava",
            "outcome": "NO_SOURCE"
          },
          {
            "path": ":performance:processResources",
            "outcome": "NO_SOURCE"
          },
          {
            "path": ":processResources",
            "outcome": "EXECUTED"
          },
          {
            "path": ":stress:classes",
            "outcome": "UP_TO_DATE"
          },
          {
            "path": ":stress:compileGroovy",
            "outcome": "NO_SOURCE"
          },
          {
            "path": ":stress:compileJava",
            "outcome": "NO_SOURCE"
          },
          {
            "path": ":stress:processResources",
            "outcome": "NO_SOURCE"
          },
          {
            "path": ":tests-preview:classes",
            "outcome": "UP_TO_DATE"
          },
          {
            "path": ":tests-preview:compileGroovy",
            "outcome": "NO_SOURCE"
          },
          {
            "path": ":tests-preview:compileJava",
            "outcome": "NO_SOURCE"
          },
          {
            "path": ":tests-preview:processResources",
            "outcome": "NO_SOURCE"
          }
        ]
      },
      "candidateTaskOutcomes": {
        "total": 23,
        "executed": 14,
        "fromCache": 8,
        "upToDate": 0,
        "noSource": 1,
        "skipped": 0,
        "fingerprintSha256": "a2ceab5b2d31ec29985096c68593504ffb70ff192b029cdda43b97e3261e6c66",
        "tasks": [
          {
            "path": ":bootstrapJar",
            "outcome": "EXECUTED"
          },
          {
            "path": ":build-logic:classes",
            "outcome": "EXECUTED"
          },
          {
            "path": ":build-logic:compileGroovy",
            "outcome": "FROM_CACHE"
          },
          {
            "path": ":build-logic:compileGroovyPlugins",
            "outcome": "FROM_CACHE"
          },
          {
            "path": ":build-logic:compileJava",
            "outcome": "FROM_CACHE"
          },
          {
            "path": ":build-logic:extractPluginRequests",
            "outcome": "FROM_CACHE"
          },
          {
            "path": ":build-logic:generatePluginAdapters",
            "outcome": "FROM_CACHE"
          },
          {
            "path": ":build-logic:jar",
            "outcome": "EXECUTED"
          },
          {
            "path": ":build-logic:pluginDescriptors",
            "outcome": "EXECUTED"
          },
          {
            "path": ":build-logic:processResources",
            "outcome": "EXECUTED"
          },
          {
            "path": ":classes",
            "outcome": "EXECUTED"
          },
          {
            "path": ":compileGroovy",
            "outcome": "EXECUTED"
          },
          {
            "path": ":compileJava",
            "outcome": "FROM_CACHE"
          },
          {
            "path": ":dgmConverter",
            "outcome": "FROM_CACHE"
          },
          {
            "path": ":generateGrammarSource",
            "outcome": "FROM_CACHE"
          },
          {
            "path": ":generateReleaseInfo",
            "outcome": "EXECUTED"
          },
          {
            "path": ":groovy-json:classes",
            "outcome": "EXECUTED"
          },
          {
            "path": ":groovy-json:compileGroovy",
            "outcome": "NO_SOURCE"
          },
          {
            "path": ":groovy-json:compileJava",
            "outcome": "EXECUTED"
          },
          {
            "path": ":groovy-json:processResources",
            "outcome": "EXECUTED"
          },
          {
            "path": ":jar",
            "outcome": "EXECUTED"
          },
          {
            "path": ":osgiClasses",
            "outcome": "EXECUTED"
          },
          {
            "path": ":processResources",
            "outcome": "EXECUTED"
          }
        ]
      },
      "controlHostPressure": {
        "available": true,
        "cpuSomeTotalUs": 20341070,
        "memorySomeTotalUs": 40,
        "memoryFullTotalUs": 40,
        "ioSomeTotalUs": 41827630,
        "ioFullTotalUs": 15048443
      },
      "candidateHostPressure": {
        "available": true,
        "cpuSomeTotalUs": 120378,
        "memorySomeTotalUs": 0,
        "memoryFullTotalUs": 0,
        "ioSomeTotalUs": 12944465,
        "ioFullTotalUs": 8858230
      }
    },
    {
      "pair": 3,
      "order": "CONTROL_FIRST",
      "controlDurationMs": 82537,
      "candidateDurationMs": 21075,
      "savedMs": 61462,
      "controlRequiredOutputSha256": "3d8afa0c7f5f31a3dea7c0098e607284926ec09e538c5e6dd781a8570211551d",
      "candidateRequiredOutputSha256": "3d8afa0c7f5f31a3dea7c0098e607284926ec09e538c5e6dd781a8570211551d",
      "requiredOutputCount": 66,
      "productAttributableFailure": false,
      "controlLogSha256": "7796bcc29950fe93123b16f1b3e937d31e180e7b5f5895b129e711c15e633dff",
      "candidateLogSha256": "65a455771799735feadf21c57b452ff3c3ba0002aeab86266a5ced4717229fc0",
      "controlTaskOutcomes": {
        "total": 175,
        "executed": 95,
        "fromCache": 24,
        "upToDate": 8,
        "noSource": 48,
        "skipped": 0,
        "fingerprintSha256": "4ee8d40cc83b46a0eb6fd63d9c7b6689faea17d9aa2a3395666dac7370f9debe",
        "tasks": [
          {
            "path": ":bootstrapJar",
            "outcome": "EXECUTED"
          },
          {
            "path": ":build-logic:classes",
            "outcome": "EXECUTED"
          },
          {
            "path": ":build-logic:compileGroovy",
            "outcome": "FROM_CACHE"
          },
          {
            "path": ":build-logic:compileGroovyPlugins",
            "outcome": "FROM_CACHE"
          },
          {
            "path": ":build-logic:compileJava",
            "outcome": "FROM_CACHE"
          },
          {
            "path": ":build-logic:extractPluginRequests",
            "outcome": "FROM_CACHE"
          },
          {
            "path": ":build-logic:generatePluginAdapters",
            "outcome": "FROM_CACHE"
          },
          {
            "path": ":build-logic:jar",
            "outcome": "EXECUTED"
          },
          {
            "path": ":build-logic:pluginDescriptors",
            "outcome": "EXECUTED"
          },
          {
            "path": ":build-logic:processResources",
            "outcome": "EXECUTED"
          },
          {
            "path": ":classes",
            "outcome": "EXECUTED"
          },
          {
            "path": ":compileGroovy",
            "outcome": "EXECUTED"
          },
          {
            "path": ":compileJava",
            "outcome": "FROM_CACHE"
          },
          {
            "path": ":dgmConverter",
            "outcome": "FROM_CACHE"
          },
          {
            "path": ":generateGrammarSource",
            "outcome": "FROM_CACHE"
          },
          {
            "path": ":generateReleaseInfo",
            "outcome": "EXECUTED"
          },
          {
            "path": ":groovy-ant:classes",
            "outcome": "EXECUTED"
          },
          {
            "path": ":groovy-ant:compileGroovy",
            "outcome": "EXECUTED"
          },
          {
            "path": ":groovy-ant:compileJava",
            "outcome": "FROM_CACHE"
          },
          {
            "path": ":groovy-ant:processResources",
            "outcome": "EXECUTED"
          },
          {
            "path": ":groovy-astbuilder:classes",
            "outcome": "EXECUTED"
          },
          {
            "path": ":groovy-astbuilder:compileGroovy",
            "outcome": "NO_SOURCE"
          },
          {
            "path": ":groovy-astbuilder:compileJava",
            "outcome": "FROM_CACHE"
          },
          {
            "path": ":groovy-astbuilder:processResources",
            "outcome": "EXECUTED"
          },
          {
            "path": ":groovy-cli-commons:classes",
            "outcome": "EXECUTED"
          },
          {
            "path": ":groovy-cli-commons:compileGroovy",
            "outcome": "EXECUTED"
          },
          {
            "path": ":groovy-cli-commons:compileJava",
            "outcome": "NO_SOURCE"
          },
          {
            "path": ":groovy-cli-commons:processResources",
            "outcome": "NO_SOURCE"
          },
          {
            "path": ":groovy-cli-picocli:classes",
            "outcome": "EXECUTED"
          },
          {
            "path": ":groovy-cli-picocli:compileGroovy",
            "outcome": "EXECUTED"
          },
          {
            "path": ":groovy-cli-picocli:compileJava",
            "outcome": "NO_SOURCE"
          },
          {
            "path": ":groovy-cli-picocli:processResources",
            "outcome": "NO_SOURCE"
          },
          {
            "path": ":groovy-console:classes",
            "outcome": "EXECUTED"
          },
          {
            "path": ":groovy-console:compileGroovy",
            "outcome": "EXECUTED"
          },
          {
            "path": ":groovy-console:compileJava",
            "outcome": "NO_SOURCE"
          },
          {
            "path": ":groovy-console:generateReleaseInfo",
            "outcome": "EXECUTED"
          },
          {
            "path": ":groovy-console:jar",
            "outcome": "EXECUTED"
          },
          {
            "path": ":groovy-console:processResources",
            "outcome": "EXECUTED"
          },
          {
            "path": ":groovy-contracts:classes",
            "outcome": "EXECUTED"
          },
          {
            "path": ":groovy-contracts:compileGroovy",
            "outcome": "NO_SOURCE"
          },
          {
            "path": ":groovy-contracts:compileJava",
            "outcome": "FROM_CACHE"
          },
          {
            "path": ":groovy-contracts:processResources",
            "outcome": "EXECUTED"
          },
          {
            "path": ":groovy-datetime:classes",
            "outcome": "UP_TO_DATE"
          },
          {
            "path": ":groovy-datetime:compileGroovy",
            "outcome": "NO_SOURCE"
          },
          {
            "path": ":groovy-datetime:compileJava",
            "outcome": "FROM_CACHE"
          },
          {
            "path": ":groovy-datetime:moduleDescriptor",
            "outcome": "EXECUTED"
          },
          {
            "path": ":groovy-datetime:processResources",
            "outcome": "NO_SOURCE"
          },
          {
            "path": ":groovy-dateutil:classes",
            "outcome": "UP_TO_DATE"
          },
          {
            "path": ":groovy-dateutil:compileGroovy",
            "outcome": "NO_SOURCE"
          },
          {
            "path": ":groovy-dateutil:compileJava",
            "outcome": "FROM_CACHE"
          },
          {
            "path": ":groovy-dateutil:moduleDescriptor",
            "outcome": "EXECUTED"
          },
          {
            "path": ":groovy-dateutil:processResources",
            "outcome": "NO_SOURCE"
          },
          {
            "path": ":groovy-docgenerator:classes",
            "outcome": "EXECUTED"
          },
          {
            "path": ":groovy-docgenerator:compileGroovy",
            "outcome": "EXECUTED"
          },
          {
            "path": ":groovy-docgenerator:compileJava",
            "outcome": "NO_SOURCE"
          },
          {
            "path": ":groovy-docgenerator:generateReleaseInfo",
            "outcome": "EXECUTED"
          },
          {
            "path": ":groovy-docgenerator:jar",
            "outcome": "EXECUTED"
          },
          {
            "path": ":groovy-docgenerator:processResources",
            "outcome": "EXECUTED"
          },
          {
            "path": ":groovy-ginq:classes",
            "outcome": "EXECUTED"
          },
          {
            "path": ":groovy-ginq:compileGroovy",
            "outcome": "EXECUTED"
          },
          {
            "path": ":groovy-ginq:compileJava",
            "outcome": "NO_SOURCE"
          },
          {
            "path": ":groovy-ginq:moduleDescriptor",
            "outcome": "EXECUTED"
          },
          {
            "path": ":groovy-ginq:processResources",
            "outcome": "NO_SOURCE"
          },
          {
            "path": ":groovy-groovydoc:classes",
            "outcome": "EXECUTED"
          },
          {
            "path": ":groovy-groovydoc:compileGroovy",
            "outcome": "EXECUTED"
          },
          {
            "path": ":groovy-groovydoc:compileJava",
            "outcome": "FROM_CACHE"
          },
          {
            "path": ":groovy-groovydoc:generateReleaseInfo",
            "outcome": "EXECUTED"
          },
          {
            "path": ":groovy-groovydoc:jar",
            "outcome": "EXECUTED"
          },
          {
            "path": ":groovy-groovydoc:processResources",
            "outcome": "EXECUTED"
          },
          {
            "path": ":groovy-groovysh:classes",
            "outcome": "EXECUTED"
          },
          {
            "path": ":groovy-groovysh:compileGroovy",
            "outcome": "EXECUTED"
          },
          {
            "path": ":groovy-groovysh:compileJava",
            "outcome": "NO_SOURCE"
          },
          {
            "path": ":groovy-groovysh:processResources",
            "outcome": "EXECUTED"
          },
          {
            "path": ":groovy-jmx:classes",
            "outcome": "EXECUTED"
          },
          {
            "path": ":groovy-jmx:compileGroovy",
            "outcome": "EXECUTED"
          },
          {
            "path": ":groovy-jmx:compileJava",
            "outcome": "FROM_CACHE"
          },
          {
            "path": ":groovy-jmx:processResources",
            "outcome": "NO_SOURCE"
          },
          {
            "path": ":groovy-json:classes",
            "outcome": "EXECUTED"
          },
          {
            "path": ":groovy-json:compileGroovy",
            "outcome": "NO_SOURCE"
          },
          {
            "path": ":groovy-json:compileJava",
            "outcome": "EXECUTED"
          },
          {
            "path": ":groovy-json:generateReleaseInfo",
            "outcome": "EXECUTED"
          },
          {
            "path": ":groovy-json:jar",
            "outcome": "EXECUTED"
          },
          {
            "path": ":groovy-json:processResources",
            "outcome": "EXECUTED"
          },
          {
            "path": ":groovy-jsr223:classes",
            "outcome": "EXECUTED"
          },
          {
            "path": ":groovy-jsr223:compileGroovy",
            "outcome": "NO_SOURCE"
          },
          {
            "path": ":groovy-jsr223:compileJava",
            "outcome": "FROM_CACHE"
          },
          {
            "path": ":groovy-jsr223:moduleDescriptor",
            "outcome": "EXECUTED"
          },
          {
            "path": ":groovy-jsr223:processResources",
            "outcome": "EXECUTED"
          },
          {
            "path": ":groovy-macro-library:classes",
            "outcome": "EXECUTED"
          },
          {
            "path": ":groovy-macro-library:compileGroovy",
            "outcome": "EXECUTED"
          },
          {
            "path": ":groovy-macro-library:compileJava",
            "outcome": "NO_SOURCE"
          },
          {
            "path": ":groovy-macro-library:moduleDescriptor",
            "outcome": "EXECUTED"
          },
          {
            "path": ":groovy-macro-library:processResources",
            "outcome": "NO_SOURCE"
          },
          {
            "path": ":groovy-macro:classes",
            "outcome": "EXECUTED"
          },
          {
            "path": ":groovy-macro:compileGroovy",
            "outcome": "EXECUTED"
          },
          {
            "path": ":groovy-macro:compileJava",
            "outcome": "NO_SOURCE"
          },
          {
            "path": ":groovy-macro:generateReleaseInfo",
            "outcome": "EXECUTED"
          },
          {
            "path": ":groovy-macro:jar",
            "outcome": "EXECUTED"
          },
          {
            "path": ":groovy-macro:moduleDescriptor",
            "outcome": "EXECUTED"
          },
          {
            "path": ":groovy-macro:processResources",
            "outcome": "EXECUTED"
          },
          {
            "path": ":groovy-nio:classes",
            "outcome": "UP_TO_DATE"
          },
          {
            "path": ":groovy-nio:compileGroovy",
            "outcome": "NO_SOURCE"
          },
          {
            "path": ":groovy-nio:compileJava",
            "outcome": "FROM_CACHE"
          },
          {
            "path": ":groovy-nio:generateReleaseInfo",
            "outcome": "EXECUTED"
          },
          {
            "path": ":groovy-nio:jar",
            "outcome": "EXECUTED"
          },
          {
            "path": ":groovy-nio:moduleDescriptor",
            "outcome": "EXECUTED"
          },
          {
            "path": ":groovy-nio:processResources",
            "outcome": "NO_SOURCE"
          },
          {
            "path": ":groovy-servlet:classes",
            "outcome": "UP_TO_DATE"
          },
          {
            "path": ":groovy-servlet:compileGroovy",
            "outcome": "NO_SOURCE"
          },
          {
            "path": ":groovy-servlet:compileJava",
            "outcome": "FROM_CACHE"
          },
          {
            "path": ":groovy-servlet:processResources",
            "outcome": "NO_SOURCE"
          },
          {
            "path": ":groovy-sql:classes",
            "outcome": "UP_TO_DATE"
          },
          {
            "path": ":groovy-sql:compileGroovy",
            "outcome": "NO_SOURCE"
          },
          {
            "path": ":groovy-sql:compileJava",
            "outcome": "FROM_CACHE"
          },
          {
            "path": ":groovy-sql:moduleDescriptor",
            "outcome": "EXECUTED"
          },
          {
            "path": ":groovy-sql:processResources",
            "outcome": "NO_SOURCE"
          },
          {
            "path": ":groovy-swing:classes",
            "outcome": "EXECUTED"
          },
          {
            "path": ":groovy-swing:compileGroovy",
            "outcome": "EXECUTED"
          },
          {
            "path": ":groovy-swing:compileJava",
            "outcome": "FROM_CACHE"
          },
          {
            "path": ":groovy-swing:generateReleaseInfo",
            "outcome": "EXECUTED"
          },
          {
            "path": ":groovy-swing:jar",
            "outcome": "EXECUTED"
          },
          {
            "path": ":groovy-swing:moduleDescriptor",
            "outcome": "EXECUTED"
          },
          {
            "path": ":groovy-swing:processResources",
            "outcome": "NO_SOURCE"
          },
          {
            "path": ":groovy-templates:classes",
            "outcome": "EXECUTED"
          },
          {
            "path": ":groovy-templates:compileGroovy",
            "outcome": "EXECUTED"
          },
          {
            "path": ":groovy-templates:compileJava",
            "outcome": "NO_SOURCE"
          },
          {
            "path": ":groovy-templates:generateReleaseInfo",
            "outcome": "EXECUTED"
          },
          {
            "path": ":groovy-templates:jar",
            "outcome": "EXECUTED"
          },
          {
            "path": ":groovy-templates:processResources",
            "outcome": "NO_SOURCE"
          },
          {
            "path": ":groovy-test-junit5:classes",
            "outcome": "EXECUTED"
          },
          {
            "path": ":groovy-test-junit5:compileGroovy",
            "outcome": "EXECUTED"
          },
          {
            "path": ":groovy-test-junit5:compileJava",
            "outcome": "FROM_CACHE"
          },
          {
            "path": ":groovy-test-junit5:processResources",
            "outcome": "EXECUTED"
          },
          {
            "path": ":groovy-test:classes",
            "outcome": "EXECUTED"
          },
          {
            "path": ":groovy-test:compileGroovy",
            "outcome": "EXECUTED"
          },
          {
            "path": ":groovy-test:compileJava",
            "outcome": "FROM_CACHE"
          },
          {
            "path": ":groovy-test:processResources",
            "outcome": "NO_SOURCE"
          },
          {
            "path": ":groovy-testng:classes",
            "outcome": "EXECUTED"
          },
          {
            "path": ":groovy-testng:compileGroovy",
            "outcome": "NO_SOURCE"
          },
          {
            "path": ":groovy-testng:compileJava",
            "outcome": "FROM_CACHE"
          },
          {
            "path": ":groovy-testng:processResources",
            "outcome": "EXECUTED"
          },
          {
            "path": ":groovy-toml:classes",
            "outcome": "EXECUTED"
          },
          {
            "path": ":groovy-toml:compileGroovy",
            "outcome": "NO_SOURCE"
          },
          {
            "path": ":groovy-toml:compileJava",
            "outcome": "EXECUTED"
          },
          {
            "path": ":groovy-toml:processResources",
            "outcome": "NO_SOURCE"
          },
          {
            "path": ":groovy-typecheckers:classes",
            "outcome": "EXECUTED"
          },
          {
            "path": ":groovy-typecheckers:compileGroovy",
            "outcome": "EXECUTED"
          },
          {
            "path": ":groovy-typecheckers:compileJava",
            "outcome": "NO_SOURCE"
          },
          {
            "path": ":groovy-typecheckers:processResources",
            "outcome": "NO_SOURCE"
          },
          {
            "path": ":groovy-xml:classes",
            "outcome": "EXECUTED"
          },
          {
            "path": ":groovy-xml:compileGroovy",
            "outcome": "EXECUTED"
          },
          {
            "path": ":groovy-xml:compileJava",
            "outcome": "FROM_CACHE"
          },
          {
            "path": ":groovy-xml:generateReleaseInfo",
            "outcome": "EXECUTED"
          },
          {
            "path": ":groovy-xml:jar",
            "outcome": "EXECUTED"
          },
          {
            "path": ":groovy-xml:moduleDescriptor",
            "outcome": "EXECUTED"
          },
          {
            "path": ":groovy-xml:processResources",
            "outcome": "NO_SOURCE"
          },
          {
            "path": ":groovy-yaml:classes",
            "outcome": "EXECUTED"
          },
          {
            "path": ":groovy-yaml:compileGroovy",
            "outcome": "NO_SOURCE"
          },
          {
            "path": ":groovy-yaml:compileJava",
            "outcome": "EXECUTED"
          },
          {
            "path": ":groovy-yaml:processResources",
            "outcome": "NO_SOURCE"
          },
          {
            "path": ":jar",
            "outcome": "EXECUTED"
          },
          {
            "path": ":osgiClasses",
            "outcome": "EXECUTED"
          },
          {
            "path": ":performance:classes",
            "outcome": "UP_TO_DATE"
          },
          {
            "path": ":performance:compileGroovy",
            "outcome": "NO_SOURCE"
          },
          {
            "path": ":performance:compileJava",
            "outcome": "NO_SOURCE"
          },
          {
            "path": ":performance:processResources",
            "outcome": "NO_SOURCE"
          },
          {
            "path": ":processResources",
            "outcome": "EXECUTED"
          },
          {
            "path": ":stress:classes",
            "outcome": "UP_TO_DATE"
          },
          {
            "path": ":stress:compileGroovy",
            "outcome": "NO_SOURCE"
          },
          {
            "path": ":stress:compileJava",
            "outcome": "NO_SOURCE"
          },
          {
            "path": ":stress:processResources",
            "outcome": "NO_SOURCE"
          },
          {
            "path": ":tests-preview:classes",
            "outcome": "UP_TO_DATE"
          },
          {
            "path": ":tests-preview:compileGroovy",
            "outcome": "NO_SOURCE"
          },
          {
            "path": ":tests-preview:compileJava",
            "outcome": "NO_SOURCE"
          },
          {
            "path": ":tests-preview:processResources",
            "outcome": "NO_SOURCE"
          }
        ]
      },
      "candidateTaskOutcomes": {
        "total": 23,
        "executed": 14,
        "fromCache": 8,
        "upToDate": 0,
        "noSource": 1,
        "skipped": 0,
        "fingerprintSha256": "a2ceab5b2d31ec29985096c68593504ffb70ff192b029cdda43b97e3261e6c66",
        "tasks": [
          {
            "path": ":bootstrapJar",
            "outcome": "EXECUTED"
          },
          {
            "path": ":build-logic:classes",
            "outcome": "EXECUTED"
          },
          {
            "path": ":build-logic:compileGroovy",
            "outcome": "FROM_CACHE"
          },
          {
            "path": ":build-logic:compileGroovyPlugins",
            "outcome": "FROM_CACHE"
          },
          {
            "path": ":build-logic:compileJava",
            "outcome": "FROM_CACHE"
          },
          {
            "path": ":build-logic:extractPluginRequests",
            "outcome": "FROM_CACHE"
          },
          {
            "path": ":build-logic:generatePluginAdapters",
            "outcome": "FROM_CACHE"
          },
          {
            "path": ":build-logic:jar",
            "outcome": "EXECUTED"
          },
          {
            "path": ":build-logic:pluginDescriptors",
            "outcome": "EXECUTED"
          },
          {
            "path": ":build-logic:processResources",
            "outcome": "EXECUTED"
          },
          {
            "path": ":classes",
            "outcome": "EXECUTED"
          },
          {
            "path": ":compileGroovy",
            "outcome": "EXECUTED"
          },
          {
            "path": ":compileJava",
            "outcome": "FROM_CACHE"
          },
          {
            "path": ":dgmConverter",
            "outcome": "FROM_CACHE"
          },
          {
            "path": ":generateGrammarSource",
            "outcome": "FROM_CACHE"
          },
          {
            "path": ":generateReleaseInfo",
            "outcome": "EXECUTED"
          },
          {
            "path": ":groovy-json:classes",
            "outcome": "EXECUTED"
          },
          {
            "path": ":groovy-json:compileGroovy",
            "outcome": "NO_SOURCE"
          },
          {
            "path": ":groovy-json:compileJava",
            "outcome": "EXECUTED"
          },
          {
            "path": ":groovy-json:processResources",
            "outcome": "EXECUTED"
          },
          {
            "path": ":jar",
            "outcome": "EXECUTED"
          },
          {
            "path": ":osgiClasses",
            "outcome": "EXECUTED"
          },
          {
            "path": ":processResources",
            "outcome": "EXECUTED"
          }
        ]
      },
      "controlHostPressure": {
        "available": true,
        "cpuSomeTotalUs": 19191513,
        "memorySomeTotalUs": 0,
        "memoryFullTotalUs": 0,
        "ioSomeTotalUs": 41764106,
        "ioFullTotalUs": 15183994
      },
      "candidateHostPressure": {
        "available": true,
        "cpuSomeTotalUs": 110428,
        "memorySomeTotalUs": 0,
        "memoryFullTotalUs": 0,
        "ioSomeTotalUs": 14481372,
        "ioFullTotalUs": 11448551
      }
    },
    {
      "pair": 4,
      "order": "CANDIDATE_FIRST",
      "controlDurationMs": 79291,
      "candidateDurationMs": 18180,
      "savedMs": 61111,
      "controlRequiredOutputSha256": "3d8afa0c7f5f31a3dea7c0098e607284926ec09e538c5e6dd781a8570211551d",
      "candidateRequiredOutputSha256": "3d8afa0c7f5f31a3dea7c0098e607284926ec09e538c5e6dd781a8570211551d",
      "requiredOutputCount": 66,
      "productAttributableFailure": false,
      "controlLogSha256": "65935e4a4ad68caf88787d5955cc3a3a834532ad4e4fa15927038c48116b8ee5",
      "candidateLogSha256": "78a2e2413c2534e38e5614cde78864acb86bbe90ddf19972f2f262d28d8353b2",
      "controlTaskOutcomes": {
        "total": 175,
        "executed": 95,
        "fromCache": 24,
        "upToDate": 8,
        "noSource": 48,
        "skipped": 0,
        "fingerprintSha256": "4ee8d40cc83b46a0eb6fd63d9c7b6689faea17d9aa2a3395666dac7370f9debe",
        "tasks": [
          {
            "path": ":bootstrapJar",
            "outcome": "EXECUTED"
          },
          {
            "path": ":build-logic:classes",
            "outcome": "EXECUTED"
          },
          {
            "path": ":build-logic:compileGroovy",
            "outcome": "FROM_CACHE"
          },
          {
            "path": ":build-logic:compileGroovyPlugins",
            "outcome": "FROM_CACHE"
          },
          {
            "path": ":build-logic:compileJava",
            "outcome": "FROM_CACHE"
          },
          {
            "path": ":build-logic:extractPluginRequests",
            "outcome": "FROM_CACHE"
          },
          {
            "path": ":build-logic:generatePluginAdapters",
            "outcome": "FROM_CACHE"
          },
          {
            "path": ":build-logic:jar",
            "outcome": "EXECUTED"
          },
          {
            "path": ":build-logic:pluginDescriptors",
            "outcome": "EXECUTED"
          },
          {
            "path": ":build-logic:processResources",
            "outcome": "EXECUTED"
          },
          {
            "path": ":classes",
            "outcome": "EXECUTED"
          },
          {
            "path": ":compileGroovy",
            "outcome": "EXECUTED"
          },
          {
            "path": ":compileJava",
            "outcome": "FROM_CACHE"
          },
          {
            "path": ":dgmConverter",
            "outcome": "FROM_CACHE"
          },
          {
            "path": ":generateGrammarSource",
            "outcome": "FROM_CACHE"
          },
          {
            "path": ":generateReleaseInfo",
            "outcome": "EXECUTED"
          },
          {
            "path": ":groovy-ant:classes",
            "outcome": "EXECUTED"
          },
          {
            "path": ":groovy-ant:compileGroovy",
            "outcome": "EXECUTED"
          },
          {
            "path": ":groovy-ant:compileJava",
            "outcome": "FROM_CACHE"
          },
          {
            "path": ":groovy-ant:processResources",
            "outcome": "EXECUTED"
          },
          {
            "path": ":groovy-astbuilder:classes",
            "outcome": "EXECUTED"
          },
          {
            "path": ":groovy-astbuilder:compileGroovy",
            "outcome": "NO_SOURCE"
          },
          {
            "path": ":groovy-astbuilder:compileJava",
            "outcome": "FROM_CACHE"
          },
          {
            "path": ":groovy-astbuilder:processResources",
            "outcome": "EXECUTED"
          },
          {
            "path": ":groovy-cli-commons:classes",
            "outcome": "EXECUTED"
          },
          {
            "path": ":groovy-cli-commons:compileGroovy",
            "outcome": "EXECUTED"
          },
          {
            "path": ":groovy-cli-commons:compileJava",
            "outcome": "NO_SOURCE"
          },
          {
            "path": ":groovy-cli-commons:processResources",
            "outcome": "NO_SOURCE"
          },
          {
            "path": ":groovy-cli-picocli:classes",
            "outcome": "EXECUTED"
          },
          {
            "path": ":groovy-cli-picocli:compileGroovy",
            "outcome": "EXECUTED"
          },
          {
            "path": ":groovy-cli-picocli:compileJava",
            "outcome": "NO_SOURCE"
          },
          {
            "path": ":groovy-cli-picocli:processResources",
            "outcome": "NO_SOURCE"
          },
          {
            "path": ":groovy-console:classes",
            "outcome": "EXECUTED"
          },
          {
            "path": ":groovy-console:compileGroovy",
            "outcome": "EXECUTED"
          },
          {
            "path": ":groovy-console:compileJava",
            "outcome": "NO_SOURCE"
          },
          {
            "path": ":groovy-console:generateReleaseInfo",
            "outcome": "EXECUTED"
          },
          {
            "path": ":groovy-console:jar",
            "outcome": "EXECUTED"
          },
          {
            "path": ":groovy-console:processResources",
            "outcome": "EXECUTED"
          },
          {
            "path": ":groovy-contracts:classes",
            "outcome": "EXECUTED"
          },
          {
            "path": ":groovy-contracts:compileGroovy",
            "outcome": "NO_SOURCE"
          },
          {
            "path": ":groovy-contracts:compileJava",
            "outcome": "FROM_CACHE"
          },
          {
            "path": ":groovy-contracts:processResources",
            "outcome": "EXECUTED"
          },
          {
            "path": ":groovy-datetime:classes",
            "outcome": "UP_TO_DATE"
          },
          {
            "path": ":groovy-datetime:compileGroovy",
            "outcome": "NO_SOURCE"
          },
          {
            "path": ":groovy-datetime:compileJava",
            "outcome": "FROM_CACHE"
          },
          {
            "path": ":groovy-datetime:moduleDescriptor",
            "outcome": "EXECUTED"
          },
          {
            "path": ":groovy-datetime:processResources",
            "outcome": "NO_SOURCE"
          },
          {
            "path": ":groovy-dateutil:classes",
            "outcome": "UP_TO_DATE"
          },
          {
            "path": ":groovy-dateutil:compileGroovy",
            "outcome": "NO_SOURCE"
          },
          {
            "path": ":groovy-dateutil:compileJava",
            "outcome": "FROM_CACHE"
          },
          {
            "path": ":groovy-dateutil:moduleDescriptor",
            "outcome": "EXECUTED"
          },
          {
            "path": ":groovy-dateutil:processResources",
            "outcome": "NO_SOURCE"
          },
          {
            "path": ":groovy-docgenerator:classes",
            "outcome": "EXECUTED"
          },
          {
            "path": ":groovy-docgenerator:compileGroovy",
            "outcome": "EXECUTED"
          },
          {
            "path": ":groovy-docgenerator:compileJava",
            "outcome": "NO_SOURCE"
          },
          {
            "path": ":groovy-docgenerator:generateReleaseInfo",
            "outcome": "EXECUTED"
          },
          {
            "path": ":groovy-docgenerator:jar",
            "outcome": "EXECUTED"
          },
          {
            "path": ":groovy-docgenerator:processResources",
            "outcome": "EXECUTED"
          },
          {
            "path": ":groovy-ginq:classes",
            "outcome": "EXECUTED"
          },
          {
            "path": ":groovy-ginq:compileGroovy",
            "outcome": "EXECUTED"
          },
          {
            "path": ":groovy-ginq:compileJava",
            "outcome": "NO_SOURCE"
          },
          {
            "path": ":groovy-ginq:moduleDescriptor",
            "outcome": "EXECUTED"
          },
          {
            "path": ":groovy-ginq:processResources",
            "outcome": "NO_SOURCE"
          },
          {
            "path": ":groovy-groovydoc:classes",
            "outcome": "EXECUTED"
          },
          {
            "path": ":groovy-groovydoc:compileGroovy",
            "outcome": "EXECUTED"
          },
          {
            "path": ":groovy-groovydoc:compileJava",
            "outcome": "FROM_CACHE"
          },
          {
            "path": ":groovy-groovydoc:generateReleaseInfo",
            "outcome": "EXECUTED"
          },
          {
            "path": ":groovy-groovydoc:jar",
            "outcome": "EXECUTED"
          },
          {
            "path": ":groovy-groovydoc:processResources",
            "outcome": "EXECUTED"
          },
          {
            "path": ":groovy-groovysh:classes",
            "outcome": "EXECUTED"
          },
          {
            "path": ":groovy-groovysh:compileGroovy",
            "outcome": "EXECUTED"
          },
          {
            "path": ":groovy-groovysh:compileJava",
            "outcome": "NO_SOURCE"
          },
          {
            "path": ":groovy-groovysh:processResources",
            "outcome": "EXECUTED"
          },
          {
            "path": ":groovy-jmx:classes",
            "outcome": "EXECUTED"
          },
          {
            "path": ":groovy-jmx:compileGroovy",
            "outcome": "EXECUTED"
          },
          {
            "path": ":groovy-jmx:compileJava",
            "outcome": "FROM_CACHE"
          },
          {
            "path": ":groovy-jmx:processResources",
            "outcome": "NO_SOURCE"
          },
          {
            "path": ":groovy-json:classes",
            "outcome": "EXECUTED"
          },
          {
            "path": ":groovy-json:compileGroovy",
            "outcome": "NO_SOURCE"
          },
          {
            "path": ":groovy-json:compileJava",
            "outcome": "EXECUTED"
          },
          {
            "path": ":groovy-json:generateReleaseInfo",
            "outcome": "EXECUTED"
          },
          {
            "path": ":groovy-json:jar",
            "outcome": "EXECUTED"
          },
          {
            "path": ":groovy-json:processResources",
            "outcome": "EXECUTED"
          },
          {
            "path": ":groovy-jsr223:classes",
            "outcome": "EXECUTED"
          },
          {
            "path": ":groovy-jsr223:compileGroovy",
            "outcome": "NO_SOURCE"
          },
          {
            "path": ":groovy-jsr223:compileJava",
            "outcome": "FROM_CACHE"
          },
          {
            "path": ":groovy-jsr223:moduleDescriptor",
            "outcome": "EXECUTED"
          },
          {
            "path": ":groovy-jsr223:processResources",
            "outcome": "EXECUTED"
          },
          {
            "path": ":groovy-macro-library:classes",
            "outcome": "EXECUTED"
          },
          {
            "path": ":groovy-macro-library:compileGroovy",
            "outcome": "EXECUTED"
          },
          {
            "path": ":groovy-macro-library:compileJava",
            "outcome": "NO_SOURCE"
          },
          {
            "path": ":groovy-macro-library:moduleDescriptor",
            "outcome": "EXECUTED"
          },
          {
            "path": ":groovy-macro-library:processResources",
            "outcome": "NO_SOURCE"
          },
          {
            "path": ":groovy-macro:classes",
            "outcome": "EXECUTED"
          },
          {
            "path": ":groovy-macro:compileGroovy",
            "outcome": "EXECUTED"
          },
          {
            "path": ":groovy-macro:compileJava",
            "outcome": "NO_SOURCE"
          },
          {
            "path": ":groovy-macro:generateReleaseInfo",
            "outcome": "EXECUTED"
          },
          {
            "path": ":groovy-macro:jar",
            "outcome": "EXECUTED"
          },
          {
            "path": ":groovy-macro:moduleDescriptor",
            "outcome": "EXECUTED"
          },
          {
            "path": ":groovy-macro:processResources",
            "outcome": "EXECUTED"
          },
          {
            "path": ":groovy-nio:classes",
            "outcome": "UP_TO_DATE"
          },
          {
            "path": ":groovy-nio:compileGroovy",
            "outcome": "NO_SOURCE"
          },
          {
            "path": ":groovy-nio:compileJava",
            "outcome": "FROM_CACHE"
          },
          {
            "path": ":groovy-nio:generateReleaseInfo",
            "outcome": "EXECUTED"
          },
          {
            "path": ":groovy-nio:jar",
            "outcome": "EXECUTED"
          },
          {
            "path": ":groovy-nio:moduleDescriptor",
            "outcome": "EXECUTED"
          },
          {
            "path": ":groovy-nio:processResources",
            "outcome": "NO_SOURCE"
          },
          {
            "path": ":groovy-servlet:classes",
            "outcome": "UP_TO_DATE"
          },
          {
            "path": ":groovy-servlet:compileGroovy",
            "outcome": "NO_SOURCE"
          },
          {
            "path": ":groovy-servlet:compileJava",
            "outcome": "FROM_CACHE"
          },
          {
            "path": ":groovy-servlet:processResources",
            "outcome": "NO_SOURCE"
          },
          {
            "path": ":groovy-sql:classes",
            "outcome": "UP_TO_DATE"
          },
          {
            "path": ":groovy-sql:compileGroovy",
            "outcome": "NO_SOURCE"
          },
          {
            "path": ":groovy-sql:compileJava",
            "outcome": "FROM_CACHE"
          },
          {
            "path": ":groovy-sql:moduleDescriptor",
            "outcome": "EXECUTED"
          },
          {
            "path": ":groovy-sql:processResources",
            "outcome": "NO_SOURCE"
          },
          {
            "path": ":groovy-swing:classes",
            "outcome": "EXECUTED"
          },
          {
            "path": ":groovy-swing:compileGroovy",
            "outcome": "EXECUTED"
          },
          {
            "path": ":groovy-swing:compileJava",
            "outcome": "FROM_CACHE"
          },
          {
            "path": ":groovy-swing:generateReleaseInfo",
            "outcome": "EXECUTED"
          },
          {
            "path": ":groovy-swing:jar",
            "outcome": "EXECUTED"
          },
          {
            "path": ":groovy-swing:moduleDescriptor",
            "outcome": "EXECUTED"
          },
          {
            "path": ":groovy-swing:processResources",
            "outcome": "NO_SOURCE"
          },
          {
            "path": ":groovy-templates:classes",
            "outcome": "EXECUTED"
          },
          {
            "path": ":groovy-templates:compileGroovy",
            "outcome": "EXECUTED"
          },
          {
            "path": ":groovy-templates:compileJava",
            "outcome": "NO_SOURCE"
          },
          {
            "path": ":groovy-templates:generateReleaseInfo",
            "outcome": "EXECUTED"
          },
          {
            "path": ":groovy-templates:jar",
            "outcome": "EXECUTED"
          },
          {
            "path": ":groovy-templates:processResources",
            "outcome": "NO_SOURCE"
          },
          {
            "path": ":groovy-test-junit5:classes",
            "outcome": "EXECUTED"
          },
          {
            "path": ":groovy-test-junit5:compileGroovy",
            "outcome": "EXECUTED"
          },
          {
            "path": ":groovy-test-junit5:compileJava",
            "outcome": "FROM_CACHE"
          },
          {
            "path": ":groovy-test-junit5:processResources",
            "outcome": "EXECUTED"
          },
          {
            "path": ":groovy-test:classes",
            "outcome": "EXECUTED"
          },
          {
            "path": ":groovy-test:compileGroovy",
            "outcome": "EXECUTED"
          },
          {
            "path": ":groovy-test:compileJava",
            "outcome": "FROM_CACHE"
          },
          {
            "path": ":groovy-test:processResources",
            "outcome": "NO_SOURCE"
          },
          {
            "path": ":groovy-testng:classes",
            "outcome": "EXECUTED"
          },
          {
            "path": ":groovy-testng:compileGroovy",
            "outcome": "NO_SOURCE"
          },
          {
            "path": ":groovy-testng:compileJava",
            "outcome": "FROM_CACHE"
          },
          {
            "path": ":groovy-testng:processResources",
            "outcome": "EXECUTED"
          },
          {
            "path": ":groovy-toml:classes",
            "outcome": "EXECUTED"
          },
          {
            "path": ":groovy-toml:compileGroovy",
            "outcome": "NO_SOURCE"
          },
          {
            "path": ":groovy-toml:compileJava",
            "outcome": "EXECUTED"
          },
          {
            "path": ":groovy-toml:processResources",
            "outcome": "NO_SOURCE"
          },
          {
            "path": ":groovy-typecheckers:classes",
            "outcome": "EXECUTED"
          },
          {
            "path": ":groovy-typecheckers:compileGroovy",
            "outcome": "EXECUTED"
          },
          {
            "path": ":groovy-typecheckers:compileJava",
            "outcome": "NO_SOURCE"
          },
          {
            "path": ":groovy-typecheckers:processResources",
            "outcome": "NO_SOURCE"
          },
          {
            "path": ":groovy-xml:classes",
            "outcome": "EXECUTED"
          },
          {
            "path": ":groovy-xml:compileGroovy",
            "outcome": "EXECUTED"
          },
          {
            "path": ":groovy-xml:compileJava",
            "outcome": "FROM_CACHE"
          },
          {
            "path": ":groovy-xml:generateReleaseInfo",
            "outcome": "EXECUTED"
          },
          {
            "path": ":groovy-xml:jar",
            "outcome": "EXECUTED"
          },
          {
            "path": ":groovy-xml:moduleDescriptor",
            "outcome": "EXECUTED"
          },
          {
            "path": ":groovy-xml:processResources",
            "outcome": "NO_SOURCE"
          },
          {
            "path": ":groovy-yaml:classes",
            "outcome": "EXECUTED"
          },
          {
            "path": ":groovy-yaml:compileGroovy",
            "outcome": "NO_SOURCE"
          },
          {
            "path": ":groovy-yaml:compileJava",
            "outcome": "EXECUTED"
          },
          {
            "path": ":groovy-yaml:processResources",
            "outcome": "NO_SOURCE"
          },
          {
            "path": ":jar",
            "outcome": "EXECUTED"
          },
          {
            "path": ":osgiClasses",
            "outcome": "EXECUTED"
          },
          {
            "path": ":performance:classes",
            "outcome": "UP_TO_DATE"
          },
          {
            "path": ":performance:compileGroovy",
            "outcome": "NO_SOURCE"
          },
          {
            "path": ":performance:compileJava",
            "outcome": "NO_SOURCE"
          },
          {
            "path": ":performance:processResources",
            "outcome": "NO_SOURCE"
          },
          {
            "path": ":processResources",
            "outcome": "EXECUTED"
          },
          {
            "path": ":stress:classes",
            "outcome": "UP_TO_DATE"
          },
          {
            "path": ":stress:compileGroovy",
            "outcome": "NO_SOURCE"
          },
          {
            "path": ":stress:compileJava",
            "outcome": "NO_SOURCE"
          },
          {
            "path": ":stress:processResources",
            "outcome": "NO_SOURCE"
          },
          {
            "path": ":tests-preview:classes",
            "outcome": "UP_TO_DATE"
          },
          {
            "path": ":tests-preview:compileGroovy",
            "outcome": "NO_SOURCE"
          },
          {
            "path": ":tests-preview:compileJava",
            "outcome": "NO_SOURCE"
          },
          {
            "path": ":tests-preview:processResources",
            "outcome": "NO_SOURCE"
          }
        ]
      },
      "candidateTaskOutcomes": {
        "total": 23,
        "executed": 14,
        "fromCache": 8,
        "upToDate": 0,
        "noSource": 1,
        "skipped": 0,
        "fingerprintSha256": "a2ceab5b2d31ec29985096c68593504ffb70ff192b029cdda43b97e3261e6c66",
        "tasks": [
          {
            "path": ":bootstrapJar",
            "outcome": "EXECUTED"
          },
          {
            "path": ":build-logic:classes",
            "outcome": "EXECUTED"
          },
          {
            "path": ":build-logic:compileGroovy",
            "outcome": "FROM_CACHE"
          },
          {
            "path": ":build-logic:compileGroovyPlugins",
            "outcome": "FROM_CACHE"
          },
          {
            "path": ":build-logic:compileJava",
            "outcome": "FROM_CACHE"
          },
          {
            "path": ":build-logic:extractPluginRequests",
            "outcome": "FROM_CACHE"
          },
          {
            "path": ":build-logic:generatePluginAdapters",
            "outcome": "FROM_CACHE"
          },
          {
            "path": ":build-logic:jar",
            "outcome": "EXECUTED"
          },
          {
            "path": ":build-logic:pluginDescriptors",
            "outcome": "EXECUTED"
          },
          {
            "path": ":build-logic:processResources",
            "outcome": "EXECUTED"
          },
          {
            "path": ":classes",
            "outcome": "EXECUTED"
          },
          {
            "path": ":compileGroovy",
            "outcome": "EXECUTED"
          },
          {
            "path": ":compileJava",
            "outcome": "FROM_CACHE"
          },
          {
            "path": ":dgmConverter",
            "outcome": "FROM_CACHE"
          },
          {
            "path": ":generateGrammarSource",
            "outcome": "FROM_CACHE"
          },
          {
            "path": ":generateReleaseInfo",
            "outcome": "EXECUTED"
          },
          {
            "path": ":groovy-json:classes",
            "outcome": "EXECUTED"
          },
          {
            "path": ":groovy-json:compileGroovy",
            "outcome": "NO_SOURCE"
          },
          {
            "path": ":groovy-json:compileJava",
            "outcome": "EXECUTED"
          },
          {
            "path": ":groovy-json:processResources",
            "outcome": "EXECUTED"
          },
          {
            "path": ":jar",
            "outcome": "EXECUTED"
          },
          {
            "path": ":osgiClasses",
            "outcome": "EXECUTED"
          },
          {
            "path": ":processResources",
            "outcome": "EXECUTED"
          }
        ]
      },
      "controlHostPressure": {
        "available": true,
        "cpuSomeTotalUs": 20415900,
        "memorySomeTotalUs": 1314,
        "memoryFullTotalUs": 38,
        "ioSomeTotalUs": 38392528,
        "ioFullTotalUs": 15272813
      },
      "candidateHostPressure": {
        "available": true,
        "cpuSomeTotalUs": 102180,
        "memorySomeTotalUs": 0,
        "memoryFullTotalUs": 0,
        "ioSomeTotalUs": 11539213,
        "ioFullTotalUs": 8837897
      }
    },
    {
      "pair": 5,
      "order": "CONTROL_FIRST",
      "controlDurationMs": 80485,
      "candidateDurationMs": 21493,
      "savedMs": 58992,
      "controlRequiredOutputSha256": "3d8afa0c7f5f31a3dea7c0098e607284926ec09e538c5e6dd781a8570211551d",
      "candidateRequiredOutputSha256": "3d8afa0c7f5f31a3dea7c0098e607284926ec09e538c5e6dd781a8570211551d",
      "requiredOutputCount": 66,
      "productAttributableFailure": false,
      "controlLogSha256": "5f1f56d880117a27b4e39980f75613344b603dcbc5ce6944db8b129ea467050d",
      "candidateLogSha256": "9561d412147c1f156c71b03173ba6899f699e447999f5828e632ed8a47fe2de3",
      "controlTaskOutcomes": {
        "total": 175,
        "executed": 95,
        "fromCache": 24,
        "upToDate": 8,
        "noSource": 48,
        "skipped": 0,
        "fingerprintSha256": "4ee8d40cc83b46a0eb6fd63d9c7b6689faea17d9aa2a3395666dac7370f9debe",
        "tasks": [
          {
            "path": ":bootstrapJar",
            "outcome": "EXECUTED"
          },
          {
            "path": ":build-logic:classes",
            "outcome": "EXECUTED"
          },
          {
            "path": ":build-logic:compileGroovy",
            "outcome": "FROM_CACHE"
          },
          {
            "path": ":build-logic:compileGroovyPlugins",
            "outcome": "FROM_CACHE"
          },
          {
            "path": ":build-logic:compileJava",
            "outcome": "FROM_CACHE"
          },
          {
            "path": ":build-logic:extractPluginRequests",
            "outcome": "FROM_CACHE"
          },
          {
            "path": ":build-logic:generatePluginAdapters",
            "outcome": "FROM_CACHE"
          },
          {
            "path": ":build-logic:jar",
            "outcome": "EXECUTED"
          },
          {
            "path": ":build-logic:pluginDescriptors",
            "outcome": "EXECUTED"
          },
          {
            "path": ":build-logic:processResources",
            "outcome": "EXECUTED"
          },
          {
            "path": ":classes",
            "outcome": "EXECUTED"
          },
          {
            "path": ":compileGroovy",
            "outcome": "EXECUTED"
          },
          {
            "path": ":compileJava",
            "outcome": "FROM_CACHE"
          },
          {
            "path": ":dgmConverter",
            "outcome": "FROM_CACHE"
          },
          {
            "path": ":generateGrammarSource",
            "outcome": "FROM_CACHE"
          },
          {
            "path": ":generateReleaseInfo",
            "outcome": "EXECUTED"
          },
          {
            "path": ":groovy-ant:classes",
            "outcome": "EXECUTED"
          },
          {
            "path": ":groovy-ant:compileGroovy",
            "outcome": "EXECUTED"
          },
          {
            "path": ":groovy-ant:compileJava",
            "outcome": "FROM_CACHE"
          },
          {
            "path": ":groovy-ant:processResources",
            "outcome": "EXECUTED"
          },
          {
            "path": ":groovy-astbuilder:classes",
            "outcome": "EXECUTED"
          },
          {
            "path": ":groovy-astbuilder:compileGroovy",
            "outcome": "NO_SOURCE"
          },
          {
            "path": ":groovy-astbuilder:compileJava",
            "outcome": "FROM_CACHE"
          },
          {
            "path": ":groovy-astbuilder:processResources",
            "outcome": "EXECUTED"
          },
          {
            "path": ":groovy-cli-commons:classes",
            "outcome": "EXECUTED"
          },
          {
            "path": ":groovy-cli-commons:compileGroovy",
            "outcome": "EXECUTED"
          },
          {
            "path": ":groovy-cli-commons:compileJava",
            "outcome": "NO_SOURCE"
          },
          {
            "path": ":groovy-cli-commons:processResources",
            "outcome": "NO_SOURCE"
          },
          {
            "path": ":groovy-cli-picocli:classes",
            "outcome": "EXECUTED"
          },
          {
            "path": ":groovy-cli-picocli:compileGroovy",
            "outcome": "EXECUTED"
          },
          {
            "path": ":groovy-cli-picocli:compileJava",
            "outcome": "NO_SOURCE"
          },
          {
            "path": ":groovy-cli-picocli:processResources",
            "outcome": "NO_SOURCE"
          },
          {
            "path": ":groovy-console:classes",
            "outcome": "EXECUTED"
          },
          {
            "path": ":groovy-console:compileGroovy",
            "outcome": "EXECUTED"
          },
          {
            "path": ":groovy-console:compileJava",
            "outcome": "NO_SOURCE"
          },
          {
            "path": ":groovy-console:generateReleaseInfo",
            "outcome": "EXECUTED"
          },
          {
            "path": ":groovy-console:jar",
            "outcome": "EXECUTED"
          },
          {
            "path": ":groovy-console:processResources",
            "outcome": "EXECUTED"
          },
          {
            "path": ":groovy-contracts:classes",
            "outcome": "EXECUTED"
          },
          {
            "path": ":groovy-contracts:compileGroovy",
            "outcome": "NO_SOURCE"
          },
          {
            "path": ":groovy-contracts:compileJava",
            "outcome": "FROM_CACHE"
          },
          {
            "path": ":groovy-contracts:processResources",
            "outcome": "EXECUTED"
          },
          {
            "path": ":groovy-datetime:classes",
            "outcome": "UP_TO_DATE"
          },
          {
            "path": ":groovy-datetime:compileGroovy",
            "outcome": "NO_SOURCE"
          },
          {
            "path": ":groovy-datetime:compileJava",
            "outcome": "FROM_CACHE"
          },
          {
            "path": ":groovy-datetime:moduleDescriptor",
            "outcome": "EXECUTED"
          },
          {
            "path": ":groovy-datetime:processResources",
            "outcome": "NO_SOURCE"
          },
          {
            "path": ":groovy-dateutil:classes",
            "outcome": "UP_TO_DATE"
          },
          {
            "path": ":groovy-dateutil:compileGroovy",
            "outcome": "NO_SOURCE"
          },
          {
            "path": ":groovy-dateutil:compileJava",
            "outcome": "FROM_CACHE"
          },
          {
            "path": ":groovy-dateutil:moduleDescriptor",
            "outcome": "EXECUTED"
          },
          {
            "path": ":groovy-dateutil:processResources",
            "outcome": "NO_SOURCE"
          },
          {
            "path": ":groovy-docgenerator:classes",
            "outcome": "EXECUTED"
          },
          {
            "path": ":groovy-docgenerator:compileGroovy",
            "outcome": "EXECUTED"
          },
          {
            "path": ":groovy-docgenerator:compileJava",
            "outcome": "NO_SOURCE"
          },
          {
            "path": ":groovy-docgenerator:generateReleaseInfo",
            "outcome": "EXECUTED"
          },
          {
            "path": ":groovy-docgenerator:jar",
            "outcome": "EXECUTED"
          },
          {
            "path": ":groovy-docgenerator:processResources",
            "outcome": "EXECUTED"
          },
          {
            "path": ":groovy-ginq:classes",
            "outcome": "EXECUTED"
          },
          {
            "path": ":groovy-ginq:compileGroovy",
            "outcome": "EXECUTED"
          },
          {
            "path": ":groovy-ginq:compileJava",
            "outcome": "NO_SOURCE"
          },
          {
            "path": ":groovy-ginq:moduleDescriptor",
            "outcome": "EXECUTED"
          },
          {
            "path": ":groovy-ginq:processResources",
            "outcome": "NO_SOURCE"
          },
          {
            "path": ":groovy-groovydoc:classes",
            "outcome": "EXECUTED"
          },
          {
            "path": ":groovy-groovydoc:compileGroovy",
            "outcome": "EXECUTED"
          },
          {
            "path": ":groovy-groovydoc:compileJava",
            "outcome": "FROM_CACHE"
          },
          {
            "path": ":groovy-groovydoc:generateReleaseInfo",
            "outcome": "EXECUTED"
          },
          {
            "path": ":groovy-groovydoc:jar",
            "outcome": "EXECUTED"
          },
          {
            "path": ":groovy-groovydoc:processResources",
            "outcome": "EXECUTED"
          },
          {
            "path": ":groovy-groovysh:classes",
            "outcome": "EXECUTED"
          },
          {
            "path": ":groovy-groovysh:compileGroovy",
            "outcome": "EXECUTED"
          },
          {
            "path": ":groovy-groovysh:compileJava",
            "outcome": "NO_SOURCE"
          },
          {
            "path": ":groovy-groovysh:processResources",
            "outcome": "EXECUTED"
          },
          {
            "path": ":groovy-jmx:classes",
            "outcome": "EXECUTED"
          },
          {
            "path": ":groovy-jmx:compileGroovy",
            "outcome": "EXECUTED"
          },
          {
            "path": ":groovy-jmx:compileJava",
            "outcome": "FROM_CACHE"
          },
          {
            "path": ":groovy-jmx:processResources",
            "outcome": "NO_SOURCE"
          },
          {
            "path": ":groovy-json:classes",
            "outcome": "EXECUTED"
          },
          {
            "path": ":groovy-json:compileGroovy",
            "outcome": "NO_SOURCE"
          },
          {
            "path": ":groovy-json:compileJava",
            "outcome": "EXECUTED"
          },
          {
            "path": ":groovy-json:generateReleaseInfo",
            "outcome": "EXECUTED"
          },
          {
            "path": ":groovy-json:jar",
            "outcome": "EXECUTED"
          },
          {
            "path": ":groovy-json:processResources",
            "outcome": "EXECUTED"
          },
          {
            "path": ":groovy-jsr223:classes",
            "outcome": "EXECUTED"
          },
          {
            "path": ":groovy-jsr223:compileGroovy",
            "outcome": "NO_SOURCE"
          },
          {
            "path": ":groovy-jsr223:compileJava",
            "outcome": "FROM_CACHE"
          },
          {
            "path": ":groovy-jsr223:moduleDescriptor",
            "outcome": "EXECUTED"
          },
          {
            "path": ":groovy-jsr223:processResources",
            "outcome": "EXECUTED"
          },
          {
            "path": ":groovy-macro-library:classes",
            "outcome": "EXECUTED"
          },
          {
            "path": ":groovy-macro-library:compileGroovy",
            "outcome": "EXECUTED"
          },
          {
            "path": ":groovy-macro-library:compileJava",
            "outcome": "NO_SOURCE"
          },
          {
            "path": ":groovy-macro-library:moduleDescriptor",
            "outcome": "EXECUTED"
          },
          {
            "path": ":groovy-macro-library:processResources",
            "outcome": "NO_SOURCE"
          },
          {
            "path": ":groovy-macro:classes",
            "outcome": "EXECUTED"
          },
          {
            "path": ":groovy-macro:compileGroovy",
            "outcome": "EXECUTED"
          },
          {
            "path": ":groovy-macro:compileJava",
            "outcome": "NO_SOURCE"
          },
          {
            "path": ":groovy-macro:generateReleaseInfo",
            "outcome": "EXECUTED"
          },
          {
            "path": ":groovy-macro:jar",
            "outcome": "EXECUTED"
          },
          {
            "path": ":groovy-macro:moduleDescriptor",
            "outcome": "EXECUTED"
          },
          {
            "path": ":groovy-macro:processResources",
            "outcome": "EXECUTED"
          },
          {
            "path": ":groovy-nio:classes",
            "outcome": "UP_TO_DATE"
          },
          {
            "path": ":groovy-nio:compileGroovy",
            "outcome": "NO_SOURCE"
          },
          {
            "path": ":groovy-nio:compileJava",
            "outcome": "FROM_CACHE"
          },
          {
            "path": ":groovy-nio:generateReleaseInfo",
            "outcome": "EXECUTED"
          },
          {
            "path": ":groovy-nio:jar",
            "outcome": "EXECUTED"
          },
          {
            "path": ":groovy-nio:moduleDescriptor",
            "outcome": "EXECUTED"
          },
          {
            "path": ":groovy-nio:processResources",
            "outcome": "NO_SOURCE"
          },
          {
            "path": ":groovy-servlet:classes",
            "outcome": "UP_TO_DATE"
          },
          {
            "path": ":groovy-servlet:compileGroovy",
            "outcome": "NO_SOURCE"
          },
          {
            "path": ":groovy-servlet:compileJava",
            "outcome": "FROM_CACHE"
          },
          {
            "path": ":groovy-servlet:processResources",
            "outcome": "NO_SOURCE"
          },
          {
            "path": ":groovy-sql:classes",
            "outcome": "UP_TO_DATE"
          },
          {
            "path": ":groovy-sql:compileGroovy",
            "outcome": "NO_SOURCE"
          },
          {
            "path": ":groovy-sql:compileJava",
            "outcome": "FROM_CACHE"
          },
          {
            "path": ":groovy-sql:moduleDescriptor",
            "outcome": "EXECUTED"
          },
          {
            "path": ":groovy-sql:processResources",
            "outcome": "NO_SOURCE"
          },
          {
            "path": ":groovy-swing:classes",
            "outcome": "EXECUTED"
          },
          {
            "path": ":groovy-swing:compileGroovy",
            "outcome": "EXECUTED"
          },
          {
            "path": ":groovy-swing:compileJava",
            "outcome": "FROM_CACHE"
          },
          {
            "path": ":groovy-swing:generateReleaseInfo",
            "outcome": "EXECUTED"
          },
          {
            "path": ":groovy-swing:jar",
            "outcome": "EXECUTED"
          },
          {
            "path": ":groovy-swing:moduleDescriptor",
            "outcome": "EXECUTED"
          },
          {
            "path": ":groovy-swing:processResources",
            "outcome": "NO_SOURCE"
          },
          {
            "path": ":groovy-templates:classes",
            "outcome": "EXECUTED"
          },
          {
            "path": ":groovy-templates:compileGroovy",
            "outcome": "EXECUTED"
          },
          {
            "path": ":groovy-templates:compileJava",
            "outcome": "NO_SOURCE"
          },
          {
            "path": ":groovy-templates:generateReleaseInfo",
            "outcome": "EXECUTED"
          },
          {
            "path": ":groovy-templates:jar",
            "outcome": "EXECUTED"
          },
          {
            "path": ":groovy-templates:processResources",
            "outcome": "NO_SOURCE"
          },
          {
            "path": ":groovy-test-junit5:classes",
            "outcome": "EXECUTED"
          },
          {
            "path": ":groovy-test-junit5:compileGroovy",
            "outcome": "EXECUTED"
          },
          {
            "path": ":groovy-test-junit5:compileJava",
            "outcome": "FROM_CACHE"
          },
          {
            "path": ":groovy-test-junit5:processResources",
            "outcome": "EXECUTED"
          },
          {
            "path": ":groovy-test:classes",
            "outcome": "EXECUTED"
          },
          {
            "path": ":groovy-test:compileGroovy",
            "outcome": "EXECUTED"
          },
          {
            "path": ":groovy-test:compileJava",
            "outcome": "FROM_CACHE"
          },
          {
            "path": ":groovy-test:processResources",
            "outcome": "NO_SOURCE"
          },
          {
            "path": ":groovy-testng:classes",
            "outcome": "EXECUTED"
          },
          {
            "path": ":groovy-testng:compileGroovy",
            "outcome": "NO_SOURCE"
          },
          {
            "path": ":groovy-testng:compileJava",
            "outcome": "FROM_CACHE"
          },
          {
            "path": ":groovy-testng:processResources",
            "outcome": "EXECUTED"
          },
          {
            "path": ":groovy-toml:classes",
            "outcome": "EXECUTED"
          },
          {
            "path": ":groovy-toml:compileGroovy",
            "outcome": "NO_SOURCE"
          },
          {
            "path": ":groovy-toml:compileJava",
            "outcome": "EXECUTED"
          },
          {
            "path": ":groovy-toml:processResources",
            "outcome": "NO_SOURCE"
          },
          {
            "path": ":groovy-typecheckers:classes",
            "outcome": "EXECUTED"
          },
          {
            "path": ":groovy-typecheckers:compileGroovy",
            "outcome": "EXECUTED"
          },
          {
            "path": ":groovy-typecheckers:compileJava",
            "outcome": "NO_SOURCE"
          },
          {
            "path": ":groovy-typecheckers:processResources",
            "outcome": "NO_SOURCE"
          },
          {
            "path": ":groovy-xml:classes",
            "outcome": "EXECUTED"
          },
          {
            "path": ":groovy-xml:compileGroovy",
            "outcome": "EXECUTED"
          },
          {
            "path": ":groovy-xml:compileJava",
            "outcome": "FROM_CACHE"
          },
          {
            "path": ":groovy-xml:generateReleaseInfo",
            "outcome": "EXECUTED"
          },
          {
            "path": ":groovy-xml:jar",
            "outcome": "EXECUTED"
          },
          {
            "path": ":groovy-xml:moduleDescriptor",
            "outcome": "EXECUTED"
          },
          {
            "path": ":groovy-xml:processResources",
            "outcome": "NO_SOURCE"
          },
          {
            "path": ":groovy-yaml:classes",
            "outcome": "EXECUTED"
          },
          {
            "path": ":groovy-yaml:compileGroovy",
            "outcome": "NO_SOURCE"
          },
          {
            "path": ":groovy-yaml:compileJava",
            "outcome": "EXECUTED"
          },
          {
            "path": ":groovy-yaml:processResources",
            "outcome": "NO_SOURCE"
          },
          {
            "path": ":jar",
            "outcome": "EXECUTED"
          },
          {
            "path": ":osgiClasses",
            "outcome": "EXECUTED"
          },
          {
            "path": ":performance:classes",
            "outcome": "UP_TO_DATE"
          },
          {
            "path": ":performance:compileGroovy",
            "outcome": "NO_SOURCE"
          },
          {
            "path": ":performance:compileJava",
            "outcome": "NO_SOURCE"
          },
          {
            "path": ":performance:processResources",
            "outcome": "NO_SOURCE"
          },
          {
            "path": ":processResources",
            "outcome": "EXECUTED"
          },
          {
            "path": ":stress:classes",
            "outcome": "UP_TO_DATE"
          },
          {
            "path": ":stress:compileGroovy",
            "outcome": "NO_SOURCE"
          },
          {
            "path": ":stress:compileJava",
            "outcome": "NO_SOURCE"
          },
          {
            "path": ":stress:processResources",
            "outcome": "NO_SOURCE"
          },
          {
            "path": ":tests-preview:classes",
            "outcome": "UP_TO_DATE"
          },
          {
            "path": ":tests-preview:compileGroovy",
            "outcome": "NO_SOURCE"
          },
          {
            "path": ":tests-preview:compileJava",
            "outcome": "NO_SOURCE"
          },
          {
            "path": ":tests-preview:processResources",
            "outcome": "NO_SOURCE"
          }
        ]
      },
      "candidateTaskOutcomes": {
        "total": 23,
        "executed": 14,
        "fromCache": 8,
        "upToDate": 0,
        "noSource": 1,
        "skipped": 0,
        "fingerprintSha256": "a2ceab5b2d31ec29985096c68593504ffb70ff192b029cdda43b97e3261e6c66",
        "tasks": [
          {
            "path": ":bootstrapJar",
            "outcome": "EXECUTED"
          },
          {
            "path": ":build-logic:classes",
            "outcome": "EXECUTED"
          },
          {
            "path": ":build-logic:compileGroovy",
            "outcome": "FROM_CACHE"
          },
          {
            "path": ":build-logic:compileGroovyPlugins",
            "outcome": "FROM_CACHE"
          },
          {
            "path": ":build-logic:compileJava",
            "outcome": "FROM_CACHE"
          },
          {
            "path": ":build-logic:extractPluginRequests",
            "outcome": "FROM_CACHE"
          },
          {
            "path": ":build-logic:generatePluginAdapters",
            "outcome": "FROM_CACHE"
          },
          {
            "path": ":build-logic:jar",
            "outcome": "EXECUTED"
          },
          {
            "path": ":build-logic:pluginDescriptors",
            "outcome": "EXECUTED"
          },
          {
            "path": ":build-logic:processResources",
            "outcome": "EXECUTED"
          },
          {
            "path": ":classes",
            "outcome": "EXECUTED"
          },
          {
            "path": ":compileGroovy",
            "outcome": "EXECUTED"
          },
          {
            "path": ":compileJava",
            "outcome": "FROM_CACHE"
          },
          {
            "path": ":dgmConverter",
            "outcome": "FROM_CACHE"
          },
          {
            "path": ":generateGrammarSource",
            "outcome": "FROM_CACHE"
          },
          {
            "path": ":generateReleaseInfo",
            "outcome": "EXECUTED"
          },
          {
            "path": ":groovy-json:classes",
            "outcome": "EXECUTED"
          },
          {
            "path": ":groovy-json:compileGroovy",
            "outcome": "NO_SOURCE"
          },
          {
            "path": ":groovy-json:compileJava",
            "outcome": "EXECUTED"
          },
          {
            "path": ":groovy-json:processResources",
            "outcome": "EXECUTED"
          },
          {
            "path": ":jar",
            "outcome": "EXECUTED"
          },
          {
            "path": ":osgiClasses",
            "outcome": "EXECUTED"
          },
          {
            "path": ":processResources",
            "outcome": "EXECUTED"
          }
        ]
      },
      "controlHostPressure": {
        "available": true,
        "cpuSomeTotalUs": 20066205,
        "memorySomeTotalUs": 0,
        "memoryFullTotalUs": 0,
        "ioSomeTotalUs": 40452682,
        "ioFullTotalUs": 17475952
      },
      "candidateHostPressure": {
        "available": true,
        "cpuSomeTotalUs": 165223,
        "memorySomeTotalUs": 0,
        "memoryFullTotalUs": 0,
        "ioSomeTotalUs": 13671921,
        "ioFullTotalUs": 10078258
      }
    },
    {
      "pair": 6,
      "order": "CANDIDATE_FIRST",
      "controlDurationMs": 79331,
      "candidateDurationMs": 19500,
      "savedMs": 59831,
      "controlRequiredOutputSha256": "3d8afa0c7f5f31a3dea7c0098e607284926ec09e538c5e6dd781a8570211551d",
      "candidateRequiredOutputSha256": "3d8afa0c7f5f31a3dea7c0098e607284926ec09e538c5e6dd781a8570211551d",
      "requiredOutputCount": 66,
      "productAttributableFailure": false,
      "controlLogSha256": "412dd04424d2d8f14d5278bce6a24311cfe5ac328cc940175b356617b65485a5",
      "candidateLogSha256": "f80146bac8507cdb8be7eedd98a88945912be44f10944c495a9025a0067b9d82",
      "controlTaskOutcomes": {
        "total": 175,
        "executed": 95,
        "fromCache": 24,
        "upToDate": 8,
        "noSource": 48,
        "skipped": 0,
        "fingerprintSha256": "4ee8d40cc83b46a0eb6fd63d9c7b6689faea17d9aa2a3395666dac7370f9debe",
        "tasks": [
          {
            "path": ":bootstrapJar",
            "outcome": "EXECUTED"
          },
          {
            "path": ":build-logic:classes",
            "outcome": "EXECUTED"
          },
          {
            "path": ":build-logic:compileGroovy",
            "outcome": "FROM_CACHE"
          },
          {
            "path": ":build-logic:compileGroovyPlugins",
            "outcome": "FROM_CACHE"
          },
          {
            "path": ":build-logic:compileJava",
            "outcome": "FROM_CACHE"
          },
          {
            "path": ":build-logic:extractPluginRequests",
            "outcome": "FROM_CACHE"
          },
          {
            "path": ":build-logic:generatePluginAdapters",
            "outcome": "FROM_CACHE"
          },
          {
            "path": ":build-logic:jar",
            "outcome": "EXECUTED"
          },
          {
            "path": ":build-logic:pluginDescriptors",
            "outcome": "EXECUTED"
          },
          {
            "path": ":build-logic:processResources",
            "outcome": "EXECUTED"
          },
          {
            "path": ":classes",
            "outcome": "EXECUTED"
          },
          {
            "path": ":compileGroovy",
            "outcome": "EXECUTED"
          },
          {
            "path": ":compileJava",
            "outcome": "FROM_CACHE"
          },
          {
            "path": ":dgmConverter",
            "outcome": "FROM_CACHE"
          },
          {
            "path": ":generateGrammarSource",
            "outcome": "FROM_CACHE"
          },
          {
            "path": ":generateReleaseInfo",
            "outcome": "EXECUTED"
          },
          {
            "path": ":groovy-ant:classes",
            "outcome": "EXECUTED"
          },
          {
            "path": ":groovy-ant:compileGroovy",
            "outcome": "EXECUTED"
          },
          {
            "path": ":groovy-ant:compileJava",
            "outcome": "FROM_CACHE"
          },
          {
            "path": ":groovy-ant:processResources",
            "outcome": "EXECUTED"
          },
          {
            "path": ":groovy-astbuilder:classes",
            "outcome": "EXECUTED"
          },
          {
            "path": ":groovy-astbuilder:compileGroovy",
            "outcome": "NO_SOURCE"
          },
          {
            "path": ":groovy-astbuilder:compileJava",
            "outcome": "FROM_CACHE"
          },
          {
            "path": ":groovy-astbuilder:processResources",
            "outcome": "EXECUTED"
          },
          {
            "path": ":groovy-cli-commons:classes",
            "outcome": "EXECUTED"
          },
          {
            "path": ":groovy-cli-commons:compileGroovy",
            "outcome": "EXECUTED"
          },
          {
            "path": ":groovy-cli-commons:compileJava",
            "outcome": "NO_SOURCE"
          },
          {
            "path": ":groovy-cli-commons:processResources",
            "outcome": "NO_SOURCE"
          },
          {
            "path": ":groovy-cli-picocli:classes",
            "outcome": "EXECUTED"
          },
          {
            "path": ":groovy-cli-picocli:compileGroovy",
            "outcome": "EXECUTED"
          },
          {
            "path": ":groovy-cli-picocli:compileJava",
            "outcome": "NO_SOURCE"
          },
          {
            "path": ":groovy-cli-picocli:processResources",
            "outcome": "NO_SOURCE"
          },
          {
            "path": ":groovy-console:classes",
            "outcome": "EXECUTED"
          },
          {
            "path": ":groovy-console:compileGroovy",
            "outcome": "EXECUTED"
          },
          {
            "path": ":groovy-console:compileJava",
            "outcome": "NO_SOURCE"
          },
          {
            "path": ":groovy-console:generateReleaseInfo",
            "outcome": "EXECUTED"
          },
          {
            "path": ":groovy-console:jar",
            "outcome": "EXECUTED"
          },
          {
            "path": ":groovy-console:processResources",
            "outcome": "EXECUTED"
          },
          {
            "path": ":groovy-contracts:classes",
            "outcome": "EXECUTED"
          },
          {
            "path": ":groovy-contracts:compileGroovy",
            "outcome": "NO_SOURCE"
          },
          {
            "path": ":groovy-contracts:compileJava",
            "outcome": "FROM_CACHE"
          },
          {
            "path": ":groovy-contracts:processResources",
            "outcome": "EXECUTED"
          },
          {
            "path": ":groovy-datetime:classes",
            "outcome": "UP_TO_DATE"
          },
          {
            "path": ":groovy-datetime:compileGroovy",
            "outcome": "NO_SOURCE"
          },
          {
            "path": ":groovy-datetime:compileJava",
            "outcome": "FROM_CACHE"
          },
          {
            "path": ":groovy-datetime:moduleDescriptor",
            "outcome": "EXECUTED"
          },
          {
            "path": ":groovy-datetime:processResources",
            "outcome": "NO_SOURCE"
          },
          {
            "path": ":groovy-dateutil:classes",
            "outcome": "UP_TO_DATE"
          },
          {
            "path": ":groovy-dateutil:compileGroovy",
            "outcome": "NO_SOURCE"
          },
          {
            "path": ":groovy-dateutil:compileJava",
            "outcome": "FROM_CACHE"
          },
          {
            "path": ":groovy-dateutil:moduleDescriptor",
            "outcome": "EXECUTED"
          },
          {
            "path": ":groovy-dateutil:processResources",
            "outcome": "NO_SOURCE"
          },
          {
            "path": ":groovy-docgenerator:classes",
            "outcome": "EXECUTED"
          },
          {
            "path": ":groovy-docgenerator:compileGroovy",
            "outcome": "EXECUTED"
          },
          {
            "path": ":groovy-docgenerator:compileJava",
            "outcome": "NO_SOURCE"
          },
          {
            "path": ":groovy-docgenerator:generateReleaseInfo",
            "outcome": "EXECUTED"
          },
          {
            "path": ":groovy-docgenerator:jar",
            "outcome": "EXECUTED"
          },
          {
            "path": ":groovy-docgenerator:processResources",
            "outcome": "EXECUTED"
          },
          {
            "path": ":groovy-ginq:classes",
            "outcome": "EXECUTED"
          },
          {
            "path": ":groovy-ginq:compileGroovy",
            "outcome": "EXECUTED"
          },
          {
            "path": ":groovy-ginq:compileJava",
            "outcome": "NO_SOURCE"
          },
          {
            "path": ":groovy-ginq:moduleDescriptor",
            "outcome": "EXECUTED"
          },
          {
            "path": ":groovy-ginq:processResources",
            "outcome": "NO_SOURCE"
          },
          {
            "path": ":groovy-groovydoc:classes",
            "outcome": "EXECUTED"
          },
          {
            "path": ":groovy-groovydoc:compileGroovy",
            "outcome": "EXECUTED"
          },
          {
            "path": ":groovy-groovydoc:compileJava",
            "outcome": "FROM_CACHE"
          },
          {
            "path": ":groovy-groovydoc:generateReleaseInfo",
            "outcome": "EXECUTED"
          },
          {
            "path": ":groovy-groovydoc:jar",
            "outcome": "EXECUTED"
          },
          {
            "path": ":groovy-groovydoc:processResources",
            "outcome": "EXECUTED"
          },
          {
            "path": ":groovy-groovysh:classes",
            "outcome": "EXECUTED"
          },
          {
            "path": ":groovy-groovysh:compileGroovy",
            "outcome": "EXECUTED"
          },
          {
            "path": ":groovy-groovysh:compileJava",
            "outcome": "NO_SOURCE"
          },
          {
            "path": ":groovy-groovysh:processResources",
            "outcome": "EXECUTED"
          },
          {
            "path": ":groovy-jmx:classes",
            "outcome": "EXECUTED"
          },
          {
            "path": ":groovy-jmx:compileGroovy",
            "outcome": "EXECUTED"
          },
          {
            "path": ":groovy-jmx:compileJava",
            "outcome": "FROM_CACHE"
          },
          {
            "path": ":groovy-jmx:processResources",
            "outcome": "NO_SOURCE"
          },
          {
            "path": ":groovy-json:classes",
            "outcome": "EXECUTED"
          },
          {
            "path": ":groovy-json:compileGroovy",
            "outcome": "NO_SOURCE"
          },
          {
            "path": ":groovy-json:compileJava",
            "outcome": "EXECUTED"
          },
          {
            "path": ":groovy-json:generateReleaseInfo",
            "outcome": "EXECUTED"
          },
          {
            "path": ":groovy-json:jar",
            "outcome": "EXECUTED"
          },
          {
            "path": ":groovy-json:processResources",
            "outcome": "EXECUTED"
          },
          {
            "path": ":groovy-jsr223:classes",
            "outcome": "EXECUTED"
          },
          {
            "path": ":groovy-jsr223:compileGroovy",
            "outcome": "NO_SOURCE"
          },
          {
            "path": ":groovy-jsr223:compileJava",
            "outcome": "FROM_CACHE"
          },
          {
            "path": ":groovy-jsr223:moduleDescriptor",
            "outcome": "EXECUTED"
          },
          {
            "path": ":groovy-jsr223:processResources",
            "outcome": "EXECUTED"
          },
          {
            "path": ":groovy-macro-library:classes",
            "outcome": "EXECUTED"
          },
          {
            "path": ":groovy-macro-library:compileGroovy",
            "outcome": "EXECUTED"
          },
          {
            "path": ":groovy-macro-library:compileJava",
            "outcome": "NO_SOURCE"
          },
          {
            "path": ":groovy-macro-library:moduleDescriptor",
            "outcome": "EXECUTED"
          },
          {
            "path": ":groovy-macro-library:processResources",
            "outcome": "NO_SOURCE"
          },
          {
            "path": ":groovy-macro:classes",
            "outcome": "EXECUTED"
          },
          {
            "path": ":groovy-macro:compileGroovy",
            "outcome": "EXECUTED"
          },
          {
            "path": ":groovy-macro:compileJava",
            "outcome": "NO_SOURCE"
          },
          {
            "path": ":groovy-macro:generateReleaseInfo",
            "outcome": "EXECUTED"
          },
          {
            "path": ":groovy-macro:jar",
            "outcome": "EXECUTED"
          },
          {
            "path": ":groovy-macro:moduleDescriptor",
            "outcome": "EXECUTED"
          },
          {
            "path": ":groovy-macro:processResources",
            "outcome": "EXECUTED"
          },
          {
            "path": ":groovy-nio:classes",
            "outcome": "UP_TO_DATE"
          },
          {
            "path": ":groovy-nio:compileGroovy",
            "outcome": "NO_SOURCE"
          },
          {
            "path": ":groovy-nio:compileJava",
            "outcome": "FROM_CACHE"
          },
          {
            "path": ":groovy-nio:generateReleaseInfo",
            "outcome": "EXECUTED"
          },
          {
            "path": ":groovy-nio:jar",
            "outcome": "EXECUTED"
          },
          {
            "path": ":groovy-nio:moduleDescriptor",
            "outcome": "EXECUTED"
          },
          {
            "path": ":groovy-nio:processResources",
            "outcome": "NO_SOURCE"
          },
          {
            "path": ":groovy-servlet:classes",
            "outcome": "UP_TO_DATE"
          },
          {
            "path": ":groovy-servlet:compileGroovy",
            "outcome": "NO_SOURCE"
          },
          {
            "path": ":groovy-servlet:compileJava",
            "outcome": "FROM_CACHE"
          },
          {
            "path": ":groovy-servlet:processResources",
            "outcome": "NO_SOURCE"
          },
          {
            "path": ":groovy-sql:classes",
            "outcome": "UP_TO_DATE"
          },
          {
            "path": ":groovy-sql:compileGroovy",
            "outcome": "NO_SOURCE"
          },
          {
            "path": ":groovy-sql:compileJava",
            "outcome": "FROM_CACHE"
          },
          {
            "path": ":groovy-sql:moduleDescriptor",
            "outcome": "EXECUTED"
          },
          {
            "path": ":groovy-sql:processResources",
            "outcome": "NO_SOURCE"
          },
          {
            "path": ":groovy-swing:classes",
            "outcome": "EXECUTED"
          },
          {
            "path": ":groovy-swing:compileGroovy",
            "outcome": "EXECUTED"
          },
          {
            "path": ":groovy-swing:compileJava",
            "outcome": "FROM_CACHE"
          },
          {
            "path": ":groovy-swing:generateReleaseInfo",
            "outcome": "EXECUTED"
          },
          {
            "path": ":groovy-swing:jar",
            "outcome": "EXECUTED"
          },
          {
            "path": ":groovy-swing:moduleDescriptor",
            "outcome": "EXECUTED"
          },
          {
            "path": ":groovy-swing:processResources",
            "outcome": "NO_SOURCE"
          },
          {
            "path": ":groovy-templates:classes",
            "outcome": "EXECUTED"
          },
          {
            "path": ":groovy-templates:compileGroovy",
            "outcome": "EXECUTED"
          },
          {
            "path": ":groovy-templates:compileJava",
            "outcome": "NO_SOURCE"
          },
          {
            "path": ":groovy-templates:generateReleaseInfo",
            "outcome": "EXECUTED"
          },
          {
            "path": ":groovy-templates:jar",
            "outcome": "EXECUTED"
          },
          {
            "path": ":groovy-templates:processResources",
            "outcome": "NO_SOURCE"
          },
          {
            "path": ":groovy-test-junit5:classes",
            "outcome": "EXECUTED"
          },
          {
            "path": ":groovy-test-junit5:compileGroovy",
            "outcome": "EXECUTED"
          },
          {
            "path": ":groovy-test-junit5:compileJava",
            "outcome": "FROM_CACHE"
          },
          {
            "path": ":groovy-test-junit5:processResources",
            "outcome": "EXECUTED"
          },
          {
            "path": ":groovy-test:classes",
            "outcome": "EXECUTED"
          },
          {
            "path": ":groovy-test:compileGroovy",
            "outcome": "EXECUTED"
          },
          {
            "path": ":groovy-test:compileJava",
            "outcome": "FROM_CACHE"
          },
          {
            "path": ":groovy-test:processResources",
            "outcome": "NO_SOURCE"
          },
          {
            "path": ":groovy-testng:classes",
            "outcome": "EXECUTED"
          },
          {
            "path": ":groovy-testng:compileGroovy",
            "outcome": "NO_SOURCE"
          },
          {
            "path": ":groovy-testng:compileJava",
            "outcome": "FROM_CACHE"
          },
          {
            "path": ":groovy-testng:processResources",
            "outcome": "EXECUTED"
          },
          {
            "path": ":groovy-toml:classes",
            "outcome": "EXECUTED"
          },
          {
            "path": ":groovy-toml:compileGroovy",
            "outcome": "NO_SOURCE"
          },
          {
            "path": ":groovy-toml:compileJava",
            "outcome": "EXECUTED"
          },
          {
            "path": ":groovy-toml:processResources",
            "outcome": "NO_SOURCE"
          },
          {
            "path": ":groovy-typecheckers:classes",
            "outcome": "EXECUTED"
          },
          {
            "path": ":groovy-typecheckers:compileGroovy",
            "outcome": "EXECUTED"
          },
          {
            "path": ":groovy-typecheckers:compileJava",
            "outcome": "NO_SOURCE"
          },
          {
            "path": ":groovy-typecheckers:processResources",
            "outcome": "NO_SOURCE"
          },
          {
            "path": ":groovy-xml:classes",
            "outcome": "EXECUTED"
          },
          {
            "path": ":groovy-xml:compileGroovy",
            "outcome": "EXECUTED"
          },
          {
            "path": ":groovy-xml:compileJava",
            "outcome": "FROM_CACHE"
          },
          {
            "path": ":groovy-xml:generateReleaseInfo",
            "outcome": "EXECUTED"
          },
          {
            "path": ":groovy-xml:jar",
            "outcome": "EXECUTED"
          },
          {
            "path": ":groovy-xml:moduleDescriptor",
            "outcome": "EXECUTED"
          },
          {
            "path": ":groovy-xml:processResources",
            "outcome": "NO_SOURCE"
          },
          {
            "path": ":groovy-yaml:classes",
            "outcome": "EXECUTED"
          },
          {
            "path": ":groovy-yaml:compileGroovy",
            "outcome": "NO_SOURCE"
          },
          {
            "path": ":groovy-yaml:compileJava",
            "outcome": "EXECUTED"
          },
          {
            "path": ":groovy-yaml:processResources",
            "outcome": "NO_SOURCE"
          },
          {
            "path": ":jar",
            "outcome": "EXECUTED"
          },
          {
            "path": ":osgiClasses",
            "outcome": "EXECUTED"
          },
          {
            "path": ":performance:classes",
            "outcome": "UP_TO_DATE"
          },
          {
            "path": ":performance:compileGroovy",
            "outcome": "NO_SOURCE"
          },
          {
            "path": ":performance:compileJava",
            "outcome": "NO_SOURCE"
          },
          {
            "path": ":performance:processResources",
            "outcome": "NO_SOURCE"
          },
          {
            "path": ":processResources",
            "outcome": "EXECUTED"
          },
          {
            "path": ":stress:classes",
            "outcome": "UP_TO_DATE"
          },
          {
            "path": ":stress:compileGroovy",
            "outcome": "NO_SOURCE"
          },
          {
            "path": ":stress:compileJava",
            "outcome": "NO_SOURCE"
          },
          {
            "path": ":stress:processResources",
            "outcome": "NO_SOURCE"
          },
          {
            "path": ":tests-preview:classes",
            "outcome": "UP_TO_DATE"
          },
          {
            "path": ":tests-preview:compileGroovy",
            "outcome": "NO_SOURCE"
          },
          {
            "path": ":tests-preview:compileJava",
            "outcome": "NO_SOURCE"
          },
          {
            "path": ":tests-preview:processResources",
            "outcome": "NO_SOURCE"
          }
        ]
      },
      "candidateTaskOutcomes": {
        "total": 23,
        "executed": 14,
        "fromCache": 8,
        "upToDate": 0,
        "noSource": 1,
        "skipped": 0,
        "fingerprintSha256": "a2ceab5b2d31ec29985096c68593504ffb70ff192b029cdda43b97e3261e6c66",
        "tasks": [
          {
            "path": ":bootstrapJar",
            "outcome": "EXECUTED"
          },
          {
            "path": ":build-logic:classes",
            "outcome": "EXECUTED"
          },
          {
            "path": ":build-logic:compileGroovy",
            "outcome": "FROM_CACHE"
          },
          {
            "path": ":build-logic:compileGroovyPlugins",
            "outcome": "FROM_CACHE"
          },
          {
            "path": ":build-logic:compileJava",
            "outcome": "FROM_CACHE"
          },
          {
            "path": ":build-logic:extractPluginRequests",
            "outcome": "FROM_CACHE"
          },
          {
            "path": ":build-logic:generatePluginAdapters",
            "outcome": "FROM_CACHE"
          },
          {
            "path": ":build-logic:jar",
            "outcome": "EXECUTED"
          },
          {
            "path": ":build-logic:pluginDescriptors",
            "outcome": "EXECUTED"
          },
          {
            "path": ":build-logic:processResources",
            "outcome": "EXECUTED"
          },
          {
            "path": ":classes",
            "outcome": "EXECUTED"
          },
          {
            "path": ":compileGroovy",
            "outcome": "EXECUTED"
          },
          {
            "path": ":compileJava",
            "outcome": "FROM_CACHE"
          },
          {
            "path": ":dgmConverter",
            "outcome": "FROM_CACHE"
          },
          {
            "path": ":generateGrammarSource",
            "outcome": "FROM_CACHE"
          },
          {
            "path": ":generateReleaseInfo",
            "outcome": "EXECUTED"
          },
          {
            "path": ":groovy-json:classes",
            "outcome": "EXECUTED"
          },
          {
            "path": ":groovy-json:compileGroovy",
            "outcome": "NO_SOURCE"
          },
          {
            "path": ":groovy-json:compileJava",
            "outcome": "EXECUTED"
          },
          {
            "path": ":groovy-json:processResources",
            "outcome": "EXECUTED"
          },
          {
            "path": ":jar",
            "outcome": "EXECUTED"
          },
          {
            "path": ":osgiClasses",
            "outcome": "EXECUTED"
          },
          {
            "path": ":processResources",
            "outcome": "EXECUTED"
          }
        ]
      },
      "controlHostPressure": {
        "available": true,
        "cpuSomeTotalUs": 20818546,
        "memorySomeTotalUs": 239,
        "memoryFullTotalUs": 78,
        "ioSomeTotalUs": 41554241,
        "ioFullTotalUs": 15963698
      },
      "candidateHostPressure": {
        "available": true,
        "cpuSomeTotalUs": 110858,
        "memorySomeTotalUs": 0,
        "memoryFullTotalUs": 0,
        "ioSomeTotalUs": 13253110,
        "ioFullTotalUs": 9913842
      }
    },
    {
      "pair": 7,
      "order": "CONTROL_FIRST",
      "controlDurationMs": 84225,
      "candidateDurationMs": 20411,
      "savedMs": 63814,
      "controlRequiredOutputSha256": "3d8afa0c7f5f31a3dea7c0098e607284926ec09e538c5e6dd781a8570211551d",
      "candidateRequiredOutputSha256": "3d8afa0c7f5f31a3dea7c0098e607284926ec09e538c5e6dd781a8570211551d",
      "requiredOutputCount": 66,
      "productAttributableFailure": false,
      "controlLogSha256": "784a4ed89b86472fa790971fd6cb551941a525d4ca2f8428020c4a9e6b8648cb",
      "candidateLogSha256": "65a455771799735feadf21c57b452ff3c3ba0002aeab86266a5ced4717229fc0",
      "controlTaskOutcomes": {
        "total": 175,
        "executed": 95,
        "fromCache": 24,
        "upToDate": 8,
        "noSource": 48,
        "skipped": 0,
        "fingerprintSha256": "4ee8d40cc83b46a0eb6fd63d9c7b6689faea17d9aa2a3395666dac7370f9debe",
        "tasks": [
          {
            "path": ":bootstrapJar",
            "outcome": "EXECUTED"
          },
          {
            "path": ":build-logic:classes",
            "outcome": "EXECUTED"
          },
          {
            "path": ":build-logic:compileGroovy",
            "outcome": "FROM_CACHE"
          },
          {
            "path": ":build-logic:compileGroovyPlugins",
            "outcome": "FROM_CACHE"
          },
          {
            "path": ":build-logic:compileJava",
            "outcome": "FROM_CACHE"
          },
          {
            "path": ":build-logic:extractPluginRequests",
            "outcome": "FROM_CACHE"
          },
          {
            "path": ":build-logic:generatePluginAdapters",
            "outcome": "FROM_CACHE"
          },
          {
            "path": ":build-logic:jar",
            "outcome": "EXECUTED"
          },
          {
            "path": ":build-logic:pluginDescriptors",
            "outcome": "EXECUTED"
          },
          {
            "path": ":build-logic:processResources",
            "outcome": "EXECUTED"
          },
          {
            "path": ":classes",
            "outcome": "EXECUTED"
          },
          {
            "path": ":compileGroovy",
            "outcome": "EXECUTED"
          },
          {
            "path": ":compileJava",
            "outcome": "FROM_CACHE"
          },
          {
            "path": ":dgmConverter",
            "outcome": "FROM_CACHE"
          },
          {
            "path": ":generateGrammarSource",
            "outcome": "FROM_CACHE"
          },
          {
            "path": ":generateReleaseInfo",
            "outcome": "EXECUTED"
          },
          {
            "path": ":groovy-ant:classes",
            "outcome": "EXECUTED"
          },
          {
            "path": ":groovy-ant:compileGroovy",
            "outcome": "EXECUTED"
          },
          {
            "path": ":groovy-ant:compileJava",
            "outcome": "FROM_CACHE"
          },
          {
            "path": ":groovy-ant:processResources",
            "outcome": "EXECUTED"
          },
          {
            "path": ":groovy-astbuilder:classes",
            "outcome": "EXECUTED"
          },
          {
            "path": ":groovy-astbuilder:compileGroovy",
            "outcome": "NO_SOURCE"
          },
          {
            "path": ":groovy-astbuilder:compileJava",
            "outcome": "FROM_CACHE"
          },
          {
            "path": ":groovy-astbuilder:processResources",
            "outcome": "EXECUTED"
          },
          {
            "path": ":groovy-cli-commons:classes",
            "outcome": "EXECUTED"
          },
          {
            "path": ":groovy-cli-commons:compileGroovy",
            "outcome": "EXECUTED"
          },
          {
            "path": ":groovy-cli-commons:compileJava",
            "outcome": "NO_SOURCE"
          },
          {
            "path": ":groovy-cli-commons:processResources",
            "outcome": "NO_SOURCE"
          },
          {
            "path": ":groovy-cli-picocli:classes",
            "outcome": "EXECUTED"
          },
          {
            "path": ":groovy-cli-picocli:compileGroovy",
            "outcome": "EXECUTED"
          },
          {
            "path": ":groovy-cli-picocli:compileJava",
            "outcome": "NO_SOURCE"
          },
          {
            "path": ":groovy-cli-picocli:processResources",
            "outcome": "NO_SOURCE"
          },
          {
            "path": ":groovy-console:classes",
            "outcome": "EXECUTED"
          },
          {
            "path": ":groovy-console:compileGroovy",
            "outcome": "EXECUTED"
          },
          {
            "path": ":groovy-console:compileJava",
            "outcome": "NO_SOURCE"
          },
          {
            "path": ":groovy-console:generateReleaseInfo",
            "outcome": "EXECUTED"
          },
          {
            "path": ":groovy-console:jar",
            "outcome": "EXECUTED"
          },
          {
            "path": ":groovy-console:processResources",
            "outcome": "EXECUTED"
          },
          {
            "path": ":groovy-contracts:classes",
            "outcome": "EXECUTED"
          },
          {
            "path": ":groovy-contracts:compileGroovy",
            "outcome": "NO_SOURCE"
          },
          {
            "path": ":groovy-contracts:compileJava",
            "outcome": "FROM_CACHE"
          },
          {
            "path": ":groovy-contracts:processResources",
            "outcome": "EXECUTED"
          },
          {
            "path": ":groovy-datetime:classes",
            "outcome": "UP_TO_DATE"
          },
          {
            "path": ":groovy-datetime:compileGroovy",
            "outcome": "NO_SOURCE"
          },
          {
            "path": ":groovy-datetime:compileJava",
            "outcome": "FROM_CACHE"
          },
          {
            "path": ":groovy-datetime:moduleDescriptor",
            "outcome": "EXECUTED"
          },
          {
            "path": ":groovy-datetime:processResources",
            "outcome": "NO_SOURCE"
          },
          {
            "path": ":groovy-dateutil:classes",
            "outcome": "UP_TO_DATE"
          },
          {
            "path": ":groovy-dateutil:compileGroovy",
            "outcome": "NO_SOURCE"
          },
          {
            "path": ":groovy-dateutil:compileJava",
            "outcome": "FROM_CACHE"
          },
          {
            "path": ":groovy-dateutil:moduleDescriptor",
            "outcome": "EXECUTED"
          },
          {
            "path": ":groovy-dateutil:processResources",
            "outcome": "NO_SOURCE"
          },
          {
            "path": ":groovy-docgenerator:classes",
            "outcome": "EXECUTED"
          },
          {
            "path": ":groovy-docgenerator:compileGroovy",
            "outcome": "EXECUTED"
          },
          {
            "path": ":groovy-docgenerator:compileJava",
            "outcome": "NO_SOURCE"
          },
          {
            "path": ":groovy-docgenerator:generateReleaseInfo",
            "outcome": "EXECUTED"
          },
          {
            "path": ":groovy-docgenerator:jar",
            "outcome": "EXECUTED"
          },
          {
            "path": ":groovy-docgenerator:processResources",
            "outcome": "EXECUTED"
          },
          {
            "path": ":groovy-ginq:classes",
            "outcome": "EXECUTED"
          },
          {
            "path": ":groovy-ginq:compileGroovy",
            "outcome": "EXECUTED"
          },
          {
            "path": ":groovy-ginq:compileJava",
            "outcome": "NO_SOURCE"
          },
          {
            "path": ":groovy-ginq:moduleDescriptor",
            "outcome": "EXECUTED"
          },
          {
            "path": ":groovy-ginq:processResources",
            "outcome": "NO_SOURCE"
          },
          {
            "path": ":groovy-groovydoc:classes",
            "outcome": "EXECUTED"
          },
          {
            "path": ":groovy-groovydoc:compileGroovy",
            "outcome": "EXECUTED"
          },
          {
            "path": ":groovy-groovydoc:compileJava",
            "outcome": "FROM_CACHE"
          },
          {
            "path": ":groovy-groovydoc:generateReleaseInfo",
            "outcome": "EXECUTED"
          },
          {
            "path": ":groovy-groovydoc:jar",
            "outcome": "EXECUTED"
          },
          {
            "path": ":groovy-groovydoc:processResources",
            "outcome": "EXECUTED"
          },
          {
            "path": ":groovy-groovysh:classes",
            "outcome": "EXECUTED"
          },
          {
            "path": ":groovy-groovysh:compileGroovy",
            "outcome": "EXECUTED"
          },
          {
            "path": ":groovy-groovysh:compileJava",
            "outcome": "NO_SOURCE"
          },
          {
            "path": ":groovy-groovysh:processResources",
            "outcome": "EXECUTED"
          },
          {
            "path": ":groovy-jmx:classes",
            "outcome": "EXECUTED"
          },
          {
            "path": ":groovy-jmx:compileGroovy",
            "outcome": "EXECUTED"
          },
          {
            "path": ":groovy-jmx:compileJava",
            "outcome": "FROM_CACHE"
          },
          {
            "path": ":groovy-jmx:processResources",
            "outcome": "NO_SOURCE"
          },
          {
            "path": ":groovy-json:classes",
            "outcome": "EXECUTED"
          },
          {
            "path": ":groovy-json:compileGroovy",
            "outcome": "NO_SOURCE"
          },
          {
            "path": ":groovy-json:compileJava",
            "outcome": "EXECUTED"
          },
          {
            "path": ":groovy-json:generateReleaseInfo",
            "outcome": "EXECUTED"
          },
          {
            "path": ":groovy-json:jar",
            "outcome": "EXECUTED"
          },
          {
            "path": ":groovy-json:processResources",
            "outcome": "EXECUTED"
          },
          {
            "path": ":groovy-jsr223:classes",
            "outcome": "EXECUTED"
          },
          {
            "path": ":groovy-jsr223:compileGroovy",
            "outcome": "NO_SOURCE"
          },
          {
            "path": ":groovy-jsr223:compileJava",
            "outcome": "FROM_CACHE"
          },
          {
            "path": ":groovy-jsr223:moduleDescriptor",
            "outcome": "EXECUTED"
          },
          {
            "path": ":groovy-jsr223:processResources",
            "outcome": "EXECUTED"
          },
          {
            "path": ":groovy-macro-library:classes",
            "outcome": "EXECUTED"
          },
          {
            "path": ":groovy-macro-library:compileGroovy",
            "outcome": "EXECUTED"
          },
          {
            "path": ":groovy-macro-library:compileJava",
            "outcome": "NO_SOURCE"
          },
          {
            "path": ":groovy-macro-library:moduleDescriptor",
            "outcome": "EXECUTED"
          },
          {
            "path": ":groovy-macro-library:processResources",
            "outcome": "NO_SOURCE"
          },
          {
            "path": ":groovy-macro:classes",
            "outcome": "EXECUTED"
          },
          {
            "path": ":groovy-macro:compileGroovy",
            "outcome": "EXECUTED"
          },
          {
            "path": ":groovy-macro:compileJava",
            "outcome": "NO_SOURCE"
          },
          {
            "path": ":groovy-macro:generateReleaseInfo",
            "outcome": "EXECUTED"
          },
          {
            "path": ":groovy-macro:jar",
            "outcome": "EXECUTED"
          },
          {
            "path": ":groovy-macro:moduleDescriptor",
            "outcome": "EXECUTED"
          },
          {
            "path": ":groovy-macro:processResources",
            "outcome": "EXECUTED"
          },
          {
            "path": ":groovy-nio:classes",
            "outcome": "UP_TO_DATE"
          },
          {
            "path": ":groovy-nio:compileGroovy",
            "outcome": "NO_SOURCE"
          },
          {
            "path": ":groovy-nio:compileJava",
            "outcome": "FROM_CACHE"
          },
          {
            "path": ":groovy-nio:generateReleaseInfo",
            "outcome": "EXECUTED"
          },
          {
            "path": ":groovy-nio:jar",
            "outcome": "EXECUTED"
          },
          {
            "path": ":groovy-nio:moduleDescriptor",
            "outcome": "EXECUTED"
          },
          {
            "path": ":groovy-nio:processResources",
            "outcome": "NO_SOURCE"
          },
          {
            "path": ":groovy-servlet:classes",
            "outcome": "UP_TO_DATE"
          },
          {
            "path": ":groovy-servlet:compileGroovy",
            "outcome": "NO_SOURCE"
          },
          {
            "path": ":groovy-servlet:compileJava",
            "outcome": "FROM_CACHE"
          },
          {
            "path": ":groovy-servlet:processResources",
            "outcome": "NO_SOURCE"
          },
          {
            "path": ":groovy-sql:classes",
            "outcome": "UP_TO_DATE"
          },
          {
            "path": ":groovy-sql:compileGroovy",
            "outcome": "NO_SOURCE"
          },
          {
            "path": ":groovy-sql:compileJava",
            "outcome": "FROM_CACHE"
          },
          {
            "path": ":groovy-sql:moduleDescriptor",
            "outcome": "EXECUTED"
          },
          {
            "path": ":groovy-sql:processResources",
            "outcome": "NO_SOURCE"
          },
          {
            "path": ":groovy-swing:classes",
            "outcome": "EXECUTED"
          },
          {
            "path": ":groovy-swing:compileGroovy",
            "outcome": "EXECUTED"
          },
          {
            "path": ":groovy-swing:compileJava",
            "outcome": "FROM_CACHE"
          },
          {
            "path": ":groovy-swing:generateReleaseInfo",
            "outcome": "EXECUTED"
          },
          {
            "path": ":groovy-swing:jar",
            "outcome": "EXECUTED"
          },
          {
            "path": ":groovy-swing:moduleDescriptor",
            "outcome": "EXECUTED"
          },
          {
            "path": ":groovy-swing:processResources",
            "outcome": "NO_SOURCE"
          },
          {
            "path": ":groovy-templates:classes",
            "outcome": "EXECUTED"
          },
          {
            "path": ":groovy-templates:compileGroovy",
            "outcome": "EXECUTED"
          },
          {
            "path": ":groovy-templates:compileJava",
            "outcome": "NO_SOURCE"
          },
          {
            "path": ":groovy-templates:generateReleaseInfo",
            "outcome": "EXECUTED"
          },
          {
            "path": ":groovy-templates:jar",
            "outcome": "EXECUTED"
          },
          {
            "path": ":groovy-templates:processResources",
            "outcome": "NO_SOURCE"
          },
          {
            "path": ":groovy-test-junit5:classes",
            "outcome": "EXECUTED"
          },
          {
            "path": ":groovy-test-junit5:compileGroovy",
            "outcome": "EXECUTED"
          },
          {
            "path": ":groovy-test-junit5:compileJava",
            "outcome": "FROM_CACHE"
          },
          {
            "path": ":groovy-test-junit5:processResources",
            "outcome": "EXECUTED"
          },
          {
            "path": ":groovy-test:classes",
            "outcome": "EXECUTED"
          },
          {
            "path": ":groovy-test:compileGroovy",
            "outcome": "EXECUTED"
          },
          {
            "path": ":groovy-test:compileJava",
            "outcome": "FROM_CACHE"
          },
          {
            "path": ":groovy-test:processResources",
            "outcome": "NO_SOURCE"
          },
          {
            "path": ":groovy-testng:classes",
            "outcome": "EXECUTED"
          },
          {
            "path": ":groovy-testng:compileGroovy",
            "outcome": "NO_SOURCE"
          },
          {
            "path": ":groovy-testng:compileJava",
            "outcome": "FROM_CACHE"
          },
          {
            "path": ":groovy-testng:processResources",
            "outcome": "EXECUTED"
          },
          {
            "path": ":groovy-toml:classes",
            "outcome": "EXECUTED"
          },
          {
            "path": ":groovy-toml:compileGroovy",
            "outcome": "NO_SOURCE"
          },
          {
            "path": ":groovy-toml:compileJava",
            "outcome": "EXECUTED"
          },
          {
            "path": ":groovy-toml:processResources",
            "outcome": "NO_SOURCE"
          },
          {
            "path": ":groovy-typecheckers:classes",
            "outcome": "EXECUTED"
          },
          {
            "path": ":groovy-typecheckers:compileGroovy",
            "outcome": "EXECUTED"
          },
          {
            "path": ":groovy-typecheckers:compileJava",
            "outcome": "NO_SOURCE"
          },
          {
            "path": ":groovy-typecheckers:processResources",
            "outcome": "NO_SOURCE"
          },
          {
            "path": ":groovy-xml:classes",
            "outcome": "EXECUTED"
          },
          {
            "path": ":groovy-xml:compileGroovy",
            "outcome": "EXECUTED"
          },
          {
            "path": ":groovy-xml:compileJava",
            "outcome": "FROM_CACHE"
          },
          {
            "path": ":groovy-xml:generateReleaseInfo",
            "outcome": "EXECUTED"
          },
          {
            "path": ":groovy-xml:jar",
            "outcome": "EXECUTED"
          },
          {
            "path": ":groovy-xml:moduleDescriptor",
            "outcome": "EXECUTED"
          },
          {
            "path": ":groovy-xml:processResources",
            "outcome": "NO_SOURCE"
          },
          {
            "path": ":groovy-yaml:classes",
            "outcome": "EXECUTED"
          },
          {
            "path": ":groovy-yaml:compileGroovy",
            "outcome": "NO_SOURCE"
          },
          {
            "path": ":groovy-yaml:compileJava",
            "outcome": "EXECUTED"
          },
          {
            "path": ":groovy-yaml:processResources",
            "outcome": "NO_SOURCE"
          },
          {
            "path": ":jar",
            "outcome": "EXECUTED"
          },
          {
            "path": ":osgiClasses",
            "outcome": "EXECUTED"
          },
          {
            "path": ":performance:classes",
            "outcome": "UP_TO_DATE"
          },
          {
            "path": ":performance:compileGroovy",
            "outcome": "NO_SOURCE"
          },
          {
            "path": ":performance:compileJava",
            "outcome": "NO_SOURCE"
          },
          {
            "path": ":performance:processResources",
            "outcome": "NO_SOURCE"
          },
          {
            "path": ":processResources",
            "outcome": "EXECUTED"
          },
          {
            "path": ":stress:classes",
            "outcome": "UP_TO_DATE"
          },
          {
            "path": ":stress:compileGroovy",
            "outcome": "NO_SOURCE"
          },
          {
            "path": ":stress:compileJava",
            "outcome": "NO_SOURCE"
          },
          {
            "path": ":stress:processResources",
            "outcome": "NO_SOURCE"
          },
          {
            "path": ":tests-preview:classes",
            "outcome": "UP_TO_DATE"
          },
          {
            "path": ":tests-preview:compileGroovy",
            "outcome": "NO_SOURCE"
          },
          {
            "path": ":tests-preview:compileJava",
            "outcome": "NO_SOURCE"
          },
          {
            "path": ":tests-preview:processResources",
            "outcome": "NO_SOURCE"
          }
        ]
      },
      "candidateTaskOutcomes": {
        "total": 23,
        "executed": 14,
        "fromCache": 8,
        "upToDate": 0,
        "noSource": 1,
        "skipped": 0,
        "fingerprintSha256": "a2ceab5b2d31ec29985096c68593504ffb70ff192b029cdda43b97e3261e6c66",
        "tasks": [
          {
            "path": ":bootstrapJar",
            "outcome": "EXECUTED"
          },
          {
            "path": ":build-logic:classes",
            "outcome": "EXECUTED"
          },
          {
            "path": ":build-logic:compileGroovy",
            "outcome": "FROM_CACHE"
          },
          {
            "path": ":build-logic:compileGroovyPlugins",
            "outcome": "FROM_CACHE"
          },
          {
            "path": ":build-logic:compileJava",
            "outcome": "FROM_CACHE"
          },
          {
            "path": ":build-logic:extractPluginRequests",
            "outcome": "FROM_CACHE"
          },
          {
            "path": ":build-logic:generatePluginAdapters",
            "outcome": "FROM_CACHE"
          },
          {
            "path": ":build-logic:jar",
            "outcome": "EXECUTED"
          },
          {
            "path": ":build-logic:pluginDescriptors",
            "outcome": "EXECUTED"
          },
          {
            "path": ":build-logic:processResources",
            "outcome": "EXECUTED"
          },
          {
            "path": ":classes",
            "outcome": "EXECUTED"
          },
          {
            "path": ":compileGroovy",
            "outcome": "EXECUTED"
          },
          {
            "path": ":compileJava",
            "outcome": "FROM_CACHE"
          },
          {
            "path": ":dgmConverter",
            "outcome": "FROM_CACHE"
          },
          {
            "path": ":generateGrammarSource",
            "outcome": "FROM_CACHE"
          },
          {
            "path": ":generateReleaseInfo",
            "outcome": "EXECUTED"
          },
          {
            "path": ":groovy-json:classes",
            "outcome": "EXECUTED"
          },
          {
            "path": ":groovy-json:compileGroovy",
            "outcome": "NO_SOURCE"
          },
          {
            "path": ":groovy-json:compileJava",
            "outcome": "EXECUTED"
          },
          {
            "path": ":groovy-json:processResources",
            "outcome": "EXECUTED"
          },
          {
            "path": ":jar",
            "outcome": "EXECUTED"
          },
          {
            "path": ":osgiClasses",
            "outcome": "EXECUTED"
          },
          {
            "path": ":processResources",
            "outcome": "EXECUTED"
          }
        ]
      },
      "controlHostPressure": {
        "available": true,
        "cpuSomeTotalUs": 19129603,
        "memorySomeTotalUs": 73,
        "memoryFullTotalUs": 11,
        "ioSomeTotalUs": 42150116,
        "ioFullTotalUs": 17009364
      },
      "candidateHostPressure": {
        "available": true,
        "cpuSomeTotalUs": 102877,
        "memorySomeTotalUs": 0,
        "memoryFullTotalUs": 0,
        "ioSomeTotalUs": 13965585,
        "ioFullTotalUs": 10576498
      }
    },
    {
      "pair": 8,
      "order": "CANDIDATE_FIRST",
      "controlDurationMs": 78815,
      "candidateDurationMs": 19583,
      "savedMs": 59232,
      "controlRequiredOutputSha256": "3d8afa0c7f5f31a3dea7c0098e607284926ec09e538c5e6dd781a8570211551d",
      "candidateRequiredOutputSha256": "3d8afa0c7f5f31a3dea7c0098e607284926ec09e538c5e6dd781a8570211551d",
      "requiredOutputCount": 66,
      "productAttributableFailure": false,
      "controlLogSha256": "e04e61c67ec2d558ac812ec58b1194743821d59910c424b781d1b11100a88165",
      "candidateLogSha256": "f80146bac8507cdb8be7eedd98a88945912be44f10944c495a9025a0067b9d82",
      "controlTaskOutcomes": {
        "total": 175,
        "executed": 95,
        "fromCache": 24,
        "upToDate": 8,
        "noSource": 48,
        "skipped": 0,
        "fingerprintSha256": "4ee8d40cc83b46a0eb6fd63d9c7b6689faea17d9aa2a3395666dac7370f9debe",
        "tasks": [
          {
            "path": ":bootstrapJar",
            "outcome": "EXECUTED"
          },
          {
            "path": ":build-logic:classes",
            "outcome": "EXECUTED"
          },
          {
            "path": ":build-logic:compileGroovy",
            "outcome": "FROM_CACHE"
          },
          {
            "path": ":build-logic:compileGroovyPlugins",
            "outcome": "FROM_CACHE"
          },
          {
            "path": ":build-logic:compileJava",
            "outcome": "FROM_CACHE"
          },
          {
            "path": ":build-logic:extractPluginRequests",
            "outcome": "FROM_CACHE"
          },
          {
            "path": ":build-logic:generatePluginAdapters",
            "outcome": "FROM_CACHE"
          },
          {
            "path": ":build-logic:jar",
            "outcome": "EXECUTED"
          },
          {
            "path": ":build-logic:pluginDescriptors",
            "outcome": "EXECUTED"
          },
          {
            "path": ":build-logic:processResources",
            "outcome": "EXECUTED"
          },
          {
            "path": ":classes",
            "outcome": "EXECUTED"
          },
          {
            "path": ":compileGroovy",
            "outcome": "EXECUTED"
          },
          {
            "path": ":compileJava",
            "outcome": "FROM_CACHE"
          },
          {
            "path": ":dgmConverter",
            "outcome": "FROM_CACHE"
          },
          {
            "path": ":generateGrammarSource",
            "outcome": "FROM_CACHE"
          },
          {
            "path": ":generateReleaseInfo",
            "outcome": "EXECUTED"
          },
          {
            "path": ":groovy-ant:classes",
            "outcome": "EXECUTED"
          },
          {
            "path": ":groovy-ant:compileGroovy",
            "outcome": "EXECUTED"
          },
          {
            "path": ":groovy-ant:compileJava",
            "outcome": "FROM_CACHE"
          },
          {
            "path": ":groovy-ant:processResources",
            "outcome": "EXECUTED"
          },
          {
            "path": ":groovy-astbuilder:classes",
            "outcome": "EXECUTED"
          },
          {
            "path": ":groovy-astbuilder:compileGroovy",
            "outcome": "NO_SOURCE"
          },
          {
            "path": ":groovy-astbuilder:compileJava",
            "outcome": "FROM_CACHE"
          },
          {
            "path": ":groovy-astbuilder:processResources",
            "outcome": "EXECUTED"
          },
          {
            "path": ":groovy-cli-commons:classes",
            "outcome": "EXECUTED"
          },
          {
            "path": ":groovy-cli-commons:compileGroovy",
            "outcome": "EXECUTED"
          },
          {
            "path": ":groovy-cli-commons:compileJava",
            "outcome": "NO_SOURCE"
          },
          {
            "path": ":groovy-cli-commons:processResources",
            "outcome": "NO_SOURCE"
          },
          {
            "path": ":groovy-cli-picocli:classes",
            "outcome": "EXECUTED"
          },
          {
            "path": ":groovy-cli-picocli:compileGroovy",
            "outcome": "EXECUTED"
          },
          {
            "path": ":groovy-cli-picocli:compileJava",
            "outcome": "NO_SOURCE"
          },
          {
            "path": ":groovy-cli-picocli:processResources",
            "outcome": "NO_SOURCE"
          },
          {
            "path": ":groovy-console:classes",
            "outcome": "EXECUTED"
          },
          {
            "path": ":groovy-console:compileGroovy",
            "outcome": "EXECUTED"
          },
          {
            "path": ":groovy-console:compileJava",
            "outcome": "NO_SOURCE"
          },
          {
            "path": ":groovy-console:generateReleaseInfo",
            "outcome": "EXECUTED"
          },
          {
            "path": ":groovy-console:jar",
            "outcome": "EXECUTED"
          },
          {
            "path": ":groovy-console:processResources",
            "outcome": "EXECUTED"
          },
          {
            "path": ":groovy-contracts:classes",
            "outcome": "EXECUTED"
          },
          {
            "path": ":groovy-contracts:compileGroovy",
            "outcome": "NO_SOURCE"
          },
          {
            "path": ":groovy-contracts:compileJava",
            "outcome": "FROM_CACHE"
          },
          {
            "path": ":groovy-contracts:processResources",
            "outcome": "EXECUTED"
          },
          {
            "path": ":groovy-datetime:classes",
            "outcome": "UP_TO_DATE"
          },
          {
            "path": ":groovy-datetime:compileGroovy",
            "outcome": "NO_SOURCE"
          },
          {
            "path": ":groovy-datetime:compileJava",
            "outcome": "FROM_CACHE"
          },
          {
            "path": ":groovy-datetime:moduleDescriptor",
            "outcome": "EXECUTED"
          },
          {
            "path": ":groovy-datetime:processResources",
            "outcome": "NO_SOURCE"
          },
          {
            "path": ":groovy-dateutil:classes",
            "outcome": "UP_TO_DATE"
          },
          {
            "path": ":groovy-dateutil:compileGroovy",
            "outcome": "NO_SOURCE"
          },
          {
            "path": ":groovy-dateutil:compileJava",
            "outcome": "FROM_CACHE"
          },
          {
            "path": ":groovy-dateutil:moduleDescriptor",
            "outcome": "EXECUTED"
          },
          {
            "path": ":groovy-dateutil:processResources",
            "outcome": "NO_SOURCE"
          },
          {
            "path": ":groovy-docgenerator:classes",
            "outcome": "EXECUTED"
          },
          {
            "path": ":groovy-docgenerator:compileGroovy",
            "outcome": "EXECUTED"
          },
          {
            "path": ":groovy-docgenerator:compileJava",
            "outcome": "NO_SOURCE"
          },
          {
            "path": ":groovy-docgenerator:generateReleaseInfo",
            "outcome": "EXECUTED"
          },
          {
            "path": ":groovy-docgenerator:jar",
            "outcome": "EXECUTED"
          },
          {
            "path": ":groovy-docgenerator:processResources",
            "outcome": "EXECUTED"
          },
          {
            "path": ":groovy-ginq:classes",
            "outcome": "EXECUTED"
          },
          {
            "path": ":groovy-ginq:compileGroovy",
            "outcome": "EXECUTED"
          },
          {
            "path": ":groovy-ginq:compileJava",
            "outcome": "NO_SOURCE"
          },
          {
            "path": ":groovy-ginq:moduleDescriptor",
            "outcome": "EXECUTED"
          },
          {
            "path": ":groovy-ginq:processResources",
            "outcome": "NO_SOURCE"
          },
          {
            "path": ":groovy-groovydoc:classes",
            "outcome": "EXECUTED"
          },
          {
            "path": ":groovy-groovydoc:compileGroovy",
            "outcome": "EXECUTED"
          },
          {
            "path": ":groovy-groovydoc:compileJava",
            "outcome": "FROM_CACHE"
          },
          {
            "path": ":groovy-groovydoc:generateReleaseInfo",
            "outcome": "EXECUTED"
          },
          {
            "path": ":groovy-groovydoc:jar",
            "outcome": "EXECUTED"
          },
          {
            "path": ":groovy-groovydoc:processResources",
            "outcome": "EXECUTED"
          },
          {
            "path": ":groovy-groovysh:classes",
            "outcome": "EXECUTED"
          },
          {
            "path": ":groovy-groovysh:compileGroovy",
            "outcome": "EXECUTED"
          },
          {
            "path": ":groovy-groovysh:compileJava",
            "outcome": "NO_SOURCE"
          },
          {
            "path": ":groovy-groovysh:processResources",
            "outcome": "EXECUTED"
          },
          {
            "path": ":groovy-jmx:classes",
            "outcome": "EXECUTED"
          },
          {
            "path": ":groovy-jmx:compileGroovy",
            "outcome": "EXECUTED"
          },
          {
            "path": ":groovy-jmx:compileJava",
            "outcome": "FROM_CACHE"
          },
          {
            "path": ":groovy-jmx:processResources",
            "outcome": "NO_SOURCE"
          },
          {
            "path": ":groovy-json:classes",
            "outcome": "EXECUTED"
          },
          {
            "path": ":groovy-json:compileGroovy",
            "outcome": "NO_SOURCE"
          },
          {
            "path": ":groovy-json:compileJava",
            "outcome": "EXECUTED"
          },
          {
            "path": ":groovy-json:generateReleaseInfo",
            "outcome": "EXECUTED"
          },
          {
            "path": ":groovy-json:jar",
            "outcome": "EXECUTED"
          },
          {
            "path": ":groovy-json:processResources",
            "outcome": "EXECUTED"
          },
          {
            "path": ":groovy-jsr223:classes",
            "outcome": "EXECUTED"
          },
          {
            "path": ":groovy-jsr223:compileGroovy",
            "outcome": "NO_SOURCE"
          },
          {
            "path": ":groovy-jsr223:compileJava",
            "outcome": "FROM_CACHE"
          },
          {
            "path": ":groovy-jsr223:moduleDescriptor",
            "outcome": "EXECUTED"
          },
          {
            "path": ":groovy-jsr223:processResources",
            "outcome": "EXECUTED"
          },
          {
            "path": ":groovy-macro-library:classes",
            "outcome": "EXECUTED"
          },
          {
            "path": ":groovy-macro-library:compileGroovy",
            "outcome": "EXECUTED"
          },
          {
            "path": ":groovy-macro-library:compileJava",
            "outcome": "NO_SOURCE"
          },
          {
            "path": ":groovy-macro-library:moduleDescriptor",
            "outcome": "EXECUTED"
          },
          {
            "path": ":groovy-macro-library:processResources",
            "outcome": "NO_SOURCE"
          },
          {
            "path": ":groovy-macro:classes",
            "outcome": "EXECUTED"
          },
          {
            "path": ":groovy-macro:compileGroovy",
            "outcome": "EXECUTED"
          },
          {
            "path": ":groovy-macro:compileJava",
            "outcome": "NO_SOURCE"
          },
          {
            "path": ":groovy-macro:generateReleaseInfo",
            "outcome": "EXECUTED"
          },
          {
            "path": ":groovy-macro:jar",
            "outcome": "EXECUTED"
          },
          {
            "path": ":groovy-macro:moduleDescriptor",
            "outcome": "EXECUTED"
          },
          {
            "path": ":groovy-macro:processResources",
            "outcome": "EXECUTED"
          },
          {
            "path": ":groovy-nio:classes",
            "outcome": "UP_TO_DATE"
          },
          {
            "path": ":groovy-nio:compileGroovy",
            "outcome": "NO_SOURCE"
          },
          {
            "path": ":groovy-nio:compileJava",
            "outcome": "FROM_CACHE"
          },
          {
            "path": ":groovy-nio:generateReleaseInfo",
            "outcome": "EXECUTED"
          },
          {
            "path": ":groovy-nio:jar",
            "outcome": "EXECUTED"
          },
          {
            "path": ":groovy-nio:moduleDescriptor",
            "outcome": "EXECUTED"
          },
          {
            "path": ":groovy-nio:processResources",
            "outcome": "NO_SOURCE"
          },
          {
            "path": ":groovy-servlet:classes",
            "outcome": "UP_TO_DATE"
          },
          {
            "path": ":groovy-servlet:compileGroovy",
            "outcome": "NO_SOURCE"
          },
          {
            "path": ":groovy-servlet:compileJava",
            "outcome": "FROM_CACHE"
          },
          {
            "path": ":groovy-servlet:processResources",
            "outcome": "NO_SOURCE"
          },
          {
            "path": ":groovy-sql:classes",
            "outcome": "UP_TO_DATE"
          },
          {
            "path": ":groovy-sql:compileGroovy",
            "outcome": "NO_SOURCE"
          },
          {
            "path": ":groovy-sql:compileJava",
            "outcome": "FROM_CACHE"
          },
          {
            "path": ":groovy-sql:moduleDescriptor",
            "outcome": "EXECUTED"
          },
          {
            "path": ":groovy-sql:processResources",
            "outcome": "NO_SOURCE"
          },
          {
            "path": ":groovy-swing:classes",
            "outcome": "EXECUTED"
          },
          {
            "path": ":groovy-swing:compileGroovy",
            "outcome": "EXECUTED"
          },
          {
            "path": ":groovy-swing:compileJava",
            "outcome": "FROM_CACHE"
          },
          {
            "path": ":groovy-swing:generateReleaseInfo",
            "outcome": "EXECUTED"
          },
          {
            "path": ":groovy-swing:jar",
            "outcome": "EXECUTED"
          },
          {
            "path": ":groovy-swing:moduleDescriptor",
            "outcome": "EXECUTED"
          },
          {
            "path": ":groovy-swing:processResources",
            "outcome": "NO_SOURCE"
          },
          {
            "path": ":groovy-templates:classes",
            "outcome": "EXECUTED"
          },
          {
            "path": ":groovy-templates:compileGroovy",
            "outcome": "EXECUTED"
          },
          {
            "path": ":groovy-templates:compileJava",
            "outcome": "NO_SOURCE"
          },
          {
            "path": ":groovy-templates:generateReleaseInfo",
            "outcome": "EXECUTED"
          },
          {
            "path": ":groovy-templates:jar",
            "outcome": "EXECUTED"
          },
          {
            "path": ":groovy-templates:processResources",
            "outcome": "NO_SOURCE"
          },
          {
            "path": ":groovy-test-junit5:classes",
            "outcome": "EXECUTED"
          },
          {
            "path": ":groovy-test-junit5:compileGroovy",
            "outcome": "EXECUTED"
          },
          {
            "path": ":groovy-test-junit5:compileJava",
            "outcome": "FROM_CACHE"
          },
          {
            "path": ":groovy-test-junit5:processResources",
            "outcome": "EXECUTED"
          },
          {
            "path": ":groovy-test:classes",
            "outcome": "EXECUTED"
          },
          {
            "path": ":groovy-test:compileGroovy",
            "outcome": "EXECUTED"
          },
          {
            "path": ":groovy-test:compileJava",
            "outcome": "FROM_CACHE"
          },
          {
            "path": ":groovy-test:processResources",
            "outcome": "NO_SOURCE"
          },
          {
            "path": ":groovy-testng:classes",
            "outcome": "EXECUTED"
          },
          {
            "path": ":groovy-testng:compileGroovy",
            "outcome": "NO_SOURCE"
          },
          {
            "path": ":groovy-testng:compileJava",
            "outcome": "FROM_CACHE"
          },
          {
            "path": ":groovy-testng:processResources",
            "outcome": "EXECUTED"
          },
          {
            "path": ":groovy-toml:classes",
            "outcome": "EXECUTED"
          },
          {
            "path": ":groovy-toml:compileGroovy",
            "outcome": "NO_SOURCE"
          },
          {
            "path": ":groovy-toml:compileJava",
            "outcome": "EXECUTED"
          },
          {
            "path": ":groovy-toml:processResources",
            "outcome": "NO_SOURCE"
          },
          {
            "path": ":groovy-typecheckers:classes",
            "outcome": "EXECUTED"
          },
          {
            "path": ":groovy-typecheckers:compileGroovy",
            "outcome": "EXECUTED"
          },
          {
            "path": ":groovy-typecheckers:compileJava",
            "outcome": "NO_SOURCE"
          },
          {
            "path": ":groovy-typecheckers:processResources",
            "outcome": "NO_SOURCE"
          },
          {
            "path": ":groovy-xml:classes",
            "outcome": "EXECUTED"
          },
          {
            "path": ":groovy-xml:compileGroovy",
            "outcome": "EXECUTED"
          },
          {
            "path": ":groovy-xml:compileJava",
            "outcome": "FROM_CACHE"
          },
          {
            "path": ":groovy-xml:generateReleaseInfo",
            "outcome": "EXECUTED"
          },
          {
            "path": ":groovy-xml:jar",
            "outcome": "EXECUTED"
          },
          {
            "path": ":groovy-xml:moduleDescriptor",
            "outcome": "EXECUTED"
          },
          {
            "path": ":groovy-xml:processResources",
            "outcome": "NO_SOURCE"
          },
          {
            "path": ":groovy-yaml:classes",
            "outcome": "EXECUTED"
          },
          {
            "path": ":groovy-yaml:compileGroovy",
            "outcome": "NO_SOURCE"
          },
          {
            "path": ":groovy-yaml:compileJava",
            "outcome": "EXECUTED"
          },
          {
            "path": ":groovy-yaml:processResources",
            "outcome": "NO_SOURCE"
          },
          {
            "path": ":jar",
            "outcome": "EXECUTED"
          },
          {
            "path": ":osgiClasses",
            "outcome": "EXECUTED"
          },
          {
            "path": ":performance:classes",
            "outcome": "UP_TO_DATE"
          },
          {
            "path": ":performance:compileGroovy",
            "outcome": "NO_SOURCE"
          },
          {
            "path": ":performance:compileJava",
            "outcome": "NO_SOURCE"
          },
          {
            "path": ":performance:processResources",
            "outcome": "NO_SOURCE"
          },
          {
            "path": ":processResources",
            "outcome": "EXECUTED"
          },
          {
            "path": ":stress:classes",
            "outcome": "UP_TO_DATE"
          },
          {
            "path": ":stress:compileGroovy",
            "outcome": "NO_SOURCE"
          },
          {
            "path": ":stress:compileJava",
            "outcome": "NO_SOURCE"
          },
          {
            "path": ":stress:processResources",
            "outcome": "NO_SOURCE"
          },
          {
            "path": ":tests-preview:classes",
            "outcome": "UP_TO_DATE"
          },
          {
            "path": ":tests-preview:compileGroovy",
            "outcome": "NO_SOURCE"
          },
          {
            "path": ":tests-preview:compileJava",
            "outcome": "NO_SOURCE"
          },
          {
            "path": ":tests-preview:processResources",
            "outcome": "NO_SOURCE"
          }
        ]
      },
      "candidateTaskOutcomes": {
        "total": 23,
        "executed": 14,
        "fromCache": 8,
        "upToDate": 0,
        "noSource": 1,
        "skipped": 0,
        "fingerprintSha256": "a2ceab5b2d31ec29985096c68593504ffb70ff192b029cdda43b97e3261e6c66",
        "tasks": [
          {
            "path": ":bootstrapJar",
            "outcome": "EXECUTED"
          },
          {
            "path": ":build-logic:classes",
            "outcome": "EXECUTED"
          },
          {
            "path": ":build-logic:compileGroovy",
            "outcome": "FROM_CACHE"
          },
          {
            "path": ":build-logic:compileGroovyPlugins",
            "outcome": "FROM_CACHE"
          },
          {
            "path": ":build-logic:compileJava",
            "outcome": "FROM_CACHE"
          },
          {
            "path": ":build-logic:extractPluginRequests",
            "outcome": "FROM_CACHE"
          },
          {
            "path": ":build-logic:generatePluginAdapters",
            "outcome": "FROM_CACHE"
          },
          {
            "path": ":build-logic:jar",
            "outcome": "EXECUTED"
          },
          {
            "path": ":build-logic:pluginDescriptors",
            "outcome": "EXECUTED"
          },
          {
            "path": ":build-logic:processResources",
            "outcome": "EXECUTED"
          },
          {
            "path": ":classes",
            "outcome": "EXECUTED"
          },
          {
            "path": ":compileGroovy",
            "outcome": "EXECUTED"
          },
          {
            "path": ":compileJava",
            "outcome": "FROM_CACHE"
          },
          {
            "path": ":dgmConverter",
            "outcome": "FROM_CACHE"
          },
          {
            "path": ":generateGrammarSource",
            "outcome": "FROM_CACHE"
          },
          {
            "path": ":generateReleaseInfo",
            "outcome": "EXECUTED"
          },
          {
            "path": ":groovy-json:classes",
            "outcome": "EXECUTED"
          },
          {
            "path": ":groovy-json:compileGroovy",
            "outcome": "NO_SOURCE"
          },
          {
            "path": ":groovy-json:compileJava",
            "outcome": "EXECUTED"
          },
          {
            "path": ":groovy-json:processResources",
            "outcome": "EXECUTED"
          },
          {
            "path": ":jar",
            "outcome": "EXECUTED"
          },
          {
            "path": ":osgiClasses",
            "outcome": "EXECUTED"
          },
          {
            "path": ":processResources",
            "outcome": "EXECUTED"
          }
        ]
      },
      "controlHostPressure": {
        "available": true,
        "cpuSomeTotalUs": 18587029,
        "memorySomeTotalUs": 7,
        "memoryFullTotalUs": 7,
        "ioSomeTotalUs": 39978962,
        "ioFullTotalUs": 16033333
      },
      "candidateHostPressure": {
        "available": true,
        "cpuSomeTotalUs": 135865,
        "memorySomeTotalUs": 0,
        "memoryFullTotalUs": 0,
        "ioSomeTotalUs": 13100284,
        "ioFullTotalUs": 9375138
      }
    }
  ],
  "fallback": {
    "mode": "FULL_GRAPH",
    "reason": "IMPACT_GLOBAL_CHANGE",
    "buildSuccessful": true
  },
  "result": {
    "pairs": 8,
    "controlMeanMs": 81443,
    "candidateMeanMs": 20349.25,
    "meanSavedMs": 61093.75,
    "reductionRatio": 0.7501412030499859,
    "interval95SavedMs": [
      60039.25,
      62163
    ],
    "positivePairs": 8,
    "executionShapeObserved": true,
    "executionShapeStable": true,
    "targetWarmupShapeObserved": true,
    "qualified": false,
    "decision": "RETAIN_NATIVE_GRADLE"
  },
  "boundaries": {
    "proofOfConcept": true,
    "productionAuthorized": false,
    "repositorySpecificRuleAdded": false,
    "testOptimizationModified": false
  }
}
