0003ae3ee1646a011dc3077284b42652241b15e2632888e0acbf7dcdca694372	subprojects/groovy-ant/build/classes/java/main/org/codehaus/groovy/ant/UberCompileTask$GroovycAdapter.class
001961a349a4236aed962a64a850cc770b0ca3b00da0506cc6805238763ac218	build/classes/java/main/org/codehaus/groovy/classgen/BytecodeExpression.class
003dd1baa70d5292ca9f8c9bdefd69638c065890f87f30fd241750ce156ade73	build/classes/java/main/org/codehaus/groovy/classgen/Verifier$14.class
004365f1c3c2b613ea1b1ab826bfe39099f4310939fe031fdfd150706f0908a2	build/classes/java/main/org/codehaus/groovy/ast/expr/PropertyExpression.class
004a19d0dba41061557b2f03550df43cf4c8cf05f9b9289ca4fc0206853b0e55	subprojects/groovy-groovysh/build/classes/groovy/main/org/apache/groovy/groovysh/jline/MavenCoordinateCompleter$_suggestGroupIds_closure1.class
0078bb868ecff064ce4e93562540fd3f663de4d0d536e34d746a67ed0cc8dd8a	build/classes/java/main/org/codehaus/groovy/transform/stc/StaticTypeCheckingVisitor$3.class
007bb0aebe6217602f4463ca87c042c33ea8c0b6eb88ef94df457088f738ae93	subprojects/groovy-console/build/classes/groovy/main/groovy/console/ui/ConsoleView$_run_closure6.class
009d64eade8672d3097e6552de1b6fb5f8ac51a07664e05098c90fcdc85b66bc	build/classes/java/main/org/codehaus/groovy/classgen/ReturnAdder.class
00ac09f0604df6d05e3dec31bc696a08ce77eecd013ffac194d32d197b60e423	build/classes/java/main/org/apache/groovy/parser/antlr4/GroovyParser$AdditiveExprAltContext.class
00b6e925277321326e12757cb930c75a8a154eec15eecdd2c197fe0e170d24bd	subprojects/groovy-console/build/classes/groovy/main/groovy/console/ui/AstBrowserUiPreferences$_closure1.class
00b7a7eb85d0311fee8aca5f62c0a00493028454a0b6b302e2efdbe9b3e1b11d	subprojects/groovy-console/build/classes/groovy/main/groovy/console/ui/ObjectBrowser$_makeCard_closure3$_closure14$_closure20$_closure25$_closure28$_closure29.class
00cfa015084eace81d8bce0054fc3eb09972072cb46b0914e53417019116e44e	build/classes/java/main/org/codehaus/groovy/control/customizers/DelegatingCustomizer.class
00d997e3c419c9200f9f05b8757338746cfce7619801990f1b181319e49774a6	build/classes/java/main/groovy/inspect/Inspector$MemberComparatorWithValue.class
00e2fec814b9e41c45398f0d909ea4b9e131c4191fc001366e40cdc8a67fd476	build/classes/java/main/groovy/transform/Undefined$EXCEPTION.class
0123d92eb21ce096bc365c6dad86fcd8ea6085d9b401b08faa9a5ba642ffd070	build/classes/java/main/org/codehaus/groovy/control/customizers/builder/SourceAwareCustomizerFactory$3.class
015597c2e318d0f242c410f14b159b77d2092d7ab9a0c8bfa04a5a235dcd5ce0	build/classes/java/main/groovy/util/GroovyScriptEngine$ScriptClassLoader.class
01582932d680ba76cb55abea647cb285213dc6f88782efeedb61ed50739f579c	build/classes/java/main/org/codehaus/groovy/util/ReferenceType$4.class
01937204b803854556d55f0da036c7035091cc2f438759c38595218b411d627a	subprojects/groovy-test/build/classes/groovy/main/groovy/test/JavadocAssertionTestBuilder$_getTestMethods_closure4.class
01a01b9162d30b12a5d71be46f75dbec3dee41586a39e6c94a50f9494ff4c5ca	subprojects/groovy-json/build/classes/java/main/org/apache/groovy/json/internal/JsonFastParser.class
01afbcd1a67ff9c354a198812d15788c2e87dc768bb56c34ff2a2624f5fb1b94	subprojects/groovy-sql/build/classes/java/main/groovy/sql/GroovyResultSetProxy$DummyResultSet.class
01b130481d931201ecba6818018c6f8aea0eaf21e24e185f94dbb7ab5268824c	subprojects/groovy-swing/build/classes/groovy/main/groovy/swing/binding/JListMetaMethods$_enhanceMetaClass_closure2.class
01d22f0c70e4b9be884c18ab3260f4af7341621fbdbfafb38d5a80a5f0068f0a	build/classes/java/main/groovy/lang/Tuple1.class
01ddea96c20e0aa0829c320912fab332d2dadfa5219e73228ebb98e3aadc2df5	subprojects/groovy-testng/build/classes/java/main/org/apache/groovy/plugin/testng/TestNgRunner.class
01fb879c5bf2f3ab4315c3a961397b7c5fbe7941c07ef528fb3699d8e108daf2	build/classes/java/main/groovy/lang/MetaClassImpl$InvokeMethodResult.class
020645ba4070e754a27c782528f400f393d0e0b1afcd214eaaa30067156c8734	build/classes/java/main/org/codehaus/groovy/ast/expr/ClosureListExpression.class
0213f3dca0cb17d6dfc4449c62833d8ba7153dfed5532002b9690fdfba7d75e0	subprojects/groovy-groovydoc/build/resources/main/org/codehaus/groovy/tools/groovydoc/gstringTemplates/topLevel/inherit.gif
0220099c9581dd31da849cf396641f8d9c5fbf82d780414f97ea6a8878e4acdd	subprojects/groovy-swing/build/classes/groovy/main/groovy/swing/factory/DialogFactory.class
02252e54b63967c13dcc231de4f0bd12dffaf9d9cfc513b3dea77bae5c2f17a2	build/classes/java/main/org/codehaus/groovy/runtime/MethodRankHelper$RankableMethod.class
0233a6832127030a3f1e291bdda1966ce4c4e7f04dc2f57cf68e50acf8907de3	subprojects/groovy-datetime/build/classes/java/main/org/apache/groovy/datetime/extensions/DateTimeExtensions.class
02516dcffae8eb39e1774d27b304fffbc89e507192f6b28e645baeee936a142d	subprojects/groovy-console/build/classes/groovy/main/groovy/console/ui/ConsolePreferences$_buildDialog_closure2.class
026106b5ec295eb4524e264ec2ba2c06c11a22f43474b2e1d1f6b1ea97a58bcc	subprojects/groovy-console/build/classes/groovy/main/groovy/console/ui/Console$_listClasspath_closure21.class
02675a3e98a2d7066880755b3e002482a25ed37684544dd596dba26e847a905c	subprojects/groovy-test/build/classes/groovy/main/groovy/mock/interceptor/StrictExpectation$_match_closure1.class
026ad5d887e845fdcc24542323d7f655e67bdb2662fb1ff6c51abe62cba6f5ba	build/classes/java/main/groovy/beans/PropertyReader.class
027d11553e81c3896eeed3e6ee9eda2222b9774069f84e1eaab00b5fea143ccc	subprojects/groovy-macro/build/classes/groovy/main/org/codehaus/groovy/macro/matcher/internal/AnyTokenMatch.class
028f9d123481542344ad391c942719c9c7e78c711645a8543cbce80da082b92f	subprojects/groovy-console/build/classes/groovy/main/groovy/console/ui/AstNodeToScriptVisitor$_visitAllImports_closure1.class
029800fea3ee1a57e081f054e86b85ca32ccec16099923f5833e23e21e45743e	build/classes/java/main/org/codehaus/groovy/classgen/Verifier$6.class
02ba247f54fd615e9814007ab7f110c68a2d02230d94c3d3bd338b1b401d1caf	subprojects/groovy-macro/build/classes/groovy/main/org/codehaus/groovy/macro/matcher/ASTMatcher$_visitObjectInitializerStatements_closure3$_closure53.class
02ba97e7e28c0288af49ef87f60fe840f8f6be6a4be27b707a00cd3f8e180b61	build/classes/groovy/main/org/codehaus/groovy/ast/builder/AstSpecificationCompiler$_constructor_closure27.class
02db3d48aaa8fb8e9822675b6f21655fb2a9f30540ea9906ffb276d346d8e987	build/classes/java/main/groovy/transform/stc/PickAnyArgumentHint.class
02e36d562e40d1a06a10457d67caa935360844e55986348ef58bb913cf4ecbfb	subprojects/groovy-console/build/classes/groovy/main/groovy/console/ui/ObjectBrowser$_makeCard_closure3$_closure14$_closure21$_closure35.class
02ff5cdd62a20863a4f40306c3154b6c89822052719b52667b28b46d4aeeb16b	build/classes/java/main/org/codehaus/groovy/control/CompilationUnit$3.class
0303930127fdafecc29d7ecf342d9434ca0fa16dafeded1c7dda97978f149a69	subprojects/groovy-console/build/classes/groovy/main/groovy/console/ui/TreeNodeBuildingVisitor$_visitClosureExpression_closure27$_closure57.class
0310a8409e8909c8de60d4593a655a755921e88cb4b4813fe28d625d809c1e36	subprojects/groovy-console/build/resources/main/groovy/console/ui/icons/text_replace.png
0315320938917d1bf56eb05aed5db99af85e7d5c3fd1e5eddc40fcaa14152f69	subprojects/groovy-console/build/classes/groovy/main/groovy/console/ui/ConsoleView$_run_closure11.class
0316a6bb45def47be80dbc36e5963e157b7a92ee6704adac1f491318422611cb	subprojects/groovy-macro/build/classes/groovy/main/org/codehaus/groovy/macro/matcher/ASTMatcher$_visitTupleExpression_closure24$_closure83.class
031a9dd76c0c522486bd083933007f90f7c58c82d6ff80bab285e34e0712634f	build/classes/java/main/groovy/util/ObservableList$MultiElementRemovedEvent.class
03363162132517c8ce818f6b89e60c3c786c1c4ebddf6297c671ad6c835eca4e	build/classes/java/main/org/codehaus/groovy/runtime/metaclass/MethodMetaProperty$GetBeanMethodMetaProperty.class
0342307bf5fe009221e832a8c52ebc9013ab1eeecc68cc121ec9debea195dfff	build/classes/java/main/org/codehaus/groovy/classgen/asm/MethodPointerExpressionWriter.class
034ab470c8e3642d5c78cc6b5272d77d6c2edc4843b8248df508e2d6c8ba876b	subprojects/groovy-console/build/classes/groovy/main/groovy/console/ui/SwingTreeNodeMaker.class
0352c800f98133fc4add2c7fddeea23515ad02ca54203840512a986654361bfe	subprojects/groovy-macro/build/classes/groovy/main/org/codehaus/groovy/macro/matcher/ASTMatcher$_visitIfElse_closure44$_closure106.class
035ddcc23da3bf6186bac78ea445ed41b752b1308f4e812cb01da5a624459f0f	build/classes/java/main/org/codehaus/groovy/runtime/dgmimpl/NumberNumberDiv$FloatDouble.class
036d0e9682221934f135f27486474b442f87c5435fbe03fe80e1e724c268d631	build/classes/java/main/org/codehaus/groovy/runtime/ArrayUtil.class
0370cf771dd8393cd4314697c0b65f30cdb06a5ce529a0bd2f0599b79eee71d7	subprojects/groovy-swing/build/classes/java/main/org/apache/groovy/swing/binding/EventTriggerBinding.class
037a52f18c339a8fe0a6b20ca4569c4a686a4064befb6ad5843d5e2a41406b29	subprojects/groovy-sql/build/classes/java/main/groovy/sql/ResultSetMetaDataWrapper.class
0392df697de6f8e8aa8c42ab07f9d3a2f0292681e01de21085de0ed3ef4cdfe8	build/classes/java/main/org/apache/groovy/parser/antlr4/GroovyParser$MapEntryLabelContext.class
039832d58bbedb9a534c7bd90e9909204079f4e8e333d7e8cbc81e23ce25a312	subprojects/groovy-dateutil/build/classes/java/main/org/apache/groovy/dateutil/extensions/DateUtilStaticExtensions.class
03a6cce997c4c2c2b1d2807f35827b156a9e605cac04a946e329d81ee9f963c7	subprojects/groovy-cli-commons/build/classes/groovy/main/groovy/cli/commons/CliBuilder$_setOptionsFromAnnotations_closure7.class
03a9811868494bec31d41e8624fafd23439b81444b309e69dd7e70d04c7ea417	subprojects/groovy-cli-commons/build/classes/groovy/main/groovy/cli/commons/CliBuilder$_adjustDetails_closure19.class
03d64a904cbec3d8b82d45e7638b5ab29b2555c3bbf604cec302750101438906	subprojects/groovy-jmx/build/classes/groovy/main/groovy/jmx/builder/JmxAttributeInfoManager.class
03e26474e67f6f3a63a61d6e156a1019bac2793784b05139228da69405edcfa1	subprojects/groovy-console/build/classes/groovy/main/groovy/console/ui/Console$CstInspector.class
03f6da8eb275bfc715e3d5d79ab22f34e7adc9ae8adde6f0d09b153946b04f11	subprojects/groovy-console/build/resources/main/groovy/console/ui/icons/book_previous.png
03f7fed6eadb29235b444e7417673699d2d41c400c0d58f7e68db731d8bc7875	subprojects/groovy-groovysh/build/resources/main/org/apache/groovy/groovysh/commands/InspectCommand.properties
03f7fed6eadb29235b444e7417673699d2d41c400c0d58f7e68db731d8bc7875	subprojects/groovy-groovysh/build/resources/main/org/codehaus/groovy/tools/shell/commands/InspectCommand.properties
03f81030dcc7a7265d48d60270b2231f21eb9a802e5e5e90f632145d89255ca2	build/classes/java/main/groovy/lang/ClosureException.class
04028df18678050999d6309688c5beadbfe6faa01c12f0192fcd69325f86a501	build/classes/groovy/main/org/codehaus/groovy/transform/TimedInterruptibleASTTransformation$_visit_closure1.class
0431cc44d8b3531fea76eeea37250291d4233361e330eb325b4f2f2e8330d86d	build/classes/java/main/groovy/util/Iterators$CrossByIndexIterator.class
0448fc491db28445ff1d5b7857ea9032d82b83f1f8df648b5fa99f45e4685b96	build/classes/java/main/groovy/time/BaseDuration.class
0452a8c082567eabb8725878d0ef552a89135789db2d7ca151d6f79a5cce8f45	build/classes/java/main/org/codehaus/groovy/ast/expr/ExpressionTransformer.class
04593f80b406a97047b51f7060d7e7c0a667e2b5f221d71b1adbf1694c8cfeaa	build/classes/java/main/org/codehaus/groovy/tools/shell/util/Preferences$1.class
0459b0c110d470e659054bcb796c400338c30aa42506aa9791e5589f0c3c8433	build/classes/java/main/org/codehaus/groovy/transform/TransformWithPriority.class
04619661da25d289dd70471fa524d34620e7b744c970a83711952a6a2a3f28ca	build/classes/java/main/org/apache/groovy/parser/antlr4/GroovyParser$IfElseStatementContext.class
0479be02b0e8abfbbacae788962addb33eeade9e976bf99a38585a2c0422a1ad	subprojects/groovy-swing/build/classes/groovy/main/groovy/swing/binding/JComboBoxMetaMethods.class
04819c19f4c82bdacca13f3cac29bf20cfff66500b2b9f93a5de5d261d953e9c	build/classes/java/main/groovy/util/ObjectGraphBuilder$NodeReference.class
048cb54b8fdb3f1aa1af2b3f594554f0b1016eaa51996bdebdfa3bdeebad5be5	build/classes/java/main/groovy/transform/Trait.class
04af936b875ba480606d3ae1f9fc9c8bec23225b3eb47000f06bc3bbc3199850	subprojects/groovy-templates/build/classes/groovy/main/groovy/text/markup/MarkupTemplateTypeCheckingExtension$_run_closure6$_closure9.class
04b5a47af9090f86342bbcc79eddeb0a84843199818aaf37ab0328fc81fc4101	subprojects/groovy-macro/build/classes/groovy/main/org/codehaus/groovy/macro/transform/MacroClassTransformation$MacroClassTransformingCodeVisitor.class
04b60924203411301ca3841b83f08642b50b219b967fb16ed40ceade0896faa4	build/classes/java/main/org/codehaus/groovy/util/IntIntArrayColumnIterator.class
04b85a192f3f25faadc048a605060f8eb9d17f2851a1af3001fbf42e7bf36502	subprojects/groovy-groovysh/build/classes/groovy/main/org/apache/groovy/groovysh/jline/GroovyCommands$_highlight_closure5.class
04bf70b22a35c3fbe462726a3d0a435066b368f6f11be4f282448d14bfce28a5	build/classes/java/main/org/apache/groovy/parser/antlr4/GroovyParser$AnonymousInnerClassDeclarationContext.class
04c5eeecc7b04ef72399c8d67fea7f86ec1cb147508d7310f454de362bca6cba	subprojects/groovy-groovysh/build/classes/groovy/main/org/apache/groovy/groovysh/Main.class
04c899e7ed51e5beaeada6b26f67fa23c3c8b82fcbf2ceba8eed890cca5834c1	build/classes/java/main/org/codehaus/groovy/transform/sc/transformers/MethodCallExpressionTransformer.class
04db843ec88fc55f6576b660bb232a46a2ea7045be05e3acd826a1ed8a76dcfd	build/classes/java/main/org/codehaus/groovy/runtime/dgmimpl/NumberNumberMultiply$DoubleLong.class
04f561fb5044f6e8da9b8c45405e7e459938d8ccbb0a205044b95de1f5f79875	subprojects/groovy-contracts/build/classes/java/main/org/apache/groovy/contracts/generation/ContractExecutionTracker$ContractExecutionThreadLocal.class
0537aafcd3ada4b5dc007336f926292b1ab0b647d776f8acf84d4ce2023823a6	subprojects/groovy-console/build/classes/groovy/main/groovy/console/ui/ConsoleTextEditor.class
0539183e07fa3d7ccea12b4426881fdc692163dd3b9f7ba23d50b222336f7c56	subprojects/groovy-console/build/classes/groovy/main/groovy/console/ui/AstNodeToScriptVisitor$_visitAllImports_closure4.class
055b6ab01da6db64fc595419255c6833eefb72bb5fa017e3717a5169da754716	subprojects/groovy-console/build/classes/groovy/main/groovy/console/ui/ObjectBrowser$_run_closure2$_closure5$_closure7$_closure9.class
056399a2df850817640121f7937a5f8d6583b79c8dc1220855a7a8c06de9e2ab	build/classes/java/main/org/codehaus/groovy/runtime/callsite/GetEffectivePojoPropertySite.class
056c7ab59f4fcbc940426cc7be95e6e561913730414a002efa325b0d473427b1	subprojects/groovy-macro/build/classes/groovy/main/org/codehaus/groovy/macro/matcher/ASTMatcher$_visitImports_closure5$_closure55.class
057bd9f12777b9f53e948ec1266c2307f5410bde68fa649b29e0e9b7e8296b46	build/classes/java/main/org/codehaus/groovy/runtime/metaclass/ConcurrentReaderHashMap$Values.class
057fa925d1b1bbe874bd44110f7ae883f5938f5b0bb723ddc6c5ed22fc0968ea	build/classes/java/main/org/codehaus/groovy/antlr/EnumHelper.class
05888d61e114579320c25026db62c243c0f219a42f89aee071419779e82d2592	build/classes/java/main/org/codehaus/groovy/vmplugin/VMPluginFactory.class
05a35c2594e3c83a7a05e32695ffa2cfaf9da6fc5d2b9919765626c348f3eec0	build/classes/java/main/org/apache/groovy/plugin/GroovyRunner.class
05ba4ada79cf51ae01bc568ee89e71b40089e14b02578a621b81726457dda1c5	build/classes/groovy/main/org/codehaus/groovy/classgen/genMathModification$_run_closure3.class
05d06e3b2321639d2fb1fd8dedecb5549c0d2e58b5d02fdd165d38f44e486e51	build/classes/java/main/org/codehaus/groovy/transform/SingletonASTTransformation.class
05daac11e1f74236dcc80aed3d9f11db9543dfca0fb21efa6cbe0f3a75210cf6	subprojects/groovy-docgenerator/build/classes/groovy/main/org/apache/groovy/docgenerator/DocGenerator$_generateIndexMap_closure13$_closure27.class
05dd105532854ebfc3d8e8c4cd5a39b1ef243c2389aa336c1f96f794b09ef4b8	build/classes/java/main/org/codehaus/groovy/classgen/asm/ClosureWriter.class
05dd8f1a8f434d4b72c6b06263d29bcaa3e502b08fef645d52d3ae860a0621ea	build/classes/java/main/org/codehaus/groovy/runtime/metaclass/MetaClassRegistryImpl.class
05eb6679df326b365a9a00c5a6d78dba5b557010e52ede2ca9e8e2bc5286c2de	build/classes/java/main/org/codehaus/groovy/transform/trait/TraitASTTransformation$1.class
05f8010275cb56b0271c85bbce688d81fdec1566fccf28a4e82de3634a86c314	build/classes/java/main/org/codehaus/groovy/runtime/callsite/MetaMethodSite.class
06150d25c05c26788ce2b0d4426721d82612439a603a350c9b5ad06af8301b82	build/classes/java/main/org/apache/groovy/parser/antlr4/GroovySyntaxError.class
061862eda8e41ccb4a0ed6ffce180826bba38660a72c3b9c340fb13942fb7286	build/classes/java/main/org/apache/groovy/parser/antlr4/GroovyParser$ModifierContext.class
061c7019833efc232a592b423badd2a5ea89210a56e811f4c90d1d858313f033	build/classes/java/main/org/codehaus/groovy/ast/GroovyClassVisitor.class
064832a8220e31a25a0d393cb6fd9ab824ec3ed91b867d86b12c00c180b56dbf	build/classes/java/main/org/codehaus/groovy/runtime/ConvertedClosure.class
0648563e2b6f1ec979c1c2b84fdacf39cf508461b4625eee39c540f950e12bd0	build/classes/java/main/org/codehaus/groovy/util/ManagedConcurrentLinkedQueue.class
0649337a415ad8c33806de32cbd67eba28a925ae502a9ff956afd4d026e04fb0	subprojects/groovy-console/build/classes/groovy/main/groovy/console/ui/ConsolePreferences$_buildDialog_closure2$_closure4$_closure5.class
064c6b9b96f236b9dc27c2684ba9eadae70849606d004a162248d9fe7b4eafb6	build/classes/java/main/groovy/lang/MetaClassRegistryChangeEvent.class
066468a82f24d348de0b80103663bce7f404828897013c74108bfdd034a3bf57	subprojects/groovy-json/build/classes/java/main/org/apache/groovy/json/internal/CharSequenceValue$1.class
066c572708421e75b07728e7bfaff5a12256735442d9a9072a3098dd3ca31c36	build/classes/java/main/org/codehaus/groovy/runtime/memoize/CommonCache.class
06850c17ca304e1a9db1b622e4aebe4e84052163df83450e8e15e1effc78ee81	build/classes/java/main/org/codehaus/groovy/runtime/metaclass/MethodSelectionException.class
06871825e9bad5e6dd6312a43c820fc37cdab23fb8fa7843d095758bf4787be5	build/classes/java/main/org/codehaus/groovy/transform/ImmutableASTTransformation.class
06983a476c59e259995d89ee587843068461e683bab25e95944a77c1df8a8872	subprojects/groovy-console/build/resources/main/groovy/console/ui/icons/cut.png
06af6b13b0a63ced331eeeba41a99003532e9bb4694e0cb5b3bbc9be2fb957e7	subprojects/groovy-groovydoc/build/classes/java/main/org/codehaus/groovy/tools/groovydoc/SimpleGroovyClassDoc.class
06c9e77b462f31eedf3959c6457430c340b342a0ecaccf905d37bb383d061dfa	subprojects/groovy-swing/build/classes/java/main/org/apache/groovy/swing/binding/PropertyBinding$1.class
06fd7d5ff85fd0a8ecf76a3325b362b4421c1106bd13f171e30cf84fc3ad69e0	build/classes/java/main/org/codehaus/groovy/runtime/ResourceGroovyMethods.class
0709def788cba7edca5858f9e3c06ad90272ec08e11406a0332be03c13489dcb	build/classes/java/main/org/codehaus/groovy/util/LazyReference$2.class
072ab60decda5877fa08abacf7ea0a14c0f32526f59431bbc59e9370b3c23c4e	build/classes/java/main/org/apache/groovy/parser/antlr4/GroovyParser$InclusiveOrExprAltContext.class
072dd78369c2aa730d6731d9e0957f84bfe2d1d5dbe04f5477e1745c2f3abbaf	build/classes/java/main/org/codehaus/groovy/runtime/metaclass/DefaultMetaClassInfo$ConstantMetaClassVersioning.class
0732dd15ba111fb24e8edaaea275b7af3e604cdcc7b12cf745213e7f57e0d83a	build/classes/java/main/org/codehaus/groovy/runtime/dgmimpl/arrays/ObjectArrayGetAtMetaMethod.class
073c20e27a399d40a313b1c7bb5c9b3ce16d75ff9642f2edab7f58816bf9bccb	build/classes/java/main/groovy/transform/MapConstructor.class
0744cb191ae07c9a2e8f743c62a809efae9aaf438f008bd5771dd1ace9f37342	build/classes/java/main/org/apache/groovy/ast/tools/ImmutablePropertyUtils$1.class
076b11d77358f875eaa7819fa24585115a18c78aa5173898216263fa2494ff4c	subprojects/groovy-docgenerator/build/classes/groovy/main/org/apache/groovy/docgenerator/DocGenerator$DocSource$_add_closure2.class
0772b1b629ba4b2fd54a0c0109fe96c358bc6646d316703db1f70c58831c587b	subprojects/groovy-typecheckers/build/classes/groovy/main/groovy/typecheckers/RegexChecker$_run_closure3.class
077b93068c8bc2009a67a24f704285cb1721b53bff61c6062163de71e7e10843	subprojects/groovy-swing/build/classes/groovy/main/groovy/swing/factory/TableModelFactory.class
077c2c72bc6cef9dd933ce7cf7c218691b9e9063981f5e9124df9ba78ddb0fe2	subprojects/groovy-console/build/classes/groovy/main/groovy/console/ui/TreeNodeBuildingVisitor$_visitBlockStatement_closure1.class
0780a03004de1e0b4a5f9796a97f921366b030888b80f3c7add6d13bfc30035f	subprojects/groovy-console/build/classes/groovy/main/groovy/console/ui/text/StructuredSyntaxResources.class
0786befe55dd0834cb108254fbb6ade41a105cf492b6353df6b21b5ad48bf16d	subprojects/groovy-macro/build/classes/groovy/main/org/codehaus/groovy/macro/matcher/ASTMatcher$_visitSpreadExpression_closure30$_closure92.class
0789fc3d66030d78a89651f2992022dfabc603172939e7a6ccd6997bc993ed8b	build/classes/java/main/org/codehaus/groovy/vmplugin/VMPlugin.class
0796f78288a616784d08d7eb4b554a4fa82cd21792b13df75fbec76c196f4775	subprojects/groovy-xml/build/classes/java/main/groovy/xml/markupsupport/AllControlToUndefined.class
07c81c1f63c55c8408be4e0e2fa5326de52037ed0bfd38798e79fed15dee4ad1	build/classes/java/main/org/codehaus/groovy/tools/RootLoader.class
07d594a482b9e8d3c7619f4f11916e0f77447d3e353381d42fe694c5cd0e98ae	subprojects/groovy-groovysh/build/resources/main/nanorc/sh-repl.nanorc
07e5a42080e15d8bc5df08f568fd0703d8730bae948a8ad992b8cc9d19f378b8	subprojects/groovy-xml/build/classes/java/main/groovy/xml/slurpersupport/GPathResult$2.class
07e6662187c8babcf9b350936a5a49fc1a0e1609235cc52f322fb1770dd3202b	build/classes/java/main/org/codehaus/groovy/transform/NonSealedASTTransformation.class
07ec2bbb3d3097f363d31a0956475c28ebefee29ab6163a8950ade275df64310	subprojects/groovy-swing/build/classes/java/main/org/apache/groovy/swing/extensions/SwingExtensions.class
07f102f44770d9188c682e0d09d567df604cbf1701bebedaf639186a6e2e3a50	subprojects/groovy-console/build/classes/groovy/main/groovy/console/ui/ObjectBrowser.class
07fbe2b1424e03f93b725a2481627c71561f75fff0e4ef08c9eac5901cc1803e	build/classes/java/main/groovy/lang/ExpandoMetaClass$SubClassDefiningClosure.class
0817a17a9a221289ab10fe7f9e44b36b1a8cf4bff540b55cce5124eba019804f	subprojects/groovy-console/build/classes/groovy/main/groovy/console/ui/TreeNodeBuildingVisitor$_visitUnaryMinusExpression_closure40.class
081ba019f60c8f637474b9fc22e4bbf2356076a74bfdb1ff3b717b13ca342f1e	subprojects/groovy-groovydoc/build/classes/java/main/org/codehaus/groovy/tools/groovydoc/SimpleGroovyConstructorDoc.class
082d45a3f3961f1462362ebcb22b6f6e4caae589ac2d8553f1c33037b719b68a	build/classes/java/main/org/codehaus/groovy/ast/expr/NotExpression.class
084b4fd28e417d67f668c74f51a7d8d7d792c27b9c00c9f2b8a410709e082377	subprojects/groovy-console/build/classes/groovy/main/groovy/console/ui/AstBrowser$_run_closure4$_closure11$_closure27$_closure32$_closure35.class
086e681054b2bd989df7f83ab975d2c9d40e4474a10d179997b0f726282decce	build/classes/java/main/org/codehaus/groovy/runtime/DefaultGroovyMethods$CollateIterator.class
0871fcd330c3f7911f0efffe2cc6446a62e7b277dc4ddb7eb976d9fddc6c0459	build/classes/java/main/groovy/transform/SealedMode.class
0876b1b6b37a3fd9702add251a8f83ab4101a91ead54b1feb74045c836d4c645	subprojects/groovy-swing/build/classes/groovy/main/groovy/swing/binding/AbstractSyntheticMetaMethods$_enhance_closure1.class
0894777ff08e781ebc3b2391ceda60dd57d13496b6c7fad0890545ca04776167	subprojects/groovy-contracts/build/classes/java/main/org/apache/groovy/contracts/generation/ContractExecutionTracker.class
08bc5e9e6690d2c2fa55853cde60ad37b74216e585b6100533cf0c0c1b7a26b1	build/classes/java/main/groovy/transform/stc/SimpleType.class
08cd81cd6d92d49fa06902609c44dd678eee99494ff3bf795b842f6415316a3c	subprojects/groovy-xml/build/classes/java/main/groovy/xml/streamingmarkupsupport/StreamingMarkupWriter.class
08e37ea925b262128f48c1c0621f744867b864b3e1b64e72c4fa4f006b28ce19	build/classes/java/main/org/codehaus/groovy/runtime/dgmimpl/NumberNumberMultiply$IntegerFloat.class
0927704a844a788eec850ca311cd26bb63034102d36013cb2cbc509a5efd6992	build/classes/java/main/org/apache/groovy/parser/antlr4/GroovyParser$GstringPrmrAltContext.class
09542623286ed8510d78eb867a0042f2e581a2e4321dbfbe9d6aae9ff011e46a	subprojects/groovy-macro/build/classes/groovy/main/org/codehaus/groovy/macro/matcher/ASTMatcher$_visitPropertyExpression_closure39$_closure100.class
09628579b269acc8ef8b4deba70bc769c77c49d9fa0a0426ed7d6602eb8f5c6d	subprojects/groovy-swing/build/classes/groovy/main/groovy/swing/binding/JTextComponentTextBinding.class
09692d844d9f1b77dae3f8b14706e4a0d1a60fecc1d75f5b97891c099b05eaaa	build/classes/java/main/groovy/transform/OperatorRename.class
097071e069db12bb49eddd882fda6a1a5034950d69b366033b469ee4b7dfc405	build/classes/java/main/org/apache/groovy/parser/antlr4/SyntaxErrorReportable.class
09755f8107038af23c4c6d5236bd5fcf9c2121c842381a2ea84ceaacda0e5d6c	build/classes/java/main/groovy/io/EncodingAwareBufferedWriter.class
0976b84cb586127448ac5ce5ba9e06efb4da70d0eb84188a87a4c158ff1639b0	build/classes/java/main/org/codehaus/groovy/classgen/InnerClassVisitorHelper.class
097e869020a2d545ba254b820c4baa50d36d138a238a4e37f9aae305229f308a	subprojects/groovy-json/build/classes/java/main/groovy/json/JsonToken.class
098e701e8496ea0710f3d4d2653fadb7aecd6d8f41ba9056c7bba45b0b4c37a0	build/classes/java/main/groovy/lang/Category.class
09929daecda3a3bda98952c386a9490ba94e4c91844692b99eb91f71ae20427a	subprojects/groovy-console/build/classes/groovy/main/groovy/console/ui/SystemOutputInterceptor$1.class
09965178dea79b2fcaa0943a51f670ae460c3c2137efe6bff28d124cbad3713e	subprojects/groovy-console/build/classes/groovy/main/groovy/console/ui/text/FindReplaceUtility.class
09e5f56bdd1b2b47fd4bd4733057059bdbf8080efd7a2321a8cf0d96669a5584	build/classes/java/main/groovy/util/ProxyGenerator$1.class
09ef5bd5c6d5d15d7db9b7751209c4eef48601b40d87b05b57775e1847bd672d	build/classes/java/main/org/codehaus/groovy/runtime/DefaultGroovyMethods$IteratorIterableAdapter.class
0a017472d7eb8297048f67a3a17cd3f88b06ebd26550ff8b093c4b4c6c8fd219	subprojects/groovy-console/build/classes/groovy/main/groovy/console/ui/AstNodeToScriptVisitor$_visitBlockStatement_closure17$_closure38.class
0a09c414f299b4992506ecc027b74d6d58cff3c8fbd530d961a192fc7753aa55	build/classes/java/main/groovy/time/BaseDuration$From.class
0a0b4e23faf1f6fdecceeb8fec7d289293e33e2f85bc115d855d69877bcb2d3a	subprojects/groovy-console/build/resources/main/groovy/console/ui/icons/printer.png
0a426f595b9b01faf3144750471eecaa797bb43df2d727982ac160324f35f68a	subprojects/groovy-console/build/classes/groovy/main/groovy/console/ui/AstBrowser$_run_closure4$_closure11$_closure27$_closure34.class
0a526f803f927b173f799fa11a70051a912632f2d47e003d4c73813afd233f2f	subprojects/groovy-xml/build/classes/java/main/groovy/xml/slurpersupport/NodeChildren.class
0a54d028bf9ff5a54215c51839ca9cfc016085e0fd1e4cd214bd12646f96d5d5	subprojects/groovy-groovysh/build/classes/groovy/main/org/apache/groovy/groovysh/Main$_main_closure3.class
0a562fa2aabe8a255e2cd49fc65fa21bb94126e45d7e00a7d56582e02c44f873	subprojects/groovy-test-junit5/build/classes/groovy/main/groovy/junit5/plugin/GroovyJUnitRunnerHelper$_execute_closure1.class
0a656cd575559cf2b82b6693c9b1fd3fdfc57a181bd75579b4879366cd32cdfe	subprojects/groovy-swing/build/classes/groovy/main/groovy/swing/factory/SwingBorderFactory.class
0a673e66c91eb1872cdd510d9e279d91aa972b966b0023c8a8a7aca4dc411402	build/classes/java/main/org/codehaus/groovy/runtime/metaclass/NewMetaMethod.class
0a6fdd13860ef69a6ae49a217a53236368da072dd465c02f6b705540297f43df	subprojects/groovy-console/build/classes/groovy/main/groovy/console/ui/ObjectBrowser$_makeCard_closure3$_closure14$_closure24.class
0a6fef249db09c98b4d9804af4f9d2ab46ec0356ee2eece5fe14e7fcacf617d7	subprojects/groovy-groovysh/build/resources/main/nanorc/toml.nanorc
0a7f01dc306f364a1a1971a62b1b830cd543cd1f14a31da3694a3c988f1503e1	subprojects/groovy-console/build/classes/groovy/main/groovy/console/ui/ObjectBrowser$_makeCard_closure3$_closure14$_closure20$_closure25$_closure28$_closure31.class
0a81784cc22bc2f56dc3e1935d61f0c96149856690a712501e6de6b960c4e5ca	build/classes/java/main/org/apache/groovy/parser/antlr4/GroovyParser$StringLiteralContext.class
0a8592bd3243ec9c283658f060b1874847699a5f6a737a09416fde2f2ce11c48	subprojects/groovy-sql/build/classes/java/main/groovy/sql/BatchingStatementWrapper.class
0a9036947c8e57185447241805b11cc88d38d13792384c68f55dd5c34fc232ac	build/classes/java/main/org/codehaus/groovy/ast/Parameter.class
0aae283f95b1149c1a8caacdf71423bc3487273ca15a63b0ed4b273a7adcab54	subprojects/groovy-console/build/classes/groovy/main/groovy/console/ui/ObjectBrowser$_makeCard_closure3$_closure14$_closure21$_closure33$_closure36.class
0ab1d4992011de7267cb090d6e7eb3f73c6348da3b378de7324b3fc9b2807e8f	subprojects/groovy-xml/build/classes/java/main/org/apache/groovy/xml/tools/DomToGroovy.class
0ab85f1ff94d769541be700986ae6e60f249babcd3ef4a8d98d54afeb85b9a29	subprojects/groovy-swing/build/classes/groovy/main/groovy/swing/impl/DefaultAction.class
0acc45c8cf62da43143ff57130d7fc84d6071d6521dd0907cd2c895679b9f643	subprojects/groovy-xml/build/classes/groovy/main/groovy/xml/StreamingSAXBuilder$_closure2$_closure7.class
0acea9b259285ef60a9a21bc1fcd82edbe3173239e0c338b5a12781aa28d3576	subprojects/groovy-console/build/resources/main/groovy/console/ui/icons/folder_page.png
0ad5835fba09c3ebdf74ec2f27fed4bc2134c1af4c70c435bf2122e3cda3bfa3	build/classes/groovy/main/org/codehaus/groovy/classgen/genMathModification.class
0ae059e068678bb6d439b2f5a2ca00d7b55ce392b73aea212ac9fe5210d55d90	subprojects/groovy-sql/build/classes/java/main/groovy/sql/Sql$2.class
0ae70de54c2ec637ccbdf3b3469a41b60c814a02e48294b11aee68f143d8faf2	build/classes/java/main/org/codehaus/groovy/classgen/asm/LambdaWriter.class
0af6c579f2f6354f29e99132ca4adb2c1502e090857ec11df420bca3c72e7496	build/classes/java/main/org/codehaus/groovy/runtime/callsite/PojoMetaMethodSite$PojoCachedMethodSiteNoUnwrapNoCoerce.class
0aff89197069c907962a29d6575a43284dc975dd641f7a47780e4b930db6a754	build/classes/java/main/org/codehaus/groovy/tools/javac/JavaCompiler.class
0b06aa8d50bae253238bf0b0c3ee1559fa6a5893cd493d1e7bd8350cbbac3bf2	subprojects/groovy-swing/build/classes/java/main/org/apache/groovy/swing/binding/SwingTimerFullBinding.class
0b1eeab9487ae4bfc66d3cd09e87d57428b03316491eecdc59ad27e6727e9263	subprojects/groovy-swing/build/classes/groovy/main/groovy/swing/binding/JListSelectedElementBinding.class
0b206817db7242a82935d92710511e996849a5873b7a7358f781b6f3611062e3	build/classes/groovy/main/groovy/grape/GrapeIvy$_processCategoryMethods_closure4$_closure19.class
0b279adf280c60e1da0990d92ab06b7cf7ca69a42cfdb3b4f7bba9b51dd8df7f	build/classes/java/main/org/apache/groovy/parser/antlr4/GroovyParser$FormalParametersContext.class
0b2feaef3b32eeccf870d9b71cec9270fa7d4268ad48085daf031722570f4467	build/classes/java/main/org/codehaus/groovy/runtime/callsite/PojoMetaClassGetPropertySite.class
0b5af2e72d362e119469ea79985a8c0e43c0a392e0f5e32393a58d8453750df1	build/classes/java/main/groovy/transform/stc/SecondParam$ThirdGenericType.class
0b72ac2dede80e18dc1d61885d92d381fe5b185865d9540200827d78579fa5d6	build/classes/java/main/groovy/transform/builder/InitializerStrategy$SET.class
0b751a94d06784b8b5e4b237732139fc54f1f697e3754137cbec890ebce061d2	build/classes/java/main/org/codehaus/groovy/vmplugin/v8/TypeHelper.class
0b7bbf2fef6e012b8c7cec27d27ea814ddf8d721191f34bbfc629b2ef4fda146	subprojects/groovy-console/build/classes/groovy/main/groovy/console/ui/AstBrowserUiPreferences.class
0b7eb2d64b61c8e5232d16dba38f43366d19989c211326756a51bf7a54d4ef4b	subprojects/groovy-console/build/classes/groovy/main/groovy/console/ui/AstBrowser$_run_closure4$_closure10$_closure13$_closure20.class
0b8c448835beb761d5755cd3a11394a312d2258600642045ec1ea2ea42bd9800	subprojects/groovy-typecheckers/build/classes/groovy/main/groovy/typecheckers/FormatStringChecker$1$_checkFormatterMethod_closure3.class
0bbb7ce33ea5821353e396a4ad0ead74b38c644ad58130f3ade1ee5800c17204	subprojects/groovy-console/build/classes/groovy/main/groovy/console/ui/ObjectBrowser$_makeCard_closure3$_closure14$_closure22.class
0bc4436273c6efb025ddc3a63b41df4919ae38760778a7bb4b0a1be0ac5dea58	subprojects/groovy-typecheckers/build/classes/groovy/main/groovy/typecheckers/FormatStringChecker.class
0bd9a547c97befc651f35ef662669da993c9feae5b46786d89f4a666246339d3	build/classes/java/main/org/codehaus/groovy/runtime/DefaultGroovyMethods$ZipPostIterator.class
0be687c97e5a9af99de28f8ed83aae8bec4d416ffa34f6f54d799e723598c7b8	build/classes/java/main/org/apache/groovy/parser/antlr4/GroovyParser$ImplicationExprAltContext.class
0bec645da2931dc59065d2ba2cc798631b545f0b8cfa691c7448852a9560cf17	build/classes/java/main/groovy/util/ObservableSet$ChangeType.class
0bfc2c64d6ff5ee881220da781a57400a9d68b33a4c750e0f9aca4d7e93affac	build/classes/java/main/org/apache/groovy/parser/antlr4/GroovyParser$ScriptStatementContext.class
0c1eb64c57254eb11e732a10edfba4e389482591cc184e90146736c8d0f18f49	subprojects/groovy-cli-commons/build/classes/groovy/main/groovy/cli/commons/CliBuilder$_option_closure18.class
0c2a24c19bb933b67d50a0308fce8173ab85f681ae3cbbb91060e34cdf5c6254	subprojects/groovy-console/build/resources/main/groovy/console/ui/icons/script_go.png
0c3571d5d69f2fe9dd6eb169cbbf849c67317c727f2a412ebaf5e6cd44041e35	build/classes/java/main/org/codehaus/groovy/tools/javac/JavaStubGenerator.class
0c4bb412ca8be969ae2136c3541fa534cd80bd39946047dc402db52e35cd9c2c	build/classes/groovy/main/org/codehaus/groovy/transform/TimedInterruptibleASTTransformation.class
0c59eaac1a26efcfab558678734114da5ce70630bf0fd9caebcb896a5a2015ed	build/classes/java/main/org/apache/groovy/util/concurrent/concurrentlinkedhashmap/ConcurrentLinkedHashMap$DrainStatus.class
0c5c36f9eb3d00efaf9038a8db236facac9cbd7ab65907036a57f645459d23c5	build/classes/java/main/org/codehaus/groovy/reflection/stdclasses/CharacterCachedClass.class
0c88f077f08f50cd0f9282fa27b369d13fa17bc80fd33e1a6f089ba97c3486f6	subprojects/groovy-console/build/resources/main/groovy/console/ui/icons/resultset_previous.png
0c8f7c71c68f316a437ad7db848f5ac29751a7d4b4dbb7dcffb5f92d95dd2228	build/classes/java/main/org/codehaus/groovy/control/CompilerConfiguration$1.class
0ca15a714389ca5e840e2c7fb29105c45190ce8e4093c00d7c048f4f2d468eac	subprojects/groovy-console/build/classes/groovy/main/groovy/console/ui/ScriptToTreeNodeAdapter$_getPropertyTable_closure3.class
0caa01ff261d37e3d0b8d9e76d8a23285897a3cd428385b09a173a7ad58a338f	build/classes/java/main/org/apache/groovy/parser/antlr4/GroovyParser$ConditionalStatementContext.class
0cc64e3babaf168df91760b5aad81b1e9e76a9669667238f6cee1997453d3253	subprojects/groovy-groovysh/build/classes/groovy/main/org/apache/groovy/groovysh/jline/GroovyEngine$AccessRules.class
0cc9ecf6734a8e7695df523382a41c622b144d0be14176a155e12fb2f85ea98c	build/classes/java/main/org/codehaus/groovy/ast/RecordComponentNode.class
0ccce221dd9d5e65eceee483dd4cdceece06303ce30657bb6b50035008c7f214	build/classes/java/main/org/codehaus/groovy/util/ReferenceType$SoftRef.class
0cd7302c6797bb5a366562c53e3865e7c11798a65faea9fc46e85382c79cd0dd	build/classes/java/main/org/codehaus/groovy/runtime/dgmimpl/NumberNumberPlus$DoubleFloat.class
0cdb8b85d743c70e88ccf0907980b92220324b8279e0a73b7ca7a61edfdd398b	build/classes/java/main/groovy/lang/Tuple3.class
0cdf159c526e1e267cf37593112f8d8e3c61352c6097dbbeb479bade357843bf	subprojects/groovy-console/build/classes/groovy/main/groovy/console/ui/text/TextUndoManager$StructuredEdit.class
0ce9e2c2aeb43b5d2053fd82ebab7e699b901cc59cd841ba0c5d5ec150154900	subprojects/groovy-groovydoc/build/resources/main/org/codehaus/groovy/tools/groovydoc/gstringTemplates/topLevel/index-all.html
0d2c4825e51ad83f06610a0b4f1c6edb976819197ec5d35a1797581984ba3163	subprojects/groovy-cli-commons/build/classes/groovy/main/groovy/cli/commons/CliBuilder$_expandArgumentFile_closure20.class
0d463c0f7d70d0b2a9a570a09b26c53b12ca9962f87faf502d53647d1d528aef	subprojects/groovy-console/build/classes/groovy/main/groovy/console/ui/TreeNodeBuildingVisitor$_visitPrefixExpression_closure24.class
0d496245dd6330353f99c4961815163ed4b065213c0d69851a520d9b288e5986	build/classes/java/main/org/codehaus/groovy/transform/tailrec/GotoRecurHereException.class
0d4ca8db47a2eac3d8adb040d8816a4355782ca6f78ed85ffd132c7ad15dce9b	subprojects/groovy-groovysh/build/classes/groovy/main/org/apache/groovy/groovysh/jline/GroovyPosixCommands.class
0d63b0b971f6fc971039b65a234ff25121c687f4339ca52996e9c275884c5d82	subprojects/groovy-json/build/classes/java/main/groovy/json/JsonGenerator.class
0d6518739c5f1890d9df4909c82a230223847eee758ec4d9927e910360888c81	subprojects/groovy-console/build/classes/groovy/main/groovy/console/ui/TreeNodeBuildingVisitor$_visitBinaryExpression_closure20.class
0d6c3a944ede1be51ecb8b317933495baef73ca23ed78a1e6de9e9751dc97ec7	build/classes/java/main/org/codehaus/groovy/transform/AutoImplementASTTransformation.class
0d91fceaad6a14cfdd114edaababfb8e7dc4d7267d739c28d7b1ea1b7280f027	subprojects/groovy-swing/build/classes/groovy/main/groovy/swing/binding/JTableProperties.class
0da83bcf8b9eae3153ea60e9949705d884e00f717509a7d960cef50976dcf102	subprojects/groovy-nio/build/resources/main/META-INF/groovy/org.codehaus.groovy.runtime.ExtensionModule
0da9ec3f7a60de2f0f772853a86a98da3c5c8c96c494c04c9161e2e23a96ed04	build/classes/java/main/org/codehaus/groovy/tools/javac/JavaStubCompilationUnit.class
0dc8677d17b3554445098ee25e1a1ee97862d68c56e9f3a074321b15372838f8	build/classes/groovy/main/org/codehaus/groovy/ast/builder/AstSpecificationCompiler$_mixin_closure15.class
0dddbf08dacb289a6a83a9547706e17537daadf23a85863289432e9f12c64fe3	build/classes/java/main/groovy/lang/ExpandoMetaClassCreationHandle.class
0de6c25bc6939083da452c11b9d936de54b104922082f6d3ffbd5f7aad14796e	build/classes/java/main/groovy/transform/SourceURI.class
0de89da851bbf1efa25b490e15291e3fa1a8da835dd9f6b732165952d7a415cb	subprojects/groovy-astbuilder/build/classes/java/main/org/apache/groovy/ast/builder/AstBuilderTransformation.class
0e08a05a12e06bcf4d40e56d1c8716fed248fa1db464433768b358f244e1b643	subprojects/groovy-console/build/classes/groovy/main/groovy/console/ui/AstBrowser$_run_closure4$_closure10$_closure13$_closure19.class
0e1670877d62d04c0e67a4543f3416960c2ead781a31374968a97655dfe0c8af	build/classes/java/main/org/codehaus/groovy/transform/tailrec/AstHelper.class
0e26696300e9f94aca46481402991f76a5a58bd4d816d47b4e5d74c64904fd10	build/classes/java/main/org/codehaus/groovy/ast/stmt/EmptyStatement$1.class
0e2c4ed5ded583706606cf892c5845a13c7e6205a9847663873271ec36dfd5f5	build/classes/java/main/org/codehaus/groovy/runtime/powerassert/SourceText.class
0e559e53446a7772fbf6682450a7263f597bbe6b83c05bdc4c94e15996bfeddc	build/classes/java/main/org/codehaus/groovy/ast/decompiled/TypeWrapper.class
0e69cad94fdac40ffa028599aa6348cfa1407e192440007ec52ee1e7b04088b4	build/classes/groovy/main/groovy/transform/TimedInterrupt.class
0e6b82135001d819cb3bd9e8cce3cf53661110b6b91686d992d1d7853b80251e	subprojects/groovy-contracts/build/classes/java/main/org/apache/groovy/contracts/ast/visitor/BaseVisitor.class
0e6bbabf4e39f2b7c81910d89e6197708d9b21268f792a1d4ee5fc2ef5d0cbcd	subprojects/groovy-groovydoc/build/classes/java/main/org/codehaus/groovy/tools/groovydoc/SimpleGroovyTag.class
0e7da76aca03ce9bd1e7eddd02e1e1350416aa1c8310293cebc64b6950b7958d	subprojects/groovy-console/build/classes/groovy/main/groovy/console/ui/ObjectBrowser$_makeCard_closure3$_closure14$_closure23.class
0e92e455be11665b88a1680ca4d71c699bf558ec0306e2d8f41a5458303192c7	build/classes/java/main/org/codehaus/groovy/runtime/dgmimpl/NumberNumberMultiply$IntegerInteger.class
0ea5a436ba246c878c57f24a7d475b82c9496d8ee13b4ac04a75782971dfba6d	subprojects/groovy-xml/build/classes/groovy/main/groovy/xml/StreamingDOMBuilder$_closure1.class
0ebac81814cce45ea269de701bb279c7aac076fc61cc1c305b162f792d1eff2e	build/classes/java/main/org/codehaus/groovy/transform/sc/transformers/ConstructorCallTransformer.class
0ebc1e1ee316a45eea5937fb7685ee506bf6f30372d87129c9f00f06a3cfe9f9	subprojects/groovy-ant/build/classes/java/main/org/codehaus/groovy/ant/AntProjectPropertiesDelegate.class
0ec94c03a1f735706f72685f10727f76b591dfacd3db9f9e807572e0faab4381	build/classes/java/main/org/codehaus/groovy/transform/LogASTTransformation$LoggingStrategy.class
0ed3a9fcbd1de4ff2d49d1cd9174fb2639f6c1f7a738fa8a09ff0804812d3426	subprojects/groovy-ginq/build/classes/groovy/main/org/apache/groovy/ginq/provider/collection/GinqAstWalker$13.class
0ed80ec5ada1bdde18dd0c399ce8e2b3f15832f495e805db59e3382a6c6dc345	subprojects/groovy-templates/build/classes/groovy/main/groovy/text/StreamingTemplateEngine$StreamingTemplate$Position.class
0ed9e45427851bd7c5ad437cf55d3f5aff8495d4a6292ed0315bfefa5ad245fc	subprojects/groovy-ginq/build/classes/groovy/main/org/apache/groovy/ginq/dsl/expression/OrderExpression.class
0edab9a187aca5d0a997057c7ec098b233545a9c6801e7371980833e114c3f0f	subprojects/groovy-console/build/classes/groovy/main/groovy/console/ui/TreeNodeBuildingVisitor$_visitDoWhileLoop_closure4.class
0edc74c988432776aa5e926445311b53c481a913376cfe52398a73e9005cdd7f	subprojects/groovy-console/build/classes/groovy/main/groovy/console/ui/AstBrowser$_run_closure4$_closure10$_closure14$_closure23.class
0ee094fff66573f9b2c9476c7be9afc1eda7ad95ae544f9372a0c3b246504056	build/classes/java/main/org/codehaus/groovy/vmplugin/v8/IndyInterface.class
0ef22e3ebec6c429a4ca37b731f65115846e32352b49b64f89ab342fa9610dbb	build/classes/java/main/org/codehaus/groovy/vmplugin/v9/PluginDefaultGroovyMethods.class
0ef783b2bf72ef0ab2051f4bcc4faa19c711ea80897fedbb83e586eda582d169	build/classes/java/main/org/codehaus/groovy/transform/LogASTTransformation$LoggingStrategyV2.class
0f01d6ea5778e572ff0cb658ad5531628e0895a7341b1f93ff57de817efb372d	build/classes/java/main/org/codehaus/groovy/control/CompilationUnit.class
0f2bd682641659e7dbc42b335afd31faa1b7b57dc8b52e28bdae36df2780dbd6	build/classes/groovy/main/groovy/transform/ThreadInterrupt.class
0f495750af7f9304e987347d754f0323a05a65f91f6afb045b65a6b23ac1c48a	subprojects/groovy-console/build/classes/groovy/main/groovy/console/ui/view/MacOSXMenuBar$_run_closure1$_closure3.class
0f4c86330a4af14813c0e3d40db4c65b6ee12fecdd8eac2ab3225573f84f8202	build/classes/java/main/org/codehaus/groovy/syntax/ParserException.class
0f4f892baf9a5d04260d3eac7110396e6ae78146295637897a84b094848024e3	build/classes/java/main/org/codehaus/groovy/util/ReferenceType$3.class
0f5cbe62fe1c4fd8c950a79deecd63db7c2df925883d01e02ec503c03f97e236	subprojects/groovy-console/build/classes/groovy/main/groovy/console/ui/view/BasicMenuBar$_run_closure1$_closure3.class
0f5fd6caf38b1946c7f04572559fdf96c00552e6a8cfa70fc60b50d4aa7b2594	subprojects/groovy-swing/build/classes/groovy/main/groovy/swing/factory/GridBagFactory.class
0f603902dd4c29e55bfc5268942cbd8c947f3e7dc4235fea0a89600f1bb1dbc8	subprojects/groovy-swing/build/classes/groovy/main/groovy/swing/factory/ComboBoxFactory.class
0f75a758e5c48ecacf51fcf2bb3a8e6fbf9a54a119c01d454e8824cf179646fc	subprojects/groovy-groovysh/build/classes/groovy/main/org/apache/groovy/groovysh/jline/JrtJavaBasePackages$FileVisitor.class
0f7a2a9a2ce3d0a067b5da73bffad5f59c4c15b56281308f6e9bb61cbaa6e7a9	build/classes/java/main/org/codehaus/groovy/util/ListHashMap.class
0f831072c9adbf047a0c154551346a111199b0c9e5904fd4051541826bdce83b	subprojects/groovy-xml/build/classes/groovy/main/groovy/xml/StreamingSAXBuilder$_closure4.class
0fa072f8da68997585dc40cd01168038a1bf3afc297909711702eac3598cd870	subprojects/groovy-groovysh/build/classes/groovy/main/org/apache/groovy/groovysh/jline/MavenCoordinateCompleter$_suggestVersions_closure6.class
0fce2121b491b03261fecffd6c60ee6fb23859c194f636879b85bc42a3e36362	build/classes/java/main/org/codehaus/groovy/util/FastArray$1.class
0fd04fad18cf6dcd2bcecfe0280d22bd7028f818b23922c17a829f7aab5b1ef0	build/classes/java/main/org/codehaus/groovy/vmplugin/v9/ClassFinder$1.class
0fe4128b5d73ecc574aa7211ca8446525ada677be328349a7080ae7921cfc5e0	build/classes/java/main/org/codehaus/groovy/runtime/metaclass/ClosureMetaClass$StandardClosureChooser.class
0fe6064f4cb59a3106b86fc4e148a4fd3630b6048b59564aaad0f00f2369376e	subprojects/groovy-console/build/classes/groovy/main/groovy/console/ui/text/TextUndoManager.class
102239a92cb75523d729565d133ea0bf402e4f117034bacb57d35f19950ede74	subprojects/groovy-console/build/classes/groovy/main/groovy/console/ui/text/TextEditor$OvertypeCaret.class
10314664dbc02ac4b3a9e089ee37ca3fe35a662f59b5d684be3367ac1ce5323b	subprojects/groovy-swing/build/classes/groovy/main/groovy/swing/factory/VBoxFactory.class
103c428be135c29c7159bce299954f8e27475e5ff2b434e12e2327f4d8b4c80e	build/classes/java/main/org/codehaus/groovy/classgen/asm/OptimizingStatementWriter$ClassNodeSkip.class
104a4493401a506a46a9a8d98b87213781b5ddc4c93ad8a1080b00a70f4ce938	build/classes/java/main/org/codehaus/groovy/runtime/dgmimpl/NumberNumberMinus$FloatLong.class
104da044210660c52f3dcdb046f2e860aa830b3cb46315d1e643a9fc13248632	build/classes/java/main/org/codehaus/groovy/classgen/asm/InvocationWriter$1.class
106d811ed5b410c47d3a517c487594f7a46de87282bc801522e93a7d11d4976b	build/classes/java/main/groovy/util/ObservableMap$PropertyEvent.class
106e769216079dd9919118991d24d4c41c8ed18e06511496884b071ff61efb1e	build/classes/groovy/main/org/codehaus/groovy/transform/ASTTestTransformation$ASTTester$_test_closure2.class
108194bee89ffa8059763bfa08e6b5fb56128080d93469c767158c9da7da331e	subprojects/groovy-groovydoc/build/resources/main/org/codehaus/groovy/tools/groovydoc/gstringTemplates/topLevel/index.html
10961e4e5a028f932ded4b265a5c350e254a0150dce9cb7fc7c7d0d8509f195d	subprojects/groovy-contracts/build/classes/java/main/org/apache/groovy/contracts/annotations/meta/AnnotationProcessorImplementation.class
10b5f3d66a54885968d257f365822bac0b1be2817ddf7fc2358443a5191fddd3	subprojects/groovy-sql/build/classes/java/main/groovy/sql/Sql$15.class
10b8a5bdf318c2b3a00c3caa459a5c947c38bd558fc4607b2e81c03fb5a8f191	build/classes/groovy/main/org/codehaus/groovy/tools/GrapeMain$_init_closure3.class
10c14d106aa667e2fab0ad01fef2865f8baccf500b17c995e7576128b7feebc3	subprojects/groovy-xml/build/classes/java/main/groovy/xml/streamingmarkupsupport/BaseMarkupBuilder$Document$4.class
10d983c2d989b9a471051715b2a6583fc7f670e69a23574d11831d201e21d41a	build/classes/java/main/org/codehaus/groovy/control/customizers/builder/CustomizersFactory.class
10e101d1acdd58c541cf6611176a2300f3b6a45f67a5c041fa1d66d1a8e47f6f	subprojects/groovy-ginq/build/classes/groovy/main/org/apache/groovy/ginq/provider/collection/GinqAstWalker$7.class
10efaff9a7e4f1ca9edfd9e84f49519587e4b073272447f3f0c364c3d228910c	build/classes/java/main/org/codehaus/groovy/ast/expr/BinaryExpression.class
11047c5f1644c547fbf65f7c7da33cb03d7c8947996efe56375db1bb1d516e66	subprojects/groovy-swing/build/classes/groovy/main/groovy/swing/binding/JSliderProperties.class
110de65d34fdeff7b4a4c8fc9efe116c782f99c3d9923d86638fefe86aa57083	subprojects/groovy-jmx/build/classes/groovy/main/groovy/jmx/builder/JmxMetaMapBuilder$_buildParameterMapFrom_closure9.class
11107e515246cbd249f4285de06e87b14c027c431ec75b67aea467c28b71de73	subprojects/groovy-ant/build/classes/java/main/org/codehaus/groovy/ant/GroovycTask.class
11193eb3087f476955b19137008a3d3125d42b5a7c0e003f3e829ad21a1cb952	subprojects/groovy-console/build/classes/groovy/main/groovy/console/ui/Console$SourceType.class
11238516d1775062023b3dd8490527c1234b630c9f147cba547a721e2424fe36	subprojects/groovy-swing/build/classes/groovy/main/groovy/swing/binding/JComponentProperties$7.class
112407616b0368a3f989c889d08003e1a7b73b17e707ca490be06fb7191a0f2f	subprojects/groovy-templates/build/classes/groovy/main/groovy/text/markup/MarkupTemplateTypeCheckingExtension$1.class
1134e13bd7215cb6ef22462844725bc6f4b8d058327b8449a52bcd25e33817a5	build/classes/java/main/org/codehaus/groovy/runtime/NullObject.class
11426037e4379bd05e93566b80d886cbd9777a6b78a66af3ff28d8b07263ae2a	subprojects/groovy-xml/build/classes/groovy/main/groovy/xml/StreamingMarkupBuilder$_closure6.class
1163cb862332650eadd897a30a7c0db5cbdc81c763d0301f6f7fefacd62f1277	subprojects/groovy-xml/build/classes/groovy/main/groovy/xml/streamingmarkupsupport/AbstractStreamingBuilder$_closure3$_closure7$_closure8.class
1169b7bb351328ab540eeebdba956b125700837321ea1c8b39ac15f68368f0fc	build/classes/java/main/groovy/io/FileVisitResult.class
116a3802c0c9037e04032a6de7dd63cd9ad5562910059df8346df244d654b2bb	build/classes/java/main/org/codehaus/groovy/classgen/AnnotationVisitor.class
117d61665a3bdcd05a82c989e91228722156f48d689c6c02393ef53da1ff3971	build/classes/java/main/org/codehaus/groovy/ast/decompiled/AsmDecompiler$DecompilingVisitor$1$1.class
11a490b36fc832af6a28051bd10b345c4dcd3c5b06ebd5d3add103421b2e4ddf	build/classes/java/main/org/codehaus/groovy/transform/AnnotationCollectorTransform$ClassChanger.class
11a88696e28e640674fcacd71131ac319ef4534cf0a054a73aba478eada5bb51	subprojects/groovy-xml/build/classes/java/main/groovy/xml/markupsupport/SurrogateToUndefined.class
11ba786f408439281b76323c57c906cc23044b095af168f16f3a039e88c29b6b	subprojects/groovy-xml/build/classes/groovy/main/groovy/xml/StreamingDOMBuilder$_closure3$_closure7.class
11be06ed1940cac3508e25da6595f1a1361516d966d75d511dcfac72b91bcee7	build/classes/java/main/org/codehaus/groovy/runtime/dgmimpl/NumberNumberPlus$LongFloat.class
11c739475e237dd1297e08ff0b6e1b8c4fab1c46c3a32bd355fc7e7168dca163	build/classes/java/main/org/codehaus/groovy/vmplugin/v10/Java10.class
11d05be351a5e030fd6e7ee18c9924a6839818e8fd568a838212dc7dd6ad62c2	build/classes/java/main/groovy/namespace/QName.class
11ddfcc94bbe2f6d9279f9c6f65ee55958753439c2fde78d162e3bb30aa770e6	build/classes/java/main/org/codehaus/groovy/classgen/asm/util/LoggableClassVisitor.class
11e77a76d03dd5396c27585225584199ea669f48e8795455a8c22f35c7e63057	subprojects/groovy-groovysh/build/classes/groovy/main/org/apache/groovy/groovysh/jline/MavenCoordinateCompleter$_suggestArtifactIds_closure4.class
11e7d051a085baad7cfb18443285c9ac6de4ebac9a4a21e5c28ce83d1576c430	subprojects/groovy-console/build/classes/groovy/main/groovy/console/ui/ObjectBrowser$_makeCard_closure3$_closure14$_closure23$_closure50$_closure53$_closure55.class
11efb2d951c3986f1bb3a326f247d1346876f48ba9d88ec484904d1a36b76a23	build/classes/java/main/org/codehaus/groovy/transform/sc/transformers/PropertyExpressionTransformer.class
1209d7e0dd06d6b61a0b292b895f2aee715e11a38f6ec71b09c5a4a6e4bad2cd	subprojects/groovy-macro/build/classes/groovy/main/org/codehaus/groovy/macro/matcher/ASTMatcher$_visitClass_closure2.class
122cbc49b1f12a8a7b039487696b3a8e3bbeb1a55386a89908b7e6c43ad0c83a	build/classes/java/main/org/codehaus/groovy/ast/stmt/TryCatchStatement.class
1237a5b699f1dc2e1427911080913e01446c2e2e473be37bd2a8d44b13131990	subprojects/groovy-test/build/classes/groovy/main/groovy/mock/interceptor/Ignore.class
123ba0a70ddeabac33ccfe4a0c0aed9c0ec3c9a535a3efec43e03fd8d4ad74cb	subprojects/groovy-macro/build/classes/groovy/main/org/codehaus/groovy/macro/matcher/ASTMatcher$_visitBlockStatement_closure13.class
125ac0217771a81f448575d72e68ad028e544dea2dabdba737ac63cb3780374a	build/classes/java/main/org/codehaus/groovy/reflection/ClassInfo$GlobalClassSet.class
12811e2d95e04d283e733b3bc5adf2e59e5d31289129ab2f06d0acd10768bdcb	subprojects/groovy-servlet/build/classes/java/main/groovy/servlet/ServletBinding$InvalidOutputStream.class
128cbbe079791562ddf5519ed1fca9c6fe0903eb6942433f96fd1fe32bcf5108	build/classes/groovy/main/groovy/grape/GrapeIvy$_listDependencies_closure17.class
12da73235f001763858eee46f5b15926d5576b8bbc0f6b0cecc155561120199e	subprojects/groovy-console/build/classes/groovy/main/groovy/console/ui/AstNodeToScriptVisitor.class
12dd6e945b6c9e509d08ca3efe22e2a81561225dbe1868b35fc71b356c72be4f	build/classes/java/main/org/codehaus/groovy/runtime/callsite/StaticMetaMethodSite$StaticMetaMethodSiteNoUnwrapNoCoerce.class
12e8dd9526c5525c18ab9e87bc638027c2aaf5376a1df4945cbbcf896a3b0183	build/classes/groovy/main/org/codehaus/groovy/classgen/genDgmMath$_run_closure1.class
130f77794119d01d4b96f6083b45fd2d3e1fc5ceb12da482dd8967cf75173f02	subprojects/groovy-macro/build/classes/groovy/main/org/codehaus/groovy/macro/matcher/ASTMatcher$_visitNotExpression_closure21.class
134b31aaa71ee2ac3403bb4f5bdf86fa69e498c2b556532f29a2c42915f125fe	subprojects/groovy-ginq/build/classes/groovy/main/org/apache/groovy/ginq/provider/collection/GinqAstWalker$_correctVars_lambda14.class
134d31930b6b5d1d37f10ddd770adcbe2bbbe5330be45d8a13229b1c9f0ed776	subprojects/groovy-groovysh/build/classes/groovy/main/org/apache/groovy/groovysh/Main$_main_closure7.class
136609daa38cb7192cc5d5f5df09b234d71d3ca212d200823a87a8593b14b25e	build/classes/java/main/org/codehaus/groovy/reflection/CachedClass.class
1372e5ce432ac651793066d48ffc6120ca6c7e6c32254b5eaca90b74d3068c2d	build/classes/java/main/org/codehaus/groovy/runtime/memoize/EvictableCache.class
1381a613ddc347b2d3e296a30c60d9c396b0d843d0ab4250487cce98e2fed128	subprojects/groovy-json/build/classes/java/main/org/apache/groovy/json/internal/LazyValueMap.class
13918489235bfcf6e5f215e5c5679e866779167bf25a7d39c9d3d2186612bf93	build/classes/java/main/org/apache/groovy/parser/antlr4/AstBuilder$1.class
139ce9b05154944ff2bf31c645511cf9451fe2211ebaec9bc348a4b98a05b51e	build/classes/java/main/org/apache/groovy/parser/antlr4/TryWithResourcesASTTransformation.class
13acc02098de518428c8924a6a561580ccc6af8d4159ce6a17881f628b5c5812	subprojects/groovy-swing/build/classes/groovy/main/groovy/swing/binding/JComponentProperties$3.class
13ba7741b12e615b1d170ee7366d7113107a39b9b186f9d856a7736b0312bc8d	build/classes/groovy/main/groovy/util/FileTreeBuilder.class
13d0a726dbed8143f02df0be99e1a40b3ce18c11267eaa634c2cf465f3782d01	subprojects/groovy-cli-commons/build/classes/groovy/main/groovy/cli/commons/CliBuilder$_addOptionsFromAnnotations_closure2.class
13e580992e3cc7ba30c89bd0d94552ef769f608d894dac876ec3dfc406edbe0f	build/classes/java/main/groovy/cli/Option.class
13e8a7b15e6c6a93150a93f43de0e75e1114b082d783878ac29c9c68aaccd5f8	build/classes/java/main/org/codehaus/groovy/runtime/memoize/EvictableCache$Action.class
13ee2caa00c8b0f56fa529545e29217bebf8ac5496fcb0d14904d8c9adbbb595	build/classes/java/main/org/codehaus/groovy/util/LongArrayIterable.class
13ef993d4846e03dbc7ff454e632c6043d7b9d506ff5d49177a0552c1b1e7606	subprojects/groovy-json/build/classes/java/main/groovy/json/JsonDelegate.class
13f7fd8b06080290f87d0b449aa6343c17b223a74cdcfdb14ab4cf9d9abdb4a1	subprojects/groovy-sql/build/classes/java/main/groovy/sql/GroovyResultSet.class
13f9ab124bb4df487fcc00b053f6cb190b6df53bc18b2ebf6f0b7f38312ab8d9	build/classes/java/main/groovy/transform/stc/MapEntryOrKeyValue.class
140e18a8685171f7d1f49225d8183adcba224017b7e3affff19180ee8764562f	build/classes/java/main/groovy/transform/stc/SecondParam$FirstGenericType.class
141a8ffe2129abd5aed9a57a8642acf2281d8bea97bce4664b88ae2ca3f85764	subprojects/groovy-macro/build/classes/groovy/main/org/codehaus/groovy/macro/matcher/ASTMatcher$_visitProperty_closure11.class
1435afc6b727f492f7c3c732211d4f1abfaf1fbf4d024d6a52552fe700df78ab	build/classes/java/main/org/apache/groovy/parser/antlr4/GroovyParser$CommandExpressionContext.class
14401f106d3929cc187e1f9b193c15afe16b53c33df9c9d2ddc76f7c8e884de8	build/classes/java/main/org/apache/groovy/parser/antlr4/GroovyParserBaseVisitor.class
146a74d947a81b047e83073e841fb9673802b536565723b3bae68037aff2e9cb	subprojects/groovy-ginq/build/classes/groovy/main/org/apache/groovy/ginq/provider/collection/runtime/QueryableCollection$Bucket.class
14748fbd0d409c8a9deac25c106362c53219ea1712c9c45ae68ad16c2f2db8c7	build/classes/groovy/main/org/codehaus/groovy/ast/builder/AstSpecificationCompiler$_mapEntry_closure21.class
14ca1d4f02ba9469c92acf827a23baed7ad7a5cd6715c41eb679168121a4ed9d	build/classes/java/main/groovy/transform/stc/PickFirstResolver.class
14cfd6f272b44348046e8468ef2e7f82cd2dd3c36617866f62484b6bed2bf3a2	build/classes/java/main/org/apache/groovy/util/concurrent/concurrentlinkedhashmap/ConcurrentLinkedHashMap$ValueIterator.class
14fc7409d2162a0f299bc851b629cf5b77c07d3af9ace5fb937ec992c1b2ae7b	subprojects/groovy-console/build/classes/groovy/main/groovy/console/ui/Console$_findConsoleById_closure17.class
1511c35b786418842f671bc27bd0aa9188c4c45500514d82dbf3fcda3b3cc9ea	subprojects/groovy-console/build/classes/groovy/main/groovy/console/ui/AstBrowser$_run_closure4$_closure11$_closure27$_closure33.class
15173a3b76d5ca48811c1fd5f2cd952b6b886464d19e8dded2cfb37e0c26eb71	subprojects/groovy-console/build/classes/groovy/main/groovy/console/ui/SystemOutputInterceptor.class
1541b670b1f684c4e63b362fedcf8739fce142483a77fd119f229c07d7cac993	build/classes/java/main/groovy/util/ProxyGenerator$CacheKey$ClassReference.class
155448fb63ffbf0a766693deccad16d4aa79fda6dcb1aec32975e6d3acf46a83	build/classes/groovy/main/groovy/cli/internal/CliBuilderInternal$ArgSpecAttributes.class
1555c8d4a303fd4e7903ea751c0d5c74fbf232b3fbcacdca2c5ee74a09beeff2	subprojects/groovy-contracts/build/classes/java/main/org/apache/groovy/contracts/generation/AssertStatementCreationUtility.class
15588de1cd1968ada01d385cf7ca82b3eb82653a29ff077a31e6150efb6b6b33	build/classes/java/main/org/codehaus/groovy/runtime/wrappers/GroovyObjectWrapper.class
1564c02f808c9797d89f947359387263f088d5f5d4981f4cac71916d78e86f9b	build/classes/java/main/org/codehaus/groovy/control/io/FileReaderSource.class
15693a1865b57c5ce35826dc4650b03f39bc55f933bfb0d25cec655d4445fcaf	subprojects/groovy-console/build/classes/groovy/main/groovy/console/ui/AstBrowser$_main_closure2.class
1582e42b2a78de5d312a08f064e1a804b2af71e73a4d007cfcfabfc5f64a8f71	subprojects/groovy-console/build/classes/groovy/main/groovy/console/ui/text/FindReplaceUtility$2.class
15895d23c7e1c0d17a4c64b1b61e4be481ad8b8a2ba0e056d3e5060ab6314b0c	build/classes/groovy/main/groovy/transform/AutoExternalize$CollectorHelper.class
15a4b0ab56c443f2c5ca9ee25c81573abc62f9ed264256058bcd86572d884d24	build/classes/java/main/org/codehaus/groovy/ast/MethodInvocationTrap.class
15a6b886badc47e6eb0d808eb78ee3569d266e020d6a596d2cfc0d9b645cccdf	build/classes/java/main/org/codehaus/groovy/runtime/dgmimpl/arrays/ArrayMetaMethod.class
15af30b9a4a5c6c6f5ad19bed557008f0c8ba1b75394e1becfe824640a85e0a1	subprojects/groovy-cli-commons/build/classes/groovy/main/groovy/cli/commons/OptionAccessor$_getProperty_closure2.class
15d75124779fb52bf091a3c2a59cf29c669ac18ad038233c82e3d485a58a9367	build/classes/groovy/main/groovy/grape/GrapeIvy$_uninstallArtifact_closure11.class
15f6bad3b7aa90f866fcc321182900e73d1894fc96d774e8068b1ee6a649623d	build/classes/java/main/org/apache/groovy/parser/antlr4/GroovyParser$BlockStmtAltContext.class
1616e4662f356be03d97b88e391e27487fb4b643c4d060f3c34478127f32067c	subprojects/groovy-console/build/classes/groovy/main/groovy/console/ui/AstBrowser$_run_closure5$_closure37.class
1623686c9994a03f3224eb002457dcabaeefb7c6176d7d9a39403700b3e7a04a	subprojects/groovy-templates/build/classes/groovy/main/groovy/text/markup/MarkupTemplateEngine$MarkupTemplateMaker.class
1646fc68b638b043e97f3f48ba7291f841af4bad739a7120949ace18e259b334	subprojects/groovy-templates/build/classes/groovy/main/groovy/text/markup/MarkupTemplateEngine.class
164ff8488904b6f4a1f0d2f8b28c042f7bcaee51aed6167a3fd2791cf87a38c3	build/classes/java/main/groovy/security/GroovyCodeSourcePermission.class
16548782f93aa12209723616c74c291ab1b4400d78378cf628465d444955f17e	build/classes/java/main/org/codehaus/groovy/control/PlaceholderVisitor.class
1655426567278a2e9d395468c3c765672f336c75fba3c9f49ef476f019b28e75	subprojects/groovy-console/build/resources/main/groovy/console/ui/icons/credits.txt
168cc46e6b07ca2268456ada0408d9d8f28876366182b19e8c48bbee37811b54	subprojects/groovy-ginq/build/classes/groovy/main/org/apache/groovy/ginq/provider/collection/runtime/QueryableCollection$Candidate.class
168ec4949060a35bb8cf28a07e6c9699946f072cc708a1c0dc3d894dbae0e1f4	subprojects/groovy-xml/build/classes/groovy/main/groovy/xml/StreamingMarkupBuilder$_closure6$_closure15.class
1690cc817a6fe4e484edf4a767717f09c4bed32086183f23988978804ed21d64	build/classes/java/main/org/codehaus/groovy/runtime/StringGroovyMethods$LineIterable.class
1694bec1d701aecf751457c7d3a026a530f6cd27f319dd3f2caecede42f38856	subprojects/groovy-jmx/build/classes/groovy/main/groovy/jmx/builder/JmxBeanFactory.class
1699a92ebd56e9a602cb277db5e2807cabea4e7d7aa024183e0bf8557310a02d	subprojects/groovy-macro/build/classes/groovy/main/org/codehaus/groovy/macro/matcher/ASTMatcher$_visitArrayExpression_closure26$_closure85.class
169fb6c0216c809359d15ae7cf3cc5d221a2b62823ca31399652b37f49047d9d	build/classes/java/main/groovy/lang/GroovyClassLoader$InnerLoader.class
16aa3c583fd59ee0583b1b20ce8a68bcd60b3c78a025b0ab19307dbad4b8436b	build/classes/java/main/org/codehaus/groovy/reflection/GroovyClassValueFactory.class
16c1ed0c7c22f913fee7aa0e099b9351d0612294b8f96a3bdb40ddad71fc88b4	subprojects/groovy-docgenerator/build/resources/main/org/apache/groovy/docgenerator/template.index-all.html
16c2c31b1f5642e86bb36be99595a54b4455ba74eb24a40d7a4ac41341aa8bed	build/classes/java/main/org/codehaus/groovy/syntax/Types.class
16d583b1703af25e7a2bf91c3434e15731ce4e89780266a9c987a56ecc35c208	build/classes/java/main/org/codehaus/groovy/transform/stc/StaticTypeCheckingVisitor.class
16d60456d740646be95d3b1320ffe8a2985df704d2d43a66709316a618eb199c	build/classes/java/main/org/codehaus/groovy/classgen/asm/BinaryBooleanExpressionHelper.class
16df9dbf85ce96a67ac763496d2cc024b5856ac9a6173ace6828adb755b036df	build/classes/java/main/org/codehaus/groovy/transform/trait/TraitASTTransformation.class
1709960d5592399be66df640669ed4a86c065dce7e6df8fd9c54dc6bcb6f6c87	build/classes/java/main/org/codehaus/groovy/classgen/Verifier$DefaultArgsAction.class
1716dba67771036ebeb2ad7730445527b3f2f96bb200a602c11993ac75cd14ae	subprojects/groovy-console/build/classes/groovy/main/groovy/console/ui/AstBrowser$_run_closure4$_closure10.class
1720f553bfef19320918359d35c91a0d4b0be91fcbec8f7c31809e90bd186bc4	build/classes/java/main/org/apache/groovy/parser/antlr4/GroovyParser$VariableDeclarationContext.class
1722e221656c84c640a1be7a5696e8a629fd1c50b1c20e28df8fde231b5dd493	build/classes/java/main/groovy/transform/stc/SingleSignatureClosureHint.class
172e0f7a2f6114e5641adb26a57c3e2c63eba936a1f380a44b0d4c3a59dfcbab	build/classes/groovy/main/groovy/transform/RecordType.class
173401f508126580a00900146df3c12612f4fdcc00647452e003165866ac0837	build/classes/java/main/groovy/transform/TupleConstructor.class
174bf8f7eb0305290025efde54d02cbef301608df400a6e017ad344dd4a49681	build/classes/java/main/org/codehaus/groovy/ast/expr/AnnotationConstantExpression.class
175d3f159920e8037c619bcd39ce471269a7d0ba15c476c7b3c98258d1794e72	build/classes/java/main/org/codehaus/groovy/runtime/callsite/PogoMetaMethodSite$PogoCachedMethodSiteNoUnwrapNoCoerce.class
1771ad1dd0079f8ae24be80ff8cca346bf363645b6d17a41038626c90696aa8d	subprojects/groovy-macro/build/classes/groovy/main/org/codehaus/groovy/macro/matcher/ASTMatcher$_visitPrefixExpression_closure19.class
1784a68aa4768b55ebb8e96f85a1c272059a7875ce99afc71525545cae8059bd	build/classes/java/main/org/codehaus/groovy/transform/AutoFinalASTTransformation.class
178a2fef615157beb3dac25dce8e352671e6475d3a6f995b14f7770016ad3cfe	subprojects/groovy-docgenerator/build/resources/main/org/apache/groovy/docgenerator/stylesheet.css
17990854da047a719db7107150d389d98990e8d1abc9b26b47109dfeb0172955	build/classes/java/main/org/codehaus/groovy/transform/ASTTransformationVisitor$PriorityComparator.class
17a02a5667342e55669b725038fcbeab6a21f2311083f71463dbad560fbb098d	build/classes/java/main/groovy/lang/groovydoc/Groovydoc$1.class
17ab479f0acaf0ac566c0e61917339bc20c53c02fc8ddeeedfb8e5f5652d422d	build/classes/java/main/org/apache/groovy/parser/antlr4/GroovyParser$IndexPropertyArgsContext.class
17d4eb2b47b8ef96d769b9cccadc9209831e80ab6361b0614ba8d31893ae9ee1	build/classes/java/main/org/codehaus/groovy/tools/ErrorReporter.class
17f3eb5e797900c803867b2c17a6097ae35fbf78861ad756587baff9479e62ca	subprojects/groovy-console/build/classes/groovy/main/groovy/console/ui/AstNodeToScriptVisitor$_visitClass_closure9$_closure33.class
17fa85fd57bb1fa5bc99219cafab73a0464b22b326c7ee9aae3be6ef6fad279d	subprojects/groovy-console/build/classes/groovy/main/groovy/console/ui/AstNodeToScriptVisitor$_visitTryCatchFinally_closure26.class
17fad5e1df7a5f995de476df34ed54fed1d1c9d114842a60d29d3c1be8b12bef	subprojects/groovy-ginq/build/classes/groovy/main/org/apache/groovy/ginq/provider/collection/GinqAstWalker$9.class
1819a8aeb3a854825d62b7b60f7c6e6499f1e4487954c1f1eeab62d562e40720	build/classes/java/main/org/codehaus/groovy/runtime/m12n/ExtensionModuleScanner.class
181cb8c391258a386ac9032bd201079cec934a580069488ab7e9893652f9791d	build/classes/java/main/org/codehaus/groovy/classgen/ClassGeneratorException.class
1823d9d605020f9978a705425ec367292a8a9f8ffc849583df31844939ab289b	subprojects/groovy-ant/build/classes/java/main/org/codehaus/groovy/ant/Groovydoc.class
182a35b181f7be9060b5122d85c27d5f7d457500395c81b0fcc4859ff86aefb4	build/classes/java/main/groovy/lang/DelegatesTo$Target.class
185228555e5bafd3951ebbb34737400b98f608155e01806d1e95089a123da50b	build/classes/java/main/org/codehaus/groovy/transform/DelegateASTTransformation$DelegateDescription.class
1856a2a255b37efb26b67a1d59b20337df8da10202da8eaf593c8527aadb97a2	subprojects/groovy-test/build/classes/java/main/groovy/test/AllTestSuite.class
1869cffcc8eeda709a62fafd5c941ef44ace3117e74fb179109eeea5c5ae0698	subprojects/groovy-groovysh/build/classes/groovy/main/org/apache/groovy/groovysh/jline/SystemRegistryImpl$CommandOutputStream.class
18811dddc0f8de546f8fe7b700fc78cad1ac42225d9fc0fe285fa23d831d6000	build/classes/java/main/org/codehaus/groovy/ast/Variable.class
18838ce42d73300ac041b67d3513903745b77e9fef109fed480afb751c194a85	subprojects/groovy-swing/build/classes/groovy/main/groovy/swing/binding/JComponentProperties$6.class
1885a5b693fdf660977231762d4a4821e31a5440647eaee163e5f5117ba634c4	subprojects/groovy-swing/build/classes/groovy/main/groovy/swing/LookAndFeelHelper$_closure1.class
1893818af635b66b2e0f0b6c63e7881fe8d01c246057860733e39bcab51a097b	subprojects/groovy-sql/build/classes/java/main/groovy/sql/Sql$7.class
191f9aafc8fdd57ebe0e18db3714a09381669b615efb3ebbff1e0bd45ef0ed5c	build/classes/java/main/org/codehaus/groovy/syntax/RuntimeParserException.class
192dace8f2e344d5698446a03be7675c455a7e71c8ed5b77a6823ed4a9084719	subprojects/groovy-swing/build/classes/groovy/main/groovy/swing/factory/RendererUpdateFactory.class
193e81081bb9e289cdeeb02633430369d8161a7d146044b0135e62165ee3d253	subprojects/groovy-console/build/classes/groovy/main/groovy/console/ui/Console$_compileScript_closure24$_closure45.class
1955c39d18d324c25f9cf72888c23355ab30942900345679762c660bad360ef4	subprojects/groovy-test/build/classes/groovy/main/groovy/mock/interceptor/MockFor.class
1964cb3fda22aac5557e94f776bd879973b7b7dff6d700541e5fb9ad1a7b83db	subprojects/groovy-console/build/classes/groovy/main/groovy/console/ui/AstNodeToScriptVisitor$_visitClass_closure9$_closure35.class
197695d7d50cc1863b09ede18250aabb1ef89fa4087257472fc4200ea773388a	subprojects/groovy-xml/build/classes/java/main/groovy/xml/DOMBuilder.class
1992090f8413c79415279d2f34853cd6e189dd9148a7f1a50e3fdc307c2f7c8b	build/classes/java/main/org/codehaus/groovy/reflection/stdclasses/CachedSAMClass.class
19a0c18e539a634ec5a20e2984d27347ae3238544484fb7388a3b62c8103338b	subprojects/groovy-groovydoc/build/classes/java/main/org/codehaus/groovy/groovydoc/GroovyClassDoc.class
19c88236256f033f1ba265294d49a935e433aed9216a75534dd9173f3592708d	subprojects/groovy-xml/build/classes/java/main/groovy/xml/streamingmarkupsupport/BaseMarkupBuilder.class
19cf77b6dade3e4539c0f0162e0f59d4d735b2b502b059cc7ff1c7e410ca6037	subprojects/groovy-groovysh/build/classes/groovy/main/org/apache/groovy/groovysh/util/ClassUtils.class
19dd6b2aca7e60a2117a025312d63277106038eefc53a2e6887814544da87727	build/classes/java/main/org/codehaus/groovy/runtime/m12n/ExtensionModuleRegistry.class
19f2afb0d3b0e0571e440475d3239ee969be53ac567de0cf554ad54634823f0f	subprojects/groovy-groovysh/build/classes/groovy/main/org/apache/groovy/groovysh/Main$ExtraConsoleCommands$_closure1.class
1a0405fe717cabaccf5a69fff022b3c0701f7477186f33da89f2f7c87cc870dc	subprojects/groovy-console/build/classes/groovy/main/groovy/console/ui/Console$_listClasspath_closure22$_closure39$_closure40.class
1a1a4fb52e7cec75e244cd58462e77930d17fed755981648a9b215364ec2fe72	subprojects/groovy-test/build/classes/groovy/main/groovy/mock/interceptor/StubFor.class
1a437d7de243010927bff0e2d2f99463a2cf8b6685f2dea0b31e817e706acf68	build/classes/java/main/groovy/util/ScriptException.class
1a608238774d8e0b909cc401f10eb42fba6b695f41f362dc465fe7e27d566762	subprojects/groovy-macro/build/classes/groovy/main/org/codehaus/groovy/macro/transform/MacroCallTransformingVisitor.class
1ab633992e9281562f18067aff6682f7dc768f2aa70f5b0f43114604d6c407aa	build/classes/java/main/org/apache/groovy/parser/antlr4/GroovyParser$CommandExprAltContext.class
1ac3587131d72e8279c55303ff4d573f6845cac1e9b2ca31e5e236dea7fdb107	subprojects/groovy-console/build/classes/groovy/main/groovy/console/ui/TreeNodeBuildingVisitor$_visitShortTernaryExpression_closure22.class
1acd93cdfbea686662d5fc811c5a258258b59268645b872e937fe0b5e777c63b	build/classes/java/main/org/codehaus/groovy/runtime/dgmimpl/NumberNumberPlus$IntegerLong.class
1ae4da9c939de45f5a95738e9acebcd2ebddc1d8862eea72fff5a6fb6c560e8f	subprojects/groovy-console/build/classes/groovy/main/groovy/console/ui/text/AutoIndentAction$_actionPerformed_closure1.class
1ae79bba0d6d76a4ef17fb954579f4daf521664696423bbe791e2501a6d12c3a	subprojects/groovy-typecheckers/build/classes/groovy/main/groovy/typecheckers/FormatStringChecker$1$_checkFormatStringTypes_closure5$_closure8.class
1af5cb067128a072bd3c4dae5af7e34335eb07b1cd14ca41502f94d7a6156981	build/classes/java/main/groovy/lang/Mixin.class
1af76139cc2fb31f7e0ff7de08ef69884a5d684322ce83e9ca502ecbe13cfc46	build/classes/java/main/org/codehaus/groovy/classgen/asm/MopWriter.class
1afeab73ba0f591356c458155cac1f0466e2c677e6cb5512237f177a04a303b6	build/classes/java/main/org/codehaus/groovy/transform/stc/StaticTypeCheckingSupport$CharArrayStaticTypesHelper.class
1b16fc08c0e6679d7990bcb15cbbe87b24affa45b9cbec801320d755c996ca6c	build/classes/java/main/groovy/util/Iterators$LazyCachedIterator.class
1b54f43721bf4d9c459efb4f17601eed021f4dbafb25a507dc93252df443e4b6	build/classes/java/main/org/codehaus/groovy/reflection/CachedClass$8.class
1b65560feaf1537573a1c628218c3489c8bff8f11e8914ac68e8df06c4f8fc33	subprojects/groovy-macro/build/classes/groovy/main/org/codehaus/groovy/macro/matcher/ASTMatcher$_visitRangeExpression_closure29$_closure90.class
1b7ebc2fda67428812b11f3b96bc9b7b2a3754e5f5bc8aaea4d619659b9167ff	build/classes/java/main/groovy/transform/RecordTypeMode.class
1b91b152e9894eb4b53ae6f488a2076f777ebf149fed038e9d5af7d4bbbb47e5	subprojects/groovy-console/build/classes/groovy/main/groovy/console/ui/TreeNodeBuildingVisitor$_visitEmptyStatement_closure10.class
1b99a34ef6fff1cc9fead0383b9073c75fdc7582a3432801bfa371cb4772b3cc	subprojects/groovy-macro/build/classes/groovy/main/org/codehaus/groovy/macro/matcher/ASTMatcher$_visitPrefixExpression_closure19$_closure79.class
1ba977e590fe1d9a58ff9e8709a68db314ceadb2bf19a2f669616a21bd64c325	subprojects/groovy-xml/build/classes/java/main/groovy/xml/MarkupBuilderHelper.class
1bcb6321b9325015edddc91db1351fca9bb682a716b663beb3eab5ac81dacdd1	subprojects/groovy-groovydoc/build/classes/java/main/org/codehaus/groovy/groovydoc/GroovyMemberDoc.class
1bcf9f52e67d26b0f5528f0a8fc895a277cc8465ab3a14d66ae021304c5df6cb	subprojects/groovy-templates/build/classes/groovy/main/groovy/text/TemplateExecutionException.class
1be78dab320ed63d11d1df669b328e879db0ab2401c2b0052609cdaad0632928	subprojects/groovy-console/build/resources/main/groovy/console/ui/Console.properties
1be79eff1675364eb55b2c31cbc842742de0420ad0a4b7b9a5121faa5deb4977	build/classes/java/main/org/codehaus/groovy/runtime/dgmimpl/arrays/BooleanArrayGetAtMetaMethod.class
1bf7e8c90ca07434daabd4acd4dfda0daeadb67aa464e8c4cd51e5a745349e64	subprojects/groovy-ginq/build/classes/groovy/main/org/apache/groovy/ginq/provider/collection/runtime/AsciiTableMaker.class
1c016d0058dc8af4ada1a49af3311ac7e629f465c1eda0d42f5cb0a33cb81ec9	build/classes/java/main/org/codehaus/groovy/classgen/asm/sc/StaticInvocationWriter$CheckcastReceiverExpression.class
1c04b22d997bcdcead152c8dee8afbc47766eb83d2d073f54aa7c30c72ef9bef	build/classes/java/main/org/apache/groovy/parser/antlr4/GroovyParser$CastParExpressionContext.class
1c18cba4e2fa7a0b23645858c73752d22f85a1d24f7bd53369ad7e4e930191b2	subprojects/groovy-console/build/classes/groovy/main/groovy/console/ui/AstBrowser$_run_closure5$_closure39.class
1c1e97675f10ae9fcc80cd2636654437d240069b31daeccdc6a4cc807a750678	build/classes/java/main/org/codehaus/groovy/runtime/metaclass/ClosureMetaMethod$AnonymousMetaMethod.class
1c207946050d6c7a15a804ae4fd836cadf9bc26cb16b282309b4a7f3f21bc2b4	build/classes/java/main/org/codehaus/groovy/runtime/dgmimpl/arrays/IntegerArrayGetAtMetaMethod$MyPojoMetaMethodSite.class
1c358762707536f4e3d3b2abc65a212497619acb9f9671ede6e4e9dd96957a73	subprojects/groovy-sql/build/classes/java/main/groovy/sql/Sql$33.class
1c3889e972b0b2624310a835a76b4634bf7315fe380f3886e96d9c04212e167a	subprojects/groovy-sql/build/classes/java/main/groovy/sql/GroovyRowResult.class
1c3b35421945b91196ca4a2dc937717613172c40d096b237b4fee3fdd2bfcd14	build/classes/java/main/groovy/lang/Tuple9.class
1c3f74cd2ed47cf214480f3cec4ce0d82646c1660e342bdf523306b2c1cc6790	subprojects/groovy-ginq/build/classes/groovy/main/org/apache/groovy/ginq/provider/collection/GinqAstWalker$_visitGinqExpression_closure1.class
1c697b420727b1dbcf7b3534a96c28792d9fae3df961f0d9b6ece142716b3dbc	subprojects/groovy-sql/build/classes/java/main/groovy/sql/Sql$31.class
1c79b3191c176dee61a92a8680681bc42a61440529605256f3c66bd0a89db9bb	subprojects/groovy-jmx/build/classes/java/main/groovy/jmx/builder/JmxEventEmitterMBean.class
1c860f535bf4b0f1861b196442d6e5a9acd3781b0b8e2c92a1c028b160765a03	subprojects/groovy-xml/build/classes/java/main/groovy/xml/streamingmarkupsupport/BaseMarkupBuilder$Document$3.class
1c8e9cc28089e10fc5e811f5e60f95c4ad05b365d559e957d2abc6a7263784c8	subprojects/groovy-ginq/build/classes/groovy/main/org/apache/groovy/ginq/dsl/GinqAstOptimizer$3.class
1c9ebd3c68672a8d339ed835b7086a25def25b1fedc50ee8d187b02ccff84866	build/classes/java/main/org/codehaus/groovy/ast/decompiled/MemberStub.class
1ca4ed5c040fce2310ff6cbcb1a5d3ecfd38afd1c4d43975bb72ab67dee2f9bb	build/classes/java/main/org/apache/groovy/util/concurrent/concurrentlinkedhashmap/ConcurrentLinkedHashMap$DiscardingQueue.class
1cac9fa79b22b0dbe9553f4a4bbe9d3a9eb86ec9e76ae33c0fb5bbf54359726a	build/classes/java/main/groovy/lang/GroovyInterceptable.class
1cc2edd75b20e60127121c063fac53dd18e3b9c1c6915a89f6224029a075827c	subprojects/groovy-console/build/classes/groovy/main/groovy/console/ui/AstNodeToScriptVisitor$_visitAllImports_closure2.class
1cd20d916163471b85b49d19ff8ad6b88453bb2cee2e1e2aebcf5c930346eb17	build/classes/java/main/groovy/util/FactoryBuilderSupport$1.class
1cf574478203ec5f7e159eae242ab71dffffb2874012c69df1110fd61274ec52	build/classes/java/main/org/codehaus/groovy/runtime/dgmimpl/arrays/LongArrayPutAtMetaMethod$MyPojoMetaMethodSite.class
1cf97b8c379e0d735e6e3fd9dd98d1cb8af6b472f438f94dfbd2a3ba2914d6d7	subprojects/groovy-servlet/build/classes/java/main/groovy/servlet/GroovyServlet.class
1d17912a1b48e852e96427b51044a326726f6a5006d9a536d51c28f2cc4fe924	subprojects/groovy-console/build/classes/groovy/main/groovy/console/ui/ConsoleSupport.class
1d1ae6bdff14eb93c3367f7bef2f3629dacc14347b73c1ed6f59ae42d9b165b5	build/classes/java/main/org/codehaus/groovy/reflection/ClassInfo$1.class
1d1bc4aac2e7284d463847f19f59f36fd9a20e1e3e8ddda26b5ea1674f86fb6b	subprojects/groovy-contracts/build/resources/main/META-INF/services/org.apache.groovy.contracts.common.spi.Lifecycle
1d264f2885cfb79f7cf224876c118cf212c6a1117a10fabc2f6c93c8ca61216a	build/classes/java/main/org/codehaus/groovy/transform/stc/TypeCheckingExtension.class
1d2cd931627599a5397fa26be7e23a0955e05bc28b2c0431515f048965581e72	subprojects/groovy-console/build/classes/groovy/main/groovy/console/ui/AstNodeToScriptVisitor$_visitIfElse_closure20.class
1d2d56c9d6f5c09142169c980717f3e0b11950439ae6bbca29bf21824ddeb5b9	subprojects/groovy-groovysh/build/classes/groovy/main/org/apache/groovy/groovysh/jline/PackageHelper$1.class
1d2e0b54712e316efb11c81ee58951982adffe89666286d1f260780a82d73b8b	build/classes/groovy/main/groovy/grape/GrapeIvy$_getLoadedDepsForLoader_lambda16.class
1d2e6db82881493028bd1d26022a06ef558ed01a6a71bf7bf6d18a04047d6590	subprojects/groovy-groovydoc/build/classes/java/main/org/codehaus/groovy/groovydoc/GroovyParameter.class
1d344b0f4e9062f640cb3cf8281887be50e2206859e4e257b7f769bb0aca7e8e	build/classes/groovy/main/groovy/util/ConfigSlurper$_parseKey_closure1.class
1d36c07780d2678ff4330b405aa6930902752fa0690a40a9e45e3f180afd324c	subprojects/groovy-json/build/classes/java/main/groovy/json/JsonParserType.class
1d3bf781bee327da408f8e1f97411e90af5e64802590a2c778ad25960387ef3b	build/classes/java/main/groovy/util/Iterators$GenerateIterator.class
1d4b7edb63100964f60c075c6dfc4cd93438d9d12c23ce646fe4d160efea852e	build/classes/java/main/groovy/lang/ProxyMetaClass.class
1d6515d02013f4b37cf18a1131ce298f63f31f123a533b58c748c14fbc54a7cc	subprojects/groovy-swing/build/classes/groovy/main/groovy/swing/SwingBuilder.class
1d855841942bdfc5960c23375a9f4f4362b0ce41c8c7668f7e926f95db568f12	subprojects/groovy-xml/build/classes/groovy/main/groovy/xml/StreamingMarkupBuilder$_closure1.class
1d85c7276b73dffcc57627f5584edb6889060b91825fb51087cf151e4504f45a	build/classes/java/main/org/codehaus/groovy/runtime/metaclass/MixinInstanceMetaProperty$1.class
1db293a0456de0fb766fc957801d895ef185301ebfe31848faa523f51089504a	subprojects/groovy-docgenerator/build/classes/groovy/main/org/apache/groovy/docgenerator/DocGenerator$_generateAll_closure9$_closure24.class
1db761686bde19d539e375a9b696a8494aa598ef2943e0b7fa1673f62087d3a6	subprojects/groovy-macro-library/build/classes/groovy/main/org/apache/groovy/macrolib/MacroLibGroovyMethods.class
1dbef454db03863a043c9059e3201d18bed3810c62c2cace05c7eff4558dd568	build/classes/java/main/org/codehaus/groovy/transform/sc/StaticCompileTransformation.class
1dd1c08090b655fc75aedb30a024b89b718c88648d6cf366bf49747326980ea5	subprojects/groovy-console/build/classes/groovy/main/groovy/console/ui/ObjectBrowser$_run_closure2$_closure5$_closure8$_closure11.class
1dd3b329645765e3f9825cdf7b004fa4bf334fe285b2f8d597749bf39a34c1d1	build/classes/java/main/org/codehaus/groovy/ast/decompiled/ClassSignatureParser$2$2.class
1dd68214f8b513a0312914c0f029ee79725a1256d7f580b4ed652612d7699fb7	subprojects/groovy-xml/build/classes/groovy/main/groovy/xml/StreamingMarkupBuilder$_closure6$_closure13.class
1de8f89e1378190e864bb4cc98b13ee4f689d21666b179aafdf0b18fdab9a10f	build/classes/java/main/org/codehaus/groovy/runtime/ReflectionMethodInvoker.class
1e7c784d852e9cf49f2d9828ca8184824cfe210c27f2c257752d91784d68af55	subprojects/groovy-test/build/classes/java/main/groovy/mock/interceptor/MockProxyMetaClass.class
1e914cbbc2ca0dd5a24b3ce23e126baed445600b48086a4a79fa81bc8fc85293	subprojects/groovy-console/build/classes/groovy/main/groovy/console/ui/view/BasicContentPane$_buildOutputArea_closure6.class
1e940ea832fed291696ce3941b763f86b752d7bf6e949113af44e8182573afde	build/classes/java/main/groovy/util/Factory.class
1e9a16f2106008ed7621d334c7c15efbc6d78ad5a677bef7ea652e0e5bc54751	build/classes/java/main/org/codehaus/groovy/control/CompilationUnit$ISourceUnitOperation.class
1ea762ede59ba6c997c2e23a9c35170fc87b275a234f155c96e79dddccbdda7d	subprojects/groovy-macro/build/classes/groovy/main/org/codehaus/groovy/macro/matcher/ASTMatcher$_visitDeclarationExpression_closure8.class
1ec11810de807912d340179286e06eb5e7d7d1ac8738fa7e01d2a3968fd39b67	build/classes/java/main/groovy/grape/Grape$1.class
1edc52da0721b5311c8c120bb2b4129aed07119fe43830fbd2c045f9242bf688	build/classes/java/main/org/apache/groovy/util/concurrent/concurrentlinkedhashmap/ConcurrentLinkedHashMap$KeySet.class
1ee62d0cadf17564054b7e4a3d3b316acd6a6724d07a7dee6c4bf756e20d1616	build/classes/java/main/org/codehaus/groovy/runtime/ProcessGroovyMethods$ProcessRunner.class
1eec89572470a36a9454357083102b194f6eef5b78abf877f2f10d346915f2ff	build/classes/java/main/groovy/transform/builder/ExternalStrategy.class
1ef4b0613c731517d9335161b33b1c01fde9fbb48afc9e4792fbace3c5a7cf47	build/classes/java/main/org/apache/groovy/util/JavaShellCompilationException.class
1f09c2f2db738c2e8e31a3aac60b720b31c65c275dcd759b6065a95dea56dbc5	subprojects/groovy-console/build/classes/groovy/main/groovy/console/ui/Console$_main_closure2.class
1f226359c7ed86688e22dfb12aedf4a0f56e58df2b009a731e520387681e207f	build/classes/java/main/org/apache/groovy/parser/antlr4/GroovyParser$AnnotationsOptContext.class
1f371bbf8cba0d456041534771ca4c8e63fb56227819037d56bc2518379091fc	build/classes/java/main/org/codehaus/groovy/runtime/DefaultGroovyMethods$FindIndexValuesIterator.class
1f4d528de11931bb4106756fa51e2b16a8b2772f6f694405540feff49817449b	subprojects/groovy-sql/build/classes/java/main/groovy/sql/Sql$28.class
1f601f30ab34b165119da6d24fa0852795461ea8e67c6e9bd4e8de544700e74b	subprojects/groovy-templates/build/classes/groovy/main/groovy/text/markup/MarkupTemplateTypeCheckingExtension$_run_closure1.class
1f68999a84f521fc152cab7ceb7babaee49f9249153410b9d002b766ea77a68f	subprojects/groovy-macro/build/classes/groovy/main/org/codehaus/groovy/macro/matcher/ASTMatcher$_visitBitwiseNegationExpression_closure34$_closure97.class
1f8fc8eaeacc09ceb17872637078775ee82c8cca224cee37433af83096e24dd5	build/classes/java/main/org/codehaus/groovy/ast/tools/WideningCategories.class
1faa7a7ccd94a07f43729315c4a4d7b4fb2cc5ca900fa24651b7072fcb832e07	subprojects/groovy-cli-picocli/build/classes/groovy/main/groovy/cli/picocli/CliBuilder$_option_closure18.class
1fade11d926de5b26b1a76c8c104cc783b004007eb16fcd9cb3b0798c50c037e	subprojects/groovy-swing/build/classes/java/main/org/apache/groovy/swing/binding/MutualPropertyBinding.class
1fb0804088f23e9cb49a19c989a6416870005e3e7bac091ee9878a20cd86f1f0	subprojects/groovy-swing/build/classes/java/main/groovy/swing/model/DefaultTableModel$MyTableColumnModel.class
1fd25247f055a8892b4d566937f4d7342303b89a067b084d9f61fe846d14a27f	build/classes/java/main/org/codehaus/groovy/runtime/typehandling/DefaultTypeTransformation$ArrayToUnmodifiableListAdapter$Itr.class
1fdbf138250adfaac730448e33a690cbf698f5c62be64f6a12f4bab86edf5891	build/classes/java/main/org/codehaus/groovy/transform/stc/TypeCheckingContext.class
1ff11198abca02e83b93a92b6574cb6d7b4f1f3074e538b7dc7c3bf728b1fd3e	subprojects/groovy-xml/build/classes/groovy/main/groovy/xml/StreamingDOMBuilder$_closure4$_closure12.class
1ff53cb7d38cd52ee1eac8f06d81e437f71c5244c2f9753d4ba0abee4c58b741	build/classes/java/main/org/apache/groovy/parser/antlr4/GroovyParser$GstringContext.class
20185da1763bfce0faa577f2e7b2070bbea677d24c6a8975be889a059ddcdd2c	build/classes/java/main/org/codehaus/groovy/transform/trait/Traits$Implemented.class
201d06105a3ed69dcd9228db35a9c17be458a51189b709df401395004788150f	subprojects/groovy-console/build/classes/groovy/main/groovy/console/ui/ConsolePreferences$_main_closure3.class
20267e30ef5f41eab9bdbb01dd50276cdff3650f814f31ee95b09a146d234991	build/classes/java/main/org/codehaus/groovy/classgen/GeneratorContext.class
2026f0a96c378e6129dcb0cba0d08cbee6864b5d543c6516024b82b9fcf12c7f	build/classes/java/main/org/codehaus/groovy/runtime/DefaultGroovyMethods$ZipAllIterator.class
2030a6568408c1a85927e4c8d9984ae68ee57133e1ed6d4300f6ad0f6dee4767	build/classes/java/main/org/codehaus/groovy/transform/NullCheckASTTransformation.class
20310ad2b900a2b9e439e21565024837fed2f696d6cddc32553e8ffcdbc281ab	subprojects/groovy-xml/build/classes/java/main/groovy/xml/slurpersupport/Node$1.class
2050397bd9506f2fe976675ec4599fe9a1794e864b39fdb278eb407776535e33	subprojects/groovy-console/build/classes/groovy/main/groovy/console/ui/ObjectBrowser$_run_closure2$_closure6.class
2059f686ef7b69e7c4b5e4e4bf8d00ca418bfeb75e2161b78e2de63968a87494	build/classes/java/main/org/codehaus/groovy/syntax/ASTHelper.class
208fb57bc854bb046019306fbb6d9e672f28ad483787cf70ebc6b5862ce1c699	build/classes/java/main/org/codehaus/groovy/control/messages/LocatedMessage.class
20bb90fe3dd74d462cc3874d8d0fd6ce7bc13f912142de4c813b23f4e699504b	subprojects/groovy-yaml/build/classes/java/main/groovy/yaml/YamlRuntimeException.class
20cdacd9d97ee7eea8737502ceb7a94205ea53651b22488f94d18e020383be76	subprojects/groovy-groovydoc/build/classes/java/main/org/codehaus/groovy/tools/groovydoc/SimpleGroovyPackageDoc.class
20cf17d9480b14d44183215fc9c52e7f9e31fae3bb5196521d2a4ccc40c62a81	build/classes/java/main/groovy/lang/ObjectRange.class
20de9ea92cf49fc17d4200b58f8cc1215618099f1a5bf1dd153edeb1518cc444	build/classes/java/main/org/codehaus/groovy/util/ManagedConcurrentLinkedQueue$Element.class
20eec196931f173f651611a7946a113bb40737cbde732e80be26ec5a74cbc7cb	subprojects/groovy-cli-picocli/build/classes/groovy/main/groovy/cli/picocli/CliBuilder$_commons2picocli_closure19.class
2102475a6738d43da92ad4ffcc76ef537a3056c63b2902e1f4e2cc5a090ecf95	build/classes/java/main/org/apache/groovy/util/concurrent/ConcurrentReferenceHashMap$SoftValueReference.class
2106f0645489ea8c11ab6bf22a8944d40984742fdeb7aaca9d7b825f7c0c319f	build/classes/java/main/org/codehaus/groovy/ast/decompiled/AsmDecompiler$1.class
211cde0001f3b37b2313cbac86c13f93b61b1cc324135010db3f343a0177f55d	build/classes/java/main/org/apache/groovy/parser/antlr4/GroovyParser$ReturnStmtAltContext.class
212e5cff6b623e48591c7136153560302ed8e9df5a4826f9ab1b16a81feb1262	build/classes/java/main/org/codehaus/groovy/control/MultipleCompilationErrorsException.class
213796c43bb747617d166ac3aa127b607284252614451610cc52edb53106a19b	subprojects/groovy-console/build/classes/groovy/main/groovy/console/ui/text/StructuredSyntaxDocumentFilter.class
215578980a1cfd9269954b0441e410f5df81480340f8688733ddd02333a92728	subprojects/groovy-macro/build/resources/main/META-INF/groovy/org.codehaus.groovy.runtime.ExtensionModule
217824097ff876aaa65973cfc97c932d59cb2f2120c2454d42718ab4f6b949a6	subprojects/groovy-xml/build/classes/java/main/groovy/xml/slurpersupport/GPathResult$1.class
217c711fe234de1ec667f199ca66fed1108aa1b3a1e7164c8866b9695a605396	subprojects/groovy-macro/build/classes/groovy/main/org/codehaus/groovy/macro/matcher/MatcherUtils.class
217d9c213fe2576ae971fbc5170266ef1e8728a6e757a941c3ddf6691f76c7b0	build/classes/java/main/org/apache/groovy/util/concurrent/concurrentlinkedhashmap/Weighers$EntryWeigherView.class
2185f7ac081643153703d76e8a998732865000505a9a92cd729c894a361049da	subprojects/groovy-ginq/build/classes/groovy/main/org/apache/groovy/ginq/dsl/GinqAstOptimizer.class
218e27c43d51451f9ef16f064327467684d58c386777308567ed961347fe98bf	build/classes/java/main/org/codehaus/groovy/tools/LoaderConfiguration.class
21a3f1e51105cb1a2f0a728d1069b9d3bcbaed79e83878eadb083572fdd162d2	build/classes/java/main/org/apache/groovy/parser/antlr4/GroovyParser$LocalVariableDeclarationStmtAltContext.class
21b4e3c5c50c7aeb6ec2712757316da2bf3a88c8d8a118930c47175bfa72a8ec	subprojects/groovy-swing/build/classes/java/main/org/apache/groovy/swing/binding/EventTriggerBinding$EventTriggerFullBinding.class
21bcee1e07a285b555822133d5feba5834409e19077e848c9b8d2deaa85af059	build/classes/java/main/org/codehaus/groovy/runtime/DefaultGroovyMethods$TakeIterator.class
21e0cd4b4fd84c6f0141eb3a6636523fa31d15202719ee5bc03aee9852c80358	build/classes/java/main/org/codehaus/groovy/reflection/GroovyClassValue.class
21eccf7c45bb11e77dda0afd6397dc4330e54170023af3b4d8e704af8943abe4	subprojects/groovy-cli-picocli/build/classes/groovy/main/groovy/cli/picocli/CliBuilder$_addPositionalsFromAnnotations_closure9.class
21f36215726045a663ad27d6d9792aeac103d22ce63a27cffb043f866e985ea0	subprojects/groovy-macro/build/classes/groovy/main/org/codehaus/groovy/macro/matcher/ASTMatcher$_visitField_closure10$_closure62.class
21f4ba43ea1a045ac5368c0affd8a28651e912655fa747a8e33b410e5a6b3ad8	build/classes/java/main/groovy/lang/GString.class
21f7d47869e7ed1883d0ed0ec3c164ac50bdd414451672f94d43632520603bc5	build/classes/java/main/groovy/transform/DefaultsMode.class
221b7a663ac84af432432ad3f4dc433b51379fa8630a4e063c7df296b81d1c9b	subprojects/groovy-contracts/build/classes/java/main/org/apache/groovy/contracts/domain/Assertion.class
223262789ce35b60e8b5009f16d61dd413e854911968120f5f5dd0f44ef13dbc	subprojects/groovy-swing/build/classes/groovy/main/groovy/swing/binding/JTableMetaMethods$_enhanceMetaClass_closure3$_closure4.class
2245ed59d85ec8aa3879e3d73d3e2ee62d02cf2a09cbce5fa7d90841e75e1504	build/classes/java/main/groovy/transform/NamedParam.class
225114b94fc38fc3212cd81854e14e7c0100b17cdb8a0fba8482bd08d07c0828	build/classes/java/main/org/codehaus/groovy/transform/BaseScriptASTTransformation.class
225259176327ec22f51352ecf93b50c00238d34098fd3be100ad349d6db86c2a	build/classes/java/main/org/apache/groovy/util/concurrent/concurrentlinkedhashmap/ConcurrentLinkedHashMap$AddTask.class
22756e06ce1f539ee0c1c851574c003e7a2af89f30f57bc3961b5a313af8f3e8	build/classes/java/main/groovy/io/PlatformLineWriter.class
22820185a41678c37ef7a2c6a057fc3b36977073c70d338ecd3d48d3e3b23bd4	subprojects/groovy-groovysh/build/resources/main/nanorc/jlessrc
22820185a41678c37ef7a2c6a057fc3b36977073c70d338ecd3d48d3e3b23bd4	subprojects/groovy-groovysh/build/resources/main/nanorc/jnanorc
229fed995b8a5aba8ab92250b67e6f001117376c1f7cbcf14ae0fa770619ec48	build/classes/java/main/org/codehaus/groovy/ast/builder/AstStringCompiler.class
22d996e9ed5db350f4a7f9b55d0201a10b5f106ed9e37df83910738b5632110b	build/classes/java/main/groovy/util/Proxy.class
22dd2105ab78bf2aa79032963b459dfef0fd3e21363cd765653b034ae51b78c2	build/classes/java/main/groovy/util/Eval.class
22ee918953ba112f156d976abc549422e57d9999d618c984b17500ff1802f752	subprojects/groovy-contracts/build/classes/java/main/org/apache/groovy/contracts/PostconditionViolation.class
22f80f11d785aa28cc4094afb1c30addcc9e3ec8921c123510daa94821071f10	subprojects/groovy-swing/build/classes/groovy/main/groovy/swing/LookAndFeelHelper$_closure6.class
22fc41ee65da2f67ba988e5227de43d7f00a3071dc6af66db908de4495358422	subprojects/groovy-swing/build/classes/groovy/main/groovy/swing/binding/AbstractJComponentBinding.class
22ff6bf404a5bb6fee8082a503731098c84b5f1dd56e1903cb3a6159762f2df1	build/classes/java/main/org/codehaus/groovy/runtime/memoize/Memoize.class
233abff31a903c8c21256e6baf370c3cee95706505124cd2aeeef0c231a7c440	subprojects/groovy-macro/build/classes/groovy/main/org/codehaus/groovy/macro/matcher/ASTMatcher$_visitObjectInitializerStatements_closure3.class
2378be0f2399d5f471021191696c2e1802cb9a7f965b1815b3775baf31f97459	build/classes/groovy/main/org/codehaus/groovy/ast/builder/AstSpecificationCompiler$_classNode_closure16$_closure30.class
238b3aec1ab2bb2f85c69d804bc510939236a8157240a54477515242e0d7c7f2	build/classes/java/main/org/codehaus/groovy/classgen/asm/BinaryExpressionWriter.class
23a12a890def8167b458aba057bb19380031f929732cd784e9f1c8d20a5adc7c	build/classes/java/main/groovy/transform/KnownImmutable.class
23a31caaeec236fdc30518aca01d1ea78f208c495dd4a04c44e53600269be503	build/classes/java/main/org/codehaus/groovy/reflection/stdclasses/BigDecimalCachedClass.class
23bad5915f47deb2461e1f2ac998ecfda5270cf7fec6950b58f8a98e48012176	build/classes/groovy/main/groovy/transform/Canonical.class
23bd201824b8494bce36fb9957dc8422ee2e174f191116bc1c758ec78fb146b5	build/classes/java/main/org/codehaus/groovy/reflection/GeneratedMetaMethod.class
23c53915922714b0947346bc8ccfeb184fe68d659b89753b1d1843f53e825683	build/classes/java/main/org/codehaus/groovy/transform/LogASTTransformation$AbstractLoggingStrategy.class
23d3787179b57578fb1f2da8e780dacd1fa02b01949f353511f6d6c8247c8b89	build/classes/java/main/org/codehaus/groovy/runtime/typehandling/DefaultTypeTransformation.class
23ecaf9c6cf752631c5c6cd625b02c07f2823ec3cd8e0eb74fc500b1aa9794f4	build/classes/java/main/groovy/util/logging/Log4j2$Log4j2LoggingStrategy.class
24069ad670590ab8a6ec5f124182b2b26afefc6ac41d0ad5dc52486ca58def53	build/classes/java/main/org/codehaus/groovy/runtime/dgmimpl/arrays/DoubleArrayPutAtMetaMethod$MyPojoMetaMethodSite.class
241337d51e37d866ea5f1db2feb36562ed0ae98458d282e09d84acb26095c087	subprojects/groovy-ginq/build/classes/groovy/main/org/apache/groovy/ginq/provider/collection/GinqAstWalker$5.class
24704f400d0746e435795b422f898856a2d437733d4e62c6fcce7f7bc9dc54fa	subprojects/groovy-sql/build/classes/java/main/groovy/sql/Sql$11.class
248affb9b10914cd44f5386f6e4ea0790df6341c1864812fbd70d28d2fcbb6bd	subprojects/groovy-console/build/classes/groovy/main/groovy/console/ui/Console$_run_closure4.class
249eea201be51756215591a010c248893fcac70ce7370cf56890f38c45fd80bc	subprojects/groovy-test/build/classes/groovy/main/groovy/mock/interceptor/LooseExpectation.class
24dcfefe6ea3d612a9dc193c4ea0961c0c89f704be4fcb0eaf75f65d369e9b61	subprojects/groovy-console/build/resources/main/groovy/console/ui/icons/resultset_next.png
24de19569122d59f8f820c3b3098eb0f2fd632651464a59addb7486e821fb4be	subprojects/groovy-swing/build/classes/java/main/groovy/swing/model/ValueModel.class
24e539235b5762b1220f39d7953a52e9b4a458c2be4f66a60219755363ba6dba	subprojects/groovy-console/build/resources/main/groovy/console/ui/ConsoleIcon.png
24e8b8a67f6b6169994be4c1223d837cc9549b30d6d8abcd5c02483ba81b9269	build/classes/java/main/org/codehaus/groovy/runtime/DefaultGroovyMethods$ToUniqueIterator.class
24f8f6567c2cec58e5d3161effe4f161e91e14187052ff5ea8cd46f2872a0e7b	build/classes/java/main/groovy/lang/Tuple2.class
25219f359f643c07e0fbb304887aafd51eec4e376c412602ecf720033c7b0920	build/classes/java/main/org/codehaus/groovy/control/customizers/SecureASTCustomizer.class
254ce899a95468aa47a39c3ca4fc5147ccb28199688f1f1316b6594e75f96582	subprojects/groovy-jmx/build/classes/groovy/main/groovy/jmx/builder/JmxListenerFactory.class
25546861eebefd936d46d9340069472b1445b8503f0d403177982026da5647eb	subprojects/groovy-swing/build/classes/java/main/org/apache/groovy/swing/binding/PropertyChangeProxyTargetBinding.class
255aa4aabbafeda640b5ae741c2c97d04b089f5f3d53852746eb8d402f1ffcdb	subprojects/groovy-console/build/classes/groovy/main/groovy/console/ui/AstBrowser$_decompile_closure7.class
255f6b29f43f2b4712b814fc2b0cb809ed949f999cee512fa4618fc326ab42ba	build/classes/java/main/org/codehaus/groovy/control/ClassNodeResolver.class
2580a444cc692245564c37501690fe7bee4d57d1b0d4a2a8e03238093865370a	build/classes/java/main/org/codehaus/groovy/reflection/MixinInMetaClass.class
25bae0f8d9853b65c49bdc82f6deb408c70a8ccdcd307a9245b16d398c231c37	subprojects/groovy-sql/build/classes/java/main/groovy/sql/Sql$20.class
25df5375907bd8b03af52b0ce954c25225f2365453ce475849a24cc7857c4b23	subprojects/groovy-console/build/classes/groovy/main/groovy/console/ui/Console$_runScriptImpl_closure23.class
25f32dd7d8543435e20ecbf7852cac4b756d82465a2b8a4e44a4268bbdd114e2	subprojects/groovy-console/build/classes/groovy/main/groovy/console/ui/AstNodeToScriptVisitor$_visitTryCatchFinally_closure28.class
25f57dfa5024a77c12e17d3b00fcaca314cbde92c21a2f5c2fab4b5dce49cfdd	build/classes/java/main/org/codehaus/groovy/classgen/FinalVariableAnalyzer$VariableNotFinalCallback.class
260cb7fd8f5b0b056e40efd5a799b1804746239a8db835cf39cf3f5a08b943b7	subprojects/groovy-swing/build/classes/groovy/main/groovy/swing/binding/JListProperties$6.class
261841740f9ef72672d622a0ac40b6e5c44291565590760d4d97d44dd8130223	build/classes/java/main/org/codehaus/groovy/runtime/MethodRankHelper$NullObject.class
262138303a4eb3fcad8df8a96aa8c3e89436bfddc4321a975d5d922f4589fad5	subprojects/groovy-contracts/build/classes/java/main/org/apache/groovy/contracts/domain/ClassInvariant.class
265defae8dfc3e9f4cefeba73439476ea9beea0cb1ae959c714a7f5dd50fa3a6	subprojects/groovy-console/build/classes/groovy/main/groovy/console/ui/view/BasicToolBar$_run_closure1.class
26609d68ba8d68a70e7204395bb4ce9735a001657e28fc6f09fefbbf9519becf	subprojects/groovy-macro/build/classes/groovy/main/org/codehaus/groovy/macro/matcher/ASTMatcher$_visitClass_closure2$_closure50.class
2660bbb3eda96e3da7e694b86fa4ecc9518d0be5e6ff080958a382b49b83369b	subprojects/groovy-groovysh/build/classes/groovy/main/org/apache/groovy/groovysh/jline/ObjectInspector$_metaMethods_closure3.class
266a8cc255792d84359d6b7c16105f280bbc12e11d94ba24ad824f08fe1d8565	build/classes/java/main/groovy/lang/TracingInterceptor.class
266f6b240be669ed8c0a7916493de8d5111b8a8cc77176770c9fd82fb789e9ba	build/classes/java/main/org/codehaus/groovy/vmplugin/v8/Selector.class
26bc312bbb4fc02d1a1bfc6ccb2b7af1e28a3be909fdcd62e22cb5fc3b5dcc54	subprojects/groovy-console/build/classes/groovy/main/groovy/console/ui/AstBrowser$_run_closure4$_closure11$_closure30.class
26d11f7e5ef7e00ebed3853fd133d117945a06d2a48db3862884e091a5b5c767	build/classes/java/main/org/codehaus/groovy/transform/RecordTypeASTTransformation.class
26d74445ebf0c1f7250f4f7cba9ad465d0a6eaa880599a8514ff819d46ecb534	build/classes/java/main/org/codehaus/groovy/runtime/typehandling/IntegerMath.class
26e0c0b9dd3656f31034ca0bba976a3fbac193f10b9c0e599ac4c0cff08f21fb	subprojects/groovy-xml/build/classes/java/main/groovy/xml/dom/DOMCategory$NodeListsHolder.class
26e383b04bfa5b072f7a3f45acedd907188c5bdaf0bf8b273016597bd3910565	build/classes/groovy/main/org/codehaus/groovy/classgen/genMathModification$_run_closure2.class
26e7f7fe2bc802875ca629e29bccde06d73ba9109f3beff22b28265d885c578e	subprojects/groovy-groovydoc/build/classes/java/main/org/apache/groovy/antlr/GroovydocVisitor.class
26f39420b3898160aec13af7695bbcb6535569d43b9ca510424e467128321aab	subprojects/groovy-templates/build/classes/groovy/main/groovy/text/markup/TemplateConfiguration.class
2702c2c543ceb6bfd90de199d85e49ef0a70d7f2dd5a32b6a9027a595c6f6e8a	subprojects/groovy-sql/build/classes/java/main/groovy/sql/Sql$6.class
27150fac034e1de978a236eb94b1ef7f67604cd3db0bcec265f5ecafeef31c98	subprojects/groovy-servlet/build/classes/java/main/groovy/servlet/ServletBinding.class
27178b1b9c84185f2e7d013d4ff15884c7d2dc20f3221fe2ff60172ee0da335f	build/classes/java/main/org/codehaus/groovy/runtime/dgmimpl/arrays/LongArrayGetAtMetaMethod.class
2718a2ab1eaf6f75175f44c2097a5960e6932d9e827d82f64230e1496b6db169	subprojects/groovy-console/build/classes/groovy/main/groovy/console/ui/ObjectBrowser$_makeCard_closure3$_closure14$_closure22$_closure42.class
27355a7569a3188d466a5d67409b1e368a07e852b3dab9cd8dd5e93ccc01cfde	build/classes/java/main/org/codehaus/groovy/transform/SynchronizedASTTransformation.class
273e06b26a4c5f7e68d9f9a8a09c9797a91fca487ad13d6c50e6c091ed8cc404	subprojects/groovy-json/build/classes/java/main/groovy/json/JsonGenerator$Options.class
27928f4a79627973c3dd0ea8716be0378719a72ab4094f4c1c8aa4799c8b46a2	build/classes/java/main/org/apache/groovy/parser/antlr4/GroovyParser$NamedPropertyArgsContext.class
27cb58d3f3d94b0c1e6f799498f6dcac41d86760058d1ea1fcd9ed8d203d8685	build/classes/java/main/org/codehaus/groovy/control/StaticVerifier.class
27cbbc01f1384e11f3cfd8811257a85745903afbb1def3ff067bd65020e37ccf	subprojects/groovy-ginq/build/classes/groovy/main/org/apache/groovy/ginq/dsl/SyntaxErrorReportable.class
27f1901de81cd883e4b3b8774a43ae3dc72c66e583dc226bd106b00fc99c8938	subprojects/groovy-typecheckers/build/classes/groovy/main/groovy/typecheckers/FormatStringChecker$_closure6.class
27f85b932e1157a0c0642b9c98322e2db69afbc89ca24472c89124150dd0f271	build/classes/java/main/groovy/util/ObservableSet.class
28183f2503c6c0e4c14796b8f1afe4f96406db0b74eb4d84295a5aa639d48b14	build/classes/java/main/org/codehaus/groovy/reflection/stdclasses/LongCachedClass.class
282e0446681d3c837947ae825e9eaf08c229e70695c3a035dae4a17f505fe497	subprojects/groovy-macro/build/classes/groovy/main/org/codehaus/groovy/macro/transform/MacroClassTransformation$MacroClassTransformer.class
28355f13f4bdb1fa4ad3432950389da97ffe8425f78db3eb976e6c879f33fbf6	subprojects/groovy-swing/build/classes/java/main/org/apache/groovy/swing/binding/BindPathSnooper.class
285285c1e0db34f0691c44e82d963a07d361d1dd49369cb233f7834823e62375	build/classes/java/main/org/codehaus/groovy/syntax/ReadException.class
28639b186a9dbb60815c634fda5ca20770d2a359e945f76be4f1f1c76ee65d20	build/classes/java/main/org/apache/groovy/parser/antlr4/GroovyParser$GstringPathContext.class
289dc6ed6ac8027baa56b7e1a6a6d97c0d372a47ea2279d0d5d1f711c02f607d	subprojects/groovy-docgenerator/build/classes/groovy/main/org/apache/groovy/docgenerator/DocGenerator$_parseSource_closure2.class
28a714df54b6956c7fdf311c6a9434be9152f6a4db09757da9ba34a55a693711	subprojects/groovy-xml/build/classes/groovy/main/groovy/xml/StreamingDOMBuilder$_closure4$_closure10.class
28abebe45e27bf4b2bdb849cc3cc0d02873eb8ff8670fc4b3abc31f82d36f8f0	build/classes/java/main/org/codehaus/groovy/runtime/dgmimpl/arrays/CharacterArrayPutAtMetaMethod.class
28b024d4df3e096b9ff81afd2adef05dde3b4763e8570515719ac99495f42eb3	build/classes/java/main/org/apache/groovy/metaclass/MetaClass.class
28d284eefce37798513e081a940f3f57cff8a0011d3989b6430e0cfdf6a48273	build/classes/java/main/org/codehaus/groovy/ast/expr/StaticMethodCallExpression.class
28d6c3b988118bcc642bb4727103d3c0aa124b4adc981527f7ef3c5cf1e1655a	build/classes/java/main/org/codehaus/groovy/transform/NewifyASTTransformation.class
28dc9d59802baeb4383365ddb1041e9350e08bff14fc21ef3bed26dbadbcce7b	subprojects/groovy-jmx/build/classes/groovy/main/groovy/jmx/builder/JmxOperationInfoManager$_getConstructorInfosFromMap_closure1.class
28dda2c9a8f1fab2b185c60a900d6e2c7d8a988d70f0a15eca583ca5533a75fe	build/classes/java/main/org/codehaus/groovy/classgen/asm/sc/StaticTypesLambdaWriter.class
28ffdac1ab6b51ea2c1b4a0c03e2634edcb0f69290ffd2cc398b8e5cb7ed87f8	subprojects/groovy-groovysh/build/classes/groovy/main/org/apache/groovy/groovysh/jline/SystemRegistryImpl$NamesAndValues.class
2936af1dd1ae37337d916ad43f5f99cfbe8f5568c55765eccb5198b0b2aaab4f	subprojects/groovy-json/build/classes/java/main/groovy/json/JsonTokenType$1.class
2951aa0e1d8e217f88c43b1bae178569e504852899e054804fbbf3fde7f1f71e	subprojects/groovy-docgenerator/build/classes/groovy/main/org/apache/groovy/docgenerator/DocGenerator$DocUtil$_linkify_closure2.class
2955842a30702e5e119d694fed0db10e0608eb13f5395195c0def184dfecf3c1	build/classes/java/main/org/codehaus/groovy/ast/expr/TupleExpression.class
2967bacfabcbdad2472b7a083b819074d47a250a8027b9587b0660f550ea0cab	subprojects/groovy-jmx/build/classes/groovy/main/groovy/jmx/builder/JmxMetaMapBuilder.class
29817e0b1cd91ccc002b4130d1167fcfce8862cf57b443e6b45d4ba4108de4f6	build/classes/java/main/org/apache/groovy/parser/antlr4/GroovyParser$ClassOrInterfaceModifierContext.class
29a8a7fcebe845be06c262f43b70587556b9b3fff22fda578b39d7ac083ce69f	build/classes/groovy/main/groovy/transform/ConditionalInterrupt.class
29aec59dbf576469c35aa5156510eb440d5e645ccc7bc0090dab572286bd6b2f	subprojects/groovy-jmx/build/classes/groovy/main/groovy/jmx/builder/JmxBeanInfoManager.class
29b0a9c653e40a112dc33b3d7986d48cea1eaa04fc95db474b03c2ffc689d8de	subprojects/groovy-dateutil/build/resources/main/META-INF/groovy/org.codehaus.groovy.runtime.ExtensionModule
29c7bf3b6b45ea68a06c1f9f5ac6093fa185ee16c96f67f96dc03ac52715aba0	subprojects/groovy-contracts/build/classes/java/main/org/apache/groovy/contracts/ast/GContractsASTTransformation.class
29d734493857a6e7ea842069d54478e0348aff346ed11464f4b1bc5a1f832861	subprojects/groovy-jmx/build/classes/groovy/main/groovy/jmx/builder/JmxBeansFactory.class
29e0120debaa89864aad8e261cd2452077ce47d20b067fea3b100f82c7a9e6db	build/classes/java/main/org/codehaus/groovy/ast/tools/WideningCategories$LowestUpperBoundClassNode.class
29eb1718ef87d62b5795eaa580c105749df02f86c5d668d269a539cec217c002	build/classes/java/main/org/codehaus/groovy/runtime/wrappers/IntWrapper.class
2a11ee29031aa21e4e655c54e3c9dd823ea65491acbf453fb60db5b97519abfb	subprojects/groovy-servlet/build/classes/java/main/groovy/servlet/ServletBinding$ServletOutput.class
2a1e010b68542c1d7087aa9dc151486935ae07978b10e0e59dad2d33f554f847	build/classes/java/main/org/apache/groovy/internal/util/ReevaluatingReference.class
2a3921955ddaf6a27a0a3f52e5e49dfa3d4f0150cd4dabdee73974db4619410c	build/classes/java/main/org/codehaus/groovy/runtime/typehandling/LongMath.class
2a4dd727c31d9005a87f48acab31adfb84851c0a5aa6ec47c2fb35c9b235e82c	build/classes/java/main/org/codehaus/groovy/classgen/ExtendedVerifier.class
2a6b3a49756243bbc8a6f42671492a0238ca916ba0e3aaf038e9ed3cc6a7c24b	build/classes/java/main/groovy/util/function/DoubleComparator.class
2a6be71ce4824f6dd309d0762e48dc465d339b806ad04eadac2384dcbed7c60e	build/classes/java/main/org/codehaus/groovy/control/Janitor.class
2a761df900e7fef91ed246ad4f697b31d2c400ca47b71ad449dfa486fd14c85f	build/classes/java/main/org/codehaus/groovy/runtime/dgmimpl/NumberNumberDiv$NumberNumber.class
2a9476dc38aac50daed282c3e71f1e96c867946cf9a95bdf347a6ab2fb632c38	build/classes/java/main/org/codehaus/groovy/runtime/metaclass/DefaultMetaClassInfo.class
2aae0ac11bd9318cc9c1c2d97d791fa15dbd4eee176a3003413caba5efb2c262	build/classes/java/main/groovy/lang/MetaMethod.class
2ab29abc896b85867b63371a4674e14524ab7f2ddf88767bc58a277248f6eacb	build/classes/java/main/org/apache/groovy/parser/antlr4/GroovyParser$VariableNamesContext.class
2abd31d812114abd1ec99489894220252e3c38f818a4f75573c42a80e1826bb1	subprojects/groovy-console/build/classes/groovy/main/groovy/console/ui/TreeNodeBuildingVisitor$_visitNotExpression_closure26.class
2ad6f76ee5f88b6ddcd32b56ec57f265c5f8a10a62cf38d8ecc0656025e25288	subprojects/groovy-docgenerator/build/classes/groovy/main/org/apache/groovy/docgenerator/DocGenerator$_generateAll_closure7$_closure23.class
2adddef14c4b97298163822ece404239578143eb69c4909749949c1d2c5d1ff4	subprojects/groovy-console/build/classes/groovy/main/groovy/console/ui/AstNodeToScriptVisitor$_visitClosureExpression_closure24.class
2ae0ea27208ea58c5c64e30cb7ec09dcfca6a4f7b6bd516525634036ab58dfce	build/classes/groovy/main/org/codehaus/groovy/ast/builder/AstBuilder$_buildFromBlock_closure1.class
2ae5b2bbafe70d7da2951c22a35aed50413f4d14a2ae9a86dedd35361b83ae2a	build/classes/java/main/org/apache/groovy/antlr/LexerFrame$HScrollableTextPane.class
2aea138b7ad23dcd5a9073ddf69a9d93ac2e58a2981c84ecedea146fb6b1437f	subprojects/groovy-jmx/build/classes/groovy/main/groovy/jmx/builder/JmxMetaMapBuilder$_buildConstructorMapFrom_closure4$_closure12.class
2aece42c9b6fbf69fc241a5bba802cb997cdead43954e926b9bb84489ab21ab5	build/classes/java/main/groovy/lang/GroovyClassLoader$TimestampAdder.class
2af5064e9631bdca712f9a961fb30b4325da0bbedf746fb1644a45c5b2b48d37	subprojects/groovy-console/build/classes/groovy/main/groovy/console/ui/AstBrowser$_run_closure4$_closure11$_closure27.class
2af8d63acc0b1dc7dc8ff9b57dcd18e5fa2cb6fd9810f4316005d8198baa6d2a	build/classes/java/main/org/apache/groovy/parser/antlr4/GroovyParser$ReturnTypeContext.class
2b0bfc1e82089387cfe058723fe1ee1bfd6bb3a7239b9f5dd833fabf4ce6ff7a	subprojects/groovy-groovysh/build/classes/groovy/main/org/apache/groovy/groovysh/jline/GroovyCommands$_variables_closure12.class
2b0f539cf868047c05851e50d7c8dc5495ef6860a4fa0d38befafc105a1935ac	build/classes/java/main/org/codehaus/groovy/runtime/dgmimpl/NumberNumberDiv$LongDouble.class
2b114402e8451c7b5d3ba85f2d33c44db6e5ec8e6352215962206690079610cf	build/classes/java/main/org/codehaus/groovy/classgen/asm/sc/StaticInvocationWriter.class
2b12021bb79c09b167314c994c518bda272a8ad7fd0215414eafb823612ee429	build/classes/java/main/org/codehaus/groovy/runtime/ConversionHandler.class
2b191742aecd691edceed1f7c1d0ee27e215d819b208b0faaab778c6b4dbd388	subprojects/groovy-docgenerator/build/classes/groovy/main/org/apache/groovy/docgenerator/DocGenerator$DocSource.class
2b279b1f9fb400374aebfaa6b2308fd72077d7034c79abcc1c7f0bd8ecc10c52	build/classes/java/main/groovy/transform/VisibilityOptions.class
2b4545ba59395d906e1acfc14db818c2f82b6be7075655eb02377ac564769953	build/classes/java/main/org/codehaus/groovy/reflection/CachedClass$5.class
2b5364600c8202f27544829721b1ac114d4e053d886f47c1b1831f7d8f5dfc60	build/classes/java/main/org/apache/groovy/parser/antlr4/GroovyParser$EnumConstantContext.class
2b702900b9ca1e7f06e874eb01ced06b8406dc01dd2d64629352a5870870c584	subprojects/groovy-groovysh/build/classes/groovy/main/org/apache/groovy/groovysh/jline/GroovyEngine$Format.class
2b9fab760481ccb5142a2487b2aab6fdd973aa17c179150657bbffa7f5138769	build/classes/java/main/groovy/util/ObservableSet$ElementAddedEvent.class
2bba662aee82107c054be3f599a5a289f26b31f67eee267c64aecb76aa7eb15d	subprojects/groovy-xml/build/classes/groovy/main/groovy/xml/StreamingDOMBuilder$_closure4$_closure11.class
2bc9b513c1289942217de7255ff77369cfc0c630fb0163b380f87b34c889bc48	build/classes/java/main/org/codehaus/groovy/vmplugin/v8/Selector$1.class
2bd268dbc55fa0ec23790aa8a1f4351cf75c8d7a46d9ae6681a5dfe0b7481c25	subprojects/groovy-contracts/build/classes/java/main/org/apache/groovy/contracts/generation/Configurator.class
2bde889246b92bbedf891589fd081f7ee28668a2a307367e359c89f1f41ed236	build/classes/java/main/org/codehaus/groovy/control/ParserPluginFactory.class
2c2ea70ac59f2445376c9c16cdbc080d294539c5d68339a0b78064b8bff20316	subprojects/groovy-contracts/build/classes/java/main/org/apache/groovy/contracts/common/impl/lc/PostconditionLifecycle.class
2c32375204d07f54c3913b473e981952dabc6a53c9980f7baec94fa919b767fa	subprojects/groovy-groovysh/build/classes/groovy/main/org/apache/groovy/groovysh/jline/GroovyCommands.class
2c3ffdc728d40992436aea46db54ced709671d918fb141b152b0332736c80cbd	subprojects/groovy-swing/build/classes/groovy/main/groovy/swing/factory/EtchedBorderFactory.class
2c401f569766351c63647e22ee1c01cdfa219619cd6b57fa7b77889d0d45a1f7	subprojects/groovy-json/build/classes/java/main/groovy/json/JsonGenerator$Converter.class
2c517465ec02b25382d790767f8882ebdda4617ff7c596db532b3382bdd28f66	build/classes/java/main/groovy/transform/BaseScript.class
2c55e240dd5d039b60cefa7264bdec4f724761fce76ae411cab0e838d52f1bc9	build/classes/java/main/org/codehaus/groovy/control/Phases.class
2c63df78eb1b5d4b57343413dfeea3be05e1acecac8ace25482bded512db664a	build/classes/java/main/org/codehaus/groovy/ast/expr/ListExpression.class
2c70acfa687a5773c7cb53b900e6fef9ef23a30426c73af4ce4ce094d3791aea	build/classes/java/main/org/apache/groovy/parser/antlr4/GroovyParser$StatementExpressionContext.class
2c7b5819fb063e496fbab93b65ef6f9b73cee110aa2a389ad24f765bc9675e2e	build/classes/java/main/org/codehaus/groovy/runtime/callsite/PlainObjectMetaMethodSite.class
2c7b6ccdfd511e5191ea8813864bcf4e6bb8aa8a09a8a3e3f7b1ea584ee4c05b	build/classes/java/main/org/codehaus/groovy/ast/ClassCodeExpressionTransformer.class
2c7c6e9a772bc14d65b1e1dd2376937bee119b9a58e67ef7be9144613fb7827f	build/classes/groovy/main/org/codehaus/groovy/tools/GrapeMain$Install.class
2cb08538b5eac4b8a6250f4c5f87c0339dfed64f7cec90c0c9f4a1779f55f42c	build/classes/java/main/org/codehaus/groovy/control/SourceUnit.class
2cd925b40db3dcdef8eaebfa830c2ad4376390760043be82f5b6113f37604374	subprojects/groovy-contracts/build/classes/java/main/org/apache/groovy/contracts/ast/visitor/AnnotationContractParameterVisitor.class
2cd9cda0c70b616a3a4278cad88ff11debafff792af41cc5d131f029d239d717	subprojects/groovy-swing/build/classes/groovy/main/groovy/swing/binding/JListMetaMethods$_enhanceMetaClass_closure4.class
2ce457cd7e69cf00db13d80d395681e24056214dbbb430bc154f9c34ebb320a4	subprojects/groovy-console/build/classes/groovy/main/groovy/console/ui/Console$_run_closure3.class
2ce8ead118c313756ebdc692e0db2f87a0efd8c883014d51639a2fa48659bced	subprojects/groovy-console/build/classes/groovy/main/groovy/console/ui/TreeNodeBuildingVisitor$_visitMethodPointerExpression_closure38.class
2cfac15e79aae24abea19ab71df7a52774c2d15872cfbae4106dd56458f37ae7	subprojects/groovy-console/build/classes/groovy/main/groovy/console/ui/AstBrowser$_decompile_closure7$_closure47.class
2d1230a39af0ef48dc1f564180dabf51975e364d63f954f6eee68c0976048016	build/classes/java/main/org/codehaus/groovy/classgen/asm/BytecodeDumper.class
2d1271f6d6ddeba94da7094930cb5e5bd8507b68bcde09994ef3b730dedbc079	build/classes/java/main/groovy/lang/Interceptor.class
2d1a53bb68cef31fd0880dbeaefe5b957b423fcb71d24b0922284996d8609e1c	subprojects/groovy-console/build/classes/groovy/main/groovy/console/ui/ObjectBrowser$_run_closure2$_closure5$_closure8$_closure12.class
2d2b9c10143fa4b3f1627659d53dc107213eb2721736fb2ae9b34aee69017712	subprojects/groovy-swing/build/classes/groovy/main/groovy/swing/factory/BoxFactory.class
2d725366636bfbd929a162f527b1fe3fbf345a9b2497683bca9a4a15c2be1e31	subprojects/groovy-console/build/classes/groovy/main/groovy/console/ui/TreeNodeBuildingVisitor$_visitSpreadExpression_closure36.class
2d74c11298d7ff24ed272bf9487a70acf04c8de4447839bedf25eea1ac2d93aa	build/classes/java/main/org/codehaus/groovy/transform/stc/StaticTypeCheckingVisitor$1.class
2d797d491fea4f6030cf2dfe4921974a76ec5f097cc4e1612258934bee859e88	subprojects/groovy-templates/build/classes/groovy/main/groovy/text/markup/BaseTemplate$TagData.class
2d8e80239364336587e6f09e6e5140c1a134975b93dacc87f819ff620b6c806e	build/classes/java/main/groovy/transform/TailRecursive.class
2d9348699867e3127dd9855ca7c643a7a9358a8577e0b5b743a1641d06196409	build/classes/groovy/main/groovy/grape/GrapeIvy$_processRunners_closure6.class
2da5508cd613f92c0d04badfa933e73b11018c638784462f3d5c670d1e418341	subprojects/groovy-ginq/build/classes/groovy/main/org/apache/groovy/ginq/dsl/expression/HavingExpression.class
2db0eb186d4b03bf28b0d586f889c60fd3c87a2d8d5752c8117cdfb6c836d5c1	subprojects/groovy-xml/build/classes/java/main/groovy/xml/slurpersupport/GPathResult$3.class
2dbb75a11f84cdbb1890f6b24ae89fc79d47d3b9498a3b1d506ef9a592987b2d	subprojects/groovy-templates/build/classes/groovy/main/groovy/text/markup/TemplateASTTransformer.class
2dd0e0f7cdbf86280e035cedf330643e99a36e5c9d389f27ea4f4d0f5412688b	subprojects/groovy-console/build/classes/groovy/main/groovy/console/ui/BytecodeCollector.class
2dd8feab3534a7a95b6c13037d1b9738d77c87e8790f1317cc5aa65748e1153c	build/classes/java/main/org/apache/groovy/parser/antlr4/GroovyParser$TryCatchStmtAltContext.class
2dda3971123da00764603c525a4c7df0c70d610fcd376ac963c38eb3cefdddf5	subprojects/groovy-typecheckers/build/classes/groovy/main/groovy/typecheckers/FormatStringChecker$_closure2.class
2ddadf43b9c5558f2033d8b1dd9cc6b5fe0373f588621fc64d8844c3ad8f8c34	build/classes/java/main/org/codehaus/groovy/control/ClassNodeResolver$LookupResult.class
2de87a05a080f21ff21ef675e23fb38af1707559261e3af705b10d980db8eacb	subprojects/groovy-ginq/build/classes/groovy/main/org/apache/groovy/ginq/provider/collection/runtime/TooManyValuesException.class
2df978d609e6f3a75a3433761f6819273669ed7303e8aba8ac0b293c195bbcf4	build/classes/java/main/org/codehaus/groovy/runtime/DefaultGroovyMethodsSupport.class
2e3cd68dd0ae92b264b78ec6e7b94685f954dcd6ba18758b3e5faf2594946a92	build/classes/java/main/org/apache/groovy/parser/antlr4/GroovyParser$IntegerLiteralAltContext.class
2e5ead8a348a0251eee00e4a70adb1433dd9076d61633b58ce8742565adf1340	build/classes/java/main/org/codehaus/groovy/transform/tailrec/VariableAccessReplacer.class
2e85707f4e2161c1388b1bdc393635dc26a724f227ea3e61008f3cccb96adf41	build/classes/java/main/org/codehaus/groovy/util/DoubleDoubleArrayColumnIterator.class
2ea4ab286692b1ea093d286395a9a024a2b4241fcb733639f19e8d94483eb7ab	subprojects/groovy-groovysh/build/resources/main/org/apache/groovy/groovysh/Main.properties
2eb3be30a6a3519c6927ee3eb93fd3dae8c5ee93d1017a057de642c6a5e182c8	build/classes/java/main/org/codehaus/groovy/runtime/dgmimpl/arrays/IntegerArrayPutAtMetaMethod.class
2ee05753acfec4b06e01126f56e664d2a5f6aaa62b9c2945eba40ba6f26d7d2d	subprojects/groovy-console/build/resources/main/groovy/console/ui/icons/cup_go.png
2ee7f0d99b32757736d5186547818b2b0ff20cfc062bcdb5ca5dc320102cd9d2	build/classes/java/main/groovy/lang/AdaptingMetaClass.class
2f029d1bd463f8d423fc9db0f22adec86fbcd59d482d6498b11a9280da22f80f	subprojects/groovy-console/build/classes/groovy/main/groovy/console/ui/Console$_loadScriptFile_closure9.class
2f113ae27f071469171e8ac1ecbf4253c610495fafa988f50d34cc5b31d4c0b6	build/classes/java/main/groovy/time/Duration.class
2f1e7a49ec5a2372a71021eb91c95bad8ae8d367f430d6bfe4b60adaf999f7e4	build/classes/java/main/org/codehaus/groovy/tools/DgmConverter.class
2f24894ad4828f331c606f0a1e7416376ac89bd68a20c56c3711e2ea88219d46	subprojects/groovy-macro/build/classes/groovy/main/org/codehaus/groovy/macro/matcher/ASTMatcher$_visitImports_closure5.class
2f288a2e87e1475a39cc23c9bfd6f055a9e1514ba5f1059676d8704e961bb5e6	build/classes/java/main/groovy/transform/AutoFinal.class
2f587ab66493cc202486e32be1675f9616d1420eab71d78cc6dc41671e1a7cae	build/classes/java/main/org/apache/groovy/internal/util/Supplier.class
2f69815f5f0673e4dcf19f6ca307c3f0b513578fa003cdc515066acd1fe41f93	build/classes/groovy/main/groovy/transform/CompileDynamic.class
2f87e48b9bc80b521db76d1ba6f3d29035c15483eb19924c491eb7470330da01	subprojects/groovy-docgenerator/build/classes/groovy/main/org/apache/groovy/docgenerator/DocGenerator$_main_closure16.class
2f8daf5e6bd7044fb40907bc49484730074f315b0c00a6a78799e944e5669df1	build/classes/java/main/org/codehaus/groovy/transform/OperatorRenameASTTransformation.class
2f8e4c1246eadf53f130309176304c38cb3b4b2bc2e552f43aad7d4d3fe1f3e9	subprojects/groovy-console/build/classes/groovy/main/groovy/console/ui/ObjectBrowser$_run_closure2$_closure5.class
2f93859021d899b9ee96feccee4655050a5ce91af69f758448a7f3d1b43347e8	subprojects/groovy-swing/build/classes/groovy/main/groovy/swing/factory/CellEditorFactory.class
2f9d2ff8173936c779fc92c5256906e2ad1e911c46f9afe2c315a39cd45b6f05	subprojects/groovy-groovysh/build/classes/groovy/main/org/apache/groovy/groovysh/jline/SystemRegistryImpl$ArgsParser.class
2fa4abbdb02d144541664391965966f3d4c58023aa3c723b0a720388d36a078c	build/classes/java/main/org/codehaus/groovy/runtime/memoize/StampedCommonCache.class
2fa990ee1441564f1369b1e92fa4a7dc601b2a6b3aad22420d670dff1bb2856e	build/classes/java/main/org/apache/groovy/parser/antlr4/GroovyParser$SwitchExpressionLabelContext.class
2fcd1867f2322f60de4cbebffd204090c4e9f75eb9a66de25ab599d050ea18bc	subprojects/groovy-cli-picocli/build/classes/groovy/main/groovy/cli/picocli/CliBuilder$_addPositionalsFromAnnotations_closure8.class
2ff5b3d0d07d0d7e9d5b5f2052231ffcc4d107c9ec1e3c59d061179c9b4c6ebe	subprojects/groovy-docgenerator/build/classes/groovy/main/org/apache/groovy/docgenerator/DocGenerator$_main_closure17$_closure29.class
2ffe15941761df3818af204745e6f908de502cf1e9b5beb733281b34d3c494a6	subprojects/groovy-groovydoc/build/resources/main/org/codehaus/groovy/tools/groovydoc/gstringTemplates/packageLevel/package-frame.html
300336e1f4669a3bdad93a01f11d0d1ec0b4fec9f214426235f81224d305bcf5	build/classes/java/main/org/codehaus/groovy/transform/BuilderASTTransformation.class
302beae1029f6b4fa6b5a31a381236f9acebb3d45a7b1cd2ef03462eae647e9a	subprojects/groovy-console/build/classes/groovy/main/groovy/console/ui/ConsoleView$_run_closure3.class
3032565ee894c6d31d805a07fc42c0f16160be09810e275544cefa5ffa4723ff	build/classes/java/main/org/codehaus/groovy/runtime/GroovyCategorySupport$CategoryMethod.class
303f6fb558e7a7a7d532991b2091f25886f0b2f702b0e7602bb4d3bec28ef175	subprojects/groovy-xml/build/classes/java/main/groovy/xml/streamingmarkupsupport/BaseMarkupBuilder$Document$5.class
30421267546e288b08524c979f7d729516874c12c2bbb2fdb649b1ce1c931143	build/classes/java/main/org/apache/groovy/parser/antlr4/GroovyParser$TypeArgumentsOrDiamondContext.class
305eb21644d2d9a43cc75d3a96d41ca8566db699c0a25d618a71c48463dcb222	build/classes/java/main/org/codehaus/groovy/tools/shell/util/MessageSource.class
3067ecddc85921690a922c76e6a0689b73b657c20677e95fac43d2ee7ed8a20b	subprojects/groovy-ginq/build/classes/groovy/main/org/apache/groovy/ginq/provider/collection/runtime/QueryableHelper$_navigate_lambda1.class
3069f14c0cc01f33d3a523485cce0884846ec3b05ac868c1ecde08a4c73959ff	build/classes/java/main/org/codehaus/groovy/runtime/IOGroovyMethods$3.class
306cf387577a1b7afc5e22e14db6b6f87d4ea1ee6e9a2c930092dc49ac15e0b6	build/classes/java/main/org/codehaus/groovy/tools/Utilities.class
307b2afa167d8f8a00e460b77e10de7066d53bcbf638b8b74dc880066934329c	subprojects/groovy-sql/build/classes/java/main/groovy/sql/Sql$23.class
30989411c39b6ffc28f48e4d3e0922592ef65e4ded3b0618464d9ffdd5106fe9	subprojects/groovy-console/build/classes/groovy/main/groovy/console/ui/AstNodeToScriptAdapter.class
30ab11cabc0f844fe2e9be26dd811ba38ed1d436d9b3b1937978a590b85eaf8b	subprojects/groovy-xml/build/classes/groovy/main/groovy/xml/StreamingMarkupBuilder$_closure4.class
30bf001ec445c84c0f8023ab72a6da28adddaabc6932326215be3c9712fe6bc4	build/classes/java/main/org/apache/groovy/parser/antlr4/GroovyParser$CompilationUnitContext.class
30ca781f547768f37d489ebd207623b7de894cf0ebd24bf3cd073ca7aa5c0591	build/classes/groovy/main/org/codehaus/groovy/transform/ASTTestTransformation$ASTTester$_test_closure5.class
30e30648851b2ea65d6263cece57f2d3ec7b9076d7094d8438b13a0f807ac97f	build/classes/java/main/org/codehaus/groovy/transform/stc/TraitTypeCheckingExtension.class
30f3f3d5a0602567dc0f2108942666f1004c9deeffb637b8733ab477c9b6cbe1	subprojects/groovy-xml/build/classes/java/main/groovy/xml/slurpersupport/NodeChild.class
30f9a710cd3c091761db0e62da1ae17a3ba1c87e0f4ecba8580176fced5fd301	build/classes/java/main/org/codehaus/groovy/tools/FileSystemCompiler.class
3103a8bcca2fc9f019dd9147c07cb4e81ee11f0eefd80818bf5400951445876b	build/classes/java/main/org/codehaus/groovy/control/CompilationUnit$2$1.class
31257d89507422f09e7c7a9dc24e981f02adecdff4ade2872c46ba28bc2f3008	build/classes/java/main/org/codehaus/groovy/control/ResolveVisitor$Interrupt.class
3153a8bd639f305d55dd18a2cbaff045864b02df9158c034b1aaa37990e68c60	subprojects/groovy-xml/build/classes/java/main/groovy/xml/streamingmarkupsupport/StreamingMarkupWriter$1.class
315a3a8fa7b699b5913f5f45297af9ffa0d90ca1b7bd4d708b1b3f56c48b908b	subprojects/groovy-test/build/classes/groovy/main/groovy/mock/interceptor/MockInterceptor.class
3165082fc277cebe75675e78c0ab3d944ca03adf385d7a5f0c57ddb01c0eea09	subprojects/groovy-console/build/classes/groovy/main/groovy/console/ui/view/BasicMenuBar$_run_closure1$_closure4.class
3183e9f8801279f8c51d3a673044a79f472e31d57c29d94eb3f5c7fa5887dea9	subprojects/groovy-test/build/classes/groovy/main/groovy/test/GroovyShellTestCase.class
3189da986eacd45a2ce5c66b68d086ada94b9e86ff3e60bd8df7043dc6ea2c82	build/classes/java/main/org/codehaus/groovy/runtime/dgmimpl/arrays/IntegerArrayGetAtMetaMethod.class
3194a4138ef2fec7d6639d2e6fd2b3845580b6fd0db5bce9c4da06bdfa69038e	build/classes/java/main/groovy/transform/AutoClone.class
319637e1168a0d5c57aa2c1d8d7c631a98d120c91902995e7c8da20b05e0e7a0	build/classes/java/main/org/codehaus/groovy/syntax/TokenUtil.class
31965f6cad9e6a85db40975f16e9a9a2cbed6472006adb103daa5a55031ac0fd	build/classes/java/main/org/apache/groovy/plugin/DefaultRunners$Junit3SuiteRunner.class
31b47f074a9f484558efa440dc9c8ffe54b80f5b7d801fbb172d82f5a4942501	subprojects/groovy-console/build/classes/groovy/main/groovy/console/ui/ObjectBrowser$_makeCard_closure3$_closure14.class
31ce3b6dd03291701b7de35f6b56a7ff6c8fada9dec5c6bec440d34bdb1a8597	subprojects/groovy-console/build/classes/groovy/main/groovy/console/ui/ObjectBrowser$_makeCard_closure3$_closure13$_closure16.class
31dc3ba8305e3346311a0ed2fc6fe915cb18a242a7fde64b1fe8f8930ea88798	build/classes/java/main/org/codehaus/groovy/runtime/wrappers/DoubleWrapper.class
31efbec9286970e4c3aa0a3d36b1b5377b80451e8a6a9cb4b233adb19d61148f	build/classes/java/main/org/codehaus/groovy/runtime/callsite/StaticMetaMethodSite.class
31f3af22997d599321001abb5e58a52c9726adedafc0ac0758205e3a93a732d9	build/classes/java/main/org/codehaus/groovy/runtime/DefaultGroovyMethods$CollectManyIterator.class
320646428236cf6643cce99d97e0d31282422a34095c9723f56fb34797ffd806	build/classes/java/main/org/codehaus/groovy/runtime/callsite/PojoMetaMethodSite$PojoMetaMethodSiteNoUnwrapNoCoerce.class
320ea6bf07f5e2c7f134427c552e255233dca07c1130ee23725a0b35e5b7e3fd	build/classes/java/main/groovy/lang/Closure$1.class
3219677917e84922b12b4bcae2fb0a582ad2006c17ad3c616648bcc2f9ecf16c	build/classes/java/main/org/codehaus/groovy/reflection/stdclasses/CachedClosureClass.class
3224fea288993281a470bd7bc55123f1126a40720e46994b203a5227ef51f4dd	subprojects/groovy-swing/build/classes/java/main/org/apache/groovy/swing/binding/BindingUpdatable.class
3235b4a5f2a8c3a5e6290cb01e730a85c4c4e2e31e5256b5b29a612425d946aa	build/classes/java/main/org/codehaus/groovy/vmplugin/v9/Java9.class
3244a3d62f23ac4ac837792373e68537636f92569489ce7bcb8048aa37bcaa21	subprojects/groovy-ginq/build/classes/groovy/main/org/apache/groovy/ginq/provider/collection/GinqAstWalker$_correctVars_lambda15.class
325755ec1455e171ea962ff7536ee4d62fade665362bbc11927bb7046da669b4	subprojects/groovy-ginq/build/classes/groovy/main/org/apache/groovy/ginq/dsl/GinqSyntaxError.class
3281bbe191a298c358366b3cab118930aa96636b1ae1eafabebc58d967afa6ea	build/classes/java/main/org/codehaus/groovy/classgen/Verifier$9.class
329325ea7a024c93cacbc65da75df5ec1fe969136f53379ce54c3eecd36c01b1	subprojects/groovy-macro/build/classes/groovy/main/org/codehaus/groovy/macro/matcher/ASTMatcher$_visitClass_closure2$_closure49.class
32953a489e9813d152dcb905bfe9889848f1944722dfbe7a7d8d37647f183d30	subprojects/groovy-macro/build/classes/groovy/main/org/codehaus/groovy/macro/methods/MacroGroovyMethods.class
329dd8c9b79135fe692fc80b749baec44d9975a9bfa307b51296bbbfbc3303ec	subprojects/groovy-console/build/classes/groovy/main/groovy/console/ui/ObjectBrowser$_makeCard_closure3$_closure14$_closure22$_closure41.class
32a8bda8546fc8a181cee948494fa3f57c28b48a6f92651a5e8885c810463852	subprojects/groovy-swing/build/classes/java/main/org/apache/groovy/swing/binding/FullBinding.class
32c77f0d5781ecb8c53f8e8234ca6ec979415eedc75553a3b41d6e72a69e650e	build/classes/groovy/main/org/codehaus/groovy/tools/GrapeMain$Uninstall$_run_closure2.class
32d13ec6f0181333613116dfca99cc5dbdf5a277b00ab6160a67466bc988da2c	build/classes/java/main/org/codehaus/groovy/util/ReferenceManager$ThreadedReferenceManager.class
32d35ce63606e0556479d014bbfb7f01621fe676fdf50f3451f210be6d0d2a8b	build/classes/java/main/org/codehaus/groovy/classgen/InnerClassCompletionVisitor$1.class
32e67aeb5c8591b1bedf0c2eaf93c92ec69744ba30840c6aaf5c83833f165c8d	subprojects/groovy-templates/build/classes/groovy/main/groovy/text/StreamingTemplateEngine$StreamingTemplate$FinishedReadingException.class
33033dac9ac1bb4ea5a01772193f99ad8179cf8319c8857334566d5ee5d38c00	subprojects/groovy-json/build/classes/java/main/org/apache/groovy/json/internal/NumberValue.class
3308a494e43210e35abe687254373a9f35f3a8a27fe4f54deccb0c7eb0a58206	subprojects/groovy-console/build/classes/groovy/main/groovy/console/ui/TreeNodeBuildingVisitor$_visitMapEntryExpression_closure34.class
330a2f7915b52e6d95042155995604971d810eecac4d5b473e9e27d717bcbcfd	build/classes/java/main/groovy/util/ObjectGraphBuilder$ObjectRefFactory.class
331a18bb2743eae133ae43bd14fab84774d68a6059ef80b559ec14a42008806a	subprojects/groovy-groovysh/build/classes/groovy/main/org/apache/groovy/groovysh/jline/GroovyConsoleEngine$_closure1.class
3328faf67e2c2938b43279085520c080a162c2c5b37d8f556947f20b173eb4ae	subprojects/groovy-json/build/classes/java/main/org/apache/groovy/json/internal/Value.class
3332e7a7a02a8f1dab9edd772adafa0714acc90db436a4258cd7db2e08ca4edd	subprojects/groovy-xml/build/classes/java/main/groovy/xml/NamespaceBuilder.class
3340b60bb60e537195b1f537442541f95fe130dd6d5488e47ab92dfdfb9fc0db	subprojects/groovy-test/build/classes/groovy/main/groovy/mock/interceptor/Demand.class
3346a884cd91798ba10c66b9cffad8e4a0cc68836e3038b9f5b008779b204899	subprojects/groovy-json/build/classes/java/main/org/apache/groovy/json/internal/ReaderCharacterSource.class
335c74f2aca59977f8683e55ee513a121c4dd3f8000fa159eb75e4cb3a2daa0c	build/classes/java/main/groovy/transform/stc/ThirdParam$Component.class
33655b0fc4767be662bdd7d6eae204e1c2409133fd5e7ee8c7dcbff7982990a4	subprojects/groovy-console/build/classes/groovy/main/groovy/console/ui/view/BasicContentPane$_run_closure5.class
336e7e56afdd0deb5de8af5597fe5a91132141428b69ee4e56cd381e4cdb7297	build/classes/java/main/org/codehaus/groovy/runtime/metaclass/MethodMetaProperty.class
33903df7c0e3f07bc6deef850a9ce6ea91960adf225c72eb87c62adde134731d	subprojects/groovy-xml/build/classes/java/main/groovy/xml/slurpersupport/Attributes$1.class
33992c06c774cecd400a5e9bcd31836ca2974dc62e9a1baec63ed3333197adf3	build/classes/java/main/org/codehaus/groovy/transform/tailrec/InWhileLoopWrapper.class
339ce6c38044a2cc2c3af922c7c9cec648a8976152e4ce6fe4392f4f8387b8ec	subprojects/groovy-swing/build/classes/groovy/main/groovy/swing/binding/JListProperties$3.class
33ac31f79c05ead1cc7a0c3af03e4897fc26bb803d1d8bbc9393dbb1dcfc3307	build/classes/java/main/org/apache/groovy/parser/antlr4/GroovyParser$CatchTypeContext.class
33aef0cf59cfea719e4c4dc073d80fa33cd4c6a69088335c53c6b4bfe5fe2f73	subprojects/groovy-console/build/classes/groovy/main/groovy/console/ui/ObjectBrowser$_makeCard_closure3$_closure14$_closure20$_closure27.class
33c1723563633598a4572adf80e00e2fdc97822f61c7b0e1136daac848e48b32	build/classes/java/main/org/codehaus/groovy/control/io/AbstractReaderSource.class
33ee9bf97823bb4e2f302d0e71266e0f7ca6e0eddad3178ca5e6f874a0ede8a9	build/classes/java/main/groovy/transform/stc/FromString.class
340c3e6eb2ae1639eab79067393ccea5683ce028c89e9d1f43b3dd6cae8cf769	subprojects/groovy-console/build/classes/groovy/main/groovy/console/ui/AstBrowser$_run_closure4$_closure11$_closure26$_closure31.class
340e9950ec1fdf77fd7e824a58d74948f22bdb7f8632cb3b4af0c0bec6a0aaf8	subprojects/groovy-macro/build/classes/groovy/main/org/codehaus/groovy/macro/runtime/MacroBuilder.class
3416ba8a47970ca90ccfb236f33c6e2498e25706c13dfb0bcb54d43fcb7a13f7	build/classes/java/main/org/codehaus/groovy/runtime/powerassert/Value.class
3425895cea85a81d721c61a75085469e0ce4e049f46fab1c8e818d1cc989e7b4	subprojects/groovy-docgenerator/build/resources/main/org/apache/groovy/docgenerator/template.overview-frame.html
3439bb5c371382e430b9b2bf37a3f5a4241c39333a4ec11bc6029c1c48980a66	subprojects/groovy-groovysh/build/classes/groovy/main/org/apache/groovy/groovysh/jline/GroovyPosixCommands$NamedInputStream.class
348a9634c69ee493488ea40bcb203c0fb57957d29aa801c295738df3a13b1a91	build/classes/java/main/org/codehaus/groovy/runtime/IOGroovyMethods$1.class
34ceb001c011712ee95a13e2cb016be51b82402db99d62632faf6070c269c598	build/classes/java/main/groovy/lang/GroovyCallable.class
34d858b91c0effd6b5d54ce92ec4b8f250a1d4330c3dc3a4e28c498f375af5c6	build/classes/java/main/org/apache/groovy/parser/antlr4/GroovyParser$VariableModifiersContext.class
34f408aa07c57faf464606c48a17e54221abdad913528cd32be54a5a1dfb5863	build/classes/java/main/org/codehaus/groovy/classgen/asm/indy/sc/IndyStaticTypesMultiTypeDispatcher$GenericArrayAccess.class
34f43301d275e090e736165efcbfc4d480f3130ab212fb1c7f7b9c41a6c0f5f1	build/classes/java/main/org/codehaus/groovy/runtime/dgmimpl/NumberNumberDiv$IntegerFloat.class
3513dd4b900be268304241a6c531da94b21e074226b01d5a8fd43bd842351cdd	subprojects/groovy-swing/build/classes/groovy/main/groovy/swing/binding/JTableElementsBinding.class
3532eac5e822b5d8b201de69e37a03a46003c261b80b187a2e75e0892ed2d773	subprojects/groovy-contracts/build/classes/java/main/groovy/contracts/Requires.class
353670fef4aa5436117abab4cd8c951e9b765eda264b839cb35f480b69b0ad19	subprojects/groovy-xml/build/classes/groovy/main/groovy/xml/StreamingDOMBuilder$_closure4.class
354cd7d41e0de8a491f40d400e3fe5f081f18008f42b768f7717ea19de2edafe	subprojects/groovy-groovydoc/build/resources/main/org/codehaus/groovy/tools/groovydoc/gstringTemplates/classLevel/classDocName.html
35567a9371a752f7dc7c19786b7aa7ef807f6fdef3b118f7d91c6eb602166f08	build/classes/java/main/groovy/util/ObjectGraphBuilder$DefaultIdentifierResolver.class
3572246b1623a9407c3ddfb27304b0b75d91096ec012e62b0b2765722357b83e	build/classes/groovy/main/org/codehaus/groovy/ast/builder/AstSpecificationCompiler$_method_closure19.class
357e55e82a728d5c8dc67add53f75b557702c04b391b5203ed0cb54136eb1d5b	subprojects/groovy-cli-commons/build/classes/groovy/main/groovy/cli/commons/CliBuilder$_setOptionsFromAnnotations_closure8.class
35805a74baf835a7a9d8175f7298650203939b4d6a039a409980de1b25da2380	subprojects/groovy-console/build/classes/groovy/main/groovy/console/ui/ConsoleView$_run_closure4.class
3580a9888ac17e6d6872e36b56fff35fe55c6bdc226f3aa38e1dc3a34017029b	subprojects/groovy-macro/build/classes/groovy/main/org/codehaus/groovy/macro/matcher/ASTMatcher$_visitVariableExpression_closure38.class
358369c5ba86c59e6c9e3eb6244dd333bb0d0b9a4329402b4eac184fa9392524	subprojects/groovy-sql/build/classes/java/main/groovy/sql/ResultSetOutParameter.class
358ba3e946ba6dc1196d82992ac2fb1ecd4c6e8fd92adf311f229d0efd40159a	build/classes/java/main/org/codehaus/groovy/runtime/metaclass/ClosureMetaClass$MethodChooser.class
35a3bbfdaf8808f29e71dcae2730308071440738cf604f06e3b0e06799cc50a1	subprojects/groovy-console/build/classes/groovy/main/groovy/console/ui/TreeNodeBuildingVisitor$_visitDeclarationExpression_closure47.class
35be19237424972066cda00fe2b78b047bb3cdf1c57ccd08a90e6807ac446f52	subprojects/groovy-contracts/build/classes/java/main/org/apache/groovy/contracts/ast/visitor/LifecycleAfterTransformationVisitor.class
35bf2faf1f722734f4c4d47e474e66fa1fdb89ee7090df420201ec2b7899c593	subprojects/groovy-macro/build/classes/groovy/main/org/codehaus/groovy/macro/matcher/ASTMatcher$_visitBlockStatement_closure13$_closure66.class
35c8d195f131fc64293a04f691c409884eeeae5c5ab8eb7bd612f676621aa0a3	build/classes/java/main/groovy/lang/MetaExpandoProperty.class
35d678273ca81c9164030edbc422dff381710b5ce16aedac1b62bbf64eaa05aa	build/classes/java/main/org/codehaus/groovy/transform/sc/transformers/CompareIdentityExpression.class
35e70f3fba5be2e20556495d213033dfe22cfbed7b27fe56b115721bafbd7d20	build/classes/java/main/org/apache/groovy/util/concurrent/concurrentlinkedhashmap/ConcurrentLinkedHashMap.class
35fc7b0e1d8705e025c4fbfab9ec33f547fb67014d0ceb5e68b549bff9b31894	subprojects/groovy-ant/build/classes/java/main/org/codehaus/groovy/ant/CompileTaskSupport.class
36228d436b9d42d5a27a6772a3c59e52787cbd3ec92aef9801aea042b715c128	build/classes/java/main/groovy/util/ObservableList$ElementAddedEvent.class
3640d674876b9893fa4ca122e43a4c6009b261751719137f7f485e3c2f37088d	subprojects/groovy-typecheckers/build/classes/groovy/main/groovy/typecheckers/FormatStringChecker$_run_closure9.class
364beab863760788fb0c751ecf1b9b2deb60b19788fed239571f1bfbdf85f1a4	subprojects/groovy-groovydoc/build/classes/java/main/org/codehaus/groovy/groovydoc/GroovyAnnotationRef.class
365c1cbe2ba4e0af3c1b4a196a57956dfed4cf2c96d00e12a33f20ff4908be53	subprojects/groovy-docgenerator/build/classes/groovy/main/org/apache/groovy/docgenerator/DocGenerator$DocMethod$_getParametersDocUrl_closure2.class
3668d2511ad44f5d4743e991e25e90ea5cae0f6729b3e467c1c61b00b1941552	subprojects/groovy-console/build/classes/groovy/main/groovy/console/ui/TreeNodeBuildingVisitor$_visitForLoop_closure2.class
3670211e4f1f867cb6584f29fc9474bfb6b3ee07c183b59d5c8dbe18b51c862b	subprojects/groovy-templates/build/classes/groovy/main/groovy/text/markup/MarkupTemplateTypeCheckingExtension$_run_closure2$_closure8.class
367b5e5c42dd5fd31016e1e1f751f417b090c996cd69fcab8017418a50a0d348	build/classes/java/main/groovy/util/Iterables.class
367e4e95f183210295ce38c6311c8b9738590f51890cedbe6b20041b9d3c6760	subprojects/groovy-console/build/classes/groovy/main/groovy/console/ui/AstNodeToScriptAdapter$_compileToScript_closure1.class
369855124800124da71817033c08900ef508ad3ce78dfeae26b01a66fdd1a37b	build/classes/java/main/groovy/time/TimeDuration.class
36ae60504011bd6c78b551bb469c646c2e75e7c8b17c2dbb246e873251093ab4	build/classes/java/main/org/apache/groovy/antlr/LexerFrame$2.class
36b4e40141c551b54669d7f6545c6a5c94fcb69a97148f89033db802f96b4b00	build/classes/java/main/org/codehaus/groovy/control/ASTTransformationsContext.class
36b8ddf759b8d51a7ccc5fd3c1c3deae22a7f607934a3da366c86f92a675e62d	subprojects/groovy-console/build/classes/groovy/main/groovy/console/ui/ObjectBrowser$_makeCard_closure3$_closure14$_closure21$_closure33$_closure36$_closure38.class
36bc4c8ba45167fff12a44dfc6cfddb3a9d8671008ab9ed09e3b65dad80d4553	subprojects/groovy-macro/build/classes/groovy/main/org/codehaus/groovy/macro/matcher/ASTMatcher$_visitBinaryExpression_closure16$_closure73.class
370b64945f0091a7a16d2162535c49ae312d70880c5b91020e837552214fa145	subprojects/groovy-macro/build/classes/groovy/main/org/codehaus/groovy/macro/transform/MacroClass.class
370c6d70502c83c631f36d2dd2030ddcf74fcdbdd38869bd5f3611ae1b4cf49e	subprojects/groovy-macro/build/classes/groovy/main/org/codehaus/groovy/macro/matcher/ASTMatcher$_visitWhileLoop_closure46$_closure112.class
3726740fffb9ed69bbe18323279f0aa9c295baa5f281ee8202f6525c277320cd	subprojects/groovy-contracts/build/classes/java/main/org/apache/groovy/contracts/generation/PostconditionGenerator.class
3751c65748e0bbec1b8ed05a3080e478a50c389abb5b2c88c6e5e48c436be896	subprojects/groovy-console/build/classes/groovy/main/groovy/console/ui/ConsolePreferences$_buildDialog_closure2$_closure4.class
3763cc9806a8915a3a393ba2fa09043290b6a9f708c603bc6b640dbcaeb4db37	subprojects/groovy-templates/build/classes/groovy/main/groovy/text/XmlTemplateEngine.class
376527818d489b881aff2ee7b9d93fc972c399dbfac38bc580f69b820edb22f5	build/classes/java/main/groovy/lang/Tuple10.class
3771c36e621d86ab38e6bd65dc81686cfcfedc999f6dafb804bbfd1974363eab	build/classes/java/main/org/codehaus/groovy/transform/stc/AbstractExtensionMethodCache.class
3771f8acf4a54f7e99eb1e2ff770c8625b30dbe5d2e937dcfb2220a090519769	build/classes/groovy/main/org/codehaus/groovy/tools/GrapeMain$_main_closure2.class
37755616d127b3a22a45ccf7bb956b10b205a4b7300fefcfe3e90509abed4685	build/classes/java/main/org/apache/groovy/lang/annotation/Incubating.class
37894592f46d1117b2f55fe99f80034c07e978cb2d0b86a4fdf506d64cb7baff	build/classes/java/main/org/apache/groovy/parser/antlr4/GroovyParser$ClassNameContext.class
379ce93bb600ed99c1627fe6b5625d7116975e1be520cbfac17824aea7edb73d	subprojects/groovy-console/build/classes/groovy/main/groovy/console/ui/ObjectBrowser$_inspectAlso_closure1.class
37a702cb0793bbfa5e7921df7b360e6e937c998e07b25180ed80f70fc09733ce	subprojects/groovy-xml/build/classes/groovy/main/groovy/xml/StreamingMarkupBuilder$_closure2$_closure9$_closure10.class
37b94c62ef6990387bfb8c3cfb2dea0a000c9877e618b0ab4ac6062812df0024	subprojects/groovy-swing/build/classes/java/main/org/apache/groovy/swing/extensions/SwingExtensions$6.class
37d4dfd6cfa0b8005fd28733ff19e1f1fe336ab51c6118c6859973352394740e	build/classes/java/main/groovy/transform/Internal.class
37e5f3efd5f2a1629ad323a470de1f96bcfbf986e2abfb66c9b26d461945d3e1	build/classes/java/main/groovy/transform/SealedOptions.class
37f19efd43b968b1c1e51c8160c3709d0867bf07e14ce431a474b80717d9d3bc	build/classes/java/main/org/codehaus/groovy/transform/LazyASTTransformation.class
37f55636990106f643bdbf7b9485ee2d1ce2fbdba454cfd506bebf64f1a9a547	build/classes/java/main/org/codehaus/groovy/ast/stmt/CaseStatement.class
3812c1a21fd35dcac892f2565641fbec619214d71100e282f944529c518d8f67	build/classes/java/main/org/apache/groovy/parser/antlr4/GroovyLexer$Paren.class
3825951705282c14263476ee507798feb8a58d898c52d7c98102d78a22222ef2	subprojects/groovy-templates/build/classes/groovy/main/groovy/text/TemplateEngine.class
382834b0651c8b001a9b756b3d953deee0a7d26ad1a44cda02179a8ba419eb61	subprojects/groovy-groovydoc/build/classes/java/main/org/codehaus/groovy/groovydoc/GroovyDoc.class
3836a5cb905be7fe7e4b8dc57f4ec13d063688a411a045cda803e7212c34a9a8	subprojects/groovy-cli-picocli/build/classes/groovy/main/groovy/cli/picocli/CliBuilder$_create_closure1.class
383c613363e4b35588f84dd9c8a32b0c32795323fb59aea275d8128f4a5885d2	build/classes/groovy/main/org/codehaus/groovy/classgen/genDgmMath$_run_closure1$_closure2.class
38765c53aaac057d89d8b84ca188e849afdc18b36b438084197f441afff09738	subprojects/groovy-macro/build/classes/groovy/main/org/codehaus/groovy/macro/matcher/ASTMatcher$_visitField_closure10.class
387cbeb366be278a9b40405609f660deb8c894062cf43e30d916ec21e65ea27c	subprojects/groovy-jsr223/build/classes/java/main/org/codehaus/groovy/jsr223/GroovyScriptEngineImpl.class
38c391aacc338c5825fadd2e46c643c38eeda1b2972df71fe9d9a94e0bee6bd3	build/classes/java/main/org/codehaus/groovy/transform/MemoizedASTTransformation.class
38ecdd61d36d530cf0cb6f8240eba01ac69c0c73ec86171d64d1f3dae8c5781a	build/classes/java/main/org/apache/groovy/parser/antlr4/GroovyParser$QualifiedClassNameListContext.class
38eff23661657f9d58705971748fbf3ab397b3c81a8297492251188fcd3daa8b	build/classes/java/main/org/codehaus/groovy/util/ListBufferedIterator.class
38f56e0361177806a1ebd6edd02193d7817ca00fa5218a518a17adad4cdd205f	build/classes/groovy/main/org/codehaus/groovy/transform/TimedInterruptibleASTTransformation$_visit_closure2.class
38fa191d5a9cb372367c5f0edf2cc180b07a374c5d47302b7900385ea6d23702	build/classes/java/main/org/codehaus/groovy/runtime/metaclass/MultipleSetterProperty.class
38fb515201caf25aba1e02da1c14a94194e1c0d34bcf8252a7c2858db65aaa10	build/classes/java/main/org/codehaus/groovy/ast/MethodNode.class
390edb2a4a5cdcc0fd051b568a5fbd1a4ba8163a63e4957295f57434b5e6118e	subprojects/groovy-macro/build/classes/groovy/main/org/codehaus/groovy/macro/matcher/ASTMatcher$_visitForLoop_closure45.class
3926f01f61c067a7b16930c2a2b378b76553ea3a0418fa3856877a7f8f65a4ac	subprojects/groovy-xml/build/classes/groovy/main/groovy/xml/StreamingMarkupBuilder$_closure2$_closure9.class
393a4377cd77f8e927db60ffe490ff45c2bc04369394ee4f1b6bad0ee681a962	subprojects/groovy-docgenerator/build/classes/groovy/main/org/apache/groovy/docgenerator/DocGenerator$DocMethod$_getParametersSignature_closure1.class
3941451307ad73a9f73ba22ef43b2e5e16d3d73889c7c0557534135123351294	build/classes/java/main/org/codehaus/groovy/classgen/AsmClassGenerator$3.class
3966a3f0b5c0ee81c4b3ba2e85b1e25cf2d42b0a9a9ea9d3aeaed83b3d54486f	subprojects/groovy-macro/build/classes/groovy/main/org/codehaus/groovy/macro/matcher/TreeContextAction.class
396a59dd471fdf60452943686e0da315cb4143917905dde387de0a6530782c56	build/classes/java/main/org/codehaus/groovy/runtime/metaclass/MetaClassRegistryImpl$DefaultModuleListener.class
39822263ce28d5835a004bbf4b64ae4ea9cfe8e6e1628d41ceb6aa3e4c2d4c15	subprojects/groovy-console/build/classes/groovy/main/groovy/console/ui/Console$_main_closure1.class
39850423e423880adf7e2813e58691f0121e3bac49931cb6bfcf603beb514aee	build/classes/java/main/org/codehaus/groovy/transform/sc/transformers/ConstructorCallTransformer$MapStyleConstructorCall.class
39866de7386da58f42d3d9c020ea6abca8c4fc87eb27a28c37fd3e5ef959c4d7	build/classes/java/main/org/codehaus/groovy/classgen/asm/sc/StaticTypesClosureWriter$MethodTargetCompletionVisitor.class
398b14938c26ce39972f9f93734f4c3c6289a907230cd8d50507c52932b5f972	build/classes/java/main/org/codehaus/groovy/runtime/DefaultGroovyMethods$InjectAllIterator.class
399721d2d4dc03f6a234e26256244f1d78056c80e7da4814139de23bc587c35d	build/classes/java/main/groovy/util/ObservableList.class
39a891d6c73f0dedccd8d633d95a7dd788f49799e6e188887ebe7abb062c4556	subprojects/groovy-sql/build/classes/java/main/groovy/sql/Sql$3.class
39b1cb9afc8f68c93ee9708e95e5f75a162259b4d428e9b4daed00b36473627c	subprojects/groovy-console/build/classes/groovy/main/groovy/console/ui/AstNodeToScriptVisitor$_visitImport_closure6.class
39d51834d15bd9d3f6662d5cf296c78b34231a8d70a4db9a7391f4cfd3fc2cd5	build/classes/groovy/main/org/codehaus/groovy/transform/ConditionalInterruptibleASTTransformation.class
39e42f8cf7cdc191b49070d3390fd55e9cd04943e731de75073547f7c4667ed6	build/classes/java/main/org/codehaus/groovy/control/messages/ExceptionMessage.class
39e813aac0b7ed0cf93d112e9d0969782b537e09d0d6026f5cefa3cf76447db4	build/classes/java/main/org/codehaus/groovy/classgen/asm/BinaryExpressionMultiTypeDispatcher$BinaryShortExpressionHelper.class
39eac411b64c781950e5757bcd174ba64f9dbb426393dd8711308be57ad7bac0	subprojects/groovy-templates/build/classes/groovy/main/groovy/text/StreamingTemplateEngine$StreamingTemplate.class
3a092d4810e32ebd18c1063e08d80e3a7378281c1e119be77c4783bb093109f8	build/classes/java/main/org/codehaus/groovy/runtime/GroovyCategorySupport$CategoryMethodList.class
3a0af196393c8a15f700f1234657fb0fd79a1d58ed6ba3a38ec197dc9650a2b9	build/classes/java/main/groovy/time/TimeDatumDependentDuration.class
3a0b920f5d5c8d683b3ab3e238e1c557be0b1d965a7ea1e6f8423e71d21f7960	subprojects/groovy-console/build/classes/groovy/main/groovy/console/ui/TreeNodeBuildingVisitor$_visitUnaryPlusExpression_closure41.class
3a110b92efe00aff0c7cc1433bb3eb7d727ac38239bad5881ba7a1ea1004f21d	build/classes/groovy/main/org/codehaus/groovy/tools/GrapeMain$Resolve$_run_closure1.class
3a1b371d57ec37a9f36014f515bd27761219970af35ed459b15d4785fce4f873	subprojects/groovy-servlet/build/classes/java/main/groovy/servlet/ServletBinding$ServletOutput$1.class
3a27e6fe0591f7195ef91220d78e495af0a2e7094e232d08521a1f41c40829d8	build/classes/java/main/org/codehaus/groovy/reflection/ReflectionCache.class
3a4708789a8de19c5ac67889b1ea2cc735348cd166706024f35cf33c62efb95a	subprojects/groovy-swing/build/classes/groovy/main/groovy/swing/binding/JListProperties$4.class
3a5481ef0ace2ea8da1b8e84d75ac1a7bb9005aa7c4f05afcec34fbfed06edb3	build/classes/java/main/groovy/transform/ExternalizeMethods.class
3a617ca41df31a23a1b81e0642e8dcc719d1f06abaf011629159d3f32ccd34bb	build/classes/java/main/org/codehaus/groovy/transform/stc/StaticTypeCheckingVisitor$2.class
3a6c53bfd67287d257c0634e4f1656d5f37c59309d4a8a0b7cbcfd5727469bae	build/classes/java/main/org/codehaus/groovy/runtime/callsite/MetaClassSite.class
3a72429a5d43f9b683125689e7bee7aa68ad9e96579d47190946bfc3688b56e0	build/classes/java/main/org/apache/groovy/parser/antlr4/GroovyParser$IdentifierPrmrAltContext.class
3a9680169f4ea41c409a6215f3d474958ff7c7af5db10e87fcdb5af667493b3a	subprojects/groovy-cli-commons/build/classes/groovy/main/groovy/cli/commons/CliBuilder$_addOptionsFromAnnotations_closure4.class
3a9d7e5e53949f8cbb04689ef50dee3888a3e9b63b3cb71b71599c7cc2ad9096	build/classes/groovy/main/groovy/grape/GrapeIvy$_addExcludesIfNeeded_closure12.class
3aa7f379bbba8cf3dfb18d2a49af8de0257fbbe32145352fc4b607528ebf0c15	subprojects/groovy-contracts/build/classes/java/main/org/apache/groovy/contracts/ast/visitor/ConfigurationSetup.class
3ab685349b9a9e62c8a54733c1f7de139f92d1de62fc53ac5d586f5a17c6d147	build/classes/java/main/org/codehaus/groovy/vmplugin/v8/IndyInterface$FallbackSupplier.class
3af02a8dbd665a4ad97c4693cee889471a0112e073931b5dfdccc068cc3f9da9	subprojects/groovy-groovysh/build/classes/groovy/main/org/apache/groovy/groovysh/jline/GroovyEngine$MethodCompleter.class
3af959e630f0edf94f8025afcbb4a90013aa34ebe0f6a5c6d3e4c461284650c0	build/classes/java/main/groovy/lang/MetaClassRegistry$MetaClassCreationHandle.class
3b2a4b441d2819e07ebda1e17cd5655ee71626ab4d2bc1669037f3264e85a6e5	subprojects/groovy-ginq/build/classes/groovy/main/org/apache/groovy/ginq/dsl/GinqAstOptimizer$_transformWhereClause_closure4.class
3b309789ea27a063d338df2bcea8faf13b1fe5b14af5a58dd5e825637da20b85	subprojects/groovy-swing/build/classes/java/main/groovy/swing/model/ClosureModel.class
3b4f4bacf637aba491b15a81868e235dfe31b48573aa6a43124df97217cabe5d	build/classes/java/main/org/codehaus/groovy/runtime/m12n/SimpleExtensionModule.class
3b5354396a7798f6d021c929fc0ffbbcd637e40c7896e35111e9f3268b22d73b	subprojects/groovy-console/build/classes/groovy/main/groovy/console/ui/ConsoleTextEditor$LineNumbersPanel.class
3b6e968e5bb1414cc5390cc00a62cd48f688a9cdcd06b09af71b6944950d6c6a	build/classes/java/main/org/codehaus/groovy/ast/decompiled/TypeSignatureParser$2.class
3b73ab7cb6e857787afa57744a8b08b29ea234ecdba174cc926d6e2ed0773f57	build/classes/java/main/org/codehaus/groovy/control/io/StringReaderSource.class
3b77547e9748596bf076ded1c62c7aef880257db117cfb3ba463461376bface6	build/classes/java/main/org/codehaus/groovy/runtime/RangeInfo.class
3b7eeb75ab57e54fdcc8c15d2620e9a15e5b1665496cddf049a4307c1c8225f2	build/classes/java/main/org/codehaus/groovy/runtime/typehandling/NumberMathModificationInfo.class
3b7ffdb04b8ce1c7218d7412cdac44f5a525d7377ba70c4828a2d805b9820b5a	build/classes/java/main/org/codehaus/groovy/runtime/dgmimpl/NumberNumberMultiply$LongLong.class
3b87b92a65c5184de2a48f9ba354a01977a607a1130ad9cc17ce7a630b44fa03	build/classes/java/main/org/apache/groovy/parser/antlr4/internal/atnmanager/ParserAtnManager.class
3b9eb4ce3ae20232c1cd736586a8987a2334ee12c56cc84ff5bab1b2e5358561	build/classes/java/main/org/codehaus/groovy/ast/decompiled/ClassSignatureParser$2.class
3bb831da1b939c2939699537f5ae666de82594727d315d00d0266a01c45bd209	subprojects/groovy-swing/build/classes/java/main/org/apache/groovy/swing/binding/PropertyBinding$2.class
3bbaf49b56ec99ea95501bb25e73073472453b567d0e2a3f09cd33de23dc835b	build/classes/java/main/groovy/lang/MetaClassImpl$ReadOnlyMetaProperty.class
3bc0043a396dc37b51b4145539b5448f1fea50775e6705bad34a5e85c9c3a857	subprojects/groovy-cli-picocli/build/classes/groovy/main/groovy/cli/picocli/OptionAccessor$_getOptionProperties_closure1.class
3be762480f2973cba1951ca9ba84c6a57b82aca865e3e1edc10f6b8433708efa	subprojects/groovy-contracts/build/classes/java/main/org/apache/groovy/contracts/annotations/meta/Postcondition.class
3c0751a85dadceeb80e8b5df28de456a77c5bf9a278b37e885845d3f5d375fed	build/classes/java/main/org/codehaus/groovy/util/ManagedConcurrentLinkedQueue$Itr.class
3c2cb27ff23c63bb012d017d413c6f23c0080ee0a09184a549506a096d3b2054	build/classes/java/main/org/codehaus/groovy/runtime/metaclass/MissingMethodExecutionFailed.class
3c2fe661e6f3fcea586d5a0ad33323baef50b9d0d8fc0e541e5dd41643ba403f	build/classes/groovy/main/org/codehaus/groovy/classgen/genDgmMath.class
3c438f4c2d2ee6244dc11c351bad0ee071bbaaf14a0803cf1297d03e6345ca3a	subprojects/groovy-console/build/classes/groovy/main/groovy/console/ui/TreeNodeBuildingVisitor$_visitCatchStatement_closure52.class
3c4b717ea9c10fe1c84f89610960f451780140dee2a9ad7e6b501e88225736e0	subprojects/groovy-macro/build/classes/groovy/main/org/codehaus/groovy/macro/matcher/ASTMatcher$_visitAnnotations_closure6.class
3c5a981af94b7ccd46aee1bcf1f08a64a2c05b6dc6b461a35a249b05037c4346	build/classes/java/main/org/codehaus/groovy/transform/EqualsAndHashCodeASTTransformation.class
3c6353bc77d802faaed9cf2609a9571011358ad15f84a21ca7743133d595b3c0	build/classes/java/main/org/codehaus/groovy/classgen/Verifier$4.class
3c6af8109b577243d9839a2259408fe455cad2a9fd5f6b56521bb6b90327ed3c	build/classes/java/main/org/codehaus/groovy/runtime/dgmimpl/arrays/FloatArrayPutAtMetaMethod.class
3c71c11923dae1d9554728800e5d664e977449d8ac99da23f67caa934cc81f70	subprojects/groovy-ginq/build/classes/groovy/main/org/apache/groovy/ginq/provider/collection/runtime/QueryableHelper$_supplyAsync_lambda2.class
3ca4b00c3a3cd312dd432d5406cb6a045c013e020b50f39ee1f310a17dfbff5e	build/classes/groovy/main/org/codehaus/groovy/ast/builder/AstSpecificationCompiler$_staticMethodCall_closure25.class
3cb2ebdaf6725098683481ef36be22159926f11230f08fa7981035b156071d8f	subprojects/groovy-groovysh/build/classes/groovy/main/org/apache/groovy/groovysh/jline/GroovyPosixContext.class
3ccbf3c640fdec97cb97a04f88ad0916d6f0618e9a09271d91ab905c44265d1e	subprojects/groovy-contracts/build/resources/main/org.gcontracts.gdsl
3cd6497e470c165c35bc3a0e1bbe5b20189351174797a59a95f73f983cb4ebad	subprojects/groovy-jmx/build/classes/groovy/main/groovy/jmx/builder/JmxBeansFactory$_onNodeCompleted_closure2.class
3cdbf688593fc0ae515031acb0565bbaa13060b693f6aeea52c93ab91ccfd28e	build/classes/java/main/groovy/transform/stc/ClosureSignatureConflictResolver.class
3cfd14b3c6466a528ee7e9543b08580a28ffa7a680c58752fecf1bd8ee28a5bd	subprojects/groovy-contracts/build/classes/java/main/org/apache/groovy/contracts/common/base/BaseLifecycle.class
3cfe2ed44b022a6598bfe8378c51cee6377dc20f841339ce48c2756947df74e8	build/classes/java/main/groovy/transform/AutoImplement.class
3d031630937126cac56bf436d23df1ad66466a533234f4c5fc36ed7f7c02664a	build/classes/java/main/org/codehaus/groovy/ast/decompiled/RecordComponentStub.class
3d1d3355fb237bfea5c41d3cdcbd630864a1825b2e73a3bb9ff17c0ef1f95047	subprojects/groovy-xml/build/classes/java/main/groovy/xml/streamingmarkupsupport/BaseMarkupBuilder$Document$1.class
3d1f29660d5d894f832c60ff0137297219ba0b16fe248c5d3c06ff89859eae66	subprojects/groovy-xml/build/classes/groovy/main/groovy/xml/streamingmarkupsupport/AbstractStreamingBuilder$_closure2$_closure6.class
3d4a0497c80493e0301042f0e8272fe7b9c8efd79db8c9f6251949cd28556d8c	build/classes/java/main/org/codehaus/groovy/runtime/dgmimpl/NumberNumberMinus$IntegerLong.class
3d4ecac3bbb63634fad0482b611527941ad275595a1ce0cb278a11eca64b5fa4	build/classes/java/main/groovy/grape/GrabAnnotationTransformation.class
3d70a0376254985413b7171b7b154a32e3357363f45cb610e8cc400036ab883a	build/classes/java/main/org/codehaus/groovy/vmplugin/v8/IndyGuardsFiltersAndSignatures.class
3d917a87624e9565e8aacec678b9214d3c529fb92af369776dba20f9aef6e47f	subprojects/groovy-contracts/build/classes/java/main/org/apache/groovy/contracts/domain/Contract.class
3da01b491a6b8e8d5a2320c9ada1a863c9383a785eb2466682f30bbd706eba38	subprojects/groovy-groovydoc/build/resources/main/org/codehaus/groovy/tools/groovydoc/Main.properties
3db826ff64bee64b8982bf47f61749dae4bb4323508a019dc665567a031525a5	build/classes/java/main/org/codehaus/groovy/ast/expr/MethodReferenceExpression.class
3dbb0018a83768c776c956f1a3420befca9506820b628c2bd21b4a7ac28d0daf	build/classes/java/main/org/codehaus/groovy/runtime/DefaultGroovyMethods$TakeWhileIterator.class
3ddb1a4bb19e0cc800bea56479ae9d2c0a0712e4444c0079a8d9f729a8b7c9a0	subprojects/groovy-typecheckers/build/classes/groovy/main/groovy/typecheckers/FormatStringChecker$1$_checkFormatStringTypes_closure5.class
3de1553b9edd6a84c72dd72d33e82a8a2982af5bc84d207ac05fbfe90626accc	build/classes/java/main/org/codehaus/groovy/util/LongLongArrayColumnIterator.class
3e0b09da5175c10a19df311f99f436eb9bac503b7051a84e61788285769631e4	subprojects/groovy-macro/build/classes/groovy/main/org/codehaus/groovy/macro/matcher/ASTMatcher$_visitMethodCallExpression_closure14$_closure67.class
3e0d9b7f35e62778c309996dcc8d74105d5b5b71d06c98ed6c410f9734aa04b7	subprojects/groovy-sql/build/classes/java/main/groovy/sql/Sql$4.class
3e0df7cc5095b0efc03bfd5504441cb40af2bbd383f3d5a743877d957401af04	subprojects/groovy-groovysh/build/resources/main/org/codehaus/groovy/tools/shell/Main.properties
3e1f94a469eced5340df480e6538e94ea644e954512fe832a04a429029711c3a	subprojects/groovy-macro/build/classes/groovy/main/org/codehaus/groovy/macro/matcher/internal/MatchingConstraintsBuilder$2.class
3e2090b76d2f77d688ef4fb0713ca5d4293840432a0c0a43e4872798b221d461	subprojects/groovy-json/build/classes/java/main/org/apache/groovy/json/internal/Cache.class
3e2c4b0e79633fb5855fd4dd9f0c58dfa4342f0053d16852c68b88fc1372b46a	build/classes/java/main/groovy/lang/DelegatingMetaClass.class
3e2dcc97109497affdbdb78c7ee48744ec6744816fb7e0aa85c054f8e99cf41f	subprojects/groovy-console/build/classes/groovy/main/groovy/console/ui/TreeNodeBuildingVisitor$_visitAssertStatement_closure8.class
3e30aaddb4f004005e11dc04822f8ed6931c9e897ac870f760c35f95ee444f67	build/classes/java/main/groovy/lang/Writable.class
3e3a426b972043b3e137c622de0f35d26569b9e0ac3f10b6ba21ce306fc3da5f	build/classes/java/main/org/apache/groovy/util/concurrent/ConcurrentReferenceHashMap$KeySet.class
3e4065ca705fff759da64ac6b3e8fba6c245a62fba2c09c5a317176ab4f7afbe	build/classes/java/main/org/apache/groovy/parser/antlr4/GroovyParser$SwitchExpressionContext.class
3e42b778b6b6241a107a69b58bb8ea226742584f278f565bae93ade45ddc48ac	subprojects/groovy-console/build/classes/groovy/main/groovy/console/ui/AstNodeToScriptVisitor$_visitBlockStatement_closure18.class
3e4478b7e68a13befbb35cb01037f380ea64f55dfbbaee8790fb330862259ef4	build/classes/java/main/org/apache/groovy/parser/antlr4/GroovyParser$MatchingTypeContext.class
3e46edfe21296e08d5c5741b9fdaaee0273225d15e98c955575c4fddebf4a839	build/classes/java/main/groovy/transform/stc/ClosureParams.class
3e4dcf2454615c02a62afa08a51cf0946dc76d7eae61752e332d79558f394df3	build/classes/java/main/org/codehaus/groovy/reflection/ReflectionUtils.class
3e4fa54216e701a59f389ca2d370362facfc459cf299f62399e3dbd70c5e49cd	build/classes/java/main/groovy/lang/GroovyShell.class
3e5dda8d39efc7c1481b2d1dc7aa521000bdf8841e88769dfe953075df70a2d8	build/classes/java/main/org/codehaus/groovy/ast/expr/ArrayExpression.class
3e600f240ab395d6b6eccb7988a836dd18b1323991fcccb7ffe70339616d5535	build/classes/java/main/groovy/lang/DeprecationException.class
3e64760424a918652041afc521b9f96e43c9cfc492da8650e10c1bcd04499b0a	build/classes/java/main/org/codehaus/groovy/transform/trait/Traits$TraitBridge.class
3e6a1ab947bf667f31093af1c45b1c4d99965770bf9705e6e466135b2483877b	subprojects/groovy-xml/build/classes/groovy/main/groovy/xml/StaxBuilder.class
3e8556ce1a4f68cc05ed8333b5dbb4831afdd5253b3979687412cce89c98f89f	build/classes/java/main/org/codehaus/groovy/control/customizers/ImportCustomizer.class
3e9afe508a85dbdf65b80431c02dc4eac7c54b4533a97e50187a95d7ceaf012e	build/classes/java/main/groovy/beans/PropertyWriter.class
3eaf78769e8268290c6c4b592da4ea3ea181b7770493eda59a631b5e18ce3db3	build/classes/java/main/org/codehaus/groovy/tools/javac/JavaStubGenerator$1.class
3eb2f2f2573d8dd4dc0b1c3ae94b781f97ba19e23bfb50c7c395e5489288250b	build/classes/java/main/org/codehaus/groovy/ast/stmt/WhileStatement.class
3eca96712a236555769927facf2bc7603ec10a16441cc3d66a64d0d2bc616471	build/classes/java/main/org/codehaus/groovy/ast/decompiled/AsmReferenceResolver.class
3ed7680deb899801b52fef0a167558fbdf771863719009941cbacaf68080dd80	subprojects/groovy-console/build/classes/groovy/main/groovy/console/ui/view/BasicContentPane$_run_closure3$_closure7.class
3ee71851b0778b2e3b6a945152db835dc82d381ee8787bcaf95f44caf60244af	subprojects/groovy-groovysh/build/resources/main/nanorc/json.nanorc
3ef0dd86017e9f7668131b8e073cc23927db0901be9ec042304d3351d0f11a97	build/classes/java/main/org/apache/groovy/ast/tools/VisibilityUtils.class
3ef552161dcd4bbf0c2d6f125acecd3a89c724c0288e5c49954e81adc55bcda1	subprojects/groovy-xml/build/classes/java/main/groovy/xml/MarkupBuilder$CharFilter.class
3efadb06e586f6e942499737e31f7128986c68f01cefba0e0cc6961ffaea7d01	build/classes/java/main/org/codehaus/groovy/transform/ToStringASTTransformation.class
3f061b2f85b77e56d4f45e88e15232c039df2d85e400a0cfed963ea398d02d7c	build/classes/java/main/org/codehaus/groovy/util/FastArray.class
3f194f65700a34a4e21816c6db7594643338314f0f27c00561e2e93f165a6f30	build/classes/java/main/org/codehaus/groovy/transform/GroovyASTTransformation.class
3f2695c260848b52532b9de171e7637b4187b9c0641d2f9abd81b3791adcae1f	build/classes/java/main/org/codehaus/groovy/control/messages/Message.class
3f374dac6560fefefa4a6409812a3c4248db1cf9956add5e79830e9f93058d6e	subprojects/groovy-docgenerator/build/classes/groovy/main/org/apache/groovy/docgenerator/DocGenerator$__clinit__closure18.class
3faa822fa22818cf844ae68d570235c98d7efe536734e73f09ea609f731f8ad7	subprojects/groovy-swing/build/classes/groovy/main/groovy/swing/factory/InternalFrameFactory.class
3fbd76aeeaa0b2fdef1d39ae628d3657daf03396be42d8f47dde4d72ee49c3ae	subprojects/groovy-ant/build/classes/java/main/org/codehaus/groovy/ant/FileSystemCompilerFacade.class
3fc86e8407bd072b110a25278f414c8c63699252396d712680fc33f0f2a713e2	build/classes/java/main/org/codehaus/groovy/runtime/InvokerHelper$2.class
3fca79e40e936d7790aaefadddfc5dbb3b7494c8f4b2e35c33c1f5de2636903e	build/classes/java/main/org/codehaus/groovy/runtime/powerassert/PowerAssertionError.class
3feb57e7e59d4d2cf35588c3b81081888cc4ce365658ae9db561a940bbcf1393	build/classes/java/main/org/codehaus/groovy/runtime/callsite/GetEffectivePogoFieldSite.class
3fef4940581b4a37e7159825f52edf656156cefad93105356c3086042815048b	subprojects/groovy-swing/build/classes/groovy/main/groovy/swing/binding/JComponentProperties$2.class
3ff9a194e662ac5c25dfa805ffcacfbe21fcaceca8753783d08c5dc3fe7f93e3	subprojects/groovy-sql/build/classes/java/main/groovy/sql/Sql$1.class
401c34f4fd1f08dc28f7128179e9eee848426c4283b6bd48226ee99b5358c2d6	subprojects/groovy-contracts/build/classes/java/main/org/apache/groovy/contracts/common/impl/EnsuresAnnotationProcessor.class
40293a65c0f00adff4b60f2cfea3a78032d9d66237305229b01f2cd5c9da248d	build/classes/java/main/groovy/util/ObjectGraphBuilder.class
402cca2d55554972a6a7d4c1d442afaca7fc816eb6f3c5cf1b391fe75598d6e0	subprojects/groovy-console/build/classes/groovy/main/groovy/console/ui/ObjectBrowser$1$_mouseReleased_closure1.class
4036f529ebc20796f82866a5f009a9a70704d5903f3452af38004cdc8506e88b	build/classes/java/main/org/codehaus/groovy/transform/GroovyASTTransformationClass.class
404e00d18f449cc3f7015e22f942d6c4bc04b0825d14111c479ee1f6094e589d	build/classes/java/main/org/apache/groovy/parser/antlr4/GroovyParser$ExpressionListElementContext.class
406d3fb93afe47a1d26052e4a78c8ffef84c06c6ce21c94bc3204ff5aa5a82fb	subprojects/groovy-macro/build/classes/groovy/main/org/codehaus/groovy/macro/matcher/ASTMatcher$_visitTernaryExpression_closure17.class
407790362cdb7232dc0b1e33a87befe1f9c8561db1c091b511a2e4e5e255db8f	subprojects/groovy-groovydoc/build/resources/main/org/codehaus/groovy/tools/groovydoc/gstringTemplates/topLevel/overview-frame.html
407df7a5ec913d199f9ea5e3ff7224b811cbcf4a54b89363a9993c8df79b3fcb	build/classes/groovy/main/org/codehaus/groovy/tools/GrapeMain$Uninstall$_run_closure3.class
408cbc7fd0dc1fbf01cb8ba65fe3e2b21ef3abf73f5bf4e8c78e2d51e3d929c7	build/classes/java/main/org/codehaus/groovy/ast/ModuleNode$1.class
40a7b1e1ed0bb0bd447dc91bad262da66e0fb97fec6e6ac9d893e7ce0a3f2f1e	build/classes/java/main/org/codehaus/groovy/syntax/Token.class
40bb7e53a283c459e2712f0e6b7174dde352c6cd91a0a7ece6fe583ca505daf7	subprojects/groovy-console/build/classes/groovy/main/groovy/console/ui/view/BasicContentPane$_run_closure1.class
40cf29bc2c3fe9ff50bc24dbd534c29007673ddf67d61d6cb6cf594cf609242a	build/classes/java/main/groovy/lang/MetaClassImpl$2.class
40d049ec0b7c35648056930b3fd1a99a9515602ba9754aa16ddb2373152318c6	subprojects/groovy-console/build/classes/groovy/main/groovy/console/ui/TreeNodeBuildingVisitor$_visitPostfixExpression_closure23.class
40de8593f2370737cde8cbe2baa7f9e99cd742388b09b11e79ddb8870a7fa9cc	build/classes/java/main/org/apache/groovy/parser/antlr4/GroovyParser$ForStmtAltContext.class
410640b4fc9567512a488293140a5181687c0da432161d3a47b08eea9a0a0ee0	build/classes/java/main/groovy/lang/SpreadMap.class
411e9058b13715d78595d78b592d508b93154ff7cca41235fd24639e9e198a28	build/classes/java/main/org/codehaus/groovy/runtime/dgmimpl/NumberNumberMultiply$LongInteger.class
4123f2980d90509ab65784ec40031f8eaf76c2e1c19b1360346b215ae544df6e	subprojects/groovy-sql/build/classes/java/main/org/apache/groovy/sql/extensions/SqlExtensions$ResultSetMetaDataIterator.class
413cb51f5e33085ebd0acf9ee0c381e9215d678768acade6be5e91856447b996	subprojects/groovy-groovydoc/build/classes/java/main/org/apache/groovy/groovydoc/tools/GroovyDocUtil.class
41459847da2d67014d14a55cfa406fb4cb954ace85863e4cb9975fdd01022848	subprojects/groovy-console/build/classes/groovy/main/groovy/console/ui/Console$GroovySourceType.class
414a63cd2f6c11d21d75c8066c979b363ea86f99db689dbaed8c0a30ff00092d	build/classes/java/main/org/codehaus/groovy/runtime/metaclass/MethodMetaProperty$GetMethodMetaProperty.class
414b617e44010da97252d596277daebdedc94abd4ed96d7628485f69d76b6597	build/classes/java/main/org/codehaus/groovy/runtime/wrappers/CharWrapper.class
415a21654da5149681a07324015e738b83b4e309d57fd4477b6629abbb38ec6a	build/classes/java/main/org/apache/groovy/parser/antlr4/GroovyParser$CreatedNameContext.class
418217133ef914561ad074ab67b2bbd23a0e88e99e5774f0bd2c98e0c751ee8d	subprojects/groovy-ginq/build/classes/groovy/main/org/apache/groovy/ginq/provider/collection/GinqAstWalker$8.class
41a15c9e0a85de95ebbc9e5845ff7caa79b748c061b0ab2551dd7cb6a1d8e5ff	build/classes/java/main/org/codehaus/groovy/classgen/VariableScopeVisitor$StateStackElement.class
41b77a1b93251cea67c4154ba7f217393c5c0b868e205ef520ec9d8c9bc0ed8c	subprojects/groovy-console/build/resources/main/groovy/console/ui/icons/font_down.png
41ce931b4d983502c002f254f1de7756008a8e948543c124de898e76a076306a	subprojects/groovy-console/build/classes/groovy/main/groovy/console/ui/AstBrowser$_run_closure5$_closure40.class
41d163a9a285700a846fb2e7370b10bb903c865781ded522b172b73af208c26c	subprojects/groovy-sql/build/classes/java/main/groovy/sql/Sql$18.class
41dae6e90b5f0ab883b83cd14c854ea33579cc5ca2c2316261e2761dba13401c	subprojects/groovy-swing/build/classes/groovy/main/groovy/swing/binding/JScrollBarProperties.class
41ec2d038ff56865662c7f478e6bab5dfb44763c613f6ac4a506ada472eca26f	subprojects/groovy-cli-commons/build/classes/groovy/main/groovy/cli/commons/CliBuilder$_addOptionsFromAnnotations_closure3.class
42074b736ae06e0f0743ac06a7697faae40d26b0f9e656147123af9cd0cd123e	subprojects/groovy-typecheckers/build/classes/groovy/main/org/apache/groovy/typecheckers/CheckingVisitor.class
4208f2246055ff1f4097146307998f1e5aaad600889b2002e509b3bb8c67c25e	subprojects/groovy-macro/build/classes/groovy/main/org/codehaus/groovy/macro/matcher/ASTMatcher$_visitPostfixExpression_closure18$_closure78.class
422d93b300d6ef326566c67db7e7b37d4eb9d4bf1cab2b654700ee34ef51f553	subprojects/groovy-groovydoc/build/classes/groovy/main/org/codehaus/groovy/tools/groovydoc/Main$_collectSourceFileNames_closure3$_closure4$_closure5.class
423688ff4579770dc86ad5039b6f8379149ae42dc4eefdf120f3fb41b0622165	subprojects/groovy-xml/build/classes/java/main/groovy/xml/slurpersupport/NodeParents.class
425ff70a04d3f661dbb5167ef1dfbcee188719ea3a8a96a1bbb58c4b27abeb70	subprojects/groovy-swing/build/classes/groovy/main/groovy/swing/impl/TableLayoutCell.class
4266ea270838e77559d9be1ee99543dfeffa2c014b8111b512cb023c770d5c9b	subprojects/groovy-console/build/classes/groovy/main/groovy/console/ui/AstBrowser$_run_closure4$_closure11$_closure29.class
4279a093796d363621a44e0635886ccc4d48ba8e31964827ebd85e8a3faa8251	subprojects/groovy-console/build/classes/groovy/main/groovy/console/ui/ButtonOrTextEditor$_getTableCellEditorComponent_closure1.class
428b8cc0fe0727fd3e6116887f4541c75b477a918cbed16878ef9af7253abd13	build/classes/java/main/org/codehaus/groovy/ast/expr/Expression.class
428fe19043fae322edd2653c9624a69f3baa1fd7ee5be412cc516a0bc15a0689	subprojects/groovy-test/build/classes/java/main/groovy/test/NotYetImplemented.class
42a130a04224ad8e824dc95ccd92afc895da1cebbff0872c76ba5f4edaa319d3	build/classes/java/main/org/codehaus/groovy/runtime/memoize/UnlimitedConcurrentCache.class
42ab9ea11802f51c647deaf3e8554b9400868cc1a57917d173f6c4bf6e21953d	subprojects/groovy-console/build/classes/groovy/main/groovy/console/ui/Console$_listClasspath_closure22.class
42c0de49e3f2aa62f6b391c9d0a0d5a5a41460b1ff7e552609db37b8ff3a024a	build/classes/java/main/org/codehaus/groovy/ast/expr/PrefixExpression.class
42d24a7b665eacc89d664702f62a261ede41e13cb47c272567b52e00eed3f2c4	build/classes/java/main/org/codehaus/groovy/runtime/dgmimpl/arrays/ByteArrayGetAtMetaMethod$MyPojoMetaMethodSite.class
42e1bdbe9519735eeeecf222d7326100fa8b296fca9e5653c8b6d41f107489ad	subprojects/groovy-ginq/build/classes/groovy/main/org/apache/groovy/ginq/dsl/GinqAstOptimizer$_visitGinqExpression_lambda1.class
42eb039cf19e1928630b830e8c64017db6f9f122b3d384c0f00a3f9d069f0744	build/classes/java/main/org/codehaus/groovy/runtime/dgmimpl/arrays/ObjectArrayPutAtMetaMethod.class
43129ebb1bd38ed36c24e5419116f5853d07ab9521601c3b2a44a0a4ccce72be	build/classes/java/main/org/codehaus/groovy/runtime/metaclass/ClosureMetaMethod$MethodClosureMetaMethod.class
432546053bb42ebb6c7144903dc12c908ba3409adf0def57b0798835b83ecad1	build/classes/java/main/org/codehaus/groovy/classgen/asm/CallSiteWriter.class
432e075f36c4e5c22d75ada072d7c6719e26dda5cbbbb72d91fc36f9195a483e	build/classes/java/main/org/codehaus/groovy/transform/tailrec/VariableAccessReplacer$2.class
4335f466efca0d2d43c18f04ef690548934c6a26fbd4ce5674a8477fe92e33f4	subprojects/groovy-xml/build/classes/java/main/groovy/xml/slurpersupport/GPathResult$6.class
43399da9740900032d0e0b691cce1c023b5e2c1fdf9d16c2722782eb2a694b89	subprojects/groovy-console/build/classes/groovy/main/groovy/console/ui/Console$_finishException_closure12.class
4341d1cf481210d7c40283c806012b56481578f77b447c86337f523b6dc05a3b	subprojects/groovy-console/build/classes/groovy/main/groovy/console/ui/TreeNodeBuildingVisitor$_visitMapExpression_closure33.class
4347deb33ea8b5f13438b41bcdfa2de694475ecdcaf202cf81675ad520115779	subprojects/groovy-macro/build/classes/groovy/main/org/codehaus/groovy/macro/matcher/ASTMatcher$_visitProperty_closure11$_closure63.class
434a2c3e1e48df088142632981d428419096dce06849e25adb54df1649047a29	subprojects/groovy-console/build/classes/groovy/main/groovy/console/ui/view/BasicStatusBar.class
43659ff8e8d25eaa7fbbd06ac07c095fbc12ebd758f864f94a3922a076d0829b	subprojects/groovy-macro/build/classes/groovy/main/org/codehaus/groovy/macro/matcher/ASTMatcher$_visitTernaryExpression_closure17$_closure75.class
4375571f9476365909da3adeee217819d2b55759ed86d241d2ddcff8b3e94edd	subprojects/groovy-swing/build/classes/java/main/groovy/swing/model/PropertyModel.class
437566ecd5a7e04179a112be55404f537f611a1dcc3c14e3d26720a652de7b29	subprojects/groovy-console/build/classes/groovy/main/groovy/console/ui/AstBrowser$_compile_closure9$_closure50.class
437b447507b00868f29a5e6ec3b3fec584f7d71d11ce8c0c2564ce30a06894a8	subprojects/groovy-ginq/build/classes/groovy/main/org/apache/groovy/ginq/dsl/expression/FromExpression.class
439190bcd8289fa0eb9d0d562653313499b03ad6e5751a7108b77b926d642303	build/classes/java/main/org/codehaus/groovy/ast/decompiled/LazyConstructorNode.class
43968c904e157d4d12653e4239b770a084e50d4518f6643eeb3b1f3fa37c6a59	build/classes/groovy/main/groovy/grape/GrapeIvy$_getDependencies_closure9.class
439f7b8aabfd3fae163d656456c582d8fb452ed9473526e5e34a11e8797d50f8	subprojects/groovy-xml/build/classes/java/main/groovy/xml/markupsupport/StandardXmlFilter.class
43b1c53f43903556159c8560d615452cfb88c9ff198aeef4e59d2826a8ed7373	subprojects/groovy-groovydoc/build/classes/java/main/org/codehaus/groovy/tools/groovydoc/SimpleGroovyRootDoc.class
43b8668f3475ae35e25950f6055b4b51b10f620cee823b7f9c4644ac5a12fe9a	subprojects/groovy-swing/build/classes/groovy/main/groovy/swing/impl/ClosureCellEditor.class
43c2fa88b111a045f88f34fbf818efe7e5eb1fa22081f50eafb6a6b9cae36754	subprojects/groovy-console/build/classes/groovy/main/groovy/console/ui/TreeNodeBuildingVisitor$_visitSynchronizedStatement_closure15.class
43c553cf7083525e1e7d97c2c9b925df86602b779868771539c60653f73ec56f	subprojects/groovy-xml/build/classes/java/main/groovy/xml/streamingmarkupsupport/BaseMarkupBuilder$Document.class
43f4de13bf1e86793dc7e7875f8c2f376e2ada5c8136789bad06f6ac2657228f	build/classes/groovy/main/groovy/transform/Immutable.class
440fdbc8e88b77f267385e62f75daee0d49dc3b697787777c4018379392f1e86	build/classes/java/main/groovy/util/Iterators.class
441d9fcaae33db1f6959d511a3ff2eadd4ba2518eb7f7a4fc3734fd42c5d7edd	build/classes/java/main/org/codehaus/groovy/runtime/wrappers/Wrapper.class
4426181e328a5cd7dd2e31fdb9db242a8849f7ede57968cc2b455cb4f6c6967c	subprojects/groovy-swing/build/classes/groovy/main/groovy/swing/binding/JComboBoxMetaMethods$_enhanceMetaClass_closure1.class
443ca94b14acd94e67fdf87d203ac8043d842a907e55d5e4fb2fa6539e222191	subprojects/groovy-console/build/classes/groovy/main/groovy/console/ui/AstNodeToScriptVisitor$_visitTryCatchFinally_closure27.class
443eb520da909d4a8a55329d2b2c5ec168ddcb88e896040648dcec80521de483	build/classes/java/main/org/codehaus/groovy/vmplugin/v8/Selector$InitSelector.class
445c408cdb5fa96a89939821e72dc1b5c4e47148dd8fbc9b313a4df4ab759e46	build/classes/java/main/org/apache/groovy/parser/antlr4/GroovyParser$ConditionalStmtAltContext.class
445f9bada1707b11ca5a1749b21888f4c8b4fa698bb74bb91b913a0c36d338c8	build/classes/java/main/groovy/lang/GroovySystem.class
44762180f8dc2c93adec696e2fa55c27a9c4b2fdd30a9542531c42f5a735dc96	build/classes/java/main/org/codehaus/groovy/runtime/dgmimpl/arrays/DoubleArrayGetAtMetaMethod$MyPojoMetaMethodSite.class
44c5d4ab589ebcc44a751a2e005d334744d8ad01b9a778bd1e243f8c808a746d	subprojects/groovy-ant/build/classes/java/main/groovy/ant/AntBuilder.class
44d847da43083e425dfa7eb2ab441a6ba3062abc64fa30dbf847b18009dd9dc3	build/classes/java/main/org/codehaus/groovy/reflection/ParameterTypes.class
44da5b63250f6ecb994b7fe6418c761cdc3eadce4e6ca4f1e776da2600771312	build/classes/java/main/groovy/transform/stc/FirstParam$ThirdGenericType.class
44e64e36df8b2ddda3c5dfaa80a638799233e972cb0adf5ea574cb99e081bac8	subprojects/groovy-groovysh/build/resources/main/nanorc/xml.nanorc
44f1eafed886b8c407a0eaec7feb3b888f2f0f7c29fd29cd0d5937908119a52d	build/classes/java/main/org/codehaus/groovy/classgen/asm/StatementWriter.class
44f9398b1578bc36a9a193c07e89a0f5efee7aead953d05e36973e2438bbd4e8	subprojects/groovy-console/build/classes/groovy/main/groovy/console/ui/view/BasicStatusBar$_run_closure1.class
450607a9802bccbf9017b2db06abf21efad19c5c85ae5f3806d3fc064ae01aa7	subprojects/groovy-json/build/classes/java/main/org/apache/groovy/json/internal/Exceptions.class
451bb56be6b30ec9e245268ec5feaf317d67da6bb6dd44c19b6c11d12c25db92	subprojects/groovy-xml/build/classes/groovy/main/groovy/xml/StreamingMarkupBuilder$_bind_closure7.class
452142a950123895049c73c751e8b1c01400f25d2823d018f1a2ee7506cad1c1	subprojects/groovy-groovydoc/build/classes/java/main/org/codehaus/groovy/tools/groovydoc/MockOutputTool.class
4530138432e5f990c53c546206c99af475c6fae01af0999d4b01488777a59bcd	subprojects/groovy-docgenerator/build/classes/groovy/main/org/apache/groovy/docgenerator/DocGenerator$_parseSource_closure2$_closure19$_closure20$_closure21.class
4531529cd8ca2c7326b9e51e053094175fc69d203ec0ff861074a33876b7968c	subprojects/groovy-console/build/classes/groovy/main/groovy/console/ui/text/TextEditor.class
45457db1ffa89f56ec437464520d0b3d520f94058e7886688e362826e1d553b1	subprojects/groovy-groovysh/build/classes/groovy/main/org/apache/groovy/groovysh/jline/MavenCoordinateCompleter$_suggestArtifactIds_closure5.class
4553f975316ad379d28605e1f1b6e579236821ff6beb627b699205978825996d	subprojects/groovy-json/build/classes/java/main/org/apache/groovy/json/FastStringServiceFactory.class
45604ec6de59fa422fdd05d2101327b654679e830600fd4f75df566179a847e4	subprojects/groovy-contracts/build/classes/java/main/groovy/contracts/Contracted.class
45697c7d1f2e01b4666e265b12391e5cfde16d2bfcac52ee7acfce6d33e11bac	subprojects/groovy-groovysh/build/classes/groovy/main/org/apache/groovy/groovysh/jline/SystemRegistryImpl.class
45731f53b141169c345c9853709fbae568c614e06efcf49e8f4c79976981a713	build/classes/java/main/groovy/util/GroovyScriptEngine.class
4574dd11fc9eb3504218cc2c359741324577c058bf0b70fa69096e99bf308595	build/classes/java/main/org/codehaus/groovy/classgen/asm/AssertionWriter.class
457841f22bd1d14ab40a25b482c451f1ac2d21f6d9609247a691d1fb27e16db8	subprojects/groovy-console/build/classes/groovy/main/groovy/console/ui/text/MatchingHighlighter.class
457bf1c458a8f0180056504292561ee9b1b6eccabee76712c8e7c5d9b4dfa3c6	build/classes/java/main/org/apache/groovy/util/concurrent/ConcurrentReferenceHashMap$EntrySet.class
458c6cf6a09f0f7699607fdcc65cb07a6ebf8695be821c46e0abf0d14456d45b	subprojects/groovy-xml/build/classes/groovy/main/groovy/xml/StreamingDOMBuilder$_closure3.class
459ae14a8974b35d57964f4b54efc3efd5cd6bc77db6d602169acfd286af0df6	build/classes/java/main/org/codehaus/groovy/transform/stc/StaticTypeCheckingSupport$FloatArrayStaticTypesHelper.class
45a15a668b2d7c1ba4c15765fcc8a7843bf2f6fab89695a72d9b5169709ed125	build/classes/java/main/org/codehaus/groovy/ast/decompiled/AsmDecompiler.class
45a6d667a5c4945a40e11dbc2dafdab3d5cfac3871dfc17ea8c0253590cbea68	build/classes/java/main/org/codehaus/groovy/ast/decompiled/AsmDecompiler$DecompilingVisitor.class
45ae1ae28fd94fe4e8fe4b1e8c2a7663cf19c24fa4d06de5741adb40b28486be	build/classes/java/main/groovy/util/PermutationGenerator.class
45aeef975e5cc41f8670c6e3fa9758dab3a2078694ca4036349627cce6362ded	subprojects/groovy-groovydoc/build/classes/java/main/org/codehaus/groovy/tools/groovydoc/SimpleGroovyDoc.class
45b59d58ed613e4139cddd5d32e09af6b0d5d44a23015ee5b85afc044fc1c0ee	build/classes/java/main/org/codehaus/groovy/control/InstanceOfVerifier.class
45c697274992e388240089f892f8739c488589eea64168ead23dd73663ce9e89	build/classes/java/main/org/apache/groovy/parser/antlr4/GroovyParser$ModifiersOptContext.class
45e1bfb8c0adebe6fe8a07aa0bd44578eca150f1de2610c13b61e32eff323faf	build/classes/groovy/main/org/codehaus/groovy/transform/TimedInterruptibleASTTransformation$TimedInterruptionVisitor.class
45e48f3fde5f5a9a2344c0b2d3cd7465b6b49c2ec44d3d98d79d74d1cadb5511	build/classes/java/main/org/apache/groovy/parser/antlr4/GroovydocManager.class
45e5b42dc7b9fcc952d75e0713a95813276b8f78f153892ce9479e84b9e1310c	build/classes/java/main/org/codehaus/groovy/classgen/FinalVariableAnalyzer.class
45e60f591e9d10be05b912adcd132c3901fedb4e11e890acfd0e32492b47661c	build/classes/groovy/main/groovy/cli/UnparsedField.class
45ec619068837cf398d36f3def0101d1432041a5d195279fbe40443934d69bf1	subprojects/groovy-macro/build/classes/groovy/main/org/codehaus/groovy/macro/matcher/ASTMatcher.class
45f9c5a387bdb265cd7a8536283e7b0fed9b9c84a02e7f58deb17a06a5934ce2	subprojects/groovy-swing/build/classes/java/main/org/apache/groovy/swing/binding/SourceBinding.class
45ffae737438178ae641ac66753995f92d68c0c81395b99ed29b574519401968	subprojects/groovy-swing/build/classes/java/main/org/apache/groovy/swing/binding/TriggerBinding.class
46046308e21114cc45a9143ec9a2d90154cc6c663f3fcc6cd8899534b83a3712	build/classes/java/main/org/apache/groovy/parser/antlr4/GroovyParser$TryCatchStatementContext.class
460918b4fa500d28abdbe2463aafe78ebe41295eb4d20df906afaf06f1a5c9d6	build/classes/java/main/groovy/util/ObjectGraphBuilder$IdentifierResolver.class
461099dfe098d082d86d2e3a4af9d9efc21e1b659188aea7883f385fb7a37b33	build/classes/java/main/groovy/transform/Undefined$CLASS.class
462f63dd56daa8236da3c2d403e87923ca5b17062fce8f5cccd35d3ef6de9252	build/classes/java/main/groovy/transform/InheritConstructors.class
463c3211f1d49e1e83b502f060fb34a6b4b482a3b36db38b65539aa2dbdbc932	subprojects/groovy-console/build/classes/groovy/main/groovy/console/ui/TreeNodeBuildingNodeOperation$_collectConstructorData_closure8.class
463e6e5432c141abf8dfd54a82183d2fe90117ac98c5595e66ab248622866f86	build/classes/java/main/org/codehaus/groovy/runtime/callsite/ConstructorSite$NoParamSiteInnerClass.class
466cd1e2fc52bb71c2c956c0bcf8fe882b7ab512a2c3e398ddfe37cd6b8952e0	build/classes/java/main/org/codehaus/groovy/runtime/metaclass/ThreadManagedMetaBeanProperty$ThreadBoundSetter.class
46744181de818b387c1362fbd0c35a60e3b561f157d8fce83296fc6ae01af8a4	build/classes/java/main/org/codehaus/groovy/runtime/dgmimpl/NumberNumberMinus$LongDouble.class
46831a007fd201a149fa6c3d2a325fb23f3140a72bdb4e73b63773f5e3cb7c2c	build/classes/java/main/groovy/util/logging/Log4j$Log4jLoggingStrategy.class
46a522f9081aaa773f0486f9c2a8f2d801b8a27e91d840819e72527aebf3d959	subprojects/groovy-console/build/classes/groovy/main/groovy/console/ui/ConsolePreferences$_main_closure3$_closure10.class
46ae9c9d5d57c2f16047b577f401859377323d7ad9c586696b30f51ddd267e4e	build/classes/groovy/main/groovy/cli/internal/OptionAccessor$_getOptionProperties_closure1.class
46b03bb8839b6714d3c8789f9a8eb9ec9bb5bfae105f87930a22b6f4d25b76ab	subprojects/groovy-macro/build/classes/groovy/main/org/codehaus/groovy/macro/matcher/ASTMatcher$_visitProperty_closure11$_closure64.class
46b45277e336de41af77136bdc48bd1beaff1409a1368661b24c32a601956307	build/classes/java/main/org/apache/groovy/parser/antlr4/GroovyParser$EnhancedStatementExpressionContext.class
46d25dfd8bc1df7f459c6c9f2e471d8684b2ca182442fbe7deff0fcbcde483b8	build/classes/java/main/org/codehaus/groovy/control/SourceExtensionHandler.class
46e4019cb052d3e405585bebd866dee4257f32378641c2a7d2c1a813e3493282	build/classes/java/main/org/codehaus/groovy/runtime/DefaultGroovyMethods$CollectIterator.class
470b8285292cadbd3f50c0e96a72f22089c805eb19479092a2e50c39fb0938e5	build/classes/java/main/org/codehaus/groovy/runtime/dgmimpl/NumberNumberPlus$LongLong.class
47173159e8fb392494fa70d0e1e936df7dd7b0beee583832b28b558058c8cf5d	subprojects/groovy-sql/build/classes/java/main/groovy/sql/Sql$AbstractQueryCommand.class
471d7eb7cc2f2b195050fb8c90ce6a6db705ff5bd4ee9a9705320d4473a86ab9	build/classes/java/main/org/codehaus/groovy/classgen/asm/CompileStack$StateStackElement.class
471fcc939864434689310522992db10ac50e1fe9661a9204edb79e1fbb94ea26	build/classes/java/main/groovy/beans/PropertyAccessor.class
472abf5fb563f4fdd6a2a58ebd76eef70e495813774d9d5c58b0a4bc88e213e5	subprojects/groovy-console/build/classes/groovy/main/groovy/console/ui/ObjectBrowser$_makeCard_closure3$_closure15.class
472d6540bd9d5322b1959025b9577e343face59c0c30778323049e587af2f772	build/classes/groovy/main/groovy/grape/GrapeIvy$_processGrabArgs_closure1$_closure18.class
4731b2f8d8238b57df05fe5e537ba1e9ea8d30511c80e3221dc5e8b3dfe52027	subprojects/groovy-groovydoc/build/classes/java/main/org/codehaus/groovy/tools/groovydoc/ResourceManager.class
473f024ebeb543c7ac52abd0c5cffa0e39e69a74973b8c3d604548135972a799	build/classes/java/main/groovy/lang/ExpandoMetaClass$Callable.class
475009cb30b27335700a95152d58338112f4705c2100a4d04e92c4d8191b1b1a	build/classes/groovy/main/org/codehaus/groovy/classgen/genMathModification$_run_closure1.class
4755e73264e4a3b1fdf0d2825109e37b0470cf3ec236d06b37034005d622c075	build/classes/java/main/org/codehaus/groovy/vmplugin/v8/IndyInterface$CallType.class
476816afb08dcf63a13e505710f60cf59b9b3744af6a21b9eb7636d37733f26f	subprojects/groovy-sql/build/classes/java/main/groovy/sql/Sql$16.class
4793317388d7968b57fffbe082958d7d69c67e7b35389c4f69894c62c64d4ae9	build/classes/groovy/main/org/codehaus/groovy/ast/builder/AstSpecificationCompiler$_parameter_closure9.class
479a998b9743ec5b27a08e6677d271af8b5173bc9cd97f3d8dffa9ed289479fb	build/classes/java/main/groovy/grape/GrapeEngine.class
479e7fdb3d108c95a1e36c1d127d1682473da205d7b665c58180b878ff454163	build/classes/java/main/org/apache/groovy/util/concurrent/ManagedIdentityConcurrentMap.class
47c83e248576fb3f1cc76428e3e009528204ef93037e93017a43056e1d87f5e6	build/classes/java/main/org/codehaus/groovy/runtime/GroovyCategorySupport.class
47cd16f021fa2a2539a968ee1d10097497ab4f5428e391b5376911129e44f055	subprojects/groovy-xml/build/classes/java/main/groovy/xml/XmlUtil$1.class
47d8db710e987a6868c59e2c1a7ed420ea1e0982d4e769c22c5378aebed3c7ab	build/classes/java/main/org/codehaus/groovy/util/ReferenceManager.class
47d9de0a9beff40fdb2a690ceb32ed6840f8c0b6562dfab0d6c1dd22983fabee	build/classes/java/main/groovy/lang/NumberRange$StepIterator.class
47da3e2f785bf735a20b3f5d64312695f1a9ff6173912ba633a844eda31b2b00	subprojects/groovy-docgenerator/build/classes/groovy/main/org/apache/groovy/docgenerator/DocGenerator$DocUtil$_getLinkAnchor_closure5.class
47ea45c4dd86bdc88d27699dd142681c6d60b0d27c0ebeffebece1aaff8ee58d	build/classes/groovy/main/org/codehaus/groovy/ast/builder/AstSpecificationCompiler$_tryCatch_closure18$_closure34.class
47fd78a17583b6bb84731813076973ed3d20cd0f0b0ca005cb2f687029f658f9	build/classes/java/main/org/apache/groovy/parser/antlr4/GroovyParser$ClassBodyDeclarationContext.class
4800cf9d6ca1be341d12e381993428c2091a57b9680bba50bafc0e5dbd86117a	build/classes/java/main/org/codehaus/groovy/transform/sc/transformers/StaticCompilationTransformer.class
4801c647506a0f98a985eca7a0477ce2bea7e4f6477c920813088db9b445718e	subprojects/groovy-groovysh/build/classes/groovy/main/org/apache/groovy/groovysh/jline/PackageHelper$ClassesToScan.class
4810df5bb5d66529fef06ea4dbdd948ff16c0decc3f2bb838244dea2e9bcd339	subprojects/groovy-groovysh/build/resources/main/org/codehaus/groovy/tools/shell/commands/DocCommand.properties
48196bae35dc3376c0a15062175edce8d944d69f5aa2eb888e3a853f53216833	subprojects/groovy-ginq/build/classes/groovy/main/org/apache/groovy/ginq/provider/collection/GinqAstWalker$7$1.class
482315e7a1597401ee535f08cf826b7f1b9912329ca158d27506ccb304429a01	build/classes/java/main/org/apache/groovy/parser/antlr4/GroovyParser$CreatorContext.class
482b8969590933a09d756b7266b1fb4d5c7f5a92865026ed21fe3257b43bfe6b	build/classes/java/main/org/apache/groovy/parser/antlr4/GroovyParser$ClassOrInterfaceModifiersContext.class
482dd76577f1e71323224d3b2983f55af03c9c5fc45d6bef6182a9bae5081af1	build/classes/java/main/org/apache/groovy/internal/util/Function.class
482ef5483422b762a1f9a5be83ce419d620719dfb2ee6ca61e1069acab53e89a	build/classes/groovy/main/org/codehaus/groovy/ast/builder/AstSpecificationCompiler$_member_closure13.class
48310b2b533553af6ae8622b1e902e93ccd7722819743500c5dcdd6fc2f60506	build/classes/java/main/org/apache/groovy/util/concurrent/ConcurrentReferenceHashMap$KeyReference.class
483328412eeb984fef2270643d8dbe5c6680582688bbda54a93e35d4b94f7d9d	subprojects/groovy-macro/build/classes/groovy/main/org/codehaus/groovy/macro/transform/MacroTransformation.class
4850a83b1ac29a40bf6930d1badf89b49a3089ada6202554fb7f524bf9b38cb6	build/classes/java/main/org/apache/groovy/parser/antlr4/GroovyParser$NewPrmrAltContext.class
4853ffad7c4079f0e0e559922bc063e74c21b71eb1a7c4ec13cff1a45704b535	subprojects/groovy-macro/build/classes/groovy/main/org/codehaus/groovy/macro/matcher/ASTMatcher$_visitMethodPointerExpression_closure31$_closure93.class
485e777ec34ae23b4c71b0bfaf7e6018658c6fca3bf85e7f99707925b59861f0	subprojects/groovy-groovydoc/build/classes/groovy/main/org/codehaus/groovy/tools/groovydoc/Main$_collectSourceFileNames_closure3.class
487b9fcd18f931755f1995d0822ff2c0f55cdb462fb948304448b5ddc8a70b41	subprojects/groovy-sql/build/classes/java/main/groovy/sql/GroovyResultSetExtension.class
489d489abb62253a3efff9c261849e09bc73ee9b200956049beb67f692dc6786	subprojects/groovy-groovysh/build/classes/groovy/main/org/apache/groovy/groovysh/jline/SnippetType.class
48c73b0ec244d386d51a1e170c8c781571409d0367be9474559b5bada905daed	build/classes/java/main/org/codehaus/groovy/runtime/MetaClassHelper.class
48daccb5be16c1277cb187b9c31ee3f2963075aabd8697162f804f4a27a83f64	subprojects/groovy-swing/build/classes/groovy/main/groovy/swing/factory/FormattedTextFactory.class
48f94e3021f219cb7f99fc33e06de3d945f466ba52992e6e9a0a8f35aaa642b6	build/classes/java/main/org/codehaus/groovy/transform/trait/TraitComposer.class
48f9f7a890babf3f7e68dade84f4449a39e786fdaecf9c5ba5e5caff782604d1	build/classes/java/main/groovy/util/ObservableList$ElementEvent.class
4903167f5817a7b2b4a9b398607470815963892668b6ef8d63331c7c27f774f1	subprojects/groovy-swing/build/classes/java/main/org/apache/groovy/swing/binding/PropertyBinding$PropertyFullBinding.class
4925647d38170c4ce055e577d6fc9e9f9dd9eee7d50544b45b1be208e60488ab	subprojects/groovy-macro/build/classes/groovy/main/org/codehaus/groovy/macro/matcher/ASTMatcher$_visitBinaryExpression_closure16$_closure74.class
49309aa425f2d62a245d55a2f3cf06bebaf9c2304a3a811d9ee388257d25eebd	build/classes/java/main/groovy/lang/ExpandoMetaClass$ExpandoMetaProperty.class
4932ce70fcd0ceb25f91e7c570100d878e1e3d5f6b5109254fde4f91f829b675	build/classes/java/main/groovy/lang/MetaClassRegistry.class
493e1427c5bf3edb1c17fd99b3db8bbff7a9a254ea5fdcd748380baa41608765	subprojects/groovy-xml/build/classes/groovy/main/groovy/xml/StreamingDOMBuilder$_closure2$_closure6.class
4942a0f88e668ffa31a8898c2f90b4fa7b8da904cc08335d520432bcd5fa0287	build/classes/java/main/org/codehaus/groovy/runtime/EncodingGroovyMethods$2.class
494c90ffaeceb9bda479ead8ca59329a0d3a3e502004dad847d8926bd86c7cb8	build/classes/java/main/org/apache/groovy/parser/antlr4/GroovyParser$MapEntryListContext.class
494e31e32bb6d4aadb29ab889b0ca5def274480535258a50fbeb7ba96e48ab21	build/classes/java/main/org/codehaus/groovy/ast/decompiled/LazyMethodNode.class
4955cca9b0099084231bff0e6fc5705b9ec61b5baaf423191789b834246ebab2	subprojects/groovy-console/build/classes/groovy/main/groovy/console/ui/ObjectBrowser$_makeCard_closure3$_closure13$_closure17.class
49581374e5c6c250c20a742cf3f5869cc4816c0bb5350269a7a5e170b9b49d6b	build/classes/java/main/org/codehaus/groovy/ast/TransformingCodeVisitor.class
4977a68bd5ed00c99d9c969d10fc857bca005a9e00df6315f9dddb00ab7ed967	build/classes/groovy/main/org/codehaus/groovy/ast/builder/AstSpecificationCompiler$_genericsType_closure12.class
4978c442a002943af5e15ccec8d08679af76314b7a0d9035a3b6934bb803dd01	build/classes/java/main/org/codehaus/groovy/ast/stmt/DoWhileStatement.class
497d3f6ecebcdee349dd480b86500f7e406228a4f66820a29ae866308a933aa9	build/classes/java/main/org/codehaus/groovy/runtime/dgmimpl/arrays/FloatArrayGetAtMetaMethod.class
498c29fb6684557e6904f07a6f7212b354898149b681c9da393700ae6ca83c78	subprojects/groovy-xml/build/classes/java/main/groovy/xml/slurpersupport/GPathResult.class
499f97e9d6a090b2415e107acc35cccf771327ea15ffa60fe45a76af0a51be40	subprojects/groovy-sql/build/classes/java/main/groovy/sql/CallResultSet.class
49aa9083003ba828bce2bf2e62eea6eee3d62fa31360b115573600962630257f	subprojects/groovy-ginq/build/classes/groovy/main/org/apache/groovy/ginq/provider/collection/runtime/ValueBound.class
49c4438916e3ff86a98a2196ed58d2f6c25a4747e2b76c696de15822e60c2cd0	build/classes/java/main/org/codehaus/groovy/runtime/dgmimpl/NumberNumberDiv$DoubleDouble.class
4a0512c8462862b0512dfd528618fa4fd641bdd30c7820fcdec064cf5bbfad1c	build/classes/java/main/groovy/lang/ExpandoMetaClass$MixedInAccessor$1$1.class
4a14b8fce02964161c78d8973e1f7f4c819b964e7c5b6ad344927e67fb95d6d1	build/classes/java/main/org/codehaus/groovy/reflection/v7/GroovyClassValueJava7.class
4a19cadd6d3d41df6e75182ef64e3af087ad528c12adf4461ccb6619ac0eafff	subprojects/groovy-groovysh/build/resources/main/org/apache/groovy/groovysh/CommandAlias.properties
4a19cadd6d3d41df6e75182ef64e3af087ad528c12adf4461ccb6619ac0eafff	subprojects/groovy-groovysh/build/resources/main/org/codehaus/groovy/tools/shell/CommandAlias.properties
4a36e642aa7ae26c36a0e7a6458d0101f9637fd0805d0867d372c08fe34a53d9	subprojects/groovy-groovydoc/build/classes/java/main/org/codehaus/groovy/tools/groovydoc/SimpleGroovyFieldDoc.class
4a38625cbc7ec0b17315b3f0036e9c90bf0d0b11d6ced27fcb992cd465fbfcd3	build/classes/java/main/groovy/util/ProxyGenerator$2.class
4a434f2e41d20851eb58cb13772e6eb1578b848302b949337a35ba56879281d5	subprojects/groovy-groovydoc/build/classes/java/main/org/codehaus/groovy/tools/groovydoc/SimpleGroovyAnnotationRef.class
4a538444da8165bfc25f73d65a127444f343e05720380b0ab000e4fc0bed4d1d	build/classes/java/main/org/codehaus/groovy/transform/stc/StaticTypeCheckingVisitor$ExtensionMethodDeclaringClass.class
4a5b498d55b19fc9a7608588c7964757026b62653566d4cf266ee1c884cec022	subprojects/groovy-console/build/classes/groovy/main/groovy/console/ui/TreeNodeBuildingNodeOperation$_makeClosureClassTreeNodes_closure2.class
4a5c3e3cce9cfcaef726112e7a5f5b33ea6152dc5d0dc289fa5eedf51da78645	subprojects/groovy-groovysh/build/resources/main/nanorc/dark.nanorctheme
4a746e94cb7f4a077fc5cda6f78e29282968cbd3ebdcd06cb4711cdb77597753	build/classes/java/main/org/codehaus/groovy/transform/PackageScopeASTTransformation.class
4a7f0619d64d0cae646e1ec9fd7126df5b665d4b1767c7069a0b23321117c1ab	subprojects/groovy-docgenerator/build/resources/main/org/apache/groovy/docgenerator/template.class.html
4a8232f60d19f398868f5c63aef5523eae88163befc90998134073cd31fdc5f3	build/classes/java/main/groovy/transform/stc/ThirdParam$ThirdGenericType.class
4a83aee7bd6731a491f19e71da9ac483d5b12caac7e193edd5028f3e2d1f43da	build/classes/java/main/org/codehaus/groovy/ast/expr/SpreadMapExpression.class
4a85de0c969b297bca34719c4cebd5445813ef026c77969054279c6465407764	subprojects/groovy-contracts/build/classes/java/main/groovy/contracts/RequiresConditions.class
4a86274878cb8b071927fd7e60e0d08b1a8f63bb75f598246ffdc455c53add06	build/classes/java/main/org/codehaus/groovy/transform/DelegateASTTransformation.class
4a88bab9d6b34eedcc2901a3e8d05d2968dd6c739bf6c8763529af4d5f33bdcc	build/classes/java/main/org/codehaus/groovy/reflection/stdclasses/ShortCachedClass.class
4a988c3a32999c0697ecc8ec666527fc78976ab459721f8ac361c8d2f648c730	subprojects/groovy-swing/build/classes/groovy/main/groovy/swing/impl/ClosureRenderer.class
4aa01999a637f1d63f75f90f700dd021121676c13716ff08f69cc57f16a9c570	subprojects/groovy-groovysh/build/classes/groovy/main/org/apache/groovy/groovysh/jline/MavenCoordinateCompleter$_suggestGroupIds_closure3$_closure11.class
4abc7b56ea9d2ac4cdcba4f83c78a77764edc2956b701d8e84569668ba698498	build/classes/java/main/org/codehaus/groovy/runtime/DefaultGroovyMethods$2.class
4ac14f8b2bcfbcb1669e9d721b2d6129702626a2c59bfc3357f58b9b546975bb	build/classes/java/main/groovy/transform/TypeCheckingMode.class
4ad1b921c333b58b4a92bb4d596d9ab897f35cdce5fa35699f03abea1ff31319	build/classes/java/main/org/codehaus/groovy/ast/ASTNode.class
4ae502c988bdb92975565d755a97eec71a097ea794e55097daae3453ef1b5b60	subprojects/groovy-console/build/classes/groovy/main/groovy/console/ui/Console$_runScriptImpl_closure23$_closure41.class
4ae65bcc7797f25a06940010a8352a975a639b0ad25718a5515b988c5826ef0b	subprojects/groovy-typecheckers/build/classes/groovy/main/groovy/typecheckers/FormatStringChecker$1$_checkFormatterMethod_closure4.class
4afe1d1bbb785900c6f8d2c7bc11e2a75b436f2e18effbf5e6f3b6869701fb90	build/classes/java/main/org/codehaus/groovy/transform/sc/transformers/StaticMethodCallExpressionTransformer.class
4b0f1598698e47e88d8bdb4c6c4f2d4ea502140a4ed814b1f9f5d90e08c832b1	build/classes/java/main/org/codehaus/groovy/transform/AnnotationCollectorTransform.class
4b10c80074712c7938796e0d5c25a7c96c7b47fe411fcf46bfda5ace5354eb63	build/classes/java/main/org/codehaus/groovy/runtime/HandleMetaClass.class
4b12dd267d8bfcf5a4e2cdecd1fc39853cc3d0f29a79d45b9954dfdcdd83442f	build/classes/groovy/main/org/codehaus/groovy/transform/ASTTestTransformation.class
4b39d90ffe938c6d0712148783af1c3e777f119c5f14cfe92020487ba867d6f2	subprojects/groovy-toml/build/classes/java/main/org/apache/groovy/toml/util/TomlConverter.class
4b536d382494876aa18e3fbe4221076d367e4d874890aaeb6c5ff1238c23fb52	build/classes/java/main/org/codehaus/groovy/classgen/asm/sc/StaticTypesCallSiteWriter.class
4b604db57a41e4190bd9947f4232f21d101f50808bf98a8e2fd12f9f0618c567	subprojects/groovy-xml/build/classes/java/main/groovy/xml/NamespaceBuilderSupport.class
4b66033202bfbdc800174dd77852d177a2a214ddc0e7582545018dd2997232ae	subprojects/groovy-sql/build/classes/java/main/groovy/sql/Sql$35.class
4b6b5cb27360f00c6c788b0fba27a30e881e9e828ddf035cb02cd5927ca25668	build/classes/java/main/org/apache/groovy/parser/antlr4/GroovyParser$RelationalExprAltContext.class
4b7e758c98a9bf1e4c95b18264e43aead43e4793e6188b120582c65c6ac7d063	build/classes/java/main/org/apache/groovy/parser/antlr4/GroovyParser$ElementValuePairsContext.class
4b8a2c56203d824f56dfed09b8207ae4945364f85954c32ebbc65c69cac3ceb6	subprojects/groovy-jmx/build/classes/groovy/main/groovy/jmx/builder/JmxOperationInfoManager$_getConstructorInfoFromMap_closure2.class
4b8ec64de2bb9849a8fac9be10d4a56b09efb4d0fe842456c5b48fdcd7bf9ff6	build/classes/java/main/org/codehaus/groovy/control/ErrorCollector.class
4b9555968c394f1b00e56825534d794ada069a57e1ca2d582671f2ebd071d9df	build/classes/java/main/org/codehaus/groovy/runtime/dgmimpl/NumberNumberMinus$DoubleFloat.class
4bb27ca2c5206a4d45253ab58ec4a4c6f2121c8f3319d30eeaf7644e0eed7d87	subprojects/groovy-console/build/classes/groovy/main/groovy/console/ui/CompilePhaseAdapter.class
4bc6b36fb341534964f5b0f390ded92a9a76cfd20e73cb53df27749692d44fa4	subprojects/groovy-swing/build/classes/groovy/main/groovy/swing/factory/LayoutFactory$_addLayoutProperties_closure1.class
4bddc215e5ec4ee60080a4cd56786fb7a3df1ad16a00fc38be7f47ff9fce8186	build/classes/java/main/org/codehaus/groovy/transform/CompileDynamicProcessor.class
4be8bff872322c7f46a920f887e6e3c72156c962ae008be67ef8a8d719121ab6	subprojects/groovy-test-junit5/build/resources/main/META-INF/services/org.apache.groovy.plugin.GroovyRunner
4c04dff6916f5c0b7cc2d9ecdc9a3a46664850804985dce2cdd8dcb243331ded	subprojects/groovy-sql/build/classes/java/main/groovy/sql/Sql$PreparedQueryCommand.class
4c23ec62e9d6df45f23f07c4df41d58d9589540ea0a3e9b155717451121aa4e6	subprojects/groovy-jmx/build/classes/groovy/main/groovy/jmx/builder/JmxMetaMapBuilder$_buildConstructorMapFrom_closure4.class
4c323ba79b0d85b583605d086e2487031f3b5d3bd9aba9f0feb531b47efe1d4b	build/classes/groovy/main/groovy/grape/GrapeIvy$_uninstallArtifact_closure11$_closure22.class
4c386a0fd67e369f5fe616766544df5e27bead8aa0021bbb7b6f8bec361a0488	build/classes/java/main/org/codehaus/groovy/runtime/DefaultGroovyMethods$InitIterator.class
4c4e8476a76e63041c26fd618595616634b6ad49ec55157d9fec10776baab02c	build/classes/java/main/org/codehaus/groovy/ast/decompiled/TypeAnnotationStub.class
4c5bf2b2b8a5678e98d02ba75c1ee1d868ded69d9dcdd070d59c3d2fcf9bf008	build/classes/java/main/org/codehaus/groovy/transform/stc/SignatureCodecVersion1.class
4c67f48928cecbe591477521dd88e9ced59205a55e02ae4da52b3b58be4eec6c	subprojects/groovy-console/build/classes/groovy/main/groovy/console/ui/ObjectBrowser$_makeCard_closure3$_closure15$_closure75.class
4c6f8b453be06c22ea5ee7ec92e9cfd8aedb164fb6650e5ff452e6da714de84a	subprojects/groovy-console/build/classes/groovy/main/groovy/console/ui/ConsoleView$_run_closure10.class
4c832532bb5bdf92356ca12e8b3da1bef9313f38b36c84791fdbfe3eee50a7af	subprojects/groovy-console/build/classes/groovy/main/groovy/console/ui/text/TextEditor$1.class
4c835c988001d3169bc9184088ca1631c4ebc2a8f4f753a09c34db5d5d9e3aad	build/classes/java/main/groovy/lang/MetaClassImpl$1MOPIter.class
4c8b5d40bb7179db0c4c2d00e18769940de1a724929eeaeb4dd73c8f890d1113	subprojects/groovy-console/build/classes/groovy/main/groovy/console/ui/ObjectBrowser$_makeCard_closure3$_closure14$_closure20$_closure25$_closure28.class
4c942b88d5cef6d5d5209f35d2376f7cf552e8b2befa673d8f37fbcd0b9117ac	build/classes/java/main/groovy/lang/GroovyObjectSupport.class
4ca355b3a4b601ccef6b262c5a445179c406896f604e960f49a419e4fd482610	subprojects/groovy-console/build/classes/groovy/main/groovy/console/ui/TreeNodeBuildingVisitor$_visitClassExpression_closure45.class
4cadc1f099c2b47595cc6066b71740d0090677fc4890c7a4c6afde6fe1f236c4	subprojects/groovy-console/build/classes/groovy/main/groovy/console/ui/AstBrowser$_run_closure5$_closure41.class
4cb46f6713b0f540cd11226b2cb5b74d3a456c5f02412d6823c0328b31732c1a	subprojects/groovy-json/build/classes/java/main/org/apache/groovy/json/internal/JsonParserUsingCharacterSource.class
4cb6b7420c0694dd38e7c3019554ea5220c9abe0adb8ee05b758bdfd6114e988	build/classes/java/main/org/codehaus/groovy/control/messages/WarningMessage.class
4ccc94e0622817fbf61c88aceeb5c3fa771f7765924339388ff944ceb063c6b6	subprojects/groovy-console/build/classes/groovy/main/groovy/console/ui/view/BasicContentPane$_run_closure4.class
4cde23afbed118aac36917c25cbde783abc007590dcf32a4befacb1c615c5939	subprojects/groovy-ant/build/classes/java/main/org/codehaus/groovy/ant/UberCompileTask$JavacAdapter.class
4cde57d30af131144367174b9f28873272efaaf039ef22ffd98365509c6cae8c	subprojects/groovy-swing/build/classes/groovy/main/groovy/swing/factory/TableModelFactory$_onNodeCompleted_closure1.class
4ce79a01ddc7bfd8492f266f88f024dab9330e2d152def73d5ffc0438ac99039	build/classes/java/main/org/codehaus/groovy/runtime/callsite/ConstructorSite.class
4cf28eb4cc1bb011292928c9b017ce0956dea7b8900a3d8d9c4cb4e762b8275b	subprojects/groovy-ginq/build/classes/groovy/main/org/apache/groovy/ginq/provider/collection/GinqAstWalker$11.class
4cf7cb44f886d16af08c5496ef130fef41edbdea0c9b4ac5b44c477894ea6aa6	build/classes/java/main/groovy/cli/TypedOption.class
4cf8f4b1e10fa2e2555b9c0acc7f8d80e1ef83e9b6fa917d27a83d9a28ee6a21	build/classes/java/main/org/apache/groovy/parser/antlr4/GroovyParser$BlockStatementsContext.class
4d29d5ca01f993daaa9ca52253986921312f177783c21171c01d4af6689ede4c	build/classes/java/main/org/codehaus/groovy/runtime/metaclass/MetaMethodIndex$MetaMethodCache.class
4d2e1e54cc0b766d52849b6db0fa4b661eb5649ce134129a10d0ede6958fc66c	build/classes/groovy/main/org/codehaus/groovy/classgen/genMathModification$_run_closure2$_closure5.class
4d31e41ddd087012e394ad45e6334bb2d2b59f222e16cef61c82a2152b31226c	build/classes/java/main/org/codehaus/groovy/vmplugin/v9/ClassFinder.class
4d73990f0a444cfa16be7b3124bfa0732f33272b964cc9038b7dea85f590ef64	build/classes/java/main/org/codehaus/groovy/transform/tailrec/TailRecursiveASTTransformation$3.class
4d7c9fabe72aea6b2ad58e5387e1dd7ba6eec7709ef6bb8bfda28febb476b3c0	subprojects/groovy-servlet/build/classes/java/main/groovy/servlet/ServletCategory.class
4da9a82f1a387498f70b98d41c75ef912bdd3d1e55e4e77f33aa9064f1ba3125	subprojects/groovy-jsr223/build/classes/java/main/org/codehaus/groovy/jsr223/GroovyScriptEngineImpl$1.class
4dac66e9907765228c793ada35879478a6ed0a19aeb99ad019dc98577d66ad32	build/classes/java/main/groovy/lang/MissingMethodException.class
4dee1b6e83f398d5845bf4de7361a4b38e5285f62c6fd091e4cca2f7afbb9cc9	subprojects/groovy-toml/build/classes/java/main/groovy/toml/TomlRuntimeException.class
4dff55d58cd4e1d448a802e1b3bc9c451903d0b0cc8c00c684d60c0500a2726a	subprojects/groovy-swing/build/classes/groovy/main/groovy/swing/factory/RendererFactory.class
4e2889084077a33c86effaf3ecfa35ceb86c623196bce8d3d8cfd4788ae9f57e	build/classes/java/main/org/codehaus/groovy/transform/trait/TraitReceiverTransformer.class
4e2f4303ddc863e466dbbf16ff5811c059a3dc4dd572fe14fe57fc4b1eaaaa1e	subprojects/groovy-swing/build/classes/java/main/org/apache/groovy/swing/binding/ClosureSourceBinding.class
4e31ffae1f65b864d53cef2348b4c2fc807eb90e15e9adc10a34eec445e48db2	subprojects/groovy-jmx/build/classes/groovy/main/groovy/jmx/builder/JmxServerConnectorFactory.class
4e371c66d2fb1bda03ec630e5f68ef2c2e41b597ddb6f2573e4e6b1582e5b1c4	build/classes/java/main/org/codehaus/groovy/transform/ErrorCollecting.class
4e4a0a975d801a59660bd3768a99aa7b2db84d1eb3d1d78101672032aa8fe248	build/classes/java/main/org/codehaus/groovy/ast/stmt/SwitchStatement.class
4e4eef663851a610e434dddcd39ad7c1cf3be1096a307af823dcf8b59952d070	build/classes/java/main/org/codehaus/groovy/ast/expr/UnaryPlusExpression.class
4e65e299ac9de4a23f12e90334bad7cc40ef0742d33b01c940411cec8905ba44	build/classes/java/main/org/codehaus/groovy/reflection/CachedClass$2.class
4e6788f1386fafb9d6b7a9a663fcbb553dfe50aca89539d004e5ffdf1248b1b7	subprojects/groovy-typecheckers/build/classes/groovy/main/groovy/typecheckers/FormatStringChecker$_closure1.class
4e688b9bf4e3695d463438d49b783450bfe957b1740ef6ee36fbffda8f134745	build/classes/java/main/org/apache/groovy/parser/antlr4/GroovyParser$ForUpdateContext.class
4e6b8a895c5d8ee1d4c5c3ede3985b4bbc7816eecd95f9ecdbfc11df22b35a7c	build/classes/java/main/org/codehaus/groovy/control/CompilationUnit$SourceUnitOperation.class
4e737b5d7b381d044015341e539f4e9b91da16b108fa11a29b79ccba4ef5f5a3	subprojects/groovy-jsr223/build/classes/java/main/org/codehaus/groovy/jsr223/GroovyScriptEngineImpl$2.class
4ea4599248b9c8cf550c39f7ef825d214b45a759d1d1e1e329bbe19df359d8f7	build/classes/java/main/org/codehaus/groovy/vmplugin/v8/Selector$CastSelector.class
4ed93ea67d8ffb23e861d8cb66cd95d238697b722dc590c8e3f0190145fa13a9	subprojects/groovy-json/build/classes/java/main/org/apache/groovy/json/FastStringService.class
4edf53af9a1113c5d328fec055e73478d63d1c0741af63bc93b7257c51325db8	build/classes/java/main/org/codehaus/groovy/ast/AnnotatedNode.class
4ee4e782f01aefb0bf29b46bca124fb6c4f6e12c779426db863aad21e7b0b003	build/classes/java/main/groovy/lang/MetaProperty.class
4f1413d65710ff5db6b42e1c42f7081bdce5526230e732fb2338a31dff131cfc	subprojects/groovy-xml/build/classes/groovy/main/groovy/xml/StreamingDOMBuilder.class
4f184b91ca98e9e9c9636c39437b7f981d13eab4d147cc4b156b831173396ad9	build/classes/java/main/groovy/util/ObservableList$ElementRemovedEvent.class
4f1d9f751d0f18d07c0a7f3eee338343b12ad70350fa08cd59072f0693c3928e	build/classes/java/main/groovy/lang/GroovyResourceLoader.class
4f24ca43f6bf200e4465544f3f4c9067cfd190d43a853ed7becd50c47cd0ed5d	subprojects/groovy-groovysh/build/classes/groovy/main/org/apache/groovy/groovysh/jline/GroovyCommands$_importsCompleter_closure13.class
4f3cdb54ff6fbd25b367e871298377dc29c25ac9e82481b6b09418581c1a1d01	build/classes/java/main/org/apache/groovy/plugin/DefaultRunners$Junit3TestRunner.class
4f550c3edc2823d4b912ff8dda9bcc3a5a0f286610d2a47b9603aab9eea34bfe	subprojects/groovy-console/build/classes/groovy/main/groovy/console/ui/Console$_finishException_closure11.class
4f5696d269c3355cf8b1ee805c4061b90595bbdfb93c7e2ff1b3ae56ee04cd65	build/classes/java/main/groovy/transform/Memoized.class
4f6a693333fe9036ac5262d8e14a8de40265de767d809b7aafaa5ccccc7ddc55	build/classes/java/main/org/codehaus/groovy/tools/Compiler.class
4f6f3d2fd53135ca6740eee9ac81503bcd4ae463646a0fc7bfacd90a0a2eab67	build/classes/java/main/org/apache/groovy/util/concurrent/concurrentlinkedhashmap/LinkedDeque$1.class
4f81e07aea1f67a52b1f6e5112997a5690314b3439849fcc505f639a21c40590	subprojects/groovy-json/build/classes/java/main/org/apache/groovy/json/internal/CacheType.class
4f89570597535efc5727a5c4f5f945fa83cdb455787cba2f8aea7d9b6e94420c	build/classes/java/main/org/codehaus/groovy/control/customizers/ImportCustomizer$ImportType.class
4fa98bc9eecf00d230da9c0ff08cb424f8dc0e56da28e262d5e8ba236f7e22ad	build/classes/java/main/org/codehaus/groovy/runtime/memoize/MemoizeCache$ValueProvider.class
4faadd21015d43f441bf623e09c9cee892ba7a5e3a1129fc2eb2bcb37ead3806	subprojects/groovy-macro/build/classes/groovy/main/org/codehaus/groovy/macro/runtime/MacroContext.class
4fc2673ee2a9d6834038df95f1c36bcd72c330c257e3175677c49f789c1cc2b9	build/classes/java/main/org/codehaus/groovy/runtime/dgmimpl/arrays/IntegerArrayPutAtMetaMethod$MyPojoMetaMethodSite.class
4fc6e7230119234006f0f46d784de582be50dfce61316ed14bbf2d628048d9c7	subprojects/groovy-groovysh/build/classes/groovy/main/org/apache/groovy/groovysh/jline/Utils.class
4fca15371fba96750ef0bc74a24453e3da8645b41dedf75595ea804d01adb47d	subprojects/groovy-groovysh/build/resources/main/org/apache/groovy/groovysh/commands/AliasCommand.properties
4fca15371fba96750ef0bc74a24453e3da8645b41dedf75595ea804d01adb47d	subprojects/groovy-groovysh/build/resources/main/org/codehaus/groovy/tools/shell/commands/AliasCommand.properties
4fe69b3d58bda14c48dbad4c00acce860a280e6d4ee5445ab3459aef96e9c322	build/classes/java/main/groovy/util/AbstractFactory.class
4fe85295981204eaf4fa53b7696be9a862005013279ea764f0229e3a0bc9972d	subprojects/groovy-cli-commons/build/classes/groovy/main/groovy/cli/commons/CliBuilder$_setOptionsFromAnnotations_closure11.class
5008365845494d401d3ca216e1358c2d80109ba1c014204eb0cab7a92305aeba	build/classes/java/main/org/apache/groovy/parser/antlr4/GroovyParser$ListPrmrAltContext.class
500ff9226678506f3175fdeb406aac36aa8036777f4143fd1dcf0e410e3251e7	subprojects/groovy-xml/build/classes/java/main/groovy/xml/XmlSlurper.class
50127d2b14c190fe10e1b9298f6b8b110244569c3251d0b8f9a5b2be3cd4fe8b	build/classes/java/main/org/codehaus/groovy/runtime/DefaultGroovyMethods$RepeatIterator.class
50290f1d8b6322f5c9f0a465d67dbbd9cab263645a1ad7ed744e28542c431f55	build/classes/java/main/org/apache/groovy/parser/antlr4/GroovyParser$TypeDeclarationContext.class
503c669b0abf857f39668331314ce02b19019aad8318ec94d04d1d672fb76210	build/classes/java/main/org/codehaus/groovy/syntax/CSTNode.class
503f630a112c938ebcf24cf9bbbb4b47b549285a571e8f76bccb3f7086c8d4b0	build/classes/groovy/main/groovy/util/ConfigSlurper$_parse_closure2.class
504cc488153e44ec9f3c99e4ef8a2593054eb00a02e7dabddd648de95bdb13ba	build/classes/java/main/org/codehaus/groovy/runtime/dgmimpl/NumberNumberDiv$DoubleLong.class
504d23869763b646c0eea78bb8cd6966d70bcbd68f46185d1656b7a655ff4c7c	subprojects/groovy-macro/build/classes/groovy/main/org/codehaus/groovy/macro/matcher/ASTMatcher$_visitUnaryPlusExpression_closure33.class
5068cc2a5b4bcf7273a4f6fcbae140dbd32889a97086b9a9313df348144ffdf7	build/classes/java/main/org/codehaus/groovy/runtime/memoize/FlexibleCache.class
50716548d7b87eda2d5592ea43efb72aa8c0b60cbdae3c959c70968d6cda2669	subprojects/groovy-console/build/classes/groovy/main/groovy/console/ui/ObjectBrowser$_makeCard_closure3$_closure14$_closure21$_closure33.class
5083aace0c7330b105fab9507812e4eb7df96ac87c52190ad7a612eca08e54b5	build/classes/java/main/groovy/util/ObjectGraphBuilder$ObjectFactory.class
5095d0d10c036f1b7b1719efd9163d67004784e29233a483515db5d9b2ad929a	subprojects/groovy-console/build/classes/groovy/main/groovy/console/ui/view/BasicContentPane$_run_closure4$_closure9.class
50a1d6267394eef55db069c3c3834eba3683ee4d415a1f3b5e318d2bf584aa29	subprojects/groovy-groovysh/build/classes/groovy/main/org/apache/groovy/groovysh/jline/GroovyEngine$1.class
50c94ce2583b87737b5a44e920e7accfb7bae562809e39d80aee64c4dadb1114	subprojects/groovy-console/build/classes/groovy/main/groovy/console/ui/ObjectBrowser$_makeCard_closure3$_closure14$_closure21$_closure34$_closure40.class
50da5a91db435f9db82fbcab824fe191d25cb21ef5d2613efd85494ebd1f4cf3	build/classes/java/main/org/codehaus/groovy/classgen/asm/sc/StaticPropertyAccessHelper.class
50f7671ed5b4f60f15bbc313e52449fb5b545cd917ac0b4c6805f0d86187c181	build/classes/java/main/org/apache/groovy/parser/antlr4/GroovyParser$Dim1Context.class
51131a479a10688410c92e2d39f52e83874eeb1f64e9ced46b6f527e726fd22b	build/classes/java/main/org/codehaus/groovy/transform/stc/StaticTypeCheckingSupport$DoubleArrayStaticTypesHelper.class
512978fe339301d10b85ef0f7186e3865b1d185a6853a613136c8008a73611e3	subprojects/groovy-templates/build/classes/groovy/main/groovy/text/markup/MarkupTemplateEngine$TemplateResource.class
5130967de799ef7b7da0943453733fa559e5744a2114f0231515ca354f4b7bf5	subprojects/groovy-typecheckers/build/classes/groovy/main/groovy/typecheckers/FormatStringChecker$_closure7.class
5140d46356b95287f0e2583ac2b69c471b90ff1de651083b1aef3dd1005bab15	subprojects/groovy-xml/build/classes/java/main/groovy/xml/slurpersupport/ReplacementNode.class
517d76156f939c142935c5629863e8428241f1fa0692a4054fcabb4619a753e1	subprojects/groovy-xml/build/classes/groovy/main/groovy/xml/StreamingSAXBuilder$_closure3.class
517ed7fb73b5fca5b92cd74df89481c85fde7fc499c787afdaf2fe1bddbd7639	subprojects/groovy-groovysh/build/classes/groovy/main/org/apache/groovy/groovysh/jline/PackageHelper$PackageNameParser.class
5185786ce757f952cdd3201e1db856757183998ccf5ef562be05fe6b0b63a3ce	build/classes/java/main/org/codehaus/groovy/transform/SealedCompletionASTTransformation.class
5189f6737a0cd140e39ece35e7215a62db203f46c8a76217eb9cb69725a57387	subprojects/groovy-groovysh/build/resources/main/nanorc/java.nanorc
518bb4dc2cc5fa051b9e79098e4d012f210b717898077380bcc569d9f02c613d	subprojects/groovy-console/build/classes/groovy/main/groovy/console/ui/ButtonOrTextEditor$_getTableCellEditorComponent_closure2.class
519386d86f4185b0c9665d20cc4f816268ac9668350a9f3c49188a665fb58c38	subprojects/groovy-json/build/classes/java/main/groovy/json/JsonOutput.class
51a7f5b905c4823fa4954ac5fb2b4fb66ccee5fac49006f02b5be70c5139f9fe	subprojects/groovy-console/build/classes/groovy/main/groovy/console/ui/ConsoleIvyPlugin$_addListener_closure1.class
51c17907b84d413e290789c3017cee9ae605fa4afc8bbc3782215bee5dd4d229	subprojects/groovy-templates/build/classes/groovy/main/groovy/text/markup/MarkupTemplateTypeCheckingExtension$_run_closure2.class
51c2efb1f0b48856ee86b56a61ecf1ba2bb4f7c5bde1678702881a4ed6e15d78	build/classes/java/main/org/codehaus/groovy/classgen/asm/sc/StaticCompilationMopWriter.class
51c970620d85ce022f2d41cb07fcb33de540769961e660b0144d9bc96c201a9d	subprojects/groovy-swing/build/classes/java/main/org/apache/groovy/swing/binding/AbstractFullBinding.class
51ddb43dfe21192f2b3fe4f7a20776420a64c4c067f9cf30bb0590806cbd5c3a	subprojects/groovy-swing/build/classes/groovy/main/groovy/swing/factory/ButtonGroupFactory.class
51fa0cc17985f88cba3c31833fe9334e2772ebe8e6563fc8030fd6735cb52541	build/classes/groovy/main/org/codehaus/groovy/ast/builder/AstSpecificationCompiler$_makeListOfNodes_closure4.class
5212259ccdba3ce28e2db019bc2702a7d37eee76c72da989a393529001e02feb	subprojects/groovy-docgenerator/build/classes/groovy/main/org/apache/groovy/docgenerator/DocGenerator$_parseSource_closure2$_closure19.class
5216d2f16e6ae56700f1e09ad7f6a08eb02e056943672b6f3ae3b9d3e59cd2c1	subprojects/groovy-test/build/classes/groovy/main/groovy/test/JavadocAssertionTestSuite$_suite_closure1.class
52177dd36db332c5bed531c6cb5298e99678c7259f8e7265e0f03ed910ce8bfe	subprojects/groovy-swing/build/classes/java/main/org/apache/groovy/swing/binding/ClosureTriggerBinding.class
5219897c1563aadfa2a21cdbbdb36624a6651c922892dc8e02c79a3d471f5db4	build/classes/java/main/org/codehaus/groovy/transform/sc/transformers/CompareToNullExpression.class
522f52430185f360f283bd60499d5c09087a9ecf60735f2a5e7d8823f33ddf15	build/classes/java/main/org/codehaus/groovy/runtime/dgmimpl/NumberNumberDiv$FloatInteger.class
523c489dc716a035c3fb1d52e74f8662527e7a8fd765929affdc42abecd05e04	subprojects/groovy-console/build/classes/groovy/main/groovy/console/ui/TreeNodeBuildingVisitor$_visitSwitch_closure11.class
5284ecf0692148dada262f3b9fde3d3d1c1a33377a9ddac9d1287edc6de03936	build/classes/java/main/org/codehaus/groovy/ast/expr/VariableExpression.class
5299c4ebc542b50717b75c279fd4986b36d30e8b8d1095ec847cf267cc69ac7c	build/classes/java/main/org/codehaus/groovy/classgen/asm/OptimizingStatementWriter$OptimizeFlagsCollector.class
52ab33b13a2aa7b8db5b4a5b2a3f8a2c72b1e855c3e328c62983871d4f356034	subprojects/groovy-console/build/classes/groovy/main/groovy/console/ui/ObjectBrowser$_makeCard_closure3$_closure13$_closure18.class
52bcdc70926d53cfeefaa03cc015a6d591d71dd21900932e8e541aba05c2d169	build/classes/groovy/main/groovy/grape/GrapeIvy$_getDependencies_closure7.class
52be1dca0c90a37cc3fd34296c73eeacd61aa65962cf421852b0d2dd74def60e	build/classes/java/main/org/codehaus/groovy/runtime/CurriedClosure.class
52cffaba61b50c7e6e89a3e714b944808837b97bd922020f4cb04c2413f39233	subprojects/groovy-groovydoc/build/classes/java/main/org/codehaus/groovy/groovydoc/GroovyDocErrorReporter.class
530bcffd14ac0d6a25043719af1658dd31843a5986153c141dd49b63bb9f1d09	subprojects/groovy-cli-commons/build/classes/groovy/main/groovy/cli/commons/OptionAccessor.class
532aa2fcb1d1b66453d9d62f02c293c8cab783fd63e95a5bb4ee9dbfdb85731b	build/classes/java/main/org/apache/groovy/util/Arrays.class
534e08b4d0b22347f0666025810e32cce0fdbc14d77b1c84e6e9e84999262fc1	build/classes/groovy/main/groovy/transform/ImmutableProperties$CollectorHelper.class
53634d92e7e1249bb4cffb97b1dae6ddc05ab2e50b1d8c8fdb7d678cba1c678e	subprojects/groovy-jmx/build/classes/groovy/main/groovy/jmx/builder/JmxEmitterFactory.class
536a16b046801299250cc9bb31027ddc4d4d4f53db6374614aedc93a59b2442e	build/classes/java/main/org/apache/groovy/parser/antlr4/GroovyParser$AssignmentExprAltContext.class
538059a5dfbecad71c961b3b419e349b5dfcff007728739c85402aaa04f3e9d7	subprojects/groovy-console/build/classes/groovy/main/groovy/console/ui/TreeNodeBuildingVisitor$_visitCastExpression_closure43.class
539a10265b7970053467d60668649137e0f64029b64fb864266b331978041c04	subprojects/groovy-swing/build/classes/groovy/main/groovy/swing/factory/CellEditorGetValueFactory.class
539e5ae827a5c9dbf683ea1074ee020dcc936a7561c3e45b416cfbf126cc63a5	build/classes/groovy/main/org/codehaus/groovy/ast/builder/AstSpecificationCompiler$_classNode_closure16.class
53ae5610374161992def3445fe276071a4d312adf30f136a91731dfc57e7820a	build/classes/java/main/groovy/transform/NonSealed.class
53b7d3f9a5e7c61ebe892bc6dee08d1eb0c2e216597617e0917625dc0a63243c	subprojects/groovy-ginq/build/classes/groovy/main/org/apache/groovy/ginq/dsl/GinqAstOptimizer$_visitGinqExpression_closure2.class
53cb396805e556e384d4c14edb52740c5a5391758576e2bbd9ca596a88af32da	subprojects/groovy-groovysh/build/classes/groovy/main/org/apache/groovy/groovysh/jline/GroovyBuiltins.class
53d829cc79fb5fe7fe92d6aa37ac168d815fd97e2aeda2e00638e174a23871a1	build/classes/groovy/main/org/codehaus/groovy/ast/builder/AstSpecificationCompiler$_block_closure8.class
53e4f7189c27c1ce17ba5d35adcc8f0f49d7fcd61427ccf3ccd91e3b4b2de047	build/classes/java/main/org/codehaus/groovy/ast/decompiled/ClassSignatureParser$1.class
53e9d9df8eadc9a75b43cbbd10961f5a2a026c876d0d509675e076e82cc749f6	subprojects/groovy-macro/build/classes/groovy/main/org/codehaus/groovy/macro/matcher/ASTMatcher$_visitMethodCallExpression_closure14$_closure69.class
53fdfeaff6d5efee26abab54f551a3c86697612cb87173353d721fbf791aedbf	build/classes/java/main/org/codehaus/groovy/transform/stc/AbstractTypeCheckingExtension$1.class
5426ae553385d0bc88e1439e1c6fcd401cf1688d4ae0f94d556c47026a98f31d	build/classes/java/main/org/codehaus/groovy/runtime/callsite/BooleanClosureWrapper.class
546a0d725544c9ef980b20d94c32c1d848b33390f606002a82a6f145ab1b98af	subprojects/groovy-ginq/build/classes/groovy/main/org/apache/groovy/ginq/provider/collection/GinqAstWalker$10.class
54775c2c89207b98becdb055b87f4afda49734f10b67475777a94e521810a77e	build/classes/java/main/org/codehaus/groovy/ast/stmt/SynchronizedStatement.class
5492d428b9f7a12695b7f620d7d98d9c2b157a134b800092a23b9112e403c0f9	subprojects/groovy-json/build/classes/java/main/org/apache/groovy/json/internal/Type.class
54969bab1a8cb98875ec87f677f9c85464a74cec477f38db88275cb5270113f1	subprojects/groovy-jsr223/build/classes/java/main/org/codehaus/groovy/jsr223/ScriptStaticExtensions.class
54a86afab99c9919c7852ec5ee693f1e081eb8b72df10ae196d72b883cbeb23e	subprojects/groovy-console/build/classes/groovy/main/groovy/console/ui/Console$_loadScriptFile_closure10$_closure33.class
54a96cbda5dbc8f7716b2f138b49186ce8a1a9257e4e74b3d9b4f1ff3d6d4814	subprojects/groovy-json/build/classes/java/main/org/apache/groovy/json/internal/ArrayUtils.class
54c6729e5c827207fe59f7820afd3aafef45d23fbb0f2c47f1e0b129fcc734f6	build/classes/java/main/org/codehaus/groovy/runtime/ScriptBytecodeAdapter.class
54cdbbc34dd2847924087e0f3ffbea2ab3effbf4e26a016f24ca39614544c9be	subprojects/groovy-console/build/classes/groovy/main/groovy/console/ui/AstBrowser$_run_closure4$_closure11$_closure26.class
54e88b8b824e90a1a599a49bce76b59260edf5b085448ada3d41e0cd56926580	subprojects/groovy-console/build/classes/groovy/main/groovy/console/ui/view/BasicContentPane$_run_closure3$_closure8.class
54ea6ccfdb7a2aef5827066636308d32b6b78e6c18d1738d403527ac1bc23106	build/classes/java/main/org/codehaus/groovy/runtime/AbstractComparator.class
54f919a534d1abda59b9bd80af4f7b821eecb3788361817f067eca15316c20c9	subprojects/groovy-contracts/build/resources/main/META-INF/services/org.codehaus.groovy.transform.ASTTransformation
55026433bb22f3e8ade4680dd9b2d211592f7261314ce7ed97a4e34b3a634f7d	subprojects/groovy-cli-picocli/build/classes/groovy/main/groovy/cli/picocli/CliBuilder$_hyphenate_closure17.class
555219fa306157b836e721d1fe766d58f21c3d7e3bd9352a5587085b1e9fabc8	build/classes/java/main/org/codehaus/groovy/runtime/dgmimpl/NumberNumberMinus.class
55537cb766b7141087f1d0368abd0cd238b4e1b28f5ca77d8ee217d5ef6235e6	subprojects/groovy-yaml/build/classes/java/main/groovy/yaml/YamlSlurper.class
5564afe3d00bb30f555918d8e733de71ebcf7f4aeaf313649af33a163eb1da0c	build/classes/java/main/org/codehaus/groovy/runtime/ComposedClosure.class
556e56481673e1066b0677f06eaa43edda07673556a3a3c9ef4dd195c466503f	subprojects/groovy-swing/build/classes/groovy/main/groovy/swing/binding/JComboBoxMetaMethods$_enhanceMetaClass_closure2.class
557278a55ba3db0fc6b48b38902cc9d32388b5b4e71ff1856db8585a052f5b0d	build/classes/groovy/main/org/codehaus/groovy/classgen/genArrayAccess$_genInners_closure1.class
5577406aa730174e9ede42130a7aa0ced636043937028b31e0370641141db20a	build/classes/java/main/org/codehaus/groovy/util/DoubleArrayIterable.class
558c4772aed95c80ebb970c99306f815af77f0784f3dc1ca859b02e0f59627c4	build/classes/java/main/org/codehaus/groovy/classgen/asm/DelegatingController.class
558cfefda09afb5fcdc646697b6620958a314df3c2a5d21635abe2a2a8295b8b	build/classes/java/main/org/codehaus/groovy/runtime/callsite/AbstractCallSite.class
55a0c043bd49e05a84540a7f027eb5d921580c16f397f9543a24bf537432296d	build/classes/java/main/groovy/lang/MutableMetaClass.class
55a1782baee1291abe4311aada1d0757d490b88ea7ba96fd80b3dd2e5369f932	subprojects/groovy-swing/build/classes/groovy/main/groovy/swing/binding/JComboBoxSelectedElementBinding.class
55aa2d0cfb7145ed51a9a6da111ef9323a6d10801eadbb4f498dc2a0415f9442	subprojects/groovy-macro/build/classes/groovy/main/org/codehaus/groovy/macro/matcher/TreeContext$1.class
55bfd0a97be1be3d3b5ed42ad21d5ba543043b7f0eb4138b4953c0fd27bc1775	subprojects/groovy-test/build/classes/java/main/groovy/test/GroovyTestCase.class
55c26cf7ff9ecf2ab8a4cde28c2582800728c9a908276c3f65e6a5452ae98e40	build/classes/java/main/org/codehaus/groovy/ast/PropertyNode.class
55cd534e001d6c9dc459a1e50ecb8918d610b87536b0e9c77b8ce6626dc8538b	subprojects/groovy-swing/build/classes/groovy/main/groovy/swing/factory/ClosureColumnFactory.class
55cea3c18f5a13da1fd2c1cd3802f3f4cd242c2a409398c6de2853ce4abd06b1	subprojects/groovy-sql/build/classes/java/main/groovy/sql/Sql$32.class
55ddff65a5479c70279f7ad90c9c913915512a51f162e77eb9a21349371275b8	build/classes/java/main/org/apache/groovy/util/Maps.class
55e18a41d84d74da9fb9d7a01fbc6296403118fe7d59bd0fa485b7f86d32a232	build/classes/java/main/groovy/lang/Tuple14.class
56098f9591811876d88ee0909d202f078ecccd3c29190ce0650c0da13c5ef4da	build/classes/java/main/org/codehaus/groovy/tools/GroovyStarter.class
561c3b1ed99af81b0298886d3a660f4f9eaa9588f11707e9fc1123f90c465563	build/classes/groovy/main/org/codehaus/groovy/tools/ast/TestHarnessClassLoader.class
5632221213bd1b7f6588413d0b828e8c72ef3c245c6719fa85d3218d4a0779bb	subprojects/groovy-console/build/classes/groovy/main/groovy/console/ui/Console$_notifySystemErr_closure16$_closure38.class
564809d5957f8051fd6f30bb16070fc20ae87dd81850fb49b5fcec0e4c933d0b	build/classes/java/main/groovy/util/ObjectGraphBuilder$DefaultClassNameResolver.class
56670a5427fd2d73564ccf5c0dd09deda8f71b6a6d263f12adce6a295c787a60	build/classes/java/main/org/codehaus/groovy/vmplugin/v8/CacheableCallSite$1.class
5671d744d22785e534dd7745446f8ffcb178980ae9621185d58f4f65a85cc4a2	subprojects/groovy-test/build/classes/groovy/main/groovy/mock/interceptor/StrictExpectation.class
5678292e9b6d5282e0c028826cc3e496b625787666141c4765e9e774e86fd60c	subprojects/groovy-groovydoc/build/resources/main/org/codehaus/groovy/tools/groovydoc/gstringTemplates/topLevel/stylesheet.css
567c613a7da9e42fcaac84ff9c71cadbcf4b9fe19e92a5fd8ee5ea2f0698b42e	subprojects/groovy-console/build/classes/groovy/main/groovy/console/ui/ObjectBrowser$_makeCard_closure3$_closure14$_closure20$_closure26.class
56840f055e76955374caa6b6c7096a36f41a41a940893d48b9b6d0757753b8d4	build/classes/java/main/org/codehaus/groovy/runtime/GStringUtil.class
568bee71443de930878506118854953a53f61b388f78a6eebab3f59682021bf6	subprojects/groovy-swing/build/classes/groovy/main/groovy/swing/factory/VStrutFactory.class
56ac23383078bc02408edbb24805f2087ff2d019d06ee5913cb3a72979ec2cdc	build/classes/java/main/org/codehaus/groovy/runtime/dgmimpl/arrays/ByteArrayPutAtMetaMethod.class
56c7ed06aa22469b676dd9686942d9f91e8f76cf1e26db6a6a00d3124a329bcc	subprojects/groovy-swing/build/classes/groovy/main/groovy/swing/binding/JScrollBarValueBinding.class
56cd3338ac49b4533b6b51a27aaa0ccaab4b0a15abed94561e5834a2d8188a52	build/classes/java/main/org/codehaus/groovy/transform/tailrec/RecursivenessTester.class
56cd612f3630ff29048cdc35546b69f4101b9c29532be3160d0e9df65fe8dff7	subprojects/groovy-xml/build/classes/java/main/groovy/xml/slurpersupport/NoChildren.class
56d68587aa1f9d4fa341cae86f1bfcfd7a4b6c97097bf59b49ab73cb445fe3a8	subprojects/groovy-docgenerator/build/classes/groovy/main/org/apache/groovy/docgenerator/DocGenerator$_main_closure15.class
56eabfc8d41623f06c057aa9b02a8e57b7baced35d16a2cdfe8bdbe5bdbb18bf	build/classes/java/main/org/codehaus/groovy/transform/sc/transformers/BooleanExpressionTransformer.class
56eae607283a53d7aeaacbb5cdab85a85a4c2bdff5a8068af1d99103aca65826	subprojects/groovy-console/build/classes/groovy/main/groovy/console/ui/TreeNodeBuildingNodeOperation$_collectPropertyData_closure3.class
572a36bffa1a4b493bcf30d10be65bd00747463004ce72b845bb8b3835a03450	subprojects/groovy-typecheckers/build/classes/groovy/main/groovy/typecheckers/RegexChecker$2.class
5736984ff6959d1d5b79de8ce7aea4147e4992cdcb3e4633f32efd9084b12125	subprojects/groovy-test/build/classes/groovy/main/groovy/test/StringTestUtil.class
573b7df97299214340ddc0ad47f6ee1b60dc3ec7af787b01d49459002d1b403b	subprojects/groovy-swing/build/classes/java/main/groovy/swing/model/FormModel.class
573c9e82888f24524d59f1e2c8c19e08484b14d22afbdf8d2f85d9a3c35c8d71	build/classes/java/main/org/codehaus/groovy/control/CompilationUnit$4.class
575340b8921fc2cf84dd5688773b0c0c64f24c454cf4b9b7d5b0c6ec8fad42aa	subprojects/groovy-json/build/classes/java/main/org/apache/groovy/json/internal/FastStringUtils$ServiceHolder.class
57559f51d3b530dcae2193587662aa74b2d393a1e45b96396dc83e079a40b769	subprojects/groovy-console/build/resources/main/groovy/console/ui/icons/font_up.png
57764475e8300be03c01a978072fd3a71c6125e43068a4653e7ea42ee42bf85f	build/classes/java/main/org/codehaus/groovy/classgen/asm/BytecodeHelper$PrimitiveTypeHandler.class
57900fbedc5620989a6c79e3929f33abcc2ab827f5dadbff316e04495642bf38	subprojects/groovy-jsr223/build/classes/java/main/org/codehaus/groovy/jsr223/GroovyScriptEngineImpl$3.class
5799fa553c2ca453ae1520631b8475199888bfc4524a7108d22aedcfba8f9d8d	build/classes/java/main/org/apache/groovy/parser/antlr4/GroovyParserVisitor.class
57ab861ab9f89d507a6b54ba798dcd6913d29a810b4ce7af0ad14293043db982	subprojects/groovy-jmx/build/classes/java/main/groovy/jmx/GroovyMBean.class
57b181a12e486ed2ac69ab7148448d6f0ba8505540a1c282b8e7e4e37d584d30	subprojects/groovy-console/build/classes/groovy/main/groovy/console/ui/TreeNodeBuildingVisitor$_visitVariableExpression_closure46$_closure58.class
57bef334e4aa42a157835c7b999e32bbef4c8dd7f083c6687494404e1ba20da6	build/classes/java/main/org/codehaus/groovy/control/CompilationUnit$PrimaryClassNodeOperation.class
57e223112c5012bf4586ea6c2a9fa3d2ad675afe97f9f8627baaf6a3bb4ff62c	subprojects/groovy-sql/build/classes/java/main/groovy/sql/Sql$34.class
58078eb7b804b7dec684b41264a4fb0507266ba001329c820f3b50b4a535a886	build/classes/java/main/org/codehaus/groovy/runtime/dgmimpl/NumberNumberPlus$FloatInteger.class
580ee7c2e486b30d11e3094de0073a94d777fcfd597f9533e3cf227715ead03c	build/classes/java/main/org/codehaus/groovy/runtime/dgmimpl/NumberNumberPlus$FloatDouble.class
581b118986f312bc0f7f50ea0e5b6c61cf703a55d5f2d1f4c56de2e1968d69ef	subprojects/groovy-console/build/classes/groovy/main/groovy/console/ui/text/StructuredSyntaxDocumentFilter$MultiLineRun.class
582f16ab51a212c97f5bf125a7e464ac793e37de4ee4d3f7af83f3fd48400c3f	subprojects/groovy-macro/build/classes/groovy/main/org/codehaus/groovy/macro/matcher/ASTMatcher$_visitAnnotations_closure6$_closure58.class
584feca9d7ad521057d244c66366d88db7243b0b6354476128a03df0c9eaa19d	subprojects/groovy-typecheckers/build/classes/groovy/main/groovy/typecheckers/FormatStringChecker$1$_checkBadFlags_closure6.class
58524294e667bb5f3f243e571b1145907891db790a563f5512d3664785fa2131	build/classes/java/main/org/codehaus/groovy/syntax/Numbers.class
5878f0f853918ef6c820b8d65a73dc2a7d259e3facac8a422e4fac9f36001d03	build/classes/groovy/main/groovy/util/ConfigSlurper$_parse_closure3.class
5882ea231d06c37dbedacf10ebd83aefbd5774a432b9b846d93d4305fbc36086	build/classes/groovy/main/org/codehaus/groovy/tools/GrapeMain$_main_closure1.class
58898ca715706ffd6e16699147926da57dfa7b626c4ed87f611a8bc10cf2ac70	build/classes/java/main/groovy/lang/Tuple0.class
588f26f766cbfaaa4e3429efe3135fbfc2d0ff9c630261c041500af16aeafb53	subprojects/groovy-console/build/classes/groovy/main/groovy/console/ui/TreeNodeBuildingVisitor$_visitMethodReferenceExpression_closure39.class
5891616d01be9878938dffd23b9a493e494633a53a1b0a9eb35ab3c1f64941bb	subprojects/groovy-ginq/build/classes/groovy/main/org/apache/groovy/ginq/provider/collection/GinqAstWalker$_collectHashJoinFields_closure6$_closure22.class
5897a856a1ba0c29e11568dc7400ffc0d2f16e914ec4cafb42d4bcd99fa980e9	subprojects/groovy-console/build/classes/groovy/main/groovy/console/ui/OutputTransforms$_loadOutputTransforms_closure4.class
589ee1db9f3910a835298a242a38719506daf3abf46f9fa42205db1f1b4c08a7	subprojects/groovy-console/build/classes/groovy/main/groovy/console/ui/Console$_comment_closure25.class
58a25fd607f62310838dffc212b1fe514c6316c3cb5be165d050106448cd1de0	build/classes/java/main/org/codehaus/groovy/transform/stc/AbstractTypeCheckingExtension.class
58a5f9cf3bef73429cad51e8b5d15f90400efac6beb8c469b0531094fa0d99f4	subprojects/groovy-groovysh/build/resources/main/nanorc/sql.nanorc
58ae5b67b8c5448deaa53eef193ab62891810765fa305e2f197dd22aee4ac23e	build/classes/java/main/groovy/util/Expando.class
58bf6d7f2cb3482aa7e9222fa54876266af15286f893f5a9991018fc7737b98e	build/classes/java/main/org/codehaus/groovy/runtime/memoize/EvictableCache$EvictionStrategy.class
58d1acd5dacf9f2ac544e230f055604e6d2771ba297d124dc6e26ae182062f00	build/classes/java/main/groovy/io/LineColumnReader.class
58d9d765c53b43ab50676a171c86d37d7021f99ad944aebaf656b374e8fcb992	subprojects/groovy-sql/build/classes/java/main/groovy/sql/Sql$8.class
58fe96a7ef3e5b030a0978b1f4b93b5e854541fd9d589b6f7ea03e924c75d801	subprojects/groovy-console/build/classes/groovy/main/groovy/console/ui/ConsolePreferences$_buildDialog_closure2$_closure4$_closure5$_closure8.class
590092e36dfa367d33c3ab6d3348501f1f63148799e1d3a8bd843deff3a349f7	subprojects/groovy-console/build/classes/groovy/main/groovy/console/ui/TreeNodeBuildingVisitor$_visitMethodCallExpression_closure17.class
5911cdce2d621ee5d412e52daeacbc255170aa3ba78368c6f405aff36971e138	subprojects/groovy-docgenerator/build/classes/groovy/main/org/apache/groovy/docgenerator/DocGenerator$DocUtil$_codify_closure3.class
592007c06f191bbe70dffada8e36d6a45d24e66c265834d8220fc7a86d145e16	subprojects/groovy-macro/build/classes/groovy/main/org/codehaus/groovy/macro/matcher/internal/ConstraintPredicate.class
5967bdc523b86b75ba7a13c7e8c0ac06d07a6f866b28a78f3a9b2cab23a431eb	subprojects/groovy-sql/build/classes/java/main/groovy/sql/DataSet$1.class
5976f811f4e41eb592de2a39813dce222851ea289a92341db764eb344c8ca346	subprojects/groovy-console/build/classes/groovy/main/groovy/console/ui/view/BasicContentPane$_run_closure2.class
59885f4cf69edc2260cfe1d0fc8c3d425ff0d82c6e512b13c7684fd259f42f64	build/classes/java/main/org/codehaus/groovy/syntax/Reduction.class
599edb9fe8f245c4ee6b5fea1765da04891bda2a763bac061456e7d447dcd711	subprojects/groovy-console/build/classes/groovy/main/groovy/console/ui/OutputTransforms$_loadOutputTransforms_closure2.class
59a37d08ecdb1df03e6525391e795ba7c96a306bb4c0cd5b79110bba2f1a436f	subprojects/groovy-json/build/classes/java/main/org/apache/groovy/json/internal/JsonParserLax.class
59bdbf38d83ef1d04933ed25d4f8bf8d245051c33806d21af7fc5bd9e2b66779	subprojects/groovy-contracts/build/classes/java/main/org/apache/groovy/contracts/generation/AssertStatementCreationUtility$AddAssertionCallStatementToReturnStatementVisitor.class
59f2f63fe54bb3fb2bd7d8cbd452ebe5b70409d2f73689866806ee8569328eda	build/classes/java/main/org/codehaus/groovy/transform/AbstractInterruptibleASTTransformation.class
59fab17e3306da2f08410ed41cc8416dc99bfd38a600784a503a3aef69305af2	subprojects/groovy-xml/build/classes/java/main/groovy/xml/slurpersupport/FilteredNodeChildren.class
5a24073f6c4ce0884632673ea618dc34088a73a0a67fb31f65929a69e2f6e5ae	subprojects/groovy-console/build/classes/groovy/main/groovy/console/ui/ObjectBrowser$_makeCard_closure3$_closure14$_closure23$_closure50$_closure53$_closure54.class
5a286110b0d4b54941e35b15d32206963210bd1b57497d247a0ac9e62772ff29	subprojects/groovy-swing/build/classes/groovy/main/groovy/swing/binding/JComboBoxElementsBinding.class
5a2db412cc850eaba93d7b9f5a262f67ad5112c072db47f0a91e42c5fa9f10d9	build/classes/java/main/groovy/beans/Vetoable.class
5a4879aa9b0cb91999b11dad38fabe2b38e3c439c54e0217b67faebe62d2ed8e	build/classes/java/main/org/codehaus/groovy/control/HasCleanup.class
5a497a8e135f1080b3de2e4a532cd954078fb48e1fde01a310d199418a27fd90	subprojects/groovy-json/build/classes/java/main/org/apache/groovy/json/internal/FastStringUtils.class
5a4e42e7b8e1fc5cf4e0996d946e045bca2ee776fca1abdf15cd45f8290dce77	build/classes/java/main/org/apache/groovy/parser/antlr4/GroovyParser$AssertStatementContext.class
5a52ec9b305c1f1051eb9202bcf8d88aa8f21fba9dc83e7d6e3bfbc7de9836aa	subprojects/groovy-console/build/classes/groovy/main/groovy/console/ui/TreeNodeBuildingVisitor$_visitFieldExpression_closure50.class
5a565eb08349d50712b6c0f387ee2102e0f8508207cd05cc71a666fefe651c4c	build/classes/java/main/org/codehaus/groovy/vmplugin/v8/Selector$PropertySelector.class
5a79a03deb22519689a911d28def4b5e8a68d4ba61f876f91be70aee1fb2858b	build/classes/java/main/org/codehaus/groovy/classgen/VerifierCodeVisitor.class
5a9bdcadf8203708ebc901ed261efe3b522478dd8368c8e29798c88289b37e18	build/classes/java/main/org/codehaus/groovy/classgen/BytecodeInstruction.class
5ad2cbd93d9ad2174fb4669dd541b8888461cc20f7f4c3057a5a79ad6ec4e215	build/classes/java/main/org/apache/groovy/parser/antlr4/GroovyParser$PrimitiveTypeContext.class
5ad947b3a861b10989fb4f942a7d2ff2871ae951fb472223ee9237f431d7a0ef	build/classes/java/main/org/codehaus/groovy/tools/shell/IO$Verbosity.class
5ae2b11cdc0edc032bbf051288de30c5ac92b569810c545798087f8c0329d9ed	subprojects/groovy-swing/build/classes/java/main/org/apache/groovy/swing/binding/ClosureTriggerBinding$1.class
5af16bb6c7bf879291f7b91daa5aaf9d75ea4d27fe19136e9792c56a20680d58	subprojects/groovy-console/build/classes/groovy/main/groovy/console/ui/AstBrowser$_closure1.class
5af92ff78374bc30039708d9cb44636cde7134562df71d96994abb168f12be39	subprojects/groovy-groovysh/build/resources/main/org/apache/groovy/groovysh/commands/DisplayCommand.properties
5af92ff78374bc30039708d9cb44636cde7134562df71d96994abb168f12be39	subprojects/groovy-groovysh/build/resources/main/org/codehaus/groovy/tools/shell/commands/DisplayCommand.properties
5b224a3eae19bfaa83f12d5866ba028c44b8e9fe8def129c6a24c893558ba9b5	build/classes/java/main/org/apache/groovy/parser/antlr4/GroovyParser$ImportDeclarationContext.class
5b2f7d015e32238d92f6a1a71e0dd022323fc0c79b22296c08a246a50bf3fdfb	build/classes/java/main/groovy/transform/Synchronized.class
5b2f809d8f3971cdcd7446868939c6bdb54f1eaeb066a94e9e602668459762a5	subprojects/groovy-swing/build/classes/java/main/groovy/swing/table/TableSorter.class
5b403fadc24413a7b18217f01eb3ecc696c7ec110cb876b570e304156b0ad0bb	build/classes/java/main/org/codehaus/groovy/classgen/asm/sc/StaticTypesBinaryExpressionMultiTypeDispatcher.class
5b429e48764fbc1d1ccad6d218f1e7218e6eec848b72fdeeba76c224ddce64db	build/classes/java/main/org/codehaus/groovy/transform/CategoryASTTransformation$1.class
5b74038187e9be9b25b39e259f58065f63f8ae44788450f0167e7ff60f53e515	subprojects/groovy-jmx/build/classes/groovy/main/groovy/jmx/builder/JmxBuilder$_registerFactories_closure1.class
5b74f027258133225389d4ae0234f96620c591ec970e9aff63faa770a13d7736	subprojects/groovy-yaml/build/classes/java/main/groovy/yaml/YamlBuilder.class
5b8934a38f2b47970dd714b9ac5766dd47df77eb913f2256b6810a9898d11d6d	build/classes/groovy/main/groovy/util/ConfigBinding.class
5bb4cf370744cdd4644a537e8e447b33d52ff024f10c24492846147d2478e145	build/classes/groovy/main/org/codehaus/groovy/ast/builder/AstSpecificationCompiler$_propertyNode_closure24.class
5bb9bf2224e377215780e4be183045045f9e7fa9c5e580a0e97965c0b6d33bdf	subprojects/groovy-macro/build/classes/groovy/main/org/codehaus/groovy/macro/matcher/TreeContext.class
5bb9d96e248a9b81e436628d71a0d32cafcef88ee6e193280edb6b72ef1240f2	subprojects/groovy-groovysh/build/resources/main/nanorc/properties.nanorc
5c02bfd361950474133f97ed626ea8d9f4fa79c53a04f780d3ddd40e01114068	build/classes/java/main/org/codehaus/groovy/runtime/dgmimpl/NumberNumberMultiply$DoubleFloat.class
5c046f929d90bbfb6608add1c518f69062b186540ee3a94cfe3a6f0563e774e6	build/classes/java/main/org/codehaus/groovy/runtime/RegexSupport.class
5c04ec9a4a6067bd9a4aa6864dccaf05cbb2275b6f1ebb46441f777eedbfa198	build/classes/java/main/groovy/inspect/Inspector$MemberComparator.class
5c0a5b371f5794d9fc3385d5bd3104a5689b93681228ffa7d247ced833aca161	build/classes/java/main/org/codehaus/groovy/transform/LogASTTransformation$AbstractLoggingStrategyV2.class
5c14dba02fab8682acd4fa89b8d194b8e2d1ba1c07605fea75e91fd4c8cf30c0	build/classes/java/main/org/codehaus/groovy/util/LongArrayIterator.class
5c274b3fd155a3e4da8ef074a3196a78697f2946679a41d53791a204d184c709	subprojects/groovy-docgenerator/build/classes/groovy/main/org/apache/groovy/docgenerator/DocGenerator$_generateAll_closure10.class
5c3e8db35bf69e9348697556ea4f64c956d94884111753f2eab0d8fe06163c51	subprojects/groovy-swing/build/classes/java/main/org/apache/groovy/swing/binding/BindPath.class
5c4106fa9d5a94d013130331057fcd0f4f9b41e2e860cbd830d5773261f2a732	build/classes/java/main/org/codehaus/groovy/runtime/StringGroovyMethods$1.class
5c47757593216476c63d7c7eafee692dce5020b0647d8a9396f9f17ad0006945	build/classes/java/main/org/codehaus/groovy/runtime/FlushingStreamWriter.class
5c47b4a09ef3e8d3899a4c03047e26425f0693924bf444a78a61a55d7eaa9429	build/classes/groovy/main/org/codehaus/groovy/ast/builder/AstSpecificationCompiler$_fieldNode_closure22.class
5c4cdcd493788b46c3da880f34a4b8da739f64f32159f1bca04cb877d2689a7c	build/classes/java/main/org/codehaus/groovy/runtime/MethodRankHelper.class
5c58f49debf73d8152708ac03a42ae2420da3270d72da2c5fd4129058a08b40c	build/classes/java/main/org/codehaus/groovy/vmplugin/v16/ProxyDefaultMethodHandle.class
5c685ed1b972abf958a0fc1901aa4e7d5d90f844755d77ce40e60f97e73be766	build/classes/groovy/main/org/codehaus/groovy/ast/builder/AstSpecificationCompiler$_switchStatement_closure20.class
5c6f0379e5204192f794720ec3d8dd64cd3584cfd9bb362fa06705878a58b768	build/classes/java/main/org/apache/groovy/metaclass/Realm$1.class
5c7670c36bc4602489ce996002b32b65e17121d69c40218674a1732a5f40c2f2	subprojects/groovy-groovysh/build/classes/groovy/main/org/apache/groovy/groovysh/jline/GroovyCommands$VariableReferenceCompleter.class
5c8838d9704eb46e18b916c3f99e2b827d47fad989d8e266fcee3c19df1aa23e	subprojects/groovy-contracts/build/classes/java/main/org/apache/groovy/contracts/ast/visitor/DynamicSetterInjectionVisitor.class
5c8f2a00bbac416b2d4f71c50c3e64cdbed2899fe366d4248efab7f48b03c7ce	build/classes/java/main/groovy/util/Iterables$CrossProductIterator.class
5c9b6684a9e8557f8bd1e6509109bbceca5d6fc578d52821574b00922e67da59	subprojects/groovy-swing/build/classes/groovy/main/groovy/swing/factory/BindProxyFactory.class
5caa8f6d94a8b7e43ad2f7e0fc1f2c141c13e3ab28f2d7002c39c2f25b79018f	build/classes/java/main/org/codehaus/groovy/runtime/DefaultGroovyMethods$NumberAwareValueComparator.class
5cbd4eb3ad0e4c7194322bf3944bf6bd8ecb842c54334901aab9a1cf6362117b	build/classes/java/main/groovy/lang/ExpandoMetaClass$DefiningClosure.class
5cc8f6dc399b241934b7da889be6df927b04a0acaca93c02093bb94c466f6f7e	subprojects/groovy-console/build/classes/groovy/main/groovy/console/ui/Console$_paste_closure29.class
5ce3c474e465cffa15e2ad35a0560de09291f08219b1c6bec7e5e1a89dc3b4d3	build/classes/java/main/org/codehaus/groovy/classgen/asm/MopWriter$MopKey.class
5ce451602f1b198f88b8777be2e6c25d6984aaacc0b5506de85a4e32635d7d30	subprojects/groovy-xml/build/classes/java/main/groovy/xml/slurpersupport/Node$2.class
5ce8d1d6065aa9a601802557dd9ca12f4c97028e0577556fb048542d9ad7450d	build/classes/java/main/groovy/lang/Binding.class
5ced662110a45762eb95132f526e808613121f8455add12db147f990eceb423d	subprojects/groovy-docgenerator/build/classes/groovy/main/org/apache/groovy/docgenerator/DocGenerator$_generateAll_closure4.class
5cf7c630d26fc8f09f490fcd2a96401342246b510e578123681de56d1acff210	build/classes/java/main/org/codehaus/groovy/transform/stc/StaticTypeCheckingSupport$ShortArrayStaticTypesHelper.class
5d04481812bc8fc51a2cea9eb6c77de606642f6eaccc40ff17feaa9750bbdb9a	build/classes/java/main/org/codehaus/groovy/runtime/dgmimpl/arrays/DoubleArrayPutAtMetaMethod.class
5d08c66b57e2a4cca30cf308bdce12ab0eb4ca0883764114dfa016f42f758465	subprojects/groovy-ginq/build/classes/groovy/main/org/apache/groovy/ginq/provider/collection/GinqAstWalker$_visitGinqExpression_closure2.class
5d09491786e7eda09d1a0554ef71396f9e3950d4bc93cbc2d8bd15b07aed70b4	subprojects/groovy-macro/build/classes/groovy/main/org/codehaus/groovy/macro/matcher/ASTMatcher$_visitConstructorCallExpression_closure15.class
5d11b333ecef1041db780a4d6a834cdf2bd78f2a0e38ad52cf6ff9f8f461bcee	build/classes/java/main/org/codehaus/groovy/runtime/callsite/ClassMetaClassGetPropertySite.class
5d1b8cd85c9acf66ccbd346979777929317eb6e64ae9005e187d70f4c6f46685	build/classes/java/main/org/codehaus/groovy/runtime/ProxyGeneratorAdapter$ReturnValueWrappingClosure.class
5d44b3e854994619a48a324b393c618fc651b1e6f5323d0990e0a6826c0a1474	build/classes/java/main/org/codehaus/groovy/runtime/dgmimpl/arrays/ArrayPutAtMetaMethod.class
5d5a8a298285baaeadeebbb1e0e57d2d69aae05a50c1ab755ea68ee1353308f3	build/classes/java/main/groovy/beans/BindableASTTransformation.class
5d7593143f88e86d8a146b7c16ec714fb07eed056fff66142110ea906b90eb98	build/classes/java/main/org/apache/groovy/antlr/LexerFrame$1.class
5d7ba3ea1c9382046ecf128468db5905f528fa063eb310d7409c705fd51ccea9	build/classes/java/main/org/codehaus/groovy/runtime/callsite/PojoMetaMethodSite.class
5d96010c7cb0031d40af052bbdb0160abb879b0834e7053c83cd6d2061ef088f	subprojects/groovy-groovysh/build/resources/main/nanorc/css.nanorc
5d9a0f5c89246f90e70af520f0848d618503de386b25f3fc8534571b2ea3f4c7	subprojects/groovy-groovysh/build/classes/groovy/main/org/apache/groovy/groovysh/jline/ObjectInspector$_properties_closure4.class
5da6d98fc4d9b0294962a37cc64485540d1c68b709aa85860c494799ecf8cfae	build/classes/java/main/groovy/cli/Unparsed.class
5db3abe3cd5a228e3085e542755e26467ab86ec11f1436dd0e8cedd373a1cff2	build/classes/java/main/groovy/util/logging/Log4j2.class
5dc9ac7ebaae7f01094b3e2fdc940ffd0e0f0fbf1f16ba3a7e33c4c1e354c9d9	subprojects/groovy-swing/build/classes/groovy/main/groovy/swing/binding/JComboBoxSelectedIndexBinding.class
5dd106dec53a9d3aa4a4b42cf95fb33d468e1f898a91ce1e689634f9f0cd23eb	build/classes/java/main/org/codehaus/groovy/classgen/asm/sc/StaticTypesStatementWriter.class
5ddb96f763776e634fd1204bd5c04cfc508659e4bf7446dcbe24b51d90fb7ed0	build/classes/java/main/org/codehaus/groovy/ast/stmt/ContinueStatement.class
5dddf4df56255a5addb157a51fa7081db21d2af52f2fa1583c6ce52526cf7574	subprojects/groovy-groovysh/build/classes/groovy/main/org/apache/groovy/groovysh/jline/GroovyEngine$ImportCompleter.class
5dee55f126ff78cb16db3bf24bd4c32e383f3995e13b2e5e2a4c85eb8018c05e	build/classes/java/main/org/codehaus/groovy/classgen/asm/sc/StaticTypesClosureWriter.class
5e04014465f5412585a9383d6b3f1b0f6e729637fb5ee07438997d671e925abe	build/classes/java/main/org/codehaus/groovy/control/GenericsVisitor.class
5e20f0de0204205dd6886a36f4fedd1f039064d887bfae616376bd37aff46d14	subprojects/groovy-test/build/classes/groovy/main/groovy/test/JavadocAssertionTestBuilder.class
5e226f48cab20d264b93a9dbaaea582a7c77e7bbb578436d86702037be02768f	subprojects/groovy-swing/build/classes/groovy/main/groovy/swing/LookAndFeelHelper$_closure2.class
5e263388a50c7e6f964cf288b1f217a3f05a44682b15dfe24719c3944bd58be2	subprojects/groovy-console/build/classes/groovy/main/groovy/console/ui/AstNodeToScriptVisitor$_visitSwitch_closure22.class
5e32b118297658f1f7350298c8155cf1cd73fb54a55ed72fe65b35e33fc89472	subprojects/groovy-ginq/build/classes/groovy/main/org/apache/groovy/ginq/dsl/expression/DataSourceHolder.class
5e381233b25b67552bd9af43c911a8c9bbdc180a5f4afc80e71e3f0d1659dc91	subprojects/groovy-swing/build/classes/groovy/main/groovy/swing/LookAndFeelHelper$_closure4.class
5e63824af644701952187ec1fc61b36411aefc54f39cad6cdc6f6bbb7d705187	subprojects/groovy-ant/build/classes/java/main/org/codehaus/groovy/ant/FileScanner.class
5e739fbd47783969d7af82d5123096d810daaabca4506f045a296aa3cc17cd80	build/classes/java/main/org/codehaus/groovy/runtime/memoize/CommonCache$1.class
5e7ebd8164fae07cb5ed5634fdf6f5e542bf5121097be3a3eee7023e4265c112	build/classes/java/main/org/codehaus/groovy/classgen/asm/WriterControllerFactory.class
5e949ea0843c5b7e9e4ecd2eede222153d9a4476ff8a08fc6b6e52c5f700ccf3	subprojects/groovy-ginq/build/classes/groovy/main/org/apache/groovy/ginq/provider/collection/runtime/PartitionImpl.class
5e95c90bd8073165b1ffc4b3191683d63d8fbe0be8615b01f6143a7cd3d33ab0	subprojects/groovy-console/build/classes/groovy/main/groovy/console/ui/AstBrowser$1.class
5e9f7764ab55f4d7d9dd8106ac5f7f4d164d66a19b6c4e04180274ae60d56a1c	build/classes/java/main/org/codehaus/groovy/runtime/dgmimpl/NumberNumberDiv$DoubleInteger.class
5ea8b43179b9c14f5004cce4c1b39385da58f078f1c5c205aa10c6a54d881dfe	build/classes/java/main/org/codehaus/groovy/runtime/dgmimpl/NumberNumberMinus$DoubleDouble.class
5eb484d4cbe29daca0d7d75f0d94d514e55b8fef9a2d68253503c0416cdff70e	subprojects/groovy-xml/build/classes/groovy/main/groovy/xml/streamingmarkupsupport/AbstractStreamingBuilder$_closure2.class
5ec2b627b514a2b9adf77a84145b6d97655aa310f8c8584a8f296a3d6e041454	build/classes/java/main/groovy/lang/ClosureInvokingMethod.class
5ec4cb2dc51d097be01a75473622a6eaaef5dde0cd0a19107b5d8102d0cada3e	build/classes/java/main/org/codehaus/groovy/runtime/callsite/PogoMetaClassGetPropertySite.class
5ec86d9a1857984c88ee8b16d5805585c0cc20c7ace089a825d59002c7b041de	subprojects/groovy-console/build/classes/groovy/main/groovy/console/ui/AstNodeToScriptVisitor$_visitClass_closure9.class
5ecb4723655fe7d0e82691634866e8df41c287639685583c12fb5e9fbeb0ebff	build/classes/java/main/org/apache/groovy/parser/antlr4/GroovyParser$ElementValuesContext.class
5ef0d62ab80a071749ca78caa4c96701f772c9ff2df91000c22fda4c6726b3e8	build/classes/java/main/groovy/util/GroovyScriptEngine$LocalData.class
5efdbff7ed304a4f624b9dc6dd2fe5865fc3136be6cbddce7fb6e22e8743b31f	build/classes/java/main/org/apache/groovy/parser/antlr4/GroovyParser$NamePartContext.class
5f04cd6da1c6873d0d0ce753e369d7b0b7f72cf11979966fff0f8e17ea5d5ee4	subprojects/groovy-macro/build/classes/groovy/main/org/codehaus/groovy/macro/matcher/ASTMatcher$_visitListExpression_closure25$_closure84.class
5f0b83bded54e70366c729a3f8bf8ed6082fb28ce425b8eae0997d6707f2f153	subprojects/groovy-swing/build/classes/groovy/main/groovy/swing/binding/JTableMetaMethods.class
5f0dd3423173bf66dd5ba11d7e693dbd2b735e02da8d696fead42f0b40a59018	subprojects/groovy-cli-commons/build/classes/groovy/main/groovy/cli/commons/CliBuilder$_setOptionsFromAnnotations_closure13.class
5f1bf17a3f969a33b961fc672bd38b374fd79cea5c0e6877682b1146292635f3	build/classes/java/main/org/codehaus/groovy/syntax/SyntaxException.class
5f5e2e2a118b0b3a8f592119d3a357f9363fd24a68668b847a04ac96c25cbbba	subprojects/groovy-ginq/build/classes/groovy/main/org/apache/groovy/ginq/dsl/expression/GinqExpression.class
5f81cacf62f2a0ed8f55d7d19eb9aad38b502de00fcfbbbef96022ef1409efbf	build/classes/java/main/org/codehaus/groovy/transform/LogASTTransformation.class
5f9853f949e127a846799aa84352f33f128e66d34a9725ee4567e8466c5742fb	subprojects/groovy-console/build/resources/main/groovy/console/ui/icons/page_refresh.png
5fb090069349671d4fa7578279a1cdfa647a058d2bfb420ee004dca9df1214d2	subprojects/groovy-xml/build/classes/java/main/groovy/xml/slurpersupport/NodeChildren$3.class
5fbe62eac43280173d87b530dd427dd2255ef7a356b48b6c7503df550646a333	subprojects/groovy-swing/build/classes/groovy/main/groovy/swing/SwingBuilder$_clientPropertyAttributeDelegate_closure3.class
5fc340fb21fa2ed0c2e6d8c82cf4541145c9c9f8df03cc8b5b8378c9c285a34c	subprojects/groovy-console/build/classes/groovy/main/groovy/console/ui/AstBrowser$_run_closure4$_closure11.class
5fd15ec97e4a745cd015b5996a5bbd622d5c80ac1bfaf58d934d229d67cbcfa9	subprojects/groovy-groovysh/build/resources/main/nanorc/light.nanorctheme
5fd48d42d0dd40635d1a2ae3264ac9e912e3956e37d83ea550232e6f016da033	subprojects/groovy-groovydoc/build/classes/java/main/org/codehaus/groovy/groovydoc/GroovyRootDoc.class
5fe6e22847b583f61680576250b79cab7ece4c44d73b3e65570301fff04ad6cb	build/classes/java/main/groovy/lang/GrabResolver.class
5ff93a24695ee513a436281d1680fcb6af2a06df47f79e50abb5239531c950b0	subprojects/groovy-console/build/classes/groovy/main/groovy/console/ui/TreeNodeBuildingVisitor.class
5ffecbce4e31ea6acd709bb23d66e92301ce82db8fafc1d3a1e391d1a09bfe79	subprojects/groovy-xml/build/classes/java/main/groovy/xml/slurpersupport/NodeChildren$1.class
5fffa67c1d738a67b8d44a17f54230ef510526245aa5be3d47f1d764b1752f8c	build/classes/java/main/groovy/lang/ObjectRange$StepIterator.class
60174260046ac35e197937b5e432dbf07ec3f5766be8e43a39b0dd61bd44899a	subprojects/groovy-macro/build/classes/groovy/main/org/codehaus/groovy/macro/matcher/ASTMatcher$_visitClass_closure2$_closure47.class
6027ee2bf87cffd68a41090cb65cd2eb5bdc09f77768d233337967c2b7e4258b	subprojects/groovy-console/build/classes/groovy/main/groovy/console/ui/GeneratedBytecodeAwareGroovyClassLoader.class
602ece39d23fa4e3235483ece6657b9fd37ec452abba118f10b833bd0fcb35fe	subprojects/groovy-swing/build/classes/groovy/main/groovy/swing/factory/BeanFactory.class
604120b83e77e85eaff2f85ca1735c10ca62e388f0f7d1fea7658f3914964938	build/classes/java/main/org/codehaus/groovy/ast/EnumConstantClassNode.class
6051f9378137b700a1f59653b5fe1d13269c1b81a355e11fabac697f0a6d2a07	build/classes/java/main/org/apache/groovy/util/concurrent/concurrentlinkedhashmap/Weighers$MapWeigher.class
6058279671a3fcdd23cdc6c8fa5c8ac76449a7ebf5f0634f89f176e6f42a76e7	build/classes/java/main/org/codehaus/groovy/transform/sc/transformers/VariableExpressionTransformer.class
60663a467d720554e084bc564b1293ab55cdce0607e05ed0320bf78c2e90a997	build/classes/java/main/org/apache/groovy/ast/tools/MethodNodeUtils.class
606bcecc8e1d9a5fcd6584d8a5e555ef2e76b7ddf31e973f245594d888431a1d	subprojects/groovy-typecheckers/build/classes/groovy/main/groovy/typecheckers/FormatStringChecker$_run_closure8.class
6073eb52acd1ffde7088d6cdea8ed5bedfed66b9019bb5ce2b65e9a6f217cc71	subprojects/groovy-ginq/build/classes/groovy/main/org/apache/groovy/ginq/dsl/GinqAstVisitor.class
60793f1354c7e02856ac63b872cc5bb5c0e19ee313cc4da15073b39f5d181b53	build/classes/java/main/org/apache/groovy/parser/antlr4/GroovyParser$MapPrmrAltContext.class
607b26b760e2d23cc301b310b66c96a6bf33091c72c30e74d692d89065dd35af	build/classes/java/main/org/codehaus/groovy/runtime/metaclass/MixedInMetaClass.class
608a3e6db885b65bf66ef5e22e43ffb8c09c2c3da297f3adfccc1dc4869573dd	build/classes/java/main/org/codehaus/groovy/transform/sc/transformers/CastExpressionOptimizer.class
60ccce10171e7c312abdd920ddd993b322b5190eb44e0a3fada0e9b2b34c9e24	build/classes/java/main/groovy/lang/MetaMember.class
60eeff54b28437cbabef7c920eec6cda2ca7ef58fc02fc9bf5cdfc269be795dd	subprojects/groovy-json/build/classes/java/main/org/apache/groovy/json/internal/ValueContainer.class
610298253fc83da17ae6985969c71c7607cd7c4b117b2a6b8fde8045a5e29fbe	subprojects/groovy-ginq/build/classes/groovy/main/org/apache/groovy/ginq/provider/collection/GinqAstWalker$_correctVariablesOfGinqExpression_lambda13.class
612a1c6e558da3a3da74dda1fa7166ab4008713085f8b3d01ed70b78829ab8ef	build/classes/groovy/main/org/codehaus/groovy/control/customizers/builder/CompilerCustomizationBuilder.class
613139d80df08d4c3c233a66c13cd498dbb0190fb3ba257082d40bdb0fdd9590	subprojects/groovy-console/build/classes/groovy/main/groovy/console/ui/ObjectBrowser$1.class
61534d2e09cfebc7b3c645b106df8cc380368a278c9bc2437897e23f426d1f92	build/classes/java/main/groovy/util/ObservableMap$PropertyUpdatedEvent.class
6156442f0510f30dc0fc966d103336090bf7468476604279707c691b0f98cd00	build/classes/java/main/org/codehaus/groovy/util/IteratorBufferedIterator.class
61696d6ccd21160908ae1e3548b22812213826daadc5678bfe533bd70b2ec439	build/classes/groovy/main/org/codehaus/groovy/ast/builder/AstSpecificationCompiler$_annotation_closure14.class
617b4540b65c1faa3ea87eadca39966c6f7fa58e675c1a898471237034caf668	build/classes/java/main/org/codehaus/groovy/classgen/asm/BytecodeHelper.class
617f1a9e046b9f1415df8bea9e7c84a630e0ab3ab8bc710a4009bd60283e47f2	subprojects/groovy-swing/build/classes/java/main/groovy/swing/table/TableSorter$1.class
61883ceea6bfe09e9bd9a5377f2c4404341aad62b4b5d167407351f9c8864b11	build/classes/java/main/org/apache/groovy/parser/antlr4/GroovyParser$PrimaryContext.class
618b6fc29c6d218bbceff59060696b991f5d3e6d68e6bfb417aa7828137e7a74	build/classes/java/main/org/codehaus/groovy/classgen/asm/BinaryExpressionHelper.class
61901bee87fae5d3e707ba25a49a5869d69f4acaea90c627352fe2fe15dde9b4	build/classes/java/main/org/codehaus/groovy/ast/decompiled/AsmDecompiler$DecompilingVisitor$2.class
6199a9359a2a2adaedf311891d7fbcccb126930cf0829d2e285801630728967c	subprojects/groovy-sql/build/classes/java/main/groovy/sql/Sql$29.class
61a31ec0ca563086e56a035e3e2c4cf597c3ea45f137b68a2c891abc4991617b	build/classes/java/main/org/apache/groovy/parser/antlr4/GroovyParser$DoWhileStmtAltContext.class
61adc4eb4361f7282d9d1bcf0bf1de5bd2adc5df521c5a81d998f73aba8aceb7	subprojects/groovy-console/build/classes/groovy/main/groovy/console/ui/TreeNodeBuildingVisitor$_visitClosureListExpression_closure54.class
61bd281ac92427fbd96bf62de021ef0f4dd0ab71b4d8ed315177631f1ed6b4cf	build/classes/groovy/main/groovy/util/ConfigSlurper.class
61c96e77a067e202b8e29ee4c5ac0a3bcaf6e6e536d24aff25d3021647d64bb1	build/classes/java/main/groovy/lang/ExpandoMetaClass$MixedInAccessor.class
61d438a4be3978151161d0ec18a96a8b7ff5f407d86b550e1603dfd151555e5d	build/classes/java/main/org/apache/groovy/util/concurrent/ConcurrentReferenceHashMap$HashIterator.class
61e18d286bd9a89e8ee125c9dd2ef3125ca3824eec788c0308b88fed7a8dfa9e	subprojects/groovy-docgenerator/build/classes/groovy/main/org/apache/groovy/docgenerator/DocGenerator$_parseSource_closure3.class
61e51368ab76ebe7551cbda2151adfeb78e8cc7dadd4a4242f6ab758b41c032f	build/classes/java/main/org/codehaus/groovy/runtime/MethodClosure.class
61e58b9a7b65f3088e8e24d82e58c9947f493ec963243e5031278ae623756200	subprojects/groovy-console/build/classes/groovy/main/groovy/console/ui/AstBrowser$_run_closure4$_closure11$_closure25.class
61e6096a09e657acb63ed229065502486bcdb62b182f2b8b91594fc66490cdac	subprojects/groovy-swing/build/classes/groovy/main/groovy/swing/binding/JTableMetaMethods$_enhanceMetaClass_closure3.class
61ee0ce6bdc00a6b7107ca08f18175ce0634a17ef10363370fcc98a0b2e8fd2a	build/classes/java/main/org/codehaus/groovy/classgen/asm/OptimizingStatementWriter$FastPathData.class
61efac9db921c6c1a6ce3a1f92077b0950372f0ef046929fa7b1f603e8371be1	subprojects/groovy-console/build/classes/groovy/main/groovy/console/ui/ObjectBrowser$_makeCard_closure3$_closure14$_closure24$_closure61$_closure64$_closure72.class
61faf2c2e88d7e692a1d9370d8a8de10dfcfffc1d8eecc80a88b544bf8beb9dd	build/classes/java/main/groovy/transform/builder/InitializerStrategy$UNSET.class
61fc7abc272e89211e6a69da1111683fddfe17851dffc8b6fea3c70ff368b7e0	build/classes/java/main/org/codehaus/groovy/transform/ToStringASTTransformation$ToStringElement.class
621f7234656af97077cd71e15e1b1f4397f4dece1015c56cdffd26060e7cd3b9	subprojects/groovy-sql/build/classes/java/main/groovy/sql/Sql.class
622059d8bda0d246dbac18e45eb972f1ac242b9dca2002fc48280509f387a103	build/classes/java/main/org/codehaus/groovy/transform/IndexedPropertyASTTransformation.class
6236385723254aac8e031901f3ba3dc6bb795c00a99889fb3c99e7f1423b9798	subprojects/groovy-groovysh/build/classes/groovy/main/org/apache/groovy/groovysh/jline/GroovySystemRegistry.class
6241197fde2f01ceb40cf274c57c8c0295f763da46cb7be22989f962b5019838	subprojects/groovy-contracts/build/resources/main/dsld/contract_transform.dsld
626fd6ddf723b1b31b65d736cce1fe1d53358be0d9f9733c574f4c71c30bf847	subprojects/groovy-groovysh/build/classes/groovy/main/org/apache/groovy/groovysh/jline/Snippet.class
6274e0849d7e8f9c40c25bd8f7ab2840b6ab19513289f595ee4f714755d1d1db	build/classes/java/main/groovy/transform/WithWriteLock.class
628366d0027ce8e388045f29b71d10c5b785c0d08ee491b717b38f32e5b57141	build/classes/java/main/org/codehaus/groovy/runtime/MethodRankHelper$Pair.class
629159c0c04db877f4d5ec92549f45df5f197508df5bc20c1e0cb295b991aa39	build/classes/java/main/org/codehaus/groovy/ast/tools/GeneralUtils$1.class
62b1a00b6b19e737b4fffa8011878773f63d7d538de825af8c4ed57c5da58576	subprojects/groovy-ginq/build/classes/groovy/main/org/apache/groovy/ginq/provider/collection/GinqAstWalker$_getDataSourceAliasList_lambda11.class
62b583ae067a03de31aa2ed0136307105a50e3368fe9c26c265db5bd6a250115	build/classes/java/main/org/codehaus/groovy/runtime/callsite/NullCallSite.class
62cd081e4ed31fd2520ec4e569bb0ff0481ca3c3eabf00786553436993006123	subprojects/groovy-json/build/classes/java/main/org/apache/groovy/json/internal/MapItemValue.class
62d10f95c5ff67092faedc1af6232512830d829557937268e6dd31e4305539b3	subprojects/groovy-ginq/build/classes/groovy/main/org/apache/groovy/ginq/provider/collection/runtime/WindowImpl.class
62d3cf5494b7245d9ebcaf542f93465c272ddc0c48bb0196216948f0ff8690ba	subprojects/groovy-console/build/classes/groovy/main/groovy/console/ui/ObjectBrowser$_makeCard_closure3$_closure15$_closure73.class
62d574ca20dacc145c6687020498f737ffc3d35f22927f2feae6ef24a1313722	subprojects/groovy-console/build/classes/groovy/main/groovy/console/ui/view/MacOSXMenuBar$_run_closure1$_closure5.class
62dd0e01be9339c04e05f3e9c60e3bd00c83aec61e107b7035913a34fd79e2d5	build/classes/java/main/groovy/util/NodeList.class
631a9b136c179b4b97e988269170b33bf4a5c4b1341825ea1fa76d6f0fa613ac	subprojects/groovy-console/build/classes/groovy/main/groovy/console/ui/Console$_run_closure5.class
6324b787cb7aa4709ceb8dae18446cfc6dcbc62e32c47e15422b2a59f1c08db8	build/classes/java/main/org/codehaus/groovy/classgen/InnerClassVisitor$1.class
633f16695f45a4d659593638325f1e1ec110901b5ff53915e6114c27f1dcd8e4	build/classes/java/main/org/codehaus/groovy/ast/decompiled/FormalParameterParser.class
6341f14b24629ac7e5900a16c698f90f8d03bc438e3c2ec8ac63da7931dfcb24	build/classes/java/main/org/codehaus/groovy/ast/stmt/BreakStatement.class
634f6fea582b9b794704e9f2b80ca8709c5c10f63ed9a2c1fb5fa24456a296b2	subprojects/groovy-ant/build/classes/groovy/main/groovy/ant/FileNameFinder.class
635cedf4e27cd629330122c18d26bf74e94dc8c11eced4dacb82d43706b81d5a	build/classes/java/main/groovy/util/Iterators$IterateIterator.class
63627412a3d6c37b228e447541d427a53d733ece9c02f36ff4efbe8ce04ea469	subprojects/groovy-console/build/classes/groovy/main/groovy/console/ui/view/MacOSXMenuBar$_run_closure1.class
6366489585580c252361bf784ba54939ce4d9050144468c9461b9f3866a5dd5f	build/classes/java/main/groovy/lang/IntRange$IntRangeIterator.class
638a45fc6c1731a2224fea4410a7966a5897cbed8c3a8a8809721814cde3e6e3	subprojects/groovy-ginq/build/classes/groovy/main/org/apache/groovy/ginq/dsl/GinqAstOptimizer$1.class
638d61e7f479ac8f4cce6d2025876d6bec0837691fef5b117c1c8b952932af81	build/classes/java/main/org/apache/groovy/parser/antlr4/GroovyParser$ClassOrInterfaceModifiersOptContext.class
638e7f53ce0470f892f64c7fae6dfdd6d3615d8478b1bf1cfa4f381f96b439d0	subprojects/groovy-jmx/build/classes/java/main/groovy/jmx/builder/JmxBuilderModelMBean$NumberSequencer.class
63b090bf1ee62738e91d446218d3ce4285221505452faf7648a27fb01b8a7d7a	build/classes/java/main/groovy/util/logging/Slf4j.class
63c0800636e11c524758dac7333a6d75099d92d1c82652e932c8a981294714ac	subprojects/groovy-sql/build/classes/java/main/groovy/sql/Sql$QueryCommand.class
63d35c94cf781053abae74f93eba776bc348e4706cb15976ed85b1a829b868df	build/classes/java/main/org/codehaus/groovy/runtime/memoize/NullProtectionStorage.class
63e244a8c4867a0696aead1485345d1e8246082561496e9f90ef16964b03541d	subprojects/groovy-console/build/classes/groovy/main/groovy/console/ui/ConsoleActions.class
63e327a087ee955e6e277fa491108c8ee37bdc7602bc7784dd3628e6561477b3	subprojects/groovy-sql/build/classes/java/main/groovy/sql/Sql$13.class
63ec095a9c9da0901ee7f48c43c194888fd787615b26285b684f47c4a22da881	build/classes/java/main/groovy/lang/GeneratedGroovyProxy.class
63fe05c0ad560fbdc1f925f48886aaf661130dfa6b9af388e9cf6dded7b8142d	subprojects/groovy-json/build/classes/java/main/groovy/json/JsonBuilder.class
641515739300116801f30907ff8e40dd41997f4b79d67ef2cc61e3e6e992d5bc	build/classes/java/main/org/codehaus/groovy/runtime/m12n/MetaInfExtensionModule.class
6417c3057fd32040c4f7593adcc2dbca5d767cef3898a907a44df266d5c945f9	subprojects/groovy-console/build/classes/groovy/main/groovy/console/ui/Console$_loadScriptFile_closure10$_closure33$_closure36.class
642ed3c36b9da90b151f5cb3249cb1c50d9775fdfb53802e5c27cd707c8e5773	build/classes/java/main/org/codehaus/groovy/runtime/ProcessGroovyMethods.class
643e1dae77cb1759234d4d7abae2e389e030e3f32b8b1e5cb99fcc6e963b2abf	subprojects/groovy-console/build/classes/groovy/main/groovy/console/ui/Console$_compileScript_closure24$_closure46.class
6461daff2fce279e09bafebcd9ea4d28cca6b3b4ff4392e0835f1e43252c9739	subprojects/groovy-ginq/build/classes/groovy/main/org/apache/groovy/ginq/provider/collection/runtime/ConcurrentObjectHolder.class
646853a1e1a77879c728df387d87945608e7cabdb1b2252d93d4023f928fdaeb	subprojects/groovy-cli-picocli/build/classes/groovy/main/groovy/cli/picocli/CliBuilder$_addPositionalsFromAnnotations_closure11.class
647b207987245954f63ff82f1bf7d6dc2daaf68b2387dbcb5dfecc4310b807f2	subprojects/groovy-swing/build/classes/groovy/main/groovy/swing/factory/WindowFactory.class
64a720b298e600678d91b588c5b92f2b8dd4f4d9ca6dde8b89ffa8ed3f791026	build/classes/java/main/groovy/transform/ToString.class
64ab2fd4f39f92240f01ac0e242c20b5724868d90ecb086482d0888940ee8fcd	subprojects/groovy-groovydoc/build/classes/java/main/org/codehaus/groovy/tools/groovydoc/LinkArgument.class
64b78414b95c1c7173a00d5c460093c8e862b63478b7ff0dd6afbcae255c4ce9	subprojects/groovy-templates/build/classes/groovy/main/groovy/text/markup/TemplateResolver.class
64b8f8c18e82d8a35bc14d177799bc503916fe1d900e4fa6f2d1dfe6ffa4b354	build/classes/java/main/groovy/util/GroovyCollections.class
64be9483053b67203380a213c967017e4d7057c4db928eaf4b82f30e873d87e3	build/classes/java/main/org/codehaus/groovy/classgen/AsmClassGenerator$5.class
64fb53915541d2a1692104bdf38d79269f9448836da2a9017cf2e7b4e3d3c3ff	build/classes/java/main/org/apache/groovy/parser/antlr4/GroovyParser$FieldDeclarationContext.class
6521d54ffc205e767b9fd9219e550ba9d4e1d68072af928843b556c2355c9ab4	subprojects/groovy-json/build/classes/java/main/org/apache/groovy/json/internal/Exceptions$JsonInternalException.class
652e6dc5547a6f8c407da8df6434626473a88875e5a8f82f349e20d7b5460a1a	build/classes/java/main/org/codehaus/groovy/transform/ExternalizeMethodsASTTransformation.class
65380cc52240c4fdfee40032e70f4e8a5f3273a86255df89e5226c3d9ff84170	build/classes/java/main/org/apache/groovy/util/concurrent/concurrentlinkedhashmap/ConcurrentLinkedHashMap$BoundedEntryWeigher.class
6546f8c44e5e0850fbf0ea5159fe8714d5403a9182b6bf95ffeda262ef6bb08a	build/classes/java/main/org/codehaus/groovy/control/customizers/builder/PostCompletionFactory.class
6547f0e5a4920329c84fbe163c5805bf45939873afd6fb32f8bf79857f8691a1	build/classes/java/main/org/codehaus/groovy/transform/stc/GroovyTypeCheckingExtensionSupport.class
65618572e912e86ab6799356dfa7be6048a4abc81f337ed5310a3de84e195209	subprojects/groovy-groovysh/build/classes/groovy/main/org/apache/groovy/groovysh/jline/SystemRegistryImpl$ScriptStore.class
6569e6462c979b63057c28129d812e215291aaa1e387009c106a7a6611cf81d6	subprojects/groovy-ginq/build/classes/groovy/main/org/apache/groovy/ginq/dsl/expression/DataSourceExpression.class
6575d41c6398a8d5f8f8ac8596197058f8999dcad0be52f4c5325125190d4503	build/classes/java/main/org/codehaus/groovy/runtime/dgmimpl/NumberNumberPlus$IntegerInteger.class
657d1272a54f45875a9b8487d88e686f4606c228fe506729aee26a6e93f5b62c	subprojects/groovy-json/build/classes/java/main/groovy/json/StreamingJsonBuilder.class
65a9e379000aaedce2335a300801be31f7406818df77a6b54198e81476677d5e	build/classes/java/main/groovy/util/IndentPrinter.class
65aca552e63a4770ccd195310b6c813a18ba7e8eac66d4366692a762d62553a4	build/classes/groovy/main/groovy/beans/ListenerList.class
65b1e10b3ce475f8abcfe0c8246c50d0392f27cfec3827acbd3926d19a0c016e	build/classes/java/main/org/apache/groovy/util/JavaShell$JavaShellClassLoader.class
65ca7bd8cade3cab7444ae69a2bd795a1d61c7142bd8176c4aeaea35bf620605	build/classes/java/main/org/codehaus/groovy/classgen/asm/AssertionWriter$AssertionTracker.class
65caa3f2dbac7c50091b89d8933ef7bba5b79ecd0a17365a4a1c07775cac1e6a	build/classes/java/main/groovy/lang/Tuple15.class
65fdbfb549bb9acea5cb6ab5f1318addfd8504c3f4d7faa08833dfb9ea1eae51	subprojects/groovy-docgenerator/build/classes/groovy/main/org/apache/groovy/docgenerator/DocGenerator$_main_closure15$_closure28.class
660c96a41b8f8cb875d3542eb63c1ebf11b10a1b836fa3b56cad4b16fb3b77a8	subprojects/groovy-ginq/build/classes/groovy/main/org/apache/groovy/ginq/dsl/GinqAstOptimizer$2.class
664fe0b80b2f6d7391af956f72baa16a90cfe7893c2d30ce7416e682d11145c8	subprojects/groovy-xml/build/classes/groovy/main/groovy/xml/StreamingMarkupBuilder$_closure2.class
6653a14d72f75a493d40672c7a5814c38e7a1a9484d574a7e06d8d092c1ca79d	build/classes/java/main/org/apache/groovy/util/concurrent/concurrentlinkedhashmap/Weighers$ListWeigher.class
6669d21b2035d66e4c3c582d69cf948f7eac56b043496fcd7e4397718a3234fb	build/classes/java/main/groovy/util/ObservableMap.class
667eeb5a325e88550304cd143d36d07fd96fdc3d7a66b06c10f7a3f85b8ef059	build/classes/java/main/org/codehaus/groovy/runtime/typehandling/ShortTypeHandling.class
668dff98b6124b019888adcf6dea9150ead5798baecf44b269e719279e2fd634	build/classes/java/main/org/codehaus/groovy/runtime/metaclass/ConcurrentReaderHashMap$KeySet.class
669ab29614bc94ab980fedbe820b987fe282b08d060083fca2b7633543f47928	subprojects/groovy-console/build/classes/groovy/main/groovy/console/ui/ObjectBrowser$_run_closure2$_closure5$_closure8.class
669ff9b09581edb34aa3b5cd802eddaf2a7285c0983c4aa5dd55f9896ba75be3	subprojects/groovy-ginq/build/classes/groovy/main/org/apache/groovy/ginq/provider/collection/GinqAstWalker$_correctVariablesOfLambdaExpression_closure21.class
66a00d89cb47e0ec07cd5f92026501ada0364fdbdbfb87ad6219e42b8e19f561	build/classes/java/main/groovy/util/ObservableSet$MultiElementRemovedEvent.class
66a071a8483a15cb4067c06c0a08ab4f2be75544d0594c8247dd634a3164b222	build/classes/java/main/groovy/util/ClosureComparator.class
66d622d8c7eeab835aacc6c4d16c4cd3a12cf154e3bfa086a0e71ae099fc4ec6	build/classes/java/main/org/codehaus/groovy/runtime/DefaultGroovyMethods$CollectEntriesIterator.class
66d967ffa21b4dfbd995532096550ad0bd4e87dd46409f2b62de9b6422eb5406	subprojects/groovy-macro/build/classes/groovy/main/org/codehaus/groovy/macro/matcher/ASTMatcher$_visitClosureListExpression_closure43.class
66da4d4b1616a6bf63016bc7b3d20c06ac9d1e0d50c334f1c8ec0ae6baf9e651	build/classes/java/main/groovy/lang/MissingFieldException.class
66e00a2186f471a43bd07906fd6e3d98016ed0c04cef6bc17e42a850d016b822	subprojects/groovy-templates/build/classes/groovy/main/groovy/text/markup/BaseTemplate$1.class
67064e57f5121f7f5a5993ce50a69f68c5ee71d1d55f3ed50af512ec653b873e	build/classes/java/main/org/codehaus/groovy/reflection/stdclasses/BooleanCachedClass.class
670931449be6e50030cfbe2fbe1f6d15297d942fc20b12a18f7e08557f8ac35b	build/classes/groovy/main/org/codehaus/groovy/tools/GrapeMain$Uninstall$_run_closure2$_closure5.class
670b64e71629225f026991e4913a5ace2d2156d56fb2ced8d568ec7fca363ac2	subprojects/groovy-macro/build/classes/groovy/main/org/codehaus/groovy/macro/matcher/ContextualClassCodeVisitor.class
671e9b9a3058622adcbdcb32427b703d7209bb497a8f81de3406a33b262b4c6e	build/classes/java/main/groovy/transform/stc/MapEntryOrKeyValue$Options.class
67298b5fc774a37e81fe44b246d7ff8e22337ac6752b4b86fea44cd7e237a369	subprojects/groovy-ginq/build/classes/groovy/main/org/apache/groovy/ginq/provider/collection/GinqAstWalker$_constructJoinMethodCallExpression_lambda5.class
672eaf2e933e9eedde5950611ef88bdc63d0c7a3f29586a7b114bdf1bbad2ff0	build/classes/java/main/groovy/lang/Reference.class
6732446a075422d58e54309d342e98e8d2e6e2434334d1edc2a63ee70cefe8f8	subprojects/groovy-contracts/build/classes/java/main/org/apache/groovy/contracts/common/spi/Lifecycle.class
673b64c3e610a9830792949306eb52d6fc88ebbc734a0e4e8fa69be41c9fb1a7	build/classes/java/main/groovy/transform/stc/SecondParam$Component.class
673f57a137f6578cf08f25acc8b820c452156c664d5e73e71db484d4b5087a73	build/classes/java/main/org/codehaus/groovy/runtime/DefaultGroovyStaticMethods.class
67b581d51cdf947c7dc3bfba4c3dd996a65f3788e5111c15f57013fd54763893	subprojects/groovy-console/build/classes/groovy/main/groovy/console/ui/AstBrowser$_run_closure5$_closure41$_closure42.class
67ba2150622a8b9d09770fc820cf0768cb274b6eebd8772b110aa9dd5f9ff273	subprojects/groovy-xml/build/classes/groovy/main/groovy/xml/StreamingMarkupBuilder$_closure5.class
67d03c6729464bbee768f3abb1fb4e5c80457c6dc80aa434aa244f2918c2ded8	build/classes/java/main/org/codehaus/groovy/classgen/EnumCompletionVisitor$1.class
67ea659df50fd15c264a8d5a400c67e748e77a513371d28dabba8aefcb538608	subprojects/groovy-swing/build/classes/groovy/main/groovy/swing/factory/FrameFactory.class
67ebf0da8ae24117339d7844f61f554c8e98ef6b8cb6fa9b53e805cd2f0b71e0	subprojects/groovy-json/build/classes/java/main/org/apache/groovy/json/internal/IO.class
67fb2a4cab600587fd7bf486e46ff06da48bbfd6401e04fa3a5759b19b7bb526	subprojects/groovy-swing/build/classes/groovy/main/groovy/swing/factory/ColumnFactory.class
681c5799b8e980225d6d59d75bd6d0f7ea363dfbf981fc8e886f8aad32671daa	subprojects/groovy-cli-commons/build/classes/groovy/main/groovy/cli/commons/CliBuilder$_expandArgumentFile_closure21.class
68298157f61b3913d6375a1314b4f1e19371c7aad80ca339583d39e5196053ff	build/classes/groovy/main/groovy/grape/GrapeIvy$_addIvyListener_closure10$_closure20.class
685c7115bf69915a9d43c25c9b86a6a703dda0abbbb241ca9342f2863f6abbbb	build/classes/java/main/org/codehaus/groovy/ast/expr/ConstantExpression.class
687793d78901910525185bbb6cc97b256b49f0ae3c1daa0c9f582eb4ab55ba68	build/classes/java/main/org/codehaus/groovy/vmplugin/v8/Selector$MethodSelector.class
68785a9c4ca8b2d620684d78425952d60620b62b842ee26e0600a7bda0399c67	build/classes/groovy/main/org/codehaus/groovy/ast/builder/AstSpecificationCompiler.class
687f69570aa090c0b6e4dca007ecde456526fb138db6dff18fee186978205963	subprojects/groovy-ginq/build/classes/groovy/main/org/apache/groovy/ginq/dsl/GinqAstOptimizer$_transformFromClause_lambda5.class
6883df9f7b570df54c53442e64275b6e85f2186f23484f518495970c0f316c01	build/classes/java/main/org/apache/groovy/parser/antlr4/GroovyParser$ClosureContext.class
688cc2f8a64316886ab6327fcc117150ca7f4231dbd3c80d6aeda9a6fe1d9268	build/classes/groovy/main/groovy/grape/GrapeIvy$_addIvyListener_closure10$_closure21.class
6890fa15002101a227d7a547a015212dbe0a059a7e80e7776f39f6bb1b682e55	build/classes/java/main/groovy/lang/ExpandoMetaClass.class
68e5151c8d955f8b7aa161b876557741dabae960f8f8ed5db4c9ff191b0392f1	build/classes/java/main/org/codehaus/groovy/ast/ClassHelper.class
68ef33ed1a1a6242df00c917c7ed16a774954a8684033f627495cec98e50391d	subprojects/groovy-console/build/classes/groovy/main/groovy/console/ui/view/MacOSXDefaults.class
68f29359a4f47ac06293b645ae39330702c11916e76eb85dda0b5b33f578f754	subprojects/groovy-groovydoc/build/classes/java/main/org/codehaus/groovy/groovydoc/GroovyTag.class
68fb20f76d1d44861ebf34a47f8ebae2818c722fb4e2295ceb38a7b0a0304950	subprojects/groovy-console/build/classes/groovy/main/groovy/console/ui/TreeNodeWithProperties.class
68ff2f3347234807e1f4184e6ca6a500a66e837b01e124bfe0b1b5197f335fc3	subprojects/groovy-groovydoc/build/classes/java/main/org/codehaus/groovy/tools/groovydoc/antlr4/GroovydocJavaVisitor.class
6902aef323b9fc272249af7d90ede2efe48c7455adc15734ac1218571c92adc3	subprojects/groovy-json/build/classes/java/main/groovy/json/DefaultJsonGenerator$ClosureConverter.class
693ba2a5be5e8e6470f2c603c1a6dc0319bcda44a704e71d363f5460ad7f2d48	build/classes/java/main/groovy/lang/GroovyClassLoader$1.class
694eb574a925584e2338cc4b04d8a5d6831e315a31f011770f3932870ef74919	build/classes/java/main/groovy/transform/Sealed.class
696068be7b3e72ef1d383ce755081af33cb6f6ccfe0d51569371c8ef6f362905	subprojects/groovy-console/build/classes/groovy/main/groovy/console/TextNode.class
6982d54450f2b435bc40cef0f93eb1e2bfb490eaa173d051047d53ff84b3618f	subprojects/groovy-groovysh/build/resources/main/nanorc/args.nanorc
698cb97bd7a4f44cc8ced63b7562454126f3c43484b81a9c61241d89930ebe94	subprojects/groovy-console/build/classes/groovy/main/groovy/console/ui/ObjectBrowser$_makeCard_closure3$_closure14$_closure23$_closure50$_closure53.class
6994a5e4654436bee3332fb5f2895bbcb41e1384ca4e9f0d8c0c251f618ba66d	build/classes/java/main/org/apache/groovy/parser/antlr4/GroovyParser$LogicalAndExprAltContext.class
699f2ecd282dc28558687a66cf8dcaae9bc0d396662b2d11b18e731d0020e574	subprojects/groovy-console/build/classes/groovy/main/groovy/console/ui/AstBrowser$_run_closure4$_closure11$_closure24.class
69a12cc7a75b8891f1bcb2ae603d381ceadb623811d99a77e2296246b0eca017	subprojects/groovy-test/build/classes/groovy/main/groovy/test/JavadocAssertionTestBuilder$_getAssertionTags_closure1.class
69ad85e7b3af24831ca8080bfd5037bea36498aa55ece5dda4f119349f171bc7	build/classes/groovy/main/groovy/cli/internal/OptionAccessor.class
6a00300a173192d904354956ccd9044818d06787357ee47af1cdfbac509d2a57	build/classes/java/main/org/codehaus/groovy/ast/decompiled/LazyFieldNode.class
6a111abf83cdac0caac7a9d035ff0d166077325facef6a8d637da4b24f2ee396	subprojects/groovy-swing/build/classes/groovy/main/groovy/swing/binding/AbstractSyntheticMetaMethods.class
6a13b6dcb8a30402aeb9858f5a7c7a8282cd4ae686ca6601c382447b07e8969e	subprojects/groovy-swing/build/classes/groovy/main/groovy/swing/factory/RigidAreaFactory.class
6a36242b5fed33f1ec22e54edcdac93757d6a0e85ded14b4ac73ba407d3832bf	build/classes/java/main/org/codehaus/groovy/util/FloatArrayIterator.class
6a3b4824bebb06307dce87eaf10dc65f6358c89e7585b0d22e6cdd5cf92f1ef7	build/classes/java/main/org/codehaus/groovy/reflection/stdclasses/ArrayCachedClass.class
6a3db3f531afd87a84b19f37a91df6b679fbda364e8abd9f714e6161c673ef64	build/classes/java/main/groovy/lang/Tuple8.class
6a3ed17f8318075ca23de8254a8e49466d54ab34944a06f71477e3b28bded673	subprojects/groovy-console/build/classes/groovy/main/groovy/console/ui/Console$_fileNewWindow_closure8.class
6a56e9ccc691e6ba2ab7458a0c87b2ed4538e6967d9f750aee6943aef932acfe	subprojects/groovy-contracts/build/classes/java/main/org/apache/groovy/contracts/generation/AssertStatementCreationUtility$ReturnStatementVisitor.class
6a58f730a85f21620f23f454e92bff3d4c389fb18541d730a093577c10c85ec1	build/classes/java/main/org/codehaus/groovy/runtime/MethodKey.class
6a64f1c08fa619819dac91137068348fcae410c611ed4eaf37dac16746fa75ed	build/classes/java/main/org/codehaus/groovy/runtime/ProxyGeneratorAdapter$InnerLoader.class
6a739d40baeda0586753cc54a6f3f6a1a8dca1a1c041337f5b011c7cd63fc673	build/classes/java/main/groovy/lang/EmptyRange.class
6a8709ae20ea3c651f2ce0b49d8027bb2d6cee40cd337f12d7cc8ad9198d1d41	build/classes/java/main/org/codehaus/groovy/classgen/Verifier$1.class
6ac4713cdb48b10cfcc1c1fd0c3c581945768ddcb42db70720b845bdee67e1c0	build/classes/java/main/org/apache/groovy/parser/antlr4/GroovyParser$ParenPrmrAltContext.class
6acec02900d093fa5c082cf5f47d89187c8ba242ffbf3824c0f10acdea7bdab5	build/classes/java/main/groovy/transform/PackageScope.class
6adb8ab439094fa102b72e1cd29a8d6742496ebf14180c414a9963834aa1c47a	build/classes/java/main/org/codehaus/groovy/transform/BuilderASTTransformation$AbstractBuilderStrategy.class
6ae72f14ff7ca279e6c4785ad0a3c1a9b44dba957d47523649b6763f9138ef23	subprojects/groovy-contracts/build/classes/java/main/org/apache/groovy/contracts/common/spi/AnnotationProcessor.class
6b0db70dfc9752ca366918fc0189ab7f3500c97ffb8509130a96ff5bc293c681	build/classes/java/main/org/codehaus/groovy/runtime/dgmimpl/arrays/ArrayGetAtMetaMethod.class
6b2bd8c9e3da4ba433cec5e9cf987c7faacba75d0300ef6558654ddaccaa7a36	build/classes/groovy/main/groovy/cli/internal/CliBuilderInternal.class
6b389e648f1a0a039b502c33f97a3ae0aec974fffffbdf6167475c8a56cbeb2e	subprojects/groovy-console/build/classes/groovy/main/groovy/console/ui/TreeNodeBuildingVisitor$_visitIfElse_closure5.class
6b3a019d82faacef39fad5698f6fd9800caafc0d83f1d44f38798ff15c592553	build/classes/java/main/groovy/util/ObjectGraphBuilder$ReflectionClassNameResolver.class
6b5275a59c296bb7b3fdd80b3fd5c92ed9e8b52e5b8465215d448690565264c6	subprojects/groovy-ginq/build/classes/groovy/main/org/apache/groovy/ginq/provider/collection/GinqAstWalker$2.class
6b5745f7c8c2d3d2a4871ade2c6bba937586474b258ec55d3ec2fc3d5cb4365e	build/classes/java/main/groovy/lang/Lazy.class
6b6cbe20b218ce5f3540ed0a19a37e4dc520e703cb3188487cd08c238c7eb907	subprojects/groovy-sql/build/classes/java/main/groovy/sql/InParameter.class
6b7a8461fcd5d15ba44d6ba031d341722f83866bb7ae147bc9dc94eb870e04a6	build/classes/java/main/org/codehaus/groovy/util/FloatFloatArrayColumnIterator.class
6b7b11f400ddd7c095ec576176c537add46987d293b3e89a4a76e7ed930df390	subprojects/groovy-cli-commons/build/classes/groovy/main/groovy/cli/commons/OptionAccessor$_getTypedValuesFromName_closure1.class
6b7c9b14eefb2eb2dfe4888261d2a3602c7b1f38c627e66360410a08c7040bce	subprojects/groovy-groovysh/build/classes/groovy/main/org/apache/groovy/groovysh/jline/GroovyEngine$CandidateType.class
6b89b763c17ad09f9c96d047909354e3420befdd7002ae92afe7e194548f8f11	build/classes/java/main/org/codehaus/groovy/ast/ClassHelper$ClassHelperCache.class
6b97adf0e62999268abf8977c79060695d17e5cc4c834d9e13825eb6708ca09f	build/classes/java/main/org/codehaus/groovy/transform/tailrec/UsedVariableTracker.class
6bcd847662f03863bebcd5e5493f62ba1438741e4d6841bf7d776266c8a05d8f	build/classes/java/main/groovy/lang/Grapes.class
6bcdd5b0311646128b47dcba674b49b418ce1b1a1007890ef0400b02395adb01	subprojects/groovy-docgenerator/build/classes/groovy/main/org/apache/groovy/docgenerator/DocGenerator$DocPackage.class
6bd45ef3ee42c49af46bcd799758a10785b52a38887fd55c3ddc5317e55efac2	build/classes/java/main/org/codehaus/groovy/runtime/callsite/CallSiteClassLoader.class
6beafd59a3304c11241534a970ec5c94e895e662182b63067409635a4eccba12	subprojects/groovy-swing/build/classes/groovy/main/groovy/swing/factory/EmptyBorderFactory.class
6bffed4dffd5ddfdf498806ff730b58e2d2eeb8b5b36670390ad167098675e19	build/classes/java/main/org/apache/groovy/parser/antlr4/GroovyParser$ElementValuePairContext.class
6c14ba033cbbf22981d8bbbedc5530c009f2497cf2d622836615f19f299b2e0a	subprojects/groovy-xml/build/classes/groovy/main/groovy/xml/streamingmarkupsupport/AbstractStreamingBuilder$_closure5$_closure9.class
6c1987e20458a4130d704883190a8335333f1d4cf95003116e1f00573cf65aa0	build/classes/java/main/org/apache/groovy/util/concurrent/concurrentlinkedhashmap/ConcurrentLinkedHashMap$DrainStatus$2.class
6c436ff5bd638e691b8a7d38e9749785bba5b7f133f4a13dc81a9197e92e8287	subprojects/groovy-swing/build/classes/groovy/main/groovy/swing/factory/ComponentFactory.class
6c550a774ed040dcf94c526417de84456e4a71f765c8c103fc99c940595097da	build/classes/java/main/org/apache/groovy/parser/antlr4/GroovyParser$GroovyParserRuleContext.class
6c5a3e499daeed1bb5c42743f4d7cdaee1d1c9f089fa12634e3d0716b794ad25	subprojects/groovy-groovysh/build/classes/groovy/main/org/apache/groovy/groovysh/jline/ObjectInspector$_methods_closure2.class
6c620be8333cfd445a950ed89d1de39adf0730c5915bbccd8194c14310ca5e8f	subprojects/groovy-swing/build/classes/java/main/groovy/swing/model/DefaultTableColumn.class
6c6b186da9ecf74b588cd91c4179bc65cbd6e05a195f420e6573570825d125f3	build/classes/java/main/org/codehaus/groovy/classgen/asm/sc/StaticTypesWriterController.class
6c852ebbfb722840acfce88fa3acd16ae0172670dec0a31877725098581b2a52	subprojects/groovy-cli-picocli/build/classes/groovy/main/groovy/cli/picocli/CliBuilder$_addOptionsFromAnnotations_closure6.class
6c8ab7382b36a90e90351fcc1ed25ac17dcdb60086841cf35113713d3419e77d	subprojects/groovy-console/build/classes/groovy/main/groovy/console/ui/Console.class
6cad62335afd01fb55216fd10100ff1b755034cdf878b59be79afd4c63189fa0	build/classes/java/main/groovy/util/function/IntComparator.class
6cb01094bcb00955f6149f219cab1bfc56a0006f179f2516f64cbadce1503dd8	build/classes/java/main/org/codehaus/groovy/runtime/memoize/MemoizeCache.class
6cc8092b7584e0bb4f9c17bb2c0b86436b61b55a5c99ea26fdbd8242befd9aff	build/classes/java/main/org/apache/groovy/parser/antlr4/GroovyParser$PackageDeclarationContext.class
6cd7be1f1d9aec55f0bbfedd7f7e8f8b09985a043fa8e34a26fcf5cb70a71e35	subprojects/groovy-swing/build/classes/groovy/main/groovy/swing/factory/LayoutFactory.class
6ce543088522123733e84330b1332cbd6efcd70b53890da2bc47b5c2cd1a640d	subprojects/groovy-groovysh/build/resources/main/org/apache/groovy/groovysh/commands/LoadCommand.properties
6ce543088522123733e84330b1332cbd6efcd70b53890da2bc47b5c2cd1a640d	subprojects/groovy-groovysh/build/resources/main/org/codehaus/groovy/tools/shell/commands/LoadCommand.properties
6ce7edb77e2d1be377bcef6baeda54d04a67ed76d043044bad4ba8316729fdd7	build/classes/java/main/groovy/transform/stc/SecondParam.class
6d0ab2aa3ee5f141b8abda5b805ea5dac83da7b15d45fc99d4abd82d4a104981	subprojects/groovy-macro/build/classes/groovy/main/org/codehaus/groovy/macro/matcher/ASTMatcher$_visitListExpression_closure25.class
6d131695f65ac9bc09ecc625b39735a5313cee5fb99acd7ea5631d8c84f24a34	subprojects/groovy-macro/build/classes/groovy/main/org/codehaus/groovy/macro/matcher/ASTMatcher$_checkParameters_closure23.class
6d13f6db4dffd814bbad398ed849a4daa9c4c782b928fe41524217752d665763	build/classes/java/main/groovy/util/ObservableList$ElementClearedEvent.class
6d1ce3521c82edd93c60af3818e5145157fffabd2de26cb5032c34f9f4e43967	subprojects/groovy-jmx/build/classes/groovy/main/groovy/jmx/builder/JmxMetaMapBuilder$_buildConstructorMapFrom_closure4$_closure13.class
6d4c2a3f714cc2074e54d2638991253d3cdb207a68319860ecab6989689ab830	build/classes/java/main/org/apache/groovy/parser/antlr4/GroovyParser$EnhancedExpressionContext.class
6d7bc0f2dcf6fd12fe615d3f4e100aabfb2b031d5ce1daedb750f6eabc00ea9f	build/classes/java/main/org/codehaus/groovy/runtime/DefaultGroovyMethods$FlattenIterator.class
6d960e31ed1af0e2320a8f152e7ecc9d1cc9cfd0822f2b84decab35d971164fc	subprojects/groovy-swing/build/classes/groovy/main/groovy/swing/factory/TDFactory.class
6db05d59f54451f3df69a4f8abe23ab0ba31f22ada5995ef36ace97cfbc6d67c	build/classes/java/main/org/codehaus/groovy/runtime/powerassert/ValueRecorder.class
6e062862de2ddbbe4954299cfdd305117e24458e603582568265e246f572412d	build/classes/java/main/org/codehaus/groovy/ast/tools/GenericsUtils.class
6e121c79a9fbd26c00e60bc62a7a25d5598d0c727030e3266522f57449cf6837	build/classes/java/main/groovy/util/logging/Log$JavaUtilLoggingStrategy.class
6e277d3975733ee5035ab876ee482cf066002b03bfc1b8cab2f355cf54d2ee64	build/classes/java/main/groovy/transform/IndexedProperty.class
6e2f1d7d056bc6f3bb1d288cdece5fbf28bade705a07e2cfcf1e75b383426a46	build/classes/java/main/org/codehaus/groovy/util/ManagedReference.class
6e32c9713e8a4c3e276dd1f07fd075cda3f480cc045620a10e218e60b91b0160	subprojects/groovy-console/build/classes/groovy/main/groovy/console/ui/ConsoleView$_run_closure9.class
6e36ba26bd967070e8ca7e04e813e8edd6dad923b408b01360b953263f48027a	build/classes/java/main/org/apache/groovy/parser/antlr4/GroovyParser$ElementValueArrayInitializerContext.class
6e44722f33b8920db80ea24a85be041ffd7ef4920a1eb7657b691d4639695b4e	build/classes/groovy/main/groovy/cli/internal/CliBuilderInternal$_create_closure2.class
6e4fd6c731dec7f1888feb45623b01262cd6f652aa5f39ee0533f493d49db7c2	subprojects/groovy-console/build/classes/groovy/main/groovy/console/ui/AstBrowser$_run_closure4$_closure11$_closure28.class
6e683dd29928bcce0a22d4ba02e0d858e5d95a36a94218530c7d3473112bd421	build/classes/java/main/org/codehaus/groovy/control/customizers/CompilationCustomizer.class
6e8a00756ac4753e0518b78b5b5f7e2f41e12ab189109a11ba8902be3b25fe1e	subprojects/groovy-contracts/build/classes/java/main/org/apache/groovy/contracts/common/impl/RequiresAnnotationProcessor.class
6e914ac92e35e60c08b2b2282aef1ddbb0c22ffef658ee556a7975136649a6a1	build/classes/java/main/org/codehaus/groovy/classgen/Verifier$13.class
6eb075c17b525d21c54e03766cbc295e9dc53306471f7a16beb1b9847eb95ca5	subprojects/groovy-cli-commons/build/classes/groovy/main/groovy/cli/commons/CliBuilder$_processSetAnnotation_closure16.class
6ecdb7caf1a9024fb5880b03031c8254156cf13d77c4fe21b05d8302cf2fe87d	subprojects/groovy-groovysh/build/classes/groovy/main/org/apache/groovy/groovysh/Main$_main_closure8.class
6edd69afda0db60d1a5061f07a09c11e68f9f21d1662ed2071965ba9a4233a61	build/classes/java/main/groovy/lang/MetaClassImpl$4.class
6eef7a712e7a7fcdfb3a3cfd40fc063c32c888aea544873628c0ea9e7fd7bd16	subprojects/groovy-swing/build/classes/groovy/main/groovy/swing/binding/JListMetaMethods$_enhanceMetaClass_closure5.class
6ef68c762f33dac1d0659bac0f8d01c95f7f57421c3199b928411f8d621579a6	build/classes/java/main/org/codehaus/groovy/transform/tailrec/TernaryToIfStatementConverter.class
6f0f27e82441930d49ee09a4d74b911868cbfe0d4eb1b3d1cccdf31ea83665c6	build/classes/java/main/org/codehaus/groovy/reflection/GroovyClassValue$ComputeValue.class
6f19d67328f38da5598aaa6c6b7b7795bbf938811dd69eeec07dda8372d75c88	build/classes/java/main/groovy/lang/IncorrectClosureArgumentsException.class
6f28b2da743ab7d1d44239354f131b15f381d029b2abeba379ded44c2593fa0c	build/classes/java/main/org/codehaus/groovy/control/io/URLReaderSource.class
6f39bb8548594c23c201d12a9c5ed0e2b0ab8004ac8ad27a1dea208ce40ef94e	build/classes/java/main/groovy/lang/IntRange.class
6f7630105f7c6cadcba30b06bd98ee59ce11e3ca3b523fe5276376b4675ed03f	build/classes/java/main/org/codehaus/groovy/classgen/AsmClassGenerator$2.class
6f784e9551386d98a2cf4e0b96a67b13e6c05a0dff9f0798281537ba502b3bb2	subprojects/groovy-xml/build/classes/groovy/main/groovy/xml/StreamingDOMBuilder$_closure4$_closure9.class
6f78d2cd219460aab7dd137416fab0c8a9d4b6e7156f251246386ae18a3078cd	build/classes/java/main/org/codehaus/groovy/vmplugin/v8/TypeTransformers.class
6f7cee310e42f64f45f679f9e1a74a7c2c431eec3bd47c5759329675c3fe7420	subprojects/groovy-console/build/classes/groovy/main/groovy/console/ui/view/BasicContentPane.class
6f99fa69aa2071ecd00c68fa96e14cc990fa8413465f1bcbb98756ae9e8e046d	build/classes/java/main/org/apache/groovy/parser/antlr4/GroovyParser$GstringValueContext.class
6fa01f21debd148d9829691ff65a8b04c6b0e977464917ec01ace138a2570cea	subprojects/groovy-ginq/build/classes/groovy/main/org/apache/groovy/ginq/provider/collection/GinqAstWalker$_constructJoinMethodCallExpression_lambda4.class
6fa3feb803068c811879618f5e48eae3a071cd59f787ede3549299ff05ad428c	subprojects/groovy-jmx/build/classes/groovy/main/groovy/jmx/builder/JmxBuilderTools$_getSignatureFromParamInfo_closure1.class
6fa86a5c7a7ee3a13c786c4df43617e175ecc1f31bfb2a2149995baafb882b83	subprojects/groovy-console/build/classes/groovy/main/groovy/console/ui/ConsoleView$_run_closure5.class
6fd1ecd8c9cd6f64c532f9147ac2b4bc6204e6451f987e294b783e8e0edf0d4b	build/classes/java/main/org/codehaus/groovy/tools/FileSystemCompiler$CompilationOptions.class
6fd83b1e8f49d5ad583ee815a2d5a2be6ca73f96fb8f5b0205783882ab56c2b6	subprojects/groovy-contracts/build/classes/java/main/org/apache/groovy/contracts/classgen/asm/ContractClosureWriter.class
6ff536dd3974f0b371aed5c7438774cd6fa840d1cff9ba0a1c3739237c8f47f0	build/classes/java/main/org/codehaus/groovy/runtime/dgmimpl/arrays/CharacterArrayPutAtMetaMethod$MyPojoMetaMethodSite.class
700730822b85b3176b9893e9bf7c938756923f8ad970de8587c6be7367739fd1	subprojects/groovy-sql/build/classes/java/main/org/apache/groovy/sql/extensions/SqlExtensions.class
7014182fb8b4e63372442a8be6c0e7f21e665f28e362441652f4ec0b33c3bb62	subprojects/groovy-sql/build/classes/java/main/groovy/sql/Sql$10.class
701f75a3b270699087d418102b16fe5f44028b10b0e28326acf8b456ecdd04cd	subprojects/groovy-console/build/classes/groovy/main/groovy/console/ui/OutputTransforms$_loadOutputTransforms_closure5.class
7030d66ae7c1f91337778b5bc1ad71de47c0a1e431b031e27e529dd4e3f9119a	build/classes/java/main/org/codehaus/groovy/control/CompilationUnit$IPrimaryClassNodeOperation.class
7038fecaab42c49c82146ab4a88ae311fff847731e82a588ef9c72d4db317fad	subprojects/groovy-xml/build/classes/java/main/groovy/xml/slurpersupport/FilteredAttributes.class
703e1e6187338e164a228cd88ea2f8ad6b905baebd1ed12b9b45cc9a74c12cd5	build/classes/java/main/org/codehaus/groovy/ast/tools/ParameterUtils.class
704b16e2dcf5002aaeb768f46505e121d32d4091d48c2fb3c11abcc3fd3f5d63	build/classes/java/main/org/codehaus/groovy/runtime/wrappers/ByteWrapper.class
7053a87acb6f258171dcde1acd4db79d4da6ed08681f01516d77ee7b3099166c	subprojects/groovy-console/build/classes/groovy/main/groovy/console/ui/TreeNodeBuildingVisitor$_visitClosureExpression_closure27.class
706ee965b53d856bc8741e9fe2e5988ae711da22beaed95e7fef9729730129ac	subprojects/groovy-json/build/classes/java/main/org/apache/groovy/json/internal/LazyMap.class
70842129af1ae5e9f00f5c0d3206eb7ede428e4a43eb1f755dfad7ed5799b9bb	build/classes/java/main/org/codehaus/groovy/ast/stmt/ReturnStatement.class
708a69eac5226d9ec143940a7cc2477b2a4c5980a66cfc351f1a4ec376b08e5a	build/classes/groovy/main/org/codehaus/groovy/ast/builder/AstSpecificationCompiler$_makeArrayOfNodes_closure5.class
70aa4dc4bf118a8c87a827296d9e54012f223f1a160ff936bdbb0b36ef94e95d	build/classes/java/main/org/apache/groovy/util/concurrent/ConcurrentReferenceHashMap$HashEntry.class
70b9d7edb043cd41ce567440db597f93efef1e3b88711d4040cc866765d60387	subprojects/groovy-contracts/build/classes/java/main/org/apache/groovy/contracts/util/AnnotationUtils.class
70d363efd15cadac52aa15579289f920ebe989ded770419f10793c2107a7c3a1	subprojects/groovy-groovysh/build/classes/groovy/main/org/apache/groovy/groovysh/jline/GroovyCommands$_typesCompleter_closure14.class
70eab345b49b1ca42376ae3b20699b7dbad4459f275e1c3a670ab877494e1792	build/classes/java/main/org/codehaus/groovy/ast/stmt/CatchStatement.class
71032482b9440f90da0d5c044546a76632637e5f6f299e21b26a4bbf3bc58440	subprojects/groovy-swing/build/classes/groovy/main/groovy/swing/SwingBuilder$_clientPropertyAttributeDelegate_closure2.class
71053b8c06fc0f33c9d7f9f3471c79c34803d5f016ae028d600161ce8b9424e0	build/classes/java/main/org/apache/groovy/parser/antlr4/GroovyParser$TypeParameterContext.class
713079451f6450edc2d0c8ddb3ac14deb40d74c00005a9ee711a2a73c099f561	build/classes/java/main/org/codehaus/groovy/runtime/callsite/BooleanReturningMethodInvoker.class
71347b696713c47b9cb2e9d4ba12dc475a4170ea0efde373b76c8b47f764426d	build/classes/java/main/org/apache/groovy/parser/antlr4/GroovyParser$ArgumentsContext.class
7140c113da2dd04ebe0901cc2163fa608f57245d9092543062484d42d3976732	build/classes/java/main/org/codehaus/groovy/runtime/callsite/StaticMetaClassSite.class
7143e16a8d9b4b99fea71d5e7323846983a2f780516abdb3f43284536aa7de13	build/classes/java/main/groovy/util/DelegatingScript.class
714f354a8edaef5cca81d51f10c9a93985b26aa2104a99f1b81ec343727579a4	subprojects/groovy-groovydoc/build/classes/groovy/main/org/codehaus/groovy/tools/groovydoc/Main$_main_closure1.class
7155dc6f3c0688b5844d25830a65552d23f41d58cba1a6c9a6e3f21e76417c51	build/classes/java/main/org/codehaus/groovy/runtime/BytecodeInterface8.class
715872633614169912c4815ec57c1309d387baf0aca9e751be3069ae4e6e6386	subprojects/groovy-console/build/classes/groovy/main/groovy/console/ui/ConsoleTextEditor$UndoAction.class
71623c804ef8822f23b38f82e151d1309c6db4cd58afd58b133263019205398f	build/classes/java/main/org/codehaus/groovy/ast/ClassNode.class
7170180b4f5adb4b4db9992dbaa39ff732e1258280cfadaaaa907ac93843c635	build/classes/java/main/org/codehaus/groovy/util/ReferenceType$PhantomRef.class
7174067f4ce6ddf53b69dab518c13707764c6b4f6dc75736969159bbe870f264	subprojects/groovy-swing/build/classes/java/main/org/apache/groovy/swing/binding/BindingProxy.class
718a16a7c16088cbcf1e87449f2ace9110ff71a48840c02990a38fe2e6d79a69	build/classes/java/main/org/apache/groovy/parser/antlr4/GroovyParser$SwitchBlockStatementGroupContext.class
7196dce59208c48cc648b76f973d79158fe5b3bda89746dc117e9a265658a450	build/classes/java/main/org/codehaus/groovy/tools/FileSystemCompiler$VersionProvider.class
71b54d33db0273199fd0b6daad0fc765ef075dad00c7f49059e10e6cf43aa4ab	build/classes/java/main/org/codehaus/groovy/runtime/dgmimpl/arrays/CharacterArrayGetAtMetaMethod$MyPojoMetaMethodSite.class
71b6fcc2514a5af33b9eaec3822475fb949a5ecc10f28a3dbda284b2cff6aa73	subprojects/groovy-console/build/classes/groovy/main/groovy/console/ui/TreeNodeBuildingNodeOperation$_doCollectMethodData_closure6.class
71c5ba961218f7f75c3640e190adc83b59d620b02e19681af5f22464a910606a	build/classes/java/main/org/codehaus/groovy/transform/tailrec/VariableExpressionReplacer.class
71ed31ae8fa0d4f65f7de710adcb0db2c5c87f7fb6664d2e0789f55381bf9502	build/classes/groovy/main/groovy/util/ConfigSlurper$_parse_closure6.class
720501dde42334113a4393e849b383bc89a99016eb69c15ee5219d48795c460f	subprojects/groovy-ginq/build/classes/groovy/main/org/apache/groovy/ginq/provider/collection/GinqAstWalker$_correctVars_lambda16.class
720ab8711f0bbe75963a25f93dd0f00fcdaa9c4cf1b6f9681ee657876f8ecf91	subprojects/groovy-xml/build/classes/java/main/groovy/xml/Namespace.class
720b84060372bcd1aa4fab8985f8e46258b9ac8b2942aba3a60f0bdd6e1caec5	subprojects/groovy-contracts/build/classes/java/main/org/apache/groovy/contracts/ast/visitor/ContractElementVisitor.class
7217cef532416b8eb3d90f1199f77d496f0b39640bd0b24a8c0969c4c5d68c09	build/classes/java/main/org/codehaus/groovy/transform/stc/AbstractTypeCheckingExtension$TypeCheckingScope.class
721f947d99222312a3763b3a065b5cb9dd4c58aec37d4c6fd5f69a3cbffef42b	subprojects/groovy-console/build/classes/groovy/main/groovy/console/ui/ObjectBrowser$_makeCard_closure3$_closure14$_closure22$_closure41$_closure44$_closure47.class
72539611db42031e0f31979a35a13c224ea05ba8527825ff2594ea15d9655fe7	build/classes/java/main/org/apache/groovy/parser/antlr4/GroovyParser$ExpressionStmtAltContext.class
7282b152d91d516d66be6a60465207884842bb33cf10a58837b5bc5647aaaad8	subprojects/groovy-xml/build/classes/groovy/main/groovy/xml/StreamingMarkupBuilder$_closure4$_closure11.class
7295fa34a19ca003c47548a37b24e5f5397fce9be8f95f56583c68dbbcf27d14	subprojects/groovy-docgenerator/build/resources/main/org/apache/groovy/docgenerator/template.package-frame.html
72df2eb68b11ea27476648f431730415d9816b5de91792773b72a4daeb0b3c34	subprojects/groovy-groovydoc/build/classes/java/main/org/codehaus/groovy/tools/groovydoc/SimpleGroovyAbstractableElementDoc.class
72fe93cb3704437dfbbb35c8259b81a6c546cd5d6fffadfc7072cf7489f72f21	subprojects/groovy-console/build/classes/groovy/main/groovy/console/ui/TreeNodeBuildingVisitor$_visitContinueStatement_closure14.class
7314a71224d554f7bb6b2943e7b393cf8903c7c422e9d99fd63dde142b42a65c	subprojects/groovy-swing/build/classes/groovy/main/groovy/swing/binding/JListElementsBinding.class
7317e908bf5c5746de36155507b8369cc5c0e1b420a060cb657b5a153f5fbe33	subprojects/groovy-json/build/classes/java/main/org/apache/groovy/json/internal/CharBuf.class
731ae9a4437e2f4a26b2668be1f59febacf42a5350d9e97048e190c1412d7d34	subprojects/groovy-console/build/classes/groovy/main/groovy/console/ui/ObjectBrowser$_makeCard_closure3$_closure14$_closure24$_closure62.class
731cdbe3d63c9b1d2a03fccf67a4bb5173738c7beaaad3080cf5390c7342f3ce	build/classes/java/main/org/codehaus/groovy/runtime/callsite/PogoMetaMethodSite.class
732062dd83204835c5a2656c23691808a3bc0ee4e7bf4b9f9a0e693d92314f3f	subprojects/groovy-groovysh/build/resources/main/org/codehaus/groovy/tools/shell/Groovysh.properties
73273d882ba354e9781397f153a66d9d0d61b48cba15b25aa00a2a3018bca97c	subprojects/groovy-groovydoc/build/classes/java/main/org/codehaus/groovy/tools/groovydoc/OutputTool.class
7345b351ffcba6d6f582e4b752289935d09eb88a04b84f2ac998a1814337663b	build/classes/java/main/org/codehaus/groovy/transform/tailrec/ReturnStatementToIterationConverter.class
734a7750af6c918ee0da8af3e19ddd69e7583a5adaeede386ea25a1cfd552373	build/classes/java/main/org/codehaus/groovy/tools/javac/JavaStubGenerator$2.class
735447a869ec7e5de93137c28e8396bdd6516c523eb8e052d7288a5763238a4e	build/classes/java/main/org/codehaus/groovy/ast/decompiled/MemberSignatureParser.class
73642a61e6fc092c086545d9699fc46e7308fb0b65e4090bb5664ddc7f155aa9	subprojects/groovy-console/build/classes/groovy/main/groovy/console/ui/ObjectBrowser$_makeCard_closure3$_closure14$_closure23$_closure50$_closure53$_closure59.class
73849eefbdb1891093981d2496c41ed09390bf143c4ed6d852010b6b9c5e72c9	subprojects/groovy-console/build/classes/groovy/main/groovy/console/ui/ObjectBrowser$_makeCard_closure3$_closure14$_closure22$_closure41$_closure44$_closure45.class
738fbb1769975cb3e92f79abb71a7af22ef0fe93d6bf2c0d1be2cc36911fb0d6	subprojects/groovy-xml/build/classes/java/main/groovy/xml/MarkupBuilder$DefaultXmlEscapingFunction.class
73a3e0e825e3c2d82727908da2ae334a0f53aa8e4ff0e711e6463e2b8ec21eed	subprojects/groovy-xml/build/classes/groovy/main/groovy/xml/Entity.class
73a3e4a7e86b754a6a4ccba643c5116bd28fed56afd79c3e6ec234b786e84899	subprojects/groovy-macro/build/classes/groovy/main/org/codehaus/groovy/macro/matcher/ASTMatcher$_visitPropertyExpression_closure39$_closure99.class
73b1cbf37e80d518d0cc26fe5f8682c02be64a844cb6c521e7362152b8747922	build/classes/java/main/org/apache/groovy/parser/antlr4/GroovyParser$NullLiteralAltContext.class
73c161c49ebe121d845e3ba373e3a4f01379dd12bc1e7563f257a2a6c1b401bf	subprojects/groovy-test-junit5/build/classes/groovy/main/groovy/junit5/plugin/GroovyJUnitRunnerHelper.class
73eab86cb2a3b6412d03acfc6029c150eeba4047938009a5a3fe365442a027e6	subprojects/groovy-ginq/build/classes/groovy/main/org/apache/groovy/ginq/transform/GinqASTTransformation.class
7400a81fc1409d40dbd71fe16a496bb0a437e38f3069332712f669aefb52d480	build/classes/java/main/groovy/util/ObservableSet$ObservableIterator.class
74010f9b4ac27c21e2576cf2d79a2c9adbc19546cd17424cc730d9fbd90538f7	build/classes/groovy/main/groovy/transform/Immutable$CollectorHelper.class
741020edbe11e3ba3e13020a8ae2d41502f8d9049e53cdf448e691df043cda3a	subprojects/groovy-groovysh/build/resources/main/org/apache/groovy/groovysh/commands/ImportCommand.properties
7416e9ab4910b69d27e3a72d27101b372869529af1653fd3a40874081596efa7	build/classes/java/main/org/codehaus/groovy/runtime/metaclass/ConcurrentReaderHashMap$EntrySet.class
741a0b1cb0d352f37fbea17d996c0293e1d10235ad50f27e9538bc3bc74be583	build/classes/java/main/org/apache/groovy/parser/antlr4/GroovyParser$FinallyBlockContext.class
741d6740cb0ac6a5ed0e16dfeff93c1e6f657d6e2f62cb912acc202a0efefabe	build/classes/java/main/org/codehaus/groovy/runtime/IteratorClosureAdapter.class
742042e13cc22c2a87a12fa9e3693c8004f0a7c59cbc3f4138169324d27946d9	subprojects/groovy-swing/build/classes/groovy/main/groovy/swing/binding/JListMetaMethods.class
742788e4f792cfedea3155f74184a4f6dc6e6f51b507656cc3f4b8568c966633	subprojects/groovy-ginq/build/classes/groovy/main/org/apache/groovy/ginq/provider/collection/runtime/NamedTuple.class
7427a28c5da9eff4abdd3d48ccebc2c9ca6074f4e46463626bceb723defffa5f	subprojects/groovy-docgenerator/build/classes/groovy/main/org/apache/groovy/docgenerator/DocGenerator$DocSource$_add_closure1.class
7430bfb171c16b8be30394e8d0e7c4447c8544d34b03370fc86e669a6fe4742b	subprojects/groovy-ginq/build/classes/groovy/main/org/apache/groovy/ginq/provider/collection/runtime/QueryableCollection.class
745f745402ed60e53348b42b1bfaa8a2214fdd64aeb6c433454d2ae0e11944bb	subprojects/groovy-console/build/classes/groovy/main/groovy/console/ui/ObjectBrowser$_makeCard_closure3$_closure14$_closure23$_closure52.class
747596c868fbbe8a512a73672ae0c010ff4447ab2395cb5a735a8fb81849e2a8	build/classes/java/main/org/codehaus/groovy/transform/BuilderASTTransformation$BuilderStrategy.class
7476964cb36580a92f644e2a700c2dd87a288df7306fb6edef3d70d9bf8330cd	build/classes/java/main/groovy/transform/stc/POJO.class
74a0d040b2db55cbadbb8baf7102379ff7026cf264c0dc9080dbf9e4485bffd9	build/classes/java/main/groovy/lang/Tuple16.class
74a1b9063b66b125883234f8ec7123bf0e830cb7d46f244d0276a55f2fe981e6	build/classes/java/main/org/codehaus/groovy/util/ReferenceBundle.class
74ed69cb188d5f37c3e2da44927fe60eb53383af5641f3d34c153952875b8ca0	subprojects/groovy-xml/build/classes/groovy/main/groovy/xml/streamingmarkupsupport/AbstractStreamingBuilder$_closure3.class
74f845c56a064ac2d3726a787bdc81cac8435ec21634ceca6a8586da9577a624	subprojects/groovy-ginq/build/classes/groovy/main/org/apache/groovy/ginq/dsl/expression/OnExpression.class
7506cdd3f5a1912cbf814f6e53fdfadd44c906c5ef1b260bc03adedf8952d773	subprojects/groovy-swing/build/classes/java/main/groovy/swing/model/ValueHolder.class
7518b0f94190f6aaf413a03b615052d9e39fd6d81a1dceb60b8d3b4ae5e4b6e9	build/classes/java/main/groovy/util/FactoryInterceptorMetaClass.class
752501892a49a7afdda13503d6508a5be1d58f3ecb43579cd407bc07fe81c940	build/classes/java/main/org/codehaus/groovy/runtime/wrappers/ShortWrapper.class
752a92477d6d11703136b9c5ba83cedb319aaef856f37ecfb19a9b7e98a3fc9e	build/classes/groovy/main/groovy/grape/GrapeIvy$_enumerateGrapes_closure13$_closure24$_closure25.class
7554fb3333e1ca278517a08be5b512ca3d9f91f2e7d7278b756f72e73b9b9b01	subprojects/groovy-console/build/classes/groovy/main/groovy/console/ui/ObjectBrowser$_makeCard_closure3$_closure14$_closure22$_closure41$_closure44$_closure46.class
75553ec697421f6d66f2b712daecb605d938733a5746227075d1e0fdd8c91741	build/classes/java/main/org/apache/groovy/parser/antlr4/GroovyParser$QualifiedNameContext.class
755f52199eaecb9ee1738a65a864aef2a2865cefcaf5ec06b164501370f0541d	build/classes/java/main/org/codehaus/groovy/runtime/EncodingGroovyMethods.class
7567bdc951af57e5c4c23ceaea411ebee5bacd88b69387547fa4558eafc6c86b	build/classes/java/main/org/apache/groovy/parser/antlr4/GroovyParser$ResourcesContext.class
75785b0bcbe5f0cfbb4346f6c321a16e5c3044a6daf20f1d487116459d85da61	build/classes/java/main/org/apache/groovy/parser/antlr4/GroovyParser$LoopStatementContext.class
759660e68b0f393d5b27bdab87a24f5c147f2d1c22a54e1df9b269187f8b1ebf	build/classes/java/main/org/codehaus/groovy/classgen/Verifier.class
75978255bf36b09c9e540665d41e334158d77078caf152c135608040475390b7	build/classes/java/main/org/codehaus/groovy/tools/javac/JavaAwareCompilationUnit.class
75bd5c69fd41a1cea772fea7098b026a07b9c74b36cb6fcf1149603166312e0a	subprojects/groovy-console/build/classes/groovy/main/groovy/console/ui/ObjectBrowser$_makeCard_closure3$_closure14$_closure24$_closure61.class
75cd3599e81907f384bfe3db69beaeea296aba206f223a593cb6bd671c5735a3	build/classes/java/main/groovy/lang/groovydoc/Groovydoc.class
75da54005c37912c6e27024bb9aaf4ce102eab16ca0428274d3496f32319056d	build/classes/java/main/org/codehaus/groovy/runtime/dgmimpl/NumberNumberMinus$NumberNumber.class
75f3ce1ecee1d121b01dfc13640969d661703332af79cd7f9e6cd0cffdccc289	build/classes/java/main/org/codehaus/groovy/ast/expr/ClosureExpression.class
75fb7354a30369661fe2930f82a723037a589b9b05ef0d02685d8666513755a4	build/classes/java/main/org/codehaus/groovy/ast/expr/BooleanExpression.class
760603fbb6950f487a9dc436ac2934b8d7b07e42b5caecab7449fe6fc4a63d80	subprojects/groovy-ant/build/classes/java/main/org/codehaus/groovy/ant/UberCompileTask$GenStubsAdapter.class
765a592eeaa0578eec3b1f7a2ea7b020b2179cb3e5d8d7e1daad623fa5d7996a	subprojects/groovy-console/build/resources/main/groovy/console/ui/icons/script_lightning.png
765ce623bbc30af5bb37c9c07f3c4df57ad1cf48642f339ba3aa1a95c2dc7e8a	subprojects/groovy-groovydoc/build/classes/java/main/org/codehaus/groovy/tools/groovydoc/ExternalGroovyClassDoc.class
76937bd20da58accce9a7c486988c2e2635b552c316affa21dd10653a641711a	build/classes/java/main/org/apache/groovy/internal/metaclass/MetaClassConstant.class
76a634c05b3fb6a2f2083a82dc8dd69827b9f10298ce9c938e0dad6d5e3c2f1b	build/classes/java/main/org/codehaus/groovy/tools/GroovyClass.class
76d3aeec5d3af44f948a42839275155c342e1fa5596106440b60bcbe44aae159	subprojects/groovy-ant/build/classes/java/main/org/codehaus/groovy/ant/UberCompileTask.class
76d607f2f582df432d726326e3cad4bd4c3591fa0efd3ea29054feb747a710d7	subprojects/groovy-contracts/build/classes/java/main/groovy/contracts/Invariants.class
76dbdb786813a1314a0c33d60b6e7190789c2c27f1493f3b7820d16ac23c22cb	subprojects/groovy-nio/build/classes/java/main/org/apache/groovy/nio/extensions/NioExtensions.class
76f16d10d4c2b442d96673e151c3a5bd25a8ae44e5daba752c81f26d22c6edc1	subprojects/groovy-groovysh/build/resources/main/nanorc/command.nanorc
7710d551615f54828f9638e83e7d2d655eb1c8c2b31b974f38eaac3bc698df60	build/classes/groovy/main/groovy/grape/GrapeIvy$_enumerateGrapes_closure13$_closure24.class
7712f1331d8e3cdfe88dbeca8a35f41f540e73f9d1fa4a09085137753f7f9ecb	build/classes/java/main/org/codehaus/groovy/runtime/StreamGroovyMethods$1.class
77204b8eed0fcde4907cc5f94ed455c30d28204b439ff552f26eabc7cd1cbfd4	subprojects/groovy-sql/build/classes/java/main/groovy/sql/SqlOrderByVisitor.class
7739cdaa548cff537b39c3bda6e6bcf358ab2c276fe13681231b9085e3941597	build/classes/java/main/org/codehaus/groovy/tools/javac/JavaAwareResolveVisitor.class
7755827c66e858f47a67498e5ea11c9640ebb3f0a321c7606b500e70017ae089	build/classes/java/main/org/codehaus/groovy/runtime/dgmimpl/NumberNumberMultiply.class
77adbef1db4c3308f2b2ca6c7af2d36774748351419ab7c318f9c2861de53afa	build/classes/java/main/org/apache/groovy/parser/antlr4/GroovyParser.class
77bb543cde7f2c295993d7a762691204bdf3423aff28adee6359acc5bb700cab	build/classes/java/main/org/codehaus/groovy/reflection/CachedClass$6.class
77bc89c61d9ee81d45b01b6e64105c26d3f7bee8e175fdebd684197e378beb9a	subprojects/groovy-macro/build/classes/groovy/main/org/codehaus/groovy/macro/matcher/ASTMatcher$_visitConstructorOrMethod_closure9.class
77d1d4e887571d9ec75e267658cd9078a76eddfb6760f07ce3fea688f1f8be9c	build/classes/java/main/org/apache/groovy/parser/antlr4/GroovyLangLexer.class
77d6b617460759440cc76a7b71415419a5021e4783908a237229e92367bcdba0	build/classes/java/main/org/codehaus/groovy/ast/expr/TernaryExpression.class
77e94f1b2329f5bb636296038605f725b938bc458a114de3a352e645b1cf8b83	build/classes/java/main/groovy/util/ObjectGraphBuilder$1.class
77f0bd2a12b23c1d3ec5573bd0a313af6b2d4b42ba653305e678c8da1eeef163	subprojects/groovy-groovysh/build/classes/groovy/main/org/apache/groovy/groovysh/jline/ObjectInspector$_addInterfaces_closure1.class
7820cc0920159616473a13f27a1800841cd735258277c50c7fa2e574a9b7df36	subprojects/groovy-servlet/build/classes/java/main/groovy/servlet/ServletBinding$ServletOutput$2.class
7825b3f9ec9c3bba8a66b2a622897524b636015a3cc2515dd04f3de6c1ddd041	subprojects/groovy-macro/build/classes/groovy/main/org/codehaus/groovy/macro/matcher/ASTMatcher$_visitForLoop_closure45$_closure110.class
78339253b4c9c7fc2c2dc54daaa5971d0f3b832f3d12a042bbae1214237e8b25	build/classes/java/main/org/codehaus/groovy/transform/trait/NAryOperationRewriter.class
7858aba8cd22ee4314b9428fdfc3b5cf1efa0589807f047b65a93c73a91384f4	build/classes/java/main/org/codehaus/groovy/classgen/asm/MethodReferenceExpressionWriter.class
787e9abb363706326668bd896e803869a9b15acfa77a255a4d82078621d95fcf	subprojects/groovy-test/build/classes/groovy/main/groovy/mock/interceptor/LooseExpectation$_match_closure1.class
788b5791a1cb708ab72db32158552ac510b9b552bcc89d2ea52c258b1a5890cd	subprojects/groovy-sql/build/classes/java/main/groovy/sql/InOutParameter.class
788b9bbdb8e7dbd8af837c74cc7b914c1a7187791359aaa0e3cf7ced2ef9162b	build/classes/java/main/org/codehaus/groovy/transform/ASTTransformation.class
7890da239c0a6094425c9c9be32389b1ab6ef1cec78c356bb3188da8437d5d67	subprojects/groovy-console/build/classes/groovy/main/groovy/console/ui/AstNodeToScriptVisitor$_visitGenerics_closure11$_closure37.class
7891bd9f2b274f308c80803367720157668d365bf876bd84f0b97f68a869cd34	build/classes/java/main/groovy/util/ObservableList$ObservableListIterator.class
789b35b7a0b9c9e91ce34b51a17b2e9eb33d94ded307f3caa2df3e8b5bb245db	subprojects/groovy-json/build/classes/java/main/org/apache/groovy/json/internal/CharScanner.class
78aa5eb7c9fa1ffa2852629a53001f46d85d9f42f4314a3407715db0a921c486	subprojects/groovy-templates/build/classes/groovy/main/groovy/text/GStringTemplateEngine.class
78beb611f4cca35a423362e1b1d2d66b14263771aae3ad74845d58bdd948782c	subprojects/groovy-groovysh/build/classes/groovy/main/org/apache/groovy/groovysh/jline/GroovyCommands$_slurpcmd_closure3.class
78ec4ef35eac636f01fb03f0c115ed1a18a9bc5abb88c1fe5d953e0555b578cb	build/classes/java/main/org/codehaus/groovy/util/Finalizable.class
78eceb2fa3558937a2c72cf75666a86b18e218e5f3e2c5f46f4881b3fb0e4ad6	build/classes/java/main/org/codehaus/groovy/reflection/ClassInfo$ClassInfoAction.class
78f5fa58f8eb007bf89651739ac9351ed3789fbd5d3aafee82b510134f3af06c	subprojects/groovy-swing/build/classes/groovy/main/groovy/swing/factory/GlueFactory.class
7902ef1de028b4f8cc592f7f92edeeabcfa261b6bebf1ef7c55d0b02c4374379	subprojects/groovy-ginq/build/classes/groovy/main/org/apache/groovy/ginq/provider/collection/GinqAstWalker$_collectHashJoinFields_closure6.class
7905de5420bbbfd35630ac0d62944327a51d2fe24a56403e48339c99149ee992	subprojects/groovy-typecheckers/build/classes/groovy/main/groovy/typecheckers/FormatStringChecker$_run_closure8$_closure10.class
79097c9cce05db3d2630111d1762c1b9637145c5f797c63510a7eff3ce85f14b	subprojects/groovy-console/build/classes/groovy/main/groovy/console/ui/TreeNodeBuildingVisitor$_visitArgumentlistExpression_closure53.class
7917a64cf6ad1ca8ea0d94b30081f1e9cd090ffc03b43154daeb760b73bc4e83	subprojects/groovy-templates/build/classes/groovy/main/groovy/text/markup/AutoNewLineTransformer.class
7918f385533ca2a3ecd1da4aad3b4e0b85113f10ae82af095eafcbcaa9c63ac1	subprojects/groovy-groovysh/build/resources/main/nanorc/csv.nanorc
7924e7ebc56390346aefb7eac8f44f01cf22bd0dfc55b02203f23283a3af9823	build/classes/java/main/groovy/util/logging/Commons$CommonsLoggingStrategy.class
794a9e25f859a9cff5f31e47f393c22a1dc800b1220a43db544cbe5d11fe8032	build/classes/java/main/groovy/transform/stc/FirstParam$SecondGenericType.class
79502370991a43477d43334a22bf766b96d5afa5bfcd112b0df783c64c552c8c	subprojects/groovy-groovysh/build/classes/groovy/main/org/apache/groovy/groovysh/jline/GroovyEngine$Cloner.class
797313e86f88d4ddef766e442d75046e05647c509407de80a09733790e5a7387	build/classes/java/main/org/codehaus/groovy/ast/decompiled/FormalParameterParser$1.class
797f9ff8f43b875bbfcd37b55dafd4038a7d61a7e7d974739200102e94096aa1	subprojects/groovy-docgenerator/build/classes/groovy/main/org/apache/groovy/docgenerator/DocGenerator$DocUtil.class
799c8e6581227c9a65040e05bba3bb9ded6c2a48326eebd702cfa8598e8500ea	build/classes/java/main/org/codehaus/groovy/ast/decompiled/ClassSignatureParser$2$1.class
799cb41315dad0aa27eea9ce1dacb0539a1f2af581e77f7a9c93eb9d9a2294ea	subprojects/groovy-groovysh/build/resources/main/org/apache/groovy/groovysh/commands/ShadowCommand.properties
799cb41315dad0aa27eea9ce1dacb0539a1f2af581e77f7a9c93eb9d9a2294ea	subprojects/groovy-groovysh/build/resources/main/org/codehaus/groovy/tools/shell/commands/ShadowCommand.properties
799ee2b50e3ec0b59fb0ef26c88fd628bd74c5dfb3f8834d9e167e3ec1053323	subprojects/groovy-console/build/classes/groovy/main/groovy/console/ui/OutputTransforms$_loadOutputTransforms_closure1.class
79cceac2081f3cd04cf2558195041a8adeb9250b07d011dd2cf5940cc2a5010d	build/classes/java/main/org/codehaus/groovy/util/ManagedReference$1.class
79cfab877dc3d71d44809839a1e2dbb5b29b06193e977addb637d022627b30b1	subprojects/groovy-macro/build/classes/groovy/main/org/codehaus/groovy/macro/runtime/MacroStub.class
79d7cc200218f30ab364fabbe37727f12983820aa7c02c61c280df162370297d	build/classes/java/main/org/apache/groovy/parser/antlr4/GroovyParser$EnhancedForControlContext.class
79ecc27fdfef029c4d65c3aec9556e5f64189d954317332aafe839ba504a33f5	subprojects/groovy-console/build/classes/groovy/main/groovy/console/ui/Console$_selectAll_closure30.class
7a18eae13d2aadd83102c161bf5356996910013e5b6873191064eb19d3995c6d	subprojects/groovy-macro/build/classes/groovy/main/org/codehaus/groovy/macro/matcher/ASTMatcher$_visitProperty_closure11$_closure65.class
7a219ff38d1fac27dc5f23c1186d05eed5bc7eac42dbd6cb836992df20b35141	build/classes/java/main/org/codehaus/groovy/runtime/callsite/BooleanClosurePredicate.class
7a24423f19216f0fd7235c7ef52a96416ae856cedded3036885ec27ef4f66f34	build/classes/java/main/groovy/transform/stc/FirstParam.class
7a31c0de5952446c2738b8f17d7bbfc5ea608151c0159ee1ab04b728b51ccfd5	build/classes/java/main/org/apache/groovy/parser/antlr4/GroovyParser$MemberDeclarationContext.class
7a5415a7fad7dbaa02d80cf7ff334382ddcb9aa4783f920ef8cf22779be9f71a	subprojects/groovy-groovysh/build/classes/groovy/main/org/apache/groovy/groovysh/Main$_main_closure9.class
7a63c7e13cf4dbf0b62a9936662a291360e1c366641e77c67c1cde51b5d0d9fd	build/classes/java/main/groovy/lang/ListWithDefault.class
7a81e9c5cc38b4a364b48cf24122b969ffe8b0627e2fb5032a22509828035df3	subprojects/groovy-groovydoc/build/classes/java/main/org/codehaus/groovy/tools/groovydoc/SimpleGroovyMemberDoc.class
7aa5c7918b30a5343fb21a1a77cf90edf6640a42b371fb140535f8ffcc6f0fba	build/classes/java/main/org/codehaus/groovy/runtime/m12n/ExtensionModule.class
7ac5df9a6612da36bebafd667dcc0129e72b87c983993cd3a91b4d8fc73ef921	subprojects/groovy-ant/build/classes/java/main/org/codehaus/groovy/ant/Groovy.class
7aeac1e963d47d1eb3ee59ec2a830611172a1bf2d44fb85bec6cc4514c3c7e49	subprojects/groovy-test/build/classes/java/main/groovy/mock/interceptor/MockProxyMetaClass$FallThroughMarker.class
7af7fd8bf59538df59eb7530df24986f77ded76aba818bcead49c2c14c69ef93	subprojects/groovy-ginq/build/classes/groovy/main/org/apache/groovy/ginq/provider/collection/GinqAstWalker$3.class
7afd7e670d0e8faef896df50e2ffbe6682f18af7d10c56f8d70eeeddf74d716f	build/classes/java/main/org/codehaus/groovy/classgen/Verifier$2.class
7afdc758be2036254e986f38b160632601d3b8bc2ac4cf7f253865d9a9cf20f4	subprojects/groovy-console/build/classes/groovy/main/groovy/console/ui/AstBrowser$_run_closure4$_closure10$_closure12$_closure17.class
7b0980c863c2c7dc9067768a2ebe1e8b48dfdc6d928084d2087a00cc8da6ba73	build/classes/java/main/org/codehaus/groovy/transform/ASTTransformationCollectorCodeVisitor.class
7b0985da174358d306565873780f7babd49fd0588c2d602ac9027221a7523d94	subprojects/groovy-groovysh/build/classes/groovy/main/org/apache/groovy/groovysh/jline/GroovyConsoleEngine.class
7b1b1088bcc0616512db53572809b9b33eaf0dfd9ab9546078091355a80964a1	build/classes/java/main/groovy/transform/AnnotationCollector.class
7b32abb51a6c678c9cb45108aa780fad063e451b7e63a075997c266bc33e7b64	subprojects/groovy-console/build/classes/groovy/main/groovy/console/ui/AstBrowser$_compile_closure8.class
7b452e1604c42e637ac256c64cbfab59fcd5166f834d35868d078f3759ce31d4	subprojects/groovy-console/build/classes/groovy/main/groovy/console/ui/text/StructuredSyntaxDocumentFilter$MLComparator.class
7b5cc804d48fea1af2284048cba5ba2a6c49f96430fbca4d13c0f9d515fedd8f	subprojects/groovy-console/build/classes/groovy/main/groovy/console/ui/ObjectBrowser$_makeCard_closure3$_closure14$_closure23$_closure50$_closure53$_closure57.class
7b6377df51c4a3f908fea2c1dedaeb8c6acf2d2fc07c98bd1ab3b79fb8aff65a	subprojects/groovy-jmx/build/classes/groovy/main/groovy/jmx/builder/JmxOperationInfoManager$_getOperationInfosFromMap_closure3.class
7b6417684d0824ee4f0187b76b68c2630fac06cc18b49aa5b8783496c317a3b4	build/classes/java/main/org/codehaus/groovy/runtime/DefaultMethodKey.class
7b934897b5c8d5b6b8701d3a1b1083c3e0785c60fe1d8b78fe4548e3b78c07a8	build/classes/java/main/org/codehaus/groovy/vmplugin/v9/ClassFindFailedException.class
7b96604eb8ea5c5fa254ff8be4ca2e252b218e65262af699520c132e22827a5d	subprojects/groovy-macro/build/classes/groovy/main/org/codehaus/groovy/macro/matcher/ASTMatcher$_visitListOfExpressions_closure42.class
7bbb11abd015315e1f3133764e1c0b7ae4139f8576eff7184c12e5b8861574a5	subprojects/groovy-macro/build/classes/groovy/main/org/codehaus/groovy/macro/matcher/ASTMatcher$_visitPostfixExpression_closure18.class
7bcb3bbe36189ebf35b0c5f7b2cb20851abbd1e95aa13f1ce87f3581eaacb25f	build/classes/java/main/org/codehaus/groovy/control/ResolveVisitor$LowerCaseClass.class
7bcf1bb23ebd36e06a61a0c05ceb2b08614c1b02f35893b42c7a5bfe40822c65	subprojects/groovy-docgenerator/build/classes/groovy/main/org/apache/groovy/docgenerator/DocGenerator$DocSource$_populateInheritedMethods_closure3.class
7bd92a9f6adef38fefb5b151dd0225251dd90c5191a9d18e0e51c1da6f7b72df	subprojects/groovy-datetime/build/classes/java/main/org/apache/groovy/datetime/extensions/DateTimeStaticExtensions.class
7be542251d2b334bba4c05102915675cc522d6b1de089764dd3aca54041d33f0	build/classes/java/main/groovy/util/ObjectGraphBuilder$RelationNameResolver.class
7be9db24f20fa6226bea13449209ef9f574e3551a7f9ff9fdf911a99b0ee413c	build/classes/java/main/org/codehaus/groovy/classgen/Verifier$5.class
7c0bed119dd2b36b81e68e265f5e164a7aa3dd02aa65a3348c2aefb41ff47eae	build/classes/java/main/org/codehaus/groovy/runtime/DefaultGroovyMethods$TapIterator.class
7c17348e3c5606b39b2e06a1a509a67b82c8245ead3bf48698680ba4db7050fb	build/classes/java/main/org/codehaus/groovy/ast/expr/NamedArgumentListExpression.class
7c177b896bd473277c23be90a9f42b05df02b4aead6d004f2bf45dc894c59b01	subprojects/groovy-console/build/classes/groovy/main/groovy/console/ui/Console$__clinit__closure32.class
7c1cd80ca66fa9f6c833af598f11f9cf46ab5543937a047b6a671e4faff5284a	subprojects/groovy-swing/build/classes/java/main/groovy/swing/table/TableMap.class
7c24f10af5e986d23c5d893306de82aa1fc0e047e4321996f37c65e81a296dbf	build/classes/java/main/org/apache/groovy/parser/antlr4/GroovyParser$ListContext.class
7c2588c9ef1bcdb56cd62ab130ccab4673c993c8343b3634a709d476862db1bf	subprojects/groovy-json/build/classes/java/main/groovy/json/JsonTokenType.class
7c4b88f450e96f817a69ba7e6ecd96c0d0d994c466ed570f88846ae46a79fa9f	build/classes/groovy/main/org/codehaus/groovy/tools/GrapeMain$Uninstall.class
7c58db193e4dc6a2440f4b969a9cc57b1286c7e4c44180ed28a0b48d2a49d909	subprojects/groovy-swing/build/classes/groovy/main/groovy/swing/impl/ListWrapperListModel.class
7c65990ca712a480c9e3c6fc69dbf7e7ef84231ee884f357133ec023440520d4	subprojects/groovy-swing/build/classes/groovy/main/groovy/swing/impl/TableLayout.class
7c6c59652d5b1214e08ec85cb9fcd88bcffe364ca9f31f39aab94c685d865e25	subprojects/groovy-groovydoc/build/classes/java/main/org/codehaus/groovy/tools/groovydoc/gstringTemplates/GroovyDocTemplateInfo.class
7c85000226915529daafc39e2fb4c307f7c664621a92d591cf1bc3557ae3e079	build/classes/java/main/groovy/transform/Field.class
7c8d70ed2f53f2d8dc267cbb1751115512cb49c318d59f0844415fe6a716f913	subprojects/groovy-swing/build/classes/groovy/main/groovy/swing/factory/HGlueFactory.class
7c900697da10189dcce7918453cb792fe5fcfe953e7b52429bc6686e0c06b025	subprojects/groovy-xml/build/classes/groovy/main/groovy/xml/StreamingMarkupBuilder$_bindNode_closure8.class
7c9a6679f257df29e684e9d35fb3d55c0218d7619c4a51af7ee9024b5445b654	build/classes/java/main/org/codehaus/groovy/runtime/wrappers/BooleanWrapper.class
7ca2054a3eee26c2924f493c8d8bf46b2d106f50ed5c8f858e86001c5693c560	subprojects/groovy-xml/build/classes/groovy/main/groovy/xml/StreamingSAXBuilder$_closure4$_closure8.class
7cbe57e8f4a3458123cdb2118cdf4f38d77f46ecfd19c4c8455d92b978990f6b	subprojects/groovy-groovysh/build/resources/main/org/apache/groovy/groovysh/commands/RegisterCommand.properties
7cbe57e8f4a3458123cdb2118cdf4f38d77f46ecfd19c4c8455d92b978990f6b	subprojects/groovy-groovysh/build/resources/main/org/codehaus/groovy/tools/shell/commands/RegisterCommand.properties
7d014c3d39f3198e28588556a3e73590401acbfee2ad868027165c317afdbf3f	subprojects/groovy-jmx/build/classes/groovy/main/groovy/jmx/builder/JmxTimerFactory$_getNormalizedRecipientList_closure1.class
7d383c2edc1a54327a05a2061989b9ead68c87814b03286e24bbfe6f4b0fb81b	build/classes/java/main/org/codehaus/groovy/tools/javac/JavaCompilerFactory.class
7d38487ea00e48d5b371e89d033e6d700d5837716cdcc4f289b4c77f666d3ace	subprojects/groovy-console/build/classes/groovy/main/groovy/console/ui/AstBrowser$_run_closure4$_closure10$_closure12$_closure16.class
7d4dec3700ff3a1373cf582565b81b941259df3542ccd0afaa95ca43a73803ea	build/classes/groovy/main/groovy/transform/AutoExternalize.class
7d4eb4c9127e13177f186815b088feded857a2b0b2a3c08c8a9efd7af422e065	subprojects/groovy-groovysh/build/classes/groovy/main/org/apache/groovy/groovysh/jline/GroovyCommands$_loadFile_closure4.class
7d5b239605a06008de8ec1ed0ff3b5ab68c6388a841ad57ba19cc503b096def3	build/classes/java/main/org/codehaus/groovy/runtime/dgmimpl/arrays/ShortArrayGetAtMetaMethod.class
7d685952264a451dfb3cdbbe1aae5e0e745c83508ae1c680943603f62c5ef0b3	build/classes/java/main/org/codehaus/groovy/util/URLStreams.class
7da22f614cc5fef02c4c3fe0d808f297c981d1a588c5327efd14cc2879deca56	build/classes/java/main/groovy/lang/GroovyRuntimeException.class
7da2a90ecd0326b904118a78ccf0546aa566ff750cd503cf7038e797749be877	subprojects/groovy-json/build/classes/java/main/groovy/json/JsonOutput$1.class
7da9ac56fef01ad98515443c7bb3ddbea091cc79d008ad2d30825b2f4bab44d6	subprojects/groovy-dateutil/build/classes/java/main/org/apache/groovy/dateutil/extensions/DateUtilExtensions.class
7ddf2f6ce7cd38e145315c4d9730000a50de21eb5e855f99341259e9922a4a88	build/classes/java/main/org/codehaus/groovy/runtime/metaclass/ReflectionMetaMethod.class
7df430b04097509962795d4abd1acff18d494c28bbf53dd9aa0d5c44e12efa2a	subprojects/groovy-groovysh/build/resources/main/org/codehaus/groovy/tools/shell/commands/GrabCommand.properties
7dfe54263f2f1655a9b5cde10a875cae0cc555e56a75a165803d6b4f99a51222	build/classes/java/main/org/apache/groovy/parser/antlr4/GroovyLangParser.class
7e029ae9465c559c3922996d7f0fac32bedc346f3582c881beced8dc8d103ab8	subprojects/groovy-groovysh/build/classes/groovy/main/org/apache/groovy/groovysh/jline/ObjectInspector$_metaMethods_closure3$_closure5.class
7e207600abe2dcf616c4455d414baa8d9d0e87e22d3eb3a485e5cd102278bbdf	subprojects/groovy-xml/build/classes/groovy/main/groovy/xml/StreamingMarkupBuilder$_closure6$_closure12.class
7e49cbd7d56e8fbd0ea342ebc107ad7b2e9d20d3b384077f0b4d44337883b0de	subprojects/groovy-console/build/classes/groovy/main/groovy/console/ui/TreeNodeBuildingNodeOperation$_collectFieldData_closure5.class
7e56fe75b24db3e2d9ac4e3e2ca5873168bcc6560dbd9853c31cb3dc152ec252	build/classes/java/main/org/apache/groovy/parser/antlr4/GroovyParser$SwitchStatementContext.class
7e7b6e2468724384599e3105c74d0fc6c9d99b1dc30ad98e8f81596b2b1051d4	build/classes/java/main/groovy/beans/DefaultPropertyWriter.class
7e8e9f49af5d65d362e904ebce4ec8de1a24ce94f5fecabdd638997a25ac875f	build/classes/java/main/org/apache/groovy/parser/antlr4/GroovyParser$UnaryNotExprAltContext.class
7e9f1f45a5b00a62d6dd5d2bc653d164e71fb20f247d2cf7932a9c1902293f34	build/classes/java/main/org/codehaus/groovy/runtime/dgmimpl/NumberNumberPlus$FloatFloat.class
7ea23ff96ae4a37f216f3a94aa460d4800eec2126ef544060d7db7838a4477c5	build/classes/java/main/org/apache/groovy/parser/antlr4/GroovyParser$SuperPrmrAltContext.class
7ebd8ffea00fb96231694243e354c3afec892a68806f936722d52990721c83fc	subprojects/groovy-console/build/classes/groovy/main/groovy/console/ui/ConsoleView$_run_closure2.class
7ed69991cd3013b5ef09a2c1ccc4797e5cc26a85a400434f6b4b0027de22c033	subprojects/groovy-test/build/classes/groovy/main/groovy/test/GroovyLogTestCase.class
7ee15e373e9792c3e90aad56540ed3dce6dd90075fc511082944f60b0a40d4d4	subprojects/groovy-console/build/classes/groovy/main/groovy/console/ui/AstBrowserNodeMaker.class
7ef14b845663194ef1f8426aad219dca7d7f939406bacd581a3405f56950284e	subprojects/groovy-ginq/build/classes/groovy/main/org/apache/groovy/ginq/provider/collection/runtime/WindowDefinitionImpl.class
7ef85d113996b6c5eef800343593954f60432ae71398f990f86744ee49512b7a	build/classes/java/main/org/apache/groovy/parser/antlr4/GroovyParser$ResourceContext.class
7efc238a3649d8b88c769d3ceb378027228bf51af0313d443e8936bc3eb12dc9	subprojects/groovy-jmx/build/classes/groovy/main/groovy/jmx/builder/JmxEmitterFactory$_newInstance_closure1.class
7f08e6f554063d4edfc49bb84914cf9bdd2363c776e255fab6a15f5e5f8d54e4	build/classes/java/main/org/codehaus/groovy/ast/expr/MethodCall.class
7f10af0e3c05826d6967a085c05c7d3353ce55f21afe28825ecfa35960178d31	subprojects/groovy-swing/build/classes/java/main/groovy/swing/model/NestedValueModel.class
7f1bb0def5499dbf777b1fb2f2d3c817d7b7ddf7fdbdb6414369210b91b77bf4	subprojects/groovy-console/build/classes/groovy/main/groovy/console/ui/AstNodeToScriptVisitor$_visitDoWhileLoop_closure31.class
7f34301d5ccc3a273d2ad528c9d874bbfae3b063ddf76d387ca073ce57fa6a26	subprojects/groovy-contracts/build/classes/java/main/org/apache/groovy/contracts/ast/visitor/AnnotationProcessorVisitor.class
7f53a0c66455c2fe3aa2cd24937cf0670f30fb02e0d87cd372e6f4ea71822143	subprojects/groovy-docgenerator/build/classes/groovy/main/org/apache/groovy/docgenerator/DocGenerator$DocMethod$_getParameterComments_closure3.class
7f5d35d2ad3e03c9e3be70e7ff552e880d31e43af5916bc2e7d1f8c9b1d48875	build/classes/java/main/groovy/transform/NamedVariant.class
7f7498bbe6c5b0807a29d570aaf9424028212a8edbffba9ca0a57b95cc3a40e5	build/classes/java/main/org/codehaus/groovy/ast/expr/PostfixExpression.class
7f86196ba70edef7f271c46c505c3e0de8b054203b376046168215e7ea9fdfdb	build/classes/java/main/org/codehaus/groovy/classgen/asm/MethodCallerMultiAdapter.class
7f9f05d359b0d9e59193ef24d2603a01fe0f3de5f61b0a97aecc162ce161101e	build/classes/groovy/main/org/codehaus/groovy/ast/builder/AstSpecificationCompiler$_makeNodeWithClassParameter_closure6.class
7fb56328c2e60efcc81f9258e68185d59c23ffcbb41c3a81a37527af6a45032f	subprojects/groovy-ginq/build/classes/groovy/main/org/apache/groovy/ginq/dsl/expression/WhereExpression.class
7fbd1e3a90790686a1ea86958a8be1077196464d4b94260766ad7ee3a0b15a49	subprojects/groovy-console/build/classes/groovy/main/groovy/console/ui/ConsoleTextEditor$RedoAction.class
7fc49f30f064f7a4540e4cc27857d3da16aaabb1939dcf48f6d595b256a763d5	build/classes/java/main/org/apache/groovy/parser/antlr4/GroovyParser$BreakStmtAltContext.class
7fccba7fbadfbb0f10a71ff8d5e0efb62798b086162e4ddbebf0550ca7cab92a	subprojects/groovy-groovysh/build/classes/groovy/main/org/apache/groovy/groovysh/jline/GroovyEngine.class
7fd5cce055de8782a9e692adae05d40b2909d31aab3d3e0a61bb9cdc276e0584	subprojects/groovy-console/build/classes/groovy/main/groovy/console/ui/AstBrowser$_showSource_closure6.class
8039636ef5d5bf3f04cd3f072494576d4587aeda04a1335224191e3922c9b424	build/classes/java/main/org/codehaus/groovy/runtime/memoize/Memoize$MemoizeFunction.class
803ba225a7a70501de678d102bcc57f3c076e99f18a118e40da27db2706ab1b2	subprojects/groovy-contracts/build/classes/java/main/org/apache/groovy/contracts/generation/BaseGenerator.class
804d1bd60f594bd14ec61a4fcfb074f0630601a33c4b094a371b506652d671a7	build/classes/java/main/org/apache/groovy/util/concurrent/concurrentlinkedhashmap/Weighers.class
808097299a1ce054c5603cbfd3b239ab1c88a4942931055af1d60bfbdd866b30	subprojects/groovy-console/build/classes/groovy/main/groovy/console/ui/TreeNodeBuildingVisitor$_visitConstantExpression_closure44.class
8085d3361db7b257608c4402d30caa5a16668a282d473ec769db33195945c1e7	build/classes/java/main/groovy/lang/PropertyValue.class
809f206ab8235e314da81fe9cfeacf8fdc3e8eeae3bfc9cd1cff491b0e1ce4df	build/classes/java/main/groovy/util/Node$1.class
80b58d3731c9f0c0ad1c20b988d89c1e06beeddd775aec3382c0bb62365546cd	subprojects/groovy-cli-picocli/build/classes/groovy/main/groovy/cli/picocli/CliBuilder$_addOptionsFromAnnotations_closure4.class
80b967c1319ea133afc3324d6323d5d8e3175791bf28309c3d66902b61412a83	subprojects/groovy-cli-commons/build/classes/groovy/main/groovy/cli/commons/CliBuilder$_setOptionsFromAnnotations_closure10.class
80bf3bf7342622a1268162c8666ca28f092b338def397bd493269a7cae3546de	subprojects/groovy-console/build/classes/groovy/main/groovy/console/ui/TreeNodeBuildingVisitor$_visitTupleExpression_closure30.class
80f74079118baffd6961e6751d369071f8689a0621b0db591e4c2bdd33d8d5ab	build/classes/java/main/org/apache/groovy/parser/antlr4/GroovyParser$SwitchExprAltContext.class
80f8d09f22c082eda68ecd0cc3c152bbfcb28691ee726b2649a285a242a1ef6a	subprojects/groovy-console/build/classes/groovy/main/groovy/console/ui/TreeNodeBuildingVisitor$_visitRangeExpression_closure35.class
80fdfd3a23e467dd3beeec85dc2687d9a95d2cc7faefcc2fa11705a2ce4b214c	build/classes/java/main/org/codehaus/groovy/runtime/ArrayTypeUtils.class
8108818278e014c036c1691fef4d1be95b47a0a0cef477bc84102b9ccbad0414	subprojects/groovy-yaml/build/classes/java/main/org/apache/groovy/yaml/util/YamlConverter.class
8128dc6770e143787aeefc5e4a3fe026473e8074b6f6765877a29296452b0805	subprojects/groovy-console/build/classes/groovy/main/groovy/console/ui/Console$_listClasspath_closure22$_closure39.class
8149a8637a9732bc5f21c625b8346f088c1e6f3e78526fc27c5d0f0eaee5404c	build/classes/java/main/groovy/transform/AutoCloneStyle.class
8160edb71e65680bd7831ea8c8d100e913a8c43b282c70fc2bfc0bf926496dfb	subprojects/groovy-xml/build/classes/groovy/main/groovy/xml/StreamingDOMBuilder$_closure2.class
8177f02978e9884a3c899d409c5baca6492083753717cee9eac4dd38aa92756d	subprojects/groovy-json/build/classes/java/main/groovy/json/JsonOutput$JsonUnescaped.class
8194c6adee7c9312cc1a42846c8501edf83eb18dd8ba13babf122f3e9765f39a	build/classes/java/main/org/codehaus/groovy/ast/decompiled/AsmDecompiler$AnnotationReader$1.class
8199574a4edc43efb602119b67d46b7762077e41d76e3d5193fccfcfd0b90f17	build/classes/java/main/org/codehaus/groovy/runtime/dgmimpl/NumberNumberPlus$1.class
81b8efda5a9cfaba9429f8a1103cc258532db1aad87528b83176c53ceada3f0a	subprojects/groovy-xml/build/classes/groovy/main/groovy/xml/StreamingSAXBuilder$_closure4$_closure9.class
81ca210826edf999fe54be732312d3d2c1343103f17922109272c2c1edbbabe5	build/classes/java/main/groovy/util/GroovyScriptEngine$1.class
81cb787fecd20a5070c585c0de454fa99c2dc8a6d34fa73163c239ad7fcda36d	subprojects/groovy-swing/build/classes/groovy/main/groovy/swing/binding/JComponentProperties$1.class
81d02c2529be19c2cb6ae6c1067c4eed6dec9c618950f5ca68ef936b5525327f	build/classes/java/main/org/apache/groovy/parser/antlr4/AstBuilder.class
81edd3c61d0846c9935aa64715fa35510b510436ee0ff4c815ce9a815a998838	subprojects/groovy-swing/build/classes/java/main/org/apache/groovy/swing/binding/PropertyBinding$UpdateStrategy.class
8204be6d0cf5895f9aafd9b8999e14cbbb392a74b7946c38d5c35554efd76f1a	build/classes/java/main/org/codehaus/groovy/transform/FieldASTTransformation.class
821299edc23202009ba4f199fa1d3ae218afcb3b35486f50c575d3267c686fbd	subprojects/groovy-contracts/build/classes/java/main/org/apache/groovy/contracts/generation/TryCatchBlockGenerator.class
82271cdaf1ccdf8f31ac4634cf242b810b4040d588ec52484119e7f4f6563b3e	subprojects/groovy-xml/build/classes/java/main/groovy/xml/dom/DOMCategory$NodesHolder.class
822f75b153b609a987731072bceff68d1713d84c7255a978d1bc67be683acc0a	subprojects/groovy-macro/build/classes/groovy/main/org/codehaus/groovy/macro/matcher/ASTMatcher$_visitClass_closure2$_closure48.class
822fe98901a8d9b412c9bdeaa8a90ef5f4295dbe776fd68a7c2bc6d8653badcf	build/classes/java/main/groovy/transform/builder/DefaultStrategy.class
82589c6aec93df9d8bfcf85cba86c7f1838e195cb73a7aba2162a225117e553f	build/classes/java/main/org/apache/groovy/parser/antlr4/GroovyParser$StringLiteralAltContext.class
8258a56c32a42a63f51d2244f0c38e381a61b733c73f42252abbf81912c45446	subprojects/groovy-console/build/classes/groovy/main/groovy/console/ui/AstNodeToScriptVisitor$_visitForLoop_closure19.class
8259fade47e2eeee4e8a16b806196f685a51d9f7a0c155d32a46bc838509c14e	subprojects/groovy-ant/build/classes/java/main/org/codehaus/groovy/ant/VerifyClass.class
825a5f0f5ed77f332597233e9a6a16a27dfaf80b8066f8fed5a2e82b8554424c	build/classes/java/main/org/codehaus/groovy/classgen/asm/BytecodeVariable.class
827a00a230e652a643aca2e8bd31a02a4a4d5fc200c5d69f24f94c6e0d412396	subprojects/groovy-ginq/build/classes/groovy/main/org/apache/groovy/ginq/InvalidOptionException.class
82820ae66eec6beee731a9b736ca6659dcd47d3ae09ed112eeac0a93e1eb6a8a	subprojects/groovy-xml/build/classes/java/main/groovy/xml/markupsupport/SingleQuoteFilter.class
828b65d56a9d9af66e5bd7d9a0393f63f39685746a8d3d1297a8f807ea29e5a0	build/classes/java/main/groovy/transform/Pure.class
82978327fa1cdd2b791abd22719ceca5324b30af7bcc35b8c35a6af30f1c2fc0	subprojects/groovy-swing/build/classes/groovy/main/groovy/swing/binding/AbstractButtonSelectedBinding.class
829e24721e0c5212b4c5b3659917a613dd60805d49cf926240ea079ca6783c78	subprojects/groovy-templates/build/classes/groovy/main/groovy/text/markup/MarkupTemplateTypeCheckingExtension$_run_closure5.class
82ab71332aeab10dbea297a53fec6e5820dec0aac5b7a212afa9bbfb6635081c	build/classes/java/main/org/codehaus/groovy/ast/ConstructorNode.class
82ae96a60bf431e012745a6f54ae17462c7a77efc5b54d6b0ac78a81843d6bfc	build/classes/java/main/org/codehaus/groovy/ast/stmt/BlockStatement.class
82b7a6be99e4f86275daf2fd3841b7caa333467cc043d875215acab64a60ac3d	subprojects/groovy-jsr223/build/resources/main/META-INF/services/javax.script.ScriptEngineFactory
82be9c17dd19fb42df727ca3017f4477d11fc77168ac33b8e4cd21d790f18973	build/classes/java/main/org/codehaus/groovy/classgen/Verifier$7.class
82c09ea3da49d35398c0937e2d2c4e8bafb9f196bf8ee1d9b83994713e1ebd67	build/classes/java/main/groovy/util/FactoryBuilderSupport.class
82ec1397528fa15ab87110e350542f80f686f7098622960dd9d588fe337dfda8	build/classes/java/main/org/apache/groovy/parser/antlr4/GroovyParser$AnnotatedQualifiedClassNameContext.class
82f0b1dec297de540cce71163d7d875b1db598092b8081240299a51862354db4	subprojects/groovy-xml/build/classes/java/main/groovy/xml/slurpersupport/NodeChildren$2.class
832523d8d6328806445c85c2bbd8ca29269bfcfc5716faead4ca3238df49f0b1	build/classes/java/main/org/apache/groovy/parser/antlr4/GroovyParser$MultiplicativeExprAltContext.class
8348672aa75062e1c60e5c88c64fd3183c829e82cb36be24c53126d107ad859e	subprojects/groovy-console/build/classes/groovy/main/groovy/console/ui/Console$_notifySystemErr_closure16.class
8350584c3e514b7da5aa3f8ec2ef526d6c14cca0ad279702ce7d830f8fa25511	build/classes/java/main/org/apache/groovy/parser/antlr4/GroovyParser$SynchronizedStmtAltContext.class
8353d87d35795bed4d770d99bbf26b9ac027c1e8f65b0a1f9dce144fd8b4cf43	build/classes/java/main/groovy/lang/groovydoc/Groovydoc$2.class
837fac825878bfbd73602460fe4369b7bab4757e1169659fcab3505c2658910b	subprojects/groovy-templates/build/classes/groovy/main/groovy/text/markup/MarkupTemplateEngine$DefaultTemplateResolver.class
838a9706eb42c5546540d8cf48dffb5681a6d4611d101fb5de8bb974f70d6cda	build/classes/java/main/org/codehaus/groovy/tools/shell/util/Preferences.class
838ad68825782bcf8d293289a3254a34bfa097b9b82c510fe4f2a2ffa267046d	build/classes/java/main/groovy/util/ResourceConnector.class
83a075142207d16c7ccdd94dff63be81e97dda0531fcd6516addf4dd8aece70b	subprojects/groovy-swing/build/classes/java/main/org/apache/groovy/swing/extensions/SwingExtensions$4.class
83a1cf9e2200c09737d2e6785386814c771d78f00dcf4215b2dba3fa978d5b1f	subprojects/groovy-console/build/classes/groovy/main/groovy/console/ui/Console$__clinit__closure31.class
83a553ddb9ad8dfa714634fa4ef635185bd3278d3683e15a31408118c919efdb	subprojects/groovy-swing/build/classes/groovy/main/groovy/swing/binding/JListProperties$7.class
83adfedc5c857477b7967da96ec8b1896f6c892e477af7a3910d9978ee5c0752	build/classes/java/main/org/codehaus/groovy/util/ShortArrayIterator.class
83b3b32223b52a3844666395328af487fe6cf556e9d6f33855c7d78660ce4952	build/classes/java/main/org/codehaus/groovy/runtime/metaclass/ConcurrentReaderHashMap.class
83bead1953e2af9909a805f186d136b45c87a20effcfb3ee415f2dea05e1a711	build/classes/java/main/org/codehaus/groovy/runtime/callsite/StaticMetaMethodSite$StaticMetaMethodSiteNoUnwrap.class
83d9d31d713c6f71a631d5c83942a5ee5375979d906a757aa8a76f5792b7aca3	build/classes/java/main/org/codehaus/groovy/transform/sc/ListOfExpressionsExpression.class
83df56c6d594cfa6f3d07a373c2c08a0032aeaf49c0db3eb37c7e66139ac1c2f	subprojects/groovy-console/build/classes/groovy/main/groovy/console/ui/Console$_addClasspathJar_closure18.class
83e4d47bbd90642d13a43ab1d13d60211d1e45b10edf88138a384549f07f9a7d	build/classes/java/main/groovy/util/ObservableMap$PropertyClearedEvent.class
840a546eae7d854692d7e5e68fbbdbb42bb35cebd88a43b26ee644cf17238ce9	build/classes/groovy/main/groovy/grape/GrapeIvy$_resolve_closure15.class
840eeadeaff5a830c0cd2a9368aeda792b2636f88167c4bfdcf44dd0272f2051	build/classes/java/main/groovy/transform/Sortable.class
843e26ec8c993f7839513e41055e3ca025684869d6ce9f80c4388f6480dee15c	subprojects/groovy-cli-commons/build/classes/groovy/main/groovy/cli/commons/OptionAccessor$_getProperty_closure3.class
84480077c803ca5a3a54023fd286eb3035d28bbc2a8585c5e260875bae87d4c0	build/classes/java/main/org/codehaus/groovy/transform/sc/StaticCompilationMetadataKeys.class
8457ee5735519280cdb10bf10cb765a352560bc80f238a169788e06e054467f8	build/classes/java/main/org/codehaus/groovy/vmplugin/v9/Java9$LookupHolder.class
8487f3d69540bedcbe2848ef1cbb9c9d5d419b8ca78f6e025c2846c0dc6c7692	build/classes/java/main/org/codehaus/groovy/runtime/dgmimpl/NumberNumberDiv$DoubleFloat.class
84a596341b7c38dcca0bb5a78d9e01fd1b629c1e4101a16b35725f84c642a4d9	build/classes/java/main/org/codehaus/groovy/runtime/dgmimpl/arrays/ByteArrayPutAtMetaMethod$MyPojoMetaMethodSite.class
84adbf936b25c566d91c70a0511c2d04ac7dd179b18d8bbcd3c0d2f18c2b3510	subprojects/groovy-groovysh/build/classes/groovy/main/org/apache/groovy/groovysh/jline/GroovyEngine$Inspector.class
84bc0edf7a982354c2026b329df3b1e50b0a6505dd9712ba6c7db3e5525c9e4c	build/classes/groovy/main/org/codehaus/groovy/tools/GrapeMain$HelpOptionsMixin.class
84d7d2816328e82d5dd2aa8bc69d2711fd13c3201de9aebd66ffc06cb04a67d6	build/classes/groovy/main/groovy/cli/UnparsedField$CollectorHelper.class
84e5a7553330f7ddb965533e6ddbf7c334e2162dab9d5e0a169a9c64a5fd763e	subprojects/groovy-console/build/classes/groovy/main/groovy/console/ui/Console$__clinit__closure31$_closure48.class
84eb7a4d2b6fbc29a27fc1e3d4f52121356068c89bb7f568bc5826df6b45b0f3	build/classes/java/main/groovy/ui/GroovyMain$1DoSetContext.class
84fb544d6309a7d69a10fef521613aad38a9f2880d44ca311fa617b019885888	subprojects/groovy-console/build/classes/groovy/main/groovy/console/ui/view/MacOSXMenuBar$_run_closure1$_closure2.class
8505f2d9262946908c0eb0bf77e2a4cfac96c316130ba16b3b97ff1f338ea416	subprojects/groovy-json/build/classes/java/main/groovy/json/JsonLexer.class
8512ff6baddfbfae211a000500a6f746779d3e6ec153ff02fc50cb1c33b5e98c	build/classes/java/main/groovy/lang/MetaClassImpl$11.class
851c32c4665798279032df480e4726e53039fd7d5a2aee98427eb7e75beaa594	build/classes/java/main/org/codehaus/groovy/control/io/InputStreamReaderSource.class
8526fd9e28a787382ea2a6a9abbbd9957a6f447c53ae008a57dca4a59a3a9c4b	subprojects/groovy-console/build/classes/groovy/main/groovy/console/ui/view/MacOSXMenuBar.class
852ad89116a8f517eeef312d56574d3fa4044c9a1b987f37b5993b13bc823e01	build/classes/java/main/org/codehaus/groovy/control/messages/SyntaxErrorMessage.class
8543340c682546fdaaf22a7188d162f3fea4eff86fc49fdd0bb1043b89d0a6a9	subprojects/groovy-xml/build/classes/groovy/main/groovy/xml/StreamingMarkupBuilder$_closure6$_closure14.class
8559e51645c885ae5a4f40fae27aafeb81b3c99850dfa9bff2bd77e133f36924	build/classes/java/main/groovy/lang/Tuple13.class
85653b7c6b0dd8a342750ade8e5b16a85bb3407ae41a50b89f2c9b5e2eda42a2	build/classes/java/main/org/apache/groovy/util/concurrent/concurrentlinkedhashmap/Weighers$SingletonEntryWeigher.class
857d41d2e4871278c99802c306279d9706fb3a52cba483ca548165e8eed151bf	build/classes/groovy/main/groovy/util/ConfigSlurper$_parse_closure5.class
8583da56b44745aef38719554cd8e4a5f865b7fe04b5a966b72e8338dc4fca96	build/classes/java/main/org/apache/groovy/parser/antlr4/AbstractParser.class
858b68ac25295d0b82b8a7360f611842b0648667585d9b7d8581ad3fa39ad1a5	build/classes/java/main/org/codehaus/groovy/vmplugin/v7/IndyInterface.class
8595819f1391e26537ffef938a948832a2d35b530a9c7d97b2c88d96c401257d	build/classes/java/main/org/codehaus/groovy/classgen/EnumCompletionVisitor.class
85bdb08051a863c417df78fe571253b46c36da5d05d589be96f17fd241846e6f	subprojects/groovy-docgenerator/build/classes/groovy/main/org/apache/groovy/docgenerator/DocGenerator$_generateAll_closure6$_closure22.class
85e6caabd53fec322493b73e95725e66b7ecc84be836eee5e6b4f78051c2590a	subprojects/groovy-cli-picocli/build/classes/groovy/main/groovy/cli/picocli/CliBuilder$ArgSpecAttributes.class
86059af5b7c94b4d6e22c079f4af4bb082ea1dc12e763045008258ae039fdf37	build/classes/java/main/org/codehaus/groovy/transform/tailrec/VariableReplacedListener.class
860d9a7fa0f6e180adf77990dcc9191b72cb6ba6ef3d8a26e52a8f7a87c85a2e	build/classes/java/main/org/codehaus/groovy/reflection/CachedClass$7.class
8610755dd0ebf5e1a22bacb2b1faab54c41c813b9c34f9a0005b058090affb43	build/classes/java/main/org/codehaus/groovy/runtime/metaclass/ClosureMetaClass$NormalMethodChooser.class
8610ebc7c1a4b226b18a3568b2952619ee024cad78b29b8f55625085e7b041e1	build/classes/java/main/org/codehaus/groovy/runtime/dgmimpl/arrays/FloatArrayGetAtMetaMethod$MyPojoMetaMethodSite.class
861bbc326bd386d722fb3214c389be69c9545e87b97f1e5b2dc6dffdaa5eb32d	subprojects/groovy-console/build/classes/groovy/main/groovy/console/ui/view/BasicMenuBar$_run_closure1.class
861e508dc2ea5aa75207216602540c1f4bb0fe16aa51c86dfff228f168b44bc0	build/classes/java/main/groovy/beans/VetoableASTTransformation.class
8621303cd3bd7b7dca32b6a9c6cdbc6cebb18c6e1db791357226c4f79a2800c3	build/classes/java/main/org/apache/groovy/parser/antlr4/GroovyParser$AnnotationNameContext.class
862b6ad9aa6f3ef4d811aa0884963e5f7cf0047b5289a648b4f0656e0fb5e8e6	subprojects/groovy-console/build/classes/groovy/main/groovy/console/ui/AstNodeToScriptVisitor$_visitAnnotationNode_closure16.class
862f5ec5fce018936840b46463cd685bcf694e554267f8e7ccfe65fd9a088bdd	subprojects/groovy-groovysh/build/resources/main/org/apache/groovy/groovysh/commands/ResetCommand.properties
862f5ec5fce018936840b46463cd685bcf694e554267f8e7ccfe65fd9a088bdd	subprojects/groovy-groovysh/build/resources/main/org/codehaus/groovy/tools/shell/commands/ClearCommand.properties
8636b59698cd21ed3913d5334e0406c9667b37b676d89bf6e13760aca020c53c	build/classes/java/main/org/apache/groovy/parser/antlr4/AstBuilder$2.class
8643b9250063a3cb64ad4430012107b8f3cb9150fc3a0e63907f9c82f2c28a8b	build/classes/java/main/groovy/transform/SelfType.class
8646a657f3503ffa109d927a76bca80d33a9310ea99a27c4fcd6d33234e4ca13	build/classes/java/main/org/codehaus/groovy/runtime/dgmimpl/NumberNumberPlus$IntegerDouble.class
865488615e30bbeab473d2fd6e3718a95964e96ac08f393f21e368508b9e2d90	subprojects/groovy-console/build/classes/groovy/main/groovy/console/ui/ObjectBrowser$_makeCard_closure3$_closure14$_closure24$_closure61$_closure64$_closure67.class
865812a2456ce814e5e1d15c36207039a7573158fceb6a2736c810aef70237cb	subprojects/groovy-ginq/build/classes/groovy/main/org/apache/groovy/ginq/dsl/GinqAstBuilder.class
8665d92b1706b838b483b90c408e67500f20b46eaa86850db3ac4ded0d0e564f	build/classes/java/main/org/codehaus/groovy/runtime/memoize/Memoize$MemoizeNullValue.class
86666ee179b00c1a5417d98dc6b298ae604b466e052e7bd868a8bb71b211f6a6	subprojects/groovy-templates/build/classes/groovy/main/groovy/text/markup/MarkupTemplateTypeCheckingExtension$_run_closure1$_closure7.class
867e78932137afdfb0bce11d762ada12fb557a19f445a2b1a2705030b33cf100	build/classes/java/main/org/codehaus/groovy/ast/expr/MethodCallExpression.class
867ffd8b720af1c318f5c7a45f1f6c1a4a310cb3f9d4e9273025a29a32baf51b	build/classes/java/main/org/codehaus/groovy/control/messages/SimpleMessage.class
868ca8863f43a3b278592cc215dd623e9d25ae9066007071592f1debd4850f64	build/classes/java/main/org/apache/groovy/parser/antlr4/GroovyParser$MethodDeclarationContext.class
86948662753cb9ad2586b3c8edab71ec0a61f94645f84d958c7b7e36a252e3c9	subprojects/groovy-ginq/build/classes/groovy/main/org/apache/groovy/ginq/provider/collection/GinqAstWalker$14.class
86a1cb077d7812fc0f2694c074b99451c7359ef06910d162e487426aac96459d	subprojects/groovy-console/build/classes/groovy/main/groovy/console/ui/TreeNodeBuildingVisitor$_visitBooleanExpression_closure25.class
86aa87a915778f63c8fc06edbcf5fcb9522f9b1bd6df568b69ba77842e1d71f1	build/classes/java/main/groovy/transform/ASTTest.class
86e4cc19b2e1c90bb94c4fae862e752714e411009ce22ebe9349cdac91a00b0a	subprojects/groovy-typecheckers/build/classes/groovy/main/groovy/typecheckers/FormatStringChecker$_closure5.class
870a1225119d3e63fd9a83512f6cae847dad3138ae9cb411d1d0be5055437ecc	build/classes/java/main/org/apache/groovy/util/concurrent/concurrentlinkedhashmap/ConcurrentLinkedHashMap$DrainStatus$3.class
87158502b58a4f233a14d6aae4ae55e4eeb69a107cc1d85b4010006f389bb016	subprojects/groovy-swing/build/classes/groovy/main/groovy/swing/factory/BindGroupFactory.class
871f1468304c97b75ff71409aaac94fc63c7a8269919c50f442665a0cade315e	build/classes/groovy/main/org/codehaus/groovy/ast/builder/AstSpecificationCompiler$_annotation_closure14$_closure29.class
8753fbb76b03b17094745fb913da1c49bc03e52a2bcc21d71169662d41964b75	build/classes/java/main/org/codehaus/groovy/runtime/DefaultGroovyMethods$DropWhileIterator.class
87768601291ada7b68badce9d14fa70bef032434466f21f56169ee6aa6766b14	build/classes/java/main/org/codehaus/groovy/runtime/powerassert/SourceTextNotAvailableException.class
877f604b1c3c5e1848d79d736b3e95abee393a3a674ffb7b8537d22632dd553e	build/classes/java/main/org/codehaus/groovy/tools/javac/JavacJavaCompiler.class
879346f04a6bbe07e27ceb9c97c8a40dbff7e84788612bf00344654d3a360382	subprojects/groovy-json/build/classes/java/main/org/apache/groovy/json/DefaultFastStringServiceFactory.class
879a930002740a0b06475ff86aec0e1282827eb26c62a9d4339f13cf747f7ab9	subprojects/groovy-swing/build/classes/groovy/main/groovy/swing/LookAndFeelHelper.class
87a0bee72272afb7c330d6f3806f3f33cc2e4683a8bf93502c4ede4f9f3d4b37	subprojects/groovy-jmx/build/classes/java/main/groovy/jmx/builder/JmxBuilderException.class
87b548412d08fd60b9ffae4811034cbac1c4c80d11ddf266db27722c101c3b98	build/classes/java/main/org/apache/groovy/parser/antlr4/GroovyParser$ExpressionContext.class
87dc0fee8f496ace4d7b3903843ba84e530d078191ed2613d27009fc87811232	build/classes/java/main/org/apache/groovy/parser/antlr4/GroovyParser$ForInitContext.class
87e12d43bf707e82f7339132b3e702110aed95001408b650928443aa5c535317	build/classes/java/main/org/codehaus/groovy/runtime/memoize/ConcurrentCommonCache.class
87e425d1813c6628f8d70c089821427d9898a71dea078e08bff98638c17cbfbc	subprojects/groovy-macro/build/classes/groovy/main/org/codehaus/groovy/macro/matcher/ASTMatcher$_visitForLoop_closure45$_closure109.class
88186e22d500c8155c143112e151dcd9ff61fa9ec4b67867b55e1cfb8ad5d36a	build/classes/java/main/groovy/util/function/LongComparator.class
88220465880944b52b0e1dfef4becb1f739231cf91b48217793a28554d6619c7	subprojects/groovy-json/build/classes/java/main/groovy/json/StreamingJsonBuilder$StreamingJsonDelegate.class
88273fa71f8de83e8162af519c0dfda0011616b4883ea4dce575c57a8e953a86	subprojects/groovy-console/build/classes/groovy/main/groovy/console/ui/text/GroovyFilter$AutoTabAction.class
882d11e9119f93921e00f8c7d3bc00d75bd7fa295e45e273d48f57f8ac60b7ce	build/classes/java/main/org/apache/groovy/parser/antlr4/GroovyParser$TypeArgumentContext.class
883e3ce49f2e893d1f0c1465298ff9b3b307cc29043a4886c36cdc8217fe83e0	build/classes/java/main/org/codehaus/groovy/transform/sc/TemporaryVariableExpression.class
8840106d385aa95dd68dcbbab70f2bc10e6d094ca6c009bd46b91f9ca460cb8c	subprojects/groovy-console/build/classes/groovy/main/groovy/console/ui/AstNodeToScriptVisitor$_visitClass_closure8.class
884b6990fc2f9b0d94e8f3d5133b414805cb13a85aa4b953a21cc7096bf09ab3	subprojects/groovy-macro/build/classes/groovy/main/org/codehaus/groovy/macro/transform/MacroMethodsCache.class
88521075edfc38a4a0887f6df0e81251e82e8c5e66eb276b64a1b867b0cf32cc	subprojects/groovy-groovydoc/build/classes/java/main/org/codehaus/groovy/tools/groovydoc/FileSystemResourceManager.class
886ccf38da1da8aff4f5ff3341594e7112be86bae1581ec83a315ca0b40f4eb0	subprojects/groovy-console/build/classes/groovy/main/groovy/console/ui/ObjectBrowser$_run_closure2.class
887f2c97d76a71b5b4961ea2f4bd222b2af6abe54959ce04a1558db0618e716d	subprojects/groovy-macro/build/classes/groovy/main/org/codehaus/groovy/macro/matcher/ASTMatcher$_visitPropertyExpression_closure39.class
88809d758dec0f1202484eab0c269ac95b00e85e7be93c05972bf545e1eeb3ed	build/classes/java/main/groovy/beans/DefaultPropertyReader.class
8883b56b985eb2b9a70991194b83d83c116a5afa74f55b1047bc724b7cf47061	build/classes/java/main/groovy/lang/Tuple11.class
88877e695aec67913ec305d6560cb5d974434deab412c9db76ed2349976a4f6a	subprojects/groovy-docgenerator/build/resources/main/org/apache/groovy/docgenerator/index.html
88ac77c2694974e59a10507676ae743939b3c39fed703a07699021a30073b923	build/classes/java/main/org/codehaus/groovy/reflection/ClassInfo.class
88c096c6631cfec8cbb9b0935be5ec931d812077b2164ea0b58e9881b0e47ad0	subprojects/groovy-console/build/classes/groovy/main/groovy/console/ui/ConsoleIvyPlugin$_addListener_closure1$_closure2.class
88c25c31a7f3642966c1f9156e046dd0893c09b465d8fa518912718180b70c93	subprojects/groovy-console/build/classes/groovy/main/groovy/console/ui/ObjectBrowser$_makeCard_closure3$_closure14$_closure20$_closure26$_closure32.class
88d9c10d98ec0f667ed0b1226056026746975ee0381b818dc0f8b680e6e250d0	build/classes/java/main/groovy/lang/Tuple4.class
88e47a42ca3888d2771803ad58d0f38eb09909ef257a26f8b45ffadc452b772d	subprojects/groovy-ginq/build/classes/groovy/main/org/apache/groovy/ginq/provider/collection/runtime/QueryableCollection$SortedPartitionCacheKey.class
88e6fdbb40ea2c2316bf7eb715185c89772ca1744d6d130595ab12c9143aa30a	subprojects/groovy-console/build/classes/groovy/main/groovy/console/ui/CellValueToolTipJTable.class
88efd7ce7be339e58d7be050d061af2916da6a4f770bcafc4b4cd891f12f4b38	build/classes/java/main/org/codehaus/groovy/runtime/dgmimpl/NumberNumberPlus$LongDouble.class
88f6a0971822cd4cbec348baddcb8412331baf0054fb9708c38801d95f64811c	build/classes/java/main/org/apache/groovy/ast/tools/ClassNodeUtils.class
88faae935af410c96b8542728f9608f293e504f1c559b9bf2da64d5c0bed7269	build/classes/java/main/org/codehaus/groovy/vmplugin/v8/MethodHandleWrapper$NullMethodHandleWrapper.class
88facdbbbc7c1ba9840ea98fcda256c817ef4c67bd109ed909bc8ea7f446f161	subprojects/groovy-console/build/classes/groovy/main/groovy/console/ui/view/BasicMenuBar.class
89290ef701a752d05391b6726ab0bf1b4a7b476ffe9bdd0e72ade61b2ff0db4f	build/classes/java/main/org/apache/groovy/parser/antlr4/AstBuilder$3.class
8935bd172ddde3ebd730549fc48f8d4d0887ce2ac13438943099fba15b558a60	build/classes/java/main/org/codehaus/groovy/transform/stc/SignatureCodec.class
894a8663d65ec5ae5a7fc85c7dbd4192434b0accab0abdb921132b84aea91579	subprojects/groovy-console/build/classes/groovy/main/groovy/console/ui/Console$_compileScript_closure24$_closure47.class
89719ac2fc1df5e0ec4dd3d89bba2598789a2379f92f1838d37bed12900e6306	build/classes/java/main/groovy/util/ProxyGenerator.class
897e3abb4c353a348aae52d19c9a5ac077336e36ac9c5bb04ae6dbb405453b83	subprojects/groovy-xml/build/classes/groovy/main/groovy/xml/StreamingDOMBuilder$_bind_closure5.class
89b15b957d24b2688f6f99093feedfd2a8f767d923a2df5a64e1001f19c44c5b	build/classes/java/main/org/codehaus/groovy/transform/stc/DefaultTypeCheckingExtension.class
89b251b028e3dcd4d679074cf28624b7868e6bcd4baab43a82ea2b7a98def787	subprojects/groovy-xml/build/classes/java/main/groovy/xml/slurpersupport/GPathResult$5.class
89d0d487512125352baf23f21238c565e7ef13527b9cc4fd7aea4d2fe27133b0	build/classes/java/main/org/apache/groovy/parser/antlr4/internal/atnmanager/AtnManager$AtnWrapper.class
8a19ebf722d8267a20daca9c122318e3077f3492d38942a0f31acf9ddbf3cf8c	build/classes/java/main/org/codehaus/groovy/transform/sc/transformers/ClosureExpressionTransformer.class
8a367d4ce723aece26f8edac734398f9ac07fa1fb2ae9851e707b036d5280b7c	build/classes/java/main/org/apache/groovy/io/StringBuilderWriter.class
8a57cf2a00d5856cb45b0840f14fb95a1f2f3ae154a7186e52237cfbc0f61828	subprojects/groovy-ginq/build/classes/groovy/main/org/apache/groovy/ginq/provider/collection/GinqAstWalker.class
8a73d6a99f1465ca83c4a03e401e8e5fad9ac59c4aebb2b562e3f07f1f650b66	subprojects/groovy-cli-commons/build/classes/groovy/main/groovy/cli/commons/CliBuilder$_setOptionsFromAnnotations_closure6.class
8a78ed777aa992fe16933e6049423d31d973fd56a98d6ddef5539b90d6ac1abb	subprojects/groovy-swing/build/classes/groovy/main/groovy/swing/binding/AbstractButtonProperties.class
8a7be1eb9548083754805faaa12025d3e596b8aa97433e4d473dcadfabba727e	build/classes/java/main/org/apache/groovy/parser/antlr4/GroovyParser$TypeBoundContext.class
8a9ddc4871de4a4f2d5b2e3e16cc00a0a3e21e3db7cd85fb9ede7ec96e25b87e	subprojects/groovy-templates/build/classes/groovy/main/groovy/text/SimpleTemplateEngine.class
8aa013a5ffb32c13fbbfefca4e598e259f0b49f22762e7112d4fbe4dc80f1496	build/classes/java/main/org/apache/groovy/util/concurrent/ConcurrentReferenceHashMap$SimpleEntry.class
8aa035e53f99bdb8504c90f4d656f9e87e5d291679f86b1dcda77dcc58b0330a	build/classes/java/main/org/codehaus/groovy/util/ReferenceType$WeakRef.class
8aa2346f6dd7a8e887ddb184026ebfaae509258f1d3a14367805eae15d1c4eca	build/classes/java/main/org/codehaus/groovy/classgen/Verifier$SwapInitStatement$SwapInitInstruction.class
8ab7c1f4bb90cda5056c3b29b52c0dddc4cba4448ffd8d4e0adc6c1fda55649d	subprojects/groovy-console/build/classes/groovy/main/groovy/console/ui/ObjectBrowser$_makeCard_closure3$_closure14$_closure24$_closure61$_closure64$_closure66.class
8ad495a123576caf765604f5746d3c39121a2701e110785f5eef05440a6036d1	subprojects/groovy-docgenerator/build/resources/main/org/apache/groovy/docgenerator/template.allclasses-frame.html
8aecfb241f0ef83d02d2221855fc375a144baf832c33b40cb70de7673fd9d7b9	build/classes/java/main/org/codehaus/groovy/classgen/asm/BinaryExpressionHelper$1.class
8af090c83fcf416b74f8b3d4d6b670a15217d453977c4216d3c40c8a12eaba0f	subprojects/groovy-typecheckers/build/classes/groovy/main/groovy/typecheckers/FormatStringChecker$1.class
8afb8b0802968ee20f169060cfe247487dcae499c34e5f1fa5304c52a7055be8	subprojects/groovy-groovydoc/build/classes/java/main/org/codehaus/groovy/groovydoc/GroovyConstructorDoc.class
8b08f302a4adc9b24c1248c6b6c9d319535ff740141dd66c30c4127c4d0020e6	subprojects/groovy-console/build/classes/groovy/main/groovy/console/ui/ObjectBrowser$_makeCard_closure3$_closure14$_closure20$_closure25$_closure28$_closure30.class
8b0b912b9c1fdabd8831402a06504a25e88f5fcf02837adae223b3391a5037c5	build/classes/java/main/groovy/lang/MetaClassImpl$1.class
8b0cc5c0df68551ac58a38fbe363488efb309003fd9606eb63efc958e4c28fe3	build/classes/java/main/org/codehaus/groovy/ast/expr/MapEntryExpression.class
8b38c5b65a48b58ae4f192dcb95ee5421e31d20fe74c5564168181986c35b103	build/classes/java/main/org/codehaus/groovy/reflection/stdclasses/DoubleCachedClass.class
8b4578f50c5982f75de4c4f57fec9749c8ca059123225afc62ea4ccb1be4c566	subprojects/groovy-console/build/classes/groovy/main/groovy/console/ui/AstBrowser$_run_closure4$_closure11$_closure27$_closure32.class
8b4ba1fb8e51b404e76dab6636baf744adde54748cc8a713f3a980c4f73fd35f	subprojects/groovy-swing/build/classes/groovy/main/groovy/swing/binding/JListProperties$1.class
8b5c215d17c84fc3195b7a96a75f6bc8e503b4637d623276195cf9cbd29876f0	build/classes/java/main/org/apache/groovy/parser/antlr4/GroovyParser$OriginalForControlContext.class
8b87a1313e3a0667a9c99f02747f9305ad3aeb30de9accd6e82634ef50e3c435	subprojects/groovy-datetime/build/classes/java/main/org/apache/groovy/datetime/extensions/DateTimeExtensions$1.class
8b8cb7c8bfa3973db6adcdb2b72cd9be211f759a73f2ccd26fd414b3f82182c5	subprojects/groovy-macro/build/classes/groovy/main/org/codehaus/groovy/macro/matcher/ContextualClassCodeVisitor$1.class
8b8ed56daab365d0b5dd5e6f6e025cdade408a730a3d37eef0cdf72bc87bcf84	subprojects/groovy-groovydoc/build/resources/main/org/codehaus/groovy/tools/groovydoc/gstringTemplates/topLevel/deprecated-list.html
8ba23ea053147bc8a5b5e610578e9744c111b6b1c6ef7cc116826e04863e828c	build/classes/java/main/groovy/transform/WithReadLock.class
8bab419b813f5f1c091d1a68c2889cd4d941ac3e046dc1bcbca3ae6db5cc45af	subprojects/groovy-jmx/build/classes/groovy/main/groovy/jmx/builder/JmxBuilderTools.class
8badfecb40fe385261ca28117055fb5a913ddb7009a6d133b032461a23f6d813	subprojects/groovy-contracts/build/classes/java/main/org/apache/groovy/contracts/generation/ClassInvariantGenerator.class
8bf08d839899b62945c7a1989da86f036d8d7ff2d853e088f8e49b0156dda7fb	subprojects/groovy-xml/build/classes/java/main/groovy/xml/MarkupBuilder.class
8bfa4e15ae8ba51e93209096e8662b4599d17d703fcb62919bc2be4e49b5f6db	subprojects/groovy-swing/build/classes/java/main/groovy/swing/model/DefaultTableModel.class
8c2ccb2b09188c4015a4a08cd7a0faa368ffd4d5a24b285c02bb16cf5aadcf8b	build/classes/java/main/org/codehaus/groovy/runtime/dgmimpl/arrays/ByteArrayGetAtMetaMethod.class
8c2d4bd33292a7ec4c61fa393f623091391e5a30c0fe3a69a09e4c02ec2fd963	build/classes/java/main/groovy/transform/builder/Builder.class
8c4d23b75315426f5af84cb073e2e06a99804f79ea5b623b4d4191efbd8df8d3	build/classes/java/main/org/apache/groovy/util/SystemUtil.class
8c642dd129d69c59d2dc6623c0b5ef7c60b53c5f01bfcc30c522cf34c6d56dac	subprojects/groovy-console/build/classes/groovy/main/groovy/console/ui/AstBrowser$_run_closure4$_closure10$_closure14.class
8c68cf720ec322a8c7dc1468ceb57871a9c314cd9ec1ac0a42948942242d30a5	subprojects/groovy-templates/build/classes/groovy/main/groovy/text/markup/DelegatingIndentWriter.class
8c6c4e97330258b64cd8e50a65b9b23c648f424801d27dcaa4b75c0849c6c484	build/classes/java/main/groovy/io/GroovyPrintStream.class
8c7dad51ff4e7f3fe695103b634e4a45536798c001fd1e2e285d5b6533faf735	subprojects/groovy-xml/build/classes/groovy/main/groovy/xml/StreamingSAXBuilder$_processBody_closure5.class
8c87076b652abd30e0a2317ee62213cda502edd5277af648770138fdd2ac810d	subprojects/groovy-console/build/classes/groovy/main/groovy/console/ui/TreeNodeBuildingVisitor$_visitTryCatchFinally_closure9.class
8c99a6aafdaca126c60952bcd7e4fea006f79261a97d0e163c2837b9920fc9a8	build/classes/java/main/org/apache/groovy/ast/tools/ConstructorNodeUtils.class
8cb4037734227cf0521f5dac93dc9c7b9e9721ec47933647aaaaf0473f846a99	subprojects/groovy-jmx/build/classes/groovy/main/groovy/jmx/builder/JmxMetaMapBuilder$_buildAttributeMapFrom_closure1.class
8ccb84caeb2f2092c4717f853785f80474422c7c0bdbbe731ac0335e541e9162	subprojects/groovy-console/build/classes/groovy/main/groovy/console/ui/view/WindowsDefaults.class
8cd39e1b74796bd89090bd25d608d5e5cc79d87f3f128090170294e339c341de	build/classes/java/main/org/apache/groovy/parser/antlr4/GroovyParser$EnumConstantsContext.class
8ce42b485aaa63775a8a0adf563de1c03fbad674e5292bed8701b0c2b4838dda	build/classes/java/main/org/codehaus/groovy/transform/stc/StaticTypeCheckingSupport$BooleanArrayStaticTypesHelper.class
8ce7286a48596d316d4680de31db3a297662819e28cd4cee0a2b544054ddad66	build/classes/java/main/org/codehaus/groovy/classgen/asm/CompileStack$BlockRecorder.class
8cf21ef001a840bc2a16a7c3b85ceb3120734b5fd8a371bfdb164b1fd8629462	subprojects/groovy-jmx/build/classes/groovy/main/groovy/jmx/builder/JmxBeanInfoManager$_getModelMBeanInfoFromMap_closure1.class
8cf4331c24f25e368e4a182b5bae0510c875299f099a6d25c37a87cefc0f2ca2	subprojects/groovy-json/build/classes/java/main/org/apache/groovy/json/internal/CharBuf$1.class
8cfaa30d35aaf8a8df16180f69daea1b449f4da3501a840c9714547878abaabe	build/classes/java/main/org/codehaus/groovy/classgen/EnumVisitor.class
8cfe5e9896845a25e8ab6ca558597f725c96d07d38c23f5ee3ee0a72fbf1d899	build/classes/groovy/main/groovy/transform/CompileDynamic$CollectorHelper.class
8d110ec5088963d980666e99be20ec4b912951207ab97652733c2720ec1574bb	subprojects/groovy-templates/build/classes/groovy/main/groovy/text/markup/MarkupTemplateTypeCheckingExtension$_run_closure6.class
8d117e806f2b491004e7c8e4a8bf87311e822fdbc8b87bf241a3fc01c999d8aa	build/classes/java/main/org/apache/groovy/util/concurrent/concurrentlinkedhashmap/ConcurrentLinkedHashMap$EntrySet.class
8d201a8aece85a50e09e90d3e476ed02ae17711ac00c73e3e97c8c15f85b7659	build/classes/java/main/org/codehaus/groovy/runtime/metaclass/TemporaryMethodKey.class
8d3ffbb6664ba8ec4fd96417e95a553e7199a40aba5e31f098430f259143b505	build/classes/java/main/org/codehaus/groovy/runtime/dgmimpl/NumberNumberMinus$DoubleLong.class
8d536dade80c1fcbccbcd1db504d458ee9ee449ddf8f7ad309cdf5a446525e08	subprojects/groovy-groovysh/build/resources/main/org/apache/groovy/groovysh/commands/ShowCommand.properties
8d536dade80c1fcbccbcd1db504d458ee9ee449ddf8f7ad309cdf5a446525e08	subprojects/groovy-groovysh/build/resources/main/org/codehaus/groovy/tools/shell/commands/ShowCommand.properties
8d6b6d10053577ec94553b3ac1db41880391ab87057625f5fd34b7dbabe3b022	build/classes/java/main/org/codehaus/groovy/classgen/asm/BytecodeHelper$ReturnVarHandler.class
8d6c1720c1d2ceb304a9675e002dfbb978b132086ae7c135e214be658cfca8f5	subprojects/groovy-contracts/build/classes/java/main/org/apache/groovy/contracts/util/LifecycleImplementationLoader$1.class
8d7031cc55568b99c436c2fdda56a3cb0b0e0874a07298c9708bf4bace11f317	build/classes/java/main/org/codehaus/groovy/runtime/DefaultGroovyMethods$InterleaveIterator.class
8d81a6916e3b66e211e6a34af28e368bb425941a26ade5eeb1e45aeea84548be	build/classes/java/main/groovy/util/ObjectGraphBuilder$DefaultReferenceResolver.class
8d8bc283d9f61bedfb33e4a2ec69d2d7425f9d8252cccac3c18afc3d2db90b04	build/classes/java/main/org/apache/groovy/parser/antlr4/GroovyParser$ExclusiveOrExprAltContext.class
8da3c1151300ed15f4ae9da18bf11cc7a1ae22a3994a48f2589099cfdc09f2e1	build/classes/java/main/org/apache/groovy/parser/antlr4/GroovyParser$TypeContext.class
8dab3a217a1f36a1da9b872a03e29646827a03c9699f8d915ad8170a4702f646	subprojects/groovy-console/build/classes/groovy/main/groovy/console/ui/ObjectBrowser$_makeCard_closure3$_closure13$_closure19.class
8dac392b6de82bda7d251c2eb19a5f3bffaf99d27ce9df3a1e07f1b3de34da89	build/classes/java/main/org/codehaus/groovy/syntax/TokenMismatchException.class
8dad64d79c3342cd5f8633e11b31485e6cc467b318ffa6d1a96712b7d38e0323	build/classes/java/main/org/codehaus/groovy/control/ConfigurationException.class
8db0f53b01306f06e02fe7deb360c7970412406b5d1dee68992d0c2aace60a2f	build/classes/java/main/org/codehaus/groovy/runtime/StringGroovyMethods.class
8dc9f347401fe4ff4727325d2fa1edd66c9109eed4093a9120f83381e200f69d	build/classes/java/main/org/apache/groovy/parser/antlr4/GroovyParser$StandardLambdaExpressionContext.class
8dca2610a2ccd8289ffec84220fde386f3e77fcde7044b32096f0807faea5dab	build/classes/java/main/org/codehaus/groovy/transform/stc/ExtensionMethodCache.class
8dde51fe794e5f1fb575c3c61f1b0a9781ef6e64766a1ef13e55b84b2afada96	build/classes/java/main/org/codehaus/groovy/util/DoubleArrayIterator.class
8dedcfa3c6ed123fb54ee148377447ce20ba15da115dfa4f9e943c757f240f94	subprojects/groovy-console/build/classes/groovy/main/groovy/console/ui/ObjectBrowser$_makeCard_closure3$_closure14$_closure22$_closure41$_closure44.class
8e038911da43b0b6be12f5c86d527fff88800ca8f0e1453a8aa68724bd3fe011	build/classes/java/main/groovy/lang/Groovydoc.class
8e1272212a9a496e13a22bcdca0216f6e49c0b53cf32626fbeb1f9b3970b8ba8	build/classes/java/main/org/codehaus/groovy/runtime/dgmimpl/NumberNumberDiv$LongFloat.class
8e19b6c557d30f33c927d7a076b6e33b0943bcd9192257cf8efe6e96c54d5745	build/classes/java/main/org/codehaus/groovy/tools/GrapeUtil.class
8e3e1d95a2823acc078a2e020c6143a5dfd6c390159e1601cf0528ebdfd126f8	build/classes/java/main/org/codehaus/groovy/transform/BuilderASTTransformation$AbstractBuilderStrategy$PropertyInfo.class
8e4fe69e66f6eb338a4bc0178821e692d6222cab0264426fbaf9fd6c4ffb6752	build/classes/java/main/groovy/lang/Sequence.class
8e960ce3b7d197c3092d21adce765da0a3acb357267bff204fdae36797b15f26	subprojects/groovy-console/build/classes/groovy/main/groovy/console/ui/AstBrowser$_run_closure5$_closure41$_closure45.class
8e9e0ca686ccbf05beb7c475b25c4d9c4da20fcfa3f68dd93c22339693dcc0d5	build/classes/java/main/org/apache/groovy/util/ObjectHolder.class
8ea659b9db6aacc59286590c6be063615ba5fc0931c722a059a4396871e7c234	subprojects/groovy-console/build/classes/groovy/main/groovy/console/ui/AstBrowser$_run_closure4$_closure10$_closure12$_closure15.class
8ea67c53315305a0ab5cec718155c9a668ad4064e364ba76cf03ce0a5c98f42b	build/classes/java/main/org/codehaus/groovy/runtime/DefaultGroovyMethods.class
8ec1ea05956293f1b7be28a0d538e9e939ebde17b1104fb27d5b4da56a50c59e	build/classes/java/main/org/codehaus/groovy/runtime/StringGroovyMethods$StringIterator.class
8ec4c92371853cc20e977f2288528e64d29cc7570bd45eabecdec8fe5ae2c2d6	subprojects/groovy-ginq/build/classes/groovy/main/org/apache/groovy/ginq/dsl/GinqAstOptimizer$_collectConditionsToOptimize_lambda7.class
8ed2fe93d02021cbc0a89b5e4cfd77487ea6c8c8d4ea549ee9cdda7d2ca0118c	build/classes/java/main/org/codehaus/groovy/runtime/DefaultGroovyMethods$ZipIterator.class
8eeb1364c8bbfe4b16469f51be3fd0f4ef2b45cbd244db65c9f149e9821f8e4a	build/classes/java/main/groovy/transform/options/PropertyHandler.class
8f06b0b62865c2219d0ae4cc97e319dfe8996b3423a2b619b4fdb95b3db0b859	build/classes/java/main/groovy/lang/ExpandoMetaClass$1.class
8f1cd55c554591a15a9158c87f182781039162daffab6647787e1a32e0741d10	build/classes/java/main/org/codehaus/groovy/util/ManagedConcurrentValueMap.class
8f385b479326169424acc5d85b003bc8c9c488c0f8c4c20bb46f07930b89cbec	subprojects/groovy-console/build/classes/groovy/main/groovy/console/ui/ConsoleView$_run_closure8.class
8f51945942a96c0c4a4f7707b2dcc95ed49bc80bd1f88d5b716c77b1140a3a99	subprojects/groovy-datetime/build/resources/main/META-INF/groovy/org.codehaus.groovy.runtime.ExtensionModule
8f58d45156bb8620fd407e4d4277e27e4d1619c63bc0435ddd40cc6eb1e7cfaf	build/classes/java/main/org/codehaus/groovy/vmplugin/v9/Java9$BigIntegerMultiplyMethodHolder.class
8f68016bd45a79e523db8a1330df95e1d03169543095460dc5048a80f8ea4f12	build/classes/java/main/groovy/util/ObservableSet$ElementEvent.class
8f7e2e0d04bb899284917ddcc6006f6d4a86ddeda185f81a617549d7e8d35a1f	subprojects/groovy-console/build/classes/groovy/main/groovy/console/ui/ConsolePreferences$_buildDialog_closure2$_closure4$_closure5$_closure9.class
8f85c576aa99f955343f79aeaca51e3cecc65c71be3d62ef8e3a47ed2fd3e3d7	subprojects/groovy-docgenerator/build/classes/groovy/main/org/apache/groovy/docgenerator/DocGenerator$_generateAll_closure6.class
8f8ba4a84558180ad149a3d66b4a7c1875031fd56ac0ba67f420db34d8046fe3	subprojects/groovy-typecheckers/build/classes/groovy/main/groovy/typecheckers/RegexChecker$1.class
8f931611243c17e11b45c3d1ef1f9e1a4b0f00fc7b97875bd296b65403189e17	build/classes/java/main/org/codehaus/groovy/ast/CompileUnit.class
8fab3b6fc43e9769f7e7b6a9fa424c8e67a6dc58abba220938c578707b10b771	subprojects/groovy-console/build/classes/groovy/main/groovy/console/ui/TreeNodeBuildingVisitor$_visitParameter_closure29.class
8faea7ed69751ef2753f9e10fd3d3feb9832ebc3cf4496ade1c08565cf7e8d69	build/classes/java/main/groovy/transform/CompileStatic.class
8fcd77e9f1292b8e10b550f7a0610ec857177b87c7ea72633b3456da8e91637d	build/classes/java/main/org/apache/groovy/parser/antlr4/GroovyParser$SwitchLabelContext.class
8fd1e442e1b7ac00ff243f99d878bb7295031f82f127d43663ab7ef05d84c986	subprojects/groovy-swing/build/classes/groovy/main/groovy/swing/binding/JListMetaMethods$_enhanceMetaClass_closure3.class
8fde7dc811b0f363f2b36de2f486167790e8178f3689bddba4d45dd098fc5589	build/resources/main/META-INF/groovy/org.codehaus.groovy.source.Extensions
8ff41e1c8e498cb90a8fccf752a9d43ef1d1de8a425de36a79a45e4ccbdd9cd1	subprojects/groovy-contracts/build/classes/java/main/org/apache/groovy/contracts/ast/visitor/DomainModelInjectionVisitor.class
900172d9f20a47a6162fb2ee23956c62e4f2b982bd9c67cb5eefaaf92c43afac	subprojects/groovy-ant/build/classes/groovy/main/groovy/ant/FileNameFinder$_getFileNames_closure1.class
90203af71cedbf43b9258609300d7422b5f73977af9a0422da4d9be944dd551b	subprojects/groovy-ginq/build/classes/groovy/main/org/apache/groovy/ginq/dsl/expression/LimitExpression.class
905356b239ed81340a2cfdd8ed393d4adc84d4f5eacd50df29262f9c5ecacc86	build/classes/java/main/org/apache/groovy/parser/antlr4/GroovyParser$PowerExprAltContext.class
9068920655d2d8270c3cfda8e631b748995a772d1f25f5ca700fdaa58434be78	subprojects/groovy-console/build/classes/groovy/main/groovy/console/ui/ObjectBrowser$_makeCard_closure3$_closure14$_closure23$_closure51.class
907807eb6f47d526a7bcfa319897856fc6b9f5155a7ad4ed86be01bcbc56210d	build/classes/java/main/org/codehaus/groovy/classgen/asm/indy/IndyCallSiteWriter.class
909f7fddd603b1a68cfb077733e91f67008966ee2966609bc1569b864076d88b	build/classes/java/main/groovy/lang/MetaClassImpl.class
90ac15e9ffa551266be7180a64b8c93a8a338eb3132e589fd2bfc418d31915f1	subprojects/groovy-typecheckers/build/classes/groovy/main/groovy/typecheckers/RegexChecker$_run_closure1.class
90e6818697231343571d4fd870e218d9f0ba9fbf86f42bf0626725bba0d5528a	subprojects/groovy-groovydoc/build/classes/java/main/org/codehaus/groovy/tools/groovydoc/GroovyDocParserI.class
911307bfe090566b9922769474bf607e2099c219e950022599cb3f8bc7b0bf20	build/classes/java/main/org/codehaus/groovy/classgen/asm/BinaryLongExpressionHelper.class
911a5e44324bada75ff5ac7dd09ab45f6789998b61ae6a84c5bf2e6ae4d27a65	subprojects/groovy-swing/build/classes/groovy/main/groovy/swing/factory/SeparatorFactory.class
9138de8bfb2bbfbc96e2e294c60541b2183e748e4b6ecbcd11f92b92f42cac39	build/classes/java/main/org/codehaus/groovy/transform/StaticTypesTransformation.class
914d905f8a908b4150e291279cb9e52aefdab8d8457ac4a2ba0a395080b2b6f1	subprojects/groovy-contracts/build/classes/java/main/org/apache/groovy/contracts/annotations/meta/ContractElement.class
915267df90e0134759a5df2d7e8eaddfa64323dbe34462fb083dd971f6b12f9f	build/classes/java/main/org/apache/groovy/util/JavaShell$BytesJavaFileManager.class
916eb9ee3ca72633cea95e86294058b1e1463f08f1fc1612d9e73e465a7777cf	subprojects/groovy-servlet/build/classes/java/main/groovy/servlet/GroovyServlet$1.class
917d7d2b6103feb140cf4c7723da084da42b1f71aa45299b755ef43fe7237576	build/classes/java/main/org/codehaus/groovy/classgen/asm/ExpressionAsVariableSlot.class
918b2a2ba8bd4494b11c4a930fd2753434ebfc717e63961682c261281b5ad341	subprojects/groovy-console/build/resources/main/groovy/console/ui/icons/page_white_go.png
91b557be1393f3cdb7b5be318ed7957cc3022fff6fc513a4ff0f83e0c787e25a	subprojects/groovy-console/build/classes/groovy/main/groovy/console/ui/TreeNodeBuildingVisitor$_visitSpreadMapExpression_closure37.class
91cb4cac48b10d90d1ed744929544aad83ac0fa74ce80d4640adde3be9cd832e	subprojects/groovy-jmx/build/classes/groovy/main/groovy/jmx/builder/JmxMetaMapBuilder$_buildOperationMapFrom_closure7$_closure14.class
91cbeeb0a18ad5505ea1851b99c6cf3626c59160df9546a1cbbbe44c8030feaf	subprojects/groovy-macro/build/classes/groovy/main/org/codehaus/groovy/macro/matcher/ASTMatcher$_visitAttributeExpression_closure40$_closure101.class
922c80b328e14cb6a0d3c48bb2e72a641031472aa281b17d21f0f91e1606fd13	subprojects/groovy-ant/build/classes/java/main/org/codehaus/groovy/ant/GenerateStubsTask.class
9248480a900955a81bf057e472a108fc320ee538d569cd0d6b260c917c499d9e	subprojects/groovy-console/build/classes/groovy/main/groovy/console/ui/TreeNodeBuildingVisitor$_visitReturnStatement_closure7.class
9259c1b0eb2bdde86f6046753db859c6d06a8f0a3e52ff514c08e38679eb6960	build/classes/java/main/org/codehaus/groovy/vmplugin/v8/Selector$InterfaceSelector.class
926622a6d27bb53d5d60e9f11c688b925e9990eb776d1b877df14f65a499d004	subprojects/groovy-swing/build/classes/groovy/main/groovy/swing/factory/BindFactory$_finishContextualBinding_closure1.class
927c9e244ee6620f4d93510dabd28d605630d8fd24d495103ccb0db66484f42b	subprojects/groovy-groovysh/build/resources/main/org/apache/groovy/groovysh/commands/HelpCommand.properties
927c9e244ee6620f4d93510dabd28d605630d8fd24d495103ccb0db66484f42b	subprojects/groovy-groovysh/build/resources/main/org/codehaus/groovy/tools/shell/commands/HelpCommand.properties
928dd6dc3ac3703849efd9d29bcb5216bc8f6545073d015cc74b63f64ba499d5	build/classes/java/main/groovy/transform/Undefined.class
92941b926f9e7c660b51f8338f0640a2e6290f7b3650366e042d474e699445b7	build/classes/java/main/org/codehaus/groovy/classgen/FinalVariableAnalyzer$VariableState.class
92bc57136d37268eb753be143255df1dc1a2759dd84651787a7dee4c24914b26	build/classes/java/main/org/codehaus/groovy/runtime/dgmimpl/arrays/DoubleArrayGetAtMetaMethod.class
92de20f3e70f3731aadccf15e18caa31e78b3681f9795ce0ad8cf9cf5ef1530a	build/classes/java/main/org/codehaus/groovy/runtime/StackTraceUtils.class
92e1680a40efb24dacebc49bdbb71fe1f165b6d336558b69f644075c78645116	subprojects/groovy-docgenerator/build/resources/main/org/apache/groovy/docgenerator/template.package-summary.html
92e28becbdb75a684ca7768b77f3a7785882d44df9b2a4fb2c8365c11c79a367	subprojects/groovy-macro-library/build/resources/main/META-INF/groovy/org.codehaus.groovy.runtime.ExtensionModule
93157cae21f1f1b0e64ad7cd902299a50cb6d897c508c89c5396d75deaf866a6	build/classes/java/main/org/apache/groovy/parser/antlr4/GroovyParser$ClosureOrLambdaExpressionContext.class
93342fd2f3042871b2bc6d7f470dfb12eb4bff343220621df11dd8550e35f06c	build/classes/java/main/groovy/util/ObservableMap$PropertyAddedEvent.class
9335f4f6627973e50e2d0948fc3c8337076188dabb2301cb4b923f35266ce530	subprojects/groovy-console/build/classes/groovy/main/groovy/console/ui/Console$_compileScript_closure24.class
933abcfdf7970a7d03c4c833735301780c6ad18092570b9bac07ed9b181ef3a6	subprojects/groovy-groovysh/build/classes/groovy/main/org/apache/groovy/groovysh/jline/GroovyEngine$AsCompleter.class
933dc4ff9064eaaab3714730e40a513d3b1b2cd93d2a6d03b93a0f5baf6b8bd8	build/classes/java/main/org/codehaus/groovy/runtime/callsite/PogoMetaMethodSite$PogoCachedMethodSiteNoUnwrap.class
93635104afd21c418029901b0f0351a04a794745ff2e504e57ce0390d9150384	subprojects/groovy-macro/build/classes/groovy/main/org/codehaus/groovy/macro/matcher/ASTMatcher$_visitAttributeExpression_closure40.class
936cdd79361871a8b3afacec50d397beed4d2dacf71d6425a297b3f30ae8ded3	build/classes/java/main/org/codehaus/groovy/tools/gse/DependencyTracker.class
936ce6e9db71bf532b705cf1a2400e0b460433cf3516afbf0a83cd31cbf2841b	build/classes/java/main/org/codehaus/groovy/transform/tailrec/VariableExpressionTransformer.class
936fa8d2d2a2cf6ad02b7ae38b5e8e88ad4251910ba4ede4412857c76199b169	build/classes/java/main/groovy/lang/MetaClassImpl$3.class
9371124eccdd2d7f613578f1402382f7a591ed74ab5282c99d78d8707a9eae56	subprojects/groovy-groovysh/build/resources/main/nanorc/yaml.nanorc
9378ea4893b6d14f13236dcd9daa9a3f8c56e612f75b097547b81d818043f36d	build/classes/java/main/org/codehaus/groovy/runtime/powerassert/AssertionRenderer.class
937a72f555a8e96274fffeb4431d76c5731f9ae8eeedfce409632223b8f355a0	subprojects/groovy-groovysh/build/classes/groovy/main/org/apache/groovy/groovysh/jline/GroovyCommands$_console_closure10.class
9391b8effd5bb01a2a888d2d1a26ee780c0408b638690f044409a97f88cfe9f4	build/classes/java/main/org/codehaus/groovy/reflection/AccessPermissionChecker.class
93d1172ea458c925a104c5ae984739967feac2f0e360d51114b0f61131d61a8c	subprojects/groovy-swing/build/classes/groovy/main/groovy/swing/factory/SplitPaneFactory.class
93d1d55b82b5419b121e56413ec59a806c8e045e059484b80b7c18fe3c15679b	subprojects/groovy-swing/build/classes/groovy/main/groovy/swing/SwingBuilder$_edt_closure1.class
93d6f447a302781b207f4c68f5a289d76645c7d3bd1a38cf34f776badc3b8813	subprojects/groovy-contracts/build/classes/java/main/org/apache/groovy/contracts/PreconditionViolation.class
93e033f6ab6fc7f64d784d54849fb00ff073fa23eb3c01830bdff01a30e71efb	build/classes/java/main/org/codehaus/groovy/reflection/CachedClass$3.class
93e65e4ae9eb415db060e3600198672fab50f44cc7b5c272081d7249e2665f9d	subprojects/groovy-json/build/classes/java/main/org/apache/groovy/json/internal/ValueMap.class
93ec2f2a20466c83fafb53551e2fda0fff43dab79fe2e9788acf043386d6b874	build/classes/java/main/org/codehaus/groovy/control/CompilationUnit$1ClosureFound.class
9417f4465ce02fa2ebdb1fde43379996a7794eb30cca470b1583dec764f2a80f	subprojects/groovy-groovysh/build/classes/groovy/main/org/apache/groovy/groovysh/Main$_main_closure5.class
94262a40e5283d01c7839ca7a17e68a68f9def26f43d9cc1654a7f13590e5914	build/classes/java/main/org/codehaus/groovy/transform/trait/SuperCallTraitTransformer.class
943e3dab8f77f569c52b970e38b41682a5cc8f605d9b19ff5f3aa124ed409f3e	subprojects/groovy-macro/build/classes/groovy/main/org/codehaus/groovy/macro/matcher/ASTMatcher$_visitClassCodeContainer_closure7.class
948bf53d8600b189cf09b81c90d587fbae700ea36a13b3c1adaa0d0452ffe7be	build/classes/java/main/org/codehaus/groovy/transform/sc/StaticCompilationVisitor$1.class
94a3b1df71feba7e4cfadf8b8937e1c96dbeee85cba0db4f5e1d3964ca3e85a5	build/classes/java/main/org/codehaus/groovy/runtime/memoize/ValueConvertable.class
94cfd6aeb7bfc4d2beed42e7cade3684c6b3e0ce4f37f1dc92f88995d036061f	subprojects/groovy-cli-picocli/build/classes/groovy/main/groovy/cli/picocli/CliBuilder$_extractAttributesFromField_closure15.class
94de292b22033e09cb352c2de5bcecb18a83a97ca3406431bad1e9e6cdd451c5	subprojects/groovy-macro/build/classes/groovy/main/org/codehaus/groovy/macro/matcher/ASTMatcher$_visitTernaryExpression_closure17$_closure77.class
94de7933a8af5d82f3c21b9a685b61a565671875622c83728598b6cc2b63b35c	build/classes/java/main/groovy/util/logging/Log4j.class
94f536cc8452aefe171560904469e9e734b0e1600ee5574e999fc6c1d2be83d8	build/classes/java/main/org/codehaus/groovy/transform/ReadWriteLockASTTransformation.class
94f5bf35d5702cc571ed6db01aab52fae3ca78f1d0345dabe0e935576b0b8566	subprojects/groovy-ginq/build/classes/groovy/main/org/apache/groovy/ginq/GinqGroovyMethods.class
94f95b20820ffbf20b548d3ab77a939118f1a5e60cb984acc7095e14b65948ba	subprojects/groovy-console/build/classes/groovy/main/groovy/console/ui/text/TextEditor$TabAction.class
94faab687ef7f6b4d4f26c4b5cac8aafc4ccd6b6ee558d42f102775b73eba369	subprojects/groovy-contracts/build/classes/java/main/groovy/contracts/Invariant.class
950f34564d19161c5496baa85b42d10070a11df5e6da5d730389397842cade9c	build/classes/java/main/org/codehaus/groovy/util/HashCodeHelper.class
951500679cbea0685237c2efe5b7a9891e6909513f3467bf80235900c55cf65c	build/classes/java/main/org/codehaus/groovy/control/ResolveVisitor$ConstructedClassWithPackage.class
95196831a333c657408708d32cd7623e31bae38c9aa5bdac96c94b2e61f4c4ba	subprojects/groovy-groovysh/build/classes/groovy/main/org/apache/groovy/groovysh/jline/GroovyBuiltins$_closure2.class
951ea35946345a979a8d7c89524a1abb2ccd12b4cf8a52de6ae858bf0cd3fff6	build/classes/java/main/org/apache/groovy/util/concurrent/concurrentlinkedhashmap/Weighers$SingletonWeigher.class
952adeaa702610106e29750d1e0ae45eb904810bf892a72862f95d541c2d2b28	build/classes/groovy/main/org/codehaus/groovy/ast/builder/AstSpecificationCompiler$_classNode_closure16$_closure32.class
954b0a427fabb6187fb4280e2ea9833edba82d6450e50c91b0d83f1d145efb35	build/classes/java/main/org/codehaus/groovy/reflection/CachedMethod.class
954b51141ffacbb84d87b39c34082042dd1d0fb1b27a6e7801be72b7a215392e	build/classes/java/main/org/codehaus/groovy/runtime/EncodingGroovyMethodsSupport.class
9575102b8bb1ca8fa6f33bbff1ac9a77abd4e86e234e25335bd10e7d0c8a6a70	build/classes/groovy/main/groovy/cli/internal/CliBuilderInternal$_option_closure3.class
9579581e2020eb6d1f3f8ffab8eff5b40b3340e9f857d8f3d1aa1f83aae22338	build/classes/java/main/org/codehaus/groovy/runtime/dgmimpl/arrays/BooleanArrayPutAtMetaMethod$MyPojoMetaMethodSite.class
95821a06461459834b9af496caae3cee3eb96da1ccc73b94e5f436f260103390	subprojects/groovy-json/build/classes/java/main/org/apache/groovy/json/internal/CharSequenceValue.class
95861f4115997c1b377c2d6e1beb1baf1c0f9ff40fe5365a8fbbf7b915f52b35	subprojects/groovy-swing/build/classes/groovy/main/groovy/swing/SwingBuilder$_clientPropertyAttributeDelegate_closure4.class
95ab543f8d9246acaab84bbb8a1259e97db407c336891b544bcf69fd927a9245	subprojects/groovy-macro/build/classes/groovy/main/org/codehaus/groovy/macro/matcher/ASTMatcher$_visitClosureListExpression_closure43$_closure105.class
95b1a40c2b5f324c622aa6f4a9f3c11c39a516acbd28bbd72a15faa6a2740988	subprojects/groovy-groovysh/build/classes/groovy/main/org/apache/groovy/groovysh/jline/GroovyCommands$_methodsCommand_closure9.class
95b792f2d62fe3f243b36babd4a88b6d4d1c0ce3359af33d224e55597b0418f3	build/classes/java/main/org/codehaus/groovy/classgen/asm/util/LoggableTextifier.class
95d814863e7f03c5a962ebf59f73c5cee0ad90ae014e1a82cf20888d5626b46a	subprojects/groovy-swing/build/classes/groovy/main/groovy/swing/LookAndFeelHelper$_closure3.class
95e0b3d67707369f2a68a7ae97a27faa04f76ce7bc8757900c9365cb6cce011c	subprojects/groovy-console/build/classes/groovy/main/groovy/console/ui/ObjectBrowser$_makeCard_closure3$_closure14$_closure24$_closure61$_closure64$_closure70.class
95e1f4a4e1b020e8a1c4474bd97c07ed0b9ef5270f9578b8e92c5a3cbdc53573	subprojects/groovy-xml/build/classes/java/main/org/apache/groovy/xml/extensions/XmlExtensions$1.class
96062028fe0e1d4edae258cd1b4db01f65bdc9ddd3463a18dd8959a19bda91ae	build/classes/java/main/org/codehaus/groovy/runtime/callsite/GetEffectivePojoFieldSite.class
961f335f9aaffce0b51c0514a614dab0759c9c6b9f1b468b145e10aea23455dc	build/classes/java/main/groovy/transform/NamedParams.class
961f77ba17693dd1d674294caa708861e44d956c7e5dd9da87e1624853c189df	build/classes/java/main/org/codehaus/groovy/transform/stc/TypeCheckingContext$EnclosingClosure.class
961ffa9e49a4d1b4b9258a4d690163e56740fdfe24d2856a6372341863e69e2a	subprojects/groovy-console/build/classes/groovy/main/groovy/console/ui/ObjectBrowser$_makeCard_closure3$_closure14$_closure21$_closure34.class
962123316bb2e79c451fe77cf018d495da673db107bbdd4a8db60d6347fcc304	build/classes/java/main/org/codehaus/groovy/transform/tailrec/TailRecursiveASTTransformation$2.class
962548248ba46e9b5d24063e212d3ea9edad2dbf26b13e98540fe942fb37e073	subprojects/groovy-groovysh/build/classes/groovy/main/org/apache/groovy/groovysh/jline/MavenCoordinateCompleter$_isJarsDirPresent_closure9.class
96289dddfadb958150e4377c6fa71489d31b8ca7a6b24fb807e2559211d3e972	build/classes/java/main/org/codehaus/groovy/reflection/MixinInMetaClass$1.class
9639a122d7a126e7c68a2c7605bcc6154bfd5ed5b02c033cb200e6723224370c	build/classes/java/main/org/codehaus/groovy/runtime/callsite/PojoMetaMethodSite$PojoCachedMethodSite.class
9639fba95ea5353a978519b1f09e2b662a5a29021a55a05cb555c351040cf9b2	subprojects/groovy-contracts/build/classes/java/main/org/apache/groovy/contracts/util/LifecycleImplementationLoader$LazyIterator.class
9647d1b0fd3435b6bb7654663d6bc5070fcda9db8b50fa8c9b67c9e92842002b	build/classes/java/main/org/codehaus/groovy/control/CompilationUnit$5.class
964a6fce6ae526194f420f4e1c19f74289153b60619a4f6ae89ec7ebf1765a42	subprojects/groovy-jmx/build/classes/java/main/groovy/jmx/builder/JmxEventEmitter$NumberSequencer.class
96503bd493a518fe70988d6ec5d06f3aed60bbd9ebe110f26f3a936afe9cdad0	subprojects/groovy-swing/build/classes/groovy/main/groovy/swing/binding/JListProperties.class
965092078e835baae3346f80ac59d10ba4314fd658ff7e59fd1ac2a150af2b6e	build/classes/java/main/org/codehaus/groovy/classgen/Verifier$SwapInitStatement.class
967928923a35fd30d3ed85934e43c11f41ff94da2251568f74a30a5c99dcfc2f	build/classes/java/main/org/codehaus/groovy/runtime/metaclass/ThreadManagedMetaBeanProperty$ThreadBoundGetter.class
96959a6ef8fe8143eb4a8a84a3d75f271813f60e50fc8d8119e8851a7c5f638e	build/classes/groovy/main/groovy/cli/OptionField$CollectorHelper.class
9697f3ae90bfdbcffe8811d9a5cd2e2a98f1d44a06c2cc9d8eb5674fc414f33e	subprojects/groovy-console/build/resources/main/groovy/console/ui/icons/disk.png
96a86fc3610079c3f1870aea2a3da2991b2724febe91489dc3ccc9cd525168ca	subprojects/groovy-sql/build/classes/java/main/groovy/sql/Sql$AbstractStatementCommand.class
96a9634c66eceb2b87d2fb7b3af50c606dd7c508f37ee561fe2159492d7ebb22	subprojects/groovy-docgenerator/build/classes/groovy/main/org/apache/groovy/docgenerator/DocGenerator$_generateIndexMap_closure13.class
96af072a22ec4f0a1111b5f94d9dc9f0cc43ce67dfaa7bada3bd87374ca90059	build/classes/java/main/org/apache/groovy/parser/antlr4/GroovyParser$VariableInitializerContext.class
96b5baaadeed204dd350f5e6788329d8cba6a99ea67f0eb9a7012d784659a89b	subprojects/groovy-json/build/classes/java/main/org/apache/groovy/json/internal/ValueMapImpl.class
96ba75b9969b78960bdec5b2d65681958ad4074d54b3a1722f4d3c0fc759315c	subprojects/groovy-ginq/build/classes/groovy/main/org/apache/groovy/ginq/provider/collection/runtime/QueryableHelper$ThreadPoolHolder$_createExecutorService_closure1.class
96ec849280347507c95240f446561943a654850bce003592b1a147955131a927	subprojects/groovy-swing/build/classes/groovy/main/groovy/swing/binding/JTextComponentProperties.class
973692067f44cb7b75049b5e6b56dbfa9948147648ced67fd12b059b40d977b5	build/classes/groovy/main/org/codehaus/groovy/transform/ASTTestTransformation$ASTTester.class
97496be584fb8a6af635e7710149e8a6ffcc301c4f118f6f6e548f059143bbdf	subprojects/groovy-contracts/build/classes/java/main/org/apache/groovy/contracts/annotations/meta/ClassInvariant.class
974b0edb26a6c8a1aff1e8c1a7a2b19f0f46a5dee11c0f3c19e2e468526f6a96	subprojects/groovy-contracts/build/classes/java/main/org/apache/groovy/contracts/ast/visitor/LifecycleBeforeTransformationVisitor.class
974d6430439bc17e4d442a89ea594a52666b371702b0d4f859250695ae431ce2	build/classes/java/main/org/apache/groovy/parser/antlr4/AbstractLexer.class
97602e8cd2debb294c1f1489914747591ac993132185294e2435399efeabf814	subprojects/groovy-console/build/classes/groovy/main/groovy/console/ui/Console$_notifySystemOut_closure15$_closure37.class
976b78f608846d4d981f0e1b297fc8163d7ef780241d65d34d06f956091a384d	subprojects/groovy-console/build/classes/groovy/main/groovy/console/ui/TreeNodeBuildingVisitor$_visitWhileLoop_closure3.class
97824b570f18be7cf8b6eca574f8b90b7a300378e6a4703e16defc42f4a6840b	subprojects/groovy-contracts/build/classes/java/main/groovy/contracts/EnsuresConditions.class
9786c719880ce8181d7d2fa277b8aae6c7d7a5f9155e6fb451bea61aa428b181	build/classes/groovy/main/org/codehaus/groovy/ast/builder/AstSpecificationCompiler$_tryCatch_closure18.class
978cd895f33bc1b1d0561dc65ddd39fdef9c46ae73abc753d95004f60b55b8f0	build/classes/java/main/groovy/ui/GroovySocketServer$GroovyClientConnection.class
97921e604ed52c046531984955f768697fad6c49d6235bc43f23356bf6347602	subprojects/groovy-ginq/build/classes/groovy/main/org/apache/groovy/ginq/provider/collection/GinqAstWalker$_validateWindowClause_closure8.class
979e3764f4a3950cb131a4c865cd5622d7dca2621b873dab65ada5d3211ac5bf	build/classes/java/main/org/codehaus/groovy/control/CompilationFailedException.class
97ab7d8a5e86dac03b9144db246c3ca4b5febbbfec075202c5e2b690b5b9218a	subprojects/groovy-groovysh/build/resources/main/org/apache/groovy/groovysh/commands/HistoryCommand.properties
97ab7d8a5e86dac03b9144db246c3ca4b5febbbfec075202c5e2b690b5b9218a	subprojects/groovy-groovysh/build/resources/main/org/codehaus/groovy/tools/shell/commands/HistoryCommand.properties
97b16d7d0d593f6608eaaa6675b763e6baf0401eb644de6437d876eaf5f08648	build/classes/java/main/org/codehaus/groovy/ast/FieldNode.class
97b20c40b6e258a589abc38d787ec336666ff55aab1f8b25c446b2e82769a971	subprojects/groovy-groovysh/build/classes/groovy/main/org/apache/groovy/groovysh/jline/GroovyEngine$EngineClassLoader.class
97bd9a4cdabc60b3e7b788cb9e8b1ceb9c0888ef4815dc9fda2142f45b3eddf7	subprojects/groovy-macro/build/classes/groovy/main/org/codehaus/groovy/macro/matcher/MatchingConstraints.class
97cd891abc8d6066e30d7504c67b552d27b3f5f0f39d3f76e19158bcb2a7e4ea	build/classes/java/main/org/apache/groovy/parser/antlr4/GroovyParser$ExpressionInParContext.class
97e0208f7dfced24c850611159c3623e83db79bb5e481b59d829cbd0d509c780	subprojects/groovy-sql/build/classes/java/main/groovy/sql/Sql$9.class
97f8741933ae7f672d0f403e07c7c44bbc66b88698f87286ec81168845042db9	build/classes/java/main/org/codehaus/groovy/control/customizers/SecureASTCustomizer$ExpressionChecker.class
97fb3605fb50a9cf7a138de8c7993262ddee40e42c51c3edd33a7b9d643f53a4	build/classes/java/main/org/codehaus/groovy/transform/sc/StaticCompilationVisitor.class
97fde995e65090345f358b600878527fe1f42886ab631409d71af8745b0e1e6c	subprojects/groovy-console/build/resources/main/groovy/console/ui/icons/folder_add.png
982e61904f0bffc89849a4115d0d9b2cdb5aa0958d381d1e383b972c4af7f64f	subprojects/groovy-console/build/classes/groovy/main/groovy/console/ui/AstNodeToScriptVisitor$_visitClass_closure9$_closure34.class
9874fd6444f16ead81507ebe2111ab14b37072a2796cb41ff6a24c2c2186ca37	subprojects/groovy-console/build/classes/groovy/main/groovy/console/ui/ObjectBrowser$_makeCard_closure3$_closure14$_closure23$_closure50$_closure53$_closure60.class
9875a4519e4216841bf839760d387bbf9fa30ab66f01255135266dc0e8117944	subprojects/groovy-groovydoc/build/classes/java/main/org/codehaus/groovy/groovydoc/GroovyType.class
9878eb65370a543aea249c252186d82d1f857b0e439bff9285064ca1c9c612d1	build/classes/java/main/org/codehaus/groovy/transform/sc/transformers/RangeExpressionTransformer.class
98a1955b6f76bbc42574c07cf55d2efedfac7bb4db54d0ae94ab45ec486e939f	build/classes/java/main/org/codehaus/groovy/control/BytecodeProcessor.class
98a8aaf75b29b629d345d0daf36327f2d9a1ec1260ed90bb48e46d6ab44043aa	build/classes/java/main/org/apache/groovy/parser/antlr4/GroovyParser$LiteralContext.class
98d7f3de840ce59deb2766f0b2479bb71fe972f814c5e2059c7f6b48812496a5	subprojects/groovy-xml/build/classes/java/main/org/apache/groovy/xml/extensions/XmlExtensions.class
98ec5d8a79ee9be4357cf0fb89487d53619cc735f0c163d2305e6d95984138f4	build/classes/groovy/main/org/codehaus/groovy/classgen/genArrayAccess.class
98eeef27b3d5d1d62a820edcf2bd31366694bce91b4eef231346cb665d196fc2	subprojects/groovy-macro/build/classes/groovy/main/org/codehaus/groovy/macro/matcher/ASTMatcher$_visitGStringExpression_closure41$_closure104.class
99226c4892b10e2d424066fc54dcc236d69c7978b13f5a9575c77e47639dde28	subprojects/groovy-swing/build/classes/java/main/org/apache/groovy/swing/binding/TargetBinding.class
992405a35117f22773cf166f165d825c904b39f80e907e16ae6da869c7737646	subprojects/groovy-json/build/classes/java/main/org/apache/groovy/json/internal/BaseJsonParser.class
995a9d7b07a67f46b6620f302df19b1b269a33faec2dbb2cfbf87d8cdd2c4c86	build/classes/java/main/groovy/io/GroovyPrintWriter.class
99722f929f9a08fd296cf6498965c1545b5db4c720c5c2d44e429d80233d51e9	build/classes/java/main/org/codehaus/groovy/classgen/InnerClassCompletionVisitor$3.class
99948521ca6ed26446a0e5b3777842479a475288c039289e19784ecf4ce75404	subprojects/groovy-contracts/build/classes/java/main/org/apache/groovy/contracts/common/spi/ProcessingContextInformation.class
99a4f283512cf378823b2cfbee2c29653366a4b484365a43c1aca06be277850c	build/classes/groovy/main/org/codehaus/groovy/tools/GrapeMain$ListCommand$_run_closure1.class
99aa7d98c551f9cc811fc30180a52be6ac289cf5bc4d84ea9613bef4cbb7751b	subprojects/groovy-xml/build/classes/java/main/groovy/xml/slurpersupport/Attribute.class
99aad0cf6426e15d60fb4109cab72f88da29623b81ffb1b9048661bf21e34278	subprojects/groovy-swing/build/classes/groovy/main/groovy/swing/factory/BevelBorderFactory.class
99b7fe09a4d050bc3292f045e206e53dcbf52e4c7291a31d1a746f46b617c107	build/classes/java/main/org/codehaus/groovy/ast/ModifierNode.class
99d2aa5d416814c597dd01135587ca3e26ed2622b04db8a908d8da717cd4f05a	subprojects/groovy-ginq/build/classes/groovy/main/org/apache/groovy/ginq/provider/collection/GinqAstWalker$_constructLambdaExpression_lambda19.class
99e4a66c2ebfb9a4c44ef44aad14f56578b06211383a3b6ca8f5c18dd5d00323	subprojects/groovy-groovysh/build/classes/groovy/main/org/apache/groovy/groovysh/jline/MavenCoordinateCompleter$_suggestGroupIds_closure2.class
9a033cd6d0beea5cb45ec0db33e45e8f1a091b82de951e5a6975d7a57aa958b7	subprojects/groovy-contracts/build/classes/java/main/org/apache/groovy/contracts/ast/visitor/AnnotationClosureVisitor.class
9a335a6f99f842003d7428eaa7e96941971a8965028fd6921b9ea2669ee77a59	build/classes/java/main/org/codehaus/groovy/runtime/callsite/PojoMetaClassSite.class
9a40ce110b97bf31901f2a0e7920b5f6d040e56b2a8759e96aa65d7383066b66	subprojects/groovy-ant/build/classes/java/main/org/codehaus/groovy/ant/FileIterator.class
9a49d6236858fe79845983d49b34f98c99cb47c0196468ee9f6971cf9257f4e8	subprojects/groovy-console/build/classes/groovy/main/groovy/console/ui/Console$_loadScriptFile_closure10.class
9a98c936770d052c4c4835f1bdc9b4cdb71621f2ce73286bf66c9f79bf4df0f9	subprojects/groovy-templates/build/classes/groovy/main/groovy/text/markup/MarkupTemplateTypeCheckingExtension$BuilderMethodReplacer.class
9ab47b5f15b2ea4761b6b28858916541720ab2cb0f9074e642a8e1c6c1b79e2c	subprojects/groovy-groovysh/build/classes/groovy/main/org/apache/groovy/groovysh/jline/GroovyCommands$_doc_closure2.class
9abf951bf2f79a934fdb82c4dd23f05b02b59a80f7de2c8ded08e12646cbb4df	subprojects/groovy-console/build/classes/groovy/main/groovy/console/ui/AstBrowser$_run_closure5.class
9ad5c00335ce1889f50c2c345d40ec8c0b3e4bfd8fa02b99919f40679badb72e	subprojects/groovy-macro/build/classes/groovy/main/org/codehaus/groovy/macro/matcher/ASTMatcher$_visitUnaryMinusExpression_closure32$_closure95.class
9ad7f248ebb06267d4b8c553b46165782a3e85cbc471bce03455dce2fb2512b6	subprojects/groovy-groovysh/build/classes/groovy/main/org/apache/groovy/groovysh/jline/MavenCoordinateCompleter$_suggestGroupIds_closure3$_closure10.class
9adea3d8e52c9b628a5df82168a9eb093ba8e36cb669cdb5d4ca812f62e393dc	build/classes/java/main/org/apache/groovy/parser/antlr4/GroovyParser$RegexExprAltContext.class
9ae9fda2d7cc4a7302979609fc7bef7b17cbfd3b9332ba8fd41045f4df5eb9b7	build/classes/java/main/org/codehaus/groovy/transform/ASTTransformationCollectorCodeVisitor$1.class
9aeb4ff2653d9d98e0cb1b4be7e33d0417df858ec78d138b4b6cebaa41d72969	subprojects/groovy-console/build/classes/groovy/main/groovy/console/ui/TreeNodeBuildingVisitor$_visitCaseStatement_closure12.class
9afd54a4d7efeebbe84caaf9f1fbc9a2f7c4c9230de45b51b66956220fcf36fa	build/classes/java/main/org/codehaus/groovy/transform/stc/StaticTypeCheckingSupport$ByteArrayStaticTypesHelper.class
9b0b986700d82c67efd43df018b990a5cfe8a15ebb3adf573e5cae9b3f93113d	build/classes/java/main/groovy/lang/MetaClassImpl$7.class
9b1e6dac383056089b7ab31f7510f34955db677fb981d23fea985ef3520a8fe0	subprojects/groovy-console/build/classes/groovy/main/groovy/console/ui/ObjectBrowser$_makeCard_closure3$_closure14$_closure21.class
9b21e87fc27f78047b55c29de3f1877c2a8e81b4988cff99f30e196c3c888115	subprojects/groovy-groovysh/build/classes/groovy/main/org/apache/groovy/groovysh/Main$_main_closure6.class
9b376cb00f95d5194337d308faace1b1ba16ce9565c32abccda83e14f08aceaf	build/classes/java/main/org/codehaus/groovy/classgen/asm/sc/StaticTypesTypeChooser.class
9b3f3d096760c21afbb2e200b71b9e2cb554dea40b5cabd1ba88835cabacb24d	subprojects/groovy-ginq/build/classes/groovy/main/org/apache/groovy/ginq/dsl/GinqAstOptimizer$_transformFromClause_lambda6.class
9b58d16d8e260dde6bd28caeabe5d49cffb8b6f7795d43240b6c811babea6a70	build/classes/java/main/org/apache/groovy/parser/antlr4/GroovyParser$IdentifierContext.class
9b6ffc607a4f5722f9021c0c9c906ae5dd9eba55cf94809e260d578cdf99ee31	build/classes/java/main/groovy/lang/Script.class
9b80df9d75cae1ee54d58ddf86b7611bc15d73fffd92dea1482581c1ddf81acb	build/classes/java/main/org/apache/groovy/util/concurrent/ConcurrentReferenceHashMap$ValueIterator.class
9b8ddf0027f09bfa242fc15b8b8a078f494df1b2918b678c74de977719a11e0f	subprojects/groovy-macro/build/classes/groovy/main/org/codehaus/groovy/macro/matcher/ASTMatcher$_visitCastExpression_closure35.class
9b95bf6a2fb6f8bab38aa0293650907fc40d9c64546215d89736d40bbac244db	subprojects/groovy-console/build/classes/groovy/main/groovy/console/ui/text/SmartDocumentFilter.class
9bacfd56a47252a922fd64f7f2b504b3bc1b868dd0185d7fb8ee6af5dd9e3734	subprojects/groovy-json/build/classes/java/main/groovy/json/DefaultJsonGenerator.class
9bc5db0118a2eeab66d8cb7df76d684d4175680be394a00298f93913789b0a7c	build/classes/java/main/org/codehaus/groovy/ast/expr/FieldExpression.class
9bf1b95131507954160af47106d779e0c8714e6154dee8e43f966bdf65590e7a	subprojects/groovy-docgenerator/build/classes/groovy/main/org/apache/groovy/docgenerator/DocGenerator$DocUtil$_resolveJdkClassName_closure1.class
9bfe234c64628c9f00274f69121f84dae674f0ab8358319291a3a08a2ed09cbd	build/classes/java/main/groovy/util/ObservableList$ChangeType.class
9c0ade5ea283ac36bb878b42ff7189b509d69c773a702fd22ec8eb4c3350c098	subprojects/groovy-macro/build/classes/groovy/main/org/codehaus/groovy/macro/matcher/ASTMatcher$_visitSpreadExpression_closure30.class
9c420ee001f417766453e09f578ffe78bfa2f7014536680339845079d6454dd6	subprojects/groovy-sql/build/classes/java/main/groovy/sql/Sql$30.class
9c46d00108bf834dc50d21427c22a7cb6ce32a405e58a5ad63a6b2be762f42e1	build/classes/java/main/groovy/util/GroovyScriptEngine$ScriptCacheEntry.class
9c5602c323b246a3392159ef61f5e2f95798964beedbac1eabb34a7a102747aa	subprojects/groovy-groovysh/build/classes/groovy/main/org/apache/groovy/groovysh/jline/GroovyEngine$PackageCompleter.class
9c661b91fa371134ee7be55219fc40de20fdd90d8e4253a4e16a3f36310ef250	subprojects/groovy-console/build/classes/groovy/main/groovy/console/ui/Console$_loadScriptFile_closure10$_closure34.class
9c89883063e52f544a5fd5c9bcb73326d0774d78d0df5dfddb455223230d1915	build/classes/java/main/org/codehaus/groovy/runtime/dgmimpl/NumberNumberPlus$FloatLong.class
9c8ebace7fc9d5f05cb0a1c8ead915f4bce2d6d1bd504aede2abf6ee131a7fbc	subprojects/groovy-groovydoc/build/classes/java/main/org/codehaus/groovy/tools/groovydoc/SimpleGroovyRootDoc$ClassNamedCache.class
9ca3d56c3136045279c6ce18c1a41bef5ac06d7fd31f407d4e5cd788b06fd764	build/classes/java/main/org/codehaus/groovy/ast/MethodCallTransformation.class
9cb6228de82edee728682f29927ce2d9f7f350b5816330d7c6564e310c1e60a9	subprojects/groovy-swing/build/classes/groovy/main/groovy/swing/factory/TabbedPaneFactory$_newInstance_closure1.class
9cbbd936037cc98603bfc3536ba7acca7283df885ddfce5847522e812fbed87a	build/classes/java/main/org/codehaus/groovy/runtime/callsite/ConstructorSite$ConstructorSiteNoUnwrap.class
9cc7b9d092a5dcc1061d2c3b569befec2c6386a2d95a10f015f1db034b5ba07a	build/classes/java/main/org/codehaus/groovy/classgen/Verifier$12.class
9cd0818bd563b42c293eed28a65b76e65ec8acae0a3073d51c1fd98d2a54d965	build/classes/java/main/org/codehaus/groovy/reflection/stdclasses/FloatCachedClass.class
9cd1e3f902b75f28d78f607492ea1881cfedb3d1fd66d631e49e9f2aa3b174b8	subprojects/groovy-sql/build/classes/java/main/groovy/sql/ExtractIndexAndSql.class
9cdbff5cd60e8ceeec526c6a34469f458caafc2454a5922f441fdd90c0713aab	subprojects/groovy-xml/build/classes/groovy/main/groovy/xml/StreamingSAXBuilder$_closure2.class
9cf027736882171b9ecb04b54c3ddf1c7b21ffb4712191aef3bcbfc43e192e52	subprojects/groovy-macro/build/classes/groovy/main/org/codehaus/groovy/macro/matcher/ASTMatcher$_visitBinaryExpression_closure16.class
9cf3ec3ac2e5030fca298c235740f8858f884e92ab82735f0a7247e816c23a3c	build/classes/java/main/org/codehaus/groovy/util/Reference.class
9d2afe1061c8e2e0ef54c34905654f4d3fbbbe9917ca777423cf8f4289190bbc	build/classes/groovy/main/groovy/grape/IvyGrabRecord.class
9d4bb0b7f298c10c53be157b10334ed4e972f902a76cbe393d91cd7fac4eda73	subprojects/groovy-console/build/resources/main/groovy/console/ui/icons/cut_red.png
9d5252f95e584a7b8201aed263573a25436fb248bbc25d0b7304191167877b5d	subprojects/groovy-jmx/build/classes/groovy/main/groovy/jmx/builder/JmxBuilder.class
9d5595247033885b8c99f4bcc61a0c516015af3010b70ddd5940c7f2dc578c11	build/classes/java/main/groovy/util/NodeBuilder.class
9d6581cca9c3d402b1874cc8303e62982afa662686f7512502472424aa0605bb	build/classes/java/main/groovy/lang/SpreadMapEvaluatingException.class
9d7f45fa5aaedd4381fcb3a683bcc34d9df9e82a0cd9a71eea4b2fe15bc60ac5	build/classes/java/main/groovy/transform/options/LegacyHashMapPropertyHandler.class
9d92843cab81f119268846d06989b3b12645956331a8a7b57ae21b927a6cc08e	subprojects/groovy-groovydoc/build/classes/java/main/org/codehaus/groovy/tools/groovydoc/SimpleGroovyType.class
9d9cb2fec840e4901bb151513845781d59a774e9250f72a47084e7d4119b8359	build/classes/java/main/groovy/lang/MetaArrayLengthProperty.class
9da84f8eb66f183554d93dd0976b5c0e14482bf9a8b5c6d6f1e0f9a519db1a6a	subprojects/groovy-groovysh/build/resources/main/org/apache/groovy/groovysh/commands/RecordCommand.properties
9da84f8eb66f183554d93dd0976b5c0e14482bf9a8b5c6d6f1e0f9a519db1a6a	subprojects/groovy-groovysh/build/resources/main/org/codehaus/groovy/tools/shell/commands/RecordCommand.properties
9daabf6d50c730f1628b9f2655bf60448272df3e73ca9052a5dc6b708abe24f4	subprojects/groovy-macro/build/classes/groovy/main/org/codehaus/groovy/macro/matcher/ASTMatcher$_visitBinaryExpression_closure16$_closure72.class
9de6362f4b5b7b2861c5ef638d3434f3bdd0d9a29313528fdcd69c44d881a770	build/classes/java/main/org/apache/groovy/parser/antlr4/GroovyParser$AssertStmtAltContext.class
9e0f8d438497b1b96086228b625be0ad255654a3d72431b7d84067b0166e8d7d	build/classes/java/main/org/codehaus/groovy/runtime/metaclass/ClosureMetaClass$1.class
9e29443a29d2291ffa53deecf42cc101f98e1d3f190543e58daf8a9c7fff5e15	subprojects/groovy-groovysh/build/classes/groovy/main/org/apache/groovy/groovysh/jline/GroovyCommands$_methodsCompleter_closure16.class
9e34d04312ec1f53375993dfab20d1e87536454764f9bf5548aa2f42295085a1	subprojects/groovy-sql/build/classes/java/main/groovy/sql/Sql$CreateCallableStatementCommand.class
9e34d3730375bfba62505a88729a70b1711d6fced1e0be89a9337c79a30df1d4	build/classes/java/main/org/codehaus/groovy/classgen/asm/indy/sc/IndyStaticTypesMultiTypeDispatcher.class
9e55f03b443ad198077278e8353393d6434f5df18a31ee81e2458b47182e7643	build/classes/java/main/org/codehaus/groovy/transform/stc/UnionTypeClassNode.class
9e6a368a2c90a4954cedfffc000c28aa7d10e0f057f9d8ab00a8770a76f219f8	subprojects/groovy-swing/build/classes/groovy/main/groovy/swing/factory/ActionFactory.class
9e7861b4b2c3bcbfc38b57ae926494f5e43c990232e4f605ffb1b62fc35d83c2	build/classes/java/main/org/apache/groovy/parser/antlr4/internal/atnmanager/AtnManager.class
9ea10f19c57cdb757fc85a1f369816ccb65e8688909c568717d806027becd577	build/classes/java/main/org/codehaus/groovy/ast/decompiled/TypeSignatureParser$1.class
9eb2acec11bf12758c0fa0bcba4987f70756a50449a797c34fc070628c164929	subprojects/groovy-macro/build/classes/groovy/main/org/codehaus/groovy/macro/matcher/ASTMatcher$_visitMapExpression_closure27$_closure87.class
9eb8655bd24dcc76efb1fa89eb123eb188cec60ec03a3719081c415f64aaca8e	build/classes/java/main/org/apache/groovy/parser/antlr4/GroovyParser$ScriptStatementsContext.class
9ec6da4019f374d56de85efd99d52e79b2b33af4332dbc907a8c5be9e0e1e5c8	build/classes/java/main/org/codehaus/groovy/runtime/dgmimpl/NumberNumberPlus$IntegerFloat.class
9f0249f3ba6232eac20f3a162d8c48466696bf3c0ef8796985dd1e99f36a2144	build/classes/java/main/org/codehaus/groovy/control/customizers/SecureASTCustomizer$SecuringCodeVisitor.class
9f0d968d91844fc93a492f1ab7be16bb70b84e4e77e6c85e825ccf87078b2064	build/classes/java/main/org/codehaus/groovy/ast/AstToTextHelper.class
9f10b7cdb4e4634cf6963c82cefdb759be82c721ee0f520370ba7cefbf95afa7	subprojects/groovy-contracts/build/classes/java/main/org/apache/groovy/contracts/domain/Precondition.class
9f29843e9e3ddfb1eb56702044affe9c1a379831861967de2f18caec6dd5c659	subprojects/groovy-ginq/build/classes/groovy/main/org/apache/groovy/ginq/provider/collection/GinqAstWalker$1.class
9f2b6c4311b5883c2d2333920479e7523b1d6cbe96f2f0d0c9a9cfc5fb835b5a	build/classes/java/main/org/codehaus/groovy/control/customizers/builder/SourceAwareCustomizerFactory.class
9f2f0279fdbcd56699aefa026a77945d3f8b6d6c5f701ee99408614b9784beab	subprojects/groovy-groovysh/build/resources/main/nanorc/js.nanorc
9f404b2c2e66730abdc7523436b55003506d230791dce647c192c0cda149fc3b	subprojects/groovy-console/build/classes/groovy/main/groovy/console/ui/AstNodeToScriptVisitor$_visitMethod_closure14.class
9f4aa2a63110f78895f4bc508d4e420adf081eab6371a5bc1d2b348ff9959825	subprojects/groovy-macro/build/classes/groovy/main/org/codehaus/groovy/macro/matcher/ASTMatcher$_visitWhileLoop_closure46.class
9f5cd150ca3c20bdbbec8177eca5d9bf49dba65ca7088550f65110d8865bece3	subprojects/groovy-macro/build/classes/groovy/main/org/codehaus/groovy/macro/matcher/ASTMatcher$_visitRangeExpression_closure29.class
9f60b2f7b8b90f5df46e541c1ffa1966f92cb90025beba974576f3e245c07dac	build/classes/java/main/org/codehaus/groovy/runtime/dgmimpl/NumberNumberMultiply$FloatLong.class
9f71330ea5de481285a209ca46cdd99a85c4f516880e8f1f12de7ef24c99c089	build/classes/java/main/org/codehaus/groovy/classgen/FinalVariableAnalyzer$StateMap.class
9f7243a8a707a1d1983be3b17c33b85dd5244e03a23b07627d363b684f25eef7	subprojects/groovy-ginq/build/classes/groovy/main/org/apache/groovy/ginq/provider/collection/GinqAstWalker$_callXWithLambda_closure18.class
9f80407205756f70d91d5c6731cccd3bfc5f1bc9cb202b2bc1ce9fe57144e0dd	build/classes/java/main/org/apache/groovy/parser/antlr4/GroovyParser$MethodNameContext.class
9f879ac84090be84775615463822e922b823083dbe48ba64513fa5bfe1f3b400	subprojects/groovy-json/build/classes/java/main/org/apache/groovy/json/internal/JsonParserCharArray.class
9f883b75a9fe7e41c3ea017358b6615957cec414e9ad58ef3ea1b13f45ffd3fd	build/classes/java/main/org/codehaus/groovy/ast/NodeMetaDataHandler.class
9f988a9c69abbc334ea4b9602bd632b45ecab7dc6ea1bd45f42e1e832bef2a58	build/classes/java/main/org/codehaus/groovy/transform/tailrec/CollectRecursiveCalls.class
9fa6347d5f99c5ed99d8bd98028d6c622ecb830c83a2e4ef9566771d2017c785	subprojects/groovy-contracts/build/classes/java/main/org/apache/groovy/contracts/domain/Postcondition.class
9fb0f0c7fb471b0b1429f5b00c5bc9819bfa1e8bc9fbdb807faf6c7264c5bb53	subprojects/groovy-groovysh/build/resources/main/org/apache/groovy/groovysh/commands/EditCommand.properties
9fb0f0c7fb471b0b1429f5b00c5bc9819bfa1e8bc9fbdb807faf6c7264c5bb53	subprojects/groovy-groovysh/build/resources/main/org/codehaus/groovy/tools/shell/commands/EditCommand.properties
9fb242b230d04525b8e592434d83d24da748f2531ca6342f903c6508bdcd3c7b	subprojects/groovy-macro/build/classes/groovy/main/org/codehaus/groovy/macro/matcher/ASTMatcher$_visitConstructorOrMethod_closure9$_closure60$_closure61.class
9fb50e3187e99cbf90fa8086aa499b09069dfb7ddab17c90984f188882284e28	build/classes/java/main/org/apache/groovy/parser/antlr4/ModifierManager.class
9fb727524787646823f8590678efb8a88695ff2bd94828455c02b40767731861	subprojects/groovy-console/build/classes/groovy/main/groovy/console/ui/OutputTransforms.class
9fbb0dfb770db73fc5bec21078690ff68283aee5922202c7cf5a8c6171aa3d72	build/classes/java/main/org/apache/groovy/parser/antlr4/GroovyParser$CompactConstructorDeclarationContext.class
a000493f178b4c0a0ac2b3beab59c6725d56204d43ff207a00f0712380e1bb5b	subprojects/groovy-console/build/classes/groovy/main/groovy/console/ui/ConsoleView.class
a00dae5f36eb32dd4c67e81d5f0aea664cb5405009d65787d67ad9983ec88996	subprojects/groovy-macro/build/classes/groovy/main/org/codehaus/groovy/macro/matcher/ASTMatcher$_visitMapEntryExpression_closure28.class
a01adc9a7d6201e7cfa87268bb894271b3b1fb5e6043b1aadb3490c047967114	build/classes/java/main/org/codehaus/groovy/tools/shell/IO.class
a024c1efeef3ad96fdf67cf17384a668b3a69cf8f9875aecb168b6737972201d	build/classes/java/main/groovy/lang/MetaClassRegistryChangeEventListener.class
a03f6a3c04332c2c212b161a8d67204c1425b8bed46beb6997aec82eb713dbfe	build/classes/java/main/groovy/util/ObservableList$MultiElementAddedEvent.class
a05a91eb632953f21b1997e299014b1185a030fda4e8deecbf4eeb5ddb9bd676	build/classes/java/main/org/codehaus/groovy/classgen/asm/TypeChooser.class
a08ac173eb4a5a025e8e6ed5fa166935dd54d7b255d8ccd87521d4ac7730fcd8	subprojects/groovy-contracts/build/classes/java/main/org/apache/groovy/contracts/annotations/meta/Precondition.class
a0aeace8c9b18fd38e4617fa314178a5448016e633e608b42737fdf6d3b3c536	subprojects/groovy-jmx/build/classes/groovy/main/groovy/jmx/builder/JmxClientConnectorFactory.class
a0b94d42dd97a713c609e7043afd5ba7cfe68d1ccf9378d33c1fb93d655b61a1	build/classes/java/main/groovy/lang/StringWriterIOException.class
a0bcf9e4b0dfd5e29619a166e8d2d2a8c63840ac24ed450dc49271df2404d01c	build/classes/java/main/org/codehaus/groovy/reflection/GeneratedMetaMethod$Proxy.class
a0c6a69ac2c39484d704973c0e08d0fc2638a7da48d462a9e29f1fb8de896a61	build/classes/java/main/org/apache/groovy/parser/antlr4/GroovyParser$UnaryAddExprAltContext.class
a0d31bd35776f56299c9e8eb5e2b546cf48b42bbec607a45f652fb04430d643b	build/classes/java/main/org/codehaus/groovy/transform/tailrec/TailRecursiveASTTransformation$6.class
a0d617c389057a32a968ff5b924baa7c0c9f631972367fce2411881e464961a5	subprojects/groovy-xml/build/classes/java/main/groovy/xml/streamingmarkupsupport/BaseMarkupBuilder$Document$2.class
a0eade99d6077588cc5e875a806d53b0f6b6d272e3532efd99712e82ca508234	build/classes/java/main/org/apache/groovy/util/concurrent/concurrentlinkedhashmap/Weigher.class
a0ef23fe7e08b2f0316f27623b647589b07ffa90a3a1481c94ff369c7e337189	subprojects/groovy-console/build/classes/groovy/main/groovy/console/ui/AstNodeToScriptVisitor$_visitField_closure15.class
a10896c4a8811a30751b86ede6eb6dfdc1677e451b68dd13e92855c8b92a07b7	subprojects/groovy-jmx/build/classes/groovy/main/groovy/jmx/builder/JmxAttributeInfoManager$_getAttributeInfosFromMap_closure1.class
a1173daec82f2d5ed51eaf66f8c013849dbad042a6fb7b3ffa8d59d760596df8	subprojects/groovy-ginq/build/classes/groovy/main/org/apache/groovy/ginq/provider/collection/GinqAstWalker$4.class
a12804b36e4740720825daf81eda3c664d34748501b60482a9b68f345ef35b9c	subprojects/groovy-xml/build/classes/java/main/groovy/xml/slurpersupport/FilteredNodeChildren$1.class
a1364205ccad76c88db124e4b1a3073a4df42138791683f6724a3bb94481894f	build/classes/java/main/org/codehaus/groovy/reflection/ClassLoaderForClassArtifacts.class
a13968a4e98a539f2aeff11f15b99ddcc29563a5e1f091a4ba4716c30fadd25f	build/classes/java/main/org/apache/groovy/util/concurrent/ConcurrentReferenceHashMap$Values.class
a13a72f7c98462ff0c797c6a2b680b80732101499def3af4b99886cc39e48351	build/classes/java/main/org/codehaus/groovy/runtime/callsite/PojoMetaMethodSite$PojoMetaMethodSiteNoUnwrap.class
a14b9ed30a2ac4d2867c82da9fa945e87f1a815edfc3ca48123c73f6f68b1554	build/classes/java/main/groovy/util/ObjectGraphBuilder$DefaultChildPropertySetter.class
a14c0945464761df55d9bed246841309693021100b76ea812d664fbc1873675f	subprojects/groovy-console/build/classes/groovy/main/groovy/console/ui/AstBrowser$_run_closure5$_closure41$_closure46.class
a1583293265685af98bb3d81108245920538583c88bf6eff18a2c53e2711de8b	subprojects/groovy-swing/build/classes/groovy/main/groovy/swing/factory/RootPaneContainerFactory$_handleRootPaneTasks_closure1.class
a166d5d186c18cc22e342b56469f233df3498d33e32b25377609e90b4d3d7c7b	build/classes/java/main/groovy/lang/Tuple.class
a179c548a231711c9c461d9bbe0af2580666b8a52b166c9ba56ded6cfb8f2f57	build/classes/java/main/org/codehaus/groovy/runtime/dgmimpl/arrays/FloatArrayPutAtMetaMethod$MyPojoMetaMethodSite.class
a19108166b82ed7d065dee97303bfa0187ef1d8f994902a9f2e1ffffc8a19eb9	subprojects/groovy-console/build/resources/main/groovy/console/ui/icons/page_white_select.png
a19671528f3100e483146714782df034af0fd93d928ae278f202e582695049f9	build/classes/java/main/org/apache/groovy/parser/antlr4/GroovyParser$LabeledStmtAltContext.class
a1b91167b41b2b08c44435975633dec0dc7226ef8058a2e2ce11adec521f3078	build/classes/java/main/org/apache/groovy/util/concurrent/LazyInitializable.class
a1bdc547592815b810dff52288cdaef9478462f3387541baa582b067b81b9254	build/classes/java/main/org/apache/groovy/parser/antlr4/GroovyParser$MultipleAssignmentExprAltContext.class
a1ec6155b1e6e616698d19405b73985fe4e906ee0546a5103b0acec83eb4e8fb	build/classes/java/main/groovy/lang/ExpandoMetaClass$MixedInAccessor$2$1.class
a1f3650a42edac94fecc8ac46f314a7a8f98f21374ead7f2885fb01c32393f8a	build/classes/groovy/main/org/codehaus/groovy/classgen/genArrayUtil.class
a1ffeee307ff90875f4370ac808fbc38210312a0c51ae7eab8193e3d0afd615c	build/classes/java/main/org/apache/groovy/internal/util/UnicodeConst.class
a2017020addd7380b2660ac4160461a3f4459f5bd7b6197ad9fa821089600f1f	subprojects/groovy-docgenerator/build/resources/main/org/apache/groovy/docgenerator/groovy.ico
a205562d332a866b844b9a7e13e8c503670a3efac86dcf6fc1200f8167ac71c4	subprojects/groovy-console/build/resources/main/groovy/console/ui/icons/page_white_stack.png
a20ad9a6755d7e233d255c1171b0b1fb74820c7475fb3b835a650a5b4fdbdeb2	build/classes/java/main/groovy/transform/AnnotationCollectorMode.class
a20d05566ba49bfd561de68659bd8d8a0ab8a50d234dcf33c5390f39b7870e6c	subprojects/groovy-console/build/classes/groovy/main/groovy/console/ui/text/FindReplaceUtility$ReplaceAction.class
a212c7d58589c961a0d0f1356347af4e8c9330bd7d2c57a5a79a869070a8473b	build/classes/java/main/org/apache/groovy/parser/antlr4/GroovyParser$PathExpressionContext.class
a21370bc9bb9cf8f15a450d7e542e35170332cd059dc198085bc4c22f9a7c392	subprojects/groovy-json/build/classes/java/main/org/apache/groovy/json/internal/JsonStringDecoder.class
a2147469916d04c825b7838cea5bf247e67f64909e56f202264c79aa08ea9492	subprojects/groovy-testng/build/resources/main/META-INF/services/org.apache.groovy.plugin.GroovyRunner
a2399640c1acd3750868b71fdbdd999e98b05ef5063f219bad7febb50867b303	build/classes/java/main/org/codehaus/groovy/runtime/DefaultCachedMethodKey.class
a239b3f333bc5e1be1e436a03f4b5c5f87ce7f704bdf91d0fcc30293b541fec1	subprojects/groovy-macro/build/classes/groovy/main/org/codehaus/groovy/macro/matcher/internal/MatchingConstraintsBuilder$_placeholder_closure1.class
a252edc2b8ce3884c3d2d911226f418fd7fb3ff78c1148847741e6c558fa7945	subprojects/groovy-console/build/classes/groovy/main/groovy/console/ui/AstBrowser.class
a257aaed912f64f9b8f35df103d493b476726bb1067aba05935e563030ce1cf9	subprojects/groovy-contracts/build/classes/java/main/org/apache/groovy/contracts/util/ExpressionUtils.class
a2664c3bf6f4ccbdc1a855832dcdc83828383815ed4ee8d9879701720334dfed	build/classes/java/main/org/apache/groovy/parser/antlr4/GroovyParser$VariableModifierContext.class
a277feccc5131ee701ea7d300314dda92f5c6b8955257184f037b9384c672411	build/classes/java/main/org/apache/groovy/util/concurrent/concurrentlinkedhashmap/ConcurrentLinkedHashMap$Node.class
a27c8885c2035fd97c3472e5da1687a65d2d5ed5240da6aff62f2fdb771988d8	subprojects/groovy-swing/build/classes/groovy/main/groovy/swing/factory/TRFactory.class
a2890ae5191ef8db2390ce7c3f48eceb776dc346fd9b961aa62682ee23332e1a	build/classes/java/main/groovy/transform/stc/ThirdParam.class
a28c168b1a60fdf47dc68cb7b1a4840ced0dc643b1d2355a8cd21eb95077bd32	build/classes/groovy/main/groovy/grape/GrapeIvy$_getDependencies_closure8.class
a2932ab129cacbb1a1364b5ee1e405913e7d2ab4e859d1de2cc30219f2c73ba1	build/classes/java/main/org/codehaus/groovy/ast/tools/BeanUtils.class
a2be8f427d3c751a6c802d1e1d49fd2431e1bf534bf4dd58e2d0fcf66b3b09bf	build/classes/java/main/org/apache/groovy/parser/antlr4/GroovyParser$MapContext.class
a2c08aec6dc871d04578d411640bd92864ed3b37ddec434642c6929305fb83ad	build/classes/java/main/org/codehaus/groovy/control/ResolveVisitor$ConstructedNestedClass.class
a2c1e769d8931c68a919a7df6c131a5fe4c12938776050537c5de55e8e05d244	build/classes/java/main/org/apache/groovy/parser/antlr4/GroovyParser$AndExprAltContext.class
a2dae72b509573de8bf9b24017305c2efc4dafa28942c4a2cc02da107597ec20	build/classes/java/main/org/apache/groovy/parser/antlr4/Antlr4PluginFactory.class
a30842d4784eebc19718cc646c7a29ccf6b45d1bf719997c6d1027578df38b2a	build/classes/java/main/org/codehaus/groovy/transform/tailrec/TailRecursiveASTTransformation.class
a30893d3529fb268d59338aa175c199ef1dea3fdcc07abf67ec1176ae5e45fef	build/classes/java/main/org/apache/groovy/parser/antlr4/GroovyParser$ClassBodyContext.class
a30bb50413a00cae87312fc788caebd5ed5306491aefe980a3f4911b9b2c88ce	build/classes/java/main/org/codehaus/groovy/classgen/asm/VariableSlotLoader.class
a3190cb99b4bf2f4a1667652acf70ac4369fa5b232a2f32ed195372b0de76dcc	subprojects/groovy-ginq/build/classes/groovy/main/org/apache/groovy/ginq/provider/collection/GinqAstWalker$_isExpression_lambda9.class
a32417ae17716cd739c7bdcded1b83d5c316c8780eaf7dcbff526c87be999de0	build/classes/java/main/groovy/lang/MetaClassImpl$8.class
a35fe76cd3afc9cbf9777ae4a9b3a5b05c6bcee7008e41fd651966d3b40565c6	build/classes/java/main/org/codehaus/groovy/runtime/dgmimpl/NumberNumberMultiply$NumberNumber.class
a37c46533a59743a8b7413c6051edf99f648ed078865baf3c3a64aba6b15a954	subprojects/groovy-console/build/classes/groovy/main/groovy/console/ui/ObjectBrowser$_makeCard_closure3$_closure15$_closure74.class
a37df075469b0f61256011525995f90397187c68d0c7add2d6ed00cefb8f2323	build/classes/groovy/main/org/codehaus/groovy/classgen/genMathModification$_run_closure3$_closure7.class
a393a072018abd43610bb5347e2fc775821025dc36474d580e22536c8ffa67d8	subprojects/groovy-console/build/classes/groovy/main/groovy/console/ui/ObjectBrowser$_makeCard_closure3$_closure15$_closure76.class
a3a1058b3829c9c946fd1465b6f1a685dbff3c98b2b31d33b61c91325fbda2d4	build/classes/java/main/groovy/transform/Final.class
a3a2205a4dbb906de50a97a90d8f1b83687e405e75902c26aa423a14cc18d53c	build/classes/java/main/org/codehaus/groovy/util/BooleanArrayIterator.class
a3a762e4786dac1f137bc0385ab11c796ae2e1b31b88c079b02a60fc087db280	build/classes/java/main/org/apache/groovy/parser/antlr4/GroovyParser$AnnotationContext.class
a3abb72ff0432ebf106a7420e1c73f0e76ec6023ba31766347f4c69190a71016	build/classes/java/main/org/codehaus/groovy/runtime/typehandling/BigIntegerMath.class
a3c50cb9e7be79c1535c051f8875f1a43768dbc91390f9c4aabe6af358950e10	build/classes/java/main/org/codehaus/groovy/runtime/dgmimpl/NumberNumberMinus$FloatDouble.class
a3daa0f566925ce74e3792071acca4aec3bfd11977bd9ecafc5b55443167d9ce	subprojects/groovy-groovydoc/build/classes/java/main/org/codehaus/groovy/tools/groovydoc/SimpleGroovyProgramElementDoc.class
a40a12ad574a089f7f52590c902b39c83eba288ad9bf6f30661b7361868e62f8	subprojects/groovy-console/build/classes/groovy/main/groovy/console/ui/TreeNodeBuildingNodeOperation$_collectRecordComponentData_closure4.class
a422436c35320fff6135dfe7f109670e3d8ee88ba0a89c36d0252c3cee15baea	build/classes/groovy/main/org/codehaus/groovy/util/StringUtil.class
a4258e2a1a45c9436e598e57e5a54c7cf1cbd5d5d03328b0758f78ba91f41b34	subprojects/groovy-ginq/build/classes/groovy/main/org/apache/groovy/ginq/dsl/expression/JoinExpression.class
a43328c556f1bd503e3c48e0cf6007216b200af9d0cbc1018a4f7c4988ad98f1	build/classes/groovy/main/org/codehaus/groovy/tools/GrapeMain$Resolve.class
a43a26a6583b6a518b7f02dbd3c7302786c7aa5ac59513704903b381704f14b4	subprojects/groovy-templates/build/classes/groovy/main/groovy/text/GStringTemplateEngine$GStringTemplate.class
a466c744d8fd5a86ada30d567b76d1be7faa82265d5d377a7646f443a8dcdcbe	build/classes/java/main/org/apache/groovy/parser/antlr4/GroovyParser$ArrayInitializerContext.class
a469720444ec8f36d2e39162f0b2f464f3ad2fd90d80adc876c2d6fb377cf89b	build/classes/java/main/org/codehaus/groovy/classgen/AsmClassGenerator$4.class
a46e18e43f9b5c1b478c19acf313c02f8b58a778e60357506d6e5da572e7c604	build/classes/java/main/org/codehaus/groovy/ast/decompiled/MemberSignatureParser$2$2.class
a494e89f27433925b6b129723c5cb3ad4c8b27b3b31bf01a9c8b012b698226a0	build/classes/java/main/org/codehaus/groovy/reflection/GeneratedMetaMethod$DgmMethodRecord.class
a49a28eef25f24beabc98178bc2bda099e78966f180d61aafc85461d845cf95e	subprojects/groovy-xml/build/classes/java/main/groovy/xml/SAXBuilder.class
a4b132b04dfe6314cdd2109066035fe56a2b57ad050b57f7ae758666de4e139e	subprojects/groovy-swing/build/classes/groovy/main/groovy/swing/binding/JTableMetaMethods$_enhanceMetaClass_closure2.class
a4b349c294cfc5098b80e0df9fd7b6ce7d440d3d722493cbf3b47a1db4b20934	subprojects/groovy-console/build/classes/groovy/main/groovy/console/ui/Console$_reportException_closure13.class
a4cc54c2dee65dba61c0d189a2a7bdfe46af61a4eea1c99093b82c048744150f	build/resources/main/groovy/grape/defaultGrapeConfig.xml
a4ef3f8293c6653737c145b9aae79c36f8d3ac31bb8601ddee8bc2e2899ac306	subprojects/groovy-groovydoc/build/classes/java/main/org/codehaus/groovy/tools/groovydoc/SimpleGroovyParameter.class
a4f470c6c86946990bcc3adb7a3816a02beed288492b18e038b9ec9c017bbbcd	build/classes/java/main/groovy/lang/NamedValue.class
a501dd404ae243b3ff60b0066d4d355578fd976bf69361b0901f58d2a3087f3a	build/classes/java/main/org/codehaus/groovy/runtime/callsite/CallSiteGenerator.class
a5028a191919b4bed2471a7b2f31f96ac1a3c38889474fe81ca11eba40277bd8	build/classes/java/main/groovy/beans/DefaultPropertyAccessor.class
a50666ff88c8c093053771921d2d5e976ede16bf8dd998a17f0cff2724a48bc8	subprojects/groovy-macro/build/classes/groovy/main/org/codehaus/groovy/macro/matcher/ASTMatcher$_visitConstructorOrMethod_closure9$_closure60.class
a507974190471c7891367b6ed10596592680c856dd0b5bb2732434748c9b344a	subprojects/groovy-xml/build/classes/java/main/groovy/xml/slurpersupport/NodeIterator.class
a5111e052d855e11c957096ccf17557938c189dd5bbbd03c4f694a5c39a7338f	subprojects/groovy-sql/build/classes/java/main/groovy/sql/BatchingPreparedStatementWrapper.class
a5119bd2fce4bc33a40da3bcd11145e28a7d3997a297588901503883c1ee44f0	subprojects/groovy-macro/build/classes/groovy/main/org/codehaus/groovy/macro/matcher/ASTMatcher$_visitNotExpression_closure21$_closure81.class
a52a6507aefebaef036d5f644f7cfe70f7037ea48c556e938abe3d1bc7c2c6dd	build/classes/java/main/org/codehaus/groovy/runtime/dgmimpl/arrays/ShortArrayPutAtMetaMethod.class
a54a64b2cc532e1dbbfe98a3b134acef42813d1a90f8cb186507d0ae83584323	build/classes/java/main/org/codehaus/groovy/control/io/ReaderSource.class
a56c305f0b626a4fffea299d8a33a073c77e7707eb50d3cb6b96833df9fb0fdd	subprojects/groovy-swing/build/classes/java/main/org/apache/groovy/swing/extensions/SwingExtensions$3.class
a5760bdb5bc0be8f02cc021102d1d44db722e7bac96962044403f2b387c50969	build/classes/java/main/org/apache/groovy/parser/antlr4/GroovyParser$BuiltInTypeContext.class
a57ce7c4f309106015c12e3d6789622807dc59d3d14e6fd61e35af3c92d92a33	build/classes/java/main/org/codehaus/groovy/classgen/Verifier$3.class
a58ff09f967e159c3dc322d43598c693624ff3598ba4cffe2f6f9b034ed414cb	build/classes/java/main/org/codehaus/groovy/ast/tools/GeneralUtils.class
a599fc9303e35a310f7618f730b2ceca9427e826d18142659349becb0ebf5684	subprojects/groovy-console/build/classes/groovy/main/groovy/console/ui/AstBrowser$_run_closure3.class
a5b16f872b38aea580a7b97c18b819b2336f6d2ab9fab35dc0f431e984eeb74e	build/classes/java/main/org/codehaus/groovy/runtime/callsite/ConstructorMetaMethodSite.class
a5c91104df76565111bae559b2b5147f51f7011d6a140038281bf4f01d495762	subprojects/groovy-ginq/build/classes/groovy/main/org/apache/groovy/ginq/provider/collection/GinqAstWalker$_getAliasExpressionList_closure10.class
a5ccd35ea032d8f2a8f35a5140a1db2b634becdeb83a28b94118cdef45c17cfa	subprojects/groovy-sql/build/classes/java/main/groovy/sql/Sql$36.class
a5d7f9d97cae1393650e4b64df1d32852a72826c4251fc7fa7ea39929b47dba3	build/classes/java/main/org/apache/groovy/util/concurrent/ConcurrentReferenceHashMap$WriteThroughEntry.class
a5e644b0269de32cf6dea86a9965c1b128a947a48d333e261ab1a34ac7957647	build/classes/java/main/org/codehaus/groovy/runtime/dgmimpl/NumberNumberMultiply$DoubleInteger.class
a5f8adecabc491e223089e026ca17ad963ca9d05ef73a15ed73a74ae8fa83fc7	subprojects/groovy-macro/build/classes/groovy/main/org/codehaus/groovy/macro/matcher/ASTMatcher$_visitGStringExpression_closure41.class
a5f9bebf136e5f3054ecd24616e7ccd704270d3be1c016dcf3e01a3d739682f7	build/classes/java/main/org/apache/groovy/parser/antlr4/GroovyParser$VariableModifiersOptContext.class
a6393fa9f78d69c5dbe0e6903e0ace244d124e2b1f35ce964ee3704de9f16479	build/classes/java/main/org/apache/groovy/parser/antlr4/GroovyParser$TypeArgumentsContext.class
a63c3d89fce26d9c210177dd1462fb31754c752eb3fd0d285d1683fdd26b27d2	build/classes/java/main/org/codehaus/groovy/runtime/metaclass/MixinInstanceMetaMethod.class
a63c9388039ade986b082f79627725993698573319a3515a64621b877eb27983	build/classes/java/main/groovy/lang/MetaClassImpl$MethodIndexAction.class
a69ae75b09f40b4f1a08b886c07c7945e28a3b0c93c27aa9b29d61bca80fa13c	subprojects/groovy-jmx/build/classes/groovy/main/groovy/jmx/builder/JmxMetaMapBuilder$_buildParameterMapFrom_closure10.class
a6abc1c0757946587306ad030315f98094213c3c0619d7ec5f38ac8400e33005	build/classes/java/main/org/codehaus/groovy/classgen/BytecodeSequence.class
a6b775befa25a1eeb26551dc1c0b8b8ef6102984bb4240b745e047d8b6561fc5	build/classes/java/main/org/codehaus/groovy/runtime/callsite/CallSite.class
a6b7fe37ce30cca0dab88932e6527a6a5ca024367788434863e582046b68c865	subprojects/groovy-templates/build/classes/groovy/main/groovy/text/XmlTemplateEngine$XmlTemplate.class
a6de183b2bf8d29f4979b9e0150f491267545d0bd8b9c8e7b9ff86aeba272142	build/classes/java/main/org/codehaus/groovy/runtime/wrappers/LongWrapper.class
a70f9ab25d78e7814befdaf042dd0a7fa380d68a5016d91695e1a680bd5dca12	build/classes/java/main/groovy/util/CharsetToolkit.class
a72034b4c07dbc336da9ecb24ba2fe1f85205cb22fba92aff2587e1fbf9c6b36	build/classes/java/main/org/codehaus/groovy/transform/stc/StaticTypeCheckingVisitor$VariableExpressionTypeMemoizer.class
a723a056404182bb65d47206dba57aefedc38998d78cc9097dde030b82d70bd8	subprojects/groovy-console/build/classes/groovy/main/groovy/console/ui/ObjectBrowser$_run_closure2$_closure5$_closure7.class
a732e30727041ade75ebe84eb261f36de13b4f334e0a1723ad7e7f145d7cd5f5	subprojects/groovy-swing/build/classes/groovy/main/groovy/swing/LookAndFeelHelper$_lookAndFeel_closure7.class
a747a233e180fa628ad7c93f8a0cc60d3f2e8a5c197df054d97df7cf7c656a94	build/classes/java/main/org/codehaus/groovy/runtime/DefaultGroovyMethods$ChopIterator.class
a76b2553c4178b4b084bb7c49b206e515337979a6d6cc826809fa41108e13f46	subprojects/groovy-macro/build/classes/groovy/main/org/codehaus/groovy/macro/matcher/ASTMatcher$_visitClassExpression_closure37.class
a77431ce8573652a345f91ad13ce0e258649fcd08da80ae1fc11c9d99b23f6ea	build/classes/java/main/groovy/util/ProxyGenerator$CacheKey.class
a7826aa6973d1c6b83d283527eb92e1e61459b7d62ed6fec43c2c3a930e9903e	build/classes/java/main/org/codehaus/groovy/runtime/dgmimpl/NumberNumberMultiply$FloatInteger.class
a786453f471c2cff1b5367dd354bd31ce876e58530841771f0ae5ef636d4f8e8	build/classes/groovy/main/org/codehaus/groovy/transform/ThreadInterruptibleASTTransformation.class
a79bf49d59a07f3245a2070675d80054c5858d7754a963b86db503cfa84d94f2	build/classes/java/main/org/codehaus/groovy/runtime/metaclass/ClosureMetaClass.class
a7c614fd58f3e715a624ce76a1bf728db59a1ba4da3019ae1a57a0dad96cdf6c	subprojects/groovy-ant/build/resources/main/groovy/ant/antlib.xml
a7c614fd58f3e715a624ce76a1bf728db59a1ba4da3019ae1a57a0dad96cdf6c	subprojects/groovy-ant/build/resources/main/org/codehaus/groovy/antlib.xml
a7d34753ee9c4df2c3274a5c4232034cfc5f95f4dcbf3e2df8362029af0501e4	build/classes/java/main/org/codehaus/groovy/vmplugin/v8/MethodHandleWrapper.class
a7dd0ab36afbdf2fae58c0bcdfc98222a8f0cc671fc93691220309349f92239f	subprojects/groovy-console/build/classes/groovy/main/groovy/console/ui/text/FindReplaceUtility$CloseAction.class
a8343d2a47723557f7dabc6b9870e757048563311bb073e4f8b289a37fcd1f2a	subprojects/groovy-console/build/classes/groovy/main/groovy/console/ui/ObjectBrowser$_makeCard_closure3$_closure14$_closure20.class
a84615f3d7a6649381f8ce26b9e1917e3c042d442dbb39ee5fab0b763a9db8cf	subprojects/groovy-console/build/resources/main/groovy/console/ui/icons/bullet_green.png
a84fca048eadee6992383f0fd905925a6abf4801d1af2fad17d5119e18b3276d	build/classes/java/main/groovy/ui/GroovyMain$VersionProvider.class
a86d28a362722ef8efa57cfaa892e543cba30722929254facbd03d1e07d30745	subprojects/groovy-console/build/classes/groovy/main/groovy/console/TextTreeNodeMaker.class
a87df997649cad50a56e171081ac02065c7229806de7449d7a96165c57485515	subprojects/groovy-templates/build/classes/groovy/main/groovy/text/markup/MarkupBuilderCodeTransformer.class
a87e8c2187fbb45163d60642fae802fdb5570ce04cb084bcff1f1f014e6f5ca0	subprojects/groovy-console/build/classes/groovy/main/groovy/console/ui/AstBrowser$_run_closure4$_closure10$_closure13$_closure21.class
a898dfd11e7358c46ebb3f017c0b4a9d87ef0773583b40c3ee509a107086c226	build/classes/java/main/org/codehaus/groovy/util/CharSequenceReader.class
a8a4efeb0689779a6f8c6fe00cf700f729670b7a23ba397b804d2fb007230ea8	subprojects/groovy-console/build/classes/groovy/main/groovy/console/ui/Console$_inspectAst_closure14.class
a8ac9527e2f39db252cb4153178707492aa4e2713e316270d7efbe13da838d74	build/classes/java/main/org/apache/groovy/util/concurrent/ConcurrentReferenceHashMap$ReferenceType.class
a8bfa7b6759b033e907b2d40e286526f2cc0677acc72b16ddab8dc74b44e3c21	subprojects/groovy-swing/build/classes/java/main/org/apache/groovy/swing/binding/PropertyPathFullBinding.class
a8c11c5755a4281e8c19d4b243106c71d0790bccf8ff1381cdfa564ddcd97b8d	build/classes/java/main/groovy/lang/MetaClassImpl$10.class
a8c39c6a9db0386a194e6a05e080d1c70c7375c4e2318b7fc366ee98631a2b6b	subprojects/groovy-cli-commons/build/classes/groovy/main/groovy/cli/commons/CliBuilder.class
a90749aeca49d63704b3561e969c91328a3924dddf40b73b8e78ff7a5a33695a	build/classes/java/main/org/apache/groovy/parser/antlr4/GroovyParser$TypeParametersContext.class
a914f79291b58d88e53365cc057f2798490d2435ff17315a0da43fd19dc6c958	build/classes/java/main/org/apache/groovy/parser/antlr4/Antlr4ParserPlugin.class
a91573025d7249748a71e762aee660c4397885f83975556182369981639170b1	build/classes/java/main/org/codehaus/groovy/runtime/m12n/ExtensionModuleScanner$ExtensionModuleListener.class
a93fcffd1780a76fb27390288da0d2c8fed92ae079a6036a31e49eb92ae40a00	build/classes/java/main/groovy/lang/MapWithDefault.class
a9494a6b37d28ea92b45687879871d27785affea2880aacc578871f0095daea6	build/classes/java/main/org/codehaus/groovy/runtime/dgmimpl/NumberNumberMultiply$IntegerDouble.class
a94d25dc570c109c2a38b5a7c06f6bf3f9498fa4f880737e7dddc59d49cd7638	subprojects/groovy-console/build/classes/groovy/main/groovy/console/ui/AstBrowser$_run_closure4$_closure10$_closure13.class
a9552a786ae21461a77c890db21c77f30a3df2c4e2985c8f3c826efe3b5ae11d	build/classes/java/main/org/codehaus/groovy/runtime/dgmimpl/NumberNumberMinus$IntegerFloat.class
a9626ed61ce0232143397828872ad853250394d7b8507bdd63b7332b85067a10	subprojects/groovy-groovydoc/build/classes/java/main/org/codehaus/groovy/tools/groovydoc/SimpleGroovyMethodDoc.class
a97663f32df7bdca7a1a886be9788d71c8c27ea187969a3799f11e31bac77f51	build/classes/java/main/org/codehaus/groovy/transform/AutoCloneASTTransformation$1.class
a9773e7818099acd84f60693b3222e7fd154be450225c6421eb1d48223313f61	subprojects/groovy-console/build/resources/main/groovy/console/ui/icons/page_paste.png
a981f97d2fcc65ebf3d7621e7a58a57e491d316ea498b3c5c5d8cef3a55537ec	build/classes/java/main/org/codehaus/groovy/ast/decompiled/MemberSignatureParser$1.class
a98365117e706227914db6cb4fb2ac2257a95bf49d96ef97231fe8814de46973	build/classes/java/main/org/apache/groovy/util/concurrent/concurrentlinkedhashmap/ConcurrentLinkedHashMap$DrainStatus$1.class
a9844049b8be9d4e6052e5eb06d4a70526d0b26f014fe2c1715fb6391109773e	build/classes/java/main/org/codehaus/groovy/runtime/dgmimpl/arrays/ShortArrayPutAtMetaMethod$MyPojoMetaMethodSite.class
a98a87c80e4aacafab48a9584004aa8e25669ad9e74be7665e7c4f7e11f18b09	build/classes/java/main/org/codehaus/groovy/GroovyExceptionInterface.class
a99ae396ddd8b6e54e53a31138c033e21a0f41ffc1a562de1832a97e721edb71	build/classes/java/main/org/codehaus/groovy/control/ResolveVisitor.class
a9ceda93e95ffce4ca1230f6be502cc0ebc555c0bfee4ceeaae311207488d7a2	build/classes/java/main/org/codehaus/groovy/runtime/ArrayGroovyMethods.class
a9d4df7f1bd015e6232136a9566a891617410793cc04315e0f9118e975806b4a	subprojects/groovy-test-junit5/build/classes/java/main/groovy/junit5/plugin/JUnit5Runner.class
a9da611dd61d20e246cd6c350bc696691ee9db7effce9f49684810f9269cc464	build/classes/java/main/org/codehaus/groovy/runtime/metaclass/MetaMethodIndex$Cache.class
a9da797e0b3c69e4df477ebaea930f8f7908759473f5c812cba7c55df711525a	build/classes/java/main/org/codehaus/groovy/ast/expr/UnaryMinusExpression.class
a9e1ecd286aa81dcf03bf88fc1427fd0c2917fb6db169ca5cf1635091d9a89a0	subprojects/groovy-test/build/classes/java/main/groovy/test/GroovyTestSuite.class
aa01f16c8fc8a7b5cd862a9f419813d2564ed41accd21c43dec86d46d2dcdb7a	subprojects/groovy-contracts/build/classes/java/main/org/apache/groovy/contracts/ClassInvariantViolation.class
aa036e50529aa1144444dcc1c9ac61da75c6e0653be3df3ee561218d2eb70218	build/classes/java/main/groovy/lang/Tuple7.class
aa16e748557f2a56856fd42c8e667f8be15f642b0a3fb61c15ac19641e9b4ecf	subprojects/groovy-xml/build/classes/groovy/main/groovy/xml/streamingmarkupsupport/AbstractStreamingBuilder.class
aa4ca0030ffc2cd59e065205006159ca0e4e3a41c5f43d06f76d417d4fcb73d9	build/classes/java/main/org/codehaus/groovy/runtime/GroovyCategorySupport$ThreadCategoryInfo.class
aa4ccb03dce3ef558aeffcb0f01f9c680ad7783e03f3f03b9da7a711db9fcbe3	build/classes/java/main/groovy/lang/MissingPropertyException.class
aa6d92c5d9e413b477a968192fa233e423e95244f124153c886fb5116b2cb3aa	subprojects/groovy-console/build/classes/groovy/main/groovy/console/ui/view/MacOSXMenuBar$_run_closure1$_closure4.class
aa7178d87fcc827ac21df782058dbbb382cd1e8a971c93f24eccbac2eaa4740f	build/classes/java/main/org/codehaus/groovy/runtime/Reflector.class
aa9aa4caa5197776fec5588499a951039f9eb0e886e9c6380fe4a404b1dbabaf	subprojects/groovy-groovydoc/build/resources/main/org/codehaus/groovy/tools/groovydoc/gstringTemplates/packageLevel/package-summary.html
aab6e9baec177ce7b203ed77ef2222bb2431ca03bd4d6320f7cc1e0d854906b8	subprojects/groovy-console/build/classes/groovy/main/groovy/console/ui/view/BasicToolBar.class
aac85290d47358f7ab59188a075157f9fa437cc2e1d36db8a78d82c1054b3884	subprojects/groovy-swing/build/resources/main/META-INF/groovy/org.codehaus.groovy.runtime.ExtensionModule
aae230843c386632fad969e53ae349edc2b28e9e692143aedcb644f6d1398bf6	subprojects/groovy-macro/build/classes/groovy/main/org/codehaus/groovy/macro/matcher/ASTMatcher$_visitAttributeExpression_closure40$_closure102.class
ab3901657d17e4571a2fcbc237d44cab13c0a4adcbaff39bb0ecbb8e42632e32	subprojects/groovy-xml/build/classes/java/main/groovy/xml/XmlNodePrinter$NamespaceContext.class
ab4373cc31c1ba62f1dce46d2aff5823bf536ed9323336fecc2d158a7cb4d6f0	build/classes/java/main/org/codehaus/groovy/control/io/NullWriter.class
ab5acc3f1c72ee63a6c73a8162734ff8cadd5a3ed15411bb19783fce6795767c	build/classes/java/main/org/codehaus/groovy/ast/tools/GenericsUtils$1.class
ab68d0db9b7147ea1827a3e11209c36d3134f03bd0cf4a520685a60c0cc680ba	build/classes/java/main/org/apache/groovy/parser/antlr4/internal/atnmanager/LexerAtnManager.class
ab73cbc187e1d6892cf7ba5b889016856311dcff5fc6501d42119891658f3eb2	build/classes/java/main/org/apache/groovy/parser/antlr4/SemanticPredicates.class
ab771115e78c1fe839d7d10e6f53eae7d13a78d6cad53dd912512d3d9dfcd4bc	build/classes/java/main/org/codehaus/groovy/classgen/asm/sc/StaticTypesWriterControllerFactoryImpl.class
ab86c3fe93ed355fe3f1e9f95b728d80ef387d998e9835fb92b450abca88e869	build/classes/groovy/main/org/codehaus/groovy/tools/GrapeMain$ListCommand.class
ab8b736c20b1310a344d5a428cb142d16a980fe872e9038c3eaf8a12255bafe7	subprojects/groovy-templates/build/classes/groovy/main/groovy/text/XmlTemplateEngine$XmlWritable.class
ab8c8d8104f1d67435bbc0b9db06fad712da2d6b7afe018ff7a7e9c0ad4dad69	subprojects/groovy-swing/build/classes/groovy/main/groovy/swing/factory/MapFactory.class
ab91b9e167925632b5619d61c52128c6622613ffa0da73556f0352ee1346cac0	subprojects/groovy-ginq/build/classes/groovy/main/org/apache/groovy/ginq/dsl/expression/ProcessExpression.class
abc9517fd290e3365552b4c382225459b442ab34e14b9927e73693ceb9b15e17	subprojects/groovy-console/build/classes/groovy/main/groovy/console/ui/ConsoleIvyPlugin$_addListener_closure1$_closure3.class
abdb121976308838bb57703d6aeea0c9a578e2436cf1e516a7b8034fa349a5dc	build/classes/java/main/org/codehaus/groovy/reflection/stdclasses/BigIntegerCachedClass.class
abe45ed3ae38d9cf1d839909dd0685cad9d240be49b80b80a92df65affe58a7f	subprojects/groovy-xml/build/classes/java/main/groovy/xml/streamingmarkupsupport/Builder.class
abfb7c4050d5ec39b34062bef70e665d0ebfb71fdfebefbba98ca18998e76c70	build/classes/java/main/groovy/util/ObservableMap$PropertyRemovedEvent.class
ac23f3da1760a559b3aa8524cd04be9041acb4c68bc82f943f667ae88804937a	subprojects/groovy-swing/build/classes/groovy/main/groovy/swing/binding/JComponentProperties.class
ac2d8d93afbf38d44a6ab5c146f5095f6c2b611bf9114f36d7064b9bf2bb5b4f	build/classes/java/main/org/codehaus/groovy/control/XStreamUtils.class
ac34f55f692efff92ba27b88b5c50bd6e98a3a558c106b9173af926e0064274f	build/classes/java/main/org/apache/groovy/util/concurrent/ConcurrentReferenceHashMap$KeyIterator.class
ac3fe77bec8d2ed15e5d345b93f0f32316fff62d7348527d82e94080da810330	build/classes/java/main/org/apache/groovy/util/concurrent/concurrentlinkedhashmap/ConcurrentLinkedHashMap$Values.class
ac46cd3b600a08314a2acd27e901bd7923611a90892e4483cfde5e45d3e6caeb	subprojects/groovy-groovydoc/build/resources/main/org/codehaus/groovy/tools/groovydoc/gstringTemplates/topLevel/rootDocStructuredData.xml
ac592c8fe0110de9f0f76b51ef6473f029bd83866397deb83fa4973360d5a971	build/classes/java/main/groovy/transform/CompilationUnitAware.class
ac5b2810945ef11d1a0c45a8ea20d2b7ff78901c8497f449ea330d6b21140d16	build/classes/java/main/groovy/util/ObservableSet$MultiElementAddedEvent.class
ac81c1a92300e8aff6ca8451cc87c1dc69058a7375fff4016c45e03ce22ca5e0	build/classes/java/main/org/codehaus/groovy/runtime/typehandling/GroovyCastException.class
ac893b9cd20b7e4e20afb462cf5d895992c52256830903a695a5bbd2284c07f5	build/classes/java/main/org/codehaus/groovy/runtime/callsite/DummyCallSite.class
ac9857635c105fa38b3e3500bd30577ce2c2ea52249a870e43fa0607c31850ce	build/classes/java/main/org/codehaus/groovy/runtime/StringGroovyMethods$GroupList.class
aca4bd3adb1c9e9ae0aa113a62a97e1e6824e5816458561998317314e9ac409c	build/classes/java/main/org/codehaus/groovy/runtime/dgmimpl/NumberNumberDiv.class
acc81ae476abefad4e81a10d04d18272850e02e0ea2dc60fe492c437a294a0ac	subprojects/groovy-macro/build/classes/groovy/main/org/codehaus/groovy/macro/matcher/ASTMatcher$_visitMapEntryExpression_closure28$_closure89.class
acd2d831bcdb845179616c8dccfaa8bad099622393d7ecfa4d8fe42778e9ad9d	build/classes/java/main/org/apache/groovy/util/concurrent/concurrentlinkedhashmap/ConcurrentLinkedHashMap$WriteThroughEntry.class
acdf8853ffdeea73e071288d292c87f37d897611b393c06773c1c9c1eaadeefb	build/classes/java/main/org/codehaus/groovy/control/customizers/ImportCustomizer$Import.class
ace15c859f40c9ddb518a07206d63fb0a628519ce9228fc309602eb2553d1dc4	build/classes/java/main/org/apache/groovy/util/concurrent/concurrentlinkedhashmap/LinkedDeque$2.class
ace8ed3e6873ff3e742c3abcee42bc48075c026c7dfffc67ad58d9e1581ba2d3	subprojects/groovy-groovysh/build/resources/main/org/apache/groovy/groovysh/commands/SaveCommand.properties
ace8ed3e6873ff3e742c3abcee42bc48075c026c7dfffc67ad58d9e1581ba2d3	subprojects/groovy-groovysh/build/resources/main/org/codehaus/groovy/tools/shell/commands/SaveCommand.properties
aced1318c9772a45fdf9d6099642187a379f2a1f923ba233670607492ad6895a	subprojects/groovy-groovydoc/build/classes/groovy/main/org/codehaus/groovy/tools/groovydoc/Main$_main_closure2.class
ad045988eb7640ae84280d1dac2fffa360e86e93f91f1e2ad4d767f71e1f3b27	subprojects/groovy-jmx/build/classes/java/main/groovy/jmx/builder/JmxBuilderModelMBean$AttributeChangedListener.class
ad4b07dad2d15ffc157c5ad5faef58631def1f27672c37c6a818465548c04e19	subprojects/groovy-sql/build/classes/java/main/groovy/sql/GroovyResultSetProxy.class
ad4e1e471ef61fd2e9e689a21370d20d436f0a9542d6cd81804fcd99b395739a	build/classes/java/main/org/apache/groovy/parser/antlr4/AstBuilder$PropertyExpander.class
ad558672a7bee98088f3c96c9efb4531779584799be0d18f6c9ca3f2387d5fe9	build/classes/java/main/org/codehaus/groovy/ast/expr/EmptyExpression.class
ad59433b888cc41cc931bc3538e543ff4e93252d0334164b62cc9e27b5a6207a	build/classes/java/main/org/codehaus/groovy/classgen/asm/ClosureWriter$CorrectAccessedVariableVisitor.class
ad5d4f1f9bcc8894b2775d6a8c652f6710a7420372a67fa14970e008a3b38f8f	subprojects/groovy-console/build/classes/groovy/main/groovy/console/ui/Console$_notifySystemOut_closure15.class
ad8e44f27e94e8c6f785e2547c5fc86b92a538d18e056d2f4ffef37289e554d7	build/classes/java/main/org/apache/groovy/util/concurrent/ConcurrentReferenceHashMap.class
ad91f014eb6dbab64b4be48d03628299fbe5f6f7eae5267cec059174aa0098a6	subprojects/groovy-macro/build/classes/groovy/main/org/codehaus/groovy/macro/matcher/ASTMatcher$_visitMethodPointerExpression_closure31$_closure94.class
adcc8cd31281871931e41f753a27bcbd246c946ebf8f8ef59e7097dd69ebe9ab	build/classes/groovy/main/groovy/beans/ListenerListASTTransformation$_visit_closure1.class
adce2aee88f36c8a16a25394b92eb2ac2cd41294e608074e191edcde1d6c1083	subprojects/groovy-docgenerator/build/classes/groovy/main/org/apache/groovy/docgenerator/DocGenerator$DocSource$_getAllDocTypes_closure5.class
ae00ff38ca39b6d4f03b686987196763db42e81ba71b8b9b3fc9c21f8828f289	subprojects/groovy-console/build/classes/groovy/main/groovy/console/ui/TreeNodeBuildingVisitor$_visitArrayExpression_closure32.class
ae06e4511416c41d9d3fd7c85c0299674e5cbcf9f8e1a99f869ad1252fd078ca	build/classes/java/main/org/apache/groovy/util/concurrent/ConcurrentReferenceHashMap$Segment.class
ae10e65d88753f8bcd210b3bcd1d055f1154515e2edf8441678f8cdb99e07d93	subprojects/groovy-docgenerator/build/classes/groovy/main/org/apache/groovy/docgenerator/DocGenerator$_main_closure17.class
ae2931db35a08ed8d9bb1ca506ba8f4900399fd46bde749419dc78ae61d0c193	build/classes/java/main/groovy/lang/groovydoc/GroovydocTag.class
ae310ae5e3b937eca0d2d8d9d86cb083702e74ddb90304139459abaf0265cf8b	subprojects/groovy-docgenerator/build/classes/groovy/main/org/apache/groovy/docgenerator/DocGenerator$DocSource$_populateInheritedMethods_closure4.class
ae3a2bbf76f26d39316c964bca872cdeaac739dc776140290df8f74c53b0fa7f	subprojects/groovy-console/build/classes/groovy/main/groovy/console/ui/TreeNodeBuildingVisitor$_visitBreakStatement_closure13.class
ae402e4c4bebe1fd73c913711905b30692b0cd51d1ee279432087239d9e21216	build/classes/java/main/org/codehaus/groovy/util/ArrayIterator.class
ae45f2d68976c7735d233698f91db5eac9c826e6b8266433642f144c923fca41	build/classes/groovy/main/org/codehaus/groovy/ast/builder/AstSpecificationCompiler$_innerClass_closure23.class
ae5dad69ea661ed73a75e2785c5e83b43bc262a621703f8cce93ddb73281a424	subprojects/groovy-swing/build/classes/groovy/main/groovy/swing/factory/CollectionFactory.class
ae89a892bbf70f205aeca8e02b5f62ad0f53eaef2c4673e35dd22bd1d4cc726e	build/classes/java/main/org/apache/groovy/parser/antlr4/GroovyParser$DynamicMemberNameContext.class
aea1f71537ca8dcc670a7e0f638691c2f2a06887284a3c08871e2a4c8a987709	build/classes/java/main/org/codehaus/groovy/transform/stc/SecondPassExpression.class
aeca544ae8d1a130782c5dc81132f953e585011d44d4aad160323c3863a3dfe0	subprojects/groovy-console/build/classes/groovy/main/groovy/console/ui/AstBrowser$_run_closure4$_closure10$_closure12.class
aed754a066ef273d6449338ceae37c1037d9afec5265fda531edbf194cb16ce0	build/classes/java/main/groovy/transform/stc/ClosureSignatureHint.class
aede9929fe03aa5ed2c55a09fe01762da87bbb75f2e32e58a7a0549b720c67fb	build/classes/java/main/org/codehaus/groovy/ast/ModuleNode.class
af035aabc88712173505f3ad554095e1adc48e985d692e32fb2bf4042e72b5df	subprojects/groovy-groovysh/build/classes/groovy/main/org/apache/groovy/groovysh/jline/GroovyPosixCommands$1PathEntry.class
af07753e166c2dfce5237a6227d4d1ec39b11baff4368131fa4d17eeb0baf128	build/classes/java/main/groovy/util/ConfigObject.class
af33e23f59b6ffb545e5666093c8d092a5b2fb46f2e3d6a7fdd44c0064051c02	build/classes/java/main/org/codehaus/groovy/transform/stc/GroovyTypeCheckingExtensionSupport$TypeCheckingDSL.class
af9fdda47cae51695aeb86d4e8a2fb6673407bfee7b2a8d58ba44d7198c1487d	subprojects/groovy-macro/build/classes/groovy/main/org/codehaus/groovy/macro/matcher/ASTMatcher$_visitImports_closure5$_closure56.class
afb498fc2c91a8e2c2125c0b8df4f650f4a73e85ebaa073033b02ce0f929a0cf	build/classes/java/main/groovy/lang/ExpandoMetaClass$ExpandoMetaConstructor.class
afb5148e88c87b11f2d3b7c5517be382229244ebc4cf07b55428926004b54c22	subprojects/groovy-docgenerator/build/classes/groovy/main/org/apache/groovy/docgenerator/DocGenerator$_generateAll_closure12.class
afd851f579fb92558b5e542dd7963352f97cfadce6ed1f7275b624980193c775	build/classes/java/main/org/codehaus/groovy/classgen/asm/sc/StaticPropertyAccessHelper$PoppingMethodCallExpression.class
afed807970f03bde655185dc4d88d9843ee7d094f2aeb51c3034df5d1045400e	build/classes/groovy/main/groovy/grape/GrapeIvy$_createGrabRecord_closure3.class
b0282cf263dbbbbbf7ac98667fad0d5bf551fb5fc78d39a2f5b4615889e8f04d	build/classes/java/main/org/codehaus/groovy/classgen/BytecodeExpression$1.class
b02ef88365ce092bb40d85a02be282040e0c1ffb21991c5bb5e13880ef0b1e24	subprojects/groovy-macro/build/classes/groovy/main/org/codehaus/groovy/macro/matcher/ASTMatcher$_visitIfElse_closure44$_closure108.class
b035ae6cc76a309df5a430bc4f514803e44e8ab756bc2f91f2f99939ffd29e5b	subprojects/groovy-swing/build/classes/groovy/main/groovy/swing/factory/VGlueFactory.class
b03c0f79b02c7b6df199878ddca75acfdb67dad191130eeb7adbb1d628c61f80	subprojects/groovy-macro/build/resources/main/META-INF/services/org.codehaus.groovy.transform.ASTTransformation
b04611e0198ecf8e312f8639cac4d932fd93e096c6da6a75abc0989ab0b98730	build/classes/java/main/org/codehaus/groovy/classgen/asm/sc/StaticTypesLambdaWriter$2.class
b05a48ff43836b8aee79e969503d2206ef921bb706c5b5c18c01e83781e781fb	subprojects/groovy-templates/build/classes/groovy/main/groovy/text/TemplateParseException.class
b05c3823e2c90ac0b149199748a6208d188b570175c4d441043cbb787c7604b2	subprojects/groovy-sql/build/classes/java/main/groovy/sql/Sql$12.class
b06cea63550835d0d29764062f43258699908054ab5f1a5941d81b125624ca09	build/classes/java/main/org/codehaus/groovy/runtime/metaclass/ReflectorLoader.class
b0851b45760f622bab52d6338ef9d8f542cc4268c01f7192921e92e70ffe330d	build/classes/groovy/main/org/codehaus/groovy/ast/builder/AstSpecificationCompiler$_makeNode_closure2.class
b08da428db6b20ee8c52f9db81c110ec07aafc814ccf47aaf91a1d609cd207cb	subprojects/groovy-json/build/classes/java/main/org/apache/groovy/json/internal/CharacterSource.class
b0a99f33e582239cdc2e09a8c20511f415de3b3568f5e642df83f0e194724df3	subprojects/groovy-swing/build/classes/groovy/main/groovy/swing/factory/BindFactory.class
b0b8028633993933621c84dba8895ce4ce09727e57293336746b91c6bbbfabd4	subprojects/groovy-templates/build/classes/groovy/main/groovy/text/markup/MarkupTemplateTypeCheckingExtension.class
b0e4d79567d211a882bc4f34da18265c5f0840029a3049bc57d4487691817215	build/classes/java/main/org/codehaus/groovy/runtime/dgmimpl/NumberNumberMinus$LongFloat.class
b10052f52bc3379e2369178e0a3d34824ab61b519c2d311b0555bdb69907b9e8	subprojects/groovy-groovydoc/build/classes/java/main/org/codehaus/groovy/tools/groovydoc/GroovyDocWriter.class
b1122bbd47934d787e3582efab888e763492917f9baf9d1113016d5727724e0f	build/classes/groovy/main/groovy/grape/GrapeIvy$_addIvyListener_closure10.class
b147a3215cfbcce1f21823101fe1f7eda9e1ac2f59e0d0e1e9ec3c05505b6d21	subprojects/groovy-macro/build/classes/groovy/main/org/codehaus/groovy/macro/matcher/ASTMatcher$_visitMapEntryExpression_closure28$_closure88.class
b1795b9a36152e234d8c92288f9f5478ab8f849dcd0689d0e20bc48325b25644	build/classes/java/main/org/codehaus/groovy/runtime/callsite/ConstructorSite$ConstructorSiteNoUnwrapNoCoerce.class
b18c6117337fe6ecb111d18bdce50a1b7b2f8c40992274ad5d65540279e9c85a	subprojects/groovy-xml/build/classes/groovy/main/groovy/xml/StreamingSAXBuilder$_closure4$_closure10.class
b1a8420184d76c7e458799202bd606e288429a594f459bf0c53dfa58753f8025	subprojects/groovy-groovysh/build/classes/groovy/main/org/apache/groovy/groovysh/jline/GroovyBuiltins$_closure1.class
b1aae647d23a1da72729f2f6fde4833349f2e44f9bcaa3185703d93658db86e1	build/classes/java/main/groovy/time/DatumDependentDuration$1.class
b1ad7d07bf7d515e1a4d885ef34c5a0c8fe501c8b015d8bf300f45829a272811	subprojects/groovy-ginq/build/classes/groovy/main/org/apache/groovy/ginq/provider/collection/runtime/NamedRecord.class
b1cc37c8efd135d3b8462ec23d504eeaf176284b56e3aaf954a05d6815d43f38	subprojects/groovy-swing/build/classes/groovy/main/groovy/swing/binding/JComboBoxMetaMethods$_enhanceMetaClass_closure3.class
b1eb354b555145f3fe5d9712406c2294e58f6cee51ffb766179fc7fc2dee6a5b	build/classes/java/main/org/codehaus/groovy/ast/expr/DeclarationExpression.class
b1fdf3670b77b3eee8ef04e2c38e15ff515139a3e39cdecf76531ddea0402113	subprojects/groovy-macro/build/classes/groovy/main/org/codehaus/groovy/macro/matcher/ContextualClassCodeVisitor$MatchByClass.class
b20821e8dd52564650aade6745aa170282bc3b27f767243f140dd1f5a4d8e719	build/classes/java/main/org/apache/groovy/parser/antlr4/GroovyParser$EqualityExprAltContext.class
b20fda0a34d6a7b79fdc18bc4a805b17f065a2fb6205e5239fc9b997dbab7d9e	subprojects/groovy-macro/build/classes/groovy/main/org/codehaus/groovy/macro/matcher/ASTMatcher$_visitBitwiseNegationExpression_closure34.class
b218fd3e7d86c816dc1e84735c0958648e09941acc79c282b01e20d08b7cde4c	build/classes/java/main/org/codehaus/groovy/runtime/typehandling/DefaultTypeTransformation$ArrayToUnmodifiableListAdapter.class
b232db46b6ef1edc9941ab01db2d2d2cd985377542f70b8d4b3238cb3e77cda1	subprojects/groovy-console/build/classes/groovy/main/groovy/console/ui/ObjectBrowser$_makeCard_closure3$_closure14$_closure24$_closure63.class
b2415fae47851eb35ed77ccc97a206aa604a4273eeafd874ccc4594281d048c3	subprojects/groovy-groovydoc/build/classes/java/main/org/codehaus/groovy/tools/groovydoc/ArrayClassDocWrapper.class
b24b94a9e3b340df7491b2f8c1812b972f1136bfea9b8bd2817481ce055d0220	subprojects/groovy-docgenerator/build/classes/groovy/main/org/apache/groovy/docgenerator/DocGenerator$_parseSource_closure1.class
b24e002d73bc8c6c00d5195857a06fe8760484f7b25250d1fc51a95c67362ed9	build/classes/java/main/org/codehaus/groovy/control/ParserPlugin.class
b250259822f797c525f0c533258a4fcae4e4277677167c1e4e712aac9edee736	subprojects/groovy-xml/build/resources/main/META-INF/groovy/org.codehaus.groovy.runtime.ExtensionModule
b253f725c89f29bee7c3fd085627e77d802f5fb588c7cfebfbfa4f7a97625454	build/classes/java/main/org/codehaus/groovy/runtime/HandleMetaClass$Holder.class
b26d5fbd6ee998504773f7479eea1defbd1d8bb900209f830a950827d11437f5	build/classes/java/main/org/codehaus/groovy/runtime/dgmimpl/NumberNumberMinus$DoubleInteger.class
b29c110c35bdfe51559589c21dfcab5c5d5ae754ece51abf8eaa043ef2f5dddb	build/classes/java/main/org/codehaus/groovy/runtime/callsite/PogoMetaMethodSite$PogoCachedMethodSite.class
b2acf0263275ead7a265f8cbc4988906fbb143082c7c4cfdcfd9679ed7b9f9c8	subprojects/groovy-console/build/classes/groovy/main/groovy/console/ui/Console$_appendStacktrace_closure6.class
b2afcf54ffcc6d4219d0f8c02afbe86467f25afdae0036b305bd5b49539dfb6d	build/classes/java/main/org/apache/groovy/parser/antlr4/GroovyParser$QualifiedStandardClassNameContext.class
b2bbd86092878495642184136482449f239c3713e2dca5ef16bece83e5d99cbe	subprojects/groovy-ginq/build/classes/groovy/main/org/apache/groovy/ginq/provider/collection/runtime/SourceRecord$_getAt_lambda1.class
b2c5822d720350136bc9560aa3bc25930af26d91c79908e31cefd83d922c26b7	subprojects/groovy-groovysh/build/resources/main/org/apache/groovy/groovysh/CommandSupport.properties
b2c5822d720350136bc9560aa3bc25930af26d91c79908e31cefd83d922c26b7	subprojects/groovy-groovysh/build/resources/main/org/codehaus/groovy/tools/shell/CommandSupport.properties
b2c68ac295fa8376c7bbb0efceacbf5ac120bf866acd80ea5a9e22058a72572f	build/classes/java/main/org/codehaus/groovy/transform/tailrec/TailRecursiveASTTransformation$5.class
b2d319dfe9b230c0a23faec84893e807efab988bf05ab0f70ab103dcd12d1a44	build/classes/java/main/groovy/lang/Delegate.class
b2ec30423f6a9c5778ad47b981583f8936255456c228aa5dffa7de11aa4e7dd2	build/classes/java/main/org/apache/groovy/parser/antlr4/GroovyParser$VariableDeclaratorsContext.class
b341966fdbc0edafbf6d941c80d6bd9ec56090630f02a85b651b7a9578c5f069	build/classes/java/main/groovy/lang/IllegalPropertyAccessException.class
b34f3d404402ae0ec9bc52625b86ae0a9a4a1eee9ecf2ec2972c564ed23e4d97	subprojects/groovy-swing/build/classes/groovy/main/groovy/swing/factory/RichActionWidgetFactory.class
b3613cdffdb21bedd4f19d538e2066a348d1676ef12b83f7514f9e4b130a156b	subprojects/groovy-swing/build/classes/groovy/main/groovy/swing/factory/ListFactory$_onHandleNodeAttributes_closure1.class
b369cef452c5173a8a322316d9d55c084dbc213feefaa450840f173214f78f60	subprojects/groovy-groovysh/build/classes/groovy/main/org/apache/groovy/groovysh/jline/GroovyCommands$_maybeRemoveItem_closure8.class
b3843c0182eb5889777bb41db048989a64c85a5afe6cca8989212542e167f9be	subprojects/groovy-contracts/build/classes/java/main/org/apache/groovy/contracts/common/impl/ClassInvariantAnnotationProcessor.class
b39c5609216bdd7da23dca27f3de318563bbb0b66fc9c7db93adff3e2208c168	subprojects/groovy-xml/build/classes/groovy/main/groovy/xml/StaxBuilder$_createNode_closure1.class
b3acef2f8ae433ae67bb28a6d2af68de2c11ee515ac57a38ad5f77c1e3dddb2e	build/classes/java/main/org/codehaus/groovy/runtime/metaclass/MixinInstanceMetaProperty$2.class
b3b21487bb819064911769b0804595f47151a398752c52a51c07631525638985	subprojects/groovy-console/build/classes/groovy/main/groovy/console/ui/TreeNodeBuildingVisitor$_visitListOfExpressions_closure56.class
b3bb10a6d99faedbdbdd5ea0b2cfd2ecd0b2766552a3a8a86f2405ef85f6bbe0	build/classes/java/main/org/codehaus/groovy/util/ManagedConcurrentValueMap$1.class
b3ec1cde568e440b5aab32d2701a9f72c66d903fbc07de0d7e252ac90af1ca52	build/classes/java/main/org/codehaus/groovy/classgen/asm/BinaryFloatExpressionHelper.class
b3ecea4a3c009824232615e04ec185305c65ada4b763df54b410e49f4fab4ec8	build/classes/java/main/org/apache/groovy/parser/antlr4/GroovyParser$EnhancedArgumentListElementContext.class
b40bca66f2601e0a77fddedcc606795cf78a69a4c86d50f81b5485f8df0fc05b	build/classes/java/main/org/codehaus/groovy/runtime/callsite/PerInstancePojoMetaClassSite.class
b40bf19c7a270e02c3b2cc569c9eb614b20a813f2c8d2bb302a4da1723fa054e	build/classes/java/main/org/apache/groovy/parser/antlr4/GroovyParser$BlockStatementsOptContext.class
b4105e250450e3db5ccba72c043938fa4519b9bdefd9e24d40508083ab86516c	subprojects/groovy-xml/build/classes/groovy/main/groovy/xml/StreamingDOMBuilder$_closure4$_closure13.class
b429a3e86649a94173c3db8675b2647c57117a211a563e4d226e8fb5659ed646	subprojects/groovy-docgenerator/build/classes/groovy/main/org/apache/groovy/docgenerator/DocGenerator$_generateAll_closure10$_closure26.class
b447faca1e530d4c21590694d31f61ccad97e86b8f16af9d4155fafcc7256984	build/classes/java/main/org/apache/groovy/parser/antlr4/GroovyParser$QualifiedNameElementsContext.class
b45a8b58d147e874248a64f1e3ed720a41006e4d9eb8c1842ec56dd3e624b174	build/classes/java/main/org/codehaus/groovy/ast/expr/AttributeExpression.class
b45b66fbf4e5e24e2a83a16c675cda9d5f9a7bb3038c87f4bea28cabc29558c0	subprojects/groovy-ginq/build/classes/groovy/main/org/apache/groovy/ginq/dsl/expression/GroupExpression.class
b484f5c4565f0e772690ad0d6f1716b2eb266b88fb002ba0c940a0d871c7c5c0	subprojects/groovy-macro/build/classes/groovy/main/org/codehaus/groovy/macro/matcher/ASTMatcher$_visitGStringExpression_closure41$_closure103.class
b4a9623e3ff62aad3e98591b2ebca54f615330cf339e1e0bacaf435815038abf	build/classes/java/main/groovy/lang/ExpandoMetaClass$MixedInAccessor$2.class
b4ab7899e37225a5960be86cc4ec82e6f1a96421bdb999c0c4f8b821e57a0c7a	build/classes/java/main/groovy/util/OrderBy.class
b4aef67e179765bc71572364a10cfa39205a3ddff2270fcef829086d386c0df5	build/classes/java/main/org/apache/groovy/parser/antlr4/GroovyParser$IndexVariableContext.class
b4d112b7c4a22bd9f582616c94049f0c1ddc7fea4707043723d9fd205a08bd9e	subprojects/groovy-xml/build/classes/groovy/main/groovy/xml/StreamingSAXBuilder$_closure1.class
b4f049a41fa0fcbaf0e9536925682cd37cea5e23de03d38a87b7d0a424e6db60	build/classes/java/main/org/codehaus/groovy/tools/javac/MemJavaFileObject.class
b4f7d2493597b946bcbc53bfaecf49bb091837d780b980c3b94ebb418a6431f2	build/classes/groovy/main/org/codehaus/groovy/tools/GrapeMain$VersionProvider.class
b508e949919596e26a2752179940b4830d49605c82f70d8d43b7acb5a254ef4c	subprojects/groovy-ginq/build/classes/groovy/main/org/apache/groovy/ginq/provider/collection/GinqAstWalker$6.class
b50a357fb1f85f2d2a29e62275c97537eff0735b951ffa73b414b319c16d9c14	build/classes/java/main/org/apache/groovy/parser/antlr4/internal/atnmanager/AtnManager$AtnWrapperSoftReference.class
b5134ca1802ea8dd70318cd7dfd1fb497930d61abc54ad97a7f1b4e3d7fb35be	subprojects/groovy-console/build/classes/groovy/main/groovy/console/ui/ObjectBrowser$_makeCard_closure3$_closure14$_closure22$_closure41$_closure44$_closure48.class
b53e0230d4c30796998d7b370b77e8953150b1f7ff7ef6501de0bb374c5f5915	subprojects/groovy-json/build/resources/main/META-INF/services/org.apache.groovy.json.FastStringServiceFactory
b5504a6168836c51ca8ac23c1ea70a7e1fc54a612ef094003e3ef135ea383ea8	build/classes/java/main/org/codehaus/groovy/runtime/ScriptReference.class
b5546e3b93329c7ab45ab474f5a0defc7b9afcbdc73936a8698eadd1b0ac4804	subprojects/groovy-swing/build/classes/groovy/main/groovy/swing/factory/ListFactory.class
b5564ad063ad23c4e1a4d4c54c3975079119591a3c0b21958c90b8d567d90e68	build/classes/groovy/main/groovy/grape/GrapeIvy$_processSerializedCategoryMethods_closure5.class
b55dd1de5023865b8835031321df4f7127785bed94c2c2a8a75fc490b5f4ef58	subprojects/groovy-contracts/build/classes/java/main/org/apache/groovy/contracts/ast/visitor/AnnotationClosureVisitor$ClosureExpressionValidator.class
b56cd7017e74528a21a998a56be0f2b3224da071301d99b089b2e82a854826da	build/classes/java/main/org/apache/groovy/parser/antlr4/GroovyParser$MethodBodyContext.class
b5e0824c27a8ebc1a2c8348cf828fb8f547b76048b42f594a2865a6cbdb4eef2	subprojects/groovy-nio/build/classes/java/main/org/apache/groovy/nio/runtime/WritablePath.class
b5ec007db91245a66e346f5b4cf8abd45dcb3e2dc6c0ad1d407529f1f4a827af	subprojects/groovy-macro/build/classes/groovy/main/org/codehaus/groovy/macro/matcher/ASTMatcher$_visitWhileLoop_closure46$_closure111.class
b5ec325e0903b4c96ba58dda222069879dcdc1bf640addb35761f34387e233f5	build/classes/java/main/org/codehaus/groovy/vmplugin/v8/CacheableCallSite.class
b5fc700d5c71a96781a2e659077bfd28b250badee9b804b4db0773f6777dceb4	subprojects/groovy-docgenerator/build/classes/groovy/main/org/apache/groovy/docgenerator/DocGenerator.class
b61db4ee3e847af7132288f034bba5fbc2e342c37bf369e31c6debfdb1559b80	subprojects/groovy-console/build/classes/groovy/main/groovy/console/ui/Console$_listClasspath_closure20.class
b62b063d5b639bbbb30da204ea3d1104b088ea37ac2beb0ad4d97da9abce9791	build/classes/groovy/main/groovy/beans/ListenerListASTTransformation$_visit_closure2.class
b638bdcba84e22b66f7ad8c8b5aef97304031553eef6af436f4146864f434328	build/classes/groovy/main/org/codehaus/groovy/ast/builder/AstSpecificationCompiler$_parameter_closure10.class
b64aa28da796a3a313b0ca0512ac0e83c6916437e3d42c4449af82751014d603	build/classes/java/main/org/codehaus/groovy/runtime/memoize/Memoize$SoftReferenceMemoizeFunction.class
b64ab228f01e2d0be481c08292466432543a698dabd90a0b4303f4719c6b2327	build/classes/java/main/org/codehaus/groovy/ast/InterfaceHelperClassNode.class
b6681f7ee82dbbf3bee03b227172b3acef43c72fc2dfc5130488c3b3016d4259	build/classes/java/main/org/codehaus/groovy/classgen/asm/indy/InvokeDynamicWriter.class
b674e01f5ca2f4e2bb91bc9b4d0968b8c83445525d2581032193a279883ae614	build/classes/java/main/org/codehaus/groovy/reflection/CachedConstructor.class
b6a337a998490c16e906a6dd1125df17b84147adee4df48a06e9efbc8c3cf985	build/classes/java/main/groovy/transform/Generated.class
b6a7c9a4687a7bd998bd0e93a5168bd4eaf839acf59f6c606b1bf86d56f92314	subprojects/groovy-macro/build/classes/groovy/main/org/codehaus/groovy/macro/matcher/ASTMatcher$_visitIfElse_closure44$_closure107.class
b6a901c00a0d9886cca70f2ceda529281e4f43d16cd99c4f23d5fce5a08cdf89	build/classes/java/main/org/codehaus/groovy/control/CompilePhase.class
b6aa02c337c058ce88296a5925a6dcf7e077d3f545ec8e92d3f235528e094606	subprojects/groovy-xml/build/classes/java/main/groovy/xml/slurpersupport/FilteredAttributes$1.class
b6b9acb4354a4a91a91487b1e5b7918ef74f68b5087fa0209d9e67d71ba5d66b	build/classes/java/main/groovy/lang/MetaClassImpl$5.class
b6bcebf7f8dac028d9467e3a95338344e46bc519011374f70c98e2431d9dc1b9	subprojects/groovy-groovysh/build/resources/main/org/apache/groovy/groovysh/commands/SetCommand.properties
b6bcebf7f8dac028d9467e3a95338344e46bc519011374f70c98e2431d9dc1b9	subprojects/groovy-groovysh/build/resources/main/org/codehaus/groovy/tools/shell/commands/SetCommand.properties
b6c543813005dad6c5b99daee0da9ed612e11cdbe4a07fed00db95db59104d26	build/classes/java/main/org/apache/groovy/util/concurrent/concurrentlinkedhashmap/ConcurrentLinkedHashMap$DiscardingListener.class
b6c5ad60512f9a00a3d60f61818419988e93b5a3b24e76716a62c8f281ac268e	build/classes/java/main/org/codehaus/groovy/runtime/dgmimpl/arrays/ObjectArrayPutAtMetaMethod$1.class
b6d28d96d0af9d644d125d60d18b876cef931521e986432f845830aa64c9e310	subprojects/groovy-groovydoc/build/classes/java/main/org/codehaus/groovy/groovydoc/GroovyFieldDoc.class
b6d3c4f05ad17d564fdd5be6891f59b6927f5251a6eda1b34c7f8510546d8755	build/classes/java/main/org/codehaus/groovy/ast/expr/MapExpression.class
b6ea7983610772830bd9957a58c5e176a44a67991c226ccde4e8aef331d4023e	subprojects/groovy-ginq/build/classes/groovy/main/org/apache/groovy/ginq/provider/collection/runtime/Window.class
b717b6fe6f8dfd35677570b2c6b5cf63e56bdc6c7785b0211c8b0bc4b2bad4b2	subprojects/groovy-contracts/build/classes/java/main/org/apache/groovy/contracts/CircularAssertionCallException.class
b72073b2182b5a4a668247e0be2f9ea64aabc4dac83e094b7cc48d301834f4c5	subprojects/groovy-console/build/classes/groovy/main/groovy/console/ui/ObjectBrowser$_makeCard_closure3$_closure14$_closure24$_closure61$_closure64.class
b78efeaf51e5610f5a405128f99c8bc3b69831ecd806b2bc7a207e78e74f12ac	build/classes/java/main/groovy/transform/ExternalizeVerifier.class
b79132500a0e63ac99c68688e2fa9fe4974f3114bde4f31e65cf482f31fa171e	build/classes/java/main/groovy/lang/Tuple6.class
b79496b70ef223b21390e6a497c2548cd77f496938ceb9aafc3a7b7021cd21ef	subprojects/groovy-console/build/classes/groovy/main/groovy/console/ui/ConsolePreferences$_buildDialog_closure2$_closure4$_closure6.class
b7a53dd26c61dcd2b39a01b8615f71035eaca50fccfe694228c5052b52e0a645	build/classes/java/main/org/codehaus/groovy/classgen/asm/OperandStack.class
b7d7a873e0e1f078f71313e447632bbd6e70a62a669c8633ac4fd00ad47808ab	subprojects/groovy-swing/build/classes/groovy/main/groovy/swing/binding/JListProperties$2.class
b7e1ee3e9fcf25e3d71f261e23d52694e8cfd77c54d1dcd7f27167eda99b1efd	build/classes/java/main/org/codehaus/groovy/ast/expr/ElvisOperatorExpression.class
b7ef98565c9a77c635281bd7c544946128346ee1e693bcfa6f544e728bcf3f57	subprojects/groovy-json/build/classes/java/main/groovy/json/JsonParser.class
b7f3dcdae4c0def372c250e57de433357f45fd9c3f4801afb239ebfd8d410265	build/classes/java/main/groovy/lang/GroovyClassLoader.class
b80a3fa521ac5a780498a5b75f7b1075825b25b3d174247d4363a923a4ef5dbe	subprojects/groovy-swing/build/classes/groovy/main/groovy/swing/binding/JTableSelectedElementBinding.class
b80ba5b5fda4791c6b6e61719ef42a0402f55acf433361dc3998262cd115bd0e	subprojects/groovy-console/build/resources/main/groovy/console/ui/icons/book_next.png
b81978f6f024f68e904cb43bf7e536dadeeb82cee9313c06537ca4c6e0967878	build/classes/java/main/org/codehaus/groovy/runtime/callsite/PogoMetaClassSite.class
b82c69329691a95048aa69a4bb4f186722ce1350942092d53a6042342f229d2f	subprojects/groovy-xml/build/classes/groovy/main/groovy/xml/StreamingDOMBuilder$_closure4$_closure8.class
b8357e6781e3cfb49f56599670553cf06d98e4ea60a0593d7b3d38b62609d592	subprojects/groovy-groovysh/build/classes/groovy/main/org/apache/groovy/groovysh/jline/GroovyEngine$ObjectCloner.class
b83c5f8ed30ea7b567bf2c0fb14860b12978bed01385418f8377954536197869	build/classes/groovy/main/org/codehaus/groovy/tools/GrapeMain$Uninstall$_run_closure1$_closure4.class
b83e23762c2ddbeabcab1d3e374bb94d64b66847f44d68b23344cb13484cc31b	subprojects/groovy-groovydoc/build/resources/main/org/codehaus/groovy/tools/groovydoc/gstringTemplates/topLevel/overview-summary.html
b84cc8429887ffbed607a2cac6820f737065ab2f6e64f1bc1c060fefbd18c64b	subprojects/groovy-jsr223/build/classes/java/main/org/codehaus/groovy/jsr223/GroovyCompiledScript.class
b8547125d0ef8faad6f7de4b364a65ed986205e12e8c13666456e35de7fcfbb6	subprojects/groovy-docgenerator/build/classes/groovy/main/org/apache/groovy/docgenerator/DocGenerator$DocMethod.class
b855f3c39e85a39055a6686a1383cf54cd55cd7db18533e1af967a367077de4f	subprojects/groovy-console/build/classes/groovy/main/groovy/console/ui/TreeNodeBuildingVisitor$_visitLambdaExpression_closure28.class
b861576f0898743e0b06e2375cafafa1bb0e8fb9422c39ae29e49936904c4b41	build/classes/groovy/main/org/codehaus/groovy/tools/GrapeMain.class
b8772e776e06303b843daea1f2fc8184557ab0325174f1e1f7baaa8ff7851c6e	build/classes/java/main/groovy/lang/GrabExclude.class
b8785fa961ceb19303644d19594ea011222014ace5ef886d2763ffb9a220546a	build/classes/java/main/groovy/util/BufferedIterator.class
b88775f5905fbfc55a5515a702ff37b9649c9e25b7bc7ab0ed1d69d220529d28	build/classes/java/main/org/codehaus/groovy/runtime/callsite/CallSiteAwareMetaMethod.class
b88cfe1abd0266f44ca2a487f60279cba32b3128a1f473f6eed1fdd6abdd4f8c	subprojects/groovy-ginq/build/classes/groovy/main/org/apache/groovy/ginq/provider/collection/runtime/RowBound.class
b8bba9add94b6340eb0c73dfff06939e92949a6252660f6407dd401e1eba7365	build/classes/java/main/org/codehaus/groovy/ast/tools/GenericsUtils$ParameterizedTypeCacheKey.class
b8c7dbb3270e6b1325a5fb5860a9812ae393ad9af1a40cc2f9015e3bd37df045	build/classes/java/main/org/apache/groovy/parser/antlr4/GroovyParser$ForControlContext.class
b8c9e4df8fc8aacfa47e93059ce9bf67345e5fbd2095b2952acbaf9305cd7cd7	build/classes/java/main/groovy/time/DatumDependentDuration.class
b8cedd73c40677952bb59fd32af4ccfc21150f4534bf5a56162e00297e034f18	build/classes/java/main/org/codehaus/groovy/runtime/InvokerHelper.class
b8d91557321d59163cbdbbf396948c6d4fcfedcd1ea4bc9b5a472363a4439f7e	subprojects/groovy-groovysh/build/classes/groovy/main/org/apache/groovy/groovysh/util/DocFinder$_exists_closure1.class
b8de309781e96e398f61efdf50e0966fbe72c393b958a47cff778d8de509639c	build/classes/java/main/groovy/util/ObservableSet$ElementClearedEvent.class
b8f0229645d817f40393de7df25c93a150b014dbebba9c21f893558fa6541bad	build/classes/java/main/org/codehaus/groovy/ast/MixinASTTransformation.class
b917489456fb24516a4166e6b8a37edcd60b01ba146f63431c99593e0db1949f	build/classes/java/main/groovy/time/TimeDuration$1.class
b91c51ac9fa56f1cc1fd7930e0af132d87f052f5ba009e465fecc062925c161f	subprojects/groovy-json/build/classes/java/main/groovy/json/JsonException.class
b92caeb7c50089532e182306c4c3edd01384ef7b57c7f4a664f53c72dde65ca9	build/classes/java/main/org/apache/groovy/parser/antlr4/GroovyParser$LambdaBodyContext.class
b97b2b801d7817afedc7d4ae02b9a9132c22752953c4b02688e08fb2ad0fe100	build/classes/java/main/groovy/lang/SpreadListEvaluatingException.class
b9926048ba8c6e3ff1053c7a2cf97ac61343310047cdca2f37b58fa4c29a7517	build/classes/java/main/org/codehaus/groovy/reflection/stdclasses/NumberCachedClass.class
b997688c85d3d3db15da312f670745948168da4f13152c2b889640efa2b11e70	subprojects/groovy-sql/build/classes/java/main/groovy/sql/Sql$17.class
b9a47e751ea9d33407e4c76b8d0c84b261b96942bb4fa0bd48f6d92955041f0e	build/classes/java/main/org/codehaus/groovy/runtime/ProcessGroovyMethods$TextDumper.class
b9a5568c483be994f232ad1e1db6ced66f02ef9caaad86641a0fec9adfb267dc	subprojects/groovy-json/build/classes/java/main/org/apache/groovy/json/internal/ByteScanner.class
b9aa3a7b6b9e7afd0866ff38b285fcebd3bbe3379b2e5091ea0205c95a2131f1	build/classes/java/main/org/codehaus/groovy/runtime/wrappers/PojoWrapper.class
b9b13a4655f31a26000738d821445a4806bc03dc04bf15ff4dcbe79842f92438	subprojects/groovy-cli-commons/build/classes/groovy/main/groovy/cli/commons/CliBuilder$_processSetAnnotation_closure17.class
b9b7c1d9750d7ee45b74d9b4464275209bb02f60a9a5a25810549a392161a454	subprojects/groovy-console/build/classes/groovy/main/groovy/console/ui/AstNodeToScriptVisitor$_visitPackage_closure5.class
b9c245dbbe292477e38d8fe50cc63ed18865d23c2d29290d0f6ff15d1f75af3d	subprojects/groovy-xml/build/classes/java/main/groovy/xml/markupsupport/StandardXmlAttributeFilter.class
b9c78647c058c04d48db69b1a631e82369ad85718905e48badd53fc96b8c5f4b	subprojects/groovy-jmx/build/classes/groovy/main/groovy/jmx/builder/JmxOperationInfoManager.class
b9caec1df20121434102678eb0f072cc56556d5c3ebc5bceb741ae40a084cf2b	subprojects/groovy-sql/build/classes/java/main/groovy/sql/Sql$24.class
b9d6172446aee49e945223435f639130dfe6d864004be8ce3b66ee66d4ba5bf8	subprojects/groovy-console/build/classes/groovy/main/groovy/console/ui/AstNodeToScriptVisitor$_visitIfElse_closure21.class
b9e72af3ebe4fd28e58bdd4f3cfd115d129ad7851a6ab1f02ee7b3971860ba43	subprojects/groovy-jmx/build/classes/groovy/main/groovy/jmx/builder/JmxBeansFactory$_newInstance_closure1.class
b9ed75aabf12a731fe93288b1a442e62445812b6e57c0739cb07b8ddc4c79b78	subprojects/groovy-groovysh/build/classes/groovy/main/org/apache/groovy/groovysh/jline/SystemRegistryImpl$1.class
b9ef299975c5e5b8e84370ad6b857b23140d51748d72b8036da103eb3d06352d	build/classes/java/main/org/apache/groovy/parser/antlr4/GroovyParser$ThrowStmtAltContext.class
ba0a79f43bb9059d0eeca8296466639fdf03389ce3dcaf34d55a7b5348a5b60c	subprojects/groovy-docgenerator/build/classes/groovy/main/org/apache/groovy/docgenerator/DocGenerator$DocUtil$_getLinkAnchor_closure4.class
ba0b049ff7d601cc9b186aa342534f6a7277690deb4265963290e823cf153817	build/classes/groovy/main/groovy/grape/GrapeIvy$_createGrabRecord_closure2.class
ba132940b26e9f9d6b729c38a7c84670564a637d25568d39103d5985b85cb272	subprojects/groovy-swing/build/classes/groovy/main/groovy/swing/binding/JSliderValueBinding.class
ba1722f9333640c23e96e3bb1d4cf91dd2d7270ffc6e8676f9504c12d73afa26	subprojects/groovy-console/build/classes/groovy/main/groovy/console/ui/view/BasicMenuBar$_run_closure1$_closure2.class
ba33d1ccc1bea1fc4077a2bff4e5238702bb89ce5e25bcd6ce5b085934bc0147	build/classes/java/main/org/apache/groovy/parser/antlr4/GroovyParser$FormalParameterContext.class
ba3c897f0a74434c3042fb6090eee55f1f458551655c640b1b0c5469f75f8d49	subprojects/groovy-swing/build/classes/groovy/main/groovy/swing/factory/TableModelFactory$_onNodeCompleted_closure2.class
ba3eeecfa01b7d6ac593f2e34c8f141b7929f1724f2b078671c06f6ac3d9d4c3	build/classes/java/main/org/apache/groovy/parser/antlr4/GroovyParser$StandardLambdaParametersContext.class
ba418b0cdfa8d3ac47b3745c3170300ff2d7f4354eafb3c66963d6c6deacf42b	build/classes/java/main/org/apache/groovy/util/concurrent/concurrentlinkedhashmap/LinkedDeque.class
ba55f0d4d8380326dc9160238b393f718e7bfabfca7036589e12604e14039fe3	subprojects/groovy-console/build/classes/groovy/main/groovy/console/ui/AstBrowser$_compile_closure9$_closure49.class
ba7185885aff0a7a7ce33c7fcdfcf15635b971f3a1f88fa207666adcd53d5b60	subprojects/groovy-console/build/classes/groovy/main/groovy/console/ui/ScriptToTreeNodeAdapter.class
ba79f98390ddb95585e0acaafbc1682b1975200ae683f9498b824fccfb2b27ef	subprojects/groovy-xml/build/classes/java/main/groovy/xml/streamingmarkupsupport/BaseMarkupBuilder$Document$OutputSink.class
ba7ab2dfce6e079e7f08dbb2049b511cc57ea7304c8dfc14865071f8d8df2a5e	build/classes/java/main/org/apache/groovy/parser/antlr4/GroovyParser$ShiftExprAltContext.class
ba7e81580d1072a871a11c0c377984847601aca1539c5828e9869ba72710a278	build/classes/java/main/org/apache/groovy/parser/antlr4/GroovyParser$FloatingPointLiteralAltContext.class
ba974d35c8eacff90b3c73e5bf1b9204094a14882d97b630aba93a12270363cf	build/classes/java/main/org/codehaus/groovy/runtime/dgmimpl/NumberNumberDiv$IntegerDouble.class
ba9ffea5b58624659853982958dfd0b40a63ebe8579b17f396b39fbc7193dcbf	build/classes/groovy/main/groovy/util/ConfigSlurper$_parse_closure4.class
baa7ed4d615a515548dd7a9e35b468a77d9ba70b640c3a09d0c2d8946c321dfd	build/classes/groovy/main/groovy/grape/GrapeIvy.class
bac6137bf3159143643de719dbd7bb2a8bfb31799cfd72a7e79141d49cca3029	subprojects/groovy-xml/build/classes/groovy/main/groovy/xml/StreamingSAXBuilder.class
badeaaf51469e5d91d25c1711f5e062a41b9b00e6be4c3650e7fd0ffc0a1a704	build/classes/java/main/org/codehaus/groovy/control/AnnotationConstantsVisitor.class
bae0449156709b1d0e7cbb4e36641726c7beb85933da96ba1990bbe5667d43d1	subprojects/groovy-json/build/classes/java/main/groovy/json/StreamingJsonBuilder$StreamingJsonDelegate$State.class
bafbf5ecbdd032f6b0e94c8fd09f1519aa526b8bb914bef6a76f8597dc86411f	build/classes/groovy/main/groovy/transform/RecordType$CollectorHelper.class
baffdd74a991a98ed0f076e4759b8e5e6902d00585271efc99129944d780e927	subprojects/groovy-xml/build/classes/groovy/main/groovy/xml/XmlSlurperFactory.class
bb01d5abdc84220e3a060e47b3d2b3af7da4c0f2464a47c200ad389acc8e6e1d	subprojects/groovy-ginq/build/classes/groovy/main/org/apache/groovy/ginq/dsl/GinqAstBuilder$1.class
bb0fa602c5ced9a833e6fd83cb2aa7d90427289f2c1abd161dc16c27a3c4d3a9	build/classes/java/main/org/codehaus/groovy/runtime/callsite/PogoMetaMethodSite$PogoMetaMethodSiteNoUnwrapNoCoerce.class
bb10ce6d0969c17b7dd44561cc6bd1df90278dd4f5d93d26bb210a34413a9a5a	subprojects/groovy-servlet/build/classes/java/main/groovy/servlet/TemplateServlet$TemplateCacheEntry.class
bb146e7af2849afb683a84f75467b52eab2025002df3f6aced54dd1683b4cae1	subprojects/groovy-templates/build/classes/groovy/main/groovy/text/SimpleTemplateEngine$SimpleTemplate.class
bb1d0ceec293a126e339eaf03ac570746ec78b17f91d2bd032dff7002420a20f	build/classes/java/main/org/codehaus/groovy/runtime/callsite/PogoInterceptableSite.class
bb28934f0837e81da5b161684146ba6a04dee2db88d3541b2288b001789aac49	build/classes/java/main/groovy/util/ObservableList$ObservableIterator.class
bb3265df5e58a82da87d7f2ef2a044de1f227f99691786fe5d4668f6ff3c6366	subprojects/groovy-groovydoc/build/classes/java/main/org/codehaus/groovy/groovydoc/GroovyMethodDoc.class
bb4676f09b3b0d4a1e77615cf85594aa20ba922bf9c710a271c1d46e42701764	build/classes/java/main/groovy/util/ResourceException.class
bb54ffbe57da9a15e93ce80d4c98f0c65736a678e1bf0f4f3883ae0c0a0c40f6	subprojects/groovy-console/build/classes/groovy/main/groovy/console/ui/AstBrowser$_run_closure5$_closure41$_closure44.class
bb6559a515bdff53d4e749d90655a4a1f1d3a18e86d55b451b26d7e9a380de6a	build/classes/java/main/org/codehaus/groovy/classgen/asm/OptimizingStatementWriter$OptimizeFlagsCollector$OptimizeFlagsEntry.class
bb68b9bcd2e4eab7e1eb57cc3722c556c2daff2cb6032ecc595f5b90fd0ed4df	build/classes/java/main/groovy/util/logging/PlatformLog$JavaUtilLoggingStrategy.class
bb7b3d50bf67466590adc9db853da572f10c44d27f74ac1f5e59ef214a318457	subprojects/groovy-xml/build/classes/java/main/groovy/xml/streamingmarkupsupport/Builder$Built.class
bba1bfd5ca5d5c4da18b9be8dad065785e075efee9f213ae3125f92e82240ede	build/classes/java/main/org/codehaus/groovy/runtime/callsite/BooleanClosureForMapPredicate.class
bbcbfaf6d678386d5dfd57f96386570e60d51f35652ffabb8040cd1e630ac507	build/classes/java/main/org/codehaus/groovy/runtime/GeneratedClosure.class
bbd08bc32daee607b537d126d14143f66428340aae8a7630bc5de854834dcd19	subprojects/groovy-console/build/classes/groovy/main/groovy/console/ui/HistoryRecord$_getTextToRun_closure1.class
bbd38580d89393acadaba8dc6ca48cff62ed0b9c62f423cc09661c8ff6d2316d	subprojects/groovy-macro/build/classes/groovy/main/org/codehaus/groovy/macro/matcher/ASTMatcher$_visitClass_closure2$_closure51.class
bbd9a18ddf4030e2538a7dea62a9768a7ed760119d7f2a5fa9e03e20c3272118	build/classes/java/main/org/codehaus/groovy/classgen/VariableScopeVisitor.class
bbefa5ac2bd9311a37121a4842805195281d8b6eeeab11d741803fc8810782e4	subprojects/groovy-swing/build/classes/groovy/main/groovy/swing/factory/HStrutFactory.class
bbf096dbdde140ef15e16e52fe47a31fcc4b1a961a5ac9dc2ddc6e4abbe8ce3a	build/classes/java/main/org/apache/groovy/parser/antlr4/GroovyLexer.class
bc466610d8f431d74a834d4bba489113571a793e86230e71d837c260074714bf	subprojects/groovy-ginq/build/classes/groovy/main/org/apache/groovy/ginq/provider/collection/runtime/QueryableCollection$PartitionCacheKey.class
bc4a839a55debf991152aa6633388748b954481d918022f10ac9cab3a607f93f	build/classes/java/main/org/codehaus/groovy/transform/sc/transformers/ListExpressionTransformer.class
bc61754a5d890bc4e8ce8516605508e80ce7c3e4336194ad64305fe8ef78d532	subprojects/groovy-docgenerator/build/classes/groovy/main/org/apache/groovy/docgenerator/DocGenerator$DocMethod$_getSeeComments_closure4.class
bc62f016719fbdea51a29fb1e504085a27792b8f9857f778014b25d8fa045bec	subprojects/groovy-cli-picocli/build/classes/groovy/main/groovy/cli/picocli/OptionAccessor.class
bc713a10dda590e51a125466541b032f7a44f04e53734d45f431c62e2351fe85	subprojects/groovy-macro/build/classes/groovy/main/org/codehaus/groovy/macro/matcher/ASTMatcher$_visitArrayExpression_closure26$_closure86.class
bc8cffa88ccbef5ecdbba88d8655c5f5a07c9ae475675ad489591738faf8c90c	build/classes/java/main/org/apache/groovy/plugin/DefaultRunners.class
bc93da5464d10d388d8a679559bc75498c830f8dba8bd6476d90ef0216655962	build/classes/java/main/groovy/util/ObservableSet$ElementRemovedEvent.class
bc9e1b3b9368a2552c6186e7812dc5441cc08489b33bcb71c77360a963a6c2a1	subprojects/groovy-console/build/classes/groovy/main/groovy/console/ui/TreeNodeBuildingNodeOperation$_collectParametersData_closure7.class
bccf492c96c455783bd2305b0c4778764fc7737f35573346463f8fa6fb5d93e9	build/classes/java/main/org/apache/groovy/parser/antlr4/GroovyParser$VariableDeclaratorContext.class
bcd36ae4b4720a9550634c7c11d215d27758e9aafc43a18445254f117dc80c24	subprojects/groovy-macro/build/classes/groovy/main/org/codehaus/groovy/macro/matcher/ASTMatcher$_visitExpressionStatement_closure12.class
bce39fd1b21370a4164a8ddf906757b0ee86568bf20b96fd45f97b4eeb082b12	build/classes/java/main/org/apache/groovy/util/ReversedList.class
bd04e8948f40357edb1bab11649a798e3fba11ef87578ccd3d57c5060cb2413a	build/classes/java/main/org/codehaus/groovy/ast/stmt/AssertStatement.class
bd061cea3ef0881d33c2fb93503a4e7a8d5da07d2e07600afcb913ffcfd9e79a	build/classes/java/main/org/codehaus/groovy/runtime/dgmimpl/arrays/LongArrayGetAtMetaMethod$MyPojoMetaMethodSite.class
bd0ac3c69d49a4112e3d8f5a9bd96180b98958476e913e939b83162599df54f1	subprojects/groovy-test/build/classes/groovy/main/groovy/test/JavadocAssertionTestSuite.class
bd1bd48a91539b1a9bff8cda6aeb5ac5a801b45c7e05f91df41bfef5b8310d89	build/classes/java/main/org/codehaus/groovy/util/LockableObject.class
bd446026c33b08a43da01439f0ec4c79546f191bc73e937c2ccbeee2c9bd1171	subprojects/groovy-contracts/build/classes/java/main/org/apache/groovy/contracts/ast/BaseASTTransformation.class
bd469a26cca47334a1f4f7088dd652312fa032df39d970bb3c29d759ca5babf5	build/classes/java/main/org/codehaus/groovy/runtime/EncodingGroovyMethods$1.class
bd575a6a37bac249560d37b813ef3f39b05fd3900588f9deb53000d6c235b0c3	subprojects/groovy-console/build/classes/groovy/main/groovy/console/ui/AstBrowser$_run_closure4$_closure10$_closure12$_closure18.class
bd5816a5c6c02b9037266348f4f2cd034c40bde8d58ebde6f8f87b65b6f53c8a	subprojects/groovy-contracts/build/classes/java/main/org/apache/groovy/contracts/ast/visitor/ASTNodeMetaData.class
bd9babf7604f76ec1532a631fcb7af454259681232a1dbb95dd7b70342f5af94	build/classes/java/main/org/apache/groovy/parser/antlr4/GroovyParser$MapEntryContext.class
bd9decc3cc516f886d609823aae4d706d2ca816168a0cef28eaa108d62f351d9	subprojects/groovy-groovysh/build/classes/groovy/main/org/apache/groovy/groovysh/jline/MavenCoordinateCompleter.class
bda5add87bb11203b268fe2fb131477a14b35cfea77f675f3bff849c99642c5b	build/classes/java/main/groovy/transform/stc/FirstParam$FirstGenericType.class
bdaf4477ffe80889fdf2a14912c0a65ec3305b14c21f98b207636f424ea48e3a	build/classes/java/main/org/apache/groovy/util/concurrent/concurrentlinkedhashmap/Weighers$CollectionWeigher.class
bdb8a0e82a53cd66c90f0306af6107ccdfd41691639583ed59ef8db28126e848	build/classes/java/main/org/codehaus/groovy/classgen/AsmClassGenerator$1.class
bdc586c64128fde9017bd50f6c436aa5f3e243f7ebfb7211764f10c5c241cc2f	subprojects/groovy-macro/build/classes/groovy/main/org/codehaus/groovy/macro/matcher/ASTMatcher$_visitClass_closure2$_closure52.class
bde359d016548fba9e5bdd2cfb7de102b09bd476f1e26f09c706559b4458330c	subprojects/groovy-sql/build/classes/java/main/groovy/sql/SqlWithParams.class
bdebc293a3b4b1ad2d5d2e4d5910b623050877ba7d619e466a5508f37e647ada	subprojects/groovy-contracts/build/classes/java/main/org/apache/groovy/contracts/util/FieldValues.class
be06c980b5967b51520a1ad56014d0ec2620130c46954b58c24540f6bc8c1c61	subprojects/groovy-templates/build/classes/groovy/main/groovy/text/markup/MarkupTemplateEngine$2.class
be12f6c5634ffec3bf36f695be257e681297396bab38437dc2e1c603e2e7bd9b	build/classes/java/main/org/codehaus/groovy/control/ClassNodeResolver$1.class
be3456e707d05fbc880a9126dccdacfd00cf27c3aa4e6d69cdb8f3e29a01fff9	subprojects/groovy-xml/build/classes/java/main/groovy/xml/XmlUtil$2.class
be5938186d45df21e4f07c7d877e9fc1bbdbaad49bd1cece98871a9676688d67	subprojects/groovy-macro/build/classes/groovy/main/org/codehaus/groovy/macro/matcher/internal/MatchingConstraintsBuilder$1.class
be5a1bedc185cc3f04ef787f3cd5a3ed35a054841b8a6b519fc25ca959b48e59	build/classes/java/main/org/apache/groovy/parser/antlr4/GroovyParser$ElementValuePairNameContext.class
be71423c28453f091fb347ffdac54c7f6681dcaeb107b71ae27dd7344292538a	subprojects/groovy-console/build/classes/groovy/main/groovy/console/ui/text/GroovyFilter.class
be7327e796d23a37373debe256783acf06b7c0a2e0caa9ba229316973f2ade6c	build/classes/java/main/org/codehaus/groovy/ast/expr/MethodCallExpression$1.class
be9109e1b9555c801ff06f9b1d9aea70f12d1034afcc20c7fad19ac9bd85e858	build/classes/java/main/org/codehaus/groovy/classgen/asm/sc/StaticPropertyAccessHelper$PoppingListOfExpressionsExpression.class
beb8f5b7337ae59952d6547cce228888e755670b9bb1fe1741cc9ed146869ca4	subprojects/groovy-swing/build/classes/groovy/main/groovy/swing/binding/JComponentProperties$4.class
bebe7ab9fce3355bbbea57779a0fa9ea3238b92b851420b58d20492d0e23704d	build/classes/java/main/org/apache/groovy/parser/antlr4/GroovyParser$ElementValueContext.class
bec2480ec949fe5aecf274786661f5e9fbca1d1e0c2dcb9764a40438791afa34	build/classes/java/main/groovy/lang/PropertyAccessInterceptor.class
beccbb96a357fca307d89a80fa181a69da10953746644a3d01a6701e389c6b11	build/classes/java/main/org/codehaus/groovy/vmplugin/v7/IndyInterface$CallType.class
bf1af716498808d9f499e925a0d27656adba1efa6f18d3bd5c6e9af1210ceb3d	build/classes/java/main/groovy/ui/GroovyMain.class
bf1c3814c4626f28b214d5d669c1b4751495bed6f6ab7523f88312b03793b607	build/classes/groovy/main/org/codehaus/groovy/ast/builder/AstSpecificationCompiler$_makeNodeWithStringParameter_closure7.class
bf3e77c9d97b538ea78ad017c96a88c30154576676c9dd99f8fc463fd35e55e7	build/classes/java/main/groovy/transform/RecordOptions.class
bf4071f4987366db29356071c0f6041250631ef931748c318fdcdb21d01ae7d1	subprojects/groovy-xml/build/classes/groovy/main/groovy/xml/streamingmarkupsupport/AbstractStreamingBuilder$_closure4.class
bf47d156b1250614b10176e7f71309abea7ba7588d16b59653a28d604b7bef5b	subprojects/groovy-console/build/classes/groovy/main/groovy/console/ui/ConsoleTextEditor$UpdateCaretListener.class
bf6b8c9237b91db8f8156d66e35f96bc0ea5a861c13a85b8e35ba7a6f8bae52f	build/classes/java/main/org/codehaus/groovy/tools/javac/JavaAwareCompilationUnit$1.class
bf7f6a56dd45e7dac8ab0c0d21db0a2a150d2133659e6f392b85cbfd5cf8ffe9	build/classes/java/main/org/codehaus/groovy/classgen/Verifier$11.class
bf82673537808f6c1f53a39a5b31cde9fc697274726ccccab7fc9bd6705a1088	build/classes/java/main/org/codehaus/groovy/util/LazyReference$1.class
bfceb5c634d09a8f8fcbb881e76131d67334cb0556a78d4d4b95983f6564c7fe	subprojects/groovy-groovysh/build/classes/groovy/main/org/apache/groovy/groovysh/Main$ExtraConsoleCommands.class
bfd5aa732cfb7853ceb5dc18f1dfe4c1d5897179ea0afc9427b087708be165d6	subprojects/groovy-test/build/classes/groovy/main/groovy/test/JavadocAssertionTestBuilder$_getAssertion_closure3.class
bfd8f31c3c61f9cfe17161c003d3fc19f243f57a80d3cabdd0f634f574e438dd	build/classes/groovy/main/org/codehaus/groovy/ast/builder/AstSpecificationCompiler$_classNode_closure16$_closure33.class
bfecfb9f704d56e413704a59747e69b0cddb64e8801263639f213481f06de93a	build/classes/java/main/groovy/transform/EqualsAndHashCode.class
c00a86690f6623518570f0310abc06a46fd6008404ca306316c599ecd30c59ac	subprojects/groovy-swing/build/classes/java/main/org/apache/groovy/swing/binding/SwingTimerTriggerBinding.class
c03d32f6ff1faeb98e1f39e4365bfb66ba014116c7778275629e956d72e5d147	subprojects/groovy-groovysh/build/classes/groovy/main/org/apache/groovy/groovysh/jline/JrtJavaBasePackages.class
c0451a7974c2858dbde58e28c69950bb8b6d9df119c20ae6a5b28951f0e28784	subprojects/groovy-xml/build/classes/groovy/main/groovy/xml/streamingmarkupsupport/AbstractStreamingBuilder$_closure5$_closure10.class
c04d2a58f55984f6df699b1f949ab6bbbaa8c0633eded096f3ba8fafc71e4d5e	subprojects/groovy-groovydoc/build/resources/main/org/codehaus/groovy/tools/groovydoc/gstringTemplates/topLevel/help-doc.html
c05300da2845d290ac11b1ae0f2092ff2ac7ff5044bdf05b0b40148542bc3ca6	subprojects/groovy-console/build/classes/groovy/main/groovy/console/ui/ButtonOrTextEditor.class
c08117dad73440e1953dc61caee183ea4d4089561ea8c305e1945af5fd006dff	build/classes/java/main/org/codehaus/groovy/transform/FinalASTTransformation.class
c08c75fa38ce2be44767d22f8e814b64c88f712d05fea35b26f99f4b0681bb8f	subprojects/groovy-xml/build/classes/groovy/main/groovy/xml/streamingmarkupsupport/AbstractStreamingBuilder$_closure3$_closure7.class
c098c8b6d24004b742df0eacb7fa83d74f1b54a0746b66f9d4a349c9383fabd0	build/classes/java/main/org/codehaus/groovy/ast/decompiled/Annotations$DecompiledAnnotationNode.class
c0b5c4eaf5059d41366e2960416cb8d1a77590cf365677506fc18100e95a807a	subprojects/groovy-console/build/classes/groovy/main/groovy/console/ui/ConsolePreferences$_buildDialog_closure2$_closure4$_closure5$_closure7.class
c0d2ff3e830b71778623ebe44c9fb38ad7e96e1d13cec913beb03a2efd7e5f81	build/classes/java/main/org/codehaus/groovy/ast/expr/CastExpression.class
c1113e59b0265931805a3881f15813711e79f471c654c3a61b261f6afd56b652	build/classes/java/main/groovy/ui/GroovyMain$GroovyCommand.class
c11e351661927a4f64dc93e949a3f466446fec77ccce7dcf3a36fa9ece0ef3b2	subprojects/groovy-ginq/build/classes/groovy/main/org/apache/groovy/ginq/provider/collection/runtime/QueryableHelper$__clinit__lambda3.class
c1212760e5244cf5e86ec449dd1acff0fa154b4149d3a22e89b6d013bcffe7b7	build/classes/java/main/org/codehaus/groovy/classgen/asm/BinaryObjectExpressionHelper.class
c123cd245db4eadf977e6b414c2e7d78e70c3d82dae700e85f893f9b1e1dd48d	build/classes/java/main/org/apache/groovy/parser/antlr4/util/PositionConfigureUtils.class
c12c05b741648c0fac9e7f504d112ed4275c7328b75878bf0e9264adf4e1b143	build/classes/java/main/groovy/lang/Singleton.class
c138ac56267001928df0eccbe6fdcefac5602f636053d38f0f8d338c0cfbe4d2	build/classes/java/main/org/apache/groovy/parser/antlr4/GroovyParser$ThisPrmrAltContext.class
c148bed7c10149da822398091fa3f252765154dc891683e9cbd6378216b36841	build/classes/java/main/org/codehaus/groovy/ast/decompiled/AnnotationStub.class
c1654ace232fdd6978576648ef57f392efc4276328947b80cb921a18e0962f3f	build/classes/java/main/org/codehaus/groovy/transform/tailrec/VariableAccessReplacer$1.class
c16a8f1a010604da885475d1f0f8e77664cb66b5e0322f117a5f517e6c581e5e	build/classes/java/main/org/codehaus/groovy/ast/stmt/IfStatement.class
c179c1958cbd22275897cba3c79cb0afba3c820374254708fa6fd65919275e6e	subprojects/groovy-docgenerator/build/classes/groovy/main/org/apache/groovy/docgenerator/DocGenerator$_generateAll_closure8.class
c1c96ff856c235bf19c9ac96c199617ffa85066c21d4b13fb4097b896dcde02e	build/classes/java/main/org/codehaus/groovy/runtime/metaclass/ConcurrentReaderHashMap$BarrierLock.class
c1d1b6fce07a6b1726b0ade927e18bc5ff5fda01b91dca85434d2769c09c68dc	build/classes/java/main/org/codehaus/groovy/control/customizers/builder/InlinedASTCustomizerFactory.class
c1dee107fc00d07d8c7bbfabdf1556263573050504c3ba5efe2f5cfabcc69223	build/classes/java/main/groovy/transform/stc/FirstParam$Component.class
c1f76025e9a7dfb5eff7df44877fb752dba832f93ec440a3b270e42b2d4ec8ff	build/classes/java/main/org/codehaus/groovy/vmplugin/v16/Java16.class
c20fa8b26c0d53f803230637517b6bdcceea38ab293749342727d7d9dd312c6b	build/classes/java/main/org/codehaus/groovy/runtime/dgmimpl/NumberNumberMinus$LongInteger.class
c22497a49f86a8817f95b308acfb718942141daa7e209755dce6a6e69d051f25	build/classes/java/main/groovy/transform/ImmutableBase.class
c23806a92a7f25a81eb89f94bcfd7951832e100b9b4127ec00fd824394ebe4b0	subprojects/groovy-groovysh/build/classes/groovy/main/org/apache/groovy/groovysh/jline/SystemRegistryImpl$CommandData.class
c26d539c49055c80d0d07e12a84036ba9af8de994557b5f096c2885003b99423	subprojects/groovy-console/build/resources/main/groovy/console/ui/icons/page.png
c2741163caea8e89255488c728b3a1f7bacb19a7d1d5ba82a5885240bf8b76ef	build/classes/java/main/org/codehaus/groovy/ast/expr/SpreadExpression.class
c28bee40f6c65300c5a5ad91b4e6f16f167183696a256a189e80a8fa4251953b	build/classes/java/main/org/apache/groovy/util/concurrent/ConcurrentReferenceHashMap$InitializableEntry.class
c2929e2a88a9d12ed0466211f2ac696e815ff79c5ad56e6e05dc3b5e14b5d791	subprojects/groovy-console/build/classes/groovy/main/groovy/console/ui/CardTracker.class
c2c5bf53ecad7f6c59c3aadbb320d5a0b9527df8afd4b93eb1a9cf2ec334a3b7	subprojects/groovy-typecheckers/build/classes/groovy/main/groovy/typecheckers/FormatStringChecker$1$_visitStaticMethodCallExpression_closure2.class
c2c94109d58fc405fcef54d879d2d66b36f50b459c658882c50080c638ab5b67	subprojects/groovy-json/build/classes/java/main/org/apache/groovy/json/internal/Dates.class
c2d8b4bd5b328869fef76f65ef2cbedeb0cc6795b8cf634bd16be4c4ba8ffef3	build/classes/java/main/org/apache/groovy/parser/antlr4/internal/DescriptiveErrorStrategy.class
c2f729e4f2f42b3cbafff73145ae8c7ef5655cd20928862f615a5b1171fbe584	build/classes/groovy/main/org/codehaus/groovy/transform/ASTTestTransformation$LabelFinder.class
c317445ea6ffcc3a0931dfa0f958b5158e8d45180b79b6ce4e9cc2854f83bcf6	build/classes/java/main/org/codehaus/groovy/transform/CategoryASTTransformation.class
c3b164e7a8266211af108286a4a918ebae020eb6c70cf0cb63a483a1af02fdf8	subprojects/groovy-toml/build/classes/java/main/groovy/toml/TomlSlurper.class
c3c1f4f4e4f269a9d98eb477504b948fccbffafc07d59b8c33303719b71752be	build/classes/java/main/groovy/util/ObjectGraphBuilder$ReferenceResolver.class
c3e7f94143c2fd6936cfb7a4865a59b993c3b0ca06c1d36fbc84e01aea0297ee	build/classes/java/main/org/apache/groovy/parser/antlr4/GroovyParser$SepContext.class
c3f8d71ce8180e3299e9debd5fb984949d8f8c8ae13408b2108fc4ea2d56e49c	build/classes/java/main/groovy/transform/TypeChecked.class
c40414fceb8091ffc26481ceff9a2976fec6c5a300536c38c2e2f0ca75369144	build/classes/java/main/org/codehaus/groovy/ast/expr/RangeExpression.class
c43f06abea0ab6b3a710f3a192f4bcaf467e9be52d97c80c731b208ed4ea5c1f	build/classes/java/main/org/codehaus/groovy/ast/stmt/LoopingStatement.class
c44969239c3d70673e9ca2020e30c75354e90f53836c072f21d6da43f243222a	build/classes/java/main/groovy/transform/PropertyOptions.class
c44a2900fe5fa26149884bdfbcf93f19d24017288201b75f4e5e765666bf2c48	subprojects/groovy-console/build/classes/groovy/main/groovy/console/ui/Console$_cut_closure27.class
c470c24b9383cdbdcaa0dceb0d9c3e641981c1f32171487c7c27223004a97766	build/classes/java/main/org/apache/groovy/antlr/LexerFrame.class
c4731178a710f78ee1b1d9d8b5c0a80d4a0528631d5dbb20c952b2dfafdd9668	subprojects/groovy-typecheckers/build/classes/groovy/main/groovy/typecheckers/FormatStringChecker$1$_checkFormatStringTypes_closure5$_closure7.class
c4765d2b5cb4ad94269b8a5e60c02e2d5297b39f6ec582c0f9ea97b2a28b89e5	subprojects/groovy-groovysh/build/classes/groovy/main/org/apache/groovy/groovysh/jline/GroovyEngine$Brackets.class
c4807855791b9de3e8fe5a3eb28cca1a942b7fbc221c31bc73fdc0bce6d78eac	build/classes/groovy/main/groovy/cli/OptionField.class
c486e96f6c1b60fe246b26f5fc4657d6d70433142d676c0246ed62d62cdbc300	build/classes/java/main/org/codehaus/groovy/classgen/asm/sc/StaticTypesUnaryExpressionHelper.class
c49d02970e2d06407d855e8be5fae0b06613aa902faf47f71b7cde047c31ae73	build/classes/java/main/groovy/lang/Tuple12.class
c4aa86bdf64e57ae206ed6154734678ec8bbac42ddc1eb5431d2caf972d78080	build/classes/java/main/org/codehaus/groovy/classgen/asm/BytecodeHelper$LoadVarHandler.class
c4c73cf89bdb7b4e3f7f73412f6bc20e7cfd62a3ce05bf1c66ef64ec54f0f1e8	build/classes/java/main/groovy/transform/stc/IncorrectTypeHintException.class
c4d330d13b3787477fe492fbf9616b8b6b456cb0c8c8e720bb41f3e83aa0b55b	subprojects/groovy-groovysh/build/resources/main/nanorc/groovy.nanorc
c4d921d59ef913ee7a6f633b4f661e0916774c8d2aae93b4a871bd44e7bef9e8	build/classes/java/main/org/codehaus/groovy/runtime/metaclass/MixinInstanceMetaProperty.class
c4f4b42de0a57e55a542affa5286606e9d3fe1b5202c87edac5ad255eea9143c	build/classes/java/main/org/codehaus/groovy/ast/decompiled/AsmDecompiler$DecompilingVisitor$3.class
c4f878288b7562960e242f9afaadf091286667ef38666a15cf645b93f93cf895	build/classes/java/main/org/apache/groovy/parser/antlr4/GroovyParser$PostfixExprAltContext.class
c4fc5f261877c68e08a9a1ce2d29b89503f1650533ca9a6be1540ceeba3ff628	subprojects/groovy-ginq/build/classes/groovy/main/org/apache/groovy/ginq/provider/collection/runtime/Null.class
c4fdd25bf07405a088fd197ce405cc2e41a305fafd26942242a74c9aa6000c8f	build/classes/java/main/org/codehaus/groovy/control/CompilationUnit$1.class
c50056769890a900f098fc4405a9c49ecf817e2507506dfccfd38a4c6839961c	subprojects/groovy-swing/build/classes/groovy/main/groovy/swing/LookAndFeelHelper$_closure5.class
c524cfe34c1cc1dad49c39fb998d5b5fc8cd4259f6b42098f05695b506924752	subprojects/groovy-swing/build/classes/groovy/main/groovy/swing/binding/JSpinnerProperties.class
c5344170d96b3561636e25314eb0cfb103acf242b866ed3b0c561a0b6ad954a4	subprojects/groovy-macro/build/classes/groovy/main/org/codehaus/groovy/macro/matcher/ASTMatcher$_visitMethodCallExpression_closure14$_closure68.class
c537a4a7c7000c4a4a8f8eab1973b8f957cd80268ec07d8ae6a8de050424dbb2	subprojects/groovy-groovydoc/build/classes/java/main/org/codehaus/groovy/tools/groovydoc/GroovyRootDocBuilder.class
c53d6a205ebec83dae497632ee68e9b9b8295026ec239ae8fef7eeb58432b8aa	build/classes/java/main/org/codehaus/groovy/ast/decompiled/FieldStub.class
c53dd82c81cdcddff15c431ad8d026a8a7dd7fa97c0bb18bc0e464b2fd7080fb	build/classes/java/main/org/codehaus/groovy/tools/gse/StringSetMap.class
c54adf899cccc98c4e44ba4acc90bbf66129e7eb6a8b1a554639b5c147bc680f	build/classes/java/main/org/codehaus/groovy/ast/expr/EmptyExpression$1.class
c55a53a0da6e78cba8d8a4256cfa666a11577abd40226e64add0c9d04946799c	subprojects/groovy-swing/build/classes/groovy/main/groovy/swing/impl/TableLayoutRow.class
c56146d60acf5e3d482d4a9a6fc622483c26a67bc76629ce85de31dbbfcbb736	subprojects/groovy-sql/build/classes/java/main/groovy/sql/Sql$21.class
c58f9b1912675a8085857c73f321722f936ec97d445d3459020ae5c457d8daca	subprojects/groovy-console/build/classes/groovy/main/groovy/console/ui/text/StructuredSyntaxDocumentFilter$LexerNode.class
c5a09eafdea69d14a3d06519fa8cb4491389ef3608b6ac2e114a0be3c5d64516	subprojects/groovy-xml/build/classes/java/main/groovy/xml/slurpersupport/Node$4.class
c5ab145afc6dc1c251090dacb5f7453821fdaf3244036be3ddf4a7cef2ebdd8d	subprojects/groovy-groovydoc/build/classes/java/main/org/codehaus/groovy/tools/groovydoc/GroovyDocTool.class
c5aee66b94ffc76878719ba77e8e2f1f03c583d6f9e349c884b22fc8044894d8	build/classes/java/main/org/codehaus/groovy/transform/stc/StaticTypeCheckingVisitor$SignatureCodecFactory.class
c5b32cb610211012e9471cfae0d4d73be5d44f535c3746ef10f8eaaee7bf056c	subprojects/groovy-macro/build/classes/groovy/main/org/codehaus/groovy/macro/matcher/ASTMatcher$_visitPackage_closure4.class
c5c97615b85052a3a651541f73890d67af859cdfe63cc785d7ccbd20e405e851	build/classes/java/main/org/codehaus/groovy/ast/decompiled/MethodStub.class
c5cd5cf0a4b1cd3df15fd9b7613200388f6b3d8e83190a12bda4736fe7092b0d	build/classes/java/main/org/codehaus/groovy/runtime/metaclass/ConcurrentReaderHashMap$KeyIterator.class
c5d030a9e4f8f671ac77eeb1560314b41caa6116d0dfa16b1ce1de377452ff11	build/classes/java/main/org/codehaus/groovy/ast/decompiled/ClassSignatureParser.class
c5d05ec70080d4129e393358f7415132446a08f6c8063014f31c82c31170f6e9	build/classes/java/main/groovy/transform/stc/SecondParam$SecondGenericType.class
c5d11304c92b93bce14c3b719561c674092cf22be3982d08d95ccb3d72d22ccc	build/classes/groovy/main/org/codehaus/groovy/transform/ASTTestTransformation$ASTTester$_test_closure3.class
c5d1ed9fca75a5767caacf875542b6ab27a583b4f01ea3e57e0e9b9817524b82	build/classes/java/main/org/codehaus/groovy/vmplugin/v8/Java8.class
c5ef84da528def2074c1a3d9e7b5ceb0efbd9d21e2cd6cce0d6de9e81fe75d16	subprojects/groovy-cli-picocli/build/classes/groovy/main/groovy/cli/picocli/CliBuilder$_addOptionsFromAnnotations_closure7.class
c5f936ddfcdab09da44366e2d96cc521191a09a484505c5bce18d426fdd1fe4b	subprojects/groovy-console/build/classes/groovy/main/groovy/console/ui/ConsoleTextEditor$1.class
c6041d35f430116dd5187d2d8cce3b452f0abe5c9bf9af2c3d6619567ce5ecc1	build/classes/java/main/org/apache/groovy/util/JavaShell$BytesJavaFileObject.class
c63dff94327ce3089b7feb4f66f32cb29ef777cb6e1406a8ea000a73da6b64da	build/classes/java/main/org/codehaus/groovy/runtime/callsite/PogoMetaMethodSite$PogoMetaMethodSiteNoUnwrap.class
c63f53125a1724b77fb4f8b0fde712d68de78b5071d5c935e5e090b49ceda3a8	build/classes/java/main/org/codehaus/groovy/ast/decompiled/AsmDecompiler$DecompilingVisitor$1.class
c6495f59a3a0e6bf9d57bbfcd412d18e28f5ab1342fdad09ccdf5c47f930e4d7	build/classes/java/main/groovy/lang/Closure$WritableClosure.class
c6547768f21b018303c0742a7a4185dcc42b0a632dbbd0230bbafdf47c74efa8	subprojects/groovy-console/build/classes/groovy/main/groovy/console/ui/ConsoleView$_run_closure12.class
c660b188eb23a49f380dcf6fd5dc779b48d8e9c6a4548463d149804142ffb4b1	build/classes/java/main/org/codehaus/groovy/transform/ExternalizeVerifierASTTransformation.class
c67dd080e1e8169af77646db3d8a23293e05b8a4f35331dc829c3b086d420d72	build/classes/java/main/org/codehaus/groovy/runtime/MethodRankHelper$RankableField.class
c68a6e914230213b186f0c7a8df1deaab573774aa07fc45d6ca7ea9da1fa35f4	subprojects/groovy-swing/build/classes/groovy/main/groovy/swing/factory/TableFactory.class
c69c99af3c93f6978b821391c10da1bd528e2496fa2c8648177b7aa32c307407	build/classes/java/main/org/apache/groovy/util/concurrent/ConcurrentReferenceHashMap$WeakKeyReference.class
c6a5a8e057d2054d9c5c97c2213f62881bea3568d6ee1361713a65117e90d3f2	build/classes/java/main/org/codehaus/groovy/classgen/Verifier$10.class
c6c88e08e3d30b4967004af48a31dd035329bfba6491153dbc70530f317155ce	build/classes/java/main/org/codehaus/groovy/ast/decompiled/ClassStub.class
c6d487f9094680917ab309b6745e5908b6230d487bcd91a32754d8d5af26b9fe	build/classes/java/main/org/codehaus/groovy/classgen/ReturnAdder$ReturnStatementListener.class
c6e5bc0b9da0981c57f643a0e3b7a507ea8655c56be0914b1decc35400a98afd	subprojects/groovy-groovysh/build/classes/groovy/main/org/apache/groovy/groovysh/jline/GroovyCommands$_maybeRemoveItem_closure7.class
c6fcf7e840936d80e4a52a809efccd4e883579f91ca4909f595f57d2d8941b7f	subprojects/groovy-jmx/build/classes/java/main/groovy/jmx/builder/JmxEventListener.class
c7206c575b03d3f356b2063e3a74dda10861c74582cdfa9eb207dbab28319b4a	subprojects/groovy-console/build/classes/groovy/main/groovy/console/ui/TreeNodeBuildingVisitor$_visitConstructorCallExpression_closure19.class
c74034df75289dbd445f3f5f5d4428f73889b39ac7f316009c3d17f1e924d851	subprojects/groovy-macro/build/classes/groovy/main/org/codehaus/groovy/macro/matcher/ASTMatcher$_visitMapExpression_closure27.class
c75a0d6f4c4f7463b8c69c366ad99d687ec6d91ec43f7146f6620c9e031440dd	subprojects/groovy-ginq/build/classes/groovy/main/org/apache/groovy/ginq/provider/collection/runtime/AbstractBound.class
c776c98ee60b816b635c7cdac3d44a263d42d0c9f8a28ebf324da264fa19fdde	build/classes/java/main/org/codehaus/groovy/runtime/dgmimpl/NumberNumberMinus$FloatInteger.class
c795a71dffd41421fda10fae5a0e287b742ef809a9b4369722199d97f6a50105	subprojects/groovy-sql/build/classes/java/main/groovy/sql/Sql$14.class
c7c517d241a71f31a9a6bf30f2622ae1b6ef870f41d5dce73a4d24267fb43268	subprojects/groovy-groovysh/build/classes/groovy/main/org/apache/groovy/groovysh/Main$_getUserStateDirectory_closure1.class
c7c817ea5a213e942dcf505257f87662505636a1265a36e295b50044133d97d3	subprojects/groovy-macro/build/classes/groovy/main/org/codehaus/groovy/macro/matcher/ASTMatcher$_visitArrayExpression_closure26.class
c7ce4ab71e654ce491052e5a2a628a9e9f7713f13e85fb60b54c90b5333473d3	build/classes/java/main/org/codehaus/groovy/classgen/InnerClassCompletionVisitor.class
c7d490c8a15bfa86583066d294a28dcc8bed85980227553ed0c2f583b113b1b4	build/classes/java/main/org/codehaus/groovy/runtime/WritableFile.class
c7d5eeec3c6e878018832d76227f37a98429993592d417efaf3fa4a4c9434238	subprojects/groovy-ginq/build/classes/groovy/main/org/apache/groovy/ginq/dsl/expression/FilterExpression.class
c7f781e8adbcaf418ab309abe3554d64544c92518c4431e05fcf5062a5bc2af2	subprojects/groovy-console/build/classes/groovy/main/groovy/console/ui/ScriptToTreeNodeAdapter$_compile_closure1.class
c7f9323e399833e289c3332be1d5d385224301a155b18b7f4631a876646b3f4d	build/classes/java/main/org/apache/groovy/parser/antlr4/GroovyParser$StatementContext.class
c83566d8fc448fed15231909ac9c0e1fe722996f4e04cd515b2d9e3d715d4b26	build/classes/java/main/org/apache/groovy/parser/antlr4/GroovyParser$FormalParameterListContext.class
c8361f7e1f6d1d5a295976b1dd5de3a7bee88bd3473c0b655fdfc5c204b4bf73	build/classes/java/main/org/codehaus/groovy/ast/decompiled/AsmDecompiler$AnnotationReader.class
c84f76aee50926751fce68c449307b302ebda06c4b0d75d0a9bad056744432d4	build/classes/java/main/org/apache/groovy/util/concurrent/concurrentlinkedhashmap/ConcurrentLinkedHashMap$EntryIterator.class
c8540e6a94750d191856cc6c1b39bfb34c853156c5c9978cb970efe79c342bde	subprojects/groovy-console/build/classes/groovy/main/groovy/console/ui/text/FindReplaceUtility$FindAction.class
c8a486d7a799102e013b933adb9467770457386c746d5f51b1492624edb9ad1d	build/classes/java/main/org/codehaus/groovy/control/CompilationUnit$PhaseOperation.class
c8d136a3107cfe94addc275b30706fb59543de9927c73f2ec81dfa761b7f450b	build/classes/java/main/org/codehaus/groovy/util/ReferenceType$HardRef.class
c8ded4ae0e8eca30a213fd3964a524964907a73f88e53b33b996cdc3fcf7544b	subprojects/groovy-ginq/build/classes/groovy/main/org/apache/groovy/ginq/provider/collection/GinqAstWalker$_correctVariablesOfGinqExpression_lambda13$_closure23.class
c900f09f160f6cf9d8a964fb0494351b0d2205abadf366bca407027fbdd2db1f	subprojects/groovy-console/build/classes/groovy/main/groovy/console/ui/AstNodeToScriptVisitor$_visitGenerics_closure11.class
c921d8c0f8ab1f623278e3f7f872f946b19c69fb6b493511924a5d4b239f96bb	subprojects/groovy-xml/build/classes/java/main/groovy/xml/markupsupport/DoubleQuoteFilter.class
c9245245de2a0220a69ba16115da762a5346e8024ce64bffaac2c24b74e7c5a7	subprojects/groovy-swing/build/classes/groovy/main/groovy/swing/binding/JListMetaMethods$_enhanceMetaClass_closure1.class
c9274ff1da4a3c8c26c30c1a143c2bde988116f7fedeedde0ea0f737b5581845	subprojects/groovy-groovysh/build/classes/groovy/main/org/apache/groovy/groovysh/jline/GroovyCommands$_defCompleter_closure17.class
c92c9f5ba443cc0e562a00737ea0b5893761e7800dc9a148ae42946d660612ef	subprojects/groovy-console/build/resources/main/groovy/console/ui/icons/clear.png
c932597d93582927b03fa7af7ad71428875fd36da13d56c1aaa7a7e33f317008	build/classes/java/main/org/codehaus/groovy/classgen/asm/CompileStack$LabelRange.class
c94424c0bf36494e68efca24e1dd3bd2ecb9bdb5067fa8cdae5dc18a8e283e9c	build/classes/java/main/org/codehaus/groovy/transform/stc/SharedVariableCollector.class
c95aefa4e54d00f780b5a57af23c75bbfa0d59abffeafe1717dc6e93b42f8bd1	build/classes/java/main/org/codehaus/groovy/runtime/callsite/ConstructorSite$NoParamSite.class
c974636d78049b80fa3a807bf5f8b7e60b6e752828216ec478064f452f6adaf3	subprojects/groovy-sql/build/classes/java/main/groovy/sql/Sql$CreatePreparedStatementCommand.class
c9799297632d4e09792e4e059d3d6e57eaeb1e0afd4f24d83cd5ec6ec7f78809	build/classes/java/main/org/codehaus/groovy/runtime/dgmimpl/arrays/ObjectArrayGetAtMetaMethod$MyPojoMetaMethodSite.class
c97a8b9feef8322fc1a96a2cd2fc57257cdcb84582e29f1c22609c61619ebb9c	build/classes/java/main/org/codehaus/groovy/reflection/CachedClass$CachedMethodComparatorWithString.class
c98e2d3c27463891758f53cbde82c4639f594ff063ab555014e1fc7255669842	build/classes/java/main/org/codehaus/groovy/transform/stc/StaticTypeCheckingSupport$ObjectArrayStaticTypesHelper.class
c9e2d9f18f747d67d9a68d3064ef4a4e87c0e15e2a9ebfe92108e1734086857e	subprojects/groovy-jmx/build/classes/groovy/main/groovy/jmx/builder/JmxServerConnectorFactory$_confiConnectorProperties_closure1.class
c9e4fc3f3ec84bc37ff375f459815d1c623fe7fbf3ae0518b742b2321bbe0a54	subprojects/groovy-groovysh/build/classes/groovy/main/org/apache/groovy/groovysh/Main$_main_closure2.class
c9f28a60b7e1b5f9f53d5aee4f2e97726e41692d1e216cae59e2ee110aa4d20e	subprojects/groovy-macro/build/classes/groovy/main/org/codehaus/groovy/macro/matcher/internal/MatchingConstraintsBuilder$_varargPlaceholder_closure2.class
c9fb033acb1d42070490cd5f94bc8a4ee3ed874aabc23fd9e00b5cab6f28a339	subprojects/groovy-console/build/classes/groovy/main/groovy/console/ui/ConsoleIvyPlugin.class
ca08476b14f6940a82ad20a87db66ceb07ed3cd71577ea6c908f50ccac8028c8	build/classes/java/main/org/apache/groovy/parser/antlr4/AstBuilder$DeclarationListStatement.class
ca1c449d4856448f06f928f99dcd085fa7ab4a12eda84d91cb127e513468202c	build/classes/java/main/org/apache/groovy/parser/antlr4/GroovyParser$PostfixExpressionContext.class
ca3a5d5b2c67b33e69b8bc253f6acc6b2492a8b54e072867306b46d871223a3c	build/classes/java/main/org/apache/groovy/parser/antlr4/GroovyParser$PathElementContext.class
ca40b2dbd4d4440d9d3457fa4690fbc75c277ec0ab93f5cc573c6097bfc4d8bf	subprojects/groovy-console/build/classes/groovy/main/groovy/console/ui/ConsoleView$_run_closure1.class
ca47d7c0a59c62f8b5007b543191c4c1e534a378b4741b17a57a8f37fb7f2ead	build/classes/java/main/org/codehaus/groovy/ast/tools/ClosureUtils.class
ca58905405be7fff81647a9026d00b993cb7c4a38e82220a51ed2eb92955e112	build/classes/java/main/org/codehaus/groovy/transform/trait/Traits.class
ca73ef55b35442804d1f541b81e28ed663489d7ad19423d83440e7970459ea9b	build/classes/java/main/org/apache/groovy/parser/antlr4/GroovyParser$TypeNamePairsContext.class
ca8d6d53c32699127aadfd22023b1b45ed1627c7aebe4535bc87137b3e1a0a3b	subprojects/groovy-swing/build/classes/groovy/main/groovy/swing/SwingBuilder$_createKeyStrokeAction_closure5.class
ca99041fca20493a09a33c16e6a4e8632ef63945341629a1f89769502c20c816	build/classes/java/main/groovy/beans/Bindable.class
ca9b704fd102ec154c9ca4066aa487830c5cb118f24ce21ae04cba6fa0b39f87	build/classes/java/main/org/apache/groovy/parser/antlr4/GroovyParser$EmptyStmtAltContext.class
cabb15c3739cdb7a2703ff14d707d7dc6a768046c8eda335072c08520fd6c0bb	subprojects/groovy-sql/build/classes/java/main/groovy/sql/Sql$CreateStatementCommand.class
cafd5bd766690ab0a84100b50463d4af7ea6fd054e79e5c83b1c6d537215ed0a	build/classes/java/main/org/codehaus/groovy/util/IntArrayIterator.class
cafefc8afd32ad1f9677d60570e9d924a4c52c489e6ed14ce8bcf5e739152c45	subprojects/groovy-macro/build/classes/groovy/main/org/codehaus/groovy/macro/transform/MacroClassTransformation.class
cb00b48116f32dc62e71a72d2a2b833f3597243fe983cfd6f5e06f6efbd0b4fa	subprojects/groovy-macro/build/classes/groovy/main/org/codehaus/groovy/macro/matcher/ASTMatcher$_visitClosureExpression_closure22.class
cb0e66c64fbb00470fc4fd9044b14955231f4638d92001ebd71abe9ef32e9a6d	build/classes/java/main/org/codehaus/groovy/ast/expr/MethodPointerExpression.class
cb14454d20d5fbc737d906e52dfe9e552462d8ed98700d9c969fd59ced2a9939	subprojects/groovy-macro/build/classes/groovy/main/org/codehaus/groovy/macro/runtime/Macro.class
cb37e1577aaf8f1790e9e328958b9fe0eca8b5e97215e9d22d156320a65975e0	subprojects/groovy-jmx/build/classes/groovy/main/groovy/jmx/builder/JmxOperationInfoManager$_buildParamInfosFromMaps_closure4.class
cb674aa02fb8f2ea75f82cd8ad319d5a14e4bb92f9d6594fe6a345d65c45cc6d	build/classes/groovy/main/org/codehaus/groovy/ast/builder/AstSpecificationCompiler$_assertStatement_closure17.class
cb6eb36222c19d60897c3705238aea5999c5495f2945db457785093fc8668831	subprojects/groovy-json/build/classes/java/main/groovy/json/JsonSlurper$1.class
cb7d93a2623de7eca9ee908057d3002a98a0e24d96e35d715c1ca01698ca435a	build/classes/java/main/org/codehaus/groovy/classgen/asm/WriterController.class
cb9661cda967a708a121338d65671007275f6d744dea6971639c2ca66a0c3b97	subprojects/groovy-console/build/classes/groovy/main/groovy/console/ui/view/BasicMenuBar$_run_closure1$_closure6.class
cba4efeb58f77863664a3dcbc321407e1605cdff8f796c6729b9e54d521ef7c1	subprojects/groovy-astbuilder/build/classes/java/main/org/apache/groovy/ast/builder/AstBuilderTransformation$AstBuilderInvocationTrap.class
cbb0094196fbed027d5af6c5111bdb04469ed75c213b4947343d7733c05fd750	subprojects/groovy-macro/build/classes/groovy/main/org/codehaus/groovy/macro/matcher/ASTMatcher$_findPlaceholder_closure1.class
cbbd424f34134e9a9391f9c1ec0d6c2b66178fe554a53ff6aa96aaacde97a343	build/classes/java/main/org/codehaus/groovy/transform/sc/transformers/MapExpressionTransformer.class
cbbdf70ec452f5cfb498fe4e50db77bfe880e02f44d892629943b17cde823d4d	build/classes/java/main/groovy/io/FileType.class
cbcaec70651f765e2cc91fd5e00ce5576aae59f247142439d972280f98fc602d	subprojects/groovy-docgenerator/build/resources/main/org/apache/groovy/docgenerator/overview-summary.html
cbce3695ca5fa62073e85f64d5f4b397f3d2ea1390c5e351dca835df39e99e08	build/classes/java/main/org/codehaus/groovy/vmplugin/v8/IndyArrayAccess.class
cbe12b61225fd69c7cd83f11a1b6279c3d0f6ad7b679f93cbe02ce758acb06cc	build/classes/java/main/org/apache/groovy/parser/antlr4/GroovyParser$QualifiedNameElementContext.class
cbf1d48b9c39ba8aff35388844ee99d9c6ca9ceea9d7996136dd51893cfe4dc5	build/classes/java/main/org/codehaus/groovy/runtime/DefaultGroovyMethods$FindAllIterator.class
cc152a226bcd0129423cc8cc01095e2b070595fb2ee614f3c408d054e90404b7	build/classes/java/main/org/codehaus/groovy/ast/CodeVisitorSupport.class
cc174f5b28737d2bda5dff5c9b17426c8cc78771245d874f94a0ee0028e6df11	subprojects/groovy-groovydoc/build/resources/main/org/codehaus/groovy/tools/groovydoc/gstringTemplates/classLevel/classDocStructuredData.xml
cc1fd081438ceda8bd7b920bcac67adfe98a31b6a14b2a40045bae8b1de92fd5	build/classes/java/main/org/codehaus/groovy/transform/tailrec/TailRecursiveASTTransformation$4.class
cc31e41a7180bc07825c52bee8ad71871b477ba7ec39e932c9a0eb14addb6498	build/classes/java/main/org/codehaus/groovy/runtime/dgmimpl/NumberNumberMinus$IntegerInteger.class
cc52f28585b824378ad635573a5532cdb8bec6fa25b6994cd24caa63e057fcbd	build/classes/java/main/org/codehaus/groovy/runtime/InvokerHelper$NullScript.class
cc64148af8e3d6e18f2adf41c4bfb2b89d00685f17dcf82834199a36250ad098	build/classes/java/main/groovy/lang/GrabConfig.class
cc65c0097cd8189536737fddf1bff44fe46c46372c9c7d3a58527e7444aaeb52	build/classes/java/main/org/apache/groovy/util/concurrent/concurrentlinkedhashmap/ConcurrentLinkedHashMap$SerializationProxy.class
cc7761e0dad5c60b2fbfa4b296b611905db0a12a68ddde9e3eb70f7704270e49	build/classes/java/main/org/codehaus/groovy/transform/TupleConstructorASTTransformation$1.class
cc7c7214e32fd889d60ddaf6280e351580f38240dad33e50efcd3c114fa4bb9e	subprojects/groovy-sql/build/classes/java/main/groovy/sql/Sql$26.class
cc825f38db843ec2e3518d23608554486feaf488fea4961f0a8ee42525098b24	build/classes/java/main/org/codehaus/groovy/runtime/GroovyCategorySupport$MyThreadLocal.class
ccab0744ddfbf909a631def2c7fdbf64deba6ba0df672fc9b513608ab8cc0a8e	build/classes/java/main/org/codehaus/groovy/runtime/dgmimpl/NumberNumberMultiply$LongDouble.class
ccbbb4b1ffabe6332b00b3c70208c92b1c4951e35553355171a4cc4b34f466fb	subprojects/groovy-groovysh/build/resources/main/nanorc/gron.nanorc
ccd1e982b63b02acc651f4ffad0fa761f6c31c39636339cb690b1470cd2f1faf	subprojects/groovy-jsr223/build/classes/java/main/org/codehaus/groovy/jsr223/ScriptExtensions.class
ccd68ed9f5bac55093ebf1053a42df89629c84e16a46b533999865611160fb0a	build/classes/groovy/main/groovy/beans/ListenerListASTTransformation.class
cce4b7dcdf268ec915df812c6e4f5a79146735bf5b8c539fa46e8f106bfdd408	build/classes/java/main/org/apache/groovy/plugin/DefaultRunners$Junit4TestRunner.class
cce79e0b2d6729418534b7b1544e4a88bb696ad0818c6600958a9ac3e810cbbf	build/classes/java/main/groovy/time/Duration$1.class
cd457fd6f7d67814518422ee301a7581363b029bba498131f637e4b0ec5be2b7	subprojects/groovy-console/build/classes/groovy/main/groovy/console/ui/ButtonOrDefaultRenderer.class
cd50bd1212613a952b3c7cedf2c78f9dffc87ee42b890df7e5ba2c39370ae531	build/classes/java/main/org/codehaus/groovy/ast/MixinNode.class
cd556e2e8645ef6783f659f315ab63018e93933f76fcd17eb2d8241d663e7240	subprojects/groovy-sql/build/classes/java/main/groovy/sql/Sql$27.class
cd6a85e2eb51749c9516408d439464cc4ddd53fdcb00c9ace58f8ba66ecd2dfe	subprojects/groovy-swing/build/classes/groovy/main/groovy/swing/factory/ImageIconFactory.class
cd75f2cafdbdafc2d691c7443e32a3f09fc2f87f0c61c026e852f046dde6f756	subprojects/groovy-groovysh/build/classes/groovy/main/org/apache/groovy/groovysh/jline/GroovyCommands$_varsCompleter_closure15.class
cd8965fc9efa79472f2355ad55c1b320560b90fa6cd559baf553c0f8cc6619f8	subprojects/groovy-console/build/classes/groovy/main/groovy/console/ui/AstNodeToScriptVisitor$_visitCatchStatement_closure32.class
cd9732cb7e30f666cbf2a302ad5fc6a134fa7c6f4bb3115b1848c3074ed19ad4	subprojects/groovy-cli-picocli/build/classes/groovy/main/groovy/cli/picocli/CliBuilder$_addOptionsFromAnnotations_closure5.class
cda1d33eda38a354abfbf91d221b6658aae33c5d03dfe611dc9e182b5ad88760	build/classes/java/main/org/codehaus/groovy/runtime/InvokerInvocationException.class
cdc9194c83bc3c10d8041e6e63909c7cb6d02be5b9ad6b0107f169a56348f483	build/classes/java/main/org/codehaus/groovy/reflection/stdclasses/ObjectCachedClass.class
cdd5130b3042de9b407234fb2e66de8c08856e0ab018c3b1da04f0705d4b1415	build/classes/groovy/main/groovy/util/FileNameByRegexFinder.class
cdd9c6ed0f19b5c4c31e6d45dff2dc1ed6b997b2f3a42c874f21baf4484ef8bf	build/classes/java/main/org/codehaus/groovy/transform/stc/DelegationMetadata.class
cddfa163b30605ad1c75a6f162884d9c8378aad9f95a57755c634c166a85ee91	build/classes/java/main/org/codehaus/groovy/runtime/metaclass/ClosureStaticMetaMethod.class
cdfb3b7d003a592d147413ef1e7bea76d0239a67d0620607a9f4045f43eb4f78	build/classes/java/main/org/codehaus/groovy/runtime/dgmimpl/NumberNumberPlus$DoubleInteger.class
ce2a00b720ea7041c09b05c2aa960911eacfc1ff9cd671a01b68ba17488acd95	build/classes/java/main/org/codehaus/groovy/ast/stmt/EmptyStatement.class
ce2c12cfcf12d472cf216b10c5e0f866d9bf55dc46ba439b980a3507a0e02d2a	subprojects/groovy-xml/build/classes/groovy/main/groovy/xml/StreamingSAXBuilder$_bind_closure6.class
ce4a24019be59ea21febd7f1028d5c952027063ffb8b60287a48490650de2878	build/classes/java/main/org/apache/groovy/parser/antlr4/GroovyLangLexer$PositionAdjustingLexerATNSimulator.class
ce4b57895b343f994edefa18370f78208578259921da26d838e8acddf9ae2d44	build/classes/java/main/org/codehaus/groovy/reflection/CachedField.class
ce5675208c9f78ad49af0b2e24bb590899434f46abb4d7e9eb34b00625b129f6	build/classes/java/main/org/codehaus/groovy/ast/decompiled/Annotations.class
ce637815a4f1c403fdd2adf4c2ed4e1cec1bf620960784d073a8579840737e4a	subprojects/groovy-groovysh/build/classes/groovy/main/org/apache/groovy/groovysh/jline/SystemRegistryImpl$Pipe.class
ce6cf6d42ac27add7d516cedc73bdc118b0cdce7a67d8221d08b944e05f95a9d	build/classes/java/main/groovy/lang/groovydoc/GroovydocHolder.class
ce7bbde6de5dc789b12ce0f2fbb0994662221d8756640fc8938a503b929bec03	subprojects/groovy-cli-commons/build/classes/groovy/main/groovy/cli/commons/CliBuilder$_expandArgumentFile_closure21$_closure22.class
ce8cc3a477af18fc8ca0df562e09651bf51b331d126c0e285db65f6f2b719217	build/classes/java/main/org/codehaus/groovy/tools/StringHelper.class
ceb7e2e2017dea35be4a9ba62c952f4f244cd5ee879a1495a4f3af224b01b07d	build/classes/java/main/org/codehaus/groovy/runtime/DefaultGroovyMethods$DropRightIterator.class
ced41f838163a75c2bd2c2a120091b884bab3c73b083929c0dfd7d147b93a807	build/classes/java/main/org/codehaus/groovy/runtime/DefaultGroovyMethods$PlusIterator.class
ced9a6535a322630cbe708a1c966d8a79952cbd7f1db81b56533aca6b0fcb3d5	subprojects/groovy-test/build/classes/java/main/groovy/test/GroovyAssert.class
cefb9fcecee440f612ac26c63fc985bc6195a9b4703bc470e0a5c429c2433049	build/classes/java/main/org/codehaus/groovy/runtime/ConvertedMap.class
cf09f21e745407a63881e1812df8156cf3347409b079e373fa51d34fdaf9186a	build/classes/java/main/org/codehaus/groovy/transform/TupleConstructorASTTransformation.class
cf2fc8ae1343df7ddc73d397d2157a307c34c3dafdca3e6f11b35d123c57bf74	subprojects/groovy-console/build/resources/main/groovy/console/ui/icons/package_add.png
cf5592707dc4275e5cae4c1d8d102c9768a0c78830cbc26af9da5c1650dd864a	build/classes/java/main/org/codehaus/groovy/classgen/asm/InvocationWriter.class
cf55d2adfb61c664551db9fcfa9fa700791190ef0a323ce006053ce48ebc99e5	subprojects/groovy-groovydoc/build/classes/java/main/org/codehaus/groovy/groovydoc/GroovyExecutableMemberDoc.class
cf58dfb97f0b126d8963ac0499eb97e1f92de8358bb6bd0158899f002ff49aa9	build/classes/java/main/groovy/lang/Grab.class
cf60e3ec4c769b7e9a1adb860536a065fac42de88458ad033447c873f87467da	subprojects/groovy-contracts/build/classes/java/main/org/apache/groovy/contracts/ast/ClosureExpressionEvaluationASTTransformation.class
cf68c8e0d67962a38d02bef5cef4497005ae43e57db0a27c0b7cf7ff2b509af9	build/classes/java/main/org/codehaus/groovy/ast/DynamicVariable.class
cf778809ee9f67b6900590f038ec01df227159ebd079eb9cadce696db6969989	subprojects/groovy-console/build/classes/groovy/main/groovy/console/ui/AstNodeToScriptVisitor$_visitLambdaExpression_closure25.class
cf7ef5dbc9a279cf7c877b11f106992afe18aff5fbce8211324a78d8b7e51992	build/classes/groovy/main/org/codehaus/groovy/control/customizers/ASTTransformationCustomizer$_setAnnotationParameters_closure1.class
cf9349b945129dd73c45117417fad323194c34d8726ce6dd46f0757e938c04eb	build/classes/java/main/org/apache/groovy/parser/antlr4/GroovyParser$CatchClauseContext.class
cf93685e1174f96f1a5738ace9a3dd347fbfbb185348ee85d16c353d969b35dc	build/classes/java/main/org/codehaus/groovy/ast/expr/ArgumentListExpression.class
cfa4b98fe28f49f5ae6c2584280bd219da2e36830c27370efc8559af7ed743c5	subprojects/groovy-console/build/classes/groovy/main/groovy/console/ui/view/BasicMenuBar$_run_closure1$_closure7.class
cfa89e11f16111d9456dd986e82f0ee2b49ba94d2dd6ddbcf9cb48463df635ad	subprojects/groovy-macro/build/classes/groovy/main/org/codehaus/groovy/macro/matcher/ASTMatcher$_visitConstructorOrMethod_closure9$_closure59.class
cfbfa2ecf9ae18bf8a96930c01b1ac2a80b9476daa6a873923656bf9473aad3b	build/classes/groovy/main/org/codehaus/groovy/tools/GrapeMain$ListCommand$_run_closure1$_closure2.class
cfd99ae0ed42b2ef5894657512c713f6402b09fe6ccbb95550ca983319dc9663	build/classes/java/main/org/codehaus/groovy/classgen/asm/util/TypeUtil.class
cfda78d0e04c2aba06ef63017ef4aeb688456244cd020cf55a7a7a1eb36d7925	build/classes/java/main/groovy/util/ObjectGraphBuilder$ChildPropertySetter.class
cffe1a13e4ae0002a9fa6eefbffce03253ecc15d79740439ab30a8c183dfe01c	subprojects/groovy-console/build/classes/groovy/main/groovy/console/ui/AstBrowser$_compile_closure9.class
d006ccdc6350c2a750dcf7df4b8539626aae2032fe189f0b68dfc2688cb988e2	build/classes/java/main/groovy/util/BuilderSupport.class
d00bc06bebba4f170eda05e18a02bf1e4d767667ade188e810be2cc3a87f642a	subprojects/groovy-jmx/build/classes/groovy/main/groovy/jmx/builder/JmxMetaMapBuilder$_buildOperationMapFrom_closure6.class
d02895fd3fca8aa7c9cd957569e61b466d365de5e7d40bcc2529cca5d88e9e59	subprojects/groovy-console/build/classes/groovy/main/groovy/console/ui/TreeNodeBuildingVisitor$_visitStaticMethodCallExpression_closure18.class
d03b2888ae1bc1fcb82a36d984c3d78aad0adeac631cc4841bda40f878ecde56	subprojects/groovy-console/build/classes/groovy/main/groovy/console/ui/view/Defaults.class
d03c12165ddb4c8cc4ef0f72239acf6a0d4724474d02a7caf1585cf49cd355ba	subprojects/groovy-astbuilder/build/resources/main/META-INF/services/org.codehaus.groovy.transform.ASTTransformation
d04ecfc93ff86c44f6fc39e35945e3d8a7648ba8fcd97a2635920df2e88893b3	subprojects/groovy-console/build/resources/main/groovy/console/ui/icons/cross.png
d055845f49c64da84bc9b8c3eaf7baa2a1f09ae56f89e56b9997403a0f865769	build/classes/java/main/org/apache/groovy/util/concurrent/concurrentlinkedhashmap/LinkedDeque$AbstractLinkedIterator.class
d079cb12b5babd2290c8181d919e8b9ac321aa28bbc273d7354090383604ba3a	build/classes/java/main/org/codehaus/groovy/transform/tailrec/ReturnAdderForClosures.class
d07dba1c7e30b9ee14b667945de748d8aa8cf0ff716b285d4977a7f40e50f3dd	subprojects/groovy-ginq/build/classes/groovy/main/org/apache/groovy/ginq/provider/collection/runtime/Queryable.class
d08d0d24fe01fae04bf50ca7dea0a0d355ec6331647e470661c95cfc1f585aab	subprojects/groovy-groovydoc/build/classes/java/main/org/codehaus/groovy/tools/groovydoc/SimpleGroovyRootDoc$ClassNamedCache$Entry.class
d08fdfa922123c39383925a38bcbe3101b34a4a1c616ad732f10f19ab8e786fb	build/classes/java/main/org/codehaus/groovy/classgen/asm/OptimizingStatementWriter$StatementMeta.class
d0b6696bb37d9a4239266299cea7bdeac2c4dca7eaa3ffe04542f594f1a82c0d	build/classes/java/main/org/codehaus/groovy/transform/tailrec/HasRecursiveCalls.class
d0b805b2ad2304551ff2400e181236e7e438a7c0daf7aa875d7fbcd5631c793a	subprojects/groovy-console/build/classes/groovy/main/groovy/console/ui/Console$_copy_closure28.class
d0c235f45e5142ef56c9cd438312fec180ba708b2be1d2f0d1281ed39c1ad5d1	build/classes/java/main/org/apache/groovy/parser/antlr4/GroovyParser$ContinueStmtAltContext.class
d0ebfa6e71a75e5e7708f3b995e1f75eebf1fd924794348e93351beff7a56fc5	build/classes/java/main/org/codehaus/groovy/transform/tailrec/TailRecursiveASTTransformation$1.class
d0f7160c33c14ed84c3a59ab02d11aa7f15039184ac5229902bb049a44a0d939	build/classes/groovy/main/org/codehaus/groovy/control/customizers/builder/ASTTransformationCustomizerFactory.class
d10d2d5a37ce67834afa2894f52482feff0e210f59362999f6c4c9359b5378ad	subprojects/groovy-json/build/classes/java/main/groovy/json/JsonSlurperClassic.class
d131b1fe6580944d2ff7e4f52a003ed8fb4f8e41628ee742e365f9d7c1dda22c	build/classes/java/main/org/codehaus/groovy/runtime/dgmimpl/NumberNumberDiv$FloatFloat.class
d13e326bcb78fe49191b6a85b92ed87d9c6fa12533a01eb0d213923234e5f9c4	build/classes/java/main/org/apache/groovy/util/BeanUtils.class
d14a620548524c25f4fbef458c397b7145a9f837ec52ee94316d8aabd3e3b685	build/classes/java/main/org/apache/groovy/parser/antlr4/GroovyParser$ContinueStatementContext.class
d175a4a81fb254f1890dead8d362efafca85362ab82601648b875ea0a83bd4eb	build/classes/java/main/org/codehaus/groovy/runtime/typehandling/NumberMath.class
d18eb3d5c66323aac9a3aae85ccfe853108af22090f05ed29988127e76f78b11	subprojects/groovy-groovysh/build/classes/groovy/main/org/apache/groovy/groovysh/jline/GroovyCommands$_maybeRemoveItem_closure6.class
d1a58f3c4e96dfaf2470d5fe104468c64bae3bd8c40537d24a760e0b15ea9c00	build/classes/java/main/org/apache/groovy/parser/antlr4/GroovyParser$SwitchBlockStatementExpressionGroupContext.class
d1b7b39392586d7ba7947fe7723027eeb6bbe39be40cbc3e565e0f6ae2e5c5cb	build/classes/java/main/org/codehaus/groovy/transform/stc/StaticTypeCheckingSupport$LongArrayStaticTypesHelper.class
d1fc11e061b635f90380f32f620ecb3e3ba003df7e333f053f4d771b835d9bc1	subprojects/groovy-ant/build/classes/java/main/org/codehaus/groovy/ant/VerifyClass$1.class
d22a11d53d38572f540a9064794ca10240db3a57fb63343a6475764940c1df2f	build/classes/java/main/org/codehaus/groovy/transform/AutoCloneASTTransformation.class
d238b0fe7975ca306944d1756e8214411c4044a567e7ff996f19f9c1ebd7882f	build/classes/java/main/groovy/util/ObservableMap$MultiPropertyEvent.class
d246ba60a142476cef7fc54351ff3e14a89f2e59236650e7fc09c03ffa82dbff	build/classes/java/main/org/apache/groovy/ast/tools/AnnotatedNodeUtils.class
d25b4903ef6a3a4487d78d0ada614e717506279f7d69f94f834d8c1bcb59b4f5	build/classes/java/main/org/codehaus/groovy/util/ReferenceManager$CallBackedManager.class
d267a8205b34bb1fb602c1bf434033419216469262852325a9252a8d94460dea	subprojects/groovy-macro/build/classes/groovy/main/org/codehaus/groovy/macro/matcher/ASTMatcher$_visitImports_closure5$_closure54.class
d26d1da604a77915c09d93ec0f962919df96cfd00a63a0e068a0563417cdcc8d	build/classes/java/main/org/apache/groovy/util/concurrent/ConcurrentReferenceHashMap$CachedEntryIterator.class
d26ed10c54a7f45b50109203d71bf13eee34805e2f8e59e04b48a860984f256c	build/classes/groovy/main/org/codehaus/groovy/control/customizers/ASTTransformationCustomizer$_setAnnotationParameters_closure1$_closure2.class
d28f1047872a25837f664691888bbc7e735450551780694445df3baebfd2902c	subprojects/groovy-swing/build/classes/groovy/main/groovy/swing/factory/PropertyColumnFactory.class
d28f5ceef2b9f76777182e3c5863d72f3aa7ff0acf0d4b85af4a92dc22bf752a	build/classes/java/main/org/codehaus/groovy/transform/stc/Receiver.class
d2a0998bf9bd38c3cd0bca33d62d41b9d4125dd6a0f5f5fa272e0f8c3c6cfe60	build/classes/java/main/org/codehaus/groovy/classgen/asm/BytecodeHelper$StoreVarHandler.class
d2abf922d6bb494d99e6ecfa5a4540887a674896f7b4f3be69447d7d2dbc502b	build/classes/java/main/groovy/lang/GroovyShell$1DoSetContext.class
d2ce09af18ed886ad4f91d6c3b9824db835e48833e1666c286dcd697f00647c9	subprojects/groovy-console/build/classes/groovy/main/groovy/console/ui/ObjectBrowser$_makeCard_closure3$_closure13.class
d2dc0a0c7ca5565fee4a5088268891c402aa74c5a300ac8df16627698201128c	subprojects/groovy-jmx/build/classes/groovy/main/groovy/jmx/builder/JmxTimerFactory.class
d2f1c61059ce16d9326241ce4817929c4301571b29948d9741012047cc754e00	build/classes/groovy/main/org/codehaus/groovy/transform/TimedInterruptibleASTTransformation$TimedInterruptionVisitor$_wrapBlock_closure1.class
d2f7c4760b90b4c07ec60bd1a0c435321b35c354fec2f47ad24ccc039fc7a744	subprojects/groovy-ginq/build/classes/groovy/main/org/apache/groovy/ginq/dsl/GinqAstOptimizer$_visitGinqExpression_lambda3.class
d2fde5724716f1a262d271ac03287d278b80ed3145bca27329801bdf58cea975	build/classes/java/main/org/codehaus/groovy/transform/ASTTransformationVisitor$1.class
d31e760d96965d51a756c33885e552000522a69a9757b94fb1b72c003681e235	subprojects/groovy-docgenerator/build/classes/groovy/main/org/apache/groovy/docgenerator/DocGenerator$_generateIndexMap_closure14.class
d32207e9ec432affd8e8f58eed48e270b9889c0314703937ee528c0530043267	build/classes/java/main/org/codehaus/groovy/transform/trait/TraitASTTransformation$PostTypeCheckingExpressionReplacer.class
d323783063e2f01547aed62cdb7c7ec1f7f538a3fe5031de9356499cc0d26397	build/classes/java/main/org/apache/groovy/util/JavaShell.class
d33e7e065fbfcbed1a02cf36cf402dd36c5728bb9e886ac4b5fb3d5054f2ee94	subprojects/groovy-macro/build/classes/groovy/main/org/codehaus/groovy/macro/methods/MacroGroovyMethods$1.class
d3408eff1e3d3168b29168931fd83c14364727f08efb22f5f13b12646ac12828	subprojects/groovy-ginq/build/classes/groovy/main/groovy/ginq/transform/GQ.class
d34ef2c6c878fed95a4a88f336a293de96533dc96a440beac9eb2fb3dc3ff9b2	subprojects/groovy-ginq/build/classes/groovy/main/org/apache/groovy/ginq/provider/collection/runtime/WindowDefinition.class
d34fb49a9d7e606536ab1d8d948ecb5b2c3349b6df6ccc5eba71374530346b2f	subprojects/groovy-sql/build/resources/main/META-INF/groovy/org.codehaus.groovy.runtime.ExtensionModule
d36b87938ec93a3352d7985700af1285f9236776fb153fbe67f6ac99032fb475	build/classes/java/main/org/codehaus/groovy/runtime/StringBufferWriter.class
d36fb9b2c77ccf48e9cbc55dff1b1b9f5cdb5bf63ada5b0a2cb57f077f6fe814	subprojects/groovy-console/build/classes/groovy/main/groovy/console/ui/ObjectBrowser$_makeCard_closure3$_closure14$_closure20$_closure25.class
d381262037972f3b6ea1eba5320b45e770f1c156430cd66626da6405917a816c	subprojects/groovy-console/build/classes/groovy/main/groovy/console/ui/text/AutoIndentAction.class
d38452fb87375af7d5815c4adf61aa5748e31c406cde26e3393d57da5ca347ef	build/classes/groovy/main/groovy/cli/CliBuilderException.class
d3ae1a56825a57b00e0604b7788589e38f17c5b0d87faff2ccadd3cce10623b4	subprojects/groovy-groovysh/build/resources/main/org/apache/groovy/groovysh/commands/PurgeCommand.properties
d3ae1a56825a57b00e0604b7788589e38f17c5b0d87faff2ccadd3cce10623b4	subprojects/groovy-groovysh/build/resources/main/org/codehaus/groovy/tools/shell/commands/PurgeCommand.properties
d3bc9424e89b18122a1f84b69a7e5ec6b189488313780b916f9149ab621bc770	build/classes/java/main/org/apache/groovy/util/ScriptRunner.class
d3c67bd44ed1f40236b47d13ad8a88f8a4632c7f3867b67069b2a3b6d1372e01	build/classes/java/main/org/codehaus/groovy/control/OptimizerVisitor.class
d3e89df679a11b5b8e57ab1eb1ce4b1a28eb017efbf29b1c696ee43706c3a253	build/classes/java/main/org/codehaus/groovy/transform/sc/transformers/BooleanExpressionTransformer$OptimizingBooleanExpression.class
d3f0207e70a1e3e3b21d2a7e421f5e5eac5fb81dc277e37f3f6a9d77b2ad7b2d	build/classes/java/main/org/apache/groovy/parser/antlr4/GroovyParser$ThisFormalParameterContext.class
d405b7231bfb409aed380169536e31df6a5ae95ad72b96298b5de61dd0f38c02	subprojects/groovy-console/build/classes/groovy/main/groovy/console/ui/AstNodeToScriptVisitor$_visitMethod_closure13.class
d41177048646daee67170aee42a4194978a33e67f48423aee3fbaf2f97e045b8	subprojects/groovy-swing/build/classes/groovy/main/groovy/swing/factory/TextArgWidgetFactory.class
d42867db2dd8ac1c9a0e2162f9a28dd494d83a5cd54483561f3f39aabd356907	build/classes/java/main/org/apache/groovy/plugin/GroovyRunnerRegistry.class
d432f7ef561853c48314ec8e163f437c9b3ae92b4ef10b1d399d5df57c0aa3ee	subprojects/groovy-docgenerator/build/classes/groovy/main/org/apache/groovy/docgenerator/DocGenerator$_generateAll_closure9.class
d43dca77fcf01bcc0938e7553b9419880b3aab41ecb7091e0e1057a82b31bbc7	subprojects/groovy-swing/build/classes/groovy/main/groovy/swing/factory/CellEditorPrepareFactory.class
d4422a44cd83d5a19429a34c7791c5ecd1403a0746e167b4fa291d093cf5af05	subprojects/groovy-groovysh/build/classes/groovy/main/org/apache/groovy/groovysh/util/DocFinder.class
d44fa0a5d697f39c8af0f3c84d8149822f03d970939afb81b0071b3c6b93c7af	subprojects/groovy-swing/build/classes/java/main/org/apache/groovy/swing/binding/PropertyBinding.class
d47d350d410a06a69510e593c3ee59aae1c1bade83a06abdf34d6b8f9480e420	build/classes/java/main/org/apache/groovy/util/concurrent/ConcurrentReferenceHashMap$WeakValueReference.class
d48583390a91445daefedab914acb689deabd092aed1cb1872bcb1ca63602b57	subprojects/groovy-groovysh/build/classes/groovy/main/org/apache/groovy/groovysh/jline/MavenCoordinateCompleter$_isVersionDirPresent_closure8.class
d49a98ecad7a1e4707387d1bd51543d4360db9d1e253229a853acb9e6295780a	subprojects/groovy-cli-commons/build/classes/groovy/main/groovy/cli/commons/CliBuilder$_processSetRemaining_closure14.class
d4a0a8fc520a4a278e65c753ba56d28cb3b8fa3207f61c5cfc30269f63d0df38	build/classes/java/main/org/codehaus/groovy/runtime/ReverseListIterator.class
d500f614aacbbbe176347fe7fcd56a5dea4d067944c830d04b7c0b6b00b919cc	build/classes/java/main/org/codehaus/groovy/runtime/m12n/StandardPropertiesModuleFactory.class
d51125a960d973b51b26b4e4632b0129b67f0bd1012c136a41caf6f081cd055f	build/classes/java/main/org/codehaus/groovy/runtime/metaclass/ConcurrentReaderHashMap$Entry.class
d51860d711e874ba23d94cba2f27f57b58b5d613e70dada10e4fbd8e836db0f1	subprojects/groovy-groovysh/build/classes/groovy/main/org/apache/groovy/groovysh/jline/SystemRegistryImpl$UnknownCommandException.class
d55618c9241b7ee5ef0efc9d90c3f2649901539391c8760e2d6781e8742dfe37	subprojects/groovy-console/build/classes/groovy/main/groovy/console/ui/AstNodeToScriptVisitor$_visitClass_closure9$_closure36.class
d56a399639ac178d471b2080ec87358c09a2e2e51cef07d63f6b4befd286917e	build/classes/java/main/org/codehaus/groovy/runtime/m12n/PropertiesModuleFactory.class
d5a7c9856e5959d1907019ad7f2a79ba299713f1ba1ee5d41b1ba57f9541ac7f	subprojects/groovy-jmx/build/classes/java/main/groovy/jmx/builder/JmxEventEmitter.class
d5b685db1fe1a4dc6bb863fc664d41844988c6a64db3dda4f49be95dc43efcdf	subprojects/groovy-macro/build/classes/groovy/main/org/codehaus/groovy/macro/matcher/ASTMatcher$_visitClosureExpression_closure22$_closure82.class
d5be45d81f060bd8b39876181c3a949c7b8aae0fb48b84b4fcc91c467a470ef4	subprojects/groovy-cli-picocli/build/classes/groovy/main/groovy/cli/picocli/CliBuilder$_addPositionalsFromAnnotations_closure10.class
d5c3a9c2b79bc95ead0428ad5052ab1966aeb22d7500d2f846870f1dc5ecd1d1	subprojects/groovy-macro/build/classes/groovy/main/org/codehaus/groovy/macro/runtime/MacroBuilder$1.class
d5f1d86500e30f4082dab54bb1015cc9a1729a6f3ae7ed9904fc940e4e60dd1f	subprojects/groovy-console/build/classes/groovy/main/groovy/console/ui/ConsolePreferences$_main_closure3$_closure11.class
d5f5130576220204b567e6c757149304ee147a768fcf5e215f81ee7f4f24ff74	build/classes/java/main/org/codehaus/groovy/control/LabelVerifier.class
d61b16c05cebeb105230c348b3d2a5f1872c92cba89784194ea09bd86df90883	subprojects/groovy-console/build/classes/groovy/main/groovy/console/ui/ObjectBrowser$_makeCard_closure3$_closure14$_closure22$_closure43.class
d61d90de3e4558d09e2c51644dd67b74e471fe122cbbb71d898646302c41ef9d	subprojects/groovy-contracts/build/classes/java/main/org/apache/groovy/contracts/domain/AssertionMap.class
d6275ddfc85a0a301062abe4de72f5e53a8359be04796409b83d2e4af26f0333	subprojects/groovy-xml/build/classes/java/main/groovy/xml/FactorySupport.class
d6386f6f577b4a4970111d8784e0945ae00466948a13c2910a09fea6c0a6df23	build/classes/java/main/org/codehaus/groovy/ast/VariableScope.class
d639ece5c8faa641d1f9eac6902a374915e1121a1f0e6c1e6ad426237a695f17	subprojects/groovy-console/build/classes/groovy/main/groovy/console/ui/ObjectBrowser$_makeCard_closure3$_closure14$_closure21$_closure33$_closure36$_closure37.class
d64733c5e26d0fce57e06237e460bc474f082b9d324f9264c1e967b3e395b01d	build/classes/java/main/org/codehaus/groovy/control/customizers/builder/SourceAwareCustomizerFactory$2.class
d66a7f5057c2e3be3e4cb0d3224d54e23faecf93ed8b0f88722a730cfbfb2cd9	build/classes/java/main/org/codehaus/groovy/classgen/asm/BinaryIntExpressionHelper.class
d674e09b21f1d8c5b4b4ae39a74442e236372ec0a443583559d30936bea122bd	subprojects/groovy-console/build/classes/groovy/main/groovy/console/ui/view/BasicContentPane$_run_closure3.class
d6830e732a7313ef2290bb693881132eff21aacdec8f28ca4a6e7a58340b55c5	build/classes/java/main/org/codehaus/groovy/control/customizers/builder/ImportCustomizerFactory.class
d687495228fbda755fbdfa97e738b16014fbf21c02859dd3d0a0037a4647fbc7	build/classes/java/main/org/codehaus/groovy/transform/stc/StaticTypeCheckingSupport.class
d691d4b42d5ed5fae42a126a945a275cfdbec3f417f494cd595cf2d67f377fba	build/classes/java/main/org/codehaus/groovy/reflection/CachedClass$CachedMethodComparatorByName.class
d699bbd46b0d9e9492c6519f6bb170081553c9bcadde0b5a690af150744c8178	build/classes/java/main/org/codehaus/groovy/classgen/asm/OptimizingStatementWriter$OptVisitor.class
d6a92a5018048f1ff67ff4ec772e3e8942164f2dc963502c70778d255087c772	subprojects/groovy-macro/build/classes/groovy/main/org/codehaus/groovy/macro/methods/MacroGroovyMethods$MacroValuePlaceholder.class
d6b82d755b572f34d0d54e51c75c6ceae2378aeb05e83063462add15dcbc231c	build/classes/java/main/org/codehaus/groovy/runtime/IOGroovyMethods$2.class
d6bf42b23133985f98fcfdd00074803328560212681c72380ddc98e11ad65ed3	build/classes/java/main/org/apache/groovy/util/concurrent/ConcurrentReferenceHashMap$SoftKeyReference.class
d6c1e03eb9d028481d5c2074768cfc1bb4b945edee07f3751853d1bd5697bf01	subprojects/groovy-docgenerator/build/classes/groovy/main/org/apache/groovy/docgenerator/DocGenerator$_parseSource_closure2$_closure19$_closure20.class
d6dbab499c439337e329ef08e57ca9f291fec3313ff637641f44e0e9806573b9	subprojects/groovy-console/build/classes/groovy/main/groovy/console/ui/ConsolePreferences.class
d718c36b47cb049b82da85312d21009fe0aaddd4317d0831dd6fcac62890595d	build/classes/java/main/org/codehaus/groovy/runtime/metaclass/NewStaticMetaMethod.class
d721c99d19fe07e298a6a0f879829538ebc14f47fd8ac4a28915a4ba8c704eca	subprojects/groovy-console/build/classes/groovy/main/groovy/console/ui/Console$_loadScriptFile_closure10$_closure33$_closure35.class
d72925e80cc5b58e8b9d94162c59cfc501ff61a9255dabdb76d24f5aebd71d21	build/classes/groovy/main/org/codehaus/groovy/ast/builder/AstSpecificationCompiler$_enforceConstraints_closure1.class
d752ee6eaf87ddb8806b251f6ee6eb4c8fd0c3bee8adac64b657f4dd39c7bc0a	subprojects/groovy-json/build/classes/java/main/org/apache/groovy/json/internal/SimpleCache.class
d7596ea6c402bcd4d8f7208bb687524aab3389752c5a4b44c2c61ae8c7c27e0e	build/classes/java/main/org/codehaus/groovy/runtime/metaclass/MetaMethodIndex.class
d774095bd0691eb5cf04b5f14bea1fa48da0bf269990d5ab5eca706e33cf0987	build/classes/java/main/org/codehaus/groovy/classgen/asm/MethodCaller.class
d777351ea8e23e0335645ca6b96506fa1e112fa404d3fa6f8a9db732adfafab3	subprojects/groovy-test/build/classes/groovy/main/groovy/test/JavadocAssertionTestBuilder$_getLineNumberToAssertionsMap_closure2.class
d7775206eb9542c31b013b02ff54b0f70fd0d17fd30001c2fb214b9a31e0e5aa	build/classes/java/main/groovy/util/ObservableMap$ChangeType.class
d77cb1d4d35b6b86b2ed18ce73f7304eb95c9ff687db96ccd3bc91916ffcd1d4	subprojects/groovy-templates/build/classes/groovy/main/groovy/text/Template.class
d78a2d19b8ad9a5a9f95a825e7e1f2e40ca51ea42fa2b4c4c1605478b6839b3f	subprojects/groovy-console/build/classes/groovy/main/groovy/console/ui/TreeNodeBuildingVisitor$_visitTernaryExpression_closure21.class
d7a10de5b7330434d70574dd0e0115ed49481d65316dd615aebf68ad4b651990	build/classes/java/main/org/codehaus/groovy/reflection/stdclasses/StringCachedClass.class
d7ab78e02a4e2f7ac5bc9a99a6bbf68869a69cfcfa4d99da364fe57e830f8ca3	subprojects/groovy-macro/build/classes/groovy/main/org/codehaus/groovy/macro/matcher/ASTNodePredicate.class
d7cc6966665e9c43f92da56d244fc36a14221b517f1451a23ed236e70731f7f9	build/classes/java/main/org/apache/groovy/parser/antlr4/GroovyParser$TypeListContext.class
d81a823877fde1ff9f48e4372fd0926ed51f7e4a13ad7692615860b646841695	subprojects/groovy-sql/build/classes/java/main/groovy/sql/ExpandedVariable.class
d827e4f0e015048a12ed0006733e10b918a3a037d790ec74b9002b569ce3f27b	subprojects/groovy-swing/build/classes/groovy/main/groovy/swing/factory/TableLayoutFactory.class
d82b9daf38f5a95c08114b79faf5ffbc66f17fa6b7d3663c56df2f96e5bb6077	build/classes/java/main/org/codehaus/groovy/control/CompilationUnit$ProgressCallback.class
d82d8a3ed5487cbfc2932ff2642dc5ebf78ce26b84c22a86c316056ff9be497d	build/classes/groovy/main/org/codehaus/groovy/ast/builder/AstSpecificationCompiler$_array_closure11.class
d8439b00d64f2a64c1a68d62badfc25bb5272950f823686bf2c398e13a84416f	subprojects/groovy-swing/build/classes/groovy/main/groovy/swing/factory/LineBorderFactory.class
d876b2f0110d82f94c09242c80d5fd34b1ba37d1acde5c769f2e4159e7cb5052	build/classes/java/main/groovy/lang/GroovyCodeSource.class
d887c10e90600acd8c7ec03588a257d256c303cdd87a64ad11062dbc6c138ffc	build/classes/groovy/main/groovy/util/FileNameByRegexFinder$_getFileNames_closure1.class
d88b30a704084857e226b64a671b15afdc54c4f34efc7bae33d17e37854116ab	build/classes/java/main/org/codehaus/groovy/control/customizers/SecureASTCustomizer$StatementChecker.class
d8a3d7367890720ba4fa661af47c36147fbd2f35dc9fda9c7928276745a7f770	build/classes/groovy/main/org/codehaus/groovy/control/customizers/ASTTransformationCustomizer.class
d8a87064c65605f0955e4fb8cd1598aa7cc2039284e252b3788763705a746eed	build/classes/java/main/org/codehaus/groovy/runtime/metaclass/TransformMetaMethod.class
d8bb13d62f71f81ba97fccfcf172e34ea00b99f43fbedf6e3fe514e16aa2cfb2	subprojects/groovy-swing/build/classes/groovy/main/groovy/swing/factory/EmptyBorderFactory$_newInstance_closure1.class
d8cbfce412ca5a722ae74355626d9840a3a99c553740bbf23ade0ddfebbd47c2	subprojects/groovy-sql/build/classes/java/main/groovy/sql/OutParameter.class
d8db0e23284ec5a1a07e24c4e8edf59d6a48c8ae1f72024d9e3e0fb9adb0d1ca	subprojects/groovy-xml/build/classes/groovy/main/groovy/xml/streamingmarkupsupport/AbstractStreamingBuilder$_closure1.class
d8ed865502ef07519654130831cc09e9cb37323e561a8e29595ceef70c5add35	build/classes/java/main/org/codehaus/groovy/runtime/memoize/ConcurrentSoftCache.class
d8f8bb8711da64e32f3666512948834fbbbd62b0ae1c1998cf06fd06aa52ac09	build/classes/java/main/org/apache/groovy/parser/antlr4/GroovyParser$WhileStmtAltContext.class
d900e3088f1a2662075454226acb838f082688a97dd182a6a283222ea8d055f1	build/classes/java/main/groovy/lang/Closure.class
d9047631192bed5558772bcc6b91238126261241161fd78eae92725d07fd6d77	build/classes/java/main/org/codehaus/groovy/util/FloatArrayIterable.class
d904c89275fc8cba41d2b130b123869aac37a97f2ebd2cdadce6e312547fe899	subprojects/groovy-console/build/classes/groovy/main/groovy/console/ui/HistoryRecord.class
d91f402f3cbec57a0858d7d35fac1b4a8a63806cb1cce9cbb995107fe93a02e2	build/classes/groovy/main/org/codehaus/groovy/ast/builder/AstSpecificationCompiler$_parameter_closure9$_closure28.class
d937f9e0f7627b473d1728906daa1d8228bb35946005d55a6ae025ceb2978bdf	build/classes/java/main/org/codehaus/groovy/runtime/metaclass/MissingPropertyExceptionNoStack.class
d939f4ff99481362a7515ad875ce40f5d63b4be4c40bdfc52d3fd6455695ffe1	subprojects/groovy-groovysh/build/classes/groovy/main/org/apache/groovy/groovysh/Main$_main_closure4.class
d941d22831fcaab6941ae65394c4bf8a319be73af33d70f71c67bc6078a9d62a	subprojects/groovy-ginq/build/classes/groovy/main/org/apache/groovy/ginq/provider/collection/GinqAstWalker$_constructOrderCtorCallExpressions_closure7.class
d9505af9d761dff955c29c00ca491fb9622f17626515a1a6a5322da19e04cb42	build/classes/java/main/groovy/lang/MetaClass.class
d9539392a2c9e480c86952d6ba592b9dd64bf9d19d53be725c1230f5c536af85	build/classes/java/main/groovy/lang/MissingClassException.class
d96b81ce12cc568d1df34033d3c55ccc7bd3c8a5503c68ff05bd0e7607d9451c	subprojects/groovy-test/build/classes/java/main/org/apache/groovy/test/ScriptTestAdapter.class
d976fa71e99e0b03f3d8e53da168807c85c009fecdd847d108be1bd862ce73fb	build/classes/java/main/org/apache/groovy/parser/antlr4/GroovyParser$YieldStmtAltContext.class
d97dc3bc5fa3c4e360725e23161c398ce1bf72bb1f250fd4d25e0c0b798d14f7	build/classes/java/main/org/apache/groovy/parser/antlr4/GroovyParser$BlockStatementContext.class
d9983636ff1701797d154a1530134c9b693e41b1897744acb8ccd16ca11f5026	build/classes/java/main/org/codehaus/groovy/transform/InheritConstructorsASTTransformation.class
d99f4da4ced787975176ebc642b9f1353491cf4d822a90a1911654203169fd24	subprojects/groovy-xml/build/classes/java/main/groovy/xml/slurpersupport/NodeParents$1.class
d9be1fe21f10c43d3fa8d826865f0ae331365b4502da36298eb80da6418f60c6	subprojects/groovy-console/build/classes/groovy/main/groovy/console/ui/TreeNodeBuildingNodeOperation.class
d9eb7b51ad3ad1445091d197e61bf6c7be75c3ce1ec84eb3bd5c84848efe463c	subprojects/groovy-json/build/classes/java/main/org/apache/groovy/json/internal/NumberValue$1.class
da064921d9aeb67046dfcd8ba8cd26439a866f49ab6485c14e581be966203204	subprojects/groovy-contracts/build/classes/java/main/org/apache/groovy/contracts/generation/CandidateChecks.class
da144c8bc63ecfa12f55b4fbfe6e61490cb2015595db20b6b5a6533ba946033d	build/classes/java/main/groovy/lang/MetaClassImpl$9.class
da50af3db60669b205bde6af03b7d2c87391230f774b694e1fb9d0e5b06e953b	build/classes/java/main/org/apache/groovy/parser/antlr4/GroovyParser$BlockContext.class
da53625973c3d074df4ee4c60237cc9dd8c1375196d16d833be61ecb15dcbb7c	build/classes/groovy/main/groovy/beans/ListenerListASTTransformation$_addFireMethods_closure3.class
da56ef83c6fd2d821fd2a8751beb5c8402dce2116afdac3c359fb230544bcaea	subprojects/groovy-groovysh/build/classes/groovy/main/org/apache/groovy/groovysh/jline/GroovyCommands$_closure1.class
da615dd1c5c4057b9b4c6a66349fa54a16aaf35cc4e6b28942e23503a2231900	build/classes/java/main/org/codehaus/groovy/transform/NamedVariantASTTransformation.class
da66b53b118dcca806481dfa729eefab60045afa2f8011baeb255fd111dc3f81	subprojects/groovy-console/build/classes/groovy/main/groovy/console/ui/AstNodeToScriptVisitor$_visitCaseStatement_closure23.class
da6fa7386c6d2c05d71464bf07f02a11988187fcbad21115b0dfafafc61f1808	subprojects/groovy-console/build/classes/groovy/main/groovy/console/ui/ObjectBrowser$_makeCard_closure3$_closure14$_closure24$_closure61$_closure64$_closure69.class
da76fbf17023d176a6cdf57377a63a21c3b1737a9ceff53385f7f5afce2f2e00	subprojects/groovy-templates/build/classes/groovy/main/groovy/text/markup/TagLibAdapter.class
da888b27ad3fd4e7e9c8a3e7c5e5a07dbe935ec91b5fbc2d9a4433e4c24a9dc7	subprojects/groovy-console/build/classes/groovy/main/groovy/console/ui/TreeNodeBuildingVisitor$_visitListExpression_closure31.class
da8cef0c1ef50378b64ae63919918c7ae771215da00f8978a6b02dc9f3534c52	build/classes/java/main/groovy/transform/stc/ThirdParam$FirstGenericType.class
da95c18e5a9ba8b1202dfae6851278d3ce9ffa32012c3393e2d4dd2543d1acc4	build/classes/java/main/org/apache/groovy/parser/antlr4/GroovyParser$LiteralPrmrAltContext.class
daa74bc59f589d1809b89b02ce1c29fba3cdec04477323945089496de2181f79	subprojects/groovy-groovysh/build/classes/groovy/main/org/apache/groovy/groovysh/jline/ObjectInspector.class
dab1b969813e5b2514ded0c54ec5c749dde1e1a371a6f3e162b5d8f66c62974b	subprojects/groovy-console/build/resources/main/groovy/console/ui/icons/arrow_redo.png
dad0f1848db7ceb483881805447e24f9487f50bdade4837bd13d014a71793a06	build/classes/java/main/groovy/lang/ExpandoMetaClass$MixedInAccessor$1.class
dadff2b89444889a197b527c8347b7c54bbd230457d6a057608240762b5c0c38	subprojects/groovy-contracts/build/classes/java/main/org/apache/groovy/contracts/generation/OldVariableGenerationUtility.class
db0d209471e888cf4e204905d226876da7d80e59d4e170f14c77c680c12054b1	subprojects/groovy-console/build/classes/groovy/main/groovy/console/ui/AstBrowser$1$_mouseReleased_closure1.class
db136921876aea6213293985532fe70574c021bb4e3d879cef1481afd98126a1	subprojects/groovy-console/build/classes/groovy/main/groovy/console/ui/ObjectBrowser$_makeCard_closure3$_closure14$_closure23$_closure50$_closure53$_closure58.class
db39c2dba80bbbaa53a481831b0e3924a8426474b20c420eefdfb6b78538c482	subprojects/groovy-console/build/classes/groovy/main/groovy/console/ui/AstNodeToScriptVisitor$_visitObjectInitializerBlocks_closure10.class
db476593f793ab1a062fd0c7cefb103c3a640fdd682a8c2a02f1ab1b4015cf03	subprojects/groovy-sql/build/classes/java/main/groovy/sql/Sql$25.class
db70e022f792d0c35c2aa2522eadeb1cc87250fb2ca65a0e129e5c9dd7b147ef	subprojects/groovy-console/build/classes/groovy/main/groovy/console/ui/AstBrowser$_run_closure5$_closure41$_closure43.class
db71bc95738de3fe19dc47c8b57bc7601bc30c4f62a5dd4a946e7bfcbbc35f81	subprojects/groovy-console/build/classes/groovy/main/groovy/console/ui/TreeNodeBuildingVisitor$_visitVariableExpression_closure46.class
db78786cd9f4efb0041689117931040ed3773c3ba237dd50b995438c39ef0dbb	subprojects/groovy-docgenerator/build/classes/groovy/main/org/apache/groovy/docgenerator/DocGenerator$DocType.class
dbac9863b87b5d2e4d3c545101eb555fd7cabbc3958ac4f00a378b2b544dc637	build/classes/java/main/org/codehaus/groovy/runtime/IOGroovyMethods.class
dbb4d7ca57e16e960f8064f3511d24b07f535ad9c0f05ba296e46862b371342b	subprojects/groovy-console/build/classes/groovy/main/groovy/console/ui/TreeNodeBuildingVisitor$_visitAttributeExpression_closure49.class
dbdd8dea9cfa1e2625895403d37d3558cbd8b046ab0b59bdd509d471225f2826	build/classes/java/main/org/codehaus/groovy/util/LazyReference.class
dbe07bdc1f05cf79d32f18ed072c73971fd69bb1b5e1348158ae7be4783b025d	build/classes/java/main/org/codehaus/groovy/transform/NewifyASTTransformation$NewifyClassData.class
dbe1a7aec484bc09fbcd51d69e2c823bdfff1045b59c8a42d7d07ba772c34d25	subprojects/groovy-cli-picocli/build/classes/groovy/main/groovy/cli/picocli/CliBuilder$_extractAttributesFromMethod_closure12.class
dbe928794da79f00d3310c1ded82eea7651762b361e218e99327ab612689efe4	build/classes/java/main/org/codehaus/groovy/transform/tailrec/StatementReplacer.class
dbf896a0e525640a4a9d3aad2d7247f705c35c6002411ea1d3cd81377448b5b8	subprojects/groovy-typecheckers/build/classes/groovy/main/groovy/typecheckers/FormatStringChecker$_closure4.class
dbfc84d8233c117685cb4a0007a76793b6404ace0683eca086fd293ecf51c599	build/classes/java/main/org/codehaus/groovy/ast/expr/BitwiseNegationExpression.class
dc3034ea2ca579f9ddcb3e45520de0e080006e17d44cf3438b72aead78b435e3	build/classes/java/main/org/codehaus/groovy/control/customizers/builder/SourceAwareCustomizerFactory$SourceOptions.class
dc340aebd0e032efc99fe26a7071e19e5abc5552b6f00d1ff74c595fd5a2ea5d	build/classes/java/main/org/apache/groovy/util/concurrent/concurrentlinkedhashmap/EvictionListener.class
dc466868a1f3450e8fba3ace8532317301955b8ec5b43df828f02847cbdc9fc3	build/classes/java/main/groovy/transform/options/DefaultPropertyHandler.class
dc5f0d713bf2e9d16bafdad919f075acc0a4dbf8cc627615797541f66f304f08	build/classes/java/main/org/codehaus/groovy/runtime/DefaultGroovyMethods$ZipPreIterator.class
dc6064c336c423836a8bdaf6114efa8447545f6359290c730cc02aab359a9b3f	subprojects/groovy-console/build/classes/groovy/main/groovy/console/ui/TreeNodeBuildingVisitor$_visitGStringExpression_closure51.class
dc60c61d10f34f057d0f532348b7a35679330367d06291bd66daaa74e6650246	subprojects/groovy-templates/build/classes/groovy/main/groovy/text/markup/MarkupTemplateEngine$CachingTemplateResolver.class
dc616bce498201b13843f76f52055a20764fa1e047540efbcda39d397969061b	subprojects/groovy-swing/build/classes/groovy/main/groovy/swing/factory/CompoundBorderFactory$_newInstance_closure1.class
dc63f6226075bd612a5d23a317c0065d1281cc0b2a229ef7ad65ab97a6d4cf58	build/classes/java/main/org/codehaus/groovy/ast/stmt/Statement.class
dc673837fedde2888932ad2886a065be1498e831599fa0d3a43ed1e831fcfa4d	build/classes/java/main/org/apache/groovy/util/concurrent/concurrentlinkedhashmap/Weighers$ByteArrayWeigher.class
dc85e13c60200b726b0419abdf1602eca9a617dc90762e5686531e3ab3d8c462	build/resources/main/META-INF/services/org.codehaus.groovy.transform.ASTTransformation
dc9f38a917e5e7f5d67caebfc9cc8136150c87a3c3848c7d6b8f5e9fdbdb1dc3	subprojects/groovy-contracts/build/classes/java/main/org/apache/groovy/contracts/common/impl/lc/PreconditionLifecycle.class
dca0f085d2bde624b971dcc209dd1582105187c19cfe76a2a394ae5860da4504	subprojects/groovy-jmx/build/classes/groovy/main/groovy/jmx/builder/JmxMetaMapBuilder$_buildAttributeMapFrom_closure2.class
dca4ca921e603b78e0e983a33d364e9fd0ac89faf14df29463b38d0cbe3cfc8b	subprojects/groovy-console/build/classes/groovy/main/groovy/console/ui/text/TextEditor$ShiftTabAction.class
dca8ed0f93204f58a3d5b45022a60e96ec7fad0987d6a4ce70fbc2942a43793a	subprojects/groovy-servlet/build/classes/java/main/groovy/servlet/AbstractHttpServlet.class
dce3db5483103ad4e818e26d2e2de96e511f2f0365bc9466a9278b31294bc9f4	subprojects/groovy-ginq/build/classes/groovy/main/org/apache/groovy/ginq/provider/collection/runtime/Group.class
dcebe87b68f930557902c29a4859c75cad70a1c9649d39f4e4e531eb454c81f7	subprojects/groovy-contracts/build/classes/java/main/org/apache/groovy/contracts/generation/PreconditionGenerator.class
dcef821adefe6d481553fe3a10459e3cfe184a3c6dfe2d244f4019403be7c4d6	subprojects/groovy-console/build/classes/groovy/main/groovy/console/ui/TreeNodeBuildingVisitor$_visitListOfExpressions_closure56$_closure59.class
dcf63cfc670621b89c7212dfe4116199c446cc58fcb168135ac580933c6e8826	subprojects/groovy-swing/build/classes/groovy/main/groovy/swing/binding/JComboBoxProperties.class
dd00878a949bcc43a4eef3794682f9ef8bee9f20e460455c49238292fcedaee7	build/classes/java/main/org/codehaus/groovy/ast/expr/LambdaExpression.class
dd04815b79789264e9423f4a4c303e44f662310f242bf0e54a95f723524ab8d8	subprojects/groovy-json/build/classes/java/main/org/apache/groovy/json/internal/ValueList.class
dd0f38a5bfc5059ce14526d9352af85d4795fd6da60070d0cd26bc661ce5a53f	subprojects/groovy-test/build/classes/java/main/org/apache/groovy/test/transform/NotYetImplementedASTTransformation.class
dd115add53c8827780f4aa050a5fa7dd51cc83f6b87930010eaf8c2c23bc8d0e	subprojects/groovy-sql/build/classes/java/main/groovy/sql/Sql$19.class
dd27f016bcc5ea4deb7b85c19547e4d612984421a0e835612cd07726a68fc944	build/classes/java/main/groovy/transform/options/Visibility.class
dd6ea9f38c3bf46adba665eea8552bc6ff9fa184a683a3f771d6706d31392beb	subprojects/groovy-groovydoc/build/classes/groovy/main/org/codehaus/groovy/tools/groovydoc/Main.class
dd7cfda2dfd7a8ed1f92309afcdda9cd634e6e5c497934529d47868ff4d9a569	build/classes/java/main/org/codehaus/groovy/ast/PackageNode.class
dd8b5206ef4f34587235c186c5b40f4196fca1336d01a7632fb24602adb573c5	build/classes/java/main/groovy/util/logging/Slf4j$Slf4jLoggingStrategy.class
ddb00f7bd29371daa96bab29756527976b5d6a6c2f1051251d10b9048aacad74	build/classes/java/main/groovy/util/NodeList$1.class
ddb26e2f4e1035156edecfb03aabe6e67c887d202e8a754378c27dfaa29852bf	build/classes/java/main/org/apache/groovy/parser/antlr4/GroovyParser$NonWildcardTypeArgumentsContext.class
ddbfa58ba663d4c6e20755440b351fefb857edf3e8898434aa3af5feb7d0e35d	subprojects/groovy-contracts/build/classes/java/main/org/apache/groovy/contracts/AssertionViolation.class
ddc159269da94188e83ab817cc5ce7468dbbd37499ed6a71a65adc27914eb7e2	build/classes/java/main/org/apache/groovy/ast/tools/ExpressionUtils.class
ddc602ab369aec549e1c5cbe55b4f6e02aea38afaf5eb6584a8ad672dc15a240	build/classes/java/main/org/codehaus/groovy/control/CompilationUnit$IGroovyClassOperation.class
ddc8ba80b6c18528d0b5c184d676a74b2c1d9c3ff9169a979889dfc05eb0ef66	build/classes/java/main/org/codehaus/groovy/runtime/DefaultGroovyMethods$FindResultsIterator.class
ddc932c81881b971cb62b36cf228be0917a9575f7e5ca612cd8525ac1879423e	subprojects/groovy-test/build/classes/groovy/main/groovy/mock/interceptor/CallSpec.class
dddc409c707ec15b6a74337de0ed5773c7790158e7b295df329f88f5a9041a58	subprojects/groovy-contracts/build/classes/java/main/org/apache/groovy/contracts/common/impl/lc/ClassInvariantLifecycle.class
dde310f5ac9245f2c960ecddcbadbf639e577b7b6c5301631f6b5295478dac57	build/classes/groovy/main/groovy/grape/GrapeIvy$_resolve_closure14.class
de01fb07db4fe59b253830fd36fee6fb7c0d1a5fb2133df921b98b0a0802ecc6	subprojects/groovy-macro/build/classes/groovy/main/org/codehaus/groovy/macro/matcher/ASTMatcher$_visitImports_closure5$_closure57.class
de02f3b5ddb0cfe8cafb73ed0d9636fd08085718a2e267bf74e5345bf2265cc8	build/classes/java/main/org/codehaus/groovy/classgen/asm/ClosureWriter$UseExistingReference.class
de0a93fd52720542ecd91a8a96d60f57b0b301056fa44a095aed87cb620518ef	build/classes/java/main/org/codehaus/groovy/util/ReferenceType$1.class
de2054b6359d8fb3acb5e75316e423dcb67d5a0a8b2ef4ca644790f76f706201	subprojects/groovy-groovysh/build/classes/groovy/main/org/apache/groovy/groovysh/jline/MavenCoordinateCompleter$_suggestGroupIds_closure3.class
de26f30f6c26c5fd52f83dffd1c7525eedb32b94edee55be5e362f2dab495e60	subprojects/groovy-swing/build/classes/groovy/main/groovy/swing/factory/MatteBorderFactory.class
de38a36d313e7185d0971b016a99188fd40bb6b936a7fc8a218e2d5660ae05d8	subprojects/groovy-console/build/classes/groovy/main/groovy/console/ui/TreeNodeBuildingNodeOperation$_makeClosureClassTreeNodes_closure1.class
de46413b0df9b30af9534b6560b49fbaa5452a8ed91a132295fd2af217fee9f6	build/classes/java/main/org/apache/groovy/metaclass/Realm.class
de4fb57fb7c3f619023cf2df79b0d0a4de515cb4590707e8ecba8fccbc359381	subprojects/groovy-ginq/build/classes/groovy/main/org/apache/groovy/ginq/provider/collection/runtime/QueryableHelper$ThreadPoolHolder.class
de615588ed6a77d27deea13ec4dbb43aeabedeb772df202f42db9d47cdf7a1c2	build/classes/java/main/org/codehaus/groovy/runtime/metaclass/MetaClassRegistryImpl$1.class
de6b5a38065c93df2b9fcc6dbb52365ffd9541b807b3951f06a8cd1e36e9f3ac	build/classes/java/main/groovy/lang/GString$1.class
deb108ec3e2363fe79b696a7c8cd9e61eb13af25eb2bf06836aa690bb3591518	subprojects/groovy-console/build/classes/groovy/main/groovy/console/ui/view/BasicMenuBar$_run_closure1$_closure5.class
deb5c5499f627dcffb21eae47d5c4b4ca44c8e1209e98e57be3c02d566784381	build/classes/java/main/groovy/transform/options/ImmutablePropertyHandler.class
deb74351d0112e5bbd2cb1ecc95103086bd4ae29d74d3c6744a26156985d482d	build/classes/java/main/org/codehaus/groovy/runtime/metaclass/OwnedMetaClass.class
dec5e947c98720c5e806cc382d67e1380a62eec324dda60378726363c3cfbeba	subprojects/groovy-ginq/build/classes/groovy/main/org/apache/groovy/ginq/provider/collection/runtime/Queryable$Order.class
dec76fd54e6c6eae2b0fe5b5068fc6c9262baf966898f2eb20a68780b520c18c	build/classes/java/main/org/apache/groovy/parser/antlr4/GroovyParser$KeywordsContext.class
df027e055c43d9348c58de059695d1f85bbda02af0e236b054485bdd120ee3c6	subprojects/groovy-swing/build/classes/groovy/main/groovy/swing/factory/TitledBorderFactory.class
df0e636868152d75f288a59adb7fc983198baed07bba1c7214235ad2a0dadd8c	subprojects/groovy-ginq/build/classes/groovy/main/org/apache/groovy/ginq/provider/collection/runtime/QueryableHelper.class
df1246d0bafb6d83482001b5908533355973d48ad7e351699755081855ffd937	build/classes/java/main/org/codehaus/groovy/classgen/asm/sc/AbstractFunctionalInterfaceWriter.class
df1e3e6d874a96e69f6f64de517403549a9f6bca48e4e8a72b715633c712356e	build/classes/groovy/main/groovy/transform/ImmutableProperties.class
df1fbfd71dc7b8102e81f96d6d37173e8cb26725954eb5286f442bb1aa1e2558	build/classes/java/main/org/codehaus/groovy/transform/MapConstructorASTTransformation$1.class
df22c7c0284e9e28f12f6e6c109b37d1d2d40978aa45cc00b950aab897cb9030	build/classes/java/main/org/codehaus/groovy/runtime/dgmimpl/NumberNumberPlus$DoubleDouble.class
df347de2b630ea51226afda2d8d187ffbb59fee4d289247d83f144dba930e6ba	subprojects/groovy-groovysh/build/classes/groovy/main/org/apache/groovy/groovysh/jline/SystemRegistryImpl$PipelineCompleter.class
df7673c07082d309353ba8e2fdb0c2d1e5085ac8b906e706d5f47858f3f4e6de	build/classes/java/main/groovy/util/MapEntry.class
df89e551fa88cb3d71897289ccfb7ebf49885789a962588a61a63d18894bf2d2	build/classes/java/main/org/codehaus/groovy/control/CompilationUnit$ClassgenCallback.class
df8ae25824274ca7a28c3d5e8cae825c857f07c941252d8af95f52cc7348bb3b	subprojects/groovy-servlet/build/classes/java/main/groovy/servlet/TemplateServlet.class
dfa7363a7221f37076c4f9ec041717d3cfbc053fbdd1a339af89501d397e5954	subprojects/groovy-xml/build/classes/java/main/groovy/xml/XmlUtil.class
dfa96fe01b65ca95f9804cae90f9c6b3937322b35beee10ac67ec827e69b14dc	build/classes/groovy/main/groovy/grape/GrapeIvy$_uninstallArtifact_closure11$_closure22$_closure23.class
dfaec59480610e3f729eedc254bf014908ba314cda92838f786ebde635948b33	build/classes/java/main/org/codehaus/groovy/transform/SealedASTTransformation.class
dfaef204038b76fda8c3fa55cbac8e6c50a931dff69bd244b255f66d721aa397	build/classes/java/main/org/codehaus/groovy/control/customizers/builder/SourceAwareCustomizerFactory$1.class
dfb589316a42a84d752d29c95b637d4800d4137eed5feed6ba6d320bc8d210e3	build/classes/java/main/org/codehaus/groovy/classgen/Verifier$8.class
dfbda8ed566667badca1a42548020a773bee1d0e10a0779a62d4b49a74b277ee	build/classes/java/main/org/apache/groovy/parser/antlr4/GroovyParser$Dim0Context.class
dfc461fc84905b25ffb8f897c61d3e3460fd434951bd464ac8617439a5ac3627	build/classes/java/main/org/codehaus/groovy/ast/expr/ConstructorCallExpression.class
dff0f8429360cd1163e3a3278db85035e56fc2b510703c502d42ac0dfca3cf7e	build/classes/java/main/groovy/transform/ImmutableOptions.class
dff8f03e0951a7df7de0de02b2e13b1e932603578bd833015cb69b765bc64551	build/classes/java/main/org/codehaus/groovy/transform/RecordCompletionASTTransformation.class
e02511772ccea32aa821aa699906ecacdde0b00e0ec6cf87dc1c0f0e62bdde44	subprojects/groovy-groovysh/build/resources/main/org/apache/groovy/groovysh/commands/ClearCommand.properties
e02b996bb8893600b9814f7130b85f32aaa454f94fb50b0ea9382863b72ed1af	build/classes/java/main/groovy/util/ObjectGraphBuilder$ClassNameResolver.class
e03af3533ffa0177d6c6fa00cec64fbcf77ff6b307fe836874c094b88a9f07bc	subprojects/groovy-ginq/build/classes/groovy/main/org/apache/groovy/ginq/provider/collection/runtime/SourceRecord.class
e04ea21bdf12fc3dbbd370102a14e6350f38dad0dc854dc30296cb83b2510b86	subprojects/groovy-typecheckers/build/classes/groovy/main/groovy/typecheckers/FormatStringChecker$_closure3.class
e0759afda6029fe362daed2b2fe7939caa1c15cc57a2d67688b3e35df974e9b1	build/classes/groovy/main/org/codehaus/groovy/tools/GrapeMain$Install$_run_closure1.class
e07ecb372b99e0683ec5448cb744178c99643f2ae7ce4cdd6d8ae3a9ed2ffb7b	build/classes/java/main/org/codehaus/groovy/classgen/AsmClassGenerator$6.class
e094c8d31b384abef7d7a8f418afa901a9d87bb4696d337625554e54a31a00db	subprojects/groovy-jmx/build/classes/groovy/main/groovy/jmx/builder/JmxMetaMapBuilder$_buildOperationMapFrom_closure5.class
e0be5a2edb52809d65260fc235531f72386146151813e5bc60e588f841edee5d	build/classes/java/main/org/codehaus/groovy/runtime/MethodRankHelper$RankableConstructor.class
e0c32565cf541c7219a77f9cadc4144a2bf382a06203cfe00c0149154a539011	build/classes/groovy/main/groovy/transform/Canonical$CollectorHelper.class
e0f5798a57ec5fc776232574f1b086070d6bb59f9af3dea38d6c50fbf731d864	subprojects/groovy-swing/build/classes/groovy/main/groovy/swing/factory/HBoxFactory.class
e1253497ceb28a9522b5e714c329fc76b9e9fc4af51d43022ff54fd459db5ba1	build/classes/java/main/org/codehaus/groovy/runtime/callsite/PogoGetPropertySite.class
e1269a47f52383b8f669bc8dadf78bcd361ca620983b1bc45fa3b5ed0c2d23e3	build/classes/java/main/groovy/transform/TypeChecked$TypeCheckingInfo.class
e12e182fac028c606878ac730e27c10035236557066965b7634ecc77b7e780d8	subprojects/groovy-console/build/classes/groovy/main/groovy/console/ui/view/GTKDefaults.class
e15290e1f90521364de0a7e89f15939cbdd578d94183a530f46deda7cad982ba	subprojects/groovy-groovydoc/build/resources/main/org/codehaus/groovy/tools/groovydoc/gstringTemplates/topLevel/allclasses-frame.html
e1543fb120b53119e120b18cd33034ee8f604081b336cdb44ae009ad21a5e200	build/classes/java/main/org/codehaus/groovy/control/CompilationUnit$2.class
e161a5f177f27829f20be322391b76e450dc2dd962e3f740080fff49df5d2e41	subprojects/groovy-swing/build/classes/java/main/org/apache/groovy/swing/extensions/SwingExtensions$7.class
e18024b6490563025b3f66afb40d05d1a829b5a7a42b1f8cb080954dba9f65cd	build/classes/java/main/org/codehaus/groovy/transform/stc/StaticTypesMarker.class
e18464b43e666e4047a0c6f44a3dc17e83ba97383be71db2d739ac9bae35b808	build/classes/java/main/groovy/lang/MetaBeanProperty.class
e186c8d4977691a489890d6a5e6a59e0340ebdf8dba176b1f28e7455dbaabcbd	build/classes/java/main/org/codehaus/groovy/ast/stmt/ForStatement.class
e18c563b76fb5e796259b57cefced36c20823bf51c66085bfe0fc2de3e7a4c0b	subprojects/groovy-console/build/classes/groovy/main/groovy/console/ui/ConsoleTextEditor$2.class
e1a46d517e2a45844833b8133ea93fcdfd03bcec1a532f98f8b978b91580659f	build/classes/java/main/org/apache/groovy/parser/antlr4/GroovyParser$CastExprAltContext.class
e1a9689e4b569c91c84c47b0be6a9c9d9606b80428717086b32ee71f66a10160	build/classes/java/main/groovy/transform/NullCheck.class
e1d6f98084af349e247ae39113e465384dd7810ed7749cec52976fd03a963934	build/classes/groovy/main/org/codehaus/groovy/tools/ast/TransformTestHelper.class
e1d97297d9a81ce9c425d88aecbb8eef511faac1db9d12fca839dd234743d487	build/classes/java/main/org/codehaus/groovy/ast/GroovyCodeVisitor.class
e2230b736902a3c8fa6a3cdfd29cb1fd531e52a4147be315c70e77e1d7222fa2	build/classes/java/main/org/apache/groovy/parser/antlr4/GroovyParser$ReferenceTypeContext.class
e231c32508f15de5f54260f172c0af7fb01b15c8adc776844e21eb26ad94b480	build/classes/groovy/main/groovy/cli/internal/CliBuilderInternal$_create_closure1.class
e23cb1c32cd732e3454d8ce74f54d48f9a0a2ce4847d0d7ca095497062b64c4c	build/classes/java/main/org/codehaus/groovy/tools/shell/util/Logger.class
e23dd2a7fa7f97fdd003ef3342f1157eecbdc174bad968fe9e54922993946def	subprojects/groovy-groovydoc/build/classes/java/main/org/codehaus/groovy/tools/groovydoc/ClasspathResourceManager.class
e244ab3fae063a8ae63abfd3ada2bf0ce98b88d2f5c9116addc305f878aa887a	subprojects/groovy-contracts/build/classes/java/main/org/apache/groovy/contracts/util/ExpressionUtils$AssertStatementCollector.class
e255fa6ce4a01f5ea1004155880a8208290840c8557275a0cb5fdad092005431	build/classes/java/main/org/codehaus/groovy/runtime/dgmimpl/NumberNumberPlus$DoubleLong.class
e2655f8684e564de73e62db46611671b9b9543df602cd327045798f6e6e7bcec	subprojects/groovy-console/build/classes/groovy/main/groovy/console/ui/ObjectBrowser$_makeCard_closure3$_closure14$_closure23$_closure50$_closure53$_closure56.class
e28123b230ed61ed87a41233127610eb2febd62a5a5359af5ca86382e4840401	build/classes/java/main/org/codehaus/groovy/ast/decompiled/EnumConstantWrapper.class
e287ce07c459928658cce056cc9fca620e87b105c0e93ece1d5508fedf17457f	subprojects/groovy-groovydoc/build/classes/java/main/org/codehaus/groovy/tools/groovydoc/SimpleGroovyExecutableMemberDoc.class
e28aabf740a8bfca9071604e3339777145622eb63c9537eb8bbc854c825395e3	subprojects/groovy-contracts/build/classes/java/main/org/apache/groovy/contracts/generation/ContractExecutionTracker$ContractExecution.class
e28cd9d685330c048c0e9ac7258b550a803ea35aa76ff7dfcde8e81144e95e49	build/classes/java/main/org/apache/groovy/ast/tools/ImmutablePropertyUtils.class
e2a5aa866066cf55745c471af2120b62d7ed2992e67d4ba58fb4ad436f14055c	build/classes/groovy/main/org/codehaus/groovy/tools/GrapeMain$Uninstall$_run_closure1.class
e2afc0020b5ca427bfb1f9f7a09e4264945ca0284689f8041a8cc81416c8f5f4	subprojects/groovy-console/build/classes/groovy/main/groovy/console/ui/ObjectBrowser$_makeCard_closure3.class
e2bd46bab388b6eed814217a3a3ea3f7d71f180d017ffdf948c3f6a3d87b307e	subprojects/groovy-jsr223/build/resources/main/META-INF/groovy/org.codehaus.groovy.runtime.ExtensionModule
e2ca60bdd38bb4e365e6f6225f8ffceb70a1ab064f36105166901d0c1e678f71	build/classes/java/main/org/codehaus/groovy/classgen/asm/indy/IndyBinHelper.class
e2d2b4da3534f7d13714db2277923ccd3e61b451ba53e934c1f65e2243feefc3	subprojects/groovy-macro/build/classes/groovy/main/org/codehaus/groovy/macro/matcher/ASTMatcher$_visitMethodPointerExpression_closure31.class
e30d6276c590435d6de2b9eab157e57360f9027c8a1cc68308529570d07edf85	build/classes/java/main/groovy/lang/TrampolineClosure.class
e31f1ba5a61263ad51c005851b1a99de76e29ea30ddf2c361803eb4dbcdbf806	build/classes/java/main/org/codehaus/groovy/vmplugin/v8/IndyMath.class
e3270a9e216f220daf5c6c78075dc4a2e9b6c20294efe9e6e97689f2acd7c95b	subprojects/groovy-console/build/classes/groovy/main/groovy/console/ui/ObjectBrowser$_makeCard_closure3$_closure14$_closure24$_closure61$_closure64$_closure68.class
e33259474baa89d9ef6201feb57062d841b5b50a647b754180e6a94b117e77a3	build/classes/java/main/org/codehaus/groovy/vmplugin/v8/PluginDefaultGroovyMethods$TransformedFuture.class
e33e7d5b47e50ec3df1a44df436e293d384669dbeb41674e21efbeba787c3e2b	build/classes/java/main/org/apache/groovy/parser/antlr4/GroovyParser$BooleanLiteralAltContext.class
e33f87d01ad9af680c6165c11ab954b6607d25e8bf75dfa8291e240b7d0e463f	build/classes/java/main/org/codehaus/groovy/antlr/PrimitiveHelper.class
e352ee8c65a47139655c83c950e4dc77ff8626207926c0de70e78cabe781b763	build/classes/java/main/org/codehaus/groovy/runtime/callsite/ConstructorMetaClassSite.class
e37ce755f58007a2e1ef9ce2005250817f96c261bb0aa40ba9e90bad87b66539	build/classes/java/main/org/codehaus/groovy/runtime/dgmimpl/NumberNumberMultiply$LongFloat.class
e387a3f167889894f4e2f29b4ae50b0149afb3aba4722c58c185d116b1f6a0b0	build/classes/java/main/org/codehaus/groovy/util/ReferenceManager$1.class
e38aa9c69e6318b760ad49b23a932dbac5be1e24d0737cde755bd9e780f0c9fa	build/classes/java/main/org/apache/groovy/parser/antlr4/GroovyParser$ClassDeclarationContext.class
e3bba638427ef2d02d84a6f782d8c143d415ba051c381d53236f112781113e51	build/classes/java/main/org/codehaus/groovy/ast/stmt/ExpressionStatement.class
e3d01f33bb8047de48f977601987f666a4f12684f403759ef16c1128654cec54	build/classes/java/main/org/codehaus/groovy/ast/InnerClassNode.class
e3de00e6478c25a970f7157ee05fb63e410cf36ce7bf093f75d2e6f7b26d5899	build/classes/java/main/org/codehaus/groovy/runtime/dgmimpl/NumberNumberMinus$IntegerDouble.class
e3e57d558ce5d49f6bc9995c4be1378673d3e08480d8e41e103c37e217e3dd48	build/classes/java/main/org/codehaus/groovy/util/ByteArrayIterator.class
e3e843b145d075f328d0db9c321d31b48fff2d9cdbd9bdb83bff02e529737da8	subprojects/groovy-xml/build/classes/java/main/groovy/xml/slurpersupport/GPathResult$4.class
e3f08785da10d92145b0a0b8a39576509c591da0496952e07871740fe2d2bd7e	build/classes/java/main/groovy/util/logging/Log.class
e3fa6d7bc8bc70e67b7d723a7e3fc6bd1a5b83be21093fed96bd24fe0a86644e	build/classes/java/main/org/codehaus/groovy/ast/AnnotationNode.class
e40314852caac13d5e454d15ddadd9fba11a946c50ec5142b6170ccb41c43323	build/classes/groovy/main/org/codehaus/groovy/classgen/genMathModification$_run_closure3$_closure7$_closure8.class
e412964137e2b9384c54df8c4689e9166658f6c77f7db8d6a216df03f41b6575	build/classes/groovy/main/org/codehaus/groovy/classgen/genMathModification$_run_closure2$_closure6.class
e41d558b72aa65ca7fadc719949f5e1a2078412f039c926003cfe09db3cd9158	build/classes/java/main/org/codehaus/groovy/runtime/dgmimpl/NumberNumberMultiply$FloatDouble.class
e45b2474cdd4bc183804e7010c7016308f82da64cfaca90ee2f67dd2a8f4751c	build/classes/java/main/groovy/lang/MetaClassImpl$6.class
e4607e58893fc31ce3a03e388d861d4137c5ebd6366dd258b11975561355ebfe	build/classes/java/main/groovy/lang/NonEmptySequence.class
e46fc971a954569ecd2bda30f9863a2d1585dc70d1ffc703a609783383956ae7	build/classes/java/main/groovy/transform/builder/SimpleStrategy.class
e485726937608ad2dd8e3fe51b789c5a62ab622e76e09e15bd35522386f72227	build/classes/java/main/groovy/util/ObservableList$ElementUpdatedEvent.class
e4a6c8db3dadcd3b6b02344513adb12a607ce4808867ef21e0efe7830982c02b	build/classes/java/main/org/codehaus/groovy/ast/ClassNode$MapOfLists.class
e4af626c31c4b5041ae56bf957df3bcb447a6b3c7ebc662cc247000ecfd88550	subprojects/groovy-console/build/classes/groovy/main/groovy/console/ui/ObjectBrowser$_makeCard_closure3$_closure14$_closure21$_closure33$_closure36$_closure39.class
e4b63a163e76a6df1ed3761a2e13f202f34e9617ad2a2cedc15da30970d157ec	build/classes/java/main/org/codehaus/groovy/control/CompilerConfiguration.class
e4c81845f2b792a6ae2bdc4dc1a4ba28f8067348f27d91008e30354b7b02c266	subprojects/groovy-console/build/classes/groovy/main/groovy/console/ui/ObjectBrowser$_run_closure2$_closure5$_closure7$_closure9$_closure10.class
e4d29043373dfb978150b5b0a0ddbca7a39bfefd63f3ab59591a76148e1804b5	build/classes/java/main/org/codehaus/groovy/control/ProcessingUnit.class
e4d5ddfbf7ae37612f3d469538a0a9117c52f7219d7c48891e3b01212d678016	subprojects/groovy-console/build/classes/groovy/main/groovy/console/ui/text/StructuredSyntaxHandler.class
e4d5f3c498b16d3d2efbac71bb06f01c622e92378979de4c0d38bda17f717cca	subprojects/groovy-contracts/build/classes/java/main/org/apache/groovy/contracts/util/LifecycleImplementationLoader.class
e4d702e84db2c07b48f9a952f616e6cdb95f25da9aaa5745cf3182d4b5b6f6c3	subprojects/groovy-console/build/classes/groovy/main/groovy/console/ui/AstBrowser$_run_closure4.class
e4e61366f9ff00ae59e289ad472a08a278cdfefa4ba088ae49dbb309e50698f2	build/classes/java/main/org/codehaus/groovy/runtime/dgmimpl/arrays/CharacterArrayGetAtMetaMethod.class
e4ef5481b17002e6c1b1a49bd7b8748f039b54404b0555671d15bf201026530c	build/classes/java/main/org/codehaus/groovy/vmplugin/v8/PluginDefaultGroovyMethods.class
e4f89c2f1d4f01ec6f4afc0f7925870c09d8c2817b797fc4a8bacf0e0e1f8a97	subprojects/groovy-ginq/build/classes/groovy/main/org/apache/groovy/ginq/dsl/expression/AbstractGinqExpression.class
e508883c3f4776a10498b0d2f58a322d0307beece9c40a84940f35735a17fa89	build/classes/java/main/org/codehaus/groovy/runtime/metaclass/MissingMethodExceptionNoStack.class
e511dc5e68cb210fff1da3e59c47f0f61cd85aa08d08352e80fef0c04b2c627d	build/classes/java/main/groovy/time/TimeCategory.class
e5134f6da390762ceae9e3072e2de04f52deda7b6f923a00b5b7eb03887a334b	build/classes/java/main/groovy/util/function/FloatUnaryOperator.class
e51c5d867ad3e3a966fcd399adeae01cbf83bcdbc8cd13645e4dbf49a69366ac	build/classes/java/main/groovy/lang/ReadOnlyPropertyException.class
e533fb4498625ae26c9f7c5fa036d34d058a95219af9ba975e31aee6a23d0a40	subprojects/groovy-swing/build/classes/java/main/org/apache/groovy/swing/binding/EventTriggerBinding$EventTriggerFullBinding$1.class
e5375167835e3e0e46a1d0358e19446872e7874b169a77a1963e5a19c784504b	build/classes/groovy/main/groovy/grape/GrapeIvy$_processCategoryMethods_closure4.class
e54561019ec9d68fd475b84a2f37c8291b9d6161dac997d9e60acd5756dbc83b	subprojects/groovy-macro/build/classes/groovy/main/org/codehaus/groovy/macro/matcher/NodeComparator.class
e54971ec4156deb3a4e715303f7fde04daf1ddd5c7adfc6a797e9c04ac5e7896	build/classes/java/main/org/codehaus/groovy/util/ReleaseInfo.class
e54cd98c9559ecb1f60cd0aded560bb177611ddf8c7585a100b3d50ee4be4123	build/classes/java/main/org/codehaus/groovy/runtime/SocketGroovyMethods.class
e569c5f88d5b6ee9e8c5e0d8af20af701f85b51abe02d377ddc5f78442559b24	subprojects/groovy-xml/build/classes/java/main/groovy/xml/markupsupport/StandardControlToUndefined.class
e572df4eb8d5cb0ec4c90c7e5e7f23d5edabbbf4b0821b53fd85d52dae56e61a	subprojects/groovy-console/build/resources/main/groovy/console/ui/AstBrowserProperties.groovy
e5747c9e363ec5819806c8efcec1ce7a2a813a070098f01f7e720d907ac98b3f	build/classes/java/main/groovy/transform/RecordBase.class
e58463b67959488f7b2b1f82120de83800263da9519f7ce0f8e273c816486870	build/classes/java/main/groovy/lang/Tuple5.class
e58578745ee02ce426751f66be129e0c04b8ac6c8e651efac8707dfc7e101e2e	build/classes/java/main/org/apache/groovy/util/concurrent/concurrentlinkedhashmap/Weighers$SetWeigher.class
e58913deae69c68ebbfd64e44700a94020dc5d9e90f1ec4039b015e01cf2df4d	build/classes/groovy/main/org/codehaus/groovy/classgen/genMathModification$_run_closure1$_closure4.class
e58f225c65ae21a8706640a2b6123f6fcb37ca1be0df09332de31f377a271081	subprojects/groovy-json/build/classes/java/main/org/apache/groovy/json/internal/Sys.class
e5a55f716a2d21757ca30812d5e35e5b9048113ce3bc0bf37565dba5c5e2e1d1	subprojects/groovy-console/build/resources/main/groovy/console/ui/icons/page_copy.png
e5b8582901cfc7ce5e4ee367ad5acdac9a8fff725172a63522b9bf0cf6f06d91	subprojects/groovy-swing/build/classes/groovy/main/groovy/swing/binding/JTableMetaMethods$_enhanceMetaClass_closure1.class
e5e049ee5ab758d4c2446fe53fd2c7b4f9b59b4c368b3e9f6400efe6060373ce	subprojects/groovy-typecheckers/build/classes/groovy/main/groovy/typecheckers/RegexChecker$_run_closure4.class
e5eb22ffcce195459cc13c795a8a689145cbbba94504e0d6a8a9d677f67a9848	subprojects/groovy-macro/build/classes/groovy/main/org/codehaus/groovy/macro/matcher/ASTMatcher$_visitBinaryExpression_closure16$_closure71.class
e61779b4894a42d4e82a4309dc9a55c9e205c84bc39f168d6452955a0a4899f8	subprojects/groovy-console/build/classes/groovy/main/groovy/console/ui/OutputTransforms$ListHolder_localTransforms.class
e64f9f1f177c8d559923b87927b479abcdc7ea43157c2bd36476449a8bbc9c67	build/classes/java/main/org/codehaus/groovy/transform/stc/ExtensionMethodNode.class
e65b5483fdb23c5766bea0c2604847e608b9607ef8f1e6a51245be9dce2d26df	build/classes/java/main/org/codehaus/groovy/transform/AutoFinalASTTransformation$1.class
e65ff33d80110401713ce6b9501e42458e2ee8739a4f4b7c1270f6e690d4af63	subprojects/groovy-console/build/resources/main/groovy/console/ui/icons/arrow_undo.png
e67fc0a8ae03f75e7cd5e72147a47d8ff672ec32b9a6ce88db92eaf541390a21	build/classes/java/main/org/apache/groovy/parser/antlr4/GroovyParser$ExpressionListContext.class
e68519464ff1943682010b9df753cbb98fd2e176e26b488fd92897acd4e79593	build/classes/java/main/org/codehaus/groovy/GroovyBugError.class
e688fb6987f71d10bfe3ea16eddc53dcade9e7f0bbc2ab7e34d3f004ab3444e4	subprojects/groovy-console/build/classes/groovy/main/groovy/console/ui/OutputTransforms$_loadOutputTransforms_closure3.class
e6a4fc7e0df6f56fe1314eafa68fabd81aef56da2114aba4917c483842f760e6	build/classes/java/main/org/apache/groovy/util/concurrent/ConcurrentReferenceHashMap$EntryIterator.class
e6b8580bbf1fb607b82344438aa5c86e6f1aa460630143cfdb33ced5fb85fa23	build/classes/java/main/org/codehaus/groovy/classgen/ClassGenerator.class
e6d3cb4d51d21079bf01ec6aabfacf9ee1058a402c2c21a2445bd54bff930e5b	build/classes/groovy/main/org/codehaus/groovy/util/StringUtil$_tr_closure1.class
e6def0359f0a5421f60cf47aefb262034bef2c4bf535f2f24af582b186e43b94	build/classes/java/main/org/codehaus/groovy/reflection/CachedClass$4.class
e6e23944ab262d53901687cec3645ec7d3a28599fbf666ad07c03270243ddb66	subprojects/groovy-contracts/build/classes/java/main/groovy/contracts/Ensures.class
e6fce9d505c79aa28e6f33ead28be591f4d6c5f2ede04f57f95c0152dd28ff41	subprojects/groovy-xml/build/classes/java/main/groovy/xml/dom/DOMCategory.class
e703ae383eb06244e0204ca50c975971be30fd31b8b61b7518ec8f7479ea0443	subprojects/groovy-cli-commons/build/classes/groovy/main/groovy/cli/commons/CliBuilder$_create_closure5.class
e72f01595dde79b5a38e38d6fae9832b9fd5f963a46e6ef0dca3bf4aa16d688d	build/classes/java/main/org/codehaus/groovy/control/CompilationUnit$GroovyClassOperation.class
e747e9f645823659f0b62da347f107a6413ec714620323563aad4de3c9418c9a	subprojects/groovy-swing/build/classes/java/main/org/apache/groovy/swing/extensions/SwingExtensions$1.class
e754c90f51fa6128a2f6358f71f79f6d60c586832f26b0692d29126a604c7f4e	build/classes/java/main/org/codehaus/groovy/runtime/ProcessGroovyMethods$ByteDumper.class
e75c82c93e218bc934d6e2ace0430180564ec42b54b9c72ac429dfdb6db2be7a	build/classes/java/main/org/codehaus/groovy/transform/MapConstructorASTTransformation$2.class
e762d3faae98eb4ea5e313753cf4df396f84bb361967c509a64a11cc5baddfe5	subprojects/groovy-swing/build/classes/groovy/main/groovy/swing/binding/JListProperties$5.class
e786ed2cc74e825ad83ae804fcd9e3128f4b5c1ca16c8ea4cf45ac0df79ed502	build/classes/groovy/main/org/codehaus/groovy/transform/ASTTestTransformation$ASTTester$_closure1.class
e79ab7174739c65729a9ea9b405ed2c77cb5e98091bb23ce6d416ca4aaae4ef4	subprojects/groovy-console/build/classes/groovy/main/groovy/console/ui/GroovyFileFilter.class
e79fe293fc51ad7bddea06cc9c5e8ffd3961dd9e4089c63ebaa2bd58230ee80d	subprojects/groovy-swing/build/classes/groovy/main/groovy/swing/factory/ScrollPaneFactory.class
e7a9027a8bb1eb412f4b16d9171d7b7875f5e2d51ef118bdc5b1294a97345f0b	build/classes/java/main/org/codehaus/groovy/runtime/callsite/PojoMetaMethodSite$PojoCachedMethodSiteNoUnwrap.class
e7b2a7fc541e5f0bc5e7739054a0bb4aa053724495fd0f4978fbecb4c28e08f8	subprojects/groovy-contracts/build/classes/java/main/org/apache/groovy/contracts/util/Validate.class
e7cd05eff0ca27a8fca75e17bcf9a488d4b3b4448a754d92bbc7a230a3fc0f0a	build/classes/java/main/org/codehaus/groovy/ast/decompiled/TypeSignatureParser.class
e7ceb1fd6ac53c70a6dc9bbfcbfa92670632ccf5a24267042b9bd04cd3fbd0b7	subprojects/groovy-console/build/classes/groovy/main/groovy/console/ui/AstNodeToScriptVisitor$_visitMethod_closure12.class
e7d0384bd7bf8d0400979942322e554f6c42ffcf8c200a110ae2e02b6fdb1a92	build/classes/java/main/org/codehaus/groovy/reflection/CacheAccessControlException.class
e7d2b85915ba25549670dbd7126ce8ae491f38aff4140ae8adb747b9cd4761ec	build/classes/java/main/groovy/transform/NamedDelegate.class
e7e54a39beb82daa347df601d1017c2c26fcc46091e4967dee8ea5af263722b3	subprojects/groovy-docgenerator/build/classes/groovy/main/org/apache/groovy/docgenerator/DocGenerator$_generateAll_closure7.class
e7ee817545e74e0b271219ee81d9593607bf8b92c1b42695fa4bf4e6497b4dd4	subprojects/groovy-console/build/classes/groovy/main/groovy/console/ui/ConsoleTextEditor$PrintAction.class
e7ef0d0bccf8464b033db841b61eb2bcbe76b34ae27817473d4a8fe6f73d89c2	build/classes/groovy/main/org/codehaus/groovy/ast/builder/AstBuilder.class
e806f6735dd4cc974ce665bfce07be4822ddb622bba46b77723374caaaa2b5c8	subprojects/groovy-templates/build/classes/groovy/main/groovy/text/StreamingTemplateEngine.class
e82060152593a85f5759ac50f4144caa9dd3ab7d8865a8096970fea717c4c8ef	build/classes/java/main/groovy/time/TimeDatumDependentDuration$1.class
e820e07e5aeed4bfa22e2ab242275fdbb7c2ab9b509ea60d1e464cf014689c02	build/classes/java/main/org/codehaus/groovy/runtime/callsite/GetEffectivePogoPropertySite.class
e843f17ddf7c693ce8d2faba4573162e9190b25f65383125aad5fc5b2c4d6139	build/classes/java/main/org/codehaus/groovy/runtime/callsite/CallSiteArray.class
e846926c114c86fade9e08557d88d2621cb406de71121b60d857a348ea6ef6e2	build/classes/java/main/org/codehaus/groovy/ast/GenericsType$GenericsTypeName.class
e8592afb7f8020b3b79d9c7faa7b9c581641d178a7a3dba1eeabb9ebd34e082a	subprojects/groovy-groovydoc/build/classes/java/main/org/codehaus/groovy/tools/groovydoc/FileOutputTool.class
e85d4aa5dc6f2fe5119135619b761df968add26fbe50a5d16b05617ed20101fe	subprojects/groovy-xml/build/classes/java/main/groovy/xml/slurpersupport/Node$3.class
e86b6ea4e74e2b83212158a6d695bc6e2faab120907729de2666234bab855515	build/classes/java/main/org/codehaus/groovy/control/StaticImportVisitor.class
e86b94683745df701d64706ced1ed20546b821092eeee137e696d56b957cfc79	subprojects/groovy-console/build/classes/groovy/main/groovy/console/ui/view/MacOSXMenuBar$_run_closure1$_closure6.class
e870fadc3b3c6ea14da4f6cb86aa232c9d1efd556f168c8c65a66af1cf0cf31e	subprojects/groovy-groovysh/build/classes/groovy/main/org/apache/groovy/groovysh/Main$ExtraConsoleCommands$_cd_closure2.class
e88c8ac0568e9a9558f76b5e9344c4cf92a8af7b71e467f010f953a83c40eccb	subprojects/groovy-ginq/build/classes/groovy/main/org/apache/groovy/ginq/provider/collection/runtime/GroupImpl.class
e8c82032c065f7c54cf81f218ae1ada178354fd78afe53794b1fa324ec0139b1	subprojects/groovy-json/build/classes/java/main/groovy/json/StringEscapeUtils.class
e8ccd0521cb26c4f7763428a6ed2fc14220d4fb2deac7203f422270e380b2213	build/classes/java/main/org/codehaus/groovy/classgen/asm/sc/StaticTypesLambdaWriter$1.class
e8d92e21e7ff60a54e64a53924140e4cc68e04b72b7d59dbda9dd69f78b4d709	subprojects/groovy-sql/build/classes/java/main/groovy/sql/SqlWhereVisitor.class
e8e6b39c1f03a13781a39a9629522a2af5c5c31d31361699f4b1d77d81e75ada	subprojects/groovy-templates/build/classes/groovy/main/groovy/text/XmlTemplateEngine$GspPrinter.class
e90ccf5bde624c73006256011dc98aacb9e1708da60dfff7cd776a3c8f21e167	build/classes/java/main/org/codehaus/groovy/vmplugin/v10/PluginDefaultGroovyMethods.class
e90f634b85c138e71e01c0a004200c20b90595be91163d41cc2d2fd7a57772e1	build/classes/java/main/groovy/ui/GroovySocketServer.class
e92e4423a3bc6077239f026d07e9e7812f2c7c3ab3339193a62010f9cb03cbf6	build/classes/java/main/org/apache/groovy/ast/tools/MethodCallUtils.class
e9435fc613fa93016d5d8cfac4ceb4e533e0aa1b7ea77850ee547bebfdb1db37	build/classes/java/main/org/codehaus/groovy/transform/trait/TraitHelpersTuple.class
e94a440faeac1fa6fa6cb4ecce54602b1168ea694aa53586ba212e9c350a4bbb	subprojects/groovy-console/build/classes/groovy/main/groovy/console/ui/AstNodeToScriptVisitor$_visitAllImports_closure3.class
e94b5227213febee0b539aedfde0abbefa3b92c413c71b8ef86554e547840aad	subprojects/groovy-jmx/build/classes/groovy/main/groovy/jmx/builder/JmxBeanExportFactory.class
e951f1fe75b9ff38b2d2462523bf76a59112e9d714324e0fb9a0b36c35ed3d53	build/classes/java/main/org/apache/groovy/parser/antlr4/GroovyParser$NlsContext.class
e9697955155ad9e25ba94312ebaa9d73e4199869c27055de2372f032ea357199	build/classes/java/main/org/apache/groovy/util/concurrent/concurrentlinkedhashmap/EntryWeigher.class
e96b6b76e8447f82877986a46c411e3370d9ae2885c8705d7e191ea31f0c83a3	build/classes/java/main/org/apache/groovy/parser/antlr4/GroovyParser$QualifiedClassNameContext.class
e97803c825ad7dc6c3684924d0909e65099f14062b979256f4b2c8e453d229c2	build/classes/java/main/groovy/util/ObjectGraphBuilder$DefaultNewInstanceResolver.class
e9a054f3e8473736268336659583ecc5bcdd127708419874b1dda57b13d1d5b3	subprojects/groovy-groovydoc/build/classes/java/main/org/codehaus/groovy/tools/groovydoc/GroovyDocTemplateEngine.class
e9bca3450fad8f3f8a4b209836d36f17afabd6775dbf8686c34296306f5b43f5	subprojects/groovy-console/build/classes/groovy/main/groovy/console/ui/ObjectBrowser$_makeCard_closure3$_closure14$_closure24$_closure61$_closure64$_closure71.class
e9bcdee0b743c4e768b22b8ccf26266af8e08c8db2b91da045762788eaab8d94	subprojects/groovy-macro/build/classes/groovy/main/org/codehaus/groovy/macro/matcher/ASTMatcher$_visitUnaryPlusExpression_closure33$_closure96.class
e9bef614b88b51a4237c5439038390b3d681bceabe78de01d5b7e70717ff1dbc	build/classes/java/main/org/codehaus/groovy/classgen/asm/OptimizingStatementWriter.class
e9e574c4f145fcfca31493903464435db815a7f6fe890616f2cf40c50ce5939b	subprojects/groovy-sql/build/classes/java/main/groovy/sql/DataSet.class
e9fc5bfb1b32e59a246cb6b85a21daf1a00e4d011ed502ec8c191cb188a21f03	subprojects/groovy-groovysh/build/classes/groovy/main/org/apache/groovy/groovysh/jline/MavenCoordinateCompleter$_suggestVersions_closure7.class
e9fffec73eb5ebebc18a52ceff68d437d52f4e51e0e06c2994a2d2be0f4d38a5	build/classes/java/main/org/apache/groovy/parser/antlr4/GroovyParser$BreakStatementContext.class
ea019c7af2270ce5cf2eef41eafe9d81b804e217ded7fbb63895b78b28e331a7	subprojects/groovy-swing/build/classes/groovy/main/groovy/swing/factory/CompoundBorderFactory.class
ea03bbe4526ffcc39f342b1deb51f30d6dff3f1499118262e3c46d1e81585a35	build/classes/java/main/groovy/util/function/FloatComparator.class
ea04954f0d045a553a77e4dac79977718d52273bed797e62400ed921181ab019	subprojects/groovy-ginq/build/classes/groovy/main/org/apache/groovy/ginq/provider/collection/runtime/Partition.class
ea0a1e6a88d189f84be267b8916f144769c38d39b2cb0612b69e1df89b54f708	subprojects/groovy-templates/build/classes/groovy/main/groovy/text/StreamingTemplateEngine$StreamingTemplate$StringSection.class
ea0e8c5a45fd8dfb2d2bc92d7c8f4a16661529d2ee54009bf668b35e377768a9	build/classes/java/main/org/apache/groovy/parser/antlr4/GroovyParser$ConditionalExprAltContext.class
ea1981e7c75a2478a6145a2b1f98f621adc7beef1ed5982ca64ed28dd81da843	build/classes/java/main/org/apache/groovy/parser/antlr4/GroovyParser$LoopStmtAltContext.class
ea24092ea4ecc54e77410afca006da08630cab4632d09c5a52fad6b502dcccae	build/classes/java/main/org/codehaus/groovy/transform/MapConstructorASTTransformation.class
ea349411810fcb1172b7a8897c5205412cadc2c9a3c17a49629668b3f2346b40	subprojects/groovy-swing/build/classes/java/main/org/apache/groovy/swing/binding/BindingProxy$ModelBindingPropertyBinding.class
ea4bb4eedee68c5a9a1cba8bed4f18231cf2a5263af45d045e7a5e3a24f43735	build/classes/java/main/org/codehaus/groovy/ast/GenericsType.class
ea6d712a657ab7e6cd4a9f8c5df338acb73837a812b938d6b8fcb6b015b933c8	build/classes/java/main/org/codehaus/groovy/classgen/asm/CompileStack.class
ea77a66c930d156e4e729d4bd02cb124de1659e4cfd4ebda22858bd9793f81c4	subprojects/groovy-groovysh/build/classes/groovy/main/org/apache/groovy/groovysh/jline/GroovyEngine$Helpers.class
ea7db406ff3311dd8b6a05bd8f37e2ac2e06da8b6da717d5d58f59aa1a3026ef	build/classes/java/main/org/codehaus/groovy/util/IntArrayIterable.class
ea861de17b423cabfa444bf5788aad22591e610113fbe82fbc897d6d0a73becc	build/classes/java/main/groovy/util/ObjectGraphBuilder$DefaultRelationNameResolver.class
eaa5680fb88b8058eb7752e5021c04cb4c57515e5d357ca17fdffb99d8a558f3	build/classes/java/main/groovy/lang/BenchmarkInterceptor.class
eab8ffba63ed16cb73786aa9a1c0c6745386d7927f7153c9f0a20966439c35a4	build/classes/java/main/groovy/lang/MetaClassImpl$DummyMetaMethod.class
eac6b2bd6878d1dfe4b861743a67a0a178a3ee23c86a726aab6157b56e437a83	subprojects/groovy-json/build/classes/java/main/groovy/json/JsonSlurper.class
eacba61c55fa1d031dd22327df8bee7ba6af4adb5ae3e58a532731344c3d0504	subprojects/groovy-groovysh/build/resources/main/org/apache/groovy/groovysh/commands/DocCommand.properties
ead85f8ec516e96e8b641401ce38d2a7b1cdcf904dfb5b8e11d30e6daab4ca92	subprojects/groovy-console/build/classes/groovy/main/groovy/console/ui/ConsolePreferences$_show_closure1.class
eae87d04bf0a0dded4f16d03ceab8475fee4f231b7fd1663a85e3f5c009f8ba9	subprojects/groovy-cli-picocli/build/classes/groovy/main/groovy/cli/picocli/CliBuilder$_extractAttributesFromMethod_closure13.class
eaef0d97ac7f41149aca52e29040955a16f2b623026e521f60e54f783456531d	subprojects/groovy-console/build/classes/groovy/main/groovy/console/ui/AstBrowser$_decompile_closure7$_closure48.class
eb2251c36aa8e9b60d8155c34e06bf2c8f142f110f91941612475fdef3be8712	build/classes/java/main/org/codehaus/groovy/reflection/stdclasses/IntegerCachedClass.class
eb34d71ed108b535644c96967759b72673a9da5204c45b88b557e5cb16e73eea	subprojects/groovy-macro/build/classes/groovy/main/org/codehaus/groovy/macro/matcher/ASTMatcher$_visitMethodCallExpression_closure14.class
eb4b9631838ba9cef51584a8e9643d109c21d34f5ea628c373b4185ebc6c6906	subprojects/groovy-groovydoc/build/classes/groovy/main/org/codehaus/groovy/tools/groovydoc/Main$_collectSourceFileNames_closure3$_closure4.class
eb5dd36774c0d437fed38e40eebacce8574e53e4d8ff205cf26e83f5eb25a4f7	build/classes/java/main/org/codehaus/groovy/ast/decompiled/AnnotatedStub.class
eb7a754336ed43682e1ea6c114a13a3063faef7dd8f1c703487591e5a38e95ad	subprojects/groovy-console/build/classes/groovy/main/groovy/console/ui/AstNodeToScriptVisitor$_visitSwitch_closure22$_closure39.class
eb92744effa936f227598a001804f3942a882ee1ebfbfeb9ed4c06cb7c6a12cc	subprojects/groovy-swing/build/classes/groovy/main/groovy/swing/factory/TabbedPaneFactory.class
eba4edff658146b55386922b342d99e65f955d9a2ff58f35d1abaf7ea679aa3f	build/classes/java/main/org/codehaus/groovy/classgen/asm/sc/StaticTypesMethodReferenceExpressionWriter.class
ebb4c6f964b7ba97807c5d959e534b3047be0bbb16842653edc82c47e60ec846	build/classes/java/main/org/codehaus/groovy/classgen/asm/BinaryDoubleExpressionHelper.class
ebd6e1e800cab482a8c3246cceca08ed1af7d259e3ed6621faa33fdf5959fe96	subprojects/groovy-ginq/build/classes/groovy/main/org/apache/groovy/ginq/dsl/GinqAstOptimizer$_transformFromClause_lambda6$_closure8.class
ebf790aa31ee5051ca85b9f7773f654c00b5355b05bd57cc7035616f4695f01e	build/classes/java/main/org/codehaus/groovy/runtime/wrappers/FloatWrapper.class
ebfb9e96b3c9abf79db3e12ea17115d5c9db861285682f700850c016f6b55a66	subprojects/groovy-templates/build/classes/groovy/main/groovy/text/markup/MarkupTemplateEngine$1.class
ec105c64f9cad669d763e511da33c07129329e2bb274462af6ca60d2ab6f487d	subprojects/groovy-typecheckers/build/classes/groovy/main/groovy/typecheckers/FormatMethod.class
ec19c039740380b0999430caa793ce729859bf04a122f20f2f71d723e3a42c36	subprojects/groovy-swing/build/classes/java/main/org/apache/groovy/swing/binding/AggregateBinding.class
ec2b26c980d5d8146b5dd64458d2de435fad34521b33098c508499dbda31e68a	subprojects/groovy-console/build/classes/groovy/main/groovy/console/ui/ObjectBrowser$_inspectAlso_closure1$_closure4.class
ec4491eb93503083b9df71e200c93892dc0d81ca55e72c5c35ba475ac637995c	build/classes/java/main/org/apache/groovy/util/concurrent/concurrentlinkedhashmap/ConcurrentLinkedHashMap$Builder.class
ec464730b2d3a9af483b2cdaa9e8a247c6dbcb2f65710baf177bf1d6cda9e79e	subprojects/groovy-ginq/build/resources/main/META-INF/groovy/org.codehaus.groovy.runtime.ExtensionModule
ec4c957eacce8fb8f593ca7f4d86be4a6d52dc0e229db9d13b29902ba6e8a5a9	build/classes/java/main/org/codehaus/groovy/ast/decompiled/MemberSignatureParser$2.class
ec6c04564c5410a0fd33c821e06a30cfcaa109f962bf8df7e24dddc896ffc764	build/classes/java/main/org/codehaus/groovy/ast/tools/PropertyNodeUtils.class
ec7b0c0904d27e183cba0b023fc08685ba5780779eb392678dc50d8755325c4b	subprojects/groovy-console/build/classes/groovy/main/groovy/console/ui/AstNodeToScriptVisitor$_visitClass_closure7.class
ec975efbeb833dca266d3e328905aa76a17bef19cc97360e943cfccd010d3650	subprojects/groovy-typecheckers/build/classes/groovy/main/groovy/typecheckers/RegexChecker.class
ec9e0cae1ad7239c5fefb97468d07205ed8c3752f51519b7307e6a2f457ae71b	subprojects/groovy-ginq/build/classes/groovy/main/org/apache/groovy/ginq/provider/collection/GinqAstWalker$_correctVariablesOfLambdaExpression_closure20.class
ec9febd77bbe4e65447e36c0b9fbd95938d86308b544d02fd7782490fdc433fd	build/classes/java/main/org/codehaus/groovy/runtime/StringGroovyMethods$CharacterIterator.class
ecd16b63da8bb475b794e755b68de5308b57b12d5b3c19823f50e1da07ada8ae	build/classes/java/main/org/codehaus/groovy/classgen/asm/UnaryExpressionHelper.class
ece9a50bdeb81df77f720b5d15fff171c549af9b03fb45481a056f98e39f3dab	build/classes/java/main/org/apache/groovy/parser/antlr4/GroovyParser$ParExpressionContext.class
ed0590ac1ad9a4cdc9dfc950952e05159f7a2193948c5ac98d55b7cad2df8487	build/classes/java/main/org/codehaus/groovy/util/CharArrayIterator.class
ed0b2968502acc9040e2f1ee19b5b8fcfa8fcb4c8c26c11378df02218315aeda	subprojects/groovy-console/build/classes/groovy/main/groovy/console/ui/Console$_runScriptImpl_closure23$_closure43.class
ed0da8ed71fbb93539b2dedad89bc86ae8725fcfe95f73d0e6fd0d3763f54835	build/classes/java/main/org/codehaus/groovy/control/customizers/SourceAwareCustomizer.class
ed28625fcc653b5879acd23387555bba0c29f79f4b884c96947f647de1846cab	subprojects/groovy-console/build/classes/groovy/main/groovy/console/ui/text/TextEditor$ReplaceAction.class
ed3c69befed984741bf52d7f749886ecf356084bac02c09ab9de09f6cfb5ca4a	build/classes/java/main/groovy/util/Node.class
ed7265d62925770c3305c4faafb9f6dd1a3e6942dc6f80e83af7043d1f0ee5ea	build/classes/java/main/org/apache/groovy/parser/antlr4/PositionInfo.class
ed76461951dc49791f7adc944ad41a21eea403a6b6a26003841a521f7c8b3c91	build/classes/java/main/groovy/lang/Buildable.class
ed78afec066619ded09fcfb9756e182e4fe36799b653b19988ce41dbb4c62214	build/classes/java/main/org/codehaus/groovy/transform/AbstractASTTransformation.class
ed7a1c06f7f64bd4a8821c9916f87fdad34c9ac209b3e1102fc6c667403f54e4	build/classes/java/main/org/apache/groovy/parser/antlr4/util/StringUtils.class
ed8e4a349a4746faa446ddbd9a9422c1a408a645b5b195fa4c2fe9218b9ad7a8	build/classes/java/main/org/codehaus/groovy/classgen/asm/MopWriter$Factory.class
ed901a9e955512bc4a47121893830f48bff12910971620807ec0439b30f48d37	build/classes/java/main/groovy/util/NodePrinter.class
ed99905c06dd3d977994666b5142c7ccb875d9a534f46a7ae6dbdc78abaf6a48	build/classes/java/main/org/apache/groovy/parser/antlr4/GroovyParser$ModifiersContext.class
eda7542b0b1b177494235f93f8639bf1e5b61c1159b307443899a5e36f7f08e8	build/classes/java/main/org/codehaus/groovy/runtime/StreamGroovyMethods.class
edaa21199b1096a9628eedbeb1d6c88295fda9a63518ef81c33d368b98ed01ed	subprojects/groovy-cli-picocli/build/classes/groovy/main/groovy/cli/picocli/CliBuilder$_create_closure2.class
edb15cc1109ce429a672e4cc1a0e0aceab66fff82ea186b4636fe5b1c5337888	subprojects/groovy-macro/build/classes/groovy/main/org/codehaus/groovy/macro/matcher/ASTMatcher$_visitBooleanExpression_closure20$_closure80.class
edb4dceda3e1f4299c8e99d8a77b3dd18cc9164f546b734ec062c2a3c99dffc1	subprojects/groovy-ginq/build/classes/groovy/main/org/apache/groovy/ginq/provider/collection/GinqAstWalker$2$_visitListOfExpressions_lambda1.class
edbad2550b9948bbd3d12104a17be3a6ef8b8f4d70b7ea4fbf18cfb2ce9702b2	build/classes/groovy/main/org/codehaus/groovy/transform/ASTTestTransformation$ASTTester$_test_closure4.class
edd4f7b906d004dc800cef0d323e28e34243afde7ab166b72fd934e70076cba6	subprojects/groovy-console/build/classes/groovy/main/groovy/console/ui/ConsolePreferences$_main_closure3$_closure12.class
edda3b41babe05f946fbfc7db64a8017f3af59b2354bc526786f30b73c5ef068	build/classes/java/main/org/codehaus/groovy/runtime/ResourceGroovyMethods$1.class
ede36ff529e6a98584e1ba1238f3bfaa3dfff69f5fd440cfa5f213d2ae4b6acd	subprojects/groovy-console/build/classes/groovy/main/groovy/console/ui/AstBrowser$_run_closure4$_closure11$_closure27$_closure33$_closure36.class
edf16d7b337ab3cebaf0efb44c5f5b0b8efb18d11a4167a8c63a4d1011536b68	build/classes/java/main/org/apache/groovy/util/concurrent/concurrentlinkedhashmap/ConcurrentLinkedHashMap$UpdateTask.class
ee059d3223312f11973eb3c4d38ad4537aa6cbb7b8058b9cf9193a48571e4010	subprojects/groovy-macro/build/classes/groovy/main/org/codehaus/groovy/macro/matcher/ASTMatcher$_visitConstructorCallExpression_closure15$_closure70.class
ee166bc275f12542ff7c651ec63a19dfad9cb974a5730062088c7153358c5e27	subprojects/groovy-contracts/build/classes/java/main/org/apache/groovy/contracts/generation/AssertStatementCreationUtility$AddResultReturnStatementVisitor.class
ee2cae5eea36bade34a85877b9a39d64c21f8407703606c2f244941cc08420d9	build/classes/java/main/groovy/util/logging/Commons.class
ee33ed2a3c0459057c5db5122426ecd6b7f283341e35eb09a70723ce07e8cf79	build/classes/java/main/groovy/util/IFileNameFinder.class
ee3d0541d11075cc7e63dc293b84ca7e23296b7491f0dabaf332b5e699137e81	build/classes/java/main/org/codehaus/groovy/reflection/stdclasses/ByteCachedClass.class
ee3d43d19a8f9aff1f71f4933526528b4bad59042034101c6cad1fead24f21c7	subprojects/groovy-console/build/classes/groovy/main/groovy/console/ui/TreeNodeBuildingVisitor$_visitThrowStatement_closure16.class
ee5973cba6bb9b894d100333b3425d12fe3975c49a1df077cad65668062c6437	build/classes/java/main/org/apache/groovy/parser/antlr4/GroovyParser$EnhancedArgumentListInParContext.class
ee6b5b4679e95c789c576eb8aa44dc67aad1e6b739d86c571d3b8ac73341a764	subprojects/groovy-docgenerator/build/classes/groovy/main/org/apache/groovy/docgenerator/DocGenerator$_generateAll_closure11.class
ee8cc46d183690b0a95b5cd3c2cffcfffb616616441587dc4dbf9f2f75a976e5	subprojects/groovy-console/build/classes/groovy/main/groovy/console/ui/TreeNodeBuildingVisitor$_visitPropertyExpression_closure48.class
ee9f84dcb475bbf6cbe6c4810dc2e63935ffbaa85027bb3d35467f904c4addaa	subprojects/groovy-groovysh/build/classes/groovy/main/org/apache/groovy/groovysh/jline/MavenCoordinateCompleter$_suggestGroupIds_closure3$_closure12.class
eea298db4b2fbab04d6e8784f6528aa7446a6a222130782b9e2ade5e782414fc	build/classes/java/main/org/codehaus/groovy/transform/ASTTransformationVisitor.class
eed6ea226970481d7e57f8141d86a0f0106fe33d3f177707a027b32de7a8ba87	subprojects/groovy-ant/build/classes/java/main/org/codehaus/groovy/ant/RootLoaderRef.class
eee9ee0a6c7c8ca14ff8c014b670d7e9e6a9a161ad17269a7b74971ca542d2cf	build/classes/java/main/org/codehaus/groovy/runtime/callsite/MetaClassConstructorSite.class
ef1a03a70e8b1d8f04782f75a1f79dbed8595b60ca5d0fb7457282366dae890d	build/classes/java/main/org/codehaus/groovy/runtime/dgmimpl/NumberNumberMinus$LongLong.class
ef27640654b5f0034ea2aab78a464082d658276f9bfdd2780a71a0b9795c31f5	subprojects/groovy-console/build/classes/groovy/main/groovy/console/ui/GroovyFileFilter$_accept_closure1.class
ef3f4fafdf0b4e54a1595b6106e8bd5900ea189da3d4881ddd87d477a0b7e293	subprojects/groovy-groovydoc/build/classes/java/main/org/codehaus/groovy/groovydoc/GroovyPackageDoc.class
ef4060ff0aef1b84833768be3c77f76f2b8a2345884ac178256e7633c32eec4f	build/classes/java/main/org/codehaus/groovy/ast/decompiled/MemberSignatureParser$2$3.class
ef48976e13e1ee9bda8336694dc9ee2153623374e72540c46af50fa809e35db3	build/classes/java/main/org/apache/groovy/parser/antlr4/GroovyParser$ResourceListContext.class
ef6c2d5a3712e3fcc13fa4b973c6ac5eae08361904321d9a2a79a8f373e225b8	subprojects/groovy-console/build/classes/groovy/main/groovy/console/ui/ObjectBrowser$_makeCard_closure3$_closure14$_closure22$_closure42$_closure49.class
ef7e553df0929ba85687b9059f727bc2d198e98f2c3dc3d8c3d33a75c0938b52	build/classes/java/main/org/apache/groovy/util/concurrent/concurrentlinkedhashmap/ConcurrentLinkedHashMap$WeightedValue.class
ef7fc38e45a5a953e9f5af305b3005d8dfb4bd7e0d0821b56248ff2466857ddd	build/classes/java/main/org/codehaus/groovy/ast/expr/ClassExpression.class
ef8c6538dfd9995042f02f125ef4b8bb5ffc1ad729f125ba5aff7ef8f18497e9	subprojects/groovy-xml/build/classes/groovy/main/groovy/xml/XmlParserFactory.class
ef94654977f4f5cd5f153de89a9d14808d3e7465ea1be1aec246f7a71a1a1b71	build/classes/java/main/org/apache/groovy/parser/antlr4/GroovyParser$ClosureOrLambdaExpressionPrmrAltContext.class
ef9d31f3033b7991976cf8ed1126f379459de540cb499dd691fca85003474ae4	build/classes/java/main/groovy/lang/ExpandoMetaClass$StaticDefiningClosure.class
efcf65bcb9a6170c088a6761ff5aabab00469433cf072f4406c1e092b9537fa4	build/classes/java/main/org/apache/groovy/parser/antlr4/GroovyParser$TypeNamePairContext.class
f00c30fec12a9926313a0cb5d8e2ed628aa50cf80c26f312ba646237d84335ba	build/classes/java/main/org/codehaus/groovy/runtime/FormatHelper.class
f024140c299ca5f7a3f9cadf5665fc075ba61b0738ee19ae44414e55db15c8a5	build/classes/java/main/org/apache/groovy/util/concurrent/concurrentlinkedhashmap/Linked.class
f03de9993198eda5cc0cc92798e897eadd120e6ef823f3073c7071f282f9e90c	build/classes/java/main/groovy/transform/builder/InitializerStrategy.class
f03ee3c82b1b38f251827a3ab3912852417678a77d0836e14865d61c842aa578	build/classes/java/main/groovy/lang/GroovyClassLoader$ClassCollector.class
f0604178b572c44b8ab65d22d1b90004e5aeaf571c3e79b2a37dd10b0c0820a4	build/classes/java/main/org/codehaus/groovy/transform/stc/StaticTypeCheckingVisitor$SetterInfo.class
f0692b602ff7de92efe6d54f7b5e8edc64d376927508e679494951bdce490b98	build/classes/java/main/org/codehaus/groovy/runtime/DefaultGroovyMethods$1.class
f06a9fc761ad5ac1461f581ed1a662591d8419025d2fad3ae27feff1074b9073	build/classes/java/main/org/codehaus/groovy/transform/SourceURIASTTransformation.class
f089d6dca028c3c6fbea26ebea0560654a06ff716565acbe9997af0fac5ae4da	build/classes/java/main/org/codehaus/groovy/runtime/metaclass/ConcurrentReaderHashMap$HashIterator.class
f08bb8df658c1fbda82102a7bd38c4d3353e9eaece3282042034abd61879c6ca	subprojects/groovy-swing/build/classes/groovy/main/groovy/swing/factory/BoxLayoutFactory.class
f0a0edeb73e7a0d848697df83be01c5195c571f0f4ae97e32794e6ac0fccad7d	subprojects/groovy-jmx/build/classes/groovy/main/groovy/jmx/builder/JmxMetaMapBuilder$_buildParameterMapFrom_closure8.class
f0a3abbfff6abe9a67541374d1b59af37437c3f5dee2db2a5c1e523ddea1e6dd	subprojects/groovy-xml/build/classes/java/main/groovy/xml/slurpersupport/NoChildren$1.class
f0b618efd48f0d1205287babb45820bd8bd45149d07dc852837954a1f1849151	subprojects/groovy-swing/build/classes/java/main/org/apache/groovy/swing/extensions/SwingExtensions$2.class
f0ba01f48b572a6593e6c1ebf9cef3ae1bb74a356cb88b97215aa8257f656166	build/classes/java/main/org/codehaus/groovy/runtime/metaclass/ClosureMetaMethod.class
f0bd0dd368f0c54b842515b1720497a09b19c206b19e36b8dadc67859a1d02e9	subprojects/groovy-groovysh/build/classes/groovy/main/org/apache/groovy/groovysh/jline/PackageHelper.class
f0e4e0aadd9c19e5a98ef8348bbf44a6c152342cecb05a539745db20c646059f	subprojects/groovy-xml/build/classes/java/main/groovy/xml/XmlNodePrinter.class
f0fd72a97b296b5033657365246653f24a17de24b917fd70620e80af2f312a49	build/classes/java/main/org/codehaus/groovy/vmplugin/v8/Java8$1.class
f12ad5bb25c5d3595b31d105306d017f21c838c0877e562b6e6cccffaabc2db5	subprojects/groovy-templates/build/classes/groovy/main/groovy/text/SimpleTemplateEngine$SimpleTemplate$1.class
f146719de8a96e790954083dc6c57a3c8fcd4d3f9ddbf1847359f503674a4978	subprojects/groovy-templates/build/classes/groovy/main/groovy/text/markup/MarkupTemplateTypeCheckingExtension$_run_closure3.class
f18532933e9ee55f51c152e4dc96a348a9d712f80fe31f23e7951f28ff295587	subprojects/groovy-console/build/classes/groovy/main/groovy/console/ui/ObjectBrowser$_makeCard_closure3$_closure14$_closure24$_closure61$_closure64$_closure65.class
f1aa7b68dff9c3884b34f902acb212a99660cea753b29e52c7ee04948382ac0b	subprojects/groovy-ginq/build/classes/groovy/main/org/apache/groovy/ginq/provider/collection/GinqAstWalker$_correctVariablesOfGinqExpression_lambda12.class
f1d0248a673826245fef68cfd94aa048b52f4ef7d9d6b9d116a62d0031972823	subprojects/groovy-macro/build/classes/groovy/main/org/codehaus/groovy/macro/matcher/TreeContext$TreeContextKey.class
f1d3716ae7ceef7fc3d215f3717258f53ebc030647a002d2319f09f6aaf6a9b2	subprojects/groovy-ant/build/classes/java/main/org/codehaus/groovy/ant/LoggingHelper.class
f1fa012da7ea09ec58455e64544c944fce07654e04c8ff1368c4b8de775d297b	build/classes/java/main/org/codehaus/groovy/runtime/metaclass/ThreadManagedMetaBeanProperty.class
f2071ff93e5c5d308b75cdda56e58887e9a7e567eccd2b30c9d4f56818fa1651	subprojects/groovy-ant/build/classes/java/main/groovy/ant/AntBuilderLocator.class
f2162c45e5d0e1da1619959eacf6dc4d32dd53d49df20be63ab927738b1ab73d	build/classes/java/main/groovy/transform/stc/FromAbstractTypeMethods.class
f233c4f3e4b7508ba24ca6c28a41703de53cc8fa5393c1590dbbf7d1c8b979a2	subprojects/groovy-console/build/classes/groovy/main/groovy/console/ui/AstNodeToScriptVisitor$_visitBlockStatement_closure17.class
f23591fa0c8beaded2547788a8c742c43fde5444ce10eb680b395db1ba5302f1	subprojects/groovy-console/build/classes/groovy/main/groovy/console/ui/view/GTKDefaults$_run_closure1.class
f25045b2eaacce6111ae28aa12ce4fa3d4d45a25ecaca782026e8e85a52d5875	subprojects/groovy-xml/build/classes/java/main/groovy/xml/XmlParser.class
f26cb6b3438b1e8fb9372862f73ea27250a727ab886244d3de9116d4956dbfb2	subprojects/groovy-groovydoc/build/classes/java/main/org/codehaus/groovy/groovydoc/GroovyProgramElementDoc.class
f2766228c828450047298d7f4b3e3784fcb649ceaf5e4d836647b3756eeaae3b	build/classes/java/main/org/apache/groovy/util/concurrent/ConcurrentReferenceHashMap$Option.class
f27b197341e1b19c46502894c1808ef77cff9fd03fd45bec2d07fff5146667dc	subprojects/groovy-sql/build/classes/java/main/groovy/sql/Sql$22.class
f29a5bce929e0906674c8b5b63d5081f3f1982b48988d7c7f45c89f36941bf38	build/classes/java/main/groovy/transform/stc/ThirdParam$SecondGenericType.class
f2edfefb2f77cf6c2316434fa47e0a91b99437efc9a74807ff2c15c538031fa7	build/classes/java/main/org/codehaus/groovy/tools/javac/JavacCompilerFactory.class
f32091836e1718b02a1dbce0411e59c3b1b488c939afe08eb31d6d9681411392	build/classes/groovy/main/org/codehaus/groovy/tools/ast/TestHarnessOperation.class
f32d2f4c191b5d59b0ca429066b7ff2e1aef9ac986f5f1994ec04963ecc3f6fa	subprojects/groovy-console/build/classes/groovy/main/groovy/console/ui/ConsoleView$_run_closure7.class
f34fbd8fe60ffb62d309f6ff06fe0512b4097e03ea5abdd7fcfdf73353c707c4	subprojects/groovy-docgenerator/build/classes/groovy/main/org/apache/groovy/docgenerator/DocGenerator$_generateAll_closure5.class
f35f10489768d02f871df67211ac4126f8c127f7a5af3085896a838c18bb679f	subprojects/groovy-swing/build/classes/groovy/main/groovy/swing/factory/RootPaneContainerFactory.class
f37b96d028bd5c54304855d2b34dd384b3a7933c9b84157257fcf683422e979b	build/classes/java/main/org/codehaus/groovy/util/ReferenceType$2.class
f37bfe31435591cc7b26a451e63658c6a1c0fd623260c4d7c939763777663859	subprojects/groovy-macro/build/classes/groovy/main/org/codehaus/groovy/macro/matcher/ASTMatcher$_visitTernaryExpression_closure17$_closure76.class
f381b2e57e6dbf2c60073cf19540fc013bf003e606647ff4fccbe662c4d1374f	build/classes/java/main/groovy/util/Iterators$CrossProductIterator.class
f38320ddfdb05def6d91597f5daa5704dc7ec50c9e73bfc294eaa417a3d1c478	build/classes/java/main/org/codehaus/groovy/control/customizers/builder/SecureASTCustomizerFactory.class
f384890c8c4ffa449c53610dbf367837884bd55ff56d06c9884978e0c726cf61	build/classes/java/main/org/codehaus/groovy/runtime/dgmimpl/arrays/LongArrayPutAtMetaMethod.class
f3949e085d48f96127e46b52d2feae2fac0466047b52260b80ce325286708a05	subprojects/groovy-cli-picocli/build/classes/groovy/main/groovy/cli/picocli/CliBuilder$_extractAttributesFromField_closure14.class
f3a876a5f8db3c80c6ce938aee0b6e54f132905f11b548ba742fc33566099cb7	build/classes/java/main/org/codehaus/groovy/runtime/IOGroovyMethods$4.class
f3b7fd1cb7b733d06ec9691443a2c5e405cd7411ce8655f79f78628dc3a5dc40	build/classes/java/main/groovy/lang/Newify.class
f3d630fb6f3fd9ab5ae0b5a87ad46d4250b8e042b67a208645163a49f9d53a4b	subprojects/groovy-cli-commons/build/classes/groovy/main/groovy/cli/commons/CliBuilder$_setOptionsFromAnnotations_closure12.class
f3d84029ef36ebaedbb84a6dea43d814a53ca6531fb36e41bbce7a77299c2fac	build/classes/java/main/org/codehaus/groovy/transform/stc/StaticTypeCheckingSupport$IntArrayStaticTypesHelper.class
f3e599925bbe483b8c96bfe450ee1311adc349080d43dd0ed38ae295358765ec	subprojects/groovy-swing/build/classes/java/main/org/apache/groovy/swing/extensions/SwingExtensions$5.class
f3ed15766035d981ef59bf4a34e77cac021b8a3fcaee5ddef45d25880a992df9	build/classes/java/main/org/codehaus/groovy/runtime/memoize/ProtectionStorage.class
f3f484db861d2c1a196f6af9cd2a515b6813467f9230e41c472e45e9e4b00ab0	build/classes/java/main/org/codehaus/groovy/reflection/CachedClass$1.class
f3f93f80c28ddaebe9d9fafc4261bf185b58cd0202317ec603312aeb06b3f508	build/classes/groovy/main/org/codehaus/groovy/util/StringUtil$_expandHyphen_closure2.class
f3fcc9cf09cc7e9019f23809bafe68516fca8f127893bdd213f0819f5e6ab495	subprojects/groovy-groovysh/build/resources/main/org/apache/groovy/groovysh/commands/GrabCommand.properties
f401faaaa0b2170e773d0c179c0dc8796eb68dfaf41bf7f4cfcba2277667a70c	build/classes/java/main/org/codehaus/groovy/runtime/memoize/LRUProtectionStorage.class
f4089900cbc37097977c9e2739b04209e13201eb942bd2c4d41990d2c8bc989e	build/classes/java/main/groovy/lang/MetaObjectProtocol.class
f412b7dc855f18894591697b2cd2ae6012e3de6c4843287b044b500acc3bdfb2	build/classes/java/main/org/codehaus/groovy/syntax/TokenException.class
f4200a9391afd92af7dcf4673385e83bdba7daf7691fb94bb07a2ab3737c404b	build/classes/java/main/org/codehaus/groovy/control/customizers/builder/ImportCustomizerFactory$ImportHelper.class
f428be229e9101771fe3ddb9e9f13f320df370ec80d7e2ccb897a76bd7da0073	build/classes/java/main/org/codehaus/groovy/ast/ClassCodeVisitorSupport.class
f431c374b23d3102013e0f99545ffa5c2363a8af0b4f34c6468ce6e4d37c5822	build/classes/java/main/org/apache/groovy/parser/antlr4/GroovyParser$CommandArgumentContext.class
f433729ba48b5b71c38dfaf6b85a5fad740630e7aa02e77305d1b749f38cbbdc	build/classes/java/main/org/codehaus/groovy/runtime/dgmimpl/NumberNumberPlus.class
f43494bd846fa2b3bff4b045ed05436221d31ddefd591e94d92d03e467780fc5	build/classes/java/main/org/codehaus/groovy/GroovyException.class
f4437fe057e64e10836aac75a17753b5d923d18fd3e0d927e86a3ebd1dcbc678	build/classes/java/main/org/codehaus/groovy/reflection/android/AndroidSupport.class
f491b9f0287aeaad1dfb3cb23590f5c80e5f27bad101b3548911548c5b650abd	subprojects/groovy-console/build/classes/groovy/main/groovy/console/ui/Console$_listClasspath_closure19.class
f49e3147b82bcb423b9fbf15499faae7b25f28b8e020910b32ac16f19fae402d	subprojects/groovy-ginq/build/classes/groovy/main/org/apache/groovy/ginq/dsl/expression/ShutdownExpression.class
f4a4a3629ffce2e536780f251a6ceb762d26d081673ec99cd70624281c448dc7	subprojects/groovy-docgenerator/build/classes/groovy/main/org/apache/groovy/docgenerator/DocGenerator$_generateAll_closure9$_closure25.class
f4ceaffc2c93048b2521822f48d0054bf3a1dab41588d41ca0ba77befdfe66bf	build/classes/java/main/org/codehaus/groovy/runtime/dgmimpl/NumberNumberMultiply$IntegerLong.class
f4cfadfda37f8c5155d87806e2258c535871310f8d3a4468c9470172252551db	subprojects/groovy-groovysh/build/resources/main/org/apache/groovy/groovysh/commands/ExitCommand.properties
f4cfadfda37f8c5155d87806e2258c535871310f8d3a4468c9470172252551db	subprojects/groovy-groovysh/build/resources/main/org/codehaus/groovy/tools/shell/commands/ExitCommand.properties
f5066fea09dfb1c25b6c6130351fe31aa30511e1025536aa830f0b0706ac51e7	subprojects/groovy-console/build/classes/groovy/main/groovy/console/ui/Console$JavaSourceType.class
f509e0ad58de26b6d5bf9a61188827671e96ab60db29e4540ba158c9f760c065	subprojects/groovy-xml/build/classes/groovy/main/groovy/xml/StreamingMarkupBuilder.class
f50bac511fac53c75a477b7dcec9428bd7bd9ca4e9034b9d14dfe76902a457ff	subprojects/groovy-templates/build/classes/groovy/main/groovy/text/markup/MarkupTemplateTypeCheckingExtension$_run_closure4.class
f534060c204d85fa4d3b5cfc6152c9e6cb3df32cd3490ccc9cb9ab7684d9ccd4	subprojects/groovy-macro/build/classes/groovy/main/org/codehaus/groovy/macro/matcher/internal/MatchingConstraintsBuilder.class
f566bb00cdc4a85971bd611b1686a44cc68ce593961610354dd0777ea3eef045	build/classes/java/main/org/apache/groovy/parser/antlr4/GroovyParser$LocalVariableDeclarationContext.class
f56c85e498a98c3cec5472d242cbf693b9321ce657554787130c813f153aca96	subprojects/groovy-ginq/build/classes/groovy/main/org/apache/groovy/ginq/dsl/expression/SelectExpression.class
f59bd7726c752b8895dac31614e6f44e73c2ec1b49840487f139ea5ea61ea7cf	subprojects/groovy-json/build/classes/java/main/org/apache/groovy/json/internal/ValueContainer$1.class
f5a0fedab8940f646db2335e3f3af0622a480ba2cc6fb5cb62f99d81c0d2f8b9	subprojects/groovy-cli-picocli/build/classes/groovy/main/groovy/cli/picocli/CliBuilder.class
f5a199fa2690ac297d31a07d77e22981c70fb9adf3d9c4f3c01506bd260478c7	subprojects/groovy-cli-commons/build/classes/groovy/main/groovy/cli/commons/CliBuilder$_processSetRemaining_closure15.class
f5c593327b2c0fa6f0cc35dd2631ffb5920d45f9a26cd0d0f7bb845cdddc8e99	subprojects/groovy-console/build/classes/groovy/main/groovy/console/ui/Console$_runScriptImpl_closure23$_closure42.class
f5dbdb5d8e9b8917e8022869bc94061552cb481ba2cdbb65dfdf82eca296708f	subprojects/groovy-swing/build/classes/groovy/main/groovy/swing/factory/WidgetFactory.class
f5e6ff965db3adedac28db02387faf1dcd2da492ab0019ddbfd6ef2531efdca9	build/classes/java/main/org/codehaus/groovy/runtime/memoize/LRUCache.class
f6045d779969d446d25388d792a2b5fad5f01e5d271108e507fe609f03b6608a	subprojects/groovy-ginq/build/classes/groovy/main/org/apache/groovy/ginq/provider/collection/GinqAstWalker$12.class
f6096c85b7b454967c8c50f678a460c88cf71da19ff436376633d900beb2d068	subprojects/groovy-ant/build/classes/java/main/org/codehaus/groovy/ant/Groovyc.class
f61bcb9b4b2ef55b6209f4fb9d397e22057e4992096e5f2486211774ce431020	subprojects/groovy-console/build/classes/groovy/main/groovy/console/ui/TreeNodeBuildingVisitor$_visitBitwiseNegationExpression_closure42.class
f61c7f3bdc877e02ec78f9670cb2a01b154da04a09f3177083c44cfefa447c1e	build/classes/java/main/org/codehaus/groovy/runtime/dgmimpl/NumberNumberMultiply$FloatFloat.class
f6599d562aecdf8cc9d6a55601f744b3d3bd461d3e228b1c513159f35f282fcf	build/classes/java/main/org/codehaus/groovy/tools/javac/RawJavaFileObject.class
f661a6af0ff25ee0d1593c40fce9ccc5a3bc777f6b51c3cb10bb2e71b058ff56	build/classes/java/main/org/codehaus/groovy/transform/stc/StaticTypeCheckingVisitor$PropertyLookup.class
f66d3afdb8fb9e1dac5e6295da3315477ca6607884fab22a202b959c120bbe92	build/classes/java/main/org/codehaus/groovy/ast/expr/GStringExpression.class
f672871451b07594dd2d6d4cf76ca7bf21480cc5e58426107fffd21e6db45818	build/classes/java/main/groovy/lang/DelegatesTo.class
f67aa782adc73d86d26515d66f731792564701fb5e04c4633a1eaa62d5ea2b08	subprojects/groovy-console/build/classes/groovy/main/groovy/console/ui/ScriptToTreeNodeAdapter$_getPropertyTable_closure2.class
f67b25e5b0c05e7f7cc8023a8cb63768c794301aa4fcc8a20daef7248207a182	build/classes/java/main/groovy/util/ObjectGraphBuilder$NewInstanceResolver.class
f6a04d1e20a6f8187a077af7c491be4607c9635c8a4f280f81ababe2f0335c35	subprojects/groovy-json/build/classes/java/main/org/apache/groovy/json/DefaultFastStringService.class
f6a099d5a64a273d8fcf5c8f8392642668b6fcd24cdd9de26bb50b2238145a5f	subprojects/groovy-macro/build/classes/groovy/main/org/codehaus/groovy/macro/matcher/ASTFinder.class
f6c27fe6c17f6e848bbc2862f82089a843f4feadb42a73dff5465874f6fd4990	subprojects/groovy-console/build/classes/groovy/main/groovy/console/ui/Console$_bindResults_closure7.class
f6d4e25e0f62dd91c4d08596710d57ab405067698d914abd683f8bef948df85f	subprojects/groovy-macro/build/classes/groovy/main/org/codehaus/groovy/macro/matcher/ASTMatcher$_visitUnaryMinusExpression_closure32.class
f6e9e4809697ad97997c9501dd385be555284c6dc04c25438bd011f97bd321b0	subprojects/groovy-ginq/build/classes/groovy/main/org/apache/groovy/ginq/provider/collection/runtime/QueryableHelper$ThreadPoolHolder$__clinit__lambda2.class
f6f3772c40b7f1038445827067b49081baa09c364f757bebfa71217c92e0333b	build/classes/groovy/main/org/codehaus/groovy/ast/builder/AstSpecificationCompiler$_classNode_closure16$_closure31.class
f71629a6b194e16da3242422f787067dc3f1cdc3f280e906f14d2bbedc985c61	subprojects/groovy-jmx/build/classes/groovy/main/groovy/jmx/builder/JmxMetaMapBuilder$_buildListenerMapFrom_closure11.class
f7201f009ed4056636a51dbd5bf72f39ee3e1b15441106340ed537093e29e1d4	build/classes/java/main/org/codehaus/groovy/runtime/dgmimpl/NumberNumberMinus$FloatFloat.class
f755da31483ea2008f0c3d260dbeb5e2f4648495af2f3ae3c3fa0c8af5f3569a	build/classes/java/main/org/codehaus/groovy/runtime/dgmimpl/arrays/BooleanArrayGetAtMetaMethod$MyPojoMetaMethodSite.class
f75885516ed0f54227d6d1798ee46accf905f489bc055cdad0b4e33a2016db2d	build/classes/groovy/main/groovy/grape/GrapeIvy$_enumerateGrapes_closure13.class
f76cbc15024dad5e1c3b274ed89bc820736e0679fe613d0a365a3a8bdf59ccf1	subprojects/groovy-swing/build/classes/groovy/main/groovy/swing/binding/AbstractSyntheticBinding.class
f78a2a60477f687ffd79df37bf9167aae44fa2f832e662992a52e4ddeb8fa68f	subprojects/groovy-contracts/build/classes/java/main/org/apache/groovy/contracts/ast/visitor/AnnotationClosureVisitor$OldPropertyExpressionTransformer.class
f7a055853135f1b38129d7337b5f7a2191dd3f0be629d6874e6e41943264d733	build/classes/java/main/org/codehaus/groovy/classgen/asm/BinaryExpressionMultiTypeDispatcher$BinaryByteExpressionHelper.class
f7b4ad2ac353a0957255e0722c1483c9d45ce593d8dd9e7eaefbe9e10f3a05df	build/classes/groovy/main/org/codehaus/groovy/ast/builder/AstSpecificationCompiler$_staticMethodCall_closure26.class
f7e8c1500d14a05d19c9512a94020a85ded07c5927df1e33d6f7ecdda3b9b729	subprojects/groovy-swing/build/classes/groovy/main/groovy/swing/factory/ColumnModelFactory.class
f7e8ce925cb7db1d3c8d2d91a37f4c595f272c4fadb6e537f4a341b585e9a72d	subprojects/groovy-console/build/classes/groovy/main/groovy/console/ui/AstBrowser$_run_closure4$_closure10$_closure13$_closure21$_closure22.class
f7eb0946ed39379bfefd0a57e5b26e0546ab60855c774f221d622068febeca7c	build/classes/java/main/org/codehaus/groovy/classgen/AsmClassGenerator.class
f7eb5c8e13dc6f77179ee6722f048571986dfedbecab33dccee79734f5faf12f	subprojects/groovy-ginq/build/classes/groovy/main/org/apache/groovy/ginq/provider/collection/GinqAstWalker$_constructJoinMethodCallExpression_lambda3.class
f804e8472274919c2144fe378889b781519553f0d675d648ba32dc56b20c28d1	subprojects/groovy-cli-commons/build/classes/groovy/main/groovy/cli/commons/CliBuilder$_setOptionsFromAnnotations_closure9.class
f80aa9f5e33555552ca8e5ab0f9ea3f79a1ad0522f1bdc69dfeb9d725f3cfdd6	build/classes/java/main/org/codehaus/groovy/runtime/metaclass/NewInstanceMetaMethod.class
f81c42c6cb8341bed9cb727a188fd5212d350e3372c3c03983992dc733e7805e	subprojects/groovy-groovydoc/build/classes/java/main/org/codehaus/groovy/tools/groovydoc/antlr4/GroovyDocParser.class
f83769d1ed8232dadb5b3bd5bf7f4092f432872da32f50691739514d055a377f	subprojects/groovy-console/build/resources/main/groovy/console/ui/icons/find.png
f85464580c9c832eebcd960c03bcc7c4c2da395fedd7a760532a23ed49fdfac3	build/classes/java/main/groovy/grape/Grape.class
f876321d901e0d503aaf11556c46d61d477bd07343486a34df7b11cda5d73d00	build/classes/java/main/org/codehaus/groovy/runtime/GStringImpl.class
f88854c4b8833f2d01ee37c1a67041f4fc8afd64fb0e56775083414ed7624147	subprojects/groovy-cli-picocli/build/classes/groovy/main/groovy/cli/picocli/CliBuilder$_parseFromInstance_closure3.class
f89f80b8de41b1b26998e64621d0883a5932f00e3ede1c6c62d8d6aaa48d59dd	subprojects/groovy-groovysh/build/classes/groovy/main/org/apache/groovy/groovysh/jline/GroovyCommands$_optionIdx_closure11.class
f8d23d34c7587fec5bb34f856033f92f9d04e2eb6de861843624a8654df06825	subprojects/groovy-console/build/classes/groovy/main/groovy/console/ui/TreeNodeBuildingVisitor$_visitExpressionStatement_closure6.class
f901f3c1d0a2cc965b429153be080300008c5fe2ae93b016871d2b7216b124f4	build/classes/java/main/org/codehaus/groovy/runtime/typehandling/FloatingPointMath.class
f9033dd56513be0846f19a2435d4d37246339f603ca4e584f0fc9ffe35f7c48a	build/classes/java/main/groovy/util/ObjectGraphBuilder$ObjectBeanFactory.class
f903dc7f1f3ac2cbda362a5484a74d298ae71b0dbe40ff19cbe92900c7bfc194	build/classes/java/main/org/codehaus/groovy/classgen/InnerClassCompletionVisitor$2.class
f91b2f33c983fcd5b02de6e362bcced55f06fbfc03c74815369ccf08544018d1	subprojects/groovy-ginq/build/classes/groovy/main/org/apache/groovy/ginq/dsl/GinqAstBaseVisitor.class
f931d4ba927feeedc6d751628cc5ecfbaa6856379a43487e395fabf77b167858	build/classes/java/main/org/apache/groovy/parser/antlr4/GroovyParser$VariableDeclaratorIdContext.class
f94b0129a762e851df73c7b4df1d76ecc41b89d8c98519512c908a7224f9c414	subprojects/groovy-contracts/build/classes/java/main/org/apache/groovy/contracts/classgen/asm/ContractClosureWriter$1.class
f95daa99d91112f0e5b10bdf435af46529205545db6fa96a716c2e9e0cedf4dd	build/classes/groovy/main/org/codehaus/groovy/ast/builder/AstSpecificationCompiler$_makeNodeFromList_closure3.class
f97bd901214af835ff10cb517207f2a7d0ae73b0977d21496dfa1b02f4f26df2	subprojects/groovy-groovysh/build/resources/main/org/codehaus/groovy/tools/shell/commands/ImportCommand.properties
f98bcf17001b23cf95b8c1e75b3d1dc06d95b43cda14b2d733f8e29bb86c73b2	subprojects/groovy-console/build/classes/groovy/main/groovy/console/ui/AstNodeToScriptVisitor$_visitSynchronizedStatement_closure29.class
f990378c7f25610f9a42511f2dffb0ce38e3838c42d997e9cb86dcf62093fdcc	subprojects/groovy-swing/build/classes/groovy/main/groovy/swing/binding/JSpinnerValueBinding.class
f9ab130707372f14b095a3489c69ac22f9e70ac55690343f6ae1c5bd20e27d74	subprojects/groovy-test/build/classes/groovy/main/groovy/test/JavadocAssertionTestBuilder$_getTestMethods_closure4$_closure5.class
f9be39caeb94398b47f3ffcd84247c5e8f963421c5f5d3312eeab941ce0a50c4	build/classes/java/main/org/codehaus/groovy/classgen/DummyClassGenerator.class
f9e0a9528dac067bb5e4a1e90d47a813d505a6f7614574d8bf2252e2a101f2bb	subprojects/groovy-xml/build/classes/groovy/main/groovy/xml/streamingmarkupsupport/AbstractStreamingBuilder$_closure5.class
f9f3d0c63a46b720cb4bbce5d673af2b018c0aadd6c458e5b07520a4558096bf	build/classes/java/main/groovy/lang/GroovyObject.class
f9f422c3680b36c420f576486b141012d427b591ceb3819947015f8332b57e99	build/classes/java/main/org/codehaus/groovy/runtime/dgmimpl/arrays/ShortArrayGetAtMetaMethod$MyPojoMetaMethodSite.class
fa079283b902198d308dc38bedcc68cff7ae6ca5facb4c87054e3cdfe3b67ec7	subprojects/groovy-console/build/classes/groovy/main/groovy/console/ui/ObjectBrowser$_makeCard_closure3$_closure14$_closure23$_closure50.class
fa1ab76c3e8e59d4e732fca9f1a41cb2d88f235aa3d862c6e2cbeb6963ff7299	build/classes/java/main/org/codehaus/groovy/classgen/asm/BinaryExpressionMultiTypeDispatcher.class
fa1b21efb4527ea886c2de9008a7e17bf73e72c2dd57f80e831b01547cf3d7f4	subprojects/groovy-console/build/classes/groovy/main/groovy/console/ui/AstBrowser$_run_closure5$_closure38.class
fa2c5a282227bfc71ac69158d6e616a636ac6fbd4613b61ca7374e66cf132f25	build/classes/java/main/org/codehaus/groovy/runtime/NumberAwareComparator.class
fa31513ed182a022ea16bd93e2e269562adeeb6a43faa8fb3449617856b13d7a	build/classes/java/main/org/codehaus/groovy/classgen/asm/CompileStack$ExceptionTableEntry.class
fa359dc93ac02475007b60a25e27c53c96e2c28520dbfca7b2946a6c5cf10ac6	subprojects/groovy-console/build/classes/groovy/main/groovy/console/ui/text/TextEditor$FindAction.class
fa47cfaed96c67ebf3189d65233ec94ef5c9b5186d79eaf57f1934f9f3834a79	subprojects/groovy-groovysh/build/classes/groovy/main/org/apache/groovy/groovysh/jline/PackageHelper$ClassOutput.class
fa50020a40da97020e60ca9fdf8a75b5609ea8506227c63c97a02ceab1ad04eb	subprojects/groovy-jmx/build/classes/groovy/main/groovy/jmx/builder/JmxMetaMapBuilder$_buildAttributeMapFrom_closure3.class
fa5a4780f94590121a7bc2d6bf826c2afc4a6299d3fd7c0ea62d90a6285525e6	build/classes/java/main/org/codehaus/groovy/runtime/dgmimpl/NumberNumberPlus$LongInteger.class
fa5bcc18c4f6eb708463d5012c0c726561153d113ac3a07734e812a247c7a6dd	subprojects/groovy-typecheckers/build/classes/groovy/main/groovy/typecheckers/FormatStringChecker$1$_visitMethodCallExpression_closure1.class
fa66ef41d433ac2fd1603c3f9d0d32a8387f3a66ba071a17b4f4e09d2ae73b29	build/classes/java/main/groovy/util/logging/PlatformLog.class
fa8ec10c3b6d1083ce9bacb7dce6dfa4af98130c21e56bbf35cbb83ce9b22c20	build/classes/java/main/org/codehaus/groovy/reflection/ClassInfo$LazyCachedClassRef.class
fa91d2d7b85a43215a9a9c32617af181c378bbbcb16c9b59c110590151ca1e97	build/classes/java/main/groovy/util/GroovyScriptEngine$ScriptClassLoader$1.class
fab1afd4e674a9dd21285f568f0fd2605e19ba5ea74cc29501385a903b37cb5d	build/classes/java/main/org/codehaus/groovy/runtime/ProxyGeneratorAdapter.class
facace0258cb29d7144e9ca876898fd1d71c17f36bc70720345fae2d5e409b19	subprojects/groovy-console/build/classes/groovy/main/groovy/console/ui/TreeNodeWithProperties$_getPropertyValue_closure1.class
faddb306b954883ed6e1e75872197aea19f969a81f48afc9d4728e1f9042b51b	build/classes/java/main/org/codehaus/groovy/runtime/GeneratedLambda.class
fae0e183a347fe1ac08ea8def3d5793037b1b4debafd3b9cb5d75f5d2cc82208	build/classes/java/main/org/codehaus/groovy/runtime/dgmimpl/NumberNumberMetaMethod.class
faf0b1547ed19a95e50028f71990def60aad2a5dc71f35994f8b44a0ff10d3de	build/classes/java/main/org/codehaus/groovy/classgen/InnerClassVisitor.class
fb136ecaa214b55d9b6fd2f3ede338a83a23c9b75d86aa19210ff2ce00134aec	subprojects/groovy-console/build/classes/groovy/main/groovy/console/ui/Console$_comment_closure26.class
fb19e45fec6c7f231198937138a0863e6dd2ee1e1372d2c5e58b586ad021978d	subprojects/groovy-xml/build/classes/java/main/groovy/xml/slurpersupport/Attributes.class
fb1e0aee6084593bab6f1cf6a3a71ccbe058b1929b857960e9b81b23377d3dd1	subprojects/groovy-swing/build/classes/groovy/main/groovy/swing/binding/JComponentProperties$5.class
fb266126775faf30790c81bef2576c83c6c77c0b9dd6bed4b5f92fce91388d55	build/classes/java/main/org/codehaus/groovy/runtime/dgmimpl/NumberNumberMetaMethod$NumberNumberCallSite.class
fb310e9a9c4649cfe666297b3a111d7782879bec4215988ee80bbfafa5fed81d	build/classes/java/main/org/codehaus/groovy/transform/sc/transformers/BinaryExpressionTransformer.class
fb37fb20a5efdf60dc810d9575517c6c0bad0f20b893f5616cafbda08f2c51bd	subprojects/groovy-templates/build/classes/groovy/main/groovy/text/markup/MarkupTemplateEngine$TemplateGroovyClassLoader.class
fb41fec0079d4fe8ea9f1d29d636f57cf57567fc0bad263bdf1f3c66cb5d3c2a	build/classes/java/main/org/codehaus/groovy/util/ReferenceType.class
fb4b52a404414d17171da82d8c8154f40d8967264e065c5390a89aaa9519c8dc	build/classes/java/main/org/codehaus/groovy/transform/stc/EnumTypeCheckingExtension.class
fb4f095ef1b7b66acb0ea04ad4bd9277d97c0131ebb36aa3dea87fe601cd0825	build/classes/java/main/org/codehaus/groovy/reflection/ClassInfo$LazyClassLoaderRef.class
fb5ac026544662cace5fe5f256c55db1d76d7a6549a4b0ad7e49f1ed5dbf12fa	subprojects/groovy-typecheckers/build/classes/groovy/main/groovy/typecheckers/RegexChecker$_run_closure2.class
fb69ad9cd676e35f0f6fe875dc198b4e9e9111c688923a7359cf6571651974f4	build/classes/java/main/org/codehaus/groovy/classgen/asm/BinaryExpressionMultiTypeDispatcher$BinaryCharExpressionHelper.class
fb769ecfdca19ccfc13bae4898d1b978e51e0216fbd6047d5dde4719d6ab94dd	subprojects/groovy-console/build/classes/groovy/main/groovy/console/ui/Console$_runScriptImpl_closure23$_closure44.class
fb8022d115fde205fdb665f5f19cb55f5bfe1338becebee12fcce280e2b23903	build/classes/java/main/org/codehaus/groovy/runtime/metaclass/ConcurrentReaderHashMap$ValueIterator.class
fb831506ac4b97e0f96427a68eca61816aa5fece26bad0990967ab012824eec3	subprojects/groovy-jmx/build/classes/java/main/groovy/jmx/builder/JmxBuilderModelMBean.class
fb872769c9f68070ff3bb05cd2623bcd3b572a8b5b13e13f82d4ae1fe098d94b	build/classes/java/main/groovy/lang/NumberRange.class
fbb2610fcf30cd679d71d6f70c6ddfa9cbe50ba516574c7299601919cb6b596f	build/classes/java/main/org/codehaus/groovy/runtime/typehandling/BigDecimalMath.class
fbb2daba2a3653ada16246611592be3334a2c964430a115bb9d9327758e45e8a	subprojects/groovy-groovydoc/build/resources/main/org/codehaus/groovy/tools/groovydoc/gstringTemplates/packageLevel/packageDocStructuredData.xml
fbca738153be586a9f352ec38f58c4cead6414e4820603c3cc0f2709563ace50	build/classes/java/main/org/apache/groovy/parser/antlr4/GroovyLangParser$LightWeightFailedPredicateException.class
fbcc75de60161855652317cc29527800e30caff48ce42a6d86d4969922d338ff	subprojects/groovy-xml/build/classes/java/main/groovy/xml/slurpersupport/Node.class
fbd52030fa0e52d4239366c8c289bac96e2f67aa2694bf7fad8252024913b996	subprojects/groovy-toml/build/classes/java/main/groovy/toml/TomlBuilder.class
fbd604078aaefa00e772c6a290354df340c52d217bd6bdd28067cd39de7c76cc	subprojects/groovy-docgenerator/build/resources/main/org/apache/groovy/docgenerator/DocGenerator.properties
fbd9adbb5b5e56bd6562e19b589138fdc5896407289dd7b9785ed368b9db95b3	subprojects/groovy-macro/build/classes/groovy/main/org/codehaus/groovy/macro/matcher/ASTMatcher$_visitConstantExpression_closure36.class
fbdaa43899b98602e7520b92def4ea74329b8968315b8921f988f81c52cbb5b5	build/classes/java/main/org/codehaus/groovy/ast/stmt/ThrowStatement.class
fbdfeb573515c5b378f9f06b08706ea8595c5ac948d79eeb5d961a5f860d0dd0	subprojects/groovy-templates/build/classes/groovy/main/groovy/text/markup/BaseTemplate.class
fc1470fb7a1a408f4123e24b80fdf19e149f44cc488f958798e2c74b14293be4	build/classes/java/main/org/codehaus/groovy/classgen/asm/StatementMetaTypeChooser.class
fc1bba4069b91ab7226732b347fbf5733bb9ee419c689ab717f987e1a62f66a3	build/classes/java/main/org/codehaus/groovy/classgen/ClassCompletionVerifier.class
fc1d4cb0178e9037c2e7aced9388172cfa8300f5c9bb1ff9378b68b0fc7b85d4	subprojects/groovy-ginq/build/classes/groovy/main/org/apache/groovy/ginq/provider/collection/GinqAstWalker$_correctVars_lambda17.class
fc4c399878f9e4e5b8a914c76e6992e08ce65fde1ab04a53a1a0316eac2c2d48	build/classes/java/main/groovy/transform/PackageScopeTarget.class
fc4e12d2bea89e8c47208d03c4ef4bcc23650bc24bba1e72932e12f334efbc93	build/classes/java/main/org/codehaus/groovy/runtime/StringGroovyMethods$ReplaceState.class
fc4f7af3cc888fb58590fbba85ffa5c7b30cdf64dbf042db64c13122689b2b97	build/classes/java/main/groovy/lang/Range.class
fc518ff15322e4b6200287ea07fe8d9b69a58661457522a00036f7da5277c46f	build/classes/java/main/org/codehaus/groovy/runtime/dgmimpl/NumberNumberMultiply$DoubleDouble.class
fc5cbf62d49097ce577e5c01fafe2735db5a64c43b0ff907a85750d8bcb5b78b	subprojects/groovy-console/build/classes/groovy/main/groovy/console/ui/TreeNodeBuildingVisitor$_visitBytecodeExpression_closure55.class
fc7bd894bf171bc1d96d4b6aa68e3fce54c4aba91b27c8f1290bea374aef3ef5	build/classes/java/main/groovy/inspect/Inspector.class
fc941521a144d69a755781daf6c73ae7a189f94b887d06e18143d992b0741543	subprojects/groovy-sql/build/classes/java/main/groovy/sql/Sql$5.class
fcbf5e894576c4ee0e3e6247451fc25d0ac5b21a339ec0503b853c160fa5cb8e	build/classes/java/main/org/codehaus/groovy/ast/GroovyCodeVisitorAdapter.class
fcd27fc67b7e3c2dca0eb93935304547d5e8780e9ad1d9c0c4241eac82e2dc03	build/classes/java/main/org/codehaus/groovy/runtime/InvokerHelper$1.class
fceb4617ceb573eaa1b2e08763373207baf0e2ac491f6ed4289690596d46a9b9	subprojects/groovy-macro/build/classes/groovy/main/org/codehaus/groovy/macro/matcher/ASTMatcher$_visitRangeExpression_closure29$_closure91.class
fcf9bbfd6900eb1b706e2e32ea2bfe692b4765b40691da42e64d007ab0d5dd37	subprojects/groovy-swing/build/classes/java/main/org/apache/groovy/swing/binding/DeadEndException.class
fd17aec427bd8ea1d70508bcc20f54c70c8cd1c458f7c78c0b2dedb1c02e0166	subprojects/groovy-xml/build/classes/java/main/groovy/xml/slurpersupport/NamespaceAwareHashMap.class
fd41ef26e82f4cbc6198f3c7ed74edd82bdc8459b8b3a3bbea4d79bfc66166b5	subprojects/groovy-macro/build/classes/groovy/main/org/codehaus/groovy/macro/matcher/ASTMatcher$_visitBooleanExpression_closure20.class
fd4e6a7eb8006abb69e1ac6c136e48b192e47a2e7ada3f7fbbb407db6d88d187	subprojects/groovy-macro/build/classes/groovy/main/org/codehaus/groovy/macro/matcher/ASTMatcher$_visitIfElse_closure44.class
fd50c0844d4dd19a3dbcad05781477f0b8465997b1dd65151b8380cd7959c216	build/classes/java/main/org/apache/groovy/parser/antlr4/GroovyParser$YieldStatementContext.class
fd6c121eb06e5447bedcfdd3065e9a4415017a4742e383da914728b84d705d49	build/classes/java/main/org/codehaus/groovy/ast/decompiled/MemberSignatureParser$2$1.class
fd7fd5f3f634c589b8d0eeec78875499427cca8f2f2077e2397ac2feb586957b	build/classes/java/main/org/apache/groovy/parser/antlr4/GroovyParser$BuiltInTypePrmrAltContext.class
fd97de0df8c8cbbefbb6da9131ee162b7b5f6381dd341292a520a73158ec4911	subprojects/groovy-console/build/classes/groovy/main/groovy/console/ui/AstNodeToScriptVisitor$_visitWhileLoop_closure30.class
fda0802c842da24cb17556ba135a729faffbaedc120e18fbc79c093d2ae1f322	subprojects/groovy-cli-picocli/build/classes/groovy/main/groovy/cli/picocli/CliBuilder$_hyphenate_closure16.class
fda346a84acf4bc3de418d20db35fa9a3b5113a96d30399704619f3c00d9e4f9	build/classes/java/main/org/codehaus/groovy/runtime/dgmimpl/NumberNumberDiv$FloatLong.class
fdcdd8d9df8b28ab3d77748b04a3e7bfe4e47ca7f9d8ad26d5397a0de4a5f878	subprojects/groovy-xml/build/classes/groovy/main/groovy/xml/StreamingMarkupBuilder$_closure3.class
fddc61002127631d4f53c4fbeb47d187dfcfd0be53850a11d72064e98f3dc76c	build/classes/java/main/groovy/lang/MetaClassImpl$MetaConstructor.class
fdf0f75d44fa3bbeed2ab0360f31dbca826a81f873955833621bb857c3cc3b15	subprojects/groovy-ginq/build/classes/groovy/main/org/apache/groovy/ginq/dsl/GinqAstOptimizer$_transformFromClause_lambda6$_lambda9.class
fe106332fe4b88f0aad6191e9d102ceb24296ebf8669922647bfaccbd46b0d18	build/classes/java/main/org/codehaus/groovy/transform/stc/StaticTypeCheckingVisitor$ParameterVariableExpression.class
fe18820c13f4bbd5a4b9af41549b505097e281086a35a86a64376b98309e1188	subprojects/groovy-macro/build/classes/groovy/main/org/codehaus/groovy/macro/matcher/ASTMatcher$_visitCastExpression_closure35$_closure98.class
fe6eda912719f407181cf9a3d3f3348f872131312b9e842d438f75e6adbf73d8	subprojects/groovy-cli-commons/build/classes/groovy/main/groovy/cli/commons/CliBuilder$_addOptionsFromAnnotations_closure1.class
fe7384e76755ad38ab6f0bc3225a2e9bb4a27e5737da9e62292a1a351420fa25	subprojects/groovy-macro/build/classes/groovy/main/org/codehaus/groovy/macro/matcher/ASTMatcher$_visitTupleExpression_closure24.class
fe8009fe4dfd609a93e86dac4fb768d25e86a3f28e90d3083eba0676b10b35b3	build/classes/java/main/org/codehaus/groovy/util/ArrayIterable.class
fe82185582756aa382e77774221b26d0022dcd795bac4d7d6153a80b53beaebf	build/classes/groovy/main/groovy/cli/internal/CliBuilderInternal$_commons2picocli_closure4.class
fe848b97ed659fb2e87eb7c023b516d82a75896a08b9c08de0e106cb98c81eb4	subprojects/groovy-contracts/build/classes/java/main/org/apache/groovy/contracts/ViolationTracker.class
fe86da6ffb17674ac5182568dad2b71aaf084a7dbb23494bff45ac4f1309be63	build/classes/java/main/org/apache/groovy/parser/antlr4/GroovyParser$LogicalOrExprAltContext.class
fe9b19005417f8743fac10669f5f86f01119aeccf1022d42754c7f7b1ab7ee2b	build/classes/java/main/org/apache/groovy/util/concurrent/concurrentlinkedhashmap/ConcurrentLinkedHashMap$RemovalTask.class
fe9c615e8008f42cae41f6a323966572cd63512c000b69f694a393cfead2422c	build/classes/java/main/org/apache/groovy/util/concurrent/concurrentlinkedhashmap/Weighers$IterableWeigher.class
feddefa88e7da07d01efba217716ec4c9c4eea201576f38ea24f68b505c2dcfd	build/classes/java/main/org/apache/groovy/util/concurrent/concurrentlinkedhashmap/ConcurrentLinkedHashMap$KeyIterator.class
fee41cb98c1b265a12b87660316afbb6b09fb53d03bb2b180c4be14720206ed6	subprojects/groovy-console/build/classes/groovy/main/groovy/console/ui/text/FindReplaceUtility$1.class
fefcf6457834d3d0cc9a867f0bf387bf1509e295083cad4aacd998ecd0f99438	build/classes/groovy/main/groovy/grape/GrapeIvy$_processGrabArgs_closure1.class
ff0459504bd94f0dd7fcaa236fb67feee38bae5aeaf545ecde8ce816e8de2003	build/classes/java/main/org/codehaus/groovy/transform/SortableASTTransformation.class
ff153ff93e71814e50b740cdcce6ff8c10bb2fc7ea32ee55267c8161ba0093dd	build/classes/java/main/org/codehaus/groovy/ast/decompiled/DecompiledClassNode.class
ff1a3322115b0ce7af00dba4157358f0930260aae55ada3c7e856298535b612b	subprojects/groovy-swing/build/classes/java/main/org/apache/groovy/swing/binding/DeadEndObject.class
ff33e9907381965658eaff999c656d561265b8760e3697d8a1714861be997166	build/classes/java/main/org/codehaus/groovy/ast/decompiled/AnnotatedTypeStub.class
ff387369f017db2cc5d6a3d39cfdf5e1ea77562c936a49c7e54fa6ddbf427295	subprojects/groovy-jsr223/build/classes/java/main/org/codehaus/groovy/jsr223/GroovyScriptEngineFactory.class
ff6cb015ed63e448fffdff23731acbd4fea222b19d1618fb3a428f7d43fade21	subprojects/groovy-console/build/classes/groovy/main/groovy/console/ui/text/FindReplaceUtility$ReplaceAllAction.class
ff70d984cd4e2b00b63da40a7f21992503b45f36414f497897aed5852759b470	subprojects/groovy-templates/build/classes/groovy/main/groovy/text/markup/IncludeType.class
ff73b62cffc2c75808720450162b4131ca2ca6e25cd7d747e3d6feffce761072	subprojects/groovy-jmx/build/classes/groovy/main/groovy/jmx/builder/JmxMetaMapBuilder$_buildOperationMapFrom_closure7.class
ff753dc5e4425bb6463df271176766204ad5b10929145a27f52c13de37b7d8b4	build/classes/java/main/org/codehaus/groovy/runtime/dgmimpl/arrays/BooleanArrayPutAtMetaMethod.class
ff8b2f738bc52aec8b76e4e4878d641f94e3e06c29fb62253c9cca462d6a1118	build/classes/java/main/org/apache/groovy/internal/util/UncheckedThrow.class
ff9c48d8c2d063932c7aadd5e15ddfdc76b7111bf0715f3a192bba26df2c531c	subprojects/groovy-console/build/resources/main/groovy/console/ui/icons/information.png
ffab1a975e26ed14749f42bd5446132fd6dc4e2e53d76966998be4b22a4976f6	build/classes/java/main/org/codehaus/groovy/ast/ImportNode.class
ffd8335bc85ea2b70764ac8c54a2f3db33aae71abb4f2a834f71ee5829c0d346	build/classes/java/main/org/codehaus/groovy/transform/LogASTTransformation$1.class
ffef15365c5210b217afcc64398b07382ac3cad499a4d1545ea5e211beeb13e8	subprojects/groovy-json/build/classes/java/main/org/apache/groovy/json/internal/Chr.class
