buildopt: warming isolated control arm at 26b251a451ce941d3d7a55e6487bcb7f16b5ad48 (cache seed 1/5)
buildopt: warmed isolated control arm cache seed in 214167ms with total:121/executed:110/from-cache:0/up-to-date:0/no-source:10/skipped:1/fingerprint:4b5a3cd368539dd1e66fc1adc6781bec5458f8f29ba51c364e926bfdce29a7f9
buildopt: warming isolated control arm at 26b251a451ce941d3d7a55e6487bcb7f16b5ad48 (base daemon stabilization 2/5)
buildopt: warmed isolated control arm daemon stabilization in 12291ms with total:121/executed:56/from-cache:45/up-to-date:9/no-source:10/skipped:1/fingerprint:052c46022dafa1d8dd618f70db100a60335d4102a32714c082e34ed206b5b3cf
buildopt: warming isolated control arm at d02f6f62f56e7c8746d4006ccc4ab4725c9be00b (target-workload stabilization 3/5)
buildopt: warmed isolated control arm target workload in 45376ms with total:121/executed:67/from-cache:34/up-to-date:9/no-source:10/skipped:1/fingerprint:d6b36845e7f0948e0e1bd2b53b9fc8f3eb25a915f1c8a9df9e9093384defbf89
buildopt: confirming isolated control target-workload shape at d02f6f62f56e7c8746d4006ccc4ab4725c9be00b (4/5)
buildopt: confirmed isolated control target workload in 41185ms with total:121/executed:67/from-cache:34/up-to-date:9/no-source:10/skipped:1/fingerprint:d6b36845e7f0948e0e1bd2b53b9fc8f3eb25a915f1c8a9df9e9093384defbf89
buildopt: confirming isolated control target-workload shape at d02f6f62f56e7c8746d4006ccc4ab4725c9be00b (5/5)
buildopt: confirmed isolated control target workload in 40106ms with total:121/executed:67/from-cache:34/up-to-date:9/no-source:10/skipped:1/fingerprint:d6b36845e7f0948e0e1bd2b53b9fc8f3eb25a915f1c8a9df9e9093384defbf89
buildopt: warming isolated candidate arm at 26b251a451ce941d3d7a55e6487bcb7f16b5ad48 (cache seed 1/5)
buildopt: warmed isolated candidate arm cache seed in 93198ms with total:10/executed:9/from-cache:0/up-to-date:0/no-source:1/skipped:0/fingerprint:20a2ab82325c8202a5d6a103edd45135aa326dcc561e4a29e395f87605029683
buildopt: warming isolated candidate arm at 26b251a451ce941d3d7a55e6487bcb7f16b5ad48 (base daemon stabilization 2/5)
buildopt: warmed isolated candidate arm daemon stabilization in 8057ms with total:10/executed:3/from-cache:5/up-to-date:1/no-source:1/skipped:0/fingerprint:75c2a20b0cf468f82946b24a3188e9ec560ce44ff51b791bdd73284ce86a2d8b
buildopt: warming isolated candidate arm at d02f6f62f56e7c8746d4006ccc4ab4725c9be00b (target-workload stabilization 3/5)
buildopt: warmed isolated candidate arm target workload in 19210ms with total:10/executed:6/from-cache:2/up-to-date:1/no-source:1/skipped:0/fingerprint:a026be126dcf504181d183b2e72ba4ad24a60930ce1d1846e6d96ceada98296b
buildopt: confirming isolated candidate target-workload shape at d02f6f62f56e7c8746d4006ccc4ab4725c9be00b (4/5)
buildopt: confirmed isolated candidate target workload in 15763ms with total:10/executed:6/from-cache:2/up-to-date:1/no-source:1/skipped:0/fingerprint:a026be126dcf504181d183b2e72ba4ad24a60930ce1d1846e6d96ceada98296b
buildopt: confirming isolated candidate target-workload shape at d02f6f62f56e7c8746d4006ccc4ab4725c9be00b (5/5)
buildopt: confirmed isolated candidate target workload in 15676ms with total:10/executed:6/from-cache:2/up-to-date:1/no-source:1/skipped:0/fingerprint:a026be126dcf504181d183b2e72ba4ad24a60930ce1d1846e6d96ceada98296b
buildopt: structural pair 1/8 control=40126ms candidate=15538ms saved=24588ms gap=0ms order=CONTROL_FIRST
buildopt: structural pair 1 task outcomes control=total:121/executed:67/from-cache:34/up-to-date:9/no-source:10/skipped:1/fingerprint:d6b36845e7f0948e0e1bd2b53b9fc8f3eb25a915f1c8a9df9e9093384defbf89 candidate=total:10/executed:6/from-cache:2/up-to-date:1/no-source:1/skipped:0/fingerprint:a026be126dcf504181d183b2e72ba4ad24a60930ce1d1846e6d96ceada98296b
buildopt: structural pair 2/8 control=40374ms candidate=14218ms saved=26156ms gap=0ms order=CANDIDATE_FIRST
buildopt: structural pair 2 task outcomes control=total:121/executed:67/from-cache:34/up-to-date:9/no-source:10/skipped:1/fingerprint:d6b36845e7f0948e0e1bd2b53b9fc8f3eb25a915f1c8a9df9e9093384defbf89 candidate=total:10/executed:6/from-cache:2/up-to-date:1/no-source:1/skipped:0/fingerprint:a026be126dcf504181d183b2e72ba4ad24a60930ce1d1846e6d96ceada98296b
buildopt: structural pair 3/8 control=40593ms candidate=12723ms saved=27870ms gap=0ms order=CONTROL_FIRST
buildopt: structural pair 3 task outcomes control=total:121/executed:67/from-cache:34/up-to-date:9/no-source:10/skipped:1/fingerprint:d6b36845e7f0948e0e1bd2b53b9fc8f3eb25a915f1c8a9df9e9093384defbf89 candidate=total:10/executed:6/from-cache:2/up-to-date:1/no-source:1/skipped:0/fingerprint:a026be126dcf504181d183b2e72ba4ad24a60930ce1d1846e6d96ceada98296b
buildopt: structural pair 4/8 control=44147ms candidate=11799ms saved=32348ms gap=0ms order=CANDIDATE_FIRST
buildopt: structural pair 4 task outcomes control=total:121/executed:67/from-cache:34/up-to-date:9/no-source:10/skipped:1/fingerprint:d6b36845e7f0948e0e1bd2b53b9fc8f3eb25a915f1c8a9df9e9093384defbf89 candidate=total:10/executed:6/from-cache:2/up-to-date:1/no-source:1/skipped:0/fingerprint:a026be126dcf504181d183b2e72ba4ad24a60930ce1d1846e6d96ceada98296b
buildopt: structural pair 5/8 control=41535ms candidate=12923ms saved=28612ms gap=0ms order=CONTROL_FIRST
buildopt: structural pair 5 task outcomes control=total:121/executed:67/from-cache:34/up-to-date:9/no-source:10/skipped:1/fingerprint:d6b36845e7f0948e0e1bd2b53b9fc8f3eb25a915f1c8a9df9e9093384defbf89 candidate=total:10/executed:6/from-cache:2/up-to-date:1/no-source:1/skipped:0/fingerprint:a026be126dcf504181d183b2e72ba4ad24a60930ce1d1846e6d96ceada98296b
buildopt: structural pair 6/8 control=40904ms candidate=13923ms saved=26981ms gap=0ms order=CANDIDATE_FIRST
buildopt: structural pair 6 task outcomes control=total:121/executed:67/from-cache:34/up-to-date:9/no-source:10/skipped:1/fingerprint:d6b36845e7f0948e0e1bd2b53b9fc8f3eb25a915f1c8a9df9e9093384defbf89 candidate=total:10/executed:6/from-cache:2/up-to-date:1/no-source:1/skipped:0/fingerprint:a026be126dcf504181d183b2e72ba4ad24a60930ce1d1846e6d96ceada98296b
buildopt: structural pair 7/8 control=40810ms candidate=13331ms saved=27479ms gap=0ms order=CONTROL_FIRST
buildopt: structural pair 7 task outcomes control=total:121/executed:67/from-cache:34/up-to-date:9/no-source:10/skipped:1/fingerprint:d6b36845e7f0948e0e1bd2b53b9fc8f3eb25a915f1c8a9df9e9093384defbf89 candidate=total:10/executed:6/from-cache:2/up-to-date:1/no-source:1/skipped:0/fingerprint:a026be126dcf504181d183b2e72ba4ad24a60930ce1d1846e6d96ceada98296b
buildopt: structural pair 8/8 control=42303ms candidate=13320ms saved=28983ms gap=0ms order=CANDIDATE_FIRST
buildopt: structural pair 8 task outcomes control=total:121/executed:67/from-cache:34/up-to-date:9/no-source:10/skipped:1/fingerprint:d6b36845e7f0948e0e1bd2b53b9fc8f3eb25a915f1c8a9df9e9093384defbf89 candidate=total:10/executed:6/from-cache:2/up-to-date:1/no-source:1/skipped:0/fingerprint:a026be126dcf504181d183b2e72ba4ad24a60930ce1d1846e6d96ceada98296b
buildopt: validating full-graph fallback with --no-daemon and measured scheduling
buildopt: structural profile measurement decision QUALIFIED_EVIDENCE_WRITTEN; review buildopt-structural-evidence.json before evaluation
{
  "schemaVersion": "buildopt.evidence/structural-profile-qualification/v1",
  "evidenceState": "QUALIFIED",
  "capturedAt": "2026-08-14T05:41:33Z",
  "subject": {
    "repositoryId": "apache/kafka",
    "repositoryRevision": "d02f6f62f56e7c8746d4006ccc4ab4725c9be00b",
    "pipelineClass": "shadow-jar-distribution"
  },
  "sourceBindings": {
    "manifestSha256": "e959569ff71ccd1a7a2ded3522bdff8b16b80393ffc746fb810edc0bd265d57b",
    "graphSha256": "25b7a100ebbf64635793fa43e8d0a71a2c826ed0ced897de6a3b23ea8a4570cf",
    "generatedManifestSha256": "d392ebba7b9f4e768c3f411d3b97b70bec9cd4ef776c1977e1a4c1fba5ab4534",
    "sourceEvidenceSha256": "d2a07796014a1b3b0b6666ac3ba54aba2993c93917adada7a7720a089e38788c",
    "outputEquivalenceSha256": "22dba20d585be322658604491b4b91d1f7e5deaa8dece5e5b8a954881630108a"
  },
  "plan": {
    "alternativeId": "changed-projects",
    "entrypoints": [
      ":clients:shadowJar"
    ],
    "fallbackEntrypoints": [
      "shadowJar"
    ],
    "requiredOutputs": [
      "clients/build/libs/kafka-clients-*.jar"
    ],
    "totalProjectCount": 64,
    "selectedProjectCount": 2,
    "omittedProjectCount": 62,
    "omittedProjectRatio": 0.96875
  },
  "execution": {
    "candidateSurface": "INSTALLED_BUILDOPT_STRUCTURAL_IMPACT_ONLY",
    "buildoptRevision": "55ad6bdd4dbd0320cac6102dd0b86be250d518f6",
    "executableSha256": "48705241bfd805c3f7f06273e2ca7ea0d67151366cf7ee2e1d9451ecd20ae069",
    "mechanisms": [
      "BUILD_IMPACT"
    ],
    "gradleOptions": [
      "--daemon",
      "--build-cache",
      "--parallel",
      "--no-configuration-cache",
      "--console=plain",
      "--no-scan",
      "--max-workers=12"
    ],
    "launcherOverheadIncluded": true,
    "outputEquivalenceMode": "OWNER_REVIEWED_SEMANTIC_V1",
    "warmupsPerArm": 5,
    "controlWarmups": [
      {
        "phase": "CACHE_SEED",
        "durationMs": 214167,
        "logSha256": "f6abab471428fd03693ecf4adc1f599767809b58df2851eeea69e9afa39dc151",
        "taskOutcomes": {
          "total": 121,
          "executed": 110,
          "fromCache": 0,
          "upToDate": 0,
          "noSource": 10,
          "skipped": 1,
          "fingerprintSha256": "4b5a3cd368539dd1e66fc1adc6781bec5458f8f29ba51c364e926bfdce29a7f9",
          "tasks": [
            {
              "path": ":clients:classes",
              "outcome": "EXECUTED"
            },
            {
              "path": ":clients:compileJava",
              "outcome": "EXECUTED"
            },
            {
              "path": ":clients:compileTestJava",
              "outcome": "EXECUTED"
            },
            {
              "path": ":clients:createVersionFile",
              "outcome": "EXECUTED"
            },
            {
              "path": ":clients:jar",
              "outcome": "SKIPPED"
            },
            {
              "path": ":clients:processMessages",
              "outcome": "EXECUTED"
            },
            {
              "path": ":clients:processResources",
              "outcome": "EXECUTED"
            },
            {
              "path": ":clients:processTestMessages",
              "outcome": "EXECUTED"
            },
            {
              "path": ":clients:processTestResources",
              "outcome": "EXECUTED"
            },
            {
              "path": ":clients:shadowJar",
              "outcome": "EXECUTED"
            },
            {
              "path": ":clients:testClasses",
              "outcome": "EXECUTED"
            },
            {
              "path": ":connect:api:classes",
              "outcome": "EXECUTED"
            },
            {
              "path": ":connect:api:compileJava",
              "outcome": "EXECUTED"
            },
            {
              "path": ":connect:api:copyDependantLibs",
              "outcome": "EXECUTED"
            },
            {
              "path": ":connect:api:jar",
              "outcome": "EXECUTED"
            },
            {
              "path": ":connect:api:processResources",
              "outcome": "EXECUTED"
            },
            {
              "path": ":connect:json:classes",
              "outcome": "EXECUTED"
            },
            {
              "path": ":connect:json:compileJava",
              "outcome": "EXECUTED"
            },
            {
              "path": ":connect:json:copyDependantLibs",
              "outcome": "EXECUTED"
            },
            {
              "path": ":connect:json:jar",
              "outcome": "EXECUTED"
            },
            {
              "path": ":connect:json:processResources",
              "outcome": "EXECUTED"
            },
            {
              "path": ":connect:transforms:classes",
              "outcome": "EXECUTED"
            },
            {
              "path": ":connect:transforms:compileJava",
              "outcome": "EXECUTED"
            },
            {
              "path": ":connect:transforms:copyDependantLibs",
              "outcome": "EXECUTED"
            },
            {
              "path": ":connect:transforms:jar",
              "outcome": "EXECUTED"
            },
            {
              "path": ":connect:transforms:processResources",
              "outcome": "EXECUTED"
            },
            {
              "path": ":coordinator-common:classes",
              "outcome": "EXECUTED"
            },
            {
              "path": ":coordinator-common:compileJava",
              "outcome": "EXECUTED"
            },
            {
              "path": ":coordinator-common:compileTestJava",
              "outcome": "EXECUTED"
            },
            {
              "path": ":coordinator-common:jar",
              "outcome": "EXECUTED"
            },
            {
              "path": ":coordinator-common:processResources",
              "outcome": "NO_SOURCE"
            },
            {
              "path": ":coordinator-common:processTestResources",
              "outcome": "EXECUTED"
            },
            {
              "path": ":coordinator-common:testClasses",
              "outcome": "EXECUTED"
            },
            {
              "path": ":core:classes",
              "outcome": "EXECUTED"
            },
            {
              "path": ":core:compileJava",
              "outcome": "NO_SOURCE"
            },
            {
              "path": ":core:compileScala",
              "outcome": "EXECUTED"
            },
            {
              "path": ":core:copyDependantLibs",
              "outcome": "EXECUTED"
            },
            {
              "path": ":core:jar",
              "outcome": "EXECUTED"
            },
            {
              "path": ":core:processResources",
              "outcome": "NO_SOURCE"
            },
            {
              "path": ":generator:classes",
              "outcome": "EXECUTED"
            },
            {
              "path": ":generator:compileJava",
              "outcome": "EXECUTED"
            },
            {
              "path": ":generator:jar",
              "outcome": "EXECUTED"
            },
            {
              "path": ":generator:processResources",
              "outcome": "NO_SOURCE"
            },
            {
              "path": ":group-coordinator:classes",
              "outcome": "EXECUTED"
            },
            {
              "path": ":group-coordinator:compileJava",
              "outcome": "EXECUTED"
            },
            {
              "path": ":group-coordinator:group-coordinator-api:classes",
              "outcome": "EXECUTED"
            },
            {
              "path": ":group-coordinator:group-coordinator-api:compileJava",
              "outcome": "EXECUTED"
            },
            {
              "path": ":group-coordinator:group-coordinator-api:createVersionFile",
              "outcome": "EXECUTED"
            },
            {
              "path": ":group-coordinator:group-coordinator-api:jar",
              "outcome": "EXECUTED"
            },
            {
              "path": ":group-coordinator:group-coordinator-api:processResources",
              "outcome": "NO_SOURCE"
            },
            {
              "path": ":group-coordinator:jar",
              "outcome": "EXECUTED"
            },
            {
              "path": ":group-coordinator:processMessages",
              "outcome": "EXECUTED"
            },
            {
              "path": ":group-coordinator:processResources",
              "outcome": "EXECUTED"
            },
            {
              "path": ":jmh-benchmarks:classes",
              "outcome": "EXECUTED"
            },
            {
              "path": ":jmh-benchmarks:compileJava",
              "outcome": "EXECUTED"
            },
            {
              "path": ":jmh-benchmarks:processResources",
              "outcome": "NO_SOURCE"
            },
            {
              "path": ":jmh-benchmarks:shadowJar",
              "outcome": "EXECUTED"
            },
            {
              "path": ":metadata:classes",
              "outcome": "EXECUTED"
            },
            {
              "path": ":metadata:compileJava",
              "outcome": "EXECUTED"
            },
            {
              "path": ":metadata:compileTestJava",
              "outcome": "EXECUTED"
            },
            {
              "path": ":metadata:jar",
              "outcome": "EXECUTED"
            },
            {
              "path": ":metadata:processMessages",
              "outcome": "EXECUTED"
            },
            {
              "path": ":metadata:processResources",
              "outcome": "EXECUTED"
            },
            {
              "path": ":metadata:processTestResources",
              "outcome": "EXECUTED"
            },
            {
              "path": ":metadata:testClasses",
              "outcome": "EXECUTED"
            },
            {
              "path": ":raft:classes",
              "outcome": "EXECUTED"
            },
            {
              "path": ":raft:compileJava",
              "outcome": "EXECUTED"
            },
            {
              "path": ":raft:compileTestJava",
              "outcome": "EXECUTED"
            },
            {
              "path": ":raft:createVersionFile",
              "outcome": "EXECUTED"
            },
            {
              "path": ":raft:jar",
              "outcome": "EXECUTED"
            },
            {
              "path": ":raft:processMessages",
              "outcome": "EXECUTED"
            },
            {
              "path": ":raft:processResources",
              "outcome": "EXECUTED"
            },
            {
              "path": ":raft:processTestResources",
              "outcome": "EXECUTED"
            },
            {
              "path": ":raft:testClasses",
              "outcome": "EXECUTED"
            },
            {
              "path": ":server-common:classes",
              "outcome": "EXECUTED"
            },
            {
              "path": ":server-common:compileJava",
              "outcome": "EXECUTED"
            },
            {
              "path": ":server-common:compileTestJava",
              "outcome": "EXECUTED"
            },
            {
              "path": ":server-common:createVersionFile",
              "outcome": "EXECUTED"
            },
            {
              "path": ":server-common:jar",
              "outcome": "EXECUTED"
            },
            {
              "path": ":server-common:processResources",
              "outcome": "NO_SOURCE"
            },
            {
              "path": ":server-common:processTestResources",
              "outcome": "EXECUTED"
            },
            {
              "path": ":server-common:testClasses",
              "outcome": "EXECUTED"
            },
            {
              "path": ":server:classes",
              "outcome": "EXECUTED"
            },
            {
              "path": ":server:compileJava",
              "outcome": "EXECUTED"
            },
            {
              "path": ":server:createVersionFile",
              "outcome": "EXECUTED"
            },
            {
              "path": ":server:jar",
              "outcome": "EXECUTED"
            },
            {
              "path": ":server:processResources",
              "outcome": "NO_SOURCE"
            },
            {
              "path": ":share-coordinator:classes",
              "outcome": "EXECUTED"
            },
            {
              "path": ":share-coordinator:compileJava",
              "outcome": "EXECUTED"
            },
            {
              "path": ":share-coordinator:jar",
              "outcome": "EXECUTED"
            },
            {
              "path": ":share-coordinator:processMessages",
              "outcome": "EXECUTED"
            },
            {
              "path": ":share-coordinator:processResources",
              "outcome": "EXECUTED"
            },
            {
              "path": ":storage:classes",
              "outcome": "EXECUTED"
            },
            {
              "path": ":storage:compileJava",
              "outcome": "EXECUTED"
            },
            {
              "path": ":storage:createVersionFile",
              "outcome": "EXECUTED"
            },
            {
              "path": ":storage:jar",
              "outcome": "EXECUTED"
            },
            {
              "path": ":storage:processMessages",
              "outcome": "EXECUTED"
            },
            {
              "path": ":storage:processResources",
              "outcome": "EXECUTED"
            },
            {
              "path": ":storage:storage-api:classes",
              "outcome": "EXECUTED"
            },
            {
              "path": ":storage:storage-api:compileJava",
              "outcome": "EXECUTED"
            },
            {
              "path": ":storage:storage-api:createVersionFile",
              "outcome": "EXECUTED"
            },
            {
              "path": ":storage:storage-api:jar",
              "outcome": "EXECUTED"
            },
            {
              "path": ":storage:storage-api:processResources",
              "outcome": "NO_SOURCE"
            },
            {
              "path": ":streams:classes",
              "outcome": "EXECUTED"
            },
            {
              "path": ":streams:compileJava",
              "outcome": "EXECUTED"
            },
            {
              "path": ":streams:copyDependantLibs",
              "outcome": "EXECUTED"
            },
            {
              "path": ":streams:createStreamsVersionFile",
              "outcome": "EXECUTED"
            },
            {
              "path": ":streams:jar",
              "outcome": "EXECUTED"
            },
            {
              "path": ":streams:processMessages",
              "outcome": "EXECUTED"
            },
            {
              "path": ":streams:processResources",
              "outcome": "EXECUTED"
            },
            {
              "path": ":test-common:test-common-util:compileJava",
              "outcome": "EXECUTED"
            },
            {
              "path": ":tools:tools-api:classes",
              "outcome": "EXECUTED"
            },
            {
              "path": ":tools:tools-api:compileJava",
              "outcome": "EXECUTED"
            },
            {
              "path": ":tools:tools-api:createVersionFile",
              "outcome": "EXECUTED"
            },
            {
              "path": ":tools:tools-api:jar",
              "outcome": "EXECUTED"
            },
            {
              "path": ":tools:tools-api:processResources",
              "outcome": "NO_SOURCE"
            },
            {
              "path": ":transaction-coordinator:classes",
              "outcome": "EXECUTED"
            },
            {
              "path": ":transaction-coordinator:compileJava",
              "outcome": "EXECUTED"
            },
            {
              "path": ":transaction-coordinator:jar",
              "outcome": "EXECUTED"
            },
            {
              "path": ":transaction-coordinator:processMessages",
              "outcome": "EXECUTED"
            },
            {
              "path": ":transaction-coordinator:processResources",
              "outcome": "EXECUTED"
            }
          ]
        },
        "hostPressure": {
          "available": true,
          "cpuSomeTotalUs": 3444242,
          "memorySomeTotalUs": 449,
          "memoryFullTotalUs": 373,
          "ioSomeTotalUs": 132313769,
          "ioFullTotalUs": 92925423
        }
      },
      {
        "phase": "BASE_DAEMON_STABILIZATION",
        "durationMs": 12291,
        "logSha256": "b8b81690c0a8d14240e4b335b1faac59ab3bab85aa3901ea493449bea2400ac4",
        "taskOutcomes": {
          "total": 121,
          "executed": 56,
          "fromCache": 45,
          "upToDate": 9,
          "noSource": 10,
          "skipped": 1,
          "fingerprintSha256": "052c46022dafa1d8dd618f70db100a60335d4102a32714c082e34ed206b5b3cf",
          "tasks": [
            {
              "path": ":clients:classes",
              "outcome": "EXECUTED"
            },
            {
              "path": ":clients:compileJava",
              "outcome": "FROM_CACHE"
            },
            {
              "path": ":clients:compileTestJava",
              "outcome": "FROM_CACHE"
            },
            {
              "path": ":clients:createVersionFile",
              "outcome": "FROM_CACHE"
            },
            {
              "path": ":clients:jar",
              "outcome": "SKIPPED"
            },
            {
              "path": ":clients:processMessages",
              "outcome": "FROM_CACHE"
            },
            {
              "path": ":clients:processResources",
              "outcome": "EXECUTED"
            },
            {
              "path": ":clients:processTestMessages",
              "outcome": "FROM_CACHE"
            },
            {
              "path": ":clients:processTestResources",
              "outcome": "EXECUTED"
            },
            {
              "path": ":clients:shadowJar",
              "outcome": "FROM_CACHE"
            },
            {
              "path": ":clients:testClasses",
              "outcome": "EXECUTED"
            },
            {
              "path": ":connect:api:classes",
              "outcome": "EXECUTED"
            },
            {
              "path": ":connect:api:compileJava",
              "outcome": "FROM_CACHE"
            },
            {
              "path": ":connect:api:copyDependantLibs",
              "outcome": "EXECUTED"
            },
            {
              "path": ":connect:api:jar",
              "outcome": "EXECUTED"
            },
            {
              "path": ":connect:api:processResources",
              "outcome": "EXECUTED"
            },
            {
              "path": ":connect:json:classes",
              "outcome": "EXECUTED"
            },
            {
              "path": ":connect:json:compileJava",
              "outcome": "FROM_CACHE"
            },
            {
              "path": ":connect:json:copyDependantLibs",
              "outcome": "EXECUTED"
            },
            {
              "path": ":connect:json:jar",
              "outcome": "EXECUTED"
            },
            {
              "path": ":connect:json:processResources",
              "outcome": "EXECUTED"
            },
            {
              "path": ":connect:transforms:classes",
              "outcome": "EXECUTED"
            },
            {
              "path": ":connect:transforms:compileJava",
              "outcome": "FROM_CACHE"
            },
            {
              "path": ":connect:transforms:copyDependantLibs",
              "outcome": "EXECUTED"
            },
            {
              "path": ":connect:transforms:jar",
              "outcome": "EXECUTED"
            },
            {
              "path": ":connect:transforms:processResources",
              "outcome": "EXECUTED"
            },
            {
              "path": ":coordinator-common:classes",
              "outcome": "UP_TO_DATE"
            },
            {
              "path": ":coordinator-common:compileJava",
              "outcome": "FROM_CACHE"
            },
            {
              "path": ":coordinator-common:compileTestJava",
              "outcome": "FROM_CACHE"
            },
            {
              "path": ":coordinator-common:jar",
              "outcome": "EXECUTED"
            },
            {
              "path": ":coordinator-common:processResources",
              "outcome": "NO_SOURCE"
            },
            {
              "path": ":coordinator-common:processTestResources",
              "outcome": "EXECUTED"
            },
            {
              "path": ":coordinator-common:testClasses",
              "outcome": "EXECUTED"
            },
            {
              "path": ":core:classes",
              "outcome": "UP_TO_DATE"
            },
            {
              "path": ":core:compileJava",
              "outcome": "NO_SOURCE"
            },
            {
              "path": ":core:compileScala",
              "outcome": "FROM_CACHE"
            },
            {
              "path": ":core:copyDependantLibs",
              "outcome": "EXECUTED"
            },
            {
              "path": ":core:jar",
              "outcome": "EXECUTED"
            },
            {
              "path": ":core:processResources",
              "outcome": "NO_SOURCE"
            },
            {
              "path": ":generator:classes",
              "outcome": "UP_TO_DATE"
            },
            {
              "path": ":generator:compileJava",
              "outcome": "FROM_CACHE"
            },
            {
              "path": ":generator:jar",
              "outcome": "EXECUTED"
            },
            {
              "path": ":generator:processResources",
              "outcome": "NO_SOURCE"
            },
            {
              "path": ":group-coordinator:classes",
              "outcome": "EXECUTED"
            },
            {
              "path": ":group-coordinator:compileJava",
              "outcome": "FROM_CACHE"
            },
            {
              "path": ":group-coordinator:group-coordinator-api:classes",
              "outcome": "UP_TO_DATE"
            },
            {
              "path": ":group-coordinator:group-coordinator-api:compileJava",
              "outcome": "FROM_CACHE"
            },
            {
              "path": ":group-coordinator:group-coordinator-api:createVersionFile",
              "outcome": "FROM_CACHE"
            },
            {
              "path": ":group-coordinator:group-coordinator-api:jar",
              "outcome": "EXECUTED"
            },
            {
              "path": ":group-coordinator:group-coordinator-api:processResources",
              "outcome": "NO_SOURCE"
            },
            {
              "path": ":group-coordinator:jar",
              "outcome": "EXECUTED"
            },
            {
              "path": ":group-coordinator:processMessages",
              "outcome": "FROM_CACHE"
            },
            {
              "path": ":group-coordinator:processResources",
              "outcome": "EXECUTED"
            },
            {
              "path": ":jmh-benchmarks:classes",
              "outcome": "UP_TO_DATE"
            },
            {
              "path": ":jmh-benchmarks:compileJava",
              "outcome": "FROM_CACHE"
            },
            {
              "path": ":jmh-benchmarks:processResources",
              "outcome": "NO_SOURCE"
            },
            {
              "path": ":jmh-benchmarks:shadowJar",
              "outcome": "FROM_CACHE"
            },
            {
              "path": ":metadata:classes",
              "outcome": "EXECUTED"
            },
            {
              "path": ":metadata:compileJava",
              "outcome": "FROM_CACHE"
            },
            {
              "path": ":metadata:compileTestJava",
              "outcome": "FROM_CACHE"
            },
            {
              "path": ":metadata:jar",
              "outcome": "EXECUTED"
            },
            {
              "path": ":metadata:processMessages",
              "outcome": "FROM_CACHE"
            },
            {
              "path": ":metadata:processResources",
              "outcome": "EXECUTED"
            },
            {
              "path": ":metadata:processTestResources",
              "outcome": "EXECUTED"
            },
            {
              "path": ":metadata:testClasses",
              "outcome": "EXECUTED"
            },
            {
              "path": ":raft:classes",
              "outcome": "EXECUTED"
            },
            {
              "path": ":raft:compileJava",
              "outcome": "FROM_CACHE"
            },
            {
              "path": ":raft:compileTestJava",
              "outcome": "FROM_CACHE"
            },
            {
              "path": ":raft:createVersionFile",
              "outcome": "FROM_CACHE"
            },
            {
              "path": ":raft:jar",
              "outcome": "EXECUTED"
            },
            {
              "path": ":raft:processMessages",
              "outcome": "FROM_CACHE"
            },
            {
              "path": ":raft:processResources",
              "outcome": "EXECUTED"
            },
            {
              "path": ":raft:processTestResources",
              "outcome": "EXECUTED"
            },
            {
              "path": ":raft:testClasses",
              "outcome": "EXECUTED"
            },
            {
              "path": ":server-common:classes",
              "outcome": "UP_TO_DATE"
            },
            {
              "path": ":server-common:compileJava",
              "outcome": "FROM_CACHE"
            },
            {
              "path": ":server-common:compileTestJava",
              "outcome": "FROM_CACHE"
            },
            {
              "path": ":server-common:createVersionFile",
              "outcome": "FROM_CACHE"
            },
            {
              "path": ":server-common:jar",
              "outcome": "EXECUTED"
            },
            {
              "path": ":server-common:processResources",
              "outcome": "NO_SOURCE"
            },
            {
              "path": ":server-common:processTestResources",
              "outcome": "EXECUTED"
            },
            {
              "path": ":server-common:testClasses",
              "outcome": "EXECUTED"
            },
            {
              "path": ":server:classes",
              "outcome": "UP_TO_DATE"
            },
            {
              "path": ":server:compileJava",
              "outcome": "FROM_CACHE"
            },
            {
              "path": ":server:createVersionFile",
              "outcome": "FROM_CACHE"
            },
            {
              "path": ":server:jar",
              "outcome": "EXECUTED"
            },
            {
              "path": ":server:processResources",
              "outcome": "NO_SOURCE"
            },
            {
              "path": ":share-coordinator:classes",
              "outcome": "EXECUTED"
            },
            {
              "path": ":share-coordinator:compileJava",
              "outcome": "FROM_CACHE"
            },
            {
              "path": ":share-coordinator:jar",
              "outcome": "EXECUTED"
            },
            {
              "path": ":share-coordinator:processMessages",
              "outcome": "FROM_CACHE"
            },
            {
              "path": ":share-coordinator:processResources",
              "outcome": "EXECUTED"
            },
            {
              "path": ":storage:classes",
              "outcome": "EXECUTED"
            },
            {
              "path": ":storage:compileJava",
              "outcome": "FROM_CACHE"
            },
            {
              "path": ":storage:createVersionFile",
              "outcome": "FROM_CACHE"
            },
            {
              "path": ":storage:jar",
              "outcome": "EXECUTED"
            },
            {
              "path": ":storage:processMessages",
              "outcome": "FROM_CACHE"
            },
            {
              "path": ":storage:processResources",
              "outcome": "EXECUTED"
            },
            {
              "path": ":storage:storage-api:classes",
              "outcome": "UP_TO_DATE"
            },
            {
              "path": ":storage:storage-api:compileJava",
              "outcome": "FROM_CACHE"
            },
            {
              "path": ":storage:storage-api:createVersionFile",
              "outcome": "FROM_CACHE"
            },
            {
              "path": ":storage:storage-api:jar",
              "outcome": "EXECUTED"
            },
            {
              "path": ":storage:storage-api:processResources",
              "outcome": "NO_SOURCE"
            },
            {
              "path": ":streams:classes",
              "outcome": "EXECUTED"
            },
            {
              "path": ":streams:compileJava",
              "outcome": "FROM_CACHE"
            },
            {
              "path": ":streams:copyDependantLibs",
              "outcome": "EXECUTED"
            },
            {
              "path": ":streams:createStreamsVersionFile",
              "outcome": "EXECUTED"
            },
            {
              "path": ":streams:jar",
              "outcome": "EXECUTED"
            },
            {
              "path": ":streams:processMessages",
              "outcome": "FROM_CACHE"
            },
            {
              "path": ":streams:processResources",
              "outcome": "EXECUTED"
            },
            {
              "path": ":test-common:test-common-util:compileJava",
              "outcome": "FROM_CACHE"
            },
            {
              "path": ":tools:tools-api:classes",
              "outcome": "UP_TO_DATE"
            },
            {
              "path": ":tools:tools-api:compileJava",
              "outcome": "FROM_CACHE"
            },
            {
              "path": ":tools:tools-api:createVersionFile",
              "outcome": "FROM_CACHE"
            },
            {
              "path": ":tools:tools-api:jar",
              "outcome": "EXECUTED"
            },
            {
              "path": ":tools:tools-api:processResources",
              "outcome": "NO_SOURCE"
            },
            {
              "path": ":transaction-coordinator:classes",
              "outcome": "EXECUTED"
            },
            {
              "path": ":transaction-coordinator:compileJava",
              "outcome": "FROM_CACHE"
            },
            {
              "path": ":transaction-coordinator:jar",
              "outcome": "EXECUTED"
            },
            {
              "path": ":transaction-coordinator:processMessages",
              "outcome": "FROM_CACHE"
            },
            {
              "path": ":transaction-coordinator:processResources",
              "outcome": "EXECUTED"
            }
          ]
        },
        "hostPressure": {
          "available": true,
          "cpuSomeTotalUs": 98691,
          "memorySomeTotalUs": 1,
          "memoryFullTotalUs": 2,
          "ioSomeTotalUs": 7868588,
          "ioFullTotalUs": 5945992
        }
      },
      {
        "phase": "TARGET_WORKLOAD_STABILIZATION",
        "durationMs": 45376,
        "logSha256": "6252f158f2e7822416aa8b4e2beb20195e7b88eced9d76371a35cb0475e7d92e",
        "taskOutcomes": {
          "total": 121,
          "executed": 67,
          "fromCache": 34,
          "upToDate": 9,
          "noSource": 10,
          "skipped": 1,
          "fingerprintSha256": "d6b36845e7f0948e0e1bd2b53b9fc8f3eb25a915f1c8a9df9e9093384defbf89",
          "tasks": [
            {
              "path": ":clients:classes",
              "outcome": "EXECUTED"
            },
            {
              "path": ":clients:compileJava",
              "outcome": "EXECUTED"
            },
            {
              "path": ":clients:compileTestJava",
              "outcome": "FROM_CACHE"
            },
            {
              "path": ":clients:createVersionFile",
              "outcome": "EXECUTED"
            },
            {
              "path": ":clients:jar",
              "outcome": "SKIPPED"
            },
            {
              "path": ":clients:processMessages",
              "outcome": "FROM_CACHE"
            },
            {
              "path": ":clients:processResources",
              "outcome": "EXECUTED"
            },
            {
              "path": ":clients:processTestMessages",
              "outcome": "FROM_CACHE"
            },
            {
              "path": ":clients:processTestResources",
              "outcome": "EXECUTED"
            },
            {
              "path": ":clients:shadowJar",
              "outcome": "EXECUTED"
            },
            {
              "path": ":clients:testClasses",
              "outcome": "EXECUTED"
            },
            {
              "path": ":connect:api:classes",
              "outcome": "EXECUTED"
            },
            {
              "path": ":connect:api:compileJava",
              "outcome": "FROM_CACHE"
            },
            {
              "path": ":connect:api:copyDependantLibs",
              "outcome": "EXECUTED"
            },
            {
              "path": ":connect:api:jar",
              "outcome": "EXECUTED"
            },
            {
              "path": ":connect:api:processResources",
              "outcome": "EXECUTED"
            },
            {
              "path": ":connect:json:classes",
              "outcome": "EXECUTED"
            },
            {
              "path": ":connect:json:compileJava",
              "outcome": "FROM_CACHE"
            },
            {
              "path": ":connect:json:copyDependantLibs",
              "outcome": "EXECUTED"
            },
            {
              "path": ":connect:json:jar",
              "outcome": "EXECUTED"
            },
            {
              "path": ":connect:json:processResources",
              "outcome": "EXECUTED"
            },
            {
              "path": ":connect:transforms:classes",
              "outcome": "EXECUTED"
            },
            {
              "path": ":connect:transforms:compileJava",
              "outcome": "FROM_CACHE"
            },
            {
              "path": ":connect:transforms:copyDependantLibs",
              "outcome": "EXECUTED"
            },
            {
              "path": ":connect:transforms:jar",
              "outcome": "EXECUTED"
            },
            {
              "path": ":connect:transforms:processResources",
              "outcome": "EXECUTED"
            },
            {
              "path": ":coordinator-common:classes",
              "outcome": "UP_TO_DATE"
            },
            {
              "path": ":coordinator-common:compileJava",
              "outcome": "FROM_CACHE"
            },
            {
              "path": ":coordinator-common:compileTestJava",
              "outcome": "FROM_CACHE"
            },
            {
              "path": ":coordinator-common:jar",
              "outcome": "EXECUTED"
            },
            {
              "path": ":coordinator-common:processResources",
              "outcome": "NO_SOURCE"
            },
            {
              "path": ":coordinator-common:processTestResources",
              "outcome": "EXECUTED"
            },
            {
              "path": ":coordinator-common:testClasses",
              "outcome": "EXECUTED"
            },
            {
              "path": ":core:classes",
              "outcome": "UP_TO_DATE"
            },
            {
              "path": ":core:compileJava",
              "outcome": "NO_SOURCE"
            },
            {
              "path": ":core:compileScala",
              "outcome": "FROM_CACHE"
            },
            {
              "path": ":core:copyDependantLibs",
              "outcome": "EXECUTED"
            },
            {
              "path": ":core:jar",
              "outcome": "EXECUTED"
            },
            {
              "path": ":core:processResources",
              "outcome": "NO_SOURCE"
            },
            {
              "path": ":generator:classes",
              "outcome": "UP_TO_DATE"
            },
            {
              "path": ":generator:compileJava",
              "outcome": "FROM_CACHE"
            },
            {
              "path": ":generator:jar",
              "outcome": "EXECUTED"
            },
            {
              "path": ":generator:processResources",
              "outcome": "NO_SOURCE"
            },
            {
              "path": ":group-coordinator:classes",
              "outcome": "EXECUTED"
            },
            {
              "path": ":group-coordinator:compileJava",
              "outcome": "FROM_CACHE"
            },
            {
              "path": ":group-coordinator:group-coordinator-api:classes",
              "outcome": "UP_TO_DATE"
            },
            {
              "path": ":group-coordinator:group-coordinator-api:compileJava",
              "outcome": "FROM_CACHE"
            },
            {
              "path": ":group-coordinator:group-coordinator-api:createVersionFile",
              "outcome": "EXECUTED"
            },
            {
              "path": ":group-coordinator:group-coordinator-api:jar",
              "outcome": "EXECUTED"
            },
            {
              "path": ":group-coordinator:group-coordinator-api:processResources",
              "outcome": "NO_SOURCE"
            },
            {
              "path": ":group-coordinator:jar",
              "outcome": "EXECUTED"
            },
            {
              "path": ":group-coordinator:processMessages",
              "outcome": "FROM_CACHE"
            },
            {
              "path": ":group-coordinator:processResources",
              "outcome": "EXECUTED"
            },
            {
              "path": ":jmh-benchmarks:classes",
              "outcome": "UP_TO_DATE"
            },
            {
              "path": ":jmh-benchmarks:compileJava",
              "outcome": "FROM_CACHE"
            },
            {
              "path": ":jmh-benchmarks:processResources",
              "outcome": "NO_SOURCE"
            },
            {
              "path": ":jmh-benchmarks:shadowJar",
              "outcome": "EXECUTED"
            },
            {
              "path": ":metadata:classes",
              "outcome": "EXECUTED"
            },
            {
              "path": ":metadata:compileJava",
              "outcome": "FROM_CACHE"
            },
            {
              "path": ":metadata:compileTestJava",
              "outcome": "FROM_CACHE"
            },
            {
              "path": ":metadata:jar",
              "outcome": "EXECUTED"
            },
            {
              "path": ":metadata:processMessages",
              "outcome": "FROM_CACHE"
            },
            {
              "path": ":metadata:processResources",
              "outcome": "EXECUTED"
            },
            {
              "path": ":metadata:processTestResources",
              "outcome": "EXECUTED"
            },
            {
              "path": ":metadata:testClasses",
              "outcome": "EXECUTED"
            },
            {
              "path": ":raft:classes",
              "outcome": "EXECUTED"
            },
            {
              "path": ":raft:compileJava",
              "outcome": "FROM_CACHE"
            },
            {
              "path": ":raft:compileTestJava",
              "outcome": "FROM_CACHE"
            },
            {
              "path": ":raft:createVersionFile",
              "outcome": "EXECUTED"
            },
            {
              "path": ":raft:jar",
              "outcome": "EXECUTED"
            },
            {
              "path": ":raft:processMessages",
              "outcome": "FROM_CACHE"
            },
            {
              "path": ":raft:processResources",
              "outcome": "EXECUTED"
            },
            {
              "path": ":raft:processTestResources",
              "outcome": "EXECUTED"
            },
            {
              "path": ":raft:testClasses",
              "outcome": "EXECUTED"
            },
            {
              "path": ":server-common:classes",
              "outcome": "UP_TO_DATE"
            },
            {
              "path": ":server-common:compileJava",
              "outcome": "FROM_CACHE"
            },
            {
              "path": ":server-common:compileTestJava",
              "outcome": "FROM_CACHE"
            },
            {
              "path": ":server-common:createVersionFile",
              "outcome": "EXECUTED"
            },
            {
              "path": ":server-common:jar",
              "outcome": "EXECUTED"
            },
            {
              "path": ":server-common:processResources",
              "outcome": "NO_SOURCE"
            },
            {
              "path": ":server-common:processTestResources",
              "outcome": "EXECUTED"
            },
            {
              "path": ":server-common:testClasses",
              "outcome": "EXECUTED"
            },
            {
              "path": ":server:classes",
              "outcome": "UP_TO_DATE"
            },
            {
              "path": ":server:compileJava",
              "outcome": "FROM_CACHE"
            },
            {
              "path": ":server:createVersionFile",
              "outcome": "EXECUTED"
            },
            {
              "path": ":server:jar",
              "outcome": "EXECUTED"
            },
            {
              "path": ":server:processResources",
              "outcome": "NO_SOURCE"
            },
            {
              "path": ":share-coordinator:classes",
              "outcome": "EXECUTED"
            },
            {
              "path": ":share-coordinator:compileJava",
              "outcome": "FROM_CACHE"
            },
            {
              "path": ":share-coordinator:jar",
              "outcome": "EXECUTED"
            },
            {
              "path": ":share-coordinator:processMessages",
              "outcome": "FROM_CACHE"
            },
            {
              "path": ":share-coordinator:processResources",
              "outcome": "EXECUTED"
            },
            {
              "path": ":storage:classes",
              "outcome": "EXECUTED"
            },
            {
              "path": ":storage:compileJava",
              "outcome": "FROM_CACHE"
            },
            {
              "path": ":storage:createVersionFile",
              "outcome": "EXECUTED"
            },
            {
              "path": ":storage:jar",
              "outcome": "EXECUTED"
            },
            {
              "path": ":storage:processMessages",
              "outcome": "FROM_CACHE"
            },
            {
              "path": ":storage:processResources",
              "outcome": "EXECUTED"
            },
            {
              "path": ":storage:storage-api:classes",
              "outcome": "UP_TO_DATE"
            },
            {
              "path": ":storage:storage-api:compileJava",
              "outcome": "FROM_CACHE"
            },
            {
              "path": ":storage:storage-api:createVersionFile",
              "outcome": "EXECUTED"
            },
            {
              "path": ":storage:storage-api:jar",
              "outcome": "EXECUTED"
            },
            {
              "path": ":storage:storage-api:processResources",
              "outcome": "NO_SOURCE"
            },
            {
              "path": ":streams:classes",
              "outcome": "EXECUTED"
            },
            {
              "path": ":streams:compileJava",
              "outcome": "FROM_CACHE"
            },
            {
              "path": ":streams:copyDependantLibs",
              "outcome": "EXECUTED"
            },
            {
              "path": ":streams:createStreamsVersionFile",
              "outcome": "EXECUTED"
            },
            {
              "path": ":streams:jar",
              "outcome": "EXECUTED"
            },
            {
              "path": ":streams:processMessages",
              "outcome": "FROM_CACHE"
            },
            {
              "path": ":streams:processResources",
              "outcome": "EXECUTED"
            },
            {
              "path": ":test-common:test-common-util:compileJava",
              "outcome": "FROM_CACHE"
            },
            {
              "path": ":tools:tools-api:classes",
              "outcome": "UP_TO_DATE"
            },
            {
              "path": ":tools:tools-api:compileJava",
              "outcome": "FROM_CACHE"
            },
            {
              "path": ":tools:tools-api:createVersionFile",
              "outcome": "EXECUTED"
            },
            {
              "path": ":tools:tools-api:jar",
              "outcome": "EXECUTED"
            },
            {
              "path": ":tools:tools-api:processResources",
              "outcome": "NO_SOURCE"
            },
            {
              "path": ":transaction-coordinator:classes",
              "outcome": "EXECUTED"
            },
            {
              "path": ":transaction-coordinator:compileJava",
              "outcome": "FROM_CACHE"
            },
            {
              "path": ":transaction-coordinator:jar",
              "outcome": "EXECUTED"
            },
            {
              "path": ":transaction-coordinator:processMessages",
              "outcome": "FROM_CACHE"
            },
            {
              "path": ":transaction-coordinator:processResources",
              "outcome": "EXECUTED"
            }
          ]
        },
        "hostPressure": {
          "available": true,
          "cpuSomeTotalUs": 168068,
          "memorySomeTotalUs": 54,
          "memoryFullTotalUs": 51,
          "ioSomeTotalUs": 34155962,
          "ioFullTotalUs": 29473124
        }
      },
      {
        "phase": "TARGET_WORKLOAD_STABILITY_CONFIRMATION",
        "durationMs": 41185,
        "logSha256": "7c1f2e9217bc94dbd3fe4051ec73573575486ba3becf3a6f3de93fdf23d10e39",
        "taskOutcomes": {
          "total": 121,
          "executed": 67,
          "fromCache": 34,
          "upToDate": 9,
          "noSource": 10,
          "skipped": 1,
          "fingerprintSha256": "d6b36845e7f0948e0e1bd2b53b9fc8f3eb25a915f1c8a9df9e9093384defbf89",
          "tasks": [
            {
              "path": ":clients:classes",
              "outcome": "EXECUTED"
            },
            {
              "path": ":clients:compileJava",
              "outcome": "EXECUTED"
            },
            {
              "path": ":clients:compileTestJava",
              "outcome": "FROM_CACHE"
            },
            {
              "path": ":clients:createVersionFile",
              "outcome": "EXECUTED"
            },
            {
              "path": ":clients:jar",
              "outcome": "SKIPPED"
            },
            {
              "path": ":clients:processMessages",
              "outcome": "FROM_CACHE"
            },
            {
              "path": ":clients:processResources",
              "outcome": "EXECUTED"
            },
            {
              "path": ":clients:processTestMessages",
              "outcome": "FROM_CACHE"
            },
            {
              "path": ":clients:processTestResources",
              "outcome": "EXECUTED"
            },
            {
              "path": ":clients:shadowJar",
              "outcome": "EXECUTED"
            },
            {
              "path": ":clients:testClasses",
              "outcome": "EXECUTED"
            },
            {
              "path": ":connect:api:classes",
              "outcome": "EXECUTED"
            },
            {
              "path": ":connect:api:compileJava",
              "outcome": "FROM_CACHE"
            },
            {
              "path": ":connect:api:copyDependantLibs",
              "outcome": "EXECUTED"
            },
            {
              "path": ":connect:api:jar",
              "outcome": "EXECUTED"
            },
            {
              "path": ":connect:api:processResources",
              "outcome": "EXECUTED"
            },
            {
              "path": ":connect:json:classes",
              "outcome": "EXECUTED"
            },
            {
              "path": ":connect:json:compileJava",
              "outcome": "FROM_CACHE"
            },
            {
              "path": ":connect:json:copyDependantLibs",
              "outcome": "EXECUTED"
            },
            {
              "path": ":connect:json:jar",
              "outcome": "EXECUTED"
            },
            {
              "path": ":connect:json:processResources",
              "outcome": "EXECUTED"
            },
            {
              "path": ":connect:transforms:classes",
              "outcome": "EXECUTED"
            },
            {
              "path": ":connect:transforms:compileJava",
              "outcome": "FROM_CACHE"
            },
            {
              "path": ":connect:transforms:copyDependantLibs",
              "outcome": "EXECUTED"
            },
            {
              "path": ":connect:transforms:jar",
              "outcome": "EXECUTED"
            },
            {
              "path": ":connect:transforms:processResources",
              "outcome": "EXECUTED"
            },
            {
              "path": ":coordinator-common:classes",
              "outcome": "UP_TO_DATE"
            },
            {
              "path": ":coordinator-common:compileJava",
              "outcome": "FROM_CACHE"
            },
            {
              "path": ":coordinator-common:compileTestJava",
              "outcome": "FROM_CACHE"
            },
            {
              "path": ":coordinator-common:jar",
              "outcome": "EXECUTED"
            },
            {
              "path": ":coordinator-common:processResources",
              "outcome": "NO_SOURCE"
            },
            {
              "path": ":coordinator-common:processTestResources",
              "outcome": "EXECUTED"
            },
            {
              "path": ":coordinator-common:testClasses",
              "outcome": "EXECUTED"
            },
            {
              "path": ":core:classes",
              "outcome": "UP_TO_DATE"
            },
            {
              "path": ":core:compileJava",
              "outcome": "NO_SOURCE"
            },
            {
              "path": ":core:compileScala",
              "outcome": "FROM_CACHE"
            },
            {
              "path": ":core:copyDependantLibs",
              "outcome": "EXECUTED"
            },
            {
              "path": ":core:jar",
              "outcome": "EXECUTED"
            },
            {
              "path": ":core:processResources",
              "outcome": "NO_SOURCE"
            },
            {
              "path": ":generator:classes",
              "outcome": "UP_TO_DATE"
            },
            {
              "path": ":generator:compileJava",
              "outcome": "FROM_CACHE"
            },
            {
              "path": ":generator:jar",
              "outcome": "EXECUTED"
            },
            {
              "path": ":generator:processResources",
              "outcome": "NO_SOURCE"
            },
            {
              "path": ":group-coordinator:classes",
              "outcome": "EXECUTED"
            },
            {
              "path": ":group-coordinator:compileJava",
              "outcome": "FROM_CACHE"
            },
            {
              "path": ":group-coordinator:group-coordinator-api:classes",
              "outcome": "UP_TO_DATE"
            },
            {
              "path": ":group-coordinator:group-coordinator-api:compileJava",
              "outcome": "FROM_CACHE"
            },
            {
              "path": ":group-coordinator:group-coordinator-api:createVersionFile",
              "outcome": "EXECUTED"
            },
            {
              "path": ":group-coordinator:group-coordinator-api:jar",
              "outcome": "EXECUTED"
            },
            {
              "path": ":group-coordinator:group-coordinator-api:processResources",
              "outcome": "NO_SOURCE"
            },
            {
              "path": ":group-coordinator:jar",
              "outcome": "EXECUTED"
            },
            {
              "path": ":group-coordinator:processMessages",
              "outcome": "FROM_CACHE"
            },
            {
              "path": ":group-coordinator:processResources",
              "outcome": "EXECUTED"
            },
            {
              "path": ":jmh-benchmarks:classes",
              "outcome": "UP_TO_DATE"
            },
            {
              "path": ":jmh-benchmarks:compileJava",
              "outcome": "FROM_CACHE"
            },
            {
              "path": ":jmh-benchmarks:processResources",
              "outcome": "NO_SOURCE"
            },
            {
              "path": ":jmh-benchmarks:shadowJar",
              "outcome": "EXECUTED"
            },
            {
              "path": ":metadata:classes",
              "outcome": "EXECUTED"
            },
            {
              "path": ":metadata:compileJava",
              "outcome": "FROM_CACHE"
            },
            {
              "path": ":metadata:compileTestJava",
              "outcome": "FROM_CACHE"
            },
            {
              "path": ":metadata:jar",
              "outcome": "EXECUTED"
            },
            {
              "path": ":metadata:processMessages",
              "outcome": "FROM_CACHE"
            },
            {
              "path": ":metadata:processResources",
              "outcome": "EXECUTED"
            },
            {
              "path": ":metadata:processTestResources",
              "outcome": "EXECUTED"
            },
            {
              "path": ":metadata:testClasses",
              "outcome": "EXECUTED"
            },
            {
              "path": ":raft:classes",
              "outcome": "EXECUTED"
            },
            {
              "path": ":raft:compileJava",
              "outcome": "FROM_CACHE"
            },
            {
              "path": ":raft:compileTestJava",
              "outcome": "FROM_CACHE"
            },
            {
              "path": ":raft:createVersionFile",
              "outcome": "EXECUTED"
            },
            {
              "path": ":raft:jar",
              "outcome": "EXECUTED"
            },
            {
              "path": ":raft:processMessages",
              "outcome": "FROM_CACHE"
            },
            {
              "path": ":raft:processResources",
              "outcome": "EXECUTED"
            },
            {
              "path": ":raft:processTestResources",
              "outcome": "EXECUTED"
            },
            {
              "path": ":raft:testClasses",
              "outcome": "EXECUTED"
            },
            {
              "path": ":server-common:classes",
              "outcome": "UP_TO_DATE"
            },
            {
              "path": ":server-common:compileJava",
              "outcome": "FROM_CACHE"
            },
            {
              "path": ":server-common:compileTestJava",
              "outcome": "FROM_CACHE"
            },
            {
              "path": ":server-common:createVersionFile",
              "outcome": "EXECUTED"
            },
            {
              "path": ":server-common:jar",
              "outcome": "EXECUTED"
            },
            {
              "path": ":server-common:processResources",
              "outcome": "NO_SOURCE"
            },
            {
              "path": ":server-common:processTestResources",
              "outcome": "EXECUTED"
            },
            {
              "path": ":server-common:testClasses",
              "outcome": "EXECUTED"
            },
            {
              "path": ":server:classes",
              "outcome": "UP_TO_DATE"
            },
            {
              "path": ":server:compileJava",
              "outcome": "FROM_CACHE"
            },
            {
              "path": ":server:createVersionFile",
              "outcome": "EXECUTED"
            },
            {
              "path": ":server:jar",
              "outcome": "EXECUTED"
            },
            {
              "path": ":server:processResources",
              "outcome": "NO_SOURCE"
            },
            {
              "path": ":share-coordinator:classes",
              "outcome": "EXECUTED"
            },
            {
              "path": ":share-coordinator:compileJava",
              "outcome": "FROM_CACHE"
            },
            {
              "path": ":share-coordinator:jar",
              "outcome": "EXECUTED"
            },
            {
              "path": ":share-coordinator:processMessages",
              "outcome": "FROM_CACHE"
            },
            {
              "path": ":share-coordinator:processResources",
              "outcome": "EXECUTED"
            },
            {
              "path": ":storage:classes",
              "outcome": "EXECUTED"
            },
            {
              "path": ":storage:compileJava",
              "outcome": "FROM_CACHE"
            },
            {
              "path": ":storage:createVersionFile",
              "outcome": "EXECUTED"
            },
            {
              "path": ":storage:jar",
              "outcome": "EXECUTED"
            },
            {
              "path": ":storage:processMessages",
              "outcome": "FROM_CACHE"
            },
            {
              "path": ":storage:processResources",
              "outcome": "EXECUTED"
            },
            {
              "path": ":storage:storage-api:classes",
              "outcome": "UP_TO_DATE"
            },
            {
              "path": ":storage:storage-api:compileJava",
              "outcome": "FROM_CACHE"
            },
            {
              "path": ":storage:storage-api:createVersionFile",
              "outcome": "EXECUTED"
            },
            {
              "path": ":storage:storage-api:jar",
              "outcome": "EXECUTED"
            },
            {
              "path": ":storage:storage-api:processResources",
              "outcome": "NO_SOURCE"
            },
            {
              "path": ":streams:classes",
              "outcome": "EXECUTED"
            },
            {
              "path": ":streams:compileJava",
              "outcome": "FROM_CACHE"
            },
            {
              "path": ":streams:copyDependantLibs",
              "outcome": "EXECUTED"
            },
            {
              "path": ":streams:createStreamsVersionFile",
              "outcome": "EXECUTED"
            },
            {
              "path": ":streams:jar",
              "outcome": "EXECUTED"
            },
            {
              "path": ":streams:processMessages",
              "outcome": "FROM_CACHE"
            },
            {
              "path": ":streams:processResources",
              "outcome": "EXECUTED"
            },
            {
              "path": ":test-common:test-common-util:compileJava",
              "outcome": "FROM_CACHE"
            },
            {
              "path": ":tools:tools-api:classes",
              "outcome": "UP_TO_DATE"
            },
            {
              "path": ":tools:tools-api:compileJava",
              "outcome": "FROM_CACHE"
            },
            {
              "path": ":tools:tools-api:createVersionFile",
              "outcome": "EXECUTED"
            },
            {
              "path": ":tools:tools-api:jar",
              "outcome": "EXECUTED"
            },
            {
              "path": ":tools:tools-api:processResources",
              "outcome": "NO_SOURCE"
            },
            {
              "path": ":transaction-coordinator:classes",
              "outcome": "EXECUTED"
            },
            {
              "path": ":transaction-coordinator:compileJava",
              "outcome": "FROM_CACHE"
            },
            {
              "path": ":transaction-coordinator:jar",
              "outcome": "EXECUTED"
            },
            {
              "path": ":transaction-coordinator:processMessages",
              "outcome": "FROM_CACHE"
            },
            {
              "path": ":transaction-coordinator:processResources",
              "outcome": "EXECUTED"
            }
          ]
        },
        "hostPressure": {
          "available": true,
          "cpuSomeTotalUs": 108345,
          "memorySomeTotalUs": 2,
          "memoryFullTotalUs": 2,
          "ioSomeTotalUs": 33166422,
          "ioFullTotalUs": 26766949
        }
      },
      {
        "phase": "TARGET_WORKLOAD_STABILITY_RECONFIRMATION",
        "durationMs": 40106,
        "logSha256": "ec36e253880e10d419ddd584ea93d2eac8222262431d7adf25f74c3a117afc51",
        "taskOutcomes": {
          "total": 121,
          "executed": 67,
          "fromCache": 34,
          "upToDate": 9,
          "noSource": 10,
          "skipped": 1,
          "fingerprintSha256": "d6b36845e7f0948e0e1bd2b53b9fc8f3eb25a915f1c8a9df9e9093384defbf89",
          "tasks": [
            {
              "path": ":clients:classes",
              "outcome": "EXECUTED"
            },
            {
              "path": ":clients:compileJava",
              "outcome": "EXECUTED"
            },
            {
              "path": ":clients:compileTestJava",
              "outcome": "FROM_CACHE"
            },
            {
              "path": ":clients:createVersionFile",
              "outcome": "EXECUTED"
            },
            {
              "path": ":clients:jar",
              "outcome": "SKIPPED"
            },
            {
              "path": ":clients:processMessages",
              "outcome": "FROM_CACHE"
            },
            {
              "path": ":clients:processResources",
              "outcome": "EXECUTED"
            },
            {
              "path": ":clients:processTestMessages",
              "outcome": "FROM_CACHE"
            },
            {
              "path": ":clients:processTestResources",
              "outcome": "EXECUTED"
            },
            {
              "path": ":clients:shadowJar",
              "outcome": "EXECUTED"
            },
            {
              "path": ":clients:testClasses",
              "outcome": "EXECUTED"
            },
            {
              "path": ":connect:api:classes",
              "outcome": "EXECUTED"
            },
            {
              "path": ":connect:api:compileJava",
              "outcome": "FROM_CACHE"
            },
            {
              "path": ":connect:api:copyDependantLibs",
              "outcome": "EXECUTED"
            },
            {
              "path": ":connect:api:jar",
              "outcome": "EXECUTED"
            },
            {
              "path": ":connect:api:processResources",
              "outcome": "EXECUTED"
            },
            {
              "path": ":connect:json:classes",
              "outcome": "EXECUTED"
            },
            {
              "path": ":connect:json:compileJava",
              "outcome": "FROM_CACHE"
            },
            {
              "path": ":connect:json:copyDependantLibs",
              "outcome": "EXECUTED"
            },
            {
              "path": ":connect:json:jar",
              "outcome": "EXECUTED"
            },
            {
              "path": ":connect:json:processResources",
              "outcome": "EXECUTED"
            },
            {
              "path": ":connect:transforms:classes",
              "outcome": "EXECUTED"
            },
            {
              "path": ":connect:transforms:compileJava",
              "outcome": "FROM_CACHE"
            },
            {
              "path": ":connect:transforms:copyDependantLibs",
              "outcome": "EXECUTED"
            },
            {
              "path": ":connect:transforms:jar",
              "outcome": "EXECUTED"
            },
            {
              "path": ":connect:transforms:processResources",
              "outcome": "EXECUTED"
            },
            {
              "path": ":coordinator-common:classes",
              "outcome": "UP_TO_DATE"
            },
            {
              "path": ":coordinator-common:compileJava",
              "outcome": "FROM_CACHE"
            },
            {
              "path": ":coordinator-common:compileTestJava",
              "outcome": "FROM_CACHE"
            },
            {
              "path": ":coordinator-common:jar",
              "outcome": "EXECUTED"
            },
            {
              "path": ":coordinator-common:processResources",
              "outcome": "NO_SOURCE"
            },
            {
              "path": ":coordinator-common:processTestResources",
              "outcome": "EXECUTED"
            },
            {
              "path": ":coordinator-common:testClasses",
              "outcome": "EXECUTED"
            },
            {
              "path": ":core:classes",
              "outcome": "UP_TO_DATE"
            },
            {
              "path": ":core:compileJava",
              "outcome": "NO_SOURCE"
            },
            {
              "path": ":core:compileScala",
              "outcome": "FROM_CACHE"
            },
            {
              "path": ":core:copyDependantLibs",
              "outcome": "EXECUTED"
            },
            {
              "path": ":core:jar",
              "outcome": "EXECUTED"
            },
            {
              "path": ":core:processResources",
              "outcome": "NO_SOURCE"
            },
            {
              "path": ":generator:classes",
              "outcome": "UP_TO_DATE"
            },
            {
              "path": ":generator:compileJava",
              "outcome": "FROM_CACHE"
            },
            {
              "path": ":generator:jar",
              "outcome": "EXECUTED"
            },
            {
              "path": ":generator:processResources",
              "outcome": "NO_SOURCE"
            },
            {
              "path": ":group-coordinator:classes",
              "outcome": "EXECUTED"
            },
            {
              "path": ":group-coordinator:compileJava",
              "outcome": "FROM_CACHE"
            },
            {
              "path": ":group-coordinator:group-coordinator-api:classes",
              "outcome": "UP_TO_DATE"
            },
            {
              "path": ":group-coordinator:group-coordinator-api:compileJava",
              "outcome": "FROM_CACHE"
            },
            {
              "path": ":group-coordinator:group-coordinator-api:createVersionFile",
              "outcome": "EXECUTED"
            },
            {
              "path": ":group-coordinator:group-coordinator-api:jar",
              "outcome": "EXECUTED"
            },
            {
              "path": ":group-coordinator:group-coordinator-api:processResources",
              "outcome": "NO_SOURCE"
            },
            {
              "path": ":group-coordinator:jar",
              "outcome": "EXECUTED"
            },
            {
              "path": ":group-coordinator:processMessages",
              "outcome": "FROM_CACHE"
            },
            {
              "path": ":group-coordinator:processResources",
              "outcome": "EXECUTED"
            },
            {
              "path": ":jmh-benchmarks:classes",
              "outcome": "UP_TO_DATE"
            },
            {
              "path": ":jmh-benchmarks:compileJava",
              "outcome": "FROM_CACHE"
            },
            {
              "path": ":jmh-benchmarks:processResources",
              "outcome": "NO_SOURCE"
            },
            {
              "path": ":jmh-benchmarks:shadowJar",
              "outcome": "EXECUTED"
            },
            {
              "path": ":metadata:classes",
              "outcome": "EXECUTED"
            },
            {
              "path": ":metadata:compileJava",
              "outcome": "FROM_CACHE"
            },
            {
              "path": ":metadata:compileTestJava",
              "outcome": "FROM_CACHE"
            },
            {
              "path": ":metadata:jar",
              "outcome": "EXECUTED"
            },
            {
              "path": ":metadata:processMessages",
              "outcome": "FROM_CACHE"
            },
            {
              "path": ":metadata:processResources",
              "outcome": "EXECUTED"
            },
            {
              "path": ":metadata:processTestResources",
              "outcome": "EXECUTED"
            },
            {
              "path": ":metadata:testClasses",
              "outcome": "EXECUTED"
            },
            {
              "path": ":raft:classes",
              "outcome": "EXECUTED"
            },
            {
              "path": ":raft:compileJava",
              "outcome": "FROM_CACHE"
            },
            {
              "path": ":raft:compileTestJava",
              "outcome": "FROM_CACHE"
            },
            {
              "path": ":raft:createVersionFile",
              "outcome": "EXECUTED"
            },
            {
              "path": ":raft:jar",
              "outcome": "EXECUTED"
            },
            {
              "path": ":raft:processMessages",
              "outcome": "FROM_CACHE"
            },
            {
              "path": ":raft:processResources",
              "outcome": "EXECUTED"
            },
            {
              "path": ":raft:processTestResources",
              "outcome": "EXECUTED"
            },
            {
              "path": ":raft:testClasses",
              "outcome": "EXECUTED"
            },
            {
              "path": ":server-common:classes",
              "outcome": "UP_TO_DATE"
            },
            {
              "path": ":server-common:compileJava",
              "outcome": "FROM_CACHE"
            },
            {
              "path": ":server-common:compileTestJava",
              "outcome": "FROM_CACHE"
            },
            {
              "path": ":server-common:createVersionFile",
              "outcome": "EXECUTED"
            },
            {
              "path": ":server-common:jar",
              "outcome": "EXECUTED"
            },
            {
              "path": ":server-common:processResources",
              "outcome": "NO_SOURCE"
            },
            {
              "path": ":server-common:processTestResources",
              "outcome": "EXECUTED"
            },
            {
              "path": ":server-common:testClasses",
              "outcome": "EXECUTED"
            },
            {
              "path": ":server:classes",
              "outcome": "UP_TO_DATE"
            },
            {
              "path": ":server:compileJava",
              "outcome": "FROM_CACHE"
            },
            {
              "path": ":server:createVersionFile",
              "outcome": "EXECUTED"
            },
            {
              "path": ":server:jar",
              "outcome": "EXECUTED"
            },
            {
              "path": ":server:processResources",
              "outcome": "NO_SOURCE"
            },
            {
              "path": ":share-coordinator:classes",
              "outcome": "EXECUTED"
            },
            {
              "path": ":share-coordinator:compileJava",
              "outcome": "FROM_CACHE"
            },
            {
              "path": ":share-coordinator:jar",
              "outcome": "EXECUTED"
            },
            {
              "path": ":share-coordinator:processMessages",
              "outcome": "FROM_CACHE"
            },
            {
              "path": ":share-coordinator:processResources",
              "outcome": "EXECUTED"
            },
            {
              "path": ":storage:classes",
              "outcome": "EXECUTED"
            },
            {
              "path": ":storage:compileJava",
              "outcome": "FROM_CACHE"
            },
            {
              "path": ":storage:createVersionFile",
              "outcome": "EXECUTED"
            },
            {
              "path": ":storage:jar",
              "outcome": "EXECUTED"
            },
            {
              "path": ":storage:processMessages",
              "outcome": "FROM_CACHE"
            },
            {
              "path": ":storage:processResources",
              "outcome": "EXECUTED"
            },
            {
              "path": ":storage:storage-api:classes",
              "outcome": "UP_TO_DATE"
            },
            {
              "path": ":storage:storage-api:compileJava",
              "outcome": "FROM_CACHE"
            },
            {
              "path": ":storage:storage-api:createVersionFile",
              "outcome": "EXECUTED"
            },
            {
              "path": ":storage:storage-api:jar",
              "outcome": "EXECUTED"
            },
            {
              "path": ":storage:storage-api:processResources",
              "outcome": "NO_SOURCE"
            },
            {
              "path": ":streams:classes",
              "outcome": "EXECUTED"
            },
            {
              "path": ":streams:compileJava",
              "outcome": "FROM_CACHE"
            },
            {
              "path": ":streams:copyDependantLibs",
              "outcome": "EXECUTED"
            },
            {
              "path": ":streams:createStreamsVersionFile",
              "outcome": "EXECUTED"
            },
            {
              "path": ":streams:jar",
              "outcome": "EXECUTED"
            },
            {
              "path": ":streams:processMessages",
              "outcome": "FROM_CACHE"
            },
            {
              "path": ":streams:processResources",
              "outcome": "EXECUTED"
            },
            {
              "path": ":test-common:test-common-util:compileJava",
              "outcome": "FROM_CACHE"
            },
            {
              "path": ":tools:tools-api:classes",
              "outcome": "UP_TO_DATE"
            },
            {
              "path": ":tools:tools-api:compileJava",
              "outcome": "FROM_CACHE"
            },
            {
              "path": ":tools:tools-api:createVersionFile",
              "outcome": "EXECUTED"
            },
            {
              "path": ":tools:tools-api:jar",
              "outcome": "EXECUTED"
            },
            {
              "path": ":tools:tools-api:processResources",
              "outcome": "NO_SOURCE"
            },
            {
              "path": ":transaction-coordinator:classes",
              "outcome": "EXECUTED"
            },
            {
              "path": ":transaction-coordinator:compileJava",
              "outcome": "FROM_CACHE"
            },
            {
              "path": ":transaction-coordinator:jar",
              "outcome": "EXECUTED"
            },
            {
              "path": ":transaction-coordinator:processMessages",
              "outcome": "FROM_CACHE"
            },
            {
              "path": ":transaction-coordinator:processResources",
              "outcome": "EXECUTED"
            }
          ]
        },
        "hostPressure": {
          "available": true,
          "cpuSomeTotalUs": 127392,
          "memorySomeTotalUs": 53,
          "memoryFullTotalUs": 53,
          "ioSomeTotalUs": 30341450,
          "ioFullTotalUs": 27123718
        }
      }
    ],
    "candidateWarmups": [
      {
        "phase": "CACHE_SEED",
        "durationMs": 93198,
        "logSha256": "1cf30e82844c3456d8cbdec377b7a30425823f4a0cef2ad37da1422df0f0c94a",
        "taskOutcomes": {
          "total": 10,
          "executed": 9,
          "fromCache": 0,
          "upToDate": 0,
          "noSource": 1,
          "skipped": 0,
          "fingerprintSha256": "20a2ab82325c8202a5d6a103edd45135aa326dcc561e4a29e395f87605029683",
          "tasks": [
            {
              "path": ":clients:classes",
              "outcome": "EXECUTED"
            },
            {
              "path": ":clients:compileJava",
              "outcome": "EXECUTED"
            },
            {
              "path": ":clients:createVersionFile",
              "outcome": "EXECUTED"
            },
            {
              "path": ":clients:processMessages",
              "outcome": "EXECUTED"
            },
            {
              "path": ":clients:processResources",
              "outcome": "EXECUTED"
            },
            {
              "path": ":clients:shadowJar",
              "outcome": "EXECUTED"
            },
            {
              "path": ":generator:classes",
              "outcome": "EXECUTED"
            },
            {
              "path": ":generator:compileJava",
              "outcome": "EXECUTED"
            },
            {
              "path": ":generator:jar",
              "outcome": "EXECUTED"
            },
            {
              "path": ":generator:processResources",
              "outcome": "NO_SOURCE"
            }
          ]
        },
        "hostPressure": {
          "available": true,
          "cpuSomeTotalUs": 792949,
          "memorySomeTotalUs": 3634,
          "memoryFullTotalUs": 3623,
          "ioSomeTotalUs": 59295525,
          "ioFullTotalUs": 45166549
        }
      },
      {
        "phase": "BASE_DAEMON_STABILIZATION",
        "durationMs": 8057,
        "logSha256": "7f0afb6ada35353ba7fd13ec6360429b2b14600d9317c0bb3c8f0d88169ac99b",
        "taskOutcomes": {
          "total": 10,
          "executed": 3,
          "fromCache": 5,
          "upToDate": 1,
          "noSource": 1,
          "skipped": 0,
          "fingerprintSha256": "75c2a20b0cf468f82946b24a3188e9ec560ce44ff51b791bdd73284ce86a2d8b",
          "tasks": [
            {
              "path": ":clients:classes",
              "outcome": "EXECUTED"
            },
            {
              "path": ":clients:compileJava",
              "outcome": "FROM_CACHE"
            },
            {
              "path": ":clients:createVersionFile",
              "outcome": "FROM_CACHE"
            },
            {
              "path": ":clients:processMessages",
              "outcome": "FROM_CACHE"
            },
            {
              "path": ":clients:processResources",
              "outcome": "EXECUTED"
            },
            {
              "path": ":clients:shadowJar",
              "outcome": "FROM_CACHE"
            },
            {
              "path": ":generator:classes",
              "outcome": "UP_TO_DATE"
            },
            {
              "path": ":generator:compileJava",
              "outcome": "FROM_CACHE"
            },
            {
              "path": ":generator:jar",
              "outcome": "EXECUTED"
            },
            {
              "path": ":generator:processResources",
              "outcome": "NO_SOURCE"
            }
          ]
        },
        "hostPressure": {
          "available": true,
          "cpuSomeTotalUs": 32796,
          "memorySomeTotalUs": 5,
          "memoryFullTotalUs": 6,
          "ioSomeTotalUs": 4914769,
          "ioFullTotalUs": 3738786
        }
      },
      {
        "phase": "TARGET_WORKLOAD_STABILIZATION",
        "durationMs": 19210,
        "logSha256": "9b0ab036697faae9845eb7bfdd03c1964f32b210dd2911e808b13d4952aad751",
        "taskOutcomes": {
          "total": 10,
          "executed": 6,
          "fromCache": 2,
          "upToDate": 1,
          "noSource": 1,
          "skipped": 0,
          "fingerprintSha256": "a026be126dcf504181d183b2e72ba4ad24a60930ce1d1846e6d96ceada98296b",
          "tasks": [
            {
              "path": ":clients:classes",
              "outcome": "EXECUTED"
            },
            {
              "path": ":clients:compileJava",
              "outcome": "EXECUTED"
            },
            {
              "path": ":clients:createVersionFile",
              "outcome": "EXECUTED"
            },
            {
              "path": ":clients:processMessages",
              "outcome": "FROM_CACHE"
            },
            {
              "path": ":clients:processResources",
              "outcome": "EXECUTED"
            },
            {
              "path": ":clients:shadowJar",
              "outcome": "EXECUTED"
            },
            {
              "path": ":generator:classes",
              "outcome": "UP_TO_DATE"
            },
            {
              "path": ":generator:compileJava",
              "outcome": "FROM_CACHE"
            },
            {
              "path": ":generator:jar",
              "outcome": "EXECUTED"
            },
            {
              "path": ":generator:processResources",
              "outcome": "NO_SOURCE"
            }
          ]
        },
        "hostPressure": {
          "available": true,
          "cpuSomeTotalUs": 82500,
          "memorySomeTotalUs": 6628,
          "memoryFullTotalUs": 6616,
          "ioSomeTotalUs": 13318560,
          "ioFullTotalUs": 10736570
        }
      },
      {
        "phase": "TARGET_WORKLOAD_STABILITY_CONFIRMATION",
        "durationMs": 15763,
        "logSha256": "f091e4c33f5c0f6a04910396fe390960840ab8cbba22e977f396a15f46b60262",
        "taskOutcomes": {
          "total": 10,
          "executed": 6,
          "fromCache": 2,
          "upToDate": 1,
          "noSource": 1,
          "skipped": 0,
          "fingerprintSha256": "a026be126dcf504181d183b2e72ba4ad24a60930ce1d1846e6d96ceada98296b",
          "tasks": [
            {
              "path": ":clients:classes",
              "outcome": "EXECUTED"
            },
            {
              "path": ":clients:compileJava",
              "outcome": "EXECUTED"
            },
            {
              "path": ":clients:createVersionFile",
              "outcome": "EXECUTED"
            },
            {
              "path": ":clients:processMessages",
              "outcome": "FROM_CACHE"
            },
            {
              "path": ":clients:processResources",
              "outcome": "EXECUTED"
            },
            {
              "path": ":clients:shadowJar",
              "outcome": "EXECUTED"
            },
            {
              "path": ":generator:classes",
              "outcome": "UP_TO_DATE"
            },
            {
              "path": ":generator:compileJava",
              "outcome": "FROM_CACHE"
            },
            {
              "path": ":generator:jar",
              "outcome": "EXECUTED"
            },
            {
              "path": ":generator:processResources",
              "outcome": "NO_SOURCE"
            }
          ]
        },
        "hostPressure": {
          "available": true,
          "cpuSomeTotalUs": 37469,
          "memorySomeTotalUs": 3917,
          "memoryFullTotalUs": 3905,
          "ioSomeTotalUs": 11423735,
          "ioFullTotalUs": 9970364
        }
      },
      {
        "phase": "TARGET_WORKLOAD_STABILITY_RECONFIRMATION",
        "durationMs": 15676,
        "logSha256": "b05d578f32c5cfb4dbd6f95c7b22e7bf1a9625cb4a8b590c9087cc4c35750360",
        "taskOutcomes": {
          "total": 10,
          "executed": 6,
          "fromCache": 2,
          "upToDate": 1,
          "noSource": 1,
          "skipped": 0,
          "fingerprintSha256": "a026be126dcf504181d183b2e72ba4ad24a60930ce1d1846e6d96ceada98296b",
          "tasks": [
            {
              "path": ":clients:classes",
              "outcome": "EXECUTED"
            },
            {
              "path": ":clients:compileJava",
              "outcome": "EXECUTED"
            },
            {
              "path": ":clients:createVersionFile",
              "outcome": "EXECUTED"
            },
            {
              "path": ":clients:processMessages",
              "outcome": "FROM_CACHE"
            },
            {
              "path": ":clients:processResources",
              "outcome": "EXECUTED"
            },
            {
              "path": ":clients:shadowJar",
              "outcome": "EXECUTED"
            },
            {
              "path": ":generator:classes",
              "outcome": "UP_TO_DATE"
            },
            {
              "path": ":generator:compileJava",
              "outcome": "FROM_CACHE"
            },
            {
              "path": ":generator:jar",
              "outcome": "EXECUTED"
            },
            {
              "path": ":generator:processResources",
              "outcome": "NO_SOURCE"
            }
          ]
        },
        "hostPressure": {
          "available": true,
          "cpuSomeTotalUs": 41330,
          "memorySomeTotalUs": 4514,
          "memoryFullTotalUs": 4379,
          "ioSomeTotalUs": 11702114,
          "ioFullTotalUs": 10288004
        }
      }
    ]
  },
  "observations": [
    {
      "pair": 1,
      "order": "CONTROL_FIRST",
      "controlDurationMs": 40126,
      "candidateDurationMs": 15538,
      "savedMs": 24588,
      "controlRequiredOutputSha256": "cba648a05fa55946dd466792d6e7343de0558db00969d5307823e92f28e8c61a",
      "candidateRequiredOutputSha256": "cba648a05fa55946dd466792d6e7343de0558db00969d5307823e92f28e8c61a",
      "requiredOutputCount": 1,
      "productAttributableFailure": false,
      "controlLogSha256": "18b66d5d24081fb5f99222e0954a7ca193cac6cbcc423f828c1384324db525e2",
      "candidateLogSha256": "f091e4c33f5c0f6a04910396fe390960840ab8cbba22e977f396a15f46b60262",
      "controlTaskOutcomes": {
        "total": 121,
        "executed": 67,
        "fromCache": 34,
        "upToDate": 9,
        "noSource": 10,
        "skipped": 1,
        "fingerprintSha256": "d6b36845e7f0948e0e1bd2b53b9fc8f3eb25a915f1c8a9df9e9093384defbf89",
        "tasks": [
          {
            "path": ":clients:classes",
            "outcome": "EXECUTED"
          },
          {
            "path": ":clients:compileJava",
            "outcome": "EXECUTED"
          },
          {
            "path": ":clients:compileTestJava",
            "outcome": "FROM_CACHE"
          },
          {
            "path": ":clients:createVersionFile",
            "outcome": "EXECUTED"
          },
          {
            "path": ":clients:jar",
            "outcome": "SKIPPED"
          },
          {
            "path": ":clients:processMessages",
            "outcome": "FROM_CACHE"
          },
          {
            "path": ":clients:processResources",
            "outcome": "EXECUTED"
          },
          {
            "path": ":clients:processTestMessages",
            "outcome": "FROM_CACHE"
          },
          {
            "path": ":clients:processTestResources",
            "outcome": "EXECUTED"
          },
          {
            "path": ":clients:shadowJar",
            "outcome": "EXECUTED"
          },
          {
            "path": ":clients:testClasses",
            "outcome": "EXECUTED"
          },
          {
            "path": ":connect:api:classes",
            "outcome": "EXECUTED"
          },
          {
            "path": ":connect:api:compileJava",
            "outcome": "FROM_CACHE"
          },
          {
            "path": ":connect:api:copyDependantLibs",
            "outcome": "EXECUTED"
          },
          {
            "path": ":connect:api:jar",
            "outcome": "EXECUTED"
          },
          {
            "path": ":connect:api:processResources",
            "outcome": "EXECUTED"
          },
          {
            "path": ":connect:json:classes",
            "outcome": "EXECUTED"
          },
          {
            "path": ":connect:json:compileJava",
            "outcome": "FROM_CACHE"
          },
          {
            "path": ":connect:json:copyDependantLibs",
            "outcome": "EXECUTED"
          },
          {
            "path": ":connect:json:jar",
            "outcome": "EXECUTED"
          },
          {
            "path": ":connect:json:processResources",
            "outcome": "EXECUTED"
          },
          {
            "path": ":connect:transforms:classes",
            "outcome": "EXECUTED"
          },
          {
            "path": ":connect:transforms:compileJava",
            "outcome": "FROM_CACHE"
          },
          {
            "path": ":connect:transforms:copyDependantLibs",
            "outcome": "EXECUTED"
          },
          {
            "path": ":connect:transforms:jar",
            "outcome": "EXECUTED"
          },
          {
            "path": ":connect:transforms:processResources",
            "outcome": "EXECUTED"
          },
          {
            "path": ":coordinator-common:classes",
            "outcome": "UP_TO_DATE"
          },
          {
            "path": ":coordinator-common:compileJava",
            "outcome": "FROM_CACHE"
          },
          {
            "path": ":coordinator-common:compileTestJava",
            "outcome": "FROM_CACHE"
          },
          {
            "path": ":coordinator-common:jar",
            "outcome": "EXECUTED"
          },
          {
            "path": ":coordinator-common:processResources",
            "outcome": "NO_SOURCE"
          },
          {
            "path": ":coordinator-common:processTestResources",
            "outcome": "EXECUTED"
          },
          {
            "path": ":coordinator-common:testClasses",
            "outcome": "EXECUTED"
          },
          {
            "path": ":core:classes",
            "outcome": "UP_TO_DATE"
          },
          {
            "path": ":core:compileJava",
            "outcome": "NO_SOURCE"
          },
          {
            "path": ":core:compileScala",
            "outcome": "FROM_CACHE"
          },
          {
            "path": ":core:copyDependantLibs",
            "outcome": "EXECUTED"
          },
          {
            "path": ":core:jar",
            "outcome": "EXECUTED"
          },
          {
            "path": ":core:processResources",
            "outcome": "NO_SOURCE"
          },
          {
            "path": ":generator:classes",
            "outcome": "UP_TO_DATE"
          },
          {
            "path": ":generator:compileJava",
            "outcome": "FROM_CACHE"
          },
          {
            "path": ":generator:jar",
            "outcome": "EXECUTED"
          },
          {
            "path": ":generator:processResources",
            "outcome": "NO_SOURCE"
          },
          {
            "path": ":group-coordinator:classes",
            "outcome": "EXECUTED"
          },
          {
            "path": ":group-coordinator:compileJava",
            "outcome": "FROM_CACHE"
          },
          {
            "path": ":group-coordinator:group-coordinator-api:classes",
            "outcome": "UP_TO_DATE"
          },
          {
            "path": ":group-coordinator:group-coordinator-api:compileJava",
            "outcome": "FROM_CACHE"
          },
          {
            "path": ":group-coordinator:group-coordinator-api:createVersionFile",
            "outcome": "EXECUTED"
          },
          {
            "path": ":group-coordinator:group-coordinator-api:jar",
            "outcome": "EXECUTED"
          },
          {
            "path": ":group-coordinator:group-coordinator-api:processResources",
            "outcome": "NO_SOURCE"
          },
          {
            "path": ":group-coordinator:jar",
            "outcome": "EXECUTED"
          },
          {
            "path": ":group-coordinator:processMessages",
            "outcome": "FROM_CACHE"
          },
          {
            "path": ":group-coordinator:processResources",
            "outcome": "EXECUTED"
          },
          {
            "path": ":jmh-benchmarks:classes",
            "outcome": "UP_TO_DATE"
          },
          {
            "path": ":jmh-benchmarks:compileJava",
            "outcome": "FROM_CACHE"
          },
          {
            "path": ":jmh-benchmarks:processResources",
            "outcome": "NO_SOURCE"
          },
          {
            "path": ":jmh-benchmarks:shadowJar",
            "outcome": "EXECUTED"
          },
          {
            "path": ":metadata:classes",
            "outcome": "EXECUTED"
          },
          {
            "path": ":metadata:compileJava",
            "outcome": "FROM_CACHE"
          },
          {
            "path": ":metadata:compileTestJava",
            "outcome": "FROM_CACHE"
          },
          {
            "path": ":metadata:jar",
            "outcome": "EXECUTED"
          },
          {
            "path": ":metadata:processMessages",
            "outcome": "FROM_CACHE"
          },
          {
            "path": ":metadata:processResources",
            "outcome": "EXECUTED"
          },
          {
            "path": ":metadata:processTestResources",
            "outcome": "EXECUTED"
          },
          {
            "path": ":metadata:testClasses",
            "outcome": "EXECUTED"
          },
          {
            "path": ":raft:classes",
            "outcome": "EXECUTED"
          },
          {
            "path": ":raft:compileJava",
            "outcome": "FROM_CACHE"
          },
          {
            "path": ":raft:compileTestJava",
            "outcome": "FROM_CACHE"
          },
          {
            "path": ":raft:createVersionFile",
            "outcome": "EXECUTED"
          },
          {
            "path": ":raft:jar",
            "outcome": "EXECUTED"
          },
          {
            "path": ":raft:processMessages",
            "outcome": "FROM_CACHE"
          },
          {
            "path": ":raft:processResources",
            "outcome": "EXECUTED"
          },
          {
            "path": ":raft:processTestResources",
            "outcome": "EXECUTED"
          },
          {
            "path": ":raft:testClasses",
            "outcome": "EXECUTED"
          },
          {
            "path": ":server-common:classes",
            "outcome": "UP_TO_DATE"
          },
          {
            "path": ":server-common:compileJava",
            "outcome": "FROM_CACHE"
          },
          {
            "path": ":server-common:compileTestJava",
            "outcome": "FROM_CACHE"
          },
          {
            "path": ":server-common:createVersionFile",
            "outcome": "EXECUTED"
          },
          {
            "path": ":server-common:jar",
            "outcome": "EXECUTED"
          },
          {
            "path": ":server-common:processResources",
            "outcome": "NO_SOURCE"
          },
          {
            "path": ":server-common:processTestResources",
            "outcome": "EXECUTED"
          },
          {
            "path": ":server-common:testClasses",
            "outcome": "EXECUTED"
          },
          {
            "path": ":server:classes",
            "outcome": "UP_TO_DATE"
          },
          {
            "path": ":server:compileJava",
            "outcome": "FROM_CACHE"
          },
          {
            "path": ":server:createVersionFile",
            "outcome": "EXECUTED"
          },
          {
            "path": ":server:jar",
            "outcome": "EXECUTED"
          },
          {
            "path": ":server:processResources",
            "outcome": "NO_SOURCE"
          },
          {
            "path": ":share-coordinator:classes",
            "outcome": "EXECUTED"
          },
          {
            "path": ":share-coordinator:compileJava",
            "outcome": "FROM_CACHE"
          },
          {
            "path": ":share-coordinator:jar",
            "outcome": "EXECUTED"
          },
          {
            "path": ":share-coordinator:processMessages",
            "outcome": "FROM_CACHE"
          },
          {
            "path": ":share-coordinator:processResources",
            "outcome": "EXECUTED"
          },
          {
            "path": ":storage:classes",
            "outcome": "EXECUTED"
          },
          {
            "path": ":storage:compileJava",
            "outcome": "FROM_CACHE"
          },
          {
            "path": ":storage:createVersionFile",
            "outcome": "EXECUTED"
          },
          {
            "path": ":storage:jar",
            "outcome": "EXECUTED"
          },
          {
            "path": ":storage:processMessages",
            "outcome": "FROM_CACHE"
          },
          {
            "path": ":storage:processResources",
            "outcome": "EXECUTED"
          },
          {
            "path": ":storage:storage-api:classes",
            "outcome": "UP_TO_DATE"
          },
          {
            "path": ":storage:storage-api:compileJava",
            "outcome": "FROM_CACHE"
          },
          {
            "path": ":storage:storage-api:createVersionFile",
            "outcome": "EXECUTED"
          },
          {
            "path": ":storage:storage-api:jar",
            "outcome": "EXECUTED"
          },
          {
            "path": ":storage:storage-api:processResources",
            "outcome": "NO_SOURCE"
          },
          {
            "path": ":streams:classes",
            "outcome": "EXECUTED"
          },
          {
            "path": ":streams:compileJava",
            "outcome": "FROM_CACHE"
          },
          {
            "path": ":streams:copyDependantLibs",
            "outcome": "EXECUTED"
          },
          {
            "path": ":streams:createStreamsVersionFile",
            "outcome": "EXECUTED"
          },
          {
            "path": ":streams:jar",
            "outcome": "EXECUTED"
          },
          {
            "path": ":streams:processMessages",
            "outcome": "FROM_CACHE"
          },
          {
            "path": ":streams:processResources",
            "outcome": "EXECUTED"
          },
          {
            "path": ":test-common:test-common-util:compileJava",
            "outcome": "FROM_CACHE"
          },
          {
            "path": ":tools:tools-api:classes",
            "outcome": "UP_TO_DATE"
          },
          {
            "path": ":tools:tools-api:compileJava",
            "outcome": "FROM_CACHE"
          },
          {
            "path": ":tools:tools-api:createVersionFile",
            "outcome": "EXECUTED"
          },
          {
            "path": ":tools:tools-api:jar",
            "outcome": "EXECUTED"
          },
          {
            "path": ":tools:tools-api:processResources",
            "outcome": "NO_SOURCE"
          },
          {
            "path": ":transaction-coordinator:classes",
            "outcome": "EXECUTED"
          },
          {
            "path": ":transaction-coordinator:compileJava",
            "outcome": "FROM_CACHE"
          },
          {
            "path": ":transaction-coordinator:jar",
            "outcome": "EXECUTED"
          },
          {
            "path": ":transaction-coordinator:processMessages",
            "outcome": "FROM_CACHE"
          },
          {
            "path": ":transaction-coordinator:processResources",
            "outcome": "EXECUTED"
          }
        ]
      },
      "candidateTaskOutcomes": {
        "total": 10,
        "executed": 6,
        "fromCache": 2,
        "upToDate": 1,
        "noSource": 1,
        "skipped": 0,
        "fingerprintSha256": "a026be126dcf504181d183b2e72ba4ad24a60930ce1d1846e6d96ceada98296b",
        "tasks": [
          {
            "path": ":clients:classes",
            "outcome": "EXECUTED"
          },
          {
            "path": ":clients:compileJava",
            "outcome": "EXECUTED"
          },
          {
            "path": ":clients:createVersionFile",
            "outcome": "EXECUTED"
          },
          {
            "path": ":clients:processMessages",
            "outcome": "FROM_CACHE"
          },
          {
            "path": ":clients:processResources",
            "outcome": "EXECUTED"
          },
          {
            "path": ":clients:shadowJar",
            "outcome": "EXECUTED"
          },
          {
            "path": ":generator:classes",
            "outcome": "UP_TO_DATE"
          },
          {
            "path": ":generator:compileJava",
            "outcome": "FROM_CACHE"
          },
          {
            "path": ":generator:jar",
            "outcome": "EXECUTED"
          },
          {
            "path": ":generator:processResources",
            "outcome": "NO_SOURCE"
          }
        ]
      },
      "controlHostPressure": {
        "available": true,
        "cpuSomeTotalUs": 129226,
        "memorySomeTotalUs": 0,
        "memoryFullTotalUs": 0,
        "ioSomeTotalUs": 31399866,
        "ioFullTotalUs": 26315743
      },
      "candidateHostPressure": {
        "available": true,
        "cpuSomeTotalUs": 42511,
        "memorySomeTotalUs": 883,
        "memoryFullTotalUs": 883,
        "ioSomeTotalUs": 10961428,
        "ioFullTotalUs": 9599133
      }
    },
    {
      "pair": 2,
      "order": "CANDIDATE_FIRST",
      "controlDurationMs": 40374,
      "candidateDurationMs": 14218,
      "savedMs": 26156,
      "controlRequiredOutputSha256": "cba648a05fa55946dd466792d6e7343de0558db00969d5307823e92f28e8c61a",
      "candidateRequiredOutputSha256": "cba648a05fa55946dd466792d6e7343de0558db00969d5307823e92f28e8c61a",
      "requiredOutputCount": 1,
      "productAttributableFailure": false,
      "controlLogSha256": "488e054f8df6a9909f983b2e388ac8b37756337a7010714d1b36c1d9855c8139",
      "candidateLogSha256": "7a8b02f96ced033d1df07af2569f67a21b266851cf6a6483ab84a885e7155aca",
      "controlTaskOutcomes": {
        "total": 121,
        "executed": 67,
        "fromCache": 34,
        "upToDate": 9,
        "noSource": 10,
        "skipped": 1,
        "fingerprintSha256": "d6b36845e7f0948e0e1bd2b53b9fc8f3eb25a915f1c8a9df9e9093384defbf89",
        "tasks": [
          {
            "path": ":clients:classes",
            "outcome": "EXECUTED"
          },
          {
            "path": ":clients:compileJava",
            "outcome": "EXECUTED"
          },
          {
            "path": ":clients:compileTestJava",
            "outcome": "FROM_CACHE"
          },
          {
            "path": ":clients:createVersionFile",
            "outcome": "EXECUTED"
          },
          {
            "path": ":clients:jar",
            "outcome": "SKIPPED"
          },
          {
            "path": ":clients:processMessages",
            "outcome": "FROM_CACHE"
          },
          {
            "path": ":clients:processResources",
            "outcome": "EXECUTED"
          },
          {
            "path": ":clients:processTestMessages",
            "outcome": "FROM_CACHE"
          },
          {
            "path": ":clients:processTestResources",
            "outcome": "EXECUTED"
          },
          {
            "path": ":clients:shadowJar",
            "outcome": "EXECUTED"
          },
          {
            "path": ":clients:testClasses",
            "outcome": "EXECUTED"
          },
          {
            "path": ":connect:api:classes",
            "outcome": "EXECUTED"
          },
          {
            "path": ":connect:api:compileJava",
            "outcome": "FROM_CACHE"
          },
          {
            "path": ":connect:api:copyDependantLibs",
            "outcome": "EXECUTED"
          },
          {
            "path": ":connect:api:jar",
            "outcome": "EXECUTED"
          },
          {
            "path": ":connect:api:processResources",
            "outcome": "EXECUTED"
          },
          {
            "path": ":connect:json:classes",
            "outcome": "EXECUTED"
          },
          {
            "path": ":connect:json:compileJava",
            "outcome": "FROM_CACHE"
          },
          {
            "path": ":connect:json:copyDependantLibs",
            "outcome": "EXECUTED"
          },
          {
            "path": ":connect:json:jar",
            "outcome": "EXECUTED"
          },
          {
            "path": ":connect:json:processResources",
            "outcome": "EXECUTED"
          },
          {
            "path": ":connect:transforms:classes",
            "outcome": "EXECUTED"
          },
          {
            "path": ":connect:transforms:compileJava",
            "outcome": "FROM_CACHE"
          },
          {
            "path": ":connect:transforms:copyDependantLibs",
            "outcome": "EXECUTED"
          },
          {
            "path": ":connect:transforms:jar",
            "outcome": "EXECUTED"
          },
          {
            "path": ":connect:transforms:processResources",
            "outcome": "EXECUTED"
          },
          {
            "path": ":coordinator-common:classes",
            "outcome": "UP_TO_DATE"
          },
          {
            "path": ":coordinator-common:compileJava",
            "outcome": "FROM_CACHE"
          },
          {
            "path": ":coordinator-common:compileTestJava",
            "outcome": "FROM_CACHE"
          },
          {
            "path": ":coordinator-common:jar",
            "outcome": "EXECUTED"
          },
          {
            "path": ":coordinator-common:processResources",
            "outcome": "NO_SOURCE"
          },
          {
            "path": ":coordinator-common:processTestResources",
            "outcome": "EXECUTED"
          },
          {
            "path": ":coordinator-common:testClasses",
            "outcome": "EXECUTED"
          },
          {
            "path": ":core:classes",
            "outcome": "UP_TO_DATE"
          },
          {
            "path": ":core:compileJava",
            "outcome": "NO_SOURCE"
          },
          {
            "path": ":core:compileScala",
            "outcome": "FROM_CACHE"
          },
          {
            "path": ":core:copyDependantLibs",
            "outcome": "EXECUTED"
          },
          {
            "path": ":core:jar",
            "outcome": "EXECUTED"
          },
          {
            "path": ":core:processResources",
            "outcome": "NO_SOURCE"
          },
          {
            "path": ":generator:classes",
            "outcome": "UP_TO_DATE"
          },
          {
            "path": ":generator:compileJava",
            "outcome": "FROM_CACHE"
          },
          {
            "path": ":generator:jar",
            "outcome": "EXECUTED"
          },
          {
            "path": ":generator:processResources",
            "outcome": "NO_SOURCE"
          },
          {
            "path": ":group-coordinator:classes",
            "outcome": "EXECUTED"
          },
          {
            "path": ":group-coordinator:compileJava",
            "outcome": "FROM_CACHE"
          },
          {
            "path": ":group-coordinator:group-coordinator-api:classes",
            "outcome": "UP_TO_DATE"
          },
          {
            "path": ":group-coordinator:group-coordinator-api:compileJava",
            "outcome": "FROM_CACHE"
          },
          {
            "path": ":group-coordinator:group-coordinator-api:createVersionFile",
            "outcome": "EXECUTED"
          },
          {
            "path": ":group-coordinator:group-coordinator-api:jar",
            "outcome": "EXECUTED"
          },
          {
            "path": ":group-coordinator:group-coordinator-api:processResources",
            "outcome": "NO_SOURCE"
          },
          {
            "path": ":group-coordinator:jar",
            "outcome": "EXECUTED"
          },
          {
            "path": ":group-coordinator:processMessages",
            "outcome": "FROM_CACHE"
          },
          {
            "path": ":group-coordinator:processResources",
            "outcome": "EXECUTED"
          },
          {
            "path": ":jmh-benchmarks:classes",
            "outcome": "UP_TO_DATE"
          },
          {
            "path": ":jmh-benchmarks:compileJava",
            "outcome": "FROM_CACHE"
          },
          {
            "path": ":jmh-benchmarks:processResources",
            "outcome": "NO_SOURCE"
          },
          {
            "path": ":jmh-benchmarks:shadowJar",
            "outcome": "EXECUTED"
          },
          {
            "path": ":metadata:classes",
            "outcome": "EXECUTED"
          },
          {
            "path": ":metadata:compileJava",
            "outcome": "FROM_CACHE"
          },
          {
            "path": ":metadata:compileTestJava",
            "outcome": "FROM_CACHE"
          },
          {
            "path": ":metadata:jar",
            "outcome": "EXECUTED"
          },
          {
            "path": ":metadata:processMessages",
            "outcome": "FROM_CACHE"
          },
          {
            "path": ":metadata:processResources",
            "outcome": "EXECUTED"
          },
          {
            "path": ":metadata:processTestResources",
            "outcome": "EXECUTED"
          },
          {
            "path": ":metadata:testClasses",
            "outcome": "EXECUTED"
          },
          {
            "path": ":raft:classes",
            "outcome": "EXECUTED"
          },
          {
            "path": ":raft:compileJava",
            "outcome": "FROM_CACHE"
          },
          {
            "path": ":raft:compileTestJava",
            "outcome": "FROM_CACHE"
          },
          {
            "path": ":raft:createVersionFile",
            "outcome": "EXECUTED"
          },
          {
            "path": ":raft:jar",
            "outcome": "EXECUTED"
          },
          {
            "path": ":raft:processMessages",
            "outcome": "FROM_CACHE"
          },
          {
            "path": ":raft:processResources",
            "outcome": "EXECUTED"
          },
          {
            "path": ":raft:processTestResources",
            "outcome": "EXECUTED"
          },
          {
            "path": ":raft:testClasses",
            "outcome": "EXECUTED"
          },
          {
            "path": ":server-common:classes",
            "outcome": "UP_TO_DATE"
          },
          {
            "path": ":server-common:compileJava",
            "outcome": "FROM_CACHE"
          },
          {
            "path": ":server-common:compileTestJava",
            "outcome": "FROM_CACHE"
          },
          {
            "path": ":server-common:createVersionFile",
            "outcome": "EXECUTED"
          },
          {
            "path": ":server-common:jar",
            "outcome": "EXECUTED"
          },
          {
            "path": ":server-common:processResources",
            "outcome": "NO_SOURCE"
          },
          {
            "path": ":server-common:processTestResources",
            "outcome": "EXECUTED"
          },
          {
            "path": ":server-common:testClasses",
            "outcome": "EXECUTED"
          },
          {
            "path": ":server:classes",
            "outcome": "UP_TO_DATE"
          },
          {
            "path": ":server:compileJava",
            "outcome": "FROM_CACHE"
          },
          {
            "path": ":server:createVersionFile",
            "outcome": "EXECUTED"
          },
          {
            "path": ":server:jar",
            "outcome": "EXECUTED"
          },
          {
            "path": ":server:processResources",
            "outcome": "NO_SOURCE"
          },
          {
            "path": ":share-coordinator:classes",
            "outcome": "EXECUTED"
          },
          {
            "path": ":share-coordinator:compileJava",
            "outcome": "FROM_CACHE"
          },
          {
            "path": ":share-coordinator:jar",
            "outcome": "EXECUTED"
          },
          {
            "path": ":share-coordinator:processMessages",
            "outcome": "FROM_CACHE"
          },
          {
            "path": ":share-coordinator:processResources",
            "outcome": "EXECUTED"
          },
          {
            "path": ":storage:classes",
            "outcome": "EXECUTED"
          },
          {
            "path": ":storage:compileJava",
            "outcome": "FROM_CACHE"
          },
          {
            "path": ":storage:createVersionFile",
            "outcome": "EXECUTED"
          },
          {
            "path": ":storage:jar",
            "outcome": "EXECUTED"
          },
          {
            "path": ":storage:processMessages",
            "outcome": "FROM_CACHE"
          },
          {
            "path": ":storage:processResources",
            "outcome": "EXECUTED"
          },
          {
            "path": ":storage:storage-api:classes",
            "outcome": "UP_TO_DATE"
          },
          {
            "path": ":storage:storage-api:compileJava",
            "outcome": "FROM_CACHE"
          },
          {
            "path": ":storage:storage-api:createVersionFile",
            "outcome": "EXECUTED"
          },
          {
            "path": ":storage:storage-api:jar",
            "outcome": "EXECUTED"
          },
          {
            "path": ":storage:storage-api:processResources",
            "outcome": "NO_SOURCE"
          },
          {
            "path": ":streams:classes",
            "outcome": "EXECUTED"
          },
          {
            "path": ":streams:compileJava",
            "outcome": "FROM_CACHE"
          },
          {
            "path": ":streams:copyDependantLibs",
            "outcome": "EXECUTED"
          },
          {
            "path": ":streams:createStreamsVersionFile",
            "outcome": "EXECUTED"
          },
          {
            "path": ":streams:jar",
            "outcome": "EXECUTED"
          },
          {
            "path": ":streams:processMessages",
            "outcome": "FROM_CACHE"
          },
          {
            "path": ":streams:processResources",
            "outcome": "EXECUTED"
          },
          {
            "path": ":test-common:test-common-util:compileJava",
            "outcome": "FROM_CACHE"
          },
          {
            "path": ":tools:tools-api:classes",
            "outcome": "UP_TO_DATE"
          },
          {
            "path": ":tools:tools-api:compileJava",
            "outcome": "FROM_CACHE"
          },
          {
            "path": ":tools:tools-api:createVersionFile",
            "outcome": "EXECUTED"
          },
          {
            "path": ":tools:tools-api:jar",
            "outcome": "EXECUTED"
          },
          {
            "path": ":tools:tools-api:processResources",
            "outcome": "NO_SOURCE"
          },
          {
            "path": ":transaction-coordinator:classes",
            "outcome": "EXECUTED"
          },
          {
            "path": ":transaction-coordinator:compileJava",
            "outcome": "FROM_CACHE"
          },
          {
            "path": ":transaction-coordinator:jar",
            "outcome": "EXECUTED"
          },
          {
            "path": ":transaction-coordinator:processMessages",
            "outcome": "FROM_CACHE"
          },
          {
            "path": ":transaction-coordinator:processResources",
            "outcome": "EXECUTED"
          }
        ]
      },
      "candidateTaskOutcomes": {
        "total": 10,
        "executed": 6,
        "fromCache": 2,
        "upToDate": 1,
        "noSource": 1,
        "skipped": 0,
        "fingerprintSha256": "a026be126dcf504181d183b2e72ba4ad24a60930ce1d1846e6d96ceada98296b",
        "tasks": [
          {
            "path": ":clients:classes",
            "outcome": "EXECUTED"
          },
          {
            "path": ":clients:compileJava",
            "outcome": "EXECUTED"
          },
          {
            "path": ":clients:createVersionFile",
            "outcome": "EXECUTED"
          },
          {
            "path": ":clients:processMessages",
            "outcome": "FROM_CACHE"
          },
          {
            "path": ":clients:processResources",
            "outcome": "EXECUTED"
          },
          {
            "path": ":clients:shadowJar",
            "outcome": "EXECUTED"
          },
          {
            "path": ":generator:classes",
            "outcome": "UP_TO_DATE"
          },
          {
            "path": ":generator:compileJava",
            "outcome": "FROM_CACHE"
          },
          {
            "path": ":generator:jar",
            "outcome": "EXECUTED"
          },
          {
            "path": ":generator:processResources",
            "outcome": "NO_SOURCE"
          }
        ]
      },
      "controlHostPressure": {
        "available": true,
        "cpuSomeTotalUs": 104548,
        "memorySomeTotalUs": 327,
        "memoryFullTotalUs": 327,
        "ioSomeTotalUs": 32060430,
        "ioFullTotalUs": 27117703
      },
      "candidateHostPressure": {
        "available": true,
        "cpuSomeTotalUs": 48528,
        "memorySomeTotalUs": 6,
        "memoryFullTotalUs": 6,
        "ioSomeTotalUs": 10421642,
        "ioFullTotalUs": 8936031
      }
    },
    {
      "pair": 3,
      "order": "CONTROL_FIRST",
      "controlDurationMs": 40593,
      "candidateDurationMs": 12723,
      "savedMs": 27870,
      "controlRequiredOutputSha256": "cba648a05fa55946dd466792d6e7343de0558db00969d5307823e92f28e8c61a",
      "candidateRequiredOutputSha256": "cba648a05fa55946dd466792d6e7343de0558db00969d5307823e92f28e8c61a",
      "requiredOutputCount": 1,
      "productAttributableFailure": false,
      "controlLogSha256": "4b91070ddd5b68d8921cedd1df0318a0b60963a2a38f5df849503fc1589023db",
      "candidateLogSha256": "7d3b3e7983567eae987f6f65946b222476ae73d37af2547f5cf25a1324e7dd16",
      "controlTaskOutcomes": {
        "total": 121,
        "executed": 67,
        "fromCache": 34,
        "upToDate": 9,
        "noSource": 10,
        "skipped": 1,
        "fingerprintSha256": "d6b36845e7f0948e0e1bd2b53b9fc8f3eb25a915f1c8a9df9e9093384defbf89",
        "tasks": [
          {
            "path": ":clients:classes",
            "outcome": "EXECUTED"
          },
          {
            "path": ":clients:compileJava",
            "outcome": "EXECUTED"
          },
          {
            "path": ":clients:compileTestJava",
            "outcome": "FROM_CACHE"
          },
          {
            "path": ":clients:createVersionFile",
            "outcome": "EXECUTED"
          },
          {
            "path": ":clients:jar",
            "outcome": "SKIPPED"
          },
          {
            "path": ":clients:processMessages",
            "outcome": "FROM_CACHE"
          },
          {
            "path": ":clients:processResources",
            "outcome": "EXECUTED"
          },
          {
            "path": ":clients:processTestMessages",
            "outcome": "FROM_CACHE"
          },
          {
            "path": ":clients:processTestResources",
            "outcome": "EXECUTED"
          },
          {
            "path": ":clients:shadowJar",
            "outcome": "EXECUTED"
          },
          {
            "path": ":clients:testClasses",
            "outcome": "EXECUTED"
          },
          {
            "path": ":connect:api:classes",
            "outcome": "EXECUTED"
          },
          {
            "path": ":connect:api:compileJava",
            "outcome": "FROM_CACHE"
          },
          {
            "path": ":connect:api:copyDependantLibs",
            "outcome": "EXECUTED"
          },
          {
            "path": ":connect:api:jar",
            "outcome": "EXECUTED"
          },
          {
            "path": ":connect:api:processResources",
            "outcome": "EXECUTED"
          },
          {
            "path": ":connect:json:classes",
            "outcome": "EXECUTED"
          },
          {
            "path": ":connect:json:compileJava",
            "outcome": "FROM_CACHE"
          },
          {
            "path": ":connect:json:copyDependantLibs",
            "outcome": "EXECUTED"
          },
          {
            "path": ":connect:json:jar",
            "outcome": "EXECUTED"
          },
          {
            "path": ":connect:json:processResources",
            "outcome": "EXECUTED"
          },
          {
            "path": ":connect:transforms:classes",
            "outcome": "EXECUTED"
          },
          {
            "path": ":connect:transforms:compileJava",
            "outcome": "FROM_CACHE"
          },
          {
            "path": ":connect:transforms:copyDependantLibs",
            "outcome": "EXECUTED"
          },
          {
            "path": ":connect:transforms:jar",
            "outcome": "EXECUTED"
          },
          {
            "path": ":connect:transforms:processResources",
            "outcome": "EXECUTED"
          },
          {
            "path": ":coordinator-common:classes",
            "outcome": "UP_TO_DATE"
          },
          {
            "path": ":coordinator-common:compileJava",
            "outcome": "FROM_CACHE"
          },
          {
            "path": ":coordinator-common:compileTestJava",
            "outcome": "FROM_CACHE"
          },
          {
            "path": ":coordinator-common:jar",
            "outcome": "EXECUTED"
          },
          {
            "path": ":coordinator-common:processResources",
            "outcome": "NO_SOURCE"
          },
          {
            "path": ":coordinator-common:processTestResources",
            "outcome": "EXECUTED"
          },
          {
            "path": ":coordinator-common:testClasses",
            "outcome": "EXECUTED"
          },
          {
            "path": ":core:classes",
            "outcome": "UP_TO_DATE"
          },
          {
            "path": ":core:compileJava",
            "outcome": "NO_SOURCE"
          },
          {
            "path": ":core:compileScala",
            "outcome": "FROM_CACHE"
          },
          {
            "path": ":core:copyDependantLibs",
            "outcome": "EXECUTED"
          },
          {
            "path": ":core:jar",
            "outcome": "EXECUTED"
          },
          {
            "path": ":core:processResources",
            "outcome": "NO_SOURCE"
          },
          {
            "path": ":generator:classes",
            "outcome": "UP_TO_DATE"
          },
          {
            "path": ":generator:compileJava",
            "outcome": "FROM_CACHE"
          },
          {
            "path": ":generator:jar",
            "outcome": "EXECUTED"
          },
          {
            "path": ":generator:processResources",
            "outcome": "NO_SOURCE"
          },
          {
            "path": ":group-coordinator:classes",
            "outcome": "EXECUTED"
          },
          {
            "path": ":group-coordinator:compileJava",
            "outcome": "FROM_CACHE"
          },
          {
            "path": ":group-coordinator:group-coordinator-api:classes",
            "outcome": "UP_TO_DATE"
          },
          {
            "path": ":group-coordinator:group-coordinator-api:compileJava",
            "outcome": "FROM_CACHE"
          },
          {
            "path": ":group-coordinator:group-coordinator-api:createVersionFile",
            "outcome": "EXECUTED"
          },
          {
            "path": ":group-coordinator:group-coordinator-api:jar",
            "outcome": "EXECUTED"
          },
          {
            "path": ":group-coordinator:group-coordinator-api:processResources",
            "outcome": "NO_SOURCE"
          },
          {
            "path": ":group-coordinator:jar",
            "outcome": "EXECUTED"
          },
          {
            "path": ":group-coordinator:processMessages",
            "outcome": "FROM_CACHE"
          },
          {
            "path": ":group-coordinator:processResources",
            "outcome": "EXECUTED"
          },
          {
            "path": ":jmh-benchmarks:classes",
            "outcome": "UP_TO_DATE"
          },
          {
            "path": ":jmh-benchmarks:compileJava",
            "outcome": "FROM_CACHE"
          },
          {
            "path": ":jmh-benchmarks:processResources",
            "outcome": "NO_SOURCE"
          },
          {
            "path": ":jmh-benchmarks:shadowJar",
            "outcome": "EXECUTED"
          },
          {
            "path": ":metadata:classes",
            "outcome": "EXECUTED"
          },
          {
            "path": ":metadata:compileJava",
            "outcome": "FROM_CACHE"
          },
          {
            "path": ":metadata:compileTestJava",
            "outcome": "FROM_CACHE"
          },
          {
            "path": ":metadata:jar",
            "outcome": "EXECUTED"
          },
          {
            "path": ":metadata:processMessages",
            "outcome": "FROM_CACHE"
          },
          {
            "path": ":metadata:processResources",
            "outcome": "EXECUTED"
          },
          {
            "path": ":metadata:processTestResources",
            "outcome": "EXECUTED"
          },
          {
            "path": ":metadata:testClasses",
            "outcome": "EXECUTED"
          },
          {
            "path": ":raft:classes",
            "outcome": "EXECUTED"
          },
          {
            "path": ":raft:compileJava",
            "outcome": "FROM_CACHE"
          },
          {
            "path": ":raft:compileTestJava",
            "outcome": "FROM_CACHE"
          },
          {
            "path": ":raft:createVersionFile",
            "outcome": "EXECUTED"
          },
          {
            "path": ":raft:jar",
            "outcome": "EXECUTED"
          },
          {
            "path": ":raft:processMessages",
            "outcome": "FROM_CACHE"
          },
          {
            "path": ":raft:processResources",
            "outcome": "EXECUTED"
          },
          {
            "path": ":raft:processTestResources",
            "outcome": "EXECUTED"
          },
          {
            "path": ":raft:testClasses",
            "outcome": "EXECUTED"
          },
          {
            "path": ":server-common:classes",
            "outcome": "UP_TO_DATE"
          },
          {
            "path": ":server-common:compileJava",
            "outcome": "FROM_CACHE"
          },
          {
            "path": ":server-common:compileTestJava",
            "outcome": "FROM_CACHE"
          },
          {
            "path": ":server-common:createVersionFile",
            "outcome": "EXECUTED"
          },
          {
            "path": ":server-common:jar",
            "outcome": "EXECUTED"
          },
          {
            "path": ":server-common:processResources",
            "outcome": "NO_SOURCE"
          },
          {
            "path": ":server-common:processTestResources",
            "outcome": "EXECUTED"
          },
          {
            "path": ":server-common:testClasses",
            "outcome": "EXECUTED"
          },
          {
            "path": ":server:classes",
            "outcome": "UP_TO_DATE"
          },
          {
            "path": ":server:compileJava",
            "outcome": "FROM_CACHE"
          },
          {
            "path": ":server:createVersionFile",
            "outcome": "EXECUTED"
          },
          {
            "path": ":server:jar",
            "outcome": "EXECUTED"
          },
          {
            "path": ":server:processResources",
            "outcome": "NO_SOURCE"
          },
          {
            "path": ":share-coordinator:classes",
            "outcome": "EXECUTED"
          },
          {
            "path": ":share-coordinator:compileJava",
            "outcome": "FROM_CACHE"
          },
          {
            "path": ":share-coordinator:jar",
            "outcome": "EXECUTED"
          },
          {
            "path": ":share-coordinator:processMessages",
            "outcome": "FROM_CACHE"
          },
          {
            "path": ":share-coordinator:processResources",
            "outcome": "EXECUTED"
          },
          {
            "path": ":storage:classes",
            "outcome": "EXECUTED"
          },
          {
            "path": ":storage:compileJava",
            "outcome": "FROM_CACHE"
          },
          {
            "path": ":storage:createVersionFile",
            "outcome": "EXECUTED"
          },
          {
            "path": ":storage:jar",
            "outcome": "EXECUTED"
          },
          {
            "path": ":storage:processMessages",
            "outcome": "FROM_CACHE"
          },
          {
            "path": ":storage:processResources",
            "outcome": "EXECUTED"
          },
          {
            "path": ":storage:storage-api:classes",
            "outcome": "UP_TO_DATE"
          },
          {
            "path": ":storage:storage-api:compileJava",
            "outcome": "FROM_CACHE"
          },
          {
            "path": ":storage:storage-api:createVersionFile",
            "outcome": "EXECUTED"
          },
          {
            "path": ":storage:storage-api:jar",
            "outcome": "EXECUTED"
          },
          {
            "path": ":storage:storage-api:processResources",
            "outcome": "NO_SOURCE"
          },
          {
            "path": ":streams:classes",
            "outcome": "EXECUTED"
          },
          {
            "path": ":streams:compileJava",
            "outcome": "FROM_CACHE"
          },
          {
            "path": ":streams:copyDependantLibs",
            "outcome": "EXECUTED"
          },
          {
            "path": ":streams:createStreamsVersionFile",
            "outcome": "EXECUTED"
          },
          {
            "path": ":streams:jar",
            "outcome": "EXECUTED"
          },
          {
            "path": ":streams:processMessages",
            "outcome": "FROM_CACHE"
          },
          {
            "path": ":streams:processResources",
            "outcome": "EXECUTED"
          },
          {
            "path": ":test-common:test-common-util:compileJava",
            "outcome": "FROM_CACHE"
          },
          {
            "path": ":tools:tools-api:classes",
            "outcome": "UP_TO_DATE"
          },
          {
            "path": ":tools:tools-api:compileJava",
            "outcome": "FROM_CACHE"
          },
          {
            "path": ":tools:tools-api:createVersionFile",
            "outcome": "EXECUTED"
          },
          {
            "path": ":tools:tools-api:jar",
            "outcome": "EXECUTED"
          },
          {
            "path": ":tools:tools-api:processResources",
            "outcome": "NO_SOURCE"
          },
          {
            "path": ":transaction-coordinator:classes",
            "outcome": "EXECUTED"
          },
          {
            "path": ":transaction-coordinator:compileJava",
            "outcome": "FROM_CACHE"
          },
          {
            "path": ":transaction-coordinator:jar",
            "outcome": "EXECUTED"
          },
          {
            "path": ":transaction-coordinator:processMessages",
            "outcome": "FROM_CACHE"
          },
          {
            "path": ":transaction-coordinator:processResources",
            "outcome": "EXECUTED"
          }
        ]
      },
      "candidateTaskOutcomes": {
        "total": 10,
        "executed": 6,
        "fromCache": 2,
        "upToDate": 1,
        "noSource": 1,
        "skipped": 0,
        "fingerprintSha256": "a026be126dcf504181d183b2e72ba4ad24a60930ce1d1846e6d96ceada98296b",
        "tasks": [
          {
            "path": ":clients:classes",
            "outcome": "EXECUTED"
          },
          {
            "path": ":clients:compileJava",
            "outcome": "EXECUTED"
          },
          {
            "path": ":clients:createVersionFile",
            "outcome": "EXECUTED"
          },
          {
            "path": ":clients:processMessages",
            "outcome": "FROM_CACHE"
          },
          {
            "path": ":clients:processResources",
            "outcome": "EXECUTED"
          },
          {
            "path": ":clients:shadowJar",
            "outcome": "EXECUTED"
          },
          {
            "path": ":generator:classes",
            "outcome": "UP_TO_DATE"
          },
          {
            "path": ":generator:compileJava",
            "outcome": "FROM_CACHE"
          },
          {
            "path": ":generator:jar",
            "outcome": "EXECUTED"
          },
          {
            "path": ":generator:processResources",
            "outcome": "NO_SOURCE"
          }
        ]
      },
      "controlHostPressure": {
        "available": true,
        "cpuSomeTotalUs": 93472,
        "memorySomeTotalUs": 7,
        "memoryFullTotalUs": 7,
        "ioSomeTotalUs": 32054584,
        "ioFullTotalUs": 27526728
      },
      "candidateHostPressure": {
        "available": true,
        "cpuSomeTotalUs": 31752,
        "memorySomeTotalUs": 107,
        "memoryFullTotalUs": 104,
        "ioSomeTotalUs": 9135849,
        "ioFullTotalUs": 8368386
      }
    },
    {
      "pair": 4,
      "order": "CANDIDATE_FIRST",
      "controlDurationMs": 44147,
      "candidateDurationMs": 11799,
      "savedMs": 32348,
      "controlRequiredOutputSha256": "cba648a05fa55946dd466792d6e7343de0558db00969d5307823e92f28e8c61a",
      "candidateRequiredOutputSha256": "cba648a05fa55946dd466792d6e7343de0558db00969d5307823e92f28e8c61a",
      "requiredOutputCount": 1,
      "productAttributableFailure": false,
      "controlLogSha256": "b4843384c1d2d36bb54872b09103a10fd77087479401a48dfa7168689a58b6eb",
      "candidateLogSha256": "45e80c3e0871e28ddb6ad3f0490c9b7f751aa9ae076a816c0e0af95befb966e6",
      "controlTaskOutcomes": {
        "total": 121,
        "executed": 67,
        "fromCache": 34,
        "upToDate": 9,
        "noSource": 10,
        "skipped": 1,
        "fingerprintSha256": "d6b36845e7f0948e0e1bd2b53b9fc8f3eb25a915f1c8a9df9e9093384defbf89",
        "tasks": [
          {
            "path": ":clients:classes",
            "outcome": "EXECUTED"
          },
          {
            "path": ":clients:compileJava",
            "outcome": "EXECUTED"
          },
          {
            "path": ":clients:compileTestJava",
            "outcome": "FROM_CACHE"
          },
          {
            "path": ":clients:createVersionFile",
            "outcome": "EXECUTED"
          },
          {
            "path": ":clients:jar",
            "outcome": "SKIPPED"
          },
          {
            "path": ":clients:processMessages",
            "outcome": "FROM_CACHE"
          },
          {
            "path": ":clients:processResources",
            "outcome": "EXECUTED"
          },
          {
            "path": ":clients:processTestMessages",
            "outcome": "FROM_CACHE"
          },
          {
            "path": ":clients:processTestResources",
            "outcome": "EXECUTED"
          },
          {
            "path": ":clients:shadowJar",
            "outcome": "EXECUTED"
          },
          {
            "path": ":clients:testClasses",
            "outcome": "EXECUTED"
          },
          {
            "path": ":connect:api:classes",
            "outcome": "EXECUTED"
          },
          {
            "path": ":connect:api:compileJava",
            "outcome": "FROM_CACHE"
          },
          {
            "path": ":connect:api:copyDependantLibs",
            "outcome": "EXECUTED"
          },
          {
            "path": ":connect:api:jar",
            "outcome": "EXECUTED"
          },
          {
            "path": ":connect:api:processResources",
            "outcome": "EXECUTED"
          },
          {
            "path": ":connect:json:classes",
            "outcome": "EXECUTED"
          },
          {
            "path": ":connect:json:compileJava",
            "outcome": "FROM_CACHE"
          },
          {
            "path": ":connect:json:copyDependantLibs",
            "outcome": "EXECUTED"
          },
          {
            "path": ":connect:json:jar",
            "outcome": "EXECUTED"
          },
          {
            "path": ":connect:json:processResources",
            "outcome": "EXECUTED"
          },
          {
            "path": ":connect:transforms:classes",
            "outcome": "EXECUTED"
          },
          {
            "path": ":connect:transforms:compileJava",
            "outcome": "FROM_CACHE"
          },
          {
            "path": ":connect:transforms:copyDependantLibs",
            "outcome": "EXECUTED"
          },
          {
            "path": ":connect:transforms:jar",
            "outcome": "EXECUTED"
          },
          {
            "path": ":connect:transforms:processResources",
            "outcome": "EXECUTED"
          },
          {
            "path": ":coordinator-common:classes",
            "outcome": "UP_TO_DATE"
          },
          {
            "path": ":coordinator-common:compileJava",
            "outcome": "FROM_CACHE"
          },
          {
            "path": ":coordinator-common:compileTestJava",
            "outcome": "FROM_CACHE"
          },
          {
            "path": ":coordinator-common:jar",
            "outcome": "EXECUTED"
          },
          {
            "path": ":coordinator-common:processResources",
            "outcome": "NO_SOURCE"
          },
          {
            "path": ":coordinator-common:processTestResources",
            "outcome": "EXECUTED"
          },
          {
            "path": ":coordinator-common:testClasses",
            "outcome": "EXECUTED"
          },
          {
            "path": ":core:classes",
            "outcome": "UP_TO_DATE"
          },
          {
            "path": ":core:compileJava",
            "outcome": "NO_SOURCE"
          },
          {
            "path": ":core:compileScala",
            "outcome": "FROM_CACHE"
          },
          {
            "path": ":core:copyDependantLibs",
            "outcome": "EXECUTED"
          },
          {
            "path": ":core:jar",
            "outcome": "EXECUTED"
          },
          {
            "path": ":core:processResources",
            "outcome": "NO_SOURCE"
          },
          {
            "path": ":generator:classes",
            "outcome": "UP_TO_DATE"
          },
          {
            "path": ":generator:compileJava",
            "outcome": "FROM_CACHE"
          },
          {
            "path": ":generator:jar",
            "outcome": "EXECUTED"
          },
          {
            "path": ":generator:processResources",
            "outcome": "NO_SOURCE"
          },
          {
            "path": ":group-coordinator:classes",
            "outcome": "EXECUTED"
          },
          {
            "path": ":group-coordinator:compileJava",
            "outcome": "FROM_CACHE"
          },
          {
            "path": ":group-coordinator:group-coordinator-api:classes",
            "outcome": "UP_TO_DATE"
          },
          {
            "path": ":group-coordinator:group-coordinator-api:compileJava",
            "outcome": "FROM_CACHE"
          },
          {
            "path": ":group-coordinator:group-coordinator-api:createVersionFile",
            "outcome": "EXECUTED"
          },
          {
            "path": ":group-coordinator:group-coordinator-api:jar",
            "outcome": "EXECUTED"
          },
          {
            "path": ":group-coordinator:group-coordinator-api:processResources",
            "outcome": "NO_SOURCE"
          },
          {
            "path": ":group-coordinator:jar",
            "outcome": "EXECUTED"
          },
          {
            "path": ":group-coordinator:processMessages",
            "outcome": "FROM_CACHE"
          },
          {
            "path": ":group-coordinator:processResources",
            "outcome": "EXECUTED"
          },
          {
            "path": ":jmh-benchmarks:classes",
            "outcome": "UP_TO_DATE"
          },
          {
            "path": ":jmh-benchmarks:compileJava",
            "outcome": "FROM_CACHE"
          },
          {
            "path": ":jmh-benchmarks:processResources",
            "outcome": "NO_SOURCE"
          },
          {
            "path": ":jmh-benchmarks:shadowJar",
            "outcome": "EXECUTED"
          },
          {
            "path": ":metadata:classes",
            "outcome": "EXECUTED"
          },
          {
            "path": ":metadata:compileJava",
            "outcome": "FROM_CACHE"
          },
          {
            "path": ":metadata:compileTestJava",
            "outcome": "FROM_CACHE"
          },
          {
            "path": ":metadata:jar",
            "outcome": "EXECUTED"
          },
          {
            "path": ":metadata:processMessages",
            "outcome": "FROM_CACHE"
          },
          {
            "path": ":metadata:processResources",
            "outcome": "EXECUTED"
          },
          {
            "path": ":metadata:processTestResources",
            "outcome": "EXECUTED"
          },
          {
            "path": ":metadata:testClasses",
            "outcome": "EXECUTED"
          },
          {
            "path": ":raft:classes",
            "outcome": "EXECUTED"
          },
          {
            "path": ":raft:compileJava",
            "outcome": "FROM_CACHE"
          },
          {
            "path": ":raft:compileTestJava",
            "outcome": "FROM_CACHE"
          },
          {
            "path": ":raft:createVersionFile",
            "outcome": "EXECUTED"
          },
          {
            "path": ":raft:jar",
            "outcome": "EXECUTED"
          },
          {
            "path": ":raft:processMessages",
            "outcome": "FROM_CACHE"
          },
          {
            "path": ":raft:processResources",
            "outcome": "EXECUTED"
          },
          {
            "path": ":raft:processTestResources",
            "outcome": "EXECUTED"
          },
          {
            "path": ":raft:testClasses",
            "outcome": "EXECUTED"
          },
          {
            "path": ":server-common:classes",
            "outcome": "UP_TO_DATE"
          },
          {
            "path": ":server-common:compileJava",
            "outcome": "FROM_CACHE"
          },
          {
            "path": ":server-common:compileTestJava",
            "outcome": "FROM_CACHE"
          },
          {
            "path": ":server-common:createVersionFile",
            "outcome": "EXECUTED"
          },
          {
            "path": ":server-common:jar",
            "outcome": "EXECUTED"
          },
          {
            "path": ":server-common:processResources",
            "outcome": "NO_SOURCE"
          },
          {
            "path": ":server-common:processTestResources",
            "outcome": "EXECUTED"
          },
          {
            "path": ":server-common:testClasses",
            "outcome": "EXECUTED"
          },
          {
            "path": ":server:classes",
            "outcome": "UP_TO_DATE"
          },
          {
            "path": ":server:compileJava",
            "outcome": "FROM_CACHE"
          },
          {
            "path": ":server:createVersionFile",
            "outcome": "EXECUTED"
          },
          {
            "path": ":server:jar",
            "outcome": "EXECUTED"
          },
          {
            "path": ":server:processResources",
            "outcome": "NO_SOURCE"
          },
          {
            "path": ":share-coordinator:classes",
            "outcome": "EXECUTED"
          },
          {
            "path": ":share-coordinator:compileJava",
            "outcome": "FROM_CACHE"
          },
          {
            "path": ":share-coordinator:jar",
            "outcome": "EXECUTED"
          },
          {
            "path": ":share-coordinator:processMessages",
            "outcome": "FROM_CACHE"
          },
          {
            "path": ":share-coordinator:processResources",
            "outcome": "EXECUTED"
          },
          {
            "path": ":storage:classes",
            "outcome": "EXECUTED"
          },
          {
            "path": ":storage:compileJava",
            "outcome": "FROM_CACHE"
          },
          {
            "path": ":storage:createVersionFile",
            "outcome": "EXECUTED"
          },
          {
            "path": ":storage:jar",
            "outcome": "EXECUTED"
          },
          {
            "path": ":storage:processMessages",
            "outcome": "FROM_CACHE"
          },
          {
            "path": ":storage:processResources",
            "outcome": "EXECUTED"
          },
          {
            "path": ":storage:storage-api:classes",
            "outcome": "UP_TO_DATE"
          },
          {
            "path": ":storage:storage-api:compileJava",
            "outcome": "FROM_CACHE"
          },
          {
            "path": ":storage:storage-api:createVersionFile",
            "outcome": "EXECUTED"
          },
          {
            "path": ":storage:storage-api:jar",
            "outcome": "EXECUTED"
          },
          {
            "path": ":storage:storage-api:processResources",
            "outcome": "NO_SOURCE"
          },
          {
            "path": ":streams:classes",
            "outcome": "EXECUTED"
          },
          {
            "path": ":streams:compileJava",
            "outcome": "FROM_CACHE"
          },
          {
            "path": ":streams:copyDependantLibs",
            "outcome": "EXECUTED"
          },
          {
            "path": ":streams:createStreamsVersionFile",
            "outcome": "EXECUTED"
          },
          {
            "path": ":streams:jar",
            "outcome": "EXECUTED"
          },
          {
            "path": ":streams:processMessages",
            "outcome": "FROM_CACHE"
          },
          {
            "path": ":streams:processResources",
            "outcome": "EXECUTED"
          },
          {
            "path": ":test-common:test-common-util:compileJava",
            "outcome": "FROM_CACHE"
          },
          {
            "path": ":tools:tools-api:classes",
            "outcome": "UP_TO_DATE"
          },
          {
            "path": ":tools:tools-api:compileJava",
            "outcome": "FROM_CACHE"
          },
          {
            "path": ":tools:tools-api:createVersionFile",
            "outcome": "EXECUTED"
          },
          {
            "path": ":tools:tools-api:jar",
            "outcome": "EXECUTED"
          },
          {
            "path": ":tools:tools-api:processResources",
            "outcome": "NO_SOURCE"
          },
          {
            "path": ":transaction-coordinator:classes",
            "outcome": "EXECUTED"
          },
          {
            "path": ":transaction-coordinator:compileJava",
            "outcome": "FROM_CACHE"
          },
          {
            "path": ":transaction-coordinator:jar",
            "outcome": "EXECUTED"
          },
          {
            "path": ":transaction-coordinator:processMessages",
            "outcome": "FROM_CACHE"
          },
          {
            "path": ":transaction-coordinator:processResources",
            "outcome": "EXECUTED"
          }
        ]
      },
      "candidateTaskOutcomes": {
        "total": 10,
        "executed": 6,
        "fromCache": 2,
        "upToDate": 1,
        "noSource": 1,
        "skipped": 0,
        "fingerprintSha256": "a026be126dcf504181d183b2e72ba4ad24a60930ce1d1846e6d96ceada98296b",
        "tasks": [
          {
            "path": ":clients:classes",
            "outcome": "EXECUTED"
          },
          {
            "path": ":clients:compileJava",
            "outcome": "EXECUTED"
          },
          {
            "path": ":clients:createVersionFile",
            "outcome": "EXECUTED"
          },
          {
            "path": ":clients:processMessages",
            "outcome": "FROM_CACHE"
          },
          {
            "path": ":clients:processResources",
            "outcome": "EXECUTED"
          },
          {
            "path": ":clients:shadowJar",
            "outcome": "EXECUTED"
          },
          {
            "path": ":generator:classes",
            "outcome": "UP_TO_DATE"
          },
          {
            "path": ":generator:compileJava",
            "outcome": "FROM_CACHE"
          },
          {
            "path": ":generator:jar",
            "outcome": "EXECUTED"
          },
          {
            "path": ":generator:processResources",
            "outcome": "NO_SOURCE"
          }
        ]
      },
      "controlHostPressure": {
        "available": true,
        "cpuSomeTotalUs": 171205,
        "memorySomeTotalUs": 343,
        "memoryFullTotalUs": 340,
        "ioSomeTotalUs": 34797808,
        "ioFullTotalUs": 28174941
      },
      "candidateHostPressure": {
        "available": true,
        "cpuSomeTotalUs": 23381,
        "memorySomeTotalUs": 0,
        "memoryFullTotalUs": 0,
        "ioSomeTotalUs": 9465828,
        "ioFullTotalUs": 8091067
      }
    },
    {
      "pair": 5,
      "order": "CONTROL_FIRST",
      "controlDurationMs": 41535,
      "candidateDurationMs": 12923,
      "savedMs": 28612,
      "controlRequiredOutputSha256": "cba648a05fa55946dd466792d6e7343de0558db00969d5307823e92f28e8c61a",
      "candidateRequiredOutputSha256": "cba648a05fa55946dd466792d6e7343de0558db00969d5307823e92f28e8c61a",
      "requiredOutputCount": 1,
      "productAttributableFailure": false,
      "controlLogSha256": "87301fdee3b528e5a495a81fe75cf60b56c87ff8b34344cded68791db694da3e",
      "candidateLogSha256": "7d3b3e7983567eae987f6f65946b222476ae73d37af2547f5cf25a1324e7dd16",
      "controlTaskOutcomes": {
        "total": 121,
        "executed": 67,
        "fromCache": 34,
        "upToDate": 9,
        "noSource": 10,
        "skipped": 1,
        "fingerprintSha256": "d6b36845e7f0948e0e1bd2b53b9fc8f3eb25a915f1c8a9df9e9093384defbf89",
        "tasks": [
          {
            "path": ":clients:classes",
            "outcome": "EXECUTED"
          },
          {
            "path": ":clients:compileJava",
            "outcome": "EXECUTED"
          },
          {
            "path": ":clients:compileTestJava",
            "outcome": "FROM_CACHE"
          },
          {
            "path": ":clients:createVersionFile",
            "outcome": "EXECUTED"
          },
          {
            "path": ":clients:jar",
            "outcome": "SKIPPED"
          },
          {
            "path": ":clients:processMessages",
            "outcome": "FROM_CACHE"
          },
          {
            "path": ":clients:processResources",
            "outcome": "EXECUTED"
          },
          {
            "path": ":clients:processTestMessages",
            "outcome": "FROM_CACHE"
          },
          {
            "path": ":clients:processTestResources",
            "outcome": "EXECUTED"
          },
          {
            "path": ":clients:shadowJar",
            "outcome": "EXECUTED"
          },
          {
            "path": ":clients:testClasses",
            "outcome": "EXECUTED"
          },
          {
            "path": ":connect:api:classes",
            "outcome": "EXECUTED"
          },
          {
            "path": ":connect:api:compileJava",
            "outcome": "FROM_CACHE"
          },
          {
            "path": ":connect:api:copyDependantLibs",
            "outcome": "EXECUTED"
          },
          {
            "path": ":connect:api:jar",
            "outcome": "EXECUTED"
          },
          {
            "path": ":connect:api:processResources",
            "outcome": "EXECUTED"
          },
          {
            "path": ":connect:json:classes",
            "outcome": "EXECUTED"
          },
          {
            "path": ":connect:json:compileJava",
            "outcome": "FROM_CACHE"
          },
          {
            "path": ":connect:json:copyDependantLibs",
            "outcome": "EXECUTED"
          },
          {
            "path": ":connect:json:jar",
            "outcome": "EXECUTED"
          },
          {
            "path": ":connect:json:processResources",
            "outcome": "EXECUTED"
          },
          {
            "path": ":connect:transforms:classes",
            "outcome": "EXECUTED"
          },
          {
            "path": ":connect:transforms:compileJava",
            "outcome": "FROM_CACHE"
          },
          {
            "path": ":connect:transforms:copyDependantLibs",
            "outcome": "EXECUTED"
          },
          {
            "path": ":connect:transforms:jar",
            "outcome": "EXECUTED"
          },
          {
            "path": ":connect:transforms:processResources",
            "outcome": "EXECUTED"
          },
          {
            "path": ":coordinator-common:classes",
            "outcome": "UP_TO_DATE"
          },
          {
            "path": ":coordinator-common:compileJava",
            "outcome": "FROM_CACHE"
          },
          {
            "path": ":coordinator-common:compileTestJava",
            "outcome": "FROM_CACHE"
          },
          {
            "path": ":coordinator-common:jar",
            "outcome": "EXECUTED"
          },
          {
            "path": ":coordinator-common:processResources",
            "outcome": "NO_SOURCE"
          },
          {
            "path": ":coordinator-common:processTestResources",
            "outcome": "EXECUTED"
          },
          {
            "path": ":coordinator-common:testClasses",
            "outcome": "EXECUTED"
          },
          {
            "path": ":core:classes",
            "outcome": "UP_TO_DATE"
          },
          {
            "path": ":core:compileJava",
            "outcome": "NO_SOURCE"
          },
          {
            "path": ":core:compileScala",
            "outcome": "FROM_CACHE"
          },
          {
            "path": ":core:copyDependantLibs",
            "outcome": "EXECUTED"
          },
          {
            "path": ":core:jar",
            "outcome": "EXECUTED"
          },
          {
            "path": ":core:processResources",
            "outcome": "NO_SOURCE"
          },
          {
            "path": ":generator:classes",
            "outcome": "UP_TO_DATE"
          },
          {
            "path": ":generator:compileJava",
            "outcome": "FROM_CACHE"
          },
          {
            "path": ":generator:jar",
            "outcome": "EXECUTED"
          },
          {
            "path": ":generator:processResources",
            "outcome": "NO_SOURCE"
          },
          {
            "path": ":group-coordinator:classes",
            "outcome": "EXECUTED"
          },
          {
            "path": ":group-coordinator:compileJava",
            "outcome": "FROM_CACHE"
          },
          {
            "path": ":group-coordinator:group-coordinator-api:classes",
            "outcome": "UP_TO_DATE"
          },
          {
            "path": ":group-coordinator:group-coordinator-api:compileJava",
            "outcome": "FROM_CACHE"
          },
          {
            "path": ":group-coordinator:group-coordinator-api:createVersionFile",
            "outcome": "EXECUTED"
          },
          {
            "path": ":group-coordinator:group-coordinator-api:jar",
            "outcome": "EXECUTED"
          },
          {
            "path": ":group-coordinator:group-coordinator-api:processResources",
            "outcome": "NO_SOURCE"
          },
          {
            "path": ":group-coordinator:jar",
            "outcome": "EXECUTED"
          },
          {
            "path": ":group-coordinator:processMessages",
            "outcome": "FROM_CACHE"
          },
          {
            "path": ":group-coordinator:processResources",
            "outcome": "EXECUTED"
          },
          {
            "path": ":jmh-benchmarks:classes",
            "outcome": "UP_TO_DATE"
          },
          {
            "path": ":jmh-benchmarks:compileJava",
            "outcome": "FROM_CACHE"
          },
          {
            "path": ":jmh-benchmarks:processResources",
            "outcome": "NO_SOURCE"
          },
          {
            "path": ":jmh-benchmarks:shadowJar",
            "outcome": "EXECUTED"
          },
          {
            "path": ":metadata:classes",
            "outcome": "EXECUTED"
          },
          {
            "path": ":metadata:compileJava",
            "outcome": "FROM_CACHE"
          },
          {
            "path": ":metadata:compileTestJava",
            "outcome": "FROM_CACHE"
          },
          {
            "path": ":metadata:jar",
            "outcome": "EXECUTED"
          },
          {
            "path": ":metadata:processMessages",
            "outcome": "FROM_CACHE"
          },
          {
            "path": ":metadata:processResources",
            "outcome": "EXECUTED"
          },
          {
            "path": ":metadata:processTestResources",
            "outcome": "EXECUTED"
          },
          {
            "path": ":metadata:testClasses",
            "outcome": "EXECUTED"
          },
          {
            "path": ":raft:classes",
            "outcome": "EXECUTED"
          },
          {
            "path": ":raft:compileJava",
            "outcome": "FROM_CACHE"
          },
          {
            "path": ":raft:compileTestJava",
            "outcome": "FROM_CACHE"
          },
          {
            "path": ":raft:createVersionFile",
            "outcome": "EXECUTED"
          },
          {
            "path": ":raft:jar",
            "outcome": "EXECUTED"
          },
          {
            "path": ":raft:processMessages",
            "outcome": "FROM_CACHE"
          },
          {
            "path": ":raft:processResources",
            "outcome": "EXECUTED"
          },
          {
            "path": ":raft:processTestResources",
            "outcome": "EXECUTED"
          },
          {
            "path": ":raft:testClasses",
            "outcome": "EXECUTED"
          },
          {
            "path": ":server-common:classes",
            "outcome": "UP_TO_DATE"
          },
          {
            "path": ":server-common:compileJava",
            "outcome": "FROM_CACHE"
          },
          {
            "path": ":server-common:compileTestJava",
            "outcome": "FROM_CACHE"
          },
          {
            "path": ":server-common:createVersionFile",
            "outcome": "EXECUTED"
          },
          {
            "path": ":server-common:jar",
            "outcome": "EXECUTED"
          },
          {
            "path": ":server-common:processResources",
            "outcome": "NO_SOURCE"
          },
          {
            "path": ":server-common:processTestResources",
            "outcome": "EXECUTED"
          },
          {
            "path": ":server-common:testClasses",
            "outcome": "EXECUTED"
          },
          {
            "path": ":server:classes",
            "outcome": "UP_TO_DATE"
          },
          {
            "path": ":server:compileJava",
            "outcome": "FROM_CACHE"
          },
          {
            "path": ":server:createVersionFile",
            "outcome": "EXECUTED"
          },
          {
            "path": ":server:jar",
            "outcome": "EXECUTED"
          },
          {
            "path": ":server:processResources",
            "outcome": "NO_SOURCE"
          },
          {
            "path": ":share-coordinator:classes",
            "outcome": "EXECUTED"
          },
          {
            "path": ":share-coordinator:compileJava",
            "outcome": "FROM_CACHE"
          },
          {
            "path": ":share-coordinator:jar",
            "outcome": "EXECUTED"
          },
          {
            "path": ":share-coordinator:processMessages",
            "outcome": "FROM_CACHE"
          },
          {
            "path": ":share-coordinator:processResources",
            "outcome": "EXECUTED"
          },
          {
            "path": ":storage:classes",
            "outcome": "EXECUTED"
          },
          {
            "path": ":storage:compileJava",
            "outcome": "FROM_CACHE"
          },
          {
            "path": ":storage:createVersionFile",
            "outcome": "EXECUTED"
          },
          {
            "path": ":storage:jar",
            "outcome": "EXECUTED"
          },
          {
            "path": ":storage:processMessages",
            "outcome": "FROM_CACHE"
          },
          {
            "path": ":storage:processResources",
            "outcome": "EXECUTED"
          },
          {
            "path": ":storage:storage-api:classes",
            "outcome": "UP_TO_DATE"
          },
          {
            "path": ":storage:storage-api:compileJava",
            "outcome": "FROM_CACHE"
          },
          {
            "path": ":storage:storage-api:createVersionFile",
            "outcome": "EXECUTED"
          },
          {
            "path": ":storage:storage-api:jar",
            "outcome": "EXECUTED"
          },
          {
            "path": ":storage:storage-api:processResources",
            "outcome": "NO_SOURCE"
          },
          {
            "path": ":streams:classes",
            "outcome": "EXECUTED"
          },
          {
            "path": ":streams:compileJava",
            "outcome": "FROM_CACHE"
          },
          {
            "path": ":streams:copyDependantLibs",
            "outcome": "EXECUTED"
          },
          {
            "path": ":streams:createStreamsVersionFile",
            "outcome": "EXECUTED"
          },
          {
            "path": ":streams:jar",
            "outcome": "EXECUTED"
          },
          {
            "path": ":streams:processMessages",
            "outcome": "FROM_CACHE"
          },
          {
            "path": ":streams:processResources",
            "outcome": "EXECUTED"
          },
          {
            "path": ":test-common:test-common-util:compileJava",
            "outcome": "FROM_CACHE"
          },
          {
            "path": ":tools:tools-api:classes",
            "outcome": "UP_TO_DATE"
          },
          {
            "path": ":tools:tools-api:compileJava",
            "outcome": "FROM_CACHE"
          },
          {
            "path": ":tools:tools-api:createVersionFile",
            "outcome": "EXECUTED"
          },
          {
            "path": ":tools:tools-api:jar",
            "outcome": "EXECUTED"
          },
          {
            "path": ":tools:tools-api:processResources",
            "outcome": "NO_SOURCE"
          },
          {
            "path": ":transaction-coordinator:classes",
            "outcome": "EXECUTED"
          },
          {
            "path": ":transaction-coordinator:compileJava",
            "outcome": "FROM_CACHE"
          },
          {
            "path": ":transaction-coordinator:jar",
            "outcome": "EXECUTED"
          },
          {
            "path": ":transaction-coordinator:processMessages",
            "outcome": "FROM_CACHE"
          },
          {
            "path": ":transaction-coordinator:processResources",
            "outcome": "EXECUTED"
          }
        ]
      },
      "candidateTaskOutcomes": {
        "total": 10,
        "executed": 6,
        "fromCache": 2,
        "upToDate": 1,
        "noSource": 1,
        "skipped": 0,
        "fingerprintSha256": "a026be126dcf504181d183b2e72ba4ad24a60930ce1d1846e6d96ceada98296b",
        "tasks": [
          {
            "path": ":clients:classes",
            "outcome": "EXECUTED"
          },
          {
            "path": ":clients:compileJava",
            "outcome": "EXECUTED"
          },
          {
            "path": ":clients:createVersionFile",
            "outcome": "EXECUTED"
          },
          {
            "path": ":clients:processMessages",
            "outcome": "FROM_CACHE"
          },
          {
            "path": ":clients:processResources",
            "outcome": "EXECUTED"
          },
          {
            "path": ":clients:shadowJar",
            "outcome": "EXECUTED"
          },
          {
            "path": ":generator:classes",
            "outcome": "UP_TO_DATE"
          },
          {
            "path": ":generator:compileJava",
            "outcome": "FROM_CACHE"
          },
          {
            "path": ":generator:jar",
            "outcome": "EXECUTED"
          },
          {
            "path": ":generator:processResources",
            "outcome": "NO_SOURCE"
          }
        ]
      },
      "controlHostPressure": {
        "available": true,
        "cpuSomeTotalUs": 108965,
        "memorySomeTotalUs": 2700,
        "memoryFullTotalUs": 2698,
        "ioSomeTotalUs": 33705638,
        "ioFullTotalUs": 28528288
      },
      "candidateHostPressure": {
        "available": true,
        "cpuSomeTotalUs": 25562,
        "memorySomeTotalUs": 73,
        "memoryFullTotalUs": 73,
        "ioSomeTotalUs": 10135939,
        "ioFullTotalUs": 8490252
      }
    },
    {
      "pair": 6,
      "order": "CANDIDATE_FIRST",
      "controlDurationMs": 40904,
      "candidateDurationMs": 13923,
      "savedMs": 26981,
      "controlRequiredOutputSha256": "cba648a05fa55946dd466792d6e7343de0558db00969d5307823e92f28e8c61a",
      "candidateRequiredOutputSha256": "cba648a05fa55946dd466792d6e7343de0558db00969d5307823e92f28e8c61a",
      "requiredOutputCount": 1,
      "productAttributableFailure": false,
      "controlLogSha256": "bdc711c46062f513a4c2e7a61192ad215957b651a99f43dc6b00945ec15258bc",
      "candidateLogSha256": "7a8b02f96ced033d1df07af2569f67a21b266851cf6a6483ab84a885e7155aca",
      "controlTaskOutcomes": {
        "total": 121,
        "executed": 67,
        "fromCache": 34,
        "upToDate": 9,
        "noSource": 10,
        "skipped": 1,
        "fingerprintSha256": "d6b36845e7f0948e0e1bd2b53b9fc8f3eb25a915f1c8a9df9e9093384defbf89",
        "tasks": [
          {
            "path": ":clients:classes",
            "outcome": "EXECUTED"
          },
          {
            "path": ":clients:compileJava",
            "outcome": "EXECUTED"
          },
          {
            "path": ":clients:compileTestJava",
            "outcome": "FROM_CACHE"
          },
          {
            "path": ":clients:createVersionFile",
            "outcome": "EXECUTED"
          },
          {
            "path": ":clients:jar",
            "outcome": "SKIPPED"
          },
          {
            "path": ":clients:processMessages",
            "outcome": "FROM_CACHE"
          },
          {
            "path": ":clients:processResources",
            "outcome": "EXECUTED"
          },
          {
            "path": ":clients:processTestMessages",
            "outcome": "FROM_CACHE"
          },
          {
            "path": ":clients:processTestResources",
            "outcome": "EXECUTED"
          },
          {
            "path": ":clients:shadowJar",
            "outcome": "EXECUTED"
          },
          {
            "path": ":clients:testClasses",
            "outcome": "EXECUTED"
          },
          {
            "path": ":connect:api:classes",
            "outcome": "EXECUTED"
          },
          {
            "path": ":connect:api:compileJava",
            "outcome": "FROM_CACHE"
          },
          {
            "path": ":connect:api:copyDependantLibs",
            "outcome": "EXECUTED"
          },
          {
            "path": ":connect:api:jar",
            "outcome": "EXECUTED"
          },
          {
            "path": ":connect:api:processResources",
            "outcome": "EXECUTED"
          },
          {
            "path": ":connect:json:classes",
            "outcome": "EXECUTED"
          },
          {
            "path": ":connect:json:compileJava",
            "outcome": "FROM_CACHE"
          },
          {
            "path": ":connect:json:copyDependantLibs",
            "outcome": "EXECUTED"
          },
          {
            "path": ":connect:json:jar",
            "outcome": "EXECUTED"
          },
          {
            "path": ":connect:json:processResources",
            "outcome": "EXECUTED"
          },
          {
            "path": ":connect:transforms:classes",
            "outcome": "EXECUTED"
          },
          {
            "path": ":connect:transforms:compileJava",
            "outcome": "FROM_CACHE"
          },
          {
            "path": ":connect:transforms:copyDependantLibs",
            "outcome": "EXECUTED"
          },
          {
            "path": ":connect:transforms:jar",
            "outcome": "EXECUTED"
          },
          {
            "path": ":connect:transforms:processResources",
            "outcome": "EXECUTED"
          },
          {
            "path": ":coordinator-common:classes",
            "outcome": "UP_TO_DATE"
          },
          {
            "path": ":coordinator-common:compileJava",
            "outcome": "FROM_CACHE"
          },
          {
            "path": ":coordinator-common:compileTestJava",
            "outcome": "FROM_CACHE"
          },
          {
            "path": ":coordinator-common:jar",
            "outcome": "EXECUTED"
          },
          {
            "path": ":coordinator-common:processResources",
            "outcome": "NO_SOURCE"
          },
          {
            "path": ":coordinator-common:processTestResources",
            "outcome": "EXECUTED"
          },
          {
            "path": ":coordinator-common:testClasses",
            "outcome": "EXECUTED"
          },
          {
            "path": ":core:classes",
            "outcome": "UP_TO_DATE"
          },
          {
            "path": ":core:compileJava",
            "outcome": "NO_SOURCE"
          },
          {
            "path": ":core:compileScala",
            "outcome": "FROM_CACHE"
          },
          {
            "path": ":core:copyDependantLibs",
            "outcome": "EXECUTED"
          },
          {
            "path": ":core:jar",
            "outcome": "EXECUTED"
          },
          {
            "path": ":core:processResources",
            "outcome": "NO_SOURCE"
          },
          {
            "path": ":generator:classes",
            "outcome": "UP_TO_DATE"
          },
          {
            "path": ":generator:compileJava",
            "outcome": "FROM_CACHE"
          },
          {
            "path": ":generator:jar",
            "outcome": "EXECUTED"
          },
          {
            "path": ":generator:processResources",
            "outcome": "NO_SOURCE"
          },
          {
            "path": ":group-coordinator:classes",
            "outcome": "EXECUTED"
          },
          {
            "path": ":group-coordinator:compileJava",
            "outcome": "FROM_CACHE"
          },
          {
            "path": ":group-coordinator:group-coordinator-api:classes",
            "outcome": "UP_TO_DATE"
          },
          {
            "path": ":group-coordinator:group-coordinator-api:compileJava",
            "outcome": "FROM_CACHE"
          },
          {
            "path": ":group-coordinator:group-coordinator-api:createVersionFile",
            "outcome": "EXECUTED"
          },
          {
            "path": ":group-coordinator:group-coordinator-api:jar",
            "outcome": "EXECUTED"
          },
          {
            "path": ":group-coordinator:group-coordinator-api:processResources",
            "outcome": "NO_SOURCE"
          },
          {
            "path": ":group-coordinator:jar",
            "outcome": "EXECUTED"
          },
          {
            "path": ":group-coordinator:processMessages",
            "outcome": "FROM_CACHE"
          },
          {
            "path": ":group-coordinator:processResources",
            "outcome": "EXECUTED"
          },
          {
            "path": ":jmh-benchmarks:classes",
            "outcome": "UP_TO_DATE"
          },
          {
            "path": ":jmh-benchmarks:compileJava",
            "outcome": "FROM_CACHE"
          },
          {
            "path": ":jmh-benchmarks:processResources",
            "outcome": "NO_SOURCE"
          },
          {
            "path": ":jmh-benchmarks:shadowJar",
            "outcome": "EXECUTED"
          },
          {
            "path": ":metadata:classes",
            "outcome": "EXECUTED"
          },
          {
            "path": ":metadata:compileJava",
            "outcome": "FROM_CACHE"
          },
          {
            "path": ":metadata:compileTestJava",
            "outcome": "FROM_CACHE"
          },
          {
            "path": ":metadata:jar",
            "outcome": "EXECUTED"
          },
          {
            "path": ":metadata:processMessages",
            "outcome": "FROM_CACHE"
          },
          {
            "path": ":metadata:processResources",
            "outcome": "EXECUTED"
          },
          {
            "path": ":metadata:processTestResources",
            "outcome": "EXECUTED"
          },
          {
            "path": ":metadata:testClasses",
            "outcome": "EXECUTED"
          },
          {
            "path": ":raft:classes",
            "outcome": "EXECUTED"
          },
          {
            "path": ":raft:compileJava",
            "outcome": "FROM_CACHE"
          },
          {
            "path": ":raft:compileTestJava",
            "outcome": "FROM_CACHE"
          },
          {
            "path": ":raft:createVersionFile",
            "outcome": "EXECUTED"
          },
          {
            "path": ":raft:jar",
            "outcome": "EXECUTED"
          },
          {
            "path": ":raft:processMessages",
            "outcome": "FROM_CACHE"
          },
          {
            "path": ":raft:processResources",
            "outcome": "EXECUTED"
          },
          {
            "path": ":raft:processTestResources",
            "outcome": "EXECUTED"
          },
          {
            "path": ":raft:testClasses",
            "outcome": "EXECUTED"
          },
          {
            "path": ":server-common:classes",
            "outcome": "UP_TO_DATE"
          },
          {
            "path": ":server-common:compileJava",
            "outcome": "FROM_CACHE"
          },
          {
            "path": ":server-common:compileTestJava",
            "outcome": "FROM_CACHE"
          },
          {
            "path": ":server-common:createVersionFile",
            "outcome": "EXECUTED"
          },
          {
            "path": ":server-common:jar",
            "outcome": "EXECUTED"
          },
          {
            "path": ":server-common:processResources",
            "outcome": "NO_SOURCE"
          },
          {
            "path": ":server-common:processTestResources",
            "outcome": "EXECUTED"
          },
          {
            "path": ":server-common:testClasses",
            "outcome": "EXECUTED"
          },
          {
            "path": ":server:classes",
            "outcome": "UP_TO_DATE"
          },
          {
            "path": ":server:compileJava",
            "outcome": "FROM_CACHE"
          },
          {
            "path": ":server:createVersionFile",
            "outcome": "EXECUTED"
          },
          {
            "path": ":server:jar",
            "outcome": "EXECUTED"
          },
          {
            "path": ":server:processResources",
            "outcome": "NO_SOURCE"
          },
          {
            "path": ":share-coordinator:classes",
            "outcome": "EXECUTED"
          },
          {
            "path": ":share-coordinator:compileJava",
            "outcome": "FROM_CACHE"
          },
          {
            "path": ":share-coordinator:jar",
            "outcome": "EXECUTED"
          },
          {
            "path": ":share-coordinator:processMessages",
            "outcome": "FROM_CACHE"
          },
          {
            "path": ":share-coordinator:processResources",
            "outcome": "EXECUTED"
          },
          {
            "path": ":storage:classes",
            "outcome": "EXECUTED"
          },
          {
            "path": ":storage:compileJava",
            "outcome": "FROM_CACHE"
          },
          {
            "path": ":storage:createVersionFile",
            "outcome": "EXECUTED"
          },
          {
            "path": ":storage:jar",
            "outcome": "EXECUTED"
          },
          {
            "path": ":storage:processMessages",
            "outcome": "FROM_CACHE"
          },
          {
            "path": ":storage:processResources",
            "outcome": "EXECUTED"
          },
          {
            "path": ":storage:storage-api:classes",
            "outcome": "UP_TO_DATE"
          },
          {
            "path": ":storage:storage-api:compileJava",
            "outcome": "FROM_CACHE"
          },
          {
            "path": ":storage:storage-api:createVersionFile",
            "outcome": "EXECUTED"
          },
          {
            "path": ":storage:storage-api:jar",
            "outcome": "EXECUTED"
          },
          {
            "path": ":storage:storage-api:processResources",
            "outcome": "NO_SOURCE"
          },
          {
            "path": ":streams:classes",
            "outcome": "EXECUTED"
          },
          {
            "path": ":streams:compileJava",
            "outcome": "FROM_CACHE"
          },
          {
            "path": ":streams:copyDependantLibs",
            "outcome": "EXECUTED"
          },
          {
            "path": ":streams:createStreamsVersionFile",
            "outcome": "EXECUTED"
          },
          {
            "path": ":streams:jar",
            "outcome": "EXECUTED"
          },
          {
            "path": ":streams:processMessages",
            "outcome": "FROM_CACHE"
          },
          {
            "path": ":streams:processResources",
            "outcome": "EXECUTED"
          },
          {
            "path": ":test-common:test-common-util:compileJava",
            "outcome": "FROM_CACHE"
          },
          {
            "path": ":tools:tools-api:classes",
            "outcome": "UP_TO_DATE"
          },
          {
            "path": ":tools:tools-api:compileJava",
            "outcome": "FROM_CACHE"
          },
          {
            "path": ":tools:tools-api:createVersionFile",
            "outcome": "EXECUTED"
          },
          {
            "path": ":tools:tools-api:jar",
            "outcome": "EXECUTED"
          },
          {
            "path": ":tools:tools-api:processResources",
            "outcome": "NO_SOURCE"
          },
          {
            "path": ":transaction-coordinator:classes",
            "outcome": "EXECUTED"
          },
          {
            "path": ":transaction-coordinator:compileJava",
            "outcome": "FROM_CACHE"
          },
          {
            "path": ":transaction-coordinator:jar",
            "outcome": "EXECUTED"
          },
          {
            "path": ":transaction-coordinator:processMessages",
            "outcome": "FROM_CACHE"
          },
          {
            "path": ":transaction-coordinator:processResources",
            "outcome": "EXECUTED"
          }
        ]
      },
      "candidateTaskOutcomes": {
        "total": 10,
        "executed": 6,
        "fromCache": 2,
        "upToDate": 1,
        "noSource": 1,
        "skipped": 0,
        "fingerprintSha256": "a026be126dcf504181d183b2e72ba4ad24a60930ce1d1846e6d96ceada98296b",
        "tasks": [
          {
            "path": ":clients:classes",
            "outcome": "EXECUTED"
          },
          {
            "path": ":clients:compileJava",
            "outcome": "EXECUTED"
          },
          {
            "path": ":clients:createVersionFile",
            "outcome": "EXECUTED"
          },
          {
            "path": ":clients:processMessages",
            "outcome": "FROM_CACHE"
          },
          {
            "path": ":clients:processResources",
            "outcome": "EXECUTED"
          },
          {
            "path": ":clients:shadowJar",
            "outcome": "EXECUTED"
          },
          {
            "path": ":generator:classes",
            "outcome": "UP_TO_DATE"
          },
          {
            "path": ":generator:compileJava",
            "outcome": "FROM_CACHE"
          },
          {
            "path": ":generator:jar",
            "outcome": "EXECUTED"
          },
          {
            "path": ":generator:processResources",
            "outcome": "NO_SOURCE"
          }
        ]
      },
      "controlHostPressure": {
        "available": true,
        "cpuSomeTotalUs": 94831,
        "memorySomeTotalUs": 4577,
        "memoryFullTotalUs": 4577,
        "ioSomeTotalUs": 32646240,
        "ioFullTotalUs": 27363208
      },
      "candidateHostPressure": {
        "available": true,
        "cpuSomeTotalUs": 33670,
        "memorySomeTotalUs": 0,
        "memoryFullTotalUs": 0,
        "ioSomeTotalUs": 10682874,
        "ioFullTotalUs": 9427137
      }
    },
    {
      "pair": 7,
      "order": "CONTROL_FIRST",
      "controlDurationMs": 40810,
      "candidateDurationMs": 13331,
      "savedMs": 27479,
      "controlRequiredOutputSha256": "cba648a05fa55946dd466792d6e7343de0558db00969d5307823e92f28e8c61a",
      "candidateRequiredOutputSha256": "cba648a05fa55946dd466792d6e7343de0558db00969d5307823e92f28e8c61a",
      "requiredOutputCount": 1,
      "productAttributableFailure": false,
      "controlLogSha256": "d0cefab841f668649fab4ed669fe573b022f13935aba82dbf47f11b26e267204",
      "candidateLogSha256": "0ab02db543440e35dfbedfd96cc622123ff400ebebb4732e746d095af9e5e291",
      "controlTaskOutcomes": {
        "total": 121,
        "executed": 67,
        "fromCache": 34,
        "upToDate": 9,
        "noSource": 10,
        "skipped": 1,
        "fingerprintSha256": "d6b36845e7f0948e0e1bd2b53b9fc8f3eb25a915f1c8a9df9e9093384defbf89",
        "tasks": [
          {
            "path": ":clients:classes",
            "outcome": "EXECUTED"
          },
          {
            "path": ":clients:compileJava",
            "outcome": "EXECUTED"
          },
          {
            "path": ":clients:compileTestJava",
            "outcome": "FROM_CACHE"
          },
          {
            "path": ":clients:createVersionFile",
            "outcome": "EXECUTED"
          },
          {
            "path": ":clients:jar",
            "outcome": "SKIPPED"
          },
          {
            "path": ":clients:processMessages",
            "outcome": "FROM_CACHE"
          },
          {
            "path": ":clients:processResources",
            "outcome": "EXECUTED"
          },
          {
            "path": ":clients:processTestMessages",
            "outcome": "FROM_CACHE"
          },
          {
            "path": ":clients:processTestResources",
            "outcome": "EXECUTED"
          },
          {
            "path": ":clients:shadowJar",
            "outcome": "EXECUTED"
          },
          {
            "path": ":clients:testClasses",
            "outcome": "EXECUTED"
          },
          {
            "path": ":connect:api:classes",
            "outcome": "EXECUTED"
          },
          {
            "path": ":connect:api:compileJava",
            "outcome": "FROM_CACHE"
          },
          {
            "path": ":connect:api:copyDependantLibs",
            "outcome": "EXECUTED"
          },
          {
            "path": ":connect:api:jar",
            "outcome": "EXECUTED"
          },
          {
            "path": ":connect:api:processResources",
            "outcome": "EXECUTED"
          },
          {
            "path": ":connect:json:classes",
            "outcome": "EXECUTED"
          },
          {
            "path": ":connect:json:compileJava",
            "outcome": "FROM_CACHE"
          },
          {
            "path": ":connect:json:copyDependantLibs",
            "outcome": "EXECUTED"
          },
          {
            "path": ":connect:json:jar",
            "outcome": "EXECUTED"
          },
          {
            "path": ":connect:json:processResources",
            "outcome": "EXECUTED"
          },
          {
            "path": ":connect:transforms:classes",
            "outcome": "EXECUTED"
          },
          {
            "path": ":connect:transforms:compileJava",
            "outcome": "FROM_CACHE"
          },
          {
            "path": ":connect:transforms:copyDependantLibs",
            "outcome": "EXECUTED"
          },
          {
            "path": ":connect:transforms:jar",
            "outcome": "EXECUTED"
          },
          {
            "path": ":connect:transforms:processResources",
            "outcome": "EXECUTED"
          },
          {
            "path": ":coordinator-common:classes",
            "outcome": "UP_TO_DATE"
          },
          {
            "path": ":coordinator-common:compileJava",
            "outcome": "FROM_CACHE"
          },
          {
            "path": ":coordinator-common:compileTestJava",
            "outcome": "FROM_CACHE"
          },
          {
            "path": ":coordinator-common:jar",
            "outcome": "EXECUTED"
          },
          {
            "path": ":coordinator-common:processResources",
            "outcome": "NO_SOURCE"
          },
          {
            "path": ":coordinator-common:processTestResources",
            "outcome": "EXECUTED"
          },
          {
            "path": ":coordinator-common:testClasses",
            "outcome": "EXECUTED"
          },
          {
            "path": ":core:classes",
            "outcome": "UP_TO_DATE"
          },
          {
            "path": ":core:compileJava",
            "outcome": "NO_SOURCE"
          },
          {
            "path": ":core:compileScala",
            "outcome": "FROM_CACHE"
          },
          {
            "path": ":core:copyDependantLibs",
            "outcome": "EXECUTED"
          },
          {
            "path": ":core:jar",
            "outcome": "EXECUTED"
          },
          {
            "path": ":core:processResources",
            "outcome": "NO_SOURCE"
          },
          {
            "path": ":generator:classes",
            "outcome": "UP_TO_DATE"
          },
          {
            "path": ":generator:compileJava",
            "outcome": "FROM_CACHE"
          },
          {
            "path": ":generator:jar",
            "outcome": "EXECUTED"
          },
          {
            "path": ":generator:processResources",
            "outcome": "NO_SOURCE"
          },
          {
            "path": ":group-coordinator:classes",
            "outcome": "EXECUTED"
          },
          {
            "path": ":group-coordinator:compileJava",
            "outcome": "FROM_CACHE"
          },
          {
            "path": ":group-coordinator:group-coordinator-api:classes",
            "outcome": "UP_TO_DATE"
          },
          {
            "path": ":group-coordinator:group-coordinator-api:compileJava",
            "outcome": "FROM_CACHE"
          },
          {
            "path": ":group-coordinator:group-coordinator-api:createVersionFile",
            "outcome": "EXECUTED"
          },
          {
            "path": ":group-coordinator:group-coordinator-api:jar",
            "outcome": "EXECUTED"
          },
          {
            "path": ":group-coordinator:group-coordinator-api:processResources",
            "outcome": "NO_SOURCE"
          },
          {
            "path": ":group-coordinator:jar",
            "outcome": "EXECUTED"
          },
          {
            "path": ":group-coordinator:processMessages",
            "outcome": "FROM_CACHE"
          },
          {
            "path": ":group-coordinator:processResources",
            "outcome": "EXECUTED"
          },
          {
            "path": ":jmh-benchmarks:classes",
            "outcome": "UP_TO_DATE"
          },
          {
            "path": ":jmh-benchmarks:compileJava",
            "outcome": "FROM_CACHE"
          },
          {
            "path": ":jmh-benchmarks:processResources",
            "outcome": "NO_SOURCE"
          },
          {
            "path": ":jmh-benchmarks:shadowJar",
            "outcome": "EXECUTED"
          },
          {
            "path": ":metadata:classes",
            "outcome": "EXECUTED"
          },
          {
            "path": ":metadata:compileJava",
            "outcome": "FROM_CACHE"
          },
          {
            "path": ":metadata:compileTestJava",
            "outcome": "FROM_CACHE"
          },
          {
            "path": ":metadata:jar",
            "outcome": "EXECUTED"
          },
          {
            "path": ":metadata:processMessages",
            "outcome": "FROM_CACHE"
          },
          {
            "path": ":metadata:processResources",
            "outcome": "EXECUTED"
          },
          {
            "path": ":metadata:processTestResources",
            "outcome": "EXECUTED"
          },
          {
            "path": ":metadata:testClasses",
            "outcome": "EXECUTED"
          },
          {
            "path": ":raft:classes",
            "outcome": "EXECUTED"
          },
          {
            "path": ":raft:compileJava",
            "outcome": "FROM_CACHE"
          },
          {
            "path": ":raft:compileTestJava",
            "outcome": "FROM_CACHE"
          },
          {
            "path": ":raft:createVersionFile",
            "outcome": "EXECUTED"
          },
          {
            "path": ":raft:jar",
            "outcome": "EXECUTED"
          },
          {
            "path": ":raft:processMessages",
            "outcome": "FROM_CACHE"
          },
          {
            "path": ":raft:processResources",
            "outcome": "EXECUTED"
          },
          {
            "path": ":raft:processTestResources",
            "outcome": "EXECUTED"
          },
          {
            "path": ":raft:testClasses",
            "outcome": "EXECUTED"
          },
          {
            "path": ":server-common:classes",
            "outcome": "UP_TO_DATE"
          },
          {
            "path": ":server-common:compileJava",
            "outcome": "FROM_CACHE"
          },
          {
            "path": ":server-common:compileTestJava",
            "outcome": "FROM_CACHE"
          },
          {
            "path": ":server-common:createVersionFile",
            "outcome": "EXECUTED"
          },
          {
            "path": ":server-common:jar",
            "outcome": "EXECUTED"
          },
          {
            "path": ":server-common:processResources",
            "outcome": "NO_SOURCE"
          },
          {
            "path": ":server-common:processTestResources",
            "outcome": "EXECUTED"
          },
          {
            "path": ":server-common:testClasses",
            "outcome": "EXECUTED"
          },
          {
            "path": ":server:classes",
            "outcome": "UP_TO_DATE"
          },
          {
            "path": ":server:compileJava",
            "outcome": "FROM_CACHE"
          },
          {
            "path": ":server:createVersionFile",
            "outcome": "EXECUTED"
          },
          {
            "path": ":server:jar",
            "outcome": "EXECUTED"
          },
          {
            "path": ":server:processResources",
            "outcome": "NO_SOURCE"
          },
          {
            "path": ":share-coordinator:classes",
            "outcome": "EXECUTED"
          },
          {
            "path": ":share-coordinator:compileJava",
            "outcome": "FROM_CACHE"
          },
          {
            "path": ":share-coordinator:jar",
            "outcome": "EXECUTED"
          },
          {
            "path": ":share-coordinator:processMessages",
            "outcome": "FROM_CACHE"
          },
          {
            "path": ":share-coordinator:processResources",
            "outcome": "EXECUTED"
          },
          {
            "path": ":storage:classes",
            "outcome": "EXECUTED"
          },
          {
            "path": ":storage:compileJava",
            "outcome": "FROM_CACHE"
          },
          {
            "path": ":storage:createVersionFile",
            "outcome": "EXECUTED"
          },
          {
            "path": ":storage:jar",
            "outcome": "EXECUTED"
          },
          {
            "path": ":storage:processMessages",
            "outcome": "FROM_CACHE"
          },
          {
            "path": ":storage:processResources",
            "outcome": "EXECUTED"
          },
          {
            "path": ":storage:storage-api:classes",
            "outcome": "UP_TO_DATE"
          },
          {
            "path": ":storage:storage-api:compileJava",
            "outcome": "FROM_CACHE"
          },
          {
            "path": ":storage:storage-api:createVersionFile",
            "outcome": "EXECUTED"
          },
          {
            "path": ":storage:storage-api:jar",
            "outcome": "EXECUTED"
          },
          {
            "path": ":storage:storage-api:processResources",
            "outcome": "NO_SOURCE"
          },
          {
            "path": ":streams:classes",
            "outcome": "EXECUTED"
          },
          {
            "path": ":streams:compileJava",
            "outcome": "FROM_CACHE"
          },
          {
            "path": ":streams:copyDependantLibs",
            "outcome": "EXECUTED"
          },
          {
            "path": ":streams:createStreamsVersionFile",
            "outcome": "EXECUTED"
          },
          {
            "path": ":streams:jar",
            "outcome": "EXECUTED"
          },
          {
            "path": ":streams:processMessages",
            "outcome": "FROM_CACHE"
          },
          {
            "path": ":streams:processResources",
            "outcome": "EXECUTED"
          },
          {
            "path": ":test-common:test-common-util:compileJava",
            "outcome": "FROM_CACHE"
          },
          {
            "path": ":tools:tools-api:classes",
            "outcome": "UP_TO_DATE"
          },
          {
            "path": ":tools:tools-api:compileJava",
            "outcome": "FROM_CACHE"
          },
          {
            "path": ":tools:tools-api:createVersionFile",
            "outcome": "EXECUTED"
          },
          {
            "path": ":tools:tools-api:jar",
            "outcome": "EXECUTED"
          },
          {
            "path": ":tools:tools-api:processResources",
            "outcome": "NO_SOURCE"
          },
          {
            "path": ":transaction-coordinator:classes",
            "outcome": "EXECUTED"
          },
          {
            "path": ":transaction-coordinator:compileJava",
            "outcome": "FROM_CACHE"
          },
          {
            "path": ":transaction-coordinator:jar",
            "outcome": "EXECUTED"
          },
          {
            "path": ":transaction-coordinator:processMessages",
            "outcome": "FROM_CACHE"
          },
          {
            "path": ":transaction-coordinator:processResources",
            "outcome": "EXECUTED"
          }
        ]
      },
      "candidateTaskOutcomes": {
        "total": 10,
        "executed": 6,
        "fromCache": 2,
        "upToDate": 1,
        "noSource": 1,
        "skipped": 0,
        "fingerprintSha256": "a026be126dcf504181d183b2e72ba4ad24a60930ce1d1846e6d96ceada98296b",
        "tasks": [
          {
            "path": ":clients:classes",
            "outcome": "EXECUTED"
          },
          {
            "path": ":clients:compileJava",
            "outcome": "EXECUTED"
          },
          {
            "path": ":clients:createVersionFile",
            "outcome": "EXECUTED"
          },
          {
            "path": ":clients:processMessages",
            "outcome": "FROM_CACHE"
          },
          {
            "path": ":clients:processResources",
            "outcome": "EXECUTED"
          },
          {
            "path": ":clients:shadowJar",
            "outcome": "EXECUTED"
          },
          {
            "path": ":generator:classes",
            "outcome": "UP_TO_DATE"
          },
          {
            "path": ":generator:compileJava",
            "outcome": "FROM_CACHE"
          },
          {
            "path": ":generator:jar",
            "outcome": "EXECUTED"
          },
          {
            "path": ":generator:processResources",
            "outcome": "NO_SOURCE"
          }
        ]
      },
      "controlHostPressure": {
        "available": true,
        "cpuSomeTotalUs": 81461,
        "memorySomeTotalUs": 10536,
        "memoryFullTotalUs": 10467,
        "ioSomeTotalUs": 33606030,
        "ioFullTotalUs": 28087952
      },
      "candidateHostPressure": {
        "available": true,
        "cpuSomeTotalUs": 35708,
        "memorySomeTotalUs": 26084,
        "memoryFullTotalUs": 25883,
        "ioSomeTotalUs": 10724737,
        "ioFullTotalUs": 8420221
      }
    },
    {
      "pair": 8,
      "order": "CANDIDATE_FIRST",
      "controlDurationMs": 42303,
      "candidateDurationMs": 13320,
      "savedMs": 28983,
      "controlRequiredOutputSha256": "cba648a05fa55946dd466792d6e7343de0558db00969d5307823e92f28e8c61a",
      "candidateRequiredOutputSha256": "cba648a05fa55946dd466792d6e7343de0558db00969d5307823e92f28e8c61a",
      "requiredOutputCount": 1,
      "productAttributableFailure": false,
      "controlLogSha256": "e473296c6338ff6b81050456c05c4f01fb246913855d10d76a2456d69f3bcb30",
      "candidateLogSha256": "7a8b02f96ced033d1df07af2569f67a21b266851cf6a6483ab84a885e7155aca",
      "controlTaskOutcomes": {
        "total": 121,
        "executed": 67,
        "fromCache": 34,
        "upToDate": 9,
        "noSource": 10,
        "skipped": 1,
        "fingerprintSha256": "d6b36845e7f0948e0e1bd2b53b9fc8f3eb25a915f1c8a9df9e9093384defbf89",
        "tasks": [
          {
            "path": ":clients:classes",
            "outcome": "EXECUTED"
          },
          {
            "path": ":clients:compileJava",
            "outcome": "EXECUTED"
          },
          {
            "path": ":clients:compileTestJava",
            "outcome": "FROM_CACHE"
          },
          {
            "path": ":clients:createVersionFile",
            "outcome": "EXECUTED"
          },
          {
            "path": ":clients:jar",
            "outcome": "SKIPPED"
          },
          {
            "path": ":clients:processMessages",
            "outcome": "FROM_CACHE"
          },
          {
            "path": ":clients:processResources",
            "outcome": "EXECUTED"
          },
          {
            "path": ":clients:processTestMessages",
            "outcome": "FROM_CACHE"
          },
          {
            "path": ":clients:processTestResources",
            "outcome": "EXECUTED"
          },
          {
            "path": ":clients:shadowJar",
            "outcome": "EXECUTED"
          },
          {
            "path": ":clients:testClasses",
            "outcome": "EXECUTED"
          },
          {
            "path": ":connect:api:classes",
            "outcome": "EXECUTED"
          },
          {
            "path": ":connect:api:compileJava",
            "outcome": "FROM_CACHE"
          },
          {
            "path": ":connect:api:copyDependantLibs",
            "outcome": "EXECUTED"
          },
          {
            "path": ":connect:api:jar",
            "outcome": "EXECUTED"
          },
          {
            "path": ":connect:api:processResources",
            "outcome": "EXECUTED"
          },
          {
            "path": ":connect:json:classes",
            "outcome": "EXECUTED"
          },
          {
            "path": ":connect:json:compileJava",
            "outcome": "FROM_CACHE"
          },
          {
            "path": ":connect:json:copyDependantLibs",
            "outcome": "EXECUTED"
          },
          {
            "path": ":connect:json:jar",
            "outcome": "EXECUTED"
          },
          {
            "path": ":connect:json:processResources",
            "outcome": "EXECUTED"
          },
          {
            "path": ":connect:transforms:classes",
            "outcome": "EXECUTED"
          },
          {
            "path": ":connect:transforms:compileJava",
            "outcome": "FROM_CACHE"
          },
          {
            "path": ":connect:transforms:copyDependantLibs",
            "outcome": "EXECUTED"
          },
          {
            "path": ":connect:transforms:jar",
            "outcome": "EXECUTED"
          },
          {
            "path": ":connect:transforms:processResources",
            "outcome": "EXECUTED"
          },
          {
            "path": ":coordinator-common:classes",
            "outcome": "UP_TO_DATE"
          },
          {
            "path": ":coordinator-common:compileJava",
            "outcome": "FROM_CACHE"
          },
          {
            "path": ":coordinator-common:compileTestJava",
            "outcome": "FROM_CACHE"
          },
          {
            "path": ":coordinator-common:jar",
            "outcome": "EXECUTED"
          },
          {
            "path": ":coordinator-common:processResources",
            "outcome": "NO_SOURCE"
          },
          {
            "path": ":coordinator-common:processTestResources",
            "outcome": "EXECUTED"
          },
          {
            "path": ":coordinator-common:testClasses",
            "outcome": "EXECUTED"
          },
          {
            "path": ":core:classes",
            "outcome": "UP_TO_DATE"
          },
          {
            "path": ":core:compileJava",
            "outcome": "NO_SOURCE"
          },
          {
            "path": ":core:compileScala",
            "outcome": "FROM_CACHE"
          },
          {
            "path": ":core:copyDependantLibs",
            "outcome": "EXECUTED"
          },
          {
            "path": ":core:jar",
            "outcome": "EXECUTED"
          },
          {
            "path": ":core:processResources",
            "outcome": "NO_SOURCE"
          },
          {
            "path": ":generator:classes",
            "outcome": "UP_TO_DATE"
          },
          {
            "path": ":generator:compileJava",
            "outcome": "FROM_CACHE"
          },
          {
            "path": ":generator:jar",
            "outcome": "EXECUTED"
          },
          {
            "path": ":generator:processResources",
            "outcome": "NO_SOURCE"
          },
          {
            "path": ":group-coordinator:classes",
            "outcome": "EXECUTED"
          },
          {
            "path": ":group-coordinator:compileJava",
            "outcome": "FROM_CACHE"
          },
          {
            "path": ":group-coordinator:group-coordinator-api:classes",
            "outcome": "UP_TO_DATE"
          },
          {
            "path": ":group-coordinator:group-coordinator-api:compileJava",
            "outcome": "FROM_CACHE"
          },
          {
            "path": ":group-coordinator:group-coordinator-api:createVersionFile",
            "outcome": "EXECUTED"
          },
          {
            "path": ":group-coordinator:group-coordinator-api:jar",
            "outcome": "EXECUTED"
          },
          {
            "path": ":group-coordinator:group-coordinator-api:processResources",
            "outcome": "NO_SOURCE"
          },
          {
            "path": ":group-coordinator:jar",
            "outcome": "EXECUTED"
          },
          {
            "path": ":group-coordinator:processMessages",
            "outcome": "FROM_CACHE"
          },
          {
            "path": ":group-coordinator:processResources",
            "outcome": "EXECUTED"
          },
          {
            "path": ":jmh-benchmarks:classes",
            "outcome": "UP_TO_DATE"
          },
          {
            "path": ":jmh-benchmarks:compileJava",
            "outcome": "FROM_CACHE"
          },
          {
            "path": ":jmh-benchmarks:processResources",
            "outcome": "NO_SOURCE"
          },
          {
            "path": ":jmh-benchmarks:shadowJar",
            "outcome": "EXECUTED"
          },
          {
            "path": ":metadata:classes",
            "outcome": "EXECUTED"
          },
          {
            "path": ":metadata:compileJava",
            "outcome": "FROM_CACHE"
          },
          {
            "path": ":metadata:compileTestJava",
            "outcome": "FROM_CACHE"
          },
          {
            "path": ":metadata:jar",
            "outcome": "EXECUTED"
          },
          {
            "path": ":metadata:processMessages",
            "outcome": "FROM_CACHE"
          },
          {
            "path": ":metadata:processResources",
            "outcome": "EXECUTED"
          },
          {
            "path": ":metadata:processTestResources",
            "outcome": "EXECUTED"
          },
          {
            "path": ":metadata:testClasses",
            "outcome": "EXECUTED"
          },
          {
            "path": ":raft:classes",
            "outcome": "EXECUTED"
          },
          {
            "path": ":raft:compileJava",
            "outcome": "FROM_CACHE"
          },
          {
            "path": ":raft:compileTestJava",
            "outcome": "FROM_CACHE"
          },
          {
            "path": ":raft:createVersionFile",
            "outcome": "EXECUTED"
          },
          {
            "path": ":raft:jar",
            "outcome": "EXECUTED"
          },
          {
            "path": ":raft:processMessages",
            "outcome": "FROM_CACHE"
          },
          {
            "path": ":raft:processResources",
            "outcome": "EXECUTED"
          },
          {
            "path": ":raft:processTestResources",
            "outcome": "EXECUTED"
          },
          {
            "path": ":raft:testClasses",
            "outcome": "EXECUTED"
          },
          {
            "path": ":server-common:classes",
            "outcome": "UP_TO_DATE"
          },
          {
            "path": ":server-common:compileJava",
            "outcome": "FROM_CACHE"
          },
          {
            "path": ":server-common:compileTestJava",
            "outcome": "FROM_CACHE"
          },
          {
            "path": ":server-common:createVersionFile",
            "outcome": "EXECUTED"
          },
          {
            "path": ":server-common:jar",
            "outcome": "EXECUTED"
          },
          {
            "path": ":server-common:processResources",
            "outcome": "NO_SOURCE"
          },
          {
            "path": ":server-common:processTestResources",
            "outcome": "EXECUTED"
          },
          {
            "path": ":server-common:testClasses",
            "outcome": "EXECUTED"
          },
          {
            "path": ":server:classes",
            "outcome": "UP_TO_DATE"
          },
          {
            "path": ":server:compileJava",
            "outcome": "FROM_CACHE"
          },
          {
            "path": ":server:createVersionFile",
            "outcome": "EXECUTED"
          },
          {
            "path": ":server:jar",
            "outcome": "EXECUTED"
          },
          {
            "path": ":server:processResources",
            "outcome": "NO_SOURCE"
          },
          {
            "path": ":share-coordinator:classes",
            "outcome": "EXECUTED"
          },
          {
            "path": ":share-coordinator:compileJava",
            "outcome": "FROM_CACHE"
          },
          {
            "path": ":share-coordinator:jar",
            "outcome": "EXECUTED"
          },
          {
            "path": ":share-coordinator:processMessages",
            "outcome": "FROM_CACHE"
          },
          {
            "path": ":share-coordinator:processResources",
            "outcome": "EXECUTED"
          },
          {
            "path": ":storage:classes",
            "outcome": "EXECUTED"
          },
          {
            "path": ":storage:compileJava",
            "outcome": "FROM_CACHE"
          },
          {
            "path": ":storage:createVersionFile",
            "outcome": "EXECUTED"
          },
          {
            "path": ":storage:jar",
            "outcome": "EXECUTED"
          },
          {
            "path": ":storage:processMessages",
            "outcome": "FROM_CACHE"
          },
          {
            "path": ":storage:processResources",
            "outcome": "EXECUTED"
          },
          {
            "path": ":storage:storage-api:classes",
            "outcome": "UP_TO_DATE"
          },
          {
            "path": ":storage:storage-api:compileJava",
            "outcome": "FROM_CACHE"
          },
          {
            "path": ":storage:storage-api:createVersionFile",
            "outcome": "EXECUTED"
          },
          {
            "path": ":storage:storage-api:jar",
            "outcome": "EXECUTED"
          },
          {
            "path": ":storage:storage-api:processResources",
            "outcome": "NO_SOURCE"
          },
          {
            "path": ":streams:classes",
            "outcome": "EXECUTED"
          },
          {
            "path": ":streams:compileJava",
            "outcome": "FROM_CACHE"
          },
          {
            "path": ":streams:copyDependantLibs",
            "outcome": "EXECUTED"
          },
          {
            "path": ":streams:createStreamsVersionFile",
            "outcome": "EXECUTED"
          },
          {
            "path": ":streams:jar",
            "outcome": "EXECUTED"
          },
          {
            "path": ":streams:processMessages",
            "outcome": "FROM_CACHE"
          },
          {
            "path": ":streams:processResources",
            "outcome": "EXECUTED"
          },
          {
            "path": ":test-common:test-common-util:compileJava",
            "outcome": "FROM_CACHE"
          },
          {
            "path": ":tools:tools-api:classes",
            "outcome": "UP_TO_DATE"
          },
          {
            "path": ":tools:tools-api:compileJava",
            "outcome": "FROM_CACHE"
          },
          {
            "path": ":tools:tools-api:createVersionFile",
            "outcome": "EXECUTED"
          },
          {
            "path": ":tools:tools-api:jar",
            "outcome": "EXECUTED"
          },
          {
            "path": ":tools:tools-api:processResources",
            "outcome": "NO_SOURCE"
          },
          {
            "path": ":transaction-coordinator:classes",
            "outcome": "EXECUTED"
          },
          {
            "path": ":transaction-coordinator:compileJava",
            "outcome": "FROM_CACHE"
          },
          {
            "path": ":transaction-coordinator:jar",
            "outcome": "EXECUTED"
          },
          {
            "path": ":transaction-coordinator:processMessages",
            "outcome": "FROM_CACHE"
          },
          {
            "path": ":transaction-coordinator:processResources",
            "outcome": "EXECUTED"
          }
        ]
      },
      "candidateTaskOutcomes": {
        "total": 10,
        "executed": 6,
        "fromCache": 2,
        "upToDate": 1,
        "noSource": 1,
        "skipped": 0,
        "fingerprintSha256": "a026be126dcf504181d183b2e72ba4ad24a60930ce1d1846e6d96ceada98296b",
        "tasks": [
          {
            "path": ":clients:classes",
            "outcome": "EXECUTED"
          },
          {
            "path": ":clients:compileJava",
            "outcome": "EXECUTED"
          },
          {
            "path": ":clients:createVersionFile",
            "outcome": "EXECUTED"
          },
          {
            "path": ":clients:processMessages",
            "outcome": "FROM_CACHE"
          },
          {
            "path": ":clients:processResources",
            "outcome": "EXECUTED"
          },
          {
            "path": ":clients:shadowJar",
            "outcome": "EXECUTED"
          },
          {
            "path": ":generator:classes",
            "outcome": "UP_TO_DATE"
          },
          {
            "path": ":generator:compileJava",
            "outcome": "FROM_CACHE"
          },
          {
            "path": ":generator:jar",
            "outcome": "EXECUTED"
          },
          {
            "path": ":generator:processResources",
            "outcome": "NO_SOURCE"
          }
        ]
      },
      "controlHostPressure": {
        "available": true,
        "cpuSomeTotalUs": 95187,
        "memorySomeTotalUs": 38076,
        "memoryFullTotalUs": 37308,
        "ioSomeTotalUs": 33346800,
        "ioFullTotalUs": 29897841
      },
      "candidateHostPressure": {
        "available": true,
        "cpuSomeTotalUs": 25400,
        "memorySomeTotalUs": 24155,
        "memoryFullTotalUs": 24151,
        "ioSomeTotalUs": 10083006,
        "ioFullTotalUs": 8961243
      }
    }
  ],
  "fallback": {
    "mode": "FULL_GRAPH",
    "reason": "IMPACT_GLOBAL_CHANGE",
    "buildSuccessful": true
  },
  "result": {
    "pairs": 8,
    "controlMeanMs": 41349,
    "candidateMeanMs": 13471.875,
    "meanSavedMs": 27877.125,
    "reductionRatio": 0.6741910324312559,
    "interval95SavedMs": [
      26460.875,
      29406.875
    ],
    "positivePairs": 8,
    "executionShapeObserved": true,
    "executionShapeStable": true,
    "targetWarmupShapeObserved": true,
    "targetWarmupShapeStable": true,
    "qualified": true,
    "decision": "QUALIFY_STRUCTURAL_PROFILE"
  },
  "boundaries": {
    "proofOfConcept": true,
    "productionAuthorized": false,
    "repositorySpecificRuleAdded": false,
    "testOptimizationModified": false
  }
}
