0007cbaa5d9544ac8b2bf05e7cd10478c286a33b18f51bc430b6a561db693ad2	clients/build/classes/java/test/org/apache/kafka/clients/consumer/internals/metrics/ShareRebalanceMetricsManagerTest.class
000986a8083a9d024fb82ff2f9293fef671ed64f45e2e5e217dd2e24347eff95	clients/build/classes/java/test/org/apache/kafka/common/metrics/MetricsTest.class
0019a8ed3b9758fa16c220fe2955d0d3c5506fad13effc7f40595aa04913e43d	storage/build/classes/java/test/org/apache/kafka/storage/internals/log/LogTestUtils$LogConfigBuilder.class
001c1f71997e5b647d99b36dcb00c2780ca4b55743d3678140c73adf6e83f041	raft/build/classes/java/test/org/apache/kafka/raft/RaftEventSimulationTest$MessageRouter.class
002270eaf2c1edc36ac04636c4322a5e300eab1d654d0a842904a38f0aad2cd1	core/build/classes/scala/test/integration/kafka/api/TamperedJwtRetriever.class
00239192666b102a926000729d6b54925e6470e1ba0f8af20e7eb51a566c5ce0	streams/integration-tests/build/classes/java/test/org/apache/kafka/streams/integration/InMemoryStoreMetricsIntegrationTest$2.class
002be9bc57fceee170c8a59e1b9497d47146545d44ca3c4f2e8386a3886a9477	streams/integration-tests/build/classes/java/test/org/apache/kafka/streams/integration/PapiDslIntegrationTest$9.class
002dcebf037884b5c233207471e6e998b304185d64a271a4a367ed6c2422c1d2	tools/build/classes/java/test/org/apache/kafka/tools/consumer/group/share/ShareGroupStateMessageFormatterTest.class
00340c2076c1203c8dfa51c917575714a5823dda1df0c609f926b0bb9ec9109e	streams/upgrade-system-tests-0110/build/classes/java/test/org/apache/kafka/streams/tests/StreamsUpgradeToCooperativeRebalanceTest.class
00442eb28f23b7dfda9e369edc1c5f53ca2753e75c5d2b9d3d5dd087f97f5b78	storage/build/classes/java/test/org/apache/kafka/server/log/remote/metadata/storage/TopicBasedRemoteLogMetadataManagerConfigTest.class
0051d0c10a4306969a7641e36b0c68e84dd8890889f7a9634314de1f26c5eafa	storage/build/classes/java/test/org/apache/kafka/tiered/storage/actions/ExpectBrokerInISRAction.class
00641d4c1ffe9e2568e026afd2c33ac28cb3267b6d972c550a33b6d8adae0609	streams/build/classes/java/test/org/apache/kafka/streams/state/internals/ChangeLoggingTimestampedKeyValueBytesStoreTest.class
00672e08ed2a9727bfa1364389cb5b77817627f3018532d0f7af4fd55e2c22eb	clients/build/classes/java/test/org/apache/kafka/clients/admin/KafkaAdminClientTopicTest$1.class
00abcdfb91d63fd302a9f02ee4fbcaa09fd91aa4fba3b3374d67595a16c9432a	clients/build/classes/java/test/org/apache/kafka/common/security/oauthbearer/internals/expiring/ExpiringCredentialRefreshingLoginTest$1.class
00aeae3651459b6d9001d51170c1cdcc1f74fab9c4a35b91466b73ba37264f1b	streams/build/classes/java/test/org/apache/kafka/streams/kstream/TimeWindowedSerializerTest.class
00b0df86fc32f032e6f090ec2c124a3068e08930e4766375cc3569babbeee895	streams/upgrade-system-tests-43/build/classes/java/test/org/apache/kafka/streams/tests/SmokeTestUtil$1.class
00e8e278abe1bc79d0a07bbd1358efabd7bdf9ab09443772360215c4fc8189b4	streams/build/classes/java/test/org/apache/kafka/streams/state/internals/TimestampedKeyAndJoinSideDeserializerTest.class
00eaab1d2cc33f57f0f2a8be32b6ec4360c2e91762c357a7c07388d6c5092ca8	clients/build/classes/java/test/org/apache/kafka/common/internals/PartitionStatesTest.class
00ed23e5b773301f6f460605043c4454e5ccadd563f9cb53e840a16717934db8	streams/integration-tests/build/classes/java/test/org/apache/kafka/streams/integration/KafkaStreamsTelemetryIntegrationTest$TestClientSupplier.class
00f6fdc24bb3c1b7a095279d9838f8f52eb08cd59c10898684efbdc1fa1e6c9f	connect/runtime/build/classes/java/test/org/apache/kafka/connect/integration/MonitorableSinkConnector$MonitorableSinkTask.class
010ff01d00972a8f46544f3ff5e36b075daf42c17a896c959ce55c0286510568	metadata/build/classes/java/test/org/apache/kafka/image/node/ClientQuotasImageNodeTest.class
011140aed8f8583b59d2dfeba360842beb3c61a35e8bcbfa7f1a8edc0b052a45	streams/build/classes/java/test/org/apache/kafka/streams/tests/RelationalSmokeTest$Comment$CommentSerializer.class
013be22c6f03235c7235fcd5c9fa69a174c0245d55beffa53b317f12fe0b0c69	clients/build/classes/java/test/org/apache/kafka/common/requests/ConsumerGroupDescribeResponseTest.class
014d048e2fe3f6d267a0ea27d639dc3a214fcc0489fc2c72578f4c48c0ba1f53	connect/runtime/build/classes/java/test/org/apache/kafka/connect/integration/MonitorableSourceConnector$MonitorableSourceTask.class
014ee4b7917d92253aa6d052fcfd41ae883e58b9361328b19c2f48d43376d21b	streams/build/classes/java/test/org/apache/kafka/streams/kstream/SessionWindowsTest.class
015d29fee5f32ca042f3e5bf80bdba7abbaef3cb8b5fec1931e2d917c9d9b32f	clients/build/classes/java/test/org/apache/kafka/clients/consumer/internals/metrics/AsyncConsumerMetricsTest.class
015ea7e80e71790e00bb903c7b3cf71db29d7c599a532d0e011eb09393cba24e	connect/runtime/build/classes/java/test/org/apache/kafka/connect/runtime/distributed/WorkerCoordinatorIncrementalTest.class
016bab85111a3b866464707e9e00a060c9b026bc4d6abda5143b0e939be24c54	server/build/classes/java/test/org/apache/kafka/server/BrokerFeaturesTest.class
0176c0871164d7b9d41d74e06ce4a654194c208993572a9eb7e6e442af5f4746	core/build/classes/scala/test/kafka/server/ReplicaManagerTest$$anon$4$$anon$5$$anonfun$$lessinit$greater$1.class
0184ea8742a2d94e9d78c37e79e7658d94639d46933178cf078073d07bc64da2	tools/build/classes/java/test/org/apache/kafka/tools/EndToEndLatencyTest$ArgsBuilder.class
018c3311aa97fe3f634b727b79426b21fbec29bbfc4436b7fac52f1744614b3f	core/build/classes/scala/test/kafka/server/AbstractFetcherThreadTest$$anon$11.class
018fc2a8f64f84ce0d45e396ce38a691780c6e8526196f04ae2632c6e44d39a3	streams/build/classes/java/test/org/apache/kafka/streams/state/internals/RocksDBTimeOrderedWindowStoreWithHeadersWithoutIndexTest.class
01a279b8863f7bd1579e645e0e8bda6f5a6310d91c669cbd68a76c56f28c9d9e	core/build/classes/scala/test/kafka/cluster/AbstractPartitionTest$MockAlterPartitionListener.class
01acb39484d2a7bcf53e8c9f98f25c112f7b185b4b4a736c55fe8313058fda9c	streams/build/classes/java/test/org/apache/kafka/streams/kstream/internals/KStreamSlidingWindowAggregateTest$InOrderMemoryWindowStoreSupplier.class
01b5d70195ae9130bcecb77e9a35f5468d8991dd3a64547dab61e8f386e48d6d	clients/build/classes/java/test/org/apache/kafka/clients/consumer/internals/ConsumerNetworkClientTest$2.class
01bb94d8874d4504f185f3a5edf6ce4b9acd3bea08bb7d80e74371fda509150b	streams/build/classes/java/test/org/apache/kafka/streams/processor/internals/GlobalStateTaskTest$3.class
01c07dacd5aa6c0b07d4863589d83ab5dc5dec6e6ba402d64377022ef42611ae	clients/build/classes/java/test/org/apache/kafka/clients/consumer/internals/FetcherTest$3.class
01c09462e61ca9c176f46ce1d718a4fd384c06d335591440e43e74b92eebfc26	streams/build/classes/java/test/org/apache/kafka/streams/kstream/internals/GlobalKTableJoinsTest.class
01e3a8836082fa0509c3fe8dde92f0c9624fc66a349e098fcb1ded17498a21b6	clients/build/classes/java/test/org/apache/kafka/common/metrics/stats/RateTest.class
01e3dd1682cb0dd5a7a1791d38e27f2a25374546bf097b021448c1c15a7c03e6	core/build/classes/scala/test/kafka/server/share/ShareFetchUtilsTest$RecordsArgumentsProvider.class
020aa2ecfa56e98462923427b3a0e87170c0850dfececdb9b983827b7e6126ef	trogdor/build/classes/java/test/org/apache/kafka/trogdor/task/TaskSpecTest.class
021d2cd310307e0f9e0dce3f45a7f62c3e13dee8c20fd657c463715a145968ca	core/build/classes/scala/test/kafka/server/OffsetCommitRequestTest.class
022a4e9b222c09bc74e6a662f3d8f335b225287f36dcbd4a491bad5cd766c1a1	connect/runtime/build/classes/java/test/org/apache/kafka/connect/integration/TransformationIntegrationTest.class
025a40eb0a5acd02b48c2b6942970db98fb1f93be8b5e379877dff98482e2bda	connect/runtime/build/classes/java/test/org/apache/kafka/connect/storage/KafkaStatusBackingStoreFormatTest.class
027e8c0fa34770adaea371da13d5f654488898add68e85870052821430b9bf36	streams/build/classes/java/test/org/apache/kafka/streams/processor/internals/StreamTaskTest$3.class
028b1b31b7901a93a914797dff530b901d6e3ea0c21eb0c1a003dc8785a832bc	tools/build/classes/java/test/org/apache/kafka/tools/consumer/group/ResetConsumerGroupOffsetTest.class
02a5b01b4e0555280223627b63067c0d1e01f572a982d5932c095935c8403301	connect/mirror/build/classes/java/test/org/apache/kafka/connect/mirror/TestUtils.class
02b791ba9cebf48f69f1df775bae7b29cee9f65669cf8c7a44b0f8273e2cc0c6	streams/integration-tests/build/classes/java/test/org/apache/kafka/streams/integration/IQv2HeadersStoreIntegrationTest$KeyValuePlainStoreWriterProcessor.class
02db6d202dc4798478a4b8b9f924e0fb6ed7b556746bb73d9197c4da5be5cb06	connect/mirror/build/classes/java/test/org/apache/kafka/connect/mirror/MirrorConnectorConfigTest.class
030ac8311755a3d4081389ccb73af83cd907e9b0c42465e7c67ffe6af1b42e35	clients/build/classes/java/test/org/apache/kafka/clients/producer/KafkaProducerTest$MonitorablePartitioner.class
0320fcbd4be7d91f5af74819f4e63f4d9a5733dc02453d67a1e9db221dfe9b72	streams/build/classes/java/test/org/apache/kafka/streams/state/internals/TimestampedToHeadersStoreAdapterTest.class
0321d997e23048275fc3bd91be9b7f7cea9bd30a3dfbdbf9731dcae5557b4b20	core/build/classes/scala/test/kafka/server/BrokerLifecycleManagerTest.class
032a694c96f278f3112139d966052fe6e9306ca87699dcf8f11954f6335fb1db	raft/build/classes/java/test/org/apache/kafka/raft/QuorumConfigTest.class
03311e4d416ca786f6c7478234d49d73590d3c41dbffa8d577ac3173b424b9db	metadata/build/classes/java/test/org/apache/kafka/controller/metrics/ControllerMetricsTestUtils$FakePartitionRegistrationType.class
0353a3a182d1e2371c760005d5a52b7269d794a003d21b8f024b731155a4f5cf	group-coordinator/build/classes/java/test/org/apache/kafka/coordinator/group/GroupCoordinatorConfigTest$TestTopologyDescriptionPlugin.class
03547f2daf8379e7bd1715320b40dbc4b697bb31098062a2965c8066d3ee2200	clients/build/resources/test/common/message/SimpleRecordsMessage.json
03646cf4f30b793cbf5baeac1cee79b0fe322b825f0dd97b20af6d67ae50bbcf	tools/build/classes/java/test/org/apache/kafka/tools/consumer/group/ConsumerGroupCommandTest.class
036b6320ac363f8ef6106db5adf8f155b87ff35960a87f3be0900f1600a31165	clients/build/classes/java/test/org/apache/kafka/common/utils/internals/ConfigUtilsTest.class
037b282fb76e87377cbf8022aacef83fa3499bbc790b4d610a707ca68230b608	connect/runtime/build/resources/test/META-INF/services/org.apache.kafka.connect.storage.HeaderConverter
038b4cc7f9df3aeb89c2525291f7a0b2c0fb63e15befd53dc1861754ecb314fe	connect/runtime/build/classes/java/test/org/apache/kafka/connect/storage/FileOffsetBackingStoreTest.class
0395c0ee22f90d071201592d2b7ddd9ce7ef79e6acb0d9a5d56920f0e80f75ab	streams/build/classes/java/test/org/apache/kafka/streams/processor/internals/ProcessorNodeTest$ProcessingExceptionHandlerMock.class
039e9adc425ddcdb8ccce57db325c561072882b3370b806849f3a490276494cd	clients/clients-integration-tests/build/classes/java/test/org/apache/kafka/clients/consumer/PlaintextConsumerTest$DeserializerImpl.class
039fab90f78234fd0530ff94b12d8b03c047490b1e7e963fe0a817f6ebffda20	streams/integration-tests/build/classes/java/test/org/apache/kafka/streams/integration/IQv1IsolationLevelIntegrationTest$Reader.class
03ab5903a1d026f0a35fe0c29dc92f01ca3d9210af4f6aefc81ea2b557f369c9	clients/build/classes/java/test/org/apache/kafka/clients/producer/internals/RecordAccumulatorTest$1TestCallback.class
03b7335654f34265fac776fc98e12c90626a631d01815850b94c89ff21ae68ec	core/build/classes/scala/test/kafka/coordinator/group/CoordinatorPartitionWriterTest.class
03bd21670e5b24d02bc0f13e747d145bc5a2e442e0b92cafda69b29852f052b6	storage/build/classes/java/test/org/apache/kafka/tiered/storage/utils/DumpLocalTieredStorage.class
03bfc2c5979243eb55c4429295d1077463d2d763809c9b29a438e12518aa33ee	streams/integration-tests/build/classes/java/test/org/apache/kafka/streams/integration/PapiDslIntegrationTest$12.class
03d4f005302358e871ea7f3cbb3f26b372715f64933cd50653f8c29044a3e0a0	streams/build/classes/java/test/org/apache/kafka/streams/kstream/internals/KTableMapValuesTest.class
03ea749af5bff4ec53afcb90a6301b69574842de1738acc5c1fc9e8e925718fc	streams/build/classes/java/test/org/apache/kafka/streams/query/PositionTest.class
03f8743bb9eca69a5448547c20e4a5f5ebdf528f63e19567139cd95bf4e38cc0	core/build/classes/scala/test/kafka/coordinator/AbstractCoordinatorConcurrencyTest$OrderedOperationSequence.class
040a4f9cf0d11cae16961ec4b9d190bf825caa56aa4b6f0d2c48207b1801005f	connect/runtime/build/classes/java/test/org/apache/kafka/connect/runtime/WorkerSinkTaskTest.class
043424525de48361755ffa04636be8654dfb2c98655516935c657c6c2612f0cf	core/build/classes/scala/test/kafka/server/MultipleListenersWithSameSecurityProtocolBaseTest$ClientMetadata.class
0436f4a8fe03bfd858501a11a9dda8e80122bbe619e5f4dcba9238ab45451e91	group-coordinator/build/classes/java/test/org/apache/kafka/coordinator/group/GroupCoordinatorConfigTest$StickyNamedTaskAssignor.class
043a4b1a4f6f57f434ec2dafac630ed3721b44c9352d41463d04c9260e6e5eda	clients/build/classes/java/test/org/apache/kafka/clients/producer/KafkaProducerTest$11.class
045f6512b2ed4fea4e78b5f61cc8f5fea81595587b25639438d3876ec6126d81	tools/build/classes/java/test/org/apache/kafka/tools/ConfigCommandTest$10.class
04607e862169ef742937338212014741c8b613fef8facd0644e50b3eb4373750	raft/build/classes/java/test/org/apache/kafka/raft/KafkaRaftClientClusterAuthTest.class
04757e040f9c90dde44443ecfb1697e66abbb185a25918f7c7f5f47a749f60fd	server/build/classes/java/test/org/apache/kafka/server/AssignmentTest.class
048021fe9bccc7153a4926fa0d28d06f01d5ccfcadd9d9748a0d8aa2e153535e	clients/build/classes/java/test/org/apache/kafka/common/message/SimpleArraysMessageDataJsonConverter.class
048bbc5914b8af855a6101feed5c242dc3e29509535955d0aab91d14e7e88e76	server-common/build/classes/java/test/org/apache/kafka/metadata/AssignmentsHelperTest.class
048fae39b2ae6324130c421bf5b09d58eb16a64bf6ed9818501754c5d9072915	streams/build/classes/java/test/org/apache/kafka/streams/state/internals/TimestampedWindowStoreBuilderTest.class
049c7bcd601bb3d8c6e815f48609ccb53880afd08394fe53b1eb08143bbc57b3	clients/clients-integration-tests/build/classes/java/test/org/apache/kafka/clients/consumer/ConsumerBounceTest.class
049fb818c03ccc789f2255124dc0f7132e316558963a8878ad5ee9a7600eb3b0	streams/build/classes/java/test/org/apache/kafka/streams/processor/internals/ProcessorRecordContextTest.class
04a034d357e4a063b6856ec3416ef9854e96e9f20063ff70f9a524e503edf889	clients/build/classes/java/test/org/apache/kafka/common/requests/RequestUtilsTest.class
04af21ffaedaa3cf7d8d4cfe4d275f1551c7c3d9939124fcd2ad6338940d4d0f	streams/build/classes/java/test/org/apache/kafka/streams/state/internals/MeteredSessionStoreTest$CachedSessionStore.class
04b30dbf56c8d7f914e8be0249ff561f49204871ada70d395aceb0b63f6214d6	clients/build/classes/java/test/org/apache/kafka/common/utils/internals/ExponentialBackoffTest.class
04b5bd782b3a64ff7c5c6736d42e60217d66874ea5180e9199afa0193f994f29	streams/build/classes/java/test/org/apache/kafka/streams/state/internals/TimestampedWindowStoreWithHeadersBuilderTest$QueryTests.class
04bb5474f40696da086eef2a834bec90affd4accda7017f681228ee8a53aed8a	clients/build/classes/java/test/org/apache/kafka/common/acl/AclBindingTest.class
04bc9e1d0103dc2a229eca2ed660f584a6afedaa4b3c3f5cea66ebbce81e406c	core/build/classes/scala/test/kafka/server/RegistrationTestContext.class
04c20818569dff06300d03f0021b3c59180bf04507d410b4fe6e54f34d18a218	coordinator-common/build/classes/java/test/org/apache/kafka/coordinator/common/runtime/CoordinatorRuntimeTest$2.class
04e3effa728c61e793ed45d0220815098724d1c7778412d161513e748b70aa40	streams/streams-scala/build/classes/scala/test/org/apache/kafka/streams/scala/kstream/KStreamSplitTest.class
0508f0b8f5ccb3a3e170ec06a33bde4df774c112b270a6376bf980e280509e30	streams/build/classes/java/test/org/apache/kafka/streams/kstream/internals/KTableTransformValuesTest$ExclamationValueTransformer.class
050b2381852283a7fa99de49e337b7c97bded340fee17716687e32edbb354372	streams/build/classes/java/test/org/apache/kafka/streams/processor/internals/RecordCollectorTest$ErrorStringSerializer.class
050b4b5160ce24799aa691c917aa416c8642b19f2987048f533a40b18ee85db8	server-common/build/classes/java/test/org/apache/kafka/server/util/timer/TimerTaskListTest.class
052291f224a65ca46d0e0c098b0b2c70bfd45ea9282c46cda573f05d23062dca	streams/integration-tests/build/classes/java/test/org/apache/kafka/streams/integration/AbstractJoinIntegrationTest.class
052abfe5324a6352fbac52b880fe5e2376bc2c71b9d07eba48edb856a0e22d6a	clients/clients-integration-tests/build/classes/java/test/org/apache/kafka/clients/consumer/RackAwareTestAssignor.class
0565ad3e7b7dc4693968219d2a919f8bacbcd1ffd9233719d16b45d7555399ce	clients/clients-integration-tests/build/classes/java/test/org/apache/kafka/server/quota/CustomQuotaCallbackTest$MonitorableCustomQuotaCallback.class
056bcbf98b1366b8397d25da2cfa0cc24ac3e0159f9f7f627015cf3bee895abc	clients/build/classes/java/test/org/apache/kafka/clients/consumer/internals/FetchRequestManagerTest$TestableNetworkClientDelegate.class
05711ffe035454f438af2b395415ad7f83ebd608c1a0489824a1c32cab5538d0	storage/build/classes/java/test/org/apache/kafka/server/log/remote/storage/RemoteTopicPartitionDirectoryTest.class
058145971c417ad00e850e9bd6f6856cfb06b529388ccad54ce7c087e7dee32b	clients/clients-integration-tests/build/classes/java/test/org/apache/kafka/clients/admin/ClientTelemetryTest.class
0598290df48a61ccfa516bc63d622ae3eaa187cbef6b7a6ce5b1d2f9a44604b8	streams/build/classes/java/test/org/apache/kafka/streams/processor/UsePartitionTimeOnInvalidTimestampTest.class
059c904b63f799c653b883b906da5a92dfe5ce6fafe14ccfd535e68a808394dd	connect/api/build/classes/java/test/org/apache/kafka/connect/storage/StringConverterTest.class
05a1b6f007a26bbb5900cf390db9cb2667896e2d0015ca4a2c0e63de26138539	tools/build/classes/java/test/org/apache/kafka/tools/ConnectPluginPathTest$PluginLocationType.class
05abc3e9c4d83d16f4914c97851e8c268404c22e9a5507299c4bbc5603155fc6	core/build/classes/scala/test/kafka/server/EdgeCaseRequestTest.class
05b5c260f1934e65e0682a42baf7c9b41a122310d47bb1164740a60fd10f1ba6	core/build/classes/scala/test/kafka/server/LogDirFailureTest.class
05b72c5b98b7e790ce8a563e552f4b48360b989cecebec6766a05d6bf5518333	clients/clients-integration-tests/build/classes/java/test/org/apache/kafka/clients/consumer/PlaintextConsumerCallbackTest$2.class
05c5058278a3f5d859258a076f9acfa3d798f6a95564adbd9b880a2c9dc4a4be	streams/build/classes/java/test/org/apache/kafka/streams/state/internals/RocksDbVersionedKeyValueBytesStoreSupplierTest.class
05d20c350fd1004c0fba86dbedd4083202a6e699599f69957d0eb23f090b42f8	clients/build/classes/java/test/org/apache/kafka/clients/admin/internals/FenceProducersHandlerTest.class
05d26954c81b27edad35254564a81544d8e33ff884ddb2b3691de59f1571e737	streams/integration-tests/build/classes/java/test/org/apache/kafka/streams/integration/EmitOnChangeIntegrationTest.class
05dcc9d01d41cd033642927673c04be6f25a94ee899979c2f473b4861cdc1629	core/build/classes/scala/test/kafka/coordinator/transaction/TransactionCoordinatorConcurrencyTest$.class
060583de18b64a7dab3a6573a252060612a673bbde572d31c34690e9cc8fc19f	streams/build/classes/java/test/org/apache/kafka/streams/KafkaStreamsTest$5.class
061397c868a048a6fadd50dfe9fd0e21ccc8e3148014cf4be759a310e2a31271	streams/build/classes/java/test/org/apache/kafka/streams/kstream/SessionWindowedDeserializerTest.class
06153ef3f1fe57b442d1bb3821800558e3ef3a867aba91c99a1d1a4146eef72e	clients/build/classes/java/test/org/apache/kafka/common/requests/AddPartitionsToTxnResponseTest.class
06314c1d427f8a007cd402ce49a7c53004d090c2e65c8dc2d9490b91a058b1ad	streams/build/classes/java/test/org/apache/kafka/streams/processor/internals/GlobalStateManagerImplTest$ConverterStore.class
06555bfc3bf6d67b6b738bdb9f651008f06249c6d010b42d84268cd6242dec23	core/build/classes/scala/test/kafka/coordinator/transaction/TransactionCoordinatorConcurrencyTest$$anon$1.class
0659bb327922008e1986d03511a3dbb29369ca7721af83225bad14328e36d1c6	streams/upgrade-system-tests-23/build/classes/java/test/org/apache/kafka/streams/tests/StreamsUpgradeToCooperativeRebalanceTest$1.class
066087227cbd0a7404564cbe229f28d9bb42605b447f1bb6b94556f06fbb88bf	streams/integration-tests/build/classes/java/test/org/apache/kafka/streams/integration/StandbyTaskEOSMultiRebalanceIntegrationTest.class
0667ab393b2016a7107af28b2cbe29708f82149770f96626b107bd245036a575	tools/build/classes/java/test/org/apache/kafka/tools/LeaderElectionCommandTest.class
066d49a044a9d45dc0c6303b4590858ab5d4691abe391ea64a15a14f42e9eef9	connect/runtime/build/classes/java/test/org/apache/kafka/connect/util/ConvertingFutureCallbackTest.class
06822ae8ee726fc749be95308a72ec59e7b84bff570e4cb8a07ac0343b975540	core/build/classes/scala/test/kafka/cluster/AssignmentStateTest.class
0682b16c4e52161e7f0099a21a813052c98537cdc6ef4bda3b29eb59b81dede8	streams/examples/build/classes/java/test/org/apache/kafka/streams/examples/wordcount/WordCountProcessorTest.class
0689ee0676ba196f6726e4887043b2953a46e62eb1d0f1bcb04c09791f821581	clients/build/classes/java/test/org/apache/kafka/clients/consumer/internals/ConsumerNetworkClientTest$1.class
0697c32155ba9dad02c9824a75df4febc5e66f584e02036f4476b9b6093f90ca	core/build/classes/scala/test/kafka/network/SocketServerTest$$anon$2.class
06c64e886f2fad99e19e031c9e21c664958cbaa595a761cbd8d163306668477a	clients/build/classes/java/test/org/apache/kafka/common/record/internal/LegacyRecordTest$LegacyRecordArgumentsProvider.class
06c69e2474471b83c694c70ebb442db61d90800df9560e7b6bd1a6c8f492c922	streams/build/classes/java/test/org/apache/kafka/streams/state/internals/AbstractSessionBytesStoreTest$StoreType.class
06d1de73a686ae1ae8741ee26f8a52c1e4fe728755d960d295653a337338a03d	server-common/build/classes/java/test/org/apache/kafka/server/share/persister/PersisterStateManagerTest$2.class
06dde0420401116dc860616de88454e14ce84dfe3be9b4ad602b269e7066b040	clients/build/classes/java/test/org/apache/kafka/common/requests/DeleteAclsRequestTest.class
06efd98f8835967b135b204ee30089f5a59fdc3b41127436d55e997658e21191	storage/build/classes/java/test/org/apache/kafka/server/log/remote/quota/RLMQuotaManagerTest.class
072c498abc7d09280f1904ba4a183003520cf9fc4926ee99386fc0b1e3ca70e7	core/build/classes/scala/test/kafka/server/ConsumerGroupHeartbeatRequestTest$.class
074749b29662ed7a5165ae4a8af5faebb22fd9b4dd8d088252ba7d90e09090a9	storage/build/classes/java/test/org/apache/kafka/server/log/remote/metadata/storage/serialization/RemoteLogSegmentMetadataSnapshotTransformTest.class
0770b949a45e87d3e3d5ddafc7530b1293f578b882a1db54a3eaf3a10175597e	streams/build/classes/java/test/org/apache/kafka/streams/KafkaStreamsTest$SimplePartitioner.class
077c0ec855da43192bfebc8c52751c50827fe4644d0777a1ee0b9ea2d5a5951d	clients/build/classes/java/test/org/apache/kafka/clients/consumer/internals/CompletedFetchTest.class
077e35c52fa807c8c897f5a9e2911f744c326ebf48a68ea747b6665f13a64a54	server-common/build/classes/java/test/org/apache/kafka/server/metrics/KafkaYammerMetricsTest.class
0798452240c31a3e302553223794d7bfa7d1655a53790cb49b86bee30f48e9ce	clients/build/classes/java/test/org/apache/kafka/common/protocol/MessageUtilTest.class
079b37ad079b676d5cf64ef205a5e53e6c66ed02165321b6e0b56b035a7e44fb	streams/test-utils/build/classes/java/test/org/apache/kafka/streams/WindowStoreFacadeTest.class
079d52782e1fd70e7a40605e13d1bd858fff2470fe24aafa1cfcb3e2f19cf04e	core/build/classes/scala/test/kafka/server/ShareGroupHeartbeatRequestTest.class
079d7f117d2cbc090c1c1b4d6f8e23d39d38a1bc6c82399e86b20c091a8f0811	streams/build/classes/java/test/org/apache/kafka/streams/processor/internals/ProcessorTopologyTest$FanOutTimestampProcessor.class
07aa23c3a48101a02c06341a0fd14496191961f37c19e7093962afb157154930	streams/integration-tests/build/classes/java/test/org/apache/kafka/streams/integration/PositionRestartIntegrationTest$StoresToTest.class
07c8741ab7a506fc813b973e4d326e29753ec7aaf8227c076395554489031195	clients/build/classes/java/test/org/apache/kafka/common/security/ssl/mock/TestProvider.class
07d239c13ec2f9f8091a6f110268b6d9cb79b5b514adf2a36bcbe39e6f43ac22	generator/build/classes/java/test/org/apache/kafka/message/checker/MetadataSchemaCheckerToolTest.class
07f07d976016082b131c0ffa2b0d28f2937f818394d9e146bbe3fa7dc56a2de9	streams/build/classes/java/test/org/apache/kafka/streams/state/internals/LegacyCheckpointingStateStoreTest$1.class
07fb465afade1e245e1b2b36b7419897e0a33d7ccd9458e0a9f926dd6acb7907	coordinator-common/build/classes/java/test/org/apache/kafka/coordinator/common/runtime/MockCoordinatorShardBuilderSupplier.class
0807e87b37feb54f9379efca15e5c0f53bd2355c8880f2fba70ff2005e0a8b24	connect/runtime/build/classes/java/test/org/apache/kafka/connect/runtime/MockConnectMetrics.class
0824bbb5f89e8ce0da85fde900de0cf78e6034c4b1ac35b49097d538e639baff	connect/runtime/build/classes/java/test/org/apache/kafka/connect/runtime/WorkerTestUtils.class
084306f194b500462199abe6a2a32284197390b58b32047dfda3fd38a247e8ce	raft/build/classes/java/test/org/apache/kafka/raft/RaftEventSimulationTest$SingleLeader.class
084b4d0fd3e2e66401a690c8acf4c3f26ae40d50008f55b75ed57a6941c13f19	connect/api/build/resources/test/META-INF/services/org.apache.kafka.connect.source.SourceConnector
086b5cb3ea11f26dbf86751afab056080cecbcfacafa9ff581d8f0ef7b7b656a	core/build/classes/scala/test/kafka/api/ConsumerBounceTest.class
086bbb65770680518b8ef77d4d24bf1c00ae106b4e4850a6f87377f4b12deb46	streams/build/classes/java/test/org/apache/kafka/streams/kstream/internals/KStreamKTableJoinTest$HeaderValueAppendingSerde.class
086fdc84ef9d2e4cbe9871e7539db867fe8f9f47fa649f51fa8530f9048160d3	streams/build/classes/java/test/org/apache/kafka/streams/kstream/internals/SuppressHeadersScenarioTest$Event.class
087e92134be6ec6ceae7ca188479ff237a63b7f1ad8534091256acf8381cb749	connect/mirror/build/classes/java/test/org/apache/kafka/connect/mirror/CheckpointTest.class
08878d6135ff99c53349bd1e914d8aab7d05244a123334c7d2671cb59e9411c1	core/build/classes/scala/test/kafka/server/DynamicConfigChangeTest.class
088a33b0da6212a578bc16f52a9103bf58cf26fb6b3e8bd700b11938d9ef060e	streams/build/classes/java/test/org/apache/kafka/streams/processor/internals/assignment/GraphTest$TestEdge.class
089f3631917cce90f14c5580b65215f36d43eebcc164bb40e1199ed5378980d4	connect/runtime/build/classes/java/test/org/apache/kafka/connect/runtime/distributed/WorkerCoordinatorTest.class
08a79bd160019f3431d9f4660982ad7bd5246999773418f93fdb7e6a2e9e27ae	metadata/build/classes/java/test/org/apache/kafka/controller/metrics/ControllerMetadataMetricsPublisherTest.class
08c41c445aefdd757869b68a9808c85cd0ba7f6304d34b5f49a3061772cde0db	core/build/classes/scala/test/kafka/api/AuthorizerIntegrationTest$$anon$3.class
08dfa3bf3509e544c420bf649368d005605b847e23015381b4c074dccb9fe3d4	streams/build/classes/java/test/org/apache/kafka/streams/kstream/internals/suppress/KTableSuppressProcessorTest$1.class
08ebf5f20c38af46c061ebbe4397cd7dbc68b7872ab65be3923c1c9e1ca778c4	share-coordinator/build/classes/java/test/org/apache/kafka/coordinator/share/PersisterStateBatchCombinerStressTest.class
08f9ee461e59bc0091e721f3aa2a2e47f981b73651c87f3cd92d4cfc3615b319	core/build/classes/scala/test/kafka/server/DynamicBrokerReconfigurationTest$ClientBuilder.class
0903ff7e2873e4b85f398e6e2f789a785f3506ea4f63e9b258db305cd97418db	streams/build/classes/java/test/org/apache/kafka/streams/processor/internals/StreamTaskTest$10.class
090a81579b80e5f57797448633d1a33080683593ebc51112c767f4c69e6ebefb	storage/build/classes/java/test/org/apache/kafka/server/log/remote/storage/RemoteLogManagerTest$MonitorableNoOpRemoteLogMetadataManager.class
0932657ebc3c668d930fd989f02b025e6bb9a47b1e12c31dd0b7b41418a99740	connect/api/build/classes/java/test/org/apache/kafka/connect/source/SourceConnectorTest.class
0944b6aedec61169c07941f89380fee0ee4579d98a7d795670cfa5f4f1f6a554	core/build/classes/scala/test/kafka/server/KafkaMetricReporterExceptionHandlingTest.class
096b413ffcf0031ddf4fa25bd2aa75630f8b5b90ca15892e1180c741a622cbec	clients/build/classes/java/test/org/apache/kafka/common/record/internal/MemoryRecordsTest$3.class
096d86fd6c51f209001d4274d4d974f16b308bcf68e5013f8892d9683a65dce9	core/build/classes/scala/test/kafka/coordinator/transaction/TransactionCoordinatorConcurrencyTest$InitProducerIdOperation$.class
0972a8c3295699b704df1653b0ed835b163bc7c2bac75cb694954b363b0fb6de	streams/build/classes/java/test/org/apache/kafka/streams/kstream/internals/KStreamMapTest.class
097ae7bf610ce13b537a20265856a892845a58f0e76b133afd446c33dcb0c07c	core/build/classes/scala/test/kafka/server/RequestQuotaTest$KraftTestAuthorizer.class
0989caeed9a05b827e15382cb0c94bafd2da432c07a5e4e121c643fdc8376fed	streams/build/classes/java/test/org/apache/kafka/streams/processor/internals/StreamsMetadataStateTest$FixedPartitionPartitioner.class
0996b0ad7472b6d25a6c5ab2a395495784794b4c7cdb87c902edb37c1129aa08	clients/build/classes/java/test/org/apache/kafka/common/requests/TxnOffsetCommitResponseTest.class
0997d4e30fd7ec5055377e5381538ebf44946f2c2e1d60ce605136365f8136f6	streams/build/classes/java/test/org/apache/kafka/streams/processor/internals/StoreChangelogReaderTest$5.class
099fd9acf7a461b742ea5dd15c9999e3e5901d8e735c082e1b4e5d35f6085273	streams/build/classes/java/test/org/apache/kafka/streams/state/internals/TimestampedKeyValueStoreBuilderTest.class
09b68e558a470a645b052742e1143295dc7e734adb2fbdd49540caf24ae017c0	server-common/build/classes/java/test/org/apache/kafka/server/immutable/pcollections/PCollectionsImmutableMapTest.class
09ba1d822a5423c4ff22eb690fde2b4828757f0583396b173bc4d46204fb4251	streams/build/classes/java/test/org/apache/kafka/streams/processor/internals/StoreChangelogReaderTest$2.class
09c7cd6a889ac262268d5ceae74b7d82cae405b80e28a352a884006b397ed11b	server-common/build/classes/java/test/org/apache/kafka/server/share/persister/PersisterStateManagerTest$TestStateHandler$TestHandlerResponseData.class
09c86a7ad7ded5ec5514b402445c32fd70de72567d2c6006a5c8259f525f4023	streams/build/classes/java/test/org/apache/kafka/streams/state/internals/RocksDBTimestampedStoreWithHeadersTest$1.class
09df56ef144cdab144f1849e8bd3466ee4532887d5d5f272e148bc42b390cadf	clients/build/classes/java/test/org/apache/kafka/common/utils/internals/ChunkedBytesStreamTest.class
09ee9b5414e34a8f1f1e0c1959e87e4b0754f50712e807a163b02933eb637669	core/build/classes/scala/test/kafka/network/SocketServerTest$$anonfun$requestMetricMeters$1$1.class
09fad46601c0b8804358fbf0340216b36d698939d74b6a113c6515010e4827f8	clients/build/classes/java/test/org/apache/kafka/clients/consumer/internals/SubscriptionStateTest$5.class
0a09ac63c81b783fece416513ef04f478b4c196872946204a8d967c60b414244	tools/build/classes/java/test/org/apache/kafka/tools/DumpLogSegmentsTest.class
0a1b1764dbcee4442d31a140c6c2412eafddfc879fdb565f4605f72847617a3e	core/build/classes/scala/test/kafka/server/LocalLeaderEndPointTest.class
0a209b3579f4e07809dde41649f77cf5ada90c1506ad0cb4565262ff4f714286	raft/build/classes/java/test/org/apache/kafka/snapshot/NotifyingRawSnapshotWriterTest$1.class
0a374e9497e068412a812eb0bdbed2ecf457d901fdf66c69a65afa25ef19abed	clients/build/classes/java/test/org/apache/kafka/clients/consumer/internals/ConsumerCoordinatorTest$1.class
0a3efefcb161f3acb6c05e37e21a17979353c4fe02b153aa80610cf0b69d55fd	streams/integration-tests/build/classes/java/test/org/apache/kafka/streams/integration/utils/EmbeddedKafkaCluster.class
0a407793167c0c0220bb999492c0511ca9f25b1f504b7901ea34abccd4342919	streams/build/classes/java/test/org/apache/kafka/streams/StreamsBuilderTest$3.class
0a6ab61f3449280e53a356e077b6b48e27a2d8d85d62d831c4abe7016fb1b126	streams/build/classes/java/test/org/apache/kafka/streams/processor/internals/StoreChangelogReaderTest$1.class
0a95c5b901c9cdf5fbe67119c5bfd47b706adc7394b2a47bd38a8e05a3d78051	core/build/classes/scala/test/kafka/network/DynamicNumNetworkThreadsTest.class
0a96f87b5cc8a5f968dfa0e9ab41c9bcd1b2cb72c0e4819aa0f19774f235524c	streams/integration-tests/build/classes/java/test/org/apache/kafka/streams/integration/PositionRestartIntegrationTest.class
0aa86a6ab1e2a78ccc35a872902a27693946648b0a35cd2f033182181301f73a	streams/streams-scala/build/classes/scala/test/org/apache/kafka/streams/scala/kstream/KTableTest.class
0ab6be4e07d715053a5bdf151d8277d777bcd5d265f060119b2f850fa6f98eff	connect/runtime/build/classes/java/test/org/apache/kafka/connect/runtime/SourceConnectorConfigTest.class
0ac14df5cdc2949f4aeb8de2ff699eff4c57b20abb364c3e68e935f7974e1bbc	raft/build/classes/java/test/org/apache/kafka/raft/internals/RecordsBatchReaderTest.class
0ac6f0e060eab68c35a93ac2eed4edc899d4a347778b3d867a4a9685ef02cdc7	server-common/build/classes/java/test/org/apache/kafka/server/share/persister/PersisterStateManagerTest$6.class
0ad133ae55802f127b310f9793377bdf95b80646fe8dd08561cca6a6c1e05edb	clients/build/classes/java/test/org/apache/kafka/clients/consumer/KafkaConsumerTest$MonitorableDeserializer.class
0ad996f6720c63e36c41de169778534ebeb78c8c3af7e39b685deec599573f35	metadata/build/classes/java/test/org/apache/kafka/controller/metrics/QuorumControllerMetricsTest.class
0ae320baa33a6da3414a9dcc5e9884e0524107ce1231a5752a1e9e0aa7ae1561	shell/build/classes/java/test/org/apache/kafka/shell/glob/GlobVisitorTest$InfoConsumer.class
0ae6cd7d9a540d84baeab2dfff52961113cbfc27e1cb7abf48de27f11e50f758	clients/build/classes/java/test/org/apache/kafka/common/network/SslSelectorTest$1.class
0afe2edde6818a618cfe17ab5742f179c6dd0d690af4946930d17371179914e3	clients/build/classes/java/test/org/apache/kafka/common/security/oauthbearer/internals/secured/assertion/FileAssertionCreatorTest.class
0b1d94105b60cc542c1f56a10a47771fa5d1d9116884baba5a4eb148cb6ac106	streams/build/classes/java/test/org/apache/kafka/streams/kstream/internals/foreignkeyjoin/SubscriptionResponseWrapperSerdeTest$InvalidSubscriptionResponseWrapper.class
0b357e73286e9d955981423d50f3a2f71973771152c3ef9353b1931c9fe83bc5	core/build/classes/scala/test/kafka/server/JoinGroupRequestTest.class
0b52b0066480aa6ed86e670ddbf8eba3d200978e019ba57fff5ce7ddbb607a56	clients/build/classes/java/test/org/apache/kafka/common/network/SaslChannelBuilderTest$1.class
0b656785d763a4057cd0c9f06b79f74175d94cf74844955e22ac21e1ac9e7c22	clients/build/classes/java/test/org/apache/kafka/common/requests/LeaveGroupResponseTest.class
0b6643b393c0a483bccc4382a0abc276776587609d158af2572fec1b70fecf52	storage/build/classes/java/test/org/apache/kafka/storage/internals/log/LogValidatorTest.class
0b6e509bb262c64bb84118f4afc2ee6ccb62dd1627ff88eeb0943b4494141b91	storage/build/classes/java/test/org/apache/kafka/tiered/storage/actions/ShrinkReplicaAction.class
0bb31b46ddd05807a7c901280b58ccc05657eb53bf9d7e8178e2ea2cf0c9e75b	clients/build/classes/java/test/org/apache/kafka/common/utils/internals/ImplicitLinkedHashCollectionTest$TestElement.class
0bc784a98ac0a557b811e65ae6624acdfc8ec4d3d90d2d695af114ef4659e924	server/build/classes/java/test/org/apache/kafka/server/quota/BaseClientQuotaManagerTest.class
0bdd971e93023ed6d65ebfeb7d7a9adf9dce4eb8e741e1fd2ce2b93d8c5c6839	metadata/build/classes/java/test/org/apache/kafka/image/node/ClusterImageNodeTest.class
0bfdfcb139141399cabf00571ab8289289dd04a759077542395b1d8d8e9957d3	metadata/build/classes/java/test/org/apache/kafka/controller/MockRaftClientTest.class
0c1d85368c94434e3e2ea7f046c65400be6b9c9c67ba430951cb4ae3afdcab13	streams/integration-tests/build/classes/java/test/org/apache/kafka/streams/integration/AtLeastOnceDeliveryMessageLossIntegrationTest.class
0c4cc27c08ae1f131c25921fc28462e95200d580f36eb35f150893d28ec4f3a5	storage/build/classes/java/test/org/apache/kafka/server/log/remote/metadata/storage/TopicBasedRemoteLogMetadataManagerRestartTest.class
0c7275fa2cd03dab7cedc3c5707f02dcaf5bbf2060e13de1fa907ff1768044d1	group-coordinator/build/classes/java/test/org/apache/kafka/coordinator/group/StreamsGroupMixedGroupMetadataManagerTest.class
0c7ad6de6a7d6180c3c22a5bfa854a324342567716f1436cfa70b457587db512	streams/build/classes/java/test/org/apache/kafka/streams/StreamsConfigTest.class
0c7e0c891fb2c29c827c4e02338a1fbf790c713b7aca10fbe20c92ff9670ece3	clients/build/classes/java/test/org/apache/kafka/common/record/internal/FileLogInputStreamTest.class
0c9c61bb6a20ff73b165fe15ab580cbe59d6ee72a6de29acc6d0c86bebf0db3c	streams/build/classes/java/test/org/apache/kafka/streams/processor/internals/PartitionGrouperTest.class
0cb317d7d5089c6ee6ff8db7760c3d0f2000377ec7e0613a7bc93365a0f20687	generator/build/classes/java/test/org/apache/kafka/message/VersionsTest.class
0cb762bb682a3b0af76a2090cf308c4b5dd1ba2c2a0c4587b6b73599783fc6f2	storage/build/classes/java/test/org/apache/kafka/server/log/remote/metadata/storage/RemoteLogMetadataCacheTest.class
0cd45add0ddb2b7e381c1a4de7c976cfe32fcdff6f5313d0ea689b4660cebcb5	coordinator-common/build/classes/java/test/org/apache/kafka/coordinator/common/runtime/EventAccumulatorTest$MockEvent.class
0cdd1ab56c2d6ff944d362686c9d64347d04d626528fdc345ab94384f53c0952	server/build/classes/java/test/org/apache/kafka/server/AssignmentsManagerDeadlineFunctionTest.class
0d01d444c9a313f5d845f7031821d4e983ea48ad88bde116a8c493ca76845d7f	group-coordinator/build/classes/java/test/org/apache/kafka/coordinator/group/streams/CurrentAssignmentBuilderTest.class
0d0cb51553e31036954adc96c84e76e47ea7f1ce65f7e0ba7f4966e20fb0c8e2	core/build/classes/scala/test/kafka/server/DynamicBrokerConfigTest$DynamicLogConfigContext.class
0d10b8de007b22003d87a0d0365abcb80a74bc17893def0674ab0cf7f1973d9d	streams/build/classes/java/test/org/apache/kafka/streams/processor/internals/GlobalStateManagerImplTest$10.class
0d3b4e6323c475215f754f302fd6e5f8d09923e654dc8d57cb0aca67717e4639	streams/build/classes/java/test/org/apache/kafka/streams/kstream/internals/KTableKTableInnerJoinTest.class
0d3d85fbf74c141c10836b8c2c6af7af597a8ec74e0a04bde610eaef0e145870	tools/build/classes/java/test/org/apache/kafka/tools/other/ReplicationQuotasTestRig$Experiment$1.class
0d5081070b4762ff11ab149797c0b6835f746b61fcbf5aa6afeb56c32411f570	tools/build/classes/java/test/org/apache/kafka/tools/streams/StreamsGroupCommandTest.class
0d60cf465c5b9f2e8fb64e7fe938978d3ae97921118a3f922872245984f425a4	tools/build/classes/java/test/org/apache/kafka/tools/LogDirsCommandTest$1.class
0d78ef05844cf67dce587f2b4050b0cde5c11dc6c160c60dff1e4ce2d0b2d0b3	streams/integration-tests/build/classes/java/test/org/apache/kafka/streams/integration/KTableKTableForeignKeyJoinDistributedTest.class
0d8a23878c90f83bbfcddd9bbb7df410cc91b1fcb1a261c699dcd52de56eb552	core/build/classes/scala/test/kafka/cluster/AbstractPartitionTest.class
0d91b2ece2899b2f82bc34e01ce0ce4408cc17a87582324329ab76647c2e32e3	core/build/classes/scala/test/kafka/server/MultipleListenersWithSameSecurityProtocolBaseTest.class
0da0da37e2c826b451b1a8e0423755531800f31e4d7205f7bfe85ae77b5ce569	streams/integration-tests/build/classes/java/test/org/apache/kafka/streams/integration/VersionedKeyValueStoreIntegrationTest$TimestampedStoreContentCheckerProcessor.class
0db444f11134951e0b25b6350887912951a004a7379bf759d5ed00bd70f808a2	clients/build/classes/java/test/org/apache/kafka/clients/consumer/internals/FetchTest.class
0db72dcc94a875a0793a141aed4bd7d944e3a71e0beb74bb89b3553e8b80445d	server/build/classes/java/test/org/apache/kafka/server/metrics/ClientMetricsInstanceMetadataTest.class
0dbc8f91e53101904d1b4b1730448a1bf55e68cfa71bbfcd9c08fbfd71fc550b	streams/integration-tests/build/classes/java/test/org/apache/kafka/streams/integration/KTableKTableForeignKeyInnerJoinMultiIntegrationTest.class
0dc77df72ae3e40e8429075758920a287867b3339eda846d5cdbda7b8e36d93f	clients/build/classes/java/test/org/apache/kafka/clients/producer/internals/SenderTest$1.class
0de045ae144728c3cdce27d43757a8d09598f63505ad01f1274b11412ea7de52	trogdor/build/classes/java/test/org/apache/kafka/trogdor/coordinator/CoordinatorTest$ExpectedLines.class
0e01fc97b90ced04512fbb0a6533385865fb11f1850cf643ad00ec065db90dbe	clients/build/classes/java/test/org/apache/kafka/common/security/oauthbearer/OAuthBearerValidatorCallbackTest.class
0e4bed3b4aeec1f81f5139f48fd15440dd1419a41c8e484fc7ebd252397594e1	streams/upgrade-system-tests-24/build/classes/java/test/org/apache/kafka/streams/tests/SmokeTestDriver$TestCallback.class
0e51fd15b03d38ef66a2854a5fdaae32e2104bac8d9bbabc89cbb2d319066eef	clients/build/classes/java/test/org/apache/kafka/common/security/kerberos/KerberosNameTest.class
0e592d0b27e763d56a762ffd346e5359e4d961a37181321ebe1068c17652a405	clients/build/classes/java/test/org/apache/kafka/common/record/internal/AbstractLegacyRecordBatchTest.class
0e6dab57a20caba98125fa1f4e9b63a06fd73eb15515ef9bcf5a9df6c9425ef3	streams/integration-tests/build/classes/java/test/org/apache/kafka/streams/integration/PapiDslIntegrationTest$2.class
0e8148d53ddd0e2b807ad0130fae1646e46e7b5f100fd134fc448123ccf0ee29	streams/test-utils/build/classes/java/test/org/apache/kafka/streams/KeyValueStoreFacadeTest.class
0ea99d73583fbf5bc195510d8450553047cdb37f18258c3a37db4724ba51cc82	clients/build/classes/java/test/org/apache/kafka/clients/producer/internals/RecordAccumulatorTest$3.class
0eb150b19f061d20ee7a5350e4c512d6389dc1b096a7a4c673827338e4c74602	metadata/build/classes/java/test/org/apache/kafka/controller/MockRaftClient$LocalBatch.class
0eb3ec2a210cdf0a7e6e5a49fde7001c5820dbb8ba02f1c22330da627f18c8ef	streams/integration-tests/build/classes/java/test/org/apache/kafka/streams/integration/GlobalThreadShutDownOrderTest$1.class
0ec7493884c443a3c9cf3f0707752359295be8ac7448cd4fb28164332eece085	streams/build/classes/java/test/org/apache/kafka/streams/kstream/internals/KStreamKStreamJoinTest.class
0efda33a70ef84d43d1f58a1465b133d619c0be0ee8c2872029c591971f658f8	connect/runtime/build/classes/java/test/org/apache/kafka/connect/runtime/isolation/PluginsTest.class
0f0834d0d381ac87da29682244101f3402f4fa8ac7431a349cd8d981091da714	storage/build/classes/java/test/org/apache/kafka/tiered/storage/TieredStorageTestBuilder$TieredStorageTestPlan.class
0f33d1181367389a376698c8795bef80c97b259bb2e63d95be3faa159e416d99	core/build/classes/scala/test/kafka/server/DelegationTokenRequestsTest.class
0f3bc9078eb7729e773fe264de80f5e7775828fda0c98bb953da42ceaf299b89	core/build/classes/scala/test/kafka/api/BaseProducerSendTest.class
0f3fbdd57e91d71270c37bf0bdbc6c363d043ff2e6409f9c5af330660dc942d8	streams/build/classes/java/test/org/apache/kafka/streams/kstream/internals/MaterializedInternalTest$TestStoreSupplier.class
0f43b48031519ca64629bea5e9b4ab9db0e53861cdab463504e54a7692e003c9	server/build/classes/java/test/org/apache/kafka/server/metrics/ClientMetricsTelemetryPluginTest.class
0f497b8a0d92cbdfac4f82c85eb9b80bc154198eb55af244da6e52bb99ea5e3d	streams/build/classes/java/test/org/apache/kafka/streams/processor/internals/StreamTaskTest$6.class
0f688348cb3a8e770dafa9329b0afb2fe80baed73849e42f7fb760b395f6963f	core/build/classes/scala/test/kafka/server/ReplicaManagerTest$$anon$1.class
0f7aa04636688cb9ffa5029fcbe25d2900122414a452059255ec5f20d5d06cd4	clients/build/classes/java/test/org/apache/kafka/common/security/authenticator/SaslAuthenticatorTest$5.class
0f7e70bf46c53d239d640db24dd1b026a577d52ef98c1f13976020bdf7c5d554	clients/build/classes/java/test/org/apache/kafka/common/utils/internals/ImplicitLinkedHashCollectionTest$ReverseTestElementComparator.class
0f81373850392d9f14cfa8c6c437843c9fce86ba8512ec9397c7497e2cf4c2da	streams/build/classes/java/test/org/apache/kafka/streams/kstream/internals/KStreamForeachTest.class
0f841ca5b7f14cfbaeae6388a2ed00337a130cf716a336a89167a72cb9ae6125	server/build/classes/java/test/org/apache/kafka/server/config/AbstractKafkaConfigTest$2.class
0f888c8959f00941806cd9433f62e3f39f34c2f44a0e1405cbb2e18e1e2ea7eb	streams/build/classes/java/test/org/apache/kafka/streams/internals/ApiUtilsTest.class
0fa727e94fdc8dec749431804464ff44df1709ad81d38e6cd3eb7d57486f1619	connect/runtime/build/classes/java/test/org/apache/kafka/connect/storage/KafkaConfigBackingStoreTest$6.class
0fadb33fe0822201f765993d1c5aa5efa60e2618c3bac6e570fe68ed68f8881f	core/build/classes/scala/test/kafka/server/AbstractFetcherThreadTest$$anon$9.class
0fb29c92132f25dda670266f823f638015966d058093700f836032d2fb00334f	test-common/test-common-util/build/classes/java/test/org/apache/kafka/common/test/junit/KafkaPostDiscoveryFilterTest$MockTestDescriptor.class
0fe5d53276102a61a083f68b6aee339015dcbc80322f406bedad4543a77d8809	streams/build/classes/java/test/org/apache/kafka/streams/state/internals/ChangeLoggingKeyValueBytesStoreTest.class
0ff9ddca91bfacfb2dd08ce4e91982c90b85a84ed63b37cba22700f597706a3e	core/build/classes/scala/test/kafka/server/AbstractFetcherManagerTest$$anon$5.class
1007c864ab33cad63ba1d696b859f004ca561d34b79c3e874a3c5d7064c43af8	metadata/build/classes/java/test/org/apache/kafka/image/loader/MetadataLoaderTest$1.class
101347386c2ee9c949892e92aabf4e60e326062daeb0c1525824fc66b3f9de94	clients/build/classes/java/test/org/apache/kafka/common/requests/EnvelopeResponseTest.class
101ca960a35d34d28e2c48768fdeef749acc1fe721c6e071e1333d03207d891f	clients/build/classes/java/test/org/apache/kafka/clients/admin/internals/AdminApiDriverTest$MockRequestScope.class
1029374b684ab3cdd23330e9e4e9a3086fafa387e4fa4cca7fa74e169c8f602d	raft/build/classes/java/test/org/apache/kafka/snapshot/NotifyingRawSnapshotWriterTest.class
103000a1fcfa5e3e85054d37e306f974afdb210f4804cf3450375f764e9c6ee3	connect/runtime/build/classes/java/test/org/apache/kafka/connect/runtime/ConnectorConfigTest$AbstractTransformation.class
1045d9b99b5a210a61c3c4ecd7ab4380893cfd78c4bbf599e2d98791a07c0b12	connect/runtime/build/classes/java/test/org/apache/kafka/connect/runtime/distributed/DistributedConfigTest.class
1055694394849d7d4e11e4453977741cec72c2c00eebd14c99cb477355fb6828	tools/build/classes/java/test/org/apache/kafka/tools/streams/DescribeStreamsGroupTest.class
10617616e149a84255b3a82240601fc544b2850af3d3cd0e3555093a23860b95	streams/upgrade-system-tests-22/build/classes/java/test/org/apache/kafka/streams/tests/SmokeTestUtil$1.class
10617616e149a84255b3a82240601fc544b2850af3d3cd0e3555093a23860b95	streams/upgrade-system-tests-23/build/classes/java/test/org/apache/kafka/streams/tests/SmokeTestUtil$1.class
10617616e149a84255b3a82240601fc544b2850af3d3cd0e3555093a23860b95	streams/upgrade-system-tests-24/build/classes/java/test/org/apache/kafka/streams/tests/SmokeTestUtil$1.class
10617616e149a84255b3a82240601fc544b2850af3d3cd0e3555093a23860b95	streams/upgrade-system-tests-25/build/classes/java/test/org/apache/kafka/streams/tests/SmokeTestUtil$1.class
10617616e149a84255b3a82240601fc544b2850af3d3cd0e3555093a23860b95	streams/upgrade-system-tests-26/build/classes/java/test/org/apache/kafka/streams/tests/SmokeTestUtil$1.class
10617616e149a84255b3a82240601fc544b2850af3d3cd0e3555093a23860b95	streams/upgrade-system-tests-27/build/classes/java/test/org/apache/kafka/streams/tests/SmokeTestUtil$1.class
1069847c23d5cf3a74e7f51314d8c813264dd54c11cf9db638482d9a51ef58b6	raft/build/classes/java/test/org/apache/kafka/snapshot/SnapshotsTest.class
1074e0ce0a11561b963741b0e359887f8049cb4fb18f2ea024b0362a6451f8e1	streams/build/classes/java/test/org/apache/kafka/streams/tests/RelationalSmokeTest$Article.class
10782902bb78ecc061849c71901733667d12a64adb7f96fd49530271cb8005ed	streams/build/classes/java/test/org/apache/kafka/streams/processor/internals/GlobalStreamThreadTest$3.class
108859f7dc24ce4128356ace28118d558cd1ada9de8fc42c17abb7c63cd49432	streams/build/classes/java/test/org/apache/kafka/streams/processor/internals/StateDirectoryTest$4.class
1092fd19a452d1b57c992dc7c81a8d943f18de813febe2e1ed725c0e2baa7e05	clients/build/classes/java/test/org/apache/kafka/clients/producer/PreparedTxnStateTest.class
10aece26f0caa8b0cb54ceabc8d4bbd10dbba7e0edb0cab39d678a999d5c13c4	streams/streams-scala/build/classes/scala/test/org/apache/kafka/streams/scala/kstream/MaterializedTest.class
10b48678d016c48319b364e75bd14bc5d20efb9e7d2a73bff0cf181e86038a76	raft/build/classes/java/test/org/apache/kafka/raft/RaftUtilTest.class
10d4ca165de1643b481134b3da2221b77d4f4ba04c0a7b83db7aee1a3c6edfed	streams/integration-tests/build/classes/java/test/org/apache/kafka/streams/integration/FineGrainedAutoResetIntegrationTest.class
10ed2d2b77d9a7043f164fb6712ca4bffe5854c69db93306eb0f50d2f18af0b6	connect/runtime/build/classes/java/test/org/apache/kafka/connect/runtime/ErrorHandlingTaskTest$TestSinkTask.class
1107ab44f1401ea88a4ee278ad4f78974b40761408fe575b858928224170feef	streams/build/classes/java/test/org/apache/kafka/streams/state/internals/TimeOrderedWindowStoreTest.class
1109900f40ddbd439466b230e0a6640716143d17081fa5e47f496f2cc5de08ae	tools/build/classes/java/test/org/apache/kafka/tools/ConsoleProducerTest.class
110a9431050bfd3eb4f4dbcc6bb9beb4f5772882d4da3cec3634fda3fd83182c	streams/upgrade-system-tests-0110/build/classes/java/test/org/apache/kafka/streams/tests/StreamsUpgradeTest$1.class
110a9431050bfd3eb4f4dbcc6bb9beb4f5772882d4da3cec3634fda3fd83182c	streams/upgrade-system-tests-10/build/classes/java/test/org/apache/kafka/streams/tests/StreamsUpgradeTest$1.class
110a9431050bfd3eb4f4dbcc6bb9beb4f5772882d4da3cec3634fda3fd83182c	streams/upgrade-system-tests-11/build/classes/java/test/org/apache/kafka/streams/tests/StreamsUpgradeTest$1.class
11469fbec25afa5f4898fa220d23e992107f90cf103f4f8367f9387640af4bb2	coordinator-common/build/classes/java/test/org/apache/kafka/coordinator/common/runtime/InMemoryPartitionWriter.class
115227d176ca4ff66cc53fd4eb52961baa0a0e83ce5979eef66be3b4587d51d3	streams/integration-tests/build/classes/java/test/org/apache/kafka/streams/integration/RebalanceTaskClosureIntegrationTest$TestRocksDBStore.class
11539c02fe8d1d7f3076302978534708216ac138b68911c1fe796da0a90ab5ab	storage/build/classes/java/test/org/apache/kafka/server/log/remote/storage/RemoteLogManagerTest$10.class
11552c073b1920966497c8388cb72850c363ed2a3bcbd0786b653b17a969c4fa	core/build/classes/scala/test/kafka/cluster/PartitionTest$$anon$4.class
11690e0f19d3a283ea591d18e720b6d25d68da6609bab589812514449120f9d0	clients/build/classes/java/test/org/apache/kafka/clients/admin/KafkaAdminClientStreamsGroupTest.class
117a518edc0108b9fe494fc5352e39932ca8b4e192bc763d0c8a4e78f0ff7481	streams/build/classes/java/test/org/apache/kafka/streams/processor/internals/assignment/TaskAssignmentUtilsTest$TestApplicationState.class
1184ae797172dd9c5f1f939cad11d1bb00871fa7d296e66a00fa3d54e5728ace	core/build/classes/scala/test/kafka/api/SslEndToEndAuthorizationTest.class
1192401969851881c27fcf7cef7f36d4e6ef498e82e031631d2f84ee6e490d17	streams/upgrade-system-tests-26/build/classes/java/test/org/apache/kafka/streams/tests/SmokeTestDriver$TestCallback.class
1192401969851881c27fcf7cef7f36d4e6ef498e82e031631d2f84ee6e490d17	streams/upgrade-system-tests-31/build/classes/java/test/org/apache/kafka/streams/tests/SmokeTestDriver$TestCallback.class
1192401969851881c27fcf7cef7f36d4e6ef498e82e031631d2f84ee6e490d17	streams/upgrade-system-tests-32/build/classes/java/test/org/apache/kafka/streams/tests/SmokeTestDriver$TestCallback.class
1192401969851881c27fcf7cef7f36d4e6ef498e82e031631d2f84ee6e490d17	streams/upgrade-system-tests-33/build/classes/java/test/org/apache/kafka/streams/tests/SmokeTestDriver$TestCallback.class
1192401969851881c27fcf7cef7f36d4e6ef498e82e031631d2f84ee6e490d17	streams/upgrade-system-tests-34/build/classes/java/test/org/apache/kafka/streams/tests/SmokeTestDriver$TestCallback.class
1192401969851881c27fcf7cef7f36d4e6ef498e82e031631d2f84ee6e490d17	streams/upgrade-system-tests-35/build/classes/java/test/org/apache/kafka/streams/tests/SmokeTestDriver$TestCallback.class
1192401969851881c27fcf7cef7f36d4e6ef498e82e031631d2f84ee6e490d17	streams/upgrade-system-tests-36/build/classes/java/test/org/apache/kafka/streams/tests/SmokeTestDriver$TestCallback.class
1192401969851881c27fcf7cef7f36d4e6ef498e82e031631d2f84ee6e490d17	streams/upgrade-system-tests-37/build/classes/java/test/org/apache/kafka/streams/tests/SmokeTestDriver$TestCallback.class
1192401969851881c27fcf7cef7f36d4e6ef498e82e031631d2f84ee6e490d17	streams/upgrade-system-tests-38/build/classes/java/test/org/apache/kafka/streams/tests/SmokeTestDriver$TestCallback.class
1192401969851881c27fcf7cef7f36d4e6ef498e82e031631d2f84ee6e490d17	streams/upgrade-system-tests-39/build/classes/java/test/org/apache/kafka/streams/tests/SmokeTestDriver$TestCallback.class
1192401969851881c27fcf7cef7f36d4e6ef498e82e031631d2f84ee6e490d17	streams/upgrade-system-tests-40/build/classes/java/test/org/apache/kafka/streams/tests/SmokeTestDriver$TestCallback.class
1192401969851881c27fcf7cef7f36d4e6ef498e82e031631d2f84ee6e490d17	streams/upgrade-system-tests-41/build/classes/java/test/org/apache/kafka/streams/tests/SmokeTestDriver$TestCallback.class
1192401969851881c27fcf7cef7f36d4e6ef498e82e031631d2f84ee6e490d17	streams/upgrade-system-tests-42/build/classes/java/test/org/apache/kafka/streams/tests/SmokeTestDriver$TestCallback.class
1192401969851881c27fcf7cef7f36d4e6ef498e82e031631d2f84ee6e490d17	streams/upgrade-system-tests-43/build/classes/java/test/org/apache/kafka/streams/tests/SmokeTestDriver$TestCallback.class
11a2df2f55ed2988595c6b1267b954764ca1f62097da591c2bc18a92a24638d9	streams/build/classes/java/test/org/apache/kafka/streams/kstream/internals/KStreamGlobalKTableJoinTest.class
11a7b1bc3eb58d343f9f431a7fa9d076c56d1cd446a4729e0ff81e7690802695	connect/runtime/build/classes/java/test/org/apache/kafka/connect/integration/ErrorHandlingIntegrationTest$FaultyPassthrough.class
11bf58727ac0509eea42613ae40e452662a665b6729aab4e26d13d298a627125	clients/build/classes/java/test/org/apache/kafka/common/requests/ByteBufferChannelTest.class
11c0768b19eb6d9a5d0858ee939896df2db1169fe10102ee3fd3062aed5b5158	clients/clients-integration-tests/build/classes/java/test/org/apache/kafka/clients/admin/AdminClientTimeoutIntegrationTest$FailureInjectingTimeoutProcessorFactory$FailureInjectingTimeoutProcessor.class
11e99e5e742f9277a2bf5e5308d5748b5f3874aa8715f45a30657f3dc4871cfe	streams/build/classes/java/test/org/apache/kafka/streams/processor/internals/StreamThreadTest$3.class
11ee63d87939be17cb25ebcadb7f36b49a741fbc779ed5830ad557d04a2fc49f	storage/build/classes/java/test/org/apache/kafka/tiered/storage/actions/CreatePartitionsAction.class
11f194fb39976d68b8a65e20469532e4822b84e50b5f340fcb7bc99f850b7a35	streams/build/classes/java/test/org/apache/kafka/streams/processor/ReadOnlyStoreTest$2.class
11f6f0d9142820cf9610fd33f65c33c497d9ad0b411eca0a187ea921bf25205f	clients/build/classes/java/test/org/apache/kafka/common/config/provider/EnvVarConfigProviderTest.class
1210906d4359933f6dde820f753dc2282b7b2b1459994cca3701a62c479ba67f	clients/build/classes/java/test/org/apache/kafka/clients/consumer/internals/AbstractHeartbeatRequestManagerTest$1.class
1216061e52c6cb053a44bd24fe20dcc1b3c7212944b7e93134f1bf87ddbda1bd	tools/build/classes/java/test/org/apache/kafka/tools/ConfigCommandTest$6.class
121652f2a44249d7088653e2bbe0331ed5d01d31a5726a4f1fac7343df00e5ab	streams/build/classes/java/test/org/apache/kafka/streams/TopologyTest$MockProcessorSupplierProvidingStore.class
123d18e80f912cbd544e2f4de948e08ab1ec3538a7d1b18282e4a3f7910d94bf	clients/build/classes/java/test/org/apache/kafka/common/utils/internals/AbstractIteratorTest.class
123d29ee59991f77d0ae240d4a48e64e30564065bf8b748d396d0725b657e897	storage/build/classes/java/test/org/apache/kafka/storage/internals/log/LogCleanerTest$LogAndOffsetMap.class
1253ff05324e0dc881eb1322a2c1e9e5796704ccc63c3553c12b929fc92c9815	core/build/classes/scala/test/kafka/server/AbstractFetcherThreadTest$$anon$1.class
1266cab376e10d4f3a65bdcaf311c33d1b74ddd9eeb9bd97513db7323ee0ec27	streams/upgrade-system-tests-38/build/classes/java/test/org/apache/kafka/streams/tests/StreamsUpgradeTest$1.class
12ba9fb9ca509414cd9f163c0362df11af83d17cb87b7665227f53d73f739e3a	clients/build/classes/java/test/org/apache/kafka/clients/admin/internals/PartitionLeaderStrategyTest.class
12cdebf4b9ea9c15493cb61e0ee08b5740428ecab2df4266d3718e9232abdfaa	connect/mirror/build/classes/java/test/org/apache/kafka/connect/mirror/MirrorCheckpointTaskTest$3.class
12d0e2944c59dafc563a07259d260e1cd8956ecfc6abec79660fdb1554a1c04b	streams/build/classes/java/test/org/apache/kafka/streams/state/internals/CompositeReadOnlyKeyValueStoreTest$2.class
12e6bb555a7e2f02acefa92cb3d95040fd704665132bdec863b922cf912c5616	tools/build/classes/java/test/org/apache/kafka/tools/ConfigCommandTest$9.class
12edd8ef5296b5d2b5a66dffc452718af8cb645898267471aae54b7103306664	clients/build/classes/java/test/org/apache/kafka/common/utils/internals/LoggingSignalHandlerTest.class
12ee800a176114813eee201192940d8ad2a708f0bd66ae1573a09f9d4b23001b	clients/build/classes/java/test/org/apache/kafka/common/header/internals/RecordHeadersTest.class
12f08668a4398d616adccb4ce34b917ed3484fd66480acf0807e8a0fb1400226	core/build/classes/scala/test/kafka/server/ReplicaManagerConcurrencyTest.class
1302fd834f55052f7d94df0e13d31401457db414e81cd4ae0288e94d8673942e	streams/build/classes/java/test/org/apache/kafka/streams/processor/internals/StreamThreadTest$8.class
1306b4822d58735e5af62e2af6fc4211f4e00e7db629b3797353f33bfcb537c3	clients/build/classes/java/test/org/apache/kafka/common/record/internal/LegacyRecordTest.class
1331028a622f6e9ac8655af880b79aad60933ae7354b8dadcfe0804dd63bc1e2	streams/build/classes/java/test/org/apache/kafka/streams/processor/internals/GlobalStateTaskTest$1.class
13313e83400e2fb23544b3c04b985cd22835caed30cdd540273401dca81029a1	group-coordinator/build/classes/java/test/org/apache/kafka/coordinator/group/classic/ClassicGroupMemberTest.class
1335ff39143050c0f87edd9728e46746535eb2ebe40b71b304bab2bb81d10232	streams/integration-tests/build/classes/java/test/org/apache/kafka/streams/integration/utils/RocksDBStoreTestingUtils.class
1351114448169cd2702ded26765e081ee4d99c9e59c5702518f5820598adcec7	streams/integration-tests/build/classes/java/test/org/apache/kafka/streams/integration/IQv1IsolationLevelIntegrationTest$Shape.class
137ae9118c02242f334ecf36ca71b027d4a930a5869f7dcc5c91892c2da0156e	clients/build/classes/java/test/org/apache/kafka/common/security/oauthbearer/ClaimValidationUtilsTest.class
138e9489de29195c7164b3b7f8b08cf4ca6dc05422516c991b78fe2c91d7945b	clients/build/classes/java/test/org/apache/kafka/common/security/ssl/mock/TestProviderCreator.class
13bc5ef14f4ed42d198ab1d12cc01470c4a9c06bff7fd0054ac98b4a35f3e86b	share-coordinator/build/classes/java/test/org/apache/kafka/coordinator/share/ShareCoordinatorOffsetsManagerTest$ShareOffsetTestHolder$TestTuple.class
13e3ab90214a0a617c4c1f0b3703d45a97d7772332a2c6a6efef486b194e5557	core/build/classes/scala/test/kafka/network/SocketServerTest.class
13ec1629abe1802b2ce364223bfe16c086b6e68c82572be02db7b16979dd0da3	connect/mirror/build/classes/java/test/org/apache/kafka/connect/mirror/OffsetSyncStoreTest.class
13f0942ee3032a1b2dffd9124f3b70e70be4695dc509126870f4e6f6047ff991	streams/build/classes/java/test/org/apache/kafka/streams/state/internals/RocksDBGenericOptionsToDbOptionsColumnFamilyOptionsAdapterTest$1TestWalFilter.class
13fbce885328f491092de30defa8f5001f192563fe3acdd5e4bb22626df1f5de	clients/build/classes/java/test/org/apache/kafka/common/security/oauthbearer/internals/secured/assertion/FileAssertionJwtTemplateTest.class
141ad34752b2e834eff67afa1dd164ba3f4114526b000d5c6eb7ae3f301a3aab	core/build/classes/scala/test/kafka/server/LogRecoveryTest.class
1425a21809fdb2ed79f3dd3e0fb9f44a962a494cbdd073453cc72167a7ea60da	clients/build/classes/java/test/org/apache/kafka/clients/admin/KafkaAdminClientConsumerGroupTest.class
142ff9fcfcc397fc56104dd47592c7e7f98402e39bfe72a2859b01cca674ca46	group-coordinator/build/classes/java/test/org/apache/kafka/coordinator/group/GroupConfigManagerTest.class
14374558f8fc15af269e3bb8cbac13b8226f8772c55bcead9f54e03b06fb1050	core/build/classes/scala/test/kafka/api/FixedPortTestUtils.class
1440dc01e258f56a70125c7da2b2dbdf59d3da15d0a75f6587145b1016d611eb	tools/build/classes/java/test/org/apache/kafka/tools/ConfigCommandTest$4.class
144f07a6f07bfa7d9ab589430615ab412661a477b493ad1e5f35886f0652ea76	clients/clients-integration-tests/build/classes/java/test/org/apache/kafka/clients/consumer/ShareConsumerRenewTest.class
146cba7884ec63f9254068bea87f8330708ac081b703c8c3bd439b4a8bd91569	connect/runtime/build/classes/java/test/org/apache/kafka/connect/runtime/rest/entities/ConnectorOffsetsTest.class
148b1804d2314f8b713e7990d0faabda12d1945e98eebfab9a85f504c652c761	streams/build/classes/java/test/org/apache/kafka/streams/state/internals/AbstractRocksDBSegmentedBytesStoreTest.class
14abab5373eedfc9481a9b546a0086e66c7ed6ef96ab928f36dbc976690ebd06	clients/build/classes/java/test/org/apache/kafka/clients/producer/MockProducerTest$11.class
14b4c1e930354b35a02e263c80b8c91838c8978a76531ef5dd590599271dcb05	core/build/classes/scala/test/kafka/server/GssapiAuthenticationTest$$anon$2.class
14bbce719185dfc0d5e89d21b15a1455f78a0953fcb6594188b0ec9c12ab3f5d	server/build/classes/java/test/org/apache/kafka/server/BootstrapControllersIntegrationTest.class
14ed4a6a02e5f9d13cb3b0181e1f15cf8bd9aeccbc0697cace06aac876f9c606	clients/build/classes/java/test/org/apache/kafka/common/network/SslTransportLayerTest$FailureAction.class
14f6d234772eb4d74d3358cf47473c9258464fe28840910bd4deccbfa571658d	clients/build/classes/java/test/org/apache/kafka/common/security/oauthbearer/OAuthBearerSaslClientCallbackHandlerTest.class
15077ed6d559b032c2897eac5ab13da1dc3fbd9123e505508b72a95e8cfe2719	group-coordinator/build/classes/java/test/org/apache/kafka/coordinator/group/streams/topics/ConfiguredSubtopologyTest.class
152802ff0fc7ed70c376de0b200ddc5433001e91a45ebf6975813c24514c25a0	connect/file/build/resources/test/log4j2.yaml
155233c65e821199140d66b21aa7e23ea3810b759406fbe42f64ea2750179d2f	tools/build/classes/java/test/org/apache/kafka/tools/filter/TopicFilterTest.class
1568b912d2efb6edf494170fae7189635ea04d4ead1ec3ad78d4cd8c0de64f43	clients/clients-integration-tests/build/classes/java/test/org/apache/kafka/clients/admin/AdminClientTimeoutIntegrationTest$FailureInjectingTimeoutProcessorFactory.class
1577d2e905c39503312414d1ca3961df8bf6b901274d34c14bda7a6e328dd15b	connect/transforms/build/classes/java/test/org/apache/kafka/connect/transforms/FlattenTest.class
159c21b8ac3311ab8af0f124de09d40a9c064219580154baf033582ca51b2948	clients/build/classes/java/test/org/apache/kafka/common/security/ssl/CommonNameLoggingSslEngineFactoryTest.class
15a415032435cbba8d89fc44f149bf470a48c743fd070a6e4b3a731bb02cfb58	streams/test-utils/build/classes/java/test/org/apache/kafka/streams/test/wordcount/WindowedWordCountProcessorTest.class
15a5b8f24a04e0a2b8de83345e93dca5c4fb94dbf840d60a883db601d8ccb789	clients/build/classes/java/test/org/apache/kafka/clients/consumer/ConsumerGroupMetadataTest.class
15a60a1835bb0823a88118bdd651d46a06bf49cace5b7f9c843e3e6b8456d2b4	clients/build/classes/java/test/org/apache/kafka/common/utils/internals/CircularIteratorTest.class
15ad7b2337d1a424210fe78402ad039aaefb065db8b71b89311c1d8936540838	streams/integration-tests/build/classes/java/test/org/apache/kafka/streams/integration/IQv2IsolationLevelIntegrationTest$Shape.class
15badcdd1b3362422d4ef3a3a3454adc5f6f819a1329f8e10cbf7a1c000f55bc	connect/runtime/build/classes/java/test/org/apache/kafka/connect/integration/ExactlyOnceSourceIntegrationTest$NaughtyTask.class
15d13ff4b0f4d3278127a7ea09e706d4570d558fd8f1ad514dde5cc6de6d1554	streams/build/classes/java/test/org/apache/kafka/streams/state/internals/MeteredTimestampedKeyValueStoreTest.class
15e52f591bc81f5dc3cf5cd89b5e7f0de95e8469eb9c95cacc4f8fd82aa4f8f4	raft/build/classes/java/test/org/apache/kafka/raft/RaftEventSimulationTest.class
15e56b352031c72bf276fd7524e07ed533d296d87c7296415163c0c81b141763	streams/build/classes/java/test/org/apache/kafka/streams/state/internals/MeteredTimestampedWindowStoreWithHeadersTest$1.class
15f185e213588bcabef80d855a5c6d8924eb243e51aab02173052cf14c938d3f	group-coordinator/build/classes/java/test/org/apache/kafka/coordinator/group/util/OverlayMapTest.class
1607ce8d8d7a6ddf529db3d719a577502fe5c154e598ef8f36b2da8529a6a142	core/build/classes/scala/test/kafka/server/DescribeCredentialsTest$TestPrincipalBuilderReturningUnauthorized.class
160ea77c6c2a86c67629e2ed55ac6d98c5a85bd33ed8ac3b6ac90a247110f25c	core/build/classes/scala/test/kafka/server/TestableKerberosLogin$.class
1611f6e33b6d53d26168c3fb5dfdef93b187402635902a1f27d5cd004ed20f9c	server/build/classes/java/test/org/apache/kafka/server/util/NetworkPartitionMetadataClientTest$NetworkPartitionMetadataClientBuilder.class
16131ffdd9fdc52b4e9b10abd638b94494f3c9bebba626c67b39b3e1420ab035	group-coordinator/build/classes/java/test/org/apache/kafka/coordinator/group/StreamsGroupTestUtil.class
162215e33a26dfe13ec246d89dc4a632692c0ac13fe0561605aa7277ef7eb895	clients/build/classes/java/test/org/apache/kafka/common/telemetry/internals/KafkaMetricsCollectorTest.class
1624bf0bf34cf72c155e4cd427ee457a170d585ea334f602a5877ad2b00dc2d1	core/build/classes/scala/test/kafka/api/AbstractConsumerTest$ConsumerAssignmentPoller.class
1640372c8279866b7711307c5927e56b5473b5f829cc6578b30fe9fc9d05cdc5	streams/integration-tests/build/classes/java/test/org/apache/kafka/streams/integration/PositionRestartIntegrationTest$StoresToTest$1.class
16443dfd81ea6daa36b3a87938efd0a9c2401a7a0b4ed4ba3eaa57bcbf34f882	tools/build/classes/java/test/org/apache/kafka/tools/consumer/CoordinatorRecordMessageFormatterTest.class
169e4dbeed38c6a5cf718154d475ac4c199046b851218e4d3574bfedaef5a493	core/build/classes/scala/test/kafka/network/SocketServerTest$TestableSelector$PollData.class
169eeb08e92c6ec5af361ea262a6f13926cffa0df5565009f3bf15c0db35ad35	clients/build/classes/java/test/org/apache/kafka/common/security/authenticator/SaslAuthenticatorTest$TestLoginCallbackHandler.class
16a32bf6c4a2b3a0a711fcee898ed40a6eb7b54cf99a937a9a360d4e4146b5fc	core/build/classes/scala/test/kafka/server/MultipleListenersWithSameSecurityProtocolBaseTest$ClientMetadata$.class
16b7ed7f5d8da95ddca2282b5c4fd92fd2312891ce3375986b38ecb083ecc8a6	streams/integration-tests/build/classes/java/test/org/apache/kafka/streams/integration/HeadersStoreUpgradeIntegrationTest$TimestampedWindowedProcessor.class
16b93dea6dad008309e38572f0789c020a6ba6e1308ff31862433da401b6fbad	clients/build/classes/java/test/org/apache/kafka/common/security/oauthbearer/internals/unsecured/OAuthBearerUnsecuredValidatorCallbackHandlerTest.class
16c6268c432dac7661e30d2277a2aff6939299be2223d0bf9e705656c037bd8d	server-common/build/classes/java/test/org/apache/kafka/server/util/timer/TimerTaskListTest$TestTask.class
16fa5d37cb793241387f1fc7ac92770f606415581f6a1884d12ac9ff3871d1e4	metadata/build/classes/java/test/org/apache/kafka/image/DelegationTokenImageTest.class
1708f7e2c12df540c2447b94d150ae4a9574f81ecde7c49f7964348931ecf425	raft/build/classes/java/test/org/apache/kafka/raft/MockLogTest$OffsetRange.class
17167f4a6a9789033e5fb61c05e6be34bd5a6704a030caae08fdd5ccc2f22d14	streams/build/classes/java/test/org/apache/kafka/streams/state/internals/RocksDBSessionStoreWithHeadersTest.class
1729c7067b1deeebe5c90a57ffe588fb95aef65af7dae2b464abc57349693997	core/build/classes/scala/test/kafka/api/AuthorizerIntegrationTest$$anon$1.class
1738fa0c1de09c679b0eb42e6a5add5ccd41869a9644c8f58c2425e9fb4b4ae2	metadata/build/classes/java/test/org/apache/kafka/image/publisher/SnapshotEmitterTest$MockRaftClient.class
17409c7fc982de4c3ce9aced9f86cf0e882725ede4c0da58899cdab9ea0dd8c6	raft/build/classes/java/test/org/apache/kafka/raft/internals/KafkaRaftLogTest$ByteArraySerde.class
1743236ed0921ed78d60dd46116cb7f2cb632098e90a2713c5be5412c58e0f9e	tools/build/classes/java/test/org/apache/kafka/tools/ConnectPluginPathTest$CommandResult.class
1747b1ff0b103d9613d8aca992485b368f2fd6289fa1ecca3c8172efeadc7de4	raft/build/classes/java/test/org/apache/kafka/raft/RaftEventSimulationTest$Invariant.class
17508b2bb741b6cb388f4e10288ca2530f52d11b29b156d438adaefb19b72171	clients/build/classes/java/test/org/apache/kafka/clients/consumer/internals/KafkaConsumerMetricsTest.class
175807de7c4da001c8f8f7761f8856c2b39055757ce5451b105a0983b3342196	tools/build/classes/java/test/org/apache/kafka/tools/JmxToolTest.class
176f3037a8a544f36474e9ad0f4228c1a31e83a59a851f24739f7429c0c7d2f2	tools/build/classes/java/test/org/apache/kafka/tools/consumer/DefaultMessageFormatterTest.class
1774e5c73275bc4b232209547bde9e93205cd25266735fc340318aa9d3ff4969	streams/integration-tests/build/classes/java/test/org/apache/kafka/streams/integration/MetricsIntegrationTest.class
1797a0e0015de3e49c7d832a3a4a0a6134357d068b5c7eff82ec81a63bd02883	clients/build/classes/java/test/org/apache/kafka/clients/consumer/MockConsumerTest$4.class
17996b270e1712d89ea17d095ac3b623e8c4fcf3edce9231a6b8ddac637483d7	connect/runtime/build/classes/java/test/org/apache/kafka/connect/runtime/distributed/WorkerCoordinatorTest$MockRebalanceListener.class
17a28a61f42dd4e593b15bd6dfaf26bafbc67d9456a0a66d14e24fbda6445156	connect/runtime/build/classes/java/test/org/apache/kafka/connect/integration/BlockingConnectorTest$TaskInitializeBlockingSourceConnector$InitializeBlockingSourceTask.class
17ccfcf4507d3bddcdad6736691fc11a7d89997057f74051a86b3284ff0d79bc	clients/build/classes/java/test/org/apache/kafka/common/network/SslTransportLayerTest.class
17ddf664c570b8ee074654c285d8645770b5b40aa0fea1e3743a2f37103d65dc	streams/integration-tests/build/classes/java/test/org/apache/kafka/streams/integration/KTableEfficientRangeQueryTest.class
17e63b6392a96b4cc5cfd28395454f1e9383b6214dc0995a429cf9c3d36c2a53	clients/build/classes/java/test/org/apache/kafka/clients/producer/KafkaProducerTest$15.class
17fcc926ac221704ce370a9ec0ac7feec79890919dd9079e04ac085a2c3f2926	trogdor/build/classes/java/test/org/apache/kafka/trogdor/workload/ExternalCommandWorkerTest.class
18105cd0882c73d08394877e1652658ce8e8b12f83086c58d61a9e13aaaa5055	streams/build/classes/java/test/org/apache/kafka/streams/state/KeyValueStoreTestDriver$2.class
1840a4a5e46e4f18f779a1c581e605854d0a11a69854bcbe6fd743d6addafbfa	clients/build/classes/java/test/org/apache/kafka/common/requests/DeleteAclsResponseTest.class
1867b093645de3de5924869dbf546a04141437bf9eb8417073b6de9b3ebd5b87	clients/build/classes/java/test/org/apache/kafka/common/protocol/ByteBufferAccessorTest.class
1868a4eb3bfe17e8e3888be94969b8610f3dbd8cf509dbfb3e2b498f8bb0c352	streams/build/classes/java/test/org/apache/kafka/streams/processor/internals/TopologyDescriptionConverterTest.class
1881ae933e3c19a630694b4856fe81eb0c9ba79f98022e8eb2d78df7d521fd1a	streams/test-utils/build/classes/java/test/org/apache/kafka/streams/TopologyTestDriverTest$MockProcessor.class
1886206eed777a219cedf15d19d3a0fc133ccccf0501ee032d1a4ae073c7f5dc	clients/build/classes/java/test/org/apache/kafka/common/requests/JoinGroupRequestTest.class
188773ea604319da7d05095edeb02b161ff1135918cec7812b1148f783ed19d8	streams/build/classes/java/test/org/apache/kafka/streams/state/internals/RocksDBTimestampedWindowStoreWithHeadersTest.class
1888c463e68fe4852b7807bdc5d5ac486909ab195ba1ca874a3550d5d79059bc	coordinator-common/build/classes/java/test/org/apache/kafka/coordinator/common/runtime/SnapshottableCoordinatorTest.class
1897f304e2c18f340515aaccf5086cfff353f5c4ba6245b83af544adf15ba6c5	clients/clients-integration-tests/build/classes/java/test/org/apache/kafka/clients/admin/ConcurrentListOffsetsRequestTest.class
189905c6b7b49582e83910072dcc1f7bc837ce6ab724e10cb01cb1aa95838db3	clients/build/classes/java/test/org/apache/kafka/clients/consumer/internals/StreamsGroupTopologyDescriptionRequestManagerTest.class
189c5669944ca9ac21e8c6f54d84c5f2f4e73bb896e1aaf0e8dc82de7742acce	streams/integration-tests/build/classes/java/test/org/apache/kafka/streams/integration/IQv2StoreIntegrationTest$StoresToTest$10.class
18a0e43ed880c14c6297a9916bf293015170493b626e5787e9bbb85d3e2d690e	storage/build/classes/java/test/org/apache/kafka/storage/internals/log/LogCleanerTest.class
18be50cf5f085271bb7f1bd611cdc629fb71611dc66d499a355069f2239b8753	streams/build/classes/java/test/org/apache/kafka/streams/processor/internals/RecordCollectorTest.class
18cb6c75c44a01a896157a6deea947689cecfdda88e1e160df54d46af656a28a	core/build/classes/scala/test/kafka/api/GroupedUserPrincipalBuilder$.class
18eada6a98dba2b2812fda63b55fa1d545a884978111d351fdd3d3b73f3a534d	streams/integration-tests/build/classes/java/test/org/apache/kafka/streams/integration/GlobalStateReprocessTest.class
18f96cfa11571fed4ce65bfa1d31d2cd663f1c9406ad2a454b013cc3cac590b5	streams/integration-tests/build/classes/java/test/org/apache/kafka/streams/integration/TimestampedStoreUpgradeIntegrationTest$WindowedProcessor.class
1900622a39aa213d23c946f6b3b3a5d61ce0d0bc19458897a958a203e4a6fa6b	coordinator-common/build/classes/java/test/org/apache/kafka/coordinator/common/runtime/MockCoordinatorShard.class
191109b2f3a13425f7bdb1a91f36dcf39e40200007ce172fe2c4db0e726a56d6	metadata/build/classes/java/test/org/apache/kafka/metadata/LeaderRecoveryStateTest.class
193e8c6261d7a07b3691dcbb9695a0b72dabdf50f20935fbef937eb228e3b005	coordinator-common/build/classes/java/test/org/apache/kafka/coordinator/common/runtime/MockCoordinatorShardBuilder.class
1950a6ce3770794d1afce436428e954a8341b125d7fa65778eb01f931c0312bb	raft/build/classes/java/test/org/apache/kafka/raft/internals/RecordsIteratorTest$CompressionTypeSeed.class
1980b42ba29460f9b87b1feeb7d69972939cb1f4b0a658d3ea7d45910e7bbeac	core/build/classes/scala/test/kafka/network/SocketServerTest$SelectorOperation$Mute$.class
198936029035d21598e38ca8edb8a8cd2a2aecabacb268b5b701d13128c3c64a	streams/build/classes/java/test/org/apache/kafka/streams/state/internals/CachingInMemoryKeyValueStoreTest.class
198e6f3a59b160eab01a30081d8bf6657e95981849d66f991126bf063d93d637	streams/integration-tests/build/classes/java/test/org/apache/kafka/streams/integration/StateDirectoryIntegrationTest.class
199459a229e015efb88cee5efcf04ac5ddb6fb8d03fb09e76dac6d9d8fe76e58	connect/mirror/build/classes/java/test/org/apache/kafka/connect/mirror/integration/DedicatedMirrorIntegrationTest.class
1997a4f649f82b433a5625921aa32cceede1ea6d1cd34b16bc0a70a9fe586043	storage/build/classes/java/test/org/apache/kafka/storage/internals/log/AbstractIndexTest$TestIndex.class
199b28192623eb717d96326f0f7923d22c61e3493838e8ac2e690429dc9c421b	streams/build/classes/java/test/org/apache/kafka/streams/processor/internals/ProcessorStateManagerTest$12.class
199e3c269b5c76a9f1f89618f966b2808d871d3be44f21e12cf1328de8dd9784	clients/build/classes/java/test/org/apache/kafka/common/network/SelectorTest.class
19a1b6617475241ac20f0baa03ea984121e0e3ecd76cbba9c52162b819a7e101	connect/runtime/build/classes/java/test/org/apache/kafka/connect/integration/ErrorHandlingIntegrationTest.class
19bd8661348e1bcedf06bad518969a44959d408dfa4fec78070083326ccf54bc	metadata/build/classes/java/test/org/apache/kafka/metadata/bootstrap/BootstrapMetadataTest.class
19d0b56252a88c0e9540eda07dc5d44007e0d7c8e624cb3b7bb35f79cb4ab38d	streams/build/classes/java/test/org/apache/kafka/streams/state/internals/SessionSegmentsWithHeadersTest.class
19d45e5206e74f4629d8df9dfe2e6d06caf2542d8909886f8332f3f255bd4ac7	group-coordinator/build/classes/java/test/org/apache/kafka/coordinator/group/OffsetMetadataManagerTest$OffsetMetadataManagerTestContext.class
19eac46958b8baf9f5e1bba007b40c9831d420fc05c638bc9e46f11f3b3daab2	streams/integration-tests/build/classes/java/test/org/apache/kafka/streams/integration/RegexSourceIntegrationTest$4.class
19eb908bd40519afcee672f6a9fc4709e9919ac731f091ce0f1cd8568ebc935f	streams/build/classes/java/test/org/apache/kafka/streams/state/internals/RocksDBTransactionBufferTest.class
19f97b6bb0a1cdfa3c20700da865d235db96dbd44b75e93ad82bf360da17e887	streams/integration-tests/build/classes/java/test/org/apache/kafka/streams/integration/EosIntegrationTest$4.class
19ff9598f2355da8c76d0d0ac09406bd18339bb3fc319d633dce38f0322d1007	tools/build/classes/java/test/org/apache/kafka/tools/consumer/OffsetMessageFormatterTest.class
1a0dd8aeab835a06ea1b27d404f5c5865d97de5891784aa7073742401863e6c8	streams/build/classes/java/test/org/apache/kafka/streams/processor/internals/StreamTaskTest.class
1a19a72451ef4eea1cdb4f77232357cadc6b65bc3ad83f302c3b595b1fd80370	core/build/classes/scala/test/kafka/server/DeleteRecordsRequestTest.class
1a25589c0a5730c78e8c72835f92f78562eab51d7b78dd555a0f3cfe7d055207	trogdor/build/classes/java/test/org/apache/kafka/trogdor/task/SampleTaskController.class
1a29b91b686748dd6c90686ca6af71278e4cd28358495cdcf5a35dc00421222a	core/build/classes/scala/test/kafka/coordinator/AbstractCoordinatorConcurrencyTest$Operation$$anon$2.class
1a3e5cabcd917da6d3c489d40b4256c934d5cc5c5f3dc9ec228abf18d07f9b83	core/build/classes/scala/test/kafka/server/ReplicaManagerConcurrencyTest$PartitionModel.class
1a4f5b89b829b2795aed14773793a440f6726ee5b5c80198ec833db3e05405de	core/build/classes/scala/test/kafka/server/ApiVersionsResponseIntegrationTest.class
1a59abc442c85f867888f194f8097a9d95751ede5ad2f91a70a897661375708d	clients/build/classes/java/test/org/apache/kafka/common/serialization/SerializationTest$DummyClass.class
1a5a3138b37450cd6c620927c7bcb4cf073b153a2cbb1e1940234edb352318b6	storage/build/classes/java/test/org/apache/kafka/storage/internals/log/LogLoaderTest$SimulateError.class
1a6345025c8d4953d9758f545dbfb5f68c2492442aec6028004ba93772179f13	clients/build/classes/java/test/org/apache/kafka/common/security/oauthbearer/DefaultJwtValidatorTest.class
1a78ab485f061c11223f9daeb592ebb801e766fbffd5945c03baed78ae0f32cd	clients/build/classes/java/test/org/apache/kafka/clients/consumer/ConsumerRebalanceListenerTest$7.class
1a862e1f52f0dd3ddc298b064773e60b4aff1762c134f14f8516542719f4810b	server-common/build/classes/java/test/org/apache/kafka/server/share/persister/PersisterStateManagerTest$TestStateHandler.class
1a8811355b5368dc154de42558a415fa34a1daf726d3953f4929811cd1fb12af	storage/build/classes/java/test/org/apache/kafka/storage/internals/log/TimeIndexTest$1MockTimeIndex.class
1a88785217558e2ff887724e60aa214221f301e5d9aae8f8a3a1c95e20e94063	streams/integration-tests/build/classes/java/test/org/apache/kafka/streams/integration/IQv2EndpointToPartitionsIntegrationTest.class
1a9b6495d8ae4b0b664b58350a78f6d70d96febf8234ca9863d12fc617e29105	tools/build/classes/java/test/org/apache/kafka/tools/consumer/group/ConsumerGroupCommandAuthorizationTest.class
1aae6fa41beb85ef7afe7c0db07abbefbd07054a3157987faddfa7126e2cbd6f	clients/build/classes/java/test/org/apache/kafka/clients/consumer/internals/CommitRequestManagerTest.class
1ab1661c3799fcace6498d2b2ee7a1d7d4f0dc7f188f048817423ec767c35697	clients/build/classes/java/test/org/apache/kafka/common/security/oauthbearer/internals/OAuthBearerClientInitialResponseTest.class
1ab76631ae878d0daac225d913c268590660bffc5a0320a26516c4ad5e9ca578	tools/build/classes/java/test/org/apache/kafka/tools/UserScramCredentialsCommandTest$ConfigCommandResult.class
1acb90f706c4cb1b440ff2d68e341c7a090dd99e4086ef7215f094625e94a3e7	metadata/build/classes/java/test/org/apache/kafka/image/AclsDeltaTest.class
1ad9f0923db3996a38f7e44a79acb86ece624d2bd97b72eeae16bf38b7dc70b9	server/build/classes/java/test/org/apache/kafka/server/KRaftTopicCreatorTest$2.class
1aedc5c1dd891882cb90dfc9a811d72bb5c8a037a6fd63ae6144bd888bb66364	core/build/classes/scala/test/kafka/coordinator/transaction/TransactionCoordinatorConcurrencyTest.class
1af5687b70928213fc8e55d55b90b67858d43d9221e91ae9e90d6206fad69278	group-coordinator/build/classes/java/test/org/apache/kafka/coordinator/group/GroupMetadataManagerTest$1DynamicConfig.class
1af5e409bc0fb8f2b814452a6ee805526b7036f9f20df18be102512d0a21954b	streams/build/classes/java/test/org/apache/kafka/streams/kstream/internals/KStreamImplValueJoinerWithKeyTest.class
1affddc0ff3a24b4344a143aeacb14a809294889315c84493d913c771df57d52	clients/build/classes/java/test/org/apache/kafka/common/UuidTest.class
1b043d2178f823a0524bec3d6175c882c32d4952ef126655bb8def213a810007	core/build/classes/scala/test/kafka/server/ReplicaManagerConcurrencyTest$ControllerEvent.class
1b1f262abb35e362ad1ba51ab0675eba0d7894a77d2cc07688d80018815b3b7e	connect/runtime/build/classes/java/test/org/apache/kafka/connect/storage/KafkaStatusBackingStoreTest.class
1b21b57987cdaf1e8a7aba02873083ffa196705b164f0a115e41459119bac602	streams/integration-tests/build/classes/java/test/org/apache/kafka/streams/integration/IsolationLevelIntegrationFixtures.class
1b22827c8667260694ba91ad0f7599a4809dd7e561bbb25c6c9765a524245901	clients/build/classes/java/test/org/apache/kafka/common/security/oauthbearer/internals/OAuthBearerSaslClientTest$ExtensionsCallbackHandler$1.class
1b2d537ca8dda40fadc6a763986405d1ba28a2b98e5e7f947c6dd0957d99e6c2	core/build/classes/scala/test/kafka/integration/KafkaServerTestHarness.class
1b472ed737cef6e8d2a5b96719d4d4bfb76cda9c7adc8e68286a1d04cc7c9068	trogdor/build/classes/java/test/org/apache/kafka/trogdor/task/SampleTaskWorker.class
1b614e1c5a33efcb5af7a10e9953b3c00706e1743e6a6f6b3d1cc25db87a3e24	connect/api/build/resources/test/META-INF/services/org.apache.kafka.connect.sink.SinkConnector
1b633253492475982cfe2c24b4eff24ce43d90cbc63e139ed5379050735a9656	server/build/classes/java/test/org/apache/kafka/server/ReconfigurableQuorumIntegrationTest.class
1b715871cb3828fd4eba136aa588a4ac30623e7c30fbaba3f2f8e18d4f545575	metadata/build/classes/java/test/org/apache/kafka/controller/metrics/ControllerMetadataMetricsPublisherTest$TestEnv.class
1b8bc4f40b7b933e57dcf7862ccebb1ae6b66c456c5d1487cd2b31d34fa02ed6	streams/upgrade-system-tests-28/build/classes/java/test/org/apache/kafka/streams/tests/StreamsUpgradeTest.class
1b94f38ccde406c5e8eacd345a8e1aba5d9c45ba4b2300d72b65845ff0819719	core/build/classes/scala/test/kafka/cluster/PartitionTest$$anon$3.class
1bb0100dbb8be0e485c1eb52ac3d092491fbb352dea3be7632859815b1c9d4fd	connect/runtime/build/classes/java/test/org/apache/kafka/connect/runtime/WorkerTaskTest$3.class
1bb3bfe12df18d0bef3758daa6aefa56a9aefbee13fe9e698434311fa1d9c88a	trogdor/build/classes/java/test/org/apache/kafka/trogdor/common/TopologyTest.class
1bb935cbc729df15a8b800dc2174352c23fe8cd9aee184a802187028e7f8b0be	clients/build/classes/java/test/org/apache/kafka/clients/consumer/internals/SubscriptionStateTest$6.class
1bb9ede9ffd0c58a0a2a14f85ae6d47a3fe2fad4f07468638eeade9de394c319	metadata/build/classes/java/test/org/apache/kafka/controller/BrokerHeartbeatManagerTest.class
1bbe086c1d87ea72f46fbe9ca955d3ba0944eece69ef6685e2a57009cc56240a	streams/test-utils/build/classes/java/test/org/apache/kafka/streams/TopologyTestDriverTest$7.class
1bc0f7c65b1269d049a2211506c2fcd3797a30d6ad9027b9b5e6fe26cf6e1e89	generator/build/classes/java/test/org/apache/kafka/message/StructSpecTest.class
1bf79454e972b0b1fb62c1b80f18e142b5fe2cc2a16821ee914d3003f7bd7624	connect/runtime/build/classes/java/test/org/apache/kafka/connect/runtime/isolation/VersionedPluginBuilder$VersionedTestPlugin.class
1c0e56e2ebe9c19d418709ceece492857d315a0be2c982c9142fbb3acda17c18	clients/build/classes/java/test/org/apache/kafka/common/message/AllTypeMessageData.class
1c37cdbf0d41964c1386afe788866c7c0c12661d80f097534a35d873968cb479	clients/build/classes/java/test/org/apache/kafka/clients/producer/MockProducerTest.class
1c3877298f20c793ca61b180b7c09c805fe989e9c323827417169e484a5bf452	connect/runtime/build/classes/java/test/org/apache/kafka/connect/util/ConnectUtilsTest.class
1c3938101dcad40859e1e37686127c4e7a1dcf227803f4c5d058ab709f9935c6	clients/build/classes/java/test/org/apache/kafka/clients/consumer/internals/ConsumerMembershipManagerTest$SleepyRebalanceListener.class
1c56c99fe1d2fd3011e01690ebf1484fcb15282c2627503ee769b8e15b50b3a4	core/build/classes/scala/test/kafka/coordinator/transaction/TransactionMarkerChannelManagerTest.class
1c65efd0f0a56acee24263f569db0b8960b5ece2b117b5ed3fa22bb6ccfb261a	group-coordinator/build/classes/java/test/org/apache/kafka/coordinator/group/OffsetMetadataManagerTest$1.class
1c67cd442760a8ebf1b0c61f0e1fdd86c063caacf2730cce411459a19d9e8799	metadata/build/classes/java/test/org/apache/kafka/controller/QuorumControllerTest$TestAppender.class
1ca8923220689b97504f5101127b79d5474be611a917fce9b23777cbcfef2d26	storage/build/classes/java/test/org/apache/kafka/server/log/remote/storage/RemoteLagCopyTest.class
1cbd9735d27d39fba9662340517bc2328f63362ac7e653f67cbb19db99ed5e14	streams/build/classes/java/test/org/apache/kafka/streams/state/internals/RocksDBVersionedStoreTest$DataRecord.class
1ce9bf3fa85e724ce90a82edca9f953e8fc57047ab8ccb02d61f323a89a6b031	streams/upgrade-system-tests-42/build/classes/java/test/org/apache/kafka/streams/tests/StreamsUpgradeTest$1.class
1cf89babb335d6a831a47f1d9f643626e0c48210ada70a9dbf7d89838d28d4da	storage/build/classes/java/test/org/apache/kafka/server/log/remote/storage/RemoteLogManagerTest$2.class
1cfee364cb1c00f364bd1245ecf4817506e5d05f0e87f31f1c0487059be0ec8d	clients/build/classes/java/test/org/apache/kafka/common/metrics/SampleMetrics.class
1d0c4cbd535ce0427bddb062c3a79aa789ab5315a3d362f8d1cf9b350400d141	streams/build/classes/java/test/org/apache/kafka/streams/state/internals/RocksDBMigratingSessionStoreWithHeadersTest$CapturingOffsetsMigratingSessionStore.class
1d0cadf8d3464505518197d16255f9ca28c625b91760bc14820785ce171c7b16	streams/upgrade-system-tests-34/build/classes/java/test/org/apache/kafka/streams/tests/StreamsUpgradeTest$1.class
1d11062518aea0e712fa086db63117eedcf5bc706df5eebf944b73a4910f8a12	server/build/classes/java/test/org/apache/kafka/server/util/NetworkPartitionMetadataClientTest.class
1d195f930a1de6375a9d44cee7537a071d100804d81b6df5852666395590c2d3	clients/build/classes/java/test/org/apache/kafka/common/metrics/MetricsTest$StatType.class
1d30a723c54ea3fdc11b91a3df688520b18abb1b84c1bff159e7d9d492cac0b4	clients/build/classes/java/test/org/apache/kafka/common/utils/internals/ImplicitLinkedHashCollectionTest.class
1d37339d5c9eb42b347f9aaabdf3221f28c5270804f1df18faf187151ac31c0d	core/build/classes/scala/test/kafka/server/KafkaMetricsReporterTest$MockMetricsReporter$.class
1d465899fec76a11d1804d5766cbd2aed1d5d5e11803daa95d7a55dc47ad2661	streams/build/classes/java/test/org/apache/kafka/test/MockApiFixedKeyProcessorSupplier.class
1d4c9feefa31bd7c9b748b4801a9aef0849a3c4ac9df65e16ceae08cabb99bb5	storage/build/classes/java/test/org/apache/kafka/storage/internals/log/LogCleanerManagerTest$LogMock.class
1d5b03cf1807c4c80fa8022bedce5533b634423161567900c4759703bf7caa92	connect/runtime/build/classes/java/test/org/apache/kafka/connect/runtime/SampleSinkConnector.class
1d6ef147a65aa1be82b01fd6ce9d7162a4aadea1011e7080bc03196a1139d3c9	core/build/classes/scala/test/kafka/server/IsrExpirationTest.class
1d79e10d66233a9969ad2055d5e6eb38f11ebf52faca8403d8f7320455422bb4	clients/build/classes/java/test/org/apache/kafka/common/security/oauthbearer/internals/OAuthBearerSaslClientTest$ExtensionsCallbackHandler.class
1d7f5b035eb4926783c8824155430dec36d8a9414affb39a10400710e0fad76d	clients/build/classes/java/test/org/apache/kafka/common/network/Tls12SelectorTest.class
1d908c9281891871a1dbb732ea7fe9c6e4650c80f1670595e996784c20319fc5	streams/build/classes/java/test/org/apache/kafka/streams/state/internals/TimeOrderedSessionStoreUpgradeTest.class
1d90fc5fd850964505242a650752d2139666ab18a5cee8ade67f3aeea9bdb040	connect/transforms/build/classes/java/test/org/apache/kafka/connect/transforms/ReplaceFieldTest.class
1daaebc1993321569dfd3a3501b82ea6c55e3958550f8293c4623b5a8054662e	server/build/classes/java/test/org/apache/kafka/server/share/fetch/DelayedShareFetchKeyTest.class
1dc44f3198372064ccc6993b39153d470c4e4a9b170d3af95c7ed616089db5b8	core/build/classes/scala/test/kafka/api/BaseQuotaTest.class
1dd13d40ed0310b48828058de859a4314988c980b0ce747142ac542ff26852ac	server/build/classes/java/test/org/apache/kafka/server/share/dlq/ShareGroupDLQRecordFetcherTest.class
1dda5c0bbfdf67779a66729b9443e5d1905d76c076532c2341d6dc6b3177bef7	connect/mirror/build/classes/java/test/org/apache/kafka/connect/mirror/integration/DedicatedMirrorIntegrationTest$3.class
1de399a9d58ff5e1bc26b89732dbe0f46f821831394447aa0b576ba00b62d837	storage/build/classes/java/test/org/apache/kafka/server/log/remote/metadata/storage/serialization/RemoteLogSegmentMetadataTransformTest.class
1df469dd97c8d1ceff8c8e20ee13c0b23962bea244246122ebf01a9785349e34	server/build/classes/java/test/org/apache/kafka/server/config/AbstractKafkaConfigTest.class
1e1f3509a47d085af9a9709fe248dd668a9a9195d61658238af77c04aa5ae087	core/build/classes/scala/test/kafka/server/MockLeaderEndPoint.class
1e6b517c149c7145bd7cdd4a5396245e88ba253468bd69cfdd360b51307d522b	clients/build/classes/java/test/org/apache/kafka/clients/consumer/internals/BackgroundEventHandlerTest.class
1e72815403961fea73488688fc09468108583f342b1abfae58d7f645ff812bc5	streams/integration-tests/build/classes/java/test/org/apache/kafka/streams/integration/SwallowUnknownTopicErrorIntegrationTest$TestHandler.class
1e79379b02cec7342d1514c10c3310eaa7d3478530c6ced94200fc4d28828666	streams/build/classes/java/test/org/apache/kafka/streams/processor/internals/ProcessorNodeTest.class
1e9f5cc78e1abc9c115ef353b24f5b2a29de0f4349c5f7e4b03f2f270f6bf3c8	clients/build/classes/java/test/org/apache/kafka/common/security/oauthbearer/OAuthBearerTokenCallbackTest.class
1eaaf8ba29e946462338ef82928e511d05c3fc984e5cfd60d38e2a9ea4b92586	streams/upgrade-system-tests-32/build/classes/java/test/org/apache/kafka/streams/tests/StreamsUpgradeTest.class
1eb58d093cdc846e77f74a0a6079724e25d1d9fc16ea2a39f125ed10b459ed84	connect/mirror/build/classes/java/test/org/apache/kafka/connect/mirror/integration/DedicatedMirrorIntegrationTest$2.class
1ebed8344ecbf0ed1b6e030b926f8ff7f9a8ac52462c030c43dbb15b4282d7ab	server-common/build/classes/java/test/org/apache/kafka/timeline/BaseHashTableTest.class
1ec18a7d6e770581af5f6d76aed7f22fc54679417c4d445cd83f58fe7d5802f4	streams/build/classes/java/test/org/apache/kafka/streams/processor/ReadOnlyStoreTest$1.class
1ed717a7e625c9c6a16bca15fab74b8f09048c336c33e8c0fd1c2c6d15a12b37	connect/runtime/build/classes/java/test/org/apache/kafka/connect/storage/MemoryConfigBackingStoreTest.class
1f1f652ad416d06e27bd23ebb8215ff7984a3f305a0ac0ede6f5074d1ae5e81f	streams/test-utils/build/classes/java/test/org/apache/kafka/streams/MockProcessorContextTest$6.class
1f2f6bb9c597bdfa43150f81234c28fe8655c24f482e0b4194bc1eb36b28fc2c	streams/integration-tests/build/classes/java/test/org/apache/kafka/streams/integration/RebalanceTaskClosureIntegrationTest.class
1f3b529e5f7ce6cf5af0cd51bcb192518f98c4414ebf4ed4af26c8ac9510ed3e	tools/build/classes/java/test/org/apache/kafka/tools/reassign/ReassignPartitionsCommandArgsTest.class
1f541a9dcee8bfcd2f0e49787cf969d4c799bf44b95ee529911aaddf7709b308	clients/build/classes/java/test/org/apache/kafka/clients/consumer/KafkaConsumerTest$4.class
1f59847190b3138a29b9f79ef36ec294ebeea6c50ac9020535f245196cff66f5	clients/build/resources/test/serializedData/offsetAndMetadataBeforeLeaderEpoch
1f6d865566f201395d48e05c0a97185080245eb2416a19795368efc4e6ed6e45	server-common/build/classes/java/test/org/apache/kafka/server/util/timer/TimingWheelTest.class
1f76c14a376fff6f67a2f6ea49b5a3db505a92481a0d22204035c348687c1db6	clients/build/classes/java/test/org/apache/kafka/clients/consumer/internals/AbstractPartitionAssignorTest.class
1fc36c4b3a51e24acdf005bb2f026d06cb1294386650852eef4bd04372f2a075	clients/build/classes/java/test/org/apache/kafka/clients/producer/internals/RecordAccumulatorTest.class
1fd09ee5417050597a257c606d8fff49fe411c5c367a0220dfcfa9d6e1db62f4	clients/build/classes/java/test/org/apache/kafka/common/record/internal/MultiRecordsSendTest$NonOverflowingByteBufferChannel.class
1fe6aad3fdc34e81853a4e5633585ebe05b7e7686aaf4c0d763994292356c7c2	streams/integration-tests/build/classes/java/test/org/apache/kafka/streams/integration/InMemoryStoreMetricsIntegrationTest$2$1.class
1fecf69e37ed3d334e54df198f23798d0c8f45a8db53e33d5447c7be12aed09b	tools/build/classes/java/test/org/apache/kafka/tools/ConfigCommandIntegrationTest.class
2008f5a6b4b53ea12166f339c6d0a0b02574a5cdd7ca8f3fa42e1ebdf7cfb84c	streams/build/classes/java/test/org/apache/kafka/streams/processor/internals/ProcessorStateManagerTest$11.class
2018c454a34c14e08f4504499c7c097ebc217bffbe278ef6f87696cf7c87e53f	metadata/build/classes/java/test/org/apache/kafka/image/node/ClusterImageBrokersNodeTest.class
201a4bdf46d9bed338970f1e2f35f4fff6f669ad7bb6fbc349e32332691a692e	connect/mirror/build/classes/java/test/org/apache/kafka/connect/mirror/integration/DedicatedMirrorIntegrationTest$1.class
2022dc613c50845eaffd15420a1ee7cffbc849b078bab6d9f16f0fc2509ef5fb	storage/build/classes/java/test/org/apache/kafka/storage/internals/log/LogLoaderTest$2.class
2023427d94ff15a0024880340e53b8917784710c89d160312214d4493e199230	core/build/classes/scala/test/kafka/server/KafkaMetricsReporterTest.class
203b4aeef42729f1a3afb15db87df9ab77ffe5324ada568412a7a0236ea444b3	streams/integration-tests/build/classes/java/test/org/apache/kafka/streams/integration/TimestampedStoreUpgradeIntegrationTest$TimestampedKeyValueProcessor.class
20498911ddc3a67ec82f19dec864d7c57df25419f72d779b4b3609ea99a9a997	streams/integration-tests/build/classes/java/test/org/apache/kafka/streams/integration/TaskAssignorIntegrationTest$MyLegacyTaskAssignor.class
2052aec224490b6a31c0d06113158952d18280e31510bfc1eeeaacbdb23afd71	connect/runtime/build/classes/java/test/org/apache/kafka/connect/converters/ByteArrayConverterTest.class
205940ee873edef4839a3704aa97e6fb26a11e12afdc93d78a45d14b132eb3dd	streams/integration-tests/build/classes/java/test/org/apache/kafka/streams/integration/KafkaStreamsTelemetryIntegrationTest$TestingMetricsInterceptor.class
20688b18360f93cebbd1f0c11224b6e9954a225b1848748280c7f49961307ce9	streams/build/classes/java/test/org/apache/kafka/streams/processor/api/ReadOnlyRecordTest.class
20a84957f9ff5bd76cae0f0695ca257aa279dd1d974b9af2ba248ca4d492639f	streams/integration-tests/build/classes/java/test/org/apache/kafka/streams/integration/PositionRestartIntegrationTest$StoresToTest$2.class
20c4abac5a5658fce92f622c66883403bbe3dcf8ed0715b9165bb7473d62b05c	metadata/build/classes/java/test/org/apache/kafka/controller/QuorumControllerTest.class
20d6f5026548ab20b4e150522e8b98d810de30875211f8fc501a2609b93f02dd	connect/api/build/classes/java/test/org/apache/kafka/connect/storage/ConverterTypeTest.class
20da3d1c7ad1227f8911dd7e74843bac2595c423f5f3c1a31d9cf0c4b1e3ab99	streams/build/classes/java/test/org/apache/kafka/streams/processor/internals/DefaultStreamPartitionerTest.class
20e02c445a2e2eb42986e9a69927058fc567c892923af59375706ea711236921	streams/build/classes/java/test/org/apache/kafka/streams/processor/internals/ProcessorStateManagerTest$ConverterStore.class
20e0d1d097c831018343231078b124a548e29e6c3d580368039c65e4f2e2a0d0	streams/build/classes/java/test/org/apache/kafka/streams/kstream/internals/SessionWindowedCogroupedKStreamImplTest.class
20eed0bc216abcfa0f619c3b821dac490701bf70b7cf76694108f3dd9e2a261b	storage/build/classes/java/test/org/apache/kafka/tiered/storage/specs/OffloadableSpec.class
21062ca8a86bc2bf5886b742d2d4388c65001980062160dc5e019b814947e415	clients/build/classes/java/test/org/apache/kafka/common/security/ssl/mock/TestPlainSaslServerProviderCreator.class
210ed34a4b28f2b224bddc590cf75b2080d0be265d0bd235e5d83c2b6c166683	streams/build/classes/java/test/org/apache/kafka/streams/kstream/internals/KStreamSessionWindowAggregateProcessorTest$1.class
2128a52cfe263eca70c7dfbaaedf33b0382a3197afbfd9e19435f13f3a60918a	clients/build/classes/java/test/org/apache/kafka/clients/consumer/internals/RequestFutureTest$MockRequestFutureListener.class
2129212b3479c4d7574713bff9df5151fa993c0df6a682ef96ffbc81bf30ff4b	group-coordinator/build/classes/java/test/org/apache/kafka/coordinator/group/UtilsTest.class
21814e81e8722523ef12fb9145897925b35afe226f36bd0b9767376c3ec419fb	coordinator-common/build/classes/java/test/org/apache/kafka/coordinator/common/runtime/KafkaMetricHistogramTest.class
2195c3661f04a794c1a7ec33c6a52739eb42ef32d356e869b52fbad1852e8848	streams/build/classes/java/test/org/apache/kafka/test/MockCachedKeyValueStore.class
219c988bc47d9fed90b36bf6dca0dbe248fa5d89be544e5c5e69b4eec6e19681	streams/build/classes/java/test/org/apache/kafka/streams/state/internals/MeteredTimestampedWindowStoreWithHeadersTest.class
21a1527bd93d97e81243531598f539990030a7871165f2df20e24996b6a49c79	connect/transforms/build/classes/java/test/org/apache/kafka/connect/transforms/TimestampRouterTest.class
21ac3a3e2627b5a05c316ea4baa59a9aa43af0101a0864c55f65fff5f9cd1c16	clients/build/classes/java/test/org/apache/kafka/common/record/internal/SimpleLegacyRecordTest.class
21b907182d2cb71362a7076791c80e60d04f683ef5cac3520aba33f364e2071b	streams/build/classes/java/test/org/apache/kafka/streams/state/internals/AbstractColumnFamilyAccessorTest.class
21c0b1c22e8894f940776d67dfd7d8eb4bc81c9c53e3ecfedfdf9dfc1f40b6d3	raft/build/classes/java/test/org/apache/kafka/raft/RaftEventSimulationTest$SeedObservers.class
21c4fe1ae27d1b8e7d6c5e1c7e6311ff420e1e4ab129ab044e2110c75f2b6f36	streams/build/classes/java/test/org/apache/kafka/test/MockReducer$IntegerAdd.class
21c73b57333e3efef1d2630fe3bf0700dc113cc96cc7c3ae4455d6004a903e3c	clients/build/classes/java/test/org/apache/kafka/common/message/SimpleArraysMessageData.class
21c8ca1d259f9456b325222b2ddcaa41581ab1193b1188fd3c44ad0b6e261d31	core/build/classes/scala/test/kafka/utils/TestUtils.class
21e4ecd599eda0bd81cfaa100824d4ef42c7670eb3ede1a35b8a251a306fe4de	streams/build/classes/java/test/org/apache/kafka/streams/processor/internals/GlobalStreamThreadTest$5.class
21e8a78890e9ecf3366a52bdc66bf9e2ad02abc7ee9e50fc2c304abb862b3d52	clients/clients-integration-tests/build/classes/java/test/org/apache/kafka/clients/ClientsTestUtils$BaseConsumerTestcase.class
21f09fd8e21eea8d17604b3de0b1a11a2cef17916d822eb6875b0a4e385caa45	storage/build/classes/java/test/org/apache/kafka/server/log/remote/storage/LocalTieredStorageTest$Verifier.class
21f0f66f944ecc94b57cce033d877c3337d98add86f8959c72a0e7b77247055c	server/build/classes/java/test/org/apache/kafka/server/streams/InMemoryTopologyDescriptionPluginTest.class
22009bfeff107f3a8a4502fa3e709d6f9bbab1455ff81e5f286e9827d908d47e	clients/build/classes/java/test/org/apache/kafka/clients/consumer/RebalanceListenerTest$2.class
221cdbc785fe2718a8aea53263c2d84ed7c221a384d89afd4810953e37c7f2f6	server/build/classes/java/test/org/apache/kafka/server/BrokerRegistrationRequestTest$TestControllerNodeProvider.class
222f06c7dcf2f5118a89571d2da6202c39d0882ae7da1a9408721e13b1b6ee0b	metadata/build/classes/java/test/org/apache/kafka/controller/QuorumControllerMetricsIntegrationTest.class
22306aa03ac02a823aef5333c17aa84b16c35acfa6f2ad7e66d5400633dbdbc0	clients/build/classes/java/test/org/apache/kafka/common/compress/GzipCompressionTest.class
225c7a7469542e90f8eddc36ebb3f9cd7d6003dcf90d10b3799e1f3fc3b825ed	core/build/classes/scala/test/kafka/api/SaslPlainSslEndToEndAuthorizationTest$TestClientCallbackHandler.class
227775af7c1064282ae92857188d0cea692f51e45bd28d764c5fc6c628eff6d4	connect/runtime/build/classes/java/test/org/apache/kafka/connect/integration/ConnectorValidationIntegrationTest$TestConverter.class
2278fa7f6636b1505593dc0eece83b435e535637690fbe61ff4d5bbae41f9f21	metadata/build/classes/java/test/org/apache/kafka/controller/ClientQuotaControlManagerTest.class
2281529d6bc0cca6dac7b1960d9d80165331dc3fe37e8040456d5d924bac74f5	streams/test-utils/build/classes/java/test/org/apache/kafka/streams/MockProcessorContextTest.class
22a3484cdf46315bc274d6fe62e8cd88edb2031f908fbd8926cc2bf90d47e62c	streams/integration-tests/build/classes/java/test/org/apache/kafka/streams/integration/EosIntegrationTest$TestClientSupplier.class
22a3543c783094e1dd58f2590b0fc7ce699a700237980ee2aeff8909e52e4698	server-common/build/classes/java/test/org/apache/kafka/server/purgatory/DelayedOperationTest$1.class
22c03c018416c2674fb183bec819c3937793ac45c807af573d97b4b26b0d158a	group-coordinator/build/classes/java/test/org/apache/kafka/coordinator/group/streams/assignor/StickyTaskAssignorTest$TopologyDescriberImpl2.class
22e2305603a343ef77b64bba55f580ef5d1df2c95d1ee4e31fa4cd0dd6cd5f66	streams/upgrade-system-tests-39/build/classes/java/test/org/apache/kafka/streams/tests/StreamsUpgradeTest.class
22e232827c41e0ac79edfbf298cf380d361dfdba78aed2304c272bfb6691cfd2	clients/build/classes/java/test/org/apache/kafka/common/protocol/types/StructTest.class
22f2e7d1f7ad1b5942b5626991bec1ff3b872484751d9088cd769017d0fbdd7b	core/build/classes/scala/test/kafka/server/ControllerMutationQuotaTest$TestPrincipalBuilder.class
230b68719cb24faf016fa5848d1b35d55273a2f6ccd53d92e29d36eb45790958	metadata/build/classes/java/test/org/apache/kafka/controller/ResultOrErrorTest.class
230f7b253c60e8e249d1806333bc853c8f079c10c6247563269fb5741e73549b	streams/integration-tests/build/classes/java/test/org/apache/kafka/streams/integration/SwallowUnknownTopicErrorIntegrationTest.class
2312d4f0dc9e6db7211fbab7a36a1f9d9375388e5d15a5d2e2c13a25520c51f5	core/build/classes/scala/test/kafka/server/DynamicBrokerReconfigurationTest.class
2323e2916fcb754d85da725cbeb32fe8d1842e3a64fe3dfe04905dcc22d71e96	streams/integration-tests/build/classes/java/test/org/apache/kafka/streams/integration/VersionedKeyValueStoreIntegrationTest$CustomIQv2VersionedStoreSupplier.class
2328d21068b93e63b8b8502d354faf36490e77b7c9d00f90a168a8149d7178bd	raft/build/classes/java/test/org/apache/kafka/raft/FollowerStateTest.class
23316f47ca8743f5c5669ec50ee8374196933513ed726cb165f6018681a0cbf8	streams/upgrade-system-tests-22/build/classes/java/test/org/apache/kafka/streams/tests/StreamsSmokeTest.class
23316f47ca8743f5c5669ec50ee8374196933513ed726cb165f6018681a0cbf8	streams/upgrade-system-tests-23/build/classes/java/test/org/apache/kafka/streams/tests/StreamsSmokeTest.class
23316f47ca8743f5c5669ec50ee8374196933513ed726cb165f6018681a0cbf8	streams/upgrade-system-tests-24/build/classes/java/test/org/apache/kafka/streams/tests/StreamsSmokeTest.class
23316f47ca8743f5c5669ec50ee8374196933513ed726cb165f6018681a0cbf8	streams/upgrade-system-tests-25/build/classes/java/test/org/apache/kafka/streams/tests/StreamsSmokeTest.class
23316f47ca8743f5c5669ec50ee8374196933513ed726cb165f6018681a0cbf8	streams/upgrade-system-tests-26/build/classes/java/test/org/apache/kafka/streams/tests/StreamsSmokeTest.class
23316f47ca8743f5c5669ec50ee8374196933513ed726cb165f6018681a0cbf8	streams/upgrade-system-tests-27/build/classes/java/test/org/apache/kafka/streams/tests/StreamsSmokeTest.class
23316f47ca8743f5c5669ec50ee8374196933513ed726cb165f6018681a0cbf8	streams/upgrade-system-tests-28/build/classes/java/test/org/apache/kafka/streams/tests/StreamsSmokeTest.class
233c724d762f3e022ec6957dc0612a32cda0fab8ef9b5830d0b14560c0262cc4	group-coordinator/build/classes/java/test/org/apache/kafka/coordinator/group/metrics/GroupCoordinatorMetricsShardTest.class
235b09e4dccf3a3db15af60f1ea223f81262f30905317ab623f883fd88165c5e	group-coordinator/build/classes/java/test/org/apache/kafka/coordinator/group/GroupMetadataManagerTestContext$JoinGroupRequestBuilder.class
237a443bb5f0237db9517d6888bae0ee5bd922258b9e72cfc5b6e238d6050d3e	streams/integration-tests/build/classes/java/test/org/apache/kafka/streams/integration/GlobalStateReprocessTest$1.class
237d536d56f63f3553cb125210df7198d5bdf5597a1c579e86e6de97a3c6c907	streams/upgrade-system-tests-40/build/classes/java/test/org/apache/kafka/streams/tests/StreamsUpgradeTest$1.class
239e7d4c2299ddb07e6369ef7c075c6d9c7263f17f0ffc6814e2a6e012eed13e	storage/build/classes/java/test/org/apache/kafka/tiered/storage/specs/TopicSpec.class
23a66d6d1dc904f13892bb49e6866b4a358cfac2190ed87ebbc47a9f39f6460d	core/build/classes/scala/test/kafka/server/ConfigAdminManagerTest.class
23ab23770f185b718fc2e3b0706adc538e9d106be543dfe85b8fafc956790b60	streams/build/classes/java/test/org/apache/kafka/streams/processor/internals/TaskManagerTest.class
23e40a0fcfe6e7a2cc4b272268edd3346f31fb9c518f0042287ca1e031489cc6	streams/integration-tests/build/classes/java/test/org/apache/kafka/streams/integration/RestoreIntegrationTest.class
23e74e5b06019b6ea5c05118e8d4e953baa4df5df6ab93394370be0a283a733b	storage/build/classes/java/test/org/apache/kafka/tiered/storage/integration/TransactionsTestHelper$TransactionHooks.class
23f261b5ae308a2303e49ee55c8df0356aae2efafd6e0be3ee6116811d6ca85a	connect/api/build/classes/java/test/org/apache/kafka/connect/sink/SinkConnectorTest$TestSinkConnectorContext.class
2406cc34ec8d27a77154247e48c9821ba97a64e72fa24012b375a9473b9aad61	clients/clients-integration-tests/build/classes/java/test/org/apache/kafka/clients/security/GroupAuthorizerIntegrationTest$GroupPrincipalBuilder.class
240960362bee484df34c050c3d9d32987cc316ac8a93a80d00e618dde2c8d8c0	clients/clients-integration-tests/build/classes/java/test/org/apache/kafka/clients/consumer/PlaintextConsumerPollTest.class
2409f44bf4ee6e69583fdfcaa7643f53770c6947e0ee4971c42c8d23f2c03127	clients/build/classes/java/test/org/apache/kafka/clients/producer/MockProducerTest$10.class
240b3c6d6b3b65cf6a2d1f7d1601b30566476a86f4f2a69e10cce99bc027007e	clients/build/classes/java/test/org/apache/kafka/clients/consumer/internals/SubscriptionStateTest$10.class
240d54c600bd53a7e0dd9e2b8cf57fdde1653243df013fe076593fe15ca942c4	streams/build/classes/java/test/org/apache/kafka/streams/processor/internals/GlobalStateManagerImplTest$20.class
2413359dd52082716be0e0e460d9c25b99e49d9180163c3b5312b3c1ba799566	core/build/classes/scala/test/kafka/server/ControllerApisTest$MockControllerMutationQuota.class
24147ea05327018ca3cd09436f607b5095354b6162e976dc7740de8000e582b7	core/build/classes/scala/test/kafka/server/DynamicBrokerReconfigurationTest$ConsumerBuilder$.class
24411ce827513967b383792895c5e997f06eda43abf8d89f1292a636cda64187	streams/build/classes/java/test/org/apache/kafka/streams/state/internals/StoreSerdeInitializerTest.class
244223584a234a951bd2c2423cf4088ef7870231643b524e828d48bcd1b90a2b	streams/integration-tests/build/classes/java/test/org/apache/kafka/streams/integration/GlobalKTableIntegrationTest$TestGlobalProcessingExceptionHandler.class
2455ca610c44cc56cd436176dac8d8d6fdee56931e061b012a4f85f36faf29a5	clients/build/classes/java/test/org/apache/kafka/clients/admin/internals/AllBrokersStrategyTest.class
24653d919c241cc560713aa3cdb7316282f899eefebb5ca90c9244a9b43f8212	metadata/build/classes/java/test/org/apache/kafka/image/writer/RaftSnapshotWriterTest.class
246ea7a2b2d61690b236af6a68f919f0f493f56a794abe88af2cae1ef04adec4	connect/runtime/build/classes/java/test/org/apache/kafka/connect/runtime/WorkerConfigTest.class
2482db58eba96ca4b9686b1a0a193147a58a74172268297edf221a1f1aef2aac	core/build/classes/scala/test/kafka/server/TestMetricsReporter.class
24911a684ae712fe21c83649f8fb0a4ac08b4eea5901b8090b3800c22d552eb5	core/build/classes/scala/test/kafka/server/ShareGroupHeartbeatRequestTest$WithAssignmentBatchingDisabledTest.class
249581d0f267789f8a7a7a09179aaa20c1575182cf529e74372e9cdec49cc49d	core/build/classes/scala/test/kafka/server/ListOffsetsRequestTest.class
249b58380109bbe082c42712fd50393b2fa3466bbe130a885e334804bc9a22f3	group-coordinator/build/classes/java/test/org/apache/kafka/coordinator/group/modern/share/ShareGroupConfigProviderTest.class
249f888773912b632c19d87b5009958a14ecead15b8cd02ff631cd31f320c757	streams/build/classes/java/test/org/apache/kafka/streams/state/internals/SessionToHeadersIteratorAdapterTest.class
24c63829e5a281c9077d60d78c547d90394d807c22f1f32f675c4fe005969470	clients/build/classes/java/test/org/apache/kafka/clients/consumer/internals/ShareCompletedFetchTest.class
24e00cf4620fd8384e003a2e3d0d7f764c8d232f7d0752acba6080e7875db10a	connect/runtime/build/classes/java/test/org/apache/kafka/connect/runtime/SamplePredicate.class
24e1ae3a2606765ea545e6ae9679919ccfe1702978f96cbac0ba0bf4bb57e770	streams/build/classes/java/test/org/apache/kafka/streams/state/internals/InMemoryTransactionalWindowStoreTest.class
24f29ded4704d4ed6ddf2dd0c15dc83946db96ec65d4c2447cdad70555f69dc7	group-coordinator/build/classes/java/test/org/apache/kafka/coordinator/group/assignor/RangeSetTest.class
24f88dea2b5bd80bc52650b9770122b3ebdcae530bb968e982f8a88aeadccd3e	streams/build/classes/java/test/org/apache/kafka/streams/state/internals/ChangeLoggingSessionBytesStoreTest.class
24f95d043e74a1c33238564b6d0ba8e5d2610be8d46d53ce81dc9e299d2ead2b	streams/build/classes/java/test/org/apache/kafka/streams/state/internals/RocksDBTimestampedStoreTest$CapturingOffsetsTimestampedStore.class
2517b279ed077fda79acb028b93cdd27ba6a693accdf256cada9bf4a63682107	streams/integration-tests/build/classes/java/test/org/apache/kafka/streams/integration/RegexSourceIntegrationTest$2.class
2537aaf291b1937fd27c82afb3e9b0c9ce74b810f1c2b7643e81d529c94947c1	core/build/classes/scala/test/kafka/server/AbstractFetcherThreadTest$$anon$5.class
253f899ddaa4a0b475b89d547106c0e0fc99d73229944605ac3fc9b987b08bad	group-coordinator/build/classes/java/test/org/apache/kafka/coordinator/group/modern/consumer/CurrentAssignmentBuilderTest.class
25409bc3e807b9cb234013259ec6b669457bf2e12d3fc173bdd2ca6f118835f6	core/build/classes/scala/test/kafka/api/AbstractAuthorizerIntegrationTest.class
2540e9ba7483d3a07dd5da1223b4c7428050890090a28be1122b1129a386a8e0	connect/mirror-client/build/classes/java/test/org/apache/kafka/connect/mirror/MirrorRecordVersionTest.class
2544bca722faa7dc0879d5d032963f5a531947906a5b0c78c5df17404d54cff5	group-coordinator/build/classes/java/test/org/apache/kafka/coordinator/group/streams/StreamsGroupDescribeResultTest.class
254eec0906e2712073fc13245c02500ec8e393c333c78d9f3aa585c7bd31efcb	streams/build/classes/java/test/org/apache/kafka/streams/processor/internals/InternalTopicManagerTest.class
25554750c96ab041992eb4b51e42c1d5afb270339db999215c518addd95e4440	tools/build/classes/java/test/org/apache/kafka/tools/consumer/group/ConsumerGroupCommandSaslAuthenticationTest.class
256365f36e368b36423be9ac8f684bd0618f71fdfdcdbc2640c75a6192b41199	streams/integration-tests/build/classes/java/test/org/apache/kafka/streams/integration/utils/TrackingTopologyDescriptionPlugin.class
257af80c9411bd394755ad44b03e86e854e6fb7b67f6698fb5c70d239f4d2d55	connect/runtime/build/classes/java/test/org/apache/kafka/connect/runtime/rest/resources/ConnectorPluginsResourceTest.class
2595e84a70fed9f24697b043011e6d67597c3b95528d9ad89602585211180d1b	clients/build/classes/java/test/org/apache/kafka/clients/admin/internals/DeleteConsumerGroupsHandlerTest.class
25b1a99bc7e3558a07ce392ed68c3aae38235c791326f2d838d75f9a6a7b9095	core/build/classes/scala/test/kafka/server/AbstractFetcherThreadTest$$anon$7.class
25b6ede3f31cf25fe8ab790629b0f349091367ef5dcc95d904204f344cefecf7	streams/build/classes/java/test/org/apache/kafka/test/MockStateRestoreListener.class
25b82b1d9f4e8c418372c9beb480c9c5af51d0168ca550e32a0e7614724268e0	streams/build/classes/java/test/org/apache/kafka/streams/processor/internals/GlobalStateManagerImplTest$19.class
25c12e4f538d0f99140a0751266fe34d3887db2461ecfc5f8536368c37d03456	connect/mirror/build/classes/java/test/org/apache/kafka/connect/mirror/OffsetSyncStoreTest$2.class
25c7fe8a4eab89a460eeebbc8fd5e3c30596c7e4ab6d14b5da2164a44a24902d	streams/integration-tests/build/classes/java/test/org/apache/kafka/streams/integration/PapiDslIntegrationTest$13.class
25d503be8aaf954f43839b06a2cb8461efeb2ceb50770c963db4a29c3f05b31b	clients/build/classes/java/test/org/apache/kafka/common/security/scram/internals/ScramSaslServerTest.class
25efdcc8056b75b11ad4164151df097b78b6c28ca0bed13d613456854a7f94dd	streams/build/classes/java/test/org/apache/kafka/streams/processor/internals/RepartitionOptimizingTest$SimpleProcessor.class
25f42f5793a4d139e171ba6b09193f56d91a0a1812c8e266d0d4f6ba41a3c3ff	clients/build/classes/java/test/org/apache/kafka/common/config/provider/FileConfigProviderTest.class
25fe427b92f09456e8ac596893570262efd6bcb245c6986bf434d03191bdd3d5	streams/build/classes/java/test/org/apache/kafka/streams/state/internals/DelegatingPeekingKeyValueIteratorTest.class
261698d409124459a7e2783b4820e3eaca64849b773db598ce2482075182dfa3	coordinator-common/build/classes/java/test/org/apache/kafka/coordinator/common/runtime/EventAccumulatorTest.class
261b544bd28938b377c9d1b32acdd262befe78784fa7b8f0880c8bab7b7162ad	connect/mirror-client/build/classes/java/test/org/apache/kafka/connect/mirror/MirrorClientTest.class
2634760854e102a4faac4baa4755f5005b662a1d3540fe7fbe6cfd8a35a666c7	storage/build/classes/java/test/org/apache/kafka/storage/internals/log/LogSegmentsTest.class
2659986e3f083e37a13773b9467c9840eaa1b4930f2ddd825c8ce3ac882b65df	streams/build/classes/java/test/org/apache/kafka/streams/state/internals/SessionStoreBuilderTest.class
2660535ae143d55b5e1045cd01e95005dd7ec0af59d45b09ff05b2b2b258282f	group-coordinator/build/classes/java/test/org/apache/kafka/coordinator/group/streams/TasksTupleWithEpochsTest.class
266539b0fd5864969cddcc065b0bec9ed62b039406100a59e80d49e54bded13d	clients/build/classes/java/test/org/apache/kafka/common/security/oauthbearer/internals/secured/assertion/DefaultAssertionCreatorTest.class
2670e3fc9e1a8990a09ae42db88edb89bd905873ae031d413a4313d8e2517eca	tools/build/classes/java/test/org/apache/kafka/tools/reassign/ReassignPartitionsUnitTest.class
267c826ac1ff2ec5aa7a8ccef190be6cb256d36ac01a69a8e5c8f474ddd1158b	core/build/classes/scala/test/kafka/api/SaslScramSslEndToEndAuthorizationTest.class
26d24e346485c12120bd87b00790a8924f9882774ed64c7031018acf9cba3f88	clients/build/classes/java/test/org/apache/kafka/clients/consumer/ConsumerRebalanceListenerTest.class
26ee8fe3d9a79f352b0fc89d93c286665fad7abd1c9a74729aafacf74cd7ae71	core/build/classes/scala/test/kafka/server/DelayedFetchTest.class
26f03161359ae798ca29e4594a2d24d62176da0c34456c2d4401de5537766577	server-common/build/classes/java/test/org/apache/kafka/metadata/AssignmentsHelperTest$1.class
26f241ed6db18e2bc428993e576bc3b0bb53bff3d4afe6119a88a7b819585233	clients/build/classes/java/test/org/apache/kafka/common/record/internal/MemoryRecordsTest$1.class
26f89cbff91ec05916b37d7af13915f37309c331fe5bad90ef90eb2e6c8c7ce6	connect/runtime/build/classes/java/test/org/apache/kafka/connect/runtime/WorkerConnectorTest.class
27037ce0f0b58ec890da2c837a1d793820e431be68b227458fccfcbfd460b6f3	core/build/classes/scala/test/kafka/server/AlterUserScramCredentialsRequestTest.class
270b4f46081fad9594aab0af1f9509f6ae4ffd12b5285857833a8ae658ab6c55	server/build/classes/java/test/org/apache/kafka/server/DefaultAutoTopicCreationManagerTest.class
270c12d7a6937a79849f238f1871eb8af1c6e2b1c3ea6939524a2013ab88afa8	clients/build/classes/java/test/org/apache/kafka/common/network/SslTransportLayerTest$TestSslChannelBuilder.class
270ca86d54debcc75e9f49550375caa6c3034150fcc2fb8160b084c72c430dd2	storage/build/classes/java/test/org/apache/kafka/storage/internals/log/UnifiedLogTest$MockLogOffsetsListener.class
270dea333d850daec9ba6322217bb5eb2dc503cf7e9d5d2e8393d2ffe72013bc	streams/integration-tests/build/classes/java/test/org/apache/kafka/streams/integration/AbstractJoinIntegrationTest$Input.class
2717c746891ca7d3bd8054b9d6d3d428524160f5a4ef0f8858f5a350a4a8f364	core/build/classes/scala/test/kafka/coordinator/AbstractCoordinatorConcurrencyTest$TestReplicaManager$$anon$3.class
2728ae88ceef2d73a02ef2c80585ef8c1d290cf6262a75435d8c9266cc247d5e	core/build/classes/scala/test/kafka/server/ReplicaManagerTest$CallbackResult.class
27591546fecd976343b1f81a60591715ea6aa4a5e3b9caa53390df8a21a92d30	core/build/classes/scala/test/kafka/coordinator/transaction/TransactionCoordinatorConcurrencyTest$Transaction.class
2760d10979985f5e67e7f82e690f11a0648004f317f045b7dfa0ee202a556e8e	tools/build/classes/java/test/org/apache/kafka/tools/BrokerApiVersionsCommandTest.class
2787d6f00a3fc4694825ac6a62b865c4cdbc65b5af02c5bb56868a059658243a	streams/integration-tests/build/classes/java/test/org/apache/kafka/streams/integration/RestoreIntegrationTest$CloseCountingInMemoryStore.class
27c6f0829991349b50eeeaf5dba760beae93f48547b12df13281abedef20c77a	core/build/classes/scala/test/kafka/server/metadata/BrokerMetadataPublisherTest.class
27dbcb640474d63dd75884914708dcc199371321267e5d8cf0a759c6c58f875e	streams/integration-tests/build/classes/java/test/org/apache/kafka/streams/integration/TimestampedStoreUpgradeIntegrationTest.class
281de818db275dca505b146c0ea2782a1a70a0f9b6faa8323db35f469d37fba6	streams/build/classes/java/test/org/apache/kafka/streams/kstream/internals/KStreamProcessorApiTest$TransformerSupplier.class
282d82b2e01323d1eb02dd1cbbc1f6837cde789a33b441d852b7aed98e1e0df6	clients/build/classes/java/test/org/apache/kafka/common/metrics/MetricsTest$ConcurrentMetricOperation.class
283b8f503436695f51248e169369349a18f437d63a1b84432ca2f9107d55f987	clients/build/classes/java/test/org/apache/kafka/test/DelayedReceive.class
2841e06f736c48b6d36325a2754ff316dbe34488a8e3a5e57daa2e30de04fe00	group-coordinator/build/classes/java/test/org/apache/kafka/coordinator/group/streams/StreamsCoordinatorRecordHelpersTest$1.class
2847c5901e4cb5c87b2fe498b84858e58de987ced3f0e8ea38b5bd82fbe85bb1	clients/clients-integration-tests/build/classes/java/test/org/apache/kafka/clients/admin/DescribeProducersWithBrokerIdTest.class
28611ed56c0d6926b86115dae3b5cb7271f4f659b5f91d78c7b41407cd552a68	streams/build/classes/java/test/org/apache/kafka/streams/state/internals/TimeOrderedKeyValueBufferTest$NullRejectingStringSerializer.class
287e283d21a7a26fc42e455f0bd01a81af8a1e3687978ca269975548af152360	group-coordinator/build/classes/java/test/org/apache/kafka/coordinator/group/streams/assignor/StickyTaskAssignorTest$TopologyDescriberImpl.class
28a07d12f396522612023da81faaa3c2809039cde1ac102e9b03e3743b637587	streams/streams-scala/build/classes/scala/test/org/apache/kafka/streams/scala/kstream/KStreamTest.class
28c3acaa770d05e4f9daa2b623d1ef8cd597dd71e10b0b150fcbd309d251d7ae	clients/build/classes/java/test/org/apache/kafka/clients/consumer/internals/CounterConsumerRebalanceListener.class
28e69a675dfcbdcf01c512ed6fe8d3872fa10927cf00dbd66e08a793a6dc95dd	connect/transforms/build/classes/java/test/org/apache/kafka/connect/transforms/InsertHeaderTest.class
28e77a7a6957ffca10686d32f93e6a10bace94961d6d413f4a8841ec6d0ce22e	streams/upgrade-system-tests-43/build/classes/java/test/org/apache/kafka/streams/tests/StreamsUpgradeTest$1.class
29008dff45b4afba9fdeb95cf547add6179825ab07ab844703aac5397eccbdfd	streams/integration-tests/build/classes/java/test/org/apache/kafka/streams/integration/HeadersStoreUpgradeIntegrationTest$TimestampedKeyValueWithHeadersProcessor.class
290234f7c8867fd3ef3a14415b09ff3cf9950ee5330894ede5fd3e05d15cdcf0	clients/clients-integration-tests/build/classes/java/test/org/apache/kafka/clients/consumer/PlaintextConsumerCallbackTest$3.class
294c10b32bf455633ec9feb3839d6e71130214f589acf6e1b11a5100b1073ae2	streams/integration-tests/build/classes/java/test/org/apache/kafka/streams/integration/IQv1IsolationLevelIntegrationTest$WriteStep.class
294ec73b78924c1572e18b6a03dd791d91301aaf3364a2e9d75b2990db9d7c3f	streams/integration-tests/build/classes/java/test/org/apache/kafka/streams/integration/ResetPartitionTimeIntegrationTest.class
295436227e0f7306a2bf0ef3a8d1357aea8704a72113b416fd822c90b69937b8	connect/runtime/build/classes/java/test/org/apache/kafka/connect/integration/BlockingConnectorTest$BlockingSourceConnector.class
295c9b743eba8ef7815a778ffd5a7c4059390bc13259115f61dcaebcb6853443	clients/build/classes/java/test/org/apache/kafka/clients/consumer/internals/RequestManagersTest.class
295e6aaf81115969e6a313fc1b95c4a90a1541bea3bc182d46e0b3be8991f7e5	streams/build/classes/java/test/org/apache/kafka/streams/state/internals/RocksDBVersionedStoreSegmentValueFormatterTest.class
2977c8780f9da5e79632afb7b9b5e0dd578e05aebe5e6cd17b0915b7c5745cb7	streams/build/classes/java/test/org/apache/kafka/streams/processor/internals/assignment/ConstrainedPrioritySetTest.class
297d5148906e68a515e098897847029162e821329ebde70b810308c2fa3961a0	core/build/classes/scala/test/kafka/server/KafkaRequestHandlerTest.class
29990525ba04bec5c56de9fc78828c0a8fb7283129648063d961fa4fe7c45ed4	clients/build/classes/java/test/org/apache/kafka/clients/producer/MockProducerTest$9.class
299d26e2e24093dfb62e0352e5ccd9be6ad91f5e450351029f83c3fbdda17205	streams/upgrade-system-tests-22/build/classes/java/test/org/apache/kafka/streams/tests/StreamsUpgradeTest$1.class
299ff7ca12fbe9a7c296a257152a95055472e44a7a00c6b0b00bcc705a794704	streams/integration-tests/build/classes/java/test/org/apache/kafka/streams/integration/SmokeTestDriverIntegrationTest.class
29af525c1d972d1cd3e6e9665a38ee7afce612656b697536e5843127fb6d7f81	metadata/build/classes/java/test/org/apache/kafka/image/publisher/SnapshotGeneratorTest.class
2a1c316419493a8f96674c996a719c52ab4315eeae4fc7f5199331a027eaa83d	streams/upgrade-system-tests-31/build/classes/java/test/org/apache/kafka/streams/tests/SmokeTestDriver.class
2a1c316419493a8f96674c996a719c52ab4315eeae4fc7f5199331a027eaa83d	streams/upgrade-system-tests-32/build/classes/java/test/org/apache/kafka/streams/tests/SmokeTestDriver.class
2a1c316419493a8f96674c996a719c52ab4315eeae4fc7f5199331a027eaa83d	streams/upgrade-system-tests-33/build/classes/java/test/org/apache/kafka/streams/tests/SmokeTestDriver.class
2a1c316419493a8f96674c996a719c52ab4315eeae4fc7f5199331a027eaa83d	streams/upgrade-system-tests-34/build/classes/java/test/org/apache/kafka/streams/tests/SmokeTestDriver.class
2a1c316419493a8f96674c996a719c52ab4315eeae4fc7f5199331a027eaa83d	streams/upgrade-system-tests-35/build/classes/java/test/org/apache/kafka/streams/tests/SmokeTestDriver.class
2a1c316419493a8f96674c996a719c52ab4315eeae4fc7f5199331a027eaa83d	streams/upgrade-system-tests-36/build/classes/java/test/org/apache/kafka/streams/tests/SmokeTestDriver.class
2a1c316419493a8f96674c996a719c52ab4315eeae4fc7f5199331a027eaa83d	streams/upgrade-system-tests-37/build/classes/java/test/org/apache/kafka/streams/tests/SmokeTestDriver.class
2a1c316419493a8f96674c996a719c52ab4315eeae4fc7f5199331a027eaa83d	streams/upgrade-system-tests-38/build/classes/java/test/org/apache/kafka/streams/tests/SmokeTestDriver.class
2a1c316419493a8f96674c996a719c52ab4315eeae4fc7f5199331a027eaa83d	streams/upgrade-system-tests-39/build/classes/java/test/org/apache/kafka/streams/tests/SmokeTestDriver.class
2a1c316419493a8f96674c996a719c52ab4315eeae4fc7f5199331a027eaa83d	streams/upgrade-system-tests-40/build/classes/java/test/org/apache/kafka/streams/tests/SmokeTestDriver.class
2a1c316419493a8f96674c996a719c52ab4315eeae4fc7f5199331a027eaa83d	streams/upgrade-system-tests-41/build/classes/java/test/org/apache/kafka/streams/tests/SmokeTestDriver.class
2a1c316419493a8f96674c996a719c52ab4315eeae4fc7f5199331a027eaa83d	streams/upgrade-system-tests-42/build/classes/java/test/org/apache/kafka/streams/tests/SmokeTestDriver.class
2a1c316419493a8f96674c996a719c52ab4315eeae4fc7f5199331a027eaa83d	streams/upgrade-system-tests-43/build/classes/java/test/org/apache/kafka/streams/tests/SmokeTestDriver.class
2a1de3a659eae35a7acca79ef9cebf3df8770c0429b1c1fbe83edff5dc9dfbfa	streams/build/classes/java/test/org/apache/kafka/streams/tests/RelationalSmokeTest$Comment$CommentDeserializer.class
2a24e54e865a45255d820dc8bc61ba52274525f876b5a1ca6e27116de9bfef01	clients/build/classes/java/test/org/apache/kafka/common/security/oauthbearer/internals/secured/ClientCredentialsRequestFormatterFactoryTest.class
2a29aae18238de3fd51142a360aeee6e0e8437af8db817d23846810afb43a558	streams/integration-tests/build/classes/java/test/org/apache/kafka/streams/integration/JoinStoreIntegrationTest.class
2a2e86e1420aacad34450dd2b24a8ea7af4f8194f8b1e4638288bc2437d9d456	clients/build/classes/java/test/org/apache/kafka/common/security/oauthbearer/internals/secured/RetryTest.class
2a3af31df89582578155121a6135d703e765d848ed113b185813a9d84a3a13e5	metadata/build/classes/java/test/org/apache/kafka/controller/ReplicationControlManagerTest$1.class
2a42e66732a8d0e7ecf867dd64c004ad642299f7c1e02b244782568abb7c6659	server/build/classes/java/test/org/apache/kafka/server/ClientMetricsManagerTest.class
2a4bce47137df8d4185f6f211c463da3c8fd74ed64d364ff19c45c748f37c42d	streams/build/classes/java/test/org/apache/kafka/streams/kstream/MaterializedTest.class
2a4bf9e6b05aa27e3baa974252676ee6f7d564afaee589d519291373e42d790f	storage/build/classes/java/test/org/apache/kafka/server/log/remote/storage/LocalTieredStorageTest.class
2a5540cadb7b765950db5d065a9e333c2b0ab4df3e2eca5d09c33b7424487736	metadata/build/classes/java/test/org/apache/kafka/controller/errors/ControllerExceptionsTest.class
2a61fd5d645910babab7d40cb248ccff3ee074a6ae467f309b91f04ba21eb873	clients/build/classes/java/test/org/apache/kafka/common/config/ConfigDefTest$NestedClass.class
2a74d670cc19ef8cd0ea6d2b0cde2e36ff3a9f06c2d055f5b81bf4e31407edfc	connect/runtime/build/classes/java/test/org/apache/kafka/connect/runtime/isolation/DelegatingClassLoaderTest.class
2a7bb942f9e414d7a13f0f07c63812f684356ea9b13d28bba422f7b8b04e020f	streams/build/classes/java/test/org/apache/kafka/streams/processor/internals/ProcessorContextTest.class
2a9bdbe30862b74194e3ea970760be6811706b351595021d7fcd17aa5187cbc8	clients/build/classes/java/test/org/apache/kafka/common/security/oauthbearer/internals/secured/ConfigurationUtilsTest.class
2aa607dfe040c36885e75653d0dea7f28d021749f1bc0de47ef9b027444fd013	streams/build/classes/java/test/org/apache/kafka/streams/processor/internals/RackAwarenessStreamsPartitionAssignorTest$ClientTagDistribution.class
2aa6d09655c3b59a2cc33feb3e6ec48d4bf4de27081a5451a809bc19acf1cc73	raft/build/classes/java/test/org/apache/kafka/raft/LeaderAndEpochTest.class
2aae5761a7a109a6efec35b8bfdf201011c7b8ccd6f6b35091f2feb06bc0a2d1	streams/integration-tests/build/classes/java/test/org/apache/kafka/streams/integration/KTableKTableForeignKeyJoinMaterializationIntegrationTest.class
2ab2ee13475aba0797f3329dcffe5a0f0de489ea22493df870a53e4ff7d2d17c	streams/build/classes/java/test/org/apache/kafka/streams/processor/internals/GlobalStreamThreadTest$2.class
2ae86a25c5d2390adf5a2964aa9cda59ac0a6ba08b6e9da5371804d62207bce2	streams/upgrade-system-tests-10/build/classes/java/test/org/apache/kafka/streams/tests/StreamsUpgradeTest$2$1.class
2aeb5eba4651f08fab6c53b2ddff268dddc72d234290f5ca191e2fda07a0991c	clients/build/classes/java/test/org/apache/kafka/common/record/internal/BufferSupplierTest.class
2af9d64157f7a4c7694f34adb67225ce7bed9c1de9be70d7ed0afc2dde115818	clients/clients-integration-tests/build/classes/java/test/org/apache/kafka/clients/consumer/PlaintextConsumerAssignTest$CountConsumerCommitCallback.class
2b03a53f9e9566d2bd9e11b1a34de17923b95e2d657e65af8052b00b5e822b79	metadata/build/classes/java/test/org/apache/kafka/metadata/ListenerInfoTest.class
2b0680abc961f501eb76ee9fd4b4759748d8fb04b5d3f3765a4f178c237d6f6f	clients/build/classes/java/test/org/apache/kafka/clients/admin/internals/ListTransactionsHandlerTest.class
2b0c207cbf430f34717ac88be0b227b36110840dff98b00ee62e2894e29f8b70	generator/build/classes/java/test/org/apache/kafka/message/checker/EvolutionVerifierTest.class
2b0f2fe11b14fbc4ccf1c152862d0cc35e243190be6b99741dd421c50ec5024f	metadata/build/classes/java/test/org/apache/kafka/controller/OffsetControlManagerTest.class
2b1780b37ea1622ef3d9bd5017fbf012252fe4378c582264922898358762f5d5	core/build/classes/scala/test/kafka/server/MonitorableReplicaSelector.class
2b1ed63aa72f8311a1087a1938128631285b8fdeb25a591c9414d267072e4062	storage/build/classes/java/test/org/apache/kafka/storage/internals/checkpoint/OffsetCheckpointFileWithFailureHandlerTest.class
2b231bd28f84c68c839ed235762f53390b815e90fdf66f9fecf97eb285b6967d	core/build/classes/scala/test/kafka/server/TestDynamicThreadPool.class
2b24f8e46389340ec115f2779777ffd53fdc100b45fa3e02f968a80e79d82897	clients/build/classes/java/test/org/apache/kafka/clients/consumer/ConsumerRecordTest.class
2b446bef086ac4ac6b49ed9cc0394fa43ee2257d3219e17de6d7b94ac2218619	clients/build/classes/java/test/org/apache/kafka/clients/admin/EndpointTypeTest.class
2b490bc61a4264ba617529e5046cbf56f3a6d038c55480c0042ed01e60638541	connect/mirror/build/classes/java/test/org/apache/kafka/connect/mirror/MirrorCheckpointTaskTest$1.class
2b4c2d03fb88af7f4fb940cc24ef1d2c897529d5f65bf4f304ba3173a4cc669a	core/build/classes/scala/test/kafka/api/EndToEndAuthorizationTest.class
2b667784cf4f21a99fb7e3a4f762dc2647e185045e802040c5081f0faa2ae5cd	core/build/classes/scala/test/kafka/network/SocketServerTest$$anon$6.class
2b6a34b3f72bb23321f8d63e715673df0a2383bf214be8932d0bbafd2b7880f9	streams/build/classes/java/test/org/apache/kafka/streams/processor/internals/StreamThreadTest$MockConsumerClientSupplier.class
2b6ad9ff7b7632ea4eb222231d1944983aa004aadbe6868a16ba180f5b60b2a8	connect/transforms/build/classes/java/test/org/apache/kafka/connect/transforms/util/NonEmptyListValidatorTest.class
2b6d2573503a3c9c7d0ba5498670041b3ef57104ffe4a6c05f99a87b73ed90db	storage/build/classes/java/test/org/apache/kafka/storage/internals/log/LogManagerTest.class
2b6ebe5bf825d18271e33420a38daa7823cf9e359d085f0e1ed49d7c358e8062	core/build/classes/scala/test/kafka/server/MultipleListenersWithAdditionalJaasContextTest.class
2b6f7d6dcb60bcfbdf580857aafbe6df20c601387e54d59bf854bdef4682abb0	tools/build/classes/java/test/org/apache/kafka/tools/consumer/group/ListConsumerGroupTest.class
2b9a38ce649768d731055bbb088b8082b8005dd1f2aacf24df2555c65f9d6a94	clients/build/classes/java/test/org/apache/kafka/common/utils/MockTimeTest.class
2b9c15bd35aadb260e906b11355b3095ac05d3f5e310d919a8cf525934210d29	streams/build/classes/java/test/org/apache/kafka/test/MockTimestampExtractor.class
2bc0444c8ae22b458e7f9cf7729d870f8873adf86737d8f587483fb643c75b15	core/build/classes/scala/test/kafka/api/IncrementalAllocationProducerSendTest.class
2be4c7402b76e7abe3c8396a4df61dfc3c0a29ee33ba6cb180997022548be512	storage/build/classes/java/test/org/apache/kafka/storage/internals/log/LogCleanerManagerTest.class
2bebe0004eee078d01afb74538c6bd98e78730d4ba04e9e485be92a97bdea9d9	test-common/test-common-runtime/build/classes/java/test/org/apache/kafka/common/test/junit/ClusterTestExtensionsTest.class
2bfe44630b1d4e27e0e1d4712e3a6c1b2c7f55f483668ec5a31c40e545ded715	storage/build/classes/java/test/org/apache/kafka/tiered/storage/integration/EnableRemoteLogOnTopicTest.class
2c0aba79c5f90ce78ee0fe1cdd949fdaddf802b75740c0ad98a4539b59c9ac53	streams/build/classes/java/test/org/apache/kafka/streams/processor/internals/RecordDeserializerTest.class
2c0f39399c1d6e7bbcba7380b2297caa9cbdec58fe783b3fc2989b4721032dcc	clients/build/classes/java/test/org/apache/kafka/common/utils/internals/ShellTest.class
2c442b033f2e3469e1fe38ccb7256d86016fe63fb9ce62da30b06078cccb56b3	core/build/classes/scala/test/kafka/api/SaslPlaintextConsumerTest.class
2c495c3890c1c10bc7cefb683571bb3adfb4c6d92e47c93cf9b415b476ea4266	streams/build/classes/java/test/org/apache/kafka/streams/state/internals/WindowStoreFetchTest.class
2c61d9810e4d44aeddf82fd450c91e15f481b9f1bfbf3102bb7a500cca919701	clients/build/classes/java/test/org/apache/kafka/clients/producer/internals/KafkaProducerMetricsTest.class
2c648cf62e03e94999ee5d1209943da41c1c10f389e8667e4f83a46f826ece57	clients/clients-integration-tests/build/classes/java/test/org/apache/kafka/clients/CreateTopicsRequestWithPolicyTest.class
2c6a9f5b7e7e2c94fdf06f71bc7e746259e548e725d9741a3976a48a999a78b9	clients/build/classes/java/test/org/apache/kafka/common/message/NullableStructMessageDataJsonConverter$MyStructJsonConverter.class
2cab018d3ff49234b5725cdd9dc76bf0694cb8e362122909589d4a26c18b00e3	streams/build/classes/java/test/org/apache/kafka/streams/state/internals/TimestampedWindowStoreWithHeadersSerializerSideEffectTest$HeaderAddingSerde.class
2caf51867e22eae710691aaee4b3690781d561a59650c79b26dd15e572fc3623	connect/runtime/build/classes/java/test/org/apache/kafka/connect/runtime/WorkerConnectorTest$1.class
2cceb10edc6253262419649f8c54b5980ea540086f89e2b1d9585f046a9ad35e	clients/build/classes/java/test/org/apache/kafka/clients/consumer/ConsumerRecordsTest.class
2ce7db1fc82d5585510cee75e084e26c51caca7a8d2f0c2878810061496b4616	server-common/build/classes/java/test/org/apache/kafka/server/share/persister/DefaultStatePersisterTest.class
2cec03713447a56eb4d34549915c397efb8e4359e47acfb1547d7674585b65c1	streams/build/classes/java/test/org/apache/kafka/streams/processor/internals/ProcessorStateManagerTest$6.class
2cec966ada2968d8faa5932fe83f2383b810fc27172a63838d1de0eeece2ab42	metadata/build/classes/java/test/org/apache/kafka/metadata/MetadataCacheTest$Broker.class
2cf35658706b0868174495bc2f552c8ec5111afab2f6ca5191569817c6d40955	test-common/test-common-util/build/classes/java/test/org/apache/kafka/common/test/junit/CatalogTestFilterTest.class
2cf497e7d322b50d4a83c0a0a4514ed30e4042382b5c0a12f7b7c13991189596	streams/integration-tests/build/classes/java/test/org/apache/kafka/streams/integration/PurgeRepartitionTopicIntegrationTest$1.class
2d1854b2c2b96c9dc957c9c97ff75d0656d14fa9eda56199fbba989304d33364	server/build/classes/java/test/org/apache/kafka/server/MonitorablePluginsIntegrationTest$MonitorableNoOpRemoteLogMetadataManager.class
2d2a92531b1469302fd20fb45a0497ec383d4b34ab7a6412ba44f4a94bb6f45d	streams/build/classes/java/test/org/apache/kafka/streams/kstream/internals/AbstractStreamTest$ExtendedKStreamDummy$ExtendedKStreamDummyProcessor.class
2d305f3a43687e1f0eacaa28aeec23e09715f669d67a6945773036588a579bbf	storage/build/classes/java/test/org/apache/kafka/server/log/remote/storage/LocalTieredStorageTest$Function.class
2d42a839f8a96b82225387026627f0bb647e294d1ce78e428201ec92d641d99a	clients/build/classes/java/test/org/apache/kafka/clients/consumer/internals/StreamsRebalanceDataTest.class
2d4bd1296d3f24befcc7694f6bfc72c27dbd710cdc4245b3e4b83706fa2eef8b	metadata/build/classes/java/test/org/apache/kafka/metadata/bootstrap/BootstrapMetadataTest$BootstrapTestDirectory.class
2d50969a09426ae4e0ec8da97865ff7d50d39bb6b88bd30e4e1576754282917b	core/build/classes/scala/test/kafka/api/SaslSslAdminIntegrationTest.class
2d57dd20405adc5d53c5a9d8bdf90ad1754775cb4d02af2cd2ffe0b753f21306	group-coordinator/build/classes/java/test/org/apache/kafka/coordinator/group/streams/StreamsGroupBuilder.class
2d6712a10c2f500b4c6d0a97382b15dc2c5422e254b46823d146606a996ce1d0	clients/build/classes/java/test/org/apache/kafka/common/config/AbstractConfigTest$ConfiguredFakeMetricsReporter.class
2d68c6abce378bc6a695eacbabd33a1dd9971724241c501c02b81e2e5eedce5d	server/build/classes/java/test/org/apache/kafka/server/quota/ClientQuotasRequestTest.class
2d6d9e6fbe1593c51fd130421760092aedd70a960747ef6a9a6a91951dd57a4d	streams/integration-tests/build/classes/java/test/org/apache/kafka/streams/integration/VersionedKeyValueStoreIntegrationTest$VersionedStoreContentCheckerProcessor.class
2d6e0373141811c314d52c98e5c39ccdc9a084edba72baee43bebabd44733a3b	core/build/classes/scala/test/kafka/api/SaslSslConsumerTest.class
2d9729c0cdc214bb281194023550fdaadddfd404bd4efdff29f5dc7bd6844526	server-common/build/classes/java/test/org/apache/kafka/server/purgatory/DelayedOperationTest.class
2daa9cbd3a06d93da1f30bfbdf517cba01107f1a34b9bb07d8176da866e6a192	connect/mirror/build/classes/java/test/org/apache/kafka/connect/mirror/MirrorSourceTaskTest.class
2dc88b5651056e5c75e23c26523c4c86c8c149774a2f54d0c99f8880b3091bae	streams/build/classes/java/test/org/apache/kafka/streams/processor/internals/ProcessorMetadataTest.class
2dd150637df740a5936e70531f0a22676ba182a6b4c517690c2ebfd309de6791	clients/build/classes/java/test/org/apache/kafka/common/config/provider/EnvVarConfigProviderTest$1.class
2dd67b51d6560d4de942ed3d94278b818bc67c0b81cfd8dd12f7ef5cfdea436a	streams/build/classes/java/test/org/apache/kafka/streams/processor/internals/RackAwarenessStreamsPartitionAssignorTest.class
2df6ff5471ff7a7810f80b90024905815d18c5cc04bf6ae0287014db68baaf2f	metadata/build/classes/java/test/org/apache/kafka/image/loader/metrics/MetadataLoaderMetricsTest$FakeMetadataLoaderMetrics.class
2e22d8b3ea9798ff8f72eebda82f02b287bd36a5fe32ea2ae52c48e2a245fc2d	clients/build/classes/java/test/org/apache/kafka/common/record/internal/MemoryRecordsBuilderTest$MemoryRecordsBuilderArgumentsProvider.class
2e2545acf8e7767086db7a44e58a9eef9674a2dc7b39eeb345b42a6ab2d6620c	clients/build/classes/java/test/org/apache/kafka/common/network/NetworkReceiveTest.class
2e4f69c6bdd8a5dbe2c4f14ceb3b9cf52c1f5e28f69009085ba778925c2b3fd5	clients/build/classes/java/test/org/apache/kafka/clients/producer/internals/BufferPoolChunkAllocationTest.class
2e7750d041483312e09aa50442ba0de0d6254f8a3b9d941f3ec1e633e894f105	streams/build/classes/java/test/org/apache/kafka/streams/state/internals/GenericReadOnlyKeyValueStoreFacadeTest.class
2e824a2a82596a2f82ef79626abee402fcb44e02b9b9cd052fac0fd06b8aa5ba	connect/runtime/build/classes/java/test/org/apache/kafka/connect/runtime/rest/resources/ConnectorPluginsResourceTest$ListRecommender.class
2edb79a3cc0b3520ecd9c4eb366988250f5133e98cfc448eab61180d33943c6e	streams/build/classes/java/test/org/apache/kafka/streams/kstream/internals/TimestampedCacheFlushListenerWithHeadersTest.class
2ef135f058cd58f24e927ae561b745b5e92607166e95b4a36a7345f9b0d11784	group-coordinator/build/classes/java/test/org/apache/kafka/coordinator/group/GroupMetadataManagerTest.class
2f0ee2209163bf1d00c62264073a6f9d534117f7fdcb9e58613512740c8a8557	server/build/classes/java/test/org/apache/kafka/server/share/session/ShareSessionTest.class
2f2abd772d0dd52569640d3baf4852d669e6ec69643c3553853eacf29afe3ed6	clients/build/classes/java/test/org/apache/kafka/common/security/oauthbearer/internals/OAuthBearerSaslClientTest.class
2f35b3bd51d70c2c391a896a3d57ffeea242d6828514297270e924bdf5907681	streams/build/classes/java/test/org/apache/kafka/streams/tests/RelationalSmokeTest$AugmentedArticle$AugmentedArticleSerializer.class
2f3888f7282b6fd4edd4ae8cb4ae327c199d83916d9a8e141a0215b6f91d810b	streams/build/classes/java/test/org/apache/kafka/streams/tests/StreamsNamedRepartitionTest.class
2f426510c0163eb0b57b02d8308f6200bb7623a62f2382cb9d3596ec06eb4bf9	streams/integration-tests/build/classes/java/test/org/apache/kafka/streams/integration/SmokeTestDriverIntegrationTest$WithAssignmentBatchingDisabledTest.class
2f4a3caa15993d265bb1d4b8aadc3d7326eaf86bc7ab2444fd501633a0a7d074	streams/build/classes/java/test/org/apache/kafka/streams/state/internals/KeyValueStoreBuilderTest.class
2f5d9967b4c816f85dfa05336124960a789a21a15acebda34b0216f76835bfe2	streams/integration-tests/build/classes/java/test/org/apache/kafka/streams/integration/TopologyDescriptionPluginIntegrationTest.class
2f86e2ae41b04a0b2d7ee8c188bff09e2d81cbd2f62da4295a3cf9d93cbeff5d	clients/build/classes/java/test/org/apache/kafka/clients/consumer/internals/AsyncKafkaConsumerTest.class
2f8fee9c4250b8f9e7b19f03d7b84d907606fabd7fc7c44753c7d373551e54d1	clients/build/classes/java/test/org/apache/kafka/common/security/authenticator/SaslAuthenticatorFailurePositiveDelayTest.class
2fac1a10effee93e303cd3ab647f88dedad9c08510cb7beb286704bdaaafae30	streams/build/classes/java/test/org/apache/kafka/streams/processor/internals/assignment/TaskAssignorConvergenceTest.class
2fbb9e822a21aed0b175bff71019e1ee4e0d4b09fdd7a23ccf3a8e6e28518e69	streams/integration-tests/build/classes/java/test/org/apache/kafka/streams/integration/StateUpdaterFailureIntegrationTest$1.class
2fdb6bb6afba21691c6666fe09074ba759c1d0805f913a55fcb120b68e7864f4	core/build/classes/scala/test/kafka/server/share/ReplicaManagerLogReaderTest.class
2fde82bec6ddb4ad09edeb656a5a86e0cfd4497c05f3e04d99c1bedebcee3073	core/build/classes/scala/test/kafka/server/AbstractFetcherThreadTest$$anon$16.class
2fe433dd7f5d0745bfab5ec5ba5a7bdc2826c449c479681721eef17526655fb9	clients/build/classes/java/test/org/apache/kafka/common/message/SimpleExampleMessageData$StructArray.class
2fe47ad24b2912f28c8e812011a6b79d3a191aea853384fb0f843832d3517830	streams/integration-tests/build/classes/java/test/org/apache/kafka/streams/integration/TestingMetricsInterceptingAdminClient.class
2fe70755983073cb289cd5bc9834009661aa998ca10cf89da531ba0ec08a69a2	streams/build/classes/java/test/org/apache/kafka/streams/state/internals/MeteredWindowStoreTest$CachedWindowStore.class
2ff0bc7ea17f73fb671250bd2cd493d012b64aa52fa45e07b4f50a189558ffc6	core/build/classes/scala/test/kafka/server/ReplicaManagerConcurrencyTest$ShutdownEvent$.class
3022c11eb18fbba6051eb65b8dbf6becd30d140b4260beb847b8aafeaa63bdb3	clients/build/classes/java/test/org/apache/kafka/clients/consumer/internals/FetchConfigTest.class
30291fb2c854329edaf4e1e2d2a5986f5fb91db448afb330e072f37632be91e8	server-common/build/classes/java/test/org/apache/kafka/server/util/DeadlineTest.class
302c44d66baac5bf885477f1c7a7337759dcfef0549f41ba4445d8e9d5f08726	clients/build/classes/java/test/org/apache/kafka/common/message/SimpleExampleMessageTest.class
30651378deca113338670fc3131175c85035294469b2346772d51285cec1d16d	streams/build/classes/java/test/org/apache/kafka/streams/processor/internals/StreamThreadTotalBlockedTimeTest.class
306af96171dfa5e680007622d603ead92128d6e1e66da1c5f6b3bdbb4ebc0b7e	metadata/build/classes/java/test/org/apache/kafka/metadata/BrokerRegistrationFencingChangeTest.class
307fbd88868db04693dfd415f93c1d2095487f4eb0f4bff4f8b55f2c84e03a3d	clients/build/classes/java/test/org/apache/kafka/common/message/RecordsSerdeTest.class
308034511d662a25a79b243ebb660334ae116915129fb2c965c5dfc12cc7673f	core/build/classes/scala/test/kafka/server/ReplicaManagerConcurrencyTest$AlterIsrEvent$.class
309971b8d49bbeec86da6a5aa05dff49eb84bc5ee6fae7f624a3c51a0d9d0d1e	streams/build/classes/java/test/org/apache/kafka/streams/processor/internals/StreamThreadTest$4.class
309a9791a59114cdf5336051fc5df572c675157fe82ba28b496604eb6521cf7a	clients/build/classes/java/test/org/apache/kafka/common/security/oauthbearer/internals/OAuthBearerSaslServerTest$1.class
30a1e7b646f8a2acc4fce84dd9789f46cf263296d0890c5362925f3c91de38b4	storage/build/classes/java/test/org/apache/kafka/tiered/storage/integration/TransactionsWithTieredStoreTest.class
30a31bb4efc4df18dc8f1f9f33429494dc77881bc9e5787f9b4a8fd53e7673f6	clients/build/classes/java/test/org/apache/kafka/clients/consumer/internals/TimedRequestStateTest.class
30b304dd409aa5a6f0f26a63b467993dd636053bd12efaae0e34fb41f8547105	streams/build/classes/java/test/org/apache/kafka/streams/processor/internals/assignment/HighAvailabilityTaskAssignorTest.class
30d531d23c95522a4cdd8b3b95eb8eec2ab85ff362e637d05ca71447d6da6a3d	clients/build/classes/java/test/org/apache/kafka/clients/admin/KafkaAdminClientTestBase.class
30e8b951caa98f2c6270e82584ffea24c59ba04e0eff68d39760ddfbfea491da	streams/build/classes/java/test/org/apache/kafka/streams/processor/internals/GlobalStreamThreadTest$1.class
30eb5cb030b0a0e6896e80c1e8d723e51f678adcbff088432d7268574ebd7bc3	streams/build/classes/java/test/org/apache/kafka/streams/state/internals/MeteredKeyValueStoreTest$CachedKeyValueStore.class
30fa6b38f2eedd8dc932994625a91e067a88acb76625b976577941d9c9b9dd75	group-coordinator/build/classes/java/test/org/apache/kafka/coordinator/group/streams/StreamsGroupTopologyDescriptionConverterTest.class
30fb308db1c658d4d7671bf53047ecebae6110ea9aaf70b0a946c1d3e02d2dc9	clients/clients-integration-tests/build/classes/java/test/org/apache/kafka/clients/consumer/ConsumerIntegrationTest.class
30fd9ff0365ee0b08abb613a835c14bed4679296c8216c3519439f4390f9c3fe	streams/build/classes/java/test/org/apache/kafka/streams/state/internals/TimestampedWindowStoreWithHeadersBuilderTest.class
30ff8746c343748f000969f1c2ec99c33b8edd7ac9eae5a9c4f43332bae666e9	core/build/classes/scala/test/kafka/network/SocketServerTest$SelectorOperation$.class
3122025aa9b540da0ccd1fafdfae1ea6529d79ff464a67aecbbebb30339fa946	streams/build/classes/java/test/org/apache/kafka/streams/tests/TopologyDescriptionPluginSystemTest.class
313d640b879b32a41433fa9a2d8e068f78be3e3ca98dd18622de915095c82869	clients/build/classes/java/test/org/apache/kafka/common/security/oauthbearer/internals/expiring/ExpiringCredentialRefreshingLoginTest$TestLoginContext.class
3144fa3e6eae64a5e4eee3d194cb6aba6a8e94bcb0b04628afbe0b708d79d123	streams/upgrade-system-tests-30/build/classes/java/test/org/apache/kafka/streams/tests/StreamsSmokeTest.class
3144fa3e6eae64a5e4eee3d194cb6aba6a8e94bcb0b04628afbe0b708d79d123	streams/upgrade-system-tests-31/build/classes/java/test/org/apache/kafka/streams/tests/StreamsSmokeTest.class
3144fa3e6eae64a5e4eee3d194cb6aba6a8e94bcb0b04628afbe0b708d79d123	streams/upgrade-system-tests-32/build/classes/java/test/org/apache/kafka/streams/tests/StreamsSmokeTest.class
3144fa3e6eae64a5e4eee3d194cb6aba6a8e94bcb0b04628afbe0b708d79d123	streams/upgrade-system-tests-33/build/classes/java/test/org/apache/kafka/streams/tests/StreamsSmokeTest.class
3144fa3e6eae64a5e4eee3d194cb6aba6a8e94bcb0b04628afbe0b708d79d123	streams/upgrade-system-tests-34/build/classes/java/test/org/apache/kafka/streams/tests/StreamsSmokeTest.class
3144fa3e6eae64a5e4eee3d194cb6aba6a8e94bcb0b04628afbe0b708d79d123	streams/upgrade-system-tests-35/build/classes/java/test/org/apache/kafka/streams/tests/StreamsSmokeTest.class
3144fa3e6eae64a5e4eee3d194cb6aba6a8e94bcb0b04628afbe0b708d79d123	streams/upgrade-system-tests-36/build/classes/java/test/org/apache/kafka/streams/tests/StreamsSmokeTest.class
3144fa3e6eae64a5e4eee3d194cb6aba6a8e94bcb0b04628afbe0b708d79d123	streams/upgrade-system-tests-37/build/classes/java/test/org/apache/kafka/streams/tests/StreamsSmokeTest.class
3144fa3e6eae64a5e4eee3d194cb6aba6a8e94bcb0b04628afbe0b708d79d123	streams/upgrade-system-tests-38/build/classes/java/test/org/apache/kafka/streams/tests/StreamsSmokeTest.class
3144fa3e6eae64a5e4eee3d194cb6aba6a8e94bcb0b04628afbe0b708d79d123	streams/upgrade-system-tests-39/build/classes/java/test/org/apache/kafka/streams/tests/StreamsSmokeTest.class
3144fa3e6eae64a5e4eee3d194cb6aba6a8e94bcb0b04628afbe0b708d79d123	streams/upgrade-system-tests-40/build/classes/java/test/org/apache/kafka/streams/tests/StreamsSmokeTest.class
3144fa3e6eae64a5e4eee3d194cb6aba6a8e94bcb0b04628afbe0b708d79d123	streams/upgrade-system-tests-41/build/classes/java/test/org/apache/kafka/streams/tests/StreamsSmokeTest.class
3144fa3e6eae64a5e4eee3d194cb6aba6a8e94bcb0b04628afbe0b708d79d123	streams/upgrade-system-tests-42/build/classes/java/test/org/apache/kafka/streams/tests/StreamsSmokeTest.class
3144fa3e6eae64a5e4eee3d194cb6aba6a8e94bcb0b04628afbe0b708d79d123	streams/upgrade-system-tests-43/build/classes/java/test/org/apache/kafka/streams/tests/StreamsSmokeTest.class
3148be7c5bd19ba44ede67cae6f873a3d2aa3ae607bf57c31b054341b3740415	raft/build/classes/java/test/org/apache/kafka/raft/KafkaRaftClientAutoJoinTest.class
3153c01303453460c64bc851ab3df8ff687e26c63c7e2f983bfe7e15c55326cc	storage/build/classes/java/test/org/apache/kafka/server/log/remote/storage/RemoteLogManagerTest$17.class
315dc12e9e4d811c0ca81a5d21e61cc41b924b82d3f16299380befae7e21f6ca	clients/build/classes/java/test/org/apache/kafka/common/security/authenticator/SaslAuthenticatorTest$InvalidScramServerCallbackHandler.class
31766165329019a8a8b45461310478269b05c1903c964287d3cea3d11bb0b650	connect/runtime/build/classes/java/test/org/apache/kafka/connect/integration/ExactlyOnceSourceIntegrationTest.class
317e2d4d8bf8c81ba76e99c10d3464886b05b7239ad5020ecb6a473cc4031224	group-coordinator/build/classes/java/test/org/apache/kafka/coordinator/group/metrics/MetricsTestUtils.class
319147f909aa1bb44116490e1fd0cb85815a037dee5fe3f2318b38effe118c72	streams/build/classes/java/test/org/apache/kafka/streams/state/internals/TimeOrderedKeyValueBufferTest$1.class
319e82d6e453ad5a2756af6dbaba734508bfd6d5807739958706c7b9293d0c97	connect/runtime/build/classes/java/test/org/apache/kafka/connect/integration/BlockingConnectorTest$BlockingSinkConnector.class
31b30179f625b03cb53d1dd47dec714f5f45a6f00e3150ad64672824a0dbc54f	connect/runtime/build/classes/java/test/org/apache/kafka/connect/util/TableTest.class
31cbfa959895af2205a194a9659f65ffc32ac6e3164919b5315e156a6a3ece41	streams/build/classes/java/test/org/apache/kafka/streams/kstream/internals/KTableTransformValuesTest$ExclamationValueTransformerSupplier.class
32003380148ffb9af1fa02b0f0c74d5a21ad4328acc6c077087a7dc8a1d7d884	streams/build/classes/java/test/org/apache/kafka/streams/processor/internals/GlobalStateManagerImplTest$13.class
32082698b6234f88a8105387d5caccb7fdfadac79a305a78b21a5e3d0594145e	core/build/classes/scala/test/kafka/server/ControllerApisTest$MockControllerMutationQuota$.class
320b4c34fef62c56a01ae44b6322657dfda78b5ebc1d021602bf404c5eca4c75	clients/build/classes/java/test/org/apache/kafka/common/security/oauthbearer/internals/OAuthBearerSaslServerTest$2.class
3210faf0a4ccedc9908f0753c33fc905ac982262537c7240efb29276d12b5702	metadata/build/classes/java/test/org/apache/kafka/controller/ConfigurationControlManagerTest$MockAlterConfigsPolicy.class
322b5a81aa1a21f712d2738d82cf82e978fa0f5037213fad32b1505c956df8b1	connect/runtime/build/classes/java/test/org/apache/kafka/connect/runtime/isolation/SynchronizationTest$SynchronizedDelegatingClassLoader.class
322f64d95abc201bbe4af041be4e90af8dca5712f227031f8b3420c666776a3c	streams/build/classes/java/test/org/apache/kafka/streams/processor/internals/StateManagerStub.class
32339fe16f3886b7dd565dcaf918ec475e064c7d4cddc321792b9354458dfd85	clients/build/classes/java/test/org/apache/kafka/common/network/SslSender.class
3244c2a6637852a996c27f34914cf2ffa28ff4a70c30d84d8e1ede1bcaa98056	core/build/classes/scala/test/kafka/server/BrokerMetricNamesTest.class
325295f95e51a251d4ef00247db9cb2227d92ca148b7bee6664c7e67a583797c	clients/build/classes/java/test/org/apache/kafka/common/config/provider/MockVaultConfigProvider.class
325a71020ebd85e305965813aaef55995573be65b81ee3e71e422d39e26ac799	connect/api/build/classes/java/test/org/apache/kafka/connect/data/SchemaProjectorTest.class
326eb8ce64bb9ddd6d304ab93c927d09affd33a65740556c5b7541d7491d386f	metadata/build/classes/java/test/org/apache/kafka/image/MetadataVersionChangeTest.class
327c340eae9001e04269f2229b25afa0d05c26f71fc9b7948720d03ceb1f6aa3	tools/build/classes/java/test/org/apache/kafka/tools/ConfigCommandTest$14.class
3283490d3c1eb5fed06ef0d08c83063b759c33be893a0f698e84396adc9fe680	streams/build/classes/java/test/org/apache/kafka/streams/state/internals/SegmentedCacheFunctionTest.class
328ae1ff26f35e5641c689e188cc62ba1ec75ca5df2a9af5bb009aebe97bc33e	clients/build/classes/java/test/org/apache/kafka/clients/producer/internals/ChunkedRecordAccumulatorTest$1.class
32918c8a46b682fbc07ebc4662cce846a6e21faa8a1b35e0663e24fa58e66ab6	streams/test-utils/build/classes/java/test/org/apache/kafka/streams/TopologyTestDriverTest$8.class
32a246dce6f1d600fc2f32ea3e30ff46a6ea9bf4d2fd93ce8a3c211cc4fe929d	connect/runtime/build/classes/java/test/org/apache/kafka/connect/runtime/errors/WorkerErrantRecordReporterTest.class
32c0ea5f4dddc5bb575169e4afc2bba8cffca2a4967cfbdff3075d3faf0a80b3	storage/build/classes/java/test/org/apache/kafka/tiered/storage/actions/BounceBrokerAction.class
32c4e01401fc22ae57d070dc5c268387b417ea36fdc5efe66e53c1db84a4ae48	clients/clients-integration-tests/build/classes/java/test/org/apache/kafka/clients/producer/ProducerIntegrationTest.class
32cf4f042a71d6fd24901e55ebf487339236dce0fe7f8ff77f3eeccc0425676c	streams/build/classes/java/test/org/apache/kafka/streams/state/internals/RocksDBTimeOrderedKeyValueBufferTest$HeaderCapturingSerde.class
32d4e776b3e6dfad84f14ec49707182a8b25c08c682ef39cf85a40f07f168e8e	clients/clients-integration-tests/build/classes/java/test/org/apache/kafka/clients/consumer/ShareConsumerLagTest.class
32e14062aa0d2c6216db4da5ce98d2dcbff7babb214f1b0f223ee42ff7464e72	generator/build/classes/java/test/org/apache/kafka/message/StructRegistryTest.class
32f31b5c80714419dc9e7d6ba0be3fbf1df5c447af75d3c42d2fd978b6c651de	clients/build/classes/java/test/org/apache/kafka/clients/producer/KafkaProducerTest$6.class
32f52a94a6f2dce01cc712647d808b421f5186a864ac30d7002c946134fe9125	connect/runtime/build/classes/java/test/org/apache/kafka/connect/runtime/WorkerConfigTransformerTest.class
330615864bc0a590616d21f74584271c09a53d2b52603f2de07ce96e53b3508a	connect/runtime/build/classes/java/test/org/apache/kafka/connect/runtime/isolation/PluginUtilsTest.class
33084529f3fe640e8fc2a52a8478158bb3d118642b677ee8a66334637ccf8e9f	core/build/classes/scala/test/kafka/server/share/ShareFetchUtilsTest.class
3308f4622c7e315d449871172dea03b0748f1e7b717d30a9060eae58b2ae6e95	trogdor/build/classes/java/test/org/apache/kafka/trogdor/workload/ExternalCommandWorkerTest$ExternalCommandWorkerBuilder.class
330cc93d869454f09f626cd28844db5cb5e9d9e1ea03c0065fdcfc765ea2682c	streams/upgrade-system-tests-24/build/classes/java/test/org/apache/kafka/streams/tests/SmokeTestDriver.class
330dd9ec32bf10dea0d2dce08db3b4279cd1f7c55c4c264a888b0bb55c56f83e	streams/upgrade-system-tests-26/build/classes/java/test/org/apache/kafka/streams/tests/StreamsUpgradeTest.class
333673472c28abc7c334ef819f3174a4ac8d2be9108c172239261ef52cc79af2	server/build/classes/java/test/org/apache/kafka/server/metrics/LinuxIoMetricsCollectorTest.class
3349c478f57ea0d4495e395841dd6aa7bce5f1f787cc23202c61ec96e7bafdd1	streams/build/classes/java/test/org/apache/kafka/streams/kstream/internals/InternalStreamsBuilderTest.class
334ec2f3eb06daac86bef347885816e246210c2ca7b816a1e1bb307c07043633	core/build/classes/scala/test/kafka/coordinator/transaction/TransactionCoordinatorConcurrencyTest$EndTxnOperation.class
3356a7985be074a27bc35d38b7419ed7a24c63df5e4b539eec98ef26e6a3b6f5	metadata/build/classes/java/test/org/apache/kafka/metadata/BrokerStateTest.class
33681dcb214dfa983f79665385f54dc1a4f8f998a4f3b0128d6a4b0a91e4c87d	connect/runtime/build/classes/java/test/org/apache/kafka/connect/cli/ConnectStandaloneTest.class
3371148372c2d12a2937d36f2ce41cc3b6f79260f3bd65c56c98600daf6e2218	connect/runtime/build/classes/java/test/org/apache/kafka/connect/runtime/WorkerConnectorTest$TestConnector.class
337361e3faaeba0cc75a8a6a3e9040fe6b5195d6cccf510d1c84218d5c01a8fc	streams/build/classes/java/test/org/apache/kafka/streams/processor/internals/StreamTaskTest$4.class
3381cd0120939c452effd6032ee95c330e4c8177a958e4ce57b40f60bfc6e596	connect/runtime/build/classes/java/test/org/apache/kafka/connect/storage/OffsetStorageReaderTest.class
338b0118279755d0a663233a228b58c6299fa2db53f144a2c2a3fc4ecc7772e9	streams/build/classes/java/test/org/apache/kafka/streams/internals/metrics/StreamsThreadMetricsDelegatingReporterTest.class
339414fc59927693138768cf0b97680c081a96e4b3da0827996ea930f2e531ad	streams/build/classes/java/test/org/apache/kafka/streams/state/internals/LegacyCheckpointingStateStoreTest$3.class
3394fd0442523ac7c803982f58b3f6d0a6810a07be44533a293a9aa05a2c69c7	server-common/build/classes/java/test/org/apache/kafka/server/util/InterBrokerSendThreadTest.class
339716bf24186cfeb8a46abef2ea1dad77aae7ea1d6aeb6774e7966ea8174b32	streams/build/classes/java/test/org/apache/kafka/streams/kstream/internals/KTableKTableLeftJoinTest.class
33a2e353b416fd7dbf00ad7af137d67400e16d1e864b367ce4d22fdd3fedeb71	clients/build/classes/java/test/org/apache/kafka/common/config/provider/FileConfigProviderTest$TestFileConfigProvider.class
33ab79e5702c5cf506664c86250a52a34607d31cb0c1739f27eb32c8cab053e4	connect/mirror/build/classes/java/test/org/apache/kafka/connect/mirror/MirrorCheckpointTaskTest.class
33ca1fead0ee62ad3c90bd1f58cc07d1e777d66ee9609e9d867dba2f4553655c	core/build/classes/scala/test/kafka/server/share/DelayedShareFetchTest.class
33d457fd85bdb7e7f954e8084435eb85ac4ac93154380433f85c91c2639946ec	storage/build/classes/java/test/org/apache/kafka/tiered/storage/specs/KeyValueSpec.class
33ff54b390ede2ec9422c3ceef9dbb4de6bbb500843b1361f74dbfef0a08b19a	connect/runtime/build/resources/test/log4j2.yaml
33ff92129a6a101662cbc48315586e2a0757036ff4b3016d06b0fa77e4d31bb6	clients/build/classes/java/test/org/apache/kafka/clients/producer/internals/RecordAccumulatorTest$BatchDrainedResult.class
34059ab8b39495d46ba758d7b41232d2d5d69d49a48cf1fb7143f963eef77e89	clients/build/classes/java/test/org/apache/kafka/clients/consumer/internals/FetchRequestManagerTest$TestableFetchRequestManager.class
340e4c11d352807c0c985d2668546f0283c63da214bf319a5e5f3dadc0d693ce	connect/runtime/build/classes/java/test/org/apache/kafka/connect/integration/ErrantRecordSinkConnector.class
340fa0340937e566855707f41e240e340ffc89d6dd8e1d219ac2a7861682291a	streams/upgrade-system-tests-26/build/classes/java/test/org/apache/kafka/streams/tests/SmokeTestDriver$VerificationResult.class
340fa0340937e566855707f41e240e340ffc89d6dd8e1d219ac2a7861682291a	streams/upgrade-system-tests-31/build/classes/java/test/org/apache/kafka/streams/tests/SmokeTestDriver$VerificationResult.class
340fa0340937e566855707f41e240e340ffc89d6dd8e1d219ac2a7861682291a	streams/upgrade-system-tests-32/build/classes/java/test/org/apache/kafka/streams/tests/SmokeTestDriver$VerificationResult.class
340fa0340937e566855707f41e240e340ffc89d6dd8e1d219ac2a7861682291a	streams/upgrade-system-tests-33/build/classes/java/test/org/apache/kafka/streams/tests/SmokeTestDriver$VerificationResult.class
340fa0340937e566855707f41e240e340ffc89d6dd8e1d219ac2a7861682291a	streams/upgrade-system-tests-34/build/classes/java/test/org/apache/kafka/streams/tests/SmokeTestDriver$VerificationResult.class
340fa0340937e566855707f41e240e340ffc89d6dd8e1d219ac2a7861682291a	streams/upgrade-system-tests-35/build/classes/java/test/org/apache/kafka/streams/tests/SmokeTestDriver$VerificationResult.class
340fa0340937e566855707f41e240e340ffc89d6dd8e1d219ac2a7861682291a	streams/upgrade-system-tests-36/build/classes/java/test/org/apache/kafka/streams/tests/SmokeTestDriver$VerificationResult.class
340fa0340937e566855707f41e240e340ffc89d6dd8e1d219ac2a7861682291a	streams/upgrade-system-tests-37/build/classes/java/test/org/apache/kafka/streams/tests/SmokeTestDriver$VerificationResult.class
340fa0340937e566855707f41e240e340ffc89d6dd8e1d219ac2a7861682291a	streams/upgrade-system-tests-38/build/classes/java/test/org/apache/kafka/streams/tests/SmokeTestDriver$VerificationResult.class
340fa0340937e566855707f41e240e340ffc89d6dd8e1d219ac2a7861682291a	streams/upgrade-system-tests-39/build/classes/java/test/org/apache/kafka/streams/tests/SmokeTestDriver$VerificationResult.class
340fa0340937e566855707f41e240e340ffc89d6dd8e1d219ac2a7861682291a	streams/upgrade-system-tests-40/build/classes/java/test/org/apache/kafka/streams/tests/SmokeTestDriver$VerificationResult.class
340fa0340937e566855707f41e240e340ffc89d6dd8e1d219ac2a7861682291a	streams/upgrade-system-tests-41/build/classes/java/test/org/apache/kafka/streams/tests/SmokeTestDriver$VerificationResult.class
340fa0340937e566855707f41e240e340ffc89d6dd8e1d219ac2a7861682291a	streams/upgrade-system-tests-42/build/classes/java/test/org/apache/kafka/streams/tests/SmokeTestDriver$VerificationResult.class
340fa0340937e566855707f41e240e340ffc89d6dd8e1d219ac2a7861682291a	streams/upgrade-system-tests-43/build/classes/java/test/org/apache/kafka/streams/tests/SmokeTestDriver$VerificationResult.class
34106b2aaab009cc4d03355db1555a946a63af9b9bc2fcbfff8791ecbf610670	clients/clients-integration-tests/build/classes/java/test/org/apache/kafka/common/SocketServerMemoryPoolTest.class
342fb06496a4eda1702c20c0a5776a426c63bcf39c26f8f2ca3ed86a7bedb296	clients/build/classes/java/test/org/apache/kafka/clients/admin/internals/DescribeStreamsGroupsHandlerTest.class
343117be692c2ccd4635cdd8174bfac6e5790e6126d491c168755d781b20a791	clients/build/classes/java/test/org/apache/kafka/common/TopicPartitionTest.class
34321bd376fe21a163ce824b627f286b1f5a4cc47719bff57b8f78b552b9a612	streams/build/classes/java/test/org/apache/kafka/streams/state/internals/MeteredSessionStoreWithHeadersTest$1.class
345b6c173291fb30cb817c9b171e4288a3fc93c35d041d65a8f5c9dd4f14eeb9	raft/build/classes/java/test/org/apache/kafka/raft/internals/BatchAccumulatorTest.class
3460e7e88f022795cb444182e853832e93c5be8927dfdd97e246acbd19b26ad5	streams/test-utils/build/classes/java/test/org/apache/kafka/streams/test/TestRecordTest.class
34665ac0db9f86d83a9ecc563fde29c6818658393cd0a607c0f33599f72dde19	tools/build/classes/java/test/org/apache/kafka/tools/consumer/group/DeleteConsumerGroupsTest.class
34731803d745caf267365b4606b68f9003cdb3652586151dfd83b0887adc3a55	connect/runtime/build/classes/java/test/org/apache/kafka/connect/runtime/rest/ConnectRestServerTest$MonitorableConnectRestExtension.class
347e0ac1cb4a2f6728cb1a5fe966317cb721fa11ff8e92882aef3d3aa1dab2c2	clients/build/classes/java/test/org/apache/kafka/common/utils/TimerTest.class
347e72d13099ec5b372c56d1cdd262ba438b5d4dcd420d5e9e49094ec75fec3a	connect/runtime/build/classes/java/test/org/apache/kafka/connect/integration/StartAndStopCounter.class
349f271b7f678fa07ae819fbbe0f7eec93ab14fe877a1277a715e1ce18063d51	streams/integration-tests/build/classes/java/test/org/apache/kafka/streams/integration/TimestampedKeyValueStoreWithHeadersTest.class
34b017b17a96974cdfa018b3e3b628829f116e0e935a933c9fbf931ec0cb9f4b	streams/build/classes/java/test/org/apache/kafka/streams/state/internals/MeteredWindowStoreTest.class
34e23403ee0a796b5da9b85e7922d4f9712ae406d79896ce87b9406adea67602	metadata/build/classes/java/test/org/apache/kafka/metadata/LeaderAndIsrTest.class
34f4c768191f7a2be5d422e2b32dde26842fa98476570b4b5d0063f3726773cf	clients/build/classes/java/test/org/apache/kafka/common/requests/MetadataRequestTest.class
350c62a52b49121f1450a2031e0fb18638ed338f4e96102fb80de4323625f0e1	clients/build/classes/java/test/org/apache/kafka/common/config/ConfigTransformerTest$TestConfigProvider.class
3511e2adc7b8a8c92fa0d03072997ee552d655b1782ffc2a29c661a27cf37278	clients/build/classes/java/test/org/apache/kafka/clients/producer/internals/ProducerInterceptorsTest$AppendNewProducerInterceptor.class
353a4c0c56680bb5bb19de089d2076ec3c4193a9d6330790bb5f573a46eed71a	streams/build/classes/java/test/org/apache/kafka/streams/state/internals/SessionToHeadersStoreAdapterTest$2.class
3542e5893ee39f891e27f63544875a54c2867d51d64976e4aea2aeca37f89a64	core/build/classes/scala/test/kafka/server/DeleteTopicsRequestWithDeletionDisabledTest.class
354934d059c1dad4aee78cfc848c2f210516733f69e34cc26fe43bd6f9ad9cab	clients/build/classes/java/test/org/apache/kafka/common/compress/NoCompressionTest.class
356cb60029b783d634c3fbb85425f68ebcb20dd4ced0d649b488d4b90d78e99b	metadata/build/classes/java/test/org/apache/kafka/controller/PartitionReassignmentReplicasTest.class
3579dec0c4e6402f311a28ad9c1e5828d17d8fa813ea7369b7feb3c689d81e36	group-coordinator/build/classes/java/test/org/apache/kafka/coordinator/group/classic/ClassicGroupTest.class
3582b926c131d3bdb3d752f8432ed51793d3d2746c50429cf2425e672654b949	clients/build/classes/java/test/org/apache/kafka/common/message/SimpleExampleMessageDataJsonConverter$TaggedStructJsonConverter.class
35860cbd76cead373451b7638d49993d3400e93bd80587508ed121eb1fc76d21	clients/build/classes/java/test/org/apache/kafka/clients/admin/internals/AbortTransactionHandlerTest.class
358c66d2ad087b45d375865c8454dcb271c9431f93e9b4347773f4e6a73783ef	clients/build/classes/java/test/org/apache/kafka/common/network/SslVersionsTransportLayerTest.class
359468e14393f93a2adef2e27fb772a1b6eecc0cb84ed004d0525ce5fd572f80	streams/build/classes/java/test/org/apache/kafka/streams/tests/RelationalSmokeTest$AugmentedArticle.class
35a40f15f37b9476c0b34da2b2b2c83471aad5683ac1ab4800811256d431f8e6	streams/integration-tests/build/classes/java/test/org/apache/kafka/streams/integration/RocksDBMetricsIntegrationTest.class
35bfc996e35c6a099e0421dd7a48ca8650203c0d4bd8a2cdeb0e934007b836a5	raft/build/classes/java/test/org/apache/kafka/raft/internals/RecordsIteratorTest$TestBatch.class
35c22e157be1d9a6c166d953a8ffa223914805154ed0f3b12df381e1da636621	streams/integration-tests/build/classes/java/test/org/apache/kafka/streams/integration/IQv2StoreIntegrationTest$StoresToTest$2.class
35c487206390b8d0158ece853c5baee974fd44cf83df6bbcd5b0ac169786e2ef	clients/build/classes/java/test/org/apache/kafka/common/message/NullableStructMessageDataJsonConverter$MyStruct2JsonConverter.class
35ea7d7f3dce2634bcfdf7246aede7a0b5d80011698196563b76af2d40ec0412	clients/build/classes/java/test/org/apache/kafka/common/record/internal/MemoryRecordsTest$2.class
35f9eb94fbdb1b979e63d3587f3f7c20d4ec2198171da54318c0b765908b9d61	streams/build/classes/java/test/org/apache/kafka/streams/tests/BrokerCompatibilityTest.class
361344c57393bf50ae38136fa05e14d216b98d8ac8e84fbc326c1ae1d9190411	trogdor/build/classes/java/test/org/apache/kafka/trogdor/basic/BasicPlatformTest.class
361a311fc8e87f96e5009f86ec9f2ff2cf9ea0042056388a3929559157b06643	clients/build/classes/java/test/org/apache/kafka/clients/producer/internals/ChunkedRecordAccumulatorTest$5.class
3620016f70fa75c4566a74c19ff920569883cb77d37b708d545cde0d997363a7	streams/build/classes/java/test/org/apache/kafka/streams/KafkaStreamsTest.class
3629d4d6d62ae5e26ea9c0eb2ad417810497f4c253a431119b8fbda04e5957e1	tools/build/classes/java/test/org/apache/kafka/tools/StreamsResetterTest$EmptyPartitionConsumer.class
36367a35f8b8a7c00de5ff6b216b8d9a4537bbbbad44fc360d0fbc2665e5890e	clients/build/classes/java/test/org/apache/kafka/common/security/oauthbearer/OAuthBearerLoginCallbackHandlerTest$1.class
363dd5a0212d1bd9357fa3ff9fe7fb77cb8f280f72305fb8fe42d1e5b733e1ef	clients/build/classes/java/test/org/apache/kafka/common/security/oauthbearer/OAuthBearerTokenCallbackTest$1.class
3642bac4d52405af50fc97c79446a6f3f4f3e63a19cecdb0c4c2620bffa6a5af	storage/build/classes/java/test/org/apache/kafka/storage/internals/log/LocalLogTest$KeyValue.class
364c26f473a86b28e478b93a18299b788d1b949605575f538a54421be8f9c4d6	raft/build/classes/java/test/org/apache/kafka/raft/MockExpirationServiceTest.class
366974ad14b8dd852459df5edbff3a4ddfed980adb5fcc9e610f0e9249139b09	server/build/classes/java/test/org/apache/kafka/server/KRaftClusterTest$FakeConfigurableAuthorizer.class
36720be76cf5890812357da93c6049c623b5fc28876d9939e179cbb3b38b2d63	clients/build/classes/java/test/org/apache/kafka/clients/producer/KafkaProducerTest$19.class
367aed394810e00ef476255951e9435bffd3e65c45b7c1f9f18f6934de70b589	streams/build/classes/java/test/org/apache/kafka/streams/state/internals/InMemoryTransactionalSessionStoreTest.class
367f8946a477c3cd546f7c047a21fb138a5f070436754ebfde85931ae45bcb73	streams/build/classes/java/test/org/apache/kafka/streams/kstream/JoinWindowsTest.class
368251778d7e4221ecdca1b80c9b8f4acfa358c53f7af719b73ba16a789a20c3	core/build/classes/scala/test/kafka/api/PlaintextEndToEndAuthorizationTest$TestServerPrincipalBuilder.class
36870a1e22b725b0bb7c5f29227beba86fc508c836c68d4d21e14bc5b601be81	clients/build/classes/java/test/org/apache/kafka/clients/consumer/internals/ConsumerNetworkClientTest.class
368e15f59d15f2e7fe20ac2fc6b45ef4a794546d6c42977aaa692d9646360586	core/build/classes/scala/test/kafka/api/SaslPlainSslEndToEndAuthorizationTest$TestServerCallbackHandler.class
3696f45fca216ad24c15a37923650d84d169faa5484a83c3b8e519afdbf94ac1	streams/build/classes/java/test/org/apache/kafka/streams/state/internals/WindowKeySchemaTest$SchemaType.class
369c6f63cb4b8c7351539f9ac11375c87e0ef359ee3df6c5cd9adc5aaffbe159	raft/build/classes/java/test/org/apache/kafka/raft/KafkaRaftClientSnapshotTest$MemorySnapshotWriter.class
36a41e55dde5bad25b19c90851dd0ca58db328798a1e91910982d5a082e8ad78	metadata/build/classes/java/test/org/apache/kafka/controller/ReplicationControlManagerTest$5.class
36b4bf120b858136862796beddabc0a3bdcd81de37b376f6187f712fa18b761a	server-common/build/classes/java/test/org/apache/kafka/timeline/TimelineObjectTest.class
36b5704847cd1bbe3be9043d6fdac8c14c6d82b427f0de4049da4efacaf8ca89	connect/api/build/classes/java/test/org/apache/kafka/connect/data/TimeTest.class
36c221cc4fda59b1be5f2158b45f9e292662184c7edd62eb1a417f6ee6f115d3	core/build/classes/scala/test/kafka/server/ReplicaFetcherThreadTest$$anon$1.class
36c4214f4f6b491d8520efa6c9abd1e35a660ad6cfe9bbc8198c3555aa66d7a6	streams/build/classes/java/test/org/apache/kafka/common/metrics/SensorAccessor.class
36d15d143150457db37e2e1fd3f501c602120726f9c8ca928a36b5161cf0d399	clients/clients-integration-tests/build/classes/java/test/org/apache/kafka/clients/consumer/ConsumerBounceTest$1.class
36e5c790e52d94d8ce030fd0d3a2548ffa16359eb9faea629c968deb0f05c57d	tools/build/classes/java/test/org/apache/kafka/tools/ConfigCommandTest$DummyAdminClient.class
36f919ec3f99699ff5810ab6f0ac84c6608dea1187c11da9fcbeea61507e6e2d	streams/upgrade-system-tests-25/build/classes/java/test/org/apache/kafka/streams/tests/SmokeTestDriver$TestCallback.class
36f919ec3f99699ff5810ab6f0ac84c6608dea1187c11da9fcbeea61507e6e2d	streams/upgrade-system-tests-28/build/classes/java/test/org/apache/kafka/streams/tests/SmokeTestDriver$TestCallback.class
36f919ec3f99699ff5810ab6f0ac84c6608dea1187c11da9fcbeea61507e6e2d	streams/upgrade-system-tests-30/build/classes/java/test/org/apache/kafka/streams/tests/SmokeTestDriver$TestCallback.class
36fbe22747c3df340ee0df820926a13ff34c54d473ab1a9db30f5f62fa23d2e8	storage/build/classes/java/test/org/apache/kafka/storage/internals/log/LogCleanerIntegrationTest.class
372af83907b26d054d600d34bad17d42387bc2b8e59504db5041924796f5ead1	streams/build/classes/java/test/org/apache/kafka/streams/kstream/internals/KStreamProcessorApiTest.class
3737eaf4aad9fab1470dc02fc0a161ef431789b940ea26295de82d80dc9d7980	tools/build/classes/java/test/org/apache/kafka/tools/ConfigCommandTest$2.class
374d68cfc833f9d3531612d8b0294603aa8a8b7884059a2dad79237a728ce061	streams/integration-tests/build/classes/java/test/org/apache/kafka/streams/integration/PositionRestartIntegrationTest$StoresToTest$9.class
376530a01048f5c8d9d053e9c135179c9ad16ad17e15b2277217cc4f9d07d5a6	clients/build/classes/java/test/org/apache/kafka/common/utils/internals/AppInfoParserTest.class
3770a4cc1496168217e2d7982229c9f846f473012b9823e0344990f26fbd08d6	core/build/classes/scala/test/kafka/utils/LoggingTest.class
37746ec8c420a38bf5dda259282eed2a745dd4dbea7f08ce3f1f7ffa623e36e9	storage/build/classes/java/test/org/apache/kafka/storage/internals/log/LogCleanerTest$2.class
378c07c222ac7d535f831f2e462c75467cb2894f9c0709cf72172736b19dd9a3	streams/build/classes/java/test/org/apache/kafka/streams/processor/internals/StateDirectoryTest$1.class
378fea7af5724fcb020ba59fa9a9d5a67bc91cb3d70e2db973ba4dba16bf99a2	streams/build/classes/java/test/org/apache/kafka/streams/kstream/internals/KTableKTableForeignKeyJoinScenarioTest.class
379a282b79510e81bcdccf19e5c75451a241d90a40e9a5fcb012e0c481c4670a	connect/runtime/build/classes/java/test/org/apache/kafka/connect/runtime/InternalSinkRecordTest.class
379ce6a8374e2c095a4c34b973b9956965b405e73edd4bdf07a5bea9aef50a6c	server/build/classes/java/test/org/apache/kafka/network/ProcessorTest.class
37ac3b0ed8a1cc98b719ae374f5438c8520289dc6084b97656b9054bd765693b	group-coordinator/build/classes/java/test/org/apache/kafka/coordinator/group/GroupCoordinatorServiceTest.class
37d12ddec2afa92a071cc6ee13429559920d7ccfb38678c704654630636a1f14	storage/build/classes/java/test/org/apache/kafka/server/log/remote/storage/RemoteLogManagerTest$5.class
37d2cf55b904a2196da033e2544f3c89baa7075f48073654a7c4b894b96e6a8f	streams/build/classes/java/test/org/apache/kafka/streams/KafkaStreamsTest$3.class
38000447ef6724c33699f7b7cd770c6aa07b9d23a9f1acd2dd0b34f1c517df65	connect/runtime/build/classes/java/test/org/apache/kafka/connect/runtime/rest/entities/ConnectorTypeTest.class
38094fd6879a7ac848a93d4dfca2e78d5d2bbe4a096623ad462940cc2c030afa	streams/integration-tests/build/classes/java/test/org/apache/kafka/streams/integration/VersionedKeyValueStoreIntegrationTest.class
3814322de28b4214f9e93ac8a70ce4c89c35b70866f2cf775efdf469d830fae4	clients/build/classes/java/test/org/apache/kafka/common/feature/FeaturesTest.class
383023ea98244cf9f931e8581c8f85570712b805c98be262566efee8c225c0d4	connect/runtime/build/classes/java/test/org/apache/kafka/connect/integration/StartAndStopCounterTest.class
38415586ac10bc192850d9528a196a2467823ef6928189d9d45ea995fc92be37	clients/build/classes/java/test/org/apache/kafka/common/metrics/KafkaMetricsContextTest.class
3849fa31eedb29b4e483e2d0c071f3453ef2dc38675f6719d6ed4232c27d726e	streams/integration-tests/build/classes/java/test/org/apache/kafka/streams/integration/KTableEfficientRangeQueryTest$1.class
3856523eed0c91adaaeb04fee65aefa41da3ab0cc29c827ae65638c45697f031	core/build/classes/scala/test/kafka/server/AbstractFetcherThreadTest$$anon$17.class
386ae312bd58007a70a6e1ebf9c6f95ec0684828a40e276d0dbc447956f4c7be	core/build/classes/scala/test/kafka/server/ShareGroupHeartbeatRequestTest$.class
38784f44398688c2f34a49aa93684e3ec60475a10d3fd4556b57b34153da8946	connect/mirror/build/classes/java/test/org/apache/kafka/connect/mirror/integration/IdentityReplicationIntegrationTest.class
387863496b5d770c62a7385c821b799b9ff8d66dbf05ea860a6b55aa4e968c8b	core/build/classes/scala/test/kafka/server/share/SharePartitionManagerTest$SharePartitionManagerBuilder.class
388936fffae779522f8a15d5612490afa065603d4b07242c1cbdfb00b88a279b	streams/integration-tests/build/classes/java/test/org/apache/kafka/streams/integration/IQv2HeadersStoreIntegrationTest$WindowPlainStoreWriterProcessor.class
389a8b68a1de7996fd78d325a6bd3dad0bba576d23570b05989b9aeee3e6240f	metadata/build/classes/java/test/org/apache/kafka/image/node/TopicImageNodeTest.class
38ad5ddbfb7a03cd4e6b25526767e5d5abd2674955e463a6892c099d4c62603b	clients/build/classes/java/test/org/apache/kafka/common/record/internal/MemoryRecordsTest$4.class
38c50f1e01123ebf6b97c899ed099b94ab83ed7a0ee967fb60bf8a2143b1479b	streams/build/classes/java/test/org/apache/kafka/streams/state/internals/TimestampedWindowStoreWithHeadersBuilderTest$BuilderTests.class
38cac6f3c14b9f8c933c005d6a33e6f2d464462ee312895d29e800d7fd7042d8	streams/build/classes/java/test/org/apache/kafka/streams/state/internals/AggregationWithHeadersDeserializerTest.class
38d255e7762c6fadbcb53022663a404114fa9ee3e79b14763a8db3c658404164	server/build/classes/java/test/org/apache/kafka/server/config/DynamicConfigTest.class
38dee1f23e6c4adf9584589dde424a3b0c9235710f2632a739d972195bfd687b	core/build/classes/scala/test/kafka/api/GroupedUserPrincipal$.class
38e0e3e4689b45f1feabd34fd91233a4e7aa8539d4621f021f23efb641cefe01	streams/build/classes/java/test/org/apache/kafka/streams/processor/internals/RecordCollectorTest$1EvenPartitioner.class
38e1b40ebb607c3b865b99332386b66b8f270fa6ebf27cf34505b6d986f545fb	clients/build/classes/java/test/org/apache/kafka/clients/admin/internals/PartitionLeaderStrategyIntegrationTest.class
38ef6302ac8d241206873247a26b9bf3430d1f7de9c0239f8bf43a0810ae257f	clients/clients-integration-tests/build/classes/java/test/org/apache/kafka/clients/ClientsTestUtils.class
38f061743428846cc3aedc5a647e09af8ae9d21059ad8a7d22b704f165fa4676	core/build/classes/scala/test/kafka/api/IntegrationTestHarness.class
3908b5740bdaf0451f863d17269ac20f0133249e14f8e62617f7cf6ef26dd72e	streams/build/classes/java/test/org/apache/kafka/streams/processor/internals/GlobalStateManagerImplTest$7.class
39236aceb9e13dcb0d29a0a43543f9d911c77c357fae0487a19d72beac797d60	core/build/classes/scala/test/kafka/server/share/ShareCoordinatorMetadataCacheHelperImplTest.class
3928e7c6e605299dc2371a1f81348d370fe47ec3267763cfb2db80295ea9f1e2	core/build/classes/scala/test/kafka/api/SaslClientsWithInvalidCredentialsTest.class
39644d43290df9b53c00effe07ca0679719bbc24c50d406da34a83a079f04aaf	streams/integration-tests/build/classes/java/test/org/apache/kafka/streams/integration/HighAvailabilityTaskAssignorIntegrationTest.class
397c6cba771a7ca961dabecadc46b5c70f05a6d061811cbbb51428e0d1372ac8	core/build/classes/scala/test/kafka/server/AbstractFetcherThreadTest$$anon$3.class
397d6c62e7e8d22468ded2924c98c1067940b5bb82dbf819f6a93fac062e9163	clients/build/classes/java/test/org/apache/kafka/clients/consumer/internals/events/ApplicationEventProcessorTest.class
3994d2a30a3c8f5bee1775e1e6aa0b38bb0067fcf66bbef508e7bb6fb3748994	connect/runtime/build/classes/java/test/org/apache/kafka/connect/runtime/WorkerTaskTest$TestSinkTask.class
399e7761f698a7059d140129b04d7101901dab53d948d8c78a7d46d2caa46069	streams/integration-tests/build/classes/java/test/org/apache/kafka/streams/integration/StoreQueryIntegrationTest.class
399f1f2c0f0e6b01cc80b943a27ddece9ea64325c5dcec6ee489df3b13e7b19a	storage/build/classes/java/test/org/apache/kafka/tiered/storage/specs/ConsumableSpec.class
39becd5c75a6eecc85202c6ff8f58aca090e25e3c1f76dc093a9c4e7bd88cb9f	clients/build/classes/java/test/org/apache/kafka/common/network/SaslChannelBuilderTest.class
39c267be2ffaf33d5401352849f90a28667254cefecafcd050fdb2ceda7dd247	clients/build/classes/java/test/org/apache/kafka/clients/consumer/internals/FetchRequestManagerTest$3.class
39d4059e3d909199eac18fb199fa321be63ce3d07719703193816a68130cf16b	core/build/classes/scala/test/kafka/api/PlaintextConsumerAssignorsTest$$anon$1.class
39d6cf2b5a0ff1b7e5f484b3daf0450812fe56ce879bb4965576bb84cac56c62	streams/build/classes/java/test/org/apache/kafka/streams/state/internals/metrics/RocksDBMetricsTest$SensorCreator.class
39df2930780660e0d638f6d9cf049bb2772cd3d134b6eabe260516ee42465094	connect/basic-auth-extension/build/classes/java/test/org/apache/kafka/connect/rest/basic/auth/extension/JaasBasicAuthFilterTest.class
39e816c84dcf4032f89067bc1deeaf384a71ab0a6e89a8ea383150425da51390	connect/transforms/build/classes/java/test/org/apache/kafka/connect/transforms/HeaderFromTest$RecordBuilder.class
39ee1245a77fc5b9ab0b91fe0533915de43abf1a02d5755d5faa8783b6f44f2e	clients/build/classes/java/test/org/apache/kafka/clients/producer/MockProducerTest$5.class
3a068b016aefc641c99f6299a888dbb9421ca8d4a28a26ac3b0112a7ce3492ac	connect/runtime/build/classes/java/test/org/apache/kafka/connect/integration/BlockingConnectorTest$InitializeBlockingConnector.class
3a0b25ad9102df541b7243fbc42952ad8f22f9f751b264811581a3a519b4ecb3	clients/build/classes/java/test/org/apache/kafka/clients/consumer/internals/ShareSessionHandlerTest$RespEntry.class
3a18f0da197b79306c17a442d94218b259e7002bfb417f842e968ddbbf455fd8	streams/integration-tests/build/classes/java/test/org/apache/kafka/streams/integration/NamedTopologyIntegrationTest$TrackingExceptionHandler.class
3a2010a88cae03a65bef1f7cacaae0f33ad526583799b61fab15f3acc544d7d1	server-common/build/classes/java/test/org/apache/kafka/server/metrics/TimeRatioTest.class
3a3b76309cd60bff24b61d649cb60cdd8d7f5fe922179a602280a5f0ea539376	clients/build/classes/java/test/org/apache/kafka/clients/admin/ListConsumerGroupsOptionsTest.class
3a3e8b0d00689f7c376dfc455abd17d95a4cdedf82cfaa808e0988dd2aba0477	clients/clients-integration-tests/build/classes/java/test/org/apache/kafka/clients/admin/DescribeAuthorizedOperationsTest.class
3a47b1578fd66300b3f6ddc24b209b9280ae63a6c3d8f97a41097f6439e0befa	tools/build/classes/java/test/org/apache/kafka/tools/DeleteRecordsCommandTest.class
3a638faf47741b9e9ea6ba081a28a4da86dec424312dd3c0a34221db0994283a	storage/build/classes/java/test/org/apache/kafka/server/log/remote/storage/RemoteLogManagerTest$MonitorableNoOpRemoteStorageManager.class
3a66bdf8a2e76b849fe9e9e664a73918ae17e4bcd1447c5fc370c514cae8d485	storage/build/classes/java/test/org/apache/kafka/storage/internals/log/LogLoaderTest$1.class
3a6c5bab999a95b00502e95acbfd2075190f5c1bc3df3e70a1be6ae334cf436f	streams/integration-tests/build/classes/java/test/org/apache/kafka/streams/integration/IQv2StoreIntegrationTest.class
3a71c739d725e2e037014d3996b92255bb54c4c04d2f4dc95f7155a8c7b24937	server-common/build/classes/java/test/org/apache/kafka/server/purgatory/DelayedOperationTest$TestDelayOperation.class
3a8475b32662ef0d1701f3fb866922e5cecabc4d21945940f32440dda7c00e85	streams/build/classes/java/test/org/apache/kafka/streams/kstream/internals/KStreamSplitTest.class
3a8ef8d8ebc6cb32dfdb942dafc3571750da0ebc4e014ff4a237983018d667a4	streams/build/classes/java/test/org/apache/kafka/streams/processor/internals/GlobalStateManagerImplTest.class
3a96fa8797bbb27524fcc049e6fb0ad41ca458b4b374ad404cef946b6273a424	streams/build/classes/java/test/org/apache/kafka/streams/state/internals/RocksDBVersionedStoreSegmentValueFormatterTest$TestRecord.class
3aae4d35d579a88b88eae1a897e450a52b3856724c0636d00ce1576acf302373	connect/mirror/build/classes/java/test/org/apache/kafka/connect/mirror/integration/MirrorConnectorsIntegrationTransactionsTest.class
3ab1a01ea74746465cb1e28ec73e6d5a44b516565f13af33d0a8d753071adaf1	server/build/classes/java/test/org/apache/kafka/server/share/session/ShareSessionCacheTest.class
3ab9646402868f9746b08fb2ee384e607be1ed04a4c91eada0bda147b9a8645b	clients/build/classes/java/test/org/apache/kafka/clients/producer/RoundRobinPartitionerTest.class
3ae8fcf471b9889fffe1b6001d5948b12a69c9c920bc9a3130c5eb0dfee85273	streams/build/classes/java/test/org/apache/kafka/streams/state/internals/MergedSortedCacheWrappedSessionStoreIteratorTest.class
3b10be70740fd8126797cea4e6650f851cb9504e4f365d73c0d6c2d856b8f47d	clients/build/classes/java/test/org/apache/kafka/common/compress/Lz4CompressionTest.class
3b172410c91d8b0995ecf4e2e7a38598bd843417c2f1b416a57b81dc55c2cad1	group-coordinator/build/classes/java/test/org/apache/kafka/coordinator/group/assignor/GroupSpecImplTest.class
3b17fd47f6785fe6bacaa7ca64f9c61093c53f3ba1fa022bdbf6e2e0c083d989	server-common/build/classes/java/test/org/apache/kafka/server/common/ProducerIdsBlockTest.class
3b1c6e797c8be782113f479f652946ddc1db67f24aa3f70161e5bd1581d987d9	streams/upgrade-system-tests-33/build/classes/java/test/org/apache/kafka/streams/tests/SmokeTestClient.class
3b1c6e797c8be782113f479f652946ddc1db67f24aa3f70161e5bd1581d987d9	streams/upgrade-system-tests-34/build/classes/java/test/org/apache/kafka/streams/tests/SmokeTestClient.class
3b1c6e797c8be782113f479f652946ddc1db67f24aa3f70161e5bd1581d987d9	streams/upgrade-system-tests-35/build/classes/java/test/org/apache/kafka/streams/tests/SmokeTestClient.class
3b1c6e797c8be782113f479f652946ddc1db67f24aa3f70161e5bd1581d987d9	streams/upgrade-system-tests-36/build/classes/java/test/org/apache/kafka/streams/tests/SmokeTestClient.class
3b1c6e797c8be782113f479f652946ddc1db67f24aa3f70161e5bd1581d987d9	streams/upgrade-system-tests-37/build/classes/java/test/org/apache/kafka/streams/tests/SmokeTestClient.class
3b1c6e797c8be782113f479f652946ddc1db67f24aa3f70161e5bd1581d987d9	streams/upgrade-system-tests-38/build/classes/java/test/org/apache/kafka/streams/tests/SmokeTestClient.class
3b1c6e797c8be782113f479f652946ddc1db67f24aa3f70161e5bd1581d987d9	streams/upgrade-system-tests-39/build/classes/java/test/org/apache/kafka/streams/tests/SmokeTestClient.class
3b1c6e797c8be782113f479f652946ddc1db67f24aa3f70161e5bd1581d987d9	streams/upgrade-system-tests-40/build/classes/java/test/org/apache/kafka/streams/tests/SmokeTestClient.class
3b1c6e797c8be782113f479f652946ddc1db67f24aa3f70161e5bd1581d987d9	streams/upgrade-system-tests-41/build/classes/java/test/org/apache/kafka/streams/tests/SmokeTestClient.class
3b1c6e797c8be782113f479f652946ddc1db67f24aa3f70161e5bd1581d987d9	streams/upgrade-system-tests-42/build/classes/java/test/org/apache/kafka/streams/tests/SmokeTestClient.class
3b1c6e797c8be782113f479f652946ddc1db67f24aa3f70161e5bd1581d987d9	streams/upgrade-system-tests-43/build/classes/java/test/org/apache/kafka/streams/tests/SmokeTestClient.class
3b1ec4585cdd09098aeb04af1d3012918da4698668c7bf10af03970a3f28b602	streams/build/classes/java/test/org/apache/kafka/streams/kstream/internals/AbstractStreamTest$ExtendedKStream.class
3b4803c9020adbfc86f9c0c0ce7721cdd150a6585ddf913deb0c38b68f7954a5	clients/build/classes/java/test/org/apache/kafka/clients/producer/KafkaProducerTest$13.class
3b6197dd550b3bff058f7ba57eb7824247c6ac18034467a4ea07cb1b746fc94a	streams/build/classes/java/test/org/apache/kafka/streams/kstream/internals/ChangedSerdeTest.class
3b67d32db559a7906fce25637b0705165afff840a786684b2350081d4442333c	streams/build/classes/java/test/org/apache/kafka/streams/processor/internals/StreamsPartitionAssignorTest.class
3b7646c363d7f084ca1fc12e385eeaedafee8a326e25d29aa4cf9cbaf48d5bad	connect/mirror/build/classes/java/test/org/apache/kafka/connect/mirror/integration/MirrorConnectorsIntegrationBaseTest$2.class
3b96e0e99a49da4f79929771b1c63316a9e30e2dcb638e979098947d8d8c60dc	metadata/build/classes/java/test/org/apache/kafka/metadata/storage/FormatterTest$FormatterContext.class
3bb860133ba272db2f895dfa0d5bff206048253d87fd2b593aa3ac0ff6e2b2d5	streams/build/classes/java/test/org/apache/kafka/streams/processor/internals/ProcessorTopologyTest$1.class
3bcd95f627815c32682da18941f2057833cf4f23bccdf9eb5915696ce41696a1	clients/build/classes/java/test/org/apache/kafka/common/security/authenticator/SaslAuthenticatorTest$3.class
3bf6d90c4eae569f2b9061eab22ad596250312393ee45659806862de9ebb587a	streams/build/classes/java/test/org/apache/kafka/streams/state/internals/GlobalStateStoreProviderTest.class
3c0294414393da8a6b7c04cd78f1b0d718e7dd6e6900adc49b1e14df9b341891	server-common/build/classes/java/test/org/apache/kafka/server/share/persister/PersisterStateManagerTest$PersisterStateManagerBuilder.class
3c1d7f4771a8ba4c6be10871fc621c202857dec1825e47e1180ea82fefd076e7	raft/build/classes/java/test/org/apache/kafka/raft/EpochElectionTest.class
3c35764e514770dc5ecc3168d2a6f98408b95c527162dfe7da65c8fcabbccbd7	core/build/classes/scala/test/kafka/server/ReplicaAlterLogDirsThreadTest.class
3c3f46d48b2b698d673855aa0f4d70ba17f086d200519ebab310f2408eccdd97	core/build/classes/scala/test/kafka/server/ReplicaManagerTest$$anon$7$$anon$8$$anonfun$$lessinit$greater$4.class
3c41343ae74a2b1316e4c6f0e794d4f278584b5d144c4bde708b058e71f1fd56	tools/build/classes/java/test/org/apache/kafka/tools/consumer/group/DeleteOffsetsConsumerGroupCommandIntegrationTest.class
3c463e0e59c3d2d6a9a8706ae4baf075eb602f2a90c0b5bea3d790f4421cc814	clients/build/classes/java/test/org/apache/kafka/clients/consumer/internals/OffsetForLeaderEpochClientTest.class
3c5506d49d9b4f9da32ba2c709732d05bc8e7ac0e587817499c09476b1490c6d	streams/build/classes/java/test/org/apache/kafka/streams/state/TimestampedKeyValueStoreWithHeadersContractTest.class
3c6c87d3cfd98baf97b6d5c196d72369f4d009cff4aa3237c052d3d1214a4137	clients/build/classes/java/test/org/apache/kafka/common/compress/Lz4CompressionTest$Lz4ArgumentsProvider.class
3c7c21aa947e8bebe325d8c717ce86422492315453ce4f4234c4029915cb7128	streams/build/classes/java/test/org/apache/kafka/streams/kstream/internals/foreignkeyjoin/CombinedKeySchemaTest.class
3c8c89073dd32ec90308afd1a122c94b46bf082b3705a447c495c0a65d15196d	clients/build/classes/java/test/org/apache/kafka/clients/consumer/internals/metrics/AbstractConsumerMetricsManagerTest.class
3c9ff00543d6982c35af586e46d8aaa48ed51c6e7812ea5a93461d56bb25c42b	storage/build/classes/java/test/org/apache/kafka/server/log/remote/metadata/storage/TopicBasedRemoteLogMetadataManagerTest.class
3cc67f480b2f7da72a5b9b09c8580a4fbe9abdfa1326d377c81748c83a02bd02	streams/integration-tests/build/classes/java/test/org/apache/kafka/streams/integration/KStreamRepartitionIntegrationTest.class
3cda2563ab0d59169d9392cf27cebabbef174f0e6d96b794fc1a12242b474bfa	connect/runtime/build/classes/java/test/org/apache/kafka/connect/integration/SourceConnectorsIntegrationTest.class
3ce838bbd54244376a40659e8eba764843e5100997653943ffb93f9dab1923a3	connect/transforms/build/classes/java/test/org/apache/kafka/connect/transforms/MaskFieldTest.class
3ce953a739964e60937f02e964ceb3e95cd35ff8860148da207cda04ff5d851f	streams/build/classes/java/test/org/apache/kafka/streams/processor/internals/InternalTopicManagerTest$MockCreateTopicsResult.class
3cf607a95eb1726756b0bcf38952b45613d141b3081633155a79d75a6c1ffd0f	storage/build/classes/java/test/org/apache/kafka/tiered/storage/integration/RollAndOffloadActiveSegmentTest.class
3cfd217840aae08b9dfe57338df042ffb7d03ca624307dbbe8bf9d31c8b41be7	streams/upgrade-system-tests-39/build/classes/java/test/org/apache/kafka/streams/tests/StreamsUpgradeTest$1.class
3d05d40422ccdf5d720d1215de6c56404a967ddebb3a058b1f38dfec050f2996	streams/build/classes/java/test/org/apache/kafka/streams/kstream/internals/KTableReduceTest.class
3d13ceea664a4553cf3de75c6ebd8cd9b27808a4db2e1c46bd183e089c862be8	connect/mirror/build/classes/java/test/org/apache/kafka/connect/mirror/integration/MirrorConnectorsWithCustomForwardingAdminIntegrationTest$1.class
3d19e2ab95b6987392179f98cc1d4c28dc16987c9fb79f4e7e0961f87b985bd7	storage/build/classes/java/test/org/apache/kafka/tiered/storage/integration/ListOffsetsTest.class
3d4e4a32c0b114e4fe798e6f035e8d4843e8b5a77bf948fabe3eb5652304f6aa	clients/build/classes/java/test/org/apache/kafka/common/serialization/SerializationTest$1.class
3d554213efd067b34087a99889e5f7aac857cbecc2600d980899cfd30cdc6d14	connect/runtime/build/classes/java/test/org/apache/kafka/connect/runtime/rest/resources/ConnectorPluginsResourceTest$IntegerRecommender.class
3d56fabd6db7b25e24cacaa771895e4cb3bff5ebaf30fd4f5dc2cef0251328d6	streams/build/classes/java/test/org/apache/kafka/streams/processor/internals/assignment/LegacyStickyTaskAssignorTest.class
3d674d148d89eb853d96aee63fd0b097415ea21b0cd422f6fbde89f345cbeea9	clients/build/classes/java/test/org/apache/kafka/clients/consumer/MockConsumerTest$5.class
3d6afed80bafd38b110eb2c35c669878b42653e202b7729fa0e8515f7bcb7de1	storage/build/classes/java/test/org/apache/kafka/server/log/remote/metadata/storage/RemoteLogMetadataManagerTestUtils.class
3d89f70405648a502f9ed0fa266e868fef44462b9b706c89a4cc986bdba27da1	clients/build/classes/java/test/org/apache/kafka/common/message/AllTypeMessageData$TestCommonStruct.class
3d9663129cb0982cf680a7f6952ab61437332c921d43f80b943d9755e5479e20	core/build/classes/scala/test/kafka/raft/RaftManagerTest.class
3dc8ee24df3765d7013f743b36643538b68da084d6b3f1a3340154d5b09809aa	streams/test-utils/build/classes/java/test/org/apache/kafka/streams/WindowStoreFacadeTest$1.class
3dcc125178fec3030d0c65328a77b375c191d6000c60daf0610059b8946ecd9e	clients/build/classes/java/test/org/apache/kafka/common/requests/DescribeGroupsRequestTest.class
3dcceb58b4db6f8c7da590028272d9bafac24dd77435ff11837a0a142b0d7e2d	storage/build/classes/java/test/org/apache/kafka/storage/internals/log/LogOffsetMetadataTest.class
3dcd994360544440bb816dbfb120c5cd685153824b36c51641ca23d5fc1482bf	clients/build/classes/java/test/org/apache/kafka/common/security/authenticator/SaslAuthenticatorTest$AlternateLoginCallbackHandler.class
3deb59954b32a03a00813fc4ef471140af0b154a96d62d76cbc94c93574c17b4	streams/build/classes/java/test/org/apache/kafka/streams/processor/internals/SynchronizedPartitionGroupTest.class
3dec5fe633b666fe733950a1aa80cec739170e0b0406c599da0600a505bab523	clients/build/classes/java/test/org/apache/kafka/clients/consumer/internals/ThrowOnAssignmentAssignor.class
3df38e68d0e8fb6a1e9929dfdf2abf04df78a631fe9fe1291e8db9e7155f0765	streams/build/classes/java/test/org/apache/kafka/streams/state/internals/ChangeLoggingSessionBytesStoreWithHeadersTest.class
3e27f0fb43d085753a34ba7f8f61b962187a271f071b779917ef5ec0bd66092d	streams/integration-tests/build/classes/java/test/org/apache/kafka/streams/integration/RebalanceProtocolMigrationIntegrationTest$WithAssignmentBatchingDisabledTest.class
3e285a902a7331bbba68f0564775615906e0b3deb9a600bf835fa3b3dd6eb7ed	metadata/build/classes/java/test/org/apache/kafka/metadata/MetadataCacheTest$Partition.class
3e34b7fd99cc51da8b71064ee79cd65c5517773d1889e1fb6b42c811a3db26a7	streams/upgrade-system-tests-35/build/classes/java/test/org/apache/kafka/streams/tests/StreamsUpgradeTest$1.class
3e4bbd59243df023bff24ef7b91349bf90f816cfac2f63a84fb9b3bdcdaf30bf	tools/build/classes/java/test/org/apache/kafka/tools/ConnectPluginPathTest$PluginPathElement.class
3e4fd840e1bf93c8a6b7b182a43c0af5e15679d88d425b6e8607a01a775c23aa	clients/build/classes/java/test/org/apache/kafka/common/security/oauthbearer/OAuthBearerSaslClientCallbackHandlerTest$1.class
3e5a40c95b0b27a4d782035797b99edd28d33ddbf2a5d46a614e3b9c165a241b	server-common/build/classes/java/test/org/apache/kafka/queue/KafkaEventQueueTest$1.class
3e60a6ff9374c21def54c70c7f21486c72840ee2e2c6476d22ef5adb2c95d188	connect/runtime/build/classes/java/test/org/apache/kafka/connect/integration/BlockingConnectorTest$ValidateBlockingConnector.class
3e65266aec0126d1c76019a531ac1ef677152483deeb3b7f946edb1f780bebba	group-coordinator/build/classes/java/test/org/apache/kafka/coordinator/group/StreamsGroupStaticMemberGroupMetadataManagerTest.class
3e697a601e5b20785cbe4a73a2dd9d64857e150d7e8b296d5136fbf55318f65b	clients/build/classes/java/test/org/apache/kafka/clients/consumer/ConsumerRebalanceListenerTest$6.class
3e70e4a1d4822612ddc146498e614d4a83c5265db11d69d076add16a8e8d6738	streams/build/classes/java/test/org/apache/kafka/streams/processor/internals/StoreChangelogReaderTest$11.class
3e85bf20f7ec7f660fc4da945cdc1f33ba2462bc5590820b5f42aa60213df606	metadata/build/classes/java/test/org/apache/kafka/image/node/printer/NodeStringifierTest.class
3e88e00e59dbeb3bec9e306a1bc92e471fb7cf5a2db595cf4d9d74417b4ff2e6	metadata/build/classes/java/test/org/apache/kafka/image/MetadataImageTest.class
3e8fc83eb32fa7efaf5baabbbe40f321ba0bcaa760076883e7811b920612e5a1	core/build/classes/scala/test/kafka/server/share/SharePartitionTest$SharePartitionBuilder.class
3ea4bf054b477734c848064f8a9bad3e7ac939706ed82b04737c0713f3239a2e	metadata/build/classes/java/test/org/apache/kafka/controller/MockRaftClient$LocalRecordBatch.class
3ed49dcc7485e5f683ac30c9968374795d7a0366296e6cc6a1ef5b18180fc53a	clients/build/classes/java/test/org/apache/kafka/common/utils/internals/AbstractIteratorTest$ListIterator.class
3ef8fcb18410d6388d379607172810328240ee9f43ecf08040ba2023c8c59605	streams/build/classes/java/test/org/apache/kafka/streams/state/internals/CachingPersistentSessionStoreTest$CacheFlushListenerStub.class
3efdad2982b49b5466157bcb7519d848db981d7c14566f0fc40d50fe4326a860	raft/build/classes/java/test/org/apache/kafka/raft/ControlRecordTest.class
3f135dbff5c3ddfb33d6ed8a0c5d9bf2f661e2341529f6679f72e0e8aeefde53	streams/build/classes/java/test/org/apache/kafka/streams/state/internals/metrics/RocksDBBlockCacheMetricsTest.class
3f166694cd2720b5bc7da0b06c89344eeb920dfaa58292ebbb8deafd59febfa6	clients/build/classes/java/test/org/apache/kafka/common/config/AbstractConfigTest$1RestrictedClassLoader.class
3f37e9045d1d86fee1cdeef1542abbc5fef8ec8b9e1c8f05ce2f1b527d2e0ec4	core/build/classes/scala/test/kafka/api/SslAdminIntegrationTest$.class
3f4cdde02739c5c46daa776c2968568e5a2d7395f30eed303af347ff7974e5b4	core/build/classes/scala/test/kafka/server/DescribeCredentialsTest$.class
3f504470ac8088c85a9807238808879381116e8d24fa1b5d5588b36cd3e8dde6	streams/build/classes/java/test/org/apache/kafka/streams/kstream/internals/SuppressHeadersScenarioTest$1$1.class
3f5397d07d1608c76276a16bd2a887dafa641057dca2a3cb5f5fc00a283c9918	metadata/build/classes/java/test/org/apache/kafka/metadata/KafkaConfigSchemaTest.class
3f58d1d4f72c2bb2bd04da0e0cfb9a6f518d825d785ac241e1f892cda3a87b7e	core/build/classes/scala/test/kafka/server/ReplicaManagerTest$$anon$4$$anon$5$$anon$6.class
3f719b17eb8770bfe7bec0992e358bd423eebe5eb535043fb0e112e1a7013f9e	streams/upgrade-system-tests-0110/build/classes/java/test/org/apache/kafka/streams/tests/StreamsUpgradeTest$2$1.class
3f782fe69ba5f76702cd3e40d218f2ae526c23cc6726ae737d68e16501d7ffab	clients/clients-integration-tests/build/classes/java/test/org/apache/kafka/clients/consumer/ConsumerAssignmentPoller.class
3f85dcaa2a54806cded606231d7f4363970339258459461e7ea93cf71d27c801	clients/build/classes/java/test/org/apache/kafka/common/memory/GarbageCollectedMemoryPoolTest.class
3f8cd1d2f842163f88e2a030eadaa06e067a09dc2534f5ea7fb8237b2eb415d8	storage/build/classes/java/test/org/apache/kafka/storage/internals/log/LocalLogTest$TestDeletionReason.class
3f8d5aeb3cdda251a352d91e036f5a9f0cffe488a51e87ca280ac9616d80892e	clients/build/classes/java/test/org/apache/kafka/clients/producer/internals/ChunkedRecordAccumulatorTest$7.class
3fb53856b7825e27b1123ae0cc760b62621af6034f6c12660bcda61c7c0dbc84	clients/build/classes/java/test/org/apache/kafka/common/requests/GetTelemetrySubscriptionsRequestTest.class
3fcc0fbc93e6c15bd9cb69b0f016572a9e55a44eca7bab002d70cf46821c3908	storage/build/classes/java/test/org/apache/kafka/tiered/storage/integration/TransactionsWithMaxInFlightOneTest.class
3fdaf2c8bae0b56b147161173ca5c531755cbf0095f8ac2846aaa824366071d3	group-coordinator/build/classes/java/test/org/apache/kafka/coordinator/group/streams/topics/TopicConfigurationExceptionTest.class
3fde9e93c0a0649ad13f6b8c30b100e9e6e12e4bae7c8ef60ddbad3e2358aba7	tools/build/classes/java/test/org/apache/kafka/tools/ConsoleProducerTest$TestRecordReader.class
3fe2eb7a8b5836a75b4c382523221cc4785e06bbc9be7b23d3390d59afa62f45	server/build/classes/java/test/org/apache/kafka/server/MonitorablePluginsIntegrationTest$MonitorableReplicaSelector.class
40162f04f3dc526834023cc44fd1fbf02fe32dc0e9914e51c809d84439a4a971	streams/integration-tests/build/classes/java/test/org/apache/kafka/streams/integration/RangeQueryIntegrationTest.class
401fdc57e52d19c36ad45207b8d929c021ac8d1a550e971a32d08298c4db1c09	core/build/classes/scala/test/kafka/server/ReplicaManagerQuotasTest$$anon$2.class
402ac28c0e362e0206ec627a4f1395ceb1d5b17943ea4b754b730bac2e2d8acb	metadata/build/classes/java/test/org/apache/kafka/controller/FeatureControlManagerTest.class
4038fe97e04458d21534e130abdbf230ca4c9b61bb61836406bb1615774baccd	clients/build/classes/java/test/org/apache/kafka/clients/producer/internals/ProducerInterceptorsTest$AppendProducerInterceptor.class
403f78e1f5eaa4fbb25945ac499ce5098efda5d0cece24d60dfbdd7df70b78d1	streams/build/classes/java/test/org/apache/kafka/streams/state/internals/StoreQuerySuite.class
40450ce291661f814e54605fd8c86318724610aa078c00e9d24e3cde8d16f27b	connect/runtime/build/classes/java/test/org/apache/kafka/connect/runtime/standalone/StandaloneHerderTest$BogusSourceConnector.class
404714a3c44032d833168576e8e296062512fe5d6c0731695863227cf36665a6	storage/build/classes/java/test/org/apache/kafka/server/log/remote/metadata/storage/RemoteLogMetadataFormatterTest.class
404c41dceeb6bf2cc193e3a429e5a0217e5d39e23fb87e67977d9391f5f2c0f5	clients/build/classes/java/test/org/apache/kafka/common/serialization/ListDeserializerTest.class
405117c4ddc7f65a5e8f926e9f1f301de00ccf451c714e3fc4b4befbd68c59db	core/build/classes/scala/test/kafka/api/BaseProducerSendTest$callback$3$.class
405ebfb25b8ea71251f9ec7d16db7cdb387c15b19d6a2c409c1779b6a148d1f2	core/build/classes/scala/test/kafka/server/AddPartitionsToTxnRequestServerTest$.class
40793af9f89d6edba00619255d415099c1bf45a59a990e89700a7bc86ddcd1f4	clients/build/classes/java/test/org/apache/kafka/common/config/AbstractConfigTest$TestIndirectConfigResolution.class
407fc1bd22532e011a5f40c0d4cfc7af34ecc8ab3ce376751eebdedd53f4e9f2	connect/runtime/build/classes/java/test/org/apache/kafka/connect/runtime/isolation/PluginsTest$TestConnectRestExtension.class
408120f180e43e3c74cab80ae4bb97223ea7b64d7b23ceb118186f6939bce943	clients/build/classes/java/test/org/apache/kafka/clients/consumer/internals/events/CompletableEventReaperTest.class
408fc5f1abf7d3b8be981381f640fb80f8abb63ec421002f9e966534412ad438	streams/integration-tests/build/classes/java/test/org/apache/kafka/streams/integration/HeadersStoreUpgradeIntegrationTest$KeyValueProcessor.class
4092f9cce1a3e521007aaacd1030ec19fc0948b0a1e841624be2a055d46c9139	streams/integration-tests/build/classes/java/test/org/apache/kafka/streams/integration/RestoreIntegrationTest$1.class
40c8cb5fa2d6fdc219d912820585cf8bafea53457d7f39ba031dae53d5e76f0d	tools/tools-api/build/classes/java/test/org/apache/kafka/tools/api/RecordReaderTest.class
40db0b9347e8d27720ca01426e469d3a19de23bddb71db4dba520f44db43bae2	connect/api/build/classes/java/test/org/apache/kafka/connect/data/ConnectSchemaTest.class
40e01dfad1c9b5f54b4d6acecc82680a53cf14cb6ad78011fbce35670fc42e7b	clients/build/classes/java/test/org/apache/kafka/common/security/oauthbearer/internals/secured/ClientSecretRequestFormatterTest.class
40e6ac79eb4bc89322fb6dfbdd49d252a69e3de54d4e9964787d9e8baa44c6b3	raft/build/classes/java/test/org/apache/kafka/raft/internals/BlockingMessageQueueTest.class
411c820ebd2d7e14acce6682203c45edcfebd5902450803c0c00dc869a8da8c1	server/build/classes/java/test/org/apache/kafka/server/BrokerRegistrationRequestTest.class
4149191a1831cf466258b01fed82e5cc761cfce8fdb5ad3be3a588884a340744	clients/clients-integration-tests/build/classes/java/test/org/apache/kafka/clients/admin/StaticBrokerConfigTest.class
418316ee04b60e3d0f66aa11021e090543e3ad05c4f09766ad98d49655772cf0	streams/build/classes/java/test/org/apache/kafka/streams/processor/internals/assignment/SubscriptionInfoTest.class
41c027a45b00a2070a9bb0d4f6ad019803839c64fae75b6fc0e1d7379bb85749	metadata/build/classes/java/test/org/apache/kafka/controller/MockRaftClient$MetaLogListenerData.class
41e077b9e8fe3214b5282618d66a3c54ffae83241bfca501ff9b5062cc9eddd1	streams/upgrade-system-tests-22/build/classes/java/test/org/apache/kafka/streams/tests/SmokeTestUtil$Agg.class
41e077b9e8fe3214b5282618d66a3c54ffae83241bfca501ff9b5062cc9eddd1	streams/upgrade-system-tests-23/build/classes/java/test/org/apache/kafka/streams/tests/SmokeTestUtil$Agg.class
41e077b9e8fe3214b5282618d66a3c54ffae83241bfca501ff9b5062cc9eddd1	streams/upgrade-system-tests-24/build/classes/java/test/org/apache/kafka/streams/tests/SmokeTestUtil$Agg.class
41e077b9e8fe3214b5282618d66a3c54ffae83241bfca501ff9b5062cc9eddd1	streams/upgrade-system-tests-25/build/classes/java/test/org/apache/kafka/streams/tests/SmokeTestUtil$Agg.class
41e077b9e8fe3214b5282618d66a3c54ffae83241bfca501ff9b5062cc9eddd1	streams/upgrade-system-tests-26/build/classes/java/test/org/apache/kafka/streams/tests/SmokeTestUtil$Agg.class
41e077b9e8fe3214b5282618d66a3c54ffae83241bfca501ff9b5062cc9eddd1	streams/upgrade-system-tests-27/build/classes/java/test/org/apache/kafka/streams/tests/SmokeTestUtil$Agg.class
41e077b9e8fe3214b5282618d66a3c54ffae83241bfca501ff9b5062cc9eddd1	streams/upgrade-system-tests-28/build/classes/java/test/org/apache/kafka/streams/tests/SmokeTestUtil$Agg.class
41e36c9668c0b0039420b62a1ac79c866e98e5410d3f58cb099a1f57a5c53f41	clients/build/classes/java/test/org/apache/kafka/common/network/PlaintextSender.class
41e3c624e550dc5f32c917266ef6daa68c76a2295ca9e2e01b770435eb3fd485	clients/build/classes/java/test/org/apache/kafka/common/internals/PluginTest$SomePlugin.class
420d73e87a6b2c833911d6a9be49d45dc8df7f82db7a36d2c6c2d2fe3d0826b0	clients/build/classes/java/test/org/apache/kafka/clients/admin/internals/AdminFetchMetricsManagerTest.class
420fd82dd579967495b8399fe2aa50c0b1bb8dd11e9810267268d10b0eec76d5	clients/build/classes/java/test/org/apache/kafka/common/requests/JoinGroupResponseTest.class
42142e4685009e73371faee74a14e4d12c48ca1cd3eb1a9ad2343c8d39aa1824	connect/api/build/classes/java/test/org/apache/kafka/connect/sink/SinkConnectorTest.class
421f0375c1ed522a0b47437bdec1a17da4fa5200beb7bb313c03f23da95c1414	streams/integration-tests/build/classes/java/test/org/apache/kafka/streams/integration/OuterJoinListValueStoreRestorationTest.class
422d144465fc6957e526bd5a52e779b8a13d2e19558d6ac298808095868d6cd1	server-common/build/classes/java/test/org/apache/kafka/server/share/persister/PersisterStateManagerTest$TestHolder.class
423d9369c6cb5d8136fefddf06e608a58a29b515401645d9d5039d3d23f350a6	streams/build/classes/java/test/org/apache/kafka/streams/state/internals/TimestampedSegmentsWithHeadersTest.class
423f1d8f6baeed487faf80905ae79b4902341925186a28fd1cf56a3cea873dd0	streams/test-utils/build/classes/java/test/org/apache/kafka/streams/test/MockProcessorContextAPITest$7.class
424096aa71b2a044781f475f05c1fbaea05cf0af3422a51230f00e0b41c42669	clients/build/classes/java/test/org/apache/kafka/common/config/AbstractConfigTest.class
4244d23a599cedccd46e914b26b00071761755add58c98f1c6d36ca5bedd869a	clients/build/classes/java/test/org/apache/kafka/common/config/AbstractConfigTest$TestConfig.class
4246366dbd08c8aa68ef354ab4f124ff788e05d125dc414593a6f4ee8ab37ebb	streams/build/classes/java/test/org/apache/kafka/streams/tests/RelationalSmokeTest$AugmentedComment$AugmentedCommentDeserializer.class
4258e03b3bac576405654253b727bc7dd2699496529830b1f608964a010388ac	streams/build/classes/java/test/org/apache/kafka/streams/kstream/internals/KStreamSlidingWindowAggregateTest$InOrderMemoryWindowStore.class
4273eafe02e284698eb095ad650ee1012f29df1af7085db018c8c951f142d38a	connect/runtime/build/classes/java/test/org/apache/kafka/connect/runtime/WorkerTaskTest$1.class
428149e7e644c01c8b9ff6b203c13efc5b514b46bcd57b046f71f5be2d0a85ab	group-coordinator/build/classes/java/test/org/apache/kafka/coordinator/group/modern/SubscribedTopicMetadataTest.class
428950e46253acc47c77db377192eb9a5453dcf25bc3e9f2bcfe1f8b9902fb79	streams/integration-tests/build/classes/java/test/org/apache/kafka/streams/integration/StandbyTaskCreationIntegrationTest.class
429ea92e1dd81526b121181a1fffe9e46cb6af9cf6d5ba30d888790eb6b94d2a	clients/build/classes/java/test/org/apache/kafka/clients/consumer/internals/StreamsGroupHeartbeatRequestManagerTest.class
42bf63f6f9e2d2ca254b6be51b7729c33b7413b4af9a0bf63a100eecaf223ef3	server-common/build/classes/java/test/org/apache/kafka/timeline/SnapshotRegistryTest.class
42da6ffa807783c980fc73801e57aeea12e1c5b897506552a2f9b5f8642c877c	streams/build/classes/java/test/org/apache/kafka/streams/internals/metrics/StreamsClientMetricsDelegatingReporterTest.class
42dcdfd6b6264780ba77b5611be505810e4889ae0bec229b6308333edb25ecca	streams/build/classes/java/test/org/apache/kafka/streams/processor/internals/GlobalStateManagerImplTest$3.class
42e6368b368868f561558b97c6708fa34d08969134b0714f4c6ae74bb3b29687	streams/build/classes/java/test/org/apache/kafka/streams/internals/metrics/ClientMetricsTest.class
42e6b5739625d8a08684511bf36c370ca838061cc04d7fa73df9721d144dd3bd	clients/build/classes/java/test/org/apache/kafka/clients/admin/MemberDescriptionTest.class
42f409530b3eacd1ad410bccbc4c86901df3f2bd5640312e673343540c73250d	core/build/classes/scala/test/kafka/server/MockLeaderEndPoint$.class
434ed4691e64b964fca04570324f73d3568def65ba076fa066e779d773b1e3c2	metadata/build/classes/java/test/org/apache/kafka/metadata/authorizer/ClusterMetadataAuthorizerTest$MockClusterMetadataAuthorizer.class
4362ddc55ee96ad93752004cefe4e94be6ef424adefe0a5b6ff87e276378038a	clients/build/classes/java/test/org/apache/kafka/clients/consumer/internals/ConsumerCoordinatorTest$RackAwareAssignor.class
43ac6ba4ef0b33b5c39c8711bc89b26d03f54c9e9b8cc2a4e17f384922afe87f	streams/build/classes/java/test/org/apache/kafka/streams/kstream/internals/KTableTransformValuesTest$StatelessTransformerSupplier.class
43aeba1e6e7d42175fa7a8925dec878a51fbfb169e6c13640b74a614752f2b8a	streams/build/classes/java/test/org/apache/kafka/streams/state/internals/MergedSortedCacheWrappedWindowStoreIteratorTest$1.class
43bb1dd677fd72823c3ff1022736db553a2a6552e1cc3e68ccad93d39b53f576	clients/clients-integration-tests/build/classes/java/test/org/apache/kafka/clients/consumer/PlaintextConsumerCommitTest.class
43c51821b7d4d83d02d06bd56c382e83ddd5aaccd19341ac7e3741f9e315eda7	streams/build/classes/java/test/org/apache/kafka/streams/kstream/internals/KTableKTableRightJoinTest.class
43dfdf4baf9be59906f786170fed5a536c2e942ab149bc9c70ae997854ed4608	clients/build/classes/java/test/org/apache/kafka/clients/consumer/internals/ConsumerHeartbeatRequestManagerTest.class
43e1fc25c228c1f1f566ddf5355f00a93ad863b98d5fc37fc32a94ab70761714	tools/build/classes/java/test/org/apache/kafka/tools/consumer/ConsoleConsumerOptionsTest.class
43e2330e597e58c28c6584f052341c8e19a3b54bae176668992cdcc479c1bede	streams/build/classes/java/test/org/apache/kafka/test/NoOpProcessorContext.class
43ea23dbf3a90c28c2c7638f7c17ef9f611761de27b2e41e8395ee60ddda1abb	streams/build/classes/java/test/org/apache/kafka/streams/state/internals/RocksDBTimeOrderedSessionStoreWithoutIndexTest.class
43fbdd4f1434e4395f6c9f236d5ddbce62077cfd62ffdcfca5080c70a869d5d6	streams/upgrade-system-tests-24/build/classes/java/test/org/apache/kafka/streams/tests/SmokeTestDriver$VerificationResult.class
4403b6f2834ef722cc3f8f2967e563b1ae2f808bd3814a89d532dbb68dbddf65	core/build/classes/scala/test/kafka/server/AbstractApiVersionsRequestTest.class
442df3d023380624d412f359f6195eec37dfc11db71b785de971881a29ff8a25	streams/upgrade-system-tests-31/build/classes/java/test/org/apache/kafka/streams/tests/StreamsUpgradeTest$1.class
443895ec96be923d076ed06dfac0a1aed1eb514e517cf2fd6e7e835ef258f2e3	server-common/build/classes/java/test/org/apache/kafka/server/purgatory/DelayedOperationTest$MockKey.class
445953c504512b07dfa918eb4c189422ad255e275ae2ad841868c48f3d465d06	connect/api/build/classes/java/test/org/apache/kafka/connect/connector/ConnectorTest$AssertableConnector.class
4482c6a35e664f0bfd7db6f588880aad14dee75e37258996c9d746fb54fea901	clients/build/classes/java/test/org/apache/kafka/common/requests/EndTxnRequestTest.class
44a3fa64b3381c8a06f912e64e46b34593bb6e28ab8d8cbf675a7964501fe865	core/build/classes/scala/test/kafka/api/TransactionsBounceTest$BounceScheduler.class
44a45332c0cef775c93f0545cb511d871417cca14f5fbcd341c5e1d7d9c89fbc	storage/build/classes/java/test/org/apache/kafka/storage/internals/checkpoint/PartitionMetadataFileTest.class
44b48ddd4eeb099a6283fcff682c0c797b43f517cca7a444cdda83f0f8805ab3	streams/build/classes/java/test/org/apache/kafka/streams/state/internals/AbstractRocksDBWindowStoreTest.class
44c7c5a11a17ec43d6e4c0c40c7a1f21b845673d185366cc7e0431b29af5f6ed	streams/build/classes/java/test/org/apache/kafka/streams/kstream/internals/foreignkeyjoin/SubscriptionResponseWrapperSerdeTest$NonNullableSerde.class
44cc4fcbc25b542570b877c4222d857e48c904c02df18c27a300940c613345ce	connect/runtime/build/classes/java/test/org/apache/kafka/connect/runtime/isolation/PluginsTest$TestableWorkerConfig.class
44d8e0f44410a9730006a7e8af01a6c0eb1dc5c088b53d1455384a726ea8a80e	core/build/classes/scala/test/kafka/server/ShareGroupDescribeRequestTest.class
44dedc8020014ba61b816b1e651e954b26bbc998b6ba1129d2314c5ab11bc227	storage/build/classes/java/test/org/apache/kafka/server/log/remote/metadata/storage/ConsumerTaskTest.class
44ef734417f88c7630eacca4d4fbd8f91d124fda7b49c0354d683a9213e1dd12	core/build/classes/scala/test/kafka/network/SocketServerTest$SelectorOperation$Close$.class
44fdeeba2f2dfae3c492e2f0ea0119345eb21ca047678b6a5c44f2524aa5df84	connect/mirror/build/classes/java/test/org/apache/kafka/connect/mirror/CheckpointStoreTest$2.class
451ceae38ff0e27d340832ecbdb4750ec4db06c96a4f54872551408c5a8eb8da	server/build/classes/java/test/org/apache/kafka/server/ForwardingManagerTest.class
451d1445704f0f65086d671ed7f9cfddac5702a92371ac3b183f66dc36b1cc20	core/build/classes/scala/test/kafka/server/MockFetcherThread$.class
45222bfea5a2ef890487366388d6a1afc32d6ae358f1dba639d6c03878ec5664	connect/runtime/build/classes/java/test/org/apache/kafka/connect/runtime/distributed/DistributedHerderTest$BogusSourceTask.class
453ec76227c3c7a993692ff09baa00f39497a11b236bdd6836fdf7dd97678f2f	group-coordinator/build/classes/java/test/org/apache/kafka/coordinator/group/streams/assignor/MockAssignorTest$TopologyDescriberImpl.class
4560377abbd313533fea03e4b4acf0a5b5e72e77a12a1c39326fce4df887a350	core/build/classes/scala/test/kafka/server/KafkaMetricReporterExceptionHandlingTest$.class
4569fbb6c4b7a86034b31983bfb80eef87139b2446df646d752fbd1e36655159	clients/build/classes/java/test/org/apache/kafka/common/metrics/internals/IntGaugeSuiteTest.class
45755d13cab09ca30db9f01424ba8e7f7ed2e58552ba05b0273bd62ad03943ed	streams/build/classes/java/test/org/apache/kafka/streams/kstream/internals/graph/StreamsGraphTest$2.class
457c9875c63f320867fff0f1f019548e0fe08461d18eac613ff8e3b6d62adebb	clients/build/classes/java/test/org/apache/kafka/common/security/scram/internals/ScramMessagesTest.class
457f7fe32c19729cae4c9ebb3da8cdd7085ca160c4a4db8a6dd58ba5ce87f61c	core/build/classes/scala/test/kafka/server/SyncGroupRequestTest.class
45834deddbe6dbf483cf18f77dbc85f133ec18734486fd3196f9f40310eed3e7	metadata/build/classes/java/test/org/apache/kafka/metadata/util/BatchFileWriterReaderTest.class
45baa8ee2bffcc91b4cafd94b5e8fc9485ad71ddc65dedaae914129432243e2c	streams/integration-tests/build/classes/java/test/org/apache/kafka/streams/integration/RegexSourceIntegrationTest$4$1.class
45c8b8330655d61b8feee7777f93ee9450d34fb5a1c9349fbefe6169ca7a96c5	streams/integration-tests/build/classes/java/test/org/apache/kafka/streams/integration/PositionRestartIntegrationTest$1.class
4614055c1dce0ece70b986d65ab1c1d914ffbc85dfb831aca98e6a0803e9d7b8	clients/build/classes/java/test/org/apache/kafka/clients/producer/RecordMetadataTest.class
461ae1d5802dcdb89de9668db929de24ab9b80ea6b32d95423d2526c2c7304a2	server-common/build/classes/java/test/org/apache/kafka/server/share/persister/PersisterStateManagerTest$TestStateHandler$TestHandlerResponse.class
462a4a8195ca4c39566609d7a09b1872a6d80a43e63e692390b78b1aa1014580	streams/build/classes/java/test/org/apache/kafka/streams/query/MultiVersionedKeyQueryTest.class
462c530cbb4241aa8ef89953a833b057eef03030eb88f5c675021ee05c0249c9	streams/build/classes/java/test/org/apache/kafka/streams/processor/internals/GlobalStateTaskTest$4.class
463ac3e02ffc24b11eb20ddd641ab2cec03ebff49a185a764c24feaf05cfb384	streams/build/classes/java/test/org/apache/kafka/streams/state/internals/FilteredCacheIteratorTest.class
4648c4f2d89a42d2e0e157839a3a983bcac57bbb297283f673b6e3670718e30d	server/build/classes/java/test/org/apache/kafka/server/DefaultAutoTopicCreationManagerTest$TestTopicCreator.class
465ad4a58b9b9e4106dad1438439a5057bc5ee1206387f0439fd65bc008261ec	group-coordinator/build/classes/java/test/org/apache/kafka/coordinator/group/GroupCoordinatorShardTest.class
46764786846e401c8a3438a79473ed18dcaa951d00ae24e13c370da236d6e547	clients/build/classes/java/test/org/apache/kafka/clients/admin/DeleteConsumerGroupOffsetsResultTest.class
46789ab88b9081ab4e0ff9dacbe385088842e575622c4a48a098f541956e8ed4	connect/runtime/build/classes/java/test/org/apache/kafka/connect/integration/TestableSinkConnector.class
467e82ba5fe90dbef8cc9582f8ef33061cb06cb6940cc53ef0e2c06023e21e4b	streams/integration-tests/build/classes/java/test/org/apache/kafka/streams/integration/RegexSourceIntegrationTest$1$1.class
469d8e952507525dcc8cca8930e397571c7033afd626aa821d12bce36f3d8dd6	clients/build/classes/java/test/org/apache/kafka/common/security/oauthbearer/internals/secured/ConfigOrJaasTest.class
46b301f9a51a1ca218628bb965e5dc6682201bf14164dd1328e259042246aae5	streams/integration-tests/build/classes/java/test/org/apache/kafka/streams/integration/IQv2StoreIntegrationTest$2.class
46b699d72f99c3665560f31de17964a32dd0857b32bd6ad224fcb2036ab63482	streams/build/classes/java/test/org/apache/kafka/streams/processor/internals/WindowStoreMaterializerTest$HeadersStoreSupplier.class
46ce8f8e4000466829639ec2cc4abb145f9c951539ac44e75090f660c591f62a	trogdor/build/classes/java/test/org/apache/kafka/trogdor/common/StringExpanderTest.class
46d78646e24f9d1d5ce59c58e81f3787e53b107cff5f8b3946a99dca2c01adf6	core/build/classes/scala/test/kafka/utils/TestInfoUtils.class
46e833f90979d96bb2697af70a7084e0a39f4e59bfacd112795ac66314ca7d4c	streams/integration-tests/build/classes/java/test/org/apache/kafka/streams/integration/IQv2HeadersStoreIntegrationTest$WindowHeadersStoreWriterProcessor.class
46ed7e802289cbe4442e49c8b342613cbae1e8aab7d07bdaa677d1ce0b2a30af	tools/build/classes/java/test/org/apache/kafka/tools/ResetIntegrationTest.class
46f769a641c1f57df30da8a73ae37add748e72bee8198278e31ee9132f3c94a7	storage/api/build/classes/java/test/org/apache/kafka/server/log/remote/storage/RemoteLogSegmentMetadataTest.class
46f9d147bca0ef2819f84de4dae33ab78e6b32b12a2254938ff528e0027fff3f	streams/build/classes/java/test/org/apache/kafka/streams/processor/internals/StreamThreadTest$5.class
47054146876e3ec36c1c14d7e6df5ae80c0e1b23f68bcfcd10ae97b07c0a1dc6	streams/upgrade-system-tests-36/build/classes/java/test/org/apache/kafka/streams/tests/SmokeTestUtil$1.class
4709deb3071b7a41dad6ddedb29836d4a8e9a5d3f028901782302003088977a7	streams/build/classes/java/test/org/apache/kafka/streams/KafkaStreamsTest$StateListenerStub.class
470a4e8e02f0deb14c09d28eaa01085ff1c55857b2ccfdb29eb2c31f74c4d5fa	streams/integration-tests/build/classes/java/test/org/apache/kafka/streams/integration/IQv2StoreIntegrationTest$StoresToTest$7.class
47136c147a8ca61e8fdfd1a9ed600b5adfd84838e8d9cdcbe0f353927b340c7a	streams/build/classes/java/test/org/apache/kafka/streams/kstream/internals/KStreamGlobalKTableLeftJoinTest.class
4716538b745c44dadd1aa31c495606b65f351d45315141a93dfa76286502402d	clients/build/classes/java/test/org/apache/kafka/common/message/ProtocolRoundTripConsistencyTest.class
471cffc656eac9ce13a41e076d81d3e937bda4d4e3881f85b3ef54cf5e9d966a	streams/build/classes/java/test/org/apache/kafka/streams/processor/internals/StoreChangelogReaderTest$13.class
4726223803f9ae8c457384541ae47b67beabdf1afb949700014efc339631f0c0	metadata/build/classes/java/test/org/apache/kafka/controller/QuorumControllerMetricsIntegrationTest$MockControllerMetrics.class
4734158dbb3710a88f2619f883ab08248314edf90c21f153c9b66a6c2cf9c501	clients/build/classes/java/test/org/apache/kafka/common/acl/AclPermissionTypeTest$AclPermissionTypeTestInfo.class
47362fbd52ab2c9bacc50310327827a3f39851f371c378985ca7f533305cc4fa	clients/build/classes/java/test/org/apache/kafka/common/utils/internals/ByteBufferUnmapperTest.class
4737858e349fab9c4374249419ab99e3a6c1d9c7c9fe8e23d12070e924184c53	streams/build/classes/java/test/org/apache/kafka/streams/processor/internals/ClientUtilsTest.class
474a764d2b9eefe1085175332862540be5d56daa6e1778e867c5eb69d890b269	group-coordinator/build/classes/java/test/org/apache/kafka/coordinator/group/modern/TargetAssignmentBuilderTest$TargetAssignmentBuilderTestContext.class
475ab8d5f3a0dc76dd7177adff2e897515ef9ac4658d1f179ef91a9409d773c7	streams/build/classes/java/test/org/apache/kafka/streams/state/internals/WindowKeySchemaTest$TriFunction.class
476c06893799cce50dc73e4b9cc335ea493ea65a6a5516df73d8b8c8c03f46b0	streams/integration-tests/build/classes/java/test/org/apache/kafka/streams/integration/PapiDslIntegrationTest$5.class
476e73d7f0c8684a4a73d5cc236a84870796b831698f7294f4918a4b5e6d44a9	core/build/classes/scala/test/kafka/api/GroupEndToEndAuthorizationTest$.class
479449ff9e214df67babbe5fb57e62d08fe6216388f78dc95f1f3cf664e7c38a	clients/build/classes/java/test/org/apache/kafka/common/message/AllTypeMessageDataJsonConverter$TestCommonStructJsonConverter.class
47b94133323f8d99a505a65ee4ece02dc60aeac5ebf537f334bd37079d3cce07	streams/build/classes/java/test/org/apache/kafka/streams/state/internals/ChangeLoggingTimestampedWindowBytesStoreWithHeadersTest.class
47bb3ba280ad9ac8454a257d1ef8145e6ec1a767dd81d0082f31c754c781a09c	streams/upgrade-system-tests-30/build/classes/java/test/org/apache/kafka/streams/tests/StreamsUpgradeTest.class
47dc96827d1f00014de25a4126a5b729aacb6991846edcb816d5121287e3008d	clients/build/classes/java/test/org/apache/kafka/common/security/oauthbearer/internals/secured/AccessTokenBuilder.class
47ea8ca4b71393a962fb1ec9302a8027a2a5ebbc6deffc7949613b5c259456e4	streams/build/classes/java/test/org/apache/kafka/streams/processor/internals/assignment/KafkaStreamsAssignmentTest.class
47eae198fd3266f43944a8f368f8d947ddedd3f83fbd0e5a08680201648db6a2	clients/build/classes/java/test/org/apache/kafka/common/utils/internals/ByteUtilsTest.class
47f1aa19741ee4940698627c7a4ba10c77f7cba2bf7f0f9cbdb376470f98a4f9	streams/build/classes/java/test/org/apache/kafka/streams/processor/internals/ProcessorTopologyTest$CustomTimestampExtractor.class
48000f684b061a3791d9ab283de12ee6b5519c139d78a682ce1e4d73f230ebd2	connect/runtime/build/classes/java/test/org/apache/kafka/connect/runtime/WorkerTaskTest$2.class
480686696683064b9fbe119542ada6d4137ecff854b84c622e921ab3778e8e6b	raft/build/classes/java/test/org/apache/kafka/raft/internals/TreeMapLogHistoryTest.class
48120b735ac6c4a287797f2feea55c6c6f811eb2373d7df3cc7d90c7e56439fd	connect/runtime/build/classes/java/test/org/apache/kafka/connect/util/TestFuture.class
482768781d0842baf2cccc5fad74158ae030a402e0ffcd50ff28865664b24847	connect/runtime/build/classes/java/test/org/apache/kafka/connect/storage/KafkaConfigBackingStoreTest$3.class
4831f16728085f4f189ed58c7de06ec10c47cfa2a0e237e8dfacb5a0e42dadcd	core/build/classes/scala/test/kafka/server/handlers/DescribeTopicPartitionsRequestHandlerTest$1.class
4834325e11fd3044208f1b8960c989feb374be15e5aa088761a0c117184155a3	streams/upgrade-system-tests-24/build/classes/java/test/org/apache/kafka/streams/tests/StreamsUpgradeTest$1.class
483d3ba23cd43540706c26a281d4e9b286a39cbe69abeb8314a763c6f4c6df9f	connect/runtime/build/classes/java/test/org/apache/kafka/connect/integration/OffsetsApiIntegrationTest.class
484387b0874f654b6ef252b5150206a492506ab63173a74a83b36a124c0df2d0	streams/upgrade-system-tests-22/build/classes/java/test/org/apache/kafka/streams/tests/SmokeTestUtil$Unwindow.class
484387b0874f654b6ef252b5150206a492506ab63173a74a83b36a124c0df2d0	streams/upgrade-system-tests-23/build/classes/java/test/org/apache/kafka/streams/tests/SmokeTestUtil$Unwindow.class
484387b0874f654b6ef252b5150206a492506ab63173a74a83b36a124c0df2d0	streams/upgrade-system-tests-24/build/classes/java/test/org/apache/kafka/streams/tests/SmokeTestUtil$Unwindow.class
484387b0874f654b6ef252b5150206a492506ab63173a74a83b36a124c0df2d0	streams/upgrade-system-tests-25/build/classes/java/test/org/apache/kafka/streams/tests/SmokeTestUtil$Unwindow.class
484387b0874f654b6ef252b5150206a492506ab63173a74a83b36a124c0df2d0	streams/upgrade-system-tests-26/build/classes/java/test/org/apache/kafka/streams/tests/SmokeTestUtil$Unwindow.class
484387b0874f654b6ef252b5150206a492506ab63173a74a83b36a124c0df2d0	streams/upgrade-system-tests-27/build/classes/java/test/org/apache/kafka/streams/tests/SmokeTestUtil$Unwindow.class
484387b0874f654b6ef252b5150206a492506ab63173a74a83b36a124c0df2d0	streams/upgrade-system-tests-28/build/classes/java/test/org/apache/kafka/streams/tests/SmokeTestUtil$Unwindow.class
486a3de95e4246d1d1fe030be06fd391692e43e20c60a0089dc7ebc71fb80e13	clients/build/classes/java/test/org/apache/kafka/common/security/authenticator/SaslAuthenticatorTest$1.class
486c06677057e1e20ed0693bc3e64d6f0f236d2466d9e3c42dc8b06ee3b1cea9	metadata/build/classes/java/test/org/apache/kafka/metadata/authorizer/StandardAclRecordIteratorTest.class
488897df95f8913201c104830c312cc226dfedc36251572d92aa1d8c7d9178c3	clients/build/classes/java/test/org/apache/kafka/clients/consumer/internals/StreamsMembershipManagerTest.class
489243ecedbb7e69069749548df5a29adcaab2a2a29ec2b9bce9cc46e7da6528	server-common/build/classes/java/test/org/apache/kafka/server/util/ShutdownableThreadTest$2.class
489baed2b1fda53324316694393e96b159aefcbfa1417c199d8b1c38140b48b7	metadata/build/classes/java/test/org/apache/kafka/image/writer/RecordListWriterTest.class
48a1b798dc8bfeef5f2bbf110c730a9fb5eb81ba3ae4077fb08792c7a40da29e	core/build/classes/scala/test/kafka/network/SocketServerTest$SelectorOperation$CloseSelector$.class
48a1f79402477f7d6da691f38540b72b65faff7a250bf114cadbba254f897616	streams/test-utils/build/classes/java/test/org/apache/kafka/streams/test/MockProcessorContextStateStoreTest.class
48acce5c938e391da158bf02ed0f2799dac937c638ebb1ecd99c6bbdc72688b9	connect/runtime/build/classes/java/test/org/apache/kafka/connect/runtime/ConnectorConfigTest$AbstractKeyValueTransformation$Key.class
48bcf7b1d0cb6ed7074f24ba74886038c6f88c41b58fbf7285edc090fd48a591	core/build/classes/scala/test/kafka/coordinator/transaction/TransactionStateManagerTest.class
48bed6f11a57beb3e890dbaba0ef926f2cc7f67cc0af83c08a6f336aa4c5367c	server/build/classes/java/test/org/apache/kafka/server/ForwardingManagerTest$HeaderAndBuffer.class
48bf42ede3fabc2eeff21d3c642c01599ec3cd7f8318b66e8e6fe447ce359f2c	clients/build/classes/java/test/org/apache/kafka/clients/consumer/internals/CooperativeConsumerCoordinatorTest.class
48c77c29395ed8310afef58d27c942fb8c622578f857ee2e4fe808e4d9b4fe88	connect/runtime/build/classes/java/test/org/apache/kafka/connect/connector/policy/NoneConnectorClientConfigOverridePolicyTest.class
48cbb2fba07fe28a4418347f0dfb5264aac92f0782162912ebf9427655c1c952	core/build/classes/scala/test/kafka/server/FetchRequestTest.class
48d39fe67a55d5b5a54d8d730d74c6f5c95021ecd485e99cedbe6362d495fe86	storage/build/classes/java/test/org/apache/kafka/storage/internals/log/LogTestUtils$FakeOffsetMap.class
48d3d194231b87f86c0878634e96ee9abeb16da6d99a32754c6d7c2def5e9ef4	clients/clients-integration-tests/build/classes/java/test/org/apache/kafka/clients/admin/DescribeFeaturesTest.class
48d481dff955825965eb293edd27f8df0bab728f61a1b1b0e4641c6f86b28f11	streams/integration-tests/build/classes/java/test/org/apache/kafka/streams/integration/DeadLetterQueueIntegrationTest$1.class
48d799bc03ad4ce827484442566c94a00515b1b0cb5d01e232a1b38af3169600	tools/build/classes/java/test/org/apache/kafka/tools/MetadataQuorumCommandUnitTest$MetadataQuorumCommandUnitTestEnv.class
48fb7116acc869e55c25edaa18cdb803059bdbb20b7dd36c3c28a72a8910ce06	storage/build/classes/java/test/org/apache/kafka/tiered/storage/integration/TransactionsTest.class
490022023e3d5f0a7f7c51fde9d4b6fbe37a336e5f377bdc2cfcb713860336ce	core/build/classes/scala/test/kafka/api/CustomQuotaCallbackTest$GroupedUser.class
49090bd6c256dc4e57bc2bbf0fcb5fc73d30eef924347fba480bd4bf41c9c32c	clients/build/classes/java/test/org/apache/kafka/common/security/authenticator/SaslAuthenticatorTest$4.class
491ba70340c53746229f4ea00186c28b9d7388dc77801cc72efce2af8e872b93	connect/transforms/build/classes/java/test/org/apache/kafka/connect/transforms/TimestampConverterTest.class
4926b226c20961cc91055bdb232213d16c86e97714a526ebde6a13ef18d77cf7	streams/build/classes/java/test/org/apache/kafka/streams/state/internals/ReadOnlyWindowStoreStub$TheWindowStoreIterator.class
49302ea6a516ef43efbf40bf740894d9732bbf09e2cf27b9c6be68f7d765bb8b	streams/upgrade-system-tests-22/build/classes/java/test/org/apache/kafka/streams/tests/SmokeTestDriver.class
495820f5ac8f584b496262339025599d010aa45e698ce683f3d90d84661d4423	streams/build/classes/java/test/org/apache/kafka/streams/kstream/internals/graph/StreamsGraphTest$1.class
495f59724ab672f381488a6fe66113dca02df67954775eefb790bf584fcbb5df	streams/build/classes/java/test/org/apache/kafka/streams/state/internals/ChangeLoggingWindowBytesStoreTest.class
49652280b7e6d966059c95a3e99077ed50ba78e404d65726c8ac95119f7a8533	tools/build/classes/java/test/org/apache/kafka/tools/ToolsTestUtils.class
497fdc09c84704634ba709db3f45b0e4f3142b5911eeb550c89b958c4fe5e328	clients/build/classes/java/test/org/apache/kafka/common/security/oauthbearer/JwtBearerJwtRetrieverTest.class
49930529d6585b317d30c8fc8a297a0202d18228bc656c8bc9f984555ed8ba05	storage/build/classes/java/test/org/apache/kafka/admin/RemoteTopicCrudTest$MyRemoteLogMetadataManager.class
49a0b2ade6238bdbaee0dd5d76d419eb232dbcf72d3c781213259e05306c9e02	connect/runtime/build/classes/java/test/org/apache/kafka/connect/converters/FloatConverterTest.class
49a547c9f9968a26cc7810400d23c05cd5fbe3712acdfa526494718d63837077	server/build/classes/java/test/org/apache/kafka/server/EnvelopeUtilsTest.class
49c41ba2120144ebf51efe3abfe6d66db1e35ca570b6d641638c964e46b835a0	storage/build/classes/java/test/org/apache/kafka/tiered/storage/actions/UpdateTopicConfigAction.class
49d0dc44bb8cf004bc7994f6993338441f55898015c7ee405c7f642cb2b8b499	connect/runtime/build/classes/java/test/org/apache/kafka/connect/runtime/rest/entities/CreateConnectorRequestTest.class
49d2161be7c5eb515bf1478eb43de303526b3fee24df6722b6ceed5f18c9afc0	core/build/classes/scala/test/kafka/server/DynamicBrokerConfigTest$$anon$2.class
4a00c7c3fa979478f0bac553024cef94200c319d2984495434f5b89b31b6f7eb	clients/build/classes/java/test/org/apache/kafka/clients/consumer/KafkaConsumerTest$ConsumerInterceptorForClientId.class
4a07dc2c0697ff84672d8c0ccd65d61980e57a52b672fb0bb8ad9aaf754eec17	streams/build/classes/java/test/org/apache/kafka/streams/kstream/internals/KTableAggregateTest.class
4a090a32746c3f37d42696506b73a44c5e57ebae6b053e4a714b15f13ebc5549	server/build/classes/java/test/org/apache/kafka/network/RequestTest$1.class
4a156a6dae0493bdba8a0bc8cb326c2b966f7b1e01b28515127b3bb2c284c4f4	streams/upgrade-system-tests-22/build/classes/java/test/org/apache/kafka/streams/tests/SmokeTestDriver$VerificationResult.class
4a1cc49acb20c33f8c4707ace8a6301f09127b52e10c5fc910e42e5c664c1fa5	clients/build/classes/java/test/org/apache/kafka/clients/consumer/internals/AbstractCoordinatorTest$DummyCoordinator.class
4a20240909d50229efb2daef368f61b1c41e40b1b88af927ac76995e1ee1d0c3	raft/build/classes/java/test/org/apache/kafka/raft/RaftEventSimulationTest$PersistentState.class
4a2575dc5f8bd3eb7a4cefcc040dfbfa6933fe18373ec5d25102e1c17df98249	streams/build/classes/java/test/org/apache/kafka/streams/state/internals/MeteredTimestampedKeyValueStoreWithHeadersTest$1.class
4a4249ab2fd32af64afb3731ba5362a4bb984f81ac778e9579f8149f5da5e79d	clients/build/classes/java/test/org/apache/kafka/common/network/SslTransportLayerTest$SslTransportLayerArgumentsForTLS2Provider.class
4a4330c9e1508bec16df7c8ee12109004a8daafd450ab9439733ad1fcafd8d02	core/build/classes/scala/test/kafka/api/AbstractConsumerTest.class
4a5744419f5662c5510a2daf6ee75846a7ba3deb5d4e4c2352ed4c0ca43fa89b	clients/build/classes/java/test/org/apache/kafka/clients/producer/ProducerRecordTest.class
4a5c19d3ada6c47d86e20caf066f2839ffa276044cf9fb35b5f7048cd63a8ff3	streams/build/classes/java/test/org/apache/kafka/streams/kstream/internals/KStreamImplTest$1.class
4a5e55a8b859e869845e8b835b3879a5b3bb6a84e80dce7aefbc656e712df04a	clients/build/classes/java/test/org/apache/kafka/clients/producer/KafkaProducerTest$BuggyPartitioner.class
4a66239032edf1ae09791d4c6730c7faf806a14718317ef81f3fa9c240ff3006	connect/runtime/build/classes/java/test/org/apache/kafka/connect/storage/KafkaConfigBackingStoreTest$4.class
4a726515802077029be04cc8a37f3c8cc0f951a98c39abad8d198e604ee51244	streams/build/classes/java/test/org/apache/kafka/streams/processor/internals/TaskExecutionMetadataTest.class
4a7cd5791da74bcb14e0bbf2a6f043ade29845733548894ef5b143c464bd9739	clients/build/classes/java/test/org/apache/kafka/clients/producer/KafkaProducerTest$10.class
4a80dc6d36e2ca1bfea6af27c838fcc1b7703d37a9e40a34058cb217a935d134	storage/build/classes/java/test/org/apache/kafka/tiered/storage/actions/UpdateBrokerConfigAction.class
4a8a3a748c8440d6f93af8f7ac00850f2cceab4a4374aa6b54e3c5692ebcec59	metadata/build/classes/java/test/org/apache/kafka/controller/ReplicationControlManagerTest$4.class
4a97c9f47644748bac36b6c3da341ef498f369c7fc5448add93782150def930a	clients/build/classes/java/test/org/apache/kafka/common/network/EchoServer.class
4a9a679c4133855e373cbc4c9fa1e0cce3cc6cfc81f69221ffcded39b302db8b	clients/build/classes/java/test/org/apache/kafka/common/security/oauthbearer/OAuthBearerValidatorCallbackHandlerTest.class
4aa87f30a403727e8fd4162a18f6b28272975a36a01c309d3178dc52153bea16	metadata/build/classes/java/test/org/apache/kafka/image/node/ConfigurationsImageNodeTest.class
4aadd7fb354740bc09046beb83298a9806f14c17d3f1e7aaa667c7ab5085e899	server/build/classes/java/test/org/apache/kafka/security/authorizer/AuthorizerTest$CustomPrincipal.class
4ac49f98f5e9611ad2b0a4206404b2d96ea9248f69b5a25e1c6f1acb4eaabb3d	streams/build/classes/java/test/org/apache/kafka/streams/state/internals/TimestampedSegmentsTest.class
4ad40e3b8a333fe709e35a997cf26bef3de82b1a751b877a7dd0f04dd7ecc090	coordinator-common/build/resources/test/log4j2.yaml
4ad80f70161d1c95ab26ea8a01a5d5ebb88a5999593c5863c2188bfdd6255f6a	streams/build/classes/java/test/org/apache/kafka/streams/tests/RelationalSmokeTest$Comment.class
4ae4fa1f653a22d95683b40a3deec642c442a4c18ad55fa14d72b2d544857a82	streams/build/classes/java/test/org/apache/kafka/streams/kstream/PrintedTest.class
4b02c02185c7c9db6f58b40eac2c11cca705903a39042cf029b73074e60eaf14	clients/build/classes/java/test/org/apache/kafka/common/security/authenticator/SaslAuthenticatorTest$CountingKafkaPrincipalBuilder.class
4b1ea5425ccda2ee40222cf52abb25f5485b922d8a08231cf962291b533e4511	clients/build/classes/java/test/org/apache/kafka/common/security/authenticator/SaslAuthenticatorTest$AlternateSaslChannelBuilder$1.class
4b331ce6457fc938a989fdc9fe35e08d7b46f462943c19582c75f38aaae1b429	core/build/classes/scala/test/kafka/api/SslAdminIntegrationTest.class
4b442806fcf9d098f3dbe3092f1cac47acf581607155bb7f43f709964c7669fd	streams/integration-tests/build/classes/java/test/org/apache/kafka/streams/integration/RelaxedNullKeyRequirementJoinTest.class
4b5d0d4dec46fadf08f7d40b3a200e01b96c07e1c3d987eb07c40103544bedd8	storage/build/classes/java/test/org/apache/kafka/storage/internals/log/RemoteIndexCacheTest$FakeTicker.class
4b6aa58f8dad4b25f388269e64e42756d8ed2fff1a5f00422122e7a2a2e4049f	streams/build/classes/java/test/org/apache/kafka/test/GenericInMemoryKeyValueStore.class
4b6d08add659cd32da2d5bb3ccc549fe7db0c375f9391dcd8e619fa552f22393	clients/build/classes/java/test/org/apache/kafka/clients/consumer/internals/TopicMetadataFetcherTest$1.class
4b8eccf45fa68bae8ec625e8e54b84b3d3f041bc719d8d4c27b6582411cefbfe	clients/build/classes/java/test/org/apache/kafka/common/record/internal/ControlRecordTypeTest.class
4b93ff82384b4b32114fb6c056423d46d2b62774d783b160ced0fe5028bb5a16	clients/build/classes/java/test/org/apache/kafka/common/message/NullableStructMessageDataJsonConverter$MyStruct4JsonConverter.class
4b9f43a774087e2b0d029f41d14eb035c05559b6f7e424dd299ece03695a12a8	streams/build/classes/java/test/org/apache/kafka/streams/kstream/internals/KStreamProcessorApiTest$TransformerSupplier$1.class
4bad12a57ba8834c5e359b278e5ab78696c0168e6d3ab3fba14e45b64ce488f3	streams/integration-tests/build/classes/java/test/org/apache/kafka/streams/integration/IQv2HeadersStoreIntegrationTest.class
4bc6d7d34d0b06fbca9eb24a06e235395e9bbb3d99a845db248100734cf30ece	metadata/build/classes/java/test/org/apache/kafka/controller/QuorumControllerTest$InitialSnapshot.class
4bdc55eeeedf7b07d9c38ee865f714d64b467e05bf39530bdc5455ceae8eeef7	streams/build/classes/java/test/org/apache/kafka/streams/processor/internals/StreamsRebalanceListenerTest.class
4be2366eb337e4d07586963cd4c7c82c3c1dbdfe2396b0698fbc92f60fea98ef	storage/build/classes/java/test/org/apache/kafka/storage/internals/log/ProducerStateManagerTest.class
4be7ff033f111bd80f34f36e2a6c387063f22453e749a7a85214551d9c202186	storage/build/classes/java/test/org/apache/kafka/tiered/storage/actions/ExpectUserTopicMappedToMetadataPartitionsAction.class
4c05e0aef353287253ec6fdcaa98f7201e965beedbf72badbee3b5fb1e37ace8	raft/build/classes/java/test/org/apache/kafka/raft/RaftEventSimulationTest$PeriodicEvent.class
4c0e68eb8e36928b4992353f4ef968ce7e097dc74705c172e82bb48929b847a2	core/build/classes/scala/test/kafka/server/ReplicaManagerConcurrencyTest$Clock.class
4c15f04a3eee9e0d9baea9729280627ca8173c2ccac335bff0fa817953246760	share-coordinator/build/classes/java/test/org/apache/kafka/coordinator/share/ShareCoordinatorConfigTest.class
4c1942ab40be3ab19c9824ab48d62781504f17bf8e4b9957ef50545573512989	streams/streams-scala/build/classes/scala/test/org/apache/kafka/streams/scala/TopologyTest.class
4c1feab94df3dd111ee18fe3142e30242d5788213b27b08471da7e71d1879754	connect/runtime/build/classes/java/test/org/apache/kafka/connect/runtime/LoggersTest.class
4c48389f875ea28b2e8835094520eaccd73c136f212d1521cf7971a2108772a7	clients/build/classes/java/test/org/apache/kafka/common/message/SimpleExampleMessageData$TaggedStruct.class
4c493948cbc61c14327c8ff7cb53ebb7e2d086b2f7dd8ea4f8b3c45e671ee295	clients/build/classes/java/test/org/apache/kafka/common/TopicIdPartitionTest.class
4c4be420ec0df7f2b7d48df02ce7fe6ae59ff3b6b6a590afcb12eed607dca73f	core/build/classes/scala/test/kafka/server/KafkaMetricReporterExceptionHandlingTest$GoodReporter.class
4c4ffbdcffa996445be30f1eed22d7c309ffd1ca03d819fcb25b498acbc8e1c6	core/build/classes/scala/test/kafka/log/LogConfigTest.class
4c75091b9b1d17551d3e840bb615db35b578da7939b0bdac6afa90bc9bfe8682	clients/build/classes/java/test/org/apache/kafka/common/requests/FindCoordinatorRequestTest.class
4c7960f235506a85abeeac5e303e0cf19ae22691ab8f2ffeee2da26664b17be6	streams/build/classes/java/test/org/apache/kafka/streams/kstream/internals/KStreamKStreamOuterJoinTest.class
4c81eeb7074477f7b122b8ff47a0f1f73103bad6dea7c7f5279ad3525ad105df	clients/build/classes/java/test/org/apache/kafka/common/security/oauthbearer/BrokerJwtValidatorTest.class
4c89d106a677a617e675eb86ea4d25036d6cfe230fb71ffbed1b920683354c72	tools/build/classes/java/test/org/apache/kafka/tools/other/ReplicationQuotasTestRig$Experiment.class
4c8eed71c649d4970e3704d9b6b70483a5d777b962e8f55125aa3d18dcc6b595	streams/integration-tests/build/classes/java/test/org/apache/kafka/streams/integration/SelfJoinUpgradeIntegrationTest.class
4cac1079292b96b935619733581b7b9a0d2c5e651bbfd81bb762c469b176521d	streams/build/classes/java/test/org/apache/kafka/streams/processor/internals/tasks/DefaultTaskManagerTest$AwaitingRunnable.class
4cc988259e149756ffee2baad20319d3991fad929827044c10023dc168537c2b	core/build/classes/scala/test/kafka/server/RequestQuotaTest$Task.class
4ce17823309e80452b83a5546707d5ec6b5788b868d187e9273c689260d71909	streams/streams-scala/build/classes/scala/test/org/apache/kafka/streams/scala/kstream/JoinedTest.class
4cfbe4eecc684f92b9cc66b278cd80996be3e38cfe88856ffa58761e161cc5fd	streams/build/classes/java/test/org/apache/kafka/streams/state/KeyValueStoreTestDriver.class
4cff86aa3f12098db4cc17a94d60c8e13c187e63f60ed0d6d3112087fbd3578c	streams/build/classes/java/test/org/apache/kafka/streams/processor/internals/StateRestoreCallbackAdapterTest$1.class
4d02e6ea35b1a521efe6a397408076bdd1f06bbc7a777f30384d8a15ef22b419	clients/build/classes/java/test/org/apache/kafka/clients/consumer/internals/ConsumerCoordinatorTest$2.class
4d181c131f0592c350e652f266a540ce41bc5b1347d4f9f025a86af4bf256566	tools/build/classes/java/test/org/apache/kafka/tools/consumer/group/ListConsumerGroupUnitTest.class
4d1c8305dc785147ce5737a2c6451f6e1e726dcb21e5cb914d94df4f79568de4	streams/build/classes/java/test/org/apache/kafka/streams/state/internals/RocksDBTimestampedStoreWithHeadersTest$CapturingOffsetsHeadersStore.class
4d48fd19a7c0608ed2b8320062dc32573b03d12c2030360435a8bc9be025280c	clients/build/classes/java/test/org/apache/kafka/clients/admin/internals/DeleteShareGroupsHandlerTest.class
4d490863b3f2a5c5aec8af2c086a8c8e6a9fe5e661dbb4dde3d3d4c3775ce847	clients/clients-integration-tests/build/classes/java/test/org/apache/kafka/clients/ClientsTestUtils$TestConsumerReassignmentListener.class
4d6fd931a3ffe0e633ca0262f21e99abed39f276fb3f9d7eb729be7bb5fd878b	core/build/classes/scala/test/kafka/cluster/PartitionLockTest$SlowLog.class
4d843bff408c41afceeb894795ffc951cf96e85551a58e2cad6f4757fb599f29	streams/build/classes/java/test/org/apache/kafka/streams/processor/internals/assignment/RackAwareGraphConstructorFactoryTest.class
4d85e127a5be8f86d94e57b9117177806ea3aa4b6cc4e0372cce2d2b1fabfa2b	connect/file/build/classes/java/test/org/apache/kafka/connect/file/integration/FileStreamSinkConnectorIntegrationTest.class
4da44d2dad5372325125e31e23b9ea8644bd8b9b031d948bf59625413dd27ad8	metadata/build/classes/java/test/org/apache/kafka/image/ClientQuotasImageTest.class
4daa1f654c927357d657e2086053bd235586f1123f09672581170a3917471e5f	metadata/build/classes/java/test/org/apache/kafka/image/ProducerIdsImageTest.class
4db081ad0cd41f96ad05774b3a78520523997b46ecdf82d1af84a9bf9fcebe35	connect/mirror/build/classes/java/test/org/apache/kafka/connect/mirror/MirrorMakerConfigTest.class
4db7db526b1dcd7351a1350e5aa032832f3d8a5c5d088738572446a84bc5dd5c	group-coordinator/build/classes/java/test/org/apache/kafka/coordinator/group/streams/assignor/GroupSpecImplTest.class
4dc9c2560e729ed979517805133061345a71b944139a06c64e1954467a571eee	streams/upgrade-system-tests-37/build/classes/java/test/org/apache/kafka/streams/tests/StreamsUpgradeTest.class
4ddd39f24154e9a1f5eeda8cacae9127db21d6a7fc964e72cc9d787a5d236336	core/build/classes/scala/test/kafka/network/SocketServerTest$$anon$1.class
4decaf0bde6385557acf32247ebf55ea834e90609ba12568b997a5467db68d6e	core/build/classes/scala/test/kafka/api/AbstractSaslTest.class
4df68446e568db5e357bc3f8f29a004048402df1c78221fc5b94ddda5bc63061	server-common/build/classes/java/test/org/apache/kafka/metadata/properties/MetaPropertiesEnsembleTest.class
4e102925ead1150cfdd7fd0dbf6256d50e597a63c08aa9d899fef8cd28a21c82	clients/build/classes/java/test/org/apache/kafka/common/network/SslTransportLayerTest$SslTransportLayerArgumentsProvider.class
4e248ffdf5c9f527c7cc403b4a14efce8e43936e890c543cc76b36069db391a1	clients/build/classes/java/test/org/apache/kafka/clients/consumer/internals/FetchRequestManagerTest$1.class
4e27cc91b86bcea00d2e28f502e2527d51d74dbb51c06a0bb16735ff2bba2d7f	streams/integration-tests/build/classes/java/test/org/apache/kafka/streams/integration/RegexSourceIntegrationTest$3.class
4e2e7bff5915be099002976fa4f0b90c5c09639864c41332e6c29e815c6209d3	storage/build/classes/java/test/org/apache/kafka/storage/internals/log/UnifiedLogTest$4.class
4e2fce44e56eea5c7298ace2a314b02004a5fe4fe669dc9b708ee95195bf85c1	clients/build/classes/java/test/org/apache/kafka/clients/NetworkClientTest$TestMetadataUpdater.class
4e39c704c77a6fbc99a83331f377b0fbdd5c1068ec50ba21cb08aba14bf66a26	clients/build/classes/java/test/org/apache/kafka/common/message/NullableStructMessageData$MyStruct4.class
4e4925c1061975755fab09e9619bff42540db3caf28a385ce87472f8c98e11db	core/build/classes/scala/test/kafka/api/AbstractConsumerTest$CountConsumerCommitCallback.class
4e5952c3e7e95961dd49e51934b0ef77ae1f6dc17064a43299a1c329c6a96a1f	raft/build/classes/java/test/org/apache/kafka/raft/RaftEventSimulationTest$SeedVotersObserversIsGracefulShutdown.class
4e6c4cab8063d973a48b160ea936795891559d2836d895aa659b7d52fdbca194	connect/runtime/build/classes/java/test/org/apache/kafka/connect/integration/MonitorableSourceConnector.class
4e6cde6674377fd88412b727fdd964378af6c080b6c5c9f8cf717e8dc2007592	streams/build/resources/test/log4j2.yaml
4e732f9f8430f71c2f3a16ab4ad2c5464eff7015fe0cc1f6bb057028c1f30208	metadata/build/classes/java/test/org/apache/kafka/metadata/FakeKafkaConfigSchema.class
4e778b8b4b90665c1ffac8f00bb4df1bc2e150c5a6ddfbd48bc25998da60b996	core/build/classes/scala/test/kafka/server/DynamicBrokerReconfigurationTest$ProducerBuilder$.class
4e8045ce5fb8283323d90e7cbb4ba49a5717d1d3fa4c135541f7f291d96143bc	streams/integration-tests/build/classes/java/test/org/apache/kafka/streams/integration/VersionedKeyValueStoreIntegrationTest$DataTracker.class
4ea1265619f32d91e521638c358bd4ae02ab08d617bb1393f70d1c25366f085d	metadata/build/classes/java/test/org/apache/kafka/metadata/authorizer/StandardAclTest.class
4eba67f7dec13bec4b56ea9b95cc93697ba8cf34293a0fa41ee3b21c152f2c9d	clients/build/classes/java/test/org/apache/kafka/common/config/ConfigDefTest$1.class
4ebb7fe30bbcda6d209de6572ea0e3e517a784cbdff61a65ac59d04ed07f890e	streams/build/classes/java/test/org/apache/kafka/streams/state/internals/TimeOrderedKeyValueBufferTest$3.class
4efb4798d8866b18dda889448024b8065c885a559bd8af3d3084f44cce103298	core/build/classes/scala/test/kafka/api/AuthorizerIntegrationTest.class
4f1c0c02d03a564ae3e09b26d3e60326157569bc4187de49e3305e94e4afc337	streams/build/classes/java/test/org/apache/kafka/streams/processor/internals/StreamThreadTest$2.class
4f3272129429ba06bd734838abb25b01c8786d3c904e3b16c46e472e44104922	streams/build/classes/java/test/org/apache/kafka/streams/state/internals/metrics/RocksDBMetricsTest.class
4f32bd9082dad4a32fbd4120bdd85f3f7fb3f20d86f929f5e5f9d7f6f04fb681	clients/build/classes/java/test/org/apache/kafka/common/protocol/types/RawTaggedFieldWriterTest.class
4f3462a4ff4ebe7652247e99c2748ba18fbb1061db704047facaa5ad0f5c1b0b	coordinator-common/build/classes/java/test/org/apache/kafka/coordinator/common/runtime/StringSerializer.class
4f38f0909cb50e5e7b93b22da9cb736e757dd05372795c7d9fa4b6488dade3a0	streams/upgrade-system-tests-10/build/classes/java/test/org/apache/kafka/streams/tests/StreamsUpgradeToCooperativeRebalanceTest$1.class
4f38f0909cb50e5e7b93b22da9cb736e757dd05372795c7d9fa4b6488dade3a0	streams/upgrade-system-tests-11/build/classes/java/test/org/apache/kafka/streams/tests/StreamsUpgradeToCooperativeRebalanceTest$1.class
4f38f0909cb50e5e7b93b22da9cb736e757dd05372795c7d9fa4b6488dade3a0	streams/upgrade-system-tests-20/build/classes/java/test/org/apache/kafka/streams/tests/StreamsUpgradeToCooperativeRebalanceTest$1.class
4f38f0909cb50e5e7b93b22da9cb736e757dd05372795c7d9fa4b6488dade3a0	streams/upgrade-system-tests-21/build/classes/java/test/org/apache/kafka/streams/tests/StreamsUpgradeToCooperativeRebalanceTest$1.class
4f38f0909cb50e5e7b93b22da9cb736e757dd05372795c7d9fa4b6488dade3a0	streams/upgrade-system-tests-22/build/classes/java/test/org/apache/kafka/streams/tests/StreamsUpgradeToCooperativeRebalanceTest$1.class
4f4a401c101558a767c7bb31ae498c96cd728eb699e6aaede74d4df3f34e11cc	connect/api/build/classes/java/test/org/apache/kafka/connect/data/DateTest.class
4f5956303ac768b5b14d604184fc716c3754066f2871a856c551ee2c8455415e	metadata/build/classes/java/test/org/apache/kafka/controller/errors/EventHandlerExceptionInfoTest.class
4f733ab72eb0492e91e4f30eb494100d062c188912cafbb7381bc94c7fda4cbc	clients/build/classes/java/test/org/apache/kafka/common/security/oauthbearer/ClientAssertionKeycloakIntegrationTest.class
4f74ea9888b129a2301c6127cc665eb011b7073366267bb799e344d28d0ba0d1	clients/build/classes/java/test/org/apache/kafka/common/security/authenticator/SaslAuthenticatorFailureDelayTest.class
4f7e7f27bb5afc14a19a6818e15527184904aa8c58f02fbc4831d9b03111c295	clients/build/classes/java/test/org/apache/kafka/common/security/JaasContextTest.class
4f97ec1499dbfffebb7d08a5ad5efeb2ec7da68905dfc27db43db789cf3ab413	clients/build/classes/java/test/org/apache/kafka/clients/consumer/internals/SubscriptionStateTest$4.class
4f9da0345f62ad1066a4aa8c60faa8a4e720a0c52d32f1ff06b501d9f2eaacce	connect/runtime/build/classes/java/test/org/apache/kafka/connect/runtime/isolation/PluginDescTest.class
4fb0335b47cf8addb69d7e652919e735b5bf289ca665a55d39886d3c4a104ddd	metadata/build/classes/java/test/org/apache/kafka/controller/ActivationRecordsGeneratorTest.class
4fb701411bd1d7e82354d68ff8edb474ed5603d0c7ae7039c59c17e162fdeea2	clients/build/classes/java/test/org/apache/kafka/common/security/oauthbearer/OAuthBearerLoginCallbackHandlerTest.class
4fe60e223f00681c1e20ea5cfd339f8a7566f0644dcb96210ad6a0b63c36d8bb	clients/build/classes/java/test/org/apache/kafka/common/requests/ConsumerGroupDescribeRequestTest.class
4fff3bf631fe3f7211ab77a43a95b3b76dcb9a747afe89a4caeea3079d8e9dc4	streams/integration-tests/build/classes/java/test/org/apache/kafka/streams/integration/TimestampedWindowStoreWithHeadersTest$TimestampedWindowStoreWithHeadersContentCheckerProcessor.class
50066050ccc3ca1c74ef9b03826762942d537d2bec5837d80627e6534c7fd5a4	server-common/build/classes/java/test/org/apache/kafka/server/share/persister/PersisterStateManagerTest.class
501e294d740918cc345810effc5f8ac991a075edd4dab7922f6c405fbe117a7d	core/build/classes/scala/test/kafka/server/ReplicaManagerConcurrencyTest$MockAlterPartitionManager.class
503a30c360c0359bf20e2821518da2f4e35106322c812622da0650f4dba2fe9b	streams/build/classes/java/test/org/apache/kafka/streams/kstream/internals/KStreamSessionWindowAggregateProcessorTest.class
504484109884ffd25a6e1fddb3d44b5f1a874126b8e238f18ed8bb1a9a493955	streams/build/classes/java/test/org/apache/kafka/streams/state/internals/RocksDBMigratingWindowStoreWithHeadersTest.class
504e813a23642d090852074c1f1bdf6fc436d9a8509c036fcb616a27364c8336	core/build/classes/scala/test/kafka/cluster/PartitionLockTest.class
505db7e7fb2796d79f4f4be680343174b238fa67e9c89b978c3e068e74a99f7a	streams/upgrade-system-tests-25/build/classes/java/test/org/apache/kafka/streams/tests/SmokeTestDriver$NumberDeserializer.class
505db7e7fb2796d79f4f4be680343174b238fa67e9c89b978c3e068e74a99f7a	streams/upgrade-system-tests-28/build/classes/java/test/org/apache/kafka/streams/tests/SmokeTestDriver$NumberDeserializer.class
505db7e7fb2796d79f4f4be680343174b238fa67e9c89b978c3e068e74a99f7a	streams/upgrade-system-tests-30/build/classes/java/test/org/apache/kafka/streams/tests/SmokeTestDriver$NumberDeserializer.class
50679d9499d9d2afe4cf7f7faf3ba1f0cefef16e2e014f9a20c50f6371c8ff52	streams/build/classes/java/test/org/apache/kafka/streams/state/internals/SerdeThatDoesntHandleNull$1.class
5090dee4fbe8dab1ac2215b508f8a3f3051c9d56771d4d751735d2b942cb0782	core/build/classes/scala/test/unit/kafka/server/AllocateProducerIdsRequestTest.class
50b4788bade28c656f8c572837a13bf8e8487f3676d64a7480945ad9ab001f27	connect/runtime/build/classes/java/test/org/apache/kafka/connect/integration/BlockingConnectorTest$TaskInitializeBlockingSourceConnector.class
50b5eb99a6f6507640e473bb4150506ca43e65e2ab33c6f6e663398baaf0b1cb	clients/clients-integration-tests/build/classes/java/test/org/apache/kafka/clients/consumer/ShareConsumerTestBase$ComplexShareConsumer.class
50c7d45a4edd7458510803040f05de7482568c330157305086d841673a31d470	streams/build/classes/java/test/org/apache/kafka/streams/kstream/internals/KStreamKTableLeftJoinTest.class
50c8cf03f1ae89bf88401553b215d86e5c1bef43eb39630138a1ea527631db9b	streams/integration-tests/build/classes/java/test/org/apache/kafka/streams/integration/EosIntegrationTest$2.class
50d15e19eef8d66586e5f2c75dd71acb53208381b11721eecfa4854f4b297800	streams/upgrade-system-tests-23/build/classes/java/test/org/apache/kafka/streams/tests/StreamsUpgradeTest$1.class
50e0e47d1eaa69a28394b438dd1c05bc02336195cbef59128bd9af001a002f9b	streams/integration-tests/build/resources/test/log4j2.yaml
50e0fe08b4ad9e64a93379e7badd7a1d4c574e9ec60ad223f7ee7306932393fe	clients/build/classes/java/test/org/apache/kafka/common/metrics/TokenBucketTest.class
50e7db2d2804b07d7df5b876fea79b06aa3bfa59e5b5adf740a58e705adb80dd	clients/build/classes/java/test/org/apache/kafka/common/utils/UtilsTest.class
50e9afbb91fe5f8c93e4b62ce29eeec9c064e4ae09a5642c5d496d0307c1fb70	core/build/classes/scala/test/kafka/server/GssapiAuthenticationTest$$anon$2$$anonfun$$lessinit$greater$1.class
5100a7f1d09cb417e06af29fbde6311ba7f7256b244889fdd731e23622e31e68	test-common/test-common-runtime/build/classes/java/test/org/apache/kafka/common/test/KafkaClusterTestKitTest.class
5102ef110afc3918eade00e477aa5d21518a5e6fefbef2880857b970c98879e4	metadata/build/classes/java/test/org/apache/kafka/metadata/authorizer/StandardAuthorizerPropertyTest$TopicSuffixesRandom.class
510fbac09e418225d8290b00ee9b15d16cc8fd6a0ae242d7e571fc20154aeccd	core/build/classes/scala/test/kafka/coordinator/AbstractCoordinatorConcurrencyTest$CoordinatorMember.class
5116edb600b6b9852527709fc954682a186dfbb16500a000801d545ec5d7aed1	streams/test-utils/build/classes/java/test/org/apache/kafka/streams/test/MockProcessorContextAPITest.class
5122e3041858e4ae581fbb74c3f5ced2d2c5bdfe12f695ca092845fd7dcc69e3	metadata/build/classes/java/test/org/apache/kafka/metadata/authorizer/StandardAuthorizerPropertyTest$TopicSuffixes.class
51348bc007a1bd015a81f10128255b2b75a29dc09d92ae651a264685c745e74a	raft/build/classes/java/test/org/apache/kafka/raft/RaftEventSimulationTest$MonotonicEpoch.class
513a7030e32d06fd1368aaf88160bb7b663df86186ccaca297ccf2f0145b932b	clients/build/classes/java/test/org/apache/kafka/common/config/ConfigDefTest.class
514dd8af92dab0c40fd1f9b947df7b6aa3441128bc564598ed5e672030a7584f	metadata/build/classes/java/test/org/apache/kafka/image/loader/MetadataLoaderTest.class
5150471fa9979ac5b865176e6fabc4511c9a041d55eed6fd18e65569c630899f	clients/build/classes/java/test/org/apache/kafka/clients/consumer/internals/SubscriptionStateTest$9.class
5159c6c11dc63bebcb6a19b3a66af131b5b678c831e41f8e857a71ca38213794	group-coordinator/build/classes/java/test/org/apache/kafka/coordinator/group/modern/share/ShareGroupBuilder.class
5169054f3b010e78ec9113da7d5a238120698060aa5a08e46adb1cd14cb4e59d	clients/build/classes/java/test/org/apache/kafka/clients/consumer/internals/ConsumerCoordinatorTest$11.class
516fd770aba9e75026c07b355de61debe1bde1ac3d7ed1c065f1ef0e90f16a36	raft/build/classes/java/test/org/apache/kafka/raft/ResignedStateTest.class
517ad93d93fa72939a86f773dfcc39ec34e66d2bd29a207216bbfdc63aef87b5	clients/build/classes/java/test/org/apache/kafka/common/acl/AclOperationTest$AclOperationTestInfo.class
517b9382f8f00d2f6fbf33cf84de502f150d68d55f853d3a4f80f29dcd583ce9	streams/build/classes/java/test/org/apache/kafka/streams/kstream/UnlimitedWindowsTest.class
518fbec1dc9fe4863745dc52de46a886c94650f89db1ac7694ad19505b63849b	clients/build/classes/java/test/org/apache/kafka/common/security/oauthbearer/OAuthBearerLoginModuleTest$TestCallbackHandler.class
519a7eb749520c03148abbdf378248d9aa8d448cfb1e1d61b94992ab7774ee45	group-coordinator/build/classes/java/test/org/apache/kafka/coordinator/group/GroupMetadataManagerTestContext$SyncGroupRequestBuilder.class
51a31d50aac19326228c103c8406546b7c48014a972de9e22289866e2ae4c654	connect/runtime/build/classes/java/test/org/apache/kafka/connect/runtime/MockConnectMetrics$MockMetricsReporter.class
51ba1870a74b529044c70beaea3001eee3ccf66c30c580a5a46968a57a6ae294	streams/build/classes/java/test/org/apache/kafka/streams/kstream/internals/suppress/KTableSuppressProcessorMetricsTest.class
51cbb31ac8f7523954bb954fcba423ddc00cfc52d3be6166db030015a7259a4a	server/build/classes/java/test/org/apache/kafka/server/quota/ReplicationQuotaManagerTest.class
51da26ad8302f276c6b42f9eb09b6d5d05e21c6e1f9813362dc70b7e87b677c2	raft/build/classes/java/test/org/apache/kafka/raft/KafkaRaftClientPreVoteTest.class
521ac51f6de5205bae245bfea70495a0f5496ccf0301edb3395aebea9c12f6ff	connect/api/build/classes/java/test/org/apache/kafka/connect/data/DecimalTest.class
524b737cc623c51fe18c903d40fb212ed97ee3d489338d03789212e122198051	clients/build/classes/java/test/org/apache/kafka/common/security/authenticator/SaslAuthenticatorFailureNoDelayTest.class
524dd712fb17008afdf98aa975e4440151bc9d42dc061fba610759560e738b1b	streams/integration-tests/build/classes/java/test/org/apache/kafka/streams/integration/utils/EmbeddedKafkaCluster$TopicsRemainingCondition.class
525450c93d36a040368f0ba5f223de15e80941d463000f75a096d6fac0f5e72b	streams/build/classes/java/test/org/apache/kafka/streams/kstream/internals/suppress/KTableSuppressProcessorTest$Harness.class
526b7008e66fe229b6deef222160067ea2397f550f5f929e58c1f59ca7200d42	streams/integration-tests/build/classes/java/test/org/apache/kafka/streams/integration/StreamStreamJoinIntegrationTest.class
526e4ae6f6b35a3c0a8b1c05558e3f7bfd59a11f8af1cf3a5edba2cd6eb28c0c	connect/runtime/build/classes/java/test/org/apache/kafka/connect/integration/BlockingConnectorTest$BlockingConnector.class
5293ddaa2ee0b646f2b55a9535c7c482e495d0013e83e170808e1fddc4525ffc	streams/build/classes/java/test/org/apache/kafka/streams/state/internals/RocksDBStoreTest$RocksDBConfigSetterWithUserProvidedNewPlainTableFormatConfig.class
52a792e74700c585a69c96480f9c042b57d65f1dda367948eb23d022baef5f1e	trogdor/build/classes/java/test/org/apache/kafka/trogdor/workload/TimeIntervalTransactionsGeneratorTest.class
52b102926b0e3be3449f27c80e9eb025090a1d7d1d0b9c492f24a4fc067f2913	raft/build/classes/java/test/org/apache/kafka/raft/MockLogTest.class
52d1a4273c2a8700d84571c89266d17e0cd9467b33a0d502de541f4c31a8d1c1	clients/build/classes/java/test/org/apache/kafka/common/message/SimpleExampleMessageDataJsonConverter$MyStructJsonConverter.class
52d4f39789160ad63675426552fd35bed198c3f6d2fba6d2aaed6db07c886aaa	clients/build/classes/java/test/org/apache/kafka/common/security/ssl/Tls12SslFactoryTest.class
52e4c3230c4933f6473f5bb52094f054fe8df5a130064efdf5217946849f1b22	streams/build/classes/java/test/org/apache/kafka/streams/state/internals/RocksDBTimeOrderedWindowStoreWithIndexTest.class
52e5dfb094a8c6ed4b8290d4caaa6b6533c72162e2dd594984f7449735f50c47	streams/build/classes/java/test/org/apache/kafka/streams/kstream/internals/SuppressTopologyTest.class
52fa10425c675d83af01ab679d7f6b89b0a46a6ac157645f0dc5894e4d1bc2b1	clients/build/classes/java/test/org/apache/kafka/common/security/oauthbearer/internals/unsecured/OAuthBearerUnsecuredLoginCallbackHandlerTest.class
53006c660b69def3250e8cae1e02a5d735e55c0b169731d60c11cc3ebd7c96c5	clients/clients-integration-tests/build/classes/java/test/org/apache/kafka/clients/consumer/ShareConsumerTest$1.class
5303539670d68728cd4477d86e1a489596233885de668eaeb3ef18cdcb2ba712	connect/runtime/build/classes/java/test/org/apache/kafka/connect/runtime/rest/resources/LoggingResourceTest.class
530e0965894bb5ae2f5a5ed12e777be3f0af99859a55804ae504b4d782791050	streams/build/classes/java/test/org/apache/kafka/streams/processor/internals/assignment/TaskMovementTest.class
531c742e4b7e7b34358a8d13cd181b45bf8680511b227296cbcd6e703d218505	clients/build/classes/java/test/org/apache/kafka/common/record/internal/FileLogInputStreamTest$Args.class
53228817bbae5a83a41496f85d575baeca28dbb0db7cdf9a29cd3e2b02656bba	clients/build/classes/java/test/org/apache/kafka/clients/admin/DescribeTopicsResultTest.class
539a87229e6c91d2b197d3d55ac7b481d8b170c845e52bacba02919a1316bf04	connect/mirror/build/classes/java/test/org/apache/kafka/connect/mirror/integration/MirrorConnectorsIntegrationBaseTest$CollectAllMetricsReporter.class
539fc5f114a83f9abe890dfae1c261067af1599b5c5242bb5912234bcdb7942d	streams/build/classes/java/test/org/apache/kafka/streams/tests/StreamsOptimizedTest.class
53a955dc8450e8f15a3a163487fd883006a7893b2f39793f86f3fd900cbea9b4	streams/build/classes/java/test/org/apache/kafka/streams/state/internals/KeyValueSegmentsTest.class
53ae8e1f506122074756eb37659cd5bfabcc7e01154c95d676eaba7bc494999b	connect/runtime/build/classes/java/test/org/apache/kafka/connect/runtime/distributed/WorkerGroupMemberTest.class
53aedce2feb309dcbe42fce7757f6dc141f0508ba9f7783366250fc669f482a6	coordinator-common/build/classes/java/test/org/apache/kafka/coordinator/common/runtime/KRaftCoordinatorMetadataDeltaTest.class
53babc54549a1fbfa9b5b42733b714a35c6d74df31e0b7927bcbfb0b81ea39b7	clients/build/classes/java/test/org/apache/kafka/common/security/oauthbearer/internals/OAuthBearerSaslClientTest$1.class
53c1ad355022fd31919533e7d0bd58e27ebc3b9fb4ea659cc3a9e8443492cec9	streams/test-utils/build/classes/java/test/org/apache/kafka/streams/MockProcessorContextTest$5.class
53cf94d5b282db1a8a1e554c0a670e58662d06158a5c13798e16606763627433	clients/build/classes/java/test/org/apache/kafka/clients/ClientUtilsTest.class
540a6480d806cbbfc0ff370e97535f00d31f2f6cb2348dabdf266ebc37d7b15a	metadata/build/classes/java/test/org/apache/kafka/image/node/ConfigurationImageNodeTest.class
540ff79b042506e440c6e77b9f34a9c883ff74114cd0e24e5a6be04fe49688fb	streams/build/classes/java/test/org/apache/kafka/streams/KeyValueTest.class
54165ad90c4eb404a1e29ea591fc293cb7604e05523b107c4207bac47dd8f2f5	coordinator-common/build/classes/java/test/org/apache/kafka/coordinator/common/runtime/MockCoordinatorLoader.class
5419026bded15ef2f1541e1420b8a537992bdf494d2d5cb604344b2c0d5cce03	connect/transforms/build/classes/java/test/org/apache/kafka/connect/transforms/predicates/TopicNameMatchesTest.class
5435ffa8949cf38dfbdf172a2f82e95fb1e364a1e3f5ddad252e142544c14a33	storage/build/classes/java/test/org/apache/kafka/storage/internals/log/UnifiedLogTest.class
54374d4995546c108a8b27d54fad040e300b28047fd3d2b4b42adf2bcbf7f91b	clients/build/classes/java/test/org/apache/kafka/common/requests/PushTelemetryRequestTest.class
543abcdea3094d7ee3a96dff5b5c6a535e7abc9cbae104c8ebb3d02b26b35e21	streams/build/classes/java/test/org/apache/kafka/streams/state/internals/TimestampedKeyValueStoreBuilderWithHeadersTest$StoreType.class
5448e9b5072750d08b6d338654829ef5b222650e8043433dc206ed22352290ab	clients/build/classes/java/test/org/apache/kafka/common/protocol/ErrorsTest.class
5452ab4b5813ddb73421355a00a58944be182feac0897f6f2628911acde30086	streams/build/classes/java/test/org/apache/kafka/streams/state/internals/PlainToHeadersWindowStoreAdapterTest.class
547140974a72f06935128a9ca91653a6a0bac87be9604d911c5488342274efaf	server/build/classes/java/test/org/apache/kafka/server/config/AbstractKafkaConfigTest$1.class
547b47cb64c1699625c6b688d11a17bdee92c01c52634f855e97eca7498fe18a	clients/clients-integration-tests/build/classes/java/test/org/apache/kafka/clients/admin/AutoTopicCreationTest.class
54830b03106dc7cbdeef7055be88fb7a7203c1dace335890acf7513aee8743dc	tools/build/resources/test/log4j2.yaml
54919043e5442e3a480256a5f6ae05cfdb0949783a4095ade015c90e97850eb9	core/build/classes/scala/test/kafka/server/AbstractFetcherThreadTest$$anon$15.class
54970796d181f35ed05ae42987c609da21232fd38e30f3bc96a1308483df67e6	streams/integration-tests/build/classes/java/test/org/apache/kafka/streams/integration/SlidingWindowedKStreamIntegrationTest.class
549a037df6e9509df49c2cabd2ff1877ed285abfc53290126cfa7d5cc609f35a	clients/build/classes/java/test/org/apache/kafka/clients/MetadataTest$1.class
54ad1d24c975670ac0bbbdbc13a4aa2ec01988dbb36e5629dfd15f5bc95ada9e	coordinator-common/build/classes/java/test/org/apache/kafka/coordinator/common/runtime/ManualEventProcessor.class
54afea6ca86bbfc9ec742520dad804669f14f019309064e07aecd8bcc84703e2	core/build/classes/scala/test/kafka/api/SslProducerSendTest.class
54b22864faf51bc83cd9c403babf11cf61ccbbba5b8ccb98b15b5e91dfa87998	clients/build/classes/java/test/org/apache/kafka/clients/consumer/CooperativeStickyAssignorTest.class
54b38fbf13cbd4547566a7ded9f1b106912bd12aa8aa30be781a977c84f6b4ac	core/build/classes/scala/test/kafka/server/AbstractFetcherThreadTest$$anon$12.class
54cb789d4adc47e10cfe044a8e7106dd699202aef0b96c76863446ed2be91870	core/build/classes/scala/test/kafka/server/ReplicaManagerConcurrencyTest$InitializeEvent$.class
55079ee5c131945dd73a96a30b09e341f267a752c52457c1e8874ab2b49470c7	clients/build/classes/java/test/org/apache/kafka/clients/consumer/internals/SubscriptionStateTest$2.class
551594e2e726933a8c0cd1993bdb73af279ff19988a00e25f94a3df743eb4089	connect/mirror/build/classes/java/test/org/apache/kafka/connect/mirror/OffsetSyncWriterTest.class
551f0c44fdc83bf16a7e3ba7f37541ee607ffdfa23c9bf38c29f6db535e77907	clients/build/classes/java/test/org/apache/kafka/common/record/internal/ControlRecordUtilsTest.class
55300ba2a693b4c523b37641b1f41f42eb18d3efa846a28c5b3f094d3ed11eac	connect/api/build/classes/java/test/org/apache/kafka/connect/sink/SinkRecordTest.class
5540b36aa87eefcb84917a124939bb9f12e67a75f36c5a63d566912e1cd4c1b7	clients/clients-integration-tests/build/classes/java/test/org/apache/kafka/clients/admin/ConcurrentListOffsetsRequestTest$TestHostResolver.class
5543c0c7009aca62871199b84d056e05fa5101b3f14b711792e6735425996997	metadata/build/classes/java/test/org/apache/kafka/controller/MockRaftClient.class
554b67e7ba518ea7a036fd50970b2166f46ddab87611194b3b1293d858698b0c	streams/build/classes/java/test/org/apache/kafka/streams/kstream/internals/foreignkeyjoin/SubscriptionJoinProcessorSupplierTest$2.class
5587f40e0e5bbe80d108bb1e7c923007740efe945ef4f0765c94e6e91cb60738	coordinator-common/build/classes/java/test/org/apache/kafka/coordinator/common/runtime/CoordinatorRuntimeTest$5.class
55dfd175ab087fce6f185779db0340f838a7cb132ed0f4d1a9b27ae5fc22f5dc	clients/build/classes/java/test/org/apache/kafka/common/protocol/types/ProtocolSerializationTest.class
55e200fbb7bc5e51a9d229417db548c7582dde8ab73e37d412fc3edefcf4ef37	clients/build/classes/java/test/org/apache/kafka/common/network/ChannelBuildersTest.class
55ece9f2d5695f44885e846b1b83292f0d55172c361a66c2fa0bde8ba2113246	streams/test-utils/build/classes/java/test/org/apache/kafka/streams/test/wordcount/WindowedWordCountProcessorSupplier$1.class
56019d901fa744e5b61ab702008d4ca587d8e4d6ad6c91050ef3c1f7d52f4705	core/build/classes/scala/test/kafka/api/TransactionsBounceTest.class
5610b2d8271cda5ecd61839cab9a4558df92fc1db0b0ba1a182f0aef96520179	clients/clients-integration-tests/build/classes/java/test/org/apache/kafka/clients/consumer/PlaintextConsumerSubscriptionTest.class
561240e7460b35c5b5dc5fc73049da2d57478765cd96ddd0ec50608c2f4706a7	clients/build/classes/java/test/org/apache/kafka/clients/NetworkClientTest$2.class
561db64a798a35232c206db8681408d0628832c25cf35e58cb86cb82f96243b2	clients/build/classes/java/test/org/apache/kafka/clients/consumer/internals/ConsumerCoordinatorTest$14.class
56273c0826a58c56bc1208e139c4e9fb79fcf51c516d6c161d29e5fa98f7ef54	streams/integration-tests/build/classes/java/test/org/apache/kafka/streams/integration/AdjustStreamThreadCountTest.class
56274a08ee42b4bc02fdc84c0f49e5d41bce27c96d4336536184f4c3191c22c9	clients/build/classes/java/test/org/apache/kafka/clients/consumer/RebalanceListenerTest.class
56360435c06d9035179902d62cce11865b0b10d1f66fa85d01117e571087fc15	server/build/classes/java/test/org/apache/kafka/server/TestUtils.class
563e645afb868053c6e8cc343b2bc98f549566971f599a4eb782790c922c85c9	connect/runtime/build/classes/java/test/org/apache/kafka/connect/runtime/WorkerSourceTaskTest.class
566cbf2a2527d78675badf7c48e7192e734793605292eec0fa8c8d7493cd6144	clients/clients-integration-tests/build/classes/java/test/org/apache/kafka/clients/consumer/ConsumerBounceTest$BounceBrokerScheduler.class
568db77faccc0c3017bb83102808cd5e3b47a74d8c88ffed6b1f17b5e832eba9	streams/integration-tests/build/classes/java/test/org/apache/kafka/streams/integration/KafkaStreamsTelemetryIntegrationTest$TestingMetricsInterceptingConsumer.class
56a819e57686a93957a3fd4c36874612025718d4e4918d23b5b527785af5d7eb	connect/mirror/build/classes/java/test/org/apache/kafka/connect/mirror/MirrorCheckpointTaskTest$2.class
56a994ac0b437971bf5a58e85c1cb9ecc26c2920b77fa36592e6877f584bec4b	streams/build/classes/java/test/org/apache/kafka/streams/state/internals/VersionedKeyValueStoreBuilderTest.class
56ab06509a14732b83141fde0ec961365cf4b5e33c7d22c7665d3188f0e3c033	clients/build/classes/java/test/org/apache/kafka/common/security/oauthbearer/internals/secured/assertion/DynamicAssertionJwtTemplateTest.class
56dafa179e5a49151d13de02cbd8c130c0b71c8b739f0bc17c92f26506f19f43	clients/build/classes/java/test/org/apache/kafka/clients/consumer/internals/ShareFetchCollectorTest.class
56f1359130c09859ad6ec227428901a5da9fb3b2e13264433913eb2834b8b395	streams/build/classes/java/test/org/apache/kafka/streams/kstream/internals/KStreamRepartitionTest.class
5716b270fbfca718d6c19e69f43979fdc81dd1ec8936cb4122a7d31e0b2ee650	connect/runtime/build/classes/java/test/org/apache/kafka/connect/integration/MonitorableSourceIntegrationTest.class
57232a318178a912f7585b90d5e9a5331622a4becb27952eff6db58895851ffd	connect/file/build/classes/java/test/org/apache/kafka/connect/file/FileStreamSinkTaskTest.class
57483ede0d58d1cee7a197c358078b1f2fcc6871be08c0c424bd52792b31c30e	core/build/classes/scala/test/kafka/server/DeleteTopicsRequestTest.class
57635b11829d116b20fce257c552d69fd5a41bbfc89c1826a9aa93cad23c2a40	raft/build/classes/java/test/org/apache/kafka/raft/QuorumStateTest.class
5766e40bac2990845f7bab4df274c6f11ee05ca719a31d1f04270262806c7a28	streams/build/classes/java/test/org/apache/kafka/streams/processor/internals/StoreChangelogReaderTest.class
577232c71429c6e405aaed807fe2b58da0a7c44a9d3207cbe3507278e8e2b2b5	server-common/build/classes/java/test/org/apache/kafka/queue/KafkaEventQueueTest$2.class
577240f12f0fa676160cb43dfff5ddc4373a6f606678347fee0be1e40c91f4ba	raft/build/classes/java/test/org/apache/kafka/snapshot/RecordsSnapshotWriterTest.class
5774ca7a68c4e6a12bebae13c2b5bb97413991a5a7f05583e534a0a618776d6a	clients/build/classes/java/test/org/apache/kafka/clients/consumer/internals/DelegatingRebalanceConsumerTest.class
5774daf04aa2762df95c902a239c361842194ca48fb296c8e06fe2d8a5796d9a	connect/api/build/classes/java/test/org/apache/kafka/connect/source/SourceRecordTest.class
57768c46bcd02e61528cb4d4f243a90dfec0adf640a395084a7caf235a04238d	connect/runtime/build/classes/java/test/org/apache/kafka/connect/runtime/errors/ErrorReporterTest.class
577f2dd65894b8620078eb8d588b1ad866a5a185ef1321bd63feae7e396f1ed7	streams/integration-tests/build/classes/java/test/org/apache/kafka/streams/integration/IQv2IsolationLevelIntegrationTest$Scenario.class
57973b62c25b61a33b4b4ad7944a3b462a9961df0f4299a5849783d6263a11e4	streams/integration-tests/build/classes/java/test/org/apache/kafka/streams/integration/ProcessingExceptionHandlerIntegrationTest$ContinueProcessingExceptionHandlerMockTest.class
57a4abeb27e5152f6fdd7b807fed7fbedc5c3284490fc42dc5d40f7f2f2c010b	streams/build/classes/java/test/org/apache/kafka/streams/kstream/NamedTest.class
57b1f6da75966dbf8a7fadb70f1df64ae159560d1c4af58571a2c765fd10f738	clients/build/classes/java/test/org/apache/kafka/clients/admin/KafkaAdminClientTopicTest$3.class
57b7a37bb649aebaf01ee93ee62b77a4a95b1603b80b62ba0078afe05d1b4dd8	streams/integration-tests/build/classes/java/test/org/apache/kafka/streams/integration/QueryableStateIntegrationTest$ProducerRunnable.class
57bae152b3b7f6c147c5479c8e43a9550440ea4dde05d949b7e3a0f2b463c3e6	core/build/classes/scala/test/kafka/server/TestableKerberosLogin.class
57c23b0db4121dd6730b30c8bbc83f44100089abda4bb798ee89156737629977	clients/build/classes/java/test/org/apache/kafka/clients/consumer/internals/ShareConsumeRequestManagerTest$1.class
57c8bf31fac06f5189c64ea65ed9938edc4e359d138f37856393aa64ad942c12	clients/build/classes/java/test/org/apache/kafka/common/protocol/ProtoUtilsTest.class
57d185d2e7bb4e716580040c773777872804be898d0490227ad90ebd741d4f88	streams/integration-tests/build/classes/java/test/org/apache/kafka/streams/integration/utils/IntegrationTestUtils.class
57fb6c6b0335e350b5ec34cda08f979056ded5601b3b5ef54e26171ca89df425	streams/integration-tests/build/classes/java/test/org/apache/kafka/streams/integration/TaskMetadataIntegrationTest.class
581667ddd6488893eebf2e6cf237a2818641309095d01ead1b315db0e6794940	connect/runtime/build/classes/java/test/org/apache/kafka/connect/test/util/ConcurrencyUtils.class
582276cc82f873e5e5c1ecc6bcf8ce32ee1469318a297ef6975ce7e79cd369fd	core/build/classes/scala/test/kafka/api/ClientIdQuotaTest$$anon$1.class
585cfbf49496c3be69215fe80568a229e1acf178c78f16371722da6fb6b3d46a	streams/build/classes/java/test/org/apache/kafka/test/MockReducer$IntegerSubtract.class
585dc5bbe5bb1a4eba916971417a4452e5bcd7683789e3bc0b664b0f47ab501c	coordinator-common/build/classes/java/test/org/apache/kafka/coordinator/common/runtime/CoordinatorRuntimeMetricsImplTest.class
5869446d77e0e6cf200d8a948c80386fecd10214a49e78662a43e8b6bfcaa3ef	streams/build/classes/java/test/org/apache/kafka/streams/kstream/internals/foreignkeyjoin/SubscriptionJoinProcessorSupplierTest.class
586a5b55afe4d77b82b5631e0f36d91104daa0b3cfd9ea623f28f12242a82c56	connect/mirror/build/classes/java/test/org/apache/kafka/connect/mirror/CheckpointStoreTest.class
588fd30a69c89aa59ae9f70abbad54f5d7f336ba1db974bd84c7334ddd8f95f0	clients/build/classes/java/test/org/apache/kafka/clients/CommonClientConfigsTest$2.class
58907158a0eec00d2767edd02cceb8123b0b1726343de43309c6ac3623e760dc	server/build/classes/java/test/org/apache/kafka/server/AssignmentsManagerTest$MockNodeToControllerChannelManager.class
58a01db8de94d7901f2ab63ad6c9f18a9b96a87109e22c82eda8bc5e926a4ec7	clients/build/classes/java/test/org/apache/kafka/common/security/authenticator/SaslAuthenticatorTest.class
58aee978e8348b11d0bd537cf2788fe46821845665b7396325544086c168d28f	streams/build/classes/java/test/org/apache/kafka/streams/state/internals/SessionStoreWithHeadersBuilderTest$BuilderTests.class
58bd6d4c8d97effb3fbeb444813557145bf07d7071f56af2e4b9c51a939d495e	streams/build/classes/java/test/org/apache/kafka/streams/state/internals/ValueAndTimestampDeserializerTest.class
58c3adc3c1bd062b5889e15c322fb25560c8ada5207233ab40c3f1caf2ffc6da	metadata/build/classes/java/test/org/apache/kafka/metadata/placement/StripedReplicaPlacerTest$1.class
58d28f876cfa1f6188aa21758f06952c60fa93fb48dc03e9c10f21520439c985	clients/build/classes/java/test/org/apache/kafka/clients/consumer/internals/SubscriptionStateTest$1.class
58f6a9c32b07605e5620eab5089b9dd1cfa2f2ebe2311a870d18e5665f32ab0f	connect/runtime/build/classes/java/test/org/apache/kafka/connect/integration/BlockingConnectorTest$TaskInitializeBlockingSinkConnector$InitializeBlockingSinkTask.class
5921b808436b2b6c3c74fcdfc3b9882faf9d1fc15aeba6b777890b9d6698e3fd	streams/build/classes/java/test/org/apache/kafka/streams/kstream/internals/foreignkeyjoin/SubscriptionWrapperSerdeTest.class
5921e136062eecc865125633e84a20a76599efd9ee6418eefe98464962bb9d4c	clients/build/classes/java/test/org/apache/kafka/common/message/NullableStructMessageData.class
59273c08b620096efe3c0833dabc8cfe6d49e42ffb247087690bfe3f029cb089	streams/integration-tests/build/classes/java/test/org/apache/kafka/streams/integration/MetricsReporterIntegrationTest$MetricReporterImpl.class
592b920f9b98c1a1cbffdfc903e718cb9b052cfb38dcf4631e52a462fcdd011e	streams/integration-tests/build/classes/java/test/org/apache/kafka/streams/integration/RegexSourceIntegrationTest.class
594861dcb23523de45670ba4619230d52d1a8fb9c348995bdec5ce0fadb95e39	connect/transforms/build/classes/java/test/org/apache/kafka/connect/transforms/DropHeadersTest.class
594cdbdeae0a30006bed978ea6653cdb7a8b3aabb709ff8158f50a1036408357	transaction-coordinator/build/classes/java/test/org/apache/kafka/coordinator/transaction/TransactionCoordinatorRecordSerdeTest.class
594e50eb8e2dd5f7a461842e11f928277a6935c24d779f12b39b0ae03dad83d0	clients/build/classes/java/test/org/apache/kafka/common/record/internal/RemoteLogInputStreamTest.class
595a7a81511aad559d1971cc21b98d8d7a78618d0271089413c7ae2789e00e85	core/build/classes/scala/test/kafka/server/KafkaMetricReporterExceptionHandlingTest$BadReporter.class
5974ef446847be6fdfdc6f8e64edbff9664fdd181e8187f24bd3a4d58c593bcf	connect/runtime/build/classes/java/test/org/apache/kafka/connect/runtime/ConnectorConfigTest$1.class
59778d185e60d3ed111cc6db4ff4a7cbe2621417d4d7f3d3ac992121a4591e4d	clients/build/classes/java/test/org/apache/kafka/clients/producer/internals/SenderTest$AssertEndTxnRequestMatcher.class
5990d0c934fa7aa7267899c41eeb9a4a0f5c180ad4cd08c43904aa04f0964b1b	clients/build/classes/java/test/org/apache/kafka/common/security/oauthbearer/OAuthBearerValidatorCallbackTest$1.class
599a1dbe1d7ed392c5f3c8cb7314b05bd995536e7ee2662c6c6c93ff4117051b	clients/build/classes/java/test/org/apache/kafka/clients/consumer/internals/ConsumerProtocolTest.class
59a384841e9e9469b263cd594886ad15b79f39366fb09d60d71803c4c971fcf0	tools/build/classes/java/test/org/apache/kafka/tools/streams/DeleteStreamsGroupOffsetTest.class
59a69d570e1cdce6e4b8aad79563d8602ec57be96a0d44ac903746e10b99c70b	coordinator-common/build/classes/java/test/org/apache/kafka/coordinator/common/runtime/CoordinatorLoaderImplTest.class
59b446d438910d4a0ad874d1f2f6fa9dcc53b72de3c3a8733c997a2de460e27c	streams/build/classes/java/test/org/apache/kafka/streams/tests/RelationalSmokeTest$AugmentedComment.class
59cfbb43d4bc3092e792980ea5ad9b4ffaa96d2f7deb698a526c57a45984f47d	clients/build/classes/java/test/org/apache/kafka/clients/consumer/ConsumerRebalanceListenerTest$10.class
59d41bb18d9f546abec8b337923d7c827c7a6a24ebbd6c8f188fa01da19dcf12	group-coordinator/build/classes/java/test/org/apache/kafka/coordinator/group/streams/topics/EndpointToPartitionsManagerTest.class
59d8f23153ee1b00ea0134f0dd78ecb516c68d8fc56a829e860ec73783e094c3	server/build/classes/java/test/org/apache/kafka/server/share/dlq/ShareGroupDLQStateManagerTest.class
59f39e62dec0bff83237e6562f87513de026999636012f26f3244cf4afdc7619	streams/integration-tests/build/classes/java/test/org/apache/kafka/streams/integration/PurgeRepartitionTopicIntegrationTest.class
59f510604d461488a22e8e9d6b344b82c23464e6151d92863e70ecccae3ad984	clients/build/classes/java/test/org/apache/kafka/common/security/oauthbearer/internals/secured/BasicOAuthBearerTokenTest.class
59f94030d95f248c9c99086243a6c346b805cdbc327235bb57874f5430c6904e	clients/build/classes/java/test/org/apache/kafka/clients/consumer/internals/CommitRequestManagerTest$1.class
59fbb3450091c5699d53edc9cd83e56ecb4d826a06dcd64c7206f816b8b3220b	raft/build/classes/java/test/org/apache/kafka/raft/RaftEventSimulationTest$DropAllTraffic.class
59ff801f135a18ae56beda8dc68ed2102474de22ad7c58543cc83f0ea4e05429	streams/streams-scala/build/classes/scala/test/org/apache/kafka/streams/scala/kstream/ProducedTest$$anon$1.class
59ffc3787ec6096a72bf6e1809ac27f2c86f2bfd00dfbffba325f5cee5acf2cf	streams/build/classes/java/test/org/apache/kafka/streams/processor/internals/StreamTaskTest$NullProcessingExceptionHandler.class
59ffcae074591022fec1f1a56219c055f0e54052d933b3895fcb53c3c1d7f09b	streams/integration-tests/build/classes/java/test/org/apache/kafka/streams/integration/TaskAssignorIntegrationTest.class
5a059a26eee5550da33632b26f8aa28848bea4828b1329327df3922a22b6847f	server/build/classes/java/test/org/apache/kafka/server/MonitorablePluginsIntegrationTest$MonitorableNoOpRemoteStorageManager.class
5a1a8c40277a40c4d37a7dfa73beceddccd9bf83aee44dd71bcbdc8124c9f2b9	streams/build/classes/java/test/org/apache/kafka/streams/state/StreamsMetadataTest.class
5a1d32f89346899708eae3112c4d0ec7dbbefb4869db37a46575c5b877ced20a	streams/integration-tests/build/classes/java/test/org/apache/kafka/streams/integration/GlobalThreadShutDownOrderTest$GlobalStoreProcessor.class
5a1fc2c7c3638b051ce9c048460f283472b9b16bc0f824666441f94d668f7f46	core/build/classes/scala/test/kafka/server/TestReceiverOnly.class
5a20ca4b7d382da040c800dc63bb1149c558389119702aef719521c6c72e6972	clients/build/classes/java/test/org/apache/kafka/common/requests/ListOffsetsRequestTest.class
5a2a2b1e20f8ba8906af0b85a6fee2cde1a5be3f42e2df01a621ebc09d8673cb	core/build/classes/scala/test/kafka/server/AbstractFetcherManagerTest$$anon$1.class
5a3d8f46b378379416efdbfff38f3d51bbce623021bfbd619bff227add9e798e	streams/build/classes/java/test/org/apache/kafka/streams/kstream/internals/KTableSourceTest.class
5a4b62139086e4ab08a568508e6733599323677e28569b5cc1783b97b5aa4327	clients/build/classes/java/test/org/apache/kafka/common/protocol/types/TypeTest.class
5a5680516f6afd068661c2c7528730a25a96b89b0bfee11e444302e7f4ba8581	metadata/build/classes/java/test/org/apache/kafka/metadata/MetadataRecordSerdeTest.class
5a6b4cf4e77494055d9afadcb6d770d7b826458b0ea58a7af763ecf070931014	tools/build/classes/java/test/org/apache/kafka/tools/consumer/GroupMetadataMessageFormatterTest.class
5a704f68c34c967efea30762e23c6251f44462550fff8f73e8685eebbe224602	clients/build/classes/java/test/org/apache/kafka/common/requests/ProduceRequestTest.class
5a7eeb695351f3b136ab92e3a1200184987540d0a4aaa80fa2cb6c367e5685f5	tools/build/classes/java/test/org/apache/kafka/tools/ConfigCommandTest$8.class
5a893bdbf4da61ba746571a982a0a3831d4ee27febb9d44b94873f00ebc5b0a2	connect/runtime/build/classes/java/test/org/apache/kafka/connect/runtime/standalone/StandaloneHerderTest$BogusSinkTask.class
5aa7b59a75ca66d72955f89e57cdfa01cec794536799ff4d455fddbad83fcd15	server-common/build/classes/java/test/org/apache/kafka/server/share/persister/PersisterStateManagerTest$3.class
5ad68327230b5aaf450bd7fa8245c8a34750c8b3400fc15ae9646d7fdd70a6e2	streams/build/classes/java/test/org/apache/kafka/streams/processor/internals/ReadOnlyTaskTest.class
5ae0decb5a5fa8a6741c51635a1ac5d6b090892040f3079c85431d618f35d335	streams/integration-tests/build/classes/java/test/org/apache/kafka/streams/integration/AdjustStreamThreadCountTest$1.class
5ae3b4189fb7021e02f1a4f24919dfd36eca87f5a428f567ed53881db777ed3a	group-coordinator/build/classes/java/test/org/apache/kafka/coordinator/group/GroupCoordinatorServiceTest$GroupCoordinatorServiceBuilder.class
5ae80a63f48279806cf642bd9d61a48bc0c78d57e06ab883bee62f7143cefcd6	streams/build/classes/java/test/org/apache/kafka/test/ReadOnlySessionStoreStub$1.class
5aede2ac26ac53780d10331320d7b64f8ceeccdc5b824a29d4b22c9d0f41a3ac	streams/build/classes/java/test/org/apache/kafka/streams/state/internals/LegacyCheckpointingStateStoreTest$2.class
5b208edb7ecc7ebeccfd5f20b861c77891d3acbb3a056fd8b5cb7879c97a9b79	connect/runtime/build/classes/java/test/org/apache/kafka/connect/integration/TaskHandle.class
5b34ef31505c1e423b815d88573ebd8ead2c564efa6fc869b40f6ec7c545015e	connect/mirror/build/classes/java/test/org/apache/kafka/connect/mirror/MirrorCheckpointConnectorTest.class
5b55269b20ffd5525540456ea9695c995ba9dfbce0ad7b003af7746f1e33a325	server/build/classes/java/test/org/apache/kafka/server/config/DefaultSupportedConfigCheckerTest.class
5b5ba7628df34e1cb63cf30609bd14fa9d16733413d97de7a6c1d0a086e1696b	connect/api/build/classes/java/test/org/apache/kafka/connect/util/ConnectorUtilsTest.class
5b71d286bdf72e09f54d32ffe073c77f5b7dcc74ec30e6783321bcf6597e0424	connect/api/build/classes/java/test/org/apache/kafka/connect/data/ValuesTest.class
5b812221cdc4d4bf4e07e1070154787f02ad27406b8ab78ae2bdda9b0c12df18	streams/build/classes/java/test/org/apache/kafka/streams/state/internals/MaybeTest.class
5b8506cf57019806ec132f1cd8874a16a77f813edc1d62d7291d0a7479c11fe2	streams/integration-tests/build/classes/java/test/org/apache/kafka/streams/integration/EosIntegrationTest.class
5b85dbb2be661f2b02511602be09191d2578c56e37822eba146fe40d87287514	storage/build/classes/java/test/org/apache/kafka/server/log/remote/storage/ClassLoaderAwareRemoteStorageManagerTest$DummyClassLoader.class
5b9ff3145a48876cb664e2b25285babda00b41e18363cae85a1d1c320874ae62	core/build/classes/scala/test/kafka/server/ListOffsetsRequestWithRemoteStoreTest.class
5ba154c5952ccc0441bde799d353f6c128646c10895747454d713bda4dec2f74	streams/build/classes/java/test/org/apache/kafka/streams/processor/internals/GlobalStateManagerImplTest$14.class
5ba17a9978dacb16f079ed4b04ef8d7d93429e645bb6b7ab19c1dde2629c4c7b	streams/integration-tests/build/classes/java/test/org/apache/kafka/streams/integration/InMemoryStoreMetricsIntegrationTest$1$1.class
5babc1984973071fc95cff23ec65b9bb1e475eb2e0c852250b42aacf177c9065	server-common/build/classes/java/test/org/apache/kafka/server/immutable/pcollections/PCollectionsImmutableNavigableSetTest$PCollectionsTreeSetWrapperDelegationChecker.class
5bad9b4ee9043da40f49fcc773879fb920144a379fc54c7364d280af54e2757c	server-common/build/classes/java/test/org/apache/kafka/queue/KafkaEventQueueTest$InterruptibleEvent.class
5baf44fe4e2180f31051a648cf0331b9894bb966244de30e185871172ee1f9a1	streams/integration-tests/build/classes/java/test/org/apache/kafka/streams/integration/DeadLetterQueueIntegrationTest.class
5bb428bc030312bff7c14f065524f42343f9d7652a5d55ea9cd376c69b4531ef	streams/build/classes/java/test/org/apache/kafka/streams/processor/internals/InternalTopologyBuilderTest$ProcessorSkippingWrapper.class
5bc7eee877a18ac029aaed0a4f7587f49439ce378e0d2e8b810b85e878d46060	streams/build/classes/java/test/org/apache/kafka/streams/state/internals/MergedSortedCacheWrappedWindowStoreKeyValueIteratorTest$SchemaType.class
5bd4b94c3b71f46c7835ebed6a2bf4d86d48131c9d3cb7227006b2b6d62248f6	core/build/classes/scala/test/kafka/api/BaseConsumerTest$TestClusterResourceListenerSerializer.class
5bdf9fd87ea96dd780e83e020ce975e160e0752108cf628574ce662a8204cc0b	server-common/build/classes/java/test/org/apache/kafka/deferred/DeferredEventQueueTest.class
5be66289e9826d6ce93f375de29eb706cf476789c0f438db4099b3216e76d640	tools/build/classes/java/test/org/apache/kafka/tools/consumer/group/DescribeConsumerGroupTest.class
5be76cca990af243e94d68a4dd124c184b602259a924a322241fcbfc3a82aaf4	clients/build/classes/java/test/org/apache/kafka/clients/consumer/internals/ShareHeartbeatRequestManagerTest.class
5c20691a08be27b9587f74bf0f8446c6a696d99bc857a7c964e48b21aaa487b7	streams/build/classes/java/test/org/apache/kafka/streams/kstream/internals/KStreamKStreamJoinTest$TrackingDslStoreSuppliers.class
5c21d9fe7ea02055e7322559747870758c6a0ae11ec1110a9f4cd8894c9d1880	clients/build/classes/java/test/org/apache/kafka/common/security/oauthbearer/internals/secured/JaasOptionsUtilsTest.class
5c4bf788c0cf9eac7fbb80174fe41773c257c673773ef7d59d4b0f644b0d141c	connect/mirror/build/classes/java/test/org/apache/kafka/connect/mirror/CheckpointStoreTest$1.class
5c5a88ff1d2bad9d4ed0ce44e59ecca506ae62a33572e8166d3b3f892e932b3e	clients/build/classes/java/test/org/apache/kafka/clients/NodeApiVersionsTest.class
5c6060598845fb78c65a712576e67542ade5d63cd4b1b115fa1cb694e2c1f281	group-coordinator/build/classes/java/test/org/apache/kafka/coordinator/group/api/streams/StreamsGroupTopologyDescriptionTest.class
5c61fdaf39d1301f30f6039cdb95181e5d09315a6af58cbc438319ac9f3aace9	streams/integration-tests/build/classes/java/test/org/apache/kafka/streams/integration/StreamsUncaughtExceptionHandlerIntegrationTest$ShutdownProcessor.class
5c67e9fb2ad7084808b4f85193ca6f519e891dd1cb24827746df5abdbb7ddb12	clients/build/classes/java/test/org/apache/kafka/common/security/auth/DefaultKafkaPrincipalBuilderTest.class
5c6e0dc973d123c340583e17b9345c57d82ed273228c728668d8dba56bfccbde	streams/build/classes/java/test/org/apache/kafka/streams/state/internals/TimeOrderedKeyValueBufferTest$4.class
5c6e74b29346a5c49ceec1b0946f8bf217679ba7735ed1c9008099b3dc2cd7b6	streams/build/classes/java/test/org/apache/kafka/streams/state/internals/WithRetentionPeriodTest.class
5ca862a04381ace870a0accafcb07185559ab87e480df3efed2bd84f897a877c	clients/build/classes/java/test/org/apache/kafka/common/security/oauthbearer/internals/secured/assertion/DefaultAssertionCreatorTest$Builder.class
5ca916dfb6f93385ee49d16c01e26c09459c409d37bebac48ec542b5a2e4aec3	group-coordinator/build/classes/java/test/org/apache/kafka/coordinator/group/GroupConfigTest.class
5cb2dd844bf66fa24c90af81f84aaaf2834b9c5752192fa5c41ce3a1ee534d50	storage/build/classes/java/test/org/apache/kafka/server/log/remote/storage/RemoteLogManagerTest.class
5cc76d3a9d9b94776e0099ee54ec59ac692a795c7a93fbd42e7c010d90eebe27	core/build/classes/scala/test/kafka/server/OffsetDeleteRequestTest.class
5ce143f721863bdac6c00d0367c56b838d56020d0adf1f5e0499e6bbda8b58a2	connect/transforms/build/classes/java/test/org/apache/kafka/connect/transforms/ValueToKeyTest.class
5ce1fc26a70fa9e0e31b6302665ae1ff24cd78053725f0cd15d34136b23456c4	trogdor/build/classes/java/test/org/apache/kafka/trogdor/workload/ThrottleTest.class
5d1ce96a71259e33d943df139d1987d6cf9f3e06607873da195e62c69aeef767	core/build/classes/scala/test/kafka/server/DynamicBrokerReconfigurationTest$ProducerThread.class
5d2bafb244a7d15edd662dcb10ed5216e9b2a0acfeea357a85031b444bf25a42	metadata/build/classes/java/test/org/apache/kafka/metadata/authorizer/ClusterMetadataAuthorizerTest$MockAclMutator.class
5d3b2636157b332a5a7c139414b797a3cf43887632b0955c1a045e8cbd5a6eab	clients/clients-integration-tests/build/classes/java/test/org/apache/kafka/clients/security/GroupAuthorizerIntegrationTest.class
5d4e439f3dc7d9d86bef3fa2482cc75dac2c73d599cde0b506505c4b65cda5e1	metadata/build/classes/java/test/org/apache/kafka/metadata/placement/PartitionAssignmentTest.class
5d5f638674bb093f257131ade3a50fadd57f8ed98aba266d67bf7007ad69891d	clients/build/classes/java/test/org/apache/kafka/common/security/oauthbearer/OAuthBearerLoginModuleTest.class
5d60916f3a79abf7dfd523709a88fb7d9f4fd39300ac27b569a6d5b1174f3b8c	streams/build/classes/java/test/org/apache/kafka/streams/kstream/internals/KStreamKStreamOuterJoinTest$CapturingStoreSuppliers.class
5d63b4087ee68e9a067eabd5a7ad4cef416715af28c2177fc09baa39ac490c70	core/build/classes/scala/test/kafka/network/SocketServerTest$ProxyServer.class
5d6b4c7b59f2337f95c4c91aecd76e7aa6f2bc7175b3404973890ea0388065e8	metadata/build/classes/java/test/org/apache/kafka/controller/MockRaftClient$ShutdownEvent.class
5d9a793b4d13e7befcf38b4fc8074104232bce5f66871a999114d979793068fb	clients/build/classes/java/test/org/apache/kafka/common/record/internal/MemoryRecordsTest$V2MemoryRecordsArgumentsProvider.class
5da828af6425d48363761936488eb93896fc40f29ad64e59498aad8374928b9e	clients/build/classes/java/test/org/apache/kafka/common/security/oauthbearer/OAuthBearerTokenMock.class
5dc45238ae196c6ca079d69beb1024a2032bb7be7ea29ea14105bba5b0fb1914	metadata/build/classes/java/test/org/apache/kafka/controller/PeriodicTaskControlManagerTest$PeriodicTaskControlManagerTestEnv.class
5dd429be79ac6d3726ec2677ea7559a23e7aa503e45f66a450f53e5da95f1ef8	streams/upgrade-system-tests-27/build/classes/java/test/org/apache/kafka/streams/tests/SmokeTestDriver$VerificationResult.class
5df0abdb2316502db93f368f547db48db66e31478858348dd8ef63fc08db82e9	metadata/build/classes/java/test/org/apache/kafka/metadata/storage/FormatterTest.class
5df6d0f141916093ebbe1c32a9c4a8eec712cf36e5cc080180fd9e5fcfe9f7ac	streams/build/classes/java/test/org/apache/kafka/streams/processor/internals/ProcessorNodeTest$ExceptionalProcessor.class
5e223155eccd83b2b49458ff5ab9c530d7fab350d559c0f1f45d2db4019b4736	group-coordinator/build/classes/java/test/org/apache/kafka/coordinator/group/modern/share/ShareGroupConfigTest.class
5e2321d1458fb462ad0b1f176e9de3287d31a0a1e987bccd92901c8cfa5ec328	streams/build/classes/java/test/org/apache/kafka/streams/processor/internals/SessionStoreMaterializerTest$HeadersStoreSupplier.class
5e59dbd5336ecea309e428fb075de6bdc0a03d9acf52203dd5971bc4a027895e	clients/build/classes/java/test/org/apache/kafka/clients/consumer/RebalanceListenerTest$3.class
5e73eb5c81e10415ebc5b66ea5ea21b1c80e99a5410fb5f1b25e5f15d5253126	connect/json/build/resources/test/connect-test.properties
5e8bfc2e29c2aa8fc0148ff952812ed10896f0c572aca0aaf80216243c56c015	tools/build/classes/java/test/org/apache/kafka/tools/MetadataQuorumCommandUnitTest.class
5e8dff3b5bc41a6aadccea5e3997f76a6204470e6922746953bc2cb4db36f171	streams/build/classes/java/test/org/apache/kafka/streams/state/internals/StreamThreadStateStoreProviderTest.class
5e8f103d6485a5f963e6b35a7215ff6a5af45f0836754a5bff299b47e90bda9c	streams/upgrade-system-tests-26/build/classes/java/test/org/apache/kafka/streams/tests/SmokeTestDriver.class
5e9199f553fb3668e1c867cc2c1ef6ebc864cd2be8b317aad69b2cc837331898	connect/runtime/build/classes/java/test/org/apache/kafka/connect/runtime/isolation/VersionedPluginBuilder.class
5eae57faf46c02cde3ec0b81be0bc8e5957c6fc251d78cd63a415499fc11ddb7	core/build/classes/scala/test/kafka/server/AbstractFetcherThreadTest$$anon$2.class
5ec372f514ab99be027070f65c783e430059986e2511ec6395a3dfd7aea7a3d4	core/build/classes/scala/test/kafka/server/OffsetsForLeaderEpochRequestTest.class
5ecfef58a8566621bee3b46ef05396d7928e49beb8ead06d5ebaa85a52aff6d2	storage/build/classes/java/test/org/apache/kafka/storage/internals/log/LogCleanerTest$ProducerAppender.class
5ed5d28aba47b0dd7b51a3d94fb0a2314a2614f21740b692c31ba6179fa3a8f9	storage/build/classes/java/test/org/apache/kafka/storage/internals/log/UnifiedLogTest$TimestampAndEpoch.class
5f0b1ac2682970309a1552e4b39bfbec171de9dd4f75ec0259b225e26e85d131	streams/build/classes/java/test/org/apache/kafka/streams/StreamsConfigTest$MockTimestampExtractor.class
5f249a565f35b5ba0aeab48cff592895fec023b18c632eb33b930eb3bf43d3ea	core/build/classes/scala/test/kafka/server/ServerMetricsTest.class
5f2eb93a6c67ea40e69af3c74e08f498fef9d50949548cdcb01a2470f959be93	streams/build/classes/java/test/org/apache/kafka/streams/kstream/internals/foreignkeyjoin/SubscriptionSendProcessorSupplierTest.class
5f3153125ac245995044a4c481531def059abd9d360420bd663a35751ef58853	clients/build/classes/java/test/org/apache/kafka/common/requests/EnvelopeRequestTest.class
5f5e1111a9ac6cc7e5b7937171954d2e86d2b52b9f15dc5722ec024b59cbcdb2	core/build/classes/scala/test/kafka/server/ReplicaManagerTest$$anon$3.class
5f64dc4f0184428be8672ab259281c6ae99250f971fcc06961a9115ce14a0783	core/build/classes/scala/test/kafka/server/HeartbeatRequestTest.class
5f88d5f0cb1bcdd7ee24275ba7f118908a7f41f557ae7976eac6f9f7d7296714	clients/build/classes/java/test/org/apache/kafka/common/record/internal/DefaultRecordBatchTest.class
5f88de9f61f3e58d676f0b53cc0afa94a78006ea2b8d357fb63c9d6c0bfc5a08	storage/build/classes/java/test/org/apache/kafka/server/log/remote/metadata/storage/RemoteLogMetadataSerdeTest.class
5f8d45adc8084634b7d1a90f0ef858331b4f091c2c91982830e5f8f5ca339f7f	tools/build/classes/java/test/org/apache/kafka/tools/other/ReplicationQuotasTestRig.class
5f9d02dac52fd80ccaefca9fc55b4c47c97c4196b65ce98a6bd6929c9f0085ec	connect/runtime/build/classes/java/test/org/apache/kafka/connect/integration/ConnectorValidationIntegrationTest$TestConverterWithSinglePropertyConfigDef.class
5fae9d6a7f5a06918fb0577fc5c2237ee10de79a57db3d6b423a0d8bd81a806e	clients/clients-integration-tests/build/classes/java/test/org/apache/kafka/clients/consumer/ShareConsumerTest.class
5fc398e40bafa30489758316286332f85f1ffd401dcef06fd73dd16298e37bdd	metadata/build/classes/java/test/org/apache/kafka/image/publisher/metrics/SnapshotEmitterMetricsTest.class
5fef739a87a8bdb29575c774ba7e7f0efaed2447cc7b350d278fabfb5b630954	clients/build/classes/java/test/org/apache/kafka/clients/consumer/internals/ConsumerCoordinatorTest$6.class
5ff4ed925ff3908f8b629ef055adac57134f3ddb447a2d99864b6bbe2317365b	connect/runtime/build/classes/java/test/org/apache/kafka/connect/runtime/SampleConverterWithHeaders.class
600fd21e347d350381dc29718ae1fef76e6dbbf32115daecd2296b35e4259866	clients/build/classes/java/test/org/apache/kafka/clients/admin/internals/ListConsumerGroupOffsetsHandlerTest.class
6015946a6d9533050e21c2b2f7f733dcb71fdbde0603010e31d8e3d19b07bf6c	clients/clients-integration-tests/build/classes/java/test/org/apache/kafka/clients/admin/AdminClientWithPoliciesIntegrationTest.class
601b712c0a63dfb8dbb2b1e39b3a20151ed3916af0025531b429da2771ac8b17	clients/clients-integration-tests/build/classes/java/test/org/apache/kafka/clients/ClientsTestUtils$RetryCommitCallback.class
6037b86c8c41e3f41aa088038723378d7f6fe48283ee9b35e58fab264685bac7	clients/build/classes/java/test/org/apache/kafka/clients/admin/NewTopicTest.class
6048296d3ecc9ad37628c9ce3e9160f5bc403e71e37863e93ef49a488ad1df89	streams/build/classes/java/test/org/apache/kafka/streams/processor/internals/AbstractProcessorContextTest$TestProcessorContext.class
6052652473c8ec7c78d4bacbd442a8752acf5d2c423292ecf643c58bfd4d46d6	server-common/build/classes/java/test/org/apache/kafka/server/share/persister/DefaultStatePersisterTest$DefaultStatePersisterBuilder.class
6055209509ec24235cb3f165b3ad005afff8672c0b5fa8a8aff589b615f4c3ab	streams/build/classes/java/test/org/apache/kafka/streams/state/internals/KeyValueSegmentTest.class
6062fd06c43f62be343d0d73c98b757a77031b8edc6360a3706bba555126a796	streams/build/classes/java/test/org/apache/kafka/streams/kstream/internals/graph/GraphGraceSearchUtilTest$4.class
607258dbaad087406daa07c72adb04b0bdb4e5092523a347cbe5f36febc3bbc3	clients/build/classes/java/test/org/apache/kafka/common/compress/Lz4CompressionTest$Payload.class
6076ac7292d687991b2cc86f7733d2e5f1d475b866dbedb9c8d4acec9ec66f34	streams/build/classes/java/test/org/apache/kafka/streams/kstream/internals/KStreamKStreamJoinTest$CapturingStoreSuppliers.class
60816cb24fc3282944ea6e2628327096511e441f1489ed090bb2cc316b3a9d48	streams/build/classes/java/test/org/apache/kafka/streams/processor/internals/KeyValueStoreMaterializerTest.class
60984a5efa78f153afca7e8b939ce585d13d55d53aef11377eb90e3a06bf18f1	group-coordinator/build/classes/java/test/org/apache/kafka/coordinator/group/GroupCoordinatorConfigTest$DuplicateNameAssignor.class
609fb2973798345940cc3f9dccc6e95fed2ac0004c91b4225296835f0150aacf	streams/build/classes/java/test/org/apache/kafka/test/MockStandbyUpdateListener.class
60b02da3c5275610ee79b4f2af71f12de20ffb77768478bce11ef60aeeb6d7a4	streams/upgrade-system-tests-24/build/classes/java/test/org/apache/kafka/streams/tests/StreamsUpgradeTest.class
60cfca87d979073c46f1b7ce636b86eb07254e7a11d5c6b14fd02dade6719fee	streams/build/classes/java/test/org/apache/kafka/streams/processor/internals/StreamsAssignmentScaleTest.class
60ef8090def99dc377c9f87e2967b151ec462121acb4dcf73bfe05a0609d41bd	clients/clients-integration-tests/build/classes/java/test/org/apache/kafka/server/quota/CustomQuotaCallbackTest.class
60fb6bccd19a75cd98530642c9b0e3ec99d42bb004401ba60026b2899e372928	streams/build/classes/java/test/org/apache/kafka/streams/processor/internals/GlobalStateManagerImplTest$5.class
614d57f70b9c9e8f57831f89e7aa7985e35f0e01ded3705c35655201b47431b1	streams/build/classes/java/test/org/apache/kafka/streams/kstream/internals/KGroupedStreamImplTest.class
6151e1e25efceab111019330605d1d4f983406721871cc4bc67193502d25c91b	core/build/classes/scala/test/kafka/server/KafkaMetricsReporterTest$MockMetricsReporter.class
615fbb8d2188c90f3f1c82e4bc1ba9e5aefd3d604208196213704b9cfd2f3fa7	raft/build/classes/java/test/org/apache/kafka/raft/internals/VoterSetHistoryTest.class
6172926c5f898541943cf337aa4e95ae0027fe88e3a9e90a24c4a0edffe905aa	clients/build/classes/java/test/org/apache/kafka/common/metrics/SensorTest.class
6172dad8e9d893b08010cbfd6034ed573b637c086b9cb3bec999c5c54753ae20	clients/build/classes/java/test/org/apache/kafka/clients/producer/MockProducerTest$2.class
61995899d64f7d2b3df293ad302b3b189b68a4f69c6cfe3979c140b27b502d9a	streams/build/classes/java/test/org/apache/kafka/streams/processor/internals/QuickUnionTest.class
61a9e5ad21f2300a4fcf29f216df5c08ecdd1f82260a514686e79a57ced4480f	clients/build/classes/java/test/org/apache/kafka/common/requests/PushTelemetryResponseTest.class
61b8d550686ca943bdd6875f0e8ba3a8ef7cbdca47432393e540e83b17b6df1c	clients/build/classes/java/test/org/apache/kafka/clients/producer/internals/ProducerBatchTest$MockCallback.class
61eb86f78ab74196d0e16dea71c6e5ac417208774e9e48362fef35e52ec80cb8	clients/build/classes/java/test/org/apache/kafka/common/config/SaslConfigsTest.class
61f5e456bd8bf5a8088987469342362bfb3d4417c76e7aab3e7ce64771a87d74	core/build/classes/scala/test/kafka/server/GssapiAuthenticationTest$$anon$1.class
61f93a671b5b0a3ea92b18d1c5daaef07651544fcf30e65c92bfeee42a2b049e	streams/build/classes/java/test/org/apache/kafka/streams/processor/internals/StreamsProducerTest.class
6208cfda4d5539039813efaf4ce5301df1a6b61edbd6563a5a6ecb1a94448973	clients/build/classes/java/test/org/apache/kafka/common/security/ssl/SslFactoryTest.class
620cac243f19f29921c841fd35b0e69e0226c39f83befd91691293b43c92c842	streams/build/classes/java/test/org/apache/kafka/streams/processor/internals/StreamThreadTest$1.class
621d3917faf9265eaee2508be71b4ea45103cb9c596987abb72b87f3e4691915	streams/integration-tests/build/classes/java/test/org/apache/kafka/streams/integration/RegexSourceIntegrationTest$1.class
622391eb70cec26c24abc1c0e6549264cdef3ecbe179848d747b41fc8e171131	streams/integration-tests/build/classes/java/test/org/apache/kafka/streams/integration/IQv2VersionedStoreIntegrationTest.class
623694d1173d4076b98a02595f1dfad7b6f4340df700b1796aa62358e3c0721d	clients/build/classes/java/test/org/apache/kafka/clients/consumer/internals/FetcherTest$1.class
6238c5c385d99049e9e11bbbbc9e52958b7fdd7c6940bca4808777186d30f54b	streams/build/classes/java/test/org/apache/kafka/streams/processor/internals/TaskMetadataImplTest.class
6248556247d2c76d07be39d3f6c7253426d211193a192253ecfcd5b72c78eac0	core/build/classes/scala/test/kafka/server/AbstractFetcherManagerTest$MockLeaderEndPoint.class
62504fdacef1ce5fd6120c48c2316194a86f60e1eb745b75e85cac3c0c7e2caf	streams/build/classes/java/test/org/apache/kafka/streams/processor/internals/StreamsMetadataStateTest.class
625c60b23333e615cfa52e0ee73e42c39d24a52a3eaeffe139127964c06acb94	streams/build/classes/java/test/org/apache/kafka/streams/kstream/internals/graph/GraphGraceSearchUtilTest$2.class
627e7bba65f3e60cd10ba5b0adc4cf2d3ebe55eba537904dd394e7851d78e2cb	connect/runtime/build/classes/java/test/org/apache/kafka/connect/runtime/errors/RetryWithToleranceOperatorTest.class
6286e580492b030e320cdacf8c2afb263294ece07747bf882c78b177567e860e	core/build/classes/scala/test/kafka/server/GssapiAuthenticationTest.class
62b4fcce1df024efe83404c67b79b0aefe3663725b2d4eb85a6f12940de77068	streams/integration-tests/build/classes/java/test/org/apache/kafka/streams/integration/RebalanceIntegrationTest.class
62cbe597a4f36c491e2359dfa67ffb3cd87c99a21064cf45978245036abb861b	core/build/classes/scala/test/kafka/server/DynamicBrokerConfigTest$$anon$1.class
62d55caf9ad7461a6547a5afe68990426b8eed24411d049fa0abd7e77e933c23	transaction-coordinator/build/classes/java/test/org/apache/kafka/coordinator/transaction/TransactionMetadataTest.class
62d652e885adb5dfeefd0bf7106b8e4ee1dcef0efc9e081467af64a88e63fa84	streams/integration-tests/build/classes/java/test/org/apache/kafka/streams/integration/KTableKTableForeignKeyInnerJoinCustomPartitionerIntegrationTest$MultiPartitioner.class
62e010dd0334896eb875ee816f0fcb3689733ffe60b8ef65c3aa81dc2182c883	streams/build/classes/java/test/org/apache/kafka/streams/processor/internals/StreamTaskTest$13.class
62fc4f57bb8bce4786be57446a6c1943c831774eadeb337efb30e6783b31ea21	clients/build/classes/java/test/org/apache/kafka/common/security/oauthbearer/internals/secured/RefreshingHttpsJwksTest.class
6314a3e67f4e188858d4fa3e75ac2b2f79576ec647db0537ea3146031f76c4e1	streams/integration-tests/build/classes/java/test/org/apache/kafka/streams/integration/IQv2HeadersStoreIntegrationTest$KeyValueHeadersStoreWriterProcessor.class
632f0eedf8c489568b555c191c99bd2b77e25f832854a61ff9d01cec3d4308ff	streams/build/classes/java/test/org/apache/kafka/streams/tests/StreamsBrokerDownResilienceTest$1.class
634aa9af00b0f5b94504d435c6e100f2be08a7d83d8c3b1d0c8d9f0397741bc7	streams/build/classes/java/test/org/apache/kafka/streams/kstream/internals/SessionCacheFlushListenerWithHeaderTest.class
634bc1f4ed888be9a9941e2371db37b6b8b34150382ce4161eff1eae057530e7	storage/build/classes/java/test/org/apache/kafka/tiered/storage/integration/ReassignReplicaMoveAndExpandTest.class
638c1d17a9e1899696bd6e3fb977483492a0bf4c461c557e0277d3d6596becc3	group-coordinator/build/classes/java/test/org/apache/kafka/coordinator/group/streams/MockTaskAssignor.class
6390f470fbd024d4f94c34db0d0c529cb3599c11311b8bd5191a923305471ef6	streams/build/classes/java/test/org/apache/kafka/streams/processor/internals/StreamsProducerTest$1.class
639c6268be7c1e623d6b3ed658b642aee4cca2be7d857c1e61d3264e0a0a870f	connect/runtime/build/classes/java/test/org/apache/kafka/connect/cli/AbstractConnectCliTest.class
639ffd63ae4a000abe373a6f15c0162c1f6dc42783ea0f225c8882b467a384ee	streams/build/classes/java/test/org/apache/kafka/streams/processor/FailOnInvalidTimestampTest.class
63a56ec48ff2227206683b668f1e62de5cae59140a622ce9382fa9f326aa0b6b	share-coordinator/build/classes/java/test/org/apache/kafka/coordinator/share/ShareCoordinatorShardTest.class
63a5c6e6d3b1f1ad0fda8c4ccca8f10cf783caebd97f41d7a96cc0545897f21d	server/build/classes/java/test/org/apache/kafka/server/NodeToControllerRequestThreadTest$1.class
63a927a8699ccae5337c587a51ce1bf83a87e95b36631bd17a8e1986b7f28cf1	streams/build/classes/java/test/org/apache/kafka/streams/KafkaStreamsTest$4.class
63a9ef748f7afa5ade03ad524e5fa20c20af1b3f7a2f45c452ced08f9b265f4b	streams/integration-tests/build/classes/java/test/org/apache/kafka/streams/integration/KStreamKStreamIntegrationTest.class
63e4671ceee01f8a4f0abba731c074ba018824734ff995ede1c3e0489c616bd6	streams/integration-tests/build/classes/java/test/org/apache/kafka/streams/integration/PapiDslIntegrationTest$11.class
63efd57aae60c77c7d15bc4c2de8fef91dcf424d40976a189bd1ef42fc198a6b	group-coordinator/build/classes/java/test/org/apache/kafka/coordinator/group/streams/TargetAssignmentBuilderTest.class
63f6eaaaa643cdf276dc0df8cd41833ffb60a683edad25a284a2a9750f54857e	tools/build/classes/java/test/org/apache/kafka/tools/StreamsResetterTest.class
63f8450d844e0cf87b8ff9ed81f019df1ed981351efeedc288edfb63b7fa77da	core/build/classes/scala/test/kafka/KafkaConfigTest.class
63faece66d2d3c7afc94829dc492d132f4c876fa64f259106d5362fdd36b7bad	clients/build/classes/java/test/org/apache/kafka/clients/producer/internals/SenderTest$2.class
6407dbcb44156d6a49183e7fa37cd3f84de5d4c2eed4dc6d3d3d060c89345444	streams/build/classes/java/test/org/apache/kafka/streams/state/internals/SegmentIteratorTest.class
641764a4ce39d6abe818ad64cc0b280b6f2c2cd2ff9b0de4aa1abf1aa3a2a4fb	raft/build/classes/java/test/org/apache/kafka/raft/VoterSetTest.class
6418567df58fbdd18787189f135d74c778e81d70341156c0868c65980913470d	core/build/classes/scala/test/kafka/server/metadata/ClientQuotaMetadataManagerTest.class
643220f47342bdab36ddab4633c1a9f7b59d35b733789ce756ce60da603c6dc3	core/build/classes/scala/test/kafka/server/MockTierStateMachine.class
643f09af9bce62a6a0cfb5e55da1d150ff0de9ebf9235417add76d394a6a0bb0	streams/build/classes/java/test/org/apache/kafka/streams/state/internals/MergedSortedCacheWrappedWindowStoreKeyValueIteratorTest.class
6446984ab5460001754f68e9b8c5bd48c381cb9abc52d52924b121e104610486	clients/clients-integration-tests/build/classes/java/test/org/apache/kafka/clients/consumer/PlaintextConsumerTest$SerializerImpl.class
644ff6303bcaa59630ad73e6a96875663b17781f43bc351bfb565e5586d77225	tools/build/classes/java/test/org/apache/kafka/tools/streams/DeleteStreamsGroupTest.class
646d4f965f824eb97fbda5187e2f55e3c36a732d06befc088020b5d1bf47caf1	core/build/classes/scala/test/kafka/api/SaslGssapiSslEndToEndAuthorizationTest.class
647254f06a5d35a8d4c9ac0721dbab45f9b0cba3d7bc16b80a6a56e578025b36	streams/upgrade-system-tests-30/build/classes/java/test/org/apache/kafka/streams/tests/SmokeTestUtil$Unwindow.class
647254f06a5d35a8d4c9ac0721dbab45f9b0cba3d7bc16b80a6a56e578025b36	streams/upgrade-system-tests-31/build/classes/java/test/org/apache/kafka/streams/tests/SmokeTestUtil$Unwindow.class
647254f06a5d35a8d4c9ac0721dbab45f9b0cba3d7bc16b80a6a56e578025b36	streams/upgrade-system-tests-32/build/classes/java/test/org/apache/kafka/streams/tests/SmokeTestUtil$Unwindow.class
647254f06a5d35a8d4c9ac0721dbab45f9b0cba3d7bc16b80a6a56e578025b36	streams/upgrade-system-tests-33/build/classes/java/test/org/apache/kafka/streams/tests/SmokeTestUtil$Unwindow.class
647254f06a5d35a8d4c9ac0721dbab45f9b0cba3d7bc16b80a6a56e578025b36	streams/upgrade-system-tests-34/build/classes/java/test/org/apache/kafka/streams/tests/SmokeTestUtil$Unwindow.class
647254f06a5d35a8d4c9ac0721dbab45f9b0cba3d7bc16b80a6a56e578025b36	streams/upgrade-system-tests-35/build/classes/java/test/org/apache/kafka/streams/tests/SmokeTestUtil$Unwindow.class
647254f06a5d35a8d4c9ac0721dbab45f9b0cba3d7bc16b80a6a56e578025b36	streams/upgrade-system-tests-36/build/classes/java/test/org/apache/kafka/streams/tests/SmokeTestUtil$Unwindow.class
647254f06a5d35a8d4c9ac0721dbab45f9b0cba3d7bc16b80a6a56e578025b36	streams/upgrade-system-tests-37/build/classes/java/test/org/apache/kafka/streams/tests/SmokeTestUtil$Unwindow.class
647254f06a5d35a8d4c9ac0721dbab45f9b0cba3d7bc16b80a6a56e578025b36	streams/upgrade-system-tests-38/build/classes/java/test/org/apache/kafka/streams/tests/SmokeTestUtil$Unwindow.class
647254f06a5d35a8d4c9ac0721dbab45f9b0cba3d7bc16b80a6a56e578025b36	streams/upgrade-system-tests-39/build/classes/java/test/org/apache/kafka/streams/tests/SmokeTestUtil$Unwindow.class
647254f06a5d35a8d4c9ac0721dbab45f9b0cba3d7bc16b80a6a56e578025b36	streams/upgrade-system-tests-40/build/classes/java/test/org/apache/kafka/streams/tests/SmokeTestUtil$Unwindow.class
647254f06a5d35a8d4c9ac0721dbab45f9b0cba3d7bc16b80a6a56e578025b36	streams/upgrade-system-tests-41/build/classes/java/test/org/apache/kafka/streams/tests/SmokeTestUtil$Unwindow.class
647254f06a5d35a8d4c9ac0721dbab45f9b0cba3d7bc16b80a6a56e578025b36	streams/upgrade-system-tests-42/build/classes/java/test/org/apache/kafka/streams/tests/SmokeTestUtil$Unwindow.class
647254f06a5d35a8d4c9ac0721dbab45f9b0cba3d7bc16b80a6a56e578025b36	streams/upgrade-system-tests-43/build/classes/java/test/org/apache/kafka/streams/tests/SmokeTestUtil$Unwindow.class
6475c677ccf51b7d36ab91ed0aceec5cfd1bb66bcb1a005db868bfb1ee435188	metadata/build/classes/java/test/org/apache/kafka/image/publisher/metrics/SnapshotEmitterMetricsTest$SnapshotEmitterMetricsTestContext.class
647893c5545ce5f68022744d4992ef4854edc777360599c908b1e1236027da00	connect/api/build/classes/java/test/org/apache/kafka/connect/source/SourceConnectorTest$TestSourceConnector.class
64833c0d2580e04ab3d9832d54650f679170c36f0102229aba5985b0de0dee79	clients/build/classes/java/test/org/apache/kafka/common/telemetry/internals/TelemetryMetricNamingConventionTest.class
64892077ca8e82932e000f93aa24f7f0c5eec478ff41041f2161272223e3aaee	server/build/classes/java/test/org/apache/kafka/server/AuthHelperTest.class
64ad8a38281f15fd2af18999a81172c404bd207cd59c399aa03cb60220003a0d	core/build/classes/scala/test/kafka/api/BaseAdminIntegrationTest.class
64c0b10a93baeccf5cff848aa0ecd64fd0980a5079c6237ffe124d024cbdfe47	connect/runtime/build/classes/java/test/org/apache/kafka/connect/runtime/SampleSourceConnector.class
64f4edf1d064c77154a0e113c9d69e6f976339f8e4d426dc68f39cb0c58a8048	core/build/classes/scala/test/kafka/api/SslAdminIntegrationTest$TestableStandardAuthorizer.class
64fdbb1ccfec0a8308620de6c36c91a46b0ad6ac3afda5ac9426d435a6377c1a	streams/build/classes/java/test/org/apache/kafka/streams/processor/internals/SourceNodeTest.class
65024fc715bf5cbfefe710dfb5f447891c9715e012e8633959d910b1047f6225	streams/build/classes/java/test/org/apache/kafka/streams/processor/internals/RecordDeserializerTest$TheSourceNode.class
651c59d372a5b9f232c7b07d7955010968a9416cebb9c067262783e73a43251e	streams/build/classes/java/test/org/apache/kafka/streams/processor/internals/TasksTest.class
652aa4111ef174fe5fffac9dbb1765ac9ce3f84729ddbc3814bb6a5a28d9109e	core/build/classes/scala/test/kafka/network/SocketServerTest$TestableSocketServer.class
652c6b4637596abf54682c93bbee5ef85ba45b269a834c2765eb0627ddcf919e	storage/build/classes/java/test/org/apache/kafka/tiered/storage/utils/BrokerLocalStorage.class
65341349993ae8137238c8fdcf0a5183bd8c88d50eb29b9bc70cec4be81f6e63	streams/build/classes/java/test/org/apache/kafka/streams/state/NoOpWindowStore$EmptyWindowStoreIterator.class
654739ff95a15f64778ce75e4c0794acfa14ad2e038430e59343a6a1f2f0f382	raft/build/classes/java/test/org/apache/kafka/raft/internals/ChangeVoterHandlerStateTest.class
6559d741ed76f620db5c96d9c0ede443bb0004703d12ae239ff93cdd118a3c46	clients/build/classes/java/test/org/apache/kafka/common/telemetry/internals/SinglePointMetricTest.class
65754fa3fe57180f6d570261c19d520b1af4223d0282b05e3f608bd9aaa08626	streams/build/classes/java/test/org/apache/kafka/streams/processor/internals/StreamThreadTest$10.class
65a5b62f862bf5688e02bf6266c1069aee1a6883030e2359faafac10e0f941b5	clients/build/classes/java/test/org/apache/kafka/server/policy/AlterConfigPolicyTest.class
65a8c0ca144895ae9ff897e03f75f831187032e8022525176656aef647abe301	clients/build/classes/java/test/org/apache/kafka/common/metrics/internals/PluginMetricsImplTest.class
65c87afbe9c99244597de08f9638277c8146b4557148c8dac42a68c14d6efdb9	clients/build/classes/java/test/org/apache/kafka/common/message/MessageTest.class
65cbdce1931ce545b3fda68f0b46a0855396e7af81b8310e4d00e891cb4cd7ac	streams/upgrade-system-tests-39/build/classes/java/test/org/apache/kafka/streams/tests/SmokeTestUtil$1.class
65cc3ee79038bc1fd333bb5b3ac2d61a7beaeea67a00aa6056466b0197965107	connect/mirror/build/classes/java/test/org/apache/kafka/connect/mirror/MirrorLegacyMetricsTest.class
65e774efde017e60f0f3c90fbff6158f9e30abf6d46f64542b4b2fd85aba0d9a	server/build/resources/test/log4j2.yaml
65e774efde017e60f0f3c90fbff6158f9e30abf6d46f64542b4b2fd85aba0d9a	share-coordinator/build/resources/test/log4j2.yaml
65e774efde017e60f0f3c90fbff6158f9e30abf6d46f64542b4b2fd85aba0d9a	transaction-coordinator/build/resources/test/log4j2.yaml
65f392f8ec9097ffc52ec7c0e6f8275defa01bcca62fc9cfb81b70ca9a1fbbc4	clients/build/classes/java/test/org/apache/kafka/clients/consumer/internals/FetcherTest$2.class
6603a6ab464b8ea08d4e0b1ceafd3cdaed1030f0666bf3c218947a4cf6a97574	metadata/build/classes/java/test/org/apache/kafka/controller/metrics/ControllerMetadataMetricsTest.class
66147130b08d3b3b92346ba166f1c8a14617e5994b3d278815d1d426d30596a0	clients/build/classes/java/test/org/apache/kafka/common/security/oauthbearer/internals/expiring/ExpiringCredentialRefreshingLoginTest$TestLoginContextFactory$1.class
663259b18b4160922527d41b2d64378ab0d0f9f45f101e235ede94d02c3986dd	streams/build/classes/java/test/org/apache/kafka/streams/state/internals/RocksDBMigratingWindowStoreWithHeadersCloseLeakTest$CapturingOffsetsMigratingWindowStore.class
663df7e17bfea00d863461d933e1dd2f5f3f513f85e7df782684352f169a046d	storage/build/classes/java/test/org/apache/kafka/storage/internals/log/OffsetIndexTest.class
665215745584379db624f03f997e8532cad7f8daba3fa4bd486ec3b4ef6ba05c	connect/runtime/build/classes/java/test/org/apache/kafka/connect/runtime/standalone/StandaloneHerderTest$SourceSink.class
665b34b277b26a6abb6a281a771735a13293e1c7ef1a43af46b56c28e2dd2a0a	streams/integration-tests/build/classes/java/test/org/apache/kafka/streams/integration/SuppressionDurabilityIntegrationTest$MetadataValidator.class
66768d94882ede7fc0a3d5277c4aa32aa5c4c04c7ad11fd3b817ab84d87e3daf	streams/build/classes/java/test/org/apache/kafka/streams/state/internals/RocksDBTimeOrderedSessionStoreWithIndexTest.class
667cc39b9e5e922d2e90ce47a7eaf73448f1cccfd081d51a1c0112aff59fe06b	clients/build/classes/java/test/org/apache/kafka/clients/consumer/internals/ConsumerCoordinatorTest$4.class
667edc6f1a8fefaf948e46894f769d16b728388d43917bb0d73fac643f116d8b	streams/build/classes/java/test/org/apache/kafka/streams/state/internals/WrappingStoreProviderTest.class
6696768270779427d1b5cda1d9bf738da53a370c163a1f99c54dac7d2eecfdd6	streams/build/classes/java/test/org/apache/kafka/streams/state/internals/TimestampedWindowStoreWithHeadersSerializerSideEffectTest.class
669992a112637aea2b5639cd6912a659d0f29ee4f98b57224c587c40bb75ad37	streams/integration-tests/build/classes/java/test/org/apache/kafka/streams/integration/IQv2StoreIntegrationTest$StoresToTest$6.class
669f09bf3bbb788e8c1869ec40abaeeea666cf8133e87cc5e964d28be306c0d4	core/build/classes/scala/test/kafka/api/PlaintextAdminIntegrationTest$$anon$1.class
66cb26c731cf913e5668263c2dd7bfd7ce18f514707ae3864031a67b26bf2427	clients/clients-integration-tests/build/classes/java/test/org/apache/kafka/clients/consumer/PlaintextConsumerCommitTest$2.class
66db4cd472ae0c196fcd5471e52562bf72947a32cdd23df33e41f93e1ada29d7	coordinator-common/build/classes/java/test/org/apache/kafka/coordinator/common/runtime/InMemoryPartitionWriter$PartitionState.class
66e6559dad97fa878457e63e9ad9656bd4e65ce0e19c55e4244dd9c0a4bc8bb5	streams/build/classes/java/test/org/apache/kafka/streams/processor/WallclockTimestampExtractorTest.class
6703ce1c58b14e96800ba7a781739b47d133154846bdc6d35f19d37d8129d39a	metadata/build/classes/java/test/org/apache/kafka/controller/MockRaftClient$SharedLogData.class
6732ca7226b7f31dfa87a68121c7a82fe8e3c40d8ee59a01f46a3381eb879323	server/build/classes/java/test/org/apache/kafka/server/config/DynamicBrokerConfigTest.class
6742b9a6989853ddaa38492e51e35aa7bfe107bd026398589d8105738fbca161	streams/upgrade-system-tests-25/build/classes/java/test/org/apache/kafka/streams/tests/SmokeTestDriver$VerificationResult.class
6742b9a6989853ddaa38492e51e35aa7bfe107bd026398589d8105738fbca161	streams/upgrade-system-tests-28/build/classes/java/test/org/apache/kafka/streams/tests/SmokeTestDriver$VerificationResult.class
6742b9a6989853ddaa38492e51e35aa7bfe107bd026398589d8105738fbca161	streams/upgrade-system-tests-30/build/classes/java/test/org/apache/kafka/streams/tests/SmokeTestDriver$VerificationResult.class
6744260cfb6de72794e000929e3cab3e83d382cc43bbdc61f238e60c8e0a58b5	core/build/classes/scala/test/kafka/server/DynamicBrokerConfigTest$$anon$3.class
6748de831bd6d23cae8651f828cac56fea4f4be74b39a568c7686540b3aef774	core/build/classes/scala/test/kafka/server/StreamsGroupHeartbeatRequestTest.class
675963d0df40c35fa6604dad5aa1e6298239acb4ffc0eafbf8e503c86512efa8	server-common/build/classes/java/test/org/apache/kafka/server/util/timer/TimerTest$TestTask.class
675f9f279756a22c16da19be56c9be9f9c397fecb0ea0b07c637f1c73bda8899	streams/build/classes/java/test/org/apache/kafka/streams/query/VersionedKeyQueryTest.class
675fca9252361bd1e40147d8f76cb8475bcde0cf8fddaa1e148ecd23c6f6d968	metadata/build/classes/java/test/org/apache/kafka/image/loader/MetadataBatchLoaderTest.class
676bb49fdb3094f6801b0e961fef1f9413f3655bb3c96fd1334ec713bb3b5ab4	streams/build/classes/java/test/org/apache/kafka/streams/processor/internals/StateDirectoryTest$FutureStateDirectoryProcessFile.class
677df002f53cad59cf211d256fb8481a9669e1845be32a8dac1fe7ec87e5339f	connect/runtime/build/classes/java/test/org/apache/kafka/connect/integration/BlockingConnectorTest.class
6787db76fad637151665830ab7bd52403758c2ef42de325b8a50c30616d30e70	clients/build/classes/java/test/org/apache/kafka/common/requests/ProduceResponseTest.class
679da2407207c3e6c7dd8721af73fbd1a4f91e9c2918d77e113f19cab1ff2ee2	core/build/classes/scala/test/kafka/server/DynamicBrokerReconfigurationTest$ConsumerThread.class
67a0749fba8beba04e3a3dd15ce198698be59cb800df7019ef4f0c7224f521db	clients/build/classes/java/test/org/apache/kafka/common/internals/UnsupportedProtocolFieldExceptionTest.class
67b2402897f87a6e08087aaca135aff30c94567a84845c8c56edcf30d041836a	clients/build/classes/java/test/org/apache/kafka/clients/admin/KafkaAdminClientTopicTest.class
67b52202fa523de158ed05b8f88c71e798d65198a11622664de8591b2f7ec74b	streams/build/classes/java/test/org/apache/kafka/streams/kstream/internals/MaterializedInternalTest.class
67d26fff88f986260bde6bdc1f073d87882a01522a790f62bbe009c672e90647	clients/build/classes/java/test/org/apache/kafka/common/acl/ResourcePatternTest.class
67def0cfd808d592a7ab361e9b0d6a66635303575f6967aff8d754ef4c9e8988	clients/build/classes/java/test/org/apache/kafka/common/security/plain/internals/PlainSaslServerTest.class
67eee6c60a2329e3ba7735fa5d73a1d9d688be554eaab5a6d41627ff9cb36ed4	coordinator-common/build/classes/java/test/org/apache/kafka/coordinator/common/runtime/ThrowingSerializer.class
6804ffe7c4ec8e89ae20cad3e62e793c130363818b7c3f2983f006ccbf19f362	streams/integration-tests/build/classes/java/test/org/apache/kafka/streams/integration/TimestampedKeyValueStoreWithHeadersTest$TimestampedStoreContentCheckerProcessor.class
6808080e170f08d901782a4545ff9917fd3677391fe5f643de4b2d08f0a7c201	clients/build/classes/java/test/org/apache/kafka/clients/consumer/ShareConsumerConfigTest.class
68102b17d8356de9b264d3e8316ac89abbacd30188b17b84c89fd317f0fe47c0	tools/build/classes/java/test/org/apache/kafka/tools/consumer/ShareGroupMessageFormatterTest.class
681349731db57a5f157291286f426d734bcfdcc9c1e170b727fcfcfbefe007db	storage/build/classes/java/test/org/apache/kafka/server/log/remote/storage/RemoteLogManagerTest$3.class
682bfc7b328dfd844392dc91018394e3d421f73c041c7749c68a7e1235d51509	clients/build/classes/java/test/org/apache/kafka/clients/consumer/internals/FetchCollectorTest$CompletedFetchBuilder.class
683079ccde97786f7acd11f19dab3d7d64133659f8fe16aef495dbbeb2dff5ee	clients/build/classes/java/test/org/apache/kafka/common/requests/OffsetCommitRequestTest.class
683cad344e5f06d99cf03391f58484c6210aa31ab88a626f80c37929421397be	streams/build/classes/java/test/org/apache/kafka/streams/kstream/internals/KStreamImplTest$2.class
68565e8bd072ef3e6ae09c63929dbfac62b1f8cb5be7afa41e16ed5438629e1b	connect/runtime/build/classes/java/test/org/apache/kafka/connect/runtime/standalone/StandaloneHerderTest$BogusSinkConnector.class
685875648aef845ab6727aea1bb6b64a93b32bdc3881564bef2505e18e735402	clients/build/classes/java/test/org/apache/kafka/test/MockPartitioner.class
6862a2f389edb473f0cf567b0900381690a15bbf171f6cc950b2087b20b0506a	streams/integration-tests/build/classes/java/test/org/apache/kafka/streams/integration/IQv1IsolationLevelIntegrationTest$1.class
687334494f5423ec80f5cd2970c85f9b66f11bccbd99d7d5523497670b14eba0	connect/transforms/build/classes/java/test/org/apache/kafka/connect/transforms/field/FieldPathNotationTest.class
6886c720a3c5b7de7fea6e59edf93fa26e349276fa2774d4da937d36fa7bc168	tools/build/classes/java/test/org/apache/kafka/tools/PushHttpMetricsReporterTest.class
68a5c6a141909b60581aee9ee71c6128146088801b23d34a4fc05bc9ac395713	clients/build/classes/java/test/org/apache/kafka/common/utils/internals/SanitizerTest$TestStat.class
68ad42bc0b882bf66cd634dd50c9eeacd779a30d3285f880498a9dfb990cfab2	share-coordinator/build/classes/java/test/org/apache/kafka/coordinator/share/metrics/ShareCoordinatorMetricsTest.class
68bcab558ba4c242270c44e6737ad6afb3e86928cd619e43cd3d6208bad9cf6c	clients/build/classes/java/test/org/apache/kafka/clients/consumer/KafkaConsumerTest$MonitorableInterceptor.class
68c94b8c06679e643e09d660196b2cf174afac6b7480bac9f62ee47d6048656b	streams/build/classes/java/test/org/apache/kafka/streams/state/internals/LeftOrRightValueDeserializerTest.class
68cc1f13d7fc934376fb503bcfe2ff8c81a1e87bf67eaeb68c84cc78b9e1ec1b	streams/build/classes/java/test/org/apache/kafka/streams/kstream/internals/graph/GraphGraceSearchUtilTest$1.class
68d60943c0827318c8c4b64aec040f95133914be4a790edd6bf5d9ae0f79169a	tools/build/classes/java/test/org/apache/kafka/tools/DumpLogSegmentsTest$BatchInfo.class
68e56ed2944e3445793c6727b9d6333047e34c067d1ff3527147b444e86d381b	clients/build/classes/java/test/org/apache/kafka/clients/consumer/internals/AbstractCoordinatorTest$1.class
68e5e324b8f1b878166093e5769078d7f75afeb0699bf86a65bf09d1741eff24	server/build/classes/java/test/org/apache/kafka/server/replica/ReplicaTest.class
68f2b09e59651c1a32f543b83c7fa65672604e4a484b93095b3cff243b6a7dd2	streams/build/classes/java/test/org/apache/kafka/streams/kstream/internals/KStreamPeekTest.class
68f95a5f0bc623820aceeabfa678dc0b39b92842497f53f4e148445b72bb3bbf	tools/build/classes/java/test/org/apache/kafka/tools/consumer/NoOpMessageFormatterTest.class
68fb4dc1de0491b089ea8ce2435a266e50024c7e95f5256228631a292fabc61a	streams/build/classes/java/test/org/apache/kafka/streams/tests/RelationalSmokeTest.class
690c98bf89eb378d7c7b0ff5a66eb4d263f2efda283d3b2b1ce7c2663e2ab43a	streams/build/classes/java/test/org/apache/kafka/streams/tests/SystemTestUtil.class
690ca4f3051aca10433d045761fffdae0199ea4dc958619362617090d65eebb0	tools/build/classes/java/test/org/apache/kafka/tools/ConfigCommandTest$7.class
6919b6a2a94bea89a1126d110c234f811bd7d7d339e365f844e9f03ab57873cd	clients/build/classes/java/test/org/apache/kafka/clients/admin/internals/AdminApiDriverTest.class
6924ef59a7f18d62c24c8f3571960274a0b5fd9c42795e81f3a0ddad78db5f96	clients/build/classes/java/test/org/apache/kafka/common/security/kerberos/KerberosRuleTest.class
692e73f8b1f91c6722ce9469633e3d01afd134c23debb94356959829eaad2bd8	core/build/classes/scala/test/kafka/coordinator/AbstractCoordinatorConcurrencyTest$RandomOperationSequence$.class
6934e747870fc61aa83cb54b6b9cbb34df8d45c446acd41bc559fa3f70e2f30b	streams/build/classes/java/test/org/apache/kafka/streams/processor/internals/StreamThreadTotalBlockedTimeTest$MetricsBuilder$1.class
694910f12d79514ee8d6e2c3f77d8d30a2234390a2e508f0ae24f9d5e0c102f4	streams/build/classes/java/test/org/apache/kafka/streams/processor/internals/ProcessorStateManagerTest$4.class
69689a79b110ef9fedb0e92c2ee5561d2d17227409eb3c3d40a6a38e58f1ed85	server/build/classes/java/test/org/apache/kafka/server/quota/ClientQuotaManagerTest$UserClient.class
69727072ee24aff54f315a4301138803eb60d92e4ba7bfb31e7372e79c0683f6	streams/build/classes/java/test/org/apache/kafka/streams/processor/internals/metrics/ThreadMetricsTest.class
697e2487d0afc07854fa9e6f328ad068dd84134f4bfa5a1e773ec935e35f080c	streams/integration-tests/build/classes/java/test/org/apache/kafka/streams/integration/SelfManagedOffsetLifecycleIntegrationTest$TrackingRestoreListener.class
6995cbbf7d1af5c0ac262ab5525a68a51ae64c8534a4d312f04c1d3f3b6cf569	connect/runtime/build/classes/java/test/org/apache/kafka/connect/runtime/health/ConnectClusterStateImplTest.class
69a1e4bc184e38845c7dded44b60bd47b679d7dcc08aebae6b2dd2966e02a039	streams/build/classes/java/test/org/apache/kafka/streams/processor/internals/RecordCollectorTest$1.class
69a888d698b62fdfdfd936cef58004538414e52e564d64ad7e8873665e034a91	storage/build/classes/java/test/org/apache/kafka/server/log/remote/storage/RemoteLogManagerTest$11.class
69d315231ab281b9163ae977053ac525a0e364f57d18da2ecf54d965f63dfedd	connect/runtime/build/classes/java/test/org/apache/kafka/connect/runtime/distributed/DistributedHerderTest$BogusSourceConnector.class
69d3d89c6a8806b2e3bb1cf80866aadca4b1233749faef5fd8504bc6e2d4a75e	share-coordinator/build/classes/java/test/org/apache/kafka/coordinator/share/ShareCoordinatorOffsetsManagerTest.class
69f189347fc4483f709ab25fc8fc182a701a761f210b4eac0d300af961770439	streams/build/classes/java/test/org/apache/kafka/streams/kstream/internals/KStreamImplTest$3.class
6a0b6a179e3a27b4a8615a1b6330ebc693dddfb7bc61a5c7e02267437e4b7ffa	streams/integration-tests/build/classes/java/test/org/apache/kafka/streams/integration/KStreamAggregationDedupIntegrationTest.class
6a0d6d3b70c38f43e2cc90a87611e0790a902c84bec3998b80350df5a48a7b4e	streams/integration-tests/build/classes/java/test/org/apache/kafka/streams/integration/HeadersStoreUpgradeIntegrationTest$TimestampedKeyValueProcessor.class
6a0fb31abcd3c82661202ab57cc83ff611cda8d2243ab5054476368593e34e48	streams/build/classes/java/test/org/apache/kafka/streams/processor/internals/StreamTaskTest$2.class
6a11c2f39a0538725fb3970b58caa39855ccbc2e06df64f1dea4285083c8de10	streams/build/classes/java/test/org/apache/kafka/streams/kstream/internals/KStreamFlatMapTest.class
6a1776c3a0c52b4d2ef835df7b6f3f78010bdcef2722d008a9d37705c2d50308	streams/build/classes/java/test/org/apache/kafka/streams/processor/internals/SlidingWindowStoreMaterializerTest.class
6a2701511992039fbc9ea3fad54b4d401a591936eebd59aa994346e254ca58e2	clients/clients-integration-tests/build/classes/java/test/org/apache/kafka/clients/producer/ProducerCompressionTest.class
6a428f5d14cffc649d0ccb2d91dc2669ed2d793d8602d597a554d746bee0e310	group-coordinator/build/classes/java/test/org/apache/kafka/coordinator/group/assignor/UniformHeterogeneousAssignmentBuilderTest.class
6a8d4db0f42519f82fbe5be0e34ab6fc6acd13ba5885c8c7a70f982c1c188f05	storage/build/classes/java/test/org/apache/kafka/server/log/remote/metadata/storage/ClassLoaderAwareRemoteLogMetadataManagerTest.class
6a931661085fa3da280e53370fec215bed1f44a4b5e9686dd2b8e4acfac507a8	core/build/classes/scala/test/kafka/cluster/PartitionTest$$anon$2.class
6a9abdcac9c1ee3da5d2abfa77b255ed9327efb2a44885924bd16db26c51f106	streams/build/classes/java/test/org/apache/kafka/test/MockSourceNode.class
6aa30a62d759c4bc981ea92d63020d37de3bfd4a87d37b32b89f5f753e37a7e0	streams/integration-tests/build/classes/java/test/org/apache/kafka/streams/integration/PositionRestartIntegrationTest$StoresToTest$3.class
6aa404108f020e077cb15ab128a765bfc0d9c4afa956eca9027561ed888c0b67	metadata/build/classes/java/test/org/apache/kafka/controller/ReplicationControlManagerTest$3.class
6ab88f548d1f969ee58df54ae3399525107b9981e2e193b17ef5fb4da7e52e1a	connect/runtime/build/classes/java/test/org/apache/kafka/connect/integration/SinkConnectorsIntegrationTest.class
6ab98f50855d82adb7ba4e25ea0e62f14fc6457e7067f20499b9e9b11dc647a3	clients/build/classes/java/test/org/apache/kafka/common/metrics/stats/SampledStatTest.class
6ad62ec8102da94b9bba9bac2b2c41c0f0f2cea1eb5f6f4d4011265b833d7145	clients/build/classes/java/test/org/apache/kafka/clients/consumer/internals/ShareConsumeRequestManagerTest.class
6ae0b219c50b20a4575124cfb56a983c63d05d267fc07b081ca0cf028b30ed41	streams/upgrade-system-tests-30/build/classes/java/test/org/apache/kafka/streams/tests/SmokeTestUtil$1.class
6ae545fac59c9ce3890a54026db02d9bcdb56f562c9e97e16fc9e304403fe1b7	clients/build/classes/java/test/org/apache/kafka/common/network/EchoServer$1.class
6aeb90deb611c8bf0173ac53ceecf0642d8893b5b21d4f33e85d6f81fd42d547	streams/integration-tests/build/classes/java/test/org/apache/kafka/streams/integration/KafkaStreamsCloseOptionsIntegrationTest.class
6af669a7b588920688ec5a239d0313fb322ac1dc0b9d2bae7afc583a5b068890	streams/build/classes/java/test/org/apache/kafka/streams/processor/internals/ForwardingDisabledProcessorContextTest.class
6afe3d56b7934978d54b85e7dd7a31bf718d70cc144d71c067af2b42a91eb273	connect/transforms/build/classes/java/test/org/apache/kafka/connect/transforms/ExtractFieldTest.class
6b010175cd89000fdbf6e81908d3e0800ec3244e9a7da30bbfa73231d93c25c7	connect/runtime/build/classes/java/test/org/apache/kafka/connect/runtime/ConnectMetricsTest$MonitorableTransformation.class
6b01c59978890a5445790d2e46596898b66773e431331dddbf49a4e4c65ef6f5	streams/build/classes/java/test/org/apache/kafka/streams/state/internals/InMemoryRocksDBAccessor$InMemoryRocksIterator.class
6b02ec57083be34a089333751ec636d561bab6365d92a6310154d7de8ef8eed2	streams/upgrade-system-tests-0110/build/classes/java/test/org/apache/kafka/streams/tests/StreamsUpgradeToCooperativeRebalanceTest$1.class
6b25fdc6d89915e2df5f2c925f3332529afd638ea3dd8877a3aeb6477f2194b8	clients/build/classes/java/test/org/apache/kafka/clients/consumer/internals/ConsumerCoordinatorTest$8.class
6b2f449b123f504cf989a4483962e59c9897a0022e8f9658dc01eb70e838e0d4	streams/build/classes/java/test/org/apache/kafka/streams/kstream/internals/KTableTransformValuesTest$StatefulTransformerSupplier.class
6b33653521ee2f2d837568d41da40bed922ede404b812de1e00aa42e58c8f590	streams/streams-scala/build/classes/scala/test/org/apache/kafka/streams/scala/TopologyTest$$anon$1.class
6b4fce6bf3a3c30d8d50f6f97d1e774e0a04432bc9ea031dd16d077a2355e607	core/build/classes/scala/test/kafka/coordinator/AbstractCoordinatorConcurrencyTest.class
6b571a551af574f9a2753e1733d381e5d9674796b45f098bf08a3a460b69cd24	tools/build/classes/java/test/org/apache/kafka/tools/MetadataQuorumCommandErrorTest.class
6b5df46feb1a8fd167a1cbf62ca92896f15dbc0904425c9119423f0f18221963	coordinator-common/build/classes/java/test/org/apache/kafka/coordinator/common/runtime/MultiThreadedEventProcessorTest.class
6b619108e6a3043d19ef08c653f42f188f16a022b08e58b763db461739d5238e	raft/build/classes/java/test/org/apache/kafka/raft/KafkaNetworkChannelTest$1.class
6b662a95ca963100b6982785c82e0809c9b56a4b5bf674f598f68d5664e3d07d	streams/upgrade-system-tests-36/build/classes/java/test/org/apache/kafka/streams/tests/StreamsUpgradeTest$1.class
6b674c3a26c1e6bbd3e6264d357ad45bef5517524fa151063c93ae98c1d5fcb9	clients/build/classes/java/test/org/apache/kafka/clients/admin/internals/RemoveMembersFromConsumerGroupHandlerTest.class
6b69bcf89ac9e2521a1460af999120279ac76faa3c83a388cfeb2f2143172297	streams/build/classes/java/test/org/apache/kafka/streams/state/internals/SessionToHeadersStoreAdapterTest.class
6b7dcefecf702d034f6fd99c16d5e1ec7ad48c07c5362f1c39932828d12b25d6	connect/transforms/build/classes/java/test/org/apache/kafka/connect/transforms/CastTest.class
6b80546140062a502915d148dc71174391476cded65f3a619c895fc6178fa01c	storage/build/classes/java/test/org/apache/kafka/tiered/storage/actions/ReassignReplicaAction.class
6b8c7505d5835e3e8701623445125d6a6a49fb82a2424a6e4c08263a67f54db7	streams/build/classes/java/test/org/apache/kafka/streams/kstream/internals/KTableTransformValuesTest$StatefulTransformer.class
6ba093bd05a41376844737238ef630ee64f68cd85ff312d53bce4c0da905b0fb	storage/build/classes/java/test/org/apache/kafka/server/log/remote/quota/RLMQuotaMetricsTest.class
6ba6c5597af37792c43cc9610154a99078842c1f34ade68252ab33613f0e770e	trogdor/build/classes/java/test/org/apache/kafka/trogdor/common/ExpectedTasks$ExpectedTask.class
6bdbdb495ec932de7b2e9a32aaf7c665e3825165e819c102dd63327d40cf6ef9	metadata/build/classes/java/test/org/apache/kafka/controller/QuorumControllerTestEnv.class
6bdcd36af23a9363e80be036da706a66dc8e9a779b01e1fc49e54233f972901e	share-coordinator/build/classes/java/test/org/apache/kafka/coordinator/share/PersisterStateBatchCombinerTest$BatchTestHolder$MultiBatchBuilder.class
6be7940149167258f5f56b32bed4507262391b31a3a70ae4a7c118de6b53704d	core/build/classes/scala/test/kafka/utils/TestUtils$Roll$.class
6c13194b9f1b39f479423ad5eaddec5b26356817023a340252539bc3050c3a23	generator/build/classes/java/test/org/apache/kafka/message/checker/UnifierTest.class
6c1dcba8895014fc576dbd84ddb13b0854945dc053eab6bc32c56cdadf66f0c8	streams/test-utils/build/classes/java/test/org/apache/kafka/streams/test/MockProcessorContextAPITest$2.class
6c2e4f514fdb9eba77314c6fc4921a52c57680f8bee691de4442a393805f10f8	clients/build/classes/java/test/org/apache/kafka/common/internals/PluginTest$SomeMonitorablePlugin.class
6c2f3f7d84e878748e0f41ed96ba2387f04b6661c76ca6f034068f6ba891d638	streams/build/classes/java/test/org/apache/kafka/streams/kstream/internals/NamedInternalTest$TestNameProvider.class
6c3ec7bfcac4e8905af866d33692f26fefa942196980ea8fb1a5a78c85ace68a	streams/integration-tests/build/classes/java/test/org/apache/kafka/streams/integration/PapiDslIntegrationTest$3.class
6c55896895b3a7db0e24f20ee8fa03a973e1feecd64c5f72f39e586336c1d3d4	connect/runtime/build/classes/java/test/org/apache/kafka/connect/runtime/ConnectorConfigTest$TestConnector.class
6c7f45e4191a05debc6f844b884b0f155d0b20e1120e17c3886537316034b57e	streams/build/classes/java/test/org/apache/kafka/test/NoOpValueTransformerWithKeySupplier.class
6c86bd243c6e5d55c757cbf767e9591e02799f483a782047352db4eb0c572a03	metadata/build/classes/java/test/org/apache/kafka/controller/ReplicationControlManagerTest$ReplicationControlTestContext$Builder.class
6c9b8efa8d5c2579f95587322bec829a864133941f826c189d7f57ef245e0c7b	server/build/classes/java/test/org/apache/kafka/server/config/AbstractKafkaConfigTest$CustomTaskAssignor.class
6ca1aedc7598750d87d21a057ab2b1d20f9374170137d352a1e41843906ce2c5	streams/test-utils/build/classes/java/test/org/apache/kafka/streams/TopologyTestDriverTest$CustomMaxAggregatorSupplier.class
6ca259206d4ebcad28c65091ee36e15cac64926a4e75b62ed357319bd6f49027	server/build/classes/java/test/org/apache/kafka/server/UncleanLeaderElectionTest.class
6ce426ae94e4203dbb63b44098fe03f35354300a26086c4f122fdd613c48b9c5	server/build/classes/java/test/org/apache/kafka/server/quota/BaseClientQuotaManagerTest$1.class
6ce6cf9540aab4e60356d9d68e432249c66315337acdf4ae1dd14d66cc546316	streams/build/classes/java/test/org/apache/kafka/streams/state/internals/RocksDBStoreTest.class
6ce6dd162bbac9935b632d965bbaa65cfa8c6d8487ff29e6555dad44fbaadf99	core/build/classes/scala/test/kafka/api/SslConsumerTest.class
6cfa72f22fc1a4aa70152c2ad912648bb3e9781493bada813e2dd190e294fe11	streams/build/classes/java/test/org/apache/kafka/streams/processor/internals/RecordCollectorTest$1DroppingPartitioner.class
6d240eebd0ae1d82e8b3d716f2c01feda6920497faab447b90f8ff9f051e1320	streams/build/classes/java/test/org/apache/kafka/streams/processor/internals/MockChangelogReader.class
6d394f81a22850c7860ba4c7c4acc903679d53d08f57a9e05354d583e14a77b3	streams/integration-tests/build/classes/java/test/org/apache/kafka/streams/integration/RegexSourceIntegrationTest$2$1.class
6d40a0eabffa15f415504a720ef5b043ba10f5f12f906df50764b60897da2055	metadata/build/classes/java/test/org/apache/kafka/image/publisher/SnapshotGeneratorTest$MockEmitter.class
6d4286e0e219e5d1da549712fadcde6852f0bdf1a990048a5e654c3428cd7f00	streams/integration-tests/build/classes/java/test/org/apache/kafka/streams/integration/utils/IntegrationTestUtils$StreamGroupInactiveCondition.class
6d5906f55e2c097d4972058e5c84548b949c0cbce2087501b0629aeb783ea93c	storage/build/classes/java/test/org/apache/kafka/storage/internals/checkpoint/LeaderEpochCheckpointFileWithFailureHandlerTest.class
6d5a17ad88718f71fe10ccdba373c0d6fe128d595d36e637af3613e2cbdcae74	core/build/resources/test/log4j2.yaml
6d5a17ad88718f71fe10ccdba373c0d6fe128d595d36e637af3613e2cbdcae74	storage/api/build/resources/test/log4j2.yaml
6d5a17ad88718f71fe10ccdba373c0d6fe128d595d36e637af3613e2cbdcae74	test-common/test-common-runtime/build/resources/test/log4j2.yaml
6d5a17ad88718f71fe10ccdba373c0d6fe128d595d36e637af3613e2cbdcae74	test-common/test-common-util/build/resources/test/log4j2.yaml
6d5a17ad88718f71fe10ccdba373c0d6fe128d595d36e637af3613e2cbdcae74	tools/tools-api/build/resources/test/log4j2.yaml
6d60bb58f0890150768524c7c70b8e3c78ac5201273007cbd0227a41516fc6bf	streams/build/classes/java/test/org/apache/kafka/streams/state/internals/InMemoryTimeOrderedKeyValueChangeBufferTest.class
6d76c59d7f079eba4eba5d1f0937ae50286f96872df0d5127928e9e3ae3498da	clients/build/classes/java/test/org/apache/kafka/common/requests/StreamsGroupHeartbeatRequestTest.class
6d782ab96859167aa53da8e9bb11cc5bc2fa5d986a5b6cd6d8008e74d663559d	clients/build/classes/java/test/org/apache/kafka/clients/consumer/internals/ShareMembershipManagerTest.class
6d791605ab93838f82ddf4b9b11ab424945e18a83ca31718705bf341da10069c	clients/build/classes/java/test/org/apache/kafka/common/utils/internals/SanitizerTest$TestStatMBean.class
6d80127434418ea6612678344b8ac8c9b6229d9a12b04018b724bda940f2010f	storage/build/classes/java/test/org/apache/kafka/tiered/storage/specs/FetchCountAndOp.class
6d9647af62f1cc24135f9913a36fdd90a0d725209df6ea899b7c39e4a7914278	streams/build/classes/java/test/org/apache/kafka/streams/state/internals/AbstractKeyValueStoreTest$2.class
6e0e8e3f09c4ae2db986a0340658be76b3007aeca1da9d600065a36ff9165da7	clients/build/classes/java/test/org/apache/kafka/clients/admin/TopicCollectionTest.class
6e18287d01e0cdc70205bcc232d08add96a7f32d9b4aba52317c02105ac7b0fb	clients/build/classes/java/test/org/apache/kafka/clients/consumer/KafkaConsumerTest$5.class
6e1e21335c4c5b787e315bee18601c5853d751bffe4cc1060bd2f0cb03f9cfe8	clients/build/classes/java/test/org/apache/kafka/clients/consumer/internals/ConsumerCoordinatorTest$MockCommitCallback.class
6e389f73e7914b68b4f58ba4aea0e8e3c607a6a476c6ff28dd4eab52e148739c	storage/build/classes/java/test/org/apache/kafka/tiered/storage/specs/RemoteFetchSpec.class
6e40ce35226427e8d7372d81f11865ca4e9e4398b633d9c30025f7c75ba3d32d	clients/clients-integration-tests/build/classes/java/test/org/apache/kafka/clients/admin/AdminMetadataTest.class
6e4a88bf814d7ed799c0ee0426659d165f3fe4c23ec658b9c948d9b571e2c3e5	connect/runtime/build/classes/java/test/org/apache/kafka/connect/runtime/ConnectorConfigTest$AbstractKeyValueTransformation.class
6e4efd2da750d8cff648a6dde822895ed5c8012e3441d912e7a3007d0a41da4c	trogdor/build/classes/java/test/org/apache/kafka/trogdor/common/MiniTrogdorCluster.class
6e6389642feee2e87cefd52d9d9dad1044237187523daeac76bbf58a9935b075	clients/build/classes/java/test/org/apache/kafka/common/network/SaslChannelBuilderTest$TestGssapiLoginModule.class
6e723e51e22e557ef0f1b8224d4a84835dbba9a18712d8633688c58092972a97	clients/build/classes/java/test/org/apache/kafka/clients/consumer/RebalanceListenerTest$1.class
6e74bda0102813c3c1e18dd9841ee864df1c192f76238b85056f94b5857b494a	streams/build/classes/java/test/org/apache/kafka/streams/processor/internals/GlobalStateManagerImplTest$2.class
6e87fdfb13a62486b950053ada83a5aef8df0df11366a8389ebbb57caf716fe2	streams/integration-tests/build/classes/java/test/org/apache/kafka/streams/integration/StreamsUncaughtExceptionHandlerIntegrationTest.class
6e9bb5b2e17d66df0dc06d2cddfa9cf2b661cb397d4c26e8760731c9545803c5	server/build/classes/java/test/org/apache/kafka/server/MonitorablePluginsIntegrationTest.class
6eac327e8f1ac7ddb4a7620fdc6b7bbc1b3cf24ace89bf74018128ca2ef0231f	clients/build/classes/java/test/org/apache/kafka/clients/admin/ListTransactionsResultTest.class
6ead5e19be24785154ea0c9c0331e4977d6d7ba1a3a8e56bb64d3fb6278e940d	clients/build/classes/java/test/org/apache/kafka/clients/CommonClientConfigsTest$MyJmxReporter.class
6eb48fd180911276180ef3858207410edf29f83b89eb091cae84fcd628c65575	streams/build/classes/java/test/org/apache/kafka/streams/kstream/WindowTest$TestWindow2.class
6ec19ccff2985b799d52d4a12c21d0e3f50c82f8340bcb71f4d7c84e5b7f4e47	streams/upgrade-system-tests-26/build/classes/java/test/org/apache/kafka/streams/tests/SmokeTestDriver$NumberDeserializer.class
6ec19ccff2985b799d52d4a12c21d0e3f50c82f8340bcb71f4d7c84e5b7f4e47	streams/upgrade-system-tests-31/build/classes/java/test/org/apache/kafka/streams/tests/SmokeTestDriver$NumberDeserializer.class
6ec19ccff2985b799d52d4a12c21d0e3f50c82f8340bcb71f4d7c84e5b7f4e47	streams/upgrade-system-tests-32/build/classes/java/test/org/apache/kafka/streams/tests/SmokeTestDriver$NumberDeserializer.class
6ec19ccff2985b799d52d4a12c21d0e3f50c82f8340bcb71f4d7c84e5b7f4e47	streams/upgrade-system-tests-33/build/classes/java/test/org/apache/kafka/streams/tests/SmokeTestDriver$NumberDeserializer.class
6ec19ccff2985b799d52d4a12c21d0e3f50c82f8340bcb71f4d7c84e5b7f4e47	streams/upgrade-system-tests-34/build/classes/java/test/org/apache/kafka/streams/tests/SmokeTestDriver$NumberDeserializer.class
6ec19ccff2985b799d52d4a12c21d0e3f50c82f8340bcb71f4d7c84e5b7f4e47	streams/upgrade-system-tests-35/build/classes/java/test/org/apache/kafka/streams/tests/SmokeTestDriver$NumberDeserializer.class
6ec19ccff2985b799d52d4a12c21d0e3f50c82f8340bcb71f4d7c84e5b7f4e47	streams/upgrade-system-tests-36/build/classes/java/test/org/apache/kafka/streams/tests/SmokeTestDriver$NumberDeserializer.class
6ec19ccff2985b799d52d4a12c21d0e3f50c82f8340bcb71f4d7c84e5b7f4e47	streams/upgrade-system-tests-37/build/classes/java/test/org/apache/kafka/streams/tests/SmokeTestDriver$NumberDeserializer.class
6ec19ccff2985b799d52d4a12c21d0e3f50c82f8340bcb71f4d7c84e5b7f4e47	streams/upgrade-system-tests-38/build/classes/java/test/org/apache/kafka/streams/tests/SmokeTestDriver$NumberDeserializer.class
6ec19ccff2985b799d52d4a12c21d0e3f50c82f8340bcb71f4d7c84e5b7f4e47	streams/upgrade-system-tests-39/build/classes/java/test/org/apache/kafka/streams/tests/SmokeTestDriver$NumberDeserializer.class
6ec19ccff2985b799d52d4a12c21d0e3f50c82f8340bcb71f4d7c84e5b7f4e47	streams/upgrade-system-tests-40/build/classes/java/test/org/apache/kafka/streams/tests/SmokeTestDriver$NumberDeserializer.class
6ec19ccff2985b799d52d4a12c21d0e3f50c82f8340bcb71f4d7c84e5b7f4e47	streams/upgrade-system-tests-41/build/classes/java/test/org/apache/kafka/streams/tests/SmokeTestDriver$NumberDeserializer.class
6ec19ccff2985b799d52d4a12c21d0e3f50c82f8340bcb71f4d7c84e5b7f4e47	streams/upgrade-system-tests-42/build/classes/java/test/org/apache/kafka/streams/tests/SmokeTestDriver$NumberDeserializer.class
6ec19ccff2985b799d52d4a12c21d0e3f50c82f8340bcb71f4d7c84e5b7f4e47	streams/upgrade-system-tests-43/build/classes/java/test/org/apache/kafka/streams/tests/SmokeTestDriver$NumberDeserializer.class
6ec55042ad9dc2d5bee0e36c307d6a7ff8a52f9ec8143182c7ee249c2b79d046	streams/build/classes/java/test/org/apache/kafka/streams/state/internals/TimeOrderedCachingPersistentWindowStoreTest.class
6ed7b0f8b71b42c830fd89342c03dd9e28799730b5e6667c2f92464cbf4bde07	streams/test-utils/build/classes/java/test/org/apache/kafka/streams/test/MockProcessorContextAPITest$4.class
6ed8e4cc3e1756ee14fe987247582686199a6ca7ea87e14269ca7df1e76af66b	streams/build/classes/java/test/org/apache/kafka/streams/processor/internals/RecordCollectorTest$4.class
6efd9aff447c0ad296e12830cd30ad1b61858f10eabf0956e5fdfb52246830b5	generator/build/classes/java/test/org/apache/kafka/message/checker/FieldDomainTest.class
6efe5578ae4a3ea3c57f93db938c9ec1e1ae0a567bbd68be333b82d3c282002b	clients/build/classes/java/test/org/apache/kafka/clients/consumer/ConsumerRebalanceListenerTest$9.class
6f0a6a323ed90307578be4700c9f972231bbdf74c84bb2bfd202fd57bee6761b	transaction-coordinator/build/classes/java/test/org/apache/kafka/coordinator/transaction/TransactionLogConfigTest.class
6f1f1ba131a82dba665e081bd313f5345eaf12e79502f794c479feb50fa1025c	clients/clients-integration-tests/build/classes/java/test/org/apache/kafka/clients/consumer/ShareConsumerDLQTest.class
6f2ebffdcf76cfdb8a3e0802e5cc4d56bf7962417c10c01663daf3acfd6babe2	server/build/classes/java/test/org/apache/kafka/server/metrics/ClientMetricsInstanceTest.class
6f3b7f01c577d007273b89acc02eaeccf2a48739739a16bc5211f0932f018627	streams/build/classes/java/test/org/apache/kafka/test/MockReducer$StringAdd.class
6f4e806daac8c5c057b92cc08fc9d92cddef8dcb22097bc4133837c7b71d02f1	streams/build/classes/java/test/org/apache/kafka/streams/kstream/SuppressedTest.class
6f5900d44c2f1cd1332cadad5cb24cf1dafc0f59b1f1b0a6f8a629ea9dd19a89	clients/build/classes/java/test/org/apache/kafka/clients/consumer/internals/ShareSessionHandlerTest.class
6f79253c4acd5c3df69e493178403768cbbab9304554f8bb2a5a774028248e8d	clients/build/classes/java/test/org/apache/kafka/common/message/NullableStructMessageTest.class
6fbfbf2276bc047d83615f34716b29a41b157b005fdbce5f79dcfa9bea9059db	test-common/test-common-internal-api/build/classes/java/test/org/apache/kafka/common/test/api/DetectThreadLeakTest$LeakThread.class
6fcbdb16e079cb08f364497caf8b2b6c3ae29da5a833d8a450d6665cd4bebaf7	clients/build/classes/java/test/org/apache/kafka/clients/consumer/internals/AsyncKafkaConsumerTest$1.class
6fd21c6f860675472720985853958ccede06f7788b97e641c813810a7aec6e64	streams/build/classes/java/test/org/apache/kafka/streams/state/internals/TimeOrderedWindowStoreTest$1.class
6fd6ab5a1146901884399e51444d680f1904f19e44307a0f48d907b1cd2bb263	group-coordinator/build/classes/java/test/org/apache/kafka/coordinator/group/GroupCoordinatorConfigTest$NoDefaultConstructorAssignor.class
6fd749a89e0a0f889ef2ccd983bd58209fab92c6e7331df198d1c6faf3308190	streams/test-utils/build/classes/java/test/org/apache/kafka/streams/test/wordcount/WindowedWordCountProcessorSupplier.class
6fd87ff5ee69e0863b50d9ffd171249a3a420d55bc5fa8dadf20a1dc4c490984	trogdor/build/classes/java/test/org/apache/kafka/trogdor/agent/AgentTest$MockKibosh.class
6fddbb713c6ab9f5dd0d40ec83afb8d2176340c584d5e45f84d45a77b97bbf4d	connect/runtime/build/classes/java/test/org/apache/kafka/connect/integration/RestExtensionIntegrationTest.class
6fe912e134ddc0a384e164b995142d3dec12c3cc3193dce59e59e335235c10b7	storage/build/classes/java/test/org/apache/kafka/storage/internals/log/UnifiedLogTest$3.class
6ffa75a3025b0b79df349f7d510eac01b7a5d07c85a99e1b826235ea1f75df76	streams/build/classes/java/test/org/apache/kafka/streams/processor/internals/GlobalStateManagerImplTest$12.class
6fff3e4e9e1e18800ad2e12da8136842ad0f6174f537309cc30b20371971b636	clients/clients-integration-tests/build/classes/java/test/org/apache/kafka/clients/producer/ProducerIdExpirationTest.class
700df104dc4dd3369699b7d75c0eac5c2cb558b0aea9da83b7ce1fcefe9c7068	clients/build/classes/java/test/org/apache/kafka/common/record/internal/LegacyRecordTest$Args.class
70432877af713afe15cb9bda2c8a29c7d85f60e7844c8ae7b16e94ff727909c7	storage/build/classes/java/test/org/apache/kafka/tiered/storage/utils/BrokerLocalStorage$OffsetHolder.class
70565a4ab2b3440502887fe94b8b95086c94e47715066e9ee4f40b6d6d1c02ab	clients/build/classes/java/test/org/apache/kafka/common/network/SslSelectorTest.class
705cc1de9fcb8c27561f85374a9e82f4f79dac24c892dec58516a1e708d24871	core/build/classes/scala/test/kafka/server/KRaftQuorumImplementation.class
705dc867c2b1cec70059819c6786b9bdd10b5144fe4adf43d8abda50bbe4dc77	clients/build/classes/java/test/org/apache/kafka/clients/consumer/internals/ConsumerCoordinatorTest$15.class
705eecc7c91febe4f7fe94580bb689235941cd69ac89d2da2388cc306f4ece49	clients/build/classes/java/test/org/apache/kafka/clients/consumer/ConsumerRebalanceListenerTest$5.class
70666d1b774cecd8e581613992db0366b9dff99ab05169fddd8e3813108093fe	server/build/classes/java/test/org/apache/kafka/api/EndToEndClusterIdTest$MockCommonMetricsReporter.class
7073ec0234cc7dd4a04f59c9acad5a3fd7535bce04f1d955798e4dd15034e543	core/build/classes/scala/test/kafka/cluster/PartitionTest.class
709024fd36089d106e6b15d6ce532b33a1ff5fe3303e1fcdfe257138d3bd468c	server/build/classes/java/test/org/apache/kafka/server/KRaftTopicCreatorTest.class
709ce913e5ff663548f15b1cf3054ccc5e52957c0f7185263c02636e05049aa5	server/build/classes/java/test/org/apache/kafka/server/quota/ThrottledChannelExpirationTest$1.class
709f8371dcc0ce03b8fc05d6ddb38ec4f8f6a4a620646fdd8728bc736db1aa2b	group-coordinator/build/classes/java/test/org/apache/kafka/coordinator/group/streams/assignor/MockAssignorTest.class
709f8fff7f05d3aa1a1d8e6ab21b4b116cdf2a5f6825fd066694ae73fe7f5da6	trogdor/build/classes/java/test/org/apache/kafka/trogdor/workload/ThrottleTest$ThrottleMock.class
70a64d0ca395845da3c598631df7e15b8cec63c79f234f73c26c9b44f6dbcae2	connect/runtime/build/classes/java/test/org/apache/kafka/connect/runtime/distributed/DistributedHerderTest.class
70b32b26a6d663a079903f151efbd153542f09d857d1fae6ccf60f4329916e7a	clients/build/classes/java/test/org/apache/kafka/common/security/oauthbearer/internals/secured/OAuthBearerTest.class
70c2c9ed01cb870a598431806c7aa58794e36efb33a2e8b03622fe1bc0e4114a	storage/build/classes/java/test/org/apache/kafka/server/log/remote/storage/RemoteLogManagerTest$12.class
70c544edacb288bf4903b05566758a9d0ba686b8eda0021d783c11a60b5f9766	clients/build/classes/java/test/org/apache/kafka/common/compress/ZstdCompressionTest.class
70ca11a72d6ec5ba89c771de25f6905661d6227b3a66a318f3f68e57f19960fa	streams/build/classes/java/test/org/apache/kafka/streams/state/internals/DualColumnFamilyAccessorTransactionalTest.class
70e7e4df9b6d45c84301bb6c355b809bfedd5e6b2e145b31d2ccd7be668e7cdc	core/build/classes/scala/test/kafka/metrics/MetricsTest.class
70fc3e776d2c70c6e4156d320b20c9fa06bf95d6534a87c587be78df12fdfe51	streams/build/classes/java/test/org/apache/kafka/streams/state/internals/CachingPersistentWindowStoreTest$1.class
7109ddcdc5b0306c0a3b35a2ea06bafc2826d698e70d43e6a12086d27017202b	streams/build/classes/java/test/org/apache/kafka/streams/state/HeadersBytesStoreTest.class
711620a4f032a1e7cc78f65ed3c6c7044dbe39a1529a76cbb5ea561c5fdb1e3b	streams/integration-tests/build/classes/java/test/org/apache/kafka/streams/integration/GlobalKTableIntegrationTest$1.class
711a7fc7ceb73fec21aace11d58f669146dbdb23cc419bbdb8f3b9a343411a3e	core/build/classes/scala/test/kafka/server/AbstractFetcherThreadTest$$anon$4.class
711f065878f51f57574124abefd2cdbd8e172ac7c134d480eb00d6025281293e	streams/build/classes/java/test/org/apache/kafka/streams/processor/internals/ProcessorStateManagerTest$2.class
71236038676b27e9f1075e1aaa53197752ca96f131a85ae5da25545648b8abcb	server-common/build/classes/java/test/org/apache/kafka/server/util/timer/SystemTimerReaperTest$FutureTimerTask.class
7125a7f72df9ded093f70cd97f9719ebf832899f7c7c7f5da1bb3cc49872b8fa	connect/mirror/build/classes/java/test/org/apache/kafka/connect/mirror/MirrorMakerConfigTest$FakeConfigProvider.class
713260f8a8f67b017d43332a188d3e4bcfd5cb206dd9935b4a652babd472e16a	group-coordinator/build/classes/java/test/org/apache/kafka/coordinator/group/GroupMetadataManagerTestContext$1.class
713ecb8f9deaec5370310687f9bdb8b1d08d0668f36db1c50775037e6c7e0fe3	storage/build/classes/java/test/org/apache/kafka/server/log/remote/storage/RemoteLogOffsetReaderTest$MockRemoteLogManager.class
714fd5d6e72c18f152fdc26e0be75fc251d4d2248738246823450c7302f9d576	raft/build/classes/java/test/org/apache/kafka/raft/RaftEventSimulationTest$DropOutboundRequestsTo.class
715f70436d291cf52a1bb10352f3a714a5ad6a748f6a66e4df3fa93f6802eb9e	test-common/test-common-internal-api/build/classes/java/test/org/apache/kafka/common/test/api/ClusterConfigTest.class
716ecfb6e4b27b1f22197fb2802aefa4d9852a04a67c92ec67feaa3125dc2b90	clients/build/classes/java/test/org/apache/kafka/common/security/authenticator/SaslAuthenticatorTest$TestServerCallbackHandler.class
716ef07b07dff4f65b06e9809086fc488cdf0d039a308dbb08d95835f103aa20	server-common/build/classes/java/test/org/apache/kafka/timeline/TimelineLongTest.class
716f852c45485ac6174c3e12f2b4add0573cd4087c55956305f2609a6fa742ac	connect/runtime/build/classes/java/test/org/apache/kafka/connect/runtime/rest/entities/PluginInfoTest.class
718b1b714daeb15e1c2e8e471232e86c95d48e440530d26b2f01b71be21b27bc	clients/clients-integration-tests/build/classes/java/test/org/apache/kafka/clients/MetricsDuringTopicCreationDeletionTest.class
71938ea997996d450a4c32d98f7aa27848281a1c6587b2a664e49dec21620a67	group-coordinator/build/classes/java/test/org/apache/kafka/coordinator/group/modern/share/ShareGroupMemberTest.class
71b8bf3dc3bd041f69aa6cb228fac177b239c82dd3ffe2f863c657d19a247693	connect/runtime/build/classes/java/test/org/apache/kafka/connect/runtime/AbstractWorkerSourceTaskTest$1.class
71bf542eec7aaeba351afde0f55f5ffaef1f7791b6a4b9e958449fe709ba8454	clients/build/classes/java/test/org/apache/kafka/clients/CommonClientConfigsTest$TestConfig.class
71c35e7733f3eabb2d96243000f8097a459352429445752c8096202cb1ac8525	streams/build/classes/java/test/org/apache/kafka/streams/state/internals/CompositeReadOnlyKeyValueStoreTest.class
71cbcb412f120498bc3afc3418f1e2141caebc8cdaadb9a877a8580ea0ed4fc1	streams/test-utils/build/classes/java/test/org/apache/kafka/streams/MockProcessorContextTest$4.class
71d142eb06cc7113c80dcbacba27e61ac26459b6f6d8ec85bbe20357d7dc5572	core/build/classes/scala/test/kafka/server/DeleteGroupsRequestTest.class
71f398cf6fabf95071354726be028ce69d7669c00ff386d6edae082fa5e4f03b	clients/build/classes/java/test/org/apache/kafka/clients/consumer/KafkaShareConsumerMetricsTest.class
71f51fca41db1c5d578165ef2054c7ee46bd776db7ca65ae26a9a851035cd3d8	streams/integration-tests/build/classes/java/test/org/apache/kafka/streams/integration/QueryableStateIntegrationTest$StateListenerStub.class
71f7e5094711baa4ee96df93f62524f66a3f95943f82c9fe892ec64265cc2732	storage/build/classes/java/test/org/apache/kafka/server/log/remote/storage/LocalTieredStorageTest$LocalLogSegments.class
720d988b5c912b66abec02083b3cc7b01d10682ba9a34fca8e78180d96bee47c	streams/build/classes/java/test/org/apache/kafka/streams/processor/ReadOnlyStoreTest.class
720e05a605d35abad3fccdaaf797b6631a21e278dc65a70518e1e3d7c5fe067f	clients/build/classes/java/test/org/apache/kafka/clients/consumer/MockConsumerTest$2.class
7232b45b158dbba34acae28f18e5e650a0e969f8fffd5f507c07bc37f7284f2f	streams/upgrade-system-tests-11/build/classes/java/test/org/apache/kafka/streams/tests/StreamsUpgradeTest.class
72449b9163f40f9d136a6cea035793de3f7190d4f708d537656c1c472b8ee63f	storage/build/classes/java/test/org/apache/kafka/tiered/storage/actions/DeleteRecordsAction.class
724a1c699185d184b5358bbf4297f7036191e7c477a468aac2e3fc8a30921466	streams/build/classes/java/test/org/apache/kafka/streams/state/internals/MeteredTimestampedKeyValueStoreWithHeadersTest.class
72668cd4e51bd30a69f3a1c9ac954ae44490a8d3cd21638da829da399ad68810	storage/build/classes/java/test/org/apache/kafka/tiered/storage/integration/AlterLogDirTest.class
728dcb2334f2caa7316b4e3b69cfbe1535fcb93350d6505baab135a469c1efd3	streams/streams-scala/build/classes/scala/test/org/apache/kafka/streams/scala/kstream/KStreamTest$$anon$1.class
72939cfa920d6626a205e3c02df6c75854f42de1066c29d8465151b4f74f516b	core/build/classes/scala/test/kafka/coordinator/AbstractCoordinatorConcurrencyTest$Operation$$anon$1.class
72b830799751c21b8ed13e31dacfa8ab880dc997cd3991358cdbbf007767a1a9	streams/build/classes/java/test/org/apache/kafka/streams/state/internals/ValueAndTimestampSerializerTest.class
72b8e3ee01da2d3a748c3cc0735c644bca90132b02f7a6dd101ec7827c8a0595	server/build/classes/java/test/org/apache/kafka/server/RaftClusterSnapshotTest.class
72c410237f46a1f1d75257924e4b3c909fdc25896814c5ac62052b6a3571a316	core/build/classes/scala/test/kafka/server/ReplicaManagerTest$$anon$4$$anon$5.class
72cd64e43565c3ba9c4ccc83b2c3f8f213d0538fa1245fafa112a4afb9782763	server/build/classes/java/test/org/apache/kafka/server/ReplicaFetchTest.class
72d38cbffb813d35011d39cbd4ca77c45f9bf71871187dfc3e18c6e80e031bae	core/build/classes/scala/test/kafka/server/AbstractFetcherThreadTest$$anon$14.class
72e417f58bede51e0a4b656fefd2b322935fee65bb8188910b0b7424a597670e	clients/build/classes/java/test/org/apache/kafka/clients/consumer/internals/ConsumerCoordinatorTest$13.class
72e5aae086902d9001285dfbb38614e81f8e3b2fd37864832057686de163e892	streams/build/classes/java/test/org/apache/kafka/streams/kstream/WindowedSerdesTest.class
72ebbfe6791dd0f904d0dec1e71c7c2a83d800cf4f8ce67cf67c089f5a6a1398	clients/build/classes/java/test/org/apache/kafka/common/message/SimpleArraysMessageData$StructArray.class
7344d9654c2c809c8cbb641b1c9f4a71555f4b61f597ca619a0c1d9b12adf7e1	streams/integration-tests/build/classes/java/test/org/apache/kafka/streams/integration/JoinGracePeriodDurabilityIntegrationTest.class
7357792430fb1283db9d8c0976ed8f0db9479c4b4a3a51010ce44fe4a0f52379	streams/build/classes/java/test/org/apache/kafka/streams/processor/internals/StreamsPartitionAssignorTest$1.class
735e2195c340b815e08316ff173cfc34d1a6df91b261d96dbf177bb02376f00c	streams/build/classes/java/test/org/apache/kafka/streams/state/internals/RocksDBWindowStoreTest.class
73759a406e84e75c929b0ca9aa49c9c19fd6f63bc1b6e4974b4b2c87b4c6c826	clients/build/classes/java/test/org/apache/kafka/clients/producer/KafkaProducerTest$8.class
7383a889b6a247f3f40e68ebbb1d776c6fb889e5e2fd974aee4fb4cdfc346383	clients/build/classes/java/test/org/apache/kafka/common/message/NullableStructMessageDataJsonConverter.class
739be84a095719f6d3f31c671f36d6de1a710ed96a2116586bde6d519096fcbb	streams/build/classes/java/test/org/apache/kafka/streams/state/internals/RocksDBRangeIteratorTest.class
739ff86ece7bb814434b477270bc1192243f221ee5da42cb9fa4b58722f78f05	streams/build/classes/java/test/org/apache/kafka/streams/kstream/internals/KTableMapKeysTest.class
73a3445f72af4ce6e47cb9eb7f7c9c1a686b700707460aaa3d23917e9cf129fb	clients/clients-integration-tests/build/classes/java/test/org/apache/kafka/clients/MetadataVersionIntegrationTest.class
73b1eb5e65037ab28b7f6c7923dd6d921144bb2a2b40b5eb56ec40d19f5bdf91	streams/integration-tests/build/classes/java/test/org/apache/kafka/streams/integration/RestoreIntegrationTest$ReadOnlyStoreProcessor.class
73bccade4538ecbcdafec17bb1e5a02045508744f41eab15ae03b2c719c038bb	connect/runtime/build/classes/java/test/org/apache/kafka/connect/runtime/WorkerTest.class
73ec4a4eb1bb545dd79177228fe36d7d7069ca9e6636a58eb5d599763c2ea890	clients/build/classes/java/test/org/apache/kafka/clients/producer/KafkaProducerTest$9.class
73f22f69c7f257b9542d705ea762560a054a411c7507568b785250bbc9a5fe9d	core/build/classes/scala/test/kafka/api/AbstractConsumerTest$RetryCommitCallback$1.class
73f828f3b276283426174153f9b3483512304a5d452568965b0416af130f7e74	core/build/classes/scala/test/kafka/server/ControllerConfigurationValidatorTest.class
7421dede27db3ed7085534575cc8c5c032416ee9b693d839bd57f873714ac667	streams/build/classes/java/test/org/apache/kafka/streams/processor/internals/assignment/RackAwareGraphConstructorTest.class
742764dac71abbba424139c0869d741919e551b122bec3c9e3b0806b685ccbad	server-common/build/classes/java/test/org/apache/kafka/server/record/BrokerCompressionTypeTest.class
744533f3648fa24a8655196fc2074f30a15e4718ede5c44bd3fc90f187e10cd7	tools/build/classes/java/test/org/apache/kafka/tools/ReplicaVerificationToolTest.class
7446e7950620158fd50d59c74ed93efd8400ba45a3ed59853ca7e4169233add2	clients/build/classes/java/test/org/apache/kafka/clients/consumer/MockConsumerTest$3.class
7454a5a00574278aeb480bf96abd56d61c2608936c399f21fb738514f8dfee53	streams/build/classes/java/test/org/apache/kafka/streams/processor/internals/SinkNodeTest.class
7466b4ea8b70bef2e53b467411d240c9174eec1664a916a05ed146eacd59328a	clients/build/classes/java/test/org/apache/kafka/clients/producer/internals/RecordAccumulatorTest$2.class
746f778d4634e57eb994c5a26d04208233a29e934b0f0ab206d2f3fb3655a579	generator/build/classes/java/test/org/apache/kafka/message/VersionConditionalTest.class
747cce08a0d8b2b41ca23f6b891e1f89ed337394c28ecacec11aa671b34eca57	streams/build/classes/java/test/org/apache/kafka/streams/processor/internals/ProcessorTopologyTest$TimestampProcessor.class
7493258d97635f29ad2918e82952862f846f37a69abe9dccbd0b16c64b42f2b9	group-coordinator/build/classes/java/test/org/apache/kafka/coordinator/group/OffsetExpirationConditionImplTest.class
7494f31c7156069c89bed7f2b3109762c2818df5cac2cdca09c506ccdd592ef9	streams/build/classes/java/test/org/apache/kafka/streams/processor/internals/StreamsPartitionAssignorTest$2.class
749b092fa4db4d9e7acdc3bea752d4b12ec50a5adc63c1a83134905983d56f73	clients/build/classes/java/test/org/apache/kafka/clients/consumer/internals/ApplicationEventHandlerTest.class
74af1ca0c7f842cf3c7cffc23cfa72d6bfec26fc934a5ecaefec562566116bf0	clients/build/classes/java/test/org/apache/kafka/common/security/oauthbearer/internals/expiring/ExpiringCredentialRefreshConfigTest.class
74ff39738408930bc262eb633b0bf769f9be527f2a1b8817556baf5f9b4d1fbb	metadata/build/classes/java/test/org/apache/kafka/controller/ReplicationControlManagerTest$ReplicationControlTestContext.class
751ada818b650842c8a2bae2bb8c67d0e8eb67f1f2415bad8f1fee302a6d6eb8	streams/build/classes/java/test/org/apache/kafka/streams/state/internals/SessionStoreWithHeadersBuilderTest$StoreType.class
7522ccded1917ff8f7574cd4905a1e28fc6b0661fd209000c8c98ebe74a5eb32	trogdor/build/classes/java/test/org/apache/kafka/trogdor/common/JsonUtilTest.class
7526c317a717b33e0dbd76cff22f278c974d07470029cc0ca6ffd27f8ea8ef18	core/build/classes/scala/test/kafka/server/FetchRequestMaxBytesTest.class
75720d4c8a968a29fdfd8bd0ab0d5b56cb979f39b8da6be0b69cc7bb9b97f6ab	streams/integration-tests/build/classes/java/test/org/apache/kafka/streams/integration/StoreQuerySuite.class
757f0886bc47c5700cb7e5840f0cbf700f68f2d9569a273c9b2da6e5188f748b	clients/build/classes/java/test/org/apache/kafka/clients/admin/KafkaAdminClientTopicTest$2.class
759e09b0b75c91b956c46655a4dd09b60a3f2e27ac3a0b3db4671358c45339a0	streams/integration-tests/build/classes/java/test/org/apache/kafka/streams/integration/KTableSourceTopicRestartIntegrationTest.class
75b459ad14de69941c29913a7b1d5f29dfcc3195dd074efcc6681608ba4ad211	group-coordinator/build/classes/java/test/org/apache/kafka/coordinator/group/GroupCoordinatorConfigTest$DuplicateNameTaskAssignor.class
75d632577f49e9a78fc907eeed6e33e8596690684b133282cc8cdc2b7e32fbb3	tools/build/classes/java/test/org/apache/kafka/tools/streams/ListStreamsGroupTest.class
75eb5b74fd8f04c6e67b62aa26dd9d0b5c7f1077b5c0a1dfc5e1143ea924e916	streams/integration-tests/build/classes/java/test/org/apache/kafka/streams/integration/IQv2StoreIntegrationTest$StoresToTest.class
75f0bd3930e475da3ffd92d91066bf2070d8d93f49fe0aa7fd86ee517cc18ada	clients/build/classes/java/test/org/apache/kafka/clients/consumer/internals/ConsumerNetworkThreadTest.class
75fe6505328be443492fb34f3468340f70b181bdd97cf71204e21e62aa4ec6b4	streams/integration-tests/build/classes/java/test/org/apache/kafka/streams/integration/KTableEfficientRangeQueryTest$StoreType.class
760b39e082855dfc3c7a0243d8200f76e37440558d8f71a189a298127111d6b3	tools/build/classes/java/test/org/apache/kafka/tools/ConnectPluginPathTest$PluginLocation.class
760ee93adda658b870d2c76b1f3087e480176213fa7e8965d4dece515dad4a3c	core/build/classes/scala/test/kafka/server/QuorumTestHarness.class
7617e8b3e119bbdd632379f48241ccf61b4b55fc3a9ca0a3878870e46eca3417	clients/build/classes/java/test/org/apache/kafka/clients/consumer/ConsumerRebalanceListenerTest$3.class
7619f21f9c32dcad63996c54a3564848a368e58220cf6346364e4ae17c568856	streams/integration-tests/build/classes/java/test/org/apache/kafka/streams/integration/LagFetchIntegrationTest.class
7639da5ab470b119051e06b7b76ba7e1c58cbf9f456a534e5f9c5e2ac8653f8d	connect/runtime/build/classes/java/test/org/apache/kafka/connect/runtime/standalone/StandaloneHerderTest.class
76648a620a097b79e9e3dcfca70c1020249d527b43c1e641a88b56eb7bdf9998	streams/streams-scala/build/resources/test/log4j2.yaml
76669823867b1e695e4b406ee2c2b554b31f5dfa64704bae9620a4a94fa1467b	core/build/classes/scala/test/kafka/server/ReplicaManagerConcurrencyTest$ControllerModel.class
7669e96cb299a763c9c8d211e0c53ca938102a22688280f833808f872e38984d	tools/build/classes/java/test/org/apache/kafka/tools/TopicCommandTest$ReplicaDistributions.class
766e83bbf06f7212e675c59af73269069719823295fc7e45b27320436ef7466d	streams/upgrade-system-tests-22/build/classes/java/test/org/apache/kafka/streams/tests/SmokeTestDriver$ValueList.class
766e83bbf06f7212e675c59af73269069719823295fc7e45b27320436ef7466d	streams/upgrade-system-tests-23/build/classes/java/test/org/apache/kafka/streams/tests/SmokeTestDriver$ValueList.class
767cc5ecc1e284b92e569b3ac4ff071ce47a3e8a040be251559233bf7a474a52	connect/runtime/build/classes/java/test/org/apache/kafka/connect/runtime/distributed/ConnectProtocolCompatibilityTest.class
767f5f818052bda0956521303f348fedfb4b17b86f037d558a197142de358274	streams/integration-tests/build/classes/java/test/org/apache/kafka/streams/integration/StandbyTaskCreationIntegrationTest$1.class
7685da5e356c0950cee5aef219854efd1da225344682f99f1f92d073c2c9f042	streams/examples/build/classes/java/test/org/apache/kafka/streams/examples/docs/DeveloperGuideTesting.class
76a4b5afb00e0b1191b7d103181c66b9a3ca01ff2069269c456def501befbf28	core/build/classes/scala/test/kafka/server/ControllerApisTest.class
76a7506884636b2a665672db8f3c1b984ec28a2a5ba003e65707f8a7c880ea8f	streams/examples/build/classes/java/test/org/apache/kafka/streams/examples/wordcount/WordCountDemoTest.class
76c0c08858bc38004b1e657de791d3446f2f31787716768f2605989873e94762	group-coordinator/build/classes/java/test/org/apache/kafka/coordinator/group/GroupCoordinatorConfigTest$CustomTaskAssignor.class
76c9bbffd735ad92de04fe2f8f0e001d20e145bb4629b4f6ba4497e9ab07bc7c	clients/build/classes/java/test/org/apache/kafka/common/security/SaslExtensionsTest.class
76d04c8f91c553da2e3ed74e55778bf983aa616908d0abf2ce6a31750ba1e39a	connect/runtime/build/classes/java/test/org/apache/kafka/connect/integration/ConnectWorkerIntegrationTest$SimpleTask.class
770fcd9dfc77b1b6f692a1321c099d9d7419f805cf53a3de71b6220868937df3	server-common/build/classes/java/test/org/apache/kafka/server/fault/LoggingFaultHandlerTest.class
771a3f4f8a0f6d803cbeb09042e7af54a6cb7b7ec46ec18c444b5017456aa747	streams/build/classes/java/test/org/apache/kafka/streams/processor/internals/InternalTopicManagerTest$MockDeleteTopicsResult.class
771da019f97cc05ccff147110cb5c88d14a239fddd26b70c547f0ad77edc071b	server-common/build/classes/java/test/org/apache/kafka/metadata/properties/MetaPropertiesEnsembleTest$MetaPropertiesMockRandom.class
773a930680030606253fa3e2c66a4c5532506b8e323a80f277b6a9cc63a169c0	clients/clients-integration-tests/build/classes/java/test/org/apache/kafka/clients/ClientRebootstrapTest.class
776e2afa7ab3fdede91f5bd19e1cbf3f3e846cc71e15d50286ae7530b4f7756b	metadata/build/classes/java/test/org/apache/kafka/controller/ReplicationControlManagerTest$3$3.class
779c85873105bde80ad90fce39890ce276338a20cb0d147def10fdd4f6e18353	tools/build/classes/java/test/org/apache/kafka/tools/ConfigCommandTest$1.class
77b757a9015c89b41b9e1c0b061205fad48d26a0955ae613f9c67339a419fd16	clients/build/classes/java/test/org/apache/kafka/common/security/oauthbearer/OAuthBearerValidatorCallbackHandlerTest$NoOpVerifyingJwtValidator.class
7825d1207e936ccbecb56c0be36c3b4d2c26c01684c7b319fceb547aa977bf71	core/build/classes/scala/test/kafka/server/ReplicaManagerTest$$anon$2.class
7839bc3fe9bd2694d95ed0e09a0bd46f6b0e4fb3182b30527f013bb14ac5a291	clients/build/classes/java/test/org/apache/kafka/clients/admin/GroupListingTest.class
783bcf334eb674cc7a492d99bf297a392d7211e7cc20aa17433c173eda0f06b5	connect/runtime/build/classes/java/test/org/apache/kafka/connect/runtime/MockLoggersTest$TestLoggers.class
78400ceea39dd27ce3e7b8e4c92afd9c83e65c385cc30b9064d71b17a7d4f56f	group-coordinator/build/classes/java/test/org/apache/kafka/coordinator/group/modern/MemberAssignmentImplTest.class
78461b47ac893d7d6d2f1cde58755e9ba80d15be70c744bbd67b217611097471	clients/build/classes/java/test/org/apache/kafka/common/metrics/KafkaMetricTest$1.class
78498d0bd73583dd8e8a6914c7161f2440a30ed18f7d4dbc757c39e3c1342d2a	clients/build/classes/java/test/org/apache/kafka/clients/consumer/internals/RequestFutureTest.class
7849d27047f2ceb6f600ed05f41fed785b3f65b1f021aab0f26d0d86083d9a06	streams/build/classes/java/test/org/apache/kafka/streams/state/internals/RecordConvertersTest.class
784b47e5987f55478e49bf98dc85af6ab0fbdbe82cdf509883730ebe9928f88e	streams/build/classes/java/test/org/apache/kafka/streams/processor/internals/GlobalStateManagerImplTest$17.class
785520672169d32c0a9fb7caba25b932156326b4e2a4890a9722adc1b64faf9a	streams/build/classes/java/test/org/apache/kafka/streams/processor/internals/GlobalStreamThreadTest.class
785a9ec13eb410c8fff8494352b00b8436b1c7312a207cdb9a016fb18bb52046	streams/build/classes/java/test/org/apache/kafka/streams/state/internals/TimestampedKeyValueStoreWithHeadersSerializerSideEffectTest$HeaderAddingSerde.class
786929ff2d3df12df931d26ef1c6623d0ea9876cc84c0c0f85829185bea63bcd	group-coordinator/build/resources/test/log4j2.yaml
7881042d56e14769c374cab8dbff8636e07b6d790f552c770ca56db1f267b237	core/build/classes/scala/test/kafka/api/BaseProducerSendTest$CloseCallback$1.class
7882ea087dfafd74281bf9aff33fce0280eacede02a0af6b63d39531b8734620	clients/build/classes/java/test/org/apache/kafka/clients/consumer/KafkaConsumerTest.class
7885efdec5c881c29a3caf7dd6c2df5ddc9a975a34b4a47e28d1defa36d31be5	streams/build/classes/java/test/org/apache/kafka/streams/kstream/internals/foreignkeyjoin/ResponseJoinProcessorSupplierTest$TestKTableValueGetterSupplier.class
78892980ea214c93dcae0c1947a8e0cc53632ddb9173096f75ea48303343b9b4	group-coordinator/build/classes/java/test/org/apache/kafka/coordinator/group/streams/StreamsTopologyTest.class
789126f8132a66efc32a7287afca61eddd224df13a688eefaed0a2c38b2a882e	streams/upgrade-system-tests-30/build/classes/java/test/org/apache/kafka/streams/tests/SmokeTestUtil$Agg.class
789126f8132a66efc32a7287afca61eddd224df13a688eefaed0a2c38b2a882e	streams/upgrade-system-tests-31/build/classes/java/test/org/apache/kafka/streams/tests/SmokeTestUtil$Agg.class
789126f8132a66efc32a7287afca61eddd224df13a688eefaed0a2c38b2a882e	streams/upgrade-system-tests-32/build/classes/java/test/org/apache/kafka/streams/tests/SmokeTestUtil$Agg.class
789126f8132a66efc32a7287afca61eddd224df13a688eefaed0a2c38b2a882e	streams/upgrade-system-tests-33/build/classes/java/test/org/apache/kafka/streams/tests/SmokeTestUtil$Agg.class
789126f8132a66efc32a7287afca61eddd224df13a688eefaed0a2c38b2a882e	streams/upgrade-system-tests-34/build/classes/java/test/org/apache/kafka/streams/tests/SmokeTestUtil$Agg.class
789126f8132a66efc32a7287afca61eddd224df13a688eefaed0a2c38b2a882e	streams/upgrade-system-tests-35/build/classes/java/test/org/apache/kafka/streams/tests/SmokeTestUtil$Agg.class
789126f8132a66efc32a7287afca61eddd224df13a688eefaed0a2c38b2a882e	streams/upgrade-system-tests-36/build/classes/java/test/org/apache/kafka/streams/tests/SmokeTestUtil$Agg.class
789126f8132a66efc32a7287afca61eddd224df13a688eefaed0a2c38b2a882e	streams/upgrade-system-tests-37/build/classes/java/test/org/apache/kafka/streams/tests/SmokeTestUtil$Agg.class
789126f8132a66efc32a7287afca61eddd224df13a688eefaed0a2c38b2a882e	streams/upgrade-system-tests-38/build/classes/java/test/org/apache/kafka/streams/tests/SmokeTestUtil$Agg.class
789126f8132a66efc32a7287afca61eddd224df13a688eefaed0a2c38b2a882e	streams/upgrade-system-tests-39/build/classes/java/test/org/apache/kafka/streams/tests/SmokeTestUtil$Agg.class
789126f8132a66efc32a7287afca61eddd224df13a688eefaed0a2c38b2a882e	streams/upgrade-system-tests-40/build/classes/java/test/org/apache/kafka/streams/tests/SmokeTestUtil$Agg.class
789126f8132a66efc32a7287afca61eddd224df13a688eefaed0a2c38b2a882e	streams/upgrade-system-tests-41/build/classes/java/test/org/apache/kafka/streams/tests/SmokeTestUtil$Agg.class
789126f8132a66efc32a7287afca61eddd224df13a688eefaed0a2c38b2a882e	streams/upgrade-system-tests-42/build/classes/java/test/org/apache/kafka/streams/tests/SmokeTestUtil$Agg.class
789126f8132a66efc32a7287afca61eddd224df13a688eefaed0a2c38b2a882e	streams/upgrade-system-tests-43/build/classes/java/test/org/apache/kafka/streams/tests/SmokeTestUtil$Agg.class
78992ba6e0c414190cfa23f0122031a066e2526388b4bd2d903f894469f0bb9d	clients/build/classes/java/test/org/apache/kafka/common/acl/ResourcePatternFilterTest.class
789f94458a6e9a5f9b00080f16a631a96e592f0a249b90974f569037d2b61687	core/build/classes/scala/test/kafka/network/SocketServerTest$$anonfun$1.class
78a2b718a2323d027992aad27a877367d76d5ef898a5be92550b10cd868f558b	connect/runtime/build/classes/java/test/org/apache/kafka/connect/runtime/isolation/SynchronizationTest$Breakpoint.class
78a2b9e6b37e9d5d64663346a4ff72f63649372ec47401b6df48e5e19ba66a86	clients/build/classes/java/test/org/apache/kafka/common/security/oauthbearer/internals/OAuthBearerSaslServerTest.class
78c2d53bef3500a33cdb638647c769c90a32b0462adab52347f48288ff3f97ef	streams/build/classes/java/test/org/apache/kafka/streams/StreamsBuilderTest.class
78ca5ca27fd578428c451dd5293edd6ba002d77b2d23fd22d9bc4cb3f135c470	streams/build/classes/java/test/org/apache/kafka/streams/processor/internals/StreamTaskTest$8.class
790cd270b163617c5eccdf215adb7be572b74e0a4fd4d89de6c07095506715d5	clients/build/classes/java/test/org/apache/kafka/clients/producer/internals/ChunkedRecordAccumulatorTest$4.class
791914c44706d83979ca2954b8038f0b9c42bef1b33c1c8db7185c5c404ca58e	storage/build/classes/java/test/org/apache/kafka/server/log/remote/storage/RemoteLogManagerConfigTest$RLMTestConfig.class
7939850b673f7c6b69aa575ea91b7971c2e9502a685f58c0a1dac0cc9a9339b6	server-common/build/classes/java/test/org/apache/kafka/server/util/InterBrokerSendThreadTest$StubRequestBuilder.class
793c0b49270dbd242a7bdb268c4be585f227e42591d9fc320cc0ed9642abf00d	core/build/classes/scala/test/kafka/network/ConnectionQuotasTest.class
793ee9b011044153d3e8baaccc6c8454a31d08ceafee008e0d17dd6968aafd5b	metadata/build/classes/java/test/org/apache/kafka/controller/PeriodicTaskControlManagerTest$FakePeriodicTask.class
7951a3a2694667b06a107f6fbaef4dc70bc7b71686a136755f8649b24411ded6	streams/build/classes/java/test/org/apache/kafka/streams/state/internals/CompositeReadOnlyKeyValueStoreTest$3.class
7956374d0f5259b89bf040ea5f4b4dcbc3405681470516994bfe24619f739dbb	clients/build/classes/java/test/org/apache/kafka/clients/consumer/RangeAssignorTest.class
7967a7ab2903b2ef87cca8c05071285508ee3b6ce501ead242d5de9ee0341a59	clients/build/classes/java/test/org/apache/kafka/common/requests/AlterReplicaLogDirsRequestTest.class
798c7a4ea206c941d573aa10eeecd3884c113ff6402f1f9e300d4a118851d3c8	streams/integration-tests/build/classes/java/test/org/apache/kafka/streams/integration/OptimizedKTableIntegrationTest.class
799acfaf620b047931dc1cfd8575754c10fbf424793de71a4715a70bb9db866c	streams/build/classes/java/test/org/apache/kafka/streams/processor/internals/StreamTaskTest$CrashingProcessingExceptionHandler.class
79a109d9606faa73af59cc0f62c93996f43519c7d7aa4acef2a5c8df48283590	streams/integration-tests/build/classes/java/test/org/apache/kafka/streams/integration/RocksDBMetricsIntegrationTest$MetricsVerifier.class
79a20f88303299ce38c0b724e8d2496df37bcac8267b020d2acda7f7251d9b47	streams/integration-tests/build/classes/java/test/org/apache/kafka/streams/integration/ProcessingExceptionHandlerIntegrationTest.class
79a71055a863b356e4b44309d4b74cdcb60a8df9c5b73f7ed055da0d33116f76	core/build/classes/scala/test/kafka/server/StreamsGroupHeartbeatRequestTest$WithAssignmentBatchingDisabledTest.class
79a734f7c37bcd92cc33d68c00aa1e1d742dd5d4c61ec235be8278fd9950b155	clients/build/classes/java/test/org/apache/kafka/common/serialization/SerializationTest.class
79aeb182635f9d646ca9a82796c8162841b0906f93637b9fab903da7747bc1e6	server/build/classes/java/test/org/apache/kafka/security/authorizer/AuthorizerUtilsTest.class
79dd8aecb2e1ac71c1effa83465ec17c6d7030c1167af10848e97bb6cec2b53b	clients/build/classes/java/test/org/apache/kafka/common/replica/ReplicaSelectorTest.class
79e604cc6d32c4402e57827d40a4030fa7225cf4ae465990a459b35af3046853	coordinator-common/build/classes/java/test/org/apache/kafka/coordinator/common/runtime/DeferredEventCollectionTest.class
79f5d20f9cbbe8e295081dde13afb6462afe4430ad8114024cc89f232824f027	server/build/classes/java/test/org/apache/kafka/server/purgatory/DelayedProduceTest.class
7a155dd0f7daa50dce98d90555f3e76a858825e50093fc7a93a1e4b6942c55a0	streams/build/classes/java/test/org/apache/kafka/streams/state/internals/ContextualRecordTest.class
7a41c723daec035e441fae630434f93fda3e3e8caed4fa6e15fd27602a1e6e57	clients/build/classes/java/test/org/apache/kafka/clients/producer/internals/ProducerTestUtils.class
7a5f8d5998b3b4ee33cd8903f688ea9daf83606c4a38a27de9d8c0aae3e92f97	clients/clients-integration-tests/build/classes/java/test/org/apache/kafka/clients/consumer/ShareConsumerDeliveryTest.class
7a7903f404bae4166f4c6acd0312ecf1f127256c57e3508b62d6ecc45093ea19	streams/integration-tests/build/classes/java/test/org/apache/kafka/streams/integration/PositionRestartIntegrationTest$4.class
7a973ead20465b9e03eb14034695ebde9584addc6e5840075fe2d471ca2eea09	streams/build/classes/java/test/org/apache/kafka/streams/state/internals/MonotonicProcessorRecordContext.class
7aac93bed5e912bb65ea63a557ae74241cdb17738233682502400679ae7a474e	connect/runtime/build/classes/java/test/org/apache/kafka/connect/util/SharedTopicAdminTest.class
7ad484ba5cad39487282e125f541bb7ae8bf111e5c0d1d1d2a6116dbdd6cec72	streams/integration-tests/build/classes/java/test/org/apache/kafka/streams/integration/RestoreIntegrationTest$KeyValueStoreProcessor.class
7ad4dc7241e9adce09ac4507f55adc55c6378aa2a534643c96b28050b04d2db7	core/build/classes/scala/test/kafka/server/share/SharePartitionCacheTest.class
7ada14dec979a1d9ffaa9c8646ee8d08526f7549f55d9f7ced259a2f637b33ce	clients/build/classes/java/test/org/apache/kafka/common/utils/internals/ByteBufferOutputStreamTest.class
7aeba658711c15ac941088ac2010a9154473b24df76db9a934e359a7f6405334	streams/integration-tests/build/classes/java/test/org/apache/kafka/streams/integration/PositionRestartIntegrationTest$StoresToTest$8.class
7af587a635fc08a16b7d02aeaaa665cfe33e84c6b582f70aba1b5b59077dd2ac	streams/build/classes/java/test/org/apache/kafka/streams/state/internals/CompositeReadOnlyWindowStoreTest.class
7b203a5dfca49a1f83628ddfd018a0895ae43806b4603ae648e2fe5fe2607fbb	streams/build/classes/java/test/org/apache/kafka/streams/state/internals/RocksDBTimeOrderedKeyValueBufferTest.class
7b282cfd61f8a348812474776e2f59959b34ba305dc03b55dc4f173fd0518627	group-coordinator/build/classes/java/test/org/apache/kafka/coordinator/group/streams/assignor/MemberMetadataAndStateImplTest.class
7b2e99cb4c68c353cfef94eb63d4ead526426e85cb87bc6d9698b67a50f69373	core/build/classes/scala/test/kafka/network/SocketServerTest$$anon$2$$anon$3.class
7b41c738dc9838c25b3f37a5fe54f24246cf342d367411cb0e6e28bc91eecc18	streams/build/classes/java/test/org/apache/kafka/streams/processor/internals/RecordDeserializerTest$DeserializationExceptionHandlerMock.class
7b454b003a7a445cf7853126ef8647f08dd69b9d8a46db6a3f074a9a583ad6f8	core/build/classes/scala/test/kafka/server/DynamicBrokerReconfigurationTest$.class
7b4d76b5c54014e1579f222fb270f4585425c892def2ca32f539e2311b0381a5	streams/integration-tests/build/classes/java/test/org/apache/kafka/streams/integration/KStreamAggregationIntegrationTest.class
7b53a0b3cace26fa4683303da781f8d951c145ed160cdc11bd94c521954218eb	streams/build/classes/java/test/org/apache/kafka/streams/state/internals/MeteredSessionStoreWithHeadersTest$2.class
7b54e38247091928e92093076bc2283ec0eb01654847402f526fcaeba6414ea6	server-common/build/classes/java/test/org/apache/kafka/timeline/BaseHashTableTest$Foo.class
7b60a65b399c087626b2cb1506edf3c0bc615f2b03183ffe3f91069db27030e8	connect/transforms/build/classes/java/test/org/apache/kafka/connect/transforms/predicates/HasHeaderKeyTest.class
7b8169d92ad64d2bf22bdf586912a9f4c0e2a3687e6e0522ebe23fdbf19d9749	connect/runtime/build/classes/java/test/org/apache/kafka/connect/runtime/rest/InternalRequestSignatureTest.class
7b94e202b1d3cc2eb69f9977c1fa60fafda8c9fb1d039a1868dd661b12091088	streams/build/classes/java/test/org/apache/kafka/streams/kstream/internals/KStreamSelectKeyTest.class
7ba46b7828a4b350c6584d8cb8c54afeff0e5800ad4a7b669fcb567eb9e1156b	streams/build/classes/java/test/org/apache/kafka/streams/processor/internals/RepartitionTopicsTest.class
7bb2572dc448d0cbdc1e71d6d511691e89958f5a62d2c9a7f71a54d88e34698d	core/build/classes/scala/test/kafka/server/epoch/LeaderEpochIntegrationTest.class
7bb96efb81996e5a15a2f301ca6ca1473e33001856e0a376a3d46be7a7eb17c7	clients/build/classes/java/test/org/apache/kafka/clients/consumer/internals/TopicPartitionComparatorTest.class
7bf7007f6e58a841ee823c4e73a8c5b1ec4186e598f840938be70628ae337d3f	transaction-coordinator/build/classes/java/test/org/apache/kafka/coordinator/transaction/ProducerIdManagerTest.class
7c03781ad195a6417d2d76c61170d863e916e290379e101488fdcb1181eb04ff	connect/mirror-client/build/classes/java/test/org/apache/kafka/connect/mirror/SourceAndTargetTest.class
7c2345bd21795a3bada0257c5450e5e7cd685f15e18f906213b574f8d3baddfc	storage/build/classes/java/test/org/apache/kafka/storage/internals/log/LogLoaderTest.class
7c353a2d28935fa502971501b58434b0272305afe6cf9e15d98243910b40cc4f	clients/build/classes/java/test/org/apache/kafka/clients/consumer/ConsumerRebalanceListenerTest$4.class
7c36c14d49c3786a5ec392c6ef461692a4256a354b135acf5b1bf461e8d763dc	server/build/classes/java/test/org/apache/kafka/server/quota/ControllerMutationQuotaManagerTest.class
7c46a8f1b9fbb0d939e80f59c87294a93ce357661f7cb4c2f19942216def8cd4	streams/build/classes/java/test/org/apache/kafka/streams/processor/internals/metrics/RebalanceListenerMetricsTest.class
7c4c257ecf8124e03b7afb49341c358224dfe35d358f15c6e7faf817309d6618	connect/runtime/build/classes/java/test/org/apache/kafka/connect/storage/ConnectorOffsetBackingStoreTest.class
7c7001e9b3a158a974d41db1d0e02233061cd06b171944bdb0b663a287c58f34	clients/build/classes/java/test/org/apache/kafka/clients/consumer/internals/ConsumerCoordinatorTest$3.class
7c7980077a7d4eaf5e21c3ddcc8f340776d4a40df3e1e514e7dc41c13819ff33	clients/clients-integration-tests/build/classes/java/test/org/apache/kafka/clients/consumer/PlaintextConsumerCallbackTest$5.class
7c9ab72feb91998aadab59e82bcfa4f91a5820fd4d665f20e224cf5c2dbf3872	storage/build/classes/java/test/org/apache/kafka/storage/internals/log/UnifiedLogTest$2.class
7c9b46500e8b7160b7dcd424fc86e6ca26b1a9aff92d9bafa90db4cf601568b8	clients/build/classes/java/test/org/apache/kafka/clients/producer/KafkaProducerTest$7.class
7c9c3968762ac4d31f258441eabc97d5bf15dff0b8bdc0fe403c81aae3708f89	clients/build/classes/java/test/org/apache/kafka/common/utils/TimeTest.class
7ca1cdc60fba414af4d2d3e603f458c5d05c0bc31cead9b400efbc8a335c938c	clients/build/classes/java/test/org/apache/kafka/common/message/SimpleRecordsMessageData.class
7cabb8bc5d249d05c22a6da2fed25af6011e956fd648b3bbda50fa17bd03b397	connect/runtime/build/classes/java/test/org/apache/kafka/connect/integration/ConnectorValidationIntegrationTest$TestConverterWithNoConfigDef.class
7cb4ebe1f77e46f8ed585242adb5aabb57ff07e930bccf62934693a36414d384	connect/mirror/build/classes/java/test/org/apache/kafka/connect/mirror/integration/MirrorConnectorsIntegrationBaseTest$1.class
7cbfe33a15ebcd2a67cd06398a60f2b5a570e9b44114a1746861ee17e2cb5cf0	metadata/build/classes/java/test/org/apache/kafka/image/writer/ImageWriterOptionsTest.class
7cc2e6efc4d790f7dcc350cb0119b6721a76d755720a26acdf6a47a066d6fad9	core/build/classes/scala/test/kafka/network/SocketServerTest$TestableSelector$.class
7cc368132658ac4deeee10074afdd3fe57e4fba9ef64607740b0e3a4ccd04a3e	clients/build/classes/java/test/org/apache/kafka/common/telemetry/ClientTelemetryStateTest.class
7ccff7ab864642f17f5eaca658e7b6bcd22c30b47715ace612f29b737c1ab04a	clients/clients-integration-tests/build/classes/java/test/org/apache/kafka/clients/admin/ConcurrentListOffsetsRequestTest$TestPartitionLeaderCache.class
7ceb4817d7be6ef312a6dd2ac6a63da679622af720a10501f9270217c6ab18b6	streams/build/classes/java/test/org/apache/kafka/streams/state/internals/RocksDBStoreTest$RocksDBConfigSetterWithUserProvidedNewBlockBasedTableFormatConfig.class
7cf023ec63bb15b58c4b7ff25ad4b3b37c1dcd9cdcfee6359abb256bf1016984	storage/build/classes/java/test/org/apache/kafka/storage/internals/log/LogSegmentTest.class
7cf4966d5da18f8dca50d6ce6cc12ec4556417f892786ce2321d2533314621c4	connect/runtime/build/classes/java/test/org/apache/kafka/connect/storage/KafkaConfigBackingStoreTest$2.class
7d1c2f15fead384d0b5c23f7a5167a39d88b6e9e0c8870eb694f0652b418ea14	streams/integration-tests/build/classes/java/test/org/apache/kafka/streams/integration/HandlingSourceTopicDeletionIntegrationTest.class
7d1cbd9f7150ea566e5d5cfed6c1527bb1f98179241e5ed6e212c55016e2000c	streams/integration-tests/build/classes/java/test/org/apache/kafka/streams/integration/GlobalKTableEOSIntegrationTest.class
7d21ad7f67d1e7637e8b2bdf878fd925c393b18e1a243a3f59372ba6733b650e	clients/build/classes/java/test/org/apache/kafka/common/requests/HeartbeatRequestTest.class
7d3310d69753ca5421fff1dc33c98c352c8fd41c8e313cf8fdd34582c485625d	streams/integration-tests/build/classes/java/test/org/apache/kafka/streams/integration/PapiDslIntegrationTest.class
7d378db917264192870a6ad530372c7b3bfe3ca441a3686c817bf4bc6c630cf6	streams/upgrade-system-tests-30/build/classes/java/test/org/apache/kafka/streams/tests/SmokeTestClient.class
7d378db917264192870a6ad530372c7b3bfe3ca441a3686c817bf4bc6c630cf6	streams/upgrade-system-tests-31/build/classes/java/test/org/apache/kafka/streams/tests/SmokeTestClient.class
7d378db917264192870a6ad530372c7b3bfe3ca441a3686c817bf4bc6c630cf6	streams/upgrade-system-tests-32/build/classes/java/test/org/apache/kafka/streams/tests/SmokeTestClient.class
7d4ee9e9ddcf5b2046380c8d9be839ce0e9ec4936f7aa4bc6c5d10def879d225	streams/build/classes/java/test/org/apache/kafka/streams/kstream/internals/SuppressHeadersScenarioTest$1$2.class
7d70c05b5409b09965d1374b97a2a5699cc685b3cd07294cc58bfa69191f8537	storage/build/classes/java/test/org/apache/kafka/storage/internals/log/LocalLogTest.class
7d7470b8790d752c4e4f720063efc095fe505e63cb118e393c080dc0e90eee13	group-coordinator/build/classes/java/test/org/apache/kafka/coordinator/group/streams/topics/ChangelogTopicsTest.class
7d7c5a87ab388f4536de24f9efc4376420fb06167fe8525e71c8103127d1c439	group-coordinator/build/classes/java/test/org/apache/kafka/coordinator/group/GroupCoordinatorConfigTest$NoDefaultConstructorTaskAssignor.class
7d877ee45ea8dfbdc41a95cae0db8582a053b8e1f4686eed89c8e6de4628bfb0	storage/build/classes/java/test/org/apache/kafka/storage/internals/log/LogValidatorTest$MetricsRecorder.class
7d949b7a22fcc5208188ca11c99ba3f3a455578c5cf3824124db783cba614750	connect/json/build/classes/java/test/org/apache/kafka/connect/json/JsonConverterConfigTest.class
7debef32116251f8fcdfea76a724f864d1bb96ec69098a45ab0964f586a0b3b0	core/build/classes/scala/test/kafka/server/AbstractFetcherManagerTest$TestResizeFetcherThread.class
7df4e27f58f0721323953addc0ab7d887133ed25035a4cf6e5e42d285d97be7c	core/build/classes/scala/test/kafka/api/UserClientIdQuotaTest.class
7e09605ff93f6a8b9b37daa4fa3a7b4e52d3b64ef6092276f0b2f612cdaa1489	streams/build/classes/java/test/org/apache/kafka/streams/processor/internals/PunctuationQueueTest.class
7e0cb19c324d436c8e8b3c15a3f9394f46c98674eaa23ae52b78c1a9a1820089	storage/build/classes/java/test/org/apache/kafka/storage/internals/log/LogCleanerIntegrationTest$KeyValueOffset.class
7e192d5ddebecdeb79774fca38107a13e9580c0925b7d595e2d69316f072653d	streams/build/classes/java/test/org/apache/kafka/streams/kstream/internals/SessionWindowTest.class
7e1f69942c1d5e0a99dd06bcb2e96fe718d1741e5fb5290c1fad609a059dba72	clients/build/classes/java/test/org/apache/kafka/common/metrics/stats/FrequenciesTest.class
7e263af886db675406a6a68a4190e99ce646e581b1d8d2072f997efe16a1efc0	streams/build/classes/java/test/org/apache/kafka/streams/StreamsBuilderTest$2.class
7e2e071ad48c6b24bd163aed028883c683aea3fabde413a74021afe76c36d882	connect/runtime/build/classes/java/test/org/apache/kafka/connect/integration/InternalTopicsIntegrationTest.class
7e3dc99d845c35e7436d4ad82511802e7a642997dd1f0fa2397c4c7bdf429c51	streams/build/classes/java/test/org/apache/kafka/streams/state/internals/LeftOrRightValueSerializerTest.class
7e4e2b4dd150fed4927394c4f09d48103d49ef0574c8590aad56817a192e9802	server/build/classes/java/test/org/apache/kafka/server/metrics/LinuxIoMetricsCollectorTest$TestDirectory.class
7e56b2a9d2670a578bc97d748925bda3f9a9f63cc34866462cc26f161f9d1571	group-coordinator/build/classes/java/test/org/apache/kafka/coordinator/group/streams/TopologyMetadataTest.class
7e590851412f8d8800aa0f207c23f87162d894d40fb5f12a744ef625d7234426	core/build/classes/scala/test/kafka/server/share/SharePartitionTest.class
7e6b102e4c4fe2ddf1220fe344414b8e03006bae796dc71f9eaff2e3323b548c	core/build/classes/scala/test/kafka/server/ConsumerGroupDescribeRequestTest.class
7e7f23def6edc65ba2e0b59868e8a539652d16dc790e7b7cbde42b13c085ed49	group-coordinator/build/classes/java/test/org/apache/kafka/coordinator/group/assignor/RangeAssignorTest.class
7e972f644fe43d1a3c1ea7d11da8ae0fc00fd7a02355ae734732aeebeddda5f7	streams/build/classes/java/test/org/apache/kafka/streams/state/internals/TimestampedSegmentTest.class
7e9dca2372caf2e0f2206be7051a7f5a1307e7219b8bc379017296228c462e7f	clients/build/classes/java/test/org/apache/kafka/common/security/authenticator/SaslAuthenticatorTest$6.class
7e9e656df3350608e26a4b3c10e059cbe9eeecf58546230efc0cc2ddd1c28582	streams/upgrade-system-tests-23/build/classes/java/test/org/apache/kafka/streams/tests/SmokeTestDriver$VerificationResult.class
7eba1080aae7044d775de0921ee59a8001783ef7718ad88a342d5be73f604431	core/build/classes/scala/test/kafka/api/UserQuotaTest$$anon$1.class
7ebc094bda94d731a061c00f21029d64c0fb1ac6ecdbfc6a5d8a72b51977c5fd	streams/upgrade-system-tests-33/build/classes/java/test/org/apache/kafka/streams/tests/StreamsUpgradeTest$1.class
7ebc883c4aaf1923ca731ce7b52ecbc0f70a2636e98541312e979e9975b9d8ce	clients/build/classes/java/test/org/apache/kafka/clients/producer/KafkaProducerTest$ProducerInterceptorForClientId.class
7ec24a81ff7a7c99a9291a7524c090fe0ea87b86120fb8de0113fe17bdbb7442	streams/build/classes/java/test/org/apache/kafka/streams/state/internals/RocksDBStoreTest$RocksDBConfigSetterWithUserProvidedStatistics.class
7ed8027c87e91b5b400b5b7a89feac34e850103552a86df02fce31e5bba48112	clients/build/classes/java/test/org/apache/kafka/common/message/NullableStructMessageData$MyStruct2.class
7eeb5761d5f5797616e00cc5371fd129ee372d8df7ff4003c8208f20ef5cb938	server/build/classes/java/test/org/apache/kafka/server/AssignmentsManagerTest.class
7ef717091041c77d5b14a8193af53837dae4c6ea419b7f3eb06a49ee59fc11fe	streams/upgrade-system-tests-35/build/classes/java/test/org/apache/kafka/streams/tests/SmokeTestUtil$1.class
7f1357faff6531936da4d6bc746a0b05c8981825097bea7c85c32130636bbcb7	connect/mirror/build/classes/java/test/org/apache/kafka/connect/mirror/MirrorSourceConnectorTest.class
7f13d78082f914b75aa48cb33d2a08b1197bf4a83154dd3d1d61c43a970f4c51	server-common/build/classes/java/test/org/apache/kafka/server/fault/ProcessTerminatingFaultHandlerTest.class
7f13d9611e56847d1e02eb901ef2fe015106c9533666911f78aa61a421000122	streams/integration-tests/build/classes/java/test/org/apache/kafka/streams/integration/utils/IntegrationTestUtils$ConsumerGroupInactiveCondition.class
7f2a2a0fc2f66f2b72c21136cc012c03d0b73af651fc413c31fc1608a99de897	clients/clients-integration-tests/build/classes/java/test/org/apache/kafka/clients/consumer/ConsumerAssignmentPoller$1.class
7f30b2f74cf27094320d0d77b02df1a57150346a2aae61060051e788e15652c7	raft/build/classes/java/test/org/apache/kafka/raft/RaftEventSimulationTest$MonotonicHighWatermark.class
7f32163cfa25f396148d99c6df6ed96f50874157919d5cd2eea4d7dab1db6935	clients/build/classes/java/test/org/apache/kafka/clients/producer/KafkaProducerTest$KafkaProducerTestContext.class
7f69994fcb18a74926e3adce367308bb603a61990fadf932d5841b0a8646839d	core/build/classes/scala/test/kafka/server/TestMetricsReporter$.class
7f7cdf948595d7ee4af7429a145c185d5c3db7608028a34b274684f7618c6afe	server-common/build/classes/java/test/org/apache/kafka/server/common/MetadataVersionTest.class
7facd4ca92fed94497a7de977f618ef5515122d3f72be4e5f861457b0a86e085	streams/build/classes/java/test/org/apache/kafka/streams/processor/internals/RecordQueueTest$PartitionTimeTrackingTimestampExtractor.class
7fbed8a307a68da8f757386b88d8db3d6dce231a4faf3d300c4eba19db518c07	clients/build/classes/java/test/org/apache/kafka/clients/consumer/internals/OffsetCommitCallbackInvokerTest.class
7fcda3256f1764a59d9a9d7c5373f188dcac60eb157cd2ba5065960528e08698	storage/build/classes/java/test/org/apache/kafka/tiered/storage/specs/OffloadedSegmentSpec.class
7fd1f25226465e630008cbbbe5e8fc632600943180bf5ba7acfd01cf998ebee4	coordinator-common/build/classes/java/test/org/apache/kafka/coordinator/common/runtime/CoordinatorRuntimeTest$7.class
7fd5dbae2019380062280b841062558887ef9c1000028fa13b9d68095a56623a	streams/build/classes/java/test/org/apache/kafka/streams/processor/internals/ProcessorTopologyTest.class
7fe106c3545cb951ba8566370ff23ac2c5f4617f2fbc64bc97c49b4d0759139c	connect/runtime/build/classes/java/test/org/apache/kafka/connect/integration/TaskHandle$PartitionHistory.class
7ffccabff364f755fce11602da83372f15586f81369c5c4c68ae4962d4d42ba2	raft/build/classes/java/test/org/apache/kafka/raft/KafkaRaftClientSnapshotTest.class
7ffdbf73adf914792792fb4463443fe27ffe4d7bf39094ba3d30fb7e66239a12	tools/build/classes/java/test/org/apache/kafka/tools/consumer/group/ConsumerGroupServiceTest.class
7ffe6469ca75347be428a553932f43a88dc42fe70bbfd01212aed4c848263509	core/build/classes/scala/test/kafka/api/AbstractConsumerTest$TestConsumerReassignmentListener.class
7fff4147e990ef8de2076021a75cfd6a0278595b4a78212e9df159a79f348c62	core/build/classes/scala/test/kafka/api/PlaintextConsumerAssignorsTest.class
8001116f48f58fc6c691461523cfe30e4c74effe47e9aab8ff2cf410ff6c64ce	core/build/classes/scala/test/kafka/server/ReplicaManagerTest$$anon$10.class
80015568e80be54a971e01a29faddb5c22351140b0c271c8b6057a5a35d37df7	clients/build/classes/java/test/org/apache/kafka/common/utils/internals/SanitizerTest.class
800698708e813bb76ededb409eeaa06c59581faa7d89c883e455bf15ef6a42d9	clients/build/classes/java/test/org/apache/kafka/clients/consumer/internals/metrics/HeartbeatMetricsManagerTest.class
800ab8d61fdfd24da7a04f34593e00ccfb078dd5c70c7af28994a7115c50b0dd	storage/build/classes/java/test/org/apache/kafka/tiered/storage/specs/RemoteFetchCount$OperationType.class
8012ab33c0c803f42a4c230fc07155e1f8d0fe347d5e939f469d98fbdea8767d	raft/build/classes/java/test/org/apache/kafka/raft/KafkaNetworkChannelTest$StubMetadataUpdater.class
80141ea855f566b3ca0dec7bfe7f6182f3538df3ddcf28a803f898c542f04eb9	core/build/classes/scala/test/kafka/server/AddPartitionsToTxnRequestServerTest.class
8033f782954c2092d3fda1699f2e063b8c40040aab3a75443b5d2553586a7262	connect/runtime/build/classes/java/test/org/apache/kafka/connect/runtime/WorkerSinkTaskThreadedTest$ExpectOffsetCommitCommand.class
804556b8cda2fd53740b93bb8abe21fb359ffdb6838808b3c011224949b02ab1	metadata/build/classes/java/test/org/apache/kafka/image/loader/metrics/MetadataLoaderMetricsTest.class
8054d5dc6b6f7199e005c370fcc6b7e0ffc78c7f4eaba96ef03a1c4e7ff607f0	raft/build/classes/java/test/org/apache/kafka/raft/internals/ThresholdPurgatoryTest.class
8079905798bbc833c62aa897390c92e8f7ce70d5becb56c7de10996aa24613e7	server-common/build/classes/java/test/org/apache/kafka/common/DirectoryIdTest.class
80a67d52143b84f73387990c87850edb76b4ecd32774ac0fa382e7fcde0f02b5	clients/build/classes/java/test/org/apache/kafka/clients/consumer/internals/MockPartitionAssignor.class
80ae809db7f4ce2700a22b984c82ddff9ef4d0b841c3043cde46ec4fe2c4a450	streams/upgrade-system-tests-34/build/classes/java/test/org/apache/kafka/streams/tests/SmokeTestUtil$1.class
80b6019e3eb808a360d96833160bf3bb6c43aa12f69584d82a57e0635887d789	clients/build/classes/java/test/org/apache/kafka/clients/producer/KafkaProducerTest$16.class
80b7dd0da62016de82424ce0e9d332cefee2b15da9f4dc4d7226324610d47ecd	core/build/classes/scala/test/kafka/server/FetchFromFollowerIntegrationTest.class
80c898edb12f976d178518d9808cf8ce8fe30ad44f24e15e4d71382e4c741069	clients/clients-integration-tests/build/classes/java/test/org/apache/kafka/clients/consumer/ShareConsumerCallbackTest$TestableAcknowledgementCommitCallbackWithShareConsumer.class
80d125bac25dcf8ca70d7129a163eb5f70ed265d0b7e238980daee8371dfe7d6	streams/build/classes/java/test/org/apache/kafka/streams/state/internals/SessionStoreWithHeadersSerializerSideEffectTest.class
810723d8fa49aadafc569568fe38072e7448c493b3de5ce650378bb17e4b81aa	storage/build/classes/java/test/org/apache/kafka/tiered/storage/integration/PartitionsExpandTest.class
810a08d5ef159b5a5b34812e714cabf416a22d61e28f1b36c74abdad199485bc	core/build/classes/scala/test/kafka/network/RequestConvertToJsonTest.class
810d02f0f0fa7b5079d62f3f7e39c472ce7b61ef5bfda4c23a49933444d71e3b	core/build/classes/scala/test/kafka/server/BaseRequestTest.class
810e5a7f3c7db9bb8ad2978de0e507b7bc7a02199a5c48333c86ce9d9fac7708	clients/build/classes/java/test/org/apache/kafka/common/network/SelectorTest$3.class
810fc63d34d093183ca3d4a66dcb7bbef8d18425f8a0d7be7fbc67936dc21f4e	metadata/build/classes/java/test/org/apache/kafka/controller/AclControlManagerTest.class
812fef5ea45bfa56b747827d2cf1e263333285c046dee3f6c112a1809c5b6af2	streams/build/classes/java/test/org/apache/kafka/streams/processor/internals/ChangelogTopicsTest.class
815a02b33a8cf72e09ff31e993de7924a42d975aeb5bb6a981258ac59be77a23	trogdor/build/classes/java/test/org/apache/kafka/trogdor/coordinator/CoordinatorClientTest.class
815b8747f403ecf8f9c283dd93bb37caa75df53fc2c2be5eb54e4720e1873a64	clients/build/classes/java/test/org/apache/kafka/common/record/internal/RemoteLogInputStreamTest$Args.class
815c5ccada6c74fe2d07bb25480f7200d50a2f1a9a93aea24ed641860ba27d20	streams/test-utils/build/classes/java/test/org/apache/kafka/streams/TopologyTestDriverTest$1.class
815e48f7ad75b305506c871bcec4fc85127913fb6596d02b8a26be7c241d790f	connect/runtime/build/classes/java/test/org/apache/kafka/connect/storage/OffsetStorageReaderTest$1.class
81756a34ccb3526d286f033b40d0ec5411844717cc8ac3f90d6d78d3dfe9a835	tools/build/classes/java/test/org/apache/kafka/tools/JmxToolTest$Metrics.class
81786790cd7a1c5e9b742f991d99db778f1ec4cbe84f7c57ea495868722b2a6b	clients/build/classes/java/test/org/apache/kafka/common/requests/OffsetFetchRequestTest.class
817ed9b05f2f92169fb3bcc09e382d13ab331411e799ebc604f727dbbffbb67a	metadata/build/classes/java/test/org/apache/kafka/controller/ConfigurationControlManagerTest.class
81840a261345da892e2660a66fd45f45e09b1e66b09c4a119342bec3b537c3e9	core/build/classes/scala/test/kafka/api/AuthorizerIntegrationTest$$anon$2.class
818764c56792beb30c9f1bc5221e15292276f90d8af13367100b6af3cb266d97	clients/build/classes/java/test/org/apache/kafka/clients/admin/internals/AllBrokersStrategyIntegrationTest$MockApiHandler.class
8188d0ea814ee8abc6614e22c41d27d1ea0d90e217635b1f768c3e9e3a2a4917	streams/build/classes/java/test/org/apache/kafka/streams/TopologyTest.class
81a00b54f0b6b4a808a98ecdd40b72d4848f072d46fadcb798d21b53465a3347	storage/build/classes/java/test/org/apache/kafka/server/log/remote/storage/RemoteLogManagerConfigTest.class
81a09fe910636bcb76067ed2eafd65346c76c93bf67ef2995baf9ab41a7a4102	streams/build/classes/java/test/org/apache/kafka/streams/processor/internals/StandbyTaskTest.class
81ab15aebd66c2c99ed8572881fa1fd3dd29d618879a4930fd3f66e8202f9f5c	streams/build/classes/java/test/org/apache/kafka/streams/processor/internals/ProcessorTopologyTest$ValueTimestampProcessor.class
81c5664435552300c41ea5e2368865f25a99f2116b4feb157f6b9d98d951a4b6	streams/build/classes/java/test/org/apache/kafka/streams/state/internals/SessionStoreWithHeadersSerializerSideEffectTest$HeaderAddingSerializer.class
81cd7d7d4770df858cccb9f4cf6ac38de551be76b9970f9633d70f79dd94d68c	streams/integration-tests/build/classes/java/test/org/apache/kafka/streams/integration/PositionRestartIntegrationTest$StoresToTest$7.class
81db771c255dd7826bf6da5e57d104241b21287acfb55a321a3ff5d209a9927c	connect/runtime/build/classes/java/test/org/apache/kafka/connect/runtime/SampleHeaderConverter.class
81f0587490f9cf9b16ecbc572354abcda2699478bdb66271de72274829da97df	streams/upgrade-system-tests-37/build/classes/java/test/org/apache/kafka/streams/tests/StreamsUpgradeTest$1.class
8205608d2116ae43a3f87c9a1e70571d2dcbe0c8c4328d8e29a763b6ee8257fe	streams/upgrade-system-tests-20/build/classes/java/test/org/apache/kafka/streams/tests/StreamsUpgradeToCooperativeRebalanceTest.class
8233e4d335af8ef74631fb866ecf1fc994a3ee60a811223edf21c86f4cee7ece	streams/integration-tests/build/classes/java/test/org/apache/kafka/streams/integration/InternalTopicIntegrationTest.class
8261efbf3e0427effe148c87097685a661443e9a914089e723b7d87ea88d4eb8	clients/build/classes/java/test/org/apache/kafka/clients/consumer/internals/ConsumerCoordinatorTest$5.class
826f2564aca3096f4f6bbb242d97752b6ad27e1dbf72682ded772ddb905b6ec4	clients/build/classes/java/test/org/apache/kafka/common/metrics/internals/MetricsUtilsTest.class
827177b1883ea3a1e8adf0bd6c2397654ecc2c2bc900ccee4bc7982e3f939a0d	clients/build/classes/java/test/org/apache/kafka/clients/consumer/MockConsumerTest$1.class
828681bfa3e53bc52affe3e84ce2eff6315c043180b4ef1bef0042f1a5a18898	streams/build/classes/java/test/org/apache/kafka/streams/state/StoresTest.class
828ed6478dbd11d3f03439641f4eaed82ad4fd5180cefc31b3c966716508d10d	tools/build/classes/java/test/org/apache/kafka/tools/ConfigCommandTest$15.class
8292b9fd9a649f3df14c2ed04de8630aafd18e14a0a6814cfb14bef38b829cbe	streams/integration-tests/build/classes/java/test/org/apache/kafka/streams/integration/PauseResumeIntegrationTest.class
82987291659d85f2acb8e5ad1375a10dfa1b2af05c98a211e99941d6b783645b	streams/build/classes/java/test/org/apache/kafka/streams/tests/StreamsStandByReplicaTest.class
82aa99ea71efab7a4efec4c0c96b361725447b86f89d3869c372e8c37519a4d7	streams/build/classes/java/test/org/apache/kafka/streams/kstream/internals/graph/GraphGraceSearchUtilTest$3.class
82c89bc71ac85d035e74e160630c6ca7eca3ecbfa8674cfde8b227ed292e4be0	raft/build/classes/java/test/org/apache/kafka/raft/RaftUtilTest$FetchRequestTestCase.class
82d2f478d866752ef2fcc74d5f48d058f93e4f3977bf7ca89c8a2961b2a91666	streams/build/classes/java/test/org/apache/kafka/streams/kstream/RepartitionTopicNamingTest$SimpleProcessor.class
82e1dfe5097fbd6dc64fb0ee0c849c1a9a05e6bc0819e86e1151809a0f874229	streams/build/classes/java/test/org/apache/kafka/streams/processor/internals/StreamThreadTest$14.class
82e466096040646920517df6579bda9e29e01a571810a8cce9314cda4446a03d	streams/integration-tests/build/classes/java/test/org/apache/kafka/streams/integration/TimestampedStoreUpgradeIntegrationTest$KeyValueProcessor.class
82ed9ef60f4e34f74c692f45bd901a9fead5e07b5baa3ac6bd8cad61f979a1cc	streams/integration-tests/build/classes/java/test/org/apache/kafka/streams/integration/RebalanceProtocolMigrationIntegrationTest.class
82f88f3091ac16ba4e491ecc07e762d72c59425edc6799a2ef7bf5221ccba813	connect/runtime/build/classes/java/test/org/apache/kafka/connect/runtime/distributed/SampleConnectorClientConfigOverridePolicy.class
83168bd932a587f02824262ff308364791a19949025e64b5235c9e110dcf6b74	streams/test-utils/build/classes/java/test/org/apache/kafka/streams/TopologyTestDriverTest$CustomMaxAggregator.class
8331793a65223f51618bfd88ea3af6eff3717fecad201f46b2016d7c395f02a9	core/build/classes/scala/test/kafka/network/SocketServerTest$TestableSelector.class
8332b6ddf3b3f710cd80fc0e56e7e9b3a3ee357bcfc5e127a59ad72a60ae6260	streams/build/classes/java/test/org/apache/kafka/streams/state/QueryableStoreTypesWithHeadersTest.class
83354fded797c35ec2bca0b28ec6285402b24b6f9b1683937bbca526681d134a	streams/upgrade-system-tests-35/build/classes/java/test/org/apache/kafka/streams/tests/StreamsUpgradeTest.class
834a90d105858283ea4571981c4e5eaf9b88da0c737e491b3a30897fb05c95b7	streams/build/classes/java/test/org/apache/kafka/streams/state/internals/StagedMergeIteratorTest$ListIterator.class
8356a0572321a7509fe7328f2a0da2a24673c1487dc0c21b3368a9b6dff631fc	group-coordinator/build/classes/java/test/org/apache/kafka/coordinator/group/streams/assignor/StickyTaskAssignorTest.class
8363fd08de52fd460cd9e118d3b65a57d497188d81425a2be9df6be341de27cf	streams/build/classes/java/test/org/apache/kafka/streams/processor/internals/assignment/RackAwareTaskAssignorTest.class
83713f5c872a43344f32c4c7169f1fa82f57c24b9b8e86c6d04aa1a1dbe96151	metadata/build/classes/java/test/org/apache/kafka/image/TopicsImageTest.class
837ad68b980699e888a398fd81caaa185d1b609e58e80b651401a24d28e1a361	clients/build/classes/java/test/org/apache/kafka/common/ClusterTest.class
8390ab93587a61185b107bc63c7d08639180c61fcf69eff79fa3da38fbf7f2bc	clients/clients-integration-tests/build/classes/java/test/org/apache/kafka/clients/admin/AddPartitionsTest.class
83a9135e0c42b2b7973f61dca1ca2f126983ee8c27971e2e4cca78f16a7ec80a	storage/build/classes/java/test/org/apache/kafka/tiered/storage/actions/EraseBrokerStorageAction.class
83bd577a015cc48b72ddd5bfe48db71c00abcbbbc7e26c5eac350af3649fd86d	streams/build/classes/java/test/org/apache/kafka/streams/processor/internals/assignment/AssignmentInfoTest.class
83cf0f6aef2c0a68c15a6676107275038e94e7f231994feecda3c0fd530cd2cd	streams/build/classes/java/test/org/apache/kafka/streams/tests/StaticMemberTestClient.class
83d9f2cca07255fd07c9fe15e48b05f2da617bdd3600ce8f2aba251c478668a8	streams/upgrade-system-tests-22/build/classes/java/test/org/apache/kafka/streams/tests/SmokeTestClient.class
83d9f2cca07255fd07c9fe15e48b05f2da617bdd3600ce8f2aba251c478668a8	streams/upgrade-system-tests-23/build/classes/java/test/org/apache/kafka/streams/tests/SmokeTestClient.class
83d9f2cca07255fd07c9fe15e48b05f2da617bdd3600ce8f2aba251c478668a8	streams/upgrade-system-tests-24/build/classes/java/test/org/apache/kafka/streams/tests/SmokeTestClient.class
83d9f2cca07255fd07c9fe15e48b05f2da617bdd3600ce8f2aba251c478668a8	streams/upgrade-system-tests-25/build/classes/java/test/org/apache/kafka/streams/tests/SmokeTestClient.class
83d9f2cca07255fd07c9fe15e48b05f2da617bdd3600ce8f2aba251c478668a8	streams/upgrade-system-tests-26/build/classes/java/test/org/apache/kafka/streams/tests/SmokeTestClient.class
83d9f2cca07255fd07c9fe15e48b05f2da617bdd3600ce8f2aba251c478668a8	streams/upgrade-system-tests-27/build/classes/java/test/org/apache/kafka/streams/tests/SmokeTestClient.class
83e21da96b4958655a2383cb55abe103e85f789d09e9464888aebd6dc0655748	connect/runtime/build/classes/java/test/org/apache/kafka/connect/runtime/TransformationStageTest.class
83e351a3b3f2a7a626ff31597064b0192d9f5cf633063cd7f6e321921d60bace	streams/integration-tests/build/classes/java/test/org/apache/kafka/streams/integration/IsolationLevelIntegrationFixtures$StallGate.class
83f085268f55541e7628d63e8679afb84a2da44693816720db25082541d8a314	group-coordinator/build/classes/java/test/org/apache/kafka/coordinator/group/modern/UnionSetTest.class
83f3e510b3e6563df82a8a094a019cedeb80f72995c33189d9547189b54a5aee	connect/runtime/build/classes/java/test/org/apache/kafka/connect/converters/NumberConverterTest.class
83f739ad5143ae76bbf631270690863cdb2a46b9a0793e2ad294d733bedd0d30	clients/build/classes/java/test/org/apache/kafka/common/message/SimpleExampleMessageData$TestCommonStruct.class
841622881cdc64f732b9e287113ea62e08859f97dfb2975dc0f1e54411cd40c4	metadata/build/classes/java/test/org/apache/kafka/controller/BrokersToIsrsTest.class
8433d0d4a110f13fdabbf06a4af7d02503c5e48f785d9b61cf8639ee1c90c8b2	streams/build/classes/java/test/org/apache/kafka/streams/state/internals/AbstractSegmentsTest.class
8446ed9becaec56373e709f008c5082c20784794001801f53eb2bb2e0ec7473e	clients/build/classes/java/test/org/apache/kafka/common/internals/TopicTest.class
84613811fea9ba21d34acce339ab40ae2c2b64e3fca19bb175ec53ed769504d5	clients/clients-integration-tests/build/classes/java/test/org/apache/kafka/clients/consumer/PlaintextConsumerCommitTest$RetryCommitCallback.class
84677e1c9f56bfc5abc857bbd52f66046a15f1e32d14c3cd24726eda9072b306	storage/build/classes/java/test/org/apache/kafka/server/purgatory/DelayedRemoteFetchTest.class
846c41506fc3d7a120f197c174d04772994e7839930b6599d1a637cfc1db37c6	clients/build/classes/java/test/org/apache/kafka/common/KafkaFutureTest$WaiterThread.class
8470a13a06eba7d09e27638e04b7add0913cddef79de87c2d65becfb1e999fe2	clients/build/classes/java/test/org/apache/kafka/clients/admin/KafkaAdminClientShareGroupTest.class
84713931edf47a22d8036654c27adaed5b3e1b244a07e36ee0bc90e5895070e2	clients/clients-integration-tests/build/classes/java/test/org/apache/kafka/server/quota/CustomQuotaCallbackTest$CustomQuotaCallback.class
848412522dd903be4d2c8334b34fe15b89a0faa27bbfa1feb08b0885f92eb775	streams/build/classes/java/test/org/apache/kafka/streams/processor/internals/assignment/CustomStickyTaskAssignorTest.class
84a66bc7fc80d42d2b2571cffffcf601ffbb000a2e04db005a9f098ce2cc287b	clients/build/classes/java/test/org/apache/kafka/common/requests/LeaveGroupRequestTest.class
84b14af650c2b3d4302a03c75a64df5d3f570e44b01b68887b06e8393ef98452	streams/integration-tests/build/classes/java/test/org/apache/kafka/streams/integration/IQv2IsolationLevelIntegrationTest$1.class
84b9dbd41109aded8313c814e8e6bae47830c0fa79b11c499d04fe22591fb6b3	streams/build/classes/java/test/org/apache/kafka/streams/state/internals/ListValueStoreTest$StoreType.class
84becc2437cb774fe5ea9ffc8a605a04c4c78ccc6a263bc96de7bc7a5ed9fb14	core/build/classes/scala/test/kafka/api/AbstractConsumerTest$ConsumerAssignmentPoller$$anon$1.class
84cf2b0454b3f834fcb6453aa7999666fb8715f8839c216a4b23efeeea7dc59d	group-coordinator/build/classes/java/test/org/apache/kafka/coordinator/group/metrics/GroupCoordinatorMetricsTest.class
84dbd43eba67d2e060b39e7b669499b71f86197da11208e5b6fcc86cc7d6bd1d	clients/build/classes/java/test/org/apache/kafka/clients/consumer/internals/RequestFutureTest$1.class
85002af59a41945876a9c7282fe8dacb3d446a018fb73c4f47bc34ddd5699e1b	connect/mirror/build/classes/java/test/org/apache/kafka/connect/mirror/MirrorSourceConnectorTest$1CustomReplicationPolicy.class
851efd66942fb93b16d9d28d59a7da990a64de0ad11706e40f78d148cb53e82d	clients/build/classes/java/test/org/apache/kafka/server/authorizer/internals/CidrUtilsTest.class
85239175503df219444346f5347428b4c60ff82bde7ee323b1ceb90c433e86af	clients/build/classes/java/test/org/apache/kafka/clients/consumer/internals/ConsumerCoordinatorTest.class
852dd7a9a8b749c95c36dd562b1888cd0b09b8c81de8872cbcc8885a2416901e	streams/build/classes/java/test/org/apache/kafka/streams/state/internals/FilteredCacheIteratorTest$1.class
853a3815aae3e69396fe01cb04af3863c41fc4f737df74e15a520b0199eb8c9e	streams/build/classes/java/test/org/apache/kafka/streams/state/internals/AbstractSessionBytesStoreTest.class
853ebc6f2bc9197fee38e559533e873fa0fb4870898d4df729e6cda2a0f7bcff	metadata/build/classes/java/test/org/apache/kafka/metadata/authorizer/ClusterMetadataAuthorizerTest.class
8541e5aa33c956853c4728a84cdf4ccedabac9b01c4fbd26a017139660608592	server/build/classes/java/test/org/apache/kafka/server/share/fetch/PartitionRotateStrategyTest.class
8542d9286a97ce7d2bdc755c0633702006e94681d93187aa347df54441d16a2f	raft/build/classes/java/test/org/apache/kafka/raft/internals/KafkaRaftMetricsTest.class
8547dc6f6364d337f968a8bcce208d08b3f73156f9422c1c2097285875570deb	streams/integration-tests/build/classes/java/test/org/apache/kafka/streams/integration/PurgeRepartitionTopicIntegrationTest$RepartitionTopicVerified.class
855b79583c210b779f092a92fdeccb02c0406029e5bf5725749a13f401c04000	streams/integration-tests/build/classes/java/test/org/apache/kafka/streams/integration/KafkaStreamsStaticMemberIntegrationTest.class
856c2524b162b381d63fe5959f22552e2dde9b08b69b1ea91ee7b823819aa3ac	streams/upgrade-system-tests-10/build/classes/java/test/org/apache/kafka/streams/tests/StreamsUpgradeToCooperativeRebalanceTest.class
8578c3665fd9f491260e4c3267878b83af1ff7e39f9c65710de5d2d5737d32fa	streams/build/classes/java/test/org/apache/kafka/streams/processor/internals/StateManagerUtilConverterTest.class
85976fc14f266e0a703524b94d230ddacd22fe339f3d9893f986cbc908bd889a	core/build/classes/scala/test/kafka/server/AlterCredentialsTest$TestStandardAuthorizer.class
85c8cd0dd11bda7c56d15ad7c3bb30c3f70a324e2e1828f44832379cca225573	streams/build/classes/java/test/org/apache/kafka/streams/processor/internals/StoreChangelogReaderTest$8.class
85cc689238db38c0af5fb9db50372636d372b829f8cba8eb1c1553683c6284d1	core/build/classes/scala/test/kafka/network/SocketServerTest$SelectorOperation$Send$.class
85e0900067c7636bdf74c37e4d91ce3b6300a9d55566a4cf70d3a90ea3449303	connect/api/build/classes/java/test/org/apache/kafka/connect/storage/SimpleHeaderConverterTest.class
85e87100afe5d4dcaa48077b81885f48bdf917c3774ac4af5bfe0b07aae15a58	clients/build/classes/java/test/org/apache/kafka/common/errors/TransactionExceptionHierarchyTest.class
85ec5f1b788f4f531558c59cf827d5fad514e57f21d000fb3efb186541ada033	streams/integration-tests/build/classes/java/test/org/apache/kafka/streams/integration/HeadersStoreUpgradeIntegrationTest$SessionWithHeadersProcessor.class
85fae11507549fb6b40cca09516940312bb11cb5c5ac813c8f9751838232fb3c	clients/clients-integration-tests/build/resources/test/log4j2.yaml
86084b391d32823c2aa334106db076766bbe3bf2027ff5f456a322647e2422d5	core/build/classes/scala/test/kafka/server/LeaveGroupRequestTest.class
862324565029852d5dd3eff8033b5122852165c404df8ff88c39c7c0f919650a	clients/build/classes/java/test/org/apache/kafka/clients/producer/KafkaProducerTest$12.class
864c1172179edfa1639b30865005f1ca838bbbaef0b44c9e4e7683758a0e9c83	core/build/classes/scala/test/kafka/server/handlers/DescribeTopicPartitionsRequestHandlerTest.class
8659f1807eecbe39a337c7d53a45c6f2a39a50af5251b3d034f002ae6dc70539	streams/build/classes/java/test/org/apache/kafka/streams/processor/internals/RecordCollectorTest$6.class
866365b608d304f0848ccb38c88bbce4461ec0353f059320eb564ad25bec5534	connect/runtime/build/classes/java/test/org/apache/kafka/connect/util/LoggingContextTest.class
8669593ed05dca603dfe9126ce1c7e1229faf3077aac00773efbbec585fca445	metadata/build/classes/java/test/org/apache/kafka/image/loader/MetadataLoaderTest$MockPublisher.class
8676048fb0bc24f0e22da8b60ef235709bd45119c64aba26f98826d04841a46d	core/build/classes/scala/test/kafka/server/share/SharePartitionManagerTest.class
8699155fd7b072f7287b30adf21f092315253ec53f9e64f526981fc1b7982bc0	clients/build/classes/java/test/org/apache/kafka/common/requests/DescribeAclsResponseTest.class
86a0dabcc26534bc7de0169f04d44fcba2082ca177b9622325f2f7b04050058e	clients/build/classes/java/test/org/apache/kafka/common/cache/LRUCacheTest.class
86a1b85141444784d6c223b7138d5a1494fe79bf1f3794015de0683eb6b6377b	streams/build/classes/java/test/org/apache/kafka/streams/tests/RelationalSmokeTest$Article$ArticleDeserializer.class
86c9abc737a432cf5ecbec95149b8b372597ecbd059def1439cb5c138da484e5	streams/integration-tests/build/classes/java/test/org/apache/kafka/streams/integration/utils/IntegrationTestUtils$TrackingStateRestoreListener.class
86e8f7067a8934df09a48fbe474f0d796df50bf1281e663ebeaf97ea92135639	streams/build/classes/java/test/org/apache/kafka/streams/processor/internals/InternalTopicConfigTest.class
86f98db44cb0389039e65f2a57f6961b882e0181c76060ab18f1100d572dd682	streams/build/classes/java/test/org/apache/kafka/streams/state/internals/ReadOnlyWindowStoreStub.class
86ff334a45e754294752be6b9d686651ebb43be6062b9a347c50c05f521c3fa8	group-coordinator/build/classes/java/test/org/apache/kafka/coordinator/group/GroupCoordinatorRecordHelpersTest.class
8704496085dccf712a3b66fdb8d1935b4e0518d451417dad54910e8b3504a53b	connect/file/build/classes/java/test/org/apache/kafka/connect/file/FileStreamSinkConnectorTest.class
87078167ac684b3991165e150015ae4c621c8d3077de76552eb6ba2d32c22e13	clients/build/classes/java/test/org/apache/kafka/clients/consumer/internals/AbstractPartitionAssignorTest$RackConfig.class
871c2bb3c3e4e817b33a0242d4447b52539e9780fa9c78bdd82abb69c157db7a	shell/build/resources/test/log4j2.yaml
8721537cc722cf3e14ec3a877c1ae7eed242fe37aba400dbb83c33b8b7bf436e	storage/build/classes/java/test/org/apache/kafka/tiered/storage/specs/RemoteFetchCount.class
8732336b67a0cd1c15e26ac38ae035efa40eeeafbf05e0070f363e640148e209	streams/streams-scala/build/classes/scala/test/org/apache/kafka/streams/scala/kstream/KStreamTest$$anon$3.class
8733049be8d434c733784866fb89f3504344b3cbc136e3795e753c6ef545a341	streams/integration-tests/build/classes/java/test/org/apache/kafka/streams/integration/StandbyTaskEOSIntegrationTest.class
873f5e8c6b64e55345d89ef4982b193d77f929a9082252cff5cb3cc720b090db	streams/integration-tests/build/classes/java/test/org/apache/kafka/streams/integration/IQv2IsolationLevelIntegrationTest.class
8742b1351e2a5c8cff0a0ae06dda61a5721cbd2580f4c2b67828013c87837870	core/build/classes/scala/test/kafka/api/GroupedUserPrincipalBuilder.class
8750c625037c7a6a01c70e684bd1eca0d5992f5c75f0ed0579905bbe940d97a5	connect/runtime/build/classes/java/test/org/apache/kafka/connect/integration/StartAndStopLatchTest.class
8763fe2e460eaa62812b63a03f1f1ee45b5fd2eae7f65794af0b7a0ab161f812	core/build/classes/scala/test/kafka/server/DescribeUserScramCredentialsRequestNotAuthorizedTest.class
8772047e914926375bef423a9e4e8253ad8a724773db3c4b84048b06ca61967c	raft/build/classes/java/test/org/apache/kafka/raft/RaftEventSimulationTest$InflightRequest.class
877e0e0da963878a30a7a493ddf1adfb1f1ec946948eb59871616f6d7c850ed4	core/build/classes/scala/test/kafka/network/SocketServerTest$$anon$5.class
8785386a5c939d079548ca3a7c78cf09b6d2b0d4ba52ffcc6c30dbd65b7a5495	core/build/classes/scala/test/kafka/server/MockFileConfigProvider.class
8795b847d18ce8b95d7a26b9ee4eed710fa62f351ab60f2b13bd05d02e12a102	clients/build/classes/java/test/org/apache/kafka/clients/consumer/internals/FetchRequestManagerTest.class
87b78d01889453bfbe4b95ca23a8780a8f67d85228c14d784f2ce5d0dd143957	metadata/build/classes/java/test/org/apache/kafka/image/node/ScramCredentialDataNodeTest.class
87b8b3a9884b3a97d7648c7cc1691407d120bf59daf55a057d304767b86482fe	storage/build/classes/java/test/org/apache/kafka/storage/internals/log/OffsetMapTest.class
87c4bfb0b964435accca29ec25b83e1126e4ed248bf2a9266770223dd4b12f72	clients/build/classes/java/test/org/apache/kafka/common/security/oauthbearer/OAuthBearerExtensionsValidatorCallbackTest.class
87c6b465671104e6f9ded21fa0015b2e83a558100cc7d1f0292e1400fe30b615	core/build/classes/scala/test/kafka/server/ReplicaManagerConcurrencyTest$$anon$1.class
87dd42b82b641a7ef936f559f1fda01649fcfd6ba73da32552e40ffecc643424	clients/build/classes/java/test/org/apache/kafka/common/telemetry/internals/TestEmitter.class
87ee1a51500a7c0a67e6014c70f49c8cac24409174227f1073850969dd547041	connect/runtime/build/classes/java/test/org/apache/kafka/connect/connector/policy/PrincipalConnectorClientConfigOverridePolicyTest.class
87ee3082320a2d4a304b5f959acc48e1cf406e1b72f92608e1138d3f0090b612	share-coordinator/build/classes/java/test/org/apache/kafka/coordinator/share/ShareCoordinatorRecordHelpersTest.class
87f1385a410e5fd60acd98ec1445b4eeeb7b808ae82f16cd59fde672c66b0b4d	server/build/classes/java/test/org/apache/kafka/server/LogManagerIntegrationTest.class
882fe0611ac60dfd4d8a70da00dffeec0a5e852199c67c828980db5a3ca777b0	raft/build/resources/test/log4j2.yaml
883dc0da5edd8fe148f5dcb2a75456e262ec9778e16b0fc34e49653c3eeea95d	streams/build/classes/java/test/org/apache/kafka/streams/state/internals/CachingPersistentSessionStoreTest.class
883fa0ba406b0d8a6bed36ba328460d5a6faca02a4334e0fcf5f90bdb18e81ac	streams/integration-tests/build/classes/java/test/org/apache/kafka/streams/integration/TransactionalPositionRestartIntegrationTest.class
8842150a27306fc0c3dce71bdf8a70278974677dc55268d5a01080ffa3920806	group-coordinator/build/classes/java/test/org/apache/kafka/coordinator/group/assignor/SimpleAssignorTest.class
88571e898c3735059310f3fdc1c3147434b412029092cf6096f7a3cb5969c31e	streams/build/classes/java/test/org/apache/kafka/streams/kstream/internals/NamedInternalTest.class
8857ddf5e1c22cc40c89da9ec75c154f0ebb447c11cf3f184c769589fd52a93b	group-coordinator/build/classes/java/test/org/apache/kafka/coordinator/group/GroupMetadataManagerTestContext$GroupCoordinatorConfigContext.class
8859eb8ebf4623bb35b5357b84f9b0051525acc1dee0c775308c5ceacb44ee50	clients/clients-integration-tests/build/classes/java/test/org/apache/kafka/clients/consumer/PlaintextConsumerPollTest$3.class
8861554e04a8c91fe8d47026dc18297baf9a8ba478ff200cf700128e61ced9cc	core/build/classes/scala/test/kafka/server/ReplicaManagerConcurrencyTest$FetcherModel.class
8867d8cb9997820b6b24fd8d2fdbbec74b44e166b567b89f8065231c421602bd	streams/test-utils/build/classes/java/test/org/apache/kafka/streams/TopologyTestDriverTest$4.class
8877d2bfaba480a0b13ccf6601455c46c5f1d21396fa22f456f0c0521cd48275	clients/build/classes/java/test/org/apache/kafka/clients/consumer/internals/ShareConsumeRequestManagerTest$TestableShareAcknowledgementEventHandler.class
888ee5672804d496075750b7eabe6f46d5c9bca1f15acf1924f9abd647e00c03	streams/build/classes/java/test/org/apache/kafka/streams/processor/internals/GlobalStreamThreadTest$6.class
88aa01e8721b589eeb13036ab49fd1a7e59daf5a7d01de82fa47beccac4a988b	streams/build/classes/java/test/org/apache/kafka/streams/state/internals/NamedCacheTest.class
88ab74329c6adeef87c3130a394024a961abe12d7617eec76ca28a1cd6fc7cae	core/build/classes/scala/test/kafka/api/SaslPlainSslEndToEndAuthorizationTest$.class
88c328d20ff076ed07e83066b4d1e15a65d1bbee76bdc4c88563f8fe7a6ea61c	server-common/build/classes/java/test/org/apache/kafka/server/immutable/pcollections/PCollectionsImmutableMapTest$PCollectionsHashMapWrapperDelegationChecker.class
88f110ca930b462a4b3c65299893981fa6cb2a38fca24ef0c60b6af19fa7bac8	clients/build/classes/java/test/org/apache/kafka/clients/consumer/internals/TopicMetadataRequestManagerTest.class
88fb1ca05a21c711ba77cacf0d5c5617a024020d1f2b8567af485701586c68d6	storage/api/build/classes/java/test/org/apache/kafka/server/log/remote/storage/LogSegmentDataTest.class
88fe4830d3c2c6c21768158f926d1169db3fc820c77141f45bd24b16b3693d9f	streams/build/classes/java/test/org/apache/kafka/streams/processor/internals/HighAvailabilityStreamsPartitionAssignorTest.class
893281789e8d350b868217755b67005486a2d47dc1add716ef23f8d76e3d817e	clients/build/classes/java/test/org/apache/kafka/clients/FetchSessionHandlerTest$RespEntry.class
89454c35b521a175a5e538334a7adae07ec52f412d40aa2da586e48cbcb7bf20	clients/build/classes/java/test/org/apache/kafka/clients/producer/internals/ChunkedRecordAccumulatorTest$3.class
89459c3cc7cf149d1367887b6b4a7c0f1d6c359965fb66a988e3e4c93369ff6e	server/build/classes/java/test/org/apache/kafka/server/share/dlq/ShareGroupDLQStateManagerTest$ExpectedDlqPartition.class
8947f6c8a4fab0c54759aeefde92d2d110f99491dfe3792b457214bef2869882	connect/runtime/build/classes/java/test/org/apache/kafka/connect/runtime/WorkerConfigTransformerTest$TestConfigProvider.class
896520b5fd905d1aee736fc9e46ba2db6aa59d51240d6ad56e7c5e799ffd231c	streams/integration-tests/build/classes/java/test/org/apache/kafka/streams/integration/KafkaStreamsTelemetryIntegrationTest$TestingMetricsInterceptingAsyncConsumer.class
8984f61557af674b78e90ee51aee116d0752f5dbff424382f169035faefd7480	storage/build/classes/java/test/org/apache/kafka/storage/internals/log/LogCleanerManagerTest$LogCleanerManagerMock.class
898fd638d78b56c3adb9b7800f5cf06aeaa9c0d4394b15ff99c11517b5edbe95	clients/build/classes/java/test/org/apache/kafka/common/security/authenticator/SaslAuthenticatorTest$TestPlainLoginModule.class
899f7185b3e87155ad656123d4175787a3185d1655bb20f6918d2c1c63df7104	core/build/classes/scala/test/kafka/server/StreamsGroupHeartbeatRequestTest$.class
89bb4745172252d815a8208b63f514a392e37ecb5c881e4ddcf7e2d2386b8a1f	clients/build/classes/java/test/org/apache/kafka/common/serialization/ListSerializerTest$FakeObject.class
89bc9c87b5164a79cb3fad6f98089631b5eb4bbb42781290df17c5e059d815d7	group-coordinator/build/classes/java/test/org/apache/kafka/coordinator/group/streams/StreamsCoordinatorRecordHelpersTest.class
89e369fbada8cb2bc850aaca72a55f5bd7ced550d0a023e8c36605a775a05752	group-coordinator/build/classes/java/test/org/apache/kafka/coordinator/group/GroupMetadataManagerTestContext.class
89e685f992d0c322aee3eb3c41c80db4bf9a974abea7e63760486ec6be34fa7c	streams/streams-scala/build/classes/scala/test/org/apache/kafka/streams/scala/kstream/KStreamTest$TestProcessor$1.class
8a02757a0d5bfd392c0df7ac8b5b037f05570ae375b68186745f3a847bad55c8	streams/build/classes/java/test/org/apache/kafka/streams/processor/internals/StoreChangelogReaderTest$9.class
8a085c38215cf180a794ba6218df143cee1b279ca1687b0ba751608487c4e822	server-common/build/classes/java/test/org/apache/kafka/server/util/ShutdownableThreadTest$3.class
8a2430c8ca7a2a03f986013b549e2757b92ca69581bcf4f0767e8da656904077	group-coordinator/build/classes/java/test/org/apache/kafka/coordinator/group/streams/MemberTaskOffsetsTest.class
8a2d0db403404097d1bd736d2f01afd93a8b11f220994e1c0239dec3b20b8b91	core/build/classes/scala/test/kafka/network/SocketServerTest$TestableSocketServer$.class
8a3aa436573e13924586774756841fa4688df0a41453542d72f8d2ae4312725e	clients/build/classes/java/test/org/apache/kafka/common/serialization/ListDeserializerTest$FakeObject.class
8a3eb71938e3e54e2b896dc5bfae0693df599bcee34e1144caa2e59cb4044b4d	streams/upgrade-system-tests-27/build/classes/java/test/org/apache/kafka/streams/tests/StreamsUpgradeTest$1.class
8a4f1e575d8d835e62fa076be1d0710afbde28a5fba4126459d395218fc0f14f	streams/upgrade-system-tests-41/build/classes/java/test/org/apache/kafka/streams/tests/SmokeTestUtil$1.class
8a6fbd1b4887a9a9f29686c982dad6e7844b059c8bdbd49d84fee427622a765a	storage/build/classes/java/test/org/apache/kafka/storage/internals/log/VerificationGuardTest.class
8a75b2ef4664cec796d81b736f8ce0cc374d253879b553a5384bcb019d324ff7	shell/build/classes/java/test/org/apache/kafka/shell/command/CommandUtilsTest.class
8a86fe988d96b7df5e20df4591c208388af5afdcb403ac5c83db93185fe6e43b	streams/build/classes/java/test/org/apache/kafka/streams/kstream/internals/KStreamKTableJoinTest$HeaderValueAppendingSerde$1.class
8a965d789397afd2593ce585341cb49ec00d91d31ac51432fb111875723d4dd1	clients/build/classes/java/test/org/apache/kafka/clients/consumer/KafkaConsumerTest$3.class
8a9f48f4fad97be60c50e25946bfa80a393824c31bf68fb4c81f3709ea263a84	streams/integration-tests/build/classes/java/test/org/apache/kafka/streams/integration/VersionedKeyValueStoreIntegrationTest$KeyValueStoreContentCheckerProcessor.class
8aa1f78573ca0dbca38312c1f441403e28ad82f1beb40bc25806d6b91ad51886	tools/build/classes/java/test/org/apache/kafka/tools/ConnectInternalTopicsTest$CommandResult.class
8aa4a3ae207196a7c5c2f4e6fc9e5ed424c03cc44b82222eecf4669a7f787bbd	clients/build/classes/java/test/org/apache/kafka/common/security/scram/internals/ScramCredentialUtilsTest.class
8acb02fbd11241d7eb6a9dbe58bb24d4ccfd4561b1622f34030c4cc875c0781d	streams/test-utils/build/classes/java/test/org/apache/kafka/streams/test/MockProcessorContextAPITest$5.class
8ad7428e2a3a5618740db73131e8d539c2cf5191bdc06093ff515d0bb92b57de	streams/build/classes/java/test/org/apache/kafka/streams/state/internals/TimeOrderedKeyValueBufferTest$2.class
8ae9cade1327536b4bdbf8df10f1f6f44c24a4cd8e76267c1484e9a8ed439cbb	core/build/classes/scala/test/kafka/api/AbstractAuthorizerIntegrationTest$.class
8af5f6b4ea48550eb3f9144656f76163b0f999da178b1d38bd34b7d437592c02	connect/api/build/classes/java/test/org/apache/kafka/connect/data/SchemaBuilderTest.class
8b0628e8631de9f83a87e0734b709edc9b9df5236b0d966d6ae89ab93f4a6c5c	clients/build/classes/java/test/org/apache/kafka/common/security/authenticator/SaslAuthenticatorTest$AlternateSaslChannelBuilder.class
8b248b0ed8f72548ecf29693d4905ef0cf4ed62a3093013ba6e0d914a15d9f17	tools/build/classes/java/test/org/apache/kafka/tools/TopicCommandTest.class
8b384a99be536ba89d6e94ce708ea6b6d65f6b198e6b904ec318d978b9e47c24	core/build/classes/scala/test/kafka/network/ConnectionQuotasTest$ListenerDesc$.class
8b3b7c4d73f472371b32a0f238ab8fad8fad21c510739ec8a2cd5e18b7e2b182	streams/build/classes/java/test/org/apache/kafka/streams/state/internals/WithRetentionPeriodTest$TestWrapper.class
8b3eef14ba2db89643d10cceec94e789d065ee6549224443e064220b818c5f31	streams/integration-tests/build/classes/java/test/org/apache/kafka/streams/integration/IQv2IntegrationTest.class
8b438ee6f04b612f180d6ade73268c0b06e7f365368a8c7cc4380cb04136b903	clients/build/classes/java/test/org/apache/kafka/clients/consumer/internals/ConsumerCoordinatorTest$7.class
8b4fb762bb135f05b2cf6a3b2ee98a8b83b577eb2b03a678faaef348ba60a050	clients/build/classes/java/test/org/apache/kafka/clients/consumer/internals/ShareAcquireModeTest.class
8b579ac8796c7b1d81757bbc541d894302897965d062dbfb3b5935056b61f12a	connect/file/build/classes/java/test/org/apache/kafka/connect/file/integration/FileStreamSourceConnectorIntegrationTest.class
8b59a6047743e4ee0f9ea6edf00407eb1cfb09a2f5ad5d68fe40d4c09b6c1d5c	storage/build/classes/java/test/org/apache/kafka/storage/internals/log/LogCleanerTest$1.class
8b5ac135142e3cc004c27eff763a9801722529a81ca8c2557fb38831b2989fa1	clients/build/classes/java/test/org/apache/kafka/clients/consumer/KafkaConsumerTest$2.class
8b6027f090b9e19eee6bcfbde0255e88467b8ba448671bc6e9efb94b51dbd811	core/build/classes/scala/test/kafka/server/QuorumTestHarnessFaultHandlerFactory.class
8b61ec8389cf98fd16913919b70cdccf795bca781f7f0770e3f045eb9e97bc61	clients/build/classes/java/test/org/apache/kafka/clients/consumer/internals/FetchCollectorTest.class
8b6f076e7f285fa3dbdb3fbaf6db2ca6a44cff5d40a9c7c8b49c044dff69e2d6	streams/build/classes/java/test/org/apache/kafka/streams/state/internals/SessionStoreFetchTest.class
8b71b8b4768d496e6b530c3ddfcf339e57eebe8c44c52684b6de2f2ad492527a	connect/runtime/build/classes/java/test/org/apache/kafka/connect/integration/ConnectorTopicsIntegrationTest.class
8ba5d976861e3c903e2e1e2b1ad75ecd48dc5091babebbf31f59d9abdf556b0e	streams/build/classes/java/test/org/apache/kafka/streams/state/internals/SessionKeySchemaTest.class
8ba7711ad59bd6311ae91d3c00b9523d7b73fd70337cf1453125cfa15f095bee	clients/build/classes/java/test/org/apache/kafka/clients/consumer/internals/StreamsMembershipManagerTest$1.class
8bc0c120b7b907cb49cacc6394dc23fe418409d5d62213ed5d53539dd06186a2	clients/build/classes/java/test/org/apache/kafka/clients/producer/internals/TransactionManagerTest.class
8bced0a2e1150c14d8d4100934eea74cbea16c102d5c2e02e247605bd83210f2	clients/build/classes/java/test/org/apache/kafka/clients/producer/KafkaProducerTest.class
8bd7e3b42bcb1ed9f979249ac003701428bee11d2f47d9b5222b7067e4efc0be	streams/build/classes/java/test/org/apache/kafka/streams/state/internals/HeadersSerializerTest.class
8be0876ae053114aee04f48996283851ba6f00a95f348ee68990009085021ac9	clients/build/classes/java/test/org/apache/kafka/clients/consumer/internals/ConsumerCoordinatorTest$12.class
8be36a279b0517956f4cec92e92c9a3d1c20d29fe910802b5eec68d9d8ad5133	streams/upgrade-system-tests-20/build/classes/java/test/org/apache/kafka/streams/tests/StreamsUpgradeTest$1.class
8be78eb393a386a594e87b2c8e315b476f767204f0718998c41a39d5e468988c	raft/build/classes/java/test/org/apache/kafka/raft/ValidOffsetAndEpochTest.class
8be80ea3b40e5d33ff3b1c7d2c6dc02a450449b0cd08aa5ceac5a8e5d725e3c3	metadata/build/classes/java/test/org/apache/kafka/metadata/authorizer/StandardAuthorizerPropertyTest.class
8c0c4d3fba929aea9218d03f50edda1315f5e80a4952173e30697bddcc5ec65d	clients/build/classes/java/test/org/apache/kafka/clients/producer/internals/ChunkedRecordAccumulatorTest$6.class
8c1094865d707ac8d3e945c3a48056dd151d333b0421903d14d542432b97580f	streams/upgrade-system-tests-23/build/classes/java/test/org/apache/kafka/streams/tests/SmokeTestDriver$NumberDeserializer.class
8c12c348e9b0d1412588539488dbd58d59da924037102a34bcc9312eb65bf311	streams/build/classes/java/test/org/apache/kafka/streams/processor/internals/StreamTaskTest$11.class
8c25cb9cb7257fd12bfff3da9c897deaec6b3494f5302fae4ad6f4cd61129338	server/build/classes/java/test/org/apache/kafka/server/share/fetch/RecordStateTest.class
8c321b8af73c9183068876675cb7f31bfa3cf81896bcfe6073c638246ba8cc32	core/build/classes/scala/test/kafka/api/BaseProducerSendTest$callback$1$.class
8c3cc86a6b622b1f56d07b8737a76be88b0b5b2c72b0cadec8e13a94aa2888d1	group-coordinator/build/classes/java/test/org/apache/kafka/coordinator/group/streams/topics/ConfiguredInternalTopicTest.class
8c3e42ec64df7ef0787fd187ab066e31aba08f09acd679dce89f7a75cf45ea50	metadata/build/classes/java/test/org/apache/kafka/controller/ReplicationControlManagerTest$3$2.class
8c4fdc6a3a0c7748fb43e97b7a1b8ed0d958a64ab24af24c0e0e2d658db0ad35	streams/build/classes/java/test/org/apache/kafka/streams/processor/LogAndSkipOnInvalidTimestampTest.class
8c53d543c51bc15025471ea667624310c40a9b5357a5107a5d89147745e6ef9a	connect/runtime/build/resources/test/META-INF/services/org.apache.kafka.connect.rest.ConnectRestExtension
8c5c9d935cc4afcc8f09dfd10dad5f52ce89927484fb9d32e2e90c1d80f63da4	clients/build/classes/java/test/org/apache/kafka/clients/consumer/ConsumerRebalanceListenerTest$2.class
8c5cfbee1ab5904650954c542fd7f429dd02a0e5d6ef92f61d05ca335c00e257	streams/integration-tests/build/classes/java/test/org/apache/kafka/streams/integration/IQv2StoreIntegrationTest$StoresToTest$4.class
8c5d8fb873257274b82ccbdf6623bdef2ea2d1db682aa7517915d1b0b34a798e	connect/runtime/build/classes/java/test/org/apache/kafka/connect/runtime/WorkerTaskTest$TestWorkerTask.class
8c7419a52ac8065a89f45e48e7a8f78e4fa5962c7f25b69257494715c28a83ae	streams/build/classes/java/test/org/apache/kafka/streams/state/internals/metrics/RocksDBMetricsRecorderTest.class
8c7ae09fff5123b77e1202361a6855e1eb70cd7190b0233d2db418d6fcd6c99b	clients/build/classes/java/test/org/apache/kafka/clients/consumer/RebalanceListenerTest$4.class
8c8c397b0c458178d1973c698a5f856e7f1599adb86bb6fcaf2d91304f5bfdda	core/build/classes/scala/test/kafka/server/ReplicaManagerQuotasTest$$anon$1.class
8ca1931e2677690e7ae98f4179e7404448b71ee1ad4e359673ae48d2e2f7fc7f	test-common/test-common-util/build/classes/java/test/org/apache/kafka/common/test/junit/KafkaPostDiscoveryFilterTest.class
8cb0c309c7cf097512bdb533e9b358561a4b0ea89cc216bfe1318605118c96c9	storage/build/resources/test/log4j2.yaml
8cb40d38c733c2d1b2d9265b78dfc49d9075c4ff89a7dd51897c8bb211045dad	connect/runtime/build/classes/java/test/org/apache/kafka/connect/runtime/ConnectorConfigTest$TestPredicate.class
8cc5c34e043c78a6daf711aa6ee0aba03e986f158ec1bba9d42c8c83f5613cc1	streams/build/classes/java/test/org/apache/kafka/streams/kstream/internals/SuppressHeadersScenarioTest$Checks.class
8ce459f92268567ad22708fd072531cdcbfdd57d85e060e5435e74bd9a4742a3	clients/build/classes/java/test/org/apache/kafka/clients/consumer/internals/AcknowledgementCommitCallbackHandlerTest.class
8cf03c76828b2c4d8a7b31cb59bb3345708022e5492cd9863612c46b1233bbbc	clients/build/classes/java/test/org/apache/kafka/common/protocol/ErrorsTest$1ExtendedTimeoutException.class
8cff6e6ad33df257963abe04cdf3c1629e39775d3228ef2cd4fb410df1468ec5	streams/build/classes/java/test/org/apache/kafka/streams/processor/internals/TopologyMetadataTest.class
8d0cfb66218e7fb1f4def2c8606733343def6dae1e55d15893aae025146a1470	core/build/classes/scala/test/kafka/api/AbstractAuthorizerIntegrationTest$PrincipalBuilder.class
8d26df0c24b0fd4cd4366009532ac721d8cd4af117b2f56080bcde53e05c997c	streams/build/classes/java/test/org/apache/kafka/streams/state/internals/InMemoryTransactionBufferTest.class
8d69325f169376ef2f73cbe507e1c4f781d6b9eb4960bf6df595ebf98a7602c8	clients/build/classes/java/test/org/apache/kafka/clients/consumer/ConsumerConfigTest.class
8d6df0bbce9206c2e50d5e2511696469f94dc21071cb6554a1ce749c5db87e30	streams/build/classes/java/test/org/apache/kafka/streams/state/internals/MergedSortedCacheWrappedWindowStoreIteratorTest$SchemaType.class
8d952664b0537a277f6da34a0354875b255eca2154eeda3c51c127e92b3e8c8c	server/build/classes/java/test/org/apache/kafka/server/AssignmentTest$NoOpRunnable.class
8da19121232f383e8ecd3027da0cd60b4ac4e3d60bf8eec10b84260c3ec42b3f	clients/build/classes/java/test/org/apache/kafka/common/network/SslTransportLayerTest$TestSslChannelBuilder$ResizeableBufferSize.class
8da9c4586fec2d121fdf7e2bef151ad6ddff32f61442b91b1f976e201280a688	clients/build/classes/java/test/org/apache/kafka/clients/consumer/StickyAssignorTest.class
8dac4fd92be0248d5ce2b67085961cb25e2230e6c6745f63eb004d3fc88dd852	storage/build/classes/java/test/org/apache/kafka/storage/internals/log/LogLoaderTest$LogAndSegment.class
8dbffc16a81820068712bb3f80910c6b0a16ebf2be48b2bba83d5239ed2c58a9	core/build/classes/scala/test/kafka/server/PartitionState.class
8dca5a64e1e2ecb545ffaf6e22953cde2ba49cbfc0f0cf0ad8358b88e3ded7f4	server-common/build/classes/java/test/org/apache/kafka/server/util/CommandLineUtilsTest.class
8de000883d1eb9eb910455b31aa874aca9c9af985820b4c20264b14fa2a146b3	streams/build/classes/java/test/org/apache/kafka/streams/kstream/internals/foreignkeyjoin/SubscriptionResponseWrapperSerdeTest.class
8de6625e1419485d6927a385ace0b5886b850ca2b01d819397d39a9d9bddf164	clients/build/classes/java/test/org/apache/kafka/clients/producer/RecordSendTest.class
8e00ead865aad2701bc135783a75589a9826e115192a93fde8fbf3181346a0db	core/build/classes/scala/test/kafka/server/DynamicBrokerReconfigurationTest$ConsumerBuilder.class
8e095d971a5b8eb86a76b5f7d4c5b1ce017212c23a78caa8e8928b2fdbed42be	core/build/classes/scala/test/kafka/server/AlterCredentialsTest$TestPrincipalBuilderReturningUnauthorized.class
8e124910ff6db51c26d8fb2f7e5a49632c499d88ea6f80ed17dd5d4c0bfbd333	core/build/classes/scala/test/kafka/coordinator/AbstractCoordinatorConcurrencyTest$TestReplicaManager$.class
8e1751e9873c6bf07f99492bc582291a0cf773c297cb683ac3e89182c27a4f05	raft/build/classes/java/test/org/apache/kafka/raft/DynamicVotersTest.class
8e21379a9cd39f5003d479f8f01a8ece2048c0acd32a60c24b94828ddba51ba7	streams/integration-tests/build/classes/java/test/org/apache/kafka/streams/integration/TimeWindowedKStreamIntegrationTest.class
8e27de7c2152ab78e320f7978dc03640d5d5bdd4d5e2477db3f022624012dcfb	core/build/classes/scala/test/kafka/utils/TestInfoUtils$.class
8e394335562c037a34ac871250482521cb7aad7557adcbafaaeec0f56f60de7e	clients/build/classes/java/test/org/apache/kafka/clients/ApiVersionsTest.class
8e4a1134467813ceb8869b0a239f596e95d39c17ff984e45567bec6671ef1325	streams/upgrade-system-tests-0110/build/classes/java/test/org/apache/kafka/streams/tests/StreamsUpgradeTest.class
8e673310f25c64233f6b898bfcea28ff1fec283124d2b8801e88ffeee2736db1	clients/build/classes/java/test/org/apache/kafka/clients/producer/internals/BufferPoolTest.class
8e81c5215530b4351244a28f4e5fd4bdc872200cf9ffbc01d0834983b3797378	server/build/classes/java/test/org/apache/kafka/server/KRaftTopicCreatorTest$1.class
8eb1d92eaaa6d01b8fea4de636c527d6e5f1f4ad2485e9d5e68d1e41f009d79c	server/build/classes/java/test/org/apache/kafka/server/SimpleApiVersionManagerTest.class
8eb8127a5cc3c68ef78a2b9565988dd12e133b0d614d87900b8270d1c7cd10b8	clients/build/classes/java/test/org/apache/kafka/common/protocol/ProtocolTest.class
8f13999d2c47253f88c6045503566740a40e4b0f6bb7673d92aaa05a755b496a	metadata/build/classes/java/test/org/apache/kafka/controller/BrokerHeartbeatTrackerTest.class
8f232a5e248eb829ee897f5b52da2d1abdceb4c9888034fa8fa448d260871069	core/build/classes/scala/test/kafka/api/CustomQuotaCallbackTest$GroupedUser$.class
8f48f3222f414b53d1732cd3ddafac787ebca79685e27f1dff2fb44e3a7d6430	core/build/classes/scala/test/kafka/server/ConsumerProtocolMigrationTest$WithAssignmentBatchingDisabledTest.class
8f5127f40759d2ca1c2d8e15c0926b51dcb5471ee8e71a340c4d1b1e7d77050a	core/build/classes/scala/test/kafka/api/PlaintextAdminIntegrationTest.class
8f5190c7b4bc4eb1395cdc663697b5abe89a1ea2b6fb90368211a87705bdfbd1	streams/examples/build/classes/java/test/org/apache/kafka/streams/examples/wordcount/WordCountTransformerTest.class
8f5a1aa96a30c61d27ae0b81189869cb456c114f595c000af0884ac521bee209	core/build/classes/scala/test/kafka/coordinator/group/CoordinatorPartitionWriterTest$$anon$1.class
8f6ad6da2d71320ca3ef8ffb45e40e73ce0e59fdff0215b682e21c9709dad186	streams/build/classes/java/test/org/apache/kafka/streams/processor/internals/assignment/GraphTest.class
8f6dff6f6e41258589bc5352176e2ac3a334a9e62dffb7824f90e9a941c420de	core/build/classes/scala/test/kafka/server/TestConfigCapturingReporter.class
8f7a3be1011ea531f808f109e235629ba9f62aeffc84947460abf0590fac7f1e	clients/build/classes/java/test/org/apache/kafka/clients/consumer/internals/OffsetFetcherTest$1.class
8f80131926096d374d11c9d8f5c2311ddc6e733e955a68197c0482690f09fbfa	streams/build/classes/java/test/org/apache/kafka/streams/processor/internals/InternalTopicManagerTest$AutoAdvanceMockTime.class
8f8bc6f00eb138b627e893627b4c0793c49e5521900df48643b699f32b9946d1	connect/runtime/build/classes/java/test/org/apache/kafka/connect/runtime/WorkerTransactionContextTest.class
8f8e99c1d875bee6e1e331add0b8e13cc80b7983fd3d8e545988662d479c5ed4	connect/runtime/build/resources/test/META-INF/services/org.apache.kafka.connect.storage.Converter
8fafc36e916063473ddc5953cbf1a0dcb4c54efc6f364b8d1e87aa6a5d07b043	clients/build/classes/java/test/org/apache/kafka/clients/producer/KafkaProducerTest$17.class
8fb3648ecd1d45629f4962ad296b01f3f58d050ad7b3ad15409c3637d839cdd6	raft/build/classes/java/test/org/apache/kafka/raft/internals/KafkaRaftLogTest$MetadataLogAndDir.class
8fb3b0a52ff0d9906e1c59e6059540d347a04b45b70dca8e67fcb23a0aea7e5b	core/build/classes/scala/test/kafka/server/ReplicaManagerTest$$anon$4$$anon$5$$anonfun$$lessinit$greater$2.class
8fb40fee7be7262db3f6311c88e8d9750ec604bc843498aecdbc8dda2efbfa4b	clients/build/classes/java/test/org/apache/kafka/clients/consumer/internals/metrics/RebalanceCallbackMetricsManagerTest.class
8fc4b0f7224da66274c37c5430238525e9123a2476938bb6d114872f1a2c7db5	clients/build/resources/test/serializedData/offsetAndMetadataWithLeaderEpoch
8fdbbcff33a4b164471a448bf49e4d122fecfe16f371b87d75e098142e257e1c	clients/build/classes/java/test/org/apache/kafka/clients/consumer/internals/FetcherTest.class
8ff068fa9bcc16a9556615e07db2d8150e9fa86ad9427ffacb41d4ba18b3132d	core/build/classes/scala/test/kafka/api/PlaintextAdminIntegrationTest$.class
8ff1be20eac1093c75a4b36d852812fbceb1cfb43ccebc86779b802b5826e5a7	streams/integration-tests/build/classes/java/test/org/apache/kafka/streams/integration/StreamTableJoinWithGraceIntegrationTest.class
8ffee50ac054ab661321fd004d3a5d34486c6b8a6c9fce6a098e578808286d57	clients/clients-integration-tests/build/classes/java/test/org/apache/kafka/clients/consumer/PlaintextConsumerAssignTest.class
9002a7650d31e36d8fcd9bd814bd06602dbe0374402d924faf91b8814c137afe	clients/clients-integration-tests/build/classes/java/test/org/apache/kafka/clients/ClientsTestUtils$TestClusterResourceListenerSerializer.class
9011d6f0eb5b943db210c324462cf3a2b852d07f92da9fb065329c32533ebdde	shell/build/classes/java/test/org/apache/kafka/shell/MetadataShellIntegrationTest.class
901905605210939bd151d292f86bd9f24d74f243919789d73ff01dff0a46b328	streams/build/classes/java/test/org/apache/kafka/streams/processor/internals/StreamsPartitionAssignorTest$CorruptedInternalTopologyBuilder.class
902054ec25496035671d28b23c350fe24035f789312f908d08f2899032985e7a	core/build/classes/scala/test/kafka/api/PlaintextEndToEndAuthorizationTest$TestClientPrincipalBuilder.class
90218ae7233c97332b0a52786d828d165d5fa8c789ae5c67363f798c232f87ec	connect/runtime/build/classes/java/test/org/apache/kafka/connect/integration/MonitorableSinkIntegrationTest.class
903fa67c2630885ccbd80330f65c5ee1a26d3674a9931c34cb103d8cb5b04388	streams/build/classes/java/test/org/apache/kafka/streams/processor/internals/assignment/AssignorConfigurationTest.class
90557d6d955fc03ebd2ec92e7a6d63503b647784b18f136ab2bf9e2dd8885381	streams/build/classes/java/test/org/apache/kafka/streams/tests/RelationalSmokeTest$AugmentedComment$AugmentedCommentSerializer.class
906f9f766457062b87b56a5f86d8a5761b62e9f97005410c8b74d02eedbad6df	clients/build/classes/java/test/org/apache/kafka/clients/admin/KafkaAdminClientTransactionTest.class
908904f9bfc102876eadcfa2020ba8b1d9d5bd5ad1381518c28cedebd626869e	core/build/classes/scala/test/kafka/server/ReplicaManagerTest$.class
9094f72138493094af968a85cc610b2b4c897025ab1aeb50b07981d200d80e73	connect/runtime/build/classes/java/test/org/apache/kafka/connect/runtime/isolation/PluginsTest$TestConverter.class
909ee4f45d835c5cd7c2b8c1fbd8b371244563e15b31cd20123da8c2383bd66e	transaction-coordinator/build/classes/java/test/org/apache/kafka/coordinator/transaction/TransactionMetadataTest$1.class
90ae8c9f3bb6fc1fe8874e3ffbde3bc37c087817fd1145ff19f50cbee9baa327	clients/build/classes/java/test/org/apache/kafka/common/security/ssl/mock/TestScramSaslServerProvider.class
90f76348a58aaac3d8964a52344f75f4479f1294e57053596613774038725b33	storage/build/classes/java/test/org/apache/kafka/tiered/storage/specs/ExpandPartitionCountSpec.class
91081274d4939115d611694089b2c59daf4b22f86ae67a78b683262b734e51bc	coordinator-common/build/classes/java/test/org/apache/kafka/coordinator/common/runtime/CoordinatorRecordTest.class
911853d2f1abc4e93c9f39a757d142fc42856a218e2cc4a989a40dcd94296d80	core/build/classes/scala/test/kafka/server/TestNumReplicaFetcherMetricsReporter$.class
911e00c65f5b6e47b1732812363515ae9fc0fc65f974e950c18a7dc1d9b9936d	streams/build/classes/java/test/org/apache/kafka/streams/state/internals/SessionSegmentWithHeadersTest.class
911e9448f1e10172730a05f04bc1479d075ad0048db6a041a11ac941be318a51	metadata/build/classes/java/test/org/apache/kafka/image/ImageDowngradeTest.class
91223636dc6f0ade9b13c56dbc99036df6de2247c0b61ab84f0d67626d1e7350	clients/build/classes/java/test/org/apache/kafka/common/network/SelectorTest$1.class
914b27dc1b508d13e163bf597ed543c85834991072fe7ce5910bd2b7ebf7756b	streams/integration-tests/build/classes/java/test/org/apache/kafka/streams/integration/StandbyTaskEOSMultiRebalanceIntegrationTest$1.class
915f85abb38ed2856bd6f493f7e115209790e0c59a4aa54847e4a6633eb1e74d	connect/runtime/build/classes/java/test/org/apache/kafka/connect/integration/BlockingConnectorTest$BlockingSourceConnector$BlockingSourceTask.class
91784896ed57c64bf5ae24057ba0632d68b9d054b506a74a2f60914750d466e7	connect/runtime/build/classes/java/test/org/apache/kafka/connect/integration/ConnectorValidationIntegrationTest$AbstractTestConverter.class
9182285defd5de5f7dce343ae464f8ddc5286253ce5447d816ba91306c8473d2	streams/upgrade-system-tests-25/build/classes/java/test/org/apache/kafka/streams/tests/StreamsUpgradeTest.class
9184f41e6abc2f30db61df22c2bc7d65052a12fb2845ce7af6c17334baa1ff3a	core/build/classes/scala/test/kafka/server/MultipleListenersWithSameSecurityProtocolBaseTest$.class
918b37d16bd07af8a37cadcbfeecab56e7f17860c88bf381b163bd4d85903d86	connect/runtime/build/classes/java/test/org/apache/kafka/connect/integration/BlockingConnectorTest$Block.class
919c091de6c27cfe3275c7ca9bf7f842e4a1e06de888d10520de390d654c4443	connect/mirror/build/classes/java/test/org/apache/kafka/connect/mirror/MirrorConnectorConfigTest$TestMirrorConnectorConfig.class
919ef8c669d77f3e68b7bf21b38a84228b98400101d94908b6933375ac68eeaa	group-coordinator/build/classes/java/test/org/apache/kafka/coordinator/group/streams/TargetAssignmentBuilderTest$TargetAssignmentBuilderTestContext.class
91ad84b86a97e5a56101de14c3103ac53f400891b3bd14acc59270aa01b3bf6e	clients/build/classes/java/test/org/apache/kafka/common/record/internal/MemoryRecordsBuilderTest.class
91b56c2a894b4db84d10da127f430f7bdd71a849239269eb434b10a05c14e1d0	clients/build/classes/java/test/org/apache/kafka/clients/MetadataSnapshotTest.class
91c20cb0d974baf754b6888706e34a379e41e1df6ddf386946b74dac0b7df1ce	metadata/build/classes/java/test/org/apache/kafka/metadata/ConfigSynonymTest.class
91cbe6d2d644646484166df937fb017ff69128ee2fa5b9873fc47af5b1467728	tools/build/classes/java/test/org/apache/kafka/tools/LineMessageReaderTest.class
91dd1bab511305b5a16c85f740516bc1a3216f4be9a8e1bc7b4aef1130383f85	core/build/classes/scala/test/kafka/coordinator/transaction/TransactionCoordinatorConcurrencyTest$InitProducerIdOperation.class
91ee3c725ef798dbe05ecb2bacdf3e6bc8ab0f239d8ff100b61469a56f5cec61	clients/build/classes/java/test/org/apache/kafka/common/resource/ResourceTypeTest$AclResourceTypeTestInfo.class
91ff6a4f7beec012694d9a68b9296aa2ec88c7255e44b887e513fb154e5e13f7	clients/build/classes/java/test/org/apache/kafka/common/security/ssl/DefaultSslEngineFactoryTest.class
920fe5ad2f7ecc0be7bc8542a9b463db6937f33c3a4946ddd1a347c88e6c8225	connect/api/build/classes/java/test/org/apache/kafka/connect/data/FakeSchema.class
920ffd176dbd77fe2940061302a39ed2dcb0781fc4acab0ecfd85b1034534721	clients/build/classes/java/test/org/apache/kafka/clients/producer/ProducerConfigTest.class
92103f073b4f2ac120d9c335b7e2797679503eef05823bf1e62f520e7235ca44	clients/clients-integration-tests/build/classes/java/test/org/apache/kafka/clients/consumer/ShareConsumerTestBase.class
922757535336a1f34ed46c69d8e4ce8a13eed01090eeffa7803bda13a037b2fe	server-common/build/classes/java/test/org/apache/kafka/server/util/TranslatedValueMapViewTest.class
922b1abb65fcb603b2ccb110777112a365dce947805df32a810844a408c9e043	streams/test-utils/build/classes/java/test/org/apache/kafka/streams/MockTimeTest.class
925799f828d2b994e42457a130c562b5131179847a8f5a98da056f2a321e5b40	server-common/build/classes/java/test/org/apache/kafka/metadata/properties/PropertiesUtilsTest.class
925c093aa1e5eec7d9183526ad9521bbd0b3ee8f67ff91008d5a4307364265ed	storage/build/classes/java/test/org/apache/kafka/server/log/remote/metadata/storage/TopicBasedRemoteLogMetadataManagerMultipleSubscriptionsTest$1.class
92774fe00a96a953269625afb46f746e85577274960bcff0766978022f40e6f5	coordinator-common/build/classes/java/test/org/apache/kafka/coordinator/common/runtime/CoordinatorTimerImplTest.class
928d899653a1d8926af755a1a42dc124af7b8b84e8e92ceba384d6f93e7d6537	streams/integration-tests/build/classes/java/test/org/apache/kafka/streams/integration/MetricsReporterIntegrationTest.class
92907b3b55e81dafbaafa274af41d7c69b29dae0a118fb644b7e8fdf7fb5d153	raft/build/classes/java/test/org/apache/kafka/raft/internals/BatchMemoryPoolTest.class
92b641d0d901a2a6abaf5c7ec11773be41fee85fb1eea3f43ecb70f10a098d76	connect/runtime/build/classes/java/test/org/apache/kafka/connect/integration/StartAndStopLatch.class
92bcf159ecfa35ea8972cf41b93ebaf4b050689c34dd5638a25204dc0c5721fd	tools/build/classes/java/test/org/apache/kafka/tools/ClientMetricsCommandTest.class
92bd73095ffb21410fa0aceada7472c542969af341a53238ccc6d6f4c576b07c	coordinator-common/build/classes/java/test/org/apache/kafka/coordinator/common/runtime/CoordinatorLoaderImplTest$StringKeyValueDeserializer.class
92c8e5cf2bb5e7efe7b69de1623f66595c58dffa7b3647fff44fcaf10f5c44f8	raft/build/classes/java/test/org/apache/kafka/raft/internals/RecordsIteratorTest.class
92e8b7b238f9745d9421ccbefe2846cd0e1f3ae6ea0318b873a5f2c5e8b4091c	metadata/build/classes/java/test/org/apache/kafka/controller/ClusterControlManagerTest.class
931ea219d13aa041e654bf1c23fc4d209344ea89fecb6d91bf713e10d956f295	core/build/classes/scala/test/kafka/server/ReplicaManagerQuotasTest.class
931f2d2070ea91299c42b746553a0cc856914300911f5b7355299d65a3f19414	group-coordinator/build/classes/java/test/org/apache/kafka/coordinator/group/streams/TaskAssignmentTestUtil$TaskRole.class
933b2c669e36c514a36d1553fd290e8249eed038b4d6c4b54f4d7350d28b9624	streams/upgrade-system-tests-28/build/classes/java/test/org/apache/kafka/streams/tests/StreamsUpgradeTest$1.class
934c575a47564a582d799825a38a270ab5976d7493ebf439fdd9685cc394065d	streams/build/classes/java/test/org/apache/kafka/streams/state/internals/MeteredTimestampedKeyValueStoreWithHeadersTest$CachedKeyValueStore.class
935cf428192a28e275d050eec95824c14b450af7da53cb2d94928fcda9ee2307	streams/build/classes/java/test/org/apache/kafka/streams/state/internals/ThrowingOnOffsetsPutDBAccessor.class
93656f19f6beebe523d186568ea48b246f8d4f32142b9ce6f718c01dcfe38147	clients/build/classes/java/test/org/apache/kafka/common/security/oauthbearer/internals/secured/CachedFileTest.class
9389fbb31ea4851d6be8dad0d43dff834ea8b691992d0e546d42334b2fbfb233	connect/runtime/build/classes/java/test/org/apache/kafka/connect/runtime/SampleSourceConnector$SampleSourceTask.class
938cf0c09475361c11ada51671c126d324f29c7ae0a08b7e9b5f0f8db5b42cc7	core/build/classes/scala/test/kafka/server/AlterUserScramCredentialsRequestNotAuthorizedTest.class
9398d8e32d2d3c6812f3ce003a830f8bc1560da7baf6e38a92bcafcad7bbae64	streams/upgrade-system-tests-38/build/classes/java/test/org/apache/kafka/streams/tests/SmokeTestUtil$1.class
93991f4cebc542036cf87f6c1e7dccf425f2e589b57b5e8ae3567af550161268	streams/integration-tests/build/classes/java/test/org/apache/kafka/streams/integration/HighAvailabilityTaskAssignorIntegrationTest$1.class
93a81e00984c310c072893816dc3ddbbdcd6f7118d2792a1d485c40e20e1d263	streams/build/classes/java/test/org/apache/kafka/streams/processor/internals/ProcessorStateManagerTest$5.class
93af7166468be459c8320c4762b8dff4f11dba05239637c32688a468f7a0f3f7	server-common/build/classes/java/test/org/apache/kafka/timeline/TimelineHashSetTest.class
93b297dfe00f776c9cd12486222a79be87dc97e9c97d8566062d4ff68c2a7570	core/build/classes/scala/test/kafka/coordinator/AbstractCoordinatorConcurrencyTest$TestReplicaManager.class
93c637a1039b768b2dea936fa0cb751b9d758ffe237e6bc16277b61244f2c235	server/build/classes/java/test/org/apache/kafka/server/EnvelopeUtilsTest$2.class
93ca61c8546f535b3a4c3af436a91a3a037ed14cc4ab52c1637816f474211bda	streams/integration-tests/build/classes/java/test/org/apache/kafka/streams/integration/RegexSourceIntegrationTest$3$1.class
93cf35810816901144f74cb552c3425529add22177b83210a543aca953721684	core/build/classes/scala/test/kafka/server/ReplicaManagerTest$$anon$4.class
93e89f412aeff72dc832c98fc29f72f31123c01f4f6cae6ed0d5565bd0ce8fe4	core/build/classes/scala/test/kafka/api/PlaintextProducerSendTest$.class
940407ce130815215da1d4d8d3423b78c824a3a53cdcf3a4b90c1063cf9fd8a1	streams/upgrade-system-tests-22/build/classes/java/test/org/apache/kafka/streams/tests/SmokeTestUtil.class
940407ce130815215da1d4d8d3423b78c824a3a53cdcf3a4b90c1063cf9fd8a1	streams/upgrade-system-tests-23/build/classes/java/test/org/apache/kafka/streams/tests/SmokeTestUtil.class
940407ce130815215da1d4d8d3423b78c824a3a53cdcf3a4b90c1063cf9fd8a1	streams/upgrade-system-tests-24/build/classes/java/test/org/apache/kafka/streams/tests/SmokeTestUtil.class
940407ce130815215da1d4d8d3423b78c824a3a53cdcf3a4b90c1063cf9fd8a1	streams/upgrade-system-tests-25/build/classes/java/test/org/apache/kafka/streams/tests/SmokeTestUtil.class
940407ce130815215da1d4d8d3423b78c824a3a53cdcf3a4b90c1063cf9fd8a1	streams/upgrade-system-tests-26/build/classes/java/test/org/apache/kafka/streams/tests/SmokeTestUtil.class
940407ce130815215da1d4d8d3423b78c824a3a53cdcf3a4b90c1063cf9fd8a1	streams/upgrade-system-tests-27/build/classes/java/test/org/apache/kafka/streams/tests/SmokeTestUtil.class
940407ce130815215da1d4d8d3423b78c824a3a53cdcf3a4b90c1063cf9fd8a1	streams/upgrade-system-tests-28/build/classes/java/test/org/apache/kafka/streams/tests/SmokeTestUtil.class
94142c01d83c259a112e22c94f50764219ffe8c8ba53a7c572cf644a34374465	clients/build/classes/java/test/org/apache/kafka/clients/admin/internals/AdminApiDriverTest$TestContext.class
941c3c7c7d77c1ffd5449fd544fa72718514f9b07729ae0f49c466b18a9ca299	clients/build/classes/java/test/org/apache/kafka/common/network/SelectorTest$2.class
9431ccaf14caebe4261b24ea33fb1d1322b000fe5c106d97401af56746ed2eb0	streams/integration-tests/build/classes/java/test/org/apache/kafka/streams/integration/StateUpdaterFailureIntegrationTest.class
9434e1c00e7cb6bd92d8528d7c16ba2ba0184d18318a9f4648d1773ac8333262	clients/build/classes/java/test/org/apache/kafka/common/network/SslSelectorTest$TestSslChannelBuilder$TestSslTransportLayer.class
94443d066816724b422390c9785e3487ab562637d3b59cb4d82bcb2e61579ef2	transaction-coordinator/build/classes/java/test/org/apache/kafka/coordinator/transaction/ProducerIdManagerTest$MockProducerIdManager.class
94495be2cf4d00cf5789ce55d30e02e4259be35703ad35f9e02fe834ccf5d179	server-common/build/classes/java/test/org/apache/kafka/server/share/persister/PersisterStateManagerTest$4.class
944b11156ee32034dc51e76b0822b0072e45f1eaa3be5a65aee285e409a6f4b8	streams/build/classes/java/test/org/apache/kafka/streams/processor/internals/TaskExecutorTest.class
945324de1d763d491e1199c5dd3b75603285776f8dd77a84bf078cdd8677b66f	clients/build/classes/java/test/org/apache/kafka/common/utils/internals/ByteBufferInputStreamTest.class
9458998bb2eedd18d070b9031cd407bd5fed5f05e6730a0337f7bc6d8b337afb	streams/build/classes/java/test/org/apache/kafka/streams/processor/internals/testutil/ConsumerRecordUtil.class
9464ee9ad155dfa8a9ffa2e685d61ff42bc5ca9d4ff197c3180456732f74c288	tools/build/classes/java/test/org/apache/kafka/tools/ReplicaVerificationToolTest$1.class
946513981055dbe9ea30759e8a0f3400c273574ca5527ae9b057ade8adb8930f	connect/runtime/build/classes/java/test/org/apache/kafka/connect/runtime/errors/RetryWithToleranceOperatorTest$1.class
94679067fa002f32059d923ddf39dae365da19988229455f7aa76638ff94fc15	streams/build/classes/java/test/org/apache/kafka/streams/kstream/RepartitionTopicNamingTest.class
9470b611decfd3b0dfc844df3ecc0a8428bdb1f30b8f522323eac69d03a7d203	clients/build/classes/java/test/org/apache/kafka/common/protocol/SendBuilderTest.class
9479361cc2f33ec497707ffdfaf515946dd916a9513f86c4c04c251addf097fb	core/build/classes/scala/test/kafka/server/ServerTest.class
9480c260e3044d943e084a40a8ecf46d86ebc8acf06084bddc204c5392b445eb	core/build/classes/scala/test/kafka/server/share/ShareFetchUtilsTest$MultipleBatchesRecordsArgumentsProvider.class
94852da37d2ba4e80a6778664f37b2cf0b548ba20ec3e427da9e09ee5eee6bb3	raft/build/classes/java/test/org/apache/kafka/raft/RaftEventSimulationTest$ConsistentCommittedData.class
94958c4f0b1c14d27efada57fd5454c7ccdf7df61509bc9cb3e8e1dbf0569f84	streams/build/classes/java/test/org/apache/kafka/streams/processor/internals/ProcessorTopologyTest$ForwardingProcessor.class
94a5584f39dd01a6aa27ae8af8beccc1ee03f14f26389c0b069fc5fd8e571419	clients/build/classes/java/test/org/apache/kafka/clients/producer/internals/SenderTest.class
94aedf86240fef9f6366b847f59ef6b8e0df7c9f3c28e1193bf217edd55474f0	metadata/build/classes/java/test/org/apache/kafka/image/loader/MetadataLoaderTest$MockBatchReader.class
94afe68e3b4300f88a58a53e7ba4d0a31afe933461fb37a56324e56cf66644b8	connect/runtime/build/classes/java/test/org/apache/kafka/connect/runtime/RestartPlanTest.class
94ceed610aa94478bd904d9e4513b18b01b364874bcb6cbb0abec9d17d45056a	storage/build/classes/java/test/org/apache/kafka/tiered/storage/specs/FetchableSpec.class
94db9dda707d74c68fbaa96cdae4646ce7c14c4d338e6df8b4f4a79af62fc512	clients/build/classes/java/test/org/apache/kafka/clients/consumer/ConsumerRebalanceListenerTest$8.class
94ecb3cf27ff7099ef8f32b93ae8bbba09ff8e4444ca8af203001b34e37aaceb	streams/build/classes/java/test/org/apache/kafka/streams/kstream/internals/KStreamImplTest.class
94f0145f9d45a8973b61a9a86e0f67708fe305c6fde74d3f0c936b0be78124ac	clients/clients-integration-tests/build/classes/java/test/org/apache/kafka/clients/admin/AdminClientTimeoutIntegrationTest.class
94f3c76426fb297c9669d3573898d8a4141587dcc73122e08da78c571a74c1d9	server/build/classes/java/test/org/apache/kafka/network/RequestConvertToJsonTest.class
94f7ccbf4e21e7003135f3195d2640d99a0e92a03b249e1b4cc5f814d52be2ba	metadata/build/classes/java/test/org/apache/kafka/controller/ReplicationControlManagerTest$3$4.class
955d90fc878054d6b7da2fe6a8fd3ccdd5c47f73573a8eee4a21f738d74986c3	clients/build/classes/java/test/org/apache/kafka/common/security/oauthbearer/internals/expiring/ExpiringCredentialRefreshingLoginTest$TestLoginContextFactory.class
95730edcd92440a133aa7a12d67665b23c9a61b6c2af6e15fac36f3553612d2c	clients/build/classes/java/test/org/apache/kafka/clients/consumer/internals/ShareFetchCollectorTest$ShareCompletedFetchBuilder.class
959c9758e80f39029cf21e8b878dd56f716ebec7ffa03039ed95b2317eb29566	streams/test-utils/build/classes/java/test/org/apache/kafka/streams/KeyValueStoreFacadeTest$1.class
95a57b25f1bb86751957d9bce9e72b5059eb38e6c6af14983c948d2e3bf1fb7a	clients/build/classes/java/test/org/apache/kafka/common/config/ConfigTransformerTest.class
95b4b9295edff0dd9eb2af6f51c18fbb6e3676655a6c3982d22dbb8a87c9bc23	streams/build/classes/java/test/org/apache/kafka/streams/state/internals/RocksDBTimeOrderedKeyValueBytesStoreTest.class
95e0ac76f8578fbf135a09d0d7a25111084cd214cd01750d6d08dff498b7e752	shell/build/classes/java/test/org/apache/kafka/shell/glob/GlobVisitorTest.class
961372735e31753618c8a34b9975b5d0337dfa8ce473196d284ffb5067702019	tools/build/classes/java/test/org/apache/kafka/tools/ConfigCommandTest$16.class
961783ac9ce88fc84f94658e1324f8bffa2abc5a0523aaae85e73a89b6bb9afb	streams/build/classes/java/test/org/apache/kafka/streams/state/internals/MergedSortedCacheWrappedWindowStoreKeyValueIteratorTest$StoreKeySerializer.class
9637bee8caa94989bdc833e79b079f9b016da93e000738cd20b3151bd44798ea	clients/build/classes/java/test/org/apache/kafka/common/requests/ApiErrorTest.class
96408ecda42f8b8b4b1cbd2aaa83b25429227347b3b99e4bab0745d967182e59	clients/build/classes/java/test/org/apache/kafka/clients/consumer/internals/CoordinatorRequestManagerTest.class
964e2518a40a778a8fd28024c38de00d27ab3e89ec681407f9c5380f1222d595	group-coordinator/build/classes/java/test/org/apache/kafka/coordinator/group/modern/consumer/ConsumerGroupMemberTest.class
9665ba0a365da5f8b0355ea9c00bd366d6c04ca2b5a5faafc893c6167675009f	streams/build/classes/java/test/org/apache/kafka/streams/kstream/internals/KTableAggregateTest$NoEqualsImpl.class
966a3835b32df7f9af5c7876da811b38b046435f7dcad5d9c23732581c5ee740	streams/test-utils/build/classes/java/test/org/apache/kafka/streams/TopologyTestDriverTest$5.class
9671723c9ae31c2735192e5d0f0de754d554352cbe3fe118f3b974c497c60703	raft/build/classes/java/test/org/apache/kafka/raft/KafkaNetworkChannelTest.class
967ddfc8b40c57c4c84a8d0158e7279dfca139eccbd9436cfdd121f392b9162e	clients/clients-integration-tests/build/classes/java/test/org/apache/kafka/clients/admin/AdminFenceProducersTest.class
96881c694d0f8fda39d19367ba424d40f46da27b8580b2078c02e799d023acbd	clients/build/classes/java/test/org/apache/kafka/clients/consumer/internals/ShareFetchCollectorTest$1.class
968bc5a2f989b93b258867b3bec52a719b17200c04966cd87cd5f0a91e9ff90a	streams/integration-tests/build/classes/java/test/org/apache/kafka/streams/integration/PapiDslIntegrationTest$1.class
969ec11f9407acc61b8dac6ec4f9c8825d6c824c4126048f42f3300470e52d5c	connect/runtime/build/classes/java/test/org/apache/kafka/connect/runtime/rest/RestClientTest$TestDTO.class
96bc28b6dc3bfbffecd7f10b3379a4133e32f0085dcff46b44411680618a3821	streams/integration-tests/build/classes/java/test/org/apache/kafka/streams/integration/RegexSourceIntegrationTest$5.class
96dafc1ec9587a971a9d5b681b4390f2d77137223d3a0176dd38e72046363b02	clients/build/classes/java/test/org/apache/kafka/clients/producer/internals/RecordAccumulatorTest$2TestCallback.class
96db3ffd240ae37d04fb7477435a2cb9dc5a652233739eb20ccacc9ccef57d7f	streams/build/classes/java/test/org/apache/kafka/streams/kstream/internals/foreignkeyjoin/ResponseJoinProcessorSupplierTest$TestKTableValueGetterSupplier$1.class
9715ac5c6fdd53dab313029643eda5c1a42b14cb9dcdcb60219600e88a9e2ebc	tools/build/classes/java/test/org/apache/kafka/tools/ConnectPluginPathTest$WorkerConfig.class
9721b37e636f60c0da7782e93e80375c273581a3fcede0c65fac68864f9e4892	tools/build/classes/java/test/org/apache/kafka/tools/consumer/group/ShareGroupCommandTest.class
97242458a30760fbe848e4cc4665a09a2ff1986fa17c0853241c353652b1ec4c	streams/streams-scala/build/classes/scala/test/org/apache/kafka/streams/scala/utils/TestDriver$TopologyTestDriverOps.class
9734faeee5ad346d5a82fb08142db5b282bf8890f5780fefa01072d9f41856b5	connect/mirror/build/classes/java/test/org/apache/kafka/connect/mirror/OffsetSyncTest.class
973832eb19b661b10df46ddc52f9b3cbf22017a71fc631abe96cf6fc0120cfb6	group-coordinator/build/classes/java/test/org/apache/kafka/coordinator/group/streams/topics/CopartitionedTopicsEnforcerTest.class
973b1160d4099fbd8e699329442f431d2e76aacb9966a2ed1771829e9e186b16	streams/build/classes/java/test/org/apache/kafka/streams/processor/internals/SourceNodeTest$TheDeserializer.class
974172b3318ef043e91645dc06baeb0dcfd3ab9012e60ce4da134610e184f484	server/build/classes/java/test/org/apache/kafka/server/NodeToControllerRequestThreadTest$TestControllerRequestCompletionHandler.class
9746bc5da176a187dec32195bb975c8e5a024c9f385b824f37da80ffa05545c0	clients/build/classes/java/test/org/apache/kafka/clients/GroupRebalanceConfigTest.class
974b9030094f5c02cfa72c0f904abebb9faa67cd9f72a9b361bee96197dfb880	server-common/build/classes/java/test/org/apache/kafka/server/share/persister/PersisterStateManagerTest$5.class
974d4030c78a94f3da37cc00617326ea96084229e4b7b21fe3716fe0de496eeb	streams/build/classes/java/test/org/apache/kafka/streams/state/AggregationWithHeadersTest.class
975368337841e65d4afb8daa9141e18b19ae1a932a1c189ce993856ca41db649	clients/build/classes/java/test/org/apache/kafka/clients/producer/KafkaProducerTest$14.class
9783f70ce235fbc1b7a2fea76038101804d67391f1770046f0c27d19d9bd83be	streams/integration-tests/build/classes/java/test/org/apache/kafka/streams/integration/JoinWithIncompleteMetadataIntegrationTest.class
978c0c5ba46eca9761102636584273eb5ae4e5a70241cdf8d0873827b6aba5a4	streams/build/classes/java/test/org/apache/kafka/streams/kstream/internals/SuppressHeadersScenarioTest$1.class
97c01fcb487fb63c0f1eb48ca3238c3a9d7bc552e521f4d24f6deb017ca6bfbe	core/build/classes/scala/test/kafka/server/AbstractFetcherManagerTest$$anon$4.class
97d9612e3f2b13b8558a56aafaa0105400cbb423ef1a6eef4c1e8cd0c76e03b2	core/build/classes/scala/test/kafka/cluster/PartitionLockTest$$anon$1.class
97e0b85728a393762f0d9f5276f6e94f21aa9c56e17f863a00319a1e711b46aa	streams/streams-scala/build/classes/scala/test/org/apache/kafka/streams/scala/TopologyTest$SimpleProcessorSupplier.class
97e1d4b7c47b3bbf8a9983a6e69a77324cadc091deddd85f89a28dacae588383	metadata/build/classes/java/test/org/apache/kafka/metadata/authorizer/MockAuthorizableRequestContext$Builder.class
97e2dba9e50efdf23d5ae6e9acfea0c004ba9f4c38d1233e0f4f765ab57d7344	streams/build/classes/java/test/org/apache/kafka/streams/processor/internals/assignment/StandbyTaskAssignorFactoryTest$State.class
97ef436aaf6aa9f982e99eb6c7e9233060776aff659487762cdabe28182a39d5	tools/build/classes/java/test/org/apache/kafka/tools/ToolsTestUtils$MockExitProcedure.class
97f6083e7aafd4bd9a4e1960a8599f365110abb8de1e70324fec7c50ca7f08bf	streams/integration-tests/build/classes/java/test/org/apache/kafka/streams/integration/RebalanceIntegrationTest$1.class
97f8767aec768898149f93410c309a404ae2823a9ff2ca8b2811fd85d30d177c	storage/build/classes/java/test/org/apache/kafka/tiered/storage/utils/RecordsKeyValueAssert.class
9801b5d02b25be9eb4822bcb9c27245fc30fdf48e955d79b0738c177008b3e3b	streams/build/classes/java/test/org/apache/kafka/streams/state/internals/BufferValueTest.class
980d2c98c28c47b42dbc0996c7612526a2c1265bc9499c4ab50b7e81ce17d399	clients/build/classes/java/test/org/apache/kafka/clients/producer/KafkaProducerTest$5.class
980d82c358f90d54314a384c549dc417f7dc1477aceef5f90d491e2d719452b4	clients/build/classes/java/test/org/apache/kafka/clients/consumer/ConsumerPartitionAssignorTest.class
980e4481688dc724f994043405b068a3b3b35d860f982175c130105c9b1b6e25	streams/build/classes/java/test/org/apache/kafka/streams/state/internals/RocksDBTimestampedStoreWithHeadersTest.class
980fbfa6f7c2e5ffb24d614c300ab2cb144b2f91f526c63a45a7121e74d31a17	connect/runtime/build/classes/java/test/org/apache/kafka/connect/runtime/ConnectorConfigTest$SimpleTransformation.class
9820f380b92ec3e2e0f9f4df7d0642deee63b1487feb0c1757d10d134d73e9e6	server/build/classes/java/test/org/apache/kafka/server/logger/RuntimeLoggerManagerTest.class
982c7de754a85b5d85783d17f536f038a4efc30614394fd10d308a310288e4b9	streams/integration-tests/build/classes/java/test/org/apache/kafka/streams/integration/utils/CompositeStateListener.class
983645686120c01389d610957c88f715fdf30a16d0975c07351ce13b4667df98	streams/build/classes/java/test/org/apache/kafka/streams/state/internals/RocksDBGenericOptionsToDbOptionsColumnFamilyOptionsAdapterTest.class
986f17e463a4b45bc3c17518e810ccb69fa925184cad7692749bca1fabdea8ca	raft/build/classes/java/test/org/apache/kafka/raft/RaftEventSimulationTest$Cluster.class
9882976d5ad646bc52435c46ed3cc32e8ae6182bc3cd4af7b140b28d02c61378	raft/build/classes/java/test/org/apache/kafka/raft/FileQuorumStateStoreTest.class
98838deedcd96715c952c2e4eb263e1c076b6c987942f3f926454cd34db8fbff	raft/build/classes/java/test/org/apache/kafka/raft/UnattachedStateTest.class
988a6a1306535ba4106ee2fea15f47a5c84a4129531f73e33aeda747f4fd5300	group-coordinator/build/classes/java/test/org/apache/kafka/coordinator/group/modern/share/ShareGroupAssignmentBuilderTest.class
9894769772e1198109b18e874b55c474a350bfedd98332432faa9f0d2a308e1f	streams/build/classes/java/test/org/apache/kafka/streams/state/internals/KeyValueStoreWrapperTest.class
98b3c565bf312ffa3c4c073351dd931f21166f046ccc0729bf9594ce6e54d841	server-common/build/classes/java/test/org/apache/kafka/server/util/InterBrokerSendThreadTest$TestInterBrokerSendThread.class
98d8a03fe84d3a0c4e6951cff9b100bee7b6acc9212a59bf43627cbbae210d79	group-coordinator/build/classes/java/test/org/apache/kafka/coordinator/group/modern/AssignmentTest.class
98dc7de8e4326ade112649b28c69b821e0a4d25e945d86029f3902435bcfe35b	streams/integration-tests/build/classes/java/test/org/apache/kafka/streams/integration/StoreQueryIntegrationTest$1BroadcastingPartitioner.class
98f44a7746848a731251bda3c345e64efc9215950c70e8061966f7986f011b17	core/build/classes/scala/test/kafka/cluster/AssignmentStateTest$.class
990b81305d88106bd2c238bb0e2f4b51e6041de462255e9f522f46502540af9a	core/build/classes/scala/test/kafka/server/AlterCredentialsTest$TestPrincipalBuilderReturningAuthorized.class
991e08f06c5ab290ccce9bd9263573e28dc8925ea4deb0b8556fb163326ac0a2	core/build/classes/scala/test/kafka/coordinator/AbstractCoordinatorConcurrencyTest$.class
9921c054e882744388f9fad798ca61d6c6f1e8fcf34c2b7c7546119a2a1d717d	clients/build/classes/java/test/org/apache/kafka/common/security/oauthbearer/internals/secured/assertion/AssertionSupplierFactoryTest.class
992e856a237993d75c47991058ac6ee94ff917f80b5392435aa9b37cdd77b635	core/build/classes/scala/test/kafka/api/GroupCoordinatorIntegrationTest.class
99335b7957aa2caa4ad126bf05ab94ee9d9919566b5bd9b3419397915b1e6a7c	group-coordinator/build/classes/java/test/org/apache/kafka/coordinator/group/streams/StreamsGroupMemberTest.class
995cad61415e0dc92fa72f2336c47c647946cb0837d5709d835e245a3e3f09f5	streams/build/classes/java/test/org/apache/kafka/streams/state/internals/GenericKeyValueIteratorFacadeTest.class
998fb34ddbb8512bc18c0a95412c577483d9d0c2c1e808381401abe20253f821	streams/build/classes/java/test/org/apache/kafka/streams/state/internals/InMemoryWindowStoreTest.class
999aa654846b1a2074b309ba82d5c6f0a1757c1a38d53ad1176566e33058a3a3	streams/integration-tests/build/classes/java/test/org/apache/kafka/streams/integration/HeadersStoreUpgradeIntegrationTest.class
999afe3309133fe0b83cd4781099f89a686f9dcbabb185c69125e707c5ce7bcc	clients/build/classes/java/test/org/apache/kafka/clients/admin/internals/DeleteGroupsHandlerTest.class
99d03936449193c99d1d94efd50b78e3540210d76bbf0f92c783ef76766b4052	streams/build/classes/java/test/org/apache/kafka/test/ReadOnlySessionStoreStub.class
99e854dabc28cf27973ddc69c0e759e3cc33a264fb76be3b1d0516c06f269f29	clients/build/classes/java/test/org/apache/kafka/clients/producer/internals/ChunkedRecordAccumulatorTest$6$1.class
99ec655718fd339e62559af35ec74a401e2aec2b0209f5a07b7073494f8c8d51	streams/integration-tests/build/classes/java/test/org/apache/kafka/streams/integration/ProcessingExceptionHandlerIntegrationTest$1.class
9a0a0840fc7b429d10bd72bc606fa568ef45de97d3bf7c17ef43dcfd32978efd	clients/build/classes/java/test/org/apache/kafka/clients/consumer/internals/metrics/ConsumerRebalanceMetricsManagerTest.class
9a1dd5d4472b41de92d4c97009674703c7640d965efe92bf04791e69122cc27b	metadata/build/classes/java/test/org/apache/kafka/controller/MockRaftClientListener.class
9a2dbaebf733dae323613f1380ba7772b4bf512ce6a56996ee1c27948cba1170	streams/build/classes/java/test/org/apache/kafka/streams/kstream/internals/KTableFilterTest.class
9a2e82d4a6618c518ca298045ff5d89ad39d65afed33ddec9e2966e81a83b80d	storage/build/classes/java/test/org/apache/kafka/tiered/storage/actions/ExpectLeaderEpochCheckpointAction.class
9a360abfc00e4c6fc7f8e799b82887ed45da5ae934d2ffa7f65aa07c185586dc	streams/upgrade-system-tests-41/build/classes/java/test/org/apache/kafka/streams/tests/StreamsUpgradeTest$1.class
9a4741f031bc9ddf76c98e153b01df69808f501ae3098bf3fca16116f13687c7	streams/upgrade-system-tests-11/build/classes/java/test/org/apache/kafka/streams/tests/StreamsUpgradeToCooperativeRebalanceTest.class
9a58b2f9dc0d3386ec41b169d3c5afb1d6926208ce159541faa7dd312e0affd3	storage/build/classes/java/test/org/apache/kafka/tiered/storage/actions/ConsumeAction$1.class
9a858a8802b7a1698e6b75edbd6c10bb8f2ee31847b3b876f2846faef1b49b5e	clients/build/classes/java/test/org/apache/kafka/common/security/authenticator/SaslAuthenticatorTest$3$1.class
9a887333e7d33cd7dd67aed3a83b88ece07b1b2474fb24e68019e93b6cbb5359	trogdor/build/classes/java/test/org/apache/kafka/trogdor/workload/TopicsSpecTest.class
9a8b470f73736c7798fbd9de918054747fe30cfdb59707d40e92535b1d00b34e	connect/runtime/build/classes/java/test/org/apache/kafka/connect/cli/AbstractConnectCliTest$TestConnectCli.class
9a913d5133a743eb5b48944eef679101edad36b71fe1e8287cbfde93170f8272	raft/build/classes/java/test/org/apache/kafka/raft/RaftEventSimulationTest$StableLeadership.class
9ab0e49839d80bf4f22d594e03d1a5184bfb1582035349dc1e2878afa061a7e4	metadata/build/classes/java/test/org/apache/kafka/controller/ReplicationControlManagerTest$2.class
9ab15b5d54540233c3779cb69a7a854aab5162f613201998dcefcb35b2fef980	clients/build/classes/java/test/org/apache/kafka/clients/producer/internals/BuiltInPartitionerTest$SequentialPartitioner.class
9abe2867f34d7b6053ec7c475b66f81fd468118a15da6af1067377b31f2e0507	streams/build/classes/java/test/org/apache/kafka/streams/processor/internals/ProcessorStateManagerTest.class
9ac309a2a60dba6ccee96ba1e604f7636a79f002bf5b7721f01b817b2128fad2	streams/build/classes/java/test/org/apache/kafka/streams/state/internals/RocksDBTimeOrderedWindowSchemaWithoutIndexSegmentedBytesStoreTest.class
9ac6f18b8c7ca65b52fa5ae38cd9bdedff9f931e67b3973949f4e6f47037052d	streams/test-utils/build/classes/java/test/org/apache/kafka/streams/TopologyTestDriverTest.class
9ad5960068c3d56a526eb7281863100f36def05ad67c731701cd864bdbf9c18a	share-coordinator/build/classes/java/test/org/apache/kafka/coordinator/share/ShareCoordinatorRecordSerdeTest.class
9add8bfc482da0b38894f1fed4f44fd382d58ed473b7728aed41c1e364d64213	tools/build/classes/java/test/org/apache/kafka/tools/ConfigCommandTest$12.class
9b002bd7fe54ea06037ab22e713b3d066a90a6a86112146edab589d5255c624c	streams/integration-tests/build/classes/java/test/org/apache/kafka/streams/integration/IQv2StoreIntegrationTest$StoresToTest$13.class
9b0a6d2f0db7ba916bb4662d154ab01520c12112758520431d9b9ed051cb97f8	connect/runtime/build/classes/java/test/org/apache/kafka/connect/runtime/isolation/SynchronizationTest$SynchronizedClassLoaderFactory.class
9b0ffa00afea6eb90be0e8df57640f663393f3b534d02f3acc3c24d255ceaa89	streams/build/classes/java/test/org/apache/kafka/streams/state/internals/RocksDBTimestampedSegmentedBytesStoreTest.class
9b1329fe8c5f938f98614ca75d764f38510f31719d755e37a5421a60dee645d2	streams/build/classes/java/test/org/apache/kafka/streams/processor/internals/WindowStoreMaterializerTest.class
9b1609796fd77b59f08cbd1e33529a27886488190fa73a123db91c3f62e70a1a	streams/build/classes/java/test/org/apache/kafka/streams/state/internals/HeadersDeserializerTest.class
9b286228fabc72b570d7136324907e85994c092142febf22b719620e50fa8d1c	core/build/classes/scala/test/kafka/api/PlaintextEndToEndAuthorizationTest.class
9b37f954819f469ef8fb00b4ac406353775905f5655c71269b1ea6de7b7d4fb9	streams/upgrade-system-tests-22/build/classes/java/test/org/apache/kafka/streams/tests/StreamsUpgradeTest.class
9b5296917d9d3ee7f05a8f174411c75352bbd5266b4e93b195f2e37b1eefc8ff	core/build/classes/scala/test/kafka/api/GroupedUserQuotaCallback.class
9b5d679923c1e773e627af0989a784a2a3562ebee8c985e0e3426e1543a79e24	streams/upgrade-system-tests-42/build/classes/java/test/org/apache/kafka/streams/tests/StreamsUpgradeTest.class
9b694009bbc0071ebec9247c8f9f162b3e4b9396b82feaf4a0618d5fc0c771a7	core/build/classes/scala/test/kafka/server/RequestQuotaTest$Client.class
9b996489cadb1ee26c8521ba9fdfd699510f5a3042b67c207a0df450e0388281	clients/build/classes/java/test/org/apache/kafka/common/network/SslTransportLayerTest$1.class
9ba6c61887cef24bbff459af541fc8ba7d43e5f0f4e7c60ba897b8453775aa5c	clients/build/classes/java/test/org/apache/kafka/common/record/internal/MultiRecordsSendTest.class
9ba8a2883c9b024f958d22cb476fe9d5eaa24dc3f3ae0f727f58cb892914f6e4	streams/upgrade-system-tests-23/build/classes/java/test/org/apache/kafka/streams/tests/SmokeTestDriver.class
9bd7bc0de929fdc0132687e8645ba2cf2da15a2a0f26763df465dc48805da15d	storage/build/classes/java/test/org/apache/kafka/tiered/storage/integration/TransactionsTestHelper.class
9bf95be5f9518df91e228d4ec898c252cc844d75569835b0b0a3d950f65174f0	server-common/build/classes/java/test/org/apache/kafka/metadata/properties/MetaPropertiesVersionTest.class
9c02b71d4649a4da2106548154efb13661d8168d7023713143f9f050c47b20b5	server/build/classes/java/test/org/apache/kafka/server/DefaultAutoTopicCreationManagerTest$3.class
9c039e2b10344a07e4b382b57b065f1fd568e2ee76a3eac2ee65420e4ca514f8	clients/build/classes/java/test/org/apache/kafka/clients/admin/DescribeUserScramCredentialsResultTest.class
9c22ec40058c8fdd4c2f167c5a54612ddee8ff8e810aa84417520baddffbb41b	tools/build/classes/java/test/org/apache/kafka/tools/ConfigCommandTest$5.class
9c285d3218f63ce5d8c9e92192aeece2242eaa5d9d353ddd9969edfbc4e27af0	streams/test-utils/build/classes/java/test/org/apache/kafka/streams/TopologyTestDriverTest$10.class
9c4dc4fb4be92c76332404afd1ab9120d4b8ef7b47df59fd89a1b540d18409f2	core/build/classes/scala/test/kafka/server/HighwatermarkPersistenceTest.class
9c709898d8d5770511da8b9cf0c9c23ef15864168688665312888b60d8391f5f	server-common/build/resources/test/log4j2.yaml
9c709898d8d5770511da8b9cf0c9c23ef15864168688665312888b60d8391f5f	streams/test-utils/build/resources/test/log4j2.yaml
9c709898d8d5770511da8b9cf0c9c23ef15864168688665312888b60d8391f5f	test-common/test-common-internal-api/build/resources/test/log4j2.yaml
9c86acda8191c26b09740dd252361d6f0fdee044c68c29d970c6b74c2f716b3c	clients/build/classes/java/test/org/apache/kafka/clients/producer/KafkaProducerTest$MonitorableSerializer.class
9cb3feadb0eea68bb5729f9176d879b1fc5f920c8a7600ae5b52ae85d0efe351	clients/build/classes/java/test/org/apache/kafka/common/utils/internals/ThreadUtilsTest.class
9cb8d78115872a9557c3215c491c1290883ad9a56c92a2521e13507cebfccf75	tools/build/classes/java/test/org/apache/kafka/tools/TransactionsCommandTest.class
9cc3af9119dea3d45a96b844efe348dc810adcbffb5132c5336842cd651fa248	streams/integration-tests/build/classes/java/test/org/apache/kafka/streams/integration/PositionRestartIntegrationTest$StoresToTest$6.class
9ccaba5a019de00147273e21ef147e464021a64a779a3d6c89465882ec1b4357	core/build/classes/scala/test/kafka/server/QuorumTestHarness$.class
9cd66854b4a4ea96293ff93bbbdd59ce8b48784f54ab1a56dc84335be31f5b8d	clients/build/classes/java/test/org/apache/kafka/common/security/oauthbearer/internals/secured/JwtResponseParserTest.class
9cea22a4d981ec033277f7942120d5a8b08e8e9745daf19c7ab0601408c5db01	streams/build/classes/java/test/org/apache/kafka/streams/state/internals/RocksDBGenericOptionsToDbOptionsColumnFamilyOptionsAdapterTest$2.class
9d028faad35a53fec6731ba414b80a3a72af1782488c8753b75e108de40c3a67	storage/build/classes/java/test/org/apache/kafka/storage/internals/log/LogTestUtils.class
9d07bab4b93c4092518c794b0eb8cf6badd6de93da8e4d38d6de8a8109da6feb	clients/build/resources/test/log4j2.yaml
9d0901da79e3c37b000572fd45171d1efd2872db82ff1ac373d23855a8f36aa3	connect/runtime/build/classes/java/test/org/apache/kafka/connect/storage/KafkaOffsetBackingStoreTest.class
9d0987f26e58c3a43062940e01cef1b462352c541accc58446709d4beea01c30	storage/build/classes/java/test/org/apache/kafka/tiered/storage/actions/ExpectEmptyRemoteStorageAction.class
9d17515d64d59f4bc75d300be4169c3abe432e96e62cb215834b67ad4e873e57	metadata/build/classes/java/test/org/apache/kafka/controller/AclControlManagerTest$MockClusterMetadataAuthorizer.class
9d1ff0d7f8a9b4a4ca32b382b3a9c3f62d378a120bd42bdf431df95209a4bec8	streams/upgrade-system-tests-26/build/classes/java/test/org/apache/kafka/streams/tests/StreamsUpgradeTest$1.class
9d20344b529ad69f0de019fe2e04f4500e7f73e8cb1b85d8705d98a4d41f17ff	connect/mirror/build/classes/java/test/org/apache/kafka/connect/mirror/HeartbeatTest.class
9d59d1d829bc87752924c66c302771bc78d83a70fabd7dd6780dd6f8901f5a40	metadata/build/classes/java/test/org/apache/kafka/image/publisher/SnapshotEmitterTest.class
9d61ddeee5b8e20d915143348898b835b8ad5fc2edd5e3bc2bbb5fe8f8c5c093	core/build/classes/scala/test/kafka/network/SocketServerTest$SelectorOperation.class
9d698f69ed312f131c9cc3515092db8bd34fdeb3f8f74a87ab7f3a861843c1f7	connect/runtime/build/classes/java/test/org/apache/kafka/connect/integration/ConnectorValidationIntegrationTest.class
9d7c7cf5b2ad501ad4d50e5447e23291d6bc874aacb6c1565900e8e6910da097	trogdor/build/classes/java/test/org/apache/kafka/trogdor/common/MiniTrogdorCluster$Builder$NodeData.class
9d7ce42cd4c78bf108542ac333de5df0ba105e08e2a18c551c858eeb4c19c7c0	clients/build/classes/java/test/org/apache/kafka/common/requests/EndTxnResponseTest.class
9d882563e2ee8c7dd04332f3948f7c498408596549ccc6f17ed805b4717d90a2	generator/build/classes/java/test/org/apache/kafka/message/MessageGeneratorTest.class
9d8d29ba5ec885f71ccc2ffaf5aaf752385cc3f35d331b82bca553c2046f95cd	clients/build/classes/java/test/org/apache/kafka/common/security/auth/DefaultKafkaPrincipalBuilderTest$DummyPrincipal.class
9d901bc8c4a609de7d2ce5a38c3658852cd44ea5de01bd573ae9dbc9f207ca26	group-coordinator/build/classes/java/test/org/apache/kafka/coordinator/group/modern/TopicIdsTest.class
9d955eceebd67b25cea4af2c4cf68e7a8c04bb089e62868bcb9e5d6592629b2c	streams/build/classes/java/test/org/apache/kafka/streams/state/SessionStoreWithHeadersContractTest.class
9d9a4500626339aaf93519da2ae257fc32049240c26e9ca2987ef2343600f278	streams/build/classes/java/test/org/apache/kafka/streams/state/internals/AbstractRocksDBWindowStoreTest$StoreType.class
9da8a2e0abb9f9fa8288e273b6800a7eff05322c6912a009f015ffd1addbe38c	raft/build/classes/java/test/org/apache/kafka/raft/RaftUtilTest$FetchResponseTestCase.class
9da8adbca305b4cb092fdcb312030df7dcdc5237c404cdd7bcda0f956bba5cab	clients/build/classes/java/test/org/apache/kafka/clients/producer/internals/ProducerBatchTest.class
9db7e7404a3e2975691e602d29adfdf586203a68c3e37f570abcfafc0b6ee3da	core/build/classes/scala/test/kafka/coordinator/AbstractCoordinatorConcurrencyTest$Operation.class
9dd9de2e1003099c237755dc150dda22b028f80588e9ff80b1ba5343f2a98445	core/build/classes/scala/test/kafka/coordinator/AbstractCoordinatorConcurrencyTest$OrderedOperationSequence$.class
9ddfd30587703f2b89482f9455368d30adf5603a2a2b14d8c8967ca3509f15cd	streams/build/classes/java/test/org/apache/kafka/streams/processor/internals/ActiveTaskCreatorTest.class
9de3cb0eb8027eb1d1c63f77ae5edb36d52110b68e5721f72cc6f677c252d933	streams/build/classes/java/test/org/apache/kafka/streams/kstream/internals/SlidingWindowedCogroupedKStreamImplTest.class
9de9470b0744df7bebd5184840a69ddb06929d050a3ee3a6fc9849c18acb1e8e	storage/build/classes/java/test/org/apache/kafka/storage/internals/log/TimeIndexTest.class
9df58818784012ed4f856175ae3acf2ab7c79453224312152aeb105ec34269fa	clients/build/classes/java/test/org/apache/kafka/common/message/SimpleExampleMessageDataJsonConverter.class
9dfd03a757108b4ed94b96292a1751225e277b8346b3d599ba445e6e867b65be	clients/clients-integration-tests/build/classes/java/test/org/apache/kafka/clients/consumer/PlaintextConsumerCallbackTest$1.class
9e0e0120f4afe478d1ac3b034504918fccb60d7fedaf1ace2d975ac0c810430c	clients/build/classes/java/test/org/apache/kafka/common/internals/SecurityManagerCompatibilityTest.class
9e10d695d487e04493d5d4e19fadd20baec9a00c1821280131dadd828f3019cd	server/build/classes/java/test/org/apache/kafka/server/MetadataRequestTest.class
9e147c78160691bddefb8e588dc3d84f4d2ef63a050b287dd009ff0f0f857bc9	streams/integration-tests/build/classes/java/test/org/apache/kafka/streams/integration/KafkaStreamsWrapper.class
9e348c7556ac2aa490fa5df7f85b8c48e7de5c2ac80e7bf30666fe4bf3a29bea	tools/build/classes/java/test/org/apache/kafka/tools/other/ReplicationQuotasTestRig$ExperimentDef.class
9e4429b296a22435967a27d912b3db385c2b8d8cc41fbc889701706f77ad7850	storage/build/classes/java/test/org/apache/kafka/server/log/remote/metadata/storage/ClassLoaderAwareRemoteLogMetadataManagerTest$DummyClassLoader.class
9e45f2aa025b91405f2ab1322a3ae7824e39808a5b4c87b7ecd350e713273d2b	raft/build/classes/java/test/org/apache/kafka/raft/EndpointsTest.class
9e65a407fa3672c01db5056bc94bae5bca8c1498a9bf7a4fde79850c56151795	core/build/classes/scala/test/kafka/coordinator/AbstractCoordinatorConcurrencyTest$OperationSequence.class
9e6c399c8cadd9ab75ab209fe8dfda9ecca8b95d58d7e6a2ab6167061eb6726c	streams/build/classes/java/test/org/apache/kafka/streams/processor/internals/InternalTopicManagerTest$MockDescribeTopicsResult.class
9e7024fb9857d1a692af5d59f5cd57a69aace52d183fc4fa61db8fd8cdde83f9	streams/build/classes/java/test/org/apache/kafka/streams/state/internals/InMemorySessionStoreTest.class
9e7796567d1d2be45f5f61460d430f55b9548fc23b240758b78b09fe3093e329	metadata/build/classes/java/test/org/apache/kafka/image/ConfigurationsImageTest.class
9e7b1d84d6de316cb4377a141c9c6f1bd8eb7d115285a00e854fd1d9ceb3348a	streams/build/classes/java/test/org/apache/kafka/streams/kstream/internals/KTableKTableOuterJoinTest.class
9e7e43ed09a3c56057fd100ad5c195993b4aeec7fe9f271b8a54d42d24f14f68	core/build/classes/scala/test/kafka/server/DescribeGroupsRequestTest.class
9e858f2edc791d1925d55584b86b33d21da36eec7b4fd5bfc1aa874aa79ece82	clients/build/classes/java/test/org/apache/kafka/common/feature/SupportedVersionRangeTest.class
9e863dda6574ecf3d66434919a60614596ff53fa131ad8fe2193b3785d65faf7	core/build/classes/scala/test/kafka/server/SimpleControllerNodeProvider.class
9e99a8045cdb4515d73db33bd057555e0356283111a3a273cf353bd9cd3c0ca7	trogdor/build/classes/java/test/org/apache/kafka/trogdor/common/ExpectedTasks.class
9e99d1fdd11928c5761cb917fc21849f22aa7178f61f7dae113d4c7522006f66	metadata/build/classes/java/test/org/apache/kafka/metadata/BrokerRegistrationTest.class
9ec4302874122358ac1adf650dfe746bc78be9ab3e62005ea6e9db34a8bc51fc	clients/build/classes/java/test/org/apache/kafka/common/security/oauthbearer/internals/unsecured/OAuthBearerUnsecuredJwsTest.class
9ee28827c9706a147f0328b59466ebf186105a03b0d785ce7f4cc6df01fa1776	streams/build/classes/java/test/org/apache/kafka/streams/processor/internals/StreamTaskTest$1.class
9ee99035f3f93396567066511c7d8f7a4236a66df28f4058177dfd6bc1feb6da	streams/build/classes/java/test/org/apache/kafka/streams/KafkaStreamsTest$2.class
9f1b86ecfc74a9e70c536cf541b8f7f1eaba00c20457835cb18bc4cd52596d61	streams/integration-tests/build/classes/java/test/org/apache/kafka/streams/integration/RegexSourceIntegrationTest$TheConsumerRebalanceListener.class
9f3a9874b31091954e7b9b797be948d559eb82229c77c5ede83fae466c28de50	storage/build/classes/java/test/org/apache/kafka/tiered/storage/integration/TransactionsWithTieredStoreTest$1.class
9f4e528731607c1b3cd5d4ccbaad232e8cc48abdbf2bddafa4897e874e79ee1d	streams/build/classes/java/test/org/apache/kafka/streams/state/internals/TimeOrderedKeyValueBufferTest.class
9f5d5ac1f494007cc009e29a7a91c70bef66e7241cb7eaf0f58671545fb275ac	clients/build/classes/java/test/org/apache/kafka/clients/producer/internals/RecordAccumulatorTest$1.class
9f672fc6e3dd89c8c41040ff40f6cd0b798f4af3f4fef7705f1f89b193896340	metadata/build/classes/java/test/org/apache/kafka/controller/PartitionChangeBuilderTest.class
9f7e6c907ceda463bbfc13343a9f326c4f972dbc5f0b47ce89d7f682e762fbbc	clients/build/classes/java/test/org/apache/kafka/clients/producer/MockProducerTest$6.class
9f884365db5f51759d076a9d4ff6a18ccd4b68acbb3a12e15cc70ba3d68f4609	connect/runtime/build/classes/java/test/org/apache/kafka/connect/runtime/rest/ConnectRestServerTest$1.class
9f92ba65238d525f901b02bb591cf3547638e4c244fa4b7706d492e2b2bcdfb5	generator/build/classes/java/test/org/apache/kafka/message/CodeBufferTest.class
9f9a7e96c4e164faf61ec7c0ca15692128b5cf4801dc6c00b94dac66e7436b31	clients/build/classes/java/test/org/apache/kafka/clients/ClusterConnectionStatesTest.class
9f9c44b22b8e000c49eb6a8b20f4b37f49ceef44381320a1a2de58fd59dc87b8	streams/upgrade-system-tests-31/build/classes/java/test/org/apache/kafka/streams/tests/StreamsUpgradeTest.class
9fa48fc0d4fe7fcb5a9f0af3928323607ebbf268dee1b57838b210ff1f209b36	metadata/build/classes/java/test/org/apache/kafka/metadata/ControllerRegistrationTest.class
9fb48c6b18b79785cbc1ab5f3f1fafbaa4fcc1654fc438814251cbe729418c78	tools/build/classes/java/test/org/apache/kafka/tools/FeatureCommandTest.class
9fdde99f0c50443f8df277a445b363344b41b1c3ec8c4c571307e2286b5ae90d	clients/build/classes/java/test/org/apache/kafka/common/protocol/ApiKeysTest.class
9ff03afc12c8a92baa8d7bed2a65e98dd37ced5482c5355263375a615cc59c4c	coordinator-common/build/classes/java/test/org/apache/kafka/coordinator/common/runtime/CoordinatorBackgroundThreadPoolExecutorTest.class
9fff268f7f228bc60265606f3af46787e249fd07de91faa818c268697f70d107	clients/build/classes/java/test/org/apache/kafka/common/PartitionInfoTest.class
a024c382a5ffb94ae7396614ce23a1aad9121ac3f976eddf4368f067d8b9f2ba	streams/integration-tests/build/classes/java/test/org/apache/kafka/streams/integration/EosIntegrationTest$1.class
a02fd14c65934b07be91dd5521ea9f96de02c23c38438094c3420752f7cf4cb8	clients/build/classes/java/test/org/apache/kafka/common/security/oauthbearer/internals/secured/RefreshingHttpsJwksTest$1.class
a03efee57a2dcf2dd5c82d16125cff991e67a4fea0e87730eadbe7313ea46eab	core/build/classes/scala/test/kafka/tools/StorageToolTest.class
a060786ed6715d427994625ed4542945c9018ad3daac1b01e4428d22a8b6fd28	test-common/test-common-runtime/build/classes/java/test/org/apache/kafka/common/test/AdminUtilsTest$1.class
a064a8d636d2cef2f022b26dd86653299bb321c7b7b60c28a8cb4b9b3efb90bc	streams/build/classes/java/test/org/apache/kafka/streams/kstream/internals/KStreamSlidingWindowAggregateTest.class
a0710a319086043424c5a05818532276eba2708511ff28ec0d560682edb1db7f	connect/mirror/build/classes/java/test/org/apache/kafka/connect/mirror/integration/MirrorConnectorsIntegrationExactlyOnceTest.class
a07de74fd26846c2d72d86e062cdbf7e4b0de2627a406ee4554c9c3bad66aa7a	connect/mirror/build/classes/java/test/org/apache/kafka/connect/mirror/MirrorCheckpointConfigTest.class
a09a3cd3e12f9ebbe345bb51a1164cf5346817d43c4d4cdbebd6748922ddd175	tools/build/classes/java/test/org/apache/kafka/tools/other/ReplicationQuotasTestRig$Journal.class
a09d73d97e9077b2cc6e8fcb4a6634274cf2044b4ca22b40d5bd090bbe537743	streams/build/classes/java/test/org/apache/kafka/streams/state/internals/SessionStoreWithHeadersBuilderTest$QueryTests.class
a0aeea8834f2b23f6909afb630e3738ce5a64cfe88fded3f1a04dc64471efc28	core/build/classes/scala/test/kafka/server/AbstractFetcherManagerTest$$anon$2.class
a0b05657198cef130744bd41b93a61979a487ae590ddeac700d2259bcbbf15a3	clients/build/classes/java/test/org/apache/kafka/common/security/oauthbearer/internals/secured/RefreshingHttpsJwksTest$MockExecutorService.class
a0bbdaee81c1163ac64556bf79f0152be52c704a9c6f848c481b4a44cac32061	streams/build/classes/java/test/org/apache/kafka/streams/state/internals/SessionStoreWithHeadersSerializerSideEffectTest$SessionStoreProcessor.class
a0e126fe3154216d77e3ad2d1211b0428a3ade0d90099ac9d44384aef50ffd47	clients/clients-integration-tests/build/classes/java/test/org/apache/kafka/clients/consumer/ShareConsumerRackAwareTest.class
a11885a5705bb6e56ce72dde75f571bf43a266e2b7ebc35119029fa9ae20e030	streams/build/classes/java/test/org/apache/kafka/streams/kstream/internals/TimeWindowedKStreamImplTest.class
a1289647c4c5477914c89f2a9a5c2f828ee00f5fb8f4f5e8f25bd3bd64108f6d	clients/build/classes/java/test/org/apache/kafka/common/record/internal/EndTransactionMarkerTest.class
a14fe25c9e249f4befeb583c8538fd82079bbdcc2f3e09503007dcdcf8663b7d	server-common/build/classes/java/test/org/apache/kafka/server/common/KRaftVersionTest$1.class
a1572ea1783e967bb9d65ed0c786a16ff8e23a2bdf7e6606e9133aa890cc75d4	streams/integration-tests/build/classes/java/test/org/apache/kafka/streams/integration/IQv2StoreIntegrationTest$StoresToTest$11.class
a17004142adee4f164eff0974e5dc6e762eab131c55d9a2c53f5ab6aac392a44	metadata/build/classes/java/test/org/apache/kafka/image/ImageDowngradeTest$MockLossConsumer.class
a1794500cee7a5b6d80c241dda5d3b53e35e599f977cad5ce01f61ec6a489e92	clients/build/classes/java/test/org/apache/kafka/common/requests/StreamsGroupHeartbeatResponseTest.class
a1920777a801f76e57b5e0224d5ea5038b77d369c1fdeba800b5d48b2d7f835f	streams/build/classes/java/test/org/apache/kafka/streams/processor/internals/GlobalStateManagerImplTest$TheStateRestoreCallback.class
a1bdc4b9694948fa1cbd4c7c8d0375e7439b7aa25b4e568c98e093091c3fb73f	storage/build/classes/java/test/org/apache/kafka/server/log/LogAppendTimeTest.class
a1cd8e8cffc7fddc298bd8e12d1b6d038d164fce0ca88a8cfb848383f03eda51	connect/runtime/build/classes/java/test/org/apache/kafka/connect/runtime/isolation/SynchronizationTest.class
a1ee7fe24409fca61c6b174683844eb3eac48c693c02127d767a86e1319ef481	metadata/build/classes/java/test/org/apache/kafka/metadata/util/RecordRedactorTest.class
a1f1a5ed0f838a993549d327f767dab24144aadb039ee31db93ac6ab41404802	core/build/classes/scala/test/kafka/utils/EmptyTestInfo.class
a1fe4b5a2c388589e41ca6f1803e3f9b7ba5d62c4284c2f5ab0ad24590b00f9b	connect/runtime/build/classes/java/test/org/apache/kafka/connect/storage/ConnectorOffsetBackingStoreTest$1.class
a212acd7449ea3525a4b7ca760bf06b0c7dd7b17b0a4c33ae1a9430164373f11	connect/mirror-client/build/classes/java/test/org/apache/kafka/connect/mirror/SourceAndTargetTest$1FakeSourceAndTarget.class
a2224d80836b845dd98c6f087db5e38b93bec4f94898e2f64ac901801ef41f4d	streams/build/classes/java/test/org/apache/kafka/streams/state/internals/RocksDBTimeOrderedWindowStoreWithoutIndexTest.class
a2424fa368ccef7569774df8d48648c77492179dbeea976282807f1555c014eb	clients/build/classes/java/test/org/apache/kafka/clients/consumer/internals/SubscriptionStateTest.class
a27438f45c719ebb2ec856455954bd47d349ec9ed769975fbc075dbf4ab0814a	streams/test-utils/build/classes/java/test/org/apache/kafka/streams/TopologyTestDriverTest$MockProcessorSupplier.class
a2786536902672fa9f59325c55f847c81ae6e94bf31105fea3ff6c79854528a3	streams/build/classes/java/test/org/apache/kafka/streams/processor/internals/RepartitionWithMergeOptimizingTest.class
a2870e48901a87d97f54935368f0f4a244c63cf9ebf43ea95c25c98702705c8a	server-common/build/classes/java/test/org/apache/kafka/server/common/FeatureTest.class
a290872a6a45c6351f9c2928c8209e614aae64bf226e08c6365f208f40b205a3	test-common/test-common-runtime/build/classes/java/test/org/apache/kafka/common/test/junit/ClusterTestExtensionsUnitTest.class
a29596771e982c3f728ddde9a547a5a2e34631bd1b1928bb058c06135440724a	clients/build/classes/java/test/org/apache/kafka/clients/consumer/internals/AbstractCoordinatorTest$3.class
a29b0788317a7475b3a8b4ed33c6422ff1a85d57801f07323df48d64c1750d7f	server/build/classes/java/test/org/apache/kafka/server/DefaultAutoTopicCreationManagerTest$1.class
a2a19b583baaf4e4177655385a4f9fd7f8d354370c036b6d018673313073b884	streams/build/classes/java/test/org/apache/kafka/streams/processor/internals/WriteConsistencyVectorTest.class
a2a5394387a39b815392ce3348b66b77f138942bdf139d23b19b20176af8c7f9	storage/build/classes/java/test/org/apache/kafka/server/log/remote/metadata/storage/RemoteLogMetadataSerdeTest$InvalidRemoteLogMetadata.class
a2aad708c47c89c8792412a1e463fa6488cb0c72d232ac584ecacbcfe035fa01	connect/runtime/build/classes/java/test/org/apache/kafka/connect/runtime/AbstractWorkerSourceTaskTest.class
a2ade99f81bd69a5c68edc79d4602a1e4f0164b8114006afdff1559d1121ba09	tools/build/classes/java/test/org/apache/kafka/tools/GetOffsetShellParsingTest.class
a2b0a19cc5526fb70a045c7e4b42f646b21cdc30c89612c25aeb3e203883f1a3	storage/build/classes/java/test/org/apache/kafka/server/log/remote/storage/RemoteLogManagerTest$8.class
a2b4b2de880ee9b57591b5ae1b9765a13921cd110f5e70088231cfbe35f3edae	clients/build/classes/java/test/org/apache/kafka/common/config/provider/DirectoryConfigProviderTest.class
a2d0afa36259eaabec68ebc38a7f478a8fb4653abe0f7ec242198fa3de8f557b	streams/build/classes/java/test/org/apache/kafka/streams/kstream/internals/KStreamFilterTest.class
a2dc97bb15f64c3b0df7183a9b724f096e79f125b79356240f18b056952ac920	clients/build/classes/java/test/org/apache/kafka/common/security/ssl/SslPrincipalMapperTest.class
a2de3667fcfbd36e526ab0643f09a3dd41915acae14e55834b042ec00fd68c28	storage/build/classes/java/test/org/apache/kafka/storage/internals/log/LogCleanerIntegrationTest$ValueAndRecords.class
a2e1ff406ed72ed3b98450d349c4945a3737dd8386ccd10a562dbe4964f07a92	streams/build/classes/java/test/org/apache/kafka/test/NoOpReadOnlyStore.class
a2f9fecf7f62e39a6903bbee6f8f747d409ec90d4f71646be30909ef466f0398	clients/build/classes/java/test/org/apache/kafka/clients/consumer/internals/SubscriptionStateTest$7.class
a31bc4024412e6a007ca177c3fa59eedccaf0e17cf23b5fa6ab1c1ba84635681	metadata/build/classes/java/test/org/apache/kafka/controller/ConfigurationControlManagerTest$CheckForNullValuesPolicy.class
a31d39597b4bbe8e52214884fa22c46cefeecca1f2521e67a5e0f0af1c49d3b5	clients/build/classes/java/test/org/apache/kafka/clients/consumer/internals/WakeupTriggerTest.class
a33c1a990dc33f6ed8dc10dbba9487b5e1028c857ac0b676d699e251fe6c4f72	streams/test-utils/build/classes/java/test/org/apache/kafka/streams/test/MockProcessorContextAPITest$3.class
a33f6f3781f3cccd936e0fd57119059d1f0454aed64ab3d7d0a087e45e87f507	streams/build/classes/java/test/org/apache/kafka/streams/processor/internals/ThreadMetadataImplTest.class
a34a345ceb2a6f7b74f9110f12839adcad872136be793e28cd078467e7cd5dc2	streams/build/classes/java/test/org/apache/kafka/streams/processor/internals/RecordCollectorTest$3.class
a34dedb0d87789333e71db34c255b1eeeff93ef9393c177444e4dc58b4fbaea0	storage/build/classes/java/test/org/apache/kafka/admin/RemoteTopicCrudTest$MyRemoteStorageManager.class
a34f6f2a58415c3628637db31af96298a3e1971d3fcdaa4e90c6cf02037ec69d	streams/build/classes/java/test/org/apache/kafka/streams/processor/internals/StreamThreadTest$11.class
a357e5a45848c9a0ea3135083e55e4b79acbd8c4d6f550050551fcbf1ed96061	streams/build/classes/java/test/org/apache/kafka/streams/AutoOffsetResetTest.class
a366dd47413f3e43664b3d798a57e08ce222405f71f87f080193f65882a78c40	clients/build/classes/java/test/org/apache/kafka/common/record/internal/MemoryRecordsBuilderTest$V2MemoryRecordsBuilderArgumentsProvider.class
a36c19449c9da021a058704f93f67ec4da3f51e183ed4b7f349a4322c52db308	group-coordinator/build/classes/java/test/org/apache/kafka/coordinator/group/streams/StreamsGroupTopologyDescriptionBackoffTest.class
a378aef4078c729f8f2cc709d703921a9e607b8cf1affc66071b408356ae380d	streams/build/classes/java/test/org/apache/kafka/streams/processor/internals/NamedTopologyTest.class
a3a8fe72f2ba7881f0be324843378b9482b9638295621d42d09b617b4bb99bec	clients/build/classes/java/test/org/apache/kafka/common/security/ssl/mock/TestTrustManagerFactory.class
a3ac62b7843c16a1d1c6d58901409acf2a9d7fd52d8ce99b0798c82aba4b2e0d	storage/build/classes/java/test/org/apache/kafka/storage/internals/log/TransactionIndexTest.class
a3bdc9c9d1249bb218cab82ca97e7bacc4a24739a86d96c5014474f33496e774	streams/build/classes/java/test/org/apache/kafka/streams/processor/internals/StateDirectoryTest$5.class
a3c076ef40e4abca9fdcdd4c85ae8726798d2e65d8a260dee3426890a0097019	streams/build/classes/java/test/org/apache/kafka/streams/state/internals/MergedSortedCacheWrappedWindowStoreKeyValueIteratorTest$1.class
a3d216b9c878c85b3e8722f42ed805d37687570b63519b3067d5a3e3f7121d17	storage/build/classes/java/test/org/apache/kafka/tiered/storage/utils/LocalTieredStorageOutput.class
a3d50a37688a9172d50335f058eacb6a1b32ab2d0cb967b306038d78164a7e1e	clients/build/classes/java/test/org/apache/kafka/common/utils/internals/PrimitiveRefTest.class
a3f1dc17cd94bf06783ad0a712d3c68577e1881e1c48b13e0991ab2244aa7000	streams/integration-tests/build/classes/java/test/org/apache/kafka/streams/integration/InMemoryStoreMetricsIntegrationTest.class
a40acb3e17488893525659a184821cc0b5c58f2bd7ab662e875f8936e6f04a39	streams/upgrade-system-tests-27/build/classes/java/test/org/apache/kafka/streams/tests/StreamsUpgradeTest.class
a4154918f4c7d5a7a6dd4dae36889d7783953cb6fdd743762c2d06b3ca38179e	streams/upgrade-system-tests-11/build/classes/java/test/org/apache/kafka/streams/tests/StreamsUpgradeTest$2$1.class
a42362da4f319f3d70e6aa930ba5152b65ee45cbed0f2ba1633f436cbf14581f	metadata/build/classes/java/test/org/apache/kafka/metadata/ScramCredentialDataTest.class
a4280e51f4b32377c94120b974a468105bfc7b853fa11a8c8a7529c6cf5b6a07	tools/build/classes/java/test/org/apache/kafka/tools/ConfigCommandTest$11.class
a42ea58dfc4674ff2e7a8517d131d5d74d45d407ecab91ae59301c8e9d65f7ae	streams/build/classes/java/test/org/apache/kafka/streams/processor/internals/testutil/DummyStreamsConfig.class
a43ac621f86e7799ba94672649d03d664a5eed7814a9e892b946f38fccdcf9a4	clients/build/classes/java/test/org/apache/kafka/common/security/authenticator/SaslAuthenticatorTest$TestClientCallbackHandler.class
a45343c1eec4182869cafe198c0e5a319f38df9e498640c3c410789680322ddf	core/build/classes/scala/test/kafka/coordinator/group/CoordinatorPartitionWriterTest$$anon$3.class
a46ae879a1da278c6af99c65a6d845ccfd55370f0b217d1d0e54909f58c3b721	streams/build/classes/java/test/org/apache/kafka/streams/processor/internals/RecordQueueTest.class
a4785a485dcbeab006ae411f88f34fcbb87cc2ae9b7eb52d4558ffb342060419	storage/build/classes/java/test/org/apache/kafka/server/log/remote/storage/ClassLoaderAwareRemoteStorageManagerTest.class
a47f719b2f70db8dbc0b62a963fe2ff7aedd7ff9c9f9555488c7b5c4c44519fa	clients/build/classes/java/test/org/apache/kafka/clients/consumer/internals/BaseHeartbeatThreadTest.class
a4a00e0aacae2f3babd1267e2c8f9e19f48b2621b87b1ef20b56d5279864c72b	streams/build/classes/java/test/org/apache/kafka/streams/kstream/internals/suppress/KTableSuppressProcessorTest.class
a4a96165ee8d03d831c755b27afa794addf82cf882610ee4cc7829ea999eeba6	clients/build/classes/java/test/org/apache/kafka/clients/consumer/internals/OffsetsRequestManagerTest.class
a4bd9ecb27b223e74c6eded6aaf823e73fb8cd444e79d36c4cffd437ece7bb48	core/build/classes/scala/test/kafka/cluster/PartitionTest$$anon$1.class
a4dbc519cbe6cea0ebbc6e283f312ca00f688ef701dce88deead198dc2ccc474	server/build/classes/java/test/org/apache/kafka/server/DefaultAutoTopicCreationManagerTest$TestTopicCreator$WithPrincipalCall.class
a4deb145ca38a2860e0555ffccb19055008e3ae9dd10468a07874e1c09bc9b42	share-coordinator/build/classes/java/test/org/apache/kafka/coordinator/share/PersisterStateBatchCombinerTest$BatchTestHolder.class
a4eff0a2e54403964bc61f8246dfe55b50323232f9f812b0034f68166f5a4130	streams/build/classes/java/test/org/apache/kafka/streams/processor/internals/StateDirectoryTest.class
a4fccbf8d9fa85851f91ac8dba215351c3cfc44509d8fe5c1d5fcdf7eedec335	clients/build/classes/java/test/org/apache/kafka/clients/consumer/internals/metrics/OffsetCommitMetricsManagerTest.class
a4fd33ff46c9f07a2e0e0011ae4c3ca660e7ecec0635fb32ee008b79a2d14d70	metadata/build/classes/java/test/org/apache/kafka/controller/ReplicationControlManagerTest$3$1.class
a5003dfa4ef500469ca0c2785cb52d197e4784e7375a20bca7c6ac7dc6da46df	clients/build/classes/java/test/org/apache/kafka/common/requests/OffsetsForLeaderEpochRequestTest.class
a51f32b57e107ddd98c5e06ba9df3aa6a303a7b06fb933b6e5f143b7ae912730	storage/build/classes/java/test/org/apache/kafka/server/log/remote/storage/RemoteLogOffsetReaderTest.class
a53b63938a057a7f1aca6358abffc383029af361fb62026da6a02789364bb6b7	clients/build/classes/java/test/org/apache/kafka/clients/consumer/RoundRobinAssignorTest.class
a53d71f63e6dd1a22ffebe7315210af357e6796e75c034e2366fdde7993804de	clients/build/classes/java/test/org/apache/kafka/clients/producer/MockProducerTest$4.class
a576673b8640723ec0d5a4498f276640971ea6f34158c46b71d74c32be51d9f7	streams/build/classes/java/test/org/apache/kafka/streams/EqualityCheck.class
a57749a9a1841731c56a95c032849411f58e145f6af94d82e807676c37f3f0c5	streams/build/classes/java/test/org/apache/kafka/streams/processor/internals/StreamTaskTest$9.class
a579d7d74feafa8c7d1e9dd55f83113f0361bf0727f74be3fc188cc27e98ac88	streams/build/classes/java/test/org/apache/kafka/streams/state/internals/OffsetCheckpointTest.class
a57aac265059c0324d3c6b4aaf7f683ddbb02056af3e7bff6de50c801f6d4680	clients/build/classes/java/test/org/apache/kafka/common/security/authenticator/SaslServerAuthenticatorTest.class
a5870470c446acce23e2824ccc5430d7955b18829e8ddda82a5a089667145e58	streams/build/classes/java/test/org/apache/kafka/streams/state/internals/metrics/StateStoreMetricsTest.class
a58c8b169500a68fe616a1dde950eaf04e8af56bf7d7990d39f4cc97d3996192	streams/build/classes/java/test/org/apache/kafka/streams/KafkaStreamsTest$KafkaStreamsWithTerminableThread.class
a595627981dd84ac9a9664b853108139a17c7084bb1e3488ee7a4f457108453f	streams/integration-tests/build/classes/java/test/org/apache/kafka/streams/integration/LagFetchIntegrationTest$1.class
a598f934f497d2553c7df2da8770f51429c7e9b64ded9f106f96c3a88f87c2d3	core/build/classes/scala/test/kafka/server/DescribeCredentialsTest.class
a5af0248a0bb6ca4f7c9c72e84fc5a31e804d79f7fa8c308f61721ddc55e3f67	streams/build/classes/java/test/org/apache/kafka/streams/processor/internals/InternalTopicManagerTest$MockDescribeConfigsResult.class
a5b55730e8f95e125a245ae7cd6605c3b4e76f223266062a92da39118ebc1d89	clients/build/classes/java/test/org/apache/kafka/clients/consumer/KafkaConsumerTest$DeserializerForClientId.class
a5c1669dfa96ae6a93fd8f507f70318a2392d58138cb45b0275494b95a84b32d	coordinator-common/build/classes/java/test/org/apache/kafka/coordinator/common/runtime/MockPartitionWriter$EpochValidatingPartitionWriter.class
a5ca09f3806eb0cbb1e7bb8550336f4cbc2ecbb23c36823c58b7d96184ba8c34	clients/build/classes/java/test/org/apache/kafka/common/requests/FetchRequestTest.class
a5caffa302134df9b129c529639913671e9494a7d36f205f45e6e7f4d6bf836d	clients/clients-integration-tests/build/classes/java/test/org/apache/kafka/clients/consumer/ShareConsumerTestBase$TestableAcknowledgementCommitCallback.class
a5cc307975423731d768bafb270488653fe2a7047add5bed419c673ea38d10c3	connect/mirror/build/classes/java/test/org/apache/kafka/connect/mirror/OffsetSyncStoreTest$1.class
a5d66e5052758d7b74ee93084cab3cb46688bc61c30df5331eaa89393f814270	clients/build/classes/java/test/org/apache/kafka/clients/consumer/internals/AcknowledgementCommitCallbackHandlerTest$TestableAcknowledgeCommitCallback.class
a5dba16be79811e8ead7a02522d34be0d14164f1a8e945983ccb4b1699b74eea	server/build/classes/java/test/org/apache/kafka/server/quota/ThrottledChannelExpirationTest.class
a5ef5e01a5ccd99ecc5a76818ecf24404fd51ecdf8c68dc38eeb9cc8face9cb8	metadata/build/classes/java/test/org/apache/kafka/image/FeaturesDeltaTest.class
a60a04ab7f01ee8938185334d482bc4622188f2736c169a5364e0b0b3a054dc0	server/build/classes/java/test/org/apache/kafka/server/NodeToControllerRequestThreadTest.class
a60d73a15533e9fd3ad20e12cbaf5ec5b35e288e08604d359cc74559057a4fdf	connect/runtime/build/classes/java/test/org/apache/kafka/connect/runtime/isolation/PluginScannerTest.class
a611bdd98ccc00882b86fd5e51166defc2b4060c38973db21bf9a7136e5d883b	clients/build/classes/java/test/org/apache/kafka/clients/admin/internals/DescribeTransactionsHandlerTest.class
a615a536fe3735d34e87c54674440af16addeb46e9a2b660c34a24b308900b09	clients/build/classes/java/test/org/apache/kafka/clients/producer/KafkaProducerTest$20.class
a616cd3ae50cef9467c099e8f228a8b1f1f33edcdb5d779dfc8cd5d9fd013864	group-coordinator/build/classes/java/test/org/apache/kafka/coordinator/group/streams/assignor/ProcessStateTest.class
a617bb247addeb1d1775c0606691c66e6ad7629068396f9554f6e92e939566ab	clients/clients-integration-tests/build/classes/java/test/org/apache/kafka/clients/consumer/ShareConsumerTestBase$DeserializerImpl.class
a6259ba90adbd4ac0001f7ce0f837024da6202ab0b219c255101f6e09736dbb9	connect/runtime/build/classes/java/test/org/apache/kafka/connect/integration/ConnectWorkerIntegrationTest$EmptyTaskConfigsConnector.class
a6280b55bffe551e4a9adb298f5902c82a18399dcdbe95647c87879a9574dd06	server-common/build/classes/java/test/org/apache/kafka/server/util/ShutdownableThreadTest$1.class
a63392bf2f9ee4c7dc3e162164806b1439834d9b7ba12712ea567d5e605da528	clients/build/classes/java/test/org/apache/kafka/common/network/KafkaChannelTest.class
a635d7d4e8274cb6e49289090b5e21bdb9c50648039fc0704286dbece5e5b42f	core/build/classes/scala/test/kafka/server/KafkaApisTest.class
a64c230efffd7d05bd3c647cfaab23fca422fa6874a4a8c2f062781b8910353d	connect/mirror/build/classes/java/test/org/apache/kafka/connect/mirror/clients/admin/FakeLocalMetadataStore.class
a650c68da64578d35eaa3845e5b7cdf3885310adc173e716885b14226973cbe9	clients/build/classes/java/test/org/apache/kafka/clients/consumer/internals/AsyncKafkaConsumerTest$2.class
a65a9de37b7f4433d16e149d2dffca1d0e079c02cf1822d8fbc1e2055b18cf62	connect/runtime/build/classes/java/test/org/apache/kafka/connect/runtime/standalone/StandaloneConfigTest$1.class
a67f07a04db2c9f2deb10497ead17078a3dfcd5e2cbd58c80042cd81a6b0f456	core/build/classes/scala/test/kafka/api/BaseConsumerTest.class
a6830eeb8e0cc499578e0cd95db9c4e83e8109782b0959fd83d4a2b44032eda4	streams/build/classes/java/test/org/apache/kafka/streams/state/internals/TimestampedKeyValueStoreWithHeadersSerializerSideEffectTest$HeaderAddingSerializer.class
a692b8ca458386a43ff96876c8b0278ab98915ffc0bc535e39ad75ea0319a9f8	streams/build/classes/java/test/org/apache/kafka/streams/processor/internals/StreamThreadTest$7.class
a6a0d0ef4c9ee3ba3b61cfec3ef4b888df3a59fecf61c63e5215cddb8bf1bb99	clients/build/classes/java/test/org/apache/kafka/common/requests/RequestResponseTest$1.class
a6ab4996454624b7621edfeab681ff01ce1d2a8259fc0eaa7dcc9dce209e8998	streams/build/classes/java/test/org/apache/kafka/streams/processor/internals/TaskAndActionTest.class
a6c840bc40fb12dd45de838991dd41fd7671fabc7decd4e6061d8985e8ac4a39	streams/build/classes/java/test/org/apache/kafka/test/InternalMockProcessorContext.class
a6d077c4a0f8877b3fd988532415afec454ce03ff5164ab059145f310ca961ad	server/build/classes/java/test/org/apache/kafka/server/quota/ClientSensorsTest.class
a6f68d67ced661629de4c3846f31bdd2e544938487640551c46430b16dd708ae	clients/build/classes/java/test/org/apache/kafka/clients/admin/DeleteTopicsResultTest.class
a70315a5e7666f2d6b9a729db9b27d1aa91dc32b3eece0913c166e3bc3579bdd	connect/runtime/build/classes/java/test/org/apache/kafka/connect/runtime/standalone/StandaloneConfigTest$2.class
a705849df775f145867a8c2f267db6b0f69e375777caf635d863a947dd1640f3	connect/runtime/build/classes/java/test/org/apache/kafka/connect/runtime/standalone/StandaloneConfigTest.class
a726960fac767ea7eb02f5a0d67f72be7aa709edfb7c80d74af15106809ec25c	connect/runtime/build/classes/java/test/org/apache/kafka/connect/integration/StartsAndStops.class
a72dfb6b2132f9a5c431a5c70beeb03a0e974f3c50ee9d2303a4307a9b294972	trogdor/build/classes/java/test/org/apache/kafka/trogdor/workload/ShareConsumeBenchSpecTest.class
a7319a3ddb3b77b3ae45dfadc77371feb4fd9d2858b8f011320a24a279bf254e	core/build/classes/scala/test/kafka/server/AlterReplicaLogDirsRequestTest.class
a7484e8c87a32651e0954653c08c9611dbee6e1aa4483a9170490d1f58e08faf	clients/build/classes/java/test/org/apache/kafka/common/message/SimpleRecordsMessageDataJsonConverter.class
a75fd5eb966ed4a31f5a8225bfd800ad5d7cc49682eab4934954dc2bf732bd01	connect/api/build/classes/java/test/org/apache/kafka/connect/data/FieldTest.class
a7665d9977bfe54cb0977f73a638367099e3c56c943ad4f9b1646495ae6a8e38	server-common/build/classes/java/test/org/apache/kafka/server/metrics/KafkaMetricsGroupTest.class
a76c994b6e3181f777fb652cc6fb90fddb50c76637840bbff6ad499ba62d7235	streams/build/classes/java/test/org/apache/kafka/streams/processor/internals/InternalTopologyBuilderTest.class
a7940c5f001062190d56370e63a55d82b3237133e624922ac0bfdfc82e31ba06	core/build/classes/scala/test/kafka/server/ListGroupsRequestTest.class
a7c6743ca4668a76c641bfae9baa77fca96537ab2679421e38355ecb0bef81b7	clients/clients-integration-tests/build/classes/java/test/org/apache/kafka/clients/producer/ProducerFailureHandlingTest.class
a7ef54f26d829d39c7711d36c45dc58a001b4e47812905ddae33d2cc39e4026c	raft/build/classes/java/test/org/apache/kafka/raft/RequestManagerTest.class
a7f12bf3803128e6425498d9cd41181c43961dbad7213d080e2c299bd5d2f255	tools/build/classes/java/test/org/apache/kafka/tools/GetOffsetShellTest.class
a80326c7566d0912dd4fe047f85e0a056e7a8bd1adda7de7b3a510e5b3fd5d9a	streams/integration-tests/build/classes/java/test/org/apache/kafka/streams/integration/KTableKTableForeignKeyJoinIntegrationTest.class
a807b66275aa5d4487c651587e6249ea5e675e550722b596100df93f7a3c4659	streams/integration-tests/build/classes/java/test/org/apache/kafka/streams/integration/KTableKTableForeignKeyInnerJoinCustomPartitionerIntegrationTest.class
a80bb76970e4f3f3cdd841c702a0a11abd047ad60ee723ac43b5c2ca79d71ca7	server/build/classes/java/test/org/apache/kafka/server/DefaultApiVersionManagerTest.class
a813c9e1b4a8bfe573b22e49f301c6f107fcdf74096b8ba488582fdd831d800f	connect/runtime/build/classes/java/test/org/apache/kafka/connect/runtime/rest/resources/InternalConnectResourceTest.class
a8151c4551c69e13b4c440db0a5347b5a93e6693c348856537ec618823a85102	clients/build/classes/java/test/org/apache/kafka/clients/producer/internals/ProducerInterceptorsTest.class
a815db9d4c372a92945a8becf7beb63627cbdfd9c948e71ee4b95363076449a6	streams/build/classes/java/test/org/apache/kafka/streams/state/internals/ValueConvertersTest.class
a82119a188faef453d4d7f84ea49c3c3347669a7f46d21b5cd4af00aea50e406	streams/test-utils/build/classes/java/test/org/apache/kafka/streams/MockProcessorContextTest$7.class
a84ba2a2731ede5c2250ef040333ed58d5af7cf69fdc517ef09205f262ddc655	streams/integration-tests/build/classes/java/test/org/apache/kafka/streams/integration/utils/IntegrationTestUtils$StateListenerStub.class
a84e538f9d6bc54edc28f07a714c0769dfb5a50b96e785739328dbd00b8bbbda	streams/integration-tests/build/classes/java/test/org/apache/kafka/streams/integration/RebalanceIntegrationTest$WithAssignmentBatchingDisabledTest.class
a86f9b004bc279dabafccb7fd88f3d71777b94063531b0c8c3a20dc7875fb488	streams/build/classes/java/test/org/apache/kafka/streams/processor/internals/ProcessorTopologyFactories.class
a881bc6f03b624fc7b951adb34743496ffac476453f9e4c22735a99392b99192	streams/upgrade-system-tests-22/build/classes/java/test/org/apache/kafka/streams/tests/SmokeTestDriver$NumberDeserializer.class
a8ba5fd64c226a641c7e55423cbf8aad26c03660d83589fbe2d79d06b478e54a	streams/build/classes/java/test/org/apache/kafka/streams/state/internals/RocksDBTimeOrderedKeyValueBufferTest$HeaderCapturingSerde$1.class
a8d881d8b5c09c6f0cae16c90370f523ba72743e461ec04b328eb27648f96889	connect/runtime/build/classes/java/test/org/apache/kafka/connect/runtime/MockLoggersTest.class
a8ef047601a0d41c85eecf03d75c91907639ecdc342d33b4842db27a76865ab0	streams/build/classes/java/test/org/apache/kafka/streams/processor/internals/GlobalStateManagerImplTest$1.class
a920a771cb90ebe40f28a507c1e4dab9714f745ceb891b5b0c535cd3831cf951	clients/build/classes/java/test/org/apache/kafka/clients/consumer/internals/GroupCoordinatorNodeTest.class
a92eda93684b53e8d652152377bf230301a92ab824b122c395fa25eca170f80d	streams/build/classes/java/test/org/apache/kafka/test/MockRecordCollector.class
a93f64e2c4b745a9d49152a86609e9a05da7ac8af2e04c889ba905375465afea	streams/integration-tests/build/classes/java/test/org/apache/kafka/streams/integration/RangeQueryIntegrationTest$StoreType.class
a94976872e27ecf11dbd06d11987fca3295b626412020d170a26128b074cf837	clients/clients-integration-tests/build/classes/java/test/org/apache/kafka/clients/consumer/ShareConsumerTestBase$ClientState.class
a95454bfd427486b6c600043578930164f70fa068eaa4c35a8a4cf7a7bea6052	streams/build/classes/java/test/org/apache/kafka/streams/processor/internals/metrics/TaskMetricsTest.class
a95939515677f5ae3b63648bbb60f6d1a81ec74dfc0449b77c43916061497bc9	metadata/build/classes/java/test/org/apache/kafka/controller/FeatureControlManagerTest$1.class
a9b62bfd794ccaae927f332622c72daf00eb83c2c14776232a3df61baa473dfe	streams/build/classes/java/test/org/apache/kafka/streams/TopologyTest$LocalMockProcessorSupplier$1.class
a9bf269cee6a196212e3251f23e80f8d1530ee3a5308d97507916d9140a16588	clients/build/classes/java/test/org/apache/kafka/test/MetricsBench.class
a9c4382b34781a0e4271fe605b53c8042db701453f89dcc2826c83e3d3d677e3	clients/build/classes/java/test/org/apache/kafka/common/config/ConfigDefTest$IntegerRecommender.class
a9d157dd7db9e4012f2c446b05ae65e75cfd0204c6a844c724372b62f24e4c69	streams/build/classes/java/test/org/apache/kafka/streams/tests/ShutdownDeadlockTest.class
a9d1bd79608764037c5763c5989864b2817ea10d39298b6cc0d5791a2d0eed35	tools/build/classes/java/test/org/apache/kafka/tools/reassign/ReassignPartitionsCommandTest$LogDirReassignment.class
a9e4e13c79a5818f72e75fe481a0f18ef38cb1ac0d6d02866b9efa095839e100	group-coordinator/build/classes/java/test/org/apache/kafka/coordinator/group/streams/TaskAssignmentTestUtil.class
a9e94b216e1fd85464b0381549c050d7d69290ea7009f326f94c24b62a910dcb	trogdor/build/classes/java/test/org/apache/kafka/trogdor/common/StringFormatterTest.class
a9f94fa125346cf4697a49d4647881756b0fc89d79fe142f49e8256616fef8c9	clients/build/classes/java/test/org/apache/kafka/common/internals/SecurityManagerCompatibilityTest$UnsupportedOperations.class
aa0ce47e6864a56f3787da061c8bb013ef1e8dd2540077d9a397e9c474de86fb	streams/build/classes/java/test/org/apache/kafka/streams/state/internals/AbstractDualSchemaRocksDBSegmentedBytesStoreTest.class
aa0d9b292bccbf5b668958a3da0085fbda8d373bc3e7392ec0bb1b66f16dc043	connect/runtime/build/classes/java/test/org/apache/kafka/connect/runtime/ErrorHandlingTaskTest.class
aa1ad2dbca864fb9191a29a6eae4f2ebd70822e7f0b56fea61ffacc010d1006c	streams/build/classes/java/test/org/apache/kafka/streams/state/internals/metrics/RocksDBMetricsRecorderGaugesTest.class
aa3846694fd61da499f97f761a0540e0c804221999e25f3ab98fbb8eb316aeb3	coordinator-common/build/classes/java/test/org/apache/kafka/coordinator/common/runtime/HdrHistogramTest.class
aa56b90f452877236cd84522449d0e77921ca268c13a87c744f8bd11b0179868	streams/build/classes/java/test/org/apache/kafka/streams/processor/internals/StateDirectoryTest$2.class
aa5fda13d00689c313abb4e4aaaf89b96636c5ca45b843999a50700639b21a91	streams/integration-tests/build/classes/java/test/org/apache/kafka/streams/integration/PapiDslIntegrationTest$8.class
aa766a8ae4f978feb466172cc3ca457ebfca103ed251a70214e3ddfe68b45411	streams/integration-tests/build/classes/java/test/org/apache/kafka/streams/integration/SmokeTestDriverIntegrationTest$Driver.class
aa7ca4e9d464897753565c52943930399113551facabad75082ab13f525e6951	streams/build/classes/java/test/org/apache/kafka/streams/kstream/internals/WindowedStreamPartitionerTest.class
aad3102a6412877918222c83d7657835a7e64ab21276f5a46470269ffa25883f	core/build/classes/scala/test/kafka/api/SslEndToEndAuthorizationTest$.class
aad9b4784431f930a38301e0e82f6cb0cfb132780be5ef91831c4351179a43d3	clients/build/classes/java/test/org/apache/kafka/common/requests/GetTelemetrySubscriptionsResponseTest.class
aadd0081ff81e146a63e0675bae7aaa72b9ffee8f18f406a3a8e6e7d3332b3ee	streams/build/classes/java/test/org/apache/kafka/streams/processor/internals/assignment/StandbyTaskAssignorFactoryTest.class
aae2097d28e3fc0f5dbd6f31da6f979a964e2e9f815eeabf66d7252e4a14ff42	metadata/build/classes/java/test/org/apache/kafka/image/publisher/ControllerRegistrationsPublisherTest.class
aae3debdc41471c3b70eaf6480e202366ca2d01614b976c76f83bf3df3c115d9	trogdor/build/classes/java/test/org/apache/kafka/trogdor/rest/RestExceptionMapperTest.class
aae3f18b5353b6d571350d729b348b5f16d074c8a44cb1ada53d4f5e1e7c519b	clients/build/classes/java/test/org/apache/kafka/common/record/internal/MemoryRecordsTest$Args.class
ab04b05326ae04f20c07c9184d2c138c44dd70903b3754c22e71016747a7729a	group-coordinator/build/classes/java/test/org/apache/kafka/coordinator/group/streams/TasksTupleTest.class
ab0a1264893d0ac91e4a94605f14a96fddaa047610d21842ac7a81924c8f7388	streams/build/classes/java/test/org/apache/kafka/streams/kstream/internals/graph/GraphGraceSearchUtilTest.class
ab311b9e095474a118a15e46b25f4e418aa2f42cb3db332fbe66407da237af32	streams/test-utils/build/classes/java/test/org/apache/kafka/streams/TopologyTestDriverEosTest.class
ab369730b49b9f64ec9a5a801d187f9d69473a2964622f9f7e85559e679143f1	streams/build/classes/java/test/org/apache/kafka/streams/state/internals/ListValueStoreTest.class
ab3e84d0504a62ea9297163f72652517c8a8351eaad6056d977000a627ecca47	connect/runtime/build/classes/java/test/org/apache/kafka/connect/runtime/WorkerMetricsGroupTest.class
ab47e0c8d322f980ebcd42875d2af69857a5bdf7da197f5e0b34039d8e475051	core/build/classes/scala/test/kafka/server/RequestQuotaTest$Client$.class
ab4b9b4b8a3bbea642d6a173c85e5a61780c627120da9ca8172b140e3bd9fc8a	core/build/classes/scala/test/kafka/server/metadata/BrokerMetadataPublisherTest$$anon$1.class
ab565c135848cadcd52c7312c322cc1416f7af6a32cfd2a7a6dc10f4216187ea	group-coordinator/build/classes/java/test/org/apache/kafka/coordinator/group/NoOpPartitionAssignor.class
ab570309c4113d51e0bf43c58d9658f16f7d8276ef0b0734b80cf3600d10e95f	clients/build/classes/java/test/org/apache/kafka/common/KafkaFutureTest.class
ab6ae6490be513b9c0e637690cf5bdad257aa8fc715bc421d0a1d315398b63ed	server/build/classes/java/test/org/apache/kafka/server/transaction/AddPartitionsToTxnManagerTest.class
ab72ddc4c7c4391302c34fc0aba4d12115ec81956cc9dc12c78e33988493f1fd	tools/build/classes/java/test/org/apache/kafka/tools/GroupsCommandTest.class
ab7ef281122dd1f3f8b08286949d2ac11eca50493b0870eef062a56b7b776978	core/build/classes/scala/test/kafka/server/TierStateMachineTest$$anon$1.class
ab7fe3d780c843c9cd887aa669b4788f498b681ee75d4f2de0386794d43e66fb	streams/build/classes/java/test/org/apache/kafka/streams/processor/internals/RecordCollectorTest$5.class
ab8335e93f10854f99837036665b8df48e2ec965916f1b4477d30fa0a50b480d	streams/build/classes/java/test/org/apache/kafka/streams/processor/internals/CopartitionedTopicsEnforcerTest.class
ab9bc4ada5b06108e574464d120c7273bd3c972badcc914a2bddf12d5a108da1	streams/build/classes/java/test/org/apache/kafka/test/GenericInMemoryTimestampedKeyValueStoreWithHeaders$GenericInMemoryKeyValueIterator.class
ab9ce8e71d8e64b8b42d72ebbf7135309240d2d66010bac5e6163b2f8e9e5e4f	group-coordinator/build/classes/java/test/org/apache/kafka/coordinator/group/OffsetAndMetadataTest.class
aba6fda340859d52ba08b17176ca0aba570ca04e94376638b316da4ef68772fa	connect/runtime/build/classes/java/test/org/apache/kafka/connect/storage/KafkaConfigBackingStoreTest$1.class
abbe679bf4bf93551d5706699af332b0729ecae77cbacce21a3a53dffb84ccbe	clients/build/classes/java/test/org/apache/kafka/clients/producer/internals/TransactionManagerTest$TestableTransactionManager.class
abc71b69728102370de737eb6d33ff8b5d260291eb748259f2d49a1dab654cef	clients/build/classes/java/test/org/apache/kafka/clients/MetadataTest.class
abd18b3aad6a3f581d335cbd90380328200fa1e09a0ef6661f9dcdd9d0a029e0	clients/build/classes/java/test/org/apache/kafka/clients/producer/internals/RecordAccumulatorTest$SequentialPartitioner.class
abd4cf790e0b560618dc436e71242b067855e0ed17ac245f3e89fd043fe3c178	core/build/classes/scala/test/kafka/server/DescribeQuorumRequestTest.class
abd7d4ae7d2ba4fbb38c15265c3019d1f7ea8d242fef5df595b3daffa9abbe96	connect/runtime/build/classes/java/test/org/apache/kafka/connect/converters/ShortConverterTest.class
abdc1014cb485162f689f906f518aad3c86e2f05fc7633ec9b2ef43a8f8e3a75	storage/build/classes/java/test/org/apache/kafka/storage/internals/log/AbstractIndexTest.class
abf7a74ada46448afe483080064b6af033c389ae6aa7429ed05951f9f478131f	transaction-coordinator/build/classes/java/test/org/apache/kafka/coordinator/transaction/TransactionLogTest.class
abf9af30bd12c00aef3e7bc34cf1805a930cbfd95baaecbafee0558e6e1656e4	metadata/build/classes/java/test/org/apache/kafka/image/node/MetadataImageNodeTest.class
abfc953ded84548641b4ee392e3a69551fd7446d3b5fe6f7a61cb2340d1d5dcd	streams/test-utils/build/classes/java/test/org/apache/kafka/streams/TopologyTestDriverTest$2.class
ac006a139c907b09e39dcd1a271bb87d72724d3e5d7c3a4214a23177bba7d73b	connect/runtime/build/classes/java/test/org/apache/kafka/connect/integration/StandaloneWorkerIntegrationTest.class
ac0f1ff2822a4ca4ba6367c24155cb59dcc9ec4ccdbae6f583b39d099953320b	core/build/classes/scala/test/kafka/api/MetricsTest.class
ac17bb9cb6e903211dde6d82328a9838a5d9cb6595e5fd98dff5d9aab08dbf16	streams/integration-tests/build/classes/java/test/org/apache/kafka/streams/integration/SuppressionDurabilityIntegrationTest$MetadataValidator$1.class
ac2188fe3d861b78bd35b940a91fa6e539868e70eab7a4dc851b2b05cd78279a	connect/runtime/build/classes/java/test/org/apache/kafka/connect/util/TopicCreationTest.class
ac2258f6ebdd17edc29a9526f2b855144b6023ecc7127175fa19a1d7fc46f4e0	server/build/classes/java/test/org/apache/kafka/server/transaction/AddPartitionsToTxnManagerTest$1.class
ac25bd63d348cf9fd8be7aec37aab8f4d14771cf94c4e193ba5a55ffa3c819dc	coordinator-common/build/classes/java/test/org/apache/kafka/coordinator/common/runtime/MockPartitionWriter.class
ac4001e05c9b8666246480f2321f7ae75794eb5262a1c9485c4507b8bb9c998d	server-common/build/classes/java/test/org/apache/kafka/server/share/persister/PersisterStateManagerTest$1.class
ac4df927727eee8dda695a1a5d782c9aa8aabc0e75fac092b48dec268d1bb19c	streams/streams-scala/build/classes/scala/test/org/apache/kafka/streams/scala/kstream/ProducedTest.class
ac5c2e4eb88876655170102248d182e1c551833c06d064f7e3a89c5b5f66daf5	trogdor/build/classes/java/test/org/apache/kafka/trogdor/agent/AgentTest$1.class
ac672e1e3e94bbada553339d77dc10a66706336c07e6381f1b1877861a98a359	server-common/build/classes/java/test/org/apache/kafka/server/purgatory/DelayedOperationTest$2.class
ac72790535583731b942799b34705b76d37b9a31628f010fcad66cb59d2340fe	streams/build/classes/java/test/org/apache/kafka/streams/tests/StreamsSmokeTest.class
aca8d0db7de0445a6ea305410ce4f4b1303377d3871bb21a1daac8ee8eff0277	streams/build/classes/java/test/org/apache/kafka/test/MockPredicate.class
acb8609c94c54ef5794598936e430a0f416de81d3efa91ee3b50e56da26f497f	streams/build/classes/java/test/org/apache/kafka/streams/state/internals/ChangeLoggingTimestampedWindowBytesStoreTest.class
acbd12dfbb766cb091e25b66fb7acda90f88e3fec4ceee71715cd72bd2b90184	core/build/classes/scala/test/kafka/api/SslEndToEndAuthorizationTest$TestPrincipalBuilder.class
acd6403ba262c2a0642f1d44b73ef31cd5a7814295cee0a6f7bb26f62565df36	connect/runtime/build/classes/java/test/org/apache/kafka/connect/integration/ConnectWorkerIntegrationTest.class
acf0f959dc33dda6ac1555398946872f9160aa28d260b95018f2d5aefc4cfb8d	streams/build/classes/java/test/org/apache/kafka/streams/processor/internals/StreamTaskTest$5.class
ad1b00d12eda0674215944965e1c5accb65d45796cf9e7510b23185a7156bbff	tools/build/classes/java/test/org/apache/kafka/tools/streams/StreamsGroupCommandTestUtils.class
ad2779ca52bc83678f6aa4cf5866b228c20afd345b6b9dee5ddf4121df16076c	storage/build/classes/java/test/org/apache/kafka/server/log/remote/storage/RemoteLogManagerTest$6.class
ad291888d516750b1fd47076a7cb1afe25dcb13dc8d2a27e8bccdb5f09467c55	streams/build/classes/java/test/org/apache/kafka/streams/processor/internals/RecordCollectorTest$2.class
ad41925ca0b220ef4fa5cd3f31c17e5fd59a7372eb20430a8c060b94621c6d01	connect/runtime/build/classes/java/test/org/apache/kafka/connect/integration/BlockingConnectorTest$ConfigBlockingConnector.class
ad488513489783b5998448ea45b9c4052a8a972b92bad281df7e0873e821c825	clients/build/classes/java/test/org/apache/kafka/common/message/SimpleArraysMessageDataJsonConverter$StructArrayJsonConverter.class
ad51fd4aa0ffc113e1be238b4bb481904462ec69e90d2c05f9d3cefbfb69f9e5	group-coordinator/build/classes/java/test/org/apache/kafka/coordinator/group/GroupMetadataManagerTestContext$Builder.class
ad5a0d7cdee3834582015fa03bd583d09ca6803db9118316960d4f5488e608b2	core/build/classes/scala/test/kafka/server/TestReceiverAndExporter.class
ad5be50597c9e468d58a4b1e33a87e577c3cb8163c2fa0e170ac307e87616569	server/build/classes/java/test/org/apache/kafka/server/share/CachedSharePartitionTest.class
ad69b17bc04ffa103b6c9af66a4e56c69e661175bdd78bf02f8c6dc02d9e555a	clients/build/classes/java/test/org/apache/kafka/common/network/SelectorTest$1$1.class
ad7b8a9826eb46bc24697a0ac81200ec91f07ae8ee9093a2d048138d791414e8	streams/build/classes/java/test/org/apache/kafka/streams/tests/StreamsBrokerDownResilienceTest.class
ad980e3da990369acf2b4e2a9579d210bf99fadad9cc19fa26820a4384905878	streams/build/classes/java/test/org/apache/kafka/test/ReadOnlySessionStoreStub$2.class
ada363c5f1548a15e933a760bd672bd2f0895b5ddb6bf6b448bf59795eb6edbe	server/build/classes/java/test/org/apache/kafka/server/quota/ClientRequestQuotaManagerTest.class
adc1df3e3f29bbcbb9522d895b64376df9ad0986f067d92d18c0c3d3789b2793	streams/integration-tests/build/classes/java/test/org/apache/kafka/streams/integration/IQv2IsolationLevelIntegrationTest$QueryFactory.class
adeda38f62b6d18f9e9956236c85acb60ed1460cdbb314669af5ad0b8d0b60c9	server-common/build/classes/java/test/org/apache/kafka/server/immutable/pcollections/PCollectionsImmutableSetTest.class
adf0eb0543d56d4f603d872d8337ea0acdde00936170f3ca4682d52a5b666395	core/build/classes/scala/test/kafka/server/AlterCredentialsTest$.class
ae09394687c18c7afba4f460e12f37e47d853f731f13445f61d9ef5ad891b975	clients/build/classes/java/test/org/apache/kafka/common/security/ssl/mock/TestKeyManagerFactory$TestKeyManager.class
ae0ef6e607402e991f70e5748be594e87e08cd1f119c3c7757fc90f8ecfc649a	clients/build/classes/java/test/org/apache/kafka/clients/consumer/internals/RequestStateTest.class
ae12fb2d65a3cfaabc1ed20cab3880dc115a6a34ac9117f4ea39e196374e3bc1	server/build/classes/java/test/org/apache/kafka/server/share/dlq/ShareGroupDLQStateManagerTest$Builder.class
ae1f4df8a00a4e53584720cd4b53580f9979a558089baf0205faad57ff7543a6	clients/build/classes/java/test/org/apache/kafka/clients/producer/internals/SenderTest$MatchingBufferPool.class
ae3ecbe96edf4bbfe8c929400ca11ba58706384a472ed7e6079e79239d83ac59	core/build/classes/scala/test/kafka/server/StreamsGroupDescribeRequestTest.class
ae589644078206ee81e01dd92c6cbf797ccedfddc1d58e45f191083c6cdc7cb5	streams/build/classes/java/test/org/apache/kafka/streams/state/internals/TimeOrderedWindowStoreUpgradeTest.class
ae6d933e1c9ee44d6131ff9bf0a8064ed33ce3c7a456589986b830904635a5e1	core/build/classes/scala/test/kafka/api/GroupedUserPrincipal.class
ae79e72d75e872a0c2b54ade831083c8e2266b9f8d064232e4231be020de3d95	clients/build/classes/java/test/org/apache/kafka/clients/admin/KafkaAdminClientTest.class
aea2a362d97d5d3f8f393db7f55adbf0f81e1827fd1b664fc7811e53fcfb1e78	streams/build/classes/java/test/org/apache/kafka/streams/kstream/internals/graph/StreamsGraphTest.class
aebcbb1f6592a66eb60dcd43b9699e5826461fd7cc0a62a7bdd6e8bdd753f9e7	streams/build/classes/java/test/org/apache/kafka/streams/state/internals/TimestampedWindowStoreWithHeadersSerializerSideEffectTest$WindowStoreProcessor.class
aecdc9f973662f59996082148c5d17a110d0cf9e3a93e58c196b83f4804c6b35	core/build/classes/scala/test/kafka/cluster/PartitionTest$SlowLog.class
aed31ef909f2a379cd35c5e50f8593157f8dd26390a671126ca2fa82e133145e	clients/build/classes/java/test/org/apache/kafka/common/security/authenticator/LoginManagerTest.class
aedf9c0c813fae49024edd95a8f5d4045a9fb9670150797c618325795c538961	metadata/build/classes/java/test/org/apache/kafka/metadata/authorizer/MockAuthorizableRequestContext.class
aefeba9ec6c575fc24c3c16f8e3a21456a020e2c77d02bdede923e4869cb86e0	core/build/classes/scala/test/kafka/coordinator/AbstractCoordinatorConcurrencyTest$Action.class
af054d94616377ced87bc69343ac630774fc2c9c005758a917f264c5180f4ab8	group-coordinator/build/classes/java/test/org/apache/kafka/coordinator/group/GroupCoordinatorConfigTest$CustomAssignor.class
af489f203586eb7d10d833a6465db6f2cff5c98cd307d41b0659d1f9eac836a8	trogdor/build/classes/java/test/org/apache/kafka/trogdor/common/MockScheduler.class
af508a6f295c029157d928e9f4ba48413d359a148c75a7a360d8b0e270972acb	connect/runtime/build/classes/java/test/org/apache/kafka/connect/storage/KafkaConfigBackingStoreTest.class
af69acafd09049667311122c538bd24329363f31cef953ac028fab88a156e46c	core/build/classes/scala/test/kafka/api/QuotaTestClients.class
af79c8ee16f2cb0afc0641f07b0d07cb7519e5b4d6b0f1930135854eda8f44ae	group-coordinator/build/classes/java/test/org/apache/kafka/coordinator/group/OffsetMetadataManagerTest$OffsetMetadataManagerTestContext$Builder.class
af8f80a4b425d7df0d3c9d7c9d592dbf4a2b4ecff4ca2ce3a3b56089faf29de0	connect/runtime/build/classes/java/test/org/apache/kafka/connect/runtime/rest/ConnectRestServerTest.class
afbc3e6c0fe346072b354a85f1d0f1bb666250a225aef5ae7e21f92640046fb7	clients/build/classes/java/test/org/apache/kafka/common/message/SimpleExampleMessageData.class
afbcedb4c45434db35f4a116f0787189dab1ce46b1d0e5d70ab6c51b2b59c151	server-common/build/classes/java/test/org/apache/kafka/server/util/FutureUtilsTest.class
afda76942b1e8a470e2d62fee3310e0db7430f5c1a744b55c6ebfd118c69b035	connect/runtime/build/classes/java/test/org/apache/kafka/connect/converters/LongConverterTest.class
afe79c87d34fa90405af82346e845ad3615981985d32153a24c550a13bfdefbf	clients/build/classes/java/test/org/apache/kafka/common/security/oauthbearer/internals/expiring/ExpiringCredentialRefreshingLoginTest$TestExpiringCredentialRefreshingLogin.class
aff84573fb6ccd76f6b90f911c2da218fb6c6c61421f1c80b7a30e0e6b834429	streams/integration-tests/build/classes/java/test/org/apache/kafka/streams/integration/ProcessingExceptionHandlerIntegrationTest$FailProcessingExceptionHandlerMockTest.class
aff9358fa7b2452d27ff46ec176a90f7ef40bafae6d518c9cae94be71a4c2c4b	core/build/classes/scala/test/kafka/server/WriteTxnMarkersRequestTest.class
b00f536ac809b8ee638f1dd2d0d32af050c632d4f8a0ecc657ad5c9d10534224	clients/build/classes/java/test/org/apache/kafka/common/requests/DeleteGroupsResponseTest.class
b02916ed117e1736ee8b3b192274f1b5dc3bf4c63bfc15cc2674d5083e7cd6a3	server-common/build/classes/java/test/org/apache/kafka/server/util/JsonTest.class
b033426c7908653d1693ca3281d8311fc911dd23ac0ae9c8aac5d05cca711eb5	streams/upgrade-system-tests-30/build/classes/java/test/org/apache/kafka/streams/tests/StreamsUpgradeTest$1.class
b0475e7d7704d784d864a2e221d768c5537259e4b11aebe97e5ddc6f50f629f2	clients/build/classes/java/test/org/apache/kafka/common/network/SelectorTest$ImmediatelyConnectingSelector.class
b05c31557173569039a927125252f2cbc92ec81a94d042419fd322ba65c7ccb9	server/build/classes/java/test/org/apache/kafka/server/share/fetch/ShareFetchTest.class
b0608857bb8b49b4a7ec09ca6b766033b526e43a5340f28608c86fec31477e57	clients/build/classes/java/test/org/apache/kafka/common/internals/PluginTest.class
b065375b907cacd1e7b9001634090d6929f2c94469e70034632b6f7efede4366	test-common/test-common-runtime/build/classes/java/test/org/apache/kafka/common/test/AdminUtilsTest.class
b0865cef633ffaee9dd5976f7d1032275687c69ac0deece375777a25ea43bb61	core/build/classes/scala/test/kafka/server/ConsumerGroupHeartbeatRequestTest.class
b08bb7d469e1168b181fe08a0ab771ce7ecb266393f0dcb1281d859fbb974623	connect/runtime/build/classes/java/test/org/apache/kafka/connect/runtime/WorkerSinkTaskTest$1.class
b0af112cb9f0696bb0fe2107b257d7dfcbbb6d369801105387ac1530c4ed62fb	core/build/classes/scala/test/kafka/server/TierStateMachineTest.class
b0b198b4b1606c125c84f2c72430a16e62230d87f9218ba7506edd79a2d1146f	storage/build/classes/java/test/org/apache/kafka/tiered/storage/actions/ProduceAction.class
b0bba21c8c3ca5e0971e280299a5411067a6c5a9cfcdde270ff19d117f3457de	group-coordinator/build/classes/java/test/org/apache/kafka/coordinator/group/streams/TopicMetadataTest.class
b108478a7c10f943c1e3cc55cf939a4036c4ef7c69e6a958854522db4748bc71	connect/mirror/build/classes/java/test/org/apache/kafka/connect/mirror/MirrorHeartBeatConnectorTest.class
b1103911eafacf2b73bf640a05c73e64396af4c111c884ff74ab69391cfef3a8	clients/build/classes/java/test/org/apache/kafka/common/security/oauthbearer/internals/expiring/ExpiringCredentialRefreshingLoginTest$2.class
b1146111ba440529207f3d5c91439f59172e44455b4e154b39a46aa0ae7307bd	clients/clients-integration-tests/build/classes/java/test/org/apache/kafka/clients/security/GroupAuthorizerIntegrationTest$1.class
b142e01a5e42a8c073835fa794c6cd7e3983006dfa51308b533c10f60ddd2d10	metadata/build/classes/java/test/org/apache/kafka/controller/ReplicationControlManagerTest$MockCreateTopicPolicy.class
b14fe9a3180d70f5dc752a62f78959ed512745cb132570682855ecf44c4a61ee	storage/build/classes/java/test/org/apache/kafka/server/log/remote/metadata/storage/serialization/RemoteLogSegmentMetadataUpdateTransformTest.class
b152135eaac8d7058e8133d77ceabaeb7df0e4c327cfc5bb11d40387f5e11851	streams/build/classes/java/test/org/apache/kafka/streams/state/internals/MergedSortedCacheWrappedWindowStoreIteratorTest$StoreKeySerializer.class
b175f465cd165aacb771cc7b4b9ffcf8cbb69ceb02b562c9c7f88edec02ccd4a	streams/build/classes/java/test/org/apache/kafka/streams/kstream/internals/foreignkeyjoin/SubscriptionJoinProcessorSupplierTest$1.class
b18d740c0c33886486071fbd5040a9e833a5f3e72ae95d575dc82e68eb8cfe26	server/build/classes/java/test/org/apache/kafka/server/DefaultAutoTopicCreationManagerTest$2.class
b1c1bd89eef3ccd8a2e0f460d3a71d7b1c1400844e38d3d8ea39aa79c80b33fb	clients/build/classes/java/test/org/apache/kafka/clients/consumer/MockConsumerTest.class
b1d0d0833d109780368759a78f652acc921e103e18cc1c083656945ab48ffc63	core/build/classes/scala/test/kafka/server/SaslApiVersionsRequestTest.class
b1d231856943b2de703abd2586169fbb63e165f0c042c5a2e8be544f0935ce29	streams/upgrade-system-tests-28/build/classes/java/test/org/apache/kafka/streams/tests/SmokeTestUtil$1$1.class
b1d7b2e4e2e4ab9fb24dbfd159732636f99e92d9f7c113b512bce7e8d081a89f	metadata/build/classes/java/test/org/apache/kafka/controller/MockRaftClientTestEnv$Builder.class
b1ed9e3e81ce2ba96819cf95b26cbda388599bf54c1265ba0e47bab304533cff	clients/clients-integration-tests/build/classes/java/test/org/apache/kafka/clients/admin/AdminClientWithPoliciesIntegrationTest$Policy.class
b1f668b374dfea8879fba81cd282050df6d00e1eccc8440ad2ef2f4be16723cb	clients/build/classes/java/test/org/apache/kafka/clients/admin/KafkaAdminClientConfigTest.class
b1ff13a2e2f5ae021069ec01f0193a9f2b65559e212f0d8677dcbf1eb994af89	connect/runtime/build/classes/java/test/org/apache/kafka/connect/integration/ErrantRecordSinkConnector$ErrantRecordSinkTask.class
b2027a5d2d7ccd428c998af622f6324183885a23f7e9897d0604ebe2aced3339	clients/build/classes/java/test/org/apache/kafka/clients/admin/internals/AdminApiDriverTest$MockLookupStrategy.class
b20fa483385151573789dd8b331fa6aad8d76c37ad8313b9806284c209948d2e	metadata/build/classes/java/test/org/apache/kafka/controller/ReplicationControlManagerTest$7.class
b22250c5258a7b791cccb8848e46503ab006cb88faaa90faddded84e19c49cc7	raft/build/classes/java/test/org/apache/kafka/snapshot/NotifyingRawSnapshotWriterTest$NoopRawSnapshotWriter.class
b22276129789d309d97be4d667559d9c42407030386f46b502ef810655bbcc2e	clients/build/classes/java/test/org/apache/kafka/common/metrics/KafkaMetricTest.class
b2268a6cfc797f164d8509bc92ef70e2a6a17f21969b7235dd720fdd0aead4d7	clients/build/classes/java/test/org/apache/kafka/common/network/SslTransportLayerTest$TestSslChannelBuilder$TestSslTransportLayer.class
b22f01ad12dd7eb46d82255cad23990e6128678257f2e503ae23450aee0539ef	streams/build/classes/java/test/org/apache/kafka/streams/StreamsConfigTest$MisconfiguredSerde.class
b23002a75eadcbba88f70f97a2cd001e8faba5e3c3688065b67af1eeff2e5834	streams/build/classes/java/test/org/apache/kafka/streams/state/internals/SessionKeySchemaTest$QuadFunction.class
b251658de7ed88ba2164a63a822efb0f45c37ec3c2cc928c6d53b0f67b446911	core/build/classes/scala/test/kafka/server/KafkaRaftServerTest.class
b25bc859150b323ce0d37aa4e6245ce3f992ba5a374fccbbbe3f94c851987e1b	clients/build/classes/java/test/org/apache/kafka/common/record/internal/CompressionRatioEstimatorTest.class
b25c32677eedfd5a4e1abd3515bc653c09bcaeb4bc740fe32e3965be8cff254c	streams/build/classes/java/test/org/apache/kafka/streams/state/internals/MeteredTimestampedKeyValueStoreTest$CachedKeyValueStore.class
b26f351a2439d190717fedfeb3eb9c0c415fbf2db08145aac7f41b3749341e23	coordinator-common/build/classes/java/test/org/apache/kafka/coordinator/common/runtime/MockCoordinatorShard$RecordAndMetadata.class
b2786b5bb6c4d339112d7638e8afbac4454abc4fc48bfca1ca4e345b628d7b62	streams/build/classes/java/test/org/apache/kafka/streams/kstream/internals/FullChangeSerdeTest.class
b2895340d30c95d4534de7422e907a06130babbc717b275133ab8008a0fe3403	streams/build/classes/java/test/org/apache/kafka/streams/state/internals/ChangeLoggingTimestampedKeyValueBytesStoreWithHeadersTest.class
b29419c53c99ff8fea88a5dba1b9946231c75b450aca655ccb133f641d7b409f	streams/build/classes/java/test/org/apache/kafka/streams/kstream/internals/foreignkeyjoin/ForeignTableJoinProcessorSupplierTests.class
b2acfa5270ce9cebeb864dd5aac8bb14777db4cb94eca97595086725008084c0	core/build/classes/scala/test/kafka/network/SocketServerTest$TestableSelector$DisconnectedPollData.class
b2b25966b0213c96b768e6d7f3ee58310d43d37357b7ec7f470e36c3ae296cdc	streams/build/classes/java/test/org/apache/kafka/streams/processor/internals/GlobalStateTaskTest$2.class
b2c2f0d1b538345a5ac48d204259d7b75796c3208bf8df65791781df100bb10b	clients/build/classes/java/test/org/apache/kafka/clients/consumer/RebalanceListenerTest$5.class
b2da9dbdb8795f8ea7c8f49b50ad068ebff0d467a9d41c7f1960e237550a7a48	core/build/classes/scala/test/kafka/utils/TestUtils$LogDirFailureType.class
b2efba6275c18955ecd885a774adb6421a9e22fda40545e07e13a05017814125	clients/build/classes/java/test/org/apache/kafka/clients/consumer/CloseOptionsTest.class
b2f12ec6b087f2ad3f3a512e8fe743822365d8c0ef88e08405a5eb767a0c948c	trogdor/build/resources/test/log4j2.yaml
b3149bfe952fe2def226d8fbcffaa3ef1f095b73a76ad43195f1f6828ca4442c	streams/build/classes/java/test/org/apache/kafka/streams/state/internals/LegacyCheckpointingStateStoreTest.class
b33f3095ef595cc498a01a1ce47926f13429afcc07993906338e4e1844f67761	test-common/test-common-runtime/build/classes/java/test/org/apache/kafka/common/test/junit/ClusterTestBeforeEachTest.class
b3400e5d9715390c2ab395e1a2fe884d25f4256fdc9ef74acdc7802dd79bf258	streams/build/classes/java/test/org/apache/kafka/streams/processor/internals/SessionStoreMaterializerTest.class
b344d94058453dd893199689b33503b661b7375d9acea8f68fca7b25d5a09758	server-common/build/classes/java/test/org/apache/kafka/timeline/SnapshottableHashTableTest.class
b34ae393a287cb2af28a6d86879a8160940b6df2f6a7b56db7d76ed6d746d381	shell/build/classes/java/test/org/apache/kafka/shell/glob/GlobComponentTest.class
b34eb27dd8eca5d72f1f334a226a51170f0c226a22ba28d5b6e8fa87c2e6a226	streams/test-utils/build/classes/java/test/org/apache/kafka/streams/MockProcessorContextTest$8.class
b36e96950c008aa66ce0bc5e206fa5992a1d68c2aef59d9debd1832262e7133e	storage/build/classes/java/test/org/apache/kafka/tiered/storage/integration/DeleteSegmentsTest.class
b372c54e8e87329e6a8eec0c02ec4f8d7074f42d2eba8080b46793f8445af09c	storage/build/classes/java/test/org/apache/kafka/tiered/storage/actions/AlterLogDirAction.class
b37844b6126a1ff0aab9b69a5757348c159acadfc74dd65782311229d5eb7cf2	clients/clients-integration-tests/build/classes/java/test/org/apache/kafka/clients/admin/ListOffsetsIntegrationTest.class
b38143d02515b948baa6ff448d2824b491fb2600fb6dcb11aeda8d8075d86815	test-common/test-common-runtime/build/classes/java/test/org/apache/kafka/common/test/KafkaClusterThreadFactoryTest.class
b3872885c3be9da6be31b3e336b4b32bdb6f4e066b915b749755ac7a52c3787c	streams/build/classes/java/test/org/apache/kafka/streams/kstream/internals/SuppressScenarioTest.class
b38f115fc22a0449e5a35acaab79c27cc0d39185968fc8ba47b76372fdea5fe0	clients/build/classes/java/test/org/apache/kafka/clients/consumer/internals/AcknowledgementsTest.class
b39c079e1c28fbd09dff3d5dfac03f8e39d59656350e0381f6d74014cdf9f1b5	clients/build/classes/java/test/org/apache/kafka/common/utils/internals/Crc32CTest.class
b3a9bf18a324993fdcff27f94ea4872748d94e209cbdfd4347d74bba3fdc5d0c	clients/clients-integration-tests/build/classes/java/test/org/apache/kafka/clients/consumer/ShareConsumerCallbackTest.class
b3b38e090fd4707c42035d98c180ca8a15dad8a7558a9e62ac99cd5429119b25	clients/build/classes/java/test/org/apache/kafka/clients/admin/internals/AdminMetadataManagerTest.class
b3cc8b6e9433eb88801034749bd905c9f4cf437f2090f18f195be702bcce2902	streams/integration-tests/build/classes/java/test/org/apache/kafka/streams/integration/TimestampedStoreUpgradeIntegrationTest$TimestampedWindowedProcessor.class
b3d0f9b2e6099eb702671f9dab8712405d87772f29c322e535c1c2b207904a1c	core/build/classes/scala/test/kafka/server/metadata/ClientQuotaMetadataManagerTest$$anon$1.class
b3d32a984ad19183d4d3dc09f06a6087867023cce73166398e7803ff50c64dc6	clients/build/classes/java/test/org/apache/kafka/common/requests/RequestResponseTest.class
b3e8c4342341ea9d52a3183f5cd9a99048fd2ea1534e5d3115ba0cb6f4482418	streams/build/classes/java/test/org/apache/kafka/streams/kstream/SlidingWindowsTest.class
b3ea4e7642ed7a29c72caa162a618516d9ec9d019f197456cea4942f22b80834	clients/clients-integration-tests/build/classes/java/test/org/apache/kafka/clients/consumer/PlaintextConsumerCommitTest$1.class
b3ebb8e25e15112f17fa01102bc8bcc04e1c8da671c436cbe870add0cfa4d892	core/build/classes/scala/test/kafka/coordinator/transaction/TransactionCoordinatorTest.class
b3fa46612446f2353aa6d543410ace52490d927e97caaea14c3a15e034441b3f	streams/build/classes/java/test/org/apache/kafka/streams/state/internals/StoreQueryUtilsTest.class
b403e3db85a149a1d424aeb74ff772b70f8b4d828172296c313cdfc0971bc520	streams/build/classes/java/test/org/apache/kafka/streams/state/internals/ReadOnlySessionStoreFacadeTest.class
b40ab37e5bfb010ecac1da973f7d06809d66cafe660257781dad40c8e10fbef1	connect/runtime/build/classes/java/test/org/apache/kafka/connect/integration/BlockingConnectorTest$BlockingConnector$BlockingTask.class
b42027a643dc0011ba16596f98cacd3011da2cb3212740591aa82b5df54fee20	connect/runtime/build/classes/java/test/org/apache/kafka/connect/integration/ConnectorRestartApiIntegrationTest.class
b42eba67c1a1365a99619b74d0a909c378befa11bfa4dae8ab7359509e67190e	streams/build/classes/java/test/org/apache/kafka/streams/processor/internals/StoreChangelogReaderTest$6.class
b45220085e74fa4ab870107ce2b3e509f2d0dc7a503c1e0747f8bbe295f5b75f	streams/build/classes/java/test/org/apache/kafka/streams/kstream/TimeWindowsTest.class
b4789d1209762f4b246df151310613a27f147e8bbf2b78e9e41becb47ae133eb	clients/build/classes/java/test/org/apache/kafka/clients/admin/internals/AlterConsumerGroupOffsetsHandlerTest.class
b47c35f3600f11df38ef3374ab452d0493d9009b6e04dc5db35fb1eca22f3096	core/build/classes/scala/test/kafka/server/ReplicaManagerTest$$anon$7$$anon$8.class
b47f616a61177b9bbe1be81248d1f787311c6348b96104ee38cb92a12f5addef	streams/build/classes/java/test/org/apache/kafka/streams/state/StateSerdesTest.class
b483d83728b5dcfbd58b10feb9008cf7da9e2715330dc1b3d789511d09e6d8fd	generator/build/classes/java/test/org/apache/kafka/message/MessageDataGeneratorTest.class
b48b523b1143f57923d25ebb04588464d527ded27da0a6be4ba58dc752c95ad8	clients/build/classes/java/test/org/apache/kafka/clients/producer/internals/ChunkedRecordAccumulatorTest.class
b4912b539f09783f6e95b7ca8c817f940ac2a66e6e9b22e295e47520091b40a9	streams/build/classes/java/test/org/apache/kafka/streams/state/internals/RocksDBSegmentedBytesStoreTest.class
b4950aca6bfa618fe7c3f2e976225ced4ef6289ded53a661daf96132cb502eb8	clients/build/classes/java/test/org/apache/kafka/common/requests/RequestHeaderTest.class
b49b78e5dd9eb7dfef4603648a1786a8810bffe9c634e29cd4683d31ea2815be	tools/build/classes/java/test/org/apache/kafka/tools/consumer/group/ConsumerGroupServiceTest$1.class
b4a9e1237f339c64bea76155ce568078548c3976e5b3b5a79848b30a23619b95	metadata/build/classes/java/test/org/apache/kafka/controller/ConfigurationControlManagerTest$TestExistenceChecker.class
b4aa32e42121b3ce0804541224e3707a815f0354125706ae4d70afd74c01c4a5	clients/build/classes/java/test/org/apache/kafka/common/record/internal/MemoryRecordsTest$MemoryRecordsArgumentsProvider.class
b4b9c76cfeee34146ed45f11d237444c0ce71a60c7e648f91eae5a1912f72b97	clients/build/classes/java/test/org/apache/kafka/common/requests/DescribeAclsRequestTest.class
b4ea57caba0054458841822a6513d531c3eef95008e6322831dcc57270b96b40	clients/build/classes/java/test/org/apache/kafka/clients/admin/ConsumerGroupDescriptionTest.class
b4f9114d340bb942ac6b2da646ed891e579872c60780a6ceea6517a3020e3eee	clients/build/classes/java/test/org/apache/kafka/clients/producer/KafkaProducerTest$2.class
b4fee2aa3989ae4a68eb42f045a0033d5f824a2bb751352bcfed85bb458f5792	trogdor/build/classes/java/test/org/apache/kafka/trogdor/common/WorkerUtilsTest.class
b514d8612621f70bd32e2c5128ddc861d8e26598ac1c185453d12bcdb8b6775d	streams/build/classes/java/test/org/apache/kafka/streams/processor/internals/GlobalStreamThreadTest$4.class
b52bb8357bdb2bc081a90db1efa68191c018e42ec5276bef37d6a83451de116c	tools/build/classes/java/test/org/apache/kafka/tools/DelegationTokenCommandTest.class
b53b77bb5eb9c0dfd9ebdec1db489f35245d222680ac7cc15d7e834af3ae4899	streams/build/classes/java/test/org/apache/kafka/streams/kstream/WindowTest.class
b55828242688d9cff32b758ace57dc96f5a497956f17b1b757c9fdffd636b94a	connect/runtime/build/classes/java/test/org/apache/kafka/connect/converters/DoubleConverterTest.class
b5722bf5ed566f19c965725a9d0fa49862736491a99d0f7fb7df59517af99218	clients/clients-integration-tests/build/classes/java/test/org/apache/kafka/clients/consumer/ConsumerTopicCreationTest.class
b5934b130cdbb2e88e3dd4969701f276b8b54d2ddce97fb651001abe57cc574a	clients/build/classes/java/test/org/apache/kafka/clients/CommonClientConfigsTest.class
b596acf7e0e56ef436d7e6df54269ed7288e1fb7f76f4b2d8e17edf0ad58f7bb	metadata/build/resources/test/log4j2.yaml
b5b65f7e6d8504b6cfa0edc55c492861cc02aa1391cce2e689328b47bcec0f5e	metadata/build/classes/java/test/org/apache/kafka/image/ClusterImageTest.class
b5c4034d47df8872ede6422202829e8f52969ddadc20be8f5cdefb2b2039326c	streams/integration-tests/build/classes/java/test/org/apache/kafka/streams/integration/PurgeRepartitionTopicIntegrationTest$TopicSizeVerifier.class
b5d6bd3845ff60e350c43bc82dcf2a4a468d71edcdca15644cb878645cd9ec2e	server-common/build/classes/java/test/org/apache/kafka/timeline/TimelineHashMapTest.class
b5f1dc7ef50f8fc3d21b80b251abf5347847a37d3535e289e7f4330892bd44db	connect/runtime/build/classes/java/test/org/apache/kafka/connect/runtime/AbstractHerderTest.class
b5f4d755aa1b80c3715e93214f6477f4b5fc1a5405022c6867f3d41bb49690ff	clients/build/classes/java/test/org/apache/kafka/common/config/provider/AllowedPathsTest.class
b5f62a0772958a8f44739468df5a1f21adaafb79fdd54889c8fe602b6ad2518c	clients/build/classes/java/test/org/apache/kafka/common/telemetry/internals/ClientTelemetryReporterTest.class
b60f4a356116c453dd9715117902b7636ccc057455ae42291e5b2dd8070bde61	streams/integration-tests/build/classes/java/test/org/apache/kafka/streams/integration/InMemoryStoreMetricsIntegrationTest$3$1.class
b61716c9734fbd586bbeaa6929f3c3349b337ba0385f0edb4de1b33495c15ffa	shell/build/classes/java/test/org/apache/kafka/shell/MetadataShellIntegrationTest$IntegrationEnv.class
b6305026cf1b850c160f625762954378c37272e1c215cc313ba59dd1a997fa0e	metadata/build/classes/java/test/org/apache/kafka/metadata/DelegationTokenDataTest.class
b6644c42e4b06eb8ce1806fc59d78857ab7e4d0f1b46509e839626c613eb9cb9	streams/build/classes/java/test/org/apache/kafka/streams/processor/internals/assignment/FallbackPriorTaskAssignorTest.class
b66d78a058030c0db2223f572e59d7fffb571b1f4cebd6e08c1c7221df9d8e74	clients/build/classes/java/test/org/apache/kafka/clients/admin/AdminClientConfigTest.class
b67758826e9a9b3f105d25f0ee500c2da66a11ec82f86af2f42713a51a769f26	streams/build/classes/java/test/org/apache/kafka/test/KeyValueIteratorStub.class
b678c08b6cd09cd39934f3ef0b539a012cf3a3c4543eea1c6b177c7ac060b162	connect/runtime/build/classes/java/test/org/apache/kafka/connect/util/ConvertingFutureCallbackTest$TestConvertingFutureCallback.class
b68000814edc9eadd787af4d772298c34ef76b6416b7c1514ac7aa2b674a1e98	streams/build/classes/java/test/org/apache/kafka/streams/processor/internals/RecordCollectorTest$1BroadcastingPartitioner.class
b69399e6a47a1fd4b3130939678293269db6db5c715ee8f696a0b7bee68cb46a	core/build/classes/scala/test/kafka/server/epoch/util/MockBlockingSender.class
b698f4bd7d7d86ba9cfc069bdd4d76b2ddb5cb394ee0e9297f77c1919156b94e	server-common/build/classes/java/test/org/apache/kafka/server/util/timer/TimerTest.class
b69bef39910ae7bcefb5de6d29e4b151e215028c0f96ef89c1071038dbed35fe	clients/build/classes/java/test/org/apache/kafka/clients/consumer/internals/ShareConsumerImplTest.class
b6a9dfeb367d3885d0275bfeb24d925d19c91138bea4e85bf7f79ce3dd5d012f	streams/build/classes/java/test/org/apache/kafka/streams/processor/internals/StreamThreadTest.class
b6b21da8e27e851ca6a876a8b13a554a1e53dce3c6baefbf9f1015361d39fc39	clients/build/classes/java/test/org/apache/kafka/clients/admin/internals/DeleteConsumerGroupOffsetsHandlerTest.class
b6b5d378cc93a09e579d2d99f93eca830a78c007d532793a7c98589e44b8013a	core/build/classes/scala/test/kafka/server/KafkaApisTest$$anon$1.class
b6b997ce0884525ac9ee6e6a5569d2414cfecc1925442de8318cb2a2ca0f6bb1	clients/clients-integration-tests/build/classes/java/test/org/apache/kafka/clients/CreateTopicsRequestWithPolicyTest$Policy.class
b6bcd98c4bfe8302139be925d0d15f3569cde8e3d7847f20ea489a1e510d8eaf	metadata/build/classes/java/test/org/apache/kafka/controller/ReplicationControlManagerTest.class
b6c0fccc2b8f76d48f9512695ebeebe587e9d8b7feec8bcfae761e736014fb4e	streams/build/classes/java/test/org/apache/kafka/streams/state/internals/AbstractTransactionBufferTest$TestIterator.class
b6d52c349929b558cc2d81f88e6216d4bce2fbc4d27d1b2713a56bcfc4315e79	server/build/classes/java/test/org/apache/kafka/security/authorizer/AuthorizerUtilsTest$MonitorableAuthorizer.class
b6e1a310fb36da3a69bfe352c5ce53bde4b30f764a1afe3f102526e7ba52946b	connect/transforms/build/classes/java/test/org/apache/kafka/connect/transforms/field/FieldSyntaxVersionTest.class
b7066f8fb04a38efd5840f140cb5a91181277823d35b85baa0c4b7227eed8913	connect/transforms/build/classes/java/test/org/apache/kafka/connect/transforms/HeaderFromTest.class
b710676b6ae4ea6895eac005f5b20af47619e67f3f03e225559e7f2e52cf36cb	core/build/classes/scala/test/kafka/network/SocketServerTest$TestableProcessor.class
b71f42425fe5e1e1db5bf84c16c60881321896e18e9153000001c66afce855b0	raft/build/classes/java/test/org/apache/kafka/raft/internals/MemoryBatchReaderTest.class
b722854829d9a5a595d56f294560be3b7961609cc3f22d155a1b03ff95e96e7b	streams/test-utils/build/classes/java/test/org/apache/kafka/streams/TopologyTestDriverTest$6.class
b723d8e569e90b286a89e6023ce77f7c3a12495bdfb6687eb85de02d5519370d	streams/integration-tests/build/classes/java/test/org/apache/kafka/streams/integration/PurgeRepartitionTopicIntegrationTest$RepartitionTopicCreatedWithExpectedConfigs.class
b73b791399a73152dd8850c370b7278aaf33a7a80bc4bddb3ddfdc98007fdd24	streams/streams-scala/build/classes/scala/test/org/apache/kafka/streams/scala/kstream/RepartitionedTest$$anon$1.class
b73d4424af0777e1bb708923d47e40eec1021ae36c8ec86d429da88623031452	connect/runtime/build/classes/java/test/org/apache/kafka/connect/runtime/ConnectMetricsTest$MonitorableConverter.class
b73ead6f9b8f9a7a0143524306a2bb311bc005bec2b5a49cc91e7d916e5a46a1	core/build/classes/scala/test/kafka/api/FixedPortTestUtils$.class
b745e3165f247bcb5055e7de6fa985a81dceb0161085533b2ddc3758709a5142	core/build/classes/scala/test/kafka/server/DescribeUserScramCredentialsRequestTest.class
b74e222a238601480bc9d72065fe2e82ff338e044e6bcbefe327f2f485165aef	connect/api/build/classes/java/test/org/apache/kafka/connect/connector/ConnectorReconfigurationTest$TestConnector.class
b74edcbbf1346c8b4738d35826cb216f5f591d659e0216fa86a0a03a5d1e3c01	clients/build/classes/java/test/org/apache/kafka/common/config/ConfigResourceTest.class
b75e56070425f36d0c20e13822fbb25eaf25a996486856d5d76c2441824e448f	clients/build/classes/java/test/org/apache/kafka/clients/producer/KafkaProducerTest$SerializerForClientId.class
b75f0dbb7a1f3fc2a969c5d2495cf2cc3769104e254ee8f86ceb79e12a8fd0a6	streams/build/classes/java/test/org/apache/kafka/streams/state/internals/metrics/NamedCacheMetricsTest.class
b7708783f52ec1aee9e4040a8ebae92e544c25680f47dd15c4c78965461a4408	connect/runtime/build/classes/java/test/org/apache/kafka/connect/storage/KafkaOffsetBackingStoreGetTopicConfigTest.class
b773ed15aa0a6c3825a4ab02456a10f20a72ff090ff2b80872037b0099c29ec5	connect/runtime/build/classes/java/test/org/apache/kafka/connect/runtime/isolation/PluginsTest$TestInternalConverter.class
b7857959f50e811462e867ab862abf926086efd8c96218c1ab96247d17d12539	streams/build/classes/java/test/org/apache/kafka/streams/processor/internals/ProcessorTopologyTest$StatefulProcessorWithInitialization.class
b78ec8fb7629d7c840abcf22ce4e27b03a04dcfe829ef8f4c8f5cb3f53f567a4	raft/build/classes/java/test/org/apache/kafka/raft/CandidateStateTest.class
b7caac4addde79692e4d24f756f72a0cc1f8feac3c30d3e2847e1f71780db3cb	server/build/classes/java/test/org/apache/kafka/server/util/SchedulerTest.class
b7daa3ba52e8a3725c222674b3aa02fc941f471e11b90b8ae39381a6a6098b41	streams/upgrade-system-tests-33/build/classes/java/test/org/apache/kafka/streams/tests/SmokeTestUtil$1.class
b7ede783e0e92c9d373e95a74e84a2c782f55ee3fd2ab7ad00ab22c047024a0b	streams/build/classes/java/test/org/apache/kafka/streams/processor/internals/GlobalStateManagerImplTest$8.class
b8088a74665ff722d59d99458dc915195d3c1596480657ebb2a4967549773524	metadata/build/classes/java/test/org/apache/kafka/image/AclsImageTest.class
b809086b6383e9950976e9d5fcdc5323991beda107a280686f5d78536dc9ca72	share-coordinator/build/classes/java/test/org/apache/kafka/coordinator/share/PersisterStateBatchCombinerTest.class
b813ff90b820db1644e0097591e14579d7ccf2005f949568a673a8b1e1096e2e	core/build/classes/scala/test/kafka/utils/TestUtils$$anon$1.class
b8467265f65c4d49345c2eda62e3260c8082daa494d7ca5c27748067ff02be16	core/build/classes/scala/test/kafka/server/RequestQuotaTest$$anon$1.class
b84f16309206f84cc11d49d8c8e612561e975831594fbc37aec958e31b680662	connect/runtime/build/classes/java/test/org/apache/kafka/connect/runtime/WorkerSinkTaskThreadedTest.class
b84fc72248a17a196a9c62f8dfa8d0d39b989c369ec1c7dc7773a5b089c1e811	core/build/classes/scala/test/kafka/server/ReplicaManagerTest$$anon$10$$anonfun$1.class
b85ec3639d5b54aabde9ede0b2201f3a761e60dfb4a3116049505126f32e234c	streams/integration-tests/build/classes/java/test/org/apache/kafka/streams/integration/TimestampedKeyValueStoreWithHeadersTest$TimestampedStoreWithHeadersContentCheckerProcessor.class
b86b9cb04e15f4d7b8eec1836843232ca95692442c799d70b6c34682c5597110	streams/upgrade-system-tests-22/build/classes/java/test/org/apache/kafka/streams/tests/SmokeTestUtil$1$1.class
b86b9cb04e15f4d7b8eec1836843232ca95692442c799d70b6c34682c5597110	streams/upgrade-system-tests-23/build/classes/java/test/org/apache/kafka/streams/tests/SmokeTestUtil$1$1.class
b86b9cb04e15f4d7b8eec1836843232ca95692442c799d70b6c34682c5597110	streams/upgrade-system-tests-24/build/classes/java/test/org/apache/kafka/streams/tests/SmokeTestUtil$1$1.class
b86b9cb04e15f4d7b8eec1836843232ca95692442c799d70b6c34682c5597110	streams/upgrade-system-tests-25/build/classes/java/test/org/apache/kafka/streams/tests/SmokeTestUtil$1$1.class
b86b9cb04e15f4d7b8eec1836843232ca95692442c799d70b6c34682c5597110	streams/upgrade-system-tests-26/build/classes/java/test/org/apache/kafka/streams/tests/SmokeTestUtil$1$1.class
b86b9cb04e15f4d7b8eec1836843232ca95692442c799d70b6c34682c5597110	streams/upgrade-system-tests-27/build/classes/java/test/org/apache/kafka/streams/tests/SmokeTestUtil$1$1.class
b874c04eb419f5d9119c24d2380a90ef6d1d29b9ca7356731284fcf12d3d1dfd	clients/build/classes/java/test/org/apache/kafka/clients/consumer/internals/ConsumerMembershipManagerTest.class
b8819ec2b945c0760df89d2d743c29296e2afcba9171931784838dca36e757c7	tools/build/classes/java/test/org/apache/kafka/tools/LeaderElectionCommandErrorTest.class
b89549f7ee496d14e73e71ecb7a59246dd3362b0a675566401ea36c5f134bd50	streams/build/classes/java/test/org/apache/kafka/streams/state/internals/MergedSortedCacheWrappedWindowStoreIteratorTest.class
b8b4abb3ae08a819c50ee21b563c8a62b3996aa05ea3142b3e058d97b331b9c6	coordinator-common/build/classes/java/test/org/apache/kafka/coordinator/common/runtime/CoordinatorResultTest.class
b8c00d09b22263b232e1bd9e3da751b09e2ce112fbf807a999e5eb54999ffcad	connect/runtime/build/classes/java/test/org/apache/kafka/connect/runtime/WorkerSourceTaskTest$TestSourceTask.class
b8d8524397c48a9713187e06d5bef03e409a76b8a99494b6be7acd34ee784d4c	server/build/classes/java/test/org/apache/kafka/server/EligibleLeaderReplicasIntegrationTest.class
b8ee9087aa7a68f2afdf042f49a43e0ed4af55ad0fb8d6441adb9cc6d2b0fa91	coordinator-common/build/classes/java/test/org/apache/kafka/coordinator/common/runtime/CoordinatorRuntimeTest$3.class
b8ff16df2e98f3b295d8fe0c22121ad02eb88eb80b2f03433f9b4a2acba30ad1	server/build/classes/java/test/org/apache/kafka/security/authorizer/AuthorizerTest.class
b90bd97c62b36b5ced54a8794925bfe6411e284c924354ccd6159c472bc839d6	server/build/classes/java/test/org/apache/kafka/server/quota/ClientQuotaManagerTest$1.class
b94c1263042c65124a0c3880b1286d540d155285574a6886378df894b34d0fc6	connect/transforms/build/classes/java/test/org/apache/kafka/connect/transforms/RegexRouterTest.class
b94df32c3632694ea63779de05998897df16bbe3f7d68855e765e8bc1ca26450	clients/build/classes/java/test/org/apache/kafka/clients/consumer/internals/AbstractCoordinatorTest.class
b97a79f7061cf3976fda2454926935885851d932a9eb77b16bc80a981b2158b5	streams/build/classes/java/test/org/apache/kafka/streams/tests/SystemTestUtilTest.class
b97e8996d838e79d46c23ab9fa4d86628cdc1ed4860e405be582e32b46debd3f	metadata/build/classes/java/test/org/apache/kafka/image/loader/MetadataLoaderTest$MockSnapshotReader.class
b980d8c47fcc4391dff3728da700daec910906c3b040aaeccaed1bd35e42d4e3	clients/build/classes/java/test/org/apache/kafka/common/telemetry/internals/LastValueTrackerTest.class
b99a9a9b77da450fe207557bfdbfa32038d271d43172b9240cd58341d73feea5	group-coordinator/build/classes/java/test/org/apache/kafka/coordinator/group/modern/consumer/ConsumerGroupBuilder.class
b9a3ced206b597dc87ab443272552fd523fa4dda368bb9384921d460737887c4	connect/runtime/build/classes/java/test/org/apache/kafka/connect/runtime/ConnectorConfigTest$HasDuplicateConfigTransformation.class
b9b564024c8ec815b436b4a401f0df61fe2099f5a02c975ef14395e0bf6f5186	streams/build/classes/java/test/org/apache/kafka/streams/processor/internals/RecordCollectorTest$8.class
b9e4d0c1115405c8e2905d1cccbc7ec7251f8f7a864651af8d6983863f85a403	streams/build/classes/java/test/org/apache/kafka/streams/state/internals/TimestampedSegmentWithHeadersTest.class
b9f60a7393caf2289f7a96c974a1ff5eb342ca0caace74af4941b036238882e1	streams/upgrade-system-tests-24/build/classes/java/test/org/apache/kafka/streams/tests/SmokeTestDriver$ValueList.class
b9f60a7393caf2289f7a96c974a1ff5eb342ca0caace74af4941b036238882e1	streams/upgrade-system-tests-25/build/classes/java/test/org/apache/kafka/streams/tests/SmokeTestDriver$ValueList.class
b9f60a7393caf2289f7a96c974a1ff5eb342ca0caace74af4941b036238882e1	streams/upgrade-system-tests-26/build/classes/java/test/org/apache/kafka/streams/tests/SmokeTestDriver$ValueList.class
b9f60a7393caf2289f7a96c974a1ff5eb342ca0caace74af4941b036238882e1	streams/upgrade-system-tests-27/build/classes/java/test/org/apache/kafka/streams/tests/SmokeTestDriver$ValueList.class
b9f60a7393caf2289f7a96c974a1ff5eb342ca0caace74af4941b036238882e1	streams/upgrade-system-tests-28/build/classes/java/test/org/apache/kafka/streams/tests/SmokeTestDriver$ValueList.class
b9f60a7393caf2289f7a96c974a1ff5eb342ca0caace74af4941b036238882e1	streams/upgrade-system-tests-30/build/classes/java/test/org/apache/kafka/streams/tests/SmokeTestDriver$ValueList.class
ba09fcb191cab2d9f3fb9b3469b56a5e3639d4b61fe40104f0b69105100b2932	server/build/classes/java/test/org/apache/kafka/server/metrics/ForwardingManagerMetricsTest.class
ba11bc1b5ebac3b200dd234d5bbaf2503074b4825af3fe5118f682b879bf3a27	clients/build/classes/java/test/org/apache/kafka/common/message/SimpleExampleMessageDataJsonConverter$TestCommonStructJsonConverter.class
ba2a7a30b406544195a6b518914fd66ca722e6222e80764d5e828068670a4477	streams/build/classes/java/test/org/apache/kafka/streams/state/internals/ChangeLoggingVersionedKeyValueBytesStoreTest.class
ba33d88dc3988c0edddc0962298dfd8bfe937d10e2522d06b2a6d4bbb0474a45	raft/build/classes/java/test/org/apache/kafka/raft/internals/KafkaRaftLogTest.class
ba47bbfcae518f1f762fb5523ffb91bf13906a0bbdbe44e6c07bacb0451312ea	metadata/build/classes/java/test/org/apache/kafka/controller/metrics/ControllerMetricsTestUtils.class
ba50efd0e5c471603da1ae2290679b1f1805cec0fa4f3f3f6b06eb3691d13fb5	clients/build/classes/java/test/org/apache/kafka/common/requests/CreateAclsRequestTest.class
ba5a2e2e23488fbc236ccd0ced7273275b36839cbb1394261c1d34ebdfc400cc	connect/runtime/build/classes/java/test/org/apache/kafka/connect/integration/RebalanceSourceConnectorsIntegrationTest.class
ba5d19e81e48596c9e1fc090c532fb7cee0ff074620482cb79ec7b823c9796eb	streams/build/classes/java/test/org/apache/kafka/streams/kstream/internals/KStreamPrintTest.class
ba8cb2de1e94d1e44f28dc6244f9df010b4f42a280029002669472bcecca3939	clients/build/classes/java/test/org/apache/kafka/common/compress/SnappyCompressionTest.class
ba9077ebc207dd6040860959007e987e6f1ff365540cf0702722c09cfa803acc	core/build/classes/scala/test/kafka/server/ReplicaManagerConcurrencyTest$ProducerModel.class
bad53158a9836d467946e4af7899c28466704b7924264f78c18c08daa8f3aa6a	metadata/build/classes/java/test/org/apache/kafka/metadata/MetadataVersionConfigValidatorTest.class
bae658454cfc491febf26632e6bd9c657f09f0f2cda2321d056f3aa33d7c6160	clients/build/classes/java/test/org/apache/kafka/common/utils/internals/ChecksumsTest.class
baf3e176b92d7f46a2d3c5f928fc6c1de3516c79c9b96cd45f92a700678ecb0e	storage/build/classes/java/test/org/apache/kafka/server/log/remote/metadata/storage/RemoteLogMetadataManagerTestUtils$Builder.class
bafd555e4603dbe7ae2daed34df793218ac1478bad9db04fccb8b246c3bf9c11	streams/build/classes/java/test/org/apache/kafka/streams/processor/internals/tasks/DefaultTaskExecutorTest.class
bb06e3e674c2de1e53644baedb4ee40ba2130e146b5848ae44f2bc445c0daa06	clients/build/resources/test/serializedData/topicPartitionSerializedfile
bb06e966b8a9a37c7b586e1117844f191d2364649f09ef2ce57be5aa99a3327c	core/build/classes/scala/test/kafka/server/ConsumerGroupHeartbeatRequestTest$WithAssignmentBatchingDisabledTest.class
bb0ac4b9ef31ad97d40e3d15257d9a22bffaca31d448d39ff2069ddeccd94b28	streams/integration-tests/build/classes/java/test/org/apache/kafka/streams/integration/SessionsStoreWithHeadersTest$SessionStoreWithHeadersContentCheckerProcessor.class
bb28b2e59d4858c93d2755f1232d1fc89ab0507cfd62da1eb0372047f2ebc016	streams/build/classes/java/test/org/apache/kafka/test/MockRestoreConsumer.class
bb2b5419b1c258b1c7c7b3df4fd65ad98ad4fbe633b66b2dcb74b207c9ba004b	core/build/classes/scala/test/kafka/server/ReplicaManagerTest.class
bb2b8baf04417e88da1d750cd2a50afd5779c89162c82a2771ee02a303dff425	streams/build/classes/java/test/org/apache/kafka/streams/processor/internals/ProcessorStateManagerTest$3.class
bb2f8b219c065bc6162cbe3ad1b428068f56f3517aa50c55387419d04a9ff429	clients/clients-integration-tests/build/classes/java/test/org/apache/kafka/clients/consumer/ConsumerIntegrationTest$2.class
bb3e73b38506ecbb53345b8fabeadd8eafe8e7233c67bc08eb1309c3b4e680ea	core/build/classes/scala/test/kafka/server/MockReplicaSelector.class
bb4e84e64ef6c9441dcdd118db114a4dbae11334053a8b34c10c4c31a3f872a3	streams/build/classes/java/test/org/apache/kafka/test/MockRocksDbConfigSetter.class
bb5bb9486427ed994dd5419f501d41acfc38e788ebc4dfec87bc10bf63255837	connect/runtime/build/classes/java/test/org/apache/kafka/connect/integration/ConnectorClientPolicyIntegrationTest.class
bb6aa788971d7fd0c695cdf728e15e001e0f3e9e84e806a5789c26d12052a0d1	clients/build/classes/java/test/org/apache/kafka/clients/consumer/KafkaConsumerTest$FetchInfo.class
bb78de243550dbec6c29faafcda6c8a3f16177f49ddd08f8475f810ea7d7d489	connect/api/build/classes/java/test/org/apache/kafka/connect/header/ConnectHeadersTest.class
bb9f69dfb1245d5fd7a96829d63f926ec1692259f6e8ccbbe1ddd3f69fbc20d8	streams/build/classes/java/test/org/apache/kafka/streams/state/internals/WithRetentionPeriodTest$RetentionReportingWrapper.class
bba29760e9c11f1a7e23d0b2cc8b069308fde9f0b3c80f12d300722911174036	clients/clients-integration-tests/build/classes/java/test/org/apache/kafka/clients/consumer/PlaintextConsumerTest.class
bba9c7784a6b23fcbe19b91ee15820d68add5e4d367de8e3d3549d1fd8144502	streams/build/classes/java/test/org/apache/kafka/streams/state/internals/RocksDBSessionStoreTest.class
bbafd93cbb45f1fec252d67f0d8029f186e28b6bacf05f9df2ce158adf1fc0c0	streams/streams-scala/build/classes/scala/test/org/apache/kafka/streams/scala/kstream/ConsumedTest.class
bbc5b6e136847040f9c219662fd3ed41e99a6b19a55a746997c3a26f792823d0	connect/mirror/build/classes/java/test/org/apache/kafka/connect/mirror/MirrorUtilsTest.class
bbd0f7ddb18745553cdb877511fa67ebb73f4481305272e129a8026a13b49844	clients/build/classes/java/test/org/apache/kafka/common/record/internal/RemoteLogInputStreamTest$RemoteLogInputStreamArgsProvider.class
bbdd332fa133d378a73d9ba62e425862234a1bc76bcdc31a82008593574ea8ee	streams/integration-tests/build/classes/java/test/org/apache/kafka/streams/integration/SessionsStoreWithHeadersTest$SessionStoreContentCheckerProcessor.class
bbf3a5aee564af40b16013d82debaf9ac42a08e219f9011cb5b50f32786ce5d7	server-common/build/classes/java/test/org/apache/kafka/queue/KafkaEventQueueTest.class
bbf9a43adf07c3a2efed8616de8346c5d42f70348e03f9fe71f058ad4779e9ec	connect/runtime/build/classes/java/test/org/apache/kafka/connect/runtime/rest/RestServerConfigTest.class
bc162b03b6413fae2a7537c2693e3f170d6b0e4feb9493c2c66fc88316a12d06	storage/build/classes/java/test/org/apache/kafka/tiered/storage/integration/DeleteTopicTest.class
bc1acc0102d9811ed7d033b65a074de23d6bba51f8d8e238519d62d52720cfa9	server-common/build/classes/java/test/org/apache/kafka/server/purgatory/DelayedOperationTest$MockDelayedOperation.class
bc2893a855c84f023011b09daadc50a0d109b497cc90409dc7732e25ae535acf	streams/integration-tests/build/classes/java/test/org/apache/kafka/streams/integration/TimestampedWindowStoreWithHeadersTest.class
bc356c211fcdd2fa68838e387f8c980e287068a7d26baeb72bea440c409c3263	clients/build/classes/java/test/org/apache/kafka/clients/consumer/internals/AbstractHeartbeatRequestManagerTest.class
bc37a5dd44c585d2ff9f896493fe0a5cc97c390ec1f1938a71e19df16be2521c	streams/upgrade-system-tests-31/build/classes/java/test/org/apache/kafka/streams/tests/SmokeTestUtil$1.class
bc58b57d0b626f08f816d8b3e7a19bbdf97f5bc72437318db042112a768066a0	streams/build/classes/java/test/org/apache/kafka/streams/processor/internals/DefaultStateUpdaterTest.class
bc5f04c6644eba3f068ceb66e7242a0c9b8fa0befb93edf4897bd7f9d7a4a612	server-common/build/classes/java/test/org/apache/kafka/timeline/SnapshottableHashTableTest$TestElement.class
bc705a68a16de13bb92ab384298de3330ab7548fb45bba2f3f922cb747efb984	tools/build/classes/java/test/org/apache/kafka/tools/AclCommandTest.class
bc821a77b728f4edf9cdf30a4cb24a0e7df85a1b0760c9ef7b6caf2e535fb078	clients/build/classes/java/test/org/apache/kafka/clients/consumer/internals/ShareConsumeRequestManagerTest$TestableShareConsumeRequestManager.class
bc8b44a39ed1d84246b57555c704d4f74fb1e7bdeda7f76fbf131195b9ba700c	connect/runtime/build/classes/java/test/org/apache/kafka/connect/runtime/isolation/SynchronizationTest$SynchronizedPluginClassLoader.class
bc8b6b3f4ede81b203a4b6f04731cd8074aa99230e835e1ca998948d77b9b87c	clients/build/classes/java/test/org/apache/kafka/common/security/oauthbearer/OAuthBearerValidatorCallbackHandlerTest$1.class
bca951039fcfba6c65263acf3abea4d4dee78fc32b9bcf64d4cb39a443127920	streams/build/classes/java/test/org/apache/kafka/streams/kstream/internals/TimeWindowTest.class
bcf1f812c771c1511caa3bb86e0a3fb79f3487ef355be4e2c7e7b35cdc3a2236	core/build/classes/scala/test/kafka/server/KafkaMetricsReporterTest$.class
bcf26128c3702f9f24260609c11435ab857a9bc2a90824d5179e49c77517cc25	core/build/classes/scala/test/kafka/server/ControllerMutationQuotaTest$.class
bcf6ac600b8a025b1589453d375ff46ae91a78c043cbf48b469beb41239dd0b7	raft/build/classes/java/test/org/apache/kafka/raft/internals/KRaftControlRecordStateMachineTest.class
bd018f6c1d05220eb8c245e25a22e4052737438d982228abb410288913ad97de	streams/build/classes/java/test/org/apache/kafka/streams/state/internals/TimestampedKeyValueStoreBuilderWithHeadersTest.class
bd1bb6a072ec4c6ea2ecc46d6484b8e64818be1cb2b5b7bface34c4fffbd9198	storage/build/classes/java/test/org/apache/kafka/tiered/storage/actions/DeleteTopicAction.class
bd2c3c327437fb63a84b861db933b6191f3a21ab0dddd47ecd852b0c651a33e2	trogdor/build/classes/java/test/org/apache/kafka/trogdor/common/MiniTrogdorCluster$Builder.class
bd32d543e96342f0e8d7293aba17abbab08f14ff373e4a72d799a056fcbb2f45	streams/upgrade-system-tests-20/build/classes/java/test/org/apache/kafka/streams/tests/StreamsUpgradeTest.class
bd45b0ed3de5d392f85431b3a4ade14ed3a44f14299aad84c4cc9d37d98b3ac1	clients/build/classes/java/test/org/apache/kafka/clients/admin/internals/PartitionLeaderStrategyIntegrationTest$MockApiHandler.class
bd4f1b9674d7c043796a6ea6a9bcaf8d8133957b608b48adf9a53b81287c965d	metadata/build/classes/java/test/org/apache/kafka/controller/PartitionReassignmentRevertTest.class
bd5052a66cb6646b20e1395f87e1eb5b6dbd4e1e924929d81437e7c90af1e8ee	clients/build/resources/test/common/message/AllTypeMessage.json
bd574839c7f795c4242f1cad15bcd124e1a95ee670425ac1bcd279d67acdf302	storage/build/classes/java/test/org/apache/kafka/tiered/storage/TieredStorageTestBuilder.class
bd5b8f055dc55f06e8eb104513486c418470b4e738e25e373f56c6b21f19508f	metadata/build/classes/java/test/org/apache/kafka/metadata/MockConfigRepositoryTest.class
bd61df51025f4b69dc55a5c20b0637ed560f1379d8ad745d285fc989adc540f2	group-coordinator/build/classes/java/test/org/apache/kafka/coordinator/group/AssignmentTestUtil.class
bd61edaa5e52970f4bae03daa6f117ec881d50d41a5f9379b1d90fd55a4894d3	clients/clients-integration-tests/build/classes/java/test/org/apache/kafka/clients/ClientsTestUtils$TestClusterResourceListenerDeserializer.class
bd62392a2c72e890e28c69841ea7dd121676c82ab46128bc319de7d1c9e9d7aa	storage/build/classes/java/test/org/apache/kafka/tiered/storage/actions/StartBrokerAction.class
bd6501c9588968d7be4be6e1ae339f6e29c9300736343281f427f1264003fc2c	clients/build/classes/java/test/org/apache/kafka/common/metrics/KafkaMbeanTest.class
bd6513871b9ba2ce8af8243b0295df0e0024a9e9b49a2b36ad33849fccd82353	tools/build/classes/java/test/org/apache/kafka/tools/streams/ResetStreamsGroupOffsetTest.class
bd70b5b6386684ba30d5c6531939dbbd256dfb5b1804f59ccc3df116d4465015	connect/runtime/build/classes/java/test/org/apache/kafka/connect/runtime/rest/RestClientTest$2.class
bd9cafe43db992f5a364e2bad4da82b07deef317d17b468bd155c98be6aa2534	streams/integration-tests/build/classes/java/test/org/apache/kafka/streams/integration/IQv2IsolationLevelIntegrationTest$ResultExtractor.class
bdc6e04b40733e1906f03d53ff3e12d00a14e8fded997f51ca989dce052303c3	streams/build/classes/java/test/org/apache/kafka/streams/state/internals/AbstractSessionBytesStoreTest$1.class
bdcf02067356799ed4e2d3523fd50571df99a8b88408e4f8b6ec071bb358bdbe	clients/build/classes/java/test/org/apache/kafka/test/MockClusterResourceListener.class
bdcfb8d7862fd74651d2fbd5351f89c7f12685ca826c2148327d9b95f3a8c443	connect/runtime/build/classes/java/test/org/apache/kafka/connect/integration/RuntimeHandles.class
bddb63e1191acb0e7f3f2651111f390607300c8eb784c0186f0c411f443f249f	core/build/classes/scala/test/kafka/api/PlaintextEndToEndAuthorizationTest$.class
bddc86b82a75a3be7852735d307803be9d987a26c0a16a690b2460f3ad82a337	storage/build/classes/java/test/org/apache/kafka/tiered/storage/TieredStorageTestAction.class
bdddb3fce4445138bca79614bebe36afb92f5ecdd47730ea7ae0696930cc8401	connect/runtime/build/classes/java/test/org/apache/kafka/connect/cli/AbstractConnectCliTest$RestrictedClassLoader.class
bdee109bd8ac867deebbc77a71c93780a21f49f9ffaa4d269f871f06ff279651	streams/build/classes/java/test/org/apache/kafka/streams/processor/internals/StreamThreadTest$6.class
bdf008327392045ceadf364a1f9c8691be705a7044e9540fd3e8439dfe4ef540	streams/build/classes/java/test/org/apache/kafka/streams/processor/internals/ProcessorStateManagerTest$10.class
bdf868f6d2f16503a776d3c9657c4db1fe205dfaf4cf9ab6952678138152f73f	connect/runtime/build/classes/java/test/org/apache/kafka/connect/runtime/ExactlyOnceWorkerSourceTaskTest.class
bdfd2239a88cf7c9761c7a778da05bda5271f9e6e208491f7583d1fbf42eaf05	server/build/classes/java/test/org/apache/kafka/server/util/SchedulerTest$InterruptedConsumer.class
be06ec8f393b47602e8605cd5d9ee9e6ab96ca5fa30263d704ec47789602be05	tools/build/classes/java/test/org/apache/kafka/tools/consumer/ConsoleShareConsumerTest.class
be0835566bca6417b0ec97987a76f98bd83e26f06cbb82edde97b1b725bbed40	core/build/classes/scala/test/kafka/api/SslAdminIntegrationTest$TestableStandardAuthorizer$$anon$1.class
be0e43f9357eabbf5048a457c6462cb29de963988323737921ad8e7bbb85e751	streams/streams-scala/build/classes/scala/test/org/apache/kafka/streams/scala/utils/TestDriver.class
be1494c70df720bccfcb3d10089ca194a5d81fc1d4330d5a71180971fb6f29c4	metadata/build/classes/java/test/org/apache/kafka/image/FakeSnapshotWriter.class
be199e57cac51e5e7dfc86f5e5a5ac6105a322a6c5b2607e55ba5e97db07c962	connect/runtime/build/classes/java/test/org/apache/kafka/connect/runtime/WorkerTest$TestSourceTask.class
be1ca999b88b559bd2e9c814052380c920398b5a7691f726922374b57fcaeb9f	tools/build/classes/java/test/org/apache/kafka/tools/consumer/TransactionLogMessageFormatterTest.class
be3066a9dee1f9bb76be7ee29e7142201129667b9fb1f1fcc533ea1efee5b640	streams/build/classes/java/test/org/apache/kafka/streams/kstream/TimeWindowedDeserializerTest.class
be319aa82c5a1eb87ec6d5e1e4db0ad89eba7960003b304b56bc495d1625ef6e	streams/build/classes/java/test/org/apache/kafka/streams/kstream/internals/SessionWindowedKStreamImplTest.class
be3f2ba537251a36c551feaa457c12d3b43b625025693ec15310f491362e5943	metadata/build/classes/java/test/org/apache/kafka/image/writer/ImageReWriterTest.class
be77049850f8cfceef1712a5b23ee009f0651a96fa21eb017116117f07bb1165	streams/build/classes/java/test/org/apache/kafka/streams/kstream/internals/foreignkeyjoin/SubscriptionReceiveProcessorSupplierTest.class
be862b4fdda9d4c3d9b8b2ca280f95f72927affa08ca70391cb3a6f480d9f807	streams/build/classes/java/test/org/apache/kafka/streams/kstream/internals/graph/GraphGraceSearchUtilTest$5.class
be87950b6de1a53654a528737ebe56a58c7d2b2bf734ff92c3301598db49b1a8	core/build/classes/scala/test/kafka/integration/KafkaServerTestHarness$$anon$1.class
bea3ee39aa8d1ea81a1dcde75560caabb27eef09cde5ecddd4f2c4590cd913cc	streams/integration-tests/build/classes/java/test/org/apache/kafka/streams/integration/EOSUncleanShutdownIntegrationTest.class
bea464cb1f722d0ffd830004c44fa2201d61e82021b4085ce3aa2a869bd807cd	streams/build/classes/java/test/org/apache/kafka/streams/state/internals/RocksDBStoreTest$TestingBloomFilterRocksDBConfigSetter.class
beb408bb4667155804f2d9eeefc705e9a252dd671d8839c7b30c1b82d6b232de	clients/build/classes/java/test/org/apache/kafka/clients/admin/RaftVoterEndpointTest.class
bec2e3faffa10cd357aed3eccf4a2bff54445526e88dcfb890c7a8043f09abd0	core/build/classes/scala/test/kafka/admin/RemoteTopicCrudTest.class
beceb6cfa6b96fd76fce823c85580f02b890718887bea6aea56ec11930258365	metadata/build/classes/java/test/org/apache/kafka/image/publisher/BrokerRegistrationTrackerTest.class
bed872ad3f877669ef9f8c3277f46818b44561a2d771ea4129cb094175e9b31c	clients/build/classes/java/test/org/apache/kafka/common/requests/TxnOffsetCommitRequestTest.class
bed93f29018c89f566b1a3838d5b597391873cf31da82cc9d9a05c3a77c96d85	clients/build/classes/java/test/org/apache/kafka/common/metrics/JmxReporterTest.class
bee50c21d84d5c6c8c670ef02da85e98a582b1dfd8eed976c09c848d2db8cf77	core/build/classes/scala/test/kafka/coordinator/transaction/TransactionCoordinatorConcurrencyTest$UnloadTxnPartitionAction.class
beedcae336630520e52715d4bee90ae8b52bbe9d937d407054ef1e9ee93a4c57	streams/upgrade-system-tests-42/build/classes/java/test/org/apache/kafka/streams/tests/SmokeTestUtil$1.class
bef9906e9fd79491b8411cc80b3b0d559b25b7424b1a0633f3c231b503978883	connect/mirror/build/classes/java/test/org/apache/kafka/connect/mirror/integration/MirrorConnectorsIntegrationBaseTest.class
befe6a9116058e39d41d2785d58ef27d07e4669ca04e41d81de1e140f8b7b98c	streams/integration-tests/build/classes/java/test/org/apache/kafka/streams/integration/HeadersStoreUpgradeIntegrationTest$SessionProcessor.class
beffca877cd9510af232a75ef849ff86831569edf0059e4b8d760c2dda46c2aa	streams/build/classes/java/test/org/apache/kafka/streams/state/internals/CompositeReadOnlyKeyValueStoreTest$1.class
bf0111ac9cbace7e5da3e2594b4f89d225fac559bb9c4d85aa618d0f8c9d8c46	clients/build/classes/java/test/org/apache/kafka/clients/NetworkClientTest$3.class
bf031a161826ed2fbfa3c07f21140eb4fe42e76b8c038e92c07cc088ff671441	core/build/classes/scala/test/kafka/api/IntegrationTestHarness$$anon$1.class
bf13e1cac9b2a26a6d30275b564891f8cd3ed7650a0d500822219ce72aad0e7c	core/build/classes/scala/test/kafka/server/RequestQuotaTest$TestPrincipalBuilder.class
bf1efa35d18392380335dcaa0f57d1e5de70e13d6994de0b5c972fd94e0f6597	streams/build/classes/java/test/org/apache/kafka/streams/processor/internals/ProcessorStateManagerTest$9.class
bf2b75ad1fbb76abcc88f67bad703c93ef2eb9278367c55723bfb150aa232e56	metadata/build/classes/java/test/org/apache/kafka/controller/MockRaftClient$LeaderChangeBatch.class
bf3df90fc74d91c1f0e1364b0fa43a14c577b2b9742849d80e521ac17bae2383	streams/integration-tests/build/classes/java/test/org/apache/kafka/streams/integration/IQv2IntegrationTest$1$1.class
bf5f516a8491e359085e7d18e682e649044efca6a89a72e99d734d6e0f4b1731	core/build/classes/scala/test/kafka/api/PlaintextAdminIntegrationTest$$anon$2.class
bf616e77dac7dfb79a945f121e3494e53584487b5e962ea947c4b4a484331039	clients/build/classes/java/test/org/apache/kafka/clients/NetworkClientTest$TestCallbackHandler.class
bf7f213265254cad0263ecaa8f9cec072cd037737f9e9e9a415c21afeb247ff6	clients/build/classes/java/test/org/apache/kafka/common/utils/internals/SecurityUtilsTest.class
bf7fd135cef38b4b53604d975113f5909d5b83f9d31c16664d112e72e1fabef9	streams/integration-tests/build/classes/java/test/org/apache/kafka/streams/integration/InMemoryStoreMetricsIntegrationTest$3.class
bf8635d7c3352a59b4983f51a4fe3c76e19461e7e942606dc980489ab4df1611	streams/build/classes/java/test/org/apache/kafka/streams/state/internals/LogicalKeyValueSegmentTest.class
bf8f63df390fe2ab16861e083632221dd2727b9a4953f23fee2130e5c68fd4af	storage/build/classes/java/test/org/apache/kafka/tiered/storage/integration/OffloadAndConsumeFromLeaderTest.class
bfa00510156d3cef76a2312036da9910ad7c243e89ceb281b3797218de5e77dd	metadata/build/classes/java/test/org/apache/kafka/controller/EventPerformanceMonitorTest.class
bfa5b29c2d2c188ef1bd3c4cb715684cc9085f19193b9ff1b06569159ca92f66	clients/build/classes/java/test/org/apache/kafka/clients/producer/internals/SenderTest$OffsetAndError.class
bfbcd70b889476c25e960cacd7e323a859c8790d5ea9d8b7435f0262114c936c	clients/build/classes/java/test/org/apache/kafka/clients/consumer/internals/SubscriptionStateTest$8.class
bfd9e6228d1777f88f3435a627fbe24d01cf3a74bc44590944ecbfbfebb00049	clients/clients-integration-tests/build/classes/java/test/org/apache/kafka/clients/admin/RackAwareAutoTopicCreationTest$ReplicaDistributions.class
bfe00d5ea233e14ff73601bd7825dd64e9d9ecc4e80d9f27c5047e44e4915717	connect/runtime/build/classes/java/test/org/apache/kafka/connect/runtime/WorkerTaskTest.class
bfe15bddc93bf0db6f782c9aab82d37e4550929320f1701ee2512c73b546065f	connect/runtime/build/classes/java/test/org/apache/kafka/connect/runtime/rest/resources/RootResourceTest.class
bff18b22ebbe31f482819c85fe3418d1834ae6a0aa914af57f4f01446d9c3c47	connect/runtime/build/classes/java/test/org/apache/kafka/connect/integration/SessionedProtocolIntegrationTest.class
c0023d66d9e14f61d362c23167cad791d362fbdf76aa2c4e461dfe4181a957ce	streams/build/classes/java/test/org/apache/kafka/streams/tests/RelationalSmokeTest$AugmentedComment$AugmentedCommentSerde.class
c0140b987a1539f3ce392b26faddb975811b3e362dc39e40ca1c1e1c6528a39b	clients/build/classes/java/test/org/apache/kafka/common/internals/IdempotentCloserTest.class
c02922b0b1d36866ab0a8fd514f084418ffde73f7a6aaa0ca5d9d5d76d5f6bf6	server-common/build/classes/java/test/org/apache/kafka/metadata/properties/MetaPropertiesTest.class
c05c9fe6ff661ae99b0f1d3f3d75483ec8ddbf65dfc59df41101da50d8772629	clients/build/classes/java/test/org/apache/kafka/clients/producer/MockProducerTest$3.class
c062c2e8147ea8979cf330ad5f9ed07de2947092b881a2b3f61d4e91100b99da	connect/runtime/build/classes/java/test/org/apache/kafka/connect/runtime/ConnectMetricsTest$MonitorablePredicate.class
c07db14cbbc69c12962bae5e09355a9ffc6e84ea072803e27d5b10e69232644f	core/build/classes/scala/test/kafka/coordinator/group/CoordinatorPartitionWriterTest$$anon$2.class
c0ab278b288472904dcb59f1a052a43db0241fc8c3f1848a10ac2da354293f2f	group-coordinator/build/classes/java/test/org/apache/kafka/coordinator/group/modern/consumer/ConsumerGroupTest.class
c0b48902152433fe3b247fd9f701481d82021fc79ffd108a683603039f774e75	clients/build/classes/java/test/org/apache/kafka/clients/producer/internals/RecordAccumulatorTest$4.class
c0b492c4e6e723370bd6a6f1cd8d75ab52464847f91a08e923df4ba1bae5c7b0	group-coordinator/build/classes/java/test/org/apache/kafka/coordinator/group/modern/consumer/TopicRegexResolverTest.class
c0c430620e908a40fc7033cac0bfd60173722ce1e21646568f71fd4d22114e8c	streams/integration-tests/build/classes/java/test/org/apache/kafka/streams/integration/TableTableJoinIntegrationTest.class
c0c9170a914bb1329b3f6f067a350c2a9ccc501b7f2394c183313d5830e5979e	storage/build/classes/java/test/org/apache/kafka/tiered/storage/integration/TransactionsTestHelper$1.class
c0d1635dc34a6e6bb4fdfddb04a9bf679440fb4b263246126b4d2df777051b5f	storage/build/classes/java/test/org/apache/kafka/server/log/remote/storage/RemoteLogOffsetReaderTest$1.class
c0f16d7dfb67bd0c86b7e45725cce0198ad1b2e6aab53e9827b10528fd606a55	streams/build/classes/java/test/org/apache/kafka/streams/processor/internals/ActiveTaskCreatorTest$1.class
c0f83201bf9fe017b280410f4af52d87c27e9cfbda9386b65880b8d90d1bbb14	core/build/classes/scala/test/kafka/server/ReplicaManagerTest$$anon$7.class
c0fd35954c55950bfd050fce615e72f46f3a608137655dfd8ac4ea4aded3d020	core/build/classes/scala/test/kafka/server/DescribeClusterRequestTest.class
c10ce752f8a134575edcc2a4442afee4e0f28a62d0b7e6d58559e0f03f1c0884	clients/build/classes/java/test/org/apache/kafka/clients/consumer/internals/FetchCollectorTest$1.class
c12b20d9a767e17d47ca19e1dfcc12d3bc4f8cd3d46d15425c64a97978b221fc	trogdor/build/classes/java/test/org/apache/kafka/trogdor/agent/AgentTest.class
c1416591acf16f914844e4431b99d0c4c5af9f4c11f66465cb14d5b0fe879176	tools/build/classes/java/test/org/apache/kafka/tools/JmxToolTest$MetricsMBean.class
c15e213214309502952cb92ca2e27d2d102a9940f723d7eddd59b7e494483d04	streams/integration-tests/build/classes/java/test/org/apache/kafka/streams/integration/PositionRestartIntegrationTest$5.class
c15e357f9240e8d76acfcc8837e26d15ab4ae3c1cf1fb8b8332b4f56d7bff2b8	core/build/classes/scala/test/kafka/server/ReplicaManagerConcurrencyTest$TopicModel.class
c15f05f06c420116fdcc190f041b863e68277cbf0734fdd732f74c272e9553fe	storage/build/classes/java/test/org/apache/kafka/server/log/remote/metadata/storage/RemoteLogMetadataTransformTest.class
c17caf438e45cfc3687d22d9ffd87b706b4dac105b509d73aaf1c8b2a592e1bf	core/build/classes/scala/test/kafka/api/UserClientIdQuotaTest$$anon$1.class
c185a7d214dae3172a05aeb50d191dadf5b2733b35624c547ad18c6a75e20a36	clients/build/classes/java/test/org/apache/kafka/common/security/oauthbearer/DefaultJwtRetrieverTest.class
c18d3ed496815a6cab8dc00c7bcac967396023a72842ef830accbc8a84ffcedb	streams/build/classes/java/test/org/apache/kafka/test/MockRestoreCallback.class
c18f7f04fbed2586cc29b86b19976f5f6f046defb0b5345e7b5f897efed96ffd	streams/integration-tests/build/classes/java/test/org/apache/kafka/streams/integration/ProcessingExceptionHandlerIntegrationTest$AssertSourceRawRecordProcessingExceptionHandlerMockTest.class
c1bae24961f20b623eb9d5ef8d16ac1a37ccc7186c499d8d663252acc07f4d8c	connect/transforms/build/classes/java/test/org/apache/kafka/connect/transforms/predicates/HasHeaderKeyTest$TestHeader.class
c1c0887cff67011cbab30b7a7fdb3adb895ae65740d05a4de07d5626a9479268	streams/build/classes/java/test/org/apache/kafka/streams/state/internals/WindowStoreBuilderTest.class
c1cb7dff0440575e72f2e64ff494a5973ee0fd2f3bf829dc190ee8417b084fac	core/build/classes/scala/test/kafka/cluster/PartitionLockTest$$anon$1$$anonfun$$lessinit$greater$1.class
c1e196c9ec2590353b0ff8e7067f80e8e1d23cbc3ae3de7b98e1435ee356682c	clients/build/classes/java/test/org/apache/kafka/clients/producer/KafkaProducerTest$CloseInterceptor.class
c1fc9d46d91226c3f11b3c6ee15926331964f7b7fc614fa8cf1d6b5dc1b2e3c5	group-coordinator/build/classes/java/test/org/apache/kafka/coordinator/group/GroupMetadataManagerTestContext$JoinResult.class
c2218ae8482f0acd21ec8e51ba1889f0c1c8a04de7a68d12f2d77a1140abc520	group-coordinator/build/classes/java/test/org/apache/kafka/coordinator/group/modern/consumer/ConsumerGroupTest$PartitionAssignmentType.class
c22c05cda4abe5822cb7829de825d005a73a4d8594b5d2c1c3baee154f5e8aa0	trogdor/build/classes/java/test/org/apache/kafka/trogdor/common/ExpectedTasks$ExpectedTaskBuilder.class
c23d90929b54fae96d2279d5a49006c268248c4a335ee380328c54a621de93b4	streams/integration-tests/build/classes/java/test/org/apache/kafka/streams/integration/EosIntegrationTest$3.class
c23f82564d60574bdf98bd2e2b116fe156593677b50f5f761f76f924b928c9eb	core/build/classes/scala/test/kafka/server/RemoteLeaderEndPointTest.class
c2464c72fcb083a085275f2a3c7e8751b6cbb2766b5dbac3b2fd77ba52b0600d	group-coordinator/build/classes/java/test/org/apache/kafka/coordinator/group/GroupMetadataManagerTestContext$SyncResult.class
c24d6e4c9e0fc766bc0c512b2b5b953ae595f82dc462e7153145cdfad4ea2f6c	clients/build/classes/java/test/org/apache/kafka/clients/consumer/internals/FetchMetricsManagerTest.class
c24f634b0055f1c3cc5a5122a614ba150f8f2589e843819d7aae0afd2bf0f848	group-coordinator/build/classes/java/test/org/apache/kafka/coordinator/group/GroupMetadataManagerTest$PendingAssignmentCase.class
c28c96d3b8a050d1aeaa95f6bba31d1a33427e4d66dbbacc1e35679a19b03241	streams/build/classes/java/test/org/apache/kafka/streams/tests/RelationalSmokeTest$App.class
c2a5475250ef19559d53031be231bb7b269823b301d6e640bf24eeb5ccc66b47	trogdor/build/classes/java/test/org/apache/kafka/trogdor/common/JsonUtilTest$Foo.class
c2a6a984c5c95a438116296617938a9f1aa190598258aa6789c2008449df08e9	clients/build/classes/java/test/org/apache/kafka/common/requests/UpdateFeaturesRequestTest.class
c2a6b7824ba89d73fdc91c552953473b1b4780fae6e74179748de9d8ce86db2c	clients/build/classes/java/test/org/apache/kafka/clients/producer/KafkaProducerTest$18.class
c2b461a68cf29def2a71d21d6077ceff991d6774aebbc964c9a8162896ca5896	server/build/classes/java/test/org/apache/kafka/network/SocketServerConfigsTest.class
c2bd181f292cad0fbc9731554a1478c978e3aa8bc3605b0c881fe45be6ee4684	server-common/build/classes/java/test/org/apache/kafka/server/util/CsvTest.class
c2bd2a99b01cd235164a8c3bd275c3088dcf59dcb7c430d897ae110bc2bc2a0b	streams/integration-tests/build/classes/java/test/org/apache/kafka/streams/integration/KafkaStreamsTelemetryIntegrationTest.class
c2bf5314be5243a465e526decdb19aa8f565302be8654968dbb13851fc5a13b0	streams/build/classes/java/test/org/apache/kafka/test/GlobalStateManagerStub.class
c2c9d7cc003dd00c2100772b9c322d1c777010a16c31498c64d8998a55375ee5	streams/streams-scala/build/classes/scala/test/org/apache/kafka/streams/scala/TopologyTest$$anon$3.class
c2cea9326b83d83347ce3db780b8a1349ad49fbc67665a2c53ed8a4ab3db561d	streams/build/classes/java/test/org/apache/kafka/streams/state/internals/WindowStoreFetchTest$StoreType.class
c2d68ceb07bf13832ef160ab496a18b152b19db73b69f97f0e8875b01791711a	clients/build/classes/java/test/org/apache/kafka/clients/admin/KafkaAdminClientTest$1.class
c2e564cfd7f188db8b545454f08b7e222432a77beb57b18557cd9ead89abbea6	streams/upgrade-system-tests-33/build/classes/java/test/org/apache/kafka/streams/tests/StreamsUpgradeTest.class
c2ee409e22da5f37fdffcdb639ac904ddea06dba1f3bb971e6e7a031a84f2268	connect/runtime/build/resources/test/META-INF/services/org.apache.kafka.connect.transforms.Transformation
c2eead39cbaf734d7f9e21c81faa4b95b802de8e6c13744f3b59ea8006b4f6a1	streams/test-utils/build/classes/java/test/org/apache/kafka/streams/TopologyTestDriverTest$3.class
c2fab984fbc3127c5e15616c0e55a5e6f9a6caa4ab27e8a17006db814293c4ea	clients/build/classes/java/test/org/apache/kafka/clients/consumer/internals/EagerConsumerCoordinatorTest.class
c30089e24040ab32f43ce24280ddf494a8974d118932b9fce9dfe0daca6611b7	clients/build/classes/java/test/org/apache/kafka/clients/consumer/KafkaShareConsumerTest.class
c3073ddd1994c66cb1298347584152b784fd6a36c635cad79296e2a71dcfafe1	streams/streams-scala/build/classes/scala/test/org/apache/kafka/streams/scala/kstream/KStreamTest$$anon$1$$anon$2.class
c330675d6cd4e1d340a9eb08f2a2f2699d6188c9a474c6f9be42c5f265ed1cbd	clients/build/classes/java/test/org/apache/kafka/clients/InFlightRequestsTest.class
c33657173a526d558e206f62c186b497aa609330f6ca6ac8f720807d80112565	tools/build/classes/java/test/org/apache/kafka/tools/EndToEndLatencyTest.class
c33942ddd84f18a41262459fc5893139cdf6c35e8b6dcd134cf1c98da8a1574b	streams/upgrade-system-tests-31/build/classes/java/test/org/apache/kafka/streams/tests/SmokeTestDriver$ValueList.class
c33942ddd84f18a41262459fc5893139cdf6c35e8b6dcd134cf1c98da8a1574b	streams/upgrade-system-tests-32/build/classes/java/test/org/apache/kafka/streams/tests/SmokeTestDriver$ValueList.class
c33942ddd84f18a41262459fc5893139cdf6c35e8b6dcd134cf1c98da8a1574b	streams/upgrade-system-tests-33/build/classes/java/test/org/apache/kafka/streams/tests/SmokeTestDriver$ValueList.class
c33942ddd84f18a41262459fc5893139cdf6c35e8b6dcd134cf1c98da8a1574b	streams/upgrade-system-tests-34/build/classes/java/test/org/apache/kafka/streams/tests/SmokeTestDriver$ValueList.class
c33942ddd84f18a41262459fc5893139cdf6c35e8b6dcd134cf1c98da8a1574b	streams/upgrade-system-tests-35/build/classes/java/test/org/apache/kafka/streams/tests/SmokeTestDriver$ValueList.class
c33942ddd84f18a41262459fc5893139cdf6c35e8b6dcd134cf1c98da8a1574b	streams/upgrade-system-tests-36/build/classes/java/test/org/apache/kafka/streams/tests/SmokeTestDriver$ValueList.class
c33942ddd84f18a41262459fc5893139cdf6c35e8b6dcd134cf1c98da8a1574b	streams/upgrade-system-tests-37/build/classes/java/test/org/apache/kafka/streams/tests/SmokeTestDriver$ValueList.class
c33942ddd84f18a41262459fc5893139cdf6c35e8b6dcd134cf1c98da8a1574b	streams/upgrade-system-tests-38/build/classes/java/test/org/apache/kafka/streams/tests/SmokeTestDriver$ValueList.class
c33942ddd84f18a41262459fc5893139cdf6c35e8b6dcd134cf1c98da8a1574b	streams/upgrade-system-tests-39/build/classes/java/test/org/apache/kafka/streams/tests/SmokeTestDriver$ValueList.class
c33942ddd84f18a41262459fc5893139cdf6c35e8b6dcd134cf1c98da8a1574b	streams/upgrade-system-tests-40/build/classes/java/test/org/apache/kafka/streams/tests/SmokeTestDriver$ValueList.class
c33942ddd84f18a41262459fc5893139cdf6c35e8b6dcd134cf1c98da8a1574b	streams/upgrade-system-tests-41/build/classes/java/test/org/apache/kafka/streams/tests/SmokeTestDriver$ValueList.class
c33942ddd84f18a41262459fc5893139cdf6c35e8b6dcd134cf1c98da8a1574b	streams/upgrade-system-tests-42/build/classes/java/test/org/apache/kafka/streams/tests/SmokeTestDriver$ValueList.class
c33942ddd84f18a41262459fc5893139cdf6c35e8b6dcd134cf1c98da8a1574b	streams/upgrade-system-tests-43/build/classes/java/test/org/apache/kafka/streams/tests/SmokeTestDriver$ValueList.class
c3440b290e25f11cbc7f4c9a384f5038472bb5f640e6d610ce113c5a73ec78cf	streams/build/classes/java/test/org/apache/kafka/streams/processor/internals/ProcessorTopologyTest$AddHeaderProcessor.class
c357f019de1198e12b7b30eb65ba05b2fb1f131d000950f1850836c764339eae	clients/clients-integration-tests/build/classes/java/test/org/apache/kafka/clients/consumer/PlaintextConsumerCallbackTest$4.class
c37ee65535e0dfd2dd83a8f8c2fa3949c299af3a8ca06b6c4d15f73d5508c54c	clients/build/classes/java/test/org/apache/kafka/clients/consumer/internals/HeartbeatRequestStateTest.class
c37fba6eb469e679b66dae0c269dfa944a2d5becd6a29f0ca77e98eb66dceb88	core/build/classes/scala/test/kafka/server/share/SharePartitionManagerTest$TopicMetrics.class
c39f2c17f3659717aeb6906e9e94b6ec6880575f3630aad62ba6557fdd9c7be4	clients/build/classes/java/test/org/apache/kafka/common/resource/ResourceTypeTest.class
c39fb8ae1ac2fa051bddd73108523656c0965ce287bec8b055a91b955755a8d9	clients/clients-integration-tests/build/classes/java/test/org/apache/kafka/clients/consumer/ConsumerIntegrationTest$1.class
c3a3830dd919e478abc8a3349e92e6fab2e106fa810f57d00657d89b3e50b653	streams/build/classes/java/test/org/apache/kafka/streams/processor/internals/GlobalStateManagerImplTest$9.class
c3bdd204d0620868f58b32488ec1255fb96b3c8ca9f53d941e4fc39acc95637d	clients/build/classes/java/test/org/apache/kafka/common/network/DefaultChannelMetadataRegistry.class
c3beec3987ac6a14af7edcab205d3ca43627bd887f94a9a1ba4e3fcb52e96c57	clients/build/classes/java/test/org/apache/kafka/common/message/SimpleArraysMessageTest.class
c3c2b0bd46ee668151669d7822c143ce34b0848477dc0fefc3a9e44c1234522c	connect/runtime/build/resources/test/META-INF/services/org.apache.kafka.connect.source.SourceConnector
c3cf8b3fab7b872b869830b94bde5e7ab5e432eee8bee8594a24caf9b52ae708	connect/runtime/build/classes/java/test/org/apache/kafka/connect/runtime/WorkerSinkTaskThreadedTest$TestSinkTask.class
c3eac339456757e843fd9d93e2c137f72deb7ab8b443677a97265c822387bd3a	clients/build/classes/java/test/org/apache/kafka/clients/producer/internals/BufferPoolTest$2.class
c3ee0605f3e41705c7c1717073a4c3f79255ce1f3928ca6070a87a5895ec66d0	streams/build/classes/java/test/org/apache/kafka/streams/state/TimestampedWindowStoreWithHeadersContractTest.class
c3f0d9de49e94b65179929cfef1ffbcfcc7fd87d44a36d338cb16c3e151b125c	streams/integration-tests/build/classes/java/test/org/apache/kafka/streams/integration/FineGrainedAutoResetIntegrationTest$TestingUncaughtExceptionHandler.class
c4024c714c178ad6553693e7ed429414de0ffcd37a466914d8ec37d0092be292	storage/build/classes/java/test/org/apache/kafka/server/log/remote/metadata/storage/ConsumerTaskTest$DummyEventHandler.class
c40d486de7dba889450df85749d371bdcfc84d3c82f6027971f26b6054b9660d	core/build/classes/scala/test/kafka/api/GroupedUserQuotaCallback$.class
c41d77064c8af9ade60479f7135a1a47160b29ee8372d3dab055e33201a1e40d	storage/build/classes/java/test/org/apache/kafka/server/log/remote/storage/LocalTieredStorageTest$1.class
c4306503a4da5412752a28790c818c0ce6a7c121bf9ad2b140f2e31e56159c5b	streams/integration-tests/build/classes/java/test/org/apache/kafka/streams/integration/InMemoryStoreMetricsIntegrationTest$1.class
c462a75a13ec7e767a4e513887d884da7db7f87f5208be83647d911ed47a8d7d	streams/build/classes/java/test/org/apache/kafka/streams/kstream/internals/KTableAggregateTest$NoEqualsImplSerde.class
c469a16febb6c2c83019cc17e0dced04ec58059bd269eb3071868d6a1d0d6a8e	streams/build/classes/java/test/org/apache/kafka/streams/processor/internals/ProcessorStateManagerTest$8.class
c46dfe7453346d43dc7042d7a0f1f87b81955204952d643e4c7111104a15cdbc	group-coordinator/build/classes/java/test/org/apache/kafka/coordinator/group/util/UpdatedMembersAndTargetAssignmentViewTest$Member.class
c47d9ea1b80a75fdac43876228fbff5b76d5a975ca1a39c1bf68522da1db247c	streams/build/classes/java/test/org/apache/kafka/streams/processor/internals/ProcessorContextImplTest$1.class
c4811f72406da8b4b37fc0c9f928f9f7abaeda3d5b453de0ec4a76feeb357e73	clients/build/classes/java/test/org/apache/kafka/clients/consumer/internals/FetcherTest$4$1.class
c4904c14189bf19d41e109d836f82c062df9e49cc731378abaa504923886d027	storage/build/classes/java/test/org/apache/kafka/server/log/remote/storage/RemoteLogManagerTest$7.class
c4ac31212fe2b53176f4a0eefeb42b00ecab86888f93af10b75e0498d5094731	streams/build/classes/java/test/org/apache/kafka/streams/state/internals/MeteredKeyValueStoreTest.class
c4b87fb34eac79b3007c4a1e6f42c47ae2f066a5cd51e169886ba8a6731c3db3	clients/build/classes/java/test/org/apache/kafka/clients/producer/MockProducerTest$7.class
c4c04ed7a249995a73e4254af6493cfe1794eb16ee30e6df2c577916cf7996dc	clients/build/classes/java/test/org/apache/kafka/common/utils/internals/JavaTest.class
c4d936afd40f847d6a9cddb7e00c04190b066b4e4b43a4eb028473d6736720f9	core/build/classes/scala/test/kafka/server/ApiVersionsRequestTest.class
c4ecdfdb242167e6c8d11ccb3cc7609b92eeb783ec77769c394b90602ec66990	metadata/build/classes/java/test/org/apache/kafka/metadata/placement/StripedReplicaPlacerTest.class
c4f24ad2a3273981eda5edbedf2beb2414b45697f51757e41079dacbf3531fce	connect/runtime/build/classes/java/test/org/apache/kafka/connect/runtime/SampleTransformation.class
c4f743f1a93b907f835c4364f4fc0147b97e6865a401a96b857bfb5fe6cea1d8	connect/runtime/build/classes/java/test/org/apache/kafka/connect/runtime/standalone/StandaloneHerderTest$BogusSourceTask.class
c4fb86f7fdd2a4ef454e556949e828bd3720f3fdf30db71897c267feb5517ae0	metadata/build/classes/java/test/org/apache/kafka/metadata/storage/FormatterTest$TestEnv.class
c50b2d056a85b3a527a7d06ca7424896bba00b20049fd952de911fb63fc2b319	clients/build/classes/java/test/org/apache/kafka/common/requests/OffsetFetchResponseTest.class
c50fa2489e345f7a8cf9c9865fb19e3b95247164effa9ab3e3b323a129721646	streams/build/classes/java/test/org/apache/kafka/streams/kstream/internals/KTableTransformValuesTest.class
c514e69d85f64d27c76fc116d87f9fd4356065a8ebb7274f7db8605368a8cc09	core/build/classes/scala/test/kafka/server/share/DelayedShareFetchTest$DelayedShareFetchBuilder.class
c517ef458e21a26f57ae07eb726f73f770e0688d83799031a7bbfab922dc7915	streams/build/classes/java/test/org/apache/kafka/streams/tests/RelationalSmokeTest$AugmentedArticle$AugmentedArticleDeserializer.class
c51cf39b217058f22743b6e50c9f7f30915b5b24bf56809ed2460acc360256be	streams/build/classes/java/test/org/apache/kafka/streams/kstream/internals/KTableKTableForeignKeyJoinScenarioTest$1.class
c524cff3a4c1219520c49e0925411557dc3c5f73aa2b24b424b55f71d93a4735	streams/build/classes/java/test/org/apache/kafka/streams/processor/internals/RecordCollectorTest$ProductionExceptionHandlerMock.class
c52611e04bb518528d9d51cccf002f361afc06b6da8c9922ae20d789e2f76771	group-coordinator/build/classes/java/test/org/apache/kafka/coordinator/group/GroupMetadataManagerTestContext$PendingMemberGroupResult.class
c53c7a64707eaf7bd46106a34f586f9c1a552079fa4b1adbfd714ddff86ff4c2	clients/build/classes/java/test/org/apache/kafka/clients/admin/ConsumerGroupListingTest.class
c56b02c4b67473ecd4b187290c19efa4dc1319cbbf4c3363ebc10a0607ee97f9	streams/build/classes/java/test/org/apache/kafka/streams/state/internals/StagedMergeIteratorTest.class
c575024d0cb9f3d59916e37a445fd2bf56d8c733f8389ae4555a5eb5ed0b38b5	clients/clients-integration-tests/build/classes/java/test/org/apache/kafka/clients/producer/ProducerSendWhileDeletionTest.class
c577f8369d0cc8de5936a4c8bb3b1253631687bb3c97acf4e8cf2c05b2294902	clients/build/classes/java/test/org/apache/kafka/clients/NetworkClientTest.class
c5844eb6d557eabb7c12d34fc600fa0817bedfda825c202e58a4875cb72ae1f9	clients/clients-integration-tests/build/classes/java/test/org/apache/kafka/clients/CreateTopicsRequestTest.class
c58d06a86bb711d51c7c0f986461c35122f639d2bf0a68d440703eb3a2e04d34	streams/build/classes/java/test/org/apache/kafka/streams/state/internals/WindowKeySchemaTest$QuadFunction.class
c5a2a2c738099f48d82dc3938c1c21763001bdc1d5bb41b3ab6538566e01dc94	clients/build/classes/java/test/org/apache/kafka/clients/admin/internals/ListOffsetsHandlerTest.class
c5a7fed3a18e615d791a986d09a712b84c8e675b00ed5eea286a88743dcdcbcb	connect/api/build/classes/java/test/org/apache/kafka/connect/data/ValuesTest$1.class
c5b1d6218dbfb9c614122f79a4d185bc238826b7d0ca2e75ba950ace145b0c8d	connect/runtime/build/classes/java/test/org/apache/kafka/connect/util/TopicAdminTest.class
c5b9e934a2a3a8a05317651a0330b764e4423fd0128f2888e54a511605b3250b	streams/build/classes/java/test/org/apache/kafka/streams/state/internals/AbstractTransactionBufferTest.class
c5deb9e90729318cec2683dd55b929743556ae135ea9b00e77155df49533e053	connect/mirror/build/classes/java/test/org/apache/kafka/connect/mirror/MirrorSourceConfigTest.class
c5e80891dbc1145f040286d433890446b431806fcc6565974d43d07c17bcd168	streams/build/classes/java/test/org/apache/kafka/streams/kstream/internals/KTableTransformValuesTest$StatelessTransformer.class
c611c7cdac58018af591f0763d39ceda4e8275d125a1e3b3cf3a303a52dfbacd	streams/integration-tests/build/classes/java/test/org/apache/kafka/streams/integration/RebalanceTaskClosureIntegrationTest$1.class
c613d4c218cefc5ebfed747efd0fbc90f9284a77a6152c9e2282a282313ef914	server-common/build/classes/java/test/org/apache/kafka/queue/KafkaEventQueueTest$ExceptionTrapperEvent.class
c616c7fdd8106b75246935239d1a46588531732005d52c2d7ee2db98613788a6	streams/build/classes/java/test/org/apache/kafka/streams/processor/internals/ProcessorNodeTest$IgnoredInternalExceptionsProcessor.class
c61a544babf72317d3df5f0ad7f4ecb53aed24cdf7a5d8c453e94eca599dfbae	core/build/classes/scala/test/kafka/server/DynamicBrokerConfigTest$TestAuthorizer.class
c6683a011317e3f47000ce2e1bdb86361f8d7ae916135b6ac4d678487decd88c	metadata/build/classes/java/test/org/apache/kafka/metadata/ReplicasTest.class
c6695e11ce2a38a74ab402d91923dbd8dbf6dfe1f7fd6cd6d9684344d98a386a	metadata/build/classes/java/test/org/apache/kafka/controller/metrics/ControllerMetricsChangesTest.class
c68c0f3c3f233ebd0dc00027ebeb949f2da9748f1c3ceb28dca39f6945e91f88	clients/build/classes/java/test/org/apache/kafka/common/security/oauthbearer/internals/expiring/ExpiringCredentialRefreshingLoginTest.class
c6992eec732240e9cb543f4197f87d0f52f2066aca3a664b549018e5440abf85	clients/build/classes/java/test/org/apache/kafka/common/record/internal/MemoryRecordsTest$5.class
c6c090af1721f5e41f70715355c0b067db9dcf7974cbce2c1c18bfab7081fa9b	tools/build/classes/java/test/org/apache/kafka/tools/UserScramCredentialsCommandTest.class
c6c679c99e2bac5023db7e9faff87e8237bad818b6c692a261dbf038858fa8fd	streams/build/classes/java/test/org/apache/kafka/streams/state/internals/SerdeThatDoesntHandleNull.class
c6cc14e5fa5886c13d939ba62ee1d590025b6133fb69774ea3aea5eb357f3f32	tools/build/classes/java/test/org/apache/kafka/tools/GetOffsetShellTest$Row.class
c6d540d77ce62f7f8fd4c54fcd343b46e38d992d8727c2d20d7f4b477d3e9b4e	metadata/build/classes/java/test/org/apache/kafka/controller/PeriodicTaskControlManagerTest.class
c6de4189372bb13cc18b46440f0514f066c41b3cfab340aeced6d132d44b0f43	core/build/classes/scala/test/kafka/server/DynamicBrokerConfigTest.class
c6e5d45d88136bbddfae87ec15ff4e9334882511441b98de46726fc3ffc76928	test-common/test-common-internal-api/build/classes/java/test/org/apache/kafka/common/test/api/DetectThreadLeakTest.class
c6e76367601a868163793f578979aed2d13540a30521a45b5285bde140276a43	streams/build/classes/java/test/org/apache/kafka/streams/tests/RelationalSmokeTest$DataSet$1.class
c6f6294eac796591cffe80bf1f9f37080124d4d9347186c545bf8598a65f0541	clients/build/classes/java/test/org/apache/kafka/clients/consumer/internals/ShareFetchBufferTest.class
c6fea93d8983ac843760fdc41df2c45032ca511bf37c0ae833d144c97c258a97	core/build/classes/scala/test/kafka/server/ReplicaManagerTest$$anon$7$$anon$8$$anon$9.class
c6feb4f3aa080bab95047fee1542f1692e6245e7b802b6591453c17a60e95a84	raft/build/classes/java/test/org/apache/kafka/snapshot/SnapshotWriterReaderTest.class
c70cb928fbe74b17a0c6c208933d01813a693d6f5793b88d41e5b79c5581286e	shell/build/classes/java/test/org/apache/kafka/shell/glob/GlobVisitorTest$TestNode.class
c71342c58c42f382a05b8ff3b74f8b1ec76aea9db3cca12b1d74c24eedecfd85	connect/runtime/build/classes/java/test/org/apache/kafka/connect/runtime/isolation/PluginRecommenderTest.class
c716ef2223b2baf7ef5871e923d8bae995bcb55a147d7685ef1ac1e679e4bb36	group-coordinator/build/classes/java/test/org/apache/kafka/coordinator/group/assignor/UniformHomogeneousAssignmentBuilderTest.class
c72c2644cf2c04ceac6492c1fae61b0dd164ad04e8fd3e64bf6c4480804953bf	metadata/build/classes/java/test/org/apache/kafka/controller/MockRaftClientTestEnv.class
c7374a564d6b98091742874ad0fcae62286b10f05f709fba7d495ad24029947a	streams/build/classes/java/test/org/apache/kafka/streams/tests/RelationalSmokeTest$Comment$CommentSerde.class
c7538d88916a48705e7203d199222e79115b5e5f3c31b919c6e5e10e16ec0b9c	streams/build/classes/java/test/org/apache/kafka/streams/processor/internals/ProcessorStateManagerTest$CachingStore.class
c76cc4aef2462be4b53bb8fabbe04d438f3b3c62cae97d34cac10ba401270d87	core/build/classes/scala/test/kafka/utils/LoggingTest$TestLogging$1.class
c77b0a8c0650b86b7286f5d0806048c880951672f7a16f39a5906bab972f63db	streams/integration-tests/build/classes/java/test/org/apache/kafka/streams/integration/KStreamKStreamOuterJoinTransactionalStoreIntegrationTest.class
c797e8b07fd40ea52d10f27b6b0c5c125662fd6abf86442ef0cbba4effcff591	connect/runtime/build/classes/java/test/org/apache/kafka/connect/runtime/TransformationConfigTest.class
c79fb0690d18e6f4fafd4d32df98a2b8f4ed4b6f85d1647da7b5c6a32eaf3695	streams/test-utils/build/classes/java/test/org/apache/kafka/streams/MockProcessorContextTest$3.class
c7a38aad58f1b39769d509cf6b9ed9d331fe0754d3f29f7fe4dbb99cddc8bd9c	streams/build/classes/java/test/org/apache/kafka/test/MockReducer$StringRemove.class
c7bb7e7deec4b8b4898b0b1df347dae962bbf38d64aeff9942445a7cd8ebb73f	share-coordinator/build/classes/java/test/org/apache/kafka/coordinator/share/ShareCoordinatorServiceTest.class
c7c97a5ca7d166b36dcd9450cee8b9b6b004128c147e2a7b8e31937aaab9ac7c	connect/mirror/build/classes/java/test/org/apache/kafka/connect/mirror/integration/MirrorConnectorsIntegrationBaseTest$3.class
c7d16a67a40cd36c652cfc698279c14d8c83051f3f788dcdc29bacdc44e94b91	clients/build/classes/java/test/org/apache/kafka/common/KafkaFutureTest$CompleterThread.class
c7db4dcc2f5ac4838c5b965f6b85a9c9ae0465ab6d5cb0f14febf8e4fa216cc2	connect/runtime/build/classes/java/test/org/apache/kafka/connect/integration/RestExtensionIntegrationTest$IntegrationTestRestExtension.class
c7e5c4bcfd82401dd929fcc711c1eb31a25f5608f28e886a5141e48d951a2420	clients/build/classes/java/test/org/apache/kafka/clients/consumer/internals/ConsumerMetadataTest.class
c809e4a7a724f2410474f00254a063372e6335bce357bd37660c1f5b461866af	streams/build/classes/java/test/org/apache/kafka/streams/state/internals/AbstractKeyValueStoreTest$1.class
c81059540161b12d43c23fc2e225ca0da58f64662e326090c7ad440a82934d87	core/build/classes/scala/test/kafka/server/ReplicaManagerConcurrencyTest$AlterIsrEvent.class
c81bc460693539e6d6b7eb633415ef9e65a5577589ee725bdacb5ddaf81a2535	storage/build/classes/java/test/org/apache/kafka/tiered/storage/TieredStorageTestContext.class
c822012b1ec2c93d2deee11699307cfbb107df00198bede9d511fe02ba189d3d	connect/runtime/build/classes/java/test/org/apache/kafka/connect/runtime/isolation/PluginUtilsTest$Colliding.class
c827b9a6d120401dfdd20605cd7b896aae6bb8d8b7a6eef86f41774ec416dad1	server-common/build/classes/java/test/org/apache/kafka/server/quota/QuotaUtilsTest.class
c82e7e140a5d154ff3f765c70278bbdba3024a040e2defe2b5be09d4bc24a0f4	clients/build/classes/java/test/org/apache/kafka/common/metrics/stats/SampledStatTest$SampleCount.class
c8379f439a8c6a86e51a35c31ed96232ba1613ac658acc1b801e5042dee1115b	clients/build/classes/java/test/org/apache/kafka/clients/consumer/internals/ConsumerInterceptorsTest.class
c84e42fff4208d4f0c244408928da07030bf4a089414fb260ce543b0c96fb256	clients/build/classes/java/test/org/apache/kafka/common/compress/Lz4CompressionTest$Args.class
c86449c56a2005f4abf3d826ef9addcf5286121dbc4a8e1093023807cbc30d71	storage/build/classes/java/test/org/apache/kafka/storage/internals/log/LogLoaderTest$ErrorType.class
c86fbac2d3dfb428d0ef8f2ca2a3ba9cc46bf76724e58f98e016f9b217457ed0	core/build/classes/scala/test/kafka/api/SslAdminIntegrationTest$TestPrincipalBuilder.class
c885167fb5d183b6016719896dcdc8ab71527a993a142e6229d2d37779924455	clients/build/classes/java/test/org/apache/kafka/common/security/oauthbearer/ClientJwtValidatorTest.class
c886cdaee50ee2b6e7a5bd03185151fa51e6e8423f9e4b8e16a9f8610c19a8d8	connect/runtime/build/resources/test/META-INF/services/org.apache.kafka.connect.sink.SinkConnector
c88b4350d290d93d726b8e7ecda5e565d5dfa23fa0de4bb30e0f3e43ae66413e	clients/build/classes/java/test/org/apache/kafka/common/requests/SyncGroupRequestTest.class
c8900ec196dc1ca65dfc2f46848b529205f154a097397f6055ea16a2a23a28ae	metadata/build/classes/java/test/org/apache/kafka/metadata/MetadataCacheTest.class
c8905d295c0664e0f64c6731a08c356953f9e0c11dd0f331aae267809e37c3d1	clients/build/classes/java/test/org/apache/kafka/clients/consumer/internals/AcknowledgementCommitCallbackHandlerTest$TopicPartitionAndOffset.class
c893121d34b64b16cf363e6d106b1dd6de30445c26390245f871607ce658defe	core/build/classes/scala/test/kafka/network/SocketServerTest$TestableAcceptor.class
c8bbabd5eaf91757439e01abc5d3e339bb2e94194cfc654af1eba7584cfd617c	streams/build/classes/java/test/org/apache/kafka/streams/state/internals/ReadOnlyWindowStoreStub$6.class
c8e8fc7dedba655079ac1502c2bc7194886e3ca5261dad0884d04a28a498e3e9	clients/build/classes/java/test/org/apache/kafka/clients/producer/KafkaProducerTest$PartitionerForClientId.class
c8eceb4d701714e3350ba2d3613b5a4caf2f59fc79aed5f4f9c178fd8059f8fe	raft/build/classes/java/test/org/apache/kafka/raft/RaftEventSimulationTest$IntSerde.class
c8f18b23505c2079872630eee13893bcaa35872126f2d3b187e34add1bd8447f	core/build/classes/scala/test/kafka/server/TestExporterOnly.class
c8f8a15d6753132e55c77bb2d411230d289e88e674e73b70f3dc63df51867d4c	tools/build/classes/java/test/org/apache/kafka/tools/reassign/ReassignPartitionsCommandTest$BrokerDirs.class
c92a69648f172c21180564544e76b34d4eb0729970ccfb61baa368c1629d59dc	core/build/classes/scala/test/kafka/server/FetchRequestTest$$anonfun$2.class
c943427ebb6eb4412cc84d352e326a883e2cb076a942b9e57f8d42ed76cc3df7	streams/integration-tests/build/classes/java/test/org/apache/kafka/streams/integration/GlobalKTableIntegrationTest.class
c955f84f39184799d42a9a030ed7270d8168ff2730a28028304352ba254e3a6e	connect/json/build/classes/java/test/org/apache/kafka/connect/json/JsonConverterTest.class
c95a0b418373121500d1b40a43f2a991e00648b5030e1f100d71c1afc7d9df32	streams/build/classes/java/test/org/apache/kafka/streams/processor/internals/InternalTopicManagerTest$1$1.class
c9634351d7b9562e989a1f56245973174abe138cea00de64c91c2075d3590f9d	streams/examples/build/classes/java/test/org/apache/kafka/streams/examples/docs/DeveloperGuideTesting$CustomMaxAggregator.class
c98bb4eaebd5392c6ce28befdfe2ba8cfc46d7f91ab1f7b7950f9f7c4833ec8d	core/build/classes/scala/test/kafka/server/DescribeLogDirsRequestTest.class
c98bd54fb76279fad40bc98e075250518e63e2d5ef0ac6d57933937fb5410263	clients/build/classes/java/test/org/apache/kafka/common/network/SslTransportLayerTest$Args.class
c99efffc7f31d351970e600f969e85b020619d34a19d945b142f50219164cdc6	connect/api/build/classes/java/test/org/apache/kafka/connect/data/StructTest.class
c9a0394312096cf89aebcffecea615e02f854e30efeddaa4e931c12d844c4a3f	tools/build/classes/java/test/org/apache/kafka/tools/ConnectInternalTopicsTest.class
c9e664ae38947f8fae9f12c397dd9b51a4b376ad4b1af5f82635fcf8d117bb04	connect/runtime/build/classes/java/test/org/apache/kafka/connect/runtime/distributed/DistributedHerderTest$MockSynchronousExecutor.class
c9eebb1ab666fe13339d642859ed7248958e7b57fdcaecbd0062c22995e735ba	clients/build/classes/java/test/org/apache/kafka/clients/producer/internals/BuiltInPartitionerTest.class
c9fcbea34cf738b37c21e825ed3887b397daedabe935d1c6c25341b55495be1d	core/build/classes/scala/test/kafka/api/GroupEndToEndAuthorizationTest$GroupPrincipalBuilder.class
ca2808b6575ed6d0f6e689f2a0166c767954e55b704ccdad4a09e26318e93fde	clients/build/classes/java/test/org/apache/kafka/common/network/ServerConnectionIdTest.class
ca2f4f4620b940793c634f2d70c5e9f9c242f6c70148cbd446731f23ca46a5d2	metadata/build/classes/java/test/org/apache/kafka/metadata/VersionRangeTest.class
ca351ad83a8d8dd405587b72bcfe1afefe7903e5c3a760b52f06ebc676ba2a0d	streams/build/classes/java/test/org/apache/kafka/streams/processor/internals/TaskSuite.class
ca7fd92b0ea2566009ac2f0897787d4554a265f32961f5e408affd8406b84c39	streams/build/classes/java/test/org/apache/kafka/streams/state/internals/AbstractWindowBytesStoreTest.class
ca8d3ace403b7331bbbcee78164f1a17c0de780438a207f9133b271d5735e100	connect/runtime/build/classes/java/test/org/apache/kafka/connect/runtime/RestartRequestTest.class
caa1f50b71971bd055a8b481eae21a96c28a9cda06558e0098bd1cb14ed65cb8	storage/build/classes/java/test/org/apache/kafka/tiered/storage/specs/ProducableSpec.class
caa62287f45337a7270f519f6958bd89dcfa356886dc82fc8827c24c799e6934	core/build/classes/scala/test/kafka/network/SocketServerTest$SelectorOperation$Wakeup$.class
cad9a6c76ae449e36647852528388ff254c70afc9545d8784fcea6aef90c2102	streams/integration-tests/build/classes/java/test/org/apache/kafka/streams/integration/SelfManagedOffsetLifecycleIntegrationTest.class
cae770cc52e251031bb6c37d099466af8667cfd924c95e41abfeb0bea21f5343	streams/build/classes/java/test/org/apache/kafka/streams/state/internals/AbstractTransactionBufferTest$TestBuffer.class
caefa0545ef8b6abe3d910287f7a3b399be1feb5c9b419c341b48e0dade471aa	streams/upgrade-system-tests-30/build/classes/java/test/org/apache/kafka/streams/tests/SmokeTestUtil.class
caefa0545ef8b6abe3d910287f7a3b399be1feb5c9b419c341b48e0dade471aa	streams/upgrade-system-tests-31/build/classes/java/test/org/apache/kafka/streams/tests/SmokeTestUtil.class
caefa0545ef8b6abe3d910287f7a3b399be1feb5c9b419c341b48e0dade471aa	streams/upgrade-system-tests-32/build/classes/java/test/org/apache/kafka/streams/tests/SmokeTestUtil.class
caefa0545ef8b6abe3d910287f7a3b399be1feb5c9b419c341b48e0dade471aa	streams/upgrade-system-tests-33/build/classes/java/test/org/apache/kafka/streams/tests/SmokeTestUtil.class
caefa0545ef8b6abe3d910287f7a3b399be1feb5c9b419c341b48e0dade471aa	streams/upgrade-system-tests-34/build/classes/java/test/org/apache/kafka/streams/tests/SmokeTestUtil.class
caefa0545ef8b6abe3d910287f7a3b399be1feb5c9b419c341b48e0dade471aa	streams/upgrade-system-tests-35/build/classes/java/test/org/apache/kafka/streams/tests/SmokeTestUtil.class
caefa0545ef8b6abe3d910287f7a3b399be1feb5c9b419c341b48e0dade471aa	streams/upgrade-system-tests-36/build/classes/java/test/org/apache/kafka/streams/tests/SmokeTestUtil.class
caefa0545ef8b6abe3d910287f7a3b399be1feb5c9b419c341b48e0dade471aa	streams/upgrade-system-tests-37/build/classes/java/test/org/apache/kafka/streams/tests/SmokeTestUtil.class
caefa0545ef8b6abe3d910287f7a3b399be1feb5c9b419c341b48e0dade471aa	streams/upgrade-system-tests-38/build/classes/java/test/org/apache/kafka/streams/tests/SmokeTestUtil.class
caefa0545ef8b6abe3d910287f7a3b399be1feb5c9b419c341b48e0dade471aa	streams/upgrade-system-tests-39/build/classes/java/test/org/apache/kafka/streams/tests/SmokeTestUtil.class
caefa0545ef8b6abe3d910287f7a3b399be1feb5c9b419c341b48e0dade471aa	streams/upgrade-system-tests-40/build/classes/java/test/org/apache/kafka/streams/tests/SmokeTestUtil.class
caefa0545ef8b6abe3d910287f7a3b399be1feb5c9b419c341b48e0dade471aa	streams/upgrade-system-tests-41/build/classes/java/test/org/apache/kafka/streams/tests/SmokeTestUtil.class
caefa0545ef8b6abe3d910287f7a3b399be1feb5c9b419c341b48e0dade471aa	streams/upgrade-system-tests-42/build/classes/java/test/org/apache/kafka/streams/tests/SmokeTestUtil.class
caefa0545ef8b6abe3d910287f7a3b399be1feb5c9b419c341b48e0dade471aa	streams/upgrade-system-tests-43/build/classes/java/test/org/apache/kafka/streams/tests/SmokeTestUtil.class
cafb12fd5be9c475b3e1d9304acc515fde7241cd07de616f8eab414d5f14628a	streams/build/classes/java/test/org/apache/kafka/streams/state/internals/RocksDBStoreCloseLeakTest$CapturingOffsetsRocksDBStore.class
cb1a6a959b4a29d89a1025b566612c3e8aa1241f1aed623f2a0f6a1e83922291	clients/clients-integration-tests/build/classes/java/test/org/apache/kafka/clients/consumer/PlaintextConsumerCallbackTest.class
cb32e05be25bb36783c3ac323a4642308605d4e48873a39784c0d1672603767e	streams/upgrade-system-tests-24/build/classes/java/test/org/apache/kafka/streams/tests/SmokeTestDriver$NumberDeserializer.class
cb472cd5c9d11141fdf080a875e5146cffd664a990ec3847c89dbf22a3352589	group-coordinator/build/classes/java/test/org/apache/kafka/coordinator/group/MockPartitionAssignor.class
cb482f30729d8b77c00ad502869267d638294c12d46f679b504325a598e06b3b	server/build/classes/java/test/org/apache/kafka/server/FetchSessionTest.class
cb51cf5155cdb93d7bb788f2f86f41d187d95f996f31c0cbc3a43094d7d0fd36	streams/build/classes/java/test/org/apache/kafka/streams/kstream/internals/CogroupedKStreamImplTest.class
cbc2631a7e08fd1cf2f21d6436effd762d5e6a36e257f28c58bda6da78190353	clients/build/classes/java/test/org/apache/kafka/clients/consumer/internals/StreamsRebalanceListenerInvokerTest.class
cbd65110da2bca3b87deeb272a4c36c1e5bcc341f8105365d9e12f61bf08ba84	streams/build/classes/java/test/org/apache/kafka/streams/processor/internals/assignment/StandbyTaskAssignmentUtilsTest.class
cbe79fe05c7bbde3d251bcda801204c162995e20cd7dc31f90e0fb6a403b7e4f	streams/build/classes/java/test/org/apache/kafka/streams/processor/internals/GlobalStateManagerImplTest$11.class
cbf0d32d18640ccf8be5861fa23529ad9573608b7d544f8a4ce535cb464e7a1b	clients/build/classes/java/test/org/apache/kafka/clients/consumer/internals/AsyncKafkaConsumerTest$MockCommitCallback.class
cbf31fab019789561bf82d1a93932d072df4669882a21e2ea77711b56e8a961c	streams/build/classes/java/test/org/apache/kafka/streams/state/internals/ReadOnlyWindowStoreStub$3.class
cbf6ce38e884f19659bf626450a06f55ca6b3bd30721c7d220104d855aaaefae	generator/build/classes/java/test/org/apache/kafka/message/IsNullConditionalTest.class
cbf72fcd3823968dd2619511cd1a7c97d3f51447f052365cecabb2037d322935	trogdor/build/classes/java/test/org/apache/kafka/trogdor/coordinator/CoordinatorTest.class
cc0ce40ca34b4b6153b686fe494c6de685d954ebf284246a82108279e1a8bbf5	server/build/classes/java/test/org/apache/kafka/server/KRaftClusterTest$BadAuthorizer.class
cc16946a926ec55db28a7e13b8f3007b49e381ad49351ea796d3027c6c267f5a	server/build/classes/java/test/org/apache/kafka/server/share/session/ShareSessionKeyTest.class
cc1ec7b7246e92feb5f24eeab71ffe8aa95417867805731227853fea7d45dfa1	raft/build/classes/java/test/org/apache/kafka/raft/LeaderStateTest$MockOffsetMetadata.class
cc2650d8fce7016acd81eb5d8ef8c17ab1b334b553fbd0b5bffd17978402ed8d	streams/upgrade-system-tests-0110/build/classes/java/test/org/apache/kafka/streams/tests/StreamsUpgradeTest$2.class
cc2650d8fce7016acd81eb5d8ef8c17ab1b334b553fbd0b5bffd17978402ed8d	streams/upgrade-system-tests-10/build/classes/java/test/org/apache/kafka/streams/tests/StreamsUpgradeTest$2.class
cc2650d8fce7016acd81eb5d8ef8c17ab1b334b553fbd0b5bffd17978402ed8d	streams/upgrade-system-tests-11/build/classes/java/test/org/apache/kafka/streams/tests/StreamsUpgradeTest$2.class
cc36ca29895d9acd79e7db43c1dc25408300056a72434ef8dfb7471c53473925	streams/build/classes/java/test/org/apache/kafka/streams/StreamsBuilderTest$1.class
cc3d774a4eb6cde183096b9f9ebe57ef98e3e73f3d7334efaca26a7335883a5c	streams/build/classes/java/test/org/apache/kafka/streams/state/internals/ReadOnlyWindowStoreStub$1.class
cc443205240d34bfc6fb2bdb4da7e9a7ff3b14a64bde4bb0649d464388e0d89b	connect/runtime/build/classes/java/test/org/apache/kafka/connect/storage/KafkaConfigBackingStoreTest$5.class
cc50237965db17932cee9ffdacc2c18a91ffc4c0fc2212ef262f2b14e9f49416	streams/build/classes/java/test/org/apache/kafka/streams/TopologyTestDriverWrapper.class
cc573b74154c8110f6ddee504f3ecc00f24da418a5f6bca71dbee90bb4c4d117	streams/upgrade-system-tests-25/build/classes/java/test/org/apache/kafka/streams/tests/SmokeTestDriver.class
cc573b74154c8110f6ddee504f3ecc00f24da418a5f6bca71dbee90bb4c4d117	streams/upgrade-system-tests-28/build/classes/java/test/org/apache/kafka/streams/tests/SmokeTestDriver.class
cc573b74154c8110f6ddee504f3ecc00f24da418a5f6bca71dbee90bb4c4d117	streams/upgrade-system-tests-30/build/classes/java/test/org/apache/kafka/streams/tests/SmokeTestDriver.class
cc595eb1e056aa0bc0fdc85fd403640b93725d7dc2273e21e9ecce6aefb7fc03	connect/transforms/build/classes/java/test/org/apache/kafka/connect/transforms/field/SingleFieldPathTest.class
cc7369525e7491c0d0844c84c7a4059f5ed592d74f62efafb42bfdd198be2d26	streams/build/classes/java/test/org/apache/kafka/streams/state/internals/TimestampedWindowStoreWithHeadersBuilderTest$StoreType.class
cc7b8d4fb7ced0e522fa54930df1e6b9ba87bd33b174c639aa071d8c01e38623	storage/build/classes/java/test/org/apache/kafka/tiered/storage/utils/TieredStorageTestUtils.class
cc8c5dc97492c3b0b1e8b54d400a94f2c92d92763c24f2f4ef4bec537ae49f7e	connect/runtime/build/classes/java/test/org/apache/kafka/connect/util/KafkaBasedLogTest.class
cc92a1114f3b0de17e7629b0d474d280f34986101428e895a3743643b981b904	clients/build/classes/java/test/org/apache/kafka/clients/consumer/internals/FetcherTest$4.class
cc95085de79f72d78e4cd9c2a29c9b1c663973384c948b64be2baf606a6afdca	clients/build/classes/java/test/org/apache/kafka/clients/consumer/internals/ShareFetchMetricsManagerTest.class
cc9a95d76cb815cdb7fdf055a6806b67f96e3b3d9b763b589b16f8223e50d286	streams/build/classes/java/test/org/apache/kafka/streams/kstream/internals/KGroupedTableImplTest.class
cc9cd8debd2db30b9543ac215a5d819f6430ef4188e3a0a8a05759f5edbd1c75	streams/upgrade-system-tests-34/build/classes/java/test/org/apache/kafka/streams/tests/StreamsUpgradeTest.class
ccab35c16434028f943712c56a03aa5138607118cc9f77d2f44776fbc1977f54	clients/clients-integration-tests/build/classes/java/test/org/apache/kafka/clients/consumer/ShareConsumerTestBase$SerializerImpl.class
ccc8edbedb019d3bd8325d4f494e854153947a81577ce3fc907c62ebcdaaa7b9	group-coordinator/build/classes/java/test/org/apache/kafka/coordinator/group/streams/topics/RepartitionTopicsTest.class
ccd319af1ac3ac083b99d3e5f2d851f4054c08e443605f2168ba2483a53d8be4	streams/integration-tests/build/classes/java/test/org/apache/kafka/streams/integration/IQv2StoreIntegrationTest$5.class
ccd944738c727fb8a365728f9d50a32a2d918d0f9e679ad88d8d17683351a2a7	clients/build/classes/java/test/org/apache/kafka/clients/consumer/MockShareConsumerTest.class
cce3e841f7ff5990dccba92b6c8a5555b8f78fe0a8004d7a8cfd2fa5c9330e49	streams/build/classes/java/test/org/apache/kafka/streams/processor/internals/StateManagerUtilTest.class
ccf4d9d685c4930491270e7244ef3570d9a46a5d3b160410e5276f99cd9f8053	test-common/test-common-runtime/build/classes/java/test/org/apache/kafka/common/test/TestKitNodeTest.class
cd15efe04a37ca4a666df0c2ae023e6fcac4c5daa3639a1791508dd0dd8a9d45	connect/runtime/build/classes/java/test/org/apache/kafka/connect/runtime/ConnectorConfigTest$AbstractTestPredicate.class
cd292653e90f1f3d22f1f65fcd896be7b7c115892475afd9f1e644d593536a3e	clients/build/classes/java/test/org/apache/kafka/common/network/SslSelectorTest$TestSslChannelBuilder.class
cd72eece33d140758c332ba5a0d9a85fe9654ca5f0ad7e8e1e413f2ec07a81ca	clients/build/classes/java/test/org/apache/kafka/common/requests/UpdateFeaturesResponseTest.class
cd7335bfb99dad7ee819a38755720cad88dd97b491d3fa4a845a8fa3b4f2df77	streams/build/classes/java/test/org/apache/kafka/streams/processor/internals/RecordCollectorTest$CustomStringSerializer.class
cd827e5939f2f54fab56b96bb612220cc8920d997c8b55590f837edab72df081	streams/build/classes/java/test/org/apache/kafka/streams/errors/ExceptionHandlerUtilsTest.class
cd8d92ecf7e6ac429ea616f8ab3473b4934b7d006a08c49c3bf9351c1a23bd90	streams/test-utils/build/classes/java/test/org/apache/kafka/streams/TopologyTestDriverTest$StoreWriter.class
cd9192f41cabd671808ebe88db23b5043ce7aba27caeaabc29e33d13f363ac7c	streams/integration-tests/build/classes/java/test/org/apache/kafka/streams/integration/VersionedKeyValueStoreIntegrationTest$TestQuery.class
cd9c2ab022dc770a82b4318af6ca3131b417aa0d593e6ccc64698122ec5ec193	connect/api/build/classes/java/test/org/apache/kafka/connect/source/SourceConnectorTest$TestSourceConnectorContext.class
cd9e6fbe5689b12ef1eb5e24c6afebc616d9245d58dc194fe3793274d288886a	connect/mirror/build/classes/java/test/org/apache/kafka/connect/mirror/integration/MirrorConnectorsWithCustomForwardingAdminIntegrationTest.class
cda5320156241dbcf83dec768aa1c0691c98aff6c6434f67f13ed83201e2d525	core/build/classes/scala/test/kafka/server/AbstractFetcherManagerTest$MockResizeFetcherTierStateMachine.class
cdadeed0b54b34bcb8fb7acc05b26094f2c6a0cc0ccde20c12023978be990db8	clients/build/classes/java/test/org/apache/kafka/clients/consumer/OffsetAndMetadataTest.class
cdca967125debb610e33eb33586b502692c832282b5e9a581270617b70909c04	clients/build/classes/java/test/org/apache/kafka/common/record/internal/FileLogInputStreamTest$FileLogInputStreamArgumentsProvider.class
cde4de4c60a747901ef60ebd4bd1c1f8e3cd3d00befc36e16281e7ba3e87a6cc	streams/build/classes/java/test/org/apache/kafka/streams/state/internals/ReadOnlyWindowStoreStub$2.class
cdf72dddf034977a45a6758ed0d31ec18d9880453ad02bb360acab76cd90b68d	trogdor/build/classes/java/test/org/apache/kafka/trogdor/workload/PayloadGeneratorTest.class
ce0c5988fbc1068edef7d2419dc66b6f4105a15b16357a050b17c695fd254e72	clients/build/classes/java/test/org/apache/kafka/common/config/AbstractConfigTest$ClassTestConfig.class
ce1303044ac5270263337497834b5b3b51f663c976f21aec223de21bb7eb4209	streams/test-utils/build/classes/java/test/org/apache/kafka/streams/TestTopicsTest.class
ce206c80dcd142f94826cb4ad669b6c7d9bf833dcc7e3933986e8a3f971f6f81	server-common/build/classes/java/test/org/apache/kafka/server/mutable/BoundedListTest.class
ce3acabae45818b1d788b2e6d67674af71ac411a592467368096bd0b02b5eaf8	clients/build/classes/java/test/org/apache/kafka/common/security/oauthbearer/internals/unsecured/OAuthBearerScopeUtilsTest.class
ce54baa5a0d50e849cdca1752f7754122a8ca90ec0f659506e87b499043177d0	streams/build/classes/java/test/org/apache/kafka/streams/state/internals/CacheFlushListenerStub.class
ce5753529fec05f499c80c0713943300abf3b7d76ae22d5a8e9f34883c22b6f7	core/build/classes/scala/test/kafka/server/AbstractFetcherThreadTest$$anon$8.class
cea61033fa5deb8629fab053670fe95737f7aec62cf86dae03f31d227b0ff7ca	streams/integration-tests/build/classes/java/test/org/apache/kafka/streams/integration/IQv2StoreIntegrationTest$StoresToTest$5.class
ceb1d5311ca03ed6e3ac9a56838dc12d3191008e3958f1a8d6a9f4951c77b5af	connect/runtime/build/classes/java/test/org/apache/kafka/connect/storage/MemoryStatusBackingStoreTest.class
cecfca4a527fce47b2f34e21d78f5540799d02acfbf9f8cd049babc11c1a1848	group-coordinator/build/classes/java/test/org/apache/kafka/coordinator/group/streams/topics/InternalTopicManagerTest.class
cee9670dcf046563b908363b4239e29520c672d5113a5e8d4d0fc6583c41dacf	connect/runtime/build/classes/java/test/org/apache/kafka/connect/integration/BlockingConnectorTest$BlockingSinkConnector$BlockingSinkTask.class
cef6e69828cae40a835f81f7b5354027c0e61e457416ce53514dd16ea4d60d39	group-coordinator/build/classes/java/test/org/apache/kafka/coordinator/group/modern/TargetAssignmentBuilderTest.class
cef7df391e25d953a2e5331c44dfd3ee7ca38c0d7516a1b78c9fa96393f8f6ca	core/build/classes/scala/test/kafka/server/FetchRequestTest$$anonfun$1.class
cf0631ebcd696230f2d01d9388e548efc09a9cbec5b33f59813961e530b35dfe	metadata/build/classes/java/test/org/apache/kafka/controller/PeriodicTaskControlManagerTest$TrackedTask.class
cf0a324a1f7689a791b3704fc0fc32ed959ec3020d23d5ac32fb0c72c625c15d	streams/build/classes/java/test/org/apache/kafka/streams/state/ValueTimestampHeadersTest.class
cf19327a531d3d23f33a52d04ff46098b2386bbbc99b4868aa709f7da09c2ed9	streams/integration-tests/build/classes/java/test/org/apache/kafka/streams/integration/PapiDslIntegrationTest$10.class
cf1d8c2d89c86331f21f1039e79fb4c195c6b0ff298468c118b12fa643d519ad	storage/build/classes/java/test/org/apache/kafka/storage/internals/checkpoint/CleanShutdownFileHandlerTest.class
cf24073b27cdcdeedcc0ed71d51a236c4d350058b108d2b4a7e1ef3b6f9e1f2c	streams/build/classes/java/test/org/apache/kafka/streams/state/internals/RocksDBMigratingSessionStoreWithHeadersTest.class
cf3cfec086af3ffab473ac4561db943758638ce4638f9e4d394980248423250c	streams/build/classes/java/test/org/apache/kafka/streams/state/internals/PlainToHeadersWindowStoreIteratorAdapterTest.class
cf44526f025faba97344648f8a3f0dea53c4a6fea3465b30c34840f31bf33c6a	storage/build/classes/java/test/org/apache/kafka/server/log/remote/storage/RemoteLogReaderTest.class
cf5c4ac841d648d0c0fe9556532bb8f6ef243fd0e0119dc437aae8bd6cd0f655	streams/build/classes/java/test/org/apache/kafka/streams/processor/internals/StoreChangelogReaderTest$4.class
cf5c74216108ccd242bf7135ca619dafc045d3647c62d3f32fed1cf1725d6618	streams/build/classes/java/test/org/apache/kafka/streams/kstream/internals/AbstractStreamTest.class
cf76d237567048de408b458756fbdb5604638159b4b1fa7a24949fac0f86fd8f	streams/build/classes/java/test/org/apache/kafka/streams/processor/internals/metrics/TopicMetricsTest.class
cf8bd7cda26ee75144e75c781bf5895badda4113c177c029db14bf83aafc3789	streams/build/classes/java/test/org/apache/kafka/streams/processor/internals/StoreChangelogReaderTest$10.class
cf9878aac1f1042d6be2247c0e1e9a278c27a632484f9af60f851845717588a0	streams/streams-scala/build/classes/scala/test/org/apache/kafka/streams/scala/TopologyTest$$anon$2.class
cf9b7f5c286bdfbf5ca2a17dad08936070522bbb9dcea0bd55416772e1fc9df6	server/build/classes/java/test/org/apache/kafka/network/RequestTest.class
cfa71ad55d4a885550a22f9b10d18a77a871c9651a8af65fabf23e35422d7976	connect/runtime/build/classes/java/test/org/apache/kafka/connect/runtime/rest/RestClientTest.class
cfbbc73e71f683089d899e9779a7a043fca0f2294787dc0f2c3b2c854a4378ac	clients/build/classes/java/test/org/apache/kafka/clients/consumer/internals/FetchRequestManagerTest$2.class
cfc6351ce6ae9e5be8a0eca699d0364ef461034c90e86eaf64b66ae3c1b9c7e9	streams/upgrade-system-tests-27/build/classes/java/test/org/apache/kafka/streams/tests/SmokeTestDriver$NumberDeserializer.class
cfc98473ffc87dfd17754b7975001db412aecd1ae191953979f4633c477889bb	core/build/classes/scala/test/kafka/coordinator/transaction/TransactionCoordinatorConcurrencyTest$LoadTxnPartitionAction.class
cfdec6039ad380934b1809e265b68f5a9a258b7abdecf6406000af7a6d207a26	coordinator-common/build/classes/java/test/org/apache/kafka/coordinator/common/runtime/CoordinatorRuntimeTest$6.class
cfea7979b945f473d8ec4c15253d185fcea2598f45d2b51d9ee0d0d4c85bc32d	clients/build/classes/java/test/org/apache/kafka/clients/MetadataTest$2.class
cfeacf45301278df6f5800fe5da4430914910998641e2a528462d425fb409559	streams/build/classes/java/test/org/apache/kafka/test/MockInternalProcessorContext.class
cff6efe3e2b2c42042ce1dc6d509765f610bd2ff9c1e5d73d3f3a4cb853e1474	clients/build/classes/java/test/org/apache/kafka/clients/consumer/internals/AutoOffsetResetStrategyTest.class
d029a2bbd40f043afbb84ad6dbcbb139d08a2328ab0495315542998eabbfb953	streams/upgrade-system-tests-41/build/classes/java/test/org/apache/kafka/streams/tests/StreamsUpgradeTest.class
d03f141fe79ae321eff86a337355141f51fb0462eea9c66f99b84d3b6cc21f5d	streams/build/classes/java/test/org/apache/kafka/streams/kstream/internals/TimestampedTupleForwarderTest.class
d0463498d7109f3e4ad8c206e95dcb01b1770c3737ba50c54cceedd700968206	storage/build/classes/java/test/org/apache/kafka/storage/internals/log/RemoteIndexCacheTest$EvictionResult.class
d04ca0e9cde9e715301e6229c9a5cd8703193c94c2db2da0ff2fd31b12aa65fb	streams/build/classes/java/test/org/apache/kafka/streams/state/internals/Murmur3Test.class
d04cc8ddce3a892a45642b861d877b2b5910ab8304deda792a6c526f5dfadc64	streams/build/classes/java/test/org/apache/kafka/streams/state/internals/RocksDBTimeOrderedSessionStoreWithHeadersTest.class
d04de75668a5fd1fa2f5ab1d419400bec90329b0cc8d7ff4de5d0e4a29852041	streams/build/classes/java/test/org/apache/kafka/streams/state/internals/GenericWindowStoreIteratorFacadeTest.class
d052e2d349e13848da22f0ef8563595a5f0ffad769264e9566f80be96729e4c5	clients/build/classes/java/test/org/apache/kafka/common/utils/internals/ExitTest.class
d05802b48a81fe80a1d76a17ebbacb524435a8bfc3144ec595bed90d4e4d5725	metadata/build/classes/java/test/org/apache/kafka/metadata/BrokerRegistrationInControlledShutdownChangeTest.class
d066d4f76fabcf707491557dd103d6aac4538e87054f064d228bdf0f533999be	clients/clients-integration-tests/build/classes/java/test/org/apache/kafka/clients/admin/RackAwareAutoTopicCreationTest.class
d07334d770213ea95883c3d42c460814e646eb35cf6cde23b47882986877eb9c	core/build/classes/scala/test/kafka/api/SaslEndToEndAuthorizationTest.class
d08785e93392db545962d509f2e3285b470bd98292492d061ee24edebbc435d8	clients/build/classes/java/test/org/apache/kafka/common/message/NullableStructMessageData$MyStruct3.class
d089e72387eb922a7725db51e5dd89cfd9b66c9c1d77e2ee83b4af1419a18363	server-common/build/classes/java/test/org/apache/kafka/server/immutable/pcollections/PCollectionsImmutableNavigableSetTest.class
d093992f3b1141ffea555952314f82475a6447fecec1bcc8d6280186087d594d	streams/build/classes/java/test/org/apache/kafka/streams/state/internals/SessionToHeadersStoreAdapterTest$1.class
d09f405ef2f6a100c464be89904c09303025de5f60fce53fa7f202b9e44600cb	core/build/classes/scala/test/integration/kafka/api/ClientOAuthIntegrationTest.class
d0b42c25a20f7edc971cbc6c6fc21b1de28beb1e39f4daa474d93ac656133f59	coordinator-common/build/classes/java/test/org/apache/kafka/coordinator/common/runtime/CoordinatorRuntimeTest$4.class
d0cea71da2d01671b9731dc69e74267ea11319d540d26495d045ea73b2ebc16d	connect/runtime/build/classes/java/test/org/apache/kafka/connect/runtime/isolation/VersionedPluginBuilder$BuildInfo.class
d101b9866000ff8055a1feefa1d872362b4f4b0dd7f949489896b582c6208274	streams/build/classes/java/test/org/apache/kafka/test/MockProcessorNode.class
d11994f9b92dd422f1088666c8db9cda2f1752dc48daa9f005f4609d3ba56708	clients/build/classes/java/test/org/apache/kafka/clients/producer/KafkaProducerTest$1.class
d11b299025e9268d7c339fb4d4d7138972eebe20f41114fcd2d4ccb8236843e2	connect/transforms/build/classes/java/test/org/apache/kafka/connect/transforms/InsertFieldTest.class
d1215465f4df7746e95aa8b84d2332771405ce37e2dfc9f4086b1441c0652114	streams/build/classes/java/test/org/apache/kafka/streams/processor/internals/assignment/TaskAssignorConvergenceTest$Harness.class
d1457a40292eeb882825e35b0a78661e63dc54043bdf8e5058a1a7471bf2247f	server/build/classes/java/test/org/apache/kafka/server/quota/ClientQuotaManagerTest.class
d149b08f679dfd320c71510c52c30a0c2eba8769415e1b564d9ae2016d74c2ee	storage/build/classes/java/test/org/apache/kafka/tiered/storage/actions/ExpectLeaderAction.class
d150a59ebd49bf94f449f6484487fb3bf8be8f70f225921e31ef02b6cc8a7404	clients/build/classes/java/test/org/apache/kafka/common/security/oauthbearer/OAuthBearerValidatorCallbackHandlerTest$2.class
d156aa19ffdefd5ad48e04d8167b71e49be346350d8cbf2736b9e8859e5093c6	metadata/build/classes/java/test/org/apache/kafka/controller/QuorumFeaturesTest.class
d1b50f16b98abe93746addb5190f7087b18c4bd7665e6c787dd9b3220c0169a7	server/build/classes/java/test/org/apache/kafka/server/CordonedLogDirsIntegrationTest.class
d1bc27a6835853cba6f9a4d00d4d9f5dee34062947874040e74c350ea60a4b2a	streams/upgrade-system-tests-32/build/classes/java/test/org/apache/kafka/streams/tests/SmokeTestUtil$1.class
d1c418caa8e3499a6a4a955cae593d66755141d5a53bab4daf19964e59574501	streams/build/classes/java/test/org/apache/kafka/streams/DslStoreFormatTest.class
d1f13f68297741f32173c810a11ffd0571562584db99c825ef13f434eb6db2e9	connect/runtime/build/classes/java/test/org/apache/kafka/connect/integration/TestableSourceConnector.class
d1f49938146b8011bc503e550e8e566ea07d837f72855bcea2db3bae5ab3c73b	clients/clients-integration-tests/build/classes/java/test/org/apache/kafka/clients/consumer/SaslPlainPlaintextConsumerTest.class
d1fccc462f3c7a75105405809ee92e9c78bc2deaa3289cee35f599688bf500fe	share-coordinator/build/classes/java/test/org/apache/kafka/coordinator/share/ShareCoordinatorShardTest$ShareCoordinatorShardBuilder.class
d1ffde2b445c8590d5aa0f7aa95531f6361c2dc54ba7b68ef26e59cafa4cbda0	streams/build/classes/java/test/org/apache/kafka/streams/processor/internals/ProcessorTopologyTest$DroppingPartitioner.class
d24df34489d27d0ed136bd30ebb04a45dd448b7c20d06c59638e1838ef4531b0	storage/build/classes/java/test/org/apache/kafka/tiered/storage/actions/CreateTopicAction.class
d25aa838318b6a1e5121ce84ec9dfadff29d9da6246e46a989c85e9d0695787e	streams/upgrade-system-tests-27/build/classes/java/test/org/apache/kafka/streams/tests/SmokeTestDriver$TestCallback.class
d267b2b484a81479df1c159af629de1bfe4387bb0a158718f8787b48264c3900	clients/build/classes/java/test/org/apache/kafka/common/requests/AlterPartitionRequestTest.class
d29201a932fdfe0545da52930c0558e12afca8ec6966bea29849e603a577c622	storage/build/classes/java/test/org/apache/kafka/tiered/storage/integration/ReassignReplicaShrinkTest.class
d2a8c15261c4211eaf5c5f1544a09923518fdf50d965ed0b8f8a727c7eeaa8d7	server/build/classes/java/test/org/apache/kafka/server/LogOffsetTest.class
d2d026b892963a0ba0ba6a3b5b61e9dd80f40f6004a1e8a505a8f38fcf7e4ce8	clients/build/classes/java/test/org/apache/kafka/common/utils/internals/FixedOrderMapTest.class
d2df93598ec22509ec6d9de6380ee77880ede637b0c6a5359ce562c6fde55c13	clients/build/classes/java/test/org/apache/kafka/clients/admin/MockAdminClientTest.class
d2e1f5ef1737ec1e796524e3df380e80cb5c2445b481bbfa6e41342f6c653607	clients/build/classes/java/test/org/apache/kafka/clients/consumer/internals/StreamsMembershipManagerTest$2.class
d2e74d998926dd6b635691badcc83328302e540b6cce25587f5ac3e6274aa93f	connect/mirror/build/classes/java/test/org/apache/kafka/connect/mirror/OffsetSyncStoreTest$FakeOffsetSyncStore.class
d2ef656330856d71bef8d57e1218f1565bb4339afbbdc02fa581ed3c9f99c4fc	generator/build/classes/java/test/org/apache/kafka/message/EntityTypeTest.class
d30935a148fd01dff3b47bd232923755d61f953d06ac5c7439d542ee7bfc8a13	streams/upgrade-system-tests-22/build/classes/java/test/org/apache/kafka/streams/tests/SmokeTestDriver$TestCallback.class
d30935a148fd01dff3b47bd232923755d61f953d06ac5c7439d542ee7bfc8a13	streams/upgrade-system-tests-23/build/classes/java/test/org/apache/kafka/streams/tests/SmokeTestDriver$TestCallback.class
d3473a804c740acea8bf7f5747d83ae8810f6894c45b77dbfe0c2c361367e452	storage/build/classes/java/test/org/apache/kafka/server/log/remote/metadata/storage/RemoteLogSegmentLifecycleTest.class
d3591afa1f9e2874fb7baf77b192533f6161e603b6ae7a09b43f9078464d1bf1	streams/build/classes/java/test/org/apache/kafka/streams/KafkaStreamsTest$1.class
d36e712bfb460e9268c543d6e86ea0b09601c2608b90092d8c388699227df39b	shell/build/classes/java/test/org/apache/kafka/shell/command/CommandTest.class
d3a444366ba1a4322cbae2a6c8011a41571dd831ca5c5294653d74cbf6220ee8	clients/build/classes/java/test/org/apache/kafka/clients/admin/internals/AllBrokersStrategyIntegrationTest.class
d3b154a9f204dcb4d1c8911bf86d27408d5a08ced34d3aa6b71936df99973e60	clients/build/classes/java/test/org/apache/kafka/common/metrics/stats/MeterTest.class
d3bd00f81d25b91cb7743c3cbf19b2785578a780b47fbd3775cc07083f339571	clients/build/classes/java/test/org/apache/kafka/common/utils/internals/ImplicitLinkedHashMultiCollectionTest.class
d3ce73f6c74f66df8b1476d9256b94c3e20fd93cdb41eac89ac9fa083894651d	clients/build/classes/java/test/org/apache/kafka/common/requests/MetadataResponseTest.class
d3d9d520df5c883d5a4341712ee946f9315c509f3f88c3a2e7917e7573aa5482	clients/build/classes/java/test/org/apache/kafka/clients/producer/internals/BufferPoolTest$BufferPoolAllocator.class
d3e7cc3df75727c50954026e1be8ef3c6774f9241d97e86c2610b95da170a784	connect/api/build/classes/java/test/org/apache/kafka/connect/connector/ConnectorReconfigurationTest.class
d3ebd023053f969901904c70702c83eebd5eb80f4b99e1e8e5547470914e2758	streams/build/classes/java/test/org/apache/kafka/streams/state/internals/RocksDBTimeOrderedSessionSchemaWithIndexSegmentedBytesStoreTest.class
d3f26534b548b710cc9d11d3eecd56093b7ac03eee446b206022243c12456268	connect/runtime/build/classes/java/test/org/apache/kafka/connect/connector/policy/BaseConnectorClientConfigOverridePolicyTest.class
d3ff31ea9bb2794ab0ab746d6ed235d53236bd9c8cbd88a50e673eb8b462df84	group-coordinator/build/classes/java/test/org/apache/kafka/coordinator/group/GroupCoordinatorConfigTest.class
d401c195fac6e586375d02e97b3992b9440d1c608e05ccc781dfb67516e4f334	clients/build/classes/java/test/org/apache/kafka/common/utils/internals/ImplicitLinkedHashCollectionTest$TestElementComparator.class
d40b1743514586856e93655d2a13cede0b024d6fec59d29daf187cb95af58fac	core/build/classes/scala/test/kafka/server/DynamicBrokerReconfigurationTest$ProducerBuilder.class
d4228d62eebeb7e06207a6d27329bb04f6c85560f7a942cc9b5b809b2c81fe3a	streams/integration-tests/build/classes/java/test/org/apache/kafka/streams/integration/ColdStartStickinessIntegrationTest.class
d451bb2032bffbbc125a6ffeed29a83773e9d5ff45a70a99063bb622c3c1320f	streams/build/classes/java/test/org/apache/kafka/streams/kstream/internals/KTableImplTest.class
d45838ec6a5569cc2bcb5270edae94cbd067dd0c9829c68ea470f173095f1be3	clients/build/classes/java/test/org/apache/kafka/clients/producer/internals/ChunkedRecordAccumulatorTest$2.class
d45f3e958e31cb4afd2427e9d2353b67d1a02323a35f9ff2a410bba755ebe739	clients/build/resources/test/common/message/SimpleArraysMessage.json
d4624d92ac03778c1c046b842409036a0d89bc8e30f1543a94929c70abfb2bb5	clients/build/classes/java/test/org/apache/kafka/clients/producer/internals/BufferPoolTest$StressTestThread.class
d466ea61a16367cf0fe092f581309cab5597484928fd02ad5061139d095ec01b	connect/file/build/classes/java/test/org/apache/kafka/connect/file/FileStreamSourceTaskTest.class
d46bf1eeee8d6265300f6fec14f251568c3d53254e3e9a7c60243ba6a288fefd	streams/upgrade-system-tests-21/build/classes/java/test/org/apache/kafka/streams/tests/StreamsUpgradeTest$1.class
d46ce6deb8305f663cfecf355a781066a9c28316dda0d808e4b009af5add6ad1	connect/runtime/build/classes/java/test/org/apache/kafka/connect/runtime/WorkerSinkTaskThreadedTest$1.class
d4917911b9cd6963394fcaf815766eb64f1c7f810590986e71a83e5293355b89	group-coordinator/build/classes/java/test/org/apache/kafka/coordinator/group/GroupCoordinatorRecordSerdeTest.class
d49809bc0a13a99827447d38c85ad46c84a2f20f73ae4ade6d7f088a47c13999	server-common/build/classes/java/test/org/apache/kafka/server/share/SharePartitionKeyTest.class
d4b6419acaa394eb99dc6029c649e8f7ffb39548bc687fd17f47fd3d56dac57d	clients/build/classes/java/test/org/apache/kafka/common/acl/AclOperationTest.class
d4b7721aeadfa4a9889911c276a2a6e2d6f7c71bdc1090694c650c41d3d6c465	streams/upgrade-system-tests-21/build/classes/java/test/org/apache/kafka/streams/tests/StreamsUpgradeToCooperativeRebalanceTest.class
d4b7721aeadfa4a9889911c276a2a6e2d6f7c71bdc1090694c650c41d3d6c465	streams/upgrade-system-tests-22/build/classes/java/test/org/apache/kafka/streams/tests/StreamsUpgradeToCooperativeRebalanceTest.class
d4f50e0dce581ecb02495eb433b15a87deb17a4b9c44f13344bd1b8cf2b8fe6a	server/build/classes/java/test/org/apache/kafka/server/config/DelegationTokenManagerConfigsTest.class
d4fa3d7346f5b11787ce1b1958778551edf24a5f0adb77b06d24c5c8255a07f7	raft/build/classes/java/test/org/apache/kafka/raft/RaftEventSimulationTest$PermitAllTraffic.class
d521812e1cd574342e599466918d5f9899103045a6dc11ed8d731124e875f0ce	raft/build/classes/java/test/org/apache/kafka/raft/RaftEventSimulationTest$RaftNode.class
d5246e8b21b8bc4f623907fab16f1071e7204d67264aa2525fb6f9cafe8cdfa0	streams/integration-tests/build/classes/java/test/org/apache/kafka/streams/integration/RegexSourceIntegrationTest$5$1.class
d5304b2e92871149c255406fff8521ff0eeec1281b444d3514ad5d541aaaf1b4	clients/build/classes/java/test/org/apache/kafka/common/acl/AclPermissionTypeTest.class
d5383ae8251c694b970622ae874486ab648146b6f4d1dbb494cd9adce45b3d5a	streams/build/classes/java/test/org/apache/kafka/streams/kstream/internals/TimeWindowedCogroupedKStreamImplTest.class
d53f9b2ca56b2eddcfa28843e6b5da9abc565199abdc9e297f3a94bcb6de448e	streams/build/classes/java/test/org/apache/kafka/streams/kstream/internals/KStreamWindowAggregateTest.class
d549b00da0b687b3e107601a12778a279cf67cecf7a2cfa985a9a7102a635055	tools/build/classes/java/test/org/apache/kafka/tools/ShareConsumerPerformanceTest.class
d54b345045b0ffd4bc75bb3b9bf1feadda1fc425194acb75b405d4b4af249ec6	coordinator-common/build/classes/java/test/org/apache/kafka/coordinator/common/runtime/CoordinatorRuntimeTest$9.class
d54e14b12128f9416713dab18842824a5e8cd6b31a803b3d3dfc83648c715284	connect/runtime/build/classes/java/test/org/apache/kafka/connect/runtime/isolation/PluginUtilsTest$CollidingHeaderConverter.class
d55fe21d3d3f36e6cc8a681e5222daa7ce3ab30dd7fc37bad9364da7ee6ae163	streams/integration-tests/build/classes/java/test/org/apache/kafka/streams/integration/ResetPartitionTimeIntegrationTest$MaxTimestampExtractor.class
d560bd04fa7e8021429a0d966cec093b88934d3828313e81e1b2bffb295bb7dc	streams/build/classes/java/test/org/apache/kafka/streams/state/internals/ValueTimestampHeadersDeserializerTest.class
d56166ebba1aaa7c0d8b4f0d5b55848fd24eee48716b8f7f15f926d8f6c77fdc	streams/build/classes/java/test/org/apache/kafka/streams/processor/internals/GlobalStateManagerImplTest$6.class
d5647fb333e340b57e63bbc8ac8df6d77bacde7eec06768c491a2de390bd2fbf	clients/build/classes/java/test/org/apache/kafka/common/utils/annotation/ApiKeyVersionsProviderTest.class
d5822ebf0b3598fd25daac3086fbe916fe2b534a3791fc9627ce6d1b5ada63db	connect/runtime/build/classes/java/test/org/apache/kafka/connect/runtime/StateTrackerTest.class
d5901101303abc3630521cd224d519eb7da4e56379ae5a3dc68e0783657740df	core/build/classes/scala/test/kafka/server/AbstractFetcherThreadTest$$anon$13.class
d5a5809573b83354636b6f277d4519e74a2f0fdf84968d916b44186519f67b0a	streams/integration-tests/build/classes/java/test/org/apache/kafka/streams/integration/PapiDslIntegrationTest$7.class
d5c81cb2058d03c7afa6e34090845ad53dd14f05a1a9b8ec1eabc648ddef1097	clients/clients-integration-tests/build/classes/java/test/org/apache/kafka/clients/consumer/PlaintextConsumerPollTest$1.class
d5dca4325873e2327d1b192acbf901665262cd3e86bee7e809e7b81e62b77f9a	clients/build/classes/java/test/org/apache/kafka/common/record/internal/MemoryRecordsTest$RetainNonNullKeysFilter.class
d5ef668e670bb009857c4c447fe627dff807a9260fbe5ee0ee47b23a640e90ed	streams/build/resources/test/kafka/kafka-streams-version.properties
d5efb93b5cc3bbca83a251c8dde1abd9a684c8d2b15ac2b109dbb800ed660c80	streams/build/classes/java/test/org/apache/kafka/streams/processor/internals/assignment/ClientStateTest.class
d618081ffd0d074a5441bc38d16079412cc5716191ebd92d3ca6b484560f39c5	clients/build/classes/java/test/org/apache/kafka/common/security/ssl/mock/TestScramSaslServerProviderCreator.class
d61a3aed0e9549b981778e04831b67a53579f882bc6f2f8f79a526318c3f2c32	raft/build/classes/java/test/org/apache/kafka/raft/LeaderStateTest.class
d622224c851a38cff5560cbf7581f10a714061993e3b6d2c00f82eae032a150a	streams/examples/build/classes/java/test/org/apache/kafka/streams/examples/docs/DeveloperGuideTesting$CustomMaxAggregatorSupplier.class
d625c37ad1b2c02dde6f4879a899c4802f57cc1cbb179bb9746cc09553f6fd94	streams/build/classes/java/test/org/apache/kafka/streams/processor/internals/PartitionGroupTest.class
d626390fbab68137a1d85abb081f491f1326185d6edc894b307c17a9deb6c0c2	clients/clients-integration-tests/build/classes/java/test/org/apache/kafka/clients/consumer/PlaintextConsumerPollTest$2.class
d63cd561d1d768eafcd28240ae79bdde9e111947d2338690f1b4240a63de7be0	connect/runtime/build/classes/java/test/org/apache/kafka/connect/runtime/WorkerSinkTaskThreadedTest$2.class
d691a01afea43682acfe7ca4608ecc4b1c5e039b6427fcca5381de12096e1669	streams/build/classes/java/test/org/apache/kafka/streams/state/internals/RocksDBMigratingWindowStoreWithHeadersCloseLeakTest.class
d6a866883f2feb0535dd2f11c5d31ac9d5fab7403277f2b4088c7ac9d9d44484	streams/build/classes/java/test/org/apache/kafka/streams/state/internals/ReadOnlyWindowStoreStub$5.class
d6cae49e48b0c375cd80709cf21f6483563c90f1bdf946186f351fffcef7f1a2	streams/build/classes/java/test/org/apache/kafka/streams/processor/internals/ProcessorNodeTest$NoOpProcessor.class
d6cb2e95e100a861e1ca9939d8d4897994e668b59ab8ebf8053e69b81da0dab3	clients/build/classes/java/test/org/apache/kafka/clients/consumer/internals/ConsumerCoordinatorTest$9.class
d6ceb7114a3bf28009236a2ba3ef1dac8e03e27329d77383baca7140247fe9ee	connect/runtime/build/classes/java/test/org/apache/kafka/connect/runtime/distributed/WorkerCoordinatorIncrementalTest$MockRebalanceListener.class
d6d7f50a7b5e3c362950cc442b984cf0160ebfc53a8c1c8c4e5686149610d389	clients/build/classes/java/test/org/apache/kafka/clients/consumer/internals/TopicIdPartitionSetTest.class
d6df712f1759c4056439efaaccf280cbb34ee6653c14a9e3a5021a1f49b673a5	streams/integration-tests/build/classes/java/test/org/apache/kafka/streams/integration/IQv1IsolationLevelIntegrationTest.class
d6e35337f5f2cc6c4b21edee37039b8435d5f1f493961d5a73ebcb8c2b1c3322	group-coordinator/build/classes/java/test/org/apache/kafka/coordinator/group/util/UpdatedMembersAndTargetAssignmentViewTest.class
d6e82e39c52033e9fca49913295da9c2b1b104dc7819e62d1d8b375041f5b272	streams/build/classes/java/test/org/apache/kafka/streams/state/internals/CachingInMemorySessionStoreTest$CacheFlushListenerStub.class
d6f90bab6509df33ca2e693ed416ace95aa17067e06a55c79809848513c821fa	server/build/classes/java/test/org/apache/kafka/server/ExpiringErrorCacheTest.class
d7207cf94dbe1cb39c0ccd7b495396e9b28c36ba0ff333e58463ead206807ef5	streams/build/classes/java/test/org/apache/kafka/streams/processor/internals/ProcessorNodeTest$IgnoredInternalExceptionsProcessor$1.class
d744ccfd3243598c5573974b1a2ee3e02c8bf6127c01078641c2ca430b7b41bd	streams/integration-tests/build/classes/java/test/org/apache/kafka/streams/integration/KStreamRepartitionIntegrationTest$1BroadcastingPartitioner.class
d74b5fb1a1ef4c573c1213c6448c3bbbb6d9a84b091fcdb1abc359ed2dd782e7	streams/upgrade-system-tests-23/build/classes/java/test/org/apache/kafka/streams/tests/StreamsUpgradeToCooperativeRebalanceTest.class
d74bb64349f909883e438f9ea1d1d2faa28224775855a168eeac189b5d9f90f8	core/build/classes/scala/test/kafka/server/DescribeCredentialsTest$TestPrincipalBuilderReturningAuthorized.class
d764ad8b31c789e6ab9fff428312e99a34aba971ca263096e206c6081c93af96	core/build/classes/scala/test/kafka/server/ControllerRegistrationManagerTest.class
d77fbcded24dbbd42ca41d7686c7cc8e63a0d5914a5c840465f4444097566ea5	server-common/build/classes/java/test/org/apache/kafka/server/immutable/pcollections/PCollectionsImmutableSetTest$PCollectionsHashSetWrapperDelegationChecker.class
d7b1cab49bbd48e3735f6b1588cebee7e5ab37dbc54db374f8170fc0f5806018	core/build/classes/scala/test/kafka/server/RequestQuotaTest.class
d7c09ff33cee8bfb6e0dd6b48de10cbf5adb39394d9f73d2ab6a62b119605792	server/build/classes/java/test/org/apache/kafka/server/KRaftClusterTest.class
d7c2131620aea5d6c02d0e1c160e08f3e23757b623f3393d52751dae8e1eff95	core/build/classes/scala/test/kafka/api/BaseConsumerTest$.class
d7f14992548e14035a87fe8cd5f0b40b08ee35fccc2c63dcbcec057128735055	core/build/classes/scala/test/kafka/server/StreamsGroupTopologyDescriptionNoPluginRequestTest.class
d7ffb3b919f78ea8274f4c4288cf76efdd95603fb40f6cfa5830c2f1e09feacd	streams/build/classes/java/test/org/apache/kafka/streams/processor/internals/GlobalStateManagerImplTest$18.class
d80971622f7ae71a86311c80ee2ba69d22230ad9eb2ae71454b8412123c41cad	streams/build/classes/java/test/org/apache/kafka/streams/state/HostInfoTest.class
d8156d9925275db8710ed81a1e937d2aa9728e23fbaf069858cdb197e6160e6b	streams/build/classes/java/test/org/apache/kafka/streams/processor/internals/assignment/TaskAssignmentUtilsTest.class
d821f81f249045f2fb84bced960abc806cede31bedf87dba4cea78ef18ba82dd	clients/build/classes/java/test/org/apache/kafka/common/metrics/MetricsTest$1LockingReporter.class
d8275587e862f5ab42bbda9bcb7daca0c49e5af92494f231348369af6c88036d	streams/streams-scala/build/classes/scala/test/org/apache/kafka/streams/scala/kstream/GroupedTest.class
d832d4ba2a758bb4b69b83277877f340fab174825e5a4d76294744d67be0b3f0	storage/build/classes/java/test/org/apache/kafka/storage/internals/log/LogCleanerIntegrationTest$LogAndMessages.class
d84d99513dc3e655bb5e913cbd63f264a924a35f32108060200eeb8b6e2efcb0	streams/build/classes/java/test/org/apache/kafka/streams/kstream/internals/SuppressHeadersScenarioTest.class
d856f74f11be197a96741f9e055d1d0d64f1f8a9bd03ea1ea9b94b69bfa51aa7	core/build/classes/scala/test/kafka/server/MultipleListenersWithDefaultJaasContextTest.class
d858d8003630641bece6b9d17ee449f57d54020255e8a1f666505e68d656594a	clients/build/classes/java/test/org/apache/kafka/clients/CommonClientConfigsTest$1.class
d87025a6894b92f057d78589b363f86f4efa86ad5e5a1d2311b2e3124f0208ee	connect/mirror/build/resources/test/log4j2.yaml
d884ec673018b314bb253b13098b270924153504a051b2d969db9db575776440	clients/build/classes/java/test/org/apache/kafka/common/network/ChannelBuildersTest$ConfigurableKafkaPrincipalBuilder.class
d88d30dc75a49ded933a8bed2fd5652605df66931260fc6b0c925de96dd82955	core/build/classes/scala/test/kafka/network/SocketServerTest$$anon$4.class
d88df8cf62dfe1e79c3ac9c0377ccca32c3640202794db0935b5d3618db5efc1	raft/build/classes/java/test/org/apache/kafka/raft/RaftEventSimulationTest$SnapshotAtLogStart.class
d8a3a260f5a2cbd57d6808b8ff5f4ef272d235b7688c31e706da2df09bbacb7b	tools/build/classes/java/test/org/apache/kafka/tools/reassign/ReassignPartitionsCommandTest.class
d8a72bb89c79c3942f8e7f76bbb7f6227c62b538ed235adb16b26c409366d1bc	streams/build/classes/java/test/org/apache/kafka/streams/kstream/internals/KStreamKStreamSelfJoinTest.class
d8aebbea203c7635bc25ec8ee03a215612857136ae531827b3bc4b5187a5f02d	streams/upgrade-system-tests-10/build/classes/java/test/org/apache/kafka/streams/tests/StreamsUpgradeTest.class
d8b16762eb0a7b0ea58858ac1811026ac8714ffc53235b7baf3611a1db09d3fc	tools/build/classes/java/test/org/apache/kafka/tools/consumer/DefaultMessageFormatterTest$UpperCaseDeserializer.class
d8b39d67adfc3a85d9c63d402d6232a73ec43d39ef47e22e39c3de56b4b97d71	streams/build/classes/java/test/org/apache/kafka/streams/processor/internals/ProcessorStateManagerTest$1.class
d8bcebb2f934a1821aca4aabed7b1346221a3f552da8b5300c48ff2f8ae6f0cc	streams/build/classes/java/test/org/apache/kafka/streams/kstream/internals/KStreamKTableJoinTest.class
d8c0939c7053725873e616ba0796324973b2ec9550cb860a5a2ea4143fef6652	clients/build/classes/java/test/org/apache/kafka/clients/producer/KafkaProducerTest$4.class
d8f7e11d69993c4e387044976f825f72c571ced3abe4b3222147367549009ea8	storage/build/classes/java/test/org/apache/kafka/server/log/remote/storage/RemoteLogManagerTest$16.class
d9025fcea2670584d3978226cb774e00144683dcbdad112fcb124c9dd6a08c07	core/build/classes/scala/test/kafka/server/epoch/OffsetsForLeaderEpochTest.class
d91809afcb1fccb049cb92789ad7eb2b2b5f9f1c407505c8a9f57efc4116c3d1	streams/build/classes/java/test/org/apache/kafka/streams/kstream/internals/UnlimitedWindowTest.class
d9183b188d0abc75fde573e463ce762f4f14ca17f0e274ba78ac46fb29bc5d2c	connect/runtime/build/classes/java/test/org/apache/kafka/connect/runtime/ConnectorConfigTest.class
d9224c54a79bd231c0af7be6beb0274027dccddcb9c2e7b0f345637bda75c2bf	connect/runtime/build/classes/java/test/org/apache/kafka/connect/util/SinkUtilsTest.class
d922ec87932fd845dcb7683d976033342eac7d1d480ab991045d5b23be23aab4	core/build/classes/scala/test/kafka/api/PlaintextProducerSendTest.class
d92ecf7fcb5dc614bb49e3b8012f22fccc443f625a44f4e51fff96e77d75d78d	connect/runtime/build/classes/java/test/org/apache/kafka/connect/runtime/isolation/PluginUtilsTest$CollidingConverter.class
d9377dfa0518d2859c5f4b070b22896fbd60e13fa39806c9027f047e128f4b8e	clients/build/classes/java/test/org/apache/kafka/clients/admin/internals/AdminApiDriverTest$MockAdminApiHandler.class
d9515cc9b35f263882765d683ee9fc70adf48b8688ccf587f2c4aa75d8150feb	clients/build/classes/java/test/org/apache/kafka/common/record/internal/MemoryRecordsBuilderTest$Args.class
d95671af92768b63424423ea919d9dcc761c9f2a63f62e5d26c976d45408b76c	server-common/build/classes/java/test/org/apache/kafka/server/util/FileLockTest.class
d96d7ea5d59f4102ef75a7fe6c30050a270202ef030e6ab8aee397b0a3bd2974	storage/build/classes/java/test/org/apache/kafka/tiered/storage/actions/StopBrokerAction.class
d9717fca94ab81ce3bcc2f83f0fbb27701f1c05de9ff5e9b946f4c39ffb1690f	streams/integration-tests/build/classes/java/test/org/apache/kafka/streams/integration/SuppressionIntegrationTest.class
d974618dc28061c7a9a4d439893d98ffa65cc41bc78998973f1a258aa4b6ce4b	clients/clients-integration-tests/build/classes/java/test/org/apache/kafka/clients/consumer/PlaintextConsumerCallbackTest$6.class
d98636c66e896d6a406f157e3c7c465495400007eccc6530226cde13afbd551d	clients/build/classes/java/test/org/apache/kafka/clients/admin/internals/DescribeConsumerGroupsHandlerTest.class
d99009bc208753aaa598583090d166173177a869529b277afafe6ac8bd42a82f	streams/integration-tests/build/classes/java/test/org/apache/kafka/streams/integration/SelfManagedOffsetRecoveryIntegrationTest.class
d99dd9d664aa184991fa117bbe4d306eb6a7f17b7dd93b74e267af2add233b4c	core/build/classes/scala/test/kafka/server/ConsumerProtocolMigrationTest.class
d9acb32a3a70243d457ea7bcd5e7f7a70aee5c7a731ecde798424a950a2a7d9c	clients/build/classes/java/test/org/apache/kafka/clients/consumer/internals/ConsumerCoordinatorTest$10.class
d9c414c15055b8f88f8eb2f85414237feefebdd78a3b076bc0ed6402fcb631f4	core/build/classes/scala/test/kafka/server/StreamsGroupTopologyDescriptionRequestTest.class
d9cb3d95ee3add482f85339c678067e7f2d665b5ff37c3301d0467fbf26b93f3	clients/build/classes/java/test/org/apache/kafka/clients/consumer/ConsumerPartitionAssignorTest$TestConsumerPartitionAssignor.class
d9cdf529859f6db2464624181765d3da56c4a715678652c95e26621192530c4c	streams/integration-tests/build/classes/java/test/org/apache/kafka/streams/integration/IQv2StoreIntegrationTest$StoresToTest$8.class
d9d7077314ecb7cb7265774392f4d2fbdc6a6e4c93d2193858149ac2234eb865	clients/build/classes/java/test/org/apache/kafka/common/requests/WriteTxnMarkersResponseTest.class
d9ffc360b02e8b0539130faf92d13d6e463c980a41ea15a771daedbb19367ca0	server/build/classes/java/test/org/apache/kafka/server/metrics/ClientTelemetryTest.class
da169591604ebaa60e08e7debcc20444455ba5c2fd41b1957f4a58c8fee29799	clients/build/classes/java/test/org/apache/kafka/clients/producer/KafkaProducerTest$3.class
da1f33452bfde02c43b9fecc735b4b45e93b0e00da641fa171d3cedfaff330c9	core/build/classes/scala/test/kafka/cluster/PartitionTest$.class
da2116594ecf582ff0c4c57752286c2514b0f81631a1af714a7e32f04da67e74	core/build/classes/scala/test/kafka/server/CustomStreamsTaskAssignor$.class
da2879745877f1e263f430e4057ce581a833bf984ecf273fe18140f2be996735	connect/api/build/classes/java/test/org/apache/kafka/connect/connector/ConnectorTest.class
da2d9004db5fad5d2a02e279e1fb79b8da57a35e98266665c5fef58bdc2a9903	storage/build/classes/java/test/org/apache/kafka/server/log/remote/storage/RemoteLogManagerTest$9.class
da355ff10a040801078c16f33138e6b6e47947dbb134185a3c6f478bca58cbe8	streams/upgrade-system-tests-27/build/classes/java/test/org/apache/kafka/streams/tests/SmokeTestDriver.class
da3a4ecf423bca75aea9d842fe6136da1b44b169e7f44eeda2e3cb4a2d841b52	streams/build/classes/java/test/org/apache/kafka/streams/state/internals/GenericReadOnlyWindowStoreFacadeTest.class
da475a58e24d87a7121d3d41c4fedf7ab4dfe783eefa2f3bd7cef8b92a4335f1	streams/build/classes/java/test/org/apache/kafka/streams/kstream/WindowTest$TestWindow.class
da5daf0b5e6b33278ad10ad0189ef621cf0f38b2b4b1c59a60bd4f15b2f85c57	streams/build/classes/java/test/org/apache/kafka/streams/state/internals/RocksDBTimeOrderedSessionSchemaWithoutIndexSegmentedBytesStoreTest.class
da63d35a531e8aa39bf07ee4baedf8ea66eb9a6a16770807d075165f7fc9422a	streams/build/classes/java/test/org/apache/kafka/streams/state/internals/TimestampedWindowStoreWithHeadersSerializerSideEffectTest$HeaderAddingSerializer.class
da76752b0debcbbad95da09fa19e6e9d48e0271c6fce25c7e359ff5135108a5c	core/build/classes/scala/test/kafka/api/DelegationTokenEndToEndAuthorizationTest.class
da7bcaa0b0d5e417de240d933742c1ee4d8765aa959786a090f171fd66fcc976	connect/runtime/build/classes/java/test/org/apache/kafka/connect/cli/AbstractConnectCliTest$ExpectedException.class
daaa86fd95ec2ccc8c01b0b4da9407ac4cfae7b926800465584499e048267e69	connect/runtime/build/classes/java/test/org/apache/kafka/connect/runtime/ConnectorConfigTest$AbstractKeyValueTransformation$Value.class
daabff6ed32d47c80358e815fa5ac90de97ac8e99e07775b269bd049f8a8ed4a	streams/upgrade-system-tests-23/build/classes/java/test/org/apache/kafka/streams/tests/StreamsUpgradeTest.class
dad4985db0588afba7b5ba0020753013ef95904bf5eabf969c2fded579637fa6	streams/build/classes/java/test/org/apache/kafka/streams/kstream/internals/suppress/SuppressSuite.class
dadfcbc0c569f98e42ce869aa394d79b2a53780a99069050340b29396425a27f	streams/integration-tests/build/classes/java/test/org/apache/kafka/streams/integration/PapiDslIntegrationTest$4.class
daead36128bc6ecd6d2b5c443b4629e05e7a8d7dce991ffe453cc0ea1842180b	core/build/classes/scala/test/kafka/server/ReplicaManagerConcurrencyTest$ControllerChannel.class
db096761dc8dd4649c0f427c9cdd23745db24f64ade84a7c438772c6354bcfee	clients/build/resources/test/common/message/NullableStructMessage.json
db2e077da22c3ca4f69a8b6077c62f306373dda1694efdcc061c164b274bc121	connect/mirror/build/classes/java/test/org/apache/kafka/connect/mirror/MirrorHeartbeatTaskTest.class
db2f89dce789824e8bd805d229760b5db7b781a0c8f265bab19e86408b710e81	raft/build/classes/java/test/org/apache/kafka/raft/KafkaRaftClientFetchTest.class
db36290e0ec7abc01a85db3439821462037a1b6a40f5d6874d0702d6bbf42bb5	server/build/classes/java/test/org/apache/kafka/security/minikdc/MiniKdcTest.class
db422563052ac0f7f39642f999276d2f12d6c05148037843878100b57cb46f61	server/build/classes/java/test/org/apache/kafka/server/metrics/BrokerServerMetricsTest.class
db6c41c22a92e0c91b037828e4aa9476c921a0914ff292952e2c720642f32deb	core/build/classes/scala/test/kafka/server/ReplicaManagerTest$$anon$7$$anon$8$$anonfun$$lessinit$greater$3.class
db840c3e00d56432efd0dab1680bbab41a7fb0d784812f326b63cbb6d74b23c2	connect/runtime/build/classes/java/test/org/apache/kafka/connect/integration/RestExtensionIntegrationTest$IntegrationTestRestExtension$IntegrationTestRestExtensionResource.class
db85f514ec58ddc3aaaea69c65d4691afd14fe7dbdf3124e8e93223ce40c5835	clients/build/classes/java/test/org/apache/kafka/common/message/SimpleExampleMessageData$MyStruct.class
db95bf127ffc37b7be33c5e0b1bb4eb10c2e32fed4a472cb16dd837a1c08d11f	clients/build/classes/java/test/org/apache/kafka/clients/admin/internals/DeleteRecordsHandlerTest$1.class
db9b5958883251a95a7f00c62b1ec410d070d511addc9ba03e95b0453510202a	core/build/classes/scala/test/kafka/network/DynamicConnectionQuotaTest.class
dbc9e2de14dd5804bf2885302bfa7962be94e338e962747b7d5c756477046af5	streams/build/classes/java/test/org/apache/kafka/streams/processor/internals/StateRestoreCallbackAdapterTest.class
dbce344f5ad40245cf836b92f32b4ea82bb31c40557ff3a368504e4caaa8d10a	streams/build/classes/java/test/org/apache/kafka/streams/kstream/internals/KStreamFlatMapValuesTest.class
dbea81413df87ace6b37b552d8e43ce3be16e541a0e0f76712d433f400565f75	clients/build/classes/java/test/org/apache/kafka/clients/admin/internals/CoordinatorStrategyTest.class
dc173f7596a549f2128e51af471e0f581ec1d6a57f1742055c5bd7d1b74529ee	tools/build/classes/java/test/org/apache/kafka/tools/streams/TopologyDescriptionFormatterTest.class
dc1ab2710d71f0af8e8670a4067c936b0288c146684e25f58f8dd9f688ee422a	streams/upgrade-system-tests-37/build/classes/java/test/org/apache/kafka/streams/tests/SmokeTestUtil$1.class
dc215dad96f90a418a6f0166489c9b6496e5711ad15dcf6cf23cf3c11a920af0	storage/build/classes/java/test/org/apache/kafka/tiered/storage/specs/DeletableSpec.class
dc4b666fa72da0e18bbb3653106f5a32ed91b76910d0b4cd8ba7144eb25df421	streams/build/classes/java/test/org/apache/kafka/streams/kstream/internals/AbstractStreamTest$ExtendedKStreamDummy.class
dc50056242e25eefdb84be590cf0c14ece1b8842073aa0f99581e6f5f2ed3eea	clients/build/classes/java/test/org/apache/kafka/clients/consumer/KafkaConsumerTest$CloseInterceptor.class
dc524717d15473f6d3a4d7605f422fbfe14938bd3675b825173daf7b323ff9a0	streams/upgrade-system-tests-28/build/classes/java/test/org/apache/kafka/streams/tests/SmokeTestClient.class
dc5bd98284a0c8f82994a7f6e9bc4a32d9e088dbf7083096f5d210b6167a0162	streams/streams-scala/build/classes/scala/test/org/apache/kafka/streams/scala/kstream/StreamJoinedTest.class
dc67d321e87345780fefaa40720e7b3f0800f6c9313b75cf40ca4c5333e2b2ad	clients/build/classes/java/test/org/apache/kafka/common/record/internal/CompressionRatioEstimatorTest$1EstimationsObservedRatios.class
dc72a68001a1938c68c12e237d8d80ef3fd24df869853878c913b7cac2191b91	clients/build/classes/java/test/org/apache/kafka/common/record/internal/DefaultRecordTest.class
dc7b658c1c5d9317700ee20203239bff08aa69139ee998fc596639a3cdd318fd	clients/build/classes/java/test/org/apache/kafka/clients/producer/internals/BufferPoolTest$1.class
dc862997a8e7cdc916f640bbaa9a83ffb8e0ec5f823c069c0c793b8a043db43a	streams/integration-tests/build/classes/java/test/org/apache/kafka/streams/integration/ConsistencyVectorIntegrationTest.class
dc8ad0fa7aa8da206ee34333c76a6af73a05be61c9678d686961de0b7692121f	clients/build/classes/java/test/org/apache/kafka/common/metrics/stats/HistogramTest.class
dc8cc0b70d2452152b66fda0fa42fcb665498f4d9c316c22da12eabb7fa0d027	streams/build/classes/java/test/org/apache/kafka/streams/TopologyTest$1.class
dc94e5f3c26c6e4111efd9c1ccd1ce36a5cabaae2682f7e5073af7785a106da4	streams/build/classes/java/test/org/apache/kafka/streams/state/internals/InMemoryKeyValueStoreTest.class
dca602a11c1a031f4da4110e7504ec2f577eb65ecb16ddb511604fd36fcbd374	raft/build/classes/java/test/org/apache/kafka/raft/KafkaRaftClientDriverTest.class
dcef928aa35c8fd15a6dca247c14bdb48ce9c0f4eaba41e5d932cacbd79a3714	trogdor/build/classes/java/test/org/apache/kafka/trogdor/common/JsonSerializationTest.class
dcf6bb6d62cbafe982fa253eee9628c3c9e226237613436fa1c25b93b4e23d54	streams/streams-scala/build/classes/scala/test/org/apache/kafka/streams/scala/kstream/RepartitionedTest$$anon$2.class
dcfafaf9228944bbef2e38d41b2a1b073441d5a7cf138dbf88e89a003b27cf3f	connect/runtime/build/classes/java/test/org/apache/kafka/connect/runtime/rest/resources/ConnectorPluginsResourceTest$ConnectorPluginsResourceTestConnector.class
dd1d699824c1d8a6d1ffaf0ce2b0a19431dd7047c38550199f888db55a1168f6	connect/runtime/build/classes/java/test/org/apache/kafka/connect/storage/OffsetUtilsTest.class
dd2bace7ef77a2190cc641ea5ea0f9d0e3375ff6165f443c4225370515380ac1	storage/build/classes/java/test/org/apache/kafka/admin/RemoteTopicCrudTest.class
dd3690c18eed8044692463959175c2ec07aaf9789b1813613935b4103e119590	server-common/build/classes/java/test/org/apache/kafka/deferred/DeferredEventQueueTest$SampleDeferredEvent.class
dd37b348f0db15d7c3a9a5173227e1e351e06dbace4ed36efbc257ca38d1e626	core/build/classes/scala/test/kafka/server/ReplicationQuotasTest.class
dd45c83e8fc0c5f3c00e3a5546827c9ae7c97dc98dbfac89683a31c0be02fa64	storage/build/classes/java/test/org/apache/kafka/tiered/storage/integration/DeleteSegmentsDueToLogStartOffsetBreachTest.class
dd52cb598a247ac54097ba93db7cd009e73784369a43489cecd692b0a4b8ee68	streams/build/classes/java/test/org/apache/kafka/streams/state/internals/AbstractKeyValueStoreTest.class
dd64fa1e6199dfa805feaa25ee96a1ab50f33a7b289647d56c0d007482d96657	connect/runtime/build/classes/java/test/org/apache/kafka/connect/test/util/MockitoUtils.class
dd6566e828c72ffd8ff0e96170b4a016e2f3327c3a19c0563ad89b990da2ea06	streams/build/classes/java/test/org/apache/kafka/streams/processor/internals/MockStreamsMetrics.class
dd7e93e057bd47e491c0d37eb6851bf6fc99b0a51c3544dcf36a9bb83b3c6275	core/build/classes/scala/test/kafka/server/AbstractFetcherThreadTest$$anon$10.class
dd90a0c03319806a61e78d052cd02cb583984921d67cfb3164466cc723a191c8	core/build/classes/scala/test/kafka/server/DynamicConfigChangeUnitTest.class
dd99275058e12ab2f05c8311e46711ca15fdaa9c94df4c71848e3dfb4eeba1c1	streams/build/classes/java/test/org/apache/kafka/streams/state/internals/AggregationWithHeadersSerializerTest.class
dda127aca54ed8cdcb62c5372c40a1e6ce29d4eeef64de7c2ce05608d0f17dae	streams/upgrade-system-tests-32/build/classes/java/test/org/apache/kafka/streams/tests/StreamsUpgradeTest$1.class
dda42f3afd04abdd44ea48676505f7d90a21d4d1350c02a1bcbcd89fdd2067fa	storage/build/classes/java/test/org/apache/kafka/tiered/storage/actions/ConsumeAction.class
ddb813a396d645292c2dea5d4ce1a0149b47f05e9de17b9fc933d49efc9208ce	streams/integration-tests/build/classes/java/test/org/apache/kafka/streams/integration/TimestampedWindowStoreWithHeadersTest$TimestampedWindowStoreContentCheckerProcessor.class
ddbf84e6debc57c4fcdd3894712149a5ba5302d5dafed96625d298ac8b0d7cbc	core/build/classes/scala/test/kafka/server/MockFetcherThread.class
ddc84f4d9460c815b9811e7e5404758a7c929d6efebead3a81caed513e7e769e	server/build/classes/java/test/org/apache/kafka/server/partition/AlterPartitionManagerTest.class
ddf52a9600e105007ab8b6e4d5db867edf0e85da6410c747091ec4726868dec9	streams/build/classes/java/test/org/apache/kafka/test/MockReducer.class
ddfa49ad15704963713282ef0939d81ec5e9fc72cb42fcae14092a566beb4198	raft/build/classes/java/test/org/apache/kafka/raft/RaftEventSimulationTest$NetworkFilter.class
de02450b47d227223a6a14fd7227077e57c045de35bf7c8a58e3a7d2ce728306	core/build/classes/scala/test/kafka/network/SocketServerTest$TestableSelector$CompletedSendsPollData.class
de02830aaa23dacef7ca244577d55a7b86c3452bad5056917d5672126b7bb980	core/build/classes/scala/test/kafka/server/DynamicBrokerConfigTest$$anon$4.class
de1294c97b6cecc3990bdaa92156db6638338b98463bbe773fb4c10755d40f9b	clients/build/classes/java/test/org/apache/kafka/common/security/scram/internals/ScramFormatterTest.class
de177afd9403eefb677b1ccb8485cc98bd8ce05cd54d4cb9b14a219a71c2439a	share-coordinator/build/classes/java/test/org/apache/kafka/coordinator/share/ShareCoordinatorOffsetsManagerTest$ShareOffsetTestHolder.class
de28f9f7cfbb676eb95195779de366942ef9857f023ad9e5a2fbc5d5731883f1	coordinator-common/build/classes/java/test/org/apache/kafka/coordinator/common/runtime/DirectEventProcessor.class
de4e5bb67f05b6dfd0dcd55fcab5224b17956ee8c796e2af357b06014af20b40	clients/build/classes/java/test/org/apache/kafka/common/message/AllTypeMessageDataJsonConverter.class
de61bd33e5c33838470f6f973a3861ef66658a86063ff38ae234a388d6ec7fee	streams/build/classes/java/test/org/apache/kafka/streams/state/internals/MeteredTimestampedWindowStoreTest.class
de65f0ff0e88ac2c8ea53b281621c0a3586cfccc42da52ae23d746aec7bf65d6	server-common/build/classes/java/test/org/apache/kafka/server/share/persister/PersisterStateManagerTest$7.class
de79057e465271513301d707052f73fb2c022b7b7a7c27ceaf773ecf822dc8ed	tools/build/classes/java/test/org/apache/kafka/tools/ConnectPluginPathTest.class
de7e5552bbf4f610577633f2c55efcfe58e3f48ca7e0f2590f50a85cb5ff73a5	shell/build/classes/java/test/org/apache/kafka/shell/command/LsCommandHandlerTest.class
de85adb62eb353cffdb8eac1570dfa07734763519161f45b604e8f157f084cdd	streams/build/classes/java/test/org/apache/kafka/streams/tests/RelationalSmokeTest$Article$ArticleSerializer.class
de8ba0d608ef4ff01532af4df709f951747694cb00a0a528e4730927e4347034	server/build/classes/java/test/org/apache/kafka/server/KRaftClusterTest$DummyClientQuotaCallback.class
de8c7321137d2cfb71e625a67e9fbc93f0853f2e9e0774092c06c401607c68b6	clients/build/classes/java/test/org/apache/kafka/clients/consumer/internals/ShareConsumeRequestManagerTest$3.class
de9626ffc27b0ac3d1e62224de4a11125904c410e7d08df2d714790c0ffe5213	core/build/classes/scala/test/kafka/server/ConsumerProtocolMigrationTest$.class
dea118761acf18d33335ae50d8ecf475c9b90e810795ced7fd0fbd95576cf1c0	streams/streams-scala/build/classes/scala/test/org/apache/kafka/streams/scala/kstream/RepartitionedTest.class
dec52b81bfe317b4a38f72e78a7e4bbe12a3f2195fec4a392da8173d38a4a3cf	clients/build/classes/java/test/org/apache/kafka/clients/admin/RemoveMembersFromConsumerGroupResultTest.class
deecd10ecd29e87edaa4412aa9af245d42ae9d2e14129591a67bb73b93f9848d	storage/build/classes/java/test/org/apache/kafka/server/log/remote/storage/RemoteLagCopyTest$1.class
def948a898e5ad844846d7426805b459cd791c3d6fc641b064d0cef99fcb8415	group-coordinator/build/classes/java/test/org/apache/kafka/coordinator/group/streams/StreamsGroupHeartbeatResultTest.class
df02657d1fed800b85639a57f0d8db20d1e5ac70d9fea744e9590bf5e5ae4c75	tools/build/classes/java/test/org/apache/kafka/tools/consumer/ConsoleShareConsumerOptionsTest.class
df204eea617122f81661f3f75b91e9a55a44d2e456674ad6689d36007d32cfab	connect/runtime/build/classes/java/test/org/apache/kafka/connect/integration/RestForwardingIntegrationTest.class
df21c873f8f127c9380d234eeb7b0054d20777155daabe84a202ad176eac8d87	server-common/build/classes/java/test/org/apache/kafka/server/network/EndpointReadyFuturesTest.class
df3324e2585c621b80db6ec82c0321f75de10b9589a6c04f23cda137931fd7bb	connect/runtime/build/classes/java/test/org/apache/kafka/connect/runtime/CachedConnectorsTest.class
df4ee07fa2136a97a1a3a02699c3b201d4be05a9c1a73448d98d6022b15d4f4e	streams/build/classes/java/test/org/apache/kafka/test/NoopValueTransformer.class
df4eec993606c7d730b280ecdbdc13b40fc75d8ed6b41c857808e3b0b18640cf	raft/build/classes/java/test/org/apache/kafka/raft/internals/RecordsIteratorTest$1.class
df5cf09b0c35251b27a6aeacbd1be3f2861d082e8806161051bd4ec342c999db	core/build/classes/scala/test/kafka/coordinator/transaction/TransactionCoordinatorConcurrencyTest$ExpireTransactionsAction.class
df66e8b378fca2f1db74e57f8d9061dc2b425a78502ade5ae4a3af5af28b29b2	clients/build/classes/java/test/org/apache/kafka/common/requests/OffsetCommitResponseTest.class
df6838089f8d529540dba9d5bc3596e13557b46ed4eb0ef39be3861ff0b7616a	streams/build/classes/java/test/org/apache/kafka/test/MockPredicate$AllGoodPredicate.class
df6bbc40ba8f4ff32ef246a9a1a070b63d074789ad215dbfdbb38cd3be462054	raft/build/classes/java/test/org/apache/kafka/raft/KafkaRaftClientTest.class
df6bc6484a16c3e034edaef71eaa1f7e8b2b0dec97cb35979dbe4357711e58ff	core/build/classes/scala/test/kafka/server/FetcherThreadTestUtils$.class
df71d339add3adda2a7e2072afd251f6117e55ceb90e10338c02407a952a09af	storage/build/classes/java/test/org/apache/kafka/server/log/remote/storage/RemoteLogManagerTest$13.class
df8c660fab27ebd811432600d406610a3dfe48cb7475adf11629fda240911b2e	coordinator-common/build/classes/java/test/org/apache/kafka/coordinator/common/runtime/CoordinatorRuntimeTest.class
df95a94033dcfd0b9a8dde179bdfbef7e9ff282dcd03a353055d6dfcbfda856c	streams/build/classes/java/test/org/apache/kafka/streams/state/internals/InMemoryRocksDBAccessor.class
dfb820d6e9d678104048c061199a685333d589112167896f0ac9e3d6fee23779	streams/integration-tests/build/classes/java/test/org/apache/kafka/streams/integration/TestTaskAssignor.class
dfd9e006bb0bf61e237436401e2c8cd833998006e1f4c2df2455210713ff45ad	metadata/build/classes/java/test/org/apache/kafka/controller/ScramCredentialValueTest.class
dfeed2a56f27a2aa807b7b92ce347b01e2a1a2b836039bf9da1b5955f439218f	streams/integration-tests/build/classes/java/test/org/apache/kafka/streams/integration/TopologyDescriptionNoPluginIntegrationTest.class
dff3350b3a72e13544816c55c643bcc3dabf82aa47aa3a9f019c04109c61673a	core/build/classes/scala/test/kafka/server/GroupCoordinatorBaseRequestTest.class
e0260abd21048ef401a3ace1797fa336b5ad84630219dc5ffbae242717fa3654	streams/build/classes/java/test/org/apache/kafka/streams/processor/internals/TopicPartitionMetadataTest.class
e04263ae1b8f1f92caa9c979ceb76215ea391220e68c66e273f0a95f3a1e520f	streams/build/classes/java/test/org/apache/kafka/streams/state/internals/ValueTimestampHeadersSerializerTest.class
e0572acadd674f79952691c19b9e1b0c4a6d75a9ecad9c150e68753051b0831f	clients/build/classes/java/test/org/apache/kafka/clients/producer/internals/FutureRecordMetadataTest.class
e0605d2bae4149dc5ea5a4b97df2fcf2086f2979eae0a8ca507aceab2dc1020c	server-common/build/classes/java/test/org/apache/kafka/server/util/InterBrokerSendThreadTest$StubCompletionHandler.class
e07689cd381d6dd79ab215adbe0680aba82a1acd34db08fea032039deef6d17c	core/build/classes/scala/test/kafka/api/SaslPlainSslEndToEndAuthorizationTest.class
e07ca0de6fa5487fa15d2188a5c4c62f0028d01fae9e30d69c68c67588af4007	streams/build/classes/java/test/org/apache/kafka/streams/TopologyTest$LocalMockProcessorSupplier.class
e08017719abb89d712de6d90413ac88e49a1b3788617e3480382694db24bd7d4	streams/build/classes/java/test/org/apache/kafka/streams/state/internals/MergedSortedCacheWrappedSessionStoreIteratorTest$1.class
e08c4cf350f50efff2f059f9476b47ecb15cb61115534769f9aa02cc38e4d43b	storage/build/classes/java/test/org/apache/kafka/storage/internals/log/BrokerCompressionTest.class
e08e725195685a62650a4524076660bb4beb056fb7aeae8abaf3b28bb065e2dc	streams/upgrade-system-tests-25/build/classes/java/test/org/apache/kafka/streams/tests/StreamsUpgradeTest$1.class
e0a6eee4fbcd2796e2cbbdc2a45ac39a57a56d3eee0af3e97ad5d8f6a9100378	streams/integration-tests/build/classes/java/test/org/apache/kafka/streams/integration/PositionRestartIntegrationTest$StoresToTest$4.class
e0a9a8c2c579df7502103bb49605b52ff7ec88948cc0d812a48453fd4c5a1b39	streams/integration-tests/build/classes/java/test/org/apache/kafka/streams/integration/RestoreIntegrationTest$TestStateRestoreListener.class
e0c4fd05dfc3a0829c6927bae877f9a4bcfc8277eee2ef668a65bf273397fcd2	storage/build/classes/java/test/org/apache/kafka/server/purgatory/DelayedRemoteListOffsetsTest.class
e0d2b498b98a3fdef331b10e2b5878151c61a4a9fe66bc20720187e2117bbd09	connect/runtime/build/classes/java/test/org/apache/kafka/connect/storage/OffsetStorageWriterTest.class
e0e45745f4b5226e745ba08d82b50a0371b95035e72fee03f7cc71a51c106015	streams/build/classes/java/test/org/apache/kafka/test/GenericInMemoryKeyValueStore$GenericInMemoryKeyValueIterator.class
e0ee7d5c38cf439844c19b1f5b16295e446a780335468d27eec7aa3d24d51e25	clients/build/classes/java/test/org/apache/kafka/common/security/ssl/mock/TestKeyManagerFactory.class
e0fdf2737c558621c962d6bb6289177404f26c03d5aa6bbaac936356d7671281	streams/build/classes/java/test/org/apache/kafka/streams/processor/internals/ProcessorStateManagerTest$StateStorePositionCommit.class
e102a226e60e45d5cdc9bd9703fc8ed1c1083a7e352a1f77efc86ba71923a00e	storage/build/classes/java/test/org/apache/kafka/server/log/remote/storage/RemoteLogManagerTest$14.class
e11c48318949700c686e23ffac6824f7bacd2890351d3cfadcb8468e5e55f013	streams/build/classes/java/test/org/apache/kafka/streams/processor/internals/StateConsumerTest$TaskStub.class
e12a3245b9897f9fedcf42e56cb192a43df3b4ce459e7ed53ca98c1f6dd63a74	streams/build/classes/java/test/org/apache/kafka/streams/state/internals/MeteredSessionStoreTest.class
e137e405d63eb75108394e9a974b7a7b522937aaaad186b80519191304ff6cad	clients/build/classes/java/test/org/apache/kafka/clients/consumer/KafkaConsumerTest$1.class
e1510b71eed8dce4d2b7a503999a76940a1f4cdc47466a308ccde1e746a4e743	clients/build/classes/java/test/org/apache/kafka/clients/AddressChangeHostResolver.class
e161c35f512741e6ffd6f0da88dabab4e2d1b0642a04d6b8a512e6ea016b5458	streams/build/classes/java/test/org/apache/kafka/streams/state/internals/ThreadCacheTest.class
e167670812a44c0f81d75db1592d129ffc943afe47d484538e8892d43c9c38f4	server-common/build/classes/java/test/org/apache/kafka/queue/KafkaEventQueueTest$FutureEvent.class
e171b0123234a9c2a25a099e25900e73b22cc1d8b4162fdc6fd356f2a7ade0c4	metadata/build/classes/java/test/org/apache/kafka/controller/ReplicationControlManagerTest$6.class
e196ebc6cd7fc395ca57e6aef048f7dcecda92196e985e987b1ddba7bd2afdc7	clients/build/classes/java/test/org/apache/kafka/common/security/ssl/mock/TestTrustManagerFactory$TestTrustManager.class
e19bf041e00297121e6ad444815bcf0d2c64ee7bc8ec6802dc8763900aaf9d8a	clients/build/classes/java/test/org/apache/kafka/clients/producer/KafkaProducerTest$ProducerInterceptorForHeaders.class
e1a7e06dd9a3d362479dd773457d0f12252d6e61b9a1a8f0a2daece28a46cbec	core/build/classes/scala/test/kafka/server/epoch/LeaderEpochFileCacheTest.class
e1f1f39e57a529b977f503904fb2b8c40e3f658b66698a94f3c5abe7e65f623c	streams/build/classes/java/test/org/apache/kafka/streams/processor/internals/StateConsumerTest.class
e1fcd2bf042558ca17faabee1b2faf6500c564f95123dece6bbafdf61c2f74c2	streams/build/classes/java/test/org/apache/kafka/streams/processor/internals/SlidingWindowStoreMaterializerTest$HeadersStoreSupplier.class
e206b27a5c2e5519b3c0896408af4106a2a49dddc9878ad3842ff7062318fdc8	streams/build/classes/java/test/org/apache/kafka/streams/processor/TimestampExtractorTest.class
e208164689deb82b444ab092f222e10cbb65ebbfa3e5575dad06e81e67dd5d3f	core/build/classes/scala/test/kafka/network/SocketServerTest$SelectorOperation$Unmute$.class
e20e3544f8127b6c4eeb8623f1e45f8ed5bcc8fde8345bab83d26abbdd77f0ea	core/build/classes/scala/test/kafka/api/ClientIdQuotaTest.class
e2152424c0cba8a8d0c1f3684851fe1578eb70384fc763ceb8f2b87a93ee89a6	streams/build/classes/java/test/org/apache/kafka/streams/processor/internals/metrics/ProcessorNodeMetricsTest.class
e22488188ac7232598303af736203b5d3b024c1f6822b31a46d5c79b240af9f7	streams/build/classes/java/test/org/apache/kafka/streams/tests/RelationalSmokeTestTest.class
e249b42cf2030baa8bf7bb980bb0a1f202c77a40177c9d9389fd25fa742156ac	connect/runtime/build/classes/java/test/org/apache/kafka/connect/integration/MonitorableSinkConnector.class
e2507d4594af7f20ac0d38c7123df598aadc6d195168f1cd82c800581d39e557	streams/build/classes/java/test/org/apache/kafka/streams/state/internals/PlainToHeadersStoreAdapterTest.class
e25b06a52fae0e4667e48e74879d7b2de2ff5d6aebf607c379e9413ea19d4b2d	streams/build/classes/java/test/org/apache/kafka/streams/kstream/internals/graph/GraphNodeTest.class
e25d6e47da52f36737d99f3307a4a8857c31c9ca712784dea7e440b9f680a93e	clients/clients-integration-tests/build/classes/java/test/org/apache/kafka/clients/consumer/PlaintextConsumerCloseTest.class
e25f94e4472e831887245b21f9668f136109de95da22ee54d3ba3670a11d84bc	connect/runtime/build/classes/java/test/org/apache/kafka/connect/runtime/SubmittedRecordsTest.class
e26b362cb3baec99f4fb6f25c6feece7da1fc0c4794292499a41d6481b6cbdd2	metadata/build/classes/java/test/org/apache/kafka/metadata/PartitionRegistrationTest.class
e27baf309b414783b192f2f7c16830bcd751a0e331d9f5ffb621717c365c4203	streams/build/classes/java/test/org/apache/kafka/streams/state/internals/CachingPersistentWindowStoreTest.class
e280c816d1e765946625d718bee4b418c016f564081bf0a8c35c615bda8745f5	core/build/classes/scala/test/kafka/server/RequestQuotaTest$.class
e288c8ca7428e7ab6f9283260470559d2429d355cd5540cb2bfb0e2c1e40ca70	core/build/classes/scala/test/kafka/server/DelegationTokenRequestsWithDisableTokenFeatureTest.class
e2892e20df52904bf85d10fbb2f3f18c9b37170154833daf52f584246c961756	clients/build/classes/java/test/org/apache/kafka/common/utils/UtilsTest$TestCloseable.class
e2b2cf4b748435306d1aea9fc074e8365bc1a12c85317b2c3ae7a893a2702029	streams/build/classes/java/test/org/apache/kafka/streams/processor/internals/StoreChangelogReaderTest$3.class
e2c0ffcb2c4a000f33573bca85a161a235cdee1e3c00e7a9686626f23790eded	core/build/classes/scala/test/kafka/network/SocketServerTest$$anonfun$acceptorStackTraces$1$1.class
e2d1f391b680b9b8d65befb1b5489a34d6b1ec7dbb3983994f78073affccbc42	streams/integration-tests/build/classes/java/test/org/apache/kafka/streams/integration/PositionRestartIntegrationTest$2.class
e2d2f9463345b6204c62cf17c613cebbb95f40859e15edd013d4601acfd1e43a	clients/build/classes/java/test/org/apache/kafka/common/record/internal/MemoryRecordsTest.class
e2d99eb973ca7c54475c30a0dc2ac5df806e275e547e27c3803d53c33714c69f	streams/build/classes/java/test/org/apache/kafka/streams/state/internals/SessionStoreWithHeadersBuilderTest.class
e2ebaee0ddb1af57f4ac9a11a5bc2df2ccc5d0511dc95d29a95e04857a5519f6	clients/build/classes/java/test/org/apache/kafka/common/requests/ApiVersionsResponseTest.class
e2f9b5807327d87e34f934ad327dd7c6cac13483bb3614fa7bfb46194a9f0352	streams/upgrade-system-tests-40/build/classes/java/test/org/apache/kafka/streams/tests/SmokeTestUtil$1.class
e30af754d76b062e8a5300a3fdc63496d665c41fe579196e31f25ba2b293852c	streams/build/classes/java/test/org/apache/kafka/test/NoopValueTransformerWithKey.class
e30ffdcf40f55446cd099ce430675c005d09c199a3a6fdbefba411a058c84486	streams/integration-tests/build/classes/java/test/org/apache/kafka/streams/integration/VersionedKeyValueStoreIntegrationTest$CustomIQv2VersionedStoreSupplier$CustomIQv2VersionedStore.class
e320266f743f8b2491af75d3c1c7e048014005a865cc5f9f5e1d6d7ea25a0c81	streams/build/classes/java/test/org/apache/kafka/streams/processor/internals/GlobalStateManagerImplTest$4.class
e325e4065e7363ccc377925e341acf5f48ea3bca8e88fa94dbc412622ef21d88	streams/build/classes/java/test/org/apache/kafka/streams/state/internals/InMemoryWindowStoreTest$InMemoryStoreIQv2Tests.class
e33183e2c4d73fa6dd325bb42d68b69e6b853fdf0405f0d8dd796e1008232597	streams/build/classes/java/test/org/apache/kafka/streams/kstream/internals/graph/GraphGraceSearchUtilTest$6.class
e3399bdfb7941e815a8d45d806a97183544ec89fdf2ea14c120743e3588f5eb7	clients/build/classes/java/test/org/apache/kafka/clients/consumer/internals/ShareConsumeRequestManagerTest$2.class
e33bd6344c8818cd149741dd67d0fa9f177f51c1320cc443410424e4e3b6a1b9	connect/mirror-client/build/classes/java/test/org/apache/kafka/connect/mirror/MirrorClientTest$FakeMirrorClient.class
e33e0121a23a6a29de41e5812b727e914025455528052fd9a2e698f40749e1a0	streams/integration-tests/build/classes/java/test/org/apache/kafka/streams/integration/IQv2StoreIntegrationTest$3.class
e3521a61348f3eab20c564234690552e964cab1d979a9b77ab8657f4bd3b42ee	clients/build/classes/java/test/org/apache/kafka/common/security/ssl/CommonNameLoggingTrustManagerFactoryWrapperTest.class
e3620a7f8d1888e2c99ef5d766a109403bc62f1a9d151fc343d0e0c38bf9b8da	core/build/classes/scala/test/kafka/cluster/PartitionTest$MockPartitionListener.class
e3728cf235b25fd3e0bbdd6cf9ec12606fb93c0386d850e761ec679bd99405aa	server-common/build/classes/java/test/org/apache/kafka/server/util/timer/SystemTimerReaperTest.class
e37b89b1f4d98803da0e60e09066f74069decaeb7f02e21beb7786e0357eab13	streams/build/classes/java/test/org/apache/kafka/streams/state/internals/RocksDBTimeOrderedWindowStoreWithHeadersTest.class
e38c2cf1ab6a27adbace3800764a0f5d2f8b967c7b2db92e8bc41086396588e7	streams/build/classes/java/test/org/apache/kafka/streams/state/internals/RocksDBTimestampedSegmentedBytesStoreWithHeadersTest.class
e396ac3a943aaa73e1a1de821d33ba02958455bd21b656004b78162c4a76302f	core/build/classes/scala/test/kafka/utils/TestUtils$Checkpoint$.class
e39f850d259eddbb2e8e87a075921970b8199c5b4ff7acc419b976cc5ff4a2b0	connect/runtime/build/classes/java/test/org/apache/kafka/connect/runtime/ConnectMetricsTest.class
e3a06d7c94f6b9443cfa14eb6d05f3bf7dc844f2bffd1b0ad756acfe35b933a7	streams/upgrade-system-tests-28/build/classes/java/test/org/apache/kafka/streams/tests/SmokeTestUtil$1.class
e3a8b36a56077fef80218671f0fd5408f654b5175354a2aa7cf9ae931448d6b9	streams/build/classes/java/test/org/apache/kafka/streams/kstream/internals/InternalStreamsBuilderTest$1.class
e3bc95d30aa29d7408efc88adcd738792f76a38301920b8715082e1f871e1da9	core/build/classes/scala/test/kafka/server/ControllerMutationQuotaTest.class
e3ed4dfa925e1910a8a789293528dfe0f612d6ce76f3a0b50227578269fb6303	metadata/build/classes/java/test/org/apache/kafka/image/node/ClusterImageControllersNodeTest.class
e3ef44d94a428d4910a35c2271341d5af59e8749f91f3e9d81eae8d09d841ed1	streams/build/classes/java/test/org/apache/kafka/streams/processor/internals/StreamThreadTest$9.class
e3fb43cb4f43956e86ed5b01618f7e8e8d2b7327616dc430585a59200a44d9c3	streams/build/classes/java/test/org/apache/kafka/streams/state/internals/RocksDBGenericOptionsToDbOptionsColumnFamilyOptionsAdapterTest$1.class
e4052f668de1e5d0dfab60fea8b98b0e8216ffea00c5d216b1e6d0c3537fd675	streams/build/classes/java/test/org/apache/kafka/streams/state/internals/SessionStoreWithHeadersSerializerSideEffectTest$HeaderAddingSerde.class
e40aa50d1ae29f036a529695e8868af3a2149b1bedf1ed1ae6261101564a3dd4	coordinator-common/build/classes/java/test/org/apache/kafka/coordinator/common/runtime/KRaftCoordinatorMetadataImageTest.class
e41b9685c27e215fe563d1001619f6317986d1544049f34e76a90d02a7ec4af5	streams/build/classes/java/test/org/apache/kafka/streams/state/internals/metrics/RocksDBMetricsRecordingTriggerTest.class
e459aaecafd3627b82a459c0e9f5fbc0499b8735e8d01b7d442422b71da822cc	metadata/build/classes/java/test/org/apache/kafka/controller/ProducerIdControlManagerTest.class
e462e8339d01e1eb4ae6f639c744ca52a144a83111a6a41fe085530107b8120d	streams/build/classes/java/test/org/apache/kafka/streams/kstream/internals/KStreamMapValuesTest.class
e46b400a0bcf57a0e4f2243186e0b7d31e02417423e84af89fb38b762fea48c6	streams/build/classes/java/test/org/apache/kafka/streams/processor/internals/ProcessorNodeTest$ClassCastProcessor.class
e4809f85a6588b80c68fb923d074e150c8b4dc930eff32fc5bd374958064bbc6	streams/build/classes/java/test/org/apache/kafka/streams/kstream/internals/SlidingWindowedKStreamImplTest.class
e4bf83527e6dfc649b16cd537b8fb9ab18a2de0a15cbbb3085e823bcc4152d8b	core/build/classes/scala/test/kafka/server/AbstractFetcherThreadTest.class
e4c6cb4309e68eaa6fe3128adbe1223cb6d9191719192907aead01da6d8673ff	clients/build/classes/java/test/org/apache/kafka/common/security/authenticator/SaslAuthenticatorTest$TestLogin.class
e4c7dcf03cc25f00db34788272cb0e8eeb266b16a3d267a437750d6f75b00967	trogdor/build/classes/java/test/org/apache/kafka/trogdor/workload/HistogramTest.class
e4e902c8c47f65959e872a1a64dd1e380aab22237c79e8795c86379a50174c7d	storage/build/classes/java/test/org/apache/kafka/server/log/remote/metadata/storage/RemoteLogLeaderEpochStateTest.class
e50494a824b0f05cc9dd0d038774bfa787a80351c37c31bebfe959ca9b05b21a	streams/integration-tests/build/classes/java/test/org/apache/kafka/streams/integration/PapiDslIntegrationTest$6.class
e506aa71905314336b736078861b552ec62d3e84b0532367fbab2da470c512a5	streams/build/classes/java/test/org/apache/kafka/streams/state/internals/TimeOrderedCachingPersistentWindowStoreTest$1.class
e50a4d25acdf74bdd6efa20e4636aaae77b7a78a71c8dd043ce5c7f81bf1478b	streams/build/classes/java/test/org/apache/kafka/streams/query/PositionBoundTest.class
e5303e3a652cb4fbb1674bed2bf952b66353408812faf90d9ef56eb671865056	clients/build/classes/java/test/org/apache/kafka/common/record/internal/UnalignedFileRecordsTest.class
e532e339206c5dc17d18d0b460ee9e8df0f44db2086d3af5776fcbc0f60e82e5	clients/build/classes/java/test/org/apache/kafka/common/internals/SecurityManagerCompatibilityTest$UnsupportedOperations$DummyContext.class
e56ba7636913c7a95b3152fabc924b1cf540317cd025e9aff47d27df28f44939	storage/build/classes/java/test/org/apache/kafka/server/log/remote/storage/RemoteLogManagerTest$4.class
e56d7ba6f57cce20090c2e20d1e584c4efc1ff4bcd06e06bfde10d03cb88709a	group-coordinator/build/classes/java/test/org/apache/kafka/coordinator/group/streams/StreamsGroupTest.class
e57b5500d36ec4b6d264c78b8de3d2a9b65eb68ed647b306bd3b4e5b8564ccc2	coordinator-common/build/classes/java/test/org/apache/kafka/coordinator/common/runtime/CoordinatorRuntimeTest$8.class
e57e5a50091344c7677464c14c5b0e120f41629e9a8cfa95639e7e3b70dfc2d9	core/build/classes/scala/test/kafka/utils/LoggingTest$TestLogging$2.class
e5850be168e4ed1e6ef089e133902b2f1836e873e951a64713723d3ed20cb427	clients/clients-integration-tests/build/classes/java/test/org/apache/kafka/clients/consumer/PlaintextConsumerCommitTest$CountConsumerCommitCallback.class
e5a3ec419356442fb50c40719c05346198d601e88e7a1ee47e9e19d6a39fa4b8	clients/build/classes/java/test/org/apache/kafka/common/security/authenticator/SaslAuthenticatorTest$2.class
e5b597584d9dad3dd2e84679f310f75edfbd8e22a8f7e7de43a91d89442f8bdc	streams/test-utils/build/classes/java/test/org/apache/kafka/streams/test/MockProcessorContextAPITest$1.class
e6160f46d645b403c9be30a24fb4f4d99f275a589c7f491d4911d2b84c19216f	core/build/classes/scala/test/kafka/api/PlaintextAdminIntegrationTest$BackgroundConsumerSet$$anon$3.class
e61ae8928bbc205dd9535dc8dbf41fddb59d6f5590b7e2fdbe6b8860341ff048	clients/build/classes/java/test/org/apache/kafka/clients/consumer/ConsumerRebalanceListenerTest$1.class
e6235c1839fd05d089a34545934417f14e069f30468fdca4267c46c8925590bd	clients/build/classes/java/test/org/apache/kafka/clients/consumer/internals/OffsetFetcherTest.class
e623eca7230c372d8d7fb4af7a452e52992fdbc5144da80e57209292d2acb329	tools/build/classes/java/test/org/apache/kafka/tools/MetadataQuorumCommandTest.class
e629afad4f2a7314298e01fe64c394b6f9b6fec247d81af41a0d1a986dcb45e5	connect/runtime/build/classes/java/test/org/apache/kafka/connect/integration/ConnectorHandle.class
e649c29d850588649bf2536d85f950e80ed7e3d8d7d728e36e8c65f9032e03ad	storage/build/classes/java/test/org/apache/kafka/tiered/storage/integration/OffloadAndTxnConsumeFromLeaderTest.class
e649ee793de5dbfea349e04728f67002306c4d54f078899ca5e5fcda098fade7	core/build/classes/scala/test/kafka/server/TxnOffsetCommitRequestTest.class
e65874184c7ca6ab07dda7e8a346fca4f52d07a5eea284fbd791ec8ec09b5726	streams/build/classes/java/test/org/apache/kafka/streams/tests/RelationalSmokeTest$Article$ArticleSerde.class
e66c15fa69bfed203eb54af90d065673d0f419dba349a04f5cd28484d4daca1c	group-coordinator/build/classes/java/test/org/apache/kafka/coordinator/group/OffsetMetadataManagerTest.class
e67eb288f9641a6aa4fdd072d8a552a224eba674cf80fa30fa0f56e79c85f724	core/build/classes/scala/test/kafka/api/DelegationTokenEndToEndAuthorizationWithOwnerTest.class
e6b158bf567d56845d1ae99ce9ebe932395fa54c48163cc4ae9d290f8099a5c8	metadata/build/classes/java/test/org/apache/kafka/metadata/OptionalStringComparatorTest.class
e6b45a8c7b8af03a05318ebcd5e51d374a240c5c565fa5b296ad5b58fc35b8f0	streams/build/classes/java/test/org/apache/kafka/streams/state/internals/MeteredVersionedKeyValueStoreTest.class
e6b91283c8c95bbfbe6f2cd35954057e9f0ee2359c972fbe2e859af6179bd6b7	clients/build/resources/test/common/message/SimpleExampleMessage.json
e6c1ff9ff419d7ad63bd0a022e5d55bfb96d5511c42a4bffd2dc740aed6c8909	core/build/classes/scala/test/kafka/server/CustomStreamsTaskAssignor.class
e6e0c2c61c304f8e0c8ca43cad3ae54bba27a0a3aeaaabc6da72e4bccc991557	raft/build/classes/java/test/org/apache/kafka/snapshot/FileRawSnapshotTest.class
e704ad59c87151e69049be6828aa2bf61dd078343374cacf8d04a8593178f17d	streams/build/classes/java/test/org/apache/kafka/streams/processor/internals/AbstractProcessorContextTest.class
e7078dfd5f85ecf5293ef113280d39d587f4968fc92df87d1430ba5797d64e3f	streams/integration-tests/build/classes/java/test/org/apache/kafka/streams/integration/StreamsUpgradeTestIntegrationTest.class
e71d02c2a5067c5590d7a1fc790561163bfbe8f3206a9758f9e89eb2e306ff84	storage/build/classes/java/test/org/apache/kafka/storage/internals/log/UnifiedLogTest$1.class
e728d6e3916d4069b3945f8529ff13179b88656efe655eb2cf52ddd7ed030005	connect/runtime/build/classes/java/test/org/apache/kafka/connect/connector/policy/AllowlistConnectorClientConfigOverridePolicyTest.class
e72922680e086cea57c1092b9c37f49dcc5eab1a2163ebcda4b6e549831df44c	connect/runtime/build/classes/java/test/org/apache/kafka/connect/runtime/distributed/IncrementalCooperativeAssignorTest.class
e7513c8b16b3c0d61880a87475f5d7ce3f6af904de3fc073490c9b3e8287abe2	streams/build/classes/java/test/org/apache/kafka/streams/processor/internals/DefaultStreamsRebalanceListenerTest.class
e75712cc27db48f98a25cc246a280763dd0753a6243b3986fcefb25499b17240	clients/build/classes/java/test/org/apache/kafka/common/security/oauthbearer/internals/secured/ClientAssertionRequestFormatterTest.class
e79f9911f4facdaacdc4db981def1d6bc98f3671cdc75e4f42e20aea96acda5a	raft/build/classes/java/test/org/apache/kafka/raft/KafkaRaftClientReconfigTest.class
e7b402ca5a97cae011876987e8de92a3ca1722baa7aead4364b6af334af0ef76	tools/build/classes/java/test/org/apache/kafka/tools/ConfigCommandTest$3.class
e7cdc5834ce6bb8afc55f4b869ccc84cea24aac4550d20accdcda7005b276792	clients/clients-integration-tests/build/classes/java/test/org/apache/kafka/clients/admin/DeleteTopicTest.class
e7f82085a6effc75a1fe711111a7b8fcbf11f7f772466f497754e2cfc777cca1	server-common/build/classes/java/test/org/apache/kafka/server/share/persister/DefaultStatePersisterTest$1.class
e800dc03a223731273b2f21e6199d77095cc47cb29345ae7eb9b0de12d672edc	streams/build/classes/java/test/org/apache/kafka/streams/kstream/internals/KStreamImplTest$2$1.class
e8171c596143f650d5ce3a151fed5cd76dcc0fcdd9f029b0ef1e37633aa744bc	clients/build/classes/java/test/org/apache/kafka/common/utils/internals/ExponentialBackoffManagerTest.class
e81b819f63f54e2a3037ae0e220a8d5ade65ba571bfb289ab1c3f5397d4bed82	streams/build/classes/java/test/org/apache/kafka/streams/processor/internals/ProcessorContextImplTest.class
e83301d2ca04b6599dc6588eeba3cf595a0df66b5235d62f33926442b2e83786	clients/build/classes/java/test/org/apache/kafka/common/security/oauthbearer/internals/secured/assertion/AssertionUtilsTest.class
e83671e081cd24760c3911972337014c20aa4c9b171b6890c868f844951aefae	tools/build/classes/java/test/org/apache/kafka/tools/consumer/ConsoleConsumerTest.class
e83de76536ce6b5bf6eb7e76171bb076bc2355cd8dd554b55013d89587e1dbed	streams/integration-tests/build/classes/java/test/org/apache/kafka/streams/integration/HeadersStoreUpgradeIntegrationTest$PlainWindowedProcessor.class
e86531fbabcef55162727163e45bf88b1cf3abec2170ac5dfb789142eb699b09	group-coordinator/build/classes/java/test/org/apache/kafka/coordinator/group/assignor/CommonAssignorTests.class
e873ca0f33671143d6cc8b6201e90fd279985a7ba2ef8d7912f0d682d4f3b0d0	transaction-coordinator/build/classes/java/test/org/apache/kafka/coordinator/transaction/TransactionStateManagerConfigTest.class
e8a3ec66230ce56f3f8b0939f4be8759d98ac04b2dc957847ae87c9cbbf73ad5	streams/build/classes/java/test/org/apache/kafka/streams/query/StateQueryResultTest.class
e8a6d2e26deab2300bbc6d60c11d8334a61063854e2b1ad32b12669ae29366ed	server/build/classes/java/test/org/apache/kafka/server/util/SchedulerTest$InterruptedRunnable.class
e8a9d060ce22ca0e7054ac53a168179351120aa1fe2adb8deba6e393897319ff	tools/build/classes/java/test/org/apache/kafka/tools/ConfigCommandTest$13.class
e8ae13831089e0d49d407961c4a97daa1f7ceccf80e3dc87cbadf126df9d1c55	connect/runtime/build/classes/java/test/org/apache/kafka/connect/integration/BlockingConnectorTest$TaskInitializeBlockingSinkConnector.class
e8c6f75b695a5a59d269c52bdba31d05639c0b309d8b47423d21df4e60af7e97	server-common/build/classes/java/test/org/apache/kafka/server/common/KRaftVersionTest.class
e90732505b5bcf06db6d7658065efd1ee1615b529135dda9e20f642f11e43fe2	clients/build/classes/java/test/org/apache/kafka/clients/consumer/internals/HeartbeatTest.class
e94e42a18363f7a1b373dedb5ea7c82c78292c6ec9eebb07fda3b7560a12bf0b	streams/build/classes/java/test/org/apache/kafka/streams/processor/internals/RecordCollectorTest$1DefaultPartitioner.class
e96a5ebe2b5022d67f199ac7ca8369d5b2488e6d248c4f5c0b59987801383171	clients/build/classes/java/test/org/apache/kafka/test/MockSelector.class
e9838e51bd3e7a1e61d78ba39a331979d036e899115355cb95089423280e5052	clients/build/classes/java/test/org/apache/kafka/common/message/NullableStructMessageDataJsonConverter$MyStruct3JsonConverter.class
e9879f81140663e4990f8e3e4d2bde326558005d80b2297bed606cf3f94f754b	core/build/classes/scala/test/kafka/server/AbstractFetcherManagerTest.class
e98cdc90a11a89d42b8578db3a8796fe5a79a681f212784026d612bb9a37fc8d	connect/api/build/classes/java/test/org/apache/kafka/connect/data/TimestampTest.class
e9b3d7b407843f06e40266b3e88b46c4f58f16e4fd12c97c2be1940964e5fc6a	clients/build/classes/java/test/org/apache/kafka/common/security/authenticator/SaslAuthenticatorTest$4$1.class
e9c07f5c9521bb2ca9f797d7f8a223b70e97d7445d192fde22fd8bb8a54036df	clients/build/classes/java/test/org/apache/kafka/common/requests/RequestContextTest.class
e9c4f07e43989c3c0477a52af968f19e17f2f8ed36f84a95c0327edb7aff6dde	connect/api/build/classes/java/test/org/apache/kafka/connect/sink/SinkConnectorTest$TestSinkConnector.class
e9fb263b2319fbedc5928887a336bb2b528200eb5892a63463e3dbc354009f62	storage/build/classes/java/test/org/apache/kafka/tiered/storage/integration/TransactionsExpirationTest.class
ea02205a059933764782c0c32dc8e1a3dc3016ac03a921aa079013fac23261e2	streams/build/classes/java/test/org/apache/kafka/streams/state/internals/RocksDBTimeOrderedWindowStoreWithHeadersWithIndexTest.class
ea1142e245a150d0b854199da464bf1ab0825bd1fb399c74c54738ebfda7e554	streams/streams-scala/build/classes/scala/test/org/apache/kafka/streams/scala/TopologyTest$$anon$3$$anon$4.class
ea17d2bc6d9d1686fba908d05eea3e87a681c56d96eb4fe1c392ce7edfa1c5d7	clients/build/classes/java/test/org/apache/kafka/common/message/SimpleExampleMessageDataJsonConverter$StructArrayJsonConverter.class
ea1fdb582d0cb2c4fc85f6bfe3224c7a47c50c5b3cd063c48d2d2f45992f1a7b	core/build/classes/scala/test/kafka/network/SocketServerTest$$anonfun$2.class
ea24f58d762bbf512b1a5ba6ec8c771069d4d2a725cad121bc07f4b7c3d81e29	streams/build/classes/java/test/org/apache/kafka/streams/state/NoOpWindowStore.class
ea2d961da673a62fa4f245c0b8b1f075eeb0a98c25cefdaebdd1cf09e2a268ac	tools/build/classes/java/test/org/apache/kafka/tools/consumer/group/ConsumerGroupCommandTestUtils.class
ea31b2cb20cda88892de151be3a0d0b278658e9171473a7e95f0cbd513609fd5	streams/build/classes/java/test/org/apache/kafka/streams/processor/internals/StreamThreadTest$StateListenerStub.class
ea413894b3eb31f451bd17c5908df224b261f5ac00a9cee2c7588b8e88ddb01d	clients/build/classes/java/test/org/apache/kafka/common/security/authenticator/ClientAuthenticationFailureTest.class
ea4263f975a7f14c071df2e5695b406f465e2f759a9a89673cdd96b17c66fb49	clients/build/classes/java/test/org/apache/kafka/clients/admin/internals/ListOffsetsHandlerTest$1.class
ea4f0484a8f0ce2d10fcda3e991f1a2b9334f1332a2c0ebf68c74091162801b0	server-common/build/classes/java/test/org/apache/kafka/server/util/timer/TimingWheelTest$TestTimerTask.class
ea5018ee370f6e27e36b6c94663af3cfbacf830c632c2324b9453f3e167f5263	clients/build/classes/java/test/org/apache/kafka/common/record/internal/FileRecordsTest.class
ea81bad071ba16b1cffc1ac65bc9fe8c78f206da31e89f745146f1c9157615cf	streams/integration-tests/build/classes/java/test/org/apache/kafka/streams/integration/StateUpdaterFailureIntegrationTest$1$1.class
ea81f0aa2efefaea5b0bff93ad52ec5912453806198085cd051d37ee778793e0	core/build/classes/scala/test/kafka/cluster/PartitionTest$$anon$3$$anonfun$$lessinit$greater$1.class
ea864177aa169a73e6e71916f23dccc44dd0a80b7f41ca0d0457f7c6085a38c7	clients/build/classes/java/test/org/apache/kafka/common/security/authenticator/SaslAuthenticatorTest$SaslSslPrincipalBuilder.class
ea8ff1ee0747811091a39ef1eb75588016402d54d860b3b9e51bb812eb62428d	server/build/classes/java/test/org/apache/kafka/server/requests/ProduceRequestTest.class
eaaca7ea2f877d02b05fca6938e504cbd8579054a7cfe728e43a4c433f001582	streams/build/classes/java/test/org/apache/kafka/streams/kstream/internals/graph/GraphNodeTest$ExtendedGraphNode.class
eab32d60c751b4e0ca343a2923a6adcd951cfd3b99519de1c2d0b9167bb61534	core/build/classes/scala/test/kafka/server/RequestQuotaTest$Task$.class
eac78b9794ac84cb2734db1c3a6530783de2a76fa90beb7db75a92c910407141	streams/integration-tests/build/classes/java/test/org/apache/kafka/streams/integration/IQv2IntegrationTest$1.class
ead6e21ae570b55d6877f89a95c8863b1574283fa6d515581aae989340a8d90f	storage/build/classes/java/test/org/apache/kafka/storage/internals/utils/ThrottlerTest.class
eae67817be2d8ad1f0a7c821b0d5e5d0c5fde79db3c31038a9f98ed6e9bda0c1	clients/build/classes/java/test/org/apache/kafka/common/utils/UtilsTest$TestException.class
eaed17214376c02fabd12e4a7e511d69c6c1750589ce7c639c33b14285a136df	streams/build/classes/java/test/org/apache/kafka/streams/state/internals/LogicalKeyValueSegmentsTest.class
eaf1982ca56ee3b30bae8fe7ee86cb6880792816151bf937dffe3979f65f16af	streams/build/classes/java/test/org/apache/kafka/streams/kstream/internals/KTableTransformValuesTest$NullSupplier.class
eaf9504ead430037917bf4e50526bb3d16195799bead6689d20ca6f9f274c065	streams/integration-tests/build/classes/java/test/org/apache/kafka/streams/integration/KafkaStreamsTelemetryIntegrationTest$TelemetryPluginWithExporter.class
eafab72ef8a8e8ace6ae933ccd4a42ff71418e886ed5f5f2e877b86080c7f0e0	streams/integration-tests/build/classes/java/test/org/apache/kafka/streams/integration/SuppressionDurabilityIntegrationTest.class
eb4458a07cfbcf9874da65ca8766febcb44baad12c0469375799f14c9ce81986	streams/integration-tests/build/classes/java/test/org/apache/kafka/streams/integration/NamedTopologyIntegrationTest.class
eb5577f16736cb05065e26e3990585e862d9e14c99edcc9bc292b9cd3ed2c2ed	clients/build/classes/java/test/org/apache/kafka/common/requests/WriteTxnMarkersRequestTest.class
eb5f038eb44e9ded0084c3c664b8eeddf5aa492c8ce972533b748471259e9e94	clients/build/classes/java/test/org/apache/kafka/common/metrics/MetricsTest$ConstantMeasurable.class
eb691f36bc7d0003e1e2de836007466b5f3387056358e3c085734722206b8ff9	streams/build/classes/java/test/org/apache/kafka/streams/state/KeyValueStoreTestDriver$1.class
ebb71ee65e70f297e565d4950094a1dad30d8823b6d1cc96bbc4a0822b09d99e	streams/integration-tests/build/classes/java/test/org/apache/kafka/streams/integration/utils/IntegrationTestUtils$TrackingStandbyUpdateListener.class
ebc4eb51612ed52e05e7beb256dca497b66bf76c4222fe8edec4634123cafa69	streams/integration-tests/build/classes/java/test/org/apache/kafka/streams/integration/QueryableStateIntegrationTest.class
ebc4f76c0d9da64a37fe647e693bcc8ed87b9dfde99db891877633946a1d72eb	streams/integration-tests/build/classes/java/test/org/apache/kafka/streams/integration/KTableSourceTopicRestartIntegrationTest$UpdatingSourceTopicOnRestoreStartStateRestoreListener.class
ebcb2086ea6f890443e0d0cb31982f2c12e84f1f6515aeafac572262532f53e8	group-coordinator/build/classes/java/test/org/apache/kafka/coordinator/group/GroupCoordinatorServiceTopologyDescriptionTest.class
ebce0a089cf717e4c56a5139cbb03cba2629443f20604302408867b077694a05	raft/build/classes/java/test/org/apache/kafka/raft/internals/BatchBuilderTest.class
ebd47544df5b729c55bc3056e30586f1ae3b57c3e62feb2fcfa3255b9bbc0b0c	streams/integration-tests/build/classes/java/test/org/apache/kafka/streams/integration/KafkaStreamsTelemetryIntegrationTest$TestConsumerWrapper.class
ebe87fd81ffbc7220f26213aa18aefad67a832d7aa05d70693828b1a3fd2c1f8	clients/build/classes/java/test/org/apache/kafka/clients/admin/internals/DeleteRecordsHandlerTest.class
ebf27bd4c9c77bc45519e1f5b64ac6e94a899e73077a5bbf60ed3035994a5ad3	core/build/classes/scala/test/kafka/server/AbstractFetcherManagerTest$$anon$3.class
ebf7b38679f3d2ea860f239063ead246b120b42682a2b8564746ff04dcfad501	clients/build/classes/java/test/org/apache/kafka/clients/admin/ScramMechanismTest.class
ec0cb5493e0873977f6178e732ca4dab7f63e21c1b93e64b57ed4df700a0321f	streams/build/classes/java/test/org/apache/kafka/streams/state/internals/DualColumnFamilyAccessorTest.class
ec17d07eeab1c9348e04d9ceb9cd106e8cd5bcbabbfbc72673491ee13847167e	tools/build/classes/java/test/org/apache/kafka/tools/LogDirsCommandTest.class
ec285736027c46862a57850992f30306e2a4b2a070010e0022564211e1c6a169	storage/build/classes/java/test/org/apache/kafka/tiered/storage/specs/RemoteDeleteSegmentSpec.class
ec3123e1c6be88ad493d1857c3a4f9a7cd5be0514b2a7967b5a18ac7c8d88bd0	core/build/classes/scala/test/kafka/cluster/AbstractPartitionTest$.class
ec4b76d6f6782e1ff22ac1a681da2a7fd5c382219333d05a995fd56f43afbe93	streams/integration-tests/build/classes/java/test/org/apache/kafka/streams/integration/IQv2StoreIntegrationTest$1.class
ec7df05545bb8f5397947fc69db2f5868ece7f7c644ace913a1a885b8b505f8e	server/build/classes/java/test/org/apache/kafka/server/BrokerRegistrationRequestTest$1.class
ecb189dc902cbed7c8addcf5b2ac98bd5cdfbe8344a882b8bdaf886a1394f854	streams/upgrade-system-tests-38/build/classes/java/test/org/apache/kafka/streams/tests/StreamsUpgradeTest.class
ecbd9a54f92fdac20dac1803a2af5a9be0b53b2e2262b6219f374827a6ef1ea1	metadata/build/classes/java/test/org/apache/kafka/metadata/authorizer/StandardAuthorizerTest.class
ece6e2cf81bfcdc6b22a1baeee2bd000e3cc0b4f5f0c556743eb4862fc87a003	connect/runtime/build/classes/java/test/org/apache/kafka/connect/runtime/WorkerTest$TestSinkTask.class
ed0faf8853907a8d80d9ba7bcea84224a32e26a1a1c2bef8e095e9ece80885bf	streams/upgrade-system-tests-36/build/classes/java/test/org/apache/kafka/streams/tests/StreamsUpgradeTest.class
ed1537566027dacbdea46f32f1e5b22bd52b3ee3162494e67902a988a32798a8	streams/build/classes/java/test/org/apache/kafka/streams/state/internals/MeteredSessionStoreWithHeadersTest.class
ed362b4c7d0722ffe2fe8785200df6565ddb690f1ecdd9a7f902fb11a9146760	connect/basic-auth-extension/build/classes/java/test/org/apache/kafka/connect/rest/basic/auth/extension/BasicAuthSecurityRestExtensionTest.class
ed5e54a366945344b44b6a46aad0ffc2372441b334653dd804535ad8d69ce261	clients/build/classes/java/test/org/apache/kafka/common/utils/Serializer.class
ed6cdc26b37952c29403cb6d75470bb80d42c90cea70ff42052a168aab128e72	clients/build/classes/java/test/org/apache/kafka/common/requests/BrokerRegistrationRequestTest.class
ed93cdbea9f7d0cb98435ac17dba8c9cdbd9899932a2102448cbe4cabe14b84b	streams/build/classes/java/test/org/apache/kafka/streams/kstream/internals/graph/TableSourceNodeTest.class
edd1cc6f7f32ddc8bd27b0a063feed0822c0225e605fcd8ca1f72046d363ca1a	streams/build/classes/java/test/org/apache/kafka/streams/processor/internals/RepartitionOptimizingTest$1.class
edd449d24cfa045485a00f2ac74ea390d07632efac3f314dc8553039b751957e	server/build/classes/java/test/org/apache/kafka/server/metrics/NodeMetricsTest.class
edd4cad52c00dc5155e50532f91d056f3657fce1b2e1b3f34244084403ee84c9	streams/integration-tests/build/classes/java/test/org/apache/kafka/streams/integration/StreamTableJoinTopologyOptimizationIntegrationTest.class
edd61697baf7dd3b3b3ea7d34178136ab9ea2fd7aebf7b2bae1ccedf824be3e9	core/build/classes/scala/test/kafka/server/ServerShutdownTest.class
edf1eb33f4914481ab278a8d653d544a8b02e9ce8be97807161040e86cf009cc	clients/build/classes/java/test/org/apache/kafka/common/security/oauthbearer/internals/secured/HttpJwtRetrieverTest.class
ee01f103f3ce3ae4f35d9dfe65f2c5a0d2d530a63a172ac1409de9fe4fb2515a	clients/build/classes/java/test/org/apache/kafka/common/requests/DeleteTopicsRequestTest.class
ee12420e90827a35b698a87395348f2ed578bf1269d1dc73195744212de448b6	tools/build/classes/java/test/org/apache/kafka/tools/ClusterToolTest.class
ee1eaa6e420716388a023e317cb1f5c68845ac8ffa68f2eb4857872ee2ec9945	streams/examples/build/classes/java/test/org/apache/kafka/streams/examples/wordcount/WordCountTransformerTest$1.class
ee28bb9cd5dda65cef253bf2c30b3bbce992287ca26ad3d1f6639fe87cdfd027	streams/build/classes/java/test/org/apache/kafka/streams/processor/internals/assignment/ClientTagAwareStandbyTaskAssignorTest.class
ee45656e9aaf21b132914ee04c731b3279f55482834e077987baae7353b0c714	streams/build/classes/java/test/org/apache/kafka/streams/state/internals/CachingInMemorySessionStoreTest.class
ee612b4bbab270519beec5fb1c2d567ffee6143492ee1b5e496ba2c229be4aaa	streams/test-utils/build/classes/java/test/org/apache/kafka/streams/TopologyTestDriverTest$TTDTestRecord.class
ee64c29e3313f440fb1fe9ccadee5cb1ed9c886548e369a5ebfc10d711b08a84	streams/build/classes/java/test/org/apache/kafka/streams/processor/internals/GlobalStateManagerImplTest$16.class
ee88fc417957e1bfe8c56355373f95a75e8dfae552e1cc3ba8efdaae785fbb82	streams/build/classes/java/test/org/apache/kafka/streams/processor/internals/KeyValueStoreMaterializerTest$HeadersStoreSupplier.class
eea6d0e79f4ff7516b3d4444c3d737a52328bc4f50cfb614370768becab57d2a	trogdor/build/classes/java/test/org/apache/kafka/trogdor/common/CapturingCommandRunner.class
eeb862603cb57ac8e5b4c716441212a9fce916bd57bc032c797136e92fab7f97	metadata/build/classes/java/test/org/apache/kafka/image/ScramImageTest.class
eec2320589feba821eb578acd7e5f5b1a6b4e35223e14234bb6ca97a57bda730	streams/integration-tests/build/classes/java/test/org/apache/kafka/streams/integration/TaskMetadataIntegrationTest$PauseProcessor.class
eecc7b0527f9ddba0fad48717767846f4db015eb1f8ef9104e388dd06741d691	clients/build/classes/java/test/org/apache/kafka/clients/producer/MockProducerTest$1.class
eed0bc256500e9eedb66a4594dc9df0bd59f28e5ac59be100fb653291e51b6e5	streams/build/classes/java/test/org/apache/kafka/streams/processor/internals/RecordCollectorTest$OldProductionExceptionHandlerImplementation.class
eed791d97156e576f426238e2c87b71f2f1dec6fd386d4c71f1b8c27fa3c4973	connect/mirror/build/classes/java/test/org/apache/kafka/connect/mirror/clients/admin/FakeForwardingAdminWithLocalMetadata.class
eeed75d026c834ea3072e9ff49fb946539418b526a68ee203e9df7cf8b91d70c	core/build/classes/scala/test/kafka/server/QuorumImplementation.class
eef01e0aff705b2154cde74c7e6a549aee3737c8e5480c3f26d6296c79670e6b	streams/build/classes/java/test/org/apache/kafka/streams/kstream/internals/KTableImplTest$1.class
eef0fd39be34adff261006d20c84b2eab6e257c2dc2bd8544761470832941424	streams/integration-tests/build/classes/java/test/org/apache/kafka/streams/integration/IQv2HeadersStoreIntegrationTest$SessionHeadersStoreWriterProcessor.class
ef077d82e2850d40b805679cbaf8095a870481b61cc43c618b8a0578d4cd3853	streams/build/classes/java/test/org/apache/kafka/streams/processor/internals/GlobalProcessorContextImplTest.class
ef17615a6cf84b9f1a720feb4c752844813270c4f0e54f1bef042bf16d887463	clients/build/classes/java/test/org/apache/kafka/clients/NetworkClientTest$1.class
ef1efe67696c76c62b2e9d4819178a83eb6492145973aad9c3b0a8fc18a4f607	streams/build/classes/java/test/org/apache/kafka/streams/processor/internals/metrics/StreamsMetricsImplTest.class
ef22075f2b7a8dc70ae9427787a251775b0aa19b04921d040de4195f7e4d3de7	streams/build/classes/java/test/org/apache/kafka/streams/processor/internals/StreamThreadTest$12.class
ef28e5201f51a66d2077e35236dff5356d148f1d35afb8b674b1c241c2c0eda8	core/build/classes/scala/test/kafka/server/KafkaConfigTest.class
ef2c0f055afff82cce4015194d2deeb590f4b49197ec32f5ef24c7cbb1167920	core/build/classes/scala/test/kafka/api/UserQuotaTest.class
ef42561c04eb61be2e11937a7da810516f3b411c4dd9c116aef3b8a4a6184693	streams/build/classes/java/test/org/apache/kafka/streams/processor/internals/GlobalStateTaskTest.class
ef64e5e18aa862348bfa9dc72df1436f881fb89abf3e607c5c72413011db892c	streams/build/classes/java/test/org/apache/kafka/streams/state/internals/SessionKeySchemaTest$SchemaType.class
ef66426c17346881d1869b327b6c65d0088f57fcdab4519d4a400b3b1a36ce48	metadata/build/classes/java/test/org/apache/kafka/image/MetadataImageTest$1.class
ef6973fa13a7e4fbf6a3cffae6a0ea0b86e3f95b2c4c26c3a4361411f70eab50	group-coordinator/build/classes/java/test/org/apache/kafka/coordinator/group/StreamsGroupTestUtil$StreamsTopicFixture.class
ef8620290fb833e4c05adfb9cc41c5eeed2b3b43695eaceac32abc336503cf19	streams/build/classes/java/test/org/apache/kafka/streams/processor/internals/RecordCollectorTest$OldProductionExceptionHandlerWithRecordContextImplementation.class
efa2bcdaa0536310a39edf75b11fa60c38c956ba00f36acfb9995020678c1429	streams/build/classes/java/test/org/apache/kafka/streams/kstream/internals/foreignkeyjoin/ResponseJoinProcessorSupplierTest.class
efa3525caf7df36591a21e8fbbc55787e7ceca2882252f80562b22adbda6ee1a	core/build/classes/scala/test/kafka/api/SaslMultiMechanismConsumerTest.class
efab2f5809f9d170e119e6652765d80e1fd60c63b5d6041fb285478c87d5054e	metadata/build/classes/java/test/org/apache/kafka/image/loader/MetadataBatchLoaderTest$MockMetadataUpdater.class
efb1a3f7ca9d48ea45f092a099e37d9a72880fce44e2dc6a856cc268709a1e85	server/build/classes/java/test/org/apache/kafka/server/EnvelopeUtilsTest$1.class
efb1ee475c99bf0e8b36e19fa8188b53e2ff38e67a6908136b4265756499c687	streams/integration-tests/build/classes/java/test/org/apache/kafka/streams/integration/PositionRestartIntegrationTest$StoresToTest$5.class
efb26e6b276209353001c64e2a71932413e3f8b239263d723ca3ab7abeab4cb3	clients/build/classes/java/test/org/apache/kafka/common/network/Tls13SelectorTest.class
efdd00da0e195a7acf7c209b4cfbc7c88f4d75a40e70a368f4a565241287c756	connect/transforms/build/classes/java/test/org/apache/kafka/connect/transforms/SetSchemaMetadataTest.class
efec4a12e56992f4a7aed368f8233fc5c2c6312d11c27b55be242917006b731e	storage/build/classes/java/test/org/apache/kafka/tiered/storage/actions/ExpectTopicIdToMatchInRemoteStorageAction.class
eff0771349e9a6950d1fe8da365cd1e23937c2fdb87a4c252ec39a4327191d93	streams/build/classes/java/test/org/apache/kafka/streams/processor/internals/StateDirectoryTest$3.class
effcb6ae8de216c6f56d8d9abd89a161400e7521aa2db5fc0151bfd0836603a3	connect/runtime/build/classes/java/test/org/apache/kafka/connect/converters/IntegerConverterTest.class
effe8273989f092be58c3ab25a3de518d25150d5560d1a3cc92c1bf1f121d853	core/build/classes/scala/test/kafka/api/GroupEndToEndAuthorizationTest.class
f005b7de297949127e2ab70470fd248b7cdf0e892d14acb74ce4447ddbeb7685	streams/integration-tests/build/classes/java/test/org/apache/kafka/streams/integration/StreamTableJoinIntegrationTest.class
f00a7f09640676548f9ad4298668fe2cd773ca5e6738511f7d4f6bbd7c17d147	streams/build/classes/java/test/org/apache/kafka/streams/kstream/internals/KStreamKStreamLeftJoinTest.class
f00cdb2845de78ca8ebafee53fd1a6a52236c0d81ad0b297cf620951d68fba9c	streams/build/classes/java/test/org/apache/kafka/streams/state/internals/TimestampedKeyAndJoinSideSerializerTest.class
f01258631ae8460eb7e436fbd1d0197fbc54163874a2e4f8f8018e9981c05351	connect/mirror/build/classes/java/test/org/apache/kafka/connect/mirror/integration/MirrorConnectorsIntegrationSSLTest.class
f029d628cd12328057796957e641837dfb599bf128e34d0bb54df67337940c3a	connect/transforms/build/classes/java/test/org/apache/kafka/connect/transforms/HoistFieldTest.class
f05dff08bd415f76716eace5f01521d87580880e7a81f64c7d6b97f3b70d0c3e	connect/runtime/build/classes/java/test/org/apache/kafka/connect/runtime/isolation/MultiVersionTest.class
f06695bcc0178b4b7e0249ab85418fb5c4632c84c1ca3353332d250262f9357f	streams/build/classes/java/test/org/apache/kafka/streams/processor/internals/StoreChangelogReaderTest$12.class
f07a1909a1bfac8ab16215fd63253a7e9ac297ec5ad22bdca2004ffa08e86237	clients/build/classes/java/test/org/apache/kafka/clients/admin/internals/DescribeProducersHandlerTest.class
f09c2078460c948e820fcc0836aab013779a8a6e55ae3da741936ef1440c6844	clients/build/classes/java/test/org/apache/kafka/common/metrics/MetricsTest$SensorCreator.class
f0c5fc81f66b335d2d2b10bf525e9567c179910c8fb8c40f289519d4921ca088	storage/build/classes/java/test/org/apache/kafka/storage/internals/log/RemoteIndexCacheTest$1.class
f0d3e5adc16c3d0b08570ff5e2f2b9d5a8ac9280589dd8d1f108f279dbe20487	clients/build/classes/java/test/org/apache/kafka/clients/producer/internals/ChunkedByteBufferOutputStreamTest.class
f0e02a73d7c766492614614b106633ed46e1a9d432a4a9e9869add36ad3e17bd	tools/build/classes/java/test/org/apache/kafka/tools/ConfigCommandTest.class
f12484a9ec164631b84aa676dd4db615e919c942fb36b3e1ed7a8645b5de88e2	clients/build/classes/java/test/org/apache/kafka/clients/consumer/internals/ShareConsumeRequestManagerTest$TestableNetworkClientDelegate.class
f13588dd2f35b2c074515050136841e5eab22d2e657647fcf0c62abcda61eead	streams/build/classes/java/test/org/apache/kafka/streams/kstream/internals/KTableKTableForeignKeyJoinScenarioTest$2.class
f13cfdc62449bf8295da75e98456eda2d478a4021ad3c033d8d50f529152cedb	core/build/classes/scala/test/kafka/server/epoch/LeaderEpochIntegrationTest$TestFetcherThread.class
f15e6e522d7fcf3bc10c1306f7e4cfa6c7c2e6ea4d613f7b894fc08dc2159545	streams/integration-tests/build/classes/java/test/org/apache/kafka/streams/integration/HeadersStoreUpgradeIntegrationTest$TimestampedWindowedWithHeadersProcessor.class
f19600248e05aacc270f31643589b095b29c24b60a72ee9e7717e31cc185e51a	generator/build/classes/java/test/org/apache/kafka/message/checker/CheckerUtilsTest.class
f1a6294d46c98a8d7ae8f5f6b4aadcd1b7720bd25ef186b46774a647c7acd3ae	streams/upgrade-system-tests-43/build/classes/java/test/org/apache/kafka/streams/tests/StreamsUpgradeTest.class
f1a91d4afe42cb66c1da13e0dead30dc4ae334128846de8da9dedb71f3e93a40	core/build/classes/scala/test/kafka/server/LocalLeaderEndPointTest$CallbackResult.class
f1d194795ced1b7a72f766603b36a7274202e09b9af65210717e4c22b905946e	streams/build/classes/java/test/org/apache/kafka/test/MockApiFixedKeyProcessor.class
f1dae4810b0250ebc0c2270732a43d44a54c7f5d488eab020ea48a13e1e0a892	connect/runtime/build/classes/java/test/org/apache/kafka/connect/util/RetryUtilTest.class
f1efbac471409415f6f4657d9890173889a802954d186c4155b02a235109f7f4	server/build/classes/java/test/org/apache/kafka/server/config/MinInSyncReplicasConfigTest.class
f1f4b92e7a52cf97c92a9d4b4fc81792b44c08f78326fe0cbc7dfc5fec01a8ab	connect/runtime/build/classes/java/test/org/apache/kafka/connect/runtime/SourceTaskOffsetCommitterTest.class
f1fc1c0272a826c19541ed6de542549f6e397978b7639924734340637f57dfe8	clients/build/classes/java/test/org/apache/kafka/common/security/oauthbearer/JwtValidatorTest.class
f20f06d89e2d5aa2f343874a6baf73adf22990557a5a19464d835a65f217c53d	streams/test-utils/build/classes/java/test/org/apache/kafka/streams/test/MockProcessorContextAPITest$6.class
f21ac227f7ef8411a9102b6a0c80343fe09421c8daeb5fd85d2728787591166b	clients/build/classes/java/test/org/apache/kafka/clients/consumer/ConsumerRebalanceListenerTest$11.class
f21d0b70b2fc452995127795b7bfd176929bf42ba635dc9fbcbf62d18d75492b	raft/build/classes/java/test/org/apache/kafka/raft/RaftEventSimulationTest$Event.class
f22ebd45bc3b791ee42d756c0dde2eacb5a72fba96eee948fa6fee416ecfeab5	core/build/classes/scala/test/kafka/docker/KafkaDockerWrapperTest.class
f247c7a165443d298fc9f234f13d059167927c9768654d75b48fc9983858cb9c	core/build/classes/scala/test/kafka/coordinator/AbstractCoordinatorConcurrencyTest$RandomOperationSequence.class
f267026919de6416616e4ab1bb772c4e155559fd58859eaadcc841211b925a22	streams/build/classes/java/test/org/apache/kafka/streams/state/internals/TimestampedKeyValueStoreWithHeadersSerializerSideEffectTest$StoreProcessor.class
f26d16b9e4412cb279de069e7e37563eeb7dd2eab1f3eece5b5a7852fc0a61a6	clients/build/classes/java/test/org/apache/kafka/common/protocol/DataOutputStreamWritableTest.class
f2717f1f4d57c69e015e4bb3ee60759c45e0a27036ee0eb43ca1771b9f747b98	clients/clients-integration-tests/build/classes/java/test/org/apache/kafka/clients/admin/DynamicGroupConfigIntegrationTest.class
f28ba35518c677e779308303f991dbe4a78842b4ec1391065da40f7579b3c3c7	clients/build/classes/java/test/org/apache/kafka/common/security/auth/KafkaPrincipalTest.class
f2910f82db82c6b2d8388492da580fc31255ed82abb68a76166bc7d93225c91c	core/build/classes/scala/test/kafka/api/BaseConsumerTest$TestClusterResourceListenerDeserializer.class
f294aa35dd2620cf5b3f0dc08cdd066dceaa6353ac08580b69f53e3deb3b8de7	group-coordinator/build/classes/java/test/org/apache/kafka/coordinator/group/modern/consumer/ResolvedRegularExpressionTest.class
f2a7e3137d54a6d9b039b3536956da6e965239c7c8f9e6617a7c42ad05bd99bd	streams/build/classes/java/test/org/apache/kafka/streams/kstream/SessionWindowedSerializerTest.class
f2d7f7aaf5fc30e24e90c1d949e94f72f8211c7150bc702da85cc9f897663b8e	streams/upgrade-system-tests-40/build/classes/java/test/org/apache/kafka/streams/tests/StreamsUpgradeTest.class
f2e8f4f9b46aceccce7324e8e3d8a87197831ffaa43da99149a9a36dab01c5ff	raft/build/classes/java/test/org/apache/kafka/raft/ElectionStateTest.class
f2f28842a6825e07751cbe7ea94b85e8de0b08b29d73fd199d1d59d3bef631a3	clients/build/classes/java/test/org/apache/kafka/clients/FetchSessionHandlerTest$ReqEntry.class
f31afc817e4967c16d032cbbffc6cd17a50ead1591f9e5113ac7659887570c6e	clients/build/classes/java/test/org/apache/kafka/clients/producer/MockProducerTest$8.class
f323b5973577b223379468f0e359d27413fdb552189af63be41fe4281b15d216	streams/build/classes/java/test/org/apache/kafka/streams/state/internals/RocksDBTimeOrderedWindowSchemaWithIndexSegmentedBytesStoreTest.class
f34228aa7f1b0a62cc89cb1aa280142d34b21bfb8b578d50ee8f2d78821fb86c	clients/build/classes/java/test/org/apache/kafka/clients/consumer/internals/ShareAcknowledgementModeTest.class
f346a4cd2b3d893f44fc0958161c0b1fdb94d6fa006e5462c2953f3af331cab8	connect/runtime/build/classes/java/test/org/apache/kafka/connect/integration/ExampleConnectIntegrationTest.class
f37389b24c828365a0cf6b64c749c4bb8821eedc879a787f54196335505b0cf3	streams/build/classes/java/test/org/apache/kafka/streams/processor/internals/tasks/DefaultTaskManagerTest.class
f38db9665120bfc0e0040dcbb9947802780de15a29ef0d59ecc894a366f49817	streams/build/classes/java/test/org/apache/kafka/streams/processor/internals/StreamThreadTotalBlockedTimeTest$MetricsBuilder.class
f397c40991659d2a795bef43948dfc5e58efef24f341eef8deaa917b4b5b9b16	connect/file/build/classes/java/test/org/apache/kafka/connect/file/FileStreamSourceConnectorTest.class
f39cb3174617c5ea5c5db0348ca210773bf0f6707291914044ecb1e85d8bc7ea	metadata/build/classes/java/test/org/apache/kafka/controller/ClusterControlManagerTest$1.class
f3d171eaf495456436cd4e2e0be07e3cab458468dbae099e6a0e18a449920196	streams/build/classes/java/test/org/apache/kafka/streams/state/internals/RocksDbIndexedTimeOrderedWindowBytesStoreSupplierTest.class
f3db447687d966045f1fd291e68da2d103a417388f439294c5a8d686efaf7b49	clients/clients-integration-tests/build/classes/java/test/org/apache/kafka/clients/consumer/PlaintextConsumerFetchTest.class
f3f86ec81d5a1202947e651b109ffd654af8792e8f7b40edcc1f28882865d5bf	streams/build/classes/java/test/org/apache/kafka/streams/state/internals/WindowKeySchemaTest.class
f40ef85d70adadd9d6785a851fd00dbe12607a8cece43f5b41d1d6d67f46ef13	connect/runtime/build/classes/java/test/org/apache/kafka/connect/integration/ExactlyOnceSourceIntegrationTest$NaughtyConnector.class
f411888e6e5cc1e0da20340ace3d51926a7396ba625f91a7746d610df92b6a73	raft/build/classes/java/test/org/apache/kafka/raft/ProspectiveStateTest.class
f41e62f3f5e1c12f25cab9d5c6450a3255defc84600ee98d3504070514410af7	clients/build/classes/java/test/org/apache/kafka/clients/admin/ListGroupsOptionsTest.class
f4228c0a6a7c747a812e934cbea3f1bc355d2fd331bf2c1da5a65acfd131d045	streams/test-utils/build/classes/java/test/org/apache/kafka/streams/MockProcessorContextTest$1.class
f42e177e8b7b3164f3f591c13c31b22d1f9bc3a5bcf1feaaee8075776313426b	clients/build/classes/java/test/org/apache/kafka/common/security/oauthbearer/internals/expiring/ExpiringCredentialRefreshingLoginTest$MockScheduler.class
f4443a59b65bd69a2d1396b2cb08bc62937356c3de3e28d0197073491db5fa0d	streams/integration-tests/build/classes/java/test/org/apache/kafka/streams/integration/PositionRestartIntegrationTest$3.class
f44884ecfd9f7f0c3dba8bd372ccb2ad3fced423c94022b69f3495f2e8781cc1	streams/build/classes/java/test/org/apache/kafka/streams/processor/internals/StreamTaskTest$12.class
f44acdc73e6f6e1a848cc8868baa5e187e232fdc96c77d5deb00f3c1ee715827	coordinator-common/build/classes/java/test/org/apache/kafka/coordinator/common/runtime/MultiThreadedEventProcessorTest$DelayEventAccumulator.class
f458b8b1f9f367f3575d9ec79aeb19ad095a93a8b5214d18f79519156211ee20	streams/integration-tests/build/classes/java/test/org/apache/kafka/streams/integration/IQv2HeadersStoreIntegrationTest$SessionPlainStoreWriterProcessor.class
f46c1f5c19e7dae8d41d11432c217df6a8ceb523133b74bde4701fd0437599ec	tools/build/classes/java/test/org/apache/kafka/tools/consumer/group/ConsumerGroupCommandAuthorizationTest$PrincipalBuilder.class
f473a68f3aee4487120263cf3df6e68263c8553cff42b464989d9e3d0a297496	streams/build/classes/java/test/org/apache/kafka/streams/state/internals/BlockBasedTableConfigWithAccessibleCacheTest.class
f47b159b0916433617076d6747fc5922d14ddf8cb37faf33c12752c9e77e76cd	streams/build/classes/java/test/org/apache/kafka/streams/processor/internals/assignment/KafkaStreamsStateTest.class
f48bb2e448daf02ada0381737f04ad922f0ac40cd2b0e3a0265f96c3a51f886c	streams/build/classes/java/test/org/apache/kafka/streams/state/internals/TimestampedToHeadersWindowStoreAdapterTest.class
f4ab84912e9df41ef98ce9c1c2e9cdaff0263972f97ebf53e13772237f7f2942	connect/runtime/build/classes/java/test/org/apache/kafka/connect/runtime/AbstractHerderTest$TestClientConfigOverridePolicy.class
f4ae4f5ec97a51e368b94d6a5aedb8ef585db5ecf39e4667c5079374304524eb	clients/build/classes/java/test/org/apache/kafka/common/message/NullableStructMessageData$MyStruct.class
f4b93af9007534fdd8c6247f9a51cf58edd87e8491263bcc71817e79e592dee4	clients/build/classes/java/test/org/apache/kafka/common/security/ssl/mock/TestPlainSaslServerProvider.class
f4d7d26bbc36e45d1447c086de61fc7f9a825d15b7f8a712fde98e7b1ce457b1	metadata/build/classes/java/test/org/apache/kafka/metadata/placement/TopicAssignmentTest.class
f4e8c842bef14b18ce26bb7bfc32b51213b8e4ea8abb4ca0a5a4dacd1e32a69d	connect/runtime/build/classes/java/test/org/apache/kafka/connect/runtime/rest/RestClientTest$1.class
f4eafa9149f5eb5b7ada17a1f21a58cbe83de5a83f0d5bf08aec73f820562cd8	raft/build/classes/java/test/org/apache/kafka/raft/DynamicVoterTest.class
f4f7b4c6ce431b3be799564c6b33457b415c8a7273001927f3babe09c5d29c41	storage/build/classes/java/test/org/apache/kafka/server/log/remote/storage/RemoteLogManagerTest$1.class
f50244a0d40e5f3a0e85c6bbdd0fc06da16fc87f32a4227a603402ec768d4fec	server/build/classes/java/test/org/apache/kafka/server/purgatory/DelayedFutureTest.class
f51abbe027911faf8f0b4a5c7aa2aeea785dedeca7d826620d902dfcf61e6315	connect/runtime/build/classes/java/test/org/apache/kafka/connect/util/KafkaBasedLogTest$1.class
f51e2158dc597746986d6a02301797edcbc4b1d198e909b4bc818763f3f273f7	raft/build/classes/java/test/org/apache/kafka/raft/RaftEventSimulationTest$LeaderNeverLoadSnapshot.class
f52aebcaddd66de6327f1b2222da89610836f7a707d6c3c4cc7d6630b8475c40	core/build/classes/scala/test/kafka/server/AlterCredentialsTest.class
f52d46a9873ffecea9dc2daeac04f369f76c785cbc164372ce29bf78d690af8e	storage/build/classes/java/test/org/apache/kafka/tiered/storage/actions/ExpectListOffsetsAction.class
f53f1f978e749626197b7c8a7d0aea40a7d0761cb95f1478ce8b00000d7e0e71	server-common/build/classes/java/test/org/apache/kafka/timeline/TimelineIntegerTest.class
f54eb7d6bd6e138edaa5897aed638c40d976f17d65e72add51b88ceb3e554247	streams/build/classes/java/test/org/apache/kafka/streams/state/internals/TimestampedKeyValueStoreWithHeadersSerializerSideEffectTest.class
f563f23311b21f22b9b9856a4f2572a0fabcd808d5d9f7ab78dc451ac04e67a0	clients/build/classes/java/test/org/apache/kafka/common/requests/DeleteGroupsRequestTest.class
f5653e88db5da4bdc0d1e835b3b4d32f5e0659d1fc429e1a695d500607456785	server/build/classes/java/test/org/apache/kafka/server/BrokerRegistrationRequestTest$ChannelEnv.class
f584b0e68ad581b8cc4022422186af0d7cf7dd1a3096cf324656801157703a5e	core/build/classes/scala/test/kafka/server/metadata/ClientQuotaMetadataManagerTest$$anon$2.class
f587bbed86db4a3299b4d28bf7c6c839153f19cf980d302fae24a245fc7d547a	connect/api/build/classes/java/test/org/apache/kafka/connect/header/ConnectHeaderTest.class
f589b841abe06bd80660b791efef4ce74b4923098f6fbfd0e2a5adc659db601d	streams/build/classes/java/test/org/apache/kafka/streams/processor/internals/RepartitionTopicConfigTest.class
f59e3e8b4e8867d7509325928859aef2cdd856ee06ed7c62f38d250756d08e66	metadata/build/classes/java/test/org/apache/kafka/metadata/storage/ScramParserTest.class
f5b854cbe254fbd232cb4e7abb7f6a85c1960fb52ff248cfb1e64bbc1e496c49	streams/integration-tests/build/classes/java/test/org/apache/kafka/streams/integration/KafkaStreamsTelemetryIntegrationTest$1.class
f5cdff45565b9d22a59d25bbf820edfaab9b9a9c9c14836d2649386269f157b0	core/build/classes/scala/test/kafka/utils/TestUtils$.class
f5d1c61f86cef675677e965c9b98526106e0c0f7e79ac1e7660e23a001930c63	raft/build/classes/java/test/org/apache/kafka/raft/RaftEventSimulationTest$EventScheduler.class
f5f94cd9d9f7894f1cfc3a5fa2876d2e572648f1f49a8294cee9f2d8e9a29cb7	server/build/classes/java/test/org/apache/kafka/server/logger/LoggingControllerTest.class
f614a7cd316d573040dee31d357ecb83bf9d852ee2ce40d0209459c8b9969402	clients/build/classes/java/test/org/apache/kafka/clients/consumer/internals/AbstractCoordinatorTest$2.class
f61b684adc361898e3fd72b65b2cdc8384d20e85796152b9676b4e0f385774f2	metadata/build/classes/java/test/org/apache/kafka/metadata/authorizer/StandardAclWithIdTest.class
f61f5da95bb041b995e006e1d5ed1c67fb4aa4dc6110c53ac126323b67a18896	raft/build/classes/java/test/org/apache/kafka/raft/RaftEventSimulationTest$SeedVotersObservers.class
f634f2043097e428d0428ff749e339724c2ea6bd1eca8fe867558d514a9b3970	clients/build/classes/java/test/org/apache/kafka/common/record/internal/ByteBufferLogInputStreamTest.class
f644b85eb6011a1c8f40e5f39789b03e5fbf873876f5be96866f6419230e4d39	streams/streams-scala/build/classes/scala/test/org/apache/kafka/streams/scala/StreamToTableJoinTest.class
f645f9e0c0778a797cac701499e3fc8fcae6f0206031f4951815f0023f45ee2b	raft/build/classes/java/test/org/apache/kafka/raft/RaftEventSimulationTest$MajorityReachedHighWatermark.class
f6516f7bf6dcf2803c67b80d5f9b939d2009ea27132aab548519de7548884be3	streams/integration-tests/build/classes/java/test/org/apache/kafka/streams/integration/GlobalThreadShutDownOrderTest.class
f67a8b06966d11134cef9fc3b8493537479d3b75963f8f6c661ca00fd811f906	core/build/classes/scala/test/kafka/server/TestNumReplicaFetcherMetricsReporter.class
f6843b878c5cba39a7394461855ca6e3f7d0f6debc30f86520e58439077c20f8	streams/build/classes/java/test/org/apache/kafka/streams/processor/internals/ProcessorStateManagerTest$7.class
f695610bea79c7310c175a9a571fcaffce968d7e39b4d7aa609f23408d18bc30	streams/build/classes/java/test/org/apache/kafka/streams/processor/internals/StreamsMetadataStateTest$MultiValuedPartitioner.class
f6b549fb4ea9e9cc116d29c0e22e81ed644d643a9eb1ad2356c5bad4e2b73711	streams/upgrade-system-tests-21/build/classes/java/test/org/apache/kafka/streams/tests/StreamsUpgradeTest.class
f6e9e1bda0e7b8204986868a0799641002d4118f9ed2b469e6cb1872bbe5c79b	streams/build/classes/java/test/org/apache/kafka/test/NoOpValueTransformerWithKeySupplier$1.class
f706a6bc8619c8d5cf2cb56b367b96c2c561735231b214974cb9524b47b011da	storage/build/classes/java/test/org/apache/kafka/storage/internals/log/LogConcurrencyTest.class
f70afb45cad2d94a0a0fc79d692aa6c794295cf188922a3d7ae58b461ad62065	streams/integration-tests/build/classes/java/test/org/apache/kafka/streams/integration/SessionsStoreWithHeadersTest.class
f713d6c8ac86b1c9287009f127803fb521779de5c63c78e7751347fef4266165	clients/build/classes/java/test/org/apache/kafka/clients/consumer/internals/NetworkClientDelegateTest.class
f718af9d501067ea601bd9e6be54f3ce4e13fbc40323f5a8e3ac3811abdd375a	clients/build/classes/java/test/org/apache/kafka/clients/consumer/internals/ConsumerInterceptorsTest$FilterConsumerInterceptor.class
f71e03759b7ea0c0c75d2c68b17545d23624dbfafd814ef354bae82ecea33dc4	streams/test-utils/build/classes/java/test/org/apache/kafka/streams/TopologyTestDriverTest$MockPunctuator.class
f7280b01188b083a41b4ea2af34006e89e9acffbd8a344f8e23d1ef18c661378	coordinator-common/build/classes/java/test/org/apache/kafka/coordinator/common/runtime/MultiThreadedEventProcessorTest$FutureEvent.class
f74cdb1f881695b0d756016277aa0a6b524705a53cdfb481260e307347b0b02f	server-common/build/classes/java/test/org/apache/kafka/server/util/ShutdownableThreadTest.class
f74edf0f0fbe74556e19f4229fe48999a0e740116bff353823a0166fc25500e1	streams/build/classes/java/test/org/apache/kafka/streams/state/internals/AbstractDualSchemaRocksDBSegmentedBytesStoreTest$SchemaType.class
f7516628431546df797b8a35178125f22a3b590eef201476327f85653bb2a038	storage/build/classes/java/test/org/apache/kafka/server/log/remote/metadata/storage/TopicBasedRemoteLogMetadataManagerMultipleSubscriptionsTest.class
f75cbd812bd29d73974ca21d96a2bd15e9bec7a43e0763ed7082575915534dd1	streams/build/classes/java/test/org/apache/kafka/streams/state/internals/CompositeReadOnlySessionStoreTest.class
f79efc97a792e288d1609ecfe58decdaaa59eb01a97f3a5fd928155981ef680c	streams/build/classes/java/test/org/apache/kafka/streams/processor/internals/ProcessorTopologyTest$StatefulProcessor.class
f7babf27a8211881b3a4e167e4dd2ff393ef30f939957a415a127eaa2fa15371	metadata/build/classes/java/test/org/apache/kafka/image/node/printer/MetadataNodeRedactionCriteriaTest.class
f7c620801169d47b49a2aa12204ce927b51c0d2ab60c57c559473b171b92b456	streams/build/classes/java/test/org/apache/kafka/streams/state/internals/UtilsTest.class
f7d3b0382eeee59fb20267c1847d071defe5ac1069eca3da744ba51b9dd05e4f	streams/build/classes/java/test/org/apache/kafka/streams/processor/internals/StoreChangelogReaderTest$7.class
f7e65daaf61f87d48081ec58207c32450feba4b151f6afcd74331e66c2960917	server/build/classes/java/test/org/apache/kafka/api/EndToEndClusterIdTest.class
f7fba3abb2083898cf81a8ed196b6f83bf69663d5975668e13d727455048485f	streams/build/classes/java/test/org/apache/kafka/streams/state/internals/RocksDBTimestampedStoreTest.class
f7fc08c502b4eec053717dbe7cb89be80af25a0161bc57a08de63b360bacde1b	core/build/classes/scala/test/kafka/network/SocketServerTest$TestableSelector$CompletedReceivesPollData.class
f7fda13d8905fbfb38d4e473d1f8bbf632338749d99802a23e113769e1c2c45b	streams/build/classes/java/test/org/apache/kafka/streams/state/internals/ReadOnlyWindowStoreStub$4.class
f84641239da1f28a62bc994628d72338a36eaf000b007d8aaa086801a3f73375	core/build/classes/scala/test/kafka/server/ShareFetchAcknowledgeRequestTest.class
f86eceb8c3bccb439c6b08bda93aad1137866eb159649daa7a927cd8947fca32	connect/runtime/build/classes/java/test/org/apache/kafka/connect/converters/BooleanConverterTest.class
f87e8bda86e66dacd6035b95f26b611f4e3731ffeff26af3fc9396e051644545	streams/integration-tests/build/classes/java/test/org/apache/kafka/streams/integration/IQv2StoreIntegrationTest$StoresToTest$12.class
f8865dc7d79762bb7c787c33edcd3c40c03d9a10c27ddb39871c9a3a753c3a7f	core/build/classes/scala/test/kafka/server/ReplicaFetcherThreadTest.class
f8a63de7027d506365f8d47fae1f796529ee9c630310053684c0f38706ab73b4	tools/build/classes/java/test/org/apache/kafka/tools/ConsumerPerformanceTest.class
f8ab4b326b72f0af281a8ea45d367c207661a817a212bea77b6cf426354eefae	storage/build/classes/java/test/org/apache/kafka/tiered/storage/integration/DisableRemoteLogOnTopicTest.class
f8d025aae765bdf8e6cf6fc54ccdb7312548f70585a40a30a8e2aaaa3361492f	streams/integration-tests/build/classes/java/test/org/apache/kafka/streams/integration/IQv2HeadersStoreIntegrationTest$SessionMergingHeadersStoreWriterProcessor.class
f8db536aa89dc66b35d43b729e0b300b462bac6fe9dbca541222db229f63b30b	core/build/classes/scala/test/kafka/api/SaslPlainSslEndToEndAuthorizationTest$Credentials$.class
f8df4e9d224bf58b20afb19dc9304885f37fb0dcd832db01c909b41c47164620	storage/build/classes/java/test/org/apache/kafka/tiered/storage/integration/FetchFromLeaderWithCorruptedCheckpointTest.class
f8dfb61e34d8dd3de1a8097a94b746c96b61a1b3a22821b85f7a7ff2edf52769	clients/build/classes/java/test/org/apache/kafka/clients/consumer/internals/SubscriptionStateTest$3.class
f8e80166b62277d7c1889dcd62928c60fc57046df5adc0ac1c274f2a85cd3e2e	streams/build/classes/java/test/org/apache/kafka/streams/state/internals/RocksDBVersionedStoreSegmentValueFormatterTest$TestCase.class
f90e0a985af756ea7f1de59f79f3d50061d0fd2d86e65531d86285f46e58ee33	core/build/classes/scala/test/kafka/server/DelegationTokenRequestsOnPlainTextTest.class
f9120c36698c67041bccb3aab2f4d34e95d0263a8d1fbc3541f2d46615b99ce6	clients/build/classes/java/test/org/apache/kafka/clients/MetadataTest$3.class
f9175aff1889d87c1852609fd6012a3ea3e5dff8d8ff6d74867ab3aee44fc1a9	connect/mirror/build/classes/java/test/org/apache/kafka/connect/mirror/MirrorMetricsTest.class
f91a8ed1c3da18d43bfef2c7cdd239c135ff67fec38f0df98ef6e56649df078f	clients/build/classes/java/test/org/apache/kafka/common/telemetry/internals/ClientTelemetryUtilsTest.class
f9351b076bba7dd183de9efa920bb4817cb4686fe8a2fe50256e56650574c6b3	connect/runtime/build/classes/java/test/org/apache/kafka/connect/runtime/isolation/PluginsTest$TestHeaderConverter.class
f9524e05657a5431d55e7df468b4d36be5a6c8a3b8e69f45bb6b360347870590	raft/build/classes/java/test/org/apache/kafka/raft/KafkaNetworkChannelTest$SendRequestResult.class
f9779aaeb84c25363ac50a4a312249534e285c395642d0993d8cbe2b1f50614f	group-coordinator/build/classes/java/test/org/apache/kafka/coordinator/group/ShareGroupAutoOffsetResetStrategyTest.class
f98530cc04cacd354fa986be784c2bcbf555af2bfb7e514d9f3b86c86b1e64ab	core/build/classes/scala/test/kafka/server/AbstractFetcherThreadTest$$anon$6.class
f989224365c7ef988dc1fbce2d38880faf643212a41f630c89902a1840ad3323	trogdor/build/classes/java/test/org/apache/kafka/trogdor/task/SampleTaskSpec.class
f995f86ebcfcb6310cb58e885da0ed23a80ced7554170d690238aec561426cb5	connect/runtime/build/classes/java/test/org/apache/kafka/connect/integration/TestableSinkConnector$TestableSinkTask.class
f9a4e6a3bb6c034470ef36d15a33b2c138d54c02ac7ca4c4af9fba99ac51a4fb	streams/build/classes/java/test/org/apache/kafka/streams/state/internals/RocksDBVersionedStoreTest.class
f9adb02c3132c169494b1e67a4deae8dd69e826da134444d7c9e5e0a911eab7d	storage/build/classes/java/test/org/apache/kafka/server/log/remote/storage/RemoteLogManagerTest$15.class
f9b06bc396cdc4ece5a444bcd128aa7c8eb43a46aa57390df203a372be29c42b	streams/integration-tests/build/classes/java/test/org/apache/kafka/streams/integration/IQv2IsolationLevelIntegrationTest$WriteStep.class
fa0354bb16577feceb78ae9845c300c146cfb12a51eaeaee3fee2d49d54d379c	metadata/build/classes/java/test/org/apache/kafka/controller/BrokerToElrsTest.class
fa0cc7df5fe3de2e6983525dac8afb80ad94abd49d9136efdd991464f62649fc	core/build/classes/scala/test/kafka/api/PlaintextAdminIntegrationTest$BackgroundConsumerSet.class
fa12b65ef29bcafdd47e8fb5a9837d26653fb738f74124603ca4e475e0005706	streams/integration-tests/build/classes/java/test/org/apache/kafka/streams/integration/IQv2StoreIntegrationTest$StoresToTest$1.class
fa18f2a59cbcb8da738b7f087e9b8418ebabd4c4425afa0b167b335ffbed8643	storage/build/classes/java/test/org/apache/kafka/server/log/remote/storage/RemoteLogMetadataManagerTest.class
fa23e79a9bb6223ec4d9d091ac2f77dbc558e68911f34edc0425c1d318eab081	raft/build/classes/java/test/org/apache/kafka/raft/RaftEventSimulationTest$SequentialAppendAction.class
fa427cc60840bd59305e597885b2f17479fad6535556f3a64d22f1a9d586244f	streams/build/classes/java/test/org/apache/kafka/test/StateStoreProviderStub.class
fa4aa1607605924e9df733402e5247855274a035fe7174582fac1932d69492b3	group-coordinator/build/classes/java/test/org/apache/kafka/coordinator/group/streams/topics/ConfiguredTopologyTest.class
fa4d72cca4e4aa4e6aaecfd08c9e89b858fd87dbbb6d1187bd9ab8e0f2fb5da0	core/build/classes/scala/test/kafka/network/SocketServerTest$SelectorOperation$Register$.class
fa68118c6dbba8be30500bc1286594d62e5d012717f1f97ee47fd9ed07984293	coordinator-common/build/classes/java/test/org/apache/kafka/coordinator/common/runtime/CoordinatorExecutorImplTest.class
fa89a90624e785a93b374f88601505f68d95b88b67ae222d48827ff462adf657	core/build/classes/scala/test/kafka/network/ConnectionQuotasTest$ListenerDesc.class
fa8bc4156129fe1ddc8a78804a48cc8b91866a3a3c5fb46ef23de2779652567d	clients/build/classes/java/test/org/apache/kafka/common/network/SslTransportTls12Tls13Test.class
fa8c97512fd4e8b7ea4c33800e456313a9c07768edf75ec866b0ad9f76afedaf	clients/build/classes/java/test/org/apache/kafka/common/message/ApiMessageTypeTest.class
faa9eaa643faf055809202dfe5cc0019b13607f3acb8685e7a7fa5fbe58419d2	streams/build/classes/java/test/org/apache/kafka/streams/state/internals/RocksDBStoreCloseLeakTest.class
faaed364171c36f9a9c5078be4cd9be1d68218144c649d28e737269c67785592	connect/runtime/build/classes/java/test/org/apache/kafka/connect/runtime/isolation/SynchronizationTest$1.class
fab0862a40bb29cfede17f1cf0200b58c4e752f4de1537fa70c9a6cdca1e43d3	streams/build/classes/java/test/org/apache/kafka/streams/kstream/internals/graph/GraphGraceSearchUtilTest$7.class
fab0fc2818946aacf661dff66d606fc2114782e862397580730c5069a7d1d4f5	clients/build/classes/java/test/org/apache/kafka/common/security/oauthbearer/internals/secured/VerificationKeyResolverFactoryTest.class
fabce6b4a9b7b06fa07271adbb07468ff1411de6ea6a24c752668ebe8e283343	clients/build/classes/java/test/org/apache/kafka/common/serialization/ListSerializerTest.class
fad49b2f4380945e32809121574b6b644563faebbb702ecc6d8310e356df0458	connect/mirror/build/classes/java/test/org/apache/kafka/connect/mirror/MirrorLegacyMetricsTest$TestReporter.class
fad51dc8a3bd1f02835c69e04cb9ccd53de8e4afa722aed17229112e35a1aa01	clients/build/classes/java/test/org/apache/kafka/common/network/SslSender$NaiveTrustManager.class
fada736446724c9ddfd211133109d53c5d072a41aaa3022e7d0aee704808cc24	core/build/classes/scala/test/kafka/server/metadata/ClientQuotaMetadataManagerTest$$anon$3.class
fadf7dd1097e5d5ec25829b3310442885dbba8932347dc2b44336dfdc71ca4a2	clients/build/classes/java/test/org/apache/kafka/common/security/oauthbearer/internals/unsecured/OAuthBearerValidationUtilsTest.class
fadfbd4acc000a7da1cdd3b6304dc1e432aea024333191a042baeb1e15e1249e	streams/build/classes/java/test/org/apache/kafka/streams/kstream/internals/foreignkeyjoin/SubscriptionSendProcessorSupplierTest$LeftValueSerializer.class
faf8daccb36576c6fa41e3dd8caf2f31cf870082ed8ba8ebf8a10f09f1fd156d	streams/build/classes/java/test/org/apache/kafka/streams/processor/internals/StreamTaskTest$7.class
fb028bf761289345ba9fd52b5c14090f879eb479d95164e4b12565dba59e87a7	core/build/classes/scala/test/kafka/server/PartitionState$.class
fb127b96b8e14bb1323360dfd36c9ec9b49420409a74fdab1412e77535dcf70d	clients/build/classes/java/test/org/apache/kafka/clients/producer/internals/ProducerMetadataTest.class
fb1da96084bdf71cc209bd0c76a79d1178b34f26516cc4a54ea6dfbe1177280a	streams/build/classes/java/test/org/apache/kafka/streams/tests/RelationalSmokeTest$AugmentedArticle$AugmentedArticleSerde.class
fb2fa3f8733f9affde9c103895f99e9f0f3165e5c4767092ce2e26068cdf0e1f	streams/build/classes/java/test/org/apache/kafka/streams/state/internals/MergedSortedCacheKeyValueBytesStoreIteratorTest.class
fb456bda130c58ac687150b990e449ffe60361240b9cc8949ce4d93b5fb296bb	trogdor/build/classes/java/test/org/apache/kafka/trogdor/workload/ConsumeBenchSpecTest.class
fb52ee37e16ce99cd6abe974c7c63e3cffd350ae6234f70759465312814a01f7	server-common/build/classes/java/test/org/apache/kafka/server/common/FinalizedFeaturesTest.class
fb5f878b286579901df3a91939bde8a6f29c181cc66fb166f1fe7a650edec1c3	streams/test-utils/build/classes/java/test/org/apache/kafka/streams/TopologyTestDriverTest$9.class
fb6b98ab17bff35f4ae070b50f56e914c201b103970066c50bfb6c75768e1e3a	storage/build/classes/java/test/org/apache/kafka/storage/internals/log/RemoteIndexCacheTest.class
fb7cc4edbc13e020688d96bf6475cea99c6e431dda471d0acb0fbe68b3e2e3ec	streams/build/classes/java/test/org/apache/kafka/streams/state/internals/InMemoryLRUCacheStoreTest.class
fb7fb52ab4f1230ad6cc297a7e9057d6b1357eaa361df4893b112caaa6e4d390	streams/test-utils/build/classes/java/test/org/apache/kafka/streams/TopologyTestDriverTest$Punctuation.class
fb83a56022688555f10f1fb89cf533e8bb86ca4a09ed73b57415ec323e183f44	metadata/build/classes/java/test/org/apache/kafka/controller/QuorumControllerTestEnv$Builder.class
fb83fdfb0afaee378e4e104c198f7f777df3b7d664502eb152ae177461ea8ba8	streams/build/classes/java/test/org/apache/kafka/streams/processor/internals/RepartitionOptimizingTest.class
fbb1a4a126134a789432b50bebbcf198266b2a5a2e0aab5e1157cb009bb4bb33	streams/test-utils/build/classes/java/test/org/apache/kafka/streams/TopologyTestDriverAtLeastOnceTest.class
fbb543a03bcc159cfbe3ea32e488367ff8c67b661c0c5f0c699b6cdc1f7bfa8f	group-coordinator/build/classes/java/test/org/apache/kafka/coordinator/group/modern/share/ShareGroupTest.class
fbbbf688515732746a9e86677e7744121c92d25ac61677d7ef64af94e8e0fddc	server-common/build/classes/java/test/org/apache/kafka/common/DirectoryIdTest$1.class
fbc5212c4280234cdc1f025debeb32d1bfe3dfea48f885199ea984d1c7122ca9	core/build/classes/scala/test/kafka/server/BaseFetchRequestTest.class
fbc55c658c79aa58040710aba423e0dc3bc36a694ba4937ec7cc85f4b6233113	raft/build/classes/java/test/org/apache/kafka/raft/RaftEventSimulationTest$Validation.class
fbf15ad31506f3f8db2019bbd9ac864d5ea35798da284738d5c8b16738bc1d6f	clients/build/classes/java/test/org/apache/kafka/common/utils/BytesTest.class
fbf9cc02f314f9828c40ea6792a03b1e15ab1b841a178e2d1b6e5ebe5d372cbf	clients/build/classes/java/test/org/apache/kafka/clients/consumer/internals/AbstractStickyAssignorTest.class
fc024881ed2f723069dd16d2e554ff076e09f7df16c2472c4ce34c0a0ed8ca0c	core/build/classes/scala/test/kafka/api/SaslSetup.class
fc1f93a8bba09a46cbe6ac1d837cea3159499830b21b907f8e305ae0958e52b6	streams/integration-tests/build/classes/java/test/org/apache/kafka/streams/integration/TopologyDescriptionPluginExpirationIntegrationTest.class
fc22a3efd154cd5778198bcbdf73981c28b6963b8fed064e746981d18e2a6ad7	clients/build/classes/java/test/org/apache/kafka/clients/producer/KafkaProducerTest$MonitorableInterceptor.class
fc2963e66c9685dc121fe1b638cd005a8553f0464ea6abc9c0d00c329bcd41cd	metadata/build/classes/java/test/org/apache/kafka/controller/QuorumControllerIntegrationTestUtils.class
fc2d62118592ee7cf54cad6412e4888a24c1a2003cf2faf69115afb27522f4c9	core/build/classes/scala/test/kafka/api/CustomQuotaCallbackTest.class
fc3252652508c90d20cf40aa3aaf039ba7125d8b748173b50d23fe43ab6c47d3	streams/integration-tests/build/classes/java/test/org/apache/kafka/streams/integration/StandbyTaskEOSIntegrationTest$1.class
fc3c0e04f8aa30a16d3eb0a44c60d77c6c15cb6dad2e336e4abe617be55fb3d1	clients/build/classes/java/test/org/apache/kafka/common/requests/AddPartitionsToTxnRequestTest.class
fc75991f0b8f73b34324a498c363e5573d2c856b4e1d4c7f331cf9dd091f52c8	streams/build/classes/java/test/org/apache/kafka/streams/kstream/internals/foreignkeyjoin/SubscriptionSendProcessorSupplierTest$LeftValue.class
fc797b429d10f2d03d5c87d289760630cd1c0f8c6e7d9e4cfd4384e6c6509114	core/build/classes/scala/test/kafka/coordinator/transaction/TransactionCoordinatorConcurrencyTest$AddPartitionsToTxnOperation.class
fc8d863e4c30c91aa91ac3ca34dd1ffa1e9c3cc6521a37f10b96cd9e0c95f58e	streams/build/classes/java/test/org/apache/kafka/streams/tests/RelationalSmokeTest$DataSet.class
fca66286a5db53e295cb29e272d11f47804a636121de20a1f9bd2d67e9f7262c	clients/clients-integration-tests/build/classes/java/test/org/apache/kafka/clients/consumer/ConsumerWithLegacyMessageFormatIntegrationTest.class
fcb37a5658144661428cdc9f510bae712f1d885a1de1958be22c8ee0653bc70c	streams/build/classes/java/test/org/apache/kafka/streams/state/internals/QueryableStoreProviderTest.class
fcbe7f2b38a09bc6b1732052d754a75d90162b8b356cc34456e0e53fec40591d	group-coordinator/build/classes/java/test/org/apache/kafka/coordinator/group/GroupCoordinatorConfigTest$UniformNamedAssignor.class
fcd6103df027975af7554788c984656285973564b5fbbba6f793b0fe10f70dff	connect/runtime/build/classes/java/test/org/apache/kafka/connect/runtime/ErrorHandlingTaskTest$FaultyConverter.class
fcd9aff4aa111b1d45ea6a9bb9e40369b25a5bbe66603c2864c280d03d466cf6	core/build/classes/scala/test/kafka/coordinator/transaction/TransactionCoordinatorConcurrencyTest$TxnOperation.class
fcdad0fa8c2c2d7a12a9531d4532c7a4183dfa0ffe37df560f6646681223df20	connect/runtime/build/classes/java/test/org/apache/kafka/connect/runtime/rest/resources/ConnectorsResourceTest.class
fcea550ce541b6dff5816e888bf1ecbc7178d9ae4291b7a3dd292a50c2c820d3	connect/mirror-client/build/classes/java/test/org/apache/kafka/connect/mirror/ReplicationPolicyTest.class
fd32a0af8b8343dacdd2804518132f902bf9f949045917414bbdc62c911ab5e9	group-coordinator/build/classes/java/test/org/apache/kafka/coordinator/group/GroupMetadataManagerTestContext$RebalanceResult.class
fd3340a2e991ee37f1a272b0784aba91e17303bd5d7efdaf031d37d5e858fe27	server/build/classes/java/test/org/apache/kafka/server/share/fetch/PartitionMaxBytesStrategyTest.class
fd400705ca4740719854b5cce60a17860b679bf8132bcb2cf678f60e6358c60b	streams/test-utils/build/classes/java/test/org/apache/kafka/streams/TopologyTestDriverTest$7$1.class
fd4d247e5102e55447a48282aa1e749e093a3b04b7953ef830837b571bf308aa	clients/clients-integration-tests/build/classes/java/test/org/apache/kafka/clients/admin/ClientTelemetryTest$TelemetryExporter.class
fd5141aa0623f309e114bafc2138f230cf5710b4d3b0f0060be0fce0e61e2e1c	streams/build/classes/java/test/org/apache/kafka/streams/processor/internals/StreamThreadTest$13.class
fd59c9b4e4240e7377f695fd26b1bc798ed9d2d07829ef1ae5cffa8578026217	streams/build/classes/java/test/org/apache/kafka/streams/processor/internals/RecordCollectorTest$7.class
fd64ac1dfea9349b2295c20b1cd0476c70a699d8c8181906b2491e33128b5ddf	streams/integration-tests/build/classes/java/test/org/apache/kafka/streams/integration/IQv2StoreIntegrationTest$StoresToTest$3.class
fd8f4fdfdb2dbc3ce2098e9293da0bcfc6cadf48fadb085baa51cfa64b76565e	clients/build/classes/java/test/org/apache/kafka/clients/consumer/internals/TopicMetadataFetcherTest.class
fdc42c24abc65862b7eecf0a1c2ce4aa82f519a059c4caf8e82f94417b0d2028	connect/mirror/build/classes/java/test/org/apache/kafka/connect/mirror/OffsetSyncStoreTest$3.class
fdc52886628c42389b3250f17c3ae66bfbbedabe1a179b638972afdc3ed61b6f	connect/runtime/build/classes/java/test/org/apache/kafka/connect/runtime/ExactlyOnceWorkerSourceTaskTest$TestSourceTask.class
fdc5f5d31d97da85d4ea4107a8d881881dd1c70d8048d05fda94d7b8c19ab248	clients/build/classes/java/test/org/apache/kafka/common/security/oauthbearer/internals/expiring/ExpiringCredentialRefreshingLoginTest$TestExpiringCredentialRefreshingLogin$1.class
fdc9146b6ef065a5d26eb7fc1bd32f788277efd5117300aa827ee2c3a82b996a	streams/integration-tests/build/classes/java/test/org/apache/kafka/streams/integration/IQv2StoreIntegrationTest$4.class
fddfbf6016c3571368dd808f00cbc5aa47b4ff248eee2c519831c9c07e4fd089	connect/runtime/build/classes/java/test/org/apache/kafka/connect/integration/TestableSourceConnector$TestableSourceTask.class
fdfec1854927119ebb796be5c0cd0138cd3121f9d7a93ebfd6d59cd65298e820	streams/build/classes/java/test/org/apache/kafka/streams/processor/internals/StateDirectoryTest$CreateTaskDirRunner.class
fe198b4d0f49e31d610c40c5d8632263109a4ffcfe15d2300e5814c390b91a1c	core/build/classes/scala/test/kafka/network/SocketServerTest$SelectorOperation$Poll$.class
fe259dbe9b719183646735792d525e48e5b21573df360feff8cb233951dcd3c7	streams/build/classes/java/test/org/apache/kafka/streams/processor/WallclockTimestampExtractorTest$InBetween.class
fe4fdd4c0b6561aa5a384fbd93fbd68aba24a70ca89912fef38ddf5a4ea7fdb1	server/build/classes/java/test/org/apache/kafka/server/partition/AlterPartitionManagerTest$TopicPartitionKey.class
fe5aff4c36ef986b7b641208dbbd858b1029fbb301c60c93a296724c698cf12d	clients/build/classes/java/test/org/apache/kafka/common/protocol/ProtoUtilsTest$1.class
fe75ed838fb988f21c6fd4335ab8451e6d5a86b3320f9362317f5a298f209797	core/build/classes/scala/test/kafka/api/SaslOAuthBearerSslEndToEndAuthorizationTest.class
fe816c9f9a09beb411e004f0004e7ebc9edd68e459cacd1f0db0bb6519806883	clients/build/classes/java/test/org/apache/kafka/clients/consumer/internals/FetchBufferTest.class
fe825e63448ae36e7a55f959eedf1733d7832843c5473fc71efd230234af3af0	core/build/classes/scala/test/kafka/server/FetcherThreadTestUtils.class
fe845b17ee13530c2b3c03903f9fcfb84fd54d31c331c4c4aabca0155fd4bad1	connect/runtime/build/resources/test/META-INF/services/org.apache.kafka.connect.transforms.predicates.Predicate
fe931511f63faa40471e941edfa523f4d7a7bbc51fd7271e276f2026f90b3091	tools/build/classes/java/test/org/apache/kafka/tools/ProducerPerformanceTest.class
fe9895c554e885666a2347e71719b893718ad7c500d8455546e5e56a2d0a65d6	clients/build/classes/java/test/org/apache/kafka/clients/FetchSessionHandlerTest.class
fe9922e4fa4b0272dd600a86b6b13901d642a541e69de8d7d4414f7153012b68	streams/build/classes/java/test/org/apache/kafka/streams/state/internals/InMemoryKeyValueLoggedStoreTest.class
fe9f3766a404b30229211e3b75ed14d8ef7c35ea47e7e6f4411d1f053b22a850	streams/build/classes/java/test/org/apache/kafka/streams/state/internals/SessionStoreFetchTest$StoreType.class
feae7028511dede84d43da90fcdb9e6f629103bfd0afeb017991a00c79db3ae6	streams/build/classes/java/test/org/apache/kafka/streams/processor/internals/StreamThreadTest$15.class
feb7ab64599798b6e54966f956c1c4c49480637f12d9d53ddb815e58f2756511	clients/build/classes/java/test/org/apache/kafka/clients/admin/RemoveMembersFromConsumerGroupOptionsTest.class
fecbd676fa5301205937c994b3854cfcbb893e936016dc9aee662c1ceb04044c	server/build/classes/java/test/org/apache/kafka/server/AssignmentsManagerTest$TestEnv.class
fed26801a053ff319163d0cefdc6ad80b5a0dbbf1eb1707c0bf4dc35ab2d9352	connect/runtime/build/classes/java/test/org/apache/kafka/connect/runtime/rest/util/SSLUtilsTest.class
fed557baba5a84e7f09ad4a9e49d7ea24c334261059af14a8069df9880264ed9	server/build/classes/java/test/org/apache/kafka/server/NodeToControllerRequestThreadTest$2.class
fedfe92f02e88e6504d5492d7b5930e7b0680ebe39deb1d294a42595c1c79d2d	clients/build/classes/java/test/org/apache/kafka/common/requests/AlterReplicaLogDirsResponseTest.class
fee1e5260853c93cae3238782e3c06784c5cd217ab4d0f5d89841f2e0f6a5a57	streams/build/classes/java/test/org/apache/kafka/streams/processor/internals/GlobalStateManagerImplTest$15.class
fefadff36bf053bf793648e15bdb4a4a5545314034dcf65cf171c93fce2d2ed7	generator/build/classes/java/test/org/apache/kafka/message/checker/CheckerTestUtils.class
fefcc51672388ed7d7995dd63c2eb7ab9357625b43ad600cc5119b9546287cca	streams/build/classes/java/test/org/apache/kafka/streams/processor/internals/InternalTopicManagerTest$1.class
ff00b7b7b7a9433a7616c3dc6eb68d562eb4aff255b3c7dc5ba7c0f68c237790	streams/build/classes/java/test/org/apache/kafka/streams/kstream/internals/foreignkeyjoin/ForeignKeyJoinSuite.class
ff01eeaa753af106ecc5a54e7fba9b396d0922c8382537ea63b923f058bb4bf4	core/build/classes/scala/test/kafka/api/QuotaTestClients$.class
ff176f113ac8e2953f43649a7a61711775a92cb5827227917595e1a262210eb7	clients/build/classes/java/test/org/apache/kafka/clients/consumer/internals/RequestFutureTest$2.class
ff258a46822df90f5010763d617172aabb27ec8c25cdde81624149d25590338e	streams/integration-tests/build/classes/java/test/org/apache/kafka/streams/integration/ForeignKeyJoinSuite.class
ff3be88dc7352adc3d6e6a3852c2e70e4f8e4d66ec51d13c720e0403582f95bd	coordinator-common/build/classes/java/test/org/apache/kafka/coordinator/common/runtime/CoordinatorRuntimeTest$1.class
ff47e99c5e96c21d9f929f06b81e5173bab67ca644f0bca440738d5fc0d90e36	streams/test-utils/build/classes/java/test/org/apache/kafka/streams/MockProcessorContextTest$2.class
ff498db9c9bcd13bfa32c352bad9c3356691289014fc4ad40f9d080f5d95f091	connect/runtime/build/classes/java/test/org/apache/kafka/connect/runtime/ErrorHandlingTaskTest$FaultyPassthrough.class
ff4f0e7af16b3ef78ab3fec73191ded29d178117ffb10598719f050424b7b206	clients/build/classes/java/test/org/apache/kafka/common/telemetry/internals/ClientTelemetryEmitterTest.class
ff52aa05548b1065624cbe59fd9ca1c633f50f99d09a07f433a0500949e59c67	streams/integration-tests/build/classes/java/test/org/apache/kafka/streams/integration/PauseResumeIntegrationTest$1.class
ff5eb002e72a5c353e35693708d4a14d3cd90187babb9a81a34ed40bea5cc8cc	core/build/classes/scala/test/kafka/api/SaslPlainSslEndToEndAuthorizationTest$TestPrincipalBuilder.class
ff6371eef67d8dd5f062471ad47620f7f0a3b665fae39b8105ea6715f3c2b6f9	streams/build/classes/java/test/org/apache/kafka/test/GenericInMemoryTimestampedKeyValueStoreWithHeaders.class
ff68d7dcb24e5343a3f7871a919def3dac29ea2698d5e339ddade85917e23545	core/build/classes/scala/test/kafka/server/OffsetFetchRequestTest.class
ff6aad99adcfbd83cdba7e97312e54c574ea910b9fa6189919299be1121b5621	clients/build/classes/java/test/org/apache/kafka/common/telemetry/internals/KafkaMetricsCollectorTest$1.class
ff7c371e8f4d5e9c0ef34ae5f3f1020affb611009fc68a38044884e79f2acac8	clients/build/classes/java/test/org/apache/kafka/common/security/ssl/Tls13SslFactoryTest.class
ff855ae27b39b0cfc4f646f691e304e983c76511ae1bffd24663f790dc67428c	core/build/classes/scala/test/kafka/coordinator/transaction/TransactionMarkerRequestCompletionHandlerTest.class
ffb5798228e1397bf594521a1b99fc5d3fffd97ec6e834812f3306b286983b0c	metadata/build/classes/java/test/org/apache/kafka/image/publisher/BrokerRegistrationTrackerTest$BrokerRegistrationTrackerTestContext.class
ffb7cc37ca8cd059abb90874272f3fa4fe581e1abbbbee0f79c438ac64a7ce11	streams/integration-tests/build/classes/java/test/org/apache/kafka/streams/integration/IQv2StoreIntegrationTest$UnknownQuery.class
ffd2e23ea3a7cab603cd41515eb3c2dd6d56b2934c91d80d7670a01c2d72ee14	storage/build/classes/java/test/org/apache/kafka/tiered/storage/TieredStorageTestReport.class
ffda854f1ba50a373a821608dda786cf86735c24f0bccb1f06b730890da7129e	metadata/build/classes/java/test/org/apache/kafka/image/loader/MetadataLoaderTest$2.class
ffdcd128ba20ba134c6f24d3e118bf66047117a6d1bbb93e6ddeb9c588d37c58	group-coordinator/build/classes/java/test/org/apache/kafka/coordinator/group/streams/AssignmentRefinerTest.class
ffe0435161907a4d95c6d78c0f3d205310bf96673ad5e9068526948f64733e4c	metadata/build/classes/java/test/org/apache/kafka/image/FeaturesImageTest.class
fffef3a5764aaf96f6d7c0f476e40240d144dba527368af2e55af70b8e4ea0da	streams/integration-tests/build/classes/java/test/org/apache/kafka/streams/integration/IQv2StoreIntegrationTest$StoresToTest$9.class
