buildopt: warming isolated control arm at c16898314460cdfc3e0f0d7d24822585bbd1997e (cache seed 1/3)
buildopt: warmed isolated control arm cache seed in 215921ms with total:218/executed:167/from-cache:0/up-to-date:3/no-source:48/skipped:0/fingerprint:7517f029b7a075e985d670178f879974e0297889ca1085e0a5e7fdc9d123fa8f
buildopt: warming isolated control arm at c16898314460cdfc3e0f0d7d24822585bbd1997e (base daemon stabilization 2/3)
buildopt: warmed isolated control arm daemon stabilization in 80459ms with total:218/executed:133/from-cache:27/up-to-date:10/no-source:48/skipped:0/fingerprint:412113aca5cb6c75afb026125187314f7d484f4361ae7ee7828d97177895a0d0
buildopt: warming isolated control arm at 3d6e5f4f6e8b492528fe133366680a377b7e4706 (target-workload stabilization 3/3)
buildopt: warmed isolated control arm target workload in 79203ms with total:218/executed:138/from-cache:24/up-to-date:8/no-source:48/skipped:0/fingerprint:a8c9059b0fb2a799ddfba8828062a5ba4fb07b5deb583fa958f0ecb41079e151
buildopt: warming isolated candidate arm at c16898314460cdfc3e0f0d7d24822585bbd1997e (cache seed 1/3)
buildopt: warmed isolated candidate arm cache seed in 152625ms with total:25/executed:24/from-cache:0/up-to-date:0/no-source:1/skipped:0/fingerprint:74a2e1a4588b91accdf076cda4cb2c697590539d0f32836d22e89ed76e3bf071
buildopt: warming isolated candidate arm at c16898314460cdfc3e0f0d7d24822585bbd1997e (base daemon stabilization 2/3)
buildopt: warmed isolated candidate arm daemon stabilization in 24506ms with total:25/executed:15/from-cache:9/up-to-date:0/no-source:1/skipped:0/fingerprint:3101cecdd50b16320d5ace0afabed16d4990e5f67525c6aeac017f3fd9fcea14
buildopt: warming isolated candidate arm at 3d6e5f4f6e8b492528fe133366680a377b7e4706 (target-workload stabilization 3/3)
buildopt: warmed isolated candidate arm target workload in 23372ms with total:25/executed:16/from-cache:8/up-to-date:0/no-source:1/skipped:0/fingerprint:b43c808e47c00d49cfb56f71197b3295e884e9f536fb660c7889cb8b633b76e2
buildopt: structural pair 1/8 control=72492ms candidate=22298ms saved=50194ms gap=1ms order=CONTROL_FIRST
buildopt: structural pair 1 task outcomes control=total:218/executed:138/from-cache:24/up-to-date:8/no-source:48/skipped:0/fingerprint:a8c9059b0fb2a799ddfba8828062a5ba4fb07b5deb583fa958f0ecb41079e151 candidate=total:25/executed:16/from-cache:8/up-to-date:0/no-source:1/skipped:0/fingerprint:b43c808e47c00d49cfb56f71197b3295e884e9f536fb660c7889cb8b633b76e2
buildopt: structural pair 2/8 control=71059ms candidate=18633ms saved=52426ms gap=0ms order=CANDIDATE_FIRST
buildopt: structural pair 2 task outcomes control=total:218/executed:138/from-cache:24/up-to-date:8/no-source:48/skipped:0/fingerprint:a8c9059b0fb2a799ddfba8828062a5ba4fb07b5deb583fa958f0ecb41079e151 candidate=total:25/executed:16/from-cache:8/up-to-date:0/no-source:1/skipped:0/fingerprint:b43c808e47c00d49cfb56f71197b3295e884e9f536fb660c7889cb8b633b76e2
buildopt: structural pair 3/8 control=74651ms candidate=20379ms saved=54272ms gap=0ms order=CONTROL_FIRST
buildopt: structural pair 3 task outcomes control=total:218/executed:138/from-cache:24/up-to-date:8/no-source:48/skipped:0/fingerprint:a8c9059b0fb2a799ddfba8828062a5ba4fb07b5deb583fa958f0ecb41079e151 candidate=total:25/executed:16/from-cache:8/up-to-date:0/no-source:1/skipped:0/fingerprint:b43c808e47c00d49cfb56f71197b3295e884e9f536fb660c7889cb8b633b76e2
buildopt: structural pair 4/8 control=71580ms candidate=18842ms saved=52738ms gap=0ms order=CANDIDATE_FIRST
buildopt: structural pair 4 task outcomes control=total:218/executed:138/from-cache:24/up-to-date:8/no-source:48/skipped:0/fingerprint:a8c9059b0fb2a799ddfba8828062a5ba4fb07b5deb583fa958f0ecb41079e151 candidate=total:25/executed:16/from-cache:8/up-to-date:0/no-source:1/skipped:0/fingerprint:b43c808e47c00d49cfb56f71197b3295e884e9f536fb660c7889cb8b633b76e2
buildopt: structural pair 5/8 control=73923ms candidate=20168ms saved=53755ms gap=0ms order=CONTROL_FIRST
buildopt: structural pair 5 task outcomes control=total:218/executed:138/from-cache:24/up-to-date:8/no-source:48/skipped:0/fingerprint:a8c9059b0fb2a799ddfba8828062a5ba4fb07b5deb583fa958f0ecb41079e151 candidate=total:25/executed:16/from-cache:8/up-to-date:0/no-source:1/skipped:0/fingerprint:b43c808e47c00d49cfb56f71197b3295e884e9f536fb660c7889cb8b633b76e2
buildopt: structural pair 6/8 control=69671ms candidate=19292ms saved=50379ms gap=0ms order=CANDIDATE_FIRST
buildopt: structural pair 6 task outcomes control=total:218/executed:138/from-cache:24/up-to-date:8/no-source:48/skipped:0/fingerprint:a8c9059b0fb2a799ddfba8828062a5ba4fb07b5deb583fa958f0ecb41079e151 candidate=total:25/executed:16/from-cache:8/up-to-date:0/no-source:1/skipped:0/fingerprint:b43c808e47c00d49cfb56f71197b3295e884e9f536fb660c7889cb8b633b76e2
buildopt: structural pair 7/8 control=73951ms candidate=20256ms saved=53695ms gap=0ms order=CONTROL_FIRST
buildopt: structural pair 7 task outcomes control=total:218/executed:138/from-cache:24/up-to-date:8/no-source:48/skipped:0/fingerprint:a8c9059b0fb2a799ddfba8828062a5ba4fb07b5deb583fa958f0ecb41079e151 candidate=total:25/executed:16/from-cache:8/up-to-date:0/no-source:1/skipped:0/fingerprint:b43c808e47c00d49cfb56f71197b3295e884e9f536fb660c7889cb8b633b76e2
buildopt: structural pair 8/8 control=72652ms candidate=16672ms saved=55980ms gap=0ms order=CANDIDATE_FIRST
buildopt: structural pair 8 task outcomes control=total:218/executed:138/from-cache:24/up-to-date:8/no-source:48/skipped:0/fingerprint:a8c9059b0fb2a799ddfba8828062a5ba4fb07b5deb583fa958f0ecb41079e151 candidate=total:25/executed:16/from-cache:8/up-to-date:0/no-source:1/skipped:0/fingerprint:b43c808e47c00d49cfb56f71197b3295e884e9f536fb660c7889cb8b633b76e2
buildopt: validating full-graph fallback with --no-daemon and measured scheduling
buildopt: structural profile measurement decision QUALIFIED_EVIDENCE_WRITTEN; review buildopt-structural-evidence.json before evaluation
{
  "schemaVersion": "buildopt.evidence/structural-profile-qualification/v1",
  "evidenceState": "QUALIFIED",
  "capturedAt": "2026-08-14T00:58:08Z",
  "subject": {
    "repositoryId": "apache/groovy",
    "repositoryRevision": "3d6e5f4f6e8b492528fe133366680a377b7e4706",
    "pipelineClass": "jar-packaging"
  },
  "sourceBindings": {
    "manifestSha256": "a6d88334fec16415b7dd90012ab0036e68a673dd1d73ecab0421310d9d8dcf8f",
    "graphSha256": "02520e4eaec8781a09edc8cbf42d58ce5621ffe4f4cadf54c6c2c87c4e6c4a24",
    "generatedManifestSha256": "c6b7eaed059e3e25fe4ff4881063d2d8828ce437e3c95c2f4b9ea855b25d81e0",
    "sourceEvidenceSha256": "567700230e4130b93ec67296f6a281dfbcbbf312156c7887463e20ec110f42fd",
    "outputEquivalenceSha256": "ed3bc40daec143645589a768d5058bdbdf1a982d08d2659170142bca3dea1ff5"
  },
  "plan": {
    "alternativeId": "changed-projects",
    "entrypoints": [
      ":groovy-json:jar"
    ],
    "fallbackEntrypoints": [
      "jar"
    ],
    "requiredOutputs": [
      "subprojects/groovy-json/build/libs/*.jar"
    ],
    "totalProjectCount": 37,
    "selectedProjectCount": 2,
    "omittedProjectCount": 35,
    "omittedProjectRatio": 0.9459459459459459
  },
  "execution": {
    "candidateSurface": "INSTALLED_BUILDOPT_STRUCTURAL_IMPACT_ONLY",
    "buildoptRevision": "06a92dce02cb70b635142b1b38f4db934e1b551c",
    "executableSha256": "a34966620b7e382e3035f4fae3490c44630b5f7a210e111a0b17184cd1251a83",
    "mechanisms": [
      "BUILD_IMPACT"
    ],
    "gradleOptions": [
      "--daemon",
      "--build-cache",
      "--parallel",
      "--no-configuration-cache",
      "--console=plain",
      "--no-scan",
      "--max-workers=12"
    ],
    "launcherOverheadIncluded": true,
    "outputEquivalenceMode": "OWNER_REVIEWED_SEMANTIC_V1",
    "warmupsPerArm": 3,
    "controlWarmups": [
      {
        "phase": "CACHE_SEED",
        "durationMs": 215921,
        "logSha256": "4ff424d262b38bcc81c03bb8b778db09cba341df4e8d01e66e5642cf1c005a5d",
        "taskOutcomes": {
          "total": 218,
          "executed": 167,
          "fromCache": 0,
          "upToDate": 3,
          "noSource": 48,
          "skipped": 0,
          "fingerprintSha256": "7517f029b7a075e985d670178f879974e0297889ca1085e0a5e7fdc9d123fa8f",
          "tasks": [
            {
              "path": ":bootstrapJar",
              "outcome": "EXECUTED"
            },
            {
              "path": ":build-logic:classes",
              "outcome": "EXECUTED"
            },
            {
              "path": ":build-logic:compileGroovy",
              "outcome": "EXECUTED"
            },
            {
              "path": ":build-logic:compileGroovyPlugins",
              "outcome": "EXECUTED"
            },
            {
              "path": ":build-logic:compileJava",
              "outcome": "EXECUTED"
            },
            {
              "path": ":build-logic:extractPluginRequests",
              "outcome": "EXECUTED"
            },
            {
              "path": ":build-logic:generatePluginAdapters",
              "outcome": "EXECUTED"
            },
            {
              "path": ":build-logic:jar",
              "outcome": "EXECUTED"
            },
            {
              "path": ":build-logic:pluginDescriptors",
              "outcome": "EXECUTED"
            },
            {
              "path": ":build-logic:processResources",
              "outcome": "EXECUTED"
            },
            {
              "path": ":classes",
              "outcome": "EXECUTED"
            },
            {
              "path": ":compileGroovy",
              "outcome": "EXECUTED"
            },
            {
              "path": ":compileJava",
              "outcome": "EXECUTED"
            },
            {
              "path": ":dgmConverter",
              "outcome": "EXECUTED"
            },
            {
              "path": ":generateGrammarSource",
              "outcome": "EXECUTED"
            },
            {
              "path": ":generateReleaseInfo",
              "outcome": "EXECUTED"
            },
            {
              "path": ":groovy-ant:classes",
              "outcome": "EXECUTED"
            },
            {
              "path": ":groovy-ant:compileGroovy",
              "outcome": "EXECUTED"
            },
            {
              "path": ":groovy-ant:compileJava",
              "outcome": "EXECUTED"
            },
            {
              "path": ":groovy-ant:generateReleaseInfo",
              "outcome": "EXECUTED"
            },
            {
              "path": ":groovy-ant:jar",
              "outcome": "EXECUTED"
            },
            {
              "path": ":groovy-ant:processResources",
              "outcome": "EXECUTED"
            },
            {
              "path": ":groovy-astbuilder:classes",
              "outcome": "EXECUTED"
            },
            {
              "path": ":groovy-astbuilder:compileGroovy",
              "outcome": "NO_SOURCE"
            },
            {
              "path": ":groovy-astbuilder:compileJava",
              "outcome": "EXECUTED"
            },
            {
              "path": ":groovy-astbuilder:generateReleaseInfo",
              "outcome": "EXECUTED"
            },
            {
              "path": ":groovy-astbuilder:jar",
              "outcome": "EXECUTED"
            },
            {
              "path": ":groovy-astbuilder:processResources",
              "outcome": "EXECUTED"
            },
            {
              "path": ":groovy-cli-commons:classes",
              "outcome": "EXECUTED"
            },
            {
              "path": ":groovy-cli-commons:compileGroovy",
              "outcome": "EXECUTED"
            },
            {
              "path": ":groovy-cli-commons:compileJava",
              "outcome": "NO_SOURCE"
            },
            {
              "path": ":groovy-cli-commons:generateReleaseInfo",
              "outcome": "EXECUTED"
            },
            {
              "path": ":groovy-cli-commons:jar",
              "outcome": "EXECUTED"
            },
            {
              "path": ":groovy-cli-commons:processResources",
              "outcome": "NO_SOURCE"
            },
            {
              "path": ":groovy-cli-picocli:classes",
              "outcome": "EXECUTED"
            },
            {
              "path": ":groovy-cli-picocli:compileGroovy",
              "outcome": "EXECUTED"
            },
            {
              "path": ":groovy-cli-picocli:compileJava",
              "outcome": "NO_SOURCE"
            },
            {
              "path": ":groovy-cli-picocli:generateReleaseInfo",
              "outcome": "EXECUTED"
            },
            {
              "path": ":groovy-cli-picocli:jar",
              "outcome": "EXECUTED"
            },
            {
              "path": ":groovy-cli-picocli:processResources",
              "outcome": "NO_SOURCE"
            },
            {
              "path": ":groovy-console:classes",
              "outcome": "EXECUTED"
            },
            {
              "path": ":groovy-console:compileGroovy",
              "outcome": "EXECUTED"
            },
            {
              "path": ":groovy-console:compileJava",
              "outcome": "NO_SOURCE"
            },
            {
              "path": ":groovy-console:generateReleaseInfo",
              "outcome": "EXECUTED"
            },
            {
              "path": ":groovy-console:jar",
              "outcome": "EXECUTED"
            },
            {
              "path": ":groovy-console:processResources",
              "outcome": "EXECUTED"
            },
            {
              "path": ":groovy-contracts:classes",
              "outcome": "EXECUTED"
            },
            {
              "path": ":groovy-contracts:compileGroovy",
              "outcome": "NO_SOURCE"
            },
            {
              "path": ":groovy-contracts:compileJava",
              "outcome": "EXECUTED"
            },
            {
              "path": ":groovy-contracts:generateReleaseInfo",
              "outcome": "EXECUTED"
            },
            {
              "path": ":groovy-contracts:jar",
              "outcome": "EXECUTED"
            },
            {
              "path": ":groovy-contracts:processResources",
              "outcome": "EXECUTED"
            },
            {
              "path": ":groovy-datetime:classes",
              "outcome": "EXECUTED"
            },
            {
              "path": ":groovy-datetime:compileGroovy",
              "outcome": "NO_SOURCE"
            },
            {
              "path": ":groovy-datetime:compileJava",
              "outcome": "EXECUTED"
            },
            {
              "path": ":groovy-datetime:generateReleaseInfo",
              "outcome": "EXECUTED"
            },
            {
              "path": ":groovy-datetime:jar",
              "outcome": "EXECUTED"
            },
            {
              "path": ":groovy-datetime:moduleDescriptor",
              "outcome": "EXECUTED"
            },
            {
              "path": ":groovy-datetime:processResources",
              "outcome": "NO_SOURCE"
            },
            {
              "path": ":groovy-dateutil:classes",
              "outcome": "EXECUTED"
            },
            {
              "path": ":groovy-dateutil:compileGroovy",
              "outcome": "NO_SOURCE"
            },
            {
              "path": ":groovy-dateutil:compileJava",
              "outcome": "EXECUTED"
            },
            {
              "path": ":groovy-dateutil:generateReleaseInfo",
              "outcome": "EXECUTED"
            },
            {
              "path": ":groovy-dateutil:jar",
              "outcome": "EXECUTED"
            },
            {
              "path": ":groovy-dateutil:moduleDescriptor",
              "outcome": "EXECUTED"
            },
            {
              "path": ":groovy-dateutil:processResources",
              "outcome": "NO_SOURCE"
            },
            {
              "path": ":groovy-docgenerator:classes",
              "outcome": "EXECUTED"
            },
            {
              "path": ":groovy-docgenerator:compileGroovy",
              "outcome": "EXECUTED"
            },
            {
              "path": ":groovy-docgenerator:compileJava",
              "outcome": "NO_SOURCE"
            },
            {
              "path": ":groovy-docgenerator:generateReleaseInfo",
              "outcome": "EXECUTED"
            },
            {
              "path": ":groovy-docgenerator:jar",
              "outcome": "EXECUTED"
            },
            {
              "path": ":groovy-docgenerator:processResources",
              "outcome": "EXECUTED"
            },
            {
              "path": ":groovy-ginq:classes",
              "outcome": "EXECUTED"
            },
            {
              "path": ":groovy-ginq:compileGroovy",
              "outcome": "EXECUTED"
            },
            {
              "path": ":groovy-ginq:compileJava",
              "outcome": "NO_SOURCE"
            },
            {
              "path": ":groovy-ginq:generateReleaseInfo",
              "outcome": "EXECUTED"
            },
            {
              "path": ":groovy-ginq:jar",
              "outcome": "EXECUTED"
            },
            {
              "path": ":groovy-ginq:moduleDescriptor",
              "outcome": "EXECUTED"
            },
            {
              "path": ":groovy-ginq:processResources",
              "outcome": "NO_SOURCE"
            },
            {
              "path": ":groovy-groovydoc:classes",
              "outcome": "EXECUTED"
            },
            {
              "path": ":groovy-groovydoc:compileGroovy",
              "outcome": "EXECUTED"
            },
            {
              "path": ":groovy-groovydoc:compileJava",
              "outcome": "EXECUTED"
            },
            {
              "path": ":groovy-groovydoc:generateReleaseInfo",
              "outcome": "EXECUTED"
            },
            {
              "path": ":groovy-groovydoc:jar",
              "outcome": "EXECUTED"
            },
            {
              "path": ":groovy-groovydoc:processResources",
              "outcome": "EXECUTED"
            },
            {
              "path": ":groovy-groovysh:classes",
              "outcome": "EXECUTED"
            },
            {
              "path": ":groovy-groovysh:compileGroovy",
              "outcome": "EXECUTED"
            },
            {
              "path": ":groovy-groovysh:compileJava",
              "outcome": "NO_SOURCE"
            },
            {
              "path": ":groovy-groovysh:generateReleaseInfo",
              "outcome": "EXECUTED"
            },
            {
              "path": ":groovy-groovysh:jar",
              "outcome": "EXECUTED"
            },
            {
              "path": ":groovy-groovysh:processResources",
              "outcome": "EXECUTED"
            },
            {
              "path": ":groovy-jmx:classes",
              "outcome": "EXECUTED"
            },
            {
              "path": ":groovy-jmx:compileGroovy",
              "outcome": "EXECUTED"
            },
            {
              "path": ":groovy-jmx:compileJava",
              "outcome": "EXECUTED"
            },
            {
              "path": ":groovy-jmx:generateReleaseInfo",
              "outcome": "EXECUTED"
            },
            {
              "path": ":groovy-jmx:jar",
              "outcome": "EXECUTED"
            },
            {
              "path": ":groovy-jmx:processResources",
              "outcome": "NO_SOURCE"
            },
            {
              "path": ":groovy-json:classes",
              "outcome": "EXECUTED"
            },
            {
              "path": ":groovy-json:compileGroovy",
              "outcome": "NO_SOURCE"
            },
            {
              "path": ":groovy-json:compileJava",
              "outcome": "EXECUTED"
            },
            {
              "path": ":groovy-json:generateReleaseInfo",
              "outcome": "EXECUTED"
            },
            {
              "path": ":groovy-json:jar",
              "outcome": "EXECUTED"
            },
            {
              "path": ":groovy-json:processResources",
              "outcome": "EXECUTED"
            },
            {
              "path": ":groovy-jsr223:classes",
              "outcome": "EXECUTED"
            },
            {
              "path": ":groovy-jsr223:compileGroovy",
              "outcome": "NO_SOURCE"
            },
            {
              "path": ":groovy-jsr223:compileJava",
              "outcome": "EXECUTED"
            },
            {
              "path": ":groovy-jsr223:generateReleaseInfo",
              "outcome": "EXECUTED"
            },
            {
              "path": ":groovy-jsr223:jar",
              "outcome": "EXECUTED"
            },
            {
              "path": ":groovy-jsr223:moduleDescriptor",
              "outcome": "EXECUTED"
            },
            {
              "path": ":groovy-jsr223:processResources",
              "outcome": "EXECUTED"
            },
            {
              "path": ":groovy-macro-library:classes",
              "outcome": "EXECUTED"
            },
            {
              "path": ":groovy-macro-library:compileGroovy",
              "outcome": "EXECUTED"
            },
            {
              "path": ":groovy-macro-library:compileJava",
              "outcome": "NO_SOURCE"
            },
            {
              "path": ":groovy-macro-library:generateReleaseInfo",
              "outcome": "EXECUTED"
            },
            {
              "path": ":groovy-macro-library:jar",
              "outcome": "EXECUTED"
            },
            {
              "path": ":groovy-macro-library:moduleDescriptor",
              "outcome": "EXECUTED"
            },
            {
              "path": ":groovy-macro-library:processResources",
              "outcome": "NO_SOURCE"
            },
            {
              "path": ":groovy-macro:classes",
              "outcome": "EXECUTED"
            },
            {
              "path": ":groovy-macro:compileGroovy",
              "outcome": "EXECUTED"
            },
            {
              "path": ":groovy-macro:compileJava",
              "outcome": "NO_SOURCE"
            },
            {
              "path": ":groovy-macro:generateReleaseInfo",
              "outcome": "EXECUTED"
            },
            {
              "path": ":groovy-macro:jar",
              "outcome": "EXECUTED"
            },
            {
              "path": ":groovy-macro:moduleDescriptor",
              "outcome": "EXECUTED"
            },
            {
              "path": ":groovy-macro:processResources",
              "outcome": "EXECUTED"
            },
            {
              "path": ":groovy-nio:classes",
              "outcome": "EXECUTED"
            },
            {
              "path": ":groovy-nio:compileGroovy",
              "outcome": "NO_SOURCE"
            },
            {
              "path": ":groovy-nio:compileJava",
              "outcome": "EXECUTED"
            },
            {
              "path": ":groovy-nio:generateReleaseInfo",
              "outcome": "EXECUTED"
            },
            {
              "path": ":groovy-nio:jar",
              "outcome": "EXECUTED"
            },
            {
              "path": ":groovy-nio:moduleDescriptor",
              "outcome": "EXECUTED"
            },
            {
              "path": ":groovy-nio:processResources",
              "outcome": "NO_SOURCE"
            },
            {
              "path": ":groovy-servlet:classes",
              "outcome": "EXECUTED"
            },
            {
              "path": ":groovy-servlet:compileGroovy",
              "outcome": "NO_SOURCE"
            },
            {
              "path": ":groovy-servlet:compileJava",
              "outcome": "EXECUTED"
            },
            {
              "path": ":groovy-servlet:generateReleaseInfo",
              "outcome": "EXECUTED"
            },
            {
              "path": ":groovy-servlet:jar",
              "outcome": "EXECUTED"
            },
            {
              "path": ":groovy-servlet:processResources",
              "outcome": "NO_SOURCE"
            },
            {
              "path": ":groovy-sql:classes",
              "outcome": "EXECUTED"
            },
            {
              "path": ":groovy-sql:compileGroovy",
              "outcome": "NO_SOURCE"
            },
            {
              "path": ":groovy-sql:compileJava",
              "outcome": "EXECUTED"
            },
            {
              "path": ":groovy-sql:generateReleaseInfo",
              "outcome": "EXECUTED"
            },
            {
              "path": ":groovy-sql:jar",
              "outcome": "EXECUTED"
            },
            {
              "path": ":groovy-sql:moduleDescriptor",
              "outcome": "EXECUTED"
            },
            {
              "path": ":groovy-sql:processResources",
              "outcome": "NO_SOURCE"
            },
            {
              "path": ":groovy-swing:classes",
              "outcome": "EXECUTED"
            },
            {
              "path": ":groovy-swing:compileGroovy",
              "outcome": "EXECUTED"
            },
            {
              "path": ":groovy-swing:compileJava",
              "outcome": "EXECUTED"
            },
            {
              "path": ":groovy-swing:generateReleaseInfo",
              "outcome": "EXECUTED"
            },
            {
              "path": ":groovy-swing:jar",
              "outcome": "EXECUTED"
            },
            {
              "path": ":groovy-swing:moduleDescriptor",
              "outcome": "EXECUTED"
            },
            {
              "path": ":groovy-swing:processResources",
              "outcome": "NO_SOURCE"
            },
            {
              "path": ":groovy-templates:classes",
              "outcome": "EXECUTED"
            },
            {
              "path": ":groovy-templates:compileGroovy",
              "outcome": "EXECUTED"
            },
            {
              "path": ":groovy-templates:compileJava",
              "outcome": "NO_SOURCE"
            },
            {
              "path": ":groovy-templates:generateReleaseInfo",
              "outcome": "EXECUTED"
            },
            {
              "path": ":groovy-templates:jar",
              "outcome": "EXECUTED"
            },
            {
              "path": ":groovy-templates:processResources",
              "outcome": "NO_SOURCE"
            },
            {
              "path": ":groovy-test-junit5:classes",
              "outcome": "EXECUTED"
            },
            {
              "path": ":groovy-test-junit5:compileGroovy",
              "outcome": "EXECUTED"
            },
            {
              "path": ":groovy-test-junit5:compileJava",
              "outcome": "EXECUTED"
            },
            {
              "path": ":groovy-test-junit5:generateReleaseInfo",
              "outcome": "EXECUTED"
            },
            {
              "path": ":groovy-test-junit5:jar",
              "outcome": "EXECUTED"
            },
            {
              "path": ":groovy-test-junit5:processResources",
              "outcome": "EXECUTED"
            },
            {
              "path": ":groovy-test:classes",
              "outcome": "EXECUTED"
            },
            {
              "path": ":groovy-test:compileGroovy",
              "outcome": "EXECUTED"
            },
            {
              "path": ":groovy-test:compileJava",
              "outcome": "EXECUTED"
            },
            {
              "path": ":groovy-test:generateReleaseInfo",
              "outcome": "EXECUTED"
            },
            {
              "path": ":groovy-test:jar",
              "outcome": "EXECUTED"
            },
            {
              "path": ":groovy-test:processResources",
              "outcome": "NO_SOURCE"
            },
            {
              "path": ":groovy-testng:classes",
              "outcome": "EXECUTED"
            },
            {
              "path": ":groovy-testng:compileGroovy",
              "outcome": "NO_SOURCE"
            },
            {
              "path": ":groovy-testng:compileJava",
              "outcome": "EXECUTED"
            },
            {
              "path": ":groovy-testng:generateReleaseInfo",
              "outcome": "EXECUTED"
            },
            {
              "path": ":groovy-testng:jar",
              "outcome": "EXECUTED"
            },
            {
              "path": ":groovy-testng:processResources",
              "outcome": "EXECUTED"
            },
            {
              "path": ":groovy-toml:classes",
              "outcome": "EXECUTED"
            },
            {
              "path": ":groovy-toml:compileGroovy",
              "outcome": "NO_SOURCE"
            },
            {
              "path": ":groovy-toml:compileJava",
              "outcome": "EXECUTED"
            },
            {
              "path": ":groovy-toml:generateReleaseInfo",
              "outcome": "EXECUTED"
            },
            {
              "path": ":groovy-toml:jar",
              "outcome": "EXECUTED"
            },
            {
              "path": ":groovy-toml:processResources",
              "outcome": "NO_SOURCE"
            },
            {
              "path": ":groovy-typecheckers:classes",
              "outcome": "EXECUTED"
            },
            {
              "path": ":groovy-typecheckers:compileGroovy",
              "outcome": "EXECUTED"
            },
            {
              "path": ":groovy-typecheckers:compileJava",
              "outcome": "NO_SOURCE"
            },
            {
              "path": ":groovy-typecheckers:generateReleaseInfo",
              "outcome": "EXECUTED"
            },
            {
              "path": ":groovy-typecheckers:jar",
              "outcome": "EXECUTED"
            },
            {
              "path": ":groovy-typecheckers:processResources",
              "outcome": "NO_SOURCE"
            },
            {
              "path": ":groovy-xml:classes",
              "outcome": "EXECUTED"
            },
            {
              "path": ":groovy-xml:compileGroovy",
              "outcome": "EXECUTED"
            },
            {
              "path": ":groovy-xml:compileJava",
              "outcome": "EXECUTED"
            },
            {
              "path": ":groovy-xml:generateReleaseInfo",
              "outcome": "EXECUTED"
            },
            {
              "path": ":groovy-xml:jar",
              "outcome": "EXECUTED"
            },
            {
              "path": ":groovy-xml:moduleDescriptor",
              "outcome": "EXECUTED"
            },
            {
              "path": ":groovy-xml:processResources",
              "outcome": "NO_SOURCE"
            },
            {
              "path": ":groovy-yaml:classes",
              "outcome": "EXECUTED"
            },
            {
              "path": ":groovy-yaml:compileGroovy",
              "outcome": "NO_SOURCE"
            },
            {
              "path": ":groovy-yaml:compileJava",
              "outcome": "EXECUTED"
            },
            {
              "path": ":groovy-yaml:generateReleaseInfo",
              "outcome": "EXECUTED"
            },
            {
              "path": ":groovy-yaml:jar",
              "outcome": "EXECUTED"
            },
            {
              "path": ":groovy-yaml:processResources",
              "outcome": "NO_SOURCE"
            },
            {
              "path": ":jar",
              "outcome": "EXECUTED"
            },
            {
              "path": ":osgiClasses",
              "outcome": "EXECUTED"
            },
            {
              "path": ":performance:classes",
              "outcome": "UP_TO_DATE"
            },
            {
              "path": ":performance:compileGroovy",
              "outcome": "NO_SOURCE"
            },
            {
              "path": ":performance:compileJava",
              "outcome": "NO_SOURCE"
            },
            {
              "path": ":performance:jar",
              "outcome": "EXECUTED"
            },
            {
              "path": ":performance:processResources",
              "outcome": "NO_SOURCE"
            },
            {
              "path": ":processResources",
              "outcome": "EXECUTED"
            },
            {
              "path": ":stress:classes",
              "outcome": "UP_TO_DATE"
            },
            {
              "path": ":stress:compileGroovy",
              "outcome": "NO_SOURCE"
            },
            {
              "path": ":stress:compileJava",
              "outcome": "NO_SOURCE"
            },
            {
              "path": ":stress:jar",
              "outcome": "EXECUTED"
            },
            {
              "path": ":stress:processResources",
              "outcome": "NO_SOURCE"
            },
            {
              "path": ":tests-preview:classes",
              "outcome": "UP_TO_DATE"
            },
            {
              "path": ":tests-preview:compileGroovy",
              "outcome": "NO_SOURCE"
            },
            {
              "path": ":tests-preview:compileJava",
              "outcome": "NO_SOURCE"
            },
            {
              "path": ":tests-preview:jar",
              "outcome": "EXECUTED"
            },
            {
              "path": ":tests-preview:processResources",
              "outcome": "NO_SOURCE"
            }
          ]
        },
        "hostPressure": {
          "available": true,
          "cpuSomeTotalUs": 26077434,
          "memorySomeTotalUs": 92,
          "memoryFullTotalUs": 87,
          "ioSomeTotalUs": 124439888,
          "ioFullTotalUs": 73454640
        }
      },
      {
        "phase": "BASE_DAEMON_STABILIZATION",
        "durationMs": 80459,
        "logSha256": "040e05e8ca46458ad54a6f271ff518f64aa88774f99532c932a0fa5078c83b04",
        "taskOutcomes": {
          "total": 218,
          "executed": 133,
          "fromCache": 27,
          "upToDate": 10,
          "noSource": 48,
          "skipped": 0,
          "fingerprintSha256": "412113aca5cb6c75afb026125187314f7d484f4361ae7ee7828d97177895a0d0",
          "tasks": [
            {
              "path": ":bootstrapJar",
              "outcome": "EXECUTED"
            },
            {
              "path": ":build-logic:classes",
              "outcome": "EXECUTED"
            },
            {
              "path": ":build-logic:compileGroovy",
              "outcome": "FROM_CACHE"
            },
            {
              "path": ":build-logic:compileGroovyPlugins",
              "outcome": "FROM_CACHE"
            },
            {
              "path": ":build-logic:compileJava",
              "outcome": "FROM_CACHE"
            },
            {
              "path": ":build-logic:extractPluginRequests",
              "outcome": "FROM_CACHE"
            },
            {
              "path": ":build-logic:generatePluginAdapters",
              "outcome": "FROM_CACHE"
            },
            {
              "path": ":build-logic:jar",
              "outcome": "EXECUTED"
            },
            {
              "path": ":build-logic:pluginDescriptors",
              "outcome": "EXECUTED"
            },
            {
              "path": ":build-logic:processResources",
              "outcome": "EXECUTED"
            },
            {
              "path": ":classes",
              "outcome": "EXECUTED"
            },
            {
              "path": ":compileGroovy",
              "outcome": "EXECUTED"
            },
            {
              "path": ":compileJava",
              "outcome": "FROM_CACHE"
            },
            {
              "path": ":dgmConverter",
              "outcome": "FROM_CACHE"
            },
            {
              "path": ":generateGrammarSource",
              "outcome": "FROM_CACHE"
            },
            {
              "path": ":generateReleaseInfo",
              "outcome": "EXECUTED"
            },
            {
              "path": ":groovy-ant:classes",
              "outcome": "EXECUTED"
            },
            {
              "path": ":groovy-ant:compileGroovy",
              "outcome": "EXECUTED"
            },
            {
              "path": ":groovy-ant:compileJava",
              "outcome": "FROM_CACHE"
            },
            {
              "path": ":groovy-ant:generateReleaseInfo",
              "outcome": "EXECUTED"
            },
            {
              "path": ":groovy-ant:jar",
              "outcome": "EXECUTED"
            },
            {
              "path": ":groovy-ant:processResources",
              "outcome": "EXECUTED"
            },
            {
              "path": ":groovy-astbuilder:classes",
              "outcome": "EXECUTED"
            },
            {
              "path": ":groovy-astbuilder:compileGroovy",
              "outcome": "NO_SOURCE"
            },
            {
              "path": ":groovy-astbuilder:compileJava",
              "outcome": "FROM_CACHE"
            },
            {
              "path": ":groovy-astbuilder:generateReleaseInfo",
              "outcome": "EXECUTED"
            },
            {
              "path": ":groovy-astbuilder:jar",
              "outcome": "EXECUTED"
            },
            {
              "path": ":groovy-astbuilder:processResources",
              "outcome": "EXECUTED"
            },
            {
              "path": ":groovy-cli-commons:classes",
              "outcome": "EXECUTED"
            },
            {
              "path": ":groovy-cli-commons:compileGroovy",
              "outcome": "EXECUTED"
            },
            {
              "path": ":groovy-cli-commons:compileJava",
              "outcome": "NO_SOURCE"
            },
            {
              "path": ":groovy-cli-commons:generateReleaseInfo",
              "outcome": "EXECUTED"
            },
            {
              "path": ":groovy-cli-commons:jar",
              "outcome": "EXECUTED"
            },
            {
              "path": ":groovy-cli-commons:processResources",
              "outcome": "NO_SOURCE"
            },
            {
              "path": ":groovy-cli-picocli:classes",
              "outcome": "EXECUTED"
            },
            {
              "path": ":groovy-cli-picocli:compileGroovy",
              "outcome": "EXECUTED"
            },
            {
              "path": ":groovy-cli-picocli:compileJava",
              "outcome": "NO_SOURCE"
            },
            {
              "path": ":groovy-cli-picocli:generateReleaseInfo",
              "outcome": "EXECUTED"
            },
            {
              "path": ":groovy-cli-picocli:jar",
              "outcome": "EXECUTED"
            },
            {
              "path": ":groovy-cli-picocli:processResources",
              "outcome": "NO_SOURCE"
            },
            {
              "path": ":groovy-console:classes",
              "outcome": "EXECUTED"
            },
            {
              "path": ":groovy-console:compileGroovy",
              "outcome": "EXECUTED"
            },
            {
              "path": ":groovy-console:compileJava",
              "outcome": "NO_SOURCE"
            },
            {
              "path": ":groovy-console:generateReleaseInfo",
              "outcome": "EXECUTED"
            },
            {
              "path": ":groovy-console:jar",
              "outcome": "EXECUTED"
            },
            {
              "path": ":groovy-console:processResources",
              "outcome": "EXECUTED"
            },
            {
              "path": ":groovy-contracts:classes",
              "outcome": "EXECUTED"
            },
            {
              "path": ":groovy-contracts:compileGroovy",
              "outcome": "NO_SOURCE"
            },
            {
              "path": ":groovy-contracts:compileJava",
              "outcome": "FROM_CACHE"
            },
            {
              "path": ":groovy-contracts:generateReleaseInfo",
              "outcome": "EXECUTED"
            },
            {
              "path": ":groovy-contracts:jar",
              "outcome": "EXECUTED"
            },
            {
              "path": ":groovy-contracts:processResources",
              "outcome": "EXECUTED"
            },
            {
              "path": ":groovy-datetime:classes",
              "outcome": "UP_TO_DATE"
            },
            {
              "path": ":groovy-datetime:compileGroovy",
              "outcome": "NO_SOURCE"
            },
            {
              "path": ":groovy-datetime:compileJava",
              "outcome": "FROM_CACHE"
            },
            {
              "path": ":groovy-datetime:generateReleaseInfo",
              "outcome": "EXECUTED"
            },
            {
              "path": ":groovy-datetime:jar",
              "outcome": "EXECUTED"
            },
            {
              "path": ":groovy-datetime:moduleDescriptor",
              "outcome": "EXECUTED"
            },
            {
              "path": ":groovy-datetime:processResources",
              "outcome": "NO_SOURCE"
            },
            {
              "path": ":groovy-dateutil:classes",
              "outcome": "UP_TO_DATE"
            },
            {
              "path": ":groovy-dateutil:compileGroovy",
              "outcome": "NO_SOURCE"
            },
            {
              "path": ":groovy-dateutil:compileJava",
              "outcome": "FROM_CACHE"
            },
            {
              "path": ":groovy-dateutil:generateReleaseInfo",
              "outcome": "EXECUTED"
            },
            {
              "path": ":groovy-dateutil:jar",
              "outcome": "EXECUTED"
            },
            {
              "path": ":groovy-dateutil:moduleDescriptor",
              "outcome": "EXECUTED"
            },
            {
              "path": ":groovy-dateutil:processResources",
              "outcome": "NO_SOURCE"
            },
            {
              "path": ":groovy-docgenerator:classes",
              "outcome": "EXECUTED"
            },
            {
              "path": ":groovy-docgenerator:compileGroovy",
              "outcome": "EXECUTED"
            },
            {
              "path": ":groovy-docgenerator:compileJava",
              "outcome": "NO_SOURCE"
            },
            {
              "path": ":groovy-docgenerator:generateReleaseInfo",
              "outcome": "EXECUTED"
            },
            {
              "path": ":groovy-docgenerator:jar",
              "outcome": "EXECUTED"
            },
            {
              "path": ":groovy-docgenerator:processResources",
              "outcome": "EXECUTED"
            },
            {
              "path": ":groovy-ginq:classes",
              "outcome": "EXECUTED"
            },
            {
              "path": ":groovy-ginq:compileGroovy",
              "outcome": "EXECUTED"
            },
            {
              "path": ":groovy-ginq:compileJava",
              "outcome": "NO_SOURCE"
            },
            {
              "path": ":groovy-ginq:generateReleaseInfo",
              "outcome": "EXECUTED"
            },
            {
              "path": ":groovy-ginq:jar",
              "outcome": "EXECUTED"
            },
            {
              "path": ":groovy-ginq:moduleDescriptor",
              "outcome": "EXECUTED"
            },
            {
              "path": ":groovy-ginq:processResources",
              "outcome": "NO_SOURCE"
            },
            {
              "path": ":groovy-groovydoc:classes",
              "outcome": "EXECUTED"
            },
            {
              "path": ":groovy-groovydoc:compileGroovy",
              "outcome": "EXECUTED"
            },
            {
              "path": ":groovy-groovydoc:compileJava",
              "outcome": "FROM_CACHE"
            },
            {
              "path": ":groovy-groovydoc:generateReleaseInfo",
              "outcome": "EXECUTED"
            },
            {
              "path": ":groovy-groovydoc:jar",
              "outcome": "EXECUTED"
            },
            {
              "path": ":groovy-groovydoc:processResources",
              "outcome": "EXECUTED"
            },
            {
              "path": ":groovy-groovysh:classes",
              "outcome": "EXECUTED"
            },
            {
              "path": ":groovy-groovysh:compileGroovy",
              "outcome": "EXECUTED"
            },
            {
              "path": ":groovy-groovysh:compileJava",
              "outcome": "NO_SOURCE"
            },
            {
              "path": ":groovy-groovysh:generateReleaseInfo",
              "outcome": "EXECUTED"
            },
            {
              "path": ":groovy-groovysh:jar",
              "outcome": "EXECUTED"
            },
            {
              "path": ":groovy-groovysh:processResources",
              "outcome": "EXECUTED"
            },
            {
              "path": ":groovy-jmx:classes",
              "outcome": "EXECUTED"
            },
            {
              "path": ":groovy-jmx:compileGroovy",
              "outcome": "EXECUTED"
            },
            {
              "path": ":groovy-jmx:compileJava",
              "outcome": "FROM_CACHE"
            },
            {
              "path": ":groovy-jmx:generateReleaseInfo",
              "outcome": "EXECUTED"
            },
            {
              "path": ":groovy-jmx:jar",
              "outcome": "EXECUTED"
            },
            {
              "path": ":groovy-jmx:processResources",
              "outcome": "NO_SOURCE"
            },
            {
              "path": ":groovy-json:classes",
              "outcome": "EXECUTED"
            },
            {
              "path": ":groovy-json:compileGroovy",
              "outcome": "NO_SOURCE"
            },
            {
              "path": ":groovy-json:compileJava",
              "outcome": "FROM_CACHE"
            },
            {
              "path": ":groovy-json:generateReleaseInfo",
              "outcome": "EXECUTED"
            },
            {
              "path": ":groovy-json:jar",
              "outcome": "EXECUTED"
            },
            {
              "path": ":groovy-json:processResources",
              "outcome": "EXECUTED"
            },
            {
              "path": ":groovy-jsr223:classes",
              "outcome": "EXECUTED"
            },
            {
              "path": ":groovy-jsr223:compileGroovy",
              "outcome": "NO_SOURCE"
            },
            {
              "path": ":groovy-jsr223:compileJava",
              "outcome": "FROM_CACHE"
            },
            {
              "path": ":groovy-jsr223:generateReleaseInfo",
              "outcome": "EXECUTED"
            },
            {
              "path": ":groovy-jsr223:jar",
              "outcome": "EXECUTED"
            },
            {
              "path": ":groovy-jsr223:moduleDescriptor",
              "outcome": "EXECUTED"
            },
            {
              "path": ":groovy-jsr223:processResources",
              "outcome": "EXECUTED"
            },
            {
              "path": ":groovy-macro-library:classes",
              "outcome": "EXECUTED"
            },
            {
              "path": ":groovy-macro-library:compileGroovy",
              "outcome": "EXECUTED"
            },
            {
              "path": ":groovy-macro-library:compileJava",
              "outcome": "NO_SOURCE"
            },
            {
              "path": ":groovy-macro-library:generateReleaseInfo",
              "outcome": "EXECUTED"
            },
            {
              "path": ":groovy-macro-library:jar",
              "outcome": "EXECUTED"
            },
            {
              "path": ":groovy-macro-library:moduleDescriptor",
              "outcome": "EXECUTED"
            },
            {
              "path": ":groovy-macro-library:processResources",
              "outcome": "NO_SOURCE"
            },
            {
              "path": ":groovy-macro:classes",
              "outcome": "EXECUTED"
            },
            {
              "path": ":groovy-macro:compileGroovy",
              "outcome": "EXECUTED"
            },
            {
              "path": ":groovy-macro:compileJava",
              "outcome": "NO_SOURCE"
            },
            {
              "path": ":groovy-macro:generateReleaseInfo",
              "outcome": "EXECUTED"
            },
            {
              "path": ":groovy-macro:jar",
              "outcome": "EXECUTED"
            },
            {
              "path": ":groovy-macro:moduleDescriptor",
              "outcome": "EXECUTED"
            },
            {
              "path": ":groovy-macro:processResources",
              "outcome": "EXECUTED"
            },
            {
              "path": ":groovy-nio:classes",
              "outcome": "UP_TO_DATE"
            },
            {
              "path": ":groovy-nio:compileGroovy",
              "outcome": "NO_SOURCE"
            },
            {
              "path": ":groovy-nio:compileJava",
              "outcome": "FROM_CACHE"
            },
            {
              "path": ":groovy-nio:generateReleaseInfo",
              "outcome": "EXECUTED"
            },
            {
              "path": ":groovy-nio:jar",
              "outcome": "EXECUTED"
            },
            {
              "path": ":groovy-nio:moduleDescriptor",
              "outcome": "EXECUTED"
            },
            {
              "path": ":groovy-nio:processResources",
              "outcome": "NO_SOURCE"
            },
            {
              "path": ":groovy-servlet:classes",
              "outcome": "UP_TO_DATE"
            },
            {
              "path": ":groovy-servlet:compileGroovy",
              "outcome": "NO_SOURCE"
            },
            {
              "path": ":groovy-servlet:compileJava",
              "outcome": "FROM_CACHE"
            },
            {
              "path": ":groovy-servlet:generateReleaseInfo",
              "outcome": "EXECUTED"
            },
            {
              "path": ":groovy-servlet:jar",
              "outcome": "EXECUTED"
            },
            {
              "path": ":groovy-servlet:processResources",
              "outcome": "NO_SOURCE"
            },
            {
              "path": ":groovy-sql:classes",
              "outcome": "UP_TO_DATE"
            },
            {
              "path": ":groovy-sql:compileGroovy",
              "outcome": "NO_SOURCE"
            },
            {
              "path": ":groovy-sql:compileJava",
              "outcome": "FROM_CACHE"
            },
            {
              "path": ":groovy-sql:generateReleaseInfo",
              "outcome": "EXECUTED"
            },
            {
              "path": ":groovy-sql:jar",
              "outcome": "EXECUTED"
            },
            {
              "path": ":groovy-sql:moduleDescriptor",
              "outcome": "EXECUTED"
            },
            {
              "path": ":groovy-sql:processResources",
              "outcome": "NO_SOURCE"
            },
            {
              "path": ":groovy-swing:classes",
              "outcome": "EXECUTED"
            },
            {
              "path": ":groovy-swing:compileGroovy",
              "outcome": "EXECUTED"
            },
            {
              "path": ":groovy-swing:compileJava",
              "outcome": "FROM_CACHE"
            },
            {
              "path": ":groovy-swing:generateReleaseInfo",
              "outcome": "EXECUTED"
            },
            {
              "path": ":groovy-swing:jar",
              "outcome": "EXECUTED"
            },
            {
              "path": ":groovy-swing:moduleDescriptor",
              "outcome": "EXECUTED"
            },
            {
              "path": ":groovy-swing:processResources",
              "outcome": "NO_SOURCE"
            },
            {
              "path": ":groovy-templates:classes",
              "outcome": "EXECUTED"
            },
            {
              "path": ":groovy-templates:compileGroovy",
              "outcome": "EXECUTED"
            },
            {
              "path": ":groovy-templates:compileJava",
              "outcome": "NO_SOURCE"
            },
            {
              "path": ":groovy-templates:generateReleaseInfo",
              "outcome": "EXECUTED"
            },
            {
              "path": ":groovy-templates:jar",
              "outcome": "EXECUTED"
            },
            {
              "path": ":groovy-templates:processResources",
              "outcome": "NO_SOURCE"
            },
            {
              "path": ":groovy-test-junit5:classes",
              "outcome": "EXECUTED"
            },
            {
              "path": ":groovy-test-junit5:compileGroovy",
              "outcome": "EXECUTED"
            },
            {
              "path": ":groovy-test-junit5:compileJava",
              "outcome": "FROM_CACHE"
            },
            {
              "path": ":groovy-test-junit5:generateReleaseInfo",
              "outcome": "EXECUTED"
            },
            {
              "path": ":groovy-test-junit5:jar",
              "outcome": "EXECUTED"
            },
            {
              "path": ":groovy-test-junit5:processResources",
              "outcome": "EXECUTED"
            },
            {
              "path": ":groovy-test:classes",
              "outcome": "EXECUTED"
            },
            {
              "path": ":groovy-test:compileGroovy",
              "outcome": "EXECUTED"
            },
            {
              "path": ":groovy-test:compileJava",
              "outcome": "FROM_CACHE"
            },
            {
              "path": ":groovy-test:generateReleaseInfo",
              "outcome": "EXECUTED"
            },
            {
              "path": ":groovy-test:jar",
              "outcome": "EXECUTED"
            },
            {
              "path": ":groovy-test:processResources",
              "outcome": "NO_SOURCE"
            },
            {
              "path": ":groovy-testng:classes",
              "outcome": "EXECUTED"
            },
            {
              "path": ":groovy-testng:compileGroovy",
              "outcome": "NO_SOURCE"
            },
            {
              "path": ":groovy-testng:compileJava",
              "outcome": "FROM_CACHE"
            },
            {
              "path": ":groovy-testng:generateReleaseInfo",
              "outcome": "EXECUTED"
            },
            {
              "path": ":groovy-testng:jar",
              "outcome": "EXECUTED"
            },
            {
              "path": ":groovy-testng:processResources",
              "outcome": "EXECUTED"
            },
            {
              "path": ":groovy-toml:classes",
              "outcome": "UP_TO_DATE"
            },
            {
              "path": ":groovy-toml:compileGroovy",
              "outcome": "NO_SOURCE"
            },
            {
              "path": ":groovy-toml:compileJava",
              "outcome": "FROM_CACHE"
            },
            {
              "path": ":groovy-toml:generateReleaseInfo",
              "outcome": "EXECUTED"
            },
            {
              "path": ":groovy-toml:jar",
              "outcome": "EXECUTED"
            },
            {
              "path": ":groovy-toml:processResources",
              "outcome": "NO_SOURCE"
            },
            {
              "path": ":groovy-typecheckers:classes",
              "outcome": "EXECUTED"
            },
            {
              "path": ":groovy-typecheckers:compileGroovy",
              "outcome": "EXECUTED"
            },
            {
              "path": ":groovy-typecheckers:compileJava",
              "outcome": "NO_SOURCE"
            },
            {
              "path": ":groovy-typecheckers:generateReleaseInfo",
              "outcome": "EXECUTED"
            },
            {
              "path": ":groovy-typecheckers:jar",
              "outcome": "EXECUTED"
            },
            {
              "path": ":groovy-typecheckers:processResources",
              "outcome": "NO_SOURCE"
            },
            {
              "path": ":groovy-xml:classes",
              "outcome": "EXECUTED"
            },
            {
              "path": ":groovy-xml:compileGroovy",
              "outcome": "EXECUTED"
            },
            {
              "path": ":groovy-xml:compileJava",
              "outcome": "FROM_CACHE"
            },
            {
              "path": ":groovy-xml:generateReleaseInfo",
              "outcome": "EXECUTED"
            },
            {
              "path": ":groovy-xml:jar",
              "outcome": "EXECUTED"
            },
            {
              "path": ":groovy-xml:moduleDescriptor",
              "outcome": "EXECUTED"
            },
            {
              "path": ":groovy-xml:processResources",
              "outcome": "NO_SOURCE"
            },
            {
              "path": ":groovy-yaml:classes",
              "outcome": "UP_TO_DATE"
            },
            {
              "path": ":groovy-yaml:compileGroovy",
              "outcome": "NO_SOURCE"
            },
            {
              "path": ":groovy-yaml:compileJava",
              "outcome": "FROM_CACHE"
            },
            {
              "path": ":groovy-yaml:generateReleaseInfo",
              "outcome": "EXECUTED"
            },
            {
              "path": ":groovy-yaml:jar",
              "outcome": "EXECUTED"
            },
            {
              "path": ":groovy-yaml:processResources",
              "outcome": "NO_SOURCE"
            },
            {
              "path": ":jar",
              "outcome": "EXECUTED"
            },
            {
              "path": ":osgiClasses",
              "outcome": "EXECUTED"
            },
            {
              "path": ":performance:classes",
              "outcome": "UP_TO_DATE"
            },
            {
              "path": ":performance:compileGroovy",
              "outcome": "NO_SOURCE"
            },
            {
              "path": ":performance:compileJava",
              "outcome": "NO_SOURCE"
            },
            {
              "path": ":performance:jar",
              "outcome": "EXECUTED"
            },
            {
              "path": ":performance:processResources",
              "outcome": "NO_SOURCE"
            },
            {
              "path": ":processResources",
              "outcome": "EXECUTED"
            },
            {
              "path": ":stress:classes",
              "outcome": "UP_TO_DATE"
            },
            {
              "path": ":stress:compileGroovy",
              "outcome": "NO_SOURCE"
            },
            {
              "path": ":stress:compileJava",
              "outcome": "NO_SOURCE"
            },
            {
              "path": ":stress:jar",
              "outcome": "EXECUTED"
            },
            {
              "path": ":stress:processResources",
              "outcome": "NO_SOURCE"
            },
            {
              "path": ":tests-preview:classes",
              "outcome": "UP_TO_DATE"
            },
            {
              "path": ":tests-preview:compileGroovy",
              "outcome": "NO_SOURCE"
            },
            {
              "path": ":tests-preview:compileJava",
              "outcome": "NO_SOURCE"
            },
            {
              "path": ":tests-preview:jar",
              "outcome": "EXECUTED"
            },
            {
              "path": ":tests-preview:processResources",
              "outcome": "NO_SOURCE"
            }
          ]
        },
        "hostPressure": {
          "available": true,
          "cpuSomeTotalUs": 18750752,
          "memorySomeTotalUs": 247,
          "memoryFullTotalUs": 200,
          "ioSomeTotalUs": 42334303,
          "ioFullTotalUs": 17438065
        }
      },
      {
        "phase": "TARGET_WORKLOAD_STABILIZATION",
        "durationMs": 79203,
        "logSha256": "1ddd902b0d904ebf78d5e69ed868a8b81c75b0655660b72c08e67e0bfb23f181",
        "taskOutcomes": {
          "total": 218,
          "executed": 138,
          "fromCache": 24,
          "upToDate": 8,
          "noSource": 48,
          "skipped": 0,
          "fingerprintSha256": "a8c9059b0fb2a799ddfba8828062a5ba4fb07b5deb583fa958f0ecb41079e151",
          "tasks": [
            {
              "path": ":bootstrapJar",
              "outcome": "EXECUTED"
            },
            {
              "path": ":build-logic:classes",
              "outcome": "EXECUTED"
            },
            {
              "path": ":build-logic:compileGroovy",
              "outcome": "FROM_CACHE"
            },
            {
              "path": ":build-logic:compileGroovyPlugins",
              "outcome": "FROM_CACHE"
            },
            {
              "path": ":build-logic:compileJava",
              "outcome": "FROM_CACHE"
            },
            {
              "path": ":build-logic:extractPluginRequests",
              "outcome": "FROM_CACHE"
            },
            {
              "path": ":build-logic:generatePluginAdapters",
              "outcome": "FROM_CACHE"
            },
            {
              "path": ":build-logic:jar",
              "outcome": "EXECUTED"
            },
            {
              "path": ":build-logic:pluginDescriptors",
              "outcome": "EXECUTED"
            },
            {
              "path": ":build-logic:processResources",
              "outcome": "EXECUTED"
            },
            {
              "path": ":classes",
              "outcome": "EXECUTED"
            },
            {
              "path": ":compileGroovy",
              "outcome": "EXECUTED"
            },
            {
              "path": ":compileJava",
              "outcome": "FROM_CACHE"
            },
            {
              "path": ":dgmConverter",
              "outcome": "FROM_CACHE"
            },
            {
              "path": ":generateGrammarSource",
              "outcome": "FROM_CACHE"
            },
            {
              "path": ":generateReleaseInfo",
              "outcome": "EXECUTED"
            },
            {
              "path": ":groovy-ant:classes",
              "outcome": "EXECUTED"
            },
            {
              "path": ":groovy-ant:compileGroovy",
              "outcome": "EXECUTED"
            },
            {
              "path": ":groovy-ant:compileJava",
              "outcome": "FROM_CACHE"
            },
            {
              "path": ":groovy-ant:generateReleaseInfo",
              "outcome": "EXECUTED"
            },
            {
              "path": ":groovy-ant:jar",
              "outcome": "EXECUTED"
            },
            {
              "path": ":groovy-ant:processResources",
              "outcome": "EXECUTED"
            },
            {
              "path": ":groovy-astbuilder:classes",
              "outcome": "EXECUTED"
            },
            {
              "path": ":groovy-astbuilder:compileGroovy",
              "outcome": "NO_SOURCE"
            },
            {
              "path": ":groovy-astbuilder:compileJava",
              "outcome": "FROM_CACHE"
            },
            {
              "path": ":groovy-astbuilder:generateReleaseInfo",
              "outcome": "EXECUTED"
            },
            {
              "path": ":groovy-astbuilder:jar",
              "outcome": "EXECUTED"
            },
            {
              "path": ":groovy-astbuilder:processResources",
              "outcome": "EXECUTED"
            },
            {
              "path": ":groovy-cli-commons:classes",
              "outcome": "EXECUTED"
            },
            {
              "path": ":groovy-cli-commons:compileGroovy",
              "outcome": "EXECUTED"
            },
            {
              "path": ":groovy-cli-commons:compileJava",
              "outcome": "NO_SOURCE"
            },
            {
              "path": ":groovy-cli-commons:generateReleaseInfo",
              "outcome": "EXECUTED"
            },
            {
              "path": ":groovy-cli-commons:jar",
              "outcome": "EXECUTED"
            },
            {
              "path": ":groovy-cli-commons:processResources",
              "outcome": "NO_SOURCE"
            },
            {
              "path": ":groovy-cli-picocli:classes",
              "outcome": "EXECUTED"
            },
            {
              "path": ":groovy-cli-picocli:compileGroovy",
              "outcome": "EXECUTED"
            },
            {
              "path": ":groovy-cli-picocli:compileJava",
              "outcome": "NO_SOURCE"
            },
            {
              "path": ":groovy-cli-picocli:generateReleaseInfo",
              "outcome": "EXECUTED"
            },
            {
              "path": ":groovy-cli-picocli:jar",
              "outcome": "EXECUTED"
            },
            {
              "path": ":groovy-cli-picocli:processResources",
              "outcome": "NO_SOURCE"
            },
            {
              "path": ":groovy-console:classes",
              "outcome": "EXECUTED"
            },
            {
              "path": ":groovy-console:compileGroovy",
              "outcome": "EXECUTED"
            },
            {
              "path": ":groovy-console:compileJava",
              "outcome": "NO_SOURCE"
            },
            {
              "path": ":groovy-console:generateReleaseInfo",
              "outcome": "EXECUTED"
            },
            {
              "path": ":groovy-console:jar",
              "outcome": "EXECUTED"
            },
            {
              "path": ":groovy-console:processResources",
              "outcome": "EXECUTED"
            },
            {
              "path": ":groovy-contracts:classes",
              "outcome": "EXECUTED"
            },
            {
              "path": ":groovy-contracts:compileGroovy",
              "outcome": "NO_SOURCE"
            },
            {
              "path": ":groovy-contracts:compileJava",
              "outcome": "FROM_CACHE"
            },
            {
              "path": ":groovy-contracts:generateReleaseInfo",
              "outcome": "EXECUTED"
            },
            {
              "path": ":groovy-contracts:jar",
              "outcome": "EXECUTED"
            },
            {
              "path": ":groovy-contracts:processResources",
              "outcome": "EXECUTED"
            },
            {
              "path": ":groovy-datetime:classes",
              "outcome": "UP_TO_DATE"
            },
            {
              "path": ":groovy-datetime:compileGroovy",
              "outcome": "NO_SOURCE"
            },
            {
              "path": ":groovy-datetime:compileJava",
              "outcome": "FROM_CACHE"
            },
            {
              "path": ":groovy-datetime:generateReleaseInfo",
              "outcome": "EXECUTED"
            },
            {
              "path": ":groovy-datetime:jar",
              "outcome": "EXECUTED"
            },
            {
              "path": ":groovy-datetime:moduleDescriptor",
              "outcome": "EXECUTED"
            },
            {
              "path": ":groovy-datetime:processResources",
              "outcome": "NO_SOURCE"
            },
            {
              "path": ":groovy-dateutil:classes",
              "outcome": "UP_TO_DATE"
            },
            {
              "path": ":groovy-dateutil:compileGroovy",
              "outcome": "NO_SOURCE"
            },
            {
              "path": ":groovy-dateutil:compileJava",
              "outcome": "FROM_CACHE"
            },
            {
              "path": ":groovy-dateutil:generateReleaseInfo",
              "outcome": "EXECUTED"
            },
            {
              "path": ":groovy-dateutil:jar",
              "outcome": "EXECUTED"
            },
            {
              "path": ":groovy-dateutil:moduleDescriptor",
              "outcome": "EXECUTED"
            },
            {
              "path": ":groovy-dateutil:processResources",
              "outcome": "NO_SOURCE"
            },
            {
              "path": ":groovy-docgenerator:classes",
              "outcome": "EXECUTED"
            },
            {
              "path": ":groovy-docgenerator:compileGroovy",
              "outcome": "EXECUTED"
            },
            {
              "path": ":groovy-docgenerator:compileJava",
              "outcome": "NO_SOURCE"
            },
            {
              "path": ":groovy-docgenerator:generateReleaseInfo",
              "outcome": "EXECUTED"
            },
            {
              "path": ":groovy-docgenerator:jar",
              "outcome": "EXECUTED"
            },
            {
              "path": ":groovy-docgenerator:processResources",
              "outcome": "EXECUTED"
            },
            {
              "path": ":groovy-ginq:classes",
              "outcome": "EXECUTED"
            },
            {
              "path": ":groovy-ginq:compileGroovy",
              "outcome": "EXECUTED"
            },
            {
              "path": ":groovy-ginq:compileJava",
              "outcome": "NO_SOURCE"
            },
            {
              "path": ":groovy-ginq:generateReleaseInfo",
              "outcome": "EXECUTED"
            },
            {
              "path": ":groovy-ginq:jar",
              "outcome": "EXECUTED"
            },
            {
              "path": ":groovy-ginq:moduleDescriptor",
              "outcome": "EXECUTED"
            },
            {
              "path": ":groovy-ginq:processResources",
              "outcome": "NO_SOURCE"
            },
            {
              "path": ":groovy-groovydoc:classes",
              "outcome": "EXECUTED"
            },
            {
              "path": ":groovy-groovydoc:compileGroovy",
              "outcome": "EXECUTED"
            },
            {
              "path": ":groovy-groovydoc:compileJava",
              "outcome": "FROM_CACHE"
            },
            {
              "path": ":groovy-groovydoc:generateReleaseInfo",
              "outcome": "EXECUTED"
            },
            {
              "path": ":groovy-groovydoc:jar",
              "outcome": "EXECUTED"
            },
            {
              "path": ":groovy-groovydoc:processResources",
              "outcome": "EXECUTED"
            },
            {
              "path": ":groovy-groovysh:classes",
              "outcome": "EXECUTED"
            },
            {
              "path": ":groovy-groovysh:compileGroovy",
              "outcome": "EXECUTED"
            },
            {
              "path": ":groovy-groovysh:compileJava",
              "outcome": "NO_SOURCE"
            },
            {
              "path": ":groovy-groovysh:generateReleaseInfo",
              "outcome": "EXECUTED"
            },
            {
              "path": ":groovy-groovysh:jar",
              "outcome": "EXECUTED"
            },
            {
              "path": ":groovy-groovysh:processResources",
              "outcome": "EXECUTED"
            },
            {
              "path": ":groovy-jmx:classes",
              "outcome": "EXECUTED"
            },
            {
              "path": ":groovy-jmx:compileGroovy",
              "outcome": "EXECUTED"
            },
            {
              "path": ":groovy-jmx:compileJava",
              "outcome": "FROM_CACHE"
            },
            {
              "path": ":groovy-jmx:generateReleaseInfo",
              "outcome": "EXECUTED"
            },
            {
              "path": ":groovy-jmx:jar",
              "outcome": "EXECUTED"
            },
            {
              "path": ":groovy-jmx:processResources",
              "outcome": "NO_SOURCE"
            },
            {
              "path": ":groovy-json:classes",
              "outcome": "EXECUTED"
            },
            {
              "path": ":groovy-json:compileGroovy",
              "outcome": "NO_SOURCE"
            },
            {
              "path": ":groovy-json:compileJava",
              "outcome": "EXECUTED"
            },
            {
              "path": ":groovy-json:generateReleaseInfo",
              "outcome": "EXECUTED"
            },
            {
              "path": ":groovy-json:jar",
              "outcome": "EXECUTED"
            },
            {
              "path": ":groovy-json:processResources",
              "outcome": "EXECUTED"
            },
            {
              "path": ":groovy-jsr223:classes",
              "outcome": "EXECUTED"
            },
            {
              "path": ":groovy-jsr223:compileGroovy",
              "outcome": "NO_SOURCE"
            },
            {
              "path": ":groovy-jsr223:compileJava",
              "outcome": "FROM_CACHE"
            },
            {
              "path": ":groovy-jsr223:generateReleaseInfo",
              "outcome": "EXECUTED"
            },
            {
              "path": ":groovy-jsr223:jar",
              "outcome": "EXECUTED"
            },
            {
              "path": ":groovy-jsr223:moduleDescriptor",
              "outcome": "EXECUTED"
            },
            {
              "path": ":groovy-jsr223:processResources",
              "outcome": "EXECUTED"
            },
            {
              "path": ":groovy-macro-library:classes",
              "outcome": "EXECUTED"
            },
            {
              "path": ":groovy-macro-library:compileGroovy",
              "outcome": "EXECUTED"
            },
            {
              "path": ":groovy-macro-library:compileJava",
              "outcome": "NO_SOURCE"
            },
            {
              "path": ":groovy-macro-library:generateReleaseInfo",
              "outcome": "EXECUTED"
            },
            {
              "path": ":groovy-macro-library:jar",
              "outcome": "EXECUTED"
            },
            {
              "path": ":groovy-macro-library:moduleDescriptor",
              "outcome": "EXECUTED"
            },
            {
              "path": ":groovy-macro-library:processResources",
              "outcome": "NO_SOURCE"
            },
            {
              "path": ":groovy-macro:classes",
              "outcome": "EXECUTED"
            },
            {
              "path": ":groovy-macro:compileGroovy",
              "outcome": "EXECUTED"
            },
            {
              "path": ":groovy-macro:compileJava",
              "outcome": "NO_SOURCE"
            },
            {
              "path": ":groovy-macro:generateReleaseInfo",
              "outcome": "EXECUTED"
            },
            {
              "path": ":groovy-macro:jar",
              "outcome": "EXECUTED"
            },
            {
              "path": ":groovy-macro:moduleDescriptor",
              "outcome": "EXECUTED"
            },
            {
              "path": ":groovy-macro:processResources",
              "outcome": "EXECUTED"
            },
            {
              "path": ":groovy-nio:classes",
              "outcome": "UP_TO_DATE"
            },
            {
              "path": ":groovy-nio:compileGroovy",
              "outcome": "NO_SOURCE"
            },
            {
              "path": ":groovy-nio:compileJava",
              "outcome": "FROM_CACHE"
            },
            {
              "path": ":groovy-nio:generateReleaseInfo",
              "outcome": "EXECUTED"
            },
            {
              "path": ":groovy-nio:jar",
              "outcome": "EXECUTED"
            },
            {
              "path": ":groovy-nio:moduleDescriptor",
              "outcome": "EXECUTED"
            },
            {
              "path": ":groovy-nio:processResources",
              "outcome": "NO_SOURCE"
            },
            {
              "path": ":groovy-servlet:classes",
              "outcome": "UP_TO_DATE"
            },
            {
              "path": ":groovy-servlet:compileGroovy",
              "outcome": "NO_SOURCE"
            },
            {
              "path": ":groovy-servlet:compileJava",
              "outcome": "FROM_CACHE"
            },
            {
              "path": ":groovy-servlet:generateReleaseInfo",
              "outcome": "EXECUTED"
            },
            {
              "path": ":groovy-servlet:jar",
              "outcome": "EXECUTED"
            },
            {
              "path": ":groovy-servlet:processResources",
              "outcome": "NO_SOURCE"
            },
            {
              "path": ":groovy-sql:classes",
              "outcome": "UP_TO_DATE"
            },
            {
              "path": ":groovy-sql:compileGroovy",
              "outcome": "NO_SOURCE"
            },
            {
              "path": ":groovy-sql:compileJava",
              "outcome": "FROM_CACHE"
            },
            {
              "path": ":groovy-sql:generateReleaseInfo",
              "outcome": "EXECUTED"
            },
            {
              "path": ":groovy-sql:jar",
              "outcome": "EXECUTED"
            },
            {
              "path": ":groovy-sql:moduleDescriptor",
              "outcome": "EXECUTED"
            },
            {
              "path": ":groovy-sql:processResources",
              "outcome": "NO_SOURCE"
            },
            {
              "path": ":groovy-swing:classes",
              "outcome": "EXECUTED"
            },
            {
              "path": ":groovy-swing:compileGroovy",
              "outcome": "EXECUTED"
            },
            {
              "path": ":groovy-swing:compileJava",
              "outcome": "FROM_CACHE"
            },
            {
              "path": ":groovy-swing:generateReleaseInfo",
              "outcome": "EXECUTED"
            },
            {
              "path": ":groovy-swing:jar",
              "outcome": "EXECUTED"
            },
            {
              "path": ":groovy-swing:moduleDescriptor",
              "outcome": "EXECUTED"
            },
            {
              "path": ":groovy-swing:processResources",
              "outcome": "NO_SOURCE"
            },
            {
              "path": ":groovy-templates:classes",
              "outcome": "EXECUTED"
            },
            {
              "path": ":groovy-templates:compileGroovy",
              "outcome": "EXECUTED"
            },
            {
              "path": ":groovy-templates:compileJava",
              "outcome": "NO_SOURCE"
            },
            {
              "path": ":groovy-templates:generateReleaseInfo",
              "outcome": "EXECUTED"
            },
            {
              "path": ":groovy-templates:jar",
              "outcome": "EXECUTED"
            },
            {
              "path": ":groovy-templates:processResources",
              "outcome": "NO_SOURCE"
            },
            {
              "path": ":groovy-test-junit5:classes",
              "outcome": "EXECUTED"
            },
            {
              "path": ":groovy-test-junit5:compileGroovy",
              "outcome": "EXECUTED"
            },
            {
              "path": ":groovy-test-junit5:compileJava",
              "outcome": "FROM_CACHE"
            },
            {
              "path": ":groovy-test-junit5:generateReleaseInfo",
              "outcome": "EXECUTED"
            },
            {
              "path": ":groovy-test-junit5:jar",
              "outcome": "EXECUTED"
            },
            {
              "path": ":groovy-test-junit5:processResources",
              "outcome": "EXECUTED"
            },
            {
              "path": ":groovy-test:classes",
              "outcome": "EXECUTED"
            },
            {
              "path": ":groovy-test:compileGroovy",
              "outcome": "EXECUTED"
            },
            {
              "path": ":groovy-test:compileJava",
              "outcome": "FROM_CACHE"
            },
            {
              "path": ":groovy-test:generateReleaseInfo",
              "outcome": "EXECUTED"
            },
            {
              "path": ":groovy-test:jar",
              "outcome": "EXECUTED"
            },
            {
              "path": ":groovy-test:processResources",
              "outcome": "NO_SOURCE"
            },
            {
              "path": ":groovy-testng:classes",
              "outcome": "EXECUTED"
            },
            {
              "path": ":groovy-testng:compileGroovy",
              "outcome": "NO_SOURCE"
            },
            {
              "path": ":groovy-testng:compileJava",
              "outcome": "FROM_CACHE"
            },
            {
              "path": ":groovy-testng:generateReleaseInfo",
              "outcome": "EXECUTED"
            },
            {
              "path": ":groovy-testng:jar",
              "outcome": "EXECUTED"
            },
            {
              "path": ":groovy-testng:processResources",
              "outcome": "EXECUTED"
            },
            {
              "path": ":groovy-toml:classes",
              "outcome": "EXECUTED"
            },
            {
              "path": ":groovy-toml:compileGroovy",
              "outcome": "NO_SOURCE"
            },
            {
              "path": ":groovy-toml:compileJava",
              "outcome": "EXECUTED"
            },
            {
              "path": ":groovy-toml:generateReleaseInfo",
              "outcome": "EXECUTED"
            },
            {
              "path": ":groovy-toml:jar",
              "outcome": "EXECUTED"
            },
            {
              "path": ":groovy-toml:processResources",
              "outcome": "NO_SOURCE"
            },
            {
              "path": ":groovy-typecheckers:classes",
              "outcome": "EXECUTED"
            },
            {
              "path": ":groovy-typecheckers:compileGroovy",
              "outcome": "EXECUTED"
            },
            {
              "path": ":groovy-typecheckers:compileJava",
              "outcome": "NO_SOURCE"
            },
            {
              "path": ":groovy-typecheckers:generateReleaseInfo",
              "outcome": "EXECUTED"
            },
            {
              "path": ":groovy-typecheckers:jar",
              "outcome": "EXECUTED"
            },
            {
              "path": ":groovy-typecheckers:processResources",
              "outcome": "NO_SOURCE"
            },
            {
              "path": ":groovy-xml:classes",
              "outcome": "EXECUTED"
            },
            {
              "path": ":groovy-xml:compileGroovy",
              "outcome": "EXECUTED"
            },
            {
              "path": ":groovy-xml:compileJava",
              "outcome": "FROM_CACHE"
            },
            {
              "path": ":groovy-xml:generateReleaseInfo",
              "outcome": "EXECUTED"
            },
            {
              "path": ":groovy-xml:jar",
              "outcome": "EXECUTED"
            },
            {
              "path": ":groovy-xml:moduleDescriptor",
              "outcome": "EXECUTED"
            },
            {
              "path": ":groovy-xml:processResources",
              "outcome": "NO_SOURCE"
            },
            {
              "path": ":groovy-yaml:classes",
              "outcome": "EXECUTED"
            },
            {
              "path": ":groovy-yaml:compileGroovy",
              "outcome": "NO_SOURCE"
            },
            {
              "path": ":groovy-yaml:compileJava",
              "outcome": "EXECUTED"
            },
            {
              "path": ":groovy-yaml:generateReleaseInfo",
              "outcome": "EXECUTED"
            },
            {
              "path": ":groovy-yaml:jar",
              "outcome": "EXECUTED"
            },
            {
              "path": ":groovy-yaml:processResources",
              "outcome": "NO_SOURCE"
            },
            {
              "path": ":jar",
              "outcome": "EXECUTED"
            },
            {
              "path": ":osgiClasses",
              "outcome": "EXECUTED"
            },
            {
              "path": ":performance:classes",
              "outcome": "UP_TO_DATE"
            },
            {
              "path": ":performance:compileGroovy",
              "outcome": "NO_SOURCE"
            },
            {
              "path": ":performance:compileJava",
              "outcome": "NO_SOURCE"
            },
            {
              "path": ":performance:jar",
              "outcome": "EXECUTED"
            },
            {
              "path": ":performance:processResources",
              "outcome": "NO_SOURCE"
            },
            {
              "path": ":processResources",
              "outcome": "EXECUTED"
            },
            {
              "path": ":stress:classes",
              "outcome": "UP_TO_DATE"
            },
            {
              "path": ":stress:compileGroovy",
              "outcome": "NO_SOURCE"
            },
            {
              "path": ":stress:compileJava",
              "outcome": "NO_SOURCE"
            },
            {
              "path": ":stress:jar",
              "outcome": "EXECUTED"
            },
            {
              "path": ":stress:processResources",
              "outcome": "NO_SOURCE"
            },
            {
              "path": ":tests-preview:classes",
              "outcome": "UP_TO_DATE"
            },
            {
              "path": ":tests-preview:compileGroovy",
              "outcome": "NO_SOURCE"
            },
            {
              "path": ":tests-preview:compileJava",
              "outcome": "NO_SOURCE"
            },
            {
              "path": ":tests-preview:jar",
              "outcome": "EXECUTED"
            },
            {
              "path": ":tests-preview:processResources",
              "outcome": "NO_SOURCE"
            }
          ]
        },
        "hostPressure": {
          "available": true,
          "cpuSomeTotalUs": 20190199,
          "memorySomeTotalUs": 24,
          "memoryFullTotalUs": 21,
          "ioSomeTotalUs": 39808989,
          "ioFullTotalUs": 16897400
        }
      }
    ],
    "candidateWarmups": [
      {
        "phase": "CACHE_SEED",
        "durationMs": 152625,
        "logSha256": "3c4b194889d8edeb956476e8bd493684bfd41a759251fdf48a3582ddfffbfd7d",
        "taskOutcomes": {
          "total": 25,
          "executed": 24,
          "fromCache": 0,
          "upToDate": 0,
          "noSource": 1,
          "skipped": 0,
          "fingerprintSha256": "74a2e1a4588b91accdf076cda4cb2c697590539d0f32836d22e89ed76e3bf071",
          "tasks": [
            {
              "path": ":bootstrapJar",
              "outcome": "EXECUTED"
            },
            {
              "path": ":build-logic:classes",
              "outcome": "EXECUTED"
            },
            {
              "path": ":build-logic:compileGroovy",
              "outcome": "EXECUTED"
            },
            {
              "path": ":build-logic:compileGroovyPlugins",
              "outcome": "EXECUTED"
            },
            {
              "path": ":build-logic:compileJava",
              "outcome": "EXECUTED"
            },
            {
              "path": ":build-logic:extractPluginRequests",
              "outcome": "EXECUTED"
            },
            {
              "path": ":build-logic:generatePluginAdapters",
              "outcome": "EXECUTED"
            },
            {
              "path": ":build-logic:jar",
              "outcome": "EXECUTED"
            },
            {
              "path": ":build-logic:pluginDescriptors",
              "outcome": "EXECUTED"
            },
            {
              "path": ":build-logic:processResources",
              "outcome": "EXECUTED"
            },
            {
              "path": ":classes",
              "outcome": "EXECUTED"
            },
            {
              "path": ":compileGroovy",
              "outcome": "EXECUTED"
            },
            {
              "path": ":compileJava",
              "outcome": "EXECUTED"
            },
            {
              "path": ":dgmConverter",
              "outcome": "EXECUTED"
            },
            {
              "path": ":generateGrammarSource",
              "outcome": "EXECUTED"
            },
            {
              "path": ":generateReleaseInfo",
              "outcome": "EXECUTED"
            },
            {
              "path": ":groovy-json:classes",
              "outcome": "EXECUTED"
            },
            {
              "path": ":groovy-json:compileGroovy",
              "outcome": "NO_SOURCE"
            },
            {
              "path": ":groovy-json:compileJava",
              "outcome": "EXECUTED"
            },
            {
              "path": ":groovy-json:generateReleaseInfo",
              "outcome": "EXECUTED"
            },
            {
              "path": ":groovy-json:jar",
              "outcome": "EXECUTED"
            },
            {
              "path": ":groovy-json:processResources",
              "outcome": "EXECUTED"
            },
            {
              "path": ":jar",
              "outcome": "EXECUTED"
            },
            {
              "path": ":osgiClasses",
              "outcome": "EXECUTED"
            },
            {
              "path": ":processResources",
              "outcome": "EXECUTED"
            }
          ]
        },
        "hostPressure": {
          "available": true,
          "cpuSomeTotalUs": 1145935,
          "memorySomeTotalUs": 305,
          "memoryFullTotalUs": 305,
          "ioSomeTotalUs": 97916387,
          "ioFullTotalUs": 71592666
        }
      },
      {
        "phase": "BASE_DAEMON_STABILIZATION",
        "durationMs": 24506,
        "logSha256": "f1a07cbba02298ff96d141f70df5ac89129c14e2097a3173071f84701acb4eeb",
        "taskOutcomes": {
          "total": 25,
          "executed": 15,
          "fromCache": 9,
          "upToDate": 0,
          "noSource": 1,
          "skipped": 0,
          "fingerprintSha256": "3101cecdd50b16320d5ace0afabed16d4990e5f67525c6aeac017f3fd9fcea14",
          "tasks": [
            {
              "path": ":bootstrapJar",
              "outcome": "EXECUTED"
            },
            {
              "path": ":build-logic:classes",
              "outcome": "EXECUTED"
            },
            {
              "path": ":build-logic:compileGroovy",
              "outcome": "FROM_CACHE"
            },
            {
              "path": ":build-logic:compileGroovyPlugins",
              "outcome": "FROM_CACHE"
            },
            {
              "path": ":build-logic:compileJava",
              "outcome": "FROM_CACHE"
            },
            {
              "path": ":build-logic:extractPluginRequests",
              "outcome": "FROM_CACHE"
            },
            {
              "path": ":build-logic:generatePluginAdapters",
              "outcome": "FROM_CACHE"
            },
            {
              "path": ":build-logic:jar",
              "outcome": "EXECUTED"
            },
            {
              "path": ":build-logic:pluginDescriptors",
              "outcome": "EXECUTED"
            },
            {
              "path": ":build-logic:processResources",
              "outcome": "EXECUTED"
            },
            {
              "path": ":classes",
              "outcome": "EXECUTED"
            },
            {
              "path": ":compileGroovy",
              "outcome": "EXECUTED"
            },
            {
              "path": ":compileJava",
              "outcome": "FROM_CACHE"
            },
            {
              "path": ":dgmConverter",
              "outcome": "FROM_CACHE"
            },
            {
              "path": ":generateGrammarSource",
              "outcome": "FROM_CACHE"
            },
            {
              "path": ":generateReleaseInfo",
              "outcome": "EXECUTED"
            },
            {
              "path": ":groovy-json:classes",
              "outcome": "EXECUTED"
            },
            {
              "path": ":groovy-json:compileGroovy",
              "outcome": "NO_SOURCE"
            },
            {
              "path": ":groovy-json:compileJava",
              "outcome": "FROM_CACHE"
            },
            {
              "path": ":groovy-json:generateReleaseInfo",
              "outcome": "EXECUTED"
            },
            {
              "path": ":groovy-json:jar",
              "outcome": "EXECUTED"
            },
            {
              "path": ":groovy-json:processResources",
              "outcome": "EXECUTED"
            },
            {
              "path": ":jar",
              "outcome": "EXECUTED"
            },
            {
              "path": ":osgiClasses",
              "outcome": "EXECUTED"
            },
            {
              "path": ":processResources",
              "outcome": "EXECUTED"
            }
          ]
        },
        "hostPressure": {
          "available": true,
          "cpuSomeTotalUs": 111154,
          "memorySomeTotalUs": 0,
          "memoryFullTotalUs": 0,
          "ioSomeTotalUs": 15052020,
          "ioFullTotalUs": 11610968
        }
      },
      {
        "phase": "TARGET_WORKLOAD_STABILIZATION",
        "durationMs": 23372,
        "logSha256": "852952b3e0a77408ab1663d990195ba0d4c9c830f9ce801d9eac270b5ae8cdea",
        "taskOutcomes": {
          "total": 25,
          "executed": 16,
          "fromCache": 8,
          "upToDate": 0,
          "noSource": 1,
          "skipped": 0,
          "fingerprintSha256": "b43c808e47c00d49cfb56f71197b3295e884e9f536fb660c7889cb8b633b76e2",
          "tasks": [
            {
              "path": ":bootstrapJar",
              "outcome": "EXECUTED"
            },
            {
              "path": ":build-logic:classes",
              "outcome": "EXECUTED"
            },
            {
              "path": ":build-logic:compileGroovy",
              "outcome": "FROM_CACHE"
            },
            {
              "path": ":build-logic:compileGroovyPlugins",
              "outcome": "FROM_CACHE"
            },
            {
              "path": ":build-logic:compileJava",
              "outcome": "FROM_CACHE"
            },
            {
              "path": ":build-logic:extractPluginRequests",
              "outcome": "FROM_CACHE"
            },
            {
              "path": ":build-logic:generatePluginAdapters",
              "outcome": "FROM_CACHE"
            },
            {
              "path": ":build-logic:jar",
              "outcome": "EXECUTED"
            },
            {
              "path": ":build-logic:pluginDescriptors",
              "outcome": "EXECUTED"
            },
            {
              "path": ":build-logic:processResources",
              "outcome": "EXECUTED"
            },
            {
              "path": ":classes",
              "outcome": "EXECUTED"
            },
            {
              "path": ":compileGroovy",
              "outcome": "EXECUTED"
            },
            {
              "path": ":compileJava",
              "outcome": "FROM_CACHE"
            },
            {
              "path": ":dgmConverter",
              "outcome": "FROM_CACHE"
            },
            {
              "path": ":generateGrammarSource",
              "outcome": "FROM_CACHE"
            },
            {
              "path": ":generateReleaseInfo",
              "outcome": "EXECUTED"
            },
            {
              "path": ":groovy-json:classes",
              "outcome": "EXECUTED"
            },
            {
              "path": ":groovy-json:compileGroovy",
              "outcome": "NO_SOURCE"
            },
            {
              "path": ":groovy-json:compileJava",
              "outcome": "EXECUTED"
            },
            {
              "path": ":groovy-json:generateReleaseInfo",
              "outcome": "EXECUTED"
            },
            {
              "path": ":groovy-json:jar",
              "outcome": "EXECUTED"
            },
            {
              "path": ":groovy-json:processResources",
              "outcome": "EXECUTED"
            },
            {
              "path": ":jar",
              "outcome": "EXECUTED"
            },
            {
              "path": ":osgiClasses",
              "outcome": "EXECUTED"
            },
            {
              "path": ":processResources",
              "outcome": "EXECUTED"
            }
          ]
        },
        "hostPressure": {
          "available": true,
          "cpuSomeTotalUs": 179435,
          "memorySomeTotalUs": 0,
          "memoryFullTotalUs": 0,
          "ioSomeTotalUs": 14291730,
          "ioFullTotalUs": 9735172
        }
      }
    ]
  },
  "observations": [
    {
      "pair": 1,
      "order": "CONTROL_FIRST",
      "controlDurationMs": 72492,
      "candidateDurationMs": 22298,
      "savedMs": 50194,
      "controlRequiredOutputSha256": "27f462c377352f1f2a4074f1fae1f96ed51ec97f97e5b42237a57174204da1d5",
      "candidateRequiredOutputSha256": "27f462c377352f1f2a4074f1fae1f96ed51ec97f97e5b42237a57174204da1d5",
      "requiredOutputCount": 1,
      "productAttributableFailure": false,
      "controlLogSha256": "426d8c7f311977eb6e4a4731d7b5dbaa7639ac6b7e081ec3dcf171b55f019c7d",
      "candidateLogSha256": "3377f095793149b46a9be7d1f772f33213104281ada4cd26cb42aec725d67c09",
      "controlTaskOutcomes": {
        "total": 218,
        "executed": 138,
        "fromCache": 24,
        "upToDate": 8,
        "noSource": 48,
        "skipped": 0,
        "fingerprintSha256": "a8c9059b0fb2a799ddfba8828062a5ba4fb07b5deb583fa958f0ecb41079e151",
        "tasks": [
          {
            "path": ":bootstrapJar",
            "outcome": "EXECUTED"
          },
          {
            "path": ":build-logic:classes",
            "outcome": "EXECUTED"
          },
          {
            "path": ":build-logic:compileGroovy",
            "outcome": "FROM_CACHE"
          },
          {
            "path": ":build-logic:compileGroovyPlugins",
            "outcome": "FROM_CACHE"
          },
          {
            "path": ":build-logic:compileJava",
            "outcome": "FROM_CACHE"
          },
          {
            "path": ":build-logic:extractPluginRequests",
            "outcome": "FROM_CACHE"
          },
          {
            "path": ":build-logic:generatePluginAdapters",
            "outcome": "FROM_CACHE"
          },
          {
            "path": ":build-logic:jar",
            "outcome": "EXECUTED"
          },
          {
            "path": ":build-logic:pluginDescriptors",
            "outcome": "EXECUTED"
          },
          {
            "path": ":build-logic:processResources",
            "outcome": "EXECUTED"
          },
          {
            "path": ":classes",
            "outcome": "EXECUTED"
          },
          {
            "path": ":compileGroovy",
            "outcome": "EXECUTED"
          },
          {
            "path": ":compileJava",
            "outcome": "FROM_CACHE"
          },
          {
            "path": ":dgmConverter",
            "outcome": "FROM_CACHE"
          },
          {
            "path": ":generateGrammarSource",
            "outcome": "FROM_CACHE"
          },
          {
            "path": ":generateReleaseInfo",
            "outcome": "EXECUTED"
          },
          {
            "path": ":groovy-ant:classes",
            "outcome": "EXECUTED"
          },
          {
            "path": ":groovy-ant:compileGroovy",
            "outcome": "EXECUTED"
          },
          {
            "path": ":groovy-ant:compileJava",
            "outcome": "FROM_CACHE"
          },
          {
            "path": ":groovy-ant:generateReleaseInfo",
            "outcome": "EXECUTED"
          },
          {
            "path": ":groovy-ant:jar",
            "outcome": "EXECUTED"
          },
          {
            "path": ":groovy-ant:processResources",
            "outcome": "EXECUTED"
          },
          {
            "path": ":groovy-astbuilder:classes",
            "outcome": "EXECUTED"
          },
          {
            "path": ":groovy-astbuilder:compileGroovy",
            "outcome": "NO_SOURCE"
          },
          {
            "path": ":groovy-astbuilder:compileJava",
            "outcome": "FROM_CACHE"
          },
          {
            "path": ":groovy-astbuilder:generateReleaseInfo",
            "outcome": "EXECUTED"
          },
          {
            "path": ":groovy-astbuilder:jar",
            "outcome": "EXECUTED"
          },
          {
            "path": ":groovy-astbuilder:processResources",
            "outcome": "EXECUTED"
          },
          {
            "path": ":groovy-cli-commons:classes",
            "outcome": "EXECUTED"
          },
          {
            "path": ":groovy-cli-commons:compileGroovy",
            "outcome": "EXECUTED"
          },
          {
            "path": ":groovy-cli-commons:compileJava",
            "outcome": "NO_SOURCE"
          },
          {
            "path": ":groovy-cli-commons:generateReleaseInfo",
            "outcome": "EXECUTED"
          },
          {
            "path": ":groovy-cli-commons:jar",
            "outcome": "EXECUTED"
          },
          {
            "path": ":groovy-cli-commons:processResources",
            "outcome": "NO_SOURCE"
          },
          {
            "path": ":groovy-cli-picocli:classes",
            "outcome": "EXECUTED"
          },
          {
            "path": ":groovy-cli-picocli:compileGroovy",
            "outcome": "EXECUTED"
          },
          {
            "path": ":groovy-cli-picocli:compileJava",
            "outcome": "NO_SOURCE"
          },
          {
            "path": ":groovy-cli-picocli:generateReleaseInfo",
            "outcome": "EXECUTED"
          },
          {
            "path": ":groovy-cli-picocli:jar",
            "outcome": "EXECUTED"
          },
          {
            "path": ":groovy-cli-picocli:processResources",
            "outcome": "NO_SOURCE"
          },
          {
            "path": ":groovy-console:classes",
            "outcome": "EXECUTED"
          },
          {
            "path": ":groovy-console:compileGroovy",
            "outcome": "EXECUTED"
          },
          {
            "path": ":groovy-console:compileJava",
            "outcome": "NO_SOURCE"
          },
          {
            "path": ":groovy-console:generateReleaseInfo",
            "outcome": "EXECUTED"
          },
          {
            "path": ":groovy-console:jar",
            "outcome": "EXECUTED"
          },
          {
            "path": ":groovy-console:processResources",
            "outcome": "EXECUTED"
          },
          {
            "path": ":groovy-contracts:classes",
            "outcome": "EXECUTED"
          },
          {
            "path": ":groovy-contracts:compileGroovy",
            "outcome": "NO_SOURCE"
          },
          {
            "path": ":groovy-contracts:compileJava",
            "outcome": "FROM_CACHE"
          },
          {
            "path": ":groovy-contracts:generateReleaseInfo",
            "outcome": "EXECUTED"
          },
          {
            "path": ":groovy-contracts:jar",
            "outcome": "EXECUTED"
          },
          {
            "path": ":groovy-contracts:processResources",
            "outcome": "EXECUTED"
          },
          {
            "path": ":groovy-datetime:classes",
            "outcome": "UP_TO_DATE"
          },
          {
            "path": ":groovy-datetime:compileGroovy",
            "outcome": "NO_SOURCE"
          },
          {
            "path": ":groovy-datetime:compileJava",
            "outcome": "FROM_CACHE"
          },
          {
            "path": ":groovy-datetime:generateReleaseInfo",
            "outcome": "EXECUTED"
          },
          {
            "path": ":groovy-datetime:jar",
            "outcome": "EXECUTED"
          },
          {
            "path": ":groovy-datetime:moduleDescriptor",
            "outcome": "EXECUTED"
          },
          {
            "path": ":groovy-datetime:processResources",
            "outcome": "NO_SOURCE"
          },
          {
            "path": ":groovy-dateutil:classes",
            "outcome": "UP_TO_DATE"
          },
          {
            "path": ":groovy-dateutil:compileGroovy",
            "outcome": "NO_SOURCE"
          },
          {
            "path": ":groovy-dateutil:compileJava",
            "outcome": "FROM_CACHE"
          },
          {
            "path": ":groovy-dateutil:generateReleaseInfo",
            "outcome": "EXECUTED"
          },
          {
            "path": ":groovy-dateutil:jar",
            "outcome": "EXECUTED"
          },
          {
            "path": ":groovy-dateutil:moduleDescriptor",
            "outcome": "EXECUTED"
          },
          {
            "path": ":groovy-dateutil:processResources",
            "outcome": "NO_SOURCE"
          },
          {
            "path": ":groovy-docgenerator:classes",
            "outcome": "EXECUTED"
          },
          {
            "path": ":groovy-docgenerator:compileGroovy",
            "outcome": "EXECUTED"
          },
          {
            "path": ":groovy-docgenerator:compileJava",
            "outcome": "NO_SOURCE"
          },
          {
            "path": ":groovy-docgenerator:generateReleaseInfo",
            "outcome": "EXECUTED"
          },
          {
            "path": ":groovy-docgenerator:jar",
            "outcome": "EXECUTED"
          },
          {
            "path": ":groovy-docgenerator:processResources",
            "outcome": "EXECUTED"
          },
          {
            "path": ":groovy-ginq:classes",
            "outcome": "EXECUTED"
          },
          {
            "path": ":groovy-ginq:compileGroovy",
            "outcome": "EXECUTED"
          },
          {
            "path": ":groovy-ginq:compileJava",
            "outcome": "NO_SOURCE"
          },
          {
            "path": ":groovy-ginq:generateReleaseInfo",
            "outcome": "EXECUTED"
          },
          {
            "path": ":groovy-ginq:jar",
            "outcome": "EXECUTED"
          },
          {
            "path": ":groovy-ginq:moduleDescriptor",
            "outcome": "EXECUTED"
          },
          {
            "path": ":groovy-ginq:processResources",
            "outcome": "NO_SOURCE"
          },
          {
            "path": ":groovy-groovydoc:classes",
            "outcome": "EXECUTED"
          },
          {
            "path": ":groovy-groovydoc:compileGroovy",
            "outcome": "EXECUTED"
          },
          {
            "path": ":groovy-groovydoc:compileJava",
            "outcome": "FROM_CACHE"
          },
          {
            "path": ":groovy-groovydoc:generateReleaseInfo",
            "outcome": "EXECUTED"
          },
          {
            "path": ":groovy-groovydoc:jar",
            "outcome": "EXECUTED"
          },
          {
            "path": ":groovy-groovydoc:processResources",
            "outcome": "EXECUTED"
          },
          {
            "path": ":groovy-groovysh:classes",
            "outcome": "EXECUTED"
          },
          {
            "path": ":groovy-groovysh:compileGroovy",
            "outcome": "EXECUTED"
          },
          {
            "path": ":groovy-groovysh:compileJava",
            "outcome": "NO_SOURCE"
          },
          {
            "path": ":groovy-groovysh:generateReleaseInfo",
            "outcome": "EXECUTED"
          },
          {
            "path": ":groovy-groovysh:jar",
            "outcome": "EXECUTED"
          },
          {
            "path": ":groovy-groovysh:processResources",
            "outcome": "EXECUTED"
          },
          {
            "path": ":groovy-jmx:classes",
            "outcome": "EXECUTED"
          },
          {
            "path": ":groovy-jmx:compileGroovy",
            "outcome": "EXECUTED"
          },
          {
            "path": ":groovy-jmx:compileJava",
            "outcome": "FROM_CACHE"
          },
          {
            "path": ":groovy-jmx:generateReleaseInfo",
            "outcome": "EXECUTED"
          },
          {
            "path": ":groovy-jmx:jar",
            "outcome": "EXECUTED"
          },
          {
            "path": ":groovy-jmx:processResources",
            "outcome": "NO_SOURCE"
          },
          {
            "path": ":groovy-json:classes",
            "outcome": "EXECUTED"
          },
          {
            "path": ":groovy-json:compileGroovy",
            "outcome": "NO_SOURCE"
          },
          {
            "path": ":groovy-json:compileJava",
            "outcome": "EXECUTED"
          },
          {
            "path": ":groovy-json:generateReleaseInfo",
            "outcome": "EXECUTED"
          },
          {
            "path": ":groovy-json:jar",
            "outcome": "EXECUTED"
          },
          {
            "path": ":groovy-json:processResources",
            "outcome": "EXECUTED"
          },
          {
            "path": ":groovy-jsr223:classes",
            "outcome": "EXECUTED"
          },
          {
            "path": ":groovy-jsr223:compileGroovy",
            "outcome": "NO_SOURCE"
          },
          {
            "path": ":groovy-jsr223:compileJava",
            "outcome": "FROM_CACHE"
          },
          {
            "path": ":groovy-jsr223:generateReleaseInfo",
            "outcome": "EXECUTED"
          },
          {
            "path": ":groovy-jsr223:jar",
            "outcome": "EXECUTED"
          },
          {
            "path": ":groovy-jsr223:moduleDescriptor",
            "outcome": "EXECUTED"
          },
          {
            "path": ":groovy-jsr223:processResources",
            "outcome": "EXECUTED"
          },
          {
            "path": ":groovy-macro-library:classes",
            "outcome": "EXECUTED"
          },
          {
            "path": ":groovy-macro-library:compileGroovy",
            "outcome": "EXECUTED"
          },
          {
            "path": ":groovy-macro-library:compileJava",
            "outcome": "NO_SOURCE"
          },
          {
            "path": ":groovy-macro-library:generateReleaseInfo",
            "outcome": "EXECUTED"
          },
          {
            "path": ":groovy-macro-library:jar",
            "outcome": "EXECUTED"
          },
          {
            "path": ":groovy-macro-library:moduleDescriptor",
            "outcome": "EXECUTED"
          },
          {
            "path": ":groovy-macro-library:processResources",
            "outcome": "NO_SOURCE"
          },
          {
            "path": ":groovy-macro:classes",
            "outcome": "EXECUTED"
          },
          {
            "path": ":groovy-macro:compileGroovy",
            "outcome": "EXECUTED"
          },
          {
            "path": ":groovy-macro:compileJava",
            "outcome": "NO_SOURCE"
          },
          {
            "path": ":groovy-macro:generateReleaseInfo",
            "outcome": "EXECUTED"
          },
          {
            "path": ":groovy-macro:jar",
            "outcome": "EXECUTED"
          },
          {
            "path": ":groovy-macro:moduleDescriptor",
            "outcome": "EXECUTED"
          },
          {
            "path": ":groovy-macro:processResources",
            "outcome": "EXECUTED"
          },
          {
            "path": ":groovy-nio:classes",
            "outcome": "UP_TO_DATE"
          },
          {
            "path": ":groovy-nio:compileGroovy",
            "outcome": "NO_SOURCE"
          },
          {
            "path": ":groovy-nio:compileJava",
            "outcome": "FROM_CACHE"
          },
          {
            "path": ":groovy-nio:generateReleaseInfo",
            "outcome": "EXECUTED"
          },
          {
            "path": ":groovy-nio:jar",
            "outcome": "EXECUTED"
          },
          {
            "path": ":groovy-nio:moduleDescriptor",
            "outcome": "EXECUTED"
          },
          {
            "path": ":groovy-nio:processResources",
            "outcome": "NO_SOURCE"
          },
          {
            "path": ":groovy-servlet:classes",
            "outcome": "UP_TO_DATE"
          },
          {
            "path": ":groovy-servlet:compileGroovy",
            "outcome": "NO_SOURCE"
          },
          {
            "path": ":groovy-servlet:compileJava",
            "outcome": "FROM_CACHE"
          },
          {
            "path": ":groovy-servlet:generateReleaseInfo",
            "outcome": "EXECUTED"
          },
          {
            "path": ":groovy-servlet:jar",
            "outcome": "EXECUTED"
          },
          {
            "path": ":groovy-servlet:processResources",
            "outcome": "NO_SOURCE"
          },
          {
            "path": ":groovy-sql:classes",
            "outcome": "UP_TO_DATE"
          },
          {
            "path": ":groovy-sql:compileGroovy",
            "outcome": "NO_SOURCE"
          },
          {
            "path": ":groovy-sql:compileJava",
            "outcome": "FROM_CACHE"
          },
          {
            "path": ":groovy-sql:generateReleaseInfo",
            "outcome": "EXECUTED"
          },
          {
            "path": ":groovy-sql:jar",
            "outcome": "EXECUTED"
          },
          {
            "path": ":groovy-sql:moduleDescriptor",
            "outcome": "EXECUTED"
          },
          {
            "path": ":groovy-sql:processResources",
            "outcome": "NO_SOURCE"
          },
          {
            "path": ":groovy-swing:classes",
            "outcome": "EXECUTED"
          },
          {
            "path": ":groovy-swing:compileGroovy",
            "outcome": "EXECUTED"
          },
          {
            "path": ":groovy-swing:compileJava",
            "outcome": "FROM_CACHE"
          },
          {
            "path": ":groovy-swing:generateReleaseInfo",
            "outcome": "EXECUTED"
          },
          {
            "path": ":groovy-swing:jar",
            "outcome": "EXECUTED"
          },
          {
            "path": ":groovy-swing:moduleDescriptor",
            "outcome": "EXECUTED"
          },
          {
            "path": ":groovy-swing:processResources",
            "outcome": "NO_SOURCE"
          },
          {
            "path": ":groovy-templates:classes",
            "outcome": "EXECUTED"
          },
          {
            "path": ":groovy-templates:compileGroovy",
            "outcome": "EXECUTED"
          },
          {
            "path": ":groovy-templates:compileJava",
            "outcome": "NO_SOURCE"
          },
          {
            "path": ":groovy-templates:generateReleaseInfo",
            "outcome": "EXECUTED"
          },
          {
            "path": ":groovy-templates:jar",
            "outcome": "EXECUTED"
          },
          {
            "path": ":groovy-templates:processResources",
            "outcome": "NO_SOURCE"
          },
          {
            "path": ":groovy-test-junit5:classes",
            "outcome": "EXECUTED"
          },
          {
            "path": ":groovy-test-junit5:compileGroovy",
            "outcome": "EXECUTED"
          },
          {
            "path": ":groovy-test-junit5:compileJava",
            "outcome": "FROM_CACHE"
          },
          {
            "path": ":groovy-test-junit5:generateReleaseInfo",
            "outcome": "EXECUTED"
          },
          {
            "path": ":groovy-test-junit5:jar",
            "outcome": "EXECUTED"
          },
          {
            "path": ":groovy-test-junit5:processResources",
            "outcome": "EXECUTED"
          },
          {
            "path": ":groovy-test:classes",
            "outcome": "EXECUTED"
          },
          {
            "path": ":groovy-test:compileGroovy",
            "outcome": "EXECUTED"
          },
          {
            "path": ":groovy-test:compileJava",
            "outcome": "FROM_CACHE"
          },
          {
            "path": ":groovy-test:generateReleaseInfo",
            "outcome": "EXECUTED"
          },
          {
            "path": ":groovy-test:jar",
            "outcome": "EXECUTED"
          },
          {
            "path": ":groovy-test:processResources",
            "outcome": "NO_SOURCE"
          },
          {
            "path": ":groovy-testng:classes",
            "outcome": "EXECUTED"
          },
          {
            "path": ":groovy-testng:compileGroovy",
            "outcome": "NO_SOURCE"
          },
          {
            "path": ":groovy-testng:compileJava",
            "outcome": "FROM_CACHE"
          },
          {
            "path": ":groovy-testng:generateReleaseInfo",
            "outcome": "EXECUTED"
          },
          {
            "path": ":groovy-testng:jar",
            "outcome": "EXECUTED"
          },
          {
            "path": ":groovy-testng:processResources",
            "outcome": "EXECUTED"
          },
          {
            "path": ":groovy-toml:classes",
            "outcome": "EXECUTED"
          },
          {
            "path": ":groovy-toml:compileGroovy",
            "outcome": "NO_SOURCE"
          },
          {
            "path": ":groovy-toml:compileJava",
            "outcome": "EXECUTED"
          },
          {
            "path": ":groovy-toml:generateReleaseInfo",
            "outcome": "EXECUTED"
          },
          {
            "path": ":groovy-toml:jar",
            "outcome": "EXECUTED"
          },
          {
            "path": ":groovy-toml:processResources",
            "outcome": "NO_SOURCE"
          },
          {
            "path": ":groovy-typecheckers:classes",
            "outcome": "EXECUTED"
          },
          {
            "path": ":groovy-typecheckers:compileGroovy",
            "outcome": "EXECUTED"
          },
          {
            "path": ":groovy-typecheckers:compileJava",
            "outcome": "NO_SOURCE"
          },
          {
            "path": ":groovy-typecheckers:generateReleaseInfo",
            "outcome": "EXECUTED"
          },
          {
            "path": ":groovy-typecheckers:jar",
            "outcome": "EXECUTED"
          },
          {
            "path": ":groovy-typecheckers:processResources",
            "outcome": "NO_SOURCE"
          },
          {
            "path": ":groovy-xml:classes",
            "outcome": "EXECUTED"
          },
          {
            "path": ":groovy-xml:compileGroovy",
            "outcome": "EXECUTED"
          },
          {
            "path": ":groovy-xml:compileJava",
            "outcome": "FROM_CACHE"
          },
          {
            "path": ":groovy-xml:generateReleaseInfo",
            "outcome": "EXECUTED"
          },
          {
            "path": ":groovy-xml:jar",
            "outcome": "EXECUTED"
          },
          {
            "path": ":groovy-xml:moduleDescriptor",
            "outcome": "EXECUTED"
          },
          {
            "path": ":groovy-xml:processResources",
            "outcome": "NO_SOURCE"
          },
          {
            "path": ":groovy-yaml:classes",
            "outcome": "EXECUTED"
          },
          {
            "path": ":groovy-yaml:compileGroovy",
            "outcome": "NO_SOURCE"
          },
          {
            "path": ":groovy-yaml:compileJava",
            "outcome": "EXECUTED"
          },
          {
            "path": ":groovy-yaml:generateReleaseInfo",
            "outcome": "EXECUTED"
          },
          {
            "path": ":groovy-yaml:jar",
            "outcome": "EXECUTED"
          },
          {
            "path": ":groovy-yaml:processResources",
            "outcome": "NO_SOURCE"
          },
          {
            "path": ":jar",
            "outcome": "EXECUTED"
          },
          {
            "path": ":osgiClasses",
            "outcome": "EXECUTED"
          },
          {
            "path": ":performance:classes",
            "outcome": "UP_TO_DATE"
          },
          {
            "path": ":performance:compileGroovy",
            "outcome": "NO_SOURCE"
          },
          {
            "path": ":performance:compileJava",
            "outcome": "NO_SOURCE"
          },
          {
            "path": ":performance:jar",
            "outcome": "EXECUTED"
          },
          {
            "path": ":performance:processResources",
            "outcome": "NO_SOURCE"
          },
          {
            "path": ":processResources",
            "outcome": "EXECUTED"
          },
          {
            "path": ":stress:classes",
            "outcome": "UP_TO_DATE"
          },
          {
            "path": ":stress:compileGroovy",
            "outcome": "NO_SOURCE"
          },
          {
            "path": ":stress:compileJava",
            "outcome": "NO_SOURCE"
          },
          {
            "path": ":stress:jar",
            "outcome": "EXECUTED"
          },
          {
            "path": ":stress:processResources",
            "outcome": "NO_SOURCE"
          },
          {
            "path": ":tests-preview:classes",
            "outcome": "UP_TO_DATE"
          },
          {
            "path": ":tests-preview:compileGroovy",
            "outcome": "NO_SOURCE"
          },
          {
            "path": ":tests-preview:compileJava",
            "outcome": "NO_SOURCE"
          },
          {
            "path": ":tests-preview:jar",
            "outcome": "EXECUTED"
          },
          {
            "path": ":tests-preview:processResources",
            "outcome": "NO_SOURCE"
          }
        ]
      },
      "candidateTaskOutcomes": {
        "total": 25,
        "executed": 16,
        "fromCache": 8,
        "upToDate": 0,
        "noSource": 1,
        "skipped": 0,
        "fingerprintSha256": "b43c808e47c00d49cfb56f71197b3295e884e9f536fb660c7889cb8b633b76e2",
        "tasks": [
          {
            "path": ":bootstrapJar",
            "outcome": "EXECUTED"
          },
          {
            "path": ":build-logic:classes",
            "outcome": "EXECUTED"
          },
          {
            "path": ":build-logic:compileGroovy",
            "outcome": "FROM_CACHE"
          },
          {
            "path": ":build-logic:compileGroovyPlugins",
            "outcome": "FROM_CACHE"
          },
          {
            "path": ":build-logic:compileJava",
            "outcome": "FROM_CACHE"
          },
          {
            "path": ":build-logic:extractPluginRequests",
            "outcome": "FROM_CACHE"
          },
          {
            "path": ":build-logic:generatePluginAdapters",
            "outcome": "FROM_CACHE"
          },
          {
            "path": ":build-logic:jar",
            "outcome": "EXECUTED"
          },
          {
            "path": ":build-logic:pluginDescriptors",
            "outcome": "EXECUTED"
          },
          {
            "path": ":build-logic:processResources",
            "outcome": "EXECUTED"
          },
          {
            "path": ":classes",
            "outcome": "EXECUTED"
          },
          {
            "path": ":compileGroovy",
            "outcome": "EXECUTED"
          },
          {
            "path": ":compileJava",
            "outcome": "FROM_CACHE"
          },
          {
            "path": ":dgmConverter",
            "outcome": "FROM_CACHE"
          },
          {
            "path": ":generateGrammarSource",
            "outcome": "FROM_CACHE"
          },
          {
            "path": ":generateReleaseInfo",
            "outcome": "EXECUTED"
          },
          {
            "path": ":groovy-json:classes",
            "outcome": "EXECUTED"
          },
          {
            "path": ":groovy-json:compileGroovy",
            "outcome": "NO_SOURCE"
          },
          {
            "path": ":groovy-json:compileJava",
            "outcome": "EXECUTED"
          },
          {
            "path": ":groovy-json:generateReleaseInfo",
            "outcome": "EXECUTED"
          },
          {
            "path": ":groovy-json:jar",
            "outcome": "EXECUTED"
          },
          {
            "path": ":groovy-json:processResources",
            "outcome": "EXECUTED"
          },
          {
            "path": ":jar",
            "outcome": "EXECUTED"
          },
          {
            "path": ":osgiClasses",
            "outcome": "EXECUTED"
          },
          {
            "path": ":processResources",
            "outcome": "EXECUTED"
          }
        ]
      },
      "controlHostPressure": {
        "available": true,
        "cpuSomeTotalUs": 15880879,
        "memorySomeTotalUs": 52421,
        "memoryFullTotalUs": 51570,
        "ioSomeTotalUs": 38020999,
        "ioFullTotalUs": 17264521
      },
      "candidateHostPressure": {
        "available": true,
        "cpuSomeTotalUs": 134720,
        "memorySomeTotalUs": 0,
        "memoryFullTotalUs": 0,
        "ioSomeTotalUs": 15995098,
        "ioFullTotalUs": 11807854
      }
    },
    {
      "pair": 2,
      "order": "CANDIDATE_FIRST",
      "controlDurationMs": 71059,
      "candidateDurationMs": 18633,
      "savedMs": 52426,
      "controlRequiredOutputSha256": "27f462c377352f1f2a4074f1fae1f96ed51ec97f97e5b42237a57174204da1d5",
      "candidateRequiredOutputSha256": "27f462c377352f1f2a4074f1fae1f96ed51ec97f97e5b42237a57174204da1d5",
      "requiredOutputCount": 1,
      "productAttributableFailure": false,
      "controlLogSha256": "8ee70d2e7ce349482a2d8afbabf09da5c61335b472cd86c0434bcba780e2600f",
      "candidateLogSha256": "130e736471e0cccf8e9dd66a365fc461243c2d85f67a4d136052e1ecc31caeb7",
      "controlTaskOutcomes": {
        "total": 218,
        "executed": 138,
        "fromCache": 24,
        "upToDate": 8,
        "noSource": 48,
        "skipped": 0,
        "fingerprintSha256": "a8c9059b0fb2a799ddfba8828062a5ba4fb07b5deb583fa958f0ecb41079e151",
        "tasks": [
          {
            "path": ":bootstrapJar",
            "outcome": "EXECUTED"
          },
          {
            "path": ":build-logic:classes",
            "outcome": "EXECUTED"
          },
          {
            "path": ":build-logic:compileGroovy",
            "outcome": "FROM_CACHE"
          },
          {
            "path": ":build-logic:compileGroovyPlugins",
            "outcome": "FROM_CACHE"
          },
          {
            "path": ":build-logic:compileJava",
            "outcome": "FROM_CACHE"
          },
          {
            "path": ":build-logic:extractPluginRequests",
            "outcome": "FROM_CACHE"
          },
          {
            "path": ":build-logic:generatePluginAdapters",
            "outcome": "FROM_CACHE"
          },
          {
            "path": ":build-logic:jar",
            "outcome": "EXECUTED"
          },
          {
            "path": ":build-logic:pluginDescriptors",
            "outcome": "EXECUTED"
          },
          {
            "path": ":build-logic:processResources",
            "outcome": "EXECUTED"
          },
          {
            "path": ":classes",
            "outcome": "EXECUTED"
          },
          {
            "path": ":compileGroovy",
            "outcome": "EXECUTED"
          },
          {
            "path": ":compileJava",
            "outcome": "FROM_CACHE"
          },
          {
            "path": ":dgmConverter",
            "outcome": "FROM_CACHE"
          },
          {
            "path": ":generateGrammarSource",
            "outcome": "FROM_CACHE"
          },
          {
            "path": ":generateReleaseInfo",
            "outcome": "EXECUTED"
          },
          {
            "path": ":groovy-ant:classes",
            "outcome": "EXECUTED"
          },
          {
            "path": ":groovy-ant:compileGroovy",
            "outcome": "EXECUTED"
          },
          {
            "path": ":groovy-ant:compileJava",
            "outcome": "FROM_CACHE"
          },
          {
            "path": ":groovy-ant:generateReleaseInfo",
            "outcome": "EXECUTED"
          },
          {
            "path": ":groovy-ant:jar",
            "outcome": "EXECUTED"
          },
          {
            "path": ":groovy-ant:processResources",
            "outcome": "EXECUTED"
          },
          {
            "path": ":groovy-astbuilder:classes",
            "outcome": "EXECUTED"
          },
          {
            "path": ":groovy-astbuilder:compileGroovy",
            "outcome": "NO_SOURCE"
          },
          {
            "path": ":groovy-astbuilder:compileJava",
            "outcome": "FROM_CACHE"
          },
          {
            "path": ":groovy-astbuilder:generateReleaseInfo",
            "outcome": "EXECUTED"
          },
          {
            "path": ":groovy-astbuilder:jar",
            "outcome": "EXECUTED"
          },
          {
            "path": ":groovy-astbuilder:processResources",
            "outcome": "EXECUTED"
          },
          {
            "path": ":groovy-cli-commons:classes",
            "outcome": "EXECUTED"
          },
          {
            "path": ":groovy-cli-commons:compileGroovy",
            "outcome": "EXECUTED"
          },
          {
            "path": ":groovy-cli-commons:compileJava",
            "outcome": "NO_SOURCE"
          },
          {
            "path": ":groovy-cli-commons:generateReleaseInfo",
            "outcome": "EXECUTED"
          },
          {
            "path": ":groovy-cli-commons:jar",
            "outcome": "EXECUTED"
          },
          {
            "path": ":groovy-cli-commons:processResources",
            "outcome": "NO_SOURCE"
          },
          {
            "path": ":groovy-cli-picocli:classes",
            "outcome": "EXECUTED"
          },
          {
            "path": ":groovy-cli-picocli:compileGroovy",
            "outcome": "EXECUTED"
          },
          {
            "path": ":groovy-cli-picocli:compileJava",
            "outcome": "NO_SOURCE"
          },
          {
            "path": ":groovy-cli-picocli:generateReleaseInfo",
            "outcome": "EXECUTED"
          },
          {
            "path": ":groovy-cli-picocli:jar",
            "outcome": "EXECUTED"
          },
          {
            "path": ":groovy-cli-picocli:processResources",
            "outcome": "NO_SOURCE"
          },
          {
            "path": ":groovy-console:classes",
            "outcome": "EXECUTED"
          },
          {
            "path": ":groovy-console:compileGroovy",
            "outcome": "EXECUTED"
          },
          {
            "path": ":groovy-console:compileJava",
            "outcome": "NO_SOURCE"
          },
          {
            "path": ":groovy-console:generateReleaseInfo",
            "outcome": "EXECUTED"
          },
          {
            "path": ":groovy-console:jar",
            "outcome": "EXECUTED"
          },
          {
            "path": ":groovy-console:processResources",
            "outcome": "EXECUTED"
          },
          {
            "path": ":groovy-contracts:classes",
            "outcome": "EXECUTED"
          },
          {
            "path": ":groovy-contracts:compileGroovy",
            "outcome": "NO_SOURCE"
          },
          {
            "path": ":groovy-contracts:compileJava",
            "outcome": "FROM_CACHE"
          },
          {
            "path": ":groovy-contracts:generateReleaseInfo",
            "outcome": "EXECUTED"
          },
          {
            "path": ":groovy-contracts:jar",
            "outcome": "EXECUTED"
          },
          {
            "path": ":groovy-contracts:processResources",
            "outcome": "EXECUTED"
          },
          {
            "path": ":groovy-datetime:classes",
            "outcome": "UP_TO_DATE"
          },
          {
            "path": ":groovy-datetime:compileGroovy",
            "outcome": "NO_SOURCE"
          },
          {
            "path": ":groovy-datetime:compileJava",
            "outcome": "FROM_CACHE"
          },
          {
            "path": ":groovy-datetime:generateReleaseInfo",
            "outcome": "EXECUTED"
          },
          {
            "path": ":groovy-datetime:jar",
            "outcome": "EXECUTED"
          },
          {
            "path": ":groovy-datetime:moduleDescriptor",
            "outcome": "EXECUTED"
          },
          {
            "path": ":groovy-datetime:processResources",
            "outcome": "NO_SOURCE"
          },
          {
            "path": ":groovy-dateutil:classes",
            "outcome": "UP_TO_DATE"
          },
          {
            "path": ":groovy-dateutil:compileGroovy",
            "outcome": "NO_SOURCE"
          },
          {
            "path": ":groovy-dateutil:compileJava",
            "outcome": "FROM_CACHE"
          },
          {
            "path": ":groovy-dateutil:generateReleaseInfo",
            "outcome": "EXECUTED"
          },
          {
            "path": ":groovy-dateutil:jar",
            "outcome": "EXECUTED"
          },
          {
            "path": ":groovy-dateutil:moduleDescriptor",
            "outcome": "EXECUTED"
          },
          {
            "path": ":groovy-dateutil:processResources",
            "outcome": "NO_SOURCE"
          },
          {
            "path": ":groovy-docgenerator:classes",
            "outcome": "EXECUTED"
          },
          {
            "path": ":groovy-docgenerator:compileGroovy",
            "outcome": "EXECUTED"
          },
          {
            "path": ":groovy-docgenerator:compileJava",
            "outcome": "NO_SOURCE"
          },
          {
            "path": ":groovy-docgenerator:generateReleaseInfo",
            "outcome": "EXECUTED"
          },
          {
            "path": ":groovy-docgenerator:jar",
            "outcome": "EXECUTED"
          },
          {
            "path": ":groovy-docgenerator:processResources",
            "outcome": "EXECUTED"
          },
          {
            "path": ":groovy-ginq:classes",
            "outcome": "EXECUTED"
          },
          {
            "path": ":groovy-ginq:compileGroovy",
            "outcome": "EXECUTED"
          },
          {
            "path": ":groovy-ginq:compileJava",
            "outcome": "NO_SOURCE"
          },
          {
            "path": ":groovy-ginq:generateReleaseInfo",
            "outcome": "EXECUTED"
          },
          {
            "path": ":groovy-ginq:jar",
            "outcome": "EXECUTED"
          },
          {
            "path": ":groovy-ginq:moduleDescriptor",
            "outcome": "EXECUTED"
          },
          {
            "path": ":groovy-ginq:processResources",
            "outcome": "NO_SOURCE"
          },
          {
            "path": ":groovy-groovydoc:classes",
            "outcome": "EXECUTED"
          },
          {
            "path": ":groovy-groovydoc:compileGroovy",
            "outcome": "EXECUTED"
          },
          {
            "path": ":groovy-groovydoc:compileJava",
            "outcome": "FROM_CACHE"
          },
          {
            "path": ":groovy-groovydoc:generateReleaseInfo",
            "outcome": "EXECUTED"
          },
          {
            "path": ":groovy-groovydoc:jar",
            "outcome": "EXECUTED"
          },
          {
            "path": ":groovy-groovydoc:processResources",
            "outcome": "EXECUTED"
          },
          {
            "path": ":groovy-groovysh:classes",
            "outcome": "EXECUTED"
          },
          {
            "path": ":groovy-groovysh:compileGroovy",
            "outcome": "EXECUTED"
          },
          {
            "path": ":groovy-groovysh:compileJava",
            "outcome": "NO_SOURCE"
          },
          {
            "path": ":groovy-groovysh:generateReleaseInfo",
            "outcome": "EXECUTED"
          },
          {
            "path": ":groovy-groovysh:jar",
            "outcome": "EXECUTED"
          },
          {
            "path": ":groovy-groovysh:processResources",
            "outcome": "EXECUTED"
          },
          {
            "path": ":groovy-jmx:classes",
            "outcome": "EXECUTED"
          },
          {
            "path": ":groovy-jmx:compileGroovy",
            "outcome": "EXECUTED"
          },
          {
            "path": ":groovy-jmx:compileJava",
            "outcome": "FROM_CACHE"
          },
          {
            "path": ":groovy-jmx:generateReleaseInfo",
            "outcome": "EXECUTED"
          },
          {
            "path": ":groovy-jmx:jar",
            "outcome": "EXECUTED"
          },
          {
            "path": ":groovy-jmx:processResources",
            "outcome": "NO_SOURCE"
          },
          {
            "path": ":groovy-json:classes",
            "outcome": "EXECUTED"
          },
          {
            "path": ":groovy-json:compileGroovy",
            "outcome": "NO_SOURCE"
          },
          {
            "path": ":groovy-json:compileJava",
            "outcome": "EXECUTED"
          },
          {
            "path": ":groovy-json:generateReleaseInfo",
            "outcome": "EXECUTED"
          },
          {
            "path": ":groovy-json:jar",
            "outcome": "EXECUTED"
          },
          {
            "path": ":groovy-json:processResources",
            "outcome": "EXECUTED"
          },
          {
            "path": ":groovy-jsr223:classes",
            "outcome": "EXECUTED"
          },
          {
            "path": ":groovy-jsr223:compileGroovy",
            "outcome": "NO_SOURCE"
          },
          {
            "path": ":groovy-jsr223:compileJava",
            "outcome": "FROM_CACHE"
          },
          {
            "path": ":groovy-jsr223:generateReleaseInfo",
            "outcome": "EXECUTED"
          },
          {
            "path": ":groovy-jsr223:jar",
            "outcome": "EXECUTED"
          },
          {
            "path": ":groovy-jsr223:moduleDescriptor",
            "outcome": "EXECUTED"
          },
          {
            "path": ":groovy-jsr223:processResources",
            "outcome": "EXECUTED"
          },
          {
            "path": ":groovy-macro-library:classes",
            "outcome": "EXECUTED"
          },
          {
            "path": ":groovy-macro-library:compileGroovy",
            "outcome": "EXECUTED"
          },
          {
            "path": ":groovy-macro-library:compileJava",
            "outcome": "NO_SOURCE"
          },
          {
            "path": ":groovy-macro-library:generateReleaseInfo",
            "outcome": "EXECUTED"
          },
          {
            "path": ":groovy-macro-library:jar",
            "outcome": "EXECUTED"
          },
          {
            "path": ":groovy-macro-library:moduleDescriptor",
            "outcome": "EXECUTED"
          },
          {
            "path": ":groovy-macro-library:processResources",
            "outcome": "NO_SOURCE"
          },
          {
            "path": ":groovy-macro:classes",
            "outcome": "EXECUTED"
          },
          {
            "path": ":groovy-macro:compileGroovy",
            "outcome": "EXECUTED"
          },
          {
            "path": ":groovy-macro:compileJava",
            "outcome": "NO_SOURCE"
          },
          {
            "path": ":groovy-macro:generateReleaseInfo",
            "outcome": "EXECUTED"
          },
          {
            "path": ":groovy-macro:jar",
            "outcome": "EXECUTED"
          },
          {
            "path": ":groovy-macro:moduleDescriptor",
            "outcome": "EXECUTED"
          },
          {
            "path": ":groovy-macro:processResources",
            "outcome": "EXECUTED"
          },
          {
            "path": ":groovy-nio:classes",
            "outcome": "UP_TO_DATE"
          },
          {
            "path": ":groovy-nio:compileGroovy",
            "outcome": "NO_SOURCE"
          },
          {
            "path": ":groovy-nio:compileJava",
            "outcome": "FROM_CACHE"
          },
          {
            "path": ":groovy-nio:generateReleaseInfo",
            "outcome": "EXECUTED"
          },
          {
            "path": ":groovy-nio:jar",
            "outcome": "EXECUTED"
          },
          {
            "path": ":groovy-nio:moduleDescriptor",
            "outcome": "EXECUTED"
          },
          {
            "path": ":groovy-nio:processResources",
            "outcome": "NO_SOURCE"
          },
          {
            "path": ":groovy-servlet:classes",
            "outcome": "UP_TO_DATE"
          },
          {
            "path": ":groovy-servlet:compileGroovy",
            "outcome": "NO_SOURCE"
          },
          {
            "path": ":groovy-servlet:compileJava",
            "outcome": "FROM_CACHE"
          },
          {
            "path": ":groovy-servlet:generateReleaseInfo",
            "outcome": "EXECUTED"
          },
          {
            "path": ":groovy-servlet:jar",
            "outcome": "EXECUTED"
          },
          {
            "path": ":groovy-servlet:processResources",
            "outcome": "NO_SOURCE"
          },
          {
            "path": ":groovy-sql:classes",
            "outcome": "UP_TO_DATE"
          },
          {
            "path": ":groovy-sql:compileGroovy",
            "outcome": "NO_SOURCE"
          },
          {
            "path": ":groovy-sql:compileJava",
            "outcome": "FROM_CACHE"
          },
          {
            "path": ":groovy-sql:generateReleaseInfo",
            "outcome": "EXECUTED"
          },
          {
            "path": ":groovy-sql:jar",
            "outcome": "EXECUTED"
          },
          {
            "path": ":groovy-sql:moduleDescriptor",
            "outcome": "EXECUTED"
          },
          {
            "path": ":groovy-sql:processResources",
            "outcome": "NO_SOURCE"
          },
          {
            "path": ":groovy-swing:classes",
            "outcome": "EXECUTED"
          },
          {
            "path": ":groovy-swing:compileGroovy",
            "outcome": "EXECUTED"
          },
          {
            "path": ":groovy-swing:compileJava",
            "outcome": "FROM_CACHE"
          },
          {
            "path": ":groovy-swing:generateReleaseInfo",
            "outcome": "EXECUTED"
          },
          {
            "path": ":groovy-swing:jar",
            "outcome": "EXECUTED"
          },
          {
            "path": ":groovy-swing:moduleDescriptor",
            "outcome": "EXECUTED"
          },
          {
            "path": ":groovy-swing:processResources",
            "outcome": "NO_SOURCE"
          },
          {
            "path": ":groovy-templates:classes",
            "outcome": "EXECUTED"
          },
          {
            "path": ":groovy-templates:compileGroovy",
            "outcome": "EXECUTED"
          },
          {
            "path": ":groovy-templates:compileJava",
            "outcome": "NO_SOURCE"
          },
          {
            "path": ":groovy-templates:generateReleaseInfo",
            "outcome": "EXECUTED"
          },
          {
            "path": ":groovy-templates:jar",
            "outcome": "EXECUTED"
          },
          {
            "path": ":groovy-templates:processResources",
            "outcome": "NO_SOURCE"
          },
          {
            "path": ":groovy-test-junit5:classes",
            "outcome": "EXECUTED"
          },
          {
            "path": ":groovy-test-junit5:compileGroovy",
            "outcome": "EXECUTED"
          },
          {
            "path": ":groovy-test-junit5:compileJava",
            "outcome": "FROM_CACHE"
          },
          {
            "path": ":groovy-test-junit5:generateReleaseInfo",
            "outcome": "EXECUTED"
          },
          {
            "path": ":groovy-test-junit5:jar",
            "outcome": "EXECUTED"
          },
          {
            "path": ":groovy-test-junit5:processResources",
            "outcome": "EXECUTED"
          },
          {
            "path": ":groovy-test:classes",
            "outcome": "EXECUTED"
          },
          {
            "path": ":groovy-test:compileGroovy",
            "outcome": "EXECUTED"
          },
          {
            "path": ":groovy-test:compileJava",
            "outcome": "FROM_CACHE"
          },
          {
            "path": ":groovy-test:generateReleaseInfo",
            "outcome": "EXECUTED"
          },
          {
            "path": ":groovy-test:jar",
            "outcome": "EXECUTED"
          },
          {
            "path": ":groovy-test:processResources",
            "outcome": "NO_SOURCE"
          },
          {
            "path": ":groovy-testng:classes",
            "outcome": "EXECUTED"
          },
          {
            "path": ":groovy-testng:compileGroovy",
            "outcome": "NO_SOURCE"
          },
          {
            "path": ":groovy-testng:compileJava",
            "outcome": "FROM_CACHE"
          },
          {
            "path": ":groovy-testng:generateReleaseInfo",
            "outcome": "EXECUTED"
          },
          {
            "path": ":groovy-testng:jar",
            "outcome": "EXECUTED"
          },
          {
            "path": ":groovy-testng:processResources",
            "outcome": "EXECUTED"
          },
          {
            "path": ":groovy-toml:classes",
            "outcome": "EXECUTED"
          },
          {
            "path": ":groovy-toml:compileGroovy",
            "outcome": "NO_SOURCE"
          },
          {
            "path": ":groovy-toml:compileJava",
            "outcome": "EXECUTED"
          },
          {
            "path": ":groovy-toml:generateReleaseInfo",
            "outcome": "EXECUTED"
          },
          {
            "path": ":groovy-toml:jar",
            "outcome": "EXECUTED"
          },
          {
            "path": ":groovy-toml:processResources",
            "outcome": "NO_SOURCE"
          },
          {
            "path": ":groovy-typecheckers:classes",
            "outcome": "EXECUTED"
          },
          {
            "path": ":groovy-typecheckers:compileGroovy",
            "outcome": "EXECUTED"
          },
          {
            "path": ":groovy-typecheckers:compileJava",
            "outcome": "NO_SOURCE"
          },
          {
            "path": ":groovy-typecheckers:generateReleaseInfo",
            "outcome": "EXECUTED"
          },
          {
            "path": ":groovy-typecheckers:jar",
            "outcome": "EXECUTED"
          },
          {
            "path": ":groovy-typecheckers:processResources",
            "outcome": "NO_SOURCE"
          },
          {
            "path": ":groovy-xml:classes",
            "outcome": "EXECUTED"
          },
          {
            "path": ":groovy-xml:compileGroovy",
            "outcome": "EXECUTED"
          },
          {
            "path": ":groovy-xml:compileJava",
            "outcome": "FROM_CACHE"
          },
          {
            "path": ":groovy-xml:generateReleaseInfo",
            "outcome": "EXECUTED"
          },
          {
            "path": ":groovy-xml:jar",
            "outcome": "EXECUTED"
          },
          {
            "path": ":groovy-xml:moduleDescriptor",
            "outcome": "EXECUTED"
          },
          {
            "path": ":groovy-xml:processResources",
            "outcome": "NO_SOURCE"
          },
          {
            "path": ":groovy-yaml:classes",
            "outcome": "EXECUTED"
          },
          {
            "path": ":groovy-yaml:compileGroovy",
            "outcome": "NO_SOURCE"
          },
          {
            "path": ":groovy-yaml:compileJava",
            "outcome": "EXECUTED"
          },
          {
            "path": ":groovy-yaml:generateReleaseInfo",
            "outcome": "EXECUTED"
          },
          {
            "path": ":groovy-yaml:jar",
            "outcome": "EXECUTED"
          },
          {
            "path": ":groovy-yaml:processResources",
            "outcome": "NO_SOURCE"
          },
          {
            "path": ":jar",
            "outcome": "EXECUTED"
          },
          {
            "path": ":osgiClasses",
            "outcome": "EXECUTED"
          },
          {
            "path": ":performance:classes",
            "outcome": "UP_TO_DATE"
          },
          {
            "path": ":performance:compileGroovy",
            "outcome": "NO_SOURCE"
          },
          {
            "path": ":performance:compileJava",
            "outcome": "NO_SOURCE"
          },
          {
            "path": ":performance:jar",
            "outcome": "EXECUTED"
          },
          {
            "path": ":performance:processResources",
            "outcome": "NO_SOURCE"
          },
          {
            "path": ":processResources",
            "outcome": "EXECUTED"
          },
          {
            "path": ":stress:classes",
            "outcome": "UP_TO_DATE"
          },
          {
            "path": ":stress:compileGroovy",
            "outcome": "NO_SOURCE"
          },
          {
            "path": ":stress:compileJava",
            "outcome": "NO_SOURCE"
          },
          {
            "path": ":stress:jar",
            "outcome": "EXECUTED"
          },
          {
            "path": ":stress:processResources",
            "outcome": "NO_SOURCE"
          },
          {
            "path": ":tests-preview:classes",
            "outcome": "UP_TO_DATE"
          },
          {
            "path": ":tests-preview:compileGroovy",
            "outcome": "NO_SOURCE"
          },
          {
            "path": ":tests-preview:compileJava",
            "outcome": "NO_SOURCE"
          },
          {
            "path": ":tests-preview:jar",
            "outcome": "EXECUTED"
          },
          {
            "path": ":tests-preview:processResources",
            "outcome": "NO_SOURCE"
          }
        ]
      },
      "candidateTaskOutcomes": {
        "total": 25,
        "executed": 16,
        "fromCache": 8,
        "upToDate": 0,
        "noSource": 1,
        "skipped": 0,
        "fingerprintSha256": "b43c808e47c00d49cfb56f71197b3295e884e9f536fb660c7889cb8b633b76e2",
        "tasks": [
          {
            "path": ":bootstrapJar",
            "outcome": "EXECUTED"
          },
          {
            "path": ":build-logic:classes",
            "outcome": "EXECUTED"
          },
          {
            "path": ":build-logic:compileGroovy",
            "outcome": "FROM_CACHE"
          },
          {
            "path": ":build-logic:compileGroovyPlugins",
            "outcome": "FROM_CACHE"
          },
          {
            "path": ":build-logic:compileJava",
            "outcome": "FROM_CACHE"
          },
          {
            "path": ":build-logic:extractPluginRequests",
            "outcome": "FROM_CACHE"
          },
          {
            "path": ":build-logic:generatePluginAdapters",
            "outcome": "FROM_CACHE"
          },
          {
            "path": ":build-logic:jar",
            "outcome": "EXECUTED"
          },
          {
            "path": ":build-logic:pluginDescriptors",
            "outcome": "EXECUTED"
          },
          {
            "path": ":build-logic:processResources",
            "outcome": "EXECUTED"
          },
          {
            "path": ":classes",
            "outcome": "EXECUTED"
          },
          {
            "path": ":compileGroovy",
            "outcome": "EXECUTED"
          },
          {
            "path": ":compileJava",
            "outcome": "FROM_CACHE"
          },
          {
            "path": ":dgmConverter",
            "outcome": "FROM_CACHE"
          },
          {
            "path": ":generateGrammarSource",
            "outcome": "FROM_CACHE"
          },
          {
            "path": ":generateReleaseInfo",
            "outcome": "EXECUTED"
          },
          {
            "path": ":groovy-json:classes",
            "outcome": "EXECUTED"
          },
          {
            "path": ":groovy-json:compileGroovy",
            "outcome": "NO_SOURCE"
          },
          {
            "path": ":groovy-json:compileJava",
            "outcome": "EXECUTED"
          },
          {
            "path": ":groovy-json:generateReleaseInfo",
            "outcome": "EXECUTED"
          },
          {
            "path": ":groovy-json:jar",
            "outcome": "EXECUTED"
          },
          {
            "path": ":groovy-json:processResources",
            "outcome": "EXECUTED"
          },
          {
            "path": ":jar",
            "outcome": "EXECUTED"
          },
          {
            "path": ":osgiClasses",
            "outcome": "EXECUTED"
          },
          {
            "path": ":processResources",
            "outcome": "EXECUTED"
          }
        ]
      },
      "controlHostPressure": {
        "available": true,
        "cpuSomeTotalUs": 17365067,
        "memorySomeTotalUs": 8077,
        "memoryFullTotalUs": 8032,
        "ioSomeTotalUs": 35349533,
        "ioFullTotalUs": 14318860
      },
      "candidateHostPressure": {
        "available": true,
        "cpuSomeTotalUs": 132608,
        "memorySomeTotalUs": 0,
        "memoryFullTotalUs": 0,
        "ioSomeTotalUs": 12212355,
        "ioFullTotalUs": 8345694
      }
    },
    {
      "pair": 3,
      "order": "CONTROL_FIRST",
      "controlDurationMs": 74651,
      "candidateDurationMs": 20379,
      "savedMs": 54272,
      "controlRequiredOutputSha256": "27f462c377352f1f2a4074f1fae1f96ed51ec97f97e5b42237a57174204da1d5",
      "candidateRequiredOutputSha256": "27f462c377352f1f2a4074f1fae1f96ed51ec97f97e5b42237a57174204da1d5",
      "requiredOutputCount": 1,
      "productAttributableFailure": false,
      "controlLogSha256": "05fb06911f2e34ba4cc167bb212dfbc17788fb87dfa1668ba15087aa3d6d7c57",
      "candidateLogSha256": "3ba108c566d0bb85bdcb46443f5ffe06004c2ba8e630e5283b964fd6ec83e5a7",
      "controlTaskOutcomes": {
        "total": 218,
        "executed": 138,
        "fromCache": 24,
        "upToDate": 8,
        "noSource": 48,
        "skipped": 0,
        "fingerprintSha256": "a8c9059b0fb2a799ddfba8828062a5ba4fb07b5deb583fa958f0ecb41079e151",
        "tasks": [
          {
            "path": ":bootstrapJar",
            "outcome": "EXECUTED"
          },
          {
            "path": ":build-logic:classes",
            "outcome": "EXECUTED"
          },
          {
            "path": ":build-logic:compileGroovy",
            "outcome": "FROM_CACHE"
          },
          {
            "path": ":build-logic:compileGroovyPlugins",
            "outcome": "FROM_CACHE"
          },
          {
            "path": ":build-logic:compileJava",
            "outcome": "FROM_CACHE"
          },
          {
            "path": ":build-logic:extractPluginRequests",
            "outcome": "FROM_CACHE"
          },
          {
            "path": ":build-logic:generatePluginAdapters",
            "outcome": "FROM_CACHE"
          },
          {
            "path": ":build-logic:jar",
            "outcome": "EXECUTED"
          },
          {
            "path": ":build-logic:pluginDescriptors",
            "outcome": "EXECUTED"
          },
          {
            "path": ":build-logic:processResources",
            "outcome": "EXECUTED"
          },
          {
            "path": ":classes",
            "outcome": "EXECUTED"
          },
          {
            "path": ":compileGroovy",
            "outcome": "EXECUTED"
          },
          {
            "path": ":compileJava",
            "outcome": "FROM_CACHE"
          },
          {
            "path": ":dgmConverter",
            "outcome": "FROM_CACHE"
          },
          {
            "path": ":generateGrammarSource",
            "outcome": "FROM_CACHE"
          },
          {
            "path": ":generateReleaseInfo",
            "outcome": "EXECUTED"
          },
          {
            "path": ":groovy-ant:classes",
            "outcome": "EXECUTED"
          },
          {
            "path": ":groovy-ant:compileGroovy",
            "outcome": "EXECUTED"
          },
          {
            "path": ":groovy-ant:compileJava",
            "outcome": "FROM_CACHE"
          },
          {
            "path": ":groovy-ant:generateReleaseInfo",
            "outcome": "EXECUTED"
          },
          {
            "path": ":groovy-ant:jar",
            "outcome": "EXECUTED"
          },
          {
            "path": ":groovy-ant:processResources",
            "outcome": "EXECUTED"
          },
          {
            "path": ":groovy-astbuilder:classes",
            "outcome": "EXECUTED"
          },
          {
            "path": ":groovy-astbuilder:compileGroovy",
            "outcome": "NO_SOURCE"
          },
          {
            "path": ":groovy-astbuilder:compileJava",
            "outcome": "FROM_CACHE"
          },
          {
            "path": ":groovy-astbuilder:generateReleaseInfo",
            "outcome": "EXECUTED"
          },
          {
            "path": ":groovy-astbuilder:jar",
            "outcome": "EXECUTED"
          },
          {
            "path": ":groovy-astbuilder:processResources",
            "outcome": "EXECUTED"
          },
          {
            "path": ":groovy-cli-commons:classes",
            "outcome": "EXECUTED"
          },
          {
            "path": ":groovy-cli-commons:compileGroovy",
            "outcome": "EXECUTED"
          },
          {
            "path": ":groovy-cli-commons:compileJava",
            "outcome": "NO_SOURCE"
          },
          {
            "path": ":groovy-cli-commons:generateReleaseInfo",
            "outcome": "EXECUTED"
          },
          {
            "path": ":groovy-cli-commons:jar",
            "outcome": "EXECUTED"
          },
          {
            "path": ":groovy-cli-commons:processResources",
            "outcome": "NO_SOURCE"
          },
          {
            "path": ":groovy-cli-picocli:classes",
            "outcome": "EXECUTED"
          },
          {
            "path": ":groovy-cli-picocli:compileGroovy",
            "outcome": "EXECUTED"
          },
          {
            "path": ":groovy-cli-picocli:compileJava",
            "outcome": "NO_SOURCE"
          },
          {
            "path": ":groovy-cli-picocli:generateReleaseInfo",
            "outcome": "EXECUTED"
          },
          {
            "path": ":groovy-cli-picocli:jar",
            "outcome": "EXECUTED"
          },
          {
            "path": ":groovy-cli-picocli:processResources",
            "outcome": "NO_SOURCE"
          },
          {
            "path": ":groovy-console:classes",
            "outcome": "EXECUTED"
          },
          {
            "path": ":groovy-console:compileGroovy",
            "outcome": "EXECUTED"
          },
          {
            "path": ":groovy-console:compileJava",
            "outcome": "NO_SOURCE"
          },
          {
            "path": ":groovy-console:generateReleaseInfo",
            "outcome": "EXECUTED"
          },
          {
            "path": ":groovy-console:jar",
            "outcome": "EXECUTED"
          },
          {
            "path": ":groovy-console:processResources",
            "outcome": "EXECUTED"
          },
          {
            "path": ":groovy-contracts:classes",
            "outcome": "EXECUTED"
          },
          {
            "path": ":groovy-contracts:compileGroovy",
            "outcome": "NO_SOURCE"
          },
          {
            "path": ":groovy-contracts:compileJava",
            "outcome": "FROM_CACHE"
          },
          {
            "path": ":groovy-contracts:generateReleaseInfo",
            "outcome": "EXECUTED"
          },
          {
            "path": ":groovy-contracts:jar",
            "outcome": "EXECUTED"
          },
          {
            "path": ":groovy-contracts:processResources",
            "outcome": "EXECUTED"
          },
          {
            "path": ":groovy-datetime:classes",
            "outcome": "UP_TO_DATE"
          },
          {
            "path": ":groovy-datetime:compileGroovy",
            "outcome": "NO_SOURCE"
          },
          {
            "path": ":groovy-datetime:compileJava",
            "outcome": "FROM_CACHE"
          },
          {
            "path": ":groovy-datetime:generateReleaseInfo",
            "outcome": "EXECUTED"
          },
          {
            "path": ":groovy-datetime:jar",
            "outcome": "EXECUTED"
          },
          {
            "path": ":groovy-datetime:moduleDescriptor",
            "outcome": "EXECUTED"
          },
          {
            "path": ":groovy-datetime:processResources",
            "outcome": "NO_SOURCE"
          },
          {
            "path": ":groovy-dateutil:classes",
            "outcome": "UP_TO_DATE"
          },
          {
            "path": ":groovy-dateutil:compileGroovy",
            "outcome": "NO_SOURCE"
          },
          {
            "path": ":groovy-dateutil:compileJava",
            "outcome": "FROM_CACHE"
          },
          {
            "path": ":groovy-dateutil:generateReleaseInfo",
            "outcome": "EXECUTED"
          },
          {
            "path": ":groovy-dateutil:jar",
            "outcome": "EXECUTED"
          },
          {
            "path": ":groovy-dateutil:moduleDescriptor",
            "outcome": "EXECUTED"
          },
          {
            "path": ":groovy-dateutil:processResources",
            "outcome": "NO_SOURCE"
          },
          {
            "path": ":groovy-docgenerator:classes",
            "outcome": "EXECUTED"
          },
          {
            "path": ":groovy-docgenerator:compileGroovy",
            "outcome": "EXECUTED"
          },
          {
            "path": ":groovy-docgenerator:compileJava",
            "outcome": "NO_SOURCE"
          },
          {
            "path": ":groovy-docgenerator:generateReleaseInfo",
            "outcome": "EXECUTED"
          },
          {
            "path": ":groovy-docgenerator:jar",
            "outcome": "EXECUTED"
          },
          {
            "path": ":groovy-docgenerator:processResources",
            "outcome": "EXECUTED"
          },
          {
            "path": ":groovy-ginq:classes",
            "outcome": "EXECUTED"
          },
          {
            "path": ":groovy-ginq:compileGroovy",
            "outcome": "EXECUTED"
          },
          {
            "path": ":groovy-ginq:compileJava",
            "outcome": "NO_SOURCE"
          },
          {
            "path": ":groovy-ginq:generateReleaseInfo",
            "outcome": "EXECUTED"
          },
          {
            "path": ":groovy-ginq:jar",
            "outcome": "EXECUTED"
          },
          {
            "path": ":groovy-ginq:moduleDescriptor",
            "outcome": "EXECUTED"
          },
          {
            "path": ":groovy-ginq:processResources",
            "outcome": "NO_SOURCE"
          },
          {
            "path": ":groovy-groovydoc:classes",
            "outcome": "EXECUTED"
          },
          {
            "path": ":groovy-groovydoc:compileGroovy",
            "outcome": "EXECUTED"
          },
          {
            "path": ":groovy-groovydoc:compileJava",
            "outcome": "FROM_CACHE"
          },
          {
            "path": ":groovy-groovydoc:generateReleaseInfo",
            "outcome": "EXECUTED"
          },
          {
            "path": ":groovy-groovydoc:jar",
            "outcome": "EXECUTED"
          },
          {
            "path": ":groovy-groovydoc:processResources",
            "outcome": "EXECUTED"
          },
          {
            "path": ":groovy-groovysh:classes",
            "outcome": "EXECUTED"
          },
          {
            "path": ":groovy-groovysh:compileGroovy",
            "outcome": "EXECUTED"
          },
          {
            "path": ":groovy-groovysh:compileJava",
            "outcome": "NO_SOURCE"
          },
          {
            "path": ":groovy-groovysh:generateReleaseInfo",
            "outcome": "EXECUTED"
          },
          {
            "path": ":groovy-groovysh:jar",
            "outcome": "EXECUTED"
          },
          {
            "path": ":groovy-groovysh:processResources",
            "outcome": "EXECUTED"
          },
          {
            "path": ":groovy-jmx:classes",
            "outcome": "EXECUTED"
          },
          {
            "path": ":groovy-jmx:compileGroovy",
            "outcome": "EXECUTED"
          },
          {
            "path": ":groovy-jmx:compileJava",
            "outcome": "FROM_CACHE"
          },
          {
            "path": ":groovy-jmx:generateReleaseInfo",
            "outcome": "EXECUTED"
          },
          {
            "path": ":groovy-jmx:jar",
            "outcome": "EXECUTED"
          },
          {
            "path": ":groovy-jmx:processResources",
            "outcome": "NO_SOURCE"
          },
          {
            "path": ":groovy-json:classes",
            "outcome": "EXECUTED"
          },
          {
            "path": ":groovy-json:compileGroovy",
            "outcome": "NO_SOURCE"
          },
          {
            "path": ":groovy-json:compileJava",
            "outcome": "EXECUTED"
          },
          {
            "path": ":groovy-json:generateReleaseInfo",
            "outcome": "EXECUTED"
          },
          {
            "path": ":groovy-json:jar",
            "outcome": "EXECUTED"
          },
          {
            "path": ":groovy-json:processResources",
            "outcome": "EXECUTED"
          },
          {
            "path": ":groovy-jsr223:classes",
            "outcome": "EXECUTED"
          },
          {
            "path": ":groovy-jsr223:compileGroovy",
            "outcome": "NO_SOURCE"
          },
          {
            "path": ":groovy-jsr223:compileJava",
            "outcome": "FROM_CACHE"
          },
          {
            "path": ":groovy-jsr223:generateReleaseInfo",
            "outcome": "EXECUTED"
          },
          {
            "path": ":groovy-jsr223:jar",
            "outcome": "EXECUTED"
          },
          {
            "path": ":groovy-jsr223:moduleDescriptor",
            "outcome": "EXECUTED"
          },
          {
            "path": ":groovy-jsr223:processResources",
            "outcome": "EXECUTED"
          },
          {
            "path": ":groovy-macro-library:classes",
            "outcome": "EXECUTED"
          },
          {
            "path": ":groovy-macro-library:compileGroovy",
            "outcome": "EXECUTED"
          },
          {
            "path": ":groovy-macro-library:compileJava",
            "outcome": "NO_SOURCE"
          },
          {
            "path": ":groovy-macro-library:generateReleaseInfo",
            "outcome": "EXECUTED"
          },
          {
            "path": ":groovy-macro-library:jar",
            "outcome": "EXECUTED"
          },
          {
            "path": ":groovy-macro-library:moduleDescriptor",
            "outcome": "EXECUTED"
          },
          {
            "path": ":groovy-macro-library:processResources",
            "outcome": "NO_SOURCE"
          },
          {
            "path": ":groovy-macro:classes",
            "outcome": "EXECUTED"
          },
          {
            "path": ":groovy-macro:compileGroovy",
            "outcome": "EXECUTED"
          },
          {
            "path": ":groovy-macro:compileJava",
            "outcome": "NO_SOURCE"
          },
          {
            "path": ":groovy-macro:generateReleaseInfo",
            "outcome": "EXECUTED"
          },
          {
            "path": ":groovy-macro:jar",
            "outcome": "EXECUTED"
          },
          {
            "path": ":groovy-macro:moduleDescriptor",
            "outcome": "EXECUTED"
          },
          {
            "path": ":groovy-macro:processResources",
            "outcome": "EXECUTED"
          },
          {
            "path": ":groovy-nio:classes",
            "outcome": "UP_TO_DATE"
          },
          {
            "path": ":groovy-nio:compileGroovy",
            "outcome": "NO_SOURCE"
          },
          {
            "path": ":groovy-nio:compileJava",
            "outcome": "FROM_CACHE"
          },
          {
            "path": ":groovy-nio:generateReleaseInfo",
            "outcome": "EXECUTED"
          },
          {
            "path": ":groovy-nio:jar",
            "outcome": "EXECUTED"
          },
          {
            "path": ":groovy-nio:moduleDescriptor",
            "outcome": "EXECUTED"
          },
          {
            "path": ":groovy-nio:processResources",
            "outcome": "NO_SOURCE"
          },
          {
            "path": ":groovy-servlet:classes",
            "outcome": "UP_TO_DATE"
          },
          {
            "path": ":groovy-servlet:compileGroovy",
            "outcome": "NO_SOURCE"
          },
          {
            "path": ":groovy-servlet:compileJava",
            "outcome": "FROM_CACHE"
          },
          {
            "path": ":groovy-servlet:generateReleaseInfo",
            "outcome": "EXECUTED"
          },
          {
            "path": ":groovy-servlet:jar",
            "outcome": "EXECUTED"
          },
          {
            "path": ":groovy-servlet:processResources",
            "outcome": "NO_SOURCE"
          },
          {
            "path": ":groovy-sql:classes",
            "outcome": "UP_TO_DATE"
          },
          {
            "path": ":groovy-sql:compileGroovy",
            "outcome": "NO_SOURCE"
          },
          {
            "path": ":groovy-sql:compileJava",
            "outcome": "FROM_CACHE"
          },
          {
            "path": ":groovy-sql:generateReleaseInfo",
            "outcome": "EXECUTED"
          },
          {
            "path": ":groovy-sql:jar",
            "outcome": "EXECUTED"
          },
          {
            "path": ":groovy-sql:moduleDescriptor",
            "outcome": "EXECUTED"
          },
          {
            "path": ":groovy-sql:processResources",
            "outcome": "NO_SOURCE"
          },
          {
            "path": ":groovy-swing:classes",
            "outcome": "EXECUTED"
          },
          {
            "path": ":groovy-swing:compileGroovy",
            "outcome": "EXECUTED"
          },
          {
            "path": ":groovy-swing:compileJava",
            "outcome": "FROM_CACHE"
          },
          {
            "path": ":groovy-swing:generateReleaseInfo",
            "outcome": "EXECUTED"
          },
          {
            "path": ":groovy-swing:jar",
            "outcome": "EXECUTED"
          },
          {
            "path": ":groovy-swing:moduleDescriptor",
            "outcome": "EXECUTED"
          },
          {
            "path": ":groovy-swing:processResources",
            "outcome": "NO_SOURCE"
          },
          {
            "path": ":groovy-templates:classes",
            "outcome": "EXECUTED"
          },
          {
            "path": ":groovy-templates:compileGroovy",
            "outcome": "EXECUTED"
          },
          {
            "path": ":groovy-templates:compileJava",
            "outcome": "NO_SOURCE"
          },
          {
            "path": ":groovy-templates:generateReleaseInfo",
            "outcome": "EXECUTED"
          },
          {
            "path": ":groovy-templates:jar",
            "outcome": "EXECUTED"
          },
          {
            "path": ":groovy-templates:processResources",
            "outcome": "NO_SOURCE"
          },
          {
            "path": ":groovy-test-junit5:classes",
            "outcome": "EXECUTED"
          },
          {
            "path": ":groovy-test-junit5:compileGroovy",
            "outcome": "EXECUTED"
          },
          {
            "path": ":groovy-test-junit5:compileJava",
            "outcome": "FROM_CACHE"
          },
          {
            "path": ":groovy-test-junit5:generateReleaseInfo",
            "outcome": "EXECUTED"
          },
          {
            "path": ":groovy-test-junit5:jar",
            "outcome": "EXECUTED"
          },
          {
            "path": ":groovy-test-junit5:processResources",
            "outcome": "EXECUTED"
          },
          {
            "path": ":groovy-test:classes",
            "outcome": "EXECUTED"
          },
          {
            "path": ":groovy-test:compileGroovy",
            "outcome": "EXECUTED"
          },
          {
            "path": ":groovy-test:compileJava",
            "outcome": "FROM_CACHE"
          },
          {
            "path": ":groovy-test:generateReleaseInfo",
            "outcome": "EXECUTED"
          },
          {
            "path": ":groovy-test:jar",
            "outcome": "EXECUTED"
          },
          {
            "path": ":groovy-test:processResources",
            "outcome": "NO_SOURCE"
          },
          {
            "path": ":groovy-testng:classes",
            "outcome": "EXECUTED"
          },
          {
            "path": ":groovy-testng:compileGroovy",
            "outcome": "NO_SOURCE"
          },
          {
            "path": ":groovy-testng:compileJava",
            "outcome": "FROM_CACHE"
          },
          {
            "path": ":groovy-testng:generateReleaseInfo",
            "outcome": "EXECUTED"
          },
          {
            "path": ":groovy-testng:jar",
            "outcome": "EXECUTED"
          },
          {
            "path": ":groovy-testng:processResources",
            "outcome": "EXECUTED"
          },
          {
            "path": ":groovy-toml:classes",
            "outcome": "EXECUTED"
          },
          {
            "path": ":groovy-toml:compileGroovy",
            "outcome": "NO_SOURCE"
          },
          {
            "path": ":groovy-toml:compileJava",
            "outcome": "EXECUTED"
          },
          {
            "path": ":groovy-toml:generateReleaseInfo",
            "outcome": "EXECUTED"
          },
          {
            "path": ":groovy-toml:jar",
            "outcome": "EXECUTED"
          },
          {
            "path": ":groovy-toml:processResources",
            "outcome": "NO_SOURCE"
          },
          {
            "path": ":groovy-typecheckers:classes",
            "outcome": "EXECUTED"
          },
          {
            "path": ":groovy-typecheckers:compileGroovy",
            "outcome": "EXECUTED"
          },
          {
            "path": ":groovy-typecheckers:compileJava",
            "outcome": "NO_SOURCE"
          },
          {
            "path": ":groovy-typecheckers:generateReleaseInfo",
            "outcome": "EXECUTED"
          },
          {
            "path": ":groovy-typecheckers:jar",
            "outcome": "EXECUTED"
          },
          {
            "path": ":groovy-typecheckers:processResources",
            "outcome": "NO_SOURCE"
          },
          {
            "path": ":groovy-xml:classes",
            "outcome": "EXECUTED"
          },
          {
            "path": ":groovy-xml:compileGroovy",
            "outcome": "EXECUTED"
          },
          {
            "path": ":groovy-xml:compileJava",
            "outcome": "FROM_CACHE"
          },
          {
            "path": ":groovy-xml:generateReleaseInfo",
            "outcome": "EXECUTED"
          },
          {
            "path": ":groovy-xml:jar",
            "outcome": "EXECUTED"
          },
          {
            "path": ":groovy-xml:moduleDescriptor",
            "outcome": "EXECUTED"
          },
          {
            "path": ":groovy-xml:processResources",
            "outcome": "NO_SOURCE"
          },
          {
            "path": ":groovy-yaml:classes",
            "outcome": "EXECUTED"
          },
          {
            "path": ":groovy-yaml:compileGroovy",
            "outcome": "NO_SOURCE"
          },
          {
            "path": ":groovy-yaml:compileJava",
            "outcome": "EXECUTED"
          },
          {
            "path": ":groovy-yaml:generateReleaseInfo",
            "outcome": "EXECUTED"
          },
          {
            "path": ":groovy-yaml:jar",
            "outcome": "EXECUTED"
          },
          {
            "path": ":groovy-yaml:processResources",
            "outcome": "NO_SOURCE"
          },
          {
            "path": ":jar",
            "outcome": "EXECUTED"
          },
          {
            "path": ":osgiClasses",
            "outcome": "EXECUTED"
          },
          {
            "path": ":performance:classes",
            "outcome": "UP_TO_DATE"
          },
          {
            "path": ":performance:compileGroovy",
            "outcome": "NO_SOURCE"
          },
          {
            "path": ":performance:compileJava",
            "outcome": "NO_SOURCE"
          },
          {
            "path": ":performance:jar",
            "outcome": "EXECUTED"
          },
          {
            "path": ":performance:processResources",
            "outcome": "NO_SOURCE"
          },
          {
            "path": ":processResources",
            "outcome": "EXECUTED"
          },
          {
            "path": ":stress:classes",
            "outcome": "UP_TO_DATE"
          },
          {
            "path": ":stress:compileGroovy",
            "outcome": "NO_SOURCE"
          },
          {
            "path": ":stress:compileJava",
            "outcome": "NO_SOURCE"
          },
          {
            "path": ":stress:jar",
            "outcome": "EXECUTED"
          },
          {
            "path": ":stress:processResources",
            "outcome": "NO_SOURCE"
          },
          {
            "path": ":tests-preview:classes",
            "outcome": "UP_TO_DATE"
          },
          {
            "path": ":tests-preview:compileGroovy",
            "outcome": "NO_SOURCE"
          },
          {
            "path": ":tests-preview:compileJava",
            "outcome": "NO_SOURCE"
          },
          {
            "path": ":tests-preview:jar",
            "outcome": "EXECUTED"
          },
          {
            "path": ":tests-preview:processResources",
            "outcome": "NO_SOURCE"
          }
        ]
      },
      "candidateTaskOutcomes": {
        "total": 25,
        "executed": 16,
        "fromCache": 8,
        "upToDate": 0,
        "noSource": 1,
        "skipped": 0,
        "fingerprintSha256": "b43c808e47c00d49cfb56f71197b3295e884e9f536fb660c7889cb8b633b76e2",
        "tasks": [
          {
            "path": ":bootstrapJar",
            "outcome": "EXECUTED"
          },
          {
            "path": ":build-logic:classes",
            "outcome": "EXECUTED"
          },
          {
            "path": ":build-logic:compileGroovy",
            "outcome": "FROM_CACHE"
          },
          {
            "path": ":build-logic:compileGroovyPlugins",
            "outcome": "FROM_CACHE"
          },
          {
            "path": ":build-logic:compileJava",
            "outcome": "FROM_CACHE"
          },
          {
            "path": ":build-logic:extractPluginRequests",
            "outcome": "FROM_CACHE"
          },
          {
            "path": ":build-logic:generatePluginAdapters",
            "outcome": "FROM_CACHE"
          },
          {
            "path": ":build-logic:jar",
            "outcome": "EXECUTED"
          },
          {
            "path": ":build-logic:pluginDescriptors",
            "outcome": "EXECUTED"
          },
          {
            "path": ":build-logic:processResources",
            "outcome": "EXECUTED"
          },
          {
            "path": ":classes",
            "outcome": "EXECUTED"
          },
          {
            "path": ":compileGroovy",
            "outcome": "EXECUTED"
          },
          {
            "path": ":compileJava",
            "outcome": "FROM_CACHE"
          },
          {
            "path": ":dgmConverter",
            "outcome": "FROM_CACHE"
          },
          {
            "path": ":generateGrammarSource",
            "outcome": "FROM_CACHE"
          },
          {
            "path": ":generateReleaseInfo",
            "outcome": "EXECUTED"
          },
          {
            "path": ":groovy-json:classes",
            "outcome": "EXECUTED"
          },
          {
            "path": ":groovy-json:compileGroovy",
            "outcome": "NO_SOURCE"
          },
          {
            "path": ":groovy-json:compileJava",
            "outcome": "EXECUTED"
          },
          {
            "path": ":groovy-json:generateReleaseInfo",
            "outcome": "EXECUTED"
          },
          {
            "path": ":groovy-json:jar",
            "outcome": "EXECUTED"
          },
          {
            "path": ":groovy-json:processResources",
            "outcome": "EXECUTED"
          },
          {
            "path": ":jar",
            "outcome": "EXECUTED"
          },
          {
            "path": ":osgiClasses",
            "outcome": "EXECUTED"
          },
          {
            "path": ":processResources",
            "outcome": "EXECUTED"
          }
        ]
      },
      "controlHostPressure": {
        "available": true,
        "cpuSomeTotalUs": 18085052,
        "memorySomeTotalUs": 124,
        "memoryFullTotalUs": 34,
        "ioSomeTotalUs": 39934774,
        "ioFullTotalUs": 17657006
      },
      "candidateHostPressure": {
        "available": true,
        "cpuSomeTotalUs": 149166,
        "memorySomeTotalUs": 2,
        "memoryFullTotalUs": 2,
        "ioSomeTotalUs": 13565700,
        "ioFullTotalUs": 9383610
      }
    },
    {
      "pair": 4,
      "order": "CANDIDATE_FIRST",
      "controlDurationMs": 71580,
      "candidateDurationMs": 18842,
      "savedMs": 52738,
      "controlRequiredOutputSha256": "27f462c377352f1f2a4074f1fae1f96ed51ec97f97e5b42237a57174204da1d5",
      "candidateRequiredOutputSha256": "27f462c377352f1f2a4074f1fae1f96ed51ec97f97e5b42237a57174204da1d5",
      "requiredOutputCount": 1,
      "productAttributableFailure": false,
      "controlLogSha256": "0a63b8a08c47d0ddae33bbd7bee89983104419748459befa259311613dd2a22c",
      "candidateLogSha256": "130e736471e0cccf8e9dd66a365fc461243c2d85f67a4d136052e1ecc31caeb7",
      "controlTaskOutcomes": {
        "total": 218,
        "executed": 138,
        "fromCache": 24,
        "upToDate": 8,
        "noSource": 48,
        "skipped": 0,
        "fingerprintSha256": "a8c9059b0fb2a799ddfba8828062a5ba4fb07b5deb583fa958f0ecb41079e151",
        "tasks": [
          {
            "path": ":bootstrapJar",
            "outcome": "EXECUTED"
          },
          {
            "path": ":build-logic:classes",
            "outcome": "EXECUTED"
          },
          {
            "path": ":build-logic:compileGroovy",
            "outcome": "FROM_CACHE"
          },
          {
            "path": ":build-logic:compileGroovyPlugins",
            "outcome": "FROM_CACHE"
          },
          {
            "path": ":build-logic:compileJava",
            "outcome": "FROM_CACHE"
          },
          {
            "path": ":build-logic:extractPluginRequests",
            "outcome": "FROM_CACHE"
          },
          {
            "path": ":build-logic:generatePluginAdapters",
            "outcome": "FROM_CACHE"
          },
          {
            "path": ":build-logic:jar",
            "outcome": "EXECUTED"
          },
          {
            "path": ":build-logic:pluginDescriptors",
            "outcome": "EXECUTED"
          },
          {
            "path": ":build-logic:processResources",
            "outcome": "EXECUTED"
          },
          {
            "path": ":classes",
            "outcome": "EXECUTED"
          },
          {
            "path": ":compileGroovy",
            "outcome": "EXECUTED"
          },
          {
            "path": ":compileJava",
            "outcome": "FROM_CACHE"
          },
          {
            "path": ":dgmConverter",
            "outcome": "FROM_CACHE"
          },
          {
            "path": ":generateGrammarSource",
            "outcome": "FROM_CACHE"
          },
          {
            "path": ":generateReleaseInfo",
            "outcome": "EXECUTED"
          },
          {
            "path": ":groovy-ant:classes",
            "outcome": "EXECUTED"
          },
          {
            "path": ":groovy-ant:compileGroovy",
            "outcome": "EXECUTED"
          },
          {
            "path": ":groovy-ant:compileJava",
            "outcome": "FROM_CACHE"
          },
          {
            "path": ":groovy-ant:generateReleaseInfo",
            "outcome": "EXECUTED"
          },
          {
            "path": ":groovy-ant:jar",
            "outcome": "EXECUTED"
          },
          {
            "path": ":groovy-ant:processResources",
            "outcome": "EXECUTED"
          },
          {
            "path": ":groovy-astbuilder:classes",
            "outcome": "EXECUTED"
          },
          {
            "path": ":groovy-astbuilder:compileGroovy",
            "outcome": "NO_SOURCE"
          },
          {
            "path": ":groovy-astbuilder:compileJava",
            "outcome": "FROM_CACHE"
          },
          {
            "path": ":groovy-astbuilder:generateReleaseInfo",
            "outcome": "EXECUTED"
          },
          {
            "path": ":groovy-astbuilder:jar",
            "outcome": "EXECUTED"
          },
          {
            "path": ":groovy-astbuilder:processResources",
            "outcome": "EXECUTED"
          },
          {
            "path": ":groovy-cli-commons:classes",
            "outcome": "EXECUTED"
          },
          {
            "path": ":groovy-cli-commons:compileGroovy",
            "outcome": "EXECUTED"
          },
          {
            "path": ":groovy-cli-commons:compileJava",
            "outcome": "NO_SOURCE"
          },
          {
            "path": ":groovy-cli-commons:generateReleaseInfo",
            "outcome": "EXECUTED"
          },
          {
            "path": ":groovy-cli-commons:jar",
            "outcome": "EXECUTED"
          },
          {
            "path": ":groovy-cli-commons:processResources",
            "outcome": "NO_SOURCE"
          },
          {
            "path": ":groovy-cli-picocli:classes",
            "outcome": "EXECUTED"
          },
          {
            "path": ":groovy-cli-picocli:compileGroovy",
            "outcome": "EXECUTED"
          },
          {
            "path": ":groovy-cli-picocli:compileJava",
            "outcome": "NO_SOURCE"
          },
          {
            "path": ":groovy-cli-picocli:generateReleaseInfo",
            "outcome": "EXECUTED"
          },
          {
            "path": ":groovy-cli-picocli:jar",
            "outcome": "EXECUTED"
          },
          {
            "path": ":groovy-cli-picocli:processResources",
            "outcome": "NO_SOURCE"
          },
          {
            "path": ":groovy-console:classes",
            "outcome": "EXECUTED"
          },
          {
            "path": ":groovy-console:compileGroovy",
            "outcome": "EXECUTED"
          },
          {
            "path": ":groovy-console:compileJava",
            "outcome": "NO_SOURCE"
          },
          {
            "path": ":groovy-console:generateReleaseInfo",
            "outcome": "EXECUTED"
          },
          {
            "path": ":groovy-console:jar",
            "outcome": "EXECUTED"
          },
          {
            "path": ":groovy-console:processResources",
            "outcome": "EXECUTED"
          },
          {
            "path": ":groovy-contracts:classes",
            "outcome": "EXECUTED"
          },
          {
            "path": ":groovy-contracts:compileGroovy",
            "outcome": "NO_SOURCE"
          },
          {
            "path": ":groovy-contracts:compileJava",
            "outcome": "FROM_CACHE"
          },
          {
            "path": ":groovy-contracts:generateReleaseInfo",
            "outcome": "EXECUTED"
          },
          {
            "path": ":groovy-contracts:jar",
            "outcome": "EXECUTED"
          },
          {
            "path": ":groovy-contracts:processResources",
            "outcome": "EXECUTED"
          },
          {
            "path": ":groovy-datetime:classes",
            "outcome": "UP_TO_DATE"
          },
          {
            "path": ":groovy-datetime:compileGroovy",
            "outcome": "NO_SOURCE"
          },
          {
            "path": ":groovy-datetime:compileJava",
            "outcome": "FROM_CACHE"
          },
          {
            "path": ":groovy-datetime:generateReleaseInfo",
            "outcome": "EXECUTED"
          },
          {
            "path": ":groovy-datetime:jar",
            "outcome": "EXECUTED"
          },
          {
            "path": ":groovy-datetime:moduleDescriptor",
            "outcome": "EXECUTED"
          },
          {
            "path": ":groovy-datetime:processResources",
            "outcome": "NO_SOURCE"
          },
          {
            "path": ":groovy-dateutil:classes",
            "outcome": "UP_TO_DATE"
          },
          {
            "path": ":groovy-dateutil:compileGroovy",
            "outcome": "NO_SOURCE"
          },
          {
            "path": ":groovy-dateutil:compileJava",
            "outcome": "FROM_CACHE"
          },
          {
            "path": ":groovy-dateutil:generateReleaseInfo",
            "outcome": "EXECUTED"
          },
          {
            "path": ":groovy-dateutil:jar",
            "outcome": "EXECUTED"
          },
          {
            "path": ":groovy-dateutil:moduleDescriptor",
            "outcome": "EXECUTED"
          },
          {
            "path": ":groovy-dateutil:processResources",
            "outcome": "NO_SOURCE"
          },
          {
            "path": ":groovy-docgenerator:classes",
            "outcome": "EXECUTED"
          },
          {
            "path": ":groovy-docgenerator:compileGroovy",
            "outcome": "EXECUTED"
          },
          {
            "path": ":groovy-docgenerator:compileJava",
            "outcome": "NO_SOURCE"
          },
          {
            "path": ":groovy-docgenerator:generateReleaseInfo",
            "outcome": "EXECUTED"
          },
          {
            "path": ":groovy-docgenerator:jar",
            "outcome": "EXECUTED"
          },
          {
            "path": ":groovy-docgenerator:processResources",
            "outcome": "EXECUTED"
          },
          {
            "path": ":groovy-ginq:classes",
            "outcome": "EXECUTED"
          },
          {
            "path": ":groovy-ginq:compileGroovy",
            "outcome": "EXECUTED"
          },
          {
            "path": ":groovy-ginq:compileJava",
            "outcome": "NO_SOURCE"
          },
          {
            "path": ":groovy-ginq:generateReleaseInfo",
            "outcome": "EXECUTED"
          },
          {
            "path": ":groovy-ginq:jar",
            "outcome": "EXECUTED"
          },
          {
            "path": ":groovy-ginq:moduleDescriptor",
            "outcome": "EXECUTED"
          },
          {
            "path": ":groovy-ginq:processResources",
            "outcome": "NO_SOURCE"
          },
          {
            "path": ":groovy-groovydoc:classes",
            "outcome": "EXECUTED"
          },
          {
            "path": ":groovy-groovydoc:compileGroovy",
            "outcome": "EXECUTED"
          },
          {
            "path": ":groovy-groovydoc:compileJava",
            "outcome": "FROM_CACHE"
          },
          {
            "path": ":groovy-groovydoc:generateReleaseInfo",
            "outcome": "EXECUTED"
          },
          {
            "path": ":groovy-groovydoc:jar",
            "outcome": "EXECUTED"
          },
          {
            "path": ":groovy-groovydoc:processResources",
            "outcome": "EXECUTED"
          },
          {
            "path": ":groovy-groovysh:classes",
            "outcome": "EXECUTED"
          },
          {
            "path": ":groovy-groovysh:compileGroovy",
            "outcome": "EXECUTED"
          },
          {
            "path": ":groovy-groovysh:compileJava",
            "outcome": "NO_SOURCE"
          },
          {
            "path": ":groovy-groovysh:generateReleaseInfo",
            "outcome": "EXECUTED"
          },
          {
            "path": ":groovy-groovysh:jar",
            "outcome": "EXECUTED"
          },
          {
            "path": ":groovy-groovysh:processResources",
            "outcome": "EXECUTED"
          },
          {
            "path": ":groovy-jmx:classes",
            "outcome": "EXECUTED"
          },
          {
            "path": ":groovy-jmx:compileGroovy",
            "outcome": "EXECUTED"
          },
          {
            "path": ":groovy-jmx:compileJava",
            "outcome": "FROM_CACHE"
          },
          {
            "path": ":groovy-jmx:generateReleaseInfo",
            "outcome": "EXECUTED"
          },
          {
            "path": ":groovy-jmx:jar",
            "outcome": "EXECUTED"
          },
          {
            "path": ":groovy-jmx:processResources",
            "outcome": "NO_SOURCE"
          },
          {
            "path": ":groovy-json:classes",
            "outcome": "EXECUTED"
          },
          {
            "path": ":groovy-json:compileGroovy",
            "outcome": "NO_SOURCE"
          },
          {
            "path": ":groovy-json:compileJava",
            "outcome": "EXECUTED"
          },
          {
            "path": ":groovy-json:generateReleaseInfo",
            "outcome": "EXECUTED"
          },
          {
            "path": ":groovy-json:jar",
            "outcome": "EXECUTED"
          },
          {
            "path": ":groovy-json:processResources",
            "outcome": "EXECUTED"
          },
          {
            "path": ":groovy-jsr223:classes",
            "outcome": "EXECUTED"
          },
          {
            "path": ":groovy-jsr223:compileGroovy",
            "outcome": "NO_SOURCE"
          },
          {
            "path": ":groovy-jsr223:compileJava",
            "outcome": "FROM_CACHE"
          },
          {
            "path": ":groovy-jsr223:generateReleaseInfo",
            "outcome": "EXECUTED"
          },
          {
            "path": ":groovy-jsr223:jar",
            "outcome": "EXECUTED"
          },
          {
            "path": ":groovy-jsr223:moduleDescriptor",
            "outcome": "EXECUTED"
          },
          {
            "path": ":groovy-jsr223:processResources",
            "outcome": "EXECUTED"
          },
          {
            "path": ":groovy-macro-library:classes",
            "outcome": "EXECUTED"
          },
          {
            "path": ":groovy-macro-library:compileGroovy",
            "outcome": "EXECUTED"
          },
          {
            "path": ":groovy-macro-library:compileJava",
            "outcome": "NO_SOURCE"
          },
          {
            "path": ":groovy-macro-library:generateReleaseInfo",
            "outcome": "EXECUTED"
          },
          {
            "path": ":groovy-macro-library:jar",
            "outcome": "EXECUTED"
          },
          {
            "path": ":groovy-macro-library:moduleDescriptor",
            "outcome": "EXECUTED"
          },
          {
            "path": ":groovy-macro-library:processResources",
            "outcome": "NO_SOURCE"
          },
          {
            "path": ":groovy-macro:classes",
            "outcome": "EXECUTED"
          },
          {
            "path": ":groovy-macro:compileGroovy",
            "outcome": "EXECUTED"
          },
          {
            "path": ":groovy-macro:compileJava",
            "outcome": "NO_SOURCE"
          },
          {
            "path": ":groovy-macro:generateReleaseInfo",
            "outcome": "EXECUTED"
          },
          {
            "path": ":groovy-macro:jar",
            "outcome": "EXECUTED"
          },
          {
            "path": ":groovy-macro:moduleDescriptor",
            "outcome": "EXECUTED"
          },
          {
            "path": ":groovy-macro:processResources",
            "outcome": "EXECUTED"
          },
          {
            "path": ":groovy-nio:classes",
            "outcome": "UP_TO_DATE"
          },
          {
            "path": ":groovy-nio:compileGroovy",
            "outcome": "NO_SOURCE"
          },
          {
            "path": ":groovy-nio:compileJava",
            "outcome": "FROM_CACHE"
          },
          {
            "path": ":groovy-nio:generateReleaseInfo",
            "outcome": "EXECUTED"
          },
          {
            "path": ":groovy-nio:jar",
            "outcome": "EXECUTED"
          },
          {
            "path": ":groovy-nio:moduleDescriptor",
            "outcome": "EXECUTED"
          },
          {
            "path": ":groovy-nio:processResources",
            "outcome": "NO_SOURCE"
          },
          {
            "path": ":groovy-servlet:classes",
            "outcome": "UP_TO_DATE"
          },
          {
            "path": ":groovy-servlet:compileGroovy",
            "outcome": "NO_SOURCE"
          },
          {
            "path": ":groovy-servlet:compileJava",
            "outcome": "FROM_CACHE"
          },
          {
            "path": ":groovy-servlet:generateReleaseInfo",
            "outcome": "EXECUTED"
          },
          {
            "path": ":groovy-servlet:jar",
            "outcome": "EXECUTED"
          },
          {
            "path": ":groovy-servlet:processResources",
            "outcome": "NO_SOURCE"
          },
          {
            "path": ":groovy-sql:classes",
            "outcome": "UP_TO_DATE"
          },
          {
            "path": ":groovy-sql:compileGroovy",
            "outcome": "NO_SOURCE"
          },
          {
            "path": ":groovy-sql:compileJava",
            "outcome": "FROM_CACHE"
          },
          {
            "path": ":groovy-sql:generateReleaseInfo",
            "outcome": "EXECUTED"
          },
          {
            "path": ":groovy-sql:jar",
            "outcome": "EXECUTED"
          },
          {
            "path": ":groovy-sql:moduleDescriptor",
            "outcome": "EXECUTED"
          },
          {
            "path": ":groovy-sql:processResources",
            "outcome": "NO_SOURCE"
          },
          {
            "path": ":groovy-swing:classes",
            "outcome": "EXECUTED"
          },
          {
            "path": ":groovy-swing:compileGroovy",
            "outcome": "EXECUTED"
          },
          {
            "path": ":groovy-swing:compileJava",
            "outcome": "FROM_CACHE"
          },
          {
            "path": ":groovy-swing:generateReleaseInfo",
            "outcome": "EXECUTED"
          },
          {
            "path": ":groovy-swing:jar",
            "outcome": "EXECUTED"
          },
          {
            "path": ":groovy-swing:moduleDescriptor",
            "outcome": "EXECUTED"
          },
          {
            "path": ":groovy-swing:processResources",
            "outcome": "NO_SOURCE"
          },
          {
            "path": ":groovy-templates:classes",
            "outcome": "EXECUTED"
          },
          {
            "path": ":groovy-templates:compileGroovy",
            "outcome": "EXECUTED"
          },
          {
            "path": ":groovy-templates:compileJava",
            "outcome": "NO_SOURCE"
          },
          {
            "path": ":groovy-templates:generateReleaseInfo",
            "outcome": "EXECUTED"
          },
          {
            "path": ":groovy-templates:jar",
            "outcome": "EXECUTED"
          },
          {
            "path": ":groovy-templates:processResources",
            "outcome": "NO_SOURCE"
          },
          {
            "path": ":groovy-test-junit5:classes",
            "outcome": "EXECUTED"
          },
          {
            "path": ":groovy-test-junit5:compileGroovy",
            "outcome": "EXECUTED"
          },
          {
            "path": ":groovy-test-junit5:compileJava",
            "outcome": "FROM_CACHE"
          },
          {
            "path": ":groovy-test-junit5:generateReleaseInfo",
            "outcome": "EXECUTED"
          },
          {
            "path": ":groovy-test-junit5:jar",
            "outcome": "EXECUTED"
          },
          {
            "path": ":groovy-test-junit5:processResources",
            "outcome": "EXECUTED"
          },
          {
            "path": ":groovy-test:classes",
            "outcome": "EXECUTED"
          },
          {
            "path": ":groovy-test:compileGroovy",
            "outcome": "EXECUTED"
          },
          {
            "path": ":groovy-test:compileJava",
            "outcome": "FROM_CACHE"
          },
          {
            "path": ":groovy-test:generateReleaseInfo",
            "outcome": "EXECUTED"
          },
          {
            "path": ":groovy-test:jar",
            "outcome": "EXECUTED"
          },
          {
            "path": ":groovy-test:processResources",
            "outcome": "NO_SOURCE"
          },
          {
            "path": ":groovy-testng:classes",
            "outcome": "EXECUTED"
          },
          {
            "path": ":groovy-testng:compileGroovy",
            "outcome": "NO_SOURCE"
          },
          {
            "path": ":groovy-testng:compileJava",
            "outcome": "FROM_CACHE"
          },
          {
            "path": ":groovy-testng:generateReleaseInfo",
            "outcome": "EXECUTED"
          },
          {
            "path": ":groovy-testng:jar",
            "outcome": "EXECUTED"
          },
          {
            "path": ":groovy-testng:processResources",
            "outcome": "EXECUTED"
          },
          {
            "path": ":groovy-toml:classes",
            "outcome": "EXECUTED"
          },
          {
            "path": ":groovy-toml:compileGroovy",
            "outcome": "NO_SOURCE"
          },
          {
            "path": ":groovy-toml:compileJava",
            "outcome": "EXECUTED"
          },
          {
            "path": ":groovy-toml:generateReleaseInfo",
            "outcome": "EXECUTED"
          },
          {
            "path": ":groovy-toml:jar",
            "outcome": "EXECUTED"
          },
          {
            "path": ":groovy-toml:processResources",
            "outcome": "NO_SOURCE"
          },
          {
            "path": ":groovy-typecheckers:classes",
            "outcome": "EXECUTED"
          },
          {
            "path": ":groovy-typecheckers:compileGroovy",
            "outcome": "EXECUTED"
          },
          {
            "path": ":groovy-typecheckers:compileJava",
            "outcome": "NO_SOURCE"
          },
          {
            "path": ":groovy-typecheckers:generateReleaseInfo",
            "outcome": "EXECUTED"
          },
          {
            "path": ":groovy-typecheckers:jar",
            "outcome": "EXECUTED"
          },
          {
            "path": ":groovy-typecheckers:processResources",
            "outcome": "NO_SOURCE"
          },
          {
            "path": ":groovy-xml:classes",
            "outcome": "EXECUTED"
          },
          {
            "path": ":groovy-xml:compileGroovy",
            "outcome": "EXECUTED"
          },
          {
            "path": ":groovy-xml:compileJava",
            "outcome": "FROM_CACHE"
          },
          {
            "path": ":groovy-xml:generateReleaseInfo",
            "outcome": "EXECUTED"
          },
          {
            "path": ":groovy-xml:jar",
            "outcome": "EXECUTED"
          },
          {
            "path": ":groovy-xml:moduleDescriptor",
            "outcome": "EXECUTED"
          },
          {
            "path": ":groovy-xml:processResources",
            "outcome": "NO_SOURCE"
          },
          {
            "path": ":groovy-yaml:classes",
            "outcome": "EXECUTED"
          },
          {
            "path": ":groovy-yaml:compileGroovy",
            "outcome": "NO_SOURCE"
          },
          {
            "path": ":groovy-yaml:compileJava",
            "outcome": "EXECUTED"
          },
          {
            "path": ":groovy-yaml:generateReleaseInfo",
            "outcome": "EXECUTED"
          },
          {
            "path": ":groovy-yaml:jar",
            "outcome": "EXECUTED"
          },
          {
            "path": ":groovy-yaml:processResources",
            "outcome": "NO_SOURCE"
          },
          {
            "path": ":jar",
            "outcome": "EXECUTED"
          },
          {
            "path": ":osgiClasses",
            "outcome": "EXECUTED"
          },
          {
            "path": ":performance:classes",
            "outcome": "UP_TO_DATE"
          },
          {
            "path": ":performance:compileGroovy",
            "outcome": "NO_SOURCE"
          },
          {
            "path": ":performance:compileJava",
            "outcome": "NO_SOURCE"
          },
          {
            "path": ":performance:jar",
            "outcome": "EXECUTED"
          },
          {
            "path": ":performance:processResources",
            "outcome": "NO_SOURCE"
          },
          {
            "path": ":processResources",
            "outcome": "EXECUTED"
          },
          {
            "path": ":stress:classes",
            "outcome": "UP_TO_DATE"
          },
          {
            "path": ":stress:compileGroovy",
            "outcome": "NO_SOURCE"
          },
          {
            "path": ":stress:compileJava",
            "outcome": "NO_SOURCE"
          },
          {
            "path": ":stress:jar",
            "outcome": "EXECUTED"
          },
          {
            "path": ":stress:processResources",
            "outcome": "NO_SOURCE"
          },
          {
            "path": ":tests-preview:classes",
            "outcome": "UP_TO_DATE"
          },
          {
            "path": ":tests-preview:compileGroovy",
            "outcome": "NO_SOURCE"
          },
          {
            "path": ":tests-preview:compileJava",
            "outcome": "NO_SOURCE"
          },
          {
            "path": ":tests-preview:jar",
            "outcome": "EXECUTED"
          },
          {
            "path": ":tests-preview:processResources",
            "outcome": "NO_SOURCE"
          }
        ]
      },
      "candidateTaskOutcomes": {
        "total": 25,
        "executed": 16,
        "fromCache": 8,
        "upToDate": 0,
        "noSource": 1,
        "skipped": 0,
        "fingerprintSha256": "b43c808e47c00d49cfb56f71197b3295e884e9f536fb660c7889cb8b633b76e2",
        "tasks": [
          {
            "path": ":bootstrapJar",
            "outcome": "EXECUTED"
          },
          {
            "path": ":build-logic:classes",
            "outcome": "EXECUTED"
          },
          {
            "path": ":build-logic:compileGroovy",
            "outcome": "FROM_CACHE"
          },
          {
            "path": ":build-logic:compileGroovyPlugins",
            "outcome": "FROM_CACHE"
          },
          {
            "path": ":build-logic:compileJava",
            "outcome": "FROM_CACHE"
          },
          {
            "path": ":build-logic:extractPluginRequests",
            "outcome": "FROM_CACHE"
          },
          {
            "path": ":build-logic:generatePluginAdapters",
            "outcome": "FROM_CACHE"
          },
          {
            "path": ":build-logic:jar",
            "outcome": "EXECUTED"
          },
          {
            "path": ":build-logic:pluginDescriptors",
            "outcome": "EXECUTED"
          },
          {
            "path": ":build-logic:processResources",
            "outcome": "EXECUTED"
          },
          {
            "path": ":classes",
            "outcome": "EXECUTED"
          },
          {
            "path": ":compileGroovy",
            "outcome": "EXECUTED"
          },
          {
            "path": ":compileJava",
            "outcome": "FROM_CACHE"
          },
          {
            "path": ":dgmConverter",
            "outcome": "FROM_CACHE"
          },
          {
            "path": ":generateGrammarSource",
            "outcome": "FROM_CACHE"
          },
          {
            "path": ":generateReleaseInfo",
            "outcome": "EXECUTED"
          },
          {
            "path": ":groovy-json:classes",
            "outcome": "EXECUTED"
          },
          {
            "path": ":groovy-json:compileGroovy",
            "outcome": "NO_SOURCE"
          },
          {
            "path": ":groovy-json:compileJava",
            "outcome": "EXECUTED"
          },
          {
            "path": ":groovy-json:generateReleaseInfo",
            "outcome": "EXECUTED"
          },
          {
            "path": ":groovy-json:jar",
            "outcome": "EXECUTED"
          },
          {
            "path": ":groovy-json:processResources",
            "outcome": "EXECUTED"
          },
          {
            "path": ":jar",
            "outcome": "EXECUTED"
          },
          {
            "path": ":osgiClasses",
            "outcome": "EXECUTED"
          },
          {
            "path": ":processResources",
            "outcome": "EXECUTED"
          }
        ]
      },
      "controlHostPressure": {
        "available": true,
        "cpuSomeTotalUs": 19318966,
        "memorySomeTotalUs": 1905,
        "memoryFullTotalUs": 1902,
        "ioSomeTotalUs": 37625461,
        "ioFullTotalUs": 14597841
      },
      "candidateHostPressure": {
        "available": true,
        "cpuSomeTotalUs": 180793,
        "memorySomeTotalUs": 0,
        "memoryFullTotalUs": 0,
        "ioSomeTotalUs": 12194748,
        "ioFullTotalUs": 8435463
      }
    },
    {
      "pair": 5,
      "order": "CONTROL_FIRST",
      "controlDurationMs": 73923,
      "candidateDurationMs": 20168,
      "savedMs": 53755,
      "controlRequiredOutputSha256": "27f462c377352f1f2a4074f1fae1f96ed51ec97f97e5b42237a57174204da1d5",
      "candidateRequiredOutputSha256": "27f462c377352f1f2a4074f1fae1f96ed51ec97f97e5b42237a57174204da1d5",
      "requiredOutputCount": 1,
      "productAttributableFailure": false,
      "controlLogSha256": "43304bf65dd40ae492ae57e01f47208abeb83c13279ec71b2bbe9a610627ef01",
      "candidateLogSha256": "3ba108c566d0bb85bdcb46443f5ffe06004c2ba8e630e5283b964fd6ec83e5a7",
      "controlTaskOutcomes": {
        "total": 218,
        "executed": 138,
        "fromCache": 24,
        "upToDate": 8,
        "noSource": 48,
        "skipped": 0,
        "fingerprintSha256": "a8c9059b0fb2a799ddfba8828062a5ba4fb07b5deb583fa958f0ecb41079e151",
        "tasks": [
          {
            "path": ":bootstrapJar",
            "outcome": "EXECUTED"
          },
          {
            "path": ":build-logic:classes",
            "outcome": "EXECUTED"
          },
          {
            "path": ":build-logic:compileGroovy",
            "outcome": "FROM_CACHE"
          },
          {
            "path": ":build-logic:compileGroovyPlugins",
            "outcome": "FROM_CACHE"
          },
          {
            "path": ":build-logic:compileJava",
            "outcome": "FROM_CACHE"
          },
          {
            "path": ":build-logic:extractPluginRequests",
            "outcome": "FROM_CACHE"
          },
          {
            "path": ":build-logic:generatePluginAdapters",
            "outcome": "FROM_CACHE"
          },
          {
            "path": ":build-logic:jar",
            "outcome": "EXECUTED"
          },
          {
            "path": ":build-logic:pluginDescriptors",
            "outcome": "EXECUTED"
          },
          {
            "path": ":build-logic:processResources",
            "outcome": "EXECUTED"
          },
          {
            "path": ":classes",
            "outcome": "EXECUTED"
          },
          {
            "path": ":compileGroovy",
            "outcome": "EXECUTED"
          },
          {
            "path": ":compileJava",
            "outcome": "FROM_CACHE"
          },
          {
            "path": ":dgmConverter",
            "outcome": "FROM_CACHE"
          },
          {
            "path": ":generateGrammarSource",
            "outcome": "FROM_CACHE"
          },
          {
            "path": ":generateReleaseInfo",
            "outcome": "EXECUTED"
          },
          {
            "path": ":groovy-ant:classes",
            "outcome": "EXECUTED"
          },
          {
            "path": ":groovy-ant:compileGroovy",
            "outcome": "EXECUTED"
          },
          {
            "path": ":groovy-ant:compileJava",
            "outcome": "FROM_CACHE"
          },
          {
            "path": ":groovy-ant:generateReleaseInfo",
            "outcome": "EXECUTED"
          },
          {
            "path": ":groovy-ant:jar",
            "outcome": "EXECUTED"
          },
          {
            "path": ":groovy-ant:processResources",
            "outcome": "EXECUTED"
          },
          {
            "path": ":groovy-astbuilder:classes",
            "outcome": "EXECUTED"
          },
          {
            "path": ":groovy-astbuilder:compileGroovy",
            "outcome": "NO_SOURCE"
          },
          {
            "path": ":groovy-astbuilder:compileJava",
            "outcome": "FROM_CACHE"
          },
          {
            "path": ":groovy-astbuilder:generateReleaseInfo",
            "outcome": "EXECUTED"
          },
          {
            "path": ":groovy-astbuilder:jar",
            "outcome": "EXECUTED"
          },
          {
            "path": ":groovy-astbuilder:processResources",
            "outcome": "EXECUTED"
          },
          {
            "path": ":groovy-cli-commons:classes",
            "outcome": "EXECUTED"
          },
          {
            "path": ":groovy-cli-commons:compileGroovy",
            "outcome": "EXECUTED"
          },
          {
            "path": ":groovy-cli-commons:compileJava",
            "outcome": "NO_SOURCE"
          },
          {
            "path": ":groovy-cli-commons:generateReleaseInfo",
            "outcome": "EXECUTED"
          },
          {
            "path": ":groovy-cli-commons:jar",
            "outcome": "EXECUTED"
          },
          {
            "path": ":groovy-cli-commons:processResources",
            "outcome": "NO_SOURCE"
          },
          {
            "path": ":groovy-cli-picocli:classes",
            "outcome": "EXECUTED"
          },
          {
            "path": ":groovy-cli-picocli:compileGroovy",
            "outcome": "EXECUTED"
          },
          {
            "path": ":groovy-cli-picocli:compileJava",
            "outcome": "NO_SOURCE"
          },
          {
            "path": ":groovy-cli-picocli:generateReleaseInfo",
            "outcome": "EXECUTED"
          },
          {
            "path": ":groovy-cli-picocli:jar",
            "outcome": "EXECUTED"
          },
          {
            "path": ":groovy-cli-picocli:processResources",
            "outcome": "NO_SOURCE"
          },
          {
            "path": ":groovy-console:classes",
            "outcome": "EXECUTED"
          },
          {
            "path": ":groovy-console:compileGroovy",
            "outcome": "EXECUTED"
          },
          {
            "path": ":groovy-console:compileJava",
            "outcome": "NO_SOURCE"
          },
          {
            "path": ":groovy-console:generateReleaseInfo",
            "outcome": "EXECUTED"
          },
          {
            "path": ":groovy-console:jar",
            "outcome": "EXECUTED"
          },
          {
            "path": ":groovy-console:processResources",
            "outcome": "EXECUTED"
          },
          {
            "path": ":groovy-contracts:classes",
            "outcome": "EXECUTED"
          },
          {
            "path": ":groovy-contracts:compileGroovy",
            "outcome": "NO_SOURCE"
          },
          {
            "path": ":groovy-contracts:compileJava",
            "outcome": "FROM_CACHE"
          },
          {
            "path": ":groovy-contracts:generateReleaseInfo",
            "outcome": "EXECUTED"
          },
          {
            "path": ":groovy-contracts:jar",
            "outcome": "EXECUTED"
          },
          {
            "path": ":groovy-contracts:processResources",
            "outcome": "EXECUTED"
          },
          {
            "path": ":groovy-datetime:classes",
            "outcome": "UP_TO_DATE"
          },
          {
            "path": ":groovy-datetime:compileGroovy",
            "outcome": "NO_SOURCE"
          },
          {
            "path": ":groovy-datetime:compileJava",
            "outcome": "FROM_CACHE"
          },
          {
            "path": ":groovy-datetime:generateReleaseInfo",
            "outcome": "EXECUTED"
          },
          {
            "path": ":groovy-datetime:jar",
            "outcome": "EXECUTED"
          },
          {
            "path": ":groovy-datetime:moduleDescriptor",
            "outcome": "EXECUTED"
          },
          {
            "path": ":groovy-datetime:processResources",
            "outcome": "NO_SOURCE"
          },
          {
            "path": ":groovy-dateutil:classes",
            "outcome": "UP_TO_DATE"
          },
          {
            "path": ":groovy-dateutil:compileGroovy",
            "outcome": "NO_SOURCE"
          },
          {
            "path": ":groovy-dateutil:compileJava",
            "outcome": "FROM_CACHE"
          },
          {
            "path": ":groovy-dateutil:generateReleaseInfo",
            "outcome": "EXECUTED"
          },
          {
            "path": ":groovy-dateutil:jar",
            "outcome": "EXECUTED"
          },
          {
            "path": ":groovy-dateutil:moduleDescriptor",
            "outcome": "EXECUTED"
          },
          {
            "path": ":groovy-dateutil:processResources",
            "outcome": "NO_SOURCE"
          },
          {
            "path": ":groovy-docgenerator:classes",
            "outcome": "EXECUTED"
          },
          {
            "path": ":groovy-docgenerator:compileGroovy",
            "outcome": "EXECUTED"
          },
          {
            "path": ":groovy-docgenerator:compileJava",
            "outcome": "NO_SOURCE"
          },
          {
            "path": ":groovy-docgenerator:generateReleaseInfo",
            "outcome": "EXECUTED"
          },
          {
            "path": ":groovy-docgenerator:jar",
            "outcome": "EXECUTED"
          },
          {
            "path": ":groovy-docgenerator:processResources",
            "outcome": "EXECUTED"
          },
          {
            "path": ":groovy-ginq:classes",
            "outcome": "EXECUTED"
          },
          {
            "path": ":groovy-ginq:compileGroovy",
            "outcome": "EXECUTED"
          },
          {
            "path": ":groovy-ginq:compileJava",
            "outcome": "NO_SOURCE"
          },
          {
            "path": ":groovy-ginq:generateReleaseInfo",
            "outcome": "EXECUTED"
          },
          {
            "path": ":groovy-ginq:jar",
            "outcome": "EXECUTED"
          },
          {
            "path": ":groovy-ginq:moduleDescriptor",
            "outcome": "EXECUTED"
          },
          {
            "path": ":groovy-ginq:processResources",
            "outcome": "NO_SOURCE"
          },
          {
            "path": ":groovy-groovydoc:classes",
            "outcome": "EXECUTED"
          },
          {
            "path": ":groovy-groovydoc:compileGroovy",
            "outcome": "EXECUTED"
          },
          {
            "path": ":groovy-groovydoc:compileJava",
            "outcome": "FROM_CACHE"
          },
          {
            "path": ":groovy-groovydoc:generateReleaseInfo",
            "outcome": "EXECUTED"
          },
          {
            "path": ":groovy-groovydoc:jar",
            "outcome": "EXECUTED"
          },
          {
            "path": ":groovy-groovydoc:processResources",
            "outcome": "EXECUTED"
          },
          {
            "path": ":groovy-groovysh:classes",
            "outcome": "EXECUTED"
          },
          {
            "path": ":groovy-groovysh:compileGroovy",
            "outcome": "EXECUTED"
          },
          {
            "path": ":groovy-groovysh:compileJava",
            "outcome": "NO_SOURCE"
          },
          {
            "path": ":groovy-groovysh:generateReleaseInfo",
            "outcome": "EXECUTED"
          },
          {
            "path": ":groovy-groovysh:jar",
            "outcome": "EXECUTED"
          },
          {
            "path": ":groovy-groovysh:processResources",
            "outcome": "EXECUTED"
          },
          {
            "path": ":groovy-jmx:classes",
            "outcome": "EXECUTED"
          },
          {
            "path": ":groovy-jmx:compileGroovy",
            "outcome": "EXECUTED"
          },
          {
            "path": ":groovy-jmx:compileJava",
            "outcome": "FROM_CACHE"
          },
          {
            "path": ":groovy-jmx:generateReleaseInfo",
            "outcome": "EXECUTED"
          },
          {
            "path": ":groovy-jmx:jar",
            "outcome": "EXECUTED"
          },
          {
            "path": ":groovy-jmx:processResources",
            "outcome": "NO_SOURCE"
          },
          {
            "path": ":groovy-json:classes",
            "outcome": "EXECUTED"
          },
          {
            "path": ":groovy-json:compileGroovy",
            "outcome": "NO_SOURCE"
          },
          {
            "path": ":groovy-json:compileJava",
            "outcome": "EXECUTED"
          },
          {
            "path": ":groovy-json:generateReleaseInfo",
            "outcome": "EXECUTED"
          },
          {
            "path": ":groovy-json:jar",
            "outcome": "EXECUTED"
          },
          {
            "path": ":groovy-json:processResources",
            "outcome": "EXECUTED"
          },
          {
            "path": ":groovy-jsr223:classes",
            "outcome": "EXECUTED"
          },
          {
            "path": ":groovy-jsr223:compileGroovy",
            "outcome": "NO_SOURCE"
          },
          {
            "path": ":groovy-jsr223:compileJava",
            "outcome": "FROM_CACHE"
          },
          {
            "path": ":groovy-jsr223:generateReleaseInfo",
            "outcome": "EXECUTED"
          },
          {
            "path": ":groovy-jsr223:jar",
            "outcome": "EXECUTED"
          },
          {
            "path": ":groovy-jsr223:moduleDescriptor",
            "outcome": "EXECUTED"
          },
          {
            "path": ":groovy-jsr223:processResources",
            "outcome": "EXECUTED"
          },
          {
            "path": ":groovy-macro-library:classes",
            "outcome": "EXECUTED"
          },
          {
            "path": ":groovy-macro-library:compileGroovy",
            "outcome": "EXECUTED"
          },
          {
            "path": ":groovy-macro-library:compileJava",
            "outcome": "NO_SOURCE"
          },
          {
            "path": ":groovy-macro-library:generateReleaseInfo",
            "outcome": "EXECUTED"
          },
          {
            "path": ":groovy-macro-library:jar",
            "outcome": "EXECUTED"
          },
          {
            "path": ":groovy-macro-library:moduleDescriptor",
            "outcome": "EXECUTED"
          },
          {
            "path": ":groovy-macro-library:processResources",
            "outcome": "NO_SOURCE"
          },
          {
            "path": ":groovy-macro:classes",
            "outcome": "EXECUTED"
          },
          {
            "path": ":groovy-macro:compileGroovy",
            "outcome": "EXECUTED"
          },
          {
            "path": ":groovy-macro:compileJava",
            "outcome": "NO_SOURCE"
          },
          {
            "path": ":groovy-macro:generateReleaseInfo",
            "outcome": "EXECUTED"
          },
          {
            "path": ":groovy-macro:jar",
            "outcome": "EXECUTED"
          },
          {
            "path": ":groovy-macro:moduleDescriptor",
            "outcome": "EXECUTED"
          },
          {
            "path": ":groovy-macro:processResources",
            "outcome": "EXECUTED"
          },
          {
            "path": ":groovy-nio:classes",
            "outcome": "UP_TO_DATE"
          },
          {
            "path": ":groovy-nio:compileGroovy",
            "outcome": "NO_SOURCE"
          },
          {
            "path": ":groovy-nio:compileJava",
            "outcome": "FROM_CACHE"
          },
          {
            "path": ":groovy-nio:generateReleaseInfo",
            "outcome": "EXECUTED"
          },
          {
            "path": ":groovy-nio:jar",
            "outcome": "EXECUTED"
          },
          {
            "path": ":groovy-nio:moduleDescriptor",
            "outcome": "EXECUTED"
          },
          {
            "path": ":groovy-nio:processResources",
            "outcome": "NO_SOURCE"
          },
          {
            "path": ":groovy-servlet:classes",
            "outcome": "UP_TO_DATE"
          },
          {
            "path": ":groovy-servlet:compileGroovy",
            "outcome": "NO_SOURCE"
          },
          {
            "path": ":groovy-servlet:compileJava",
            "outcome": "FROM_CACHE"
          },
          {
            "path": ":groovy-servlet:generateReleaseInfo",
            "outcome": "EXECUTED"
          },
          {
            "path": ":groovy-servlet:jar",
            "outcome": "EXECUTED"
          },
          {
            "path": ":groovy-servlet:processResources",
            "outcome": "NO_SOURCE"
          },
          {
            "path": ":groovy-sql:classes",
            "outcome": "UP_TO_DATE"
          },
          {
            "path": ":groovy-sql:compileGroovy",
            "outcome": "NO_SOURCE"
          },
          {
            "path": ":groovy-sql:compileJava",
            "outcome": "FROM_CACHE"
          },
          {
            "path": ":groovy-sql:generateReleaseInfo",
            "outcome": "EXECUTED"
          },
          {
            "path": ":groovy-sql:jar",
            "outcome": "EXECUTED"
          },
          {
            "path": ":groovy-sql:moduleDescriptor",
            "outcome": "EXECUTED"
          },
          {
            "path": ":groovy-sql:processResources",
            "outcome": "NO_SOURCE"
          },
          {
            "path": ":groovy-swing:classes",
            "outcome": "EXECUTED"
          },
          {
            "path": ":groovy-swing:compileGroovy",
            "outcome": "EXECUTED"
          },
          {
            "path": ":groovy-swing:compileJava",
            "outcome": "FROM_CACHE"
          },
          {
            "path": ":groovy-swing:generateReleaseInfo",
            "outcome": "EXECUTED"
          },
          {
            "path": ":groovy-swing:jar",
            "outcome": "EXECUTED"
          },
          {
            "path": ":groovy-swing:moduleDescriptor",
            "outcome": "EXECUTED"
          },
          {
            "path": ":groovy-swing:processResources",
            "outcome": "NO_SOURCE"
          },
          {
            "path": ":groovy-templates:classes",
            "outcome": "EXECUTED"
          },
          {
            "path": ":groovy-templates:compileGroovy",
            "outcome": "EXECUTED"
          },
          {
            "path": ":groovy-templates:compileJava",
            "outcome": "NO_SOURCE"
          },
          {
            "path": ":groovy-templates:generateReleaseInfo",
            "outcome": "EXECUTED"
          },
          {
            "path": ":groovy-templates:jar",
            "outcome": "EXECUTED"
          },
          {
            "path": ":groovy-templates:processResources",
            "outcome": "NO_SOURCE"
          },
          {
            "path": ":groovy-test-junit5:classes",
            "outcome": "EXECUTED"
          },
          {
            "path": ":groovy-test-junit5:compileGroovy",
            "outcome": "EXECUTED"
          },
          {
            "path": ":groovy-test-junit5:compileJava",
            "outcome": "FROM_CACHE"
          },
          {
            "path": ":groovy-test-junit5:generateReleaseInfo",
            "outcome": "EXECUTED"
          },
          {
            "path": ":groovy-test-junit5:jar",
            "outcome": "EXECUTED"
          },
          {
            "path": ":groovy-test-junit5:processResources",
            "outcome": "EXECUTED"
          },
          {
            "path": ":groovy-test:classes",
            "outcome": "EXECUTED"
          },
          {
            "path": ":groovy-test:compileGroovy",
            "outcome": "EXECUTED"
          },
          {
            "path": ":groovy-test:compileJava",
            "outcome": "FROM_CACHE"
          },
          {
            "path": ":groovy-test:generateReleaseInfo",
            "outcome": "EXECUTED"
          },
          {
            "path": ":groovy-test:jar",
            "outcome": "EXECUTED"
          },
          {
            "path": ":groovy-test:processResources",
            "outcome": "NO_SOURCE"
          },
          {
            "path": ":groovy-testng:classes",
            "outcome": "EXECUTED"
          },
          {
            "path": ":groovy-testng:compileGroovy",
            "outcome": "NO_SOURCE"
          },
          {
            "path": ":groovy-testng:compileJava",
            "outcome": "FROM_CACHE"
          },
          {
            "path": ":groovy-testng:generateReleaseInfo",
            "outcome": "EXECUTED"
          },
          {
            "path": ":groovy-testng:jar",
            "outcome": "EXECUTED"
          },
          {
            "path": ":groovy-testng:processResources",
            "outcome": "EXECUTED"
          },
          {
            "path": ":groovy-toml:classes",
            "outcome": "EXECUTED"
          },
          {
            "path": ":groovy-toml:compileGroovy",
            "outcome": "NO_SOURCE"
          },
          {
            "path": ":groovy-toml:compileJava",
            "outcome": "EXECUTED"
          },
          {
            "path": ":groovy-toml:generateReleaseInfo",
            "outcome": "EXECUTED"
          },
          {
            "path": ":groovy-toml:jar",
            "outcome": "EXECUTED"
          },
          {
            "path": ":groovy-toml:processResources",
            "outcome": "NO_SOURCE"
          },
          {
            "path": ":groovy-typecheckers:classes",
            "outcome": "EXECUTED"
          },
          {
            "path": ":groovy-typecheckers:compileGroovy",
            "outcome": "EXECUTED"
          },
          {
            "path": ":groovy-typecheckers:compileJava",
            "outcome": "NO_SOURCE"
          },
          {
            "path": ":groovy-typecheckers:generateReleaseInfo",
            "outcome": "EXECUTED"
          },
          {
            "path": ":groovy-typecheckers:jar",
            "outcome": "EXECUTED"
          },
          {
            "path": ":groovy-typecheckers:processResources",
            "outcome": "NO_SOURCE"
          },
          {
            "path": ":groovy-xml:classes",
            "outcome": "EXECUTED"
          },
          {
            "path": ":groovy-xml:compileGroovy",
            "outcome": "EXECUTED"
          },
          {
            "path": ":groovy-xml:compileJava",
            "outcome": "FROM_CACHE"
          },
          {
            "path": ":groovy-xml:generateReleaseInfo",
            "outcome": "EXECUTED"
          },
          {
            "path": ":groovy-xml:jar",
            "outcome": "EXECUTED"
          },
          {
            "path": ":groovy-xml:moduleDescriptor",
            "outcome": "EXECUTED"
          },
          {
            "path": ":groovy-xml:processResources",
            "outcome": "NO_SOURCE"
          },
          {
            "path": ":groovy-yaml:classes",
            "outcome": "EXECUTED"
          },
          {
            "path": ":groovy-yaml:compileGroovy",
            "outcome": "NO_SOURCE"
          },
          {
            "path": ":groovy-yaml:compileJava",
            "outcome": "EXECUTED"
          },
          {
            "path": ":groovy-yaml:generateReleaseInfo",
            "outcome": "EXECUTED"
          },
          {
            "path": ":groovy-yaml:jar",
            "outcome": "EXECUTED"
          },
          {
            "path": ":groovy-yaml:processResources",
            "outcome": "NO_SOURCE"
          },
          {
            "path": ":jar",
            "outcome": "EXECUTED"
          },
          {
            "path": ":osgiClasses",
            "outcome": "EXECUTED"
          },
          {
            "path": ":performance:classes",
            "outcome": "UP_TO_DATE"
          },
          {
            "path": ":performance:compileGroovy",
            "outcome": "NO_SOURCE"
          },
          {
            "path": ":performance:compileJava",
            "outcome": "NO_SOURCE"
          },
          {
            "path": ":performance:jar",
            "outcome": "EXECUTED"
          },
          {
            "path": ":performance:processResources",
            "outcome": "NO_SOURCE"
          },
          {
            "path": ":processResources",
            "outcome": "EXECUTED"
          },
          {
            "path": ":stress:classes",
            "outcome": "UP_TO_DATE"
          },
          {
            "path": ":stress:compileGroovy",
            "outcome": "NO_SOURCE"
          },
          {
            "path": ":stress:compileJava",
            "outcome": "NO_SOURCE"
          },
          {
            "path": ":stress:jar",
            "outcome": "EXECUTED"
          },
          {
            "path": ":stress:processResources",
            "outcome": "NO_SOURCE"
          },
          {
            "path": ":tests-preview:classes",
            "outcome": "UP_TO_DATE"
          },
          {
            "path": ":tests-preview:compileGroovy",
            "outcome": "NO_SOURCE"
          },
          {
            "path": ":tests-preview:compileJava",
            "outcome": "NO_SOURCE"
          },
          {
            "path": ":tests-preview:jar",
            "outcome": "EXECUTED"
          },
          {
            "path": ":tests-preview:processResources",
            "outcome": "NO_SOURCE"
          }
        ]
      },
      "candidateTaskOutcomes": {
        "total": 25,
        "executed": 16,
        "fromCache": 8,
        "upToDate": 0,
        "noSource": 1,
        "skipped": 0,
        "fingerprintSha256": "b43c808e47c00d49cfb56f71197b3295e884e9f536fb660c7889cb8b633b76e2",
        "tasks": [
          {
            "path": ":bootstrapJar",
            "outcome": "EXECUTED"
          },
          {
            "path": ":build-logic:classes",
            "outcome": "EXECUTED"
          },
          {
            "path": ":build-logic:compileGroovy",
            "outcome": "FROM_CACHE"
          },
          {
            "path": ":build-logic:compileGroovyPlugins",
            "outcome": "FROM_CACHE"
          },
          {
            "path": ":build-logic:compileJava",
            "outcome": "FROM_CACHE"
          },
          {
            "path": ":build-logic:extractPluginRequests",
            "outcome": "FROM_CACHE"
          },
          {
            "path": ":build-logic:generatePluginAdapters",
            "outcome": "FROM_CACHE"
          },
          {
            "path": ":build-logic:jar",
            "outcome": "EXECUTED"
          },
          {
            "path": ":build-logic:pluginDescriptors",
            "outcome": "EXECUTED"
          },
          {
            "path": ":build-logic:processResources",
            "outcome": "EXECUTED"
          },
          {
            "path": ":classes",
            "outcome": "EXECUTED"
          },
          {
            "path": ":compileGroovy",
            "outcome": "EXECUTED"
          },
          {
            "path": ":compileJava",
            "outcome": "FROM_CACHE"
          },
          {
            "path": ":dgmConverter",
            "outcome": "FROM_CACHE"
          },
          {
            "path": ":generateGrammarSource",
            "outcome": "FROM_CACHE"
          },
          {
            "path": ":generateReleaseInfo",
            "outcome": "EXECUTED"
          },
          {
            "path": ":groovy-json:classes",
            "outcome": "EXECUTED"
          },
          {
            "path": ":groovy-json:compileGroovy",
            "outcome": "NO_SOURCE"
          },
          {
            "path": ":groovy-json:compileJava",
            "outcome": "EXECUTED"
          },
          {
            "path": ":groovy-json:generateReleaseInfo",
            "outcome": "EXECUTED"
          },
          {
            "path": ":groovy-json:jar",
            "outcome": "EXECUTED"
          },
          {
            "path": ":groovy-json:processResources",
            "outcome": "EXECUTED"
          },
          {
            "path": ":jar",
            "outcome": "EXECUTED"
          },
          {
            "path": ":osgiClasses",
            "outcome": "EXECUTED"
          },
          {
            "path": ":processResources",
            "outcome": "EXECUTED"
          }
        ]
      },
      "controlHostPressure": {
        "available": true,
        "cpuSomeTotalUs": 16823282,
        "memorySomeTotalUs": 103,
        "memoryFullTotalUs": 103,
        "ioSomeTotalUs": 39235069,
        "ioFullTotalUs": 16988954
      },
      "candidateHostPressure": {
        "available": true,
        "cpuSomeTotalUs": 81978,
        "memorySomeTotalUs": 0,
        "memoryFullTotalUs": 0,
        "ioSomeTotalUs": 14003463,
        "ioFullTotalUs": 10161526
      }
    },
    {
      "pair": 6,
      "order": "CANDIDATE_FIRST",
      "controlDurationMs": 69671,
      "candidateDurationMs": 19292,
      "savedMs": 50379,
      "controlRequiredOutputSha256": "27f462c377352f1f2a4074f1fae1f96ed51ec97f97e5b42237a57174204da1d5",
      "candidateRequiredOutputSha256": "27f462c377352f1f2a4074f1fae1f96ed51ec97f97e5b42237a57174204da1d5",
      "requiredOutputCount": 1,
      "productAttributableFailure": false,
      "controlLogSha256": "c91bbf7ad56dcb07c69dadfa16236ab6f0335072bdd83d6605757fd19103b26f",
      "candidateLogSha256": "0f05908a80fcbc5015d01df3f3362d92c77471e608b45563fd5ad043a609fdc3",
      "controlTaskOutcomes": {
        "total": 218,
        "executed": 138,
        "fromCache": 24,
        "upToDate": 8,
        "noSource": 48,
        "skipped": 0,
        "fingerprintSha256": "a8c9059b0fb2a799ddfba8828062a5ba4fb07b5deb583fa958f0ecb41079e151",
        "tasks": [
          {
            "path": ":bootstrapJar",
            "outcome": "EXECUTED"
          },
          {
            "path": ":build-logic:classes",
            "outcome": "EXECUTED"
          },
          {
            "path": ":build-logic:compileGroovy",
            "outcome": "FROM_CACHE"
          },
          {
            "path": ":build-logic:compileGroovyPlugins",
            "outcome": "FROM_CACHE"
          },
          {
            "path": ":build-logic:compileJava",
            "outcome": "FROM_CACHE"
          },
          {
            "path": ":build-logic:extractPluginRequests",
            "outcome": "FROM_CACHE"
          },
          {
            "path": ":build-logic:generatePluginAdapters",
            "outcome": "FROM_CACHE"
          },
          {
            "path": ":build-logic:jar",
            "outcome": "EXECUTED"
          },
          {
            "path": ":build-logic:pluginDescriptors",
            "outcome": "EXECUTED"
          },
          {
            "path": ":build-logic:processResources",
            "outcome": "EXECUTED"
          },
          {
            "path": ":classes",
            "outcome": "EXECUTED"
          },
          {
            "path": ":compileGroovy",
            "outcome": "EXECUTED"
          },
          {
            "path": ":compileJava",
            "outcome": "FROM_CACHE"
          },
          {
            "path": ":dgmConverter",
            "outcome": "FROM_CACHE"
          },
          {
            "path": ":generateGrammarSource",
            "outcome": "FROM_CACHE"
          },
          {
            "path": ":generateReleaseInfo",
            "outcome": "EXECUTED"
          },
          {
            "path": ":groovy-ant:classes",
            "outcome": "EXECUTED"
          },
          {
            "path": ":groovy-ant:compileGroovy",
            "outcome": "EXECUTED"
          },
          {
            "path": ":groovy-ant:compileJava",
            "outcome": "FROM_CACHE"
          },
          {
            "path": ":groovy-ant:generateReleaseInfo",
            "outcome": "EXECUTED"
          },
          {
            "path": ":groovy-ant:jar",
            "outcome": "EXECUTED"
          },
          {
            "path": ":groovy-ant:processResources",
            "outcome": "EXECUTED"
          },
          {
            "path": ":groovy-astbuilder:classes",
            "outcome": "EXECUTED"
          },
          {
            "path": ":groovy-astbuilder:compileGroovy",
            "outcome": "NO_SOURCE"
          },
          {
            "path": ":groovy-astbuilder:compileJava",
            "outcome": "FROM_CACHE"
          },
          {
            "path": ":groovy-astbuilder:generateReleaseInfo",
            "outcome": "EXECUTED"
          },
          {
            "path": ":groovy-astbuilder:jar",
            "outcome": "EXECUTED"
          },
          {
            "path": ":groovy-astbuilder:processResources",
            "outcome": "EXECUTED"
          },
          {
            "path": ":groovy-cli-commons:classes",
            "outcome": "EXECUTED"
          },
          {
            "path": ":groovy-cli-commons:compileGroovy",
            "outcome": "EXECUTED"
          },
          {
            "path": ":groovy-cli-commons:compileJava",
            "outcome": "NO_SOURCE"
          },
          {
            "path": ":groovy-cli-commons:generateReleaseInfo",
            "outcome": "EXECUTED"
          },
          {
            "path": ":groovy-cli-commons:jar",
            "outcome": "EXECUTED"
          },
          {
            "path": ":groovy-cli-commons:processResources",
            "outcome": "NO_SOURCE"
          },
          {
            "path": ":groovy-cli-picocli:classes",
            "outcome": "EXECUTED"
          },
          {
            "path": ":groovy-cli-picocli:compileGroovy",
            "outcome": "EXECUTED"
          },
          {
            "path": ":groovy-cli-picocli:compileJava",
            "outcome": "NO_SOURCE"
          },
          {
            "path": ":groovy-cli-picocli:generateReleaseInfo",
            "outcome": "EXECUTED"
          },
          {
            "path": ":groovy-cli-picocli:jar",
            "outcome": "EXECUTED"
          },
          {
            "path": ":groovy-cli-picocli:processResources",
            "outcome": "NO_SOURCE"
          },
          {
            "path": ":groovy-console:classes",
            "outcome": "EXECUTED"
          },
          {
            "path": ":groovy-console:compileGroovy",
            "outcome": "EXECUTED"
          },
          {
            "path": ":groovy-console:compileJava",
            "outcome": "NO_SOURCE"
          },
          {
            "path": ":groovy-console:generateReleaseInfo",
            "outcome": "EXECUTED"
          },
          {
            "path": ":groovy-console:jar",
            "outcome": "EXECUTED"
          },
          {
            "path": ":groovy-console:processResources",
            "outcome": "EXECUTED"
          },
          {
            "path": ":groovy-contracts:classes",
            "outcome": "EXECUTED"
          },
          {
            "path": ":groovy-contracts:compileGroovy",
            "outcome": "NO_SOURCE"
          },
          {
            "path": ":groovy-contracts:compileJava",
            "outcome": "FROM_CACHE"
          },
          {
            "path": ":groovy-contracts:generateReleaseInfo",
            "outcome": "EXECUTED"
          },
          {
            "path": ":groovy-contracts:jar",
            "outcome": "EXECUTED"
          },
          {
            "path": ":groovy-contracts:processResources",
            "outcome": "EXECUTED"
          },
          {
            "path": ":groovy-datetime:classes",
            "outcome": "UP_TO_DATE"
          },
          {
            "path": ":groovy-datetime:compileGroovy",
            "outcome": "NO_SOURCE"
          },
          {
            "path": ":groovy-datetime:compileJava",
            "outcome": "FROM_CACHE"
          },
          {
            "path": ":groovy-datetime:generateReleaseInfo",
            "outcome": "EXECUTED"
          },
          {
            "path": ":groovy-datetime:jar",
            "outcome": "EXECUTED"
          },
          {
            "path": ":groovy-datetime:moduleDescriptor",
            "outcome": "EXECUTED"
          },
          {
            "path": ":groovy-datetime:processResources",
            "outcome": "NO_SOURCE"
          },
          {
            "path": ":groovy-dateutil:classes",
            "outcome": "UP_TO_DATE"
          },
          {
            "path": ":groovy-dateutil:compileGroovy",
            "outcome": "NO_SOURCE"
          },
          {
            "path": ":groovy-dateutil:compileJava",
            "outcome": "FROM_CACHE"
          },
          {
            "path": ":groovy-dateutil:generateReleaseInfo",
            "outcome": "EXECUTED"
          },
          {
            "path": ":groovy-dateutil:jar",
            "outcome": "EXECUTED"
          },
          {
            "path": ":groovy-dateutil:moduleDescriptor",
            "outcome": "EXECUTED"
          },
          {
            "path": ":groovy-dateutil:processResources",
            "outcome": "NO_SOURCE"
          },
          {
            "path": ":groovy-docgenerator:classes",
            "outcome": "EXECUTED"
          },
          {
            "path": ":groovy-docgenerator:compileGroovy",
            "outcome": "EXECUTED"
          },
          {
            "path": ":groovy-docgenerator:compileJava",
            "outcome": "NO_SOURCE"
          },
          {
            "path": ":groovy-docgenerator:generateReleaseInfo",
            "outcome": "EXECUTED"
          },
          {
            "path": ":groovy-docgenerator:jar",
            "outcome": "EXECUTED"
          },
          {
            "path": ":groovy-docgenerator:processResources",
            "outcome": "EXECUTED"
          },
          {
            "path": ":groovy-ginq:classes",
            "outcome": "EXECUTED"
          },
          {
            "path": ":groovy-ginq:compileGroovy",
            "outcome": "EXECUTED"
          },
          {
            "path": ":groovy-ginq:compileJava",
            "outcome": "NO_SOURCE"
          },
          {
            "path": ":groovy-ginq:generateReleaseInfo",
            "outcome": "EXECUTED"
          },
          {
            "path": ":groovy-ginq:jar",
            "outcome": "EXECUTED"
          },
          {
            "path": ":groovy-ginq:moduleDescriptor",
            "outcome": "EXECUTED"
          },
          {
            "path": ":groovy-ginq:processResources",
            "outcome": "NO_SOURCE"
          },
          {
            "path": ":groovy-groovydoc:classes",
            "outcome": "EXECUTED"
          },
          {
            "path": ":groovy-groovydoc:compileGroovy",
            "outcome": "EXECUTED"
          },
          {
            "path": ":groovy-groovydoc:compileJava",
            "outcome": "FROM_CACHE"
          },
          {
            "path": ":groovy-groovydoc:generateReleaseInfo",
            "outcome": "EXECUTED"
          },
          {
            "path": ":groovy-groovydoc:jar",
            "outcome": "EXECUTED"
          },
          {
            "path": ":groovy-groovydoc:processResources",
            "outcome": "EXECUTED"
          },
          {
            "path": ":groovy-groovysh:classes",
            "outcome": "EXECUTED"
          },
          {
            "path": ":groovy-groovysh:compileGroovy",
            "outcome": "EXECUTED"
          },
          {
            "path": ":groovy-groovysh:compileJava",
            "outcome": "NO_SOURCE"
          },
          {
            "path": ":groovy-groovysh:generateReleaseInfo",
            "outcome": "EXECUTED"
          },
          {
            "path": ":groovy-groovysh:jar",
            "outcome": "EXECUTED"
          },
          {
            "path": ":groovy-groovysh:processResources",
            "outcome": "EXECUTED"
          },
          {
            "path": ":groovy-jmx:classes",
            "outcome": "EXECUTED"
          },
          {
            "path": ":groovy-jmx:compileGroovy",
            "outcome": "EXECUTED"
          },
          {
            "path": ":groovy-jmx:compileJava",
            "outcome": "FROM_CACHE"
          },
          {
            "path": ":groovy-jmx:generateReleaseInfo",
            "outcome": "EXECUTED"
          },
          {
            "path": ":groovy-jmx:jar",
            "outcome": "EXECUTED"
          },
          {
            "path": ":groovy-jmx:processResources",
            "outcome": "NO_SOURCE"
          },
          {
            "path": ":groovy-json:classes",
            "outcome": "EXECUTED"
          },
          {
            "path": ":groovy-json:compileGroovy",
            "outcome": "NO_SOURCE"
          },
          {
            "path": ":groovy-json:compileJava",
            "outcome": "EXECUTED"
          },
          {
            "path": ":groovy-json:generateReleaseInfo",
            "outcome": "EXECUTED"
          },
          {
            "path": ":groovy-json:jar",
            "outcome": "EXECUTED"
          },
          {
            "path": ":groovy-json:processResources",
            "outcome": "EXECUTED"
          },
          {
            "path": ":groovy-jsr223:classes",
            "outcome": "EXECUTED"
          },
          {
            "path": ":groovy-jsr223:compileGroovy",
            "outcome": "NO_SOURCE"
          },
          {
            "path": ":groovy-jsr223:compileJava",
            "outcome": "FROM_CACHE"
          },
          {
            "path": ":groovy-jsr223:generateReleaseInfo",
            "outcome": "EXECUTED"
          },
          {
            "path": ":groovy-jsr223:jar",
            "outcome": "EXECUTED"
          },
          {
            "path": ":groovy-jsr223:moduleDescriptor",
            "outcome": "EXECUTED"
          },
          {
            "path": ":groovy-jsr223:processResources",
            "outcome": "EXECUTED"
          },
          {
            "path": ":groovy-macro-library:classes",
            "outcome": "EXECUTED"
          },
          {
            "path": ":groovy-macro-library:compileGroovy",
            "outcome": "EXECUTED"
          },
          {
            "path": ":groovy-macro-library:compileJava",
            "outcome": "NO_SOURCE"
          },
          {
            "path": ":groovy-macro-library:generateReleaseInfo",
            "outcome": "EXECUTED"
          },
          {
            "path": ":groovy-macro-library:jar",
            "outcome": "EXECUTED"
          },
          {
            "path": ":groovy-macro-library:moduleDescriptor",
            "outcome": "EXECUTED"
          },
          {
            "path": ":groovy-macro-library:processResources",
            "outcome": "NO_SOURCE"
          },
          {
            "path": ":groovy-macro:classes",
            "outcome": "EXECUTED"
          },
          {
            "path": ":groovy-macro:compileGroovy",
            "outcome": "EXECUTED"
          },
          {
            "path": ":groovy-macro:compileJava",
            "outcome": "NO_SOURCE"
          },
          {
            "path": ":groovy-macro:generateReleaseInfo",
            "outcome": "EXECUTED"
          },
          {
            "path": ":groovy-macro:jar",
            "outcome": "EXECUTED"
          },
          {
            "path": ":groovy-macro:moduleDescriptor",
            "outcome": "EXECUTED"
          },
          {
            "path": ":groovy-macro:processResources",
            "outcome": "EXECUTED"
          },
          {
            "path": ":groovy-nio:classes",
            "outcome": "UP_TO_DATE"
          },
          {
            "path": ":groovy-nio:compileGroovy",
            "outcome": "NO_SOURCE"
          },
          {
            "path": ":groovy-nio:compileJava",
            "outcome": "FROM_CACHE"
          },
          {
            "path": ":groovy-nio:generateReleaseInfo",
            "outcome": "EXECUTED"
          },
          {
            "path": ":groovy-nio:jar",
            "outcome": "EXECUTED"
          },
          {
            "path": ":groovy-nio:moduleDescriptor",
            "outcome": "EXECUTED"
          },
          {
            "path": ":groovy-nio:processResources",
            "outcome": "NO_SOURCE"
          },
          {
            "path": ":groovy-servlet:classes",
            "outcome": "UP_TO_DATE"
          },
          {
            "path": ":groovy-servlet:compileGroovy",
            "outcome": "NO_SOURCE"
          },
          {
            "path": ":groovy-servlet:compileJava",
            "outcome": "FROM_CACHE"
          },
          {
            "path": ":groovy-servlet:generateReleaseInfo",
            "outcome": "EXECUTED"
          },
          {
            "path": ":groovy-servlet:jar",
            "outcome": "EXECUTED"
          },
          {
            "path": ":groovy-servlet:processResources",
            "outcome": "NO_SOURCE"
          },
          {
            "path": ":groovy-sql:classes",
            "outcome": "UP_TO_DATE"
          },
          {
            "path": ":groovy-sql:compileGroovy",
            "outcome": "NO_SOURCE"
          },
          {
            "path": ":groovy-sql:compileJava",
            "outcome": "FROM_CACHE"
          },
          {
            "path": ":groovy-sql:generateReleaseInfo",
            "outcome": "EXECUTED"
          },
          {
            "path": ":groovy-sql:jar",
            "outcome": "EXECUTED"
          },
          {
            "path": ":groovy-sql:moduleDescriptor",
            "outcome": "EXECUTED"
          },
          {
            "path": ":groovy-sql:processResources",
            "outcome": "NO_SOURCE"
          },
          {
            "path": ":groovy-swing:classes",
            "outcome": "EXECUTED"
          },
          {
            "path": ":groovy-swing:compileGroovy",
            "outcome": "EXECUTED"
          },
          {
            "path": ":groovy-swing:compileJava",
            "outcome": "FROM_CACHE"
          },
          {
            "path": ":groovy-swing:generateReleaseInfo",
            "outcome": "EXECUTED"
          },
          {
            "path": ":groovy-swing:jar",
            "outcome": "EXECUTED"
          },
          {
            "path": ":groovy-swing:moduleDescriptor",
            "outcome": "EXECUTED"
          },
          {
            "path": ":groovy-swing:processResources",
            "outcome": "NO_SOURCE"
          },
          {
            "path": ":groovy-templates:classes",
            "outcome": "EXECUTED"
          },
          {
            "path": ":groovy-templates:compileGroovy",
            "outcome": "EXECUTED"
          },
          {
            "path": ":groovy-templates:compileJava",
            "outcome": "NO_SOURCE"
          },
          {
            "path": ":groovy-templates:generateReleaseInfo",
            "outcome": "EXECUTED"
          },
          {
            "path": ":groovy-templates:jar",
            "outcome": "EXECUTED"
          },
          {
            "path": ":groovy-templates:processResources",
            "outcome": "NO_SOURCE"
          },
          {
            "path": ":groovy-test-junit5:classes",
            "outcome": "EXECUTED"
          },
          {
            "path": ":groovy-test-junit5:compileGroovy",
            "outcome": "EXECUTED"
          },
          {
            "path": ":groovy-test-junit5:compileJava",
            "outcome": "FROM_CACHE"
          },
          {
            "path": ":groovy-test-junit5:generateReleaseInfo",
            "outcome": "EXECUTED"
          },
          {
            "path": ":groovy-test-junit5:jar",
            "outcome": "EXECUTED"
          },
          {
            "path": ":groovy-test-junit5:processResources",
            "outcome": "EXECUTED"
          },
          {
            "path": ":groovy-test:classes",
            "outcome": "EXECUTED"
          },
          {
            "path": ":groovy-test:compileGroovy",
            "outcome": "EXECUTED"
          },
          {
            "path": ":groovy-test:compileJava",
            "outcome": "FROM_CACHE"
          },
          {
            "path": ":groovy-test:generateReleaseInfo",
            "outcome": "EXECUTED"
          },
          {
            "path": ":groovy-test:jar",
            "outcome": "EXECUTED"
          },
          {
            "path": ":groovy-test:processResources",
            "outcome": "NO_SOURCE"
          },
          {
            "path": ":groovy-testng:classes",
            "outcome": "EXECUTED"
          },
          {
            "path": ":groovy-testng:compileGroovy",
            "outcome": "NO_SOURCE"
          },
          {
            "path": ":groovy-testng:compileJava",
            "outcome": "FROM_CACHE"
          },
          {
            "path": ":groovy-testng:generateReleaseInfo",
            "outcome": "EXECUTED"
          },
          {
            "path": ":groovy-testng:jar",
            "outcome": "EXECUTED"
          },
          {
            "path": ":groovy-testng:processResources",
            "outcome": "EXECUTED"
          },
          {
            "path": ":groovy-toml:classes",
            "outcome": "EXECUTED"
          },
          {
            "path": ":groovy-toml:compileGroovy",
            "outcome": "NO_SOURCE"
          },
          {
            "path": ":groovy-toml:compileJava",
            "outcome": "EXECUTED"
          },
          {
            "path": ":groovy-toml:generateReleaseInfo",
            "outcome": "EXECUTED"
          },
          {
            "path": ":groovy-toml:jar",
            "outcome": "EXECUTED"
          },
          {
            "path": ":groovy-toml:processResources",
            "outcome": "NO_SOURCE"
          },
          {
            "path": ":groovy-typecheckers:classes",
            "outcome": "EXECUTED"
          },
          {
            "path": ":groovy-typecheckers:compileGroovy",
            "outcome": "EXECUTED"
          },
          {
            "path": ":groovy-typecheckers:compileJava",
            "outcome": "NO_SOURCE"
          },
          {
            "path": ":groovy-typecheckers:generateReleaseInfo",
            "outcome": "EXECUTED"
          },
          {
            "path": ":groovy-typecheckers:jar",
            "outcome": "EXECUTED"
          },
          {
            "path": ":groovy-typecheckers:processResources",
            "outcome": "NO_SOURCE"
          },
          {
            "path": ":groovy-xml:classes",
            "outcome": "EXECUTED"
          },
          {
            "path": ":groovy-xml:compileGroovy",
            "outcome": "EXECUTED"
          },
          {
            "path": ":groovy-xml:compileJava",
            "outcome": "FROM_CACHE"
          },
          {
            "path": ":groovy-xml:generateReleaseInfo",
            "outcome": "EXECUTED"
          },
          {
            "path": ":groovy-xml:jar",
            "outcome": "EXECUTED"
          },
          {
            "path": ":groovy-xml:moduleDescriptor",
            "outcome": "EXECUTED"
          },
          {
            "path": ":groovy-xml:processResources",
            "outcome": "NO_SOURCE"
          },
          {
            "path": ":groovy-yaml:classes",
            "outcome": "EXECUTED"
          },
          {
            "path": ":groovy-yaml:compileGroovy",
            "outcome": "NO_SOURCE"
          },
          {
            "path": ":groovy-yaml:compileJava",
            "outcome": "EXECUTED"
          },
          {
            "path": ":groovy-yaml:generateReleaseInfo",
            "outcome": "EXECUTED"
          },
          {
            "path": ":groovy-yaml:jar",
            "outcome": "EXECUTED"
          },
          {
            "path": ":groovy-yaml:processResources",
            "outcome": "NO_SOURCE"
          },
          {
            "path": ":jar",
            "outcome": "EXECUTED"
          },
          {
            "path": ":osgiClasses",
            "outcome": "EXECUTED"
          },
          {
            "path": ":performance:classes",
            "outcome": "UP_TO_DATE"
          },
          {
            "path": ":performance:compileGroovy",
            "outcome": "NO_SOURCE"
          },
          {
            "path": ":performance:compileJava",
            "outcome": "NO_SOURCE"
          },
          {
            "path": ":performance:jar",
            "outcome": "EXECUTED"
          },
          {
            "path": ":performance:processResources",
            "outcome": "NO_SOURCE"
          },
          {
            "path": ":processResources",
            "outcome": "EXECUTED"
          },
          {
            "path": ":stress:classes",
            "outcome": "UP_TO_DATE"
          },
          {
            "path": ":stress:compileGroovy",
            "outcome": "NO_SOURCE"
          },
          {
            "path": ":stress:compileJava",
            "outcome": "NO_SOURCE"
          },
          {
            "path": ":stress:jar",
            "outcome": "EXECUTED"
          },
          {
            "path": ":stress:processResources",
            "outcome": "NO_SOURCE"
          },
          {
            "path": ":tests-preview:classes",
            "outcome": "UP_TO_DATE"
          },
          {
            "path": ":tests-preview:compileGroovy",
            "outcome": "NO_SOURCE"
          },
          {
            "path": ":tests-preview:compileJava",
            "outcome": "NO_SOURCE"
          },
          {
            "path": ":tests-preview:jar",
            "outcome": "EXECUTED"
          },
          {
            "path": ":tests-preview:processResources",
            "outcome": "NO_SOURCE"
          }
        ]
      },
      "candidateTaskOutcomes": {
        "total": 25,
        "executed": 16,
        "fromCache": 8,
        "upToDate": 0,
        "noSource": 1,
        "skipped": 0,
        "fingerprintSha256": "b43c808e47c00d49cfb56f71197b3295e884e9f536fb660c7889cb8b633b76e2",
        "tasks": [
          {
            "path": ":bootstrapJar",
            "outcome": "EXECUTED"
          },
          {
            "path": ":build-logic:classes",
            "outcome": "EXECUTED"
          },
          {
            "path": ":build-logic:compileGroovy",
            "outcome": "FROM_CACHE"
          },
          {
            "path": ":build-logic:compileGroovyPlugins",
            "outcome": "FROM_CACHE"
          },
          {
            "path": ":build-logic:compileJava",
            "outcome": "FROM_CACHE"
          },
          {
            "path": ":build-logic:extractPluginRequests",
            "outcome": "FROM_CACHE"
          },
          {
            "path": ":build-logic:generatePluginAdapters",
            "outcome": "FROM_CACHE"
          },
          {
            "path": ":build-logic:jar",
            "outcome": "EXECUTED"
          },
          {
            "path": ":build-logic:pluginDescriptors",
            "outcome": "EXECUTED"
          },
          {
            "path": ":build-logic:processResources",
            "outcome": "EXECUTED"
          },
          {
            "path": ":classes",
            "outcome": "EXECUTED"
          },
          {
            "path": ":compileGroovy",
            "outcome": "EXECUTED"
          },
          {
            "path": ":compileJava",
            "outcome": "FROM_CACHE"
          },
          {
            "path": ":dgmConverter",
            "outcome": "FROM_CACHE"
          },
          {
            "path": ":generateGrammarSource",
            "outcome": "FROM_CACHE"
          },
          {
            "path": ":generateReleaseInfo",
            "outcome": "EXECUTED"
          },
          {
            "path": ":groovy-json:classes",
            "outcome": "EXECUTED"
          },
          {
            "path": ":groovy-json:compileGroovy",
            "outcome": "NO_SOURCE"
          },
          {
            "path": ":groovy-json:compileJava",
            "outcome": "EXECUTED"
          },
          {
            "path": ":groovy-json:generateReleaseInfo",
            "outcome": "EXECUTED"
          },
          {
            "path": ":groovy-json:jar",
            "outcome": "EXECUTED"
          },
          {
            "path": ":groovy-json:processResources",
            "outcome": "EXECUTED"
          },
          {
            "path": ":jar",
            "outcome": "EXECUTED"
          },
          {
            "path": ":osgiClasses",
            "outcome": "EXECUTED"
          },
          {
            "path": ":processResources",
            "outcome": "EXECUTED"
          }
        ]
      },
      "controlHostPressure": {
        "available": true,
        "cpuSomeTotalUs": 17630544,
        "memorySomeTotalUs": 8188,
        "memoryFullTotalUs": 8154,
        "ioSomeTotalUs": 36040624,
        "ioFullTotalUs": 16253523
      },
      "candidateHostPressure": {
        "available": true,
        "cpuSomeTotalUs": 186147,
        "memorySomeTotalUs": 0,
        "memoryFullTotalUs": 0,
        "ioSomeTotalUs": 12601527,
        "ioFullTotalUs": 8064942
      }
    },
    {
      "pair": 7,
      "order": "CONTROL_FIRST",
      "controlDurationMs": 73951,
      "candidateDurationMs": 20256,
      "savedMs": 53695,
      "controlRequiredOutputSha256": "27f462c377352f1f2a4074f1fae1f96ed51ec97f97e5b42237a57174204da1d5",
      "candidateRequiredOutputSha256": "27f462c377352f1f2a4074f1fae1f96ed51ec97f97e5b42237a57174204da1d5",
      "requiredOutputCount": 1,
      "productAttributableFailure": false,
      "controlLogSha256": "636c4e54034d562f0f2b84cee9370d2893d84613dc8f2a358870a3a9ba573861",
      "candidateLogSha256": "0f05908a80fcbc5015d01df3f3362d92c77471e608b45563fd5ad043a609fdc3",
      "controlTaskOutcomes": {
        "total": 218,
        "executed": 138,
        "fromCache": 24,
        "upToDate": 8,
        "noSource": 48,
        "skipped": 0,
        "fingerprintSha256": "a8c9059b0fb2a799ddfba8828062a5ba4fb07b5deb583fa958f0ecb41079e151",
        "tasks": [
          {
            "path": ":bootstrapJar",
            "outcome": "EXECUTED"
          },
          {
            "path": ":build-logic:classes",
            "outcome": "EXECUTED"
          },
          {
            "path": ":build-logic:compileGroovy",
            "outcome": "FROM_CACHE"
          },
          {
            "path": ":build-logic:compileGroovyPlugins",
            "outcome": "FROM_CACHE"
          },
          {
            "path": ":build-logic:compileJava",
            "outcome": "FROM_CACHE"
          },
          {
            "path": ":build-logic:extractPluginRequests",
            "outcome": "FROM_CACHE"
          },
          {
            "path": ":build-logic:generatePluginAdapters",
            "outcome": "FROM_CACHE"
          },
          {
            "path": ":build-logic:jar",
            "outcome": "EXECUTED"
          },
          {
            "path": ":build-logic:pluginDescriptors",
            "outcome": "EXECUTED"
          },
          {
            "path": ":build-logic:processResources",
            "outcome": "EXECUTED"
          },
          {
            "path": ":classes",
            "outcome": "EXECUTED"
          },
          {
            "path": ":compileGroovy",
            "outcome": "EXECUTED"
          },
          {
            "path": ":compileJava",
            "outcome": "FROM_CACHE"
          },
          {
            "path": ":dgmConverter",
            "outcome": "FROM_CACHE"
          },
          {
            "path": ":generateGrammarSource",
            "outcome": "FROM_CACHE"
          },
          {
            "path": ":generateReleaseInfo",
            "outcome": "EXECUTED"
          },
          {
            "path": ":groovy-ant:classes",
            "outcome": "EXECUTED"
          },
          {
            "path": ":groovy-ant:compileGroovy",
            "outcome": "EXECUTED"
          },
          {
            "path": ":groovy-ant:compileJava",
            "outcome": "FROM_CACHE"
          },
          {
            "path": ":groovy-ant:generateReleaseInfo",
            "outcome": "EXECUTED"
          },
          {
            "path": ":groovy-ant:jar",
            "outcome": "EXECUTED"
          },
          {
            "path": ":groovy-ant:processResources",
            "outcome": "EXECUTED"
          },
          {
            "path": ":groovy-astbuilder:classes",
            "outcome": "EXECUTED"
          },
          {
            "path": ":groovy-astbuilder:compileGroovy",
            "outcome": "NO_SOURCE"
          },
          {
            "path": ":groovy-astbuilder:compileJava",
            "outcome": "FROM_CACHE"
          },
          {
            "path": ":groovy-astbuilder:generateReleaseInfo",
            "outcome": "EXECUTED"
          },
          {
            "path": ":groovy-astbuilder:jar",
            "outcome": "EXECUTED"
          },
          {
            "path": ":groovy-astbuilder:processResources",
            "outcome": "EXECUTED"
          },
          {
            "path": ":groovy-cli-commons:classes",
            "outcome": "EXECUTED"
          },
          {
            "path": ":groovy-cli-commons:compileGroovy",
            "outcome": "EXECUTED"
          },
          {
            "path": ":groovy-cli-commons:compileJava",
            "outcome": "NO_SOURCE"
          },
          {
            "path": ":groovy-cli-commons:generateReleaseInfo",
            "outcome": "EXECUTED"
          },
          {
            "path": ":groovy-cli-commons:jar",
            "outcome": "EXECUTED"
          },
          {
            "path": ":groovy-cli-commons:processResources",
            "outcome": "NO_SOURCE"
          },
          {
            "path": ":groovy-cli-picocli:classes",
            "outcome": "EXECUTED"
          },
          {
            "path": ":groovy-cli-picocli:compileGroovy",
            "outcome": "EXECUTED"
          },
          {
            "path": ":groovy-cli-picocli:compileJava",
            "outcome": "NO_SOURCE"
          },
          {
            "path": ":groovy-cli-picocli:generateReleaseInfo",
            "outcome": "EXECUTED"
          },
          {
            "path": ":groovy-cli-picocli:jar",
            "outcome": "EXECUTED"
          },
          {
            "path": ":groovy-cli-picocli:processResources",
            "outcome": "NO_SOURCE"
          },
          {
            "path": ":groovy-console:classes",
            "outcome": "EXECUTED"
          },
          {
            "path": ":groovy-console:compileGroovy",
            "outcome": "EXECUTED"
          },
          {
            "path": ":groovy-console:compileJava",
            "outcome": "NO_SOURCE"
          },
          {
            "path": ":groovy-console:generateReleaseInfo",
            "outcome": "EXECUTED"
          },
          {
            "path": ":groovy-console:jar",
            "outcome": "EXECUTED"
          },
          {
            "path": ":groovy-console:processResources",
            "outcome": "EXECUTED"
          },
          {
            "path": ":groovy-contracts:classes",
            "outcome": "EXECUTED"
          },
          {
            "path": ":groovy-contracts:compileGroovy",
            "outcome": "NO_SOURCE"
          },
          {
            "path": ":groovy-contracts:compileJava",
            "outcome": "FROM_CACHE"
          },
          {
            "path": ":groovy-contracts:generateReleaseInfo",
            "outcome": "EXECUTED"
          },
          {
            "path": ":groovy-contracts:jar",
            "outcome": "EXECUTED"
          },
          {
            "path": ":groovy-contracts:processResources",
            "outcome": "EXECUTED"
          },
          {
            "path": ":groovy-datetime:classes",
            "outcome": "UP_TO_DATE"
          },
          {
            "path": ":groovy-datetime:compileGroovy",
            "outcome": "NO_SOURCE"
          },
          {
            "path": ":groovy-datetime:compileJava",
            "outcome": "FROM_CACHE"
          },
          {
            "path": ":groovy-datetime:generateReleaseInfo",
            "outcome": "EXECUTED"
          },
          {
            "path": ":groovy-datetime:jar",
            "outcome": "EXECUTED"
          },
          {
            "path": ":groovy-datetime:moduleDescriptor",
            "outcome": "EXECUTED"
          },
          {
            "path": ":groovy-datetime:processResources",
            "outcome": "NO_SOURCE"
          },
          {
            "path": ":groovy-dateutil:classes",
            "outcome": "UP_TO_DATE"
          },
          {
            "path": ":groovy-dateutil:compileGroovy",
            "outcome": "NO_SOURCE"
          },
          {
            "path": ":groovy-dateutil:compileJava",
            "outcome": "FROM_CACHE"
          },
          {
            "path": ":groovy-dateutil:generateReleaseInfo",
            "outcome": "EXECUTED"
          },
          {
            "path": ":groovy-dateutil:jar",
            "outcome": "EXECUTED"
          },
          {
            "path": ":groovy-dateutil:moduleDescriptor",
            "outcome": "EXECUTED"
          },
          {
            "path": ":groovy-dateutil:processResources",
            "outcome": "NO_SOURCE"
          },
          {
            "path": ":groovy-docgenerator:classes",
            "outcome": "EXECUTED"
          },
          {
            "path": ":groovy-docgenerator:compileGroovy",
            "outcome": "EXECUTED"
          },
          {
            "path": ":groovy-docgenerator:compileJava",
            "outcome": "NO_SOURCE"
          },
          {
            "path": ":groovy-docgenerator:generateReleaseInfo",
            "outcome": "EXECUTED"
          },
          {
            "path": ":groovy-docgenerator:jar",
            "outcome": "EXECUTED"
          },
          {
            "path": ":groovy-docgenerator:processResources",
            "outcome": "EXECUTED"
          },
          {
            "path": ":groovy-ginq:classes",
            "outcome": "EXECUTED"
          },
          {
            "path": ":groovy-ginq:compileGroovy",
            "outcome": "EXECUTED"
          },
          {
            "path": ":groovy-ginq:compileJava",
            "outcome": "NO_SOURCE"
          },
          {
            "path": ":groovy-ginq:generateReleaseInfo",
            "outcome": "EXECUTED"
          },
          {
            "path": ":groovy-ginq:jar",
            "outcome": "EXECUTED"
          },
          {
            "path": ":groovy-ginq:moduleDescriptor",
            "outcome": "EXECUTED"
          },
          {
            "path": ":groovy-ginq:processResources",
            "outcome": "NO_SOURCE"
          },
          {
            "path": ":groovy-groovydoc:classes",
            "outcome": "EXECUTED"
          },
          {
            "path": ":groovy-groovydoc:compileGroovy",
            "outcome": "EXECUTED"
          },
          {
            "path": ":groovy-groovydoc:compileJava",
            "outcome": "FROM_CACHE"
          },
          {
            "path": ":groovy-groovydoc:generateReleaseInfo",
            "outcome": "EXECUTED"
          },
          {
            "path": ":groovy-groovydoc:jar",
            "outcome": "EXECUTED"
          },
          {
            "path": ":groovy-groovydoc:processResources",
            "outcome": "EXECUTED"
          },
          {
            "path": ":groovy-groovysh:classes",
            "outcome": "EXECUTED"
          },
          {
            "path": ":groovy-groovysh:compileGroovy",
            "outcome": "EXECUTED"
          },
          {
            "path": ":groovy-groovysh:compileJava",
            "outcome": "NO_SOURCE"
          },
          {
            "path": ":groovy-groovysh:generateReleaseInfo",
            "outcome": "EXECUTED"
          },
          {
            "path": ":groovy-groovysh:jar",
            "outcome": "EXECUTED"
          },
          {
            "path": ":groovy-groovysh:processResources",
            "outcome": "EXECUTED"
          },
          {
            "path": ":groovy-jmx:classes",
            "outcome": "EXECUTED"
          },
          {
            "path": ":groovy-jmx:compileGroovy",
            "outcome": "EXECUTED"
          },
          {
            "path": ":groovy-jmx:compileJava",
            "outcome": "FROM_CACHE"
          },
          {
            "path": ":groovy-jmx:generateReleaseInfo",
            "outcome": "EXECUTED"
          },
          {
            "path": ":groovy-jmx:jar",
            "outcome": "EXECUTED"
          },
          {
            "path": ":groovy-jmx:processResources",
            "outcome": "NO_SOURCE"
          },
          {
            "path": ":groovy-json:classes",
            "outcome": "EXECUTED"
          },
          {
            "path": ":groovy-json:compileGroovy",
            "outcome": "NO_SOURCE"
          },
          {
            "path": ":groovy-json:compileJava",
            "outcome": "EXECUTED"
          },
          {
            "path": ":groovy-json:generateReleaseInfo",
            "outcome": "EXECUTED"
          },
          {
            "path": ":groovy-json:jar",
            "outcome": "EXECUTED"
          },
          {
            "path": ":groovy-json:processResources",
            "outcome": "EXECUTED"
          },
          {
            "path": ":groovy-jsr223:classes",
            "outcome": "EXECUTED"
          },
          {
            "path": ":groovy-jsr223:compileGroovy",
            "outcome": "NO_SOURCE"
          },
          {
            "path": ":groovy-jsr223:compileJava",
            "outcome": "FROM_CACHE"
          },
          {
            "path": ":groovy-jsr223:generateReleaseInfo",
            "outcome": "EXECUTED"
          },
          {
            "path": ":groovy-jsr223:jar",
            "outcome": "EXECUTED"
          },
          {
            "path": ":groovy-jsr223:moduleDescriptor",
            "outcome": "EXECUTED"
          },
          {
            "path": ":groovy-jsr223:processResources",
            "outcome": "EXECUTED"
          },
          {
            "path": ":groovy-macro-library:classes",
            "outcome": "EXECUTED"
          },
          {
            "path": ":groovy-macro-library:compileGroovy",
            "outcome": "EXECUTED"
          },
          {
            "path": ":groovy-macro-library:compileJava",
            "outcome": "NO_SOURCE"
          },
          {
            "path": ":groovy-macro-library:generateReleaseInfo",
            "outcome": "EXECUTED"
          },
          {
            "path": ":groovy-macro-library:jar",
            "outcome": "EXECUTED"
          },
          {
            "path": ":groovy-macro-library:moduleDescriptor",
            "outcome": "EXECUTED"
          },
          {
            "path": ":groovy-macro-library:processResources",
            "outcome": "NO_SOURCE"
          },
          {
            "path": ":groovy-macro:classes",
            "outcome": "EXECUTED"
          },
          {
            "path": ":groovy-macro:compileGroovy",
            "outcome": "EXECUTED"
          },
          {
            "path": ":groovy-macro:compileJava",
            "outcome": "NO_SOURCE"
          },
          {
            "path": ":groovy-macro:generateReleaseInfo",
            "outcome": "EXECUTED"
          },
          {
            "path": ":groovy-macro:jar",
            "outcome": "EXECUTED"
          },
          {
            "path": ":groovy-macro:moduleDescriptor",
            "outcome": "EXECUTED"
          },
          {
            "path": ":groovy-macro:processResources",
            "outcome": "EXECUTED"
          },
          {
            "path": ":groovy-nio:classes",
            "outcome": "UP_TO_DATE"
          },
          {
            "path": ":groovy-nio:compileGroovy",
            "outcome": "NO_SOURCE"
          },
          {
            "path": ":groovy-nio:compileJava",
            "outcome": "FROM_CACHE"
          },
          {
            "path": ":groovy-nio:generateReleaseInfo",
            "outcome": "EXECUTED"
          },
          {
            "path": ":groovy-nio:jar",
            "outcome": "EXECUTED"
          },
          {
            "path": ":groovy-nio:moduleDescriptor",
            "outcome": "EXECUTED"
          },
          {
            "path": ":groovy-nio:processResources",
            "outcome": "NO_SOURCE"
          },
          {
            "path": ":groovy-servlet:classes",
            "outcome": "UP_TO_DATE"
          },
          {
            "path": ":groovy-servlet:compileGroovy",
            "outcome": "NO_SOURCE"
          },
          {
            "path": ":groovy-servlet:compileJava",
            "outcome": "FROM_CACHE"
          },
          {
            "path": ":groovy-servlet:generateReleaseInfo",
            "outcome": "EXECUTED"
          },
          {
            "path": ":groovy-servlet:jar",
            "outcome": "EXECUTED"
          },
          {
            "path": ":groovy-servlet:processResources",
            "outcome": "NO_SOURCE"
          },
          {
            "path": ":groovy-sql:classes",
            "outcome": "UP_TO_DATE"
          },
          {
            "path": ":groovy-sql:compileGroovy",
            "outcome": "NO_SOURCE"
          },
          {
            "path": ":groovy-sql:compileJava",
            "outcome": "FROM_CACHE"
          },
          {
            "path": ":groovy-sql:generateReleaseInfo",
            "outcome": "EXECUTED"
          },
          {
            "path": ":groovy-sql:jar",
            "outcome": "EXECUTED"
          },
          {
            "path": ":groovy-sql:moduleDescriptor",
            "outcome": "EXECUTED"
          },
          {
            "path": ":groovy-sql:processResources",
            "outcome": "NO_SOURCE"
          },
          {
            "path": ":groovy-swing:classes",
            "outcome": "EXECUTED"
          },
          {
            "path": ":groovy-swing:compileGroovy",
            "outcome": "EXECUTED"
          },
          {
            "path": ":groovy-swing:compileJava",
            "outcome": "FROM_CACHE"
          },
          {
            "path": ":groovy-swing:generateReleaseInfo",
            "outcome": "EXECUTED"
          },
          {
            "path": ":groovy-swing:jar",
            "outcome": "EXECUTED"
          },
          {
            "path": ":groovy-swing:moduleDescriptor",
            "outcome": "EXECUTED"
          },
          {
            "path": ":groovy-swing:processResources",
            "outcome": "NO_SOURCE"
          },
          {
            "path": ":groovy-templates:classes",
            "outcome": "EXECUTED"
          },
          {
            "path": ":groovy-templates:compileGroovy",
            "outcome": "EXECUTED"
          },
          {
            "path": ":groovy-templates:compileJava",
            "outcome": "NO_SOURCE"
          },
          {
            "path": ":groovy-templates:generateReleaseInfo",
            "outcome": "EXECUTED"
          },
          {
            "path": ":groovy-templates:jar",
            "outcome": "EXECUTED"
          },
          {
            "path": ":groovy-templates:processResources",
            "outcome": "NO_SOURCE"
          },
          {
            "path": ":groovy-test-junit5:classes",
            "outcome": "EXECUTED"
          },
          {
            "path": ":groovy-test-junit5:compileGroovy",
            "outcome": "EXECUTED"
          },
          {
            "path": ":groovy-test-junit5:compileJava",
            "outcome": "FROM_CACHE"
          },
          {
            "path": ":groovy-test-junit5:generateReleaseInfo",
            "outcome": "EXECUTED"
          },
          {
            "path": ":groovy-test-junit5:jar",
            "outcome": "EXECUTED"
          },
          {
            "path": ":groovy-test-junit5:processResources",
            "outcome": "EXECUTED"
          },
          {
            "path": ":groovy-test:classes",
            "outcome": "EXECUTED"
          },
          {
            "path": ":groovy-test:compileGroovy",
            "outcome": "EXECUTED"
          },
          {
            "path": ":groovy-test:compileJava",
            "outcome": "FROM_CACHE"
          },
          {
            "path": ":groovy-test:generateReleaseInfo",
            "outcome": "EXECUTED"
          },
          {
            "path": ":groovy-test:jar",
            "outcome": "EXECUTED"
          },
          {
            "path": ":groovy-test:processResources",
            "outcome": "NO_SOURCE"
          },
          {
            "path": ":groovy-testng:classes",
            "outcome": "EXECUTED"
          },
          {
            "path": ":groovy-testng:compileGroovy",
            "outcome": "NO_SOURCE"
          },
          {
            "path": ":groovy-testng:compileJava",
            "outcome": "FROM_CACHE"
          },
          {
            "path": ":groovy-testng:generateReleaseInfo",
            "outcome": "EXECUTED"
          },
          {
            "path": ":groovy-testng:jar",
            "outcome": "EXECUTED"
          },
          {
            "path": ":groovy-testng:processResources",
            "outcome": "EXECUTED"
          },
          {
            "path": ":groovy-toml:classes",
            "outcome": "EXECUTED"
          },
          {
            "path": ":groovy-toml:compileGroovy",
            "outcome": "NO_SOURCE"
          },
          {
            "path": ":groovy-toml:compileJava",
            "outcome": "EXECUTED"
          },
          {
            "path": ":groovy-toml:generateReleaseInfo",
            "outcome": "EXECUTED"
          },
          {
            "path": ":groovy-toml:jar",
            "outcome": "EXECUTED"
          },
          {
            "path": ":groovy-toml:processResources",
            "outcome": "NO_SOURCE"
          },
          {
            "path": ":groovy-typecheckers:classes",
            "outcome": "EXECUTED"
          },
          {
            "path": ":groovy-typecheckers:compileGroovy",
            "outcome": "EXECUTED"
          },
          {
            "path": ":groovy-typecheckers:compileJava",
            "outcome": "NO_SOURCE"
          },
          {
            "path": ":groovy-typecheckers:generateReleaseInfo",
            "outcome": "EXECUTED"
          },
          {
            "path": ":groovy-typecheckers:jar",
            "outcome": "EXECUTED"
          },
          {
            "path": ":groovy-typecheckers:processResources",
            "outcome": "NO_SOURCE"
          },
          {
            "path": ":groovy-xml:classes",
            "outcome": "EXECUTED"
          },
          {
            "path": ":groovy-xml:compileGroovy",
            "outcome": "EXECUTED"
          },
          {
            "path": ":groovy-xml:compileJava",
            "outcome": "FROM_CACHE"
          },
          {
            "path": ":groovy-xml:generateReleaseInfo",
            "outcome": "EXECUTED"
          },
          {
            "path": ":groovy-xml:jar",
            "outcome": "EXECUTED"
          },
          {
            "path": ":groovy-xml:moduleDescriptor",
            "outcome": "EXECUTED"
          },
          {
            "path": ":groovy-xml:processResources",
            "outcome": "NO_SOURCE"
          },
          {
            "path": ":groovy-yaml:classes",
            "outcome": "EXECUTED"
          },
          {
            "path": ":groovy-yaml:compileGroovy",
            "outcome": "NO_SOURCE"
          },
          {
            "path": ":groovy-yaml:compileJava",
            "outcome": "EXECUTED"
          },
          {
            "path": ":groovy-yaml:generateReleaseInfo",
            "outcome": "EXECUTED"
          },
          {
            "path": ":groovy-yaml:jar",
            "outcome": "EXECUTED"
          },
          {
            "path": ":groovy-yaml:processResources",
            "outcome": "NO_SOURCE"
          },
          {
            "path": ":jar",
            "outcome": "EXECUTED"
          },
          {
            "path": ":osgiClasses",
            "outcome": "EXECUTED"
          },
          {
            "path": ":performance:classes",
            "outcome": "UP_TO_DATE"
          },
          {
            "path": ":performance:compileGroovy",
            "outcome": "NO_SOURCE"
          },
          {
            "path": ":performance:compileJava",
            "outcome": "NO_SOURCE"
          },
          {
            "path": ":performance:jar",
            "outcome": "EXECUTED"
          },
          {
            "path": ":performance:processResources",
            "outcome": "NO_SOURCE"
          },
          {
            "path": ":processResources",
            "outcome": "EXECUTED"
          },
          {
            "path": ":stress:classes",
            "outcome": "UP_TO_DATE"
          },
          {
            "path": ":stress:compileGroovy",
            "outcome": "NO_SOURCE"
          },
          {
            "path": ":stress:compileJava",
            "outcome": "NO_SOURCE"
          },
          {
            "path": ":stress:jar",
            "outcome": "EXECUTED"
          },
          {
            "path": ":stress:processResources",
            "outcome": "NO_SOURCE"
          },
          {
            "path": ":tests-preview:classes",
            "outcome": "UP_TO_DATE"
          },
          {
            "path": ":tests-preview:compileGroovy",
            "outcome": "NO_SOURCE"
          },
          {
            "path": ":tests-preview:compileJava",
            "outcome": "NO_SOURCE"
          },
          {
            "path": ":tests-preview:jar",
            "outcome": "EXECUTED"
          },
          {
            "path": ":tests-preview:processResources",
            "outcome": "NO_SOURCE"
          }
        ]
      },
      "candidateTaskOutcomes": {
        "total": 25,
        "executed": 16,
        "fromCache": 8,
        "upToDate": 0,
        "noSource": 1,
        "skipped": 0,
        "fingerprintSha256": "b43c808e47c00d49cfb56f71197b3295e884e9f536fb660c7889cb8b633b76e2",
        "tasks": [
          {
            "path": ":bootstrapJar",
            "outcome": "EXECUTED"
          },
          {
            "path": ":build-logic:classes",
            "outcome": "EXECUTED"
          },
          {
            "path": ":build-logic:compileGroovy",
            "outcome": "FROM_CACHE"
          },
          {
            "path": ":build-logic:compileGroovyPlugins",
            "outcome": "FROM_CACHE"
          },
          {
            "path": ":build-logic:compileJava",
            "outcome": "FROM_CACHE"
          },
          {
            "path": ":build-logic:extractPluginRequests",
            "outcome": "FROM_CACHE"
          },
          {
            "path": ":build-logic:generatePluginAdapters",
            "outcome": "FROM_CACHE"
          },
          {
            "path": ":build-logic:jar",
            "outcome": "EXECUTED"
          },
          {
            "path": ":build-logic:pluginDescriptors",
            "outcome": "EXECUTED"
          },
          {
            "path": ":build-logic:processResources",
            "outcome": "EXECUTED"
          },
          {
            "path": ":classes",
            "outcome": "EXECUTED"
          },
          {
            "path": ":compileGroovy",
            "outcome": "EXECUTED"
          },
          {
            "path": ":compileJava",
            "outcome": "FROM_CACHE"
          },
          {
            "path": ":dgmConverter",
            "outcome": "FROM_CACHE"
          },
          {
            "path": ":generateGrammarSource",
            "outcome": "FROM_CACHE"
          },
          {
            "path": ":generateReleaseInfo",
            "outcome": "EXECUTED"
          },
          {
            "path": ":groovy-json:classes",
            "outcome": "EXECUTED"
          },
          {
            "path": ":groovy-json:compileGroovy",
            "outcome": "NO_SOURCE"
          },
          {
            "path": ":groovy-json:compileJava",
            "outcome": "EXECUTED"
          },
          {
            "path": ":groovy-json:generateReleaseInfo",
            "outcome": "EXECUTED"
          },
          {
            "path": ":groovy-json:jar",
            "outcome": "EXECUTED"
          },
          {
            "path": ":groovy-json:processResources",
            "outcome": "EXECUTED"
          },
          {
            "path": ":jar",
            "outcome": "EXECUTED"
          },
          {
            "path": ":osgiClasses",
            "outcome": "EXECUTED"
          },
          {
            "path": ":processResources",
            "outcome": "EXECUTED"
          }
        ]
      },
      "controlHostPressure": {
        "available": true,
        "cpuSomeTotalUs": 18000359,
        "memorySomeTotalUs": 4526,
        "memoryFullTotalUs": 1769,
        "ioSomeTotalUs": 38816735,
        "ioFullTotalUs": 15890177
      },
      "candidateHostPressure": {
        "available": true,
        "cpuSomeTotalUs": 150296,
        "memorySomeTotalUs": 19,
        "memoryFullTotalUs": 19,
        "ioSomeTotalUs": 12749402,
        "ioFullTotalUs": 9632445
      }
    },
    {
      "pair": 8,
      "order": "CANDIDATE_FIRST",
      "controlDurationMs": 72652,
      "candidateDurationMs": 16672,
      "savedMs": 55980,
      "controlRequiredOutputSha256": "27f462c377352f1f2a4074f1fae1f96ed51ec97f97e5b42237a57174204da1d5",
      "candidateRequiredOutputSha256": "27f462c377352f1f2a4074f1fae1f96ed51ec97f97e5b42237a57174204da1d5",
      "requiredOutputCount": 1,
      "productAttributableFailure": false,
      "controlLogSha256": "afaf9b65a9e1a11a687b973bdae08ddd0958f91560e20f24517d76902a682ab2",
      "candidateLogSha256": "64a9dc5753e190054ef90ef262c3f3b860811ca931ed40da8cee8d6665b1930c",
      "controlTaskOutcomes": {
        "total": 218,
        "executed": 138,
        "fromCache": 24,
        "upToDate": 8,
        "noSource": 48,
        "skipped": 0,
        "fingerprintSha256": "a8c9059b0fb2a799ddfba8828062a5ba4fb07b5deb583fa958f0ecb41079e151",
        "tasks": [
          {
            "path": ":bootstrapJar",
            "outcome": "EXECUTED"
          },
          {
            "path": ":build-logic:classes",
            "outcome": "EXECUTED"
          },
          {
            "path": ":build-logic:compileGroovy",
            "outcome": "FROM_CACHE"
          },
          {
            "path": ":build-logic:compileGroovyPlugins",
            "outcome": "FROM_CACHE"
          },
          {
            "path": ":build-logic:compileJava",
            "outcome": "FROM_CACHE"
          },
          {
            "path": ":build-logic:extractPluginRequests",
            "outcome": "FROM_CACHE"
          },
          {
            "path": ":build-logic:generatePluginAdapters",
            "outcome": "FROM_CACHE"
          },
          {
            "path": ":build-logic:jar",
            "outcome": "EXECUTED"
          },
          {
            "path": ":build-logic:pluginDescriptors",
            "outcome": "EXECUTED"
          },
          {
            "path": ":build-logic:processResources",
            "outcome": "EXECUTED"
          },
          {
            "path": ":classes",
            "outcome": "EXECUTED"
          },
          {
            "path": ":compileGroovy",
            "outcome": "EXECUTED"
          },
          {
            "path": ":compileJava",
            "outcome": "FROM_CACHE"
          },
          {
            "path": ":dgmConverter",
            "outcome": "FROM_CACHE"
          },
          {
            "path": ":generateGrammarSource",
            "outcome": "FROM_CACHE"
          },
          {
            "path": ":generateReleaseInfo",
            "outcome": "EXECUTED"
          },
          {
            "path": ":groovy-ant:classes",
            "outcome": "EXECUTED"
          },
          {
            "path": ":groovy-ant:compileGroovy",
            "outcome": "EXECUTED"
          },
          {
            "path": ":groovy-ant:compileJava",
            "outcome": "FROM_CACHE"
          },
          {
            "path": ":groovy-ant:generateReleaseInfo",
            "outcome": "EXECUTED"
          },
          {
            "path": ":groovy-ant:jar",
            "outcome": "EXECUTED"
          },
          {
            "path": ":groovy-ant:processResources",
            "outcome": "EXECUTED"
          },
          {
            "path": ":groovy-astbuilder:classes",
            "outcome": "EXECUTED"
          },
          {
            "path": ":groovy-astbuilder:compileGroovy",
            "outcome": "NO_SOURCE"
          },
          {
            "path": ":groovy-astbuilder:compileJava",
            "outcome": "FROM_CACHE"
          },
          {
            "path": ":groovy-astbuilder:generateReleaseInfo",
            "outcome": "EXECUTED"
          },
          {
            "path": ":groovy-astbuilder:jar",
            "outcome": "EXECUTED"
          },
          {
            "path": ":groovy-astbuilder:processResources",
            "outcome": "EXECUTED"
          },
          {
            "path": ":groovy-cli-commons:classes",
            "outcome": "EXECUTED"
          },
          {
            "path": ":groovy-cli-commons:compileGroovy",
            "outcome": "EXECUTED"
          },
          {
            "path": ":groovy-cli-commons:compileJava",
            "outcome": "NO_SOURCE"
          },
          {
            "path": ":groovy-cli-commons:generateReleaseInfo",
            "outcome": "EXECUTED"
          },
          {
            "path": ":groovy-cli-commons:jar",
            "outcome": "EXECUTED"
          },
          {
            "path": ":groovy-cli-commons:processResources",
            "outcome": "NO_SOURCE"
          },
          {
            "path": ":groovy-cli-picocli:classes",
            "outcome": "EXECUTED"
          },
          {
            "path": ":groovy-cli-picocli:compileGroovy",
            "outcome": "EXECUTED"
          },
          {
            "path": ":groovy-cli-picocli:compileJava",
            "outcome": "NO_SOURCE"
          },
          {
            "path": ":groovy-cli-picocli:generateReleaseInfo",
            "outcome": "EXECUTED"
          },
          {
            "path": ":groovy-cli-picocli:jar",
            "outcome": "EXECUTED"
          },
          {
            "path": ":groovy-cli-picocli:processResources",
            "outcome": "NO_SOURCE"
          },
          {
            "path": ":groovy-console:classes",
            "outcome": "EXECUTED"
          },
          {
            "path": ":groovy-console:compileGroovy",
            "outcome": "EXECUTED"
          },
          {
            "path": ":groovy-console:compileJava",
            "outcome": "NO_SOURCE"
          },
          {
            "path": ":groovy-console:generateReleaseInfo",
            "outcome": "EXECUTED"
          },
          {
            "path": ":groovy-console:jar",
            "outcome": "EXECUTED"
          },
          {
            "path": ":groovy-console:processResources",
            "outcome": "EXECUTED"
          },
          {
            "path": ":groovy-contracts:classes",
            "outcome": "EXECUTED"
          },
          {
            "path": ":groovy-contracts:compileGroovy",
            "outcome": "NO_SOURCE"
          },
          {
            "path": ":groovy-contracts:compileJava",
            "outcome": "FROM_CACHE"
          },
          {
            "path": ":groovy-contracts:generateReleaseInfo",
            "outcome": "EXECUTED"
          },
          {
            "path": ":groovy-contracts:jar",
            "outcome": "EXECUTED"
          },
          {
            "path": ":groovy-contracts:processResources",
            "outcome": "EXECUTED"
          },
          {
            "path": ":groovy-datetime:classes",
            "outcome": "UP_TO_DATE"
          },
          {
            "path": ":groovy-datetime:compileGroovy",
            "outcome": "NO_SOURCE"
          },
          {
            "path": ":groovy-datetime:compileJava",
            "outcome": "FROM_CACHE"
          },
          {
            "path": ":groovy-datetime:generateReleaseInfo",
            "outcome": "EXECUTED"
          },
          {
            "path": ":groovy-datetime:jar",
            "outcome": "EXECUTED"
          },
          {
            "path": ":groovy-datetime:moduleDescriptor",
            "outcome": "EXECUTED"
          },
          {
            "path": ":groovy-datetime:processResources",
            "outcome": "NO_SOURCE"
          },
          {
            "path": ":groovy-dateutil:classes",
            "outcome": "UP_TO_DATE"
          },
          {
            "path": ":groovy-dateutil:compileGroovy",
            "outcome": "NO_SOURCE"
          },
          {
            "path": ":groovy-dateutil:compileJava",
            "outcome": "FROM_CACHE"
          },
          {
            "path": ":groovy-dateutil:generateReleaseInfo",
            "outcome": "EXECUTED"
          },
          {
            "path": ":groovy-dateutil:jar",
            "outcome": "EXECUTED"
          },
          {
            "path": ":groovy-dateutil:moduleDescriptor",
            "outcome": "EXECUTED"
          },
          {
            "path": ":groovy-dateutil:processResources",
            "outcome": "NO_SOURCE"
          },
          {
            "path": ":groovy-docgenerator:classes",
            "outcome": "EXECUTED"
          },
          {
            "path": ":groovy-docgenerator:compileGroovy",
            "outcome": "EXECUTED"
          },
          {
            "path": ":groovy-docgenerator:compileJava",
            "outcome": "NO_SOURCE"
          },
          {
            "path": ":groovy-docgenerator:generateReleaseInfo",
            "outcome": "EXECUTED"
          },
          {
            "path": ":groovy-docgenerator:jar",
            "outcome": "EXECUTED"
          },
          {
            "path": ":groovy-docgenerator:processResources",
            "outcome": "EXECUTED"
          },
          {
            "path": ":groovy-ginq:classes",
            "outcome": "EXECUTED"
          },
          {
            "path": ":groovy-ginq:compileGroovy",
            "outcome": "EXECUTED"
          },
          {
            "path": ":groovy-ginq:compileJava",
            "outcome": "NO_SOURCE"
          },
          {
            "path": ":groovy-ginq:generateReleaseInfo",
            "outcome": "EXECUTED"
          },
          {
            "path": ":groovy-ginq:jar",
            "outcome": "EXECUTED"
          },
          {
            "path": ":groovy-ginq:moduleDescriptor",
            "outcome": "EXECUTED"
          },
          {
            "path": ":groovy-ginq:processResources",
            "outcome": "NO_SOURCE"
          },
          {
            "path": ":groovy-groovydoc:classes",
            "outcome": "EXECUTED"
          },
          {
            "path": ":groovy-groovydoc:compileGroovy",
            "outcome": "EXECUTED"
          },
          {
            "path": ":groovy-groovydoc:compileJava",
            "outcome": "FROM_CACHE"
          },
          {
            "path": ":groovy-groovydoc:generateReleaseInfo",
            "outcome": "EXECUTED"
          },
          {
            "path": ":groovy-groovydoc:jar",
            "outcome": "EXECUTED"
          },
          {
            "path": ":groovy-groovydoc:processResources",
            "outcome": "EXECUTED"
          },
          {
            "path": ":groovy-groovysh:classes",
            "outcome": "EXECUTED"
          },
          {
            "path": ":groovy-groovysh:compileGroovy",
            "outcome": "EXECUTED"
          },
          {
            "path": ":groovy-groovysh:compileJava",
            "outcome": "NO_SOURCE"
          },
          {
            "path": ":groovy-groovysh:generateReleaseInfo",
            "outcome": "EXECUTED"
          },
          {
            "path": ":groovy-groovysh:jar",
            "outcome": "EXECUTED"
          },
          {
            "path": ":groovy-groovysh:processResources",
            "outcome": "EXECUTED"
          },
          {
            "path": ":groovy-jmx:classes",
            "outcome": "EXECUTED"
          },
          {
            "path": ":groovy-jmx:compileGroovy",
            "outcome": "EXECUTED"
          },
          {
            "path": ":groovy-jmx:compileJava",
            "outcome": "FROM_CACHE"
          },
          {
            "path": ":groovy-jmx:generateReleaseInfo",
            "outcome": "EXECUTED"
          },
          {
            "path": ":groovy-jmx:jar",
            "outcome": "EXECUTED"
          },
          {
            "path": ":groovy-jmx:processResources",
            "outcome": "NO_SOURCE"
          },
          {
            "path": ":groovy-json:classes",
            "outcome": "EXECUTED"
          },
          {
            "path": ":groovy-json:compileGroovy",
            "outcome": "NO_SOURCE"
          },
          {
            "path": ":groovy-json:compileJava",
            "outcome": "EXECUTED"
          },
          {
            "path": ":groovy-json:generateReleaseInfo",
            "outcome": "EXECUTED"
          },
          {
            "path": ":groovy-json:jar",
            "outcome": "EXECUTED"
          },
          {
            "path": ":groovy-json:processResources",
            "outcome": "EXECUTED"
          },
          {
            "path": ":groovy-jsr223:classes",
            "outcome": "EXECUTED"
          },
          {
            "path": ":groovy-jsr223:compileGroovy",
            "outcome": "NO_SOURCE"
          },
          {
            "path": ":groovy-jsr223:compileJava",
            "outcome": "FROM_CACHE"
          },
          {
            "path": ":groovy-jsr223:generateReleaseInfo",
            "outcome": "EXECUTED"
          },
          {
            "path": ":groovy-jsr223:jar",
            "outcome": "EXECUTED"
          },
          {
            "path": ":groovy-jsr223:moduleDescriptor",
            "outcome": "EXECUTED"
          },
          {
            "path": ":groovy-jsr223:processResources",
            "outcome": "EXECUTED"
          },
          {
            "path": ":groovy-macro-library:classes",
            "outcome": "EXECUTED"
          },
          {
            "path": ":groovy-macro-library:compileGroovy",
            "outcome": "EXECUTED"
          },
          {
            "path": ":groovy-macro-library:compileJava",
            "outcome": "NO_SOURCE"
          },
          {
            "path": ":groovy-macro-library:generateReleaseInfo",
            "outcome": "EXECUTED"
          },
          {
            "path": ":groovy-macro-library:jar",
            "outcome": "EXECUTED"
          },
          {
            "path": ":groovy-macro-library:moduleDescriptor",
            "outcome": "EXECUTED"
          },
          {
            "path": ":groovy-macro-library:processResources",
            "outcome": "NO_SOURCE"
          },
          {
            "path": ":groovy-macro:classes",
            "outcome": "EXECUTED"
          },
          {
            "path": ":groovy-macro:compileGroovy",
            "outcome": "EXECUTED"
          },
          {
            "path": ":groovy-macro:compileJava",
            "outcome": "NO_SOURCE"
          },
          {
            "path": ":groovy-macro:generateReleaseInfo",
            "outcome": "EXECUTED"
          },
          {
            "path": ":groovy-macro:jar",
            "outcome": "EXECUTED"
          },
          {
            "path": ":groovy-macro:moduleDescriptor",
            "outcome": "EXECUTED"
          },
          {
            "path": ":groovy-macro:processResources",
            "outcome": "EXECUTED"
          },
          {
            "path": ":groovy-nio:classes",
            "outcome": "UP_TO_DATE"
          },
          {
            "path": ":groovy-nio:compileGroovy",
            "outcome": "NO_SOURCE"
          },
          {
            "path": ":groovy-nio:compileJava",
            "outcome": "FROM_CACHE"
          },
          {
            "path": ":groovy-nio:generateReleaseInfo",
            "outcome": "EXECUTED"
          },
          {
            "path": ":groovy-nio:jar",
            "outcome": "EXECUTED"
          },
          {
            "path": ":groovy-nio:moduleDescriptor",
            "outcome": "EXECUTED"
          },
          {
            "path": ":groovy-nio:processResources",
            "outcome": "NO_SOURCE"
          },
          {
            "path": ":groovy-servlet:classes",
            "outcome": "UP_TO_DATE"
          },
          {
            "path": ":groovy-servlet:compileGroovy",
            "outcome": "NO_SOURCE"
          },
          {
            "path": ":groovy-servlet:compileJava",
            "outcome": "FROM_CACHE"
          },
          {
            "path": ":groovy-servlet:generateReleaseInfo",
            "outcome": "EXECUTED"
          },
          {
            "path": ":groovy-servlet:jar",
            "outcome": "EXECUTED"
          },
          {
            "path": ":groovy-servlet:processResources",
            "outcome": "NO_SOURCE"
          },
          {
            "path": ":groovy-sql:classes",
            "outcome": "UP_TO_DATE"
          },
          {
            "path": ":groovy-sql:compileGroovy",
            "outcome": "NO_SOURCE"
          },
          {
            "path": ":groovy-sql:compileJava",
            "outcome": "FROM_CACHE"
          },
          {
            "path": ":groovy-sql:generateReleaseInfo",
            "outcome": "EXECUTED"
          },
          {
            "path": ":groovy-sql:jar",
            "outcome": "EXECUTED"
          },
          {
            "path": ":groovy-sql:moduleDescriptor",
            "outcome": "EXECUTED"
          },
          {
            "path": ":groovy-sql:processResources",
            "outcome": "NO_SOURCE"
          },
          {
            "path": ":groovy-swing:classes",
            "outcome": "EXECUTED"
          },
          {
            "path": ":groovy-swing:compileGroovy",
            "outcome": "EXECUTED"
          },
          {
            "path": ":groovy-swing:compileJava",
            "outcome": "FROM_CACHE"
          },
          {
            "path": ":groovy-swing:generateReleaseInfo",
            "outcome": "EXECUTED"
          },
          {
            "path": ":groovy-swing:jar",
            "outcome": "EXECUTED"
          },
          {
            "path": ":groovy-swing:moduleDescriptor",
            "outcome": "EXECUTED"
          },
          {
            "path": ":groovy-swing:processResources",
            "outcome": "NO_SOURCE"
          },
          {
            "path": ":groovy-templates:classes",
            "outcome": "EXECUTED"
          },
          {
            "path": ":groovy-templates:compileGroovy",
            "outcome": "EXECUTED"
          },
          {
            "path": ":groovy-templates:compileJava",
            "outcome": "NO_SOURCE"
          },
          {
            "path": ":groovy-templates:generateReleaseInfo",
            "outcome": "EXECUTED"
          },
          {
            "path": ":groovy-templates:jar",
            "outcome": "EXECUTED"
          },
          {
            "path": ":groovy-templates:processResources",
            "outcome": "NO_SOURCE"
          },
          {
            "path": ":groovy-test-junit5:classes",
            "outcome": "EXECUTED"
          },
          {
            "path": ":groovy-test-junit5:compileGroovy",
            "outcome": "EXECUTED"
          },
          {
            "path": ":groovy-test-junit5:compileJava",
            "outcome": "FROM_CACHE"
          },
          {
            "path": ":groovy-test-junit5:generateReleaseInfo",
            "outcome": "EXECUTED"
          },
          {
            "path": ":groovy-test-junit5:jar",
            "outcome": "EXECUTED"
          },
          {
            "path": ":groovy-test-junit5:processResources",
            "outcome": "EXECUTED"
          },
          {
            "path": ":groovy-test:classes",
            "outcome": "EXECUTED"
          },
          {
            "path": ":groovy-test:compileGroovy",
            "outcome": "EXECUTED"
          },
          {
            "path": ":groovy-test:compileJava",
            "outcome": "FROM_CACHE"
          },
          {
            "path": ":groovy-test:generateReleaseInfo",
            "outcome": "EXECUTED"
          },
          {
            "path": ":groovy-test:jar",
            "outcome": "EXECUTED"
          },
          {
            "path": ":groovy-test:processResources",
            "outcome": "NO_SOURCE"
          },
          {
            "path": ":groovy-testng:classes",
            "outcome": "EXECUTED"
          },
          {
            "path": ":groovy-testng:compileGroovy",
            "outcome": "NO_SOURCE"
          },
          {
            "path": ":groovy-testng:compileJava",
            "outcome": "FROM_CACHE"
          },
          {
            "path": ":groovy-testng:generateReleaseInfo",
            "outcome": "EXECUTED"
          },
          {
            "path": ":groovy-testng:jar",
            "outcome": "EXECUTED"
          },
          {
            "path": ":groovy-testng:processResources",
            "outcome": "EXECUTED"
          },
          {
            "path": ":groovy-toml:classes",
            "outcome": "EXECUTED"
          },
          {
            "path": ":groovy-toml:compileGroovy",
            "outcome": "NO_SOURCE"
          },
          {
            "path": ":groovy-toml:compileJava",
            "outcome": "EXECUTED"
          },
          {
            "path": ":groovy-toml:generateReleaseInfo",
            "outcome": "EXECUTED"
          },
          {
            "path": ":groovy-toml:jar",
            "outcome": "EXECUTED"
          },
          {
            "path": ":groovy-toml:processResources",
            "outcome": "NO_SOURCE"
          },
          {
            "path": ":groovy-typecheckers:classes",
            "outcome": "EXECUTED"
          },
          {
            "path": ":groovy-typecheckers:compileGroovy",
            "outcome": "EXECUTED"
          },
          {
            "path": ":groovy-typecheckers:compileJava",
            "outcome": "NO_SOURCE"
          },
          {
            "path": ":groovy-typecheckers:generateReleaseInfo",
            "outcome": "EXECUTED"
          },
          {
            "path": ":groovy-typecheckers:jar",
            "outcome": "EXECUTED"
          },
          {
            "path": ":groovy-typecheckers:processResources",
            "outcome": "NO_SOURCE"
          },
          {
            "path": ":groovy-xml:classes",
            "outcome": "EXECUTED"
          },
          {
            "path": ":groovy-xml:compileGroovy",
            "outcome": "EXECUTED"
          },
          {
            "path": ":groovy-xml:compileJava",
            "outcome": "FROM_CACHE"
          },
          {
            "path": ":groovy-xml:generateReleaseInfo",
            "outcome": "EXECUTED"
          },
          {
            "path": ":groovy-xml:jar",
            "outcome": "EXECUTED"
          },
          {
            "path": ":groovy-xml:moduleDescriptor",
            "outcome": "EXECUTED"
          },
          {
            "path": ":groovy-xml:processResources",
            "outcome": "NO_SOURCE"
          },
          {
            "path": ":groovy-yaml:classes",
            "outcome": "EXECUTED"
          },
          {
            "path": ":groovy-yaml:compileGroovy",
            "outcome": "NO_SOURCE"
          },
          {
            "path": ":groovy-yaml:compileJava",
            "outcome": "EXECUTED"
          },
          {
            "path": ":groovy-yaml:generateReleaseInfo",
            "outcome": "EXECUTED"
          },
          {
            "path": ":groovy-yaml:jar",
            "outcome": "EXECUTED"
          },
          {
            "path": ":groovy-yaml:processResources",
            "outcome": "NO_SOURCE"
          },
          {
            "path": ":jar",
            "outcome": "EXECUTED"
          },
          {
            "path": ":osgiClasses",
            "outcome": "EXECUTED"
          },
          {
            "path": ":performance:classes",
            "outcome": "UP_TO_DATE"
          },
          {
            "path": ":performance:compileGroovy",
            "outcome": "NO_SOURCE"
          },
          {
            "path": ":performance:compileJava",
            "outcome": "NO_SOURCE"
          },
          {
            "path": ":performance:jar",
            "outcome": "EXECUTED"
          },
          {
            "path": ":performance:processResources",
            "outcome": "NO_SOURCE"
          },
          {
            "path": ":processResources",
            "outcome": "EXECUTED"
          },
          {
            "path": ":stress:classes",
            "outcome": "UP_TO_DATE"
          },
          {
            "path": ":stress:compileGroovy",
            "outcome": "NO_SOURCE"
          },
          {
            "path": ":stress:compileJava",
            "outcome": "NO_SOURCE"
          },
          {
            "path": ":stress:jar",
            "outcome": "EXECUTED"
          },
          {
            "path": ":stress:processResources",
            "outcome": "NO_SOURCE"
          },
          {
            "path": ":tests-preview:classes",
            "outcome": "UP_TO_DATE"
          },
          {
            "path": ":tests-preview:compileGroovy",
            "outcome": "NO_SOURCE"
          },
          {
            "path": ":tests-preview:compileJava",
            "outcome": "NO_SOURCE"
          },
          {
            "path": ":tests-preview:jar",
            "outcome": "EXECUTED"
          },
          {
            "path": ":tests-preview:processResources",
            "outcome": "NO_SOURCE"
          }
        ]
      },
      "candidateTaskOutcomes": {
        "total": 25,
        "executed": 16,
        "fromCache": 8,
        "upToDate": 0,
        "noSource": 1,
        "skipped": 0,
        "fingerprintSha256": "b43c808e47c00d49cfb56f71197b3295e884e9f536fb660c7889cb8b633b76e2",
        "tasks": [
          {
            "path": ":bootstrapJar",
            "outcome": "EXECUTED"
          },
          {
            "path": ":build-logic:classes",
            "outcome": "EXECUTED"
          },
          {
            "path": ":build-logic:compileGroovy",
            "outcome": "FROM_CACHE"
          },
          {
            "path": ":build-logic:compileGroovyPlugins",
            "outcome": "FROM_CACHE"
          },
          {
            "path": ":build-logic:compileJava",
            "outcome": "FROM_CACHE"
          },
          {
            "path": ":build-logic:extractPluginRequests",
            "outcome": "FROM_CACHE"
          },
          {
            "path": ":build-logic:generatePluginAdapters",
            "outcome": "FROM_CACHE"
          },
          {
            "path": ":build-logic:jar",
            "outcome": "EXECUTED"
          },
          {
            "path": ":build-logic:pluginDescriptors",
            "outcome": "EXECUTED"
          },
          {
            "path": ":build-logic:processResources",
            "outcome": "EXECUTED"
          },
          {
            "path": ":classes",
            "outcome": "EXECUTED"
          },
          {
            "path": ":compileGroovy",
            "outcome": "EXECUTED"
          },
          {
            "path": ":compileJava",
            "outcome": "FROM_CACHE"
          },
          {
            "path": ":dgmConverter",
            "outcome": "FROM_CACHE"
          },
          {
            "path": ":generateGrammarSource",
            "outcome": "FROM_CACHE"
          },
          {
            "path": ":generateReleaseInfo",
            "outcome": "EXECUTED"
          },
          {
            "path": ":groovy-json:classes",
            "outcome": "EXECUTED"
          },
          {
            "path": ":groovy-json:compileGroovy",
            "outcome": "NO_SOURCE"
          },
          {
            "path": ":groovy-json:compileJava",
            "outcome": "EXECUTED"
          },
          {
            "path": ":groovy-json:generateReleaseInfo",
            "outcome": "EXECUTED"
          },
          {
            "path": ":groovy-json:jar",
            "outcome": "EXECUTED"
          },
          {
            "path": ":groovy-json:processResources",
            "outcome": "EXECUTED"
          },
          {
            "path": ":jar",
            "outcome": "EXECUTED"
          },
          {
            "path": ":osgiClasses",
            "outcome": "EXECUTED"
          },
          {
            "path": ":processResources",
            "outcome": "EXECUTED"
          }
        ]
      },
      "controlHostPressure": {
        "available": true,
        "cpuSomeTotalUs": 18534689,
        "memorySomeTotalUs": 348,
        "memoryFullTotalUs": 347,
        "ioSomeTotalUs": 37716704,
        "ioFullTotalUs": 16241419
      },
      "candidateHostPressure": {
        "available": true,
        "cpuSomeTotalUs": 85195,
        "memorySomeTotalUs": 0,
        "memoryFullTotalUs": 0,
        "ioSomeTotalUs": 11066993,
        "ioFullTotalUs": 8501946
      }
    }
  ],
  "fallback": {
    "mode": "FULL_GRAPH",
    "reason": "IMPACT_GLOBAL_CHANGE",
    "buildSuccessful": true
  },
  "result": {
    "pairs": 8,
    "controlMeanMs": 72497.375,
    "candidateMeanMs": 19567.5,
    "meanSavedMs": 52929.875,
    "reductionRatio": 0.7300936758055033,
    "interval95SavedMs": [
      51625.25,
      54186.25
    ],
    "positivePairs": 8,
    "executionShapeObserved": true,
    "executionShapeStable": true,
    "targetWarmupShapeObserved": true,
    "targetWarmupShapeStable": true,
    "qualified": true,
    "decision": "QUALIFY_STRUCTURAL_PROFILE"
  },
  "boundaries": {
    "proofOfConcept": true,
    "productionAuthorized": false,
    "repositorySpecificRuleAdded": false,
    "testOptimizationModified": false
  }
}
