buildopt: warming isolated control arm at c16898314460cdfc3e0f0d7d24822585bbd1997e (cache seed 1/3)
buildopt: warmed isolated control arm cache seed in 214412ms with total:218/executed:167/from-cache:0/up-to-date:3/no-source:48/skipped:0/fingerprint:7517f029b7a075e985d670178f879974e0297889ca1085e0a5e7fdc9d123fa8f
buildopt: warming isolated control arm at c16898314460cdfc3e0f0d7d24822585bbd1997e (base daemon stabilization 2/3)
buildopt: warmed isolated control arm daemon stabilization in 83117ms with total:218/executed:133/from-cache:27/up-to-date:10/no-source:48/skipped:0/fingerprint:412113aca5cb6c75afb026125187314f7d484f4361ae7ee7828d97177895a0d0
buildopt: warming isolated control arm at 3d6e5f4f6e8b492528fe133366680a377b7e4706 (target-workload stabilization 3/3)
buildopt: warmed isolated control arm target workload in 81486ms with total:218/executed:138/from-cache:24/up-to-date:8/no-source:48/skipped:0/fingerprint:a8c9059b0fb2a799ddfba8828062a5ba4fb07b5deb583fa958f0ecb41079e151
buildopt: warming isolated candidate arm at c16898314460cdfc3e0f0d7d24822585bbd1997e (cache seed 1/3)
buildopt: warmed isolated candidate arm cache seed in 152844ms with total:25/executed:24/from-cache:0/up-to-date:0/no-source:1/skipped:0/fingerprint:74a2e1a4588b91accdf076cda4cb2c697590539d0f32836d22e89ed76e3bf071
buildopt: warming isolated candidate arm at c16898314460cdfc3e0f0d7d24822585bbd1997e (base daemon stabilization 2/3)
buildopt: warmed isolated candidate arm daemon stabilization in 23873ms with total:25/executed:15/from-cache:9/up-to-date:0/no-source:1/skipped:0/fingerprint:3101cecdd50b16320d5ace0afabed16d4990e5f67525c6aeac017f3fd9fcea14
buildopt: warming isolated candidate arm at 3d6e5f4f6e8b492528fe133366680a377b7e4706 (target-workload stabilization 3/3)
buildopt: warmed isolated candidate arm target workload in 22136ms with total:25/executed:16/from-cache:8/up-to-date:0/no-source:1/skipped:0/fingerprint:b43c808e47c00d49cfb56f71197b3295e884e9f536fb660c7889cb8b633b76e2
buildopt: structural pair 1/8 control=73538ms candidate=21363ms saved=52175ms gap=1ms order=CONTROL_FIRST
buildopt: structural pair 1 task outcomes control=total:218/executed:138/from-cache:24/up-to-date:8/no-source:48/skipped:0/fingerprint:a8c9059b0fb2a799ddfba8828062a5ba4fb07b5deb583fa958f0ecb41079e151 candidate=total:25/executed:16/from-cache:8/up-to-date:0/no-source:1/skipped:0/fingerprint:b43c808e47c00d49cfb56f71197b3295e884e9f536fb660c7889cb8b633b76e2
buildopt: structural pair 2/8 control=73909ms candidate=19474ms saved=54435ms gap=0ms order=CANDIDATE_FIRST
buildopt: structural pair 2 task outcomes control=total:218/executed:138/from-cache:24/up-to-date:8/no-source:48/skipped:0/fingerprint:a8c9059b0fb2a799ddfba8828062a5ba4fb07b5deb583fa958f0ecb41079e151 candidate=total:25/executed:16/from-cache:8/up-to-date:0/no-source:1/skipped:0/fingerprint:b43c808e47c00d49cfb56f71197b3295e884e9f536fb660c7889cb8b633b76e2
buildopt: structural pair 3/8 control=75988ms candidate=20073ms saved=55915ms gap=1ms order=CONTROL_FIRST
buildopt: structural pair 3 task outcomes control=total:218/executed:138/from-cache:24/up-to-date:8/no-source:48/skipped:0/fingerprint:a8c9059b0fb2a799ddfba8828062a5ba4fb07b5deb583fa958f0ecb41079e151 candidate=total:25/executed:16/from-cache:8/up-to-date:0/no-source:1/skipped:0/fingerprint:b43c808e47c00d49cfb56f71197b3295e884e9f536fb660c7889cb8b633b76e2
buildopt: structural pair 4/8 control=71320ms candidate=18186ms saved=53134ms gap=0ms order=CANDIDATE_FIRST
buildopt: structural pair 4 task outcomes control=total:218/executed:138/from-cache:24/up-to-date:8/no-source:48/skipped:0/fingerprint:a8c9059b0fb2a799ddfba8828062a5ba4fb07b5deb583fa958f0ecb41079e151 candidate=total:25/executed:16/from-cache:8/up-to-date:0/no-source:1/skipped:0/fingerprint:b43c808e47c00d49cfb56f71197b3295e884e9f536fb660c7889cb8b633b76e2
buildopt: structural pair 5/8 control=75894ms candidate=19542ms saved=56352ms gap=0ms order=CONTROL_FIRST
buildopt: structural pair 5 task outcomes control=total:218/executed:138/from-cache:24/up-to-date:8/no-source:48/skipped:0/fingerprint:a8c9059b0fb2a799ddfba8828062a5ba4fb07b5deb583fa958f0ecb41079e151 candidate=total:25/executed:16/from-cache:8/up-to-date:0/no-source:1/skipped:0/fingerprint:b43c808e47c00d49cfb56f71197b3295e884e9f536fb660c7889cb8b633b76e2
buildopt: structural pair 6/8 control=72458ms candidate=18254ms saved=54204ms gap=0ms order=CANDIDATE_FIRST
buildopt: structural pair 6 task outcomes control=total:218/executed:138/from-cache:24/up-to-date:8/no-source:48/skipped:0/fingerprint:a8c9059b0fb2a799ddfba8828062a5ba4fb07b5deb583fa958f0ecb41079e151 candidate=total:25/executed:16/from-cache:8/up-to-date:0/no-source:1/skipped:0/fingerprint:b43c808e47c00d49cfb56f71197b3295e884e9f536fb660c7889cb8b633b76e2
buildopt: structural pair 7/8 control=75849ms candidate=20599ms saved=55250ms gap=3ms order=CONTROL_FIRST
buildopt: structural pair 7 task outcomes control=total:218/executed:138/from-cache:24/up-to-date:8/no-source:48/skipped:0/fingerprint:a8c9059b0fb2a799ddfba8828062a5ba4fb07b5deb583fa958f0ecb41079e151 candidate=total:25/executed:16/from-cache:8/up-to-date:0/no-source:1/skipped:0/fingerprint:b43c808e47c00d49cfb56f71197b3295e884e9f536fb660c7889cb8b633b76e2
buildopt: structural pair 8/8 control=71522ms candidate=16053ms saved=55469ms gap=0ms order=CANDIDATE_FIRST
buildopt: structural pair 8 task outcomes control=total:218/executed:138/from-cache:24/up-to-date:8/no-source:48/skipped:0/fingerprint:a8c9059b0fb2a799ddfba8828062a5ba4fb07b5deb583fa958f0ecb41079e151 candidate=total:25/executed:16/from-cache:8/up-to-date:0/no-source:1/skipped:0/fingerprint:b43c808e47c00d49cfb56f71197b3295e884e9f536fb660c7889cb8b633b76e2
buildopt: validating full-graph fallback with --no-daemon and measured scheduling
buildopt: structural profile measurement decision QUALIFIED_EVIDENCE_WRITTEN; review buildopt-structural-evidence.json before evaluation
{
  "schemaVersion": "buildopt.evidence/structural-profile-qualification/v1",
  "evidenceState": "QUALIFIED",
  "capturedAt": "2026-08-14T01:27:24Z",
  "subject": {
    "repositoryId": "apache/groovy",
    "repositoryRevision": "3d6e5f4f6e8b492528fe133366680a377b7e4706",
    "pipelineClass": "jar-packaging"
  },
  "sourceBindings": {
    "manifestSha256": "a6d88334fec16415b7dd90012ab0036e68a673dd1d73ecab0421310d9d8dcf8f",
    "graphSha256": "02520e4eaec8781a09edc8cbf42d58ce5621ffe4f4cadf54c6c2c87c4e6c4a24",
    "generatedManifestSha256": "c6b7eaed059e3e25fe4ff4881063d2d8828ce437e3c95c2f4b9ea855b25d81e0",
    "sourceEvidenceSha256": "567700230e4130b93ec67296f6a281dfbcbbf312156c7887463e20ec110f42fd",
    "outputEquivalenceSha256": "ed3bc40daec143645589a768d5058bdbdf1a982d08d2659170142bca3dea1ff5"
  },
  "plan": {
    "alternativeId": "changed-projects",
    "entrypoints": [
      ":groovy-json:jar"
    ],
    "fallbackEntrypoints": [
      "jar"
    ],
    "requiredOutputs": [
      "subprojects/groovy-json/build/libs/*.jar"
    ],
    "totalProjectCount": 37,
    "selectedProjectCount": 2,
    "omittedProjectCount": 35,
    "omittedProjectRatio": 0.9459459459459459
  },
  "execution": {
    "candidateSurface": "INSTALLED_BUILDOPT_STRUCTURAL_IMPACT_ONLY",
    "buildoptRevision": "06a92dce02cb70b635142b1b38f4db934e1b551c",
    "executableSha256": "a34966620b7e382e3035f4fae3490c44630b5f7a210e111a0b17184cd1251a83",
    "mechanisms": [
      "BUILD_IMPACT"
    ],
    "gradleOptions": [
      "--daemon",
      "--build-cache",
      "--parallel",
      "--no-configuration-cache",
      "--console=plain",
      "--no-scan",
      "--max-workers=12"
    ],
    "launcherOverheadIncluded": true,
    "outputEquivalenceMode": "OWNER_REVIEWED_SEMANTIC_V1",
    "warmupsPerArm": 3,
    "controlWarmups": [
      {
        "phase": "CACHE_SEED",
        "durationMs": 214412,
        "logSha256": "7e7928709aa442bfa40c93cb569d48bcfeb7ba785d33297c8a481707a8148698",
        "taskOutcomes": {
          "total": 218,
          "executed": 167,
          "fromCache": 0,
          "upToDate": 3,
          "noSource": 48,
          "skipped": 0,
          "fingerprintSha256": "7517f029b7a075e985d670178f879974e0297889ca1085e0a5e7fdc9d123fa8f",
          "tasks": [
            {
              "path": ":bootstrapJar",
              "outcome": "EXECUTED"
            },
            {
              "path": ":build-logic:classes",
              "outcome": "EXECUTED"
            },
            {
              "path": ":build-logic:compileGroovy",
              "outcome": "EXECUTED"
            },
            {
              "path": ":build-logic:compileGroovyPlugins",
              "outcome": "EXECUTED"
            },
            {
              "path": ":build-logic:compileJava",
              "outcome": "EXECUTED"
            },
            {
              "path": ":build-logic:extractPluginRequests",
              "outcome": "EXECUTED"
            },
            {
              "path": ":build-logic:generatePluginAdapters",
              "outcome": "EXECUTED"
            },
            {
              "path": ":build-logic:jar",
              "outcome": "EXECUTED"
            },
            {
              "path": ":build-logic:pluginDescriptors",
              "outcome": "EXECUTED"
            },
            {
              "path": ":build-logic:processResources",
              "outcome": "EXECUTED"
            },
            {
              "path": ":classes",
              "outcome": "EXECUTED"
            },
            {
              "path": ":compileGroovy",
              "outcome": "EXECUTED"
            },
            {
              "path": ":compileJava",
              "outcome": "EXECUTED"
            },
            {
              "path": ":dgmConverter",
              "outcome": "EXECUTED"
            },
            {
              "path": ":generateGrammarSource",
              "outcome": "EXECUTED"
            },
            {
              "path": ":generateReleaseInfo",
              "outcome": "EXECUTED"
            },
            {
              "path": ":groovy-ant:classes",
              "outcome": "EXECUTED"
            },
            {
              "path": ":groovy-ant:compileGroovy",
              "outcome": "EXECUTED"
            },
            {
              "path": ":groovy-ant:compileJava",
              "outcome": "EXECUTED"
            },
            {
              "path": ":groovy-ant:generateReleaseInfo",
              "outcome": "EXECUTED"
            },
            {
              "path": ":groovy-ant:jar",
              "outcome": "EXECUTED"
            },
            {
              "path": ":groovy-ant:processResources",
              "outcome": "EXECUTED"
            },
            {
              "path": ":groovy-astbuilder:classes",
              "outcome": "EXECUTED"
            },
            {
              "path": ":groovy-astbuilder:compileGroovy",
              "outcome": "NO_SOURCE"
            },
            {
              "path": ":groovy-astbuilder:compileJava",
              "outcome": "EXECUTED"
            },
            {
              "path": ":groovy-astbuilder:generateReleaseInfo",
              "outcome": "EXECUTED"
            },
            {
              "path": ":groovy-astbuilder:jar",
              "outcome": "EXECUTED"
            },
            {
              "path": ":groovy-astbuilder:processResources",
              "outcome": "EXECUTED"
            },
            {
              "path": ":groovy-cli-commons:classes",
              "outcome": "EXECUTED"
            },
            {
              "path": ":groovy-cli-commons:compileGroovy",
              "outcome": "EXECUTED"
            },
            {
              "path": ":groovy-cli-commons:compileJava",
              "outcome": "NO_SOURCE"
            },
            {
              "path": ":groovy-cli-commons:generateReleaseInfo",
              "outcome": "EXECUTED"
            },
            {
              "path": ":groovy-cli-commons:jar",
              "outcome": "EXECUTED"
            },
            {
              "path": ":groovy-cli-commons:processResources",
              "outcome": "NO_SOURCE"
            },
            {
              "path": ":groovy-cli-picocli:classes",
              "outcome": "EXECUTED"
            },
            {
              "path": ":groovy-cli-picocli:compileGroovy",
              "outcome": "EXECUTED"
            },
            {
              "path": ":groovy-cli-picocli:compileJava",
              "outcome": "NO_SOURCE"
            },
            {
              "path": ":groovy-cli-picocli:generateReleaseInfo",
              "outcome": "EXECUTED"
            },
            {
              "path": ":groovy-cli-picocli:jar",
              "outcome": "EXECUTED"
            },
            {
              "path": ":groovy-cli-picocli:processResources",
              "outcome": "NO_SOURCE"
            },
            {
              "path": ":groovy-console:classes",
              "outcome": "EXECUTED"
            },
            {
              "path": ":groovy-console:compileGroovy",
              "outcome": "EXECUTED"
            },
            {
              "path": ":groovy-console:compileJava",
              "outcome": "NO_SOURCE"
            },
            {
              "path": ":groovy-console:generateReleaseInfo",
              "outcome": "EXECUTED"
            },
            {
              "path": ":groovy-console:jar",
              "outcome": "EXECUTED"
            },
            {
              "path": ":groovy-console:processResources",
              "outcome": "EXECUTED"
            },
            {
              "path": ":groovy-contracts:classes",
              "outcome": "EXECUTED"
            },
            {
              "path": ":groovy-contracts:compileGroovy",
              "outcome": "NO_SOURCE"
            },
            {
              "path": ":groovy-contracts:compileJava",
              "outcome": "EXECUTED"
            },
            {
              "path": ":groovy-contracts:generateReleaseInfo",
              "outcome": "EXECUTED"
            },
            {
              "path": ":groovy-contracts:jar",
              "outcome": "EXECUTED"
            },
            {
              "path": ":groovy-contracts:processResources",
              "outcome": "EXECUTED"
            },
            {
              "path": ":groovy-datetime:classes",
              "outcome": "EXECUTED"
            },
            {
              "path": ":groovy-datetime:compileGroovy",
              "outcome": "NO_SOURCE"
            },
            {
              "path": ":groovy-datetime:compileJava",
              "outcome": "EXECUTED"
            },
            {
              "path": ":groovy-datetime:generateReleaseInfo",
              "outcome": "EXECUTED"
            },
            {
              "path": ":groovy-datetime:jar",
              "outcome": "EXECUTED"
            },
            {
              "path": ":groovy-datetime:moduleDescriptor",
              "outcome": "EXECUTED"
            },
            {
              "path": ":groovy-datetime:processResources",
              "outcome": "NO_SOURCE"
            },
            {
              "path": ":groovy-dateutil:classes",
              "outcome": "EXECUTED"
            },
            {
              "path": ":groovy-dateutil:compileGroovy",
              "outcome": "NO_SOURCE"
            },
            {
              "path": ":groovy-dateutil:compileJava",
              "outcome": "EXECUTED"
            },
            {
              "path": ":groovy-dateutil:generateReleaseInfo",
              "outcome": "EXECUTED"
            },
            {
              "path": ":groovy-dateutil:jar",
              "outcome": "EXECUTED"
            },
            {
              "path": ":groovy-dateutil:moduleDescriptor",
              "outcome": "EXECUTED"
            },
            {
              "path": ":groovy-dateutil:processResources",
              "outcome": "NO_SOURCE"
            },
            {
              "path": ":groovy-docgenerator:classes",
              "outcome": "EXECUTED"
            },
            {
              "path": ":groovy-docgenerator:compileGroovy",
              "outcome": "EXECUTED"
            },
            {
              "path": ":groovy-docgenerator:compileJava",
              "outcome": "NO_SOURCE"
            },
            {
              "path": ":groovy-docgenerator:generateReleaseInfo",
              "outcome": "EXECUTED"
            },
            {
              "path": ":groovy-docgenerator:jar",
              "outcome": "EXECUTED"
            },
            {
              "path": ":groovy-docgenerator:processResources",
              "outcome": "EXECUTED"
            },
            {
              "path": ":groovy-ginq:classes",
              "outcome": "EXECUTED"
            },
            {
              "path": ":groovy-ginq:compileGroovy",
              "outcome": "EXECUTED"
            },
            {
              "path": ":groovy-ginq:compileJava",
              "outcome": "NO_SOURCE"
            },
            {
              "path": ":groovy-ginq:generateReleaseInfo",
              "outcome": "EXECUTED"
            },
            {
              "path": ":groovy-ginq:jar",
              "outcome": "EXECUTED"
            },
            {
              "path": ":groovy-ginq:moduleDescriptor",
              "outcome": "EXECUTED"
            },
            {
              "path": ":groovy-ginq:processResources",
              "outcome": "NO_SOURCE"
            },
            {
              "path": ":groovy-groovydoc:classes",
              "outcome": "EXECUTED"
            },
            {
              "path": ":groovy-groovydoc:compileGroovy",
              "outcome": "EXECUTED"
            },
            {
              "path": ":groovy-groovydoc:compileJava",
              "outcome": "EXECUTED"
            },
            {
              "path": ":groovy-groovydoc:generateReleaseInfo",
              "outcome": "EXECUTED"
            },
            {
              "path": ":groovy-groovydoc:jar",
              "outcome": "EXECUTED"
            },
            {
              "path": ":groovy-groovydoc:processResources",
              "outcome": "EXECUTED"
            },
            {
              "path": ":groovy-groovysh:classes",
              "outcome": "EXECUTED"
            },
            {
              "path": ":groovy-groovysh:compileGroovy",
              "outcome": "EXECUTED"
            },
            {
              "path": ":groovy-groovysh:compileJava",
              "outcome": "NO_SOURCE"
            },
            {
              "path": ":groovy-groovysh:generateReleaseInfo",
              "outcome": "EXECUTED"
            },
            {
              "path": ":groovy-groovysh:jar",
              "outcome": "EXECUTED"
            },
            {
              "path": ":groovy-groovysh:processResources",
              "outcome": "EXECUTED"
            },
            {
              "path": ":groovy-jmx:classes",
              "outcome": "EXECUTED"
            },
            {
              "path": ":groovy-jmx:compileGroovy",
              "outcome": "EXECUTED"
            },
            {
              "path": ":groovy-jmx:compileJava",
              "outcome": "EXECUTED"
            },
            {
              "path": ":groovy-jmx:generateReleaseInfo",
              "outcome": "EXECUTED"
            },
            {
              "path": ":groovy-jmx:jar",
              "outcome": "EXECUTED"
            },
            {
              "path": ":groovy-jmx:processResources",
              "outcome": "NO_SOURCE"
            },
            {
              "path": ":groovy-json:classes",
              "outcome": "EXECUTED"
            },
            {
              "path": ":groovy-json:compileGroovy",
              "outcome": "NO_SOURCE"
            },
            {
              "path": ":groovy-json:compileJava",
              "outcome": "EXECUTED"
            },
            {
              "path": ":groovy-json:generateReleaseInfo",
              "outcome": "EXECUTED"
            },
            {
              "path": ":groovy-json:jar",
              "outcome": "EXECUTED"
            },
            {
              "path": ":groovy-json:processResources",
              "outcome": "EXECUTED"
            },
            {
              "path": ":groovy-jsr223:classes",
              "outcome": "EXECUTED"
            },
            {
              "path": ":groovy-jsr223:compileGroovy",
              "outcome": "NO_SOURCE"
            },
            {
              "path": ":groovy-jsr223:compileJava",
              "outcome": "EXECUTED"
            },
            {
              "path": ":groovy-jsr223:generateReleaseInfo",
              "outcome": "EXECUTED"
            },
            {
              "path": ":groovy-jsr223:jar",
              "outcome": "EXECUTED"
            },
            {
              "path": ":groovy-jsr223:moduleDescriptor",
              "outcome": "EXECUTED"
            },
            {
              "path": ":groovy-jsr223:processResources",
              "outcome": "EXECUTED"
            },
            {
              "path": ":groovy-macro-library:classes",
              "outcome": "EXECUTED"
            },
            {
              "path": ":groovy-macro-library:compileGroovy",
              "outcome": "EXECUTED"
            },
            {
              "path": ":groovy-macro-library:compileJava",
              "outcome": "NO_SOURCE"
            },
            {
              "path": ":groovy-macro-library:generateReleaseInfo",
              "outcome": "EXECUTED"
            },
            {
              "path": ":groovy-macro-library:jar",
              "outcome": "EXECUTED"
            },
            {
              "path": ":groovy-macro-library:moduleDescriptor",
              "outcome": "EXECUTED"
            },
            {
              "path": ":groovy-macro-library:processResources",
              "outcome": "NO_SOURCE"
            },
            {
              "path": ":groovy-macro:classes",
              "outcome": "EXECUTED"
            },
            {
              "path": ":groovy-macro:compileGroovy",
              "outcome": "EXECUTED"
            },
            {
              "path": ":groovy-macro:compileJava",
              "outcome": "NO_SOURCE"
            },
            {
              "path": ":groovy-macro:generateReleaseInfo",
              "outcome": "EXECUTED"
            },
            {
              "path": ":groovy-macro:jar",
              "outcome": "EXECUTED"
            },
            {
              "path": ":groovy-macro:moduleDescriptor",
              "outcome": "EXECUTED"
            },
            {
              "path": ":groovy-macro:processResources",
              "outcome": "EXECUTED"
            },
            {
              "path": ":groovy-nio:classes",
              "outcome": "EXECUTED"
            },
            {
              "path": ":groovy-nio:compileGroovy",
              "outcome": "NO_SOURCE"
            },
            {
              "path": ":groovy-nio:compileJava",
              "outcome": "EXECUTED"
            },
            {
              "path": ":groovy-nio:generateReleaseInfo",
              "outcome": "EXECUTED"
            },
            {
              "path": ":groovy-nio:jar",
              "outcome": "EXECUTED"
            },
            {
              "path": ":groovy-nio:moduleDescriptor",
              "outcome": "EXECUTED"
            },
            {
              "path": ":groovy-nio:processResources",
              "outcome": "NO_SOURCE"
            },
            {
              "path": ":groovy-servlet:classes",
              "outcome": "EXECUTED"
            },
            {
              "path": ":groovy-servlet:compileGroovy",
              "outcome": "NO_SOURCE"
            },
            {
              "path": ":groovy-servlet:compileJava",
              "outcome": "EXECUTED"
            },
            {
              "path": ":groovy-servlet:generateReleaseInfo",
              "outcome": "EXECUTED"
            },
            {
              "path": ":groovy-servlet:jar",
              "outcome": "EXECUTED"
            },
            {
              "path": ":groovy-servlet:processResources",
              "outcome": "NO_SOURCE"
            },
            {
              "path": ":groovy-sql:classes",
              "outcome": "EXECUTED"
            },
            {
              "path": ":groovy-sql:compileGroovy",
              "outcome": "NO_SOURCE"
            },
            {
              "path": ":groovy-sql:compileJava",
              "outcome": "EXECUTED"
            },
            {
              "path": ":groovy-sql:generateReleaseInfo",
              "outcome": "EXECUTED"
            },
            {
              "path": ":groovy-sql:jar",
              "outcome": "EXECUTED"
            },
            {
              "path": ":groovy-sql:moduleDescriptor",
              "outcome": "EXECUTED"
            },
            {
              "path": ":groovy-sql:processResources",
              "outcome": "NO_SOURCE"
            },
            {
              "path": ":groovy-swing:classes",
              "outcome": "EXECUTED"
            },
            {
              "path": ":groovy-swing:compileGroovy",
              "outcome": "EXECUTED"
            },
            {
              "path": ":groovy-swing:compileJava",
              "outcome": "EXECUTED"
            },
            {
              "path": ":groovy-swing:generateReleaseInfo",
              "outcome": "EXECUTED"
            },
            {
              "path": ":groovy-swing:jar",
              "outcome": "EXECUTED"
            },
            {
              "path": ":groovy-swing:moduleDescriptor",
              "outcome": "EXECUTED"
            },
            {
              "path": ":groovy-swing:processResources",
              "outcome": "NO_SOURCE"
            },
            {
              "path": ":groovy-templates:classes",
              "outcome": "EXECUTED"
            },
            {
              "path": ":groovy-templates:compileGroovy",
              "outcome": "EXECUTED"
            },
            {
              "path": ":groovy-templates:compileJava",
              "outcome": "NO_SOURCE"
            },
            {
              "path": ":groovy-templates:generateReleaseInfo",
              "outcome": "EXECUTED"
            },
            {
              "path": ":groovy-templates:jar",
              "outcome": "EXECUTED"
            },
            {
              "path": ":groovy-templates:processResources",
              "outcome": "NO_SOURCE"
            },
            {
              "path": ":groovy-test-junit5:classes",
              "outcome": "EXECUTED"
            },
            {
              "path": ":groovy-test-junit5:compileGroovy",
              "outcome": "EXECUTED"
            },
            {
              "path": ":groovy-test-junit5:compileJava",
              "outcome": "EXECUTED"
            },
            {
              "path": ":groovy-test-junit5:generateReleaseInfo",
              "outcome": "EXECUTED"
            },
            {
              "path": ":groovy-test-junit5:jar",
              "outcome": "EXECUTED"
            },
            {
              "path": ":groovy-test-junit5:processResources",
              "outcome": "EXECUTED"
            },
            {
              "path": ":groovy-test:classes",
              "outcome": "EXECUTED"
            },
            {
              "path": ":groovy-test:compileGroovy",
              "outcome": "EXECUTED"
            },
            {
              "path": ":groovy-test:compileJava",
              "outcome": "EXECUTED"
            },
            {
              "path": ":groovy-test:generateReleaseInfo",
              "outcome": "EXECUTED"
            },
            {
              "path": ":groovy-test:jar",
              "outcome": "EXECUTED"
            },
            {
              "path": ":groovy-test:processResources",
              "outcome": "NO_SOURCE"
            },
            {
              "path": ":groovy-testng:classes",
              "outcome": "EXECUTED"
            },
            {
              "path": ":groovy-testng:compileGroovy",
              "outcome": "NO_SOURCE"
            },
            {
              "path": ":groovy-testng:compileJava",
              "outcome": "EXECUTED"
            },
            {
              "path": ":groovy-testng:generateReleaseInfo",
              "outcome": "EXECUTED"
            },
            {
              "path": ":groovy-testng:jar",
              "outcome": "EXECUTED"
            },
            {
              "path": ":groovy-testng:processResources",
              "outcome": "EXECUTED"
            },
            {
              "path": ":groovy-toml:classes",
              "outcome": "EXECUTED"
            },
            {
              "path": ":groovy-toml:compileGroovy",
              "outcome": "NO_SOURCE"
            },
            {
              "path": ":groovy-toml:compileJava",
              "outcome": "EXECUTED"
            },
            {
              "path": ":groovy-toml:generateReleaseInfo",
              "outcome": "EXECUTED"
            },
            {
              "path": ":groovy-toml:jar",
              "outcome": "EXECUTED"
            },
            {
              "path": ":groovy-toml:processResources",
              "outcome": "NO_SOURCE"
            },
            {
              "path": ":groovy-typecheckers:classes",
              "outcome": "EXECUTED"
            },
            {
              "path": ":groovy-typecheckers:compileGroovy",
              "outcome": "EXECUTED"
            },
            {
              "path": ":groovy-typecheckers:compileJava",
              "outcome": "NO_SOURCE"
            },
            {
              "path": ":groovy-typecheckers:generateReleaseInfo",
              "outcome": "EXECUTED"
            },
            {
              "path": ":groovy-typecheckers:jar",
              "outcome": "EXECUTED"
            },
            {
              "path": ":groovy-typecheckers:processResources",
              "outcome": "NO_SOURCE"
            },
            {
              "path": ":groovy-xml:classes",
              "outcome": "EXECUTED"
            },
            {
              "path": ":groovy-xml:compileGroovy",
              "outcome": "EXECUTED"
            },
            {
              "path": ":groovy-xml:compileJava",
              "outcome": "EXECUTED"
            },
            {
              "path": ":groovy-xml:generateReleaseInfo",
              "outcome": "EXECUTED"
            },
            {
              "path": ":groovy-xml:jar",
              "outcome": "EXECUTED"
            },
            {
              "path": ":groovy-xml:moduleDescriptor",
              "outcome": "EXECUTED"
            },
            {
              "path": ":groovy-xml:processResources",
              "outcome": "NO_SOURCE"
            },
            {
              "path": ":groovy-yaml:classes",
              "outcome": "EXECUTED"
            },
            {
              "path": ":groovy-yaml:compileGroovy",
              "outcome": "NO_SOURCE"
            },
            {
              "path": ":groovy-yaml:compileJava",
              "outcome": "EXECUTED"
            },
            {
              "path": ":groovy-yaml:generateReleaseInfo",
              "outcome": "EXECUTED"
            },
            {
              "path": ":groovy-yaml:jar",
              "outcome": "EXECUTED"
            },
            {
              "path": ":groovy-yaml:processResources",
              "outcome": "NO_SOURCE"
            },
            {
              "path": ":jar",
              "outcome": "EXECUTED"
            },
            {
              "path": ":osgiClasses",
              "outcome": "EXECUTED"
            },
            {
              "path": ":performance:classes",
              "outcome": "UP_TO_DATE"
            },
            {
              "path": ":performance:compileGroovy",
              "outcome": "NO_SOURCE"
            },
            {
              "path": ":performance:compileJava",
              "outcome": "NO_SOURCE"
            },
            {
              "path": ":performance:jar",
              "outcome": "EXECUTED"
            },
            {
              "path": ":performance:processResources",
              "outcome": "NO_SOURCE"
            },
            {
              "path": ":processResources",
              "outcome": "EXECUTED"
            },
            {
              "path": ":stress:classes",
              "outcome": "UP_TO_DATE"
            },
            {
              "path": ":stress:compileGroovy",
              "outcome": "NO_SOURCE"
            },
            {
              "path": ":stress:compileJava",
              "outcome": "NO_SOURCE"
            },
            {
              "path": ":stress:jar",
              "outcome": "EXECUTED"
            },
            {
              "path": ":stress:processResources",
              "outcome": "NO_SOURCE"
            },
            {
              "path": ":tests-preview:classes",
              "outcome": "UP_TO_DATE"
            },
            {
              "path": ":tests-preview:compileGroovy",
              "outcome": "NO_SOURCE"
            },
            {
              "path": ":tests-preview:compileJava",
              "outcome": "NO_SOURCE"
            },
            {
              "path": ":tests-preview:jar",
              "outcome": "EXECUTED"
            },
            {
              "path": ":tests-preview:processResources",
              "outcome": "NO_SOURCE"
            }
          ]
        },
        "hostPressure": {
          "available": true,
          "cpuSomeTotalUs": 26552109,
          "memorySomeTotalUs": 1413,
          "memoryFullTotalUs": 517,
          "ioSomeTotalUs": 121489288,
          "ioFullTotalUs": 70872160
        }
      },
      {
        "phase": "BASE_DAEMON_STABILIZATION",
        "durationMs": 83117,
        "logSha256": "d2fbda89d2dc993670b00cce89208646dfa54c7bcbaf076ccb5f74733f9f2ee9",
        "taskOutcomes": {
          "total": 218,
          "executed": 133,
          "fromCache": 27,
          "upToDate": 10,
          "noSource": 48,
          "skipped": 0,
          "fingerprintSha256": "412113aca5cb6c75afb026125187314f7d484f4361ae7ee7828d97177895a0d0",
          "tasks": [
            {
              "path": ":bootstrapJar",
              "outcome": "EXECUTED"
            },
            {
              "path": ":build-logic:classes",
              "outcome": "EXECUTED"
            },
            {
              "path": ":build-logic:compileGroovy",
              "outcome": "FROM_CACHE"
            },
            {
              "path": ":build-logic:compileGroovyPlugins",
              "outcome": "FROM_CACHE"
            },
            {
              "path": ":build-logic:compileJava",
              "outcome": "FROM_CACHE"
            },
            {
              "path": ":build-logic:extractPluginRequests",
              "outcome": "FROM_CACHE"
            },
            {
              "path": ":build-logic:generatePluginAdapters",
              "outcome": "FROM_CACHE"
            },
            {
              "path": ":build-logic:jar",
              "outcome": "EXECUTED"
            },
            {
              "path": ":build-logic:pluginDescriptors",
              "outcome": "EXECUTED"
            },
            {
              "path": ":build-logic:processResources",
              "outcome": "EXECUTED"
            },
            {
              "path": ":classes",
              "outcome": "EXECUTED"
            },
            {
              "path": ":compileGroovy",
              "outcome": "EXECUTED"
            },
            {
              "path": ":compileJava",
              "outcome": "FROM_CACHE"
            },
            {
              "path": ":dgmConverter",
              "outcome": "FROM_CACHE"
            },
            {
              "path": ":generateGrammarSource",
              "outcome": "FROM_CACHE"
            },
            {
              "path": ":generateReleaseInfo",
              "outcome": "EXECUTED"
            },
            {
              "path": ":groovy-ant:classes",
              "outcome": "EXECUTED"
            },
            {
              "path": ":groovy-ant:compileGroovy",
              "outcome": "EXECUTED"
            },
            {
              "path": ":groovy-ant:compileJava",
              "outcome": "FROM_CACHE"
            },
            {
              "path": ":groovy-ant:generateReleaseInfo",
              "outcome": "EXECUTED"
            },
            {
              "path": ":groovy-ant:jar",
              "outcome": "EXECUTED"
            },
            {
              "path": ":groovy-ant:processResources",
              "outcome": "EXECUTED"
            },
            {
              "path": ":groovy-astbuilder:classes",
              "outcome": "EXECUTED"
            },
            {
              "path": ":groovy-astbuilder:compileGroovy",
              "outcome": "NO_SOURCE"
            },
            {
              "path": ":groovy-astbuilder:compileJava",
              "outcome": "FROM_CACHE"
            },
            {
              "path": ":groovy-astbuilder:generateReleaseInfo",
              "outcome": "EXECUTED"
            },
            {
              "path": ":groovy-astbuilder:jar",
              "outcome": "EXECUTED"
            },
            {
              "path": ":groovy-astbuilder:processResources",
              "outcome": "EXECUTED"
            },
            {
              "path": ":groovy-cli-commons:classes",
              "outcome": "EXECUTED"
            },
            {
              "path": ":groovy-cli-commons:compileGroovy",
              "outcome": "EXECUTED"
            },
            {
              "path": ":groovy-cli-commons:compileJava",
              "outcome": "NO_SOURCE"
            },
            {
              "path": ":groovy-cli-commons:generateReleaseInfo",
              "outcome": "EXECUTED"
            },
            {
              "path": ":groovy-cli-commons:jar",
              "outcome": "EXECUTED"
            },
            {
              "path": ":groovy-cli-commons:processResources",
              "outcome": "NO_SOURCE"
            },
            {
              "path": ":groovy-cli-picocli:classes",
              "outcome": "EXECUTED"
            },
            {
              "path": ":groovy-cli-picocli:compileGroovy",
              "outcome": "EXECUTED"
            },
            {
              "path": ":groovy-cli-picocli:compileJava",
              "outcome": "NO_SOURCE"
            },
            {
              "path": ":groovy-cli-picocli:generateReleaseInfo",
              "outcome": "EXECUTED"
            },
            {
              "path": ":groovy-cli-picocli:jar",
              "outcome": "EXECUTED"
            },
            {
              "path": ":groovy-cli-picocli:processResources",
              "outcome": "NO_SOURCE"
            },
            {
              "path": ":groovy-console:classes",
              "outcome": "EXECUTED"
            },
            {
              "path": ":groovy-console:compileGroovy",
              "outcome": "EXECUTED"
            },
            {
              "path": ":groovy-console:compileJava",
              "outcome": "NO_SOURCE"
            },
            {
              "path": ":groovy-console:generateReleaseInfo",
              "outcome": "EXECUTED"
            },
            {
              "path": ":groovy-console:jar",
              "outcome": "EXECUTED"
            },
            {
              "path": ":groovy-console:processResources",
              "outcome": "EXECUTED"
            },
            {
              "path": ":groovy-contracts:classes",
              "outcome": "EXECUTED"
            },
            {
              "path": ":groovy-contracts:compileGroovy",
              "outcome": "NO_SOURCE"
            },
            {
              "path": ":groovy-contracts:compileJava",
              "outcome": "FROM_CACHE"
            },
            {
              "path": ":groovy-contracts:generateReleaseInfo",
              "outcome": "EXECUTED"
            },
            {
              "path": ":groovy-contracts:jar",
              "outcome": "EXECUTED"
            },
            {
              "path": ":groovy-contracts:processResources",
              "outcome": "EXECUTED"
            },
            {
              "path": ":groovy-datetime:classes",
              "outcome": "UP_TO_DATE"
            },
            {
              "path": ":groovy-datetime:compileGroovy",
              "outcome": "NO_SOURCE"
            },
            {
              "path": ":groovy-datetime:compileJava",
              "outcome": "FROM_CACHE"
            },
            {
              "path": ":groovy-datetime:generateReleaseInfo",
              "outcome": "EXECUTED"
            },
            {
              "path": ":groovy-datetime:jar",
              "outcome": "EXECUTED"
            },
            {
              "path": ":groovy-datetime:moduleDescriptor",
              "outcome": "EXECUTED"
            },
            {
              "path": ":groovy-datetime:processResources",
              "outcome": "NO_SOURCE"
            },
            {
              "path": ":groovy-dateutil:classes",
              "outcome": "UP_TO_DATE"
            },
            {
              "path": ":groovy-dateutil:compileGroovy",
              "outcome": "NO_SOURCE"
            },
            {
              "path": ":groovy-dateutil:compileJava",
              "outcome": "FROM_CACHE"
            },
            {
              "path": ":groovy-dateutil:generateReleaseInfo",
              "outcome": "EXECUTED"
            },
            {
              "path": ":groovy-dateutil:jar",
              "outcome": "EXECUTED"
            },
            {
              "path": ":groovy-dateutil:moduleDescriptor",
              "outcome": "EXECUTED"
            },
            {
              "path": ":groovy-dateutil:processResources",
              "outcome": "NO_SOURCE"
            },
            {
              "path": ":groovy-docgenerator:classes",
              "outcome": "EXECUTED"
            },
            {
              "path": ":groovy-docgenerator:compileGroovy",
              "outcome": "EXECUTED"
            },
            {
              "path": ":groovy-docgenerator:compileJava",
              "outcome": "NO_SOURCE"
            },
            {
              "path": ":groovy-docgenerator:generateReleaseInfo",
              "outcome": "EXECUTED"
            },
            {
              "path": ":groovy-docgenerator:jar",
              "outcome": "EXECUTED"
            },
            {
              "path": ":groovy-docgenerator:processResources",
              "outcome": "EXECUTED"
            },
            {
              "path": ":groovy-ginq:classes",
              "outcome": "EXECUTED"
            },
            {
              "path": ":groovy-ginq:compileGroovy",
              "outcome": "EXECUTED"
            },
            {
              "path": ":groovy-ginq:compileJava",
              "outcome": "NO_SOURCE"
            },
            {
              "path": ":groovy-ginq:generateReleaseInfo",
              "outcome": "EXECUTED"
            },
            {
              "path": ":groovy-ginq:jar",
              "outcome": "EXECUTED"
            },
            {
              "path": ":groovy-ginq:moduleDescriptor",
              "outcome": "EXECUTED"
            },
            {
              "path": ":groovy-ginq:processResources",
              "outcome": "NO_SOURCE"
            },
            {
              "path": ":groovy-groovydoc:classes",
              "outcome": "EXECUTED"
            },
            {
              "path": ":groovy-groovydoc:compileGroovy",
              "outcome": "EXECUTED"
            },
            {
              "path": ":groovy-groovydoc:compileJava",
              "outcome": "FROM_CACHE"
            },
            {
              "path": ":groovy-groovydoc:generateReleaseInfo",
              "outcome": "EXECUTED"
            },
            {
              "path": ":groovy-groovydoc:jar",
              "outcome": "EXECUTED"
            },
            {
              "path": ":groovy-groovydoc:processResources",
              "outcome": "EXECUTED"
            },
            {
              "path": ":groovy-groovysh:classes",
              "outcome": "EXECUTED"
            },
            {
              "path": ":groovy-groovysh:compileGroovy",
              "outcome": "EXECUTED"
            },
            {
              "path": ":groovy-groovysh:compileJava",
              "outcome": "NO_SOURCE"
            },
            {
              "path": ":groovy-groovysh:generateReleaseInfo",
              "outcome": "EXECUTED"
            },
            {
              "path": ":groovy-groovysh:jar",
              "outcome": "EXECUTED"
            },
            {
              "path": ":groovy-groovysh:processResources",
              "outcome": "EXECUTED"
            },
            {
              "path": ":groovy-jmx:classes",
              "outcome": "EXECUTED"
            },
            {
              "path": ":groovy-jmx:compileGroovy",
              "outcome": "EXECUTED"
            },
            {
              "path": ":groovy-jmx:compileJava",
              "outcome": "FROM_CACHE"
            },
            {
              "path": ":groovy-jmx:generateReleaseInfo",
              "outcome": "EXECUTED"
            },
            {
              "path": ":groovy-jmx:jar",
              "outcome": "EXECUTED"
            },
            {
              "path": ":groovy-jmx:processResources",
              "outcome": "NO_SOURCE"
            },
            {
              "path": ":groovy-json:classes",
              "outcome": "EXECUTED"
            },
            {
              "path": ":groovy-json:compileGroovy",
              "outcome": "NO_SOURCE"
            },
            {
              "path": ":groovy-json:compileJava",
              "outcome": "FROM_CACHE"
            },
            {
              "path": ":groovy-json:generateReleaseInfo",
              "outcome": "EXECUTED"
            },
            {
              "path": ":groovy-json:jar",
              "outcome": "EXECUTED"
            },
            {
              "path": ":groovy-json:processResources",
              "outcome": "EXECUTED"
            },
            {
              "path": ":groovy-jsr223:classes",
              "outcome": "EXECUTED"
            },
            {
              "path": ":groovy-jsr223:compileGroovy",
              "outcome": "NO_SOURCE"
            },
            {
              "path": ":groovy-jsr223:compileJava",
              "outcome": "FROM_CACHE"
            },
            {
              "path": ":groovy-jsr223:generateReleaseInfo",
              "outcome": "EXECUTED"
            },
            {
              "path": ":groovy-jsr223:jar",
              "outcome": "EXECUTED"
            },
            {
              "path": ":groovy-jsr223:moduleDescriptor",
              "outcome": "EXECUTED"
            },
            {
              "path": ":groovy-jsr223:processResources",
              "outcome": "EXECUTED"
            },
            {
              "path": ":groovy-macro-library:classes",
              "outcome": "EXECUTED"
            },
            {
              "path": ":groovy-macro-library:compileGroovy",
              "outcome": "EXECUTED"
            },
            {
              "path": ":groovy-macro-library:compileJava",
              "outcome": "NO_SOURCE"
            },
            {
              "path": ":groovy-macro-library:generateReleaseInfo",
              "outcome": "EXECUTED"
            },
            {
              "path": ":groovy-macro-library:jar",
              "outcome": "EXECUTED"
            },
            {
              "path": ":groovy-macro-library:moduleDescriptor",
              "outcome": "EXECUTED"
            },
            {
              "path": ":groovy-macro-library:processResources",
              "outcome": "NO_SOURCE"
            },
            {
              "path": ":groovy-macro:classes",
              "outcome": "EXECUTED"
            },
            {
              "path": ":groovy-macro:compileGroovy",
              "outcome": "EXECUTED"
            },
            {
              "path": ":groovy-macro:compileJava",
              "outcome": "NO_SOURCE"
            },
            {
              "path": ":groovy-macro:generateReleaseInfo",
              "outcome": "EXECUTED"
            },
            {
              "path": ":groovy-macro:jar",
              "outcome": "EXECUTED"
            },
            {
              "path": ":groovy-macro:moduleDescriptor",
              "outcome": "EXECUTED"
            },
            {
              "path": ":groovy-macro:processResources",
              "outcome": "EXECUTED"
            },
            {
              "path": ":groovy-nio:classes",
              "outcome": "UP_TO_DATE"
            },
            {
              "path": ":groovy-nio:compileGroovy",
              "outcome": "NO_SOURCE"
            },
            {
              "path": ":groovy-nio:compileJava",
              "outcome": "FROM_CACHE"
            },
            {
              "path": ":groovy-nio:generateReleaseInfo",
              "outcome": "EXECUTED"
            },
            {
              "path": ":groovy-nio:jar",
              "outcome": "EXECUTED"
            },
            {
              "path": ":groovy-nio:moduleDescriptor",
              "outcome": "EXECUTED"
            },
            {
              "path": ":groovy-nio:processResources",
              "outcome": "NO_SOURCE"
            },
            {
              "path": ":groovy-servlet:classes",
              "outcome": "UP_TO_DATE"
            },
            {
              "path": ":groovy-servlet:compileGroovy",
              "outcome": "NO_SOURCE"
            },
            {
              "path": ":groovy-servlet:compileJava",
              "outcome": "FROM_CACHE"
            },
            {
              "path": ":groovy-servlet:generateReleaseInfo",
              "outcome": "EXECUTED"
            },
            {
              "path": ":groovy-servlet:jar",
              "outcome": "EXECUTED"
            },
            {
              "path": ":groovy-servlet:processResources",
              "outcome": "NO_SOURCE"
            },
            {
              "path": ":groovy-sql:classes",
              "outcome": "UP_TO_DATE"
            },
            {
              "path": ":groovy-sql:compileGroovy",
              "outcome": "NO_SOURCE"
            },
            {
              "path": ":groovy-sql:compileJava",
              "outcome": "FROM_CACHE"
            },
            {
              "path": ":groovy-sql:generateReleaseInfo",
              "outcome": "EXECUTED"
            },
            {
              "path": ":groovy-sql:jar",
              "outcome": "EXECUTED"
            },
            {
              "path": ":groovy-sql:moduleDescriptor",
              "outcome": "EXECUTED"
            },
            {
              "path": ":groovy-sql:processResources",
              "outcome": "NO_SOURCE"
            },
            {
              "path": ":groovy-swing:classes",
              "outcome": "EXECUTED"
            },
            {
              "path": ":groovy-swing:compileGroovy",
              "outcome": "EXECUTED"
            },
            {
              "path": ":groovy-swing:compileJava",
              "outcome": "FROM_CACHE"
            },
            {
              "path": ":groovy-swing:generateReleaseInfo",
              "outcome": "EXECUTED"
            },
            {
              "path": ":groovy-swing:jar",
              "outcome": "EXECUTED"
            },
            {
              "path": ":groovy-swing:moduleDescriptor",
              "outcome": "EXECUTED"
            },
            {
              "path": ":groovy-swing:processResources",
              "outcome": "NO_SOURCE"
            },
            {
              "path": ":groovy-templates:classes",
              "outcome": "EXECUTED"
            },
            {
              "path": ":groovy-templates:compileGroovy",
              "outcome": "EXECUTED"
            },
            {
              "path": ":groovy-templates:compileJava",
              "outcome": "NO_SOURCE"
            },
            {
              "path": ":groovy-templates:generateReleaseInfo",
              "outcome": "EXECUTED"
            },
            {
              "path": ":groovy-templates:jar",
              "outcome": "EXECUTED"
            },
            {
              "path": ":groovy-templates:processResources",
              "outcome": "NO_SOURCE"
            },
            {
              "path": ":groovy-test-junit5:classes",
              "outcome": "EXECUTED"
            },
            {
              "path": ":groovy-test-junit5:compileGroovy",
              "outcome": "EXECUTED"
            },
            {
              "path": ":groovy-test-junit5:compileJava",
              "outcome": "FROM_CACHE"
            },
            {
              "path": ":groovy-test-junit5:generateReleaseInfo",
              "outcome": "EXECUTED"
            },
            {
              "path": ":groovy-test-junit5:jar",
              "outcome": "EXECUTED"
            },
            {
              "path": ":groovy-test-junit5:processResources",
              "outcome": "EXECUTED"
            },
            {
              "path": ":groovy-test:classes",
              "outcome": "EXECUTED"
            },
            {
              "path": ":groovy-test:compileGroovy",
              "outcome": "EXECUTED"
            },
            {
              "path": ":groovy-test:compileJava",
              "outcome": "FROM_CACHE"
            },
            {
              "path": ":groovy-test:generateReleaseInfo",
              "outcome": "EXECUTED"
            },
            {
              "path": ":groovy-test:jar",
              "outcome": "EXECUTED"
            },
            {
              "path": ":groovy-test:processResources",
              "outcome": "NO_SOURCE"
            },
            {
              "path": ":groovy-testng:classes",
              "outcome": "EXECUTED"
            },
            {
              "path": ":groovy-testng:compileGroovy",
              "outcome": "NO_SOURCE"
            },
            {
              "path": ":groovy-testng:compileJava",
              "outcome": "FROM_CACHE"
            },
            {
              "path": ":groovy-testng:generateReleaseInfo",
              "outcome": "EXECUTED"
            },
            {
              "path": ":groovy-testng:jar",
              "outcome": "EXECUTED"
            },
            {
              "path": ":groovy-testng:processResources",
              "outcome": "EXECUTED"
            },
            {
              "path": ":groovy-toml:classes",
              "outcome": "UP_TO_DATE"
            },
            {
              "path": ":groovy-toml:compileGroovy",
              "outcome": "NO_SOURCE"
            },
            {
              "path": ":groovy-toml:compileJava",
              "outcome": "FROM_CACHE"
            },
            {
              "path": ":groovy-toml:generateReleaseInfo",
              "outcome": "EXECUTED"
            },
            {
              "path": ":groovy-toml:jar",
              "outcome": "EXECUTED"
            },
            {
              "path": ":groovy-toml:processResources",
              "outcome": "NO_SOURCE"
            },
            {
              "path": ":groovy-typecheckers:classes",
              "outcome": "EXECUTED"
            },
            {
              "path": ":groovy-typecheckers:compileGroovy",
              "outcome": "EXECUTED"
            },
            {
              "path": ":groovy-typecheckers:compileJava",
              "outcome": "NO_SOURCE"
            },
            {
              "path": ":groovy-typecheckers:generateReleaseInfo",
              "outcome": "EXECUTED"
            },
            {
              "path": ":groovy-typecheckers:jar",
              "outcome": "EXECUTED"
            },
            {
              "path": ":groovy-typecheckers:processResources",
              "outcome": "NO_SOURCE"
            },
            {
              "path": ":groovy-xml:classes",
              "outcome": "EXECUTED"
            },
            {
              "path": ":groovy-xml:compileGroovy",
              "outcome": "EXECUTED"
            },
            {
              "path": ":groovy-xml:compileJava",
              "outcome": "FROM_CACHE"
            },
            {
              "path": ":groovy-xml:generateReleaseInfo",
              "outcome": "EXECUTED"
            },
            {
              "path": ":groovy-xml:jar",
              "outcome": "EXECUTED"
            },
            {
              "path": ":groovy-xml:moduleDescriptor",
              "outcome": "EXECUTED"
            },
            {
              "path": ":groovy-xml:processResources",
              "outcome": "NO_SOURCE"
            },
            {
              "path": ":groovy-yaml:classes",
              "outcome": "UP_TO_DATE"
            },
            {
              "path": ":groovy-yaml:compileGroovy",
              "outcome": "NO_SOURCE"
            },
            {
              "path": ":groovy-yaml:compileJava",
              "outcome": "FROM_CACHE"
            },
            {
              "path": ":groovy-yaml:generateReleaseInfo",
              "outcome": "EXECUTED"
            },
            {
              "path": ":groovy-yaml:jar",
              "outcome": "EXECUTED"
            },
            {
              "path": ":groovy-yaml:processResources",
              "outcome": "NO_SOURCE"
            },
            {
              "path": ":jar",
              "outcome": "EXECUTED"
            },
            {
              "path": ":osgiClasses",
              "outcome": "EXECUTED"
            },
            {
              "path": ":performance:classes",
              "outcome": "UP_TO_DATE"
            },
            {
              "path": ":performance:compileGroovy",
              "outcome": "NO_SOURCE"
            },
            {
              "path": ":performance:compileJava",
              "outcome": "NO_SOURCE"
            },
            {
              "path": ":performance:jar",
              "outcome": "EXECUTED"
            },
            {
              "path": ":performance:processResources",
              "outcome": "NO_SOURCE"
            },
            {
              "path": ":processResources",
              "outcome": "EXECUTED"
            },
            {
              "path": ":stress:classes",
              "outcome": "UP_TO_DATE"
            },
            {
              "path": ":stress:compileGroovy",
              "outcome": "NO_SOURCE"
            },
            {
              "path": ":stress:compileJava",
              "outcome": "NO_SOURCE"
            },
            {
              "path": ":stress:jar",
              "outcome": "EXECUTED"
            },
            {
              "path": ":stress:processResources",
              "outcome": "NO_SOURCE"
            },
            {
              "path": ":tests-preview:classes",
              "outcome": "UP_TO_DATE"
            },
            {
              "path": ":tests-preview:compileGroovy",
              "outcome": "NO_SOURCE"
            },
            {
              "path": ":tests-preview:compileJava",
              "outcome": "NO_SOURCE"
            },
            {
              "path": ":tests-preview:jar",
              "outcome": "EXECUTED"
            },
            {
              "path": ":tests-preview:processResources",
              "outcome": "NO_SOURCE"
            }
          ]
        },
        "hostPressure": {
          "available": true,
          "cpuSomeTotalUs": 18096677,
          "memorySomeTotalUs": 0,
          "memoryFullTotalUs": 0,
          "ioSomeTotalUs": 42604028,
          "ioFullTotalUs": 18042479
        }
      },
      {
        "phase": "TARGET_WORKLOAD_STABILIZATION",
        "durationMs": 81486,
        "logSha256": "5c20fff76caa6778f2ab1122a9dbf561e1840369784136b5d88970913c4a3f58",
        "taskOutcomes": {
          "total": 218,
          "executed": 138,
          "fromCache": 24,
          "upToDate": 8,
          "noSource": 48,
          "skipped": 0,
          "fingerprintSha256": "a8c9059b0fb2a799ddfba8828062a5ba4fb07b5deb583fa958f0ecb41079e151",
          "tasks": [
            {
              "path": ":bootstrapJar",
              "outcome": "EXECUTED"
            },
            {
              "path": ":build-logic:classes",
              "outcome": "EXECUTED"
            },
            {
              "path": ":build-logic:compileGroovy",
              "outcome": "FROM_CACHE"
            },
            {
              "path": ":build-logic:compileGroovyPlugins",
              "outcome": "FROM_CACHE"
            },
            {
              "path": ":build-logic:compileJava",
              "outcome": "FROM_CACHE"
            },
            {
              "path": ":build-logic:extractPluginRequests",
              "outcome": "FROM_CACHE"
            },
            {
              "path": ":build-logic:generatePluginAdapters",
              "outcome": "FROM_CACHE"
            },
            {
              "path": ":build-logic:jar",
              "outcome": "EXECUTED"
            },
            {
              "path": ":build-logic:pluginDescriptors",
              "outcome": "EXECUTED"
            },
            {
              "path": ":build-logic:processResources",
              "outcome": "EXECUTED"
            },
            {
              "path": ":classes",
              "outcome": "EXECUTED"
            },
            {
              "path": ":compileGroovy",
              "outcome": "EXECUTED"
            },
            {
              "path": ":compileJava",
              "outcome": "FROM_CACHE"
            },
            {
              "path": ":dgmConverter",
              "outcome": "FROM_CACHE"
            },
            {
              "path": ":generateGrammarSource",
              "outcome": "FROM_CACHE"
            },
            {
              "path": ":generateReleaseInfo",
              "outcome": "EXECUTED"
            },
            {
              "path": ":groovy-ant:classes",
              "outcome": "EXECUTED"
            },
            {
              "path": ":groovy-ant:compileGroovy",
              "outcome": "EXECUTED"
            },
            {
              "path": ":groovy-ant:compileJava",
              "outcome": "FROM_CACHE"
            },
            {
              "path": ":groovy-ant:generateReleaseInfo",
              "outcome": "EXECUTED"
            },
            {
              "path": ":groovy-ant:jar",
              "outcome": "EXECUTED"
            },
            {
              "path": ":groovy-ant:processResources",
              "outcome": "EXECUTED"
            },
            {
              "path": ":groovy-astbuilder:classes",
              "outcome": "EXECUTED"
            },
            {
              "path": ":groovy-astbuilder:compileGroovy",
              "outcome": "NO_SOURCE"
            },
            {
              "path": ":groovy-astbuilder:compileJava",
              "outcome": "FROM_CACHE"
            },
            {
              "path": ":groovy-astbuilder:generateReleaseInfo",
              "outcome": "EXECUTED"
            },
            {
              "path": ":groovy-astbuilder:jar",
              "outcome": "EXECUTED"
            },
            {
              "path": ":groovy-astbuilder:processResources",
              "outcome": "EXECUTED"
            },
            {
              "path": ":groovy-cli-commons:classes",
              "outcome": "EXECUTED"
            },
            {
              "path": ":groovy-cli-commons:compileGroovy",
              "outcome": "EXECUTED"
            },
            {
              "path": ":groovy-cli-commons:compileJava",
              "outcome": "NO_SOURCE"
            },
            {
              "path": ":groovy-cli-commons:generateReleaseInfo",
              "outcome": "EXECUTED"
            },
            {
              "path": ":groovy-cli-commons:jar",
              "outcome": "EXECUTED"
            },
            {
              "path": ":groovy-cli-commons:processResources",
              "outcome": "NO_SOURCE"
            },
            {
              "path": ":groovy-cli-picocli:classes",
              "outcome": "EXECUTED"
            },
            {
              "path": ":groovy-cli-picocli:compileGroovy",
              "outcome": "EXECUTED"
            },
            {
              "path": ":groovy-cli-picocli:compileJava",
              "outcome": "NO_SOURCE"
            },
            {
              "path": ":groovy-cli-picocli:generateReleaseInfo",
              "outcome": "EXECUTED"
            },
            {
              "path": ":groovy-cli-picocli:jar",
              "outcome": "EXECUTED"
            },
            {
              "path": ":groovy-cli-picocli:processResources",
              "outcome": "NO_SOURCE"
            },
            {
              "path": ":groovy-console:classes",
              "outcome": "EXECUTED"
            },
            {
              "path": ":groovy-console:compileGroovy",
              "outcome": "EXECUTED"
            },
            {
              "path": ":groovy-console:compileJava",
              "outcome": "NO_SOURCE"
            },
            {
              "path": ":groovy-console:generateReleaseInfo",
              "outcome": "EXECUTED"
            },
            {
              "path": ":groovy-console:jar",
              "outcome": "EXECUTED"
            },
            {
              "path": ":groovy-console:processResources",
              "outcome": "EXECUTED"
            },
            {
              "path": ":groovy-contracts:classes",
              "outcome": "EXECUTED"
            },
            {
              "path": ":groovy-contracts:compileGroovy",
              "outcome": "NO_SOURCE"
            },
            {
              "path": ":groovy-contracts:compileJava",
              "outcome": "FROM_CACHE"
            },
            {
              "path": ":groovy-contracts:generateReleaseInfo",
              "outcome": "EXECUTED"
            },
            {
              "path": ":groovy-contracts:jar",
              "outcome": "EXECUTED"
            },
            {
              "path": ":groovy-contracts:processResources",
              "outcome": "EXECUTED"
            },
            {
              "path": ":groovy-datetime:classes",
              "outcome": "UP_TO_DATE"
            },
            {
              "path": ":groovy-datetime:compileGroovy",
              "outcome": "NO_SOURCE"
            },
            {
              "path": ":groovy-datetime:compileJava",
              "outcome": "FROM_CACHE"
            },
            {
              "path": ":groovy-datetime:generateReleaseInfo",
              "outcome": "EXECUTED"
            },
            {
              "path": ":groovy-datetime:jar",
              "outcome": "EXECUTED"
            },
            {
              "path": ":groovy-datetime:moduleDescriptor",
              "outcome": "EXECUTED"
            },
            {
              "path": ":groovy-datetime:processResources",
              "outcome": "NO_SOURCE"
            },
            {
              "path": ":groovy-dateutil:classes",
              "outcome": "UP_TO_DATE"
            },
            {
              "path": ":groovy-dateutil:compileGroovy",
              "outcome": "NO_SOURCE"
            },
            {
              "path": ":groovy-dateutil:compileJava",
              "outcome": "FROM_CACHE"
            },
            {
              "path": ":groovy-dateutil:generateReleaseInfo",
              "outcome": "EXECUTED"
            },
            {
              "path": ":groovy-dateutil:jar",
              "outcome": "EXECUTED"
            },
            {
              "path": ":groovy-dateutil:moduleDescriptor",
              "outcome": "EXECUTED"
            },
            {
              "path": ":groovy-dateutil:processResources",
              "outcome": "NO_SOURCE"
            },
            {
              "path": ":groovy-docgenerator:classes",
              "outcome": "EXECUTED"
            },
            {
              "path": ":groovy-docgenerator:compileGroovy",
              "outcome": "EXECUTED"
            },
            {
              "path": ":groovy-docgenerator:compileJava",
              "outcome": "NO_SOURCE"
            },
            {
              "path": ":groovy-docgenerator:generateReleaseInfo",
              "outcome": "EXECUTED"
            },
            {
              "path": ":groovy-docgenerator:jar",
              "outcome": "EXECUTED"
            },
            {
              "path": ":groovy-docgenerator:processResources",
              "outcome": "EXECUTED"
            },
            {
              "path": ":groovy-ginq:classes",
              "outcome": "EXECUTED"
            },
            {
              "path": ":groovy-ginq:compileGroovy",
              "outcome": "EXECUTED"
            },
            {
              "path": ":groovy-ginq:compileJava",
              "outcome": "NO_SOURCE"
            },
            {
              "path": ":groovy-ginq:generateReleaseInfo",
              "outcome": "EXECUTED"
            },
            {
              "path": ":groovy-ginq:jar",
              "outcome": "EXECUTED"
            },
            {
              "path": ":groovy-ginq:moduleDescriptor",
              "outcome": "EXECUTED"
            },
            {
              "path": ":groovy-ginq:processResources",
              "outcome": "NO_SOURCE"
            },
            {
              "path": ":groovy-groovydoc:classes",
              "outcome": "EXECUTED"
            },
            {
              "path": ":groovy-groovydoc:compileGroovy",
              "outcome": "EXECUTED"
            },
            {
              "path": ":groovy-groovydoc:compileJava",
              "outcome": "FROM_CACHE"
            },
            {
              "path": ":groovy-groovydoc:generateReleaseInfo",
              "outcome": "EXECUTED"
            },
            {
              "path": ":groovy-groovydoc:jar",
              "outcome": "EXECUTED"
            },
            {
              "path": ":groovy-groovydoc:processResources",
              "outcome": "EXECUTED"
            },
            {
              "path": ":groovy-groovysh:classes",
              "outcome": "EXECUTED"
            },
            {
              "path": ":groovy-groovysh:compileGroovy",
              "outcome": "EXECUTED"
            },
            {
              "path": ":groovy-groovysh:compileJava",
              "outcome": "NO_SOURCE"
            },
            {
              "path": ":groovy-groovysh:generateReleaseInfo",
              "outcome": "EXECUTED"
            },
            {
              "path": ":groovy-groovysh:jar",
              "outcome": "EXECUTED"
            },
            {
              "path": ":groovy-groovysh:processResources",
              "outcome": "EXECUTED"
            },
            {
              "path": ":groovy-jmx:classes",
              "outcome": "EXECUTED"
            },
            {
              "path": ":groovy-jmx:compileGroovy",
              "outcome": "EXECUTED"
            },
            {
              "path": ":groovy-jmx:compileJava",
              "outcome": "FROM_CACHE"
            },
            {
              "path": ":groovy-jmx:generateReleaseInfo",
              "outcome": "EXECUTED"
            },
            {
              "path": ":groovy-jmx:jar",
              "outcome": "EXECUTED"
            },
            {
              "path": ":groovy-jmx:processResources",
              "outcome": "NO_SOURCE"
            },
            {
              "path": ":groovy-json:classes",
              "outcome": "EXECUTED"
            },
            {
              "path": ":groovy-json:compileGroovy",
              "outcome": "NO_SOURCE"
            },
            {
              "path": ":groovy-json:compileJava",
              "outcome": "EXECUTED"
            },
            {
              "path": ":groovy-json:generateReleaseInfo",
              "outcome": "EXECUTED"
            },
            {
              "path": ":groovy-json:jar",
              "outcome": "EXECUTED"
            },
            {
              "path": ":groovy-json:processResources",
              "outcome": "EXECUTED"
            },
            {
              "path": ":groovy-jsr223:classes",
              "outcome": "EXECUTED"
            },
            {
              "path": ":groovy-jsr223:compileGroovy",
              "outcome": "NO_SOURCE"
            },
            {
              "path": ":groovy-jsr223:compileJava",
              "outcome": "FROM_CACHE"
            },
            {
              "path": ":groovy-jsr223:generateReleaseInfo",
              "outcome": "EXECUTED"
            },
            {
              "path": ":groovy-jsr223:jar",
              "outcome": "EXECUTED"
            },
            {
              "path": ":groovy-jsr223:moduleDescriptor",
              "outcome": "EXECUTED"
            },
            {
              "path": ":groovy-jsr223:processResources",
              "outcome": "EXECUTED"
            },
            {
              "path": ":groovy-macro-library:classes",
              "outcome": "EXECUTED"
            },
            {
              "path": ":groovy-macro-library:compileGroovy",
              "outcome": "EXECUTED"
            },
            {
              "path": ":groovy-macro-library:compileJava",
              "outcome": "NO_SOURCE"
            },
            {
              "path": ":groovy-macro-library:generateReleaseInfo",
              "outcome": "EXECUTED"
            },
            {
              "path": ":groovy-macro-library:jar",
              "outcome": "EXECUTED"
            },
            {
              "path": ":groovy-macro-library:moduleDescriptor",
              "outcome": "EXECUTED"
            },
            {
              "path": ":groovy-macro-library:processResources",
              "outcome": "NO_SOURCE"
            },
            {
              "path": ":groovy-macro:classes",
              "outcome": "EXECUTED"
            },
            {
              "path": ":groovy-macro:compileGroovy",
              "outcome": "EXECUTED"
            },
            {
              "path": ":groovy-macro:compileJava",
              "outcome": "NO_SOURCE"
            },
            {
              "path": ":groovy-macro:generateReleaseInfo",
              "outcome": "EXECUTED"
            },
            {
              "path": ":groovy-macro:jar",
              "outcome": "EXECUTED"
            },
            {
              "path": ":groovy-macro:moduleDescriptor",
              "outcome": "EXECUTED"
            },
            {
              "path": ":groovy-macro:processResources",
              "outcome": "EXECUTED"
            },
            {
              "path": ":groovy-nio:classes",
              "outcome": "UP_TO_DATE"
            },
            {
              "path": ":groovy-nio:compileGroovy",
              "outcome": "NO_SOURCE"
            },
            {
              "path": ":groovy-nio:compileJava",
              "outcome": "FROM_CACHE"
            },
            {
              "path": ":groovy-nio:generateReleaseInfo",
              "outcome": "EXECUTED"
            },
            {
              "path": ":groovy-nio:jar",
              "outcome": "EXECUTED"
            },
            {
              "path": ":groovy-nio:moduleDescriptor",
              "outcome": "EXECUTED"
            },
            {
              "path": ":groovy-nio:processResources",
              "outcome": "NO_SOURCE"
            },
            {
              "path": ":groovy-servlet:classes",
              "outcome": "UP_TO_DATE"
            },
            {
              "path": ":groovy-servlet:compileGroovy",
              "outcome": "NO_SOURCE"
            },
            {
              "path": ":groovy-servlet:compileJava",
              "outcome": "FROM_CACHE"
            },
            {
              "path": ":groovy-servlet:generateReleaseInfo",
              "outcome": "EXECUTED"
            },
            {
              "path": ":groovy-servlet:jar",
              "outcome": "EXECUTED"
            },
            {
              "path": ":groovy-servlet:processResources",
              "outcome": "NO_SOURCE"
            },
            {
              "path": ":groovy-sql:classes",
              "outcome": "UP_TO_DATE"
            },
            {
              "path": ":groovy-sql:compileGroovy",
              "outcome": "NO_SOURCE"
            },
            {
              "path": ":groovy-sql:compileJava",
              "outcome": "FROM_CACHE"
            },
            {
              "path": ":groovy-sql:generateReleaseInfo",
              "outcome": "EXECUTED"
            },
            {
              "path": ":groovy-sql:jar",
              "outcome": "EXECUTED"
            },
            {
              "path": ":groovy-sql:moduleDescriptor",
              "outcome": "EXECUTED"
            },
            {
              "path": ":groovy-sql:processResources",
              "outcome": "NO_SOURCE"
            },
            {
              "path": ":groovy-swing:classes",
              "outcome": "EXECUTED"
            },
            {
              "path": ":groovy-swing:compileGroovy",
              "outcome": "EXECUTED"
            },
            {
              "path": ":groovy-swing:compileJava",
              "outcome": "FROM_CACHE"
            },
            {
              "path": ":groovy-swing:generateReleaseInfo",
              "outcome": "EXECUTED"
            },
            {
              "path": ":groovy-swing:jar",
              "outcome": "EXECUTED"
            },
            {
              "path": ":groovy-swing:moduleDescriptor",
              "outcome": "EXECUTED"
            },
            {
              "path": ":groovy-swing:processResources",
              "outcome": "NO_SOURCE"
            },
            {
              "path": ":groovy-templates:classes",
              "outcome": "EXECUTED"
            },
            {
              "path": ":groovy-templates:compileGroovy",
              "outcome": "EXECUTED"
            },
            {
              "path": ":groovy-templates:compileJava",
              "outcome": "NO_SOURCE"
            },
            {
              "path": ":groovy-templates:generateReleaseInfo",
              "outcome": "EXECUTED"
            },
            {
              "path": ":groovy-templates:jar",
              "outcome": "EXECUTED"
            },
            {
              "path": ":groovy-templates:processResources",
              "outcome": "NO_SOURCE"
            },
            {
              "path": ":groovy-test-junit5:classes",
              "outcome": "EXECUTED"
            },
            {
              "path": ":groovy-test-junit5:compileGroovy",
              "outcome": "EXECUTED"
            },
            {
              "path": ":groovy-test-junit5:compileJava",
              "outcome": "FROM_CACHE"
            },
            {
              "path": ":groovy-test-junit5:generateReleaseInfo",
              "outcome": "EXECUTED"
            },
            {
              "path": ":groovy-test-junit5:jar",
              "outcome": "EXECUTED"
            },
            {
              "path": ":groovy-test-junit5:processResources",
              "outcome": "EXECUTED"
            },
            {
              "path": ":groovy-test:classes",
              "outcome": "EXECUTED"
            },
            {
              "path": ":groovy-test:compileGroovy",
              "outcome": "EXECUTED"
            },
            {
              "path": ":groovy-test:compileJava",
              "outcome": "FROM_CACHE"
            },
            {
              "path": ":groovy-test:generateReleaseInfo",
              "outcome": "EXECUTED"
            },
            {
              "path": ":groovy-test:jar",
              "outcome": "EXECUTED"
            },
            {
              "path": ":groovy-test:processResources",
              "outcome": "NO_SOURCE"
            },
            {
              "path": ":groovy-testng:classes",
              "outcome": "EXECUTED"
            },
            {
              "path": ":groovy-testng:compileGroovy",
              "outcome": "NO_SOURCE"
            },
            {
              "path": ":groovy-testng:compileJava",
              "outcome": "FROM_CACHE"
            },
            {
              "path": ":groovy-testng:generateReleaseInfo",
              "outcome": "EXECUTED"
            },
            {
              "path": ":groovy-testng:jar",
              "outcome": "EXECUTED"
            },
            {
              "path": ":groovy-testng:processResources",
              "outcome": "EXECUTED"
            },
            {
              "path": ":groovy-toml:classes",
              "outcome": "EXECUTED"
            },
            {
              "path": ":groovy-toml:compileGroovy",
              "outcome": "NO_SOURCE"
            },
            {
              "path": ":groovy-toml:compileJava",
              "outcome": "EXECUTED"
            },
            {
              "path": ":groovy-toml:generateReleaseInfo",
              "outcome": "EXECUTED"
            },
            {
              "path": ":groovy-toml:jar",
              "outcome": "EXECUTED"
            },
            {
              "path": ":groovy-toml:processResources",
              "outcome": "NO_SOURCE"
            },
            {
              "path": ":groovy-typecheckers:classes",
              "outcome": "EXECUTED"
            },
            {
              "path": ":groovy-typecheckers:compileGroovy",
              "outcome": "EXECUTED"
            },
            {
              "path": ":groovy-typecheckers:compileJava",
              "outcome": "NO_SOURCE"
            },
            {
              "path": ":groovy-typecheckers:generateReleaseInfo",
              "outcome": "EXECUTED"
            },
            {
              "path": ":groovy-typecheckers:jar",
              "outcome": "EXECUTED"
            },
            {
              "path": ":groovy-typecheckers:processResources",
              "outcome": "NO_SOURCE"
            },
            {
              "path": ":groovy-xml:classes",
              "outcome": "EXECUTED"
            },
            {
              "path": ":groovy-xml:compileGroovy",
              "outcome": "EXECUTED"
            },
            {
              "path": ":groovy-xml:compileJava",
              "outcome": "FROM_CACHE"
            },
            {
              "path": ":groovy-xml:generateReleaseInfo",
              "outcome": "EXECUTED"
            },
            {
              "path": ":groovy-xml:jar",
              "outcome": "EXECUTED"
            },
            {
              "path": ":groovy-xml:moduleDescriptor",
              "outcome": "EXECUTED"
            },
            {
              "path": ":groovy-xml:processResources",
              "outcome": "NO_SOURCE"
            },
            {
              "path": ":groovy-yaml:classes",
              "outcome": "EXECUTED"
            },
            {
              "path": ":groovy-yaml:compileGroovy",
              "outcome": "NO_SOURCE"
            },
            {
              "path": ":groovy-yaml:compileJava",
              "outcome": "EXECUTED"
            },
            {
              "path": ":groovy-yaml:generateReleaseInfo",
              "outcome": "EXECUTED"
            },
            {
              "path": ":groovy-yaml:jar",
              "outcome": "EXECUTED"
            },
            {
              "path": ":groovy-yaml:processResources",
              "outcome": "NO_SOURCE"
            },
            {
              "path": ":jar",
              "outcome": "EXECUTED"
            },
            {
              "path": ":osgiClasses",
              "outcome": "EXECUTED"
            },
            {
              "path": ":performance:classes",
              "outcome": "UP_TO_DATE"
            },
            {
              "path": ":performance:compileGroovy",
              "outcome": "NO_SOURCE"
            },
            {
              "path": ":performance:compileJava",
              "outcome": "NO_SOURCE"
            },
            {
              "path": ":performance:jar",
              "outcome": "EXECUTED"
            },
            {
              "path": ":performance:processResources",
              "outcome": "NO_SOURCE"
            },
            {
              "path": ":processResources",
              "outcome": "EXECUTED"
            },
            {
              "path": ":stress:classes",
              "outcome": "UP_TO_DATE"
            },
            {
              "path": ":stress:compileGroovy",
              "outcome": "NO_SOURCE"
            },
            {
              "path": ":stress:compileJava",
              "outcome": "NO_SOURCE"
            },
            {
              "path": ":stress:jar",
              "outcome": "EXECUTED"
            },
            {
              "path": ":stress:processResources",
              "outcome": "NO_SOURCE"
            },
            {
              "path": ":tests-preview:classes",
              "outcome": "UP_TO_DATE"
            },
            {
              "path": ":tests-preview:compileGroovy",
              "outcome": "NO_SOURCE"
            },
            {
              "path": ":tests-preview:compileJava",
              "outcome": "NO_SOURCE"
            },
            {
              "path": ":tests-preview:jar",
              "outcome": "EXECUTED"
            },
            {
              "path": ":tests-preview:processResources",
              "outcome": "NO_SOURCE"
            }
          ]
        },
        "hostPressure": {
          "available": true,
          "cpuSomeTotalUs": 22892926,
          "memorySomeTotalUs": 102,
          "memoryFullTotalUs": 75,
          "ioSomeTotalUs": 41008443,
          "ioFullTotalUs": 16252947
        }
      }
    ],
    "candidateWarmups": [
      {
        "phase": "CACHE_SEED",
        "durationMs": 152844,
        "logSha256": "f51f55956bdf1f7b92fcf79e6788efff7edc11e61e890d818e55499ca6adbfaa",
        "taskOutcomes": {
          "total": 25,
          "executed": 24,
          "fromCache": 0,
          "upToDate": 0,
          "noSource": 1,
          "skipped": 0,
          "fingerprintSha256": "74a2e1a4588b91accdf076cda4cb2c697590539d0f32836d22e89ed76e3bf071",
          "tasks": [
            {
              "path": ":bootstrapJar",
              "outcome": "EXECUTED"
            },
            {
              "path": ":build-logic:classes",
              "outcome": "EXECUTED"
            },
            {
              "path": ":build-logic:compileGroovy",
              "outcome": "EXECUTED"
            },
            {
              "path": ":build-logic:compileGroovyPlugins",
              "outcome": "EXECUTED"
            },
            {
              "path": ":build-logic:compileJava",
              "outcome": "EXECUTED"
            },
            {
              "path": ":build-logic:extractPluginRequests",
              "outcome": "EXECUTED"
            },
            {
              "path": ":build-logic:generatePluginAdapters",
              "outcome": "EXECUTED"
            },
            {
              "path": ":build-logic:jar",
              "outcome": "EXECUTED"
            },
            {
              "path": ":build-logic:pluginDescriptors",
              "outcome": "EXECUTED"
            },
            {
              "path": ":build-logic:processResources",
              "outcome": "EXECUTED"
            },
            {
              "path": ":classes",
              "outcome": "EXECUTED"
            },
            {
              "path": ":compileGroovy",
              "outcome": "EXECUTED"
            },
            {
              "path": ":compileJava",
              "outcome": "EXECUTED"
            },
            {
              "path": ":dgmConverter",
              "outcome": "EXECUTED"
            },
            {
              "path": ":generateGrammarSource",
              "outcome": "EXECUTED"
            },
            {
              "path": ":generateReleaseInfo",
              "outcome": "EXECUTED"
            },
            {
              "path": ":groovy-json:classes",
              "outcome": "EXECUTED"
            },
            {
              "path": ":groovy-json:compileGroovy",
              "outcome": "NO_SOURCE"
            },
            {
              "path": ":groovy-json:compileJava",
              "outcome": "EXECUTED"
            },
            {
              "path": ":groovy-json:generateReleaseInfo",
              "outcome": "EXECUTED"
            },
            {
              "path": ":groovy-json:jar",
              "outcome": "EXECUTED"
            },
            {
              "path": ":groovy-json:processResources",
              "outcome": "EXECUTED"
            },
            {
              "path": ":jar",
              "outcome": "EXECUTED"
            },
            {
              "path": ":osgiClasses",
              "outcome": "EXECUTED"
            },
            {
              "path": ":processResources",
              "outcome": "EXECUTED"
            }
          ]
        },
        "hostPressure": {
          "available": true,
          "cpuSomeTotalUs": 1275857,
          "memorySomeTotalUs": 4268,
          "memoryFullTotalUs": 3710,
          "ioSomeTotalUs": 99388165,
          "ioFullTotalUs": 75591417
        }
      },
      {
        "phase": "BASE_DAEMON_STABILIZATION",
        "durationMs": 23873,
        "logSha256": "5c2e53ab7ed902bdb0ed7c67a2cbab5d55c3dcfacc15cff91a53369a0339172d",
        "taskOutcomes": {
          "total": 25,
          "executed": 15,
          "fromCache": 9,
          "upToDate": 0,
          "noSource": 1,
          "skipped": 0,
          "fingerprintSha256": "3101cecdd50b16320d5ace0afabed16d4990e5f67525c6aeac017f3fd9fcea14",
          "tasks": [
            {
              "path": ":bootstrapJar",
              "outcome": "EXECUTED"
            },
            {
              "path": ":build-logic:classes",
              "outcome": "EXECUTED"
            },
            {
              "path": ":build-logic:compileGroovy",
              "outcome": "FROM_CACHE"
            },
            {
              "path": ":build-logic:compileGroovyPlugins",
              "outcome": "FROM_CACHE"
            },
            {
              "path": ":build-logic:compileJava",
              "outcome": "FROM_CACHE"
            },
            {
              "path": ":build-logic:extractPluginRequests",
              "outcome": "FROM_CACHE"
            },
            {
              "path": ":build-logic:generatePluginAdapters",
              "outcome": "FROM_CACHE"
            },
            {
              "path": ":build-logic:jar",
              "outcome": "EXECUTED"
            },
            {
              "path": ":build-logic:pluginDescriptors",
              "outcome": "EXECUTED"
            },
            {
              "path": ":build-logic:processResources",
              "outcome": "EXECUTED"
            },
            {
              "path": ":classes",
              "outcome": "EXECUTED"
            },
            {
              "path": ":compileGroovy",
              "outcome": "EXECUTED"
            },
            {
              "path": ":compileJava",
              "outcome": "FROM_CACHE",
              "consoleOutcomeTransitions": [
                "EXECUTED",
                "FROM_CACHE"
              ]
            },
            {
              "path": ":dgmConverter",
              "outcome": "FROM_CACHE"
            },
            {
              "path": ":generateGrammarSource",
              "outcome": "FROM_CACHE"
            },
            {
              "path": ":generateReleaseInfo",
              "outcome": "EXECUTED"
            },
            {
              "path": ":groovy-json:classes",
              "outcome": "EXECUTED"
            },
            {
              "path": ":groovy-json:compileGroovy",
              "outcome": "NO_SOURCE"
            },
            {
              "path": ":groovy-json:compileJava",
              "outcome": "FROM_CACHE"
            },
            {
              "path": ":groovy-json:generateReleaseInfo",
              "outcome": "EXECUTED"
            },
            {
              "path": ":groovy-json:jar",
              "outcome": "EXECUTED"
            },
            {
              "path": ":groovy-json:processResources",
              "outcome": "EXECUTED"
            },
            {
              "path": ":jar",
              "outcome": "EXECUTED"
            },
            {
              "path": ":osgiClasses",
              "outcome": "EXECUTED"
            },
            {
              "path": ":processResources",
              "outcome": "EXECUTED"
            }
          ]
        },
        "hostPressure": {
          "available": true,
          "cpuSomeTotalUs": 172444,
          "memorySomeTotalUs": 0,
          "memoryFullTotalUs": 0,
          "ioSomeTotalUs": 15206588,
          "ioFullTotalUs": 11494263
        }
      },
      {
        "phase": "TARGET_WORKLOAD_STABILIZATION",
        "durationMs": 22136,
        "logSha256": "231f6888208cda18e9c4328fd3f812213c8ef4945d7b1bfc39ba8a0b4a3f49b6",
        "taskOutcomes": {
          "total": 25,
          "executed": 16,
          "fromCache": 8,
          "upToDate": 0,
          "noSource": 1,
          "skipped": 0,
          "fingerprintSha256": "b43c808e47c00d49cfb56f71197b3295e884e9f536fb660c7889cb8b633b76e2",
          "tasks": [
            {
              "path": ":bootstrapJar",
              "outcome": "EXECUTED"
            },
            {
              "path": ":build-logic:classes",
              "outcome": "EXECUTED"
            },
            {
              "path": ":build-logic:compileGroovy",
              "outcome": "FROM_CACHE"
            },
            {
              "path": ":build-logic:compileGroovyPlugins",
              "outcome": "FROM_CACHE"
            },
            {
              "path": ":build-logic:compileJava",
              "outcome": "FROM_CACHE"
            },
            {
              "path": ":build-logic:extractPluginRequests",
              "outcome": "FROM_CACHE"
            },
            {
              "path": ":build-logic:generatePluginAdapters",
              "outcome": "FROM_CACHE"
            },
            {
              "path": ":build-logic:jar",
              "outcome": "EXECUTED"
            },
            {
              "path": ":build-logic:pluginDescriptors",
              "outcome": "EXECUTED"
            },
            {
              "path": ":build-logic:processResources",
              "outcome": "EXECUTED"
            },
            {
              "path": ":classes",
              "outcome": "EXECUTED"
            },
            {
              "path": ":compileGroovy",
              "outcome": "EXECUTED"
            },
            {
              "path": ":compileJava",
              "outcome": "FROM_CACHE"
            },
            {
              "path": ":dgmConverter",
              "outcome": "FROM_CACHE"
            },
            {
              "path": ":generateGrammarSource",
              "outcome": "FROM_CACHE"
            },
            {
              "path": ":generateReleaseInfo",
              "outcome": "EXECUTED"
            },
            {
              "path": ":groovy-json:classes",
              "outcome": "EXECUTED"
            },
            {
              "path": ":groovy-json:compileGroovy",
              "outcome": "NO_SOURCE"
            },
            {
              "path": ":groovy-json:compileJava",
              "outcome": "EXECUTED"
            },
            {
              "path": ":groovy-json:generateReleaseInfo",
              "outcome": "EXECUTED"
            },
            {
              "path": ":groovy-json:jar",
              "outcome": "EXECUTED"
            },
            {
              "path": ":groovy-json:processResources",
              "outcome": "EXECUTED"
            },
            {
              "path": ":jar",
              "outcome": "EXECUTED"
            },
            {
              "path": ":osgiClasses",
              "outcome": "EXECUTED"
            },
            {
              "path": ":processResources",
              "outcome": "EXECUTED"
            }
          ]
        },
        "hostPressure": {
          "available": true,
          "cpuSomeTotalUs": 124745,
          "memorySomeTotalUs": 73,
          "memoryFullTotalUs": 74,
          "ioSomeTotalUs": 13897516,
          "ioFullTotalUs": 9390164
        }
      }
    ]
  },
  "observations": [
    {
      "pair": 1,
      "order": "CONTROL_FIRST",
      "controlDurationMs": 73538,
      "candidateDurationMs": 21363,
      "savedMs": 52175,
      "controlRequiredOutputSha256": "27f462c377352f1f2a4074f1fae1f96ed51ec97f97e5b42237a57174204da1d5",
      "candidateRequiredOutputSha256": "27f462c377352f1f2a4074f1fae1f96ed51ec97f97e5b42237a57174204da1d5",
      "requiredOutputCount": 1,
      "productAttributableFailure": false,
      "controlLogSha256": "6d0728593bbcc048b14740dd6f9e29af871675831457b0078050be7eb0ac214a",
      "candidateLogSha256": "e0f26b5cbe414be32d1c68a178f0f31ff5770a80f00ebdb224c1b254f398faaf",
      "controlTaskOutcomes": {
        "total": 218,
        "executed": 138,
        "fromCache": 24,
        "upToDate": 8,
        "noSource": 48,
        "skipped": 0,
        "fingerprintSha256": "a8c9059b0fb2a799ddfba8828062a5ba4fb07b5deb583fa958f0ecb41079e151",
        "tasks": [
          {
            "path": ":bootstrapJar",
            "outcome": "EXECUTED"
          },
          {
            "path": ":build-logic:classes",
            "outcome": "EXECUTED"
          },
          {
            "path": ":build-logic:compileGroovy",
            "outcome": "FROM_CACHE"
          },
          {
            "path": ":build-logic:compileGroovyPlugins",
            "outcome": "FROM_CACHE"
          },
          {
            "path": ":build-logic:compileJava",
            "outcome": "FROM_CACHE"
          },
          {
            "path": ":build-logic:extractPluginRequests",
            "outcome": "FROM_CACHE"
          },
          {
            "path": ":build-logic:generatePluginAdapters",
            "outcome": "FROM_CACHE"
          },
          {
            "path": ":build-logic:jar",
            "outcome": "EXECUTED"
          },
          {
            "path": ":build-logic:pluginDescriptors",
            "outcome": "EXECUTED"
          },
          {
            "path": ":build-logic:processResources",
            "outcome": "EXECUTED"
          },
          {
            "path": ":classes",
            "outcome": "EXECUTED"
          },
          {
            "path": ":compileGroovy",
            "outcome": "EXECUTED"
          },
          {
            "path": ":compileJava",
            "outcome": "FROM_CACHE"
          },
          {
            "path": ":dgmConverter",
            "outcome": "FROM_CACHE"
          },
          {
            "path": ":generateGrammarSource",
            "outcome": "FROM_CACHE"
          },
          {
            "path": ":generateReleaseInfo",
            "outcome": "EXECUTED"
          },
          {
            "path": ":groovy-ant:classes",
            "outcome": "EXECUTED"
          },
          {
            "path": ":groovy-ant:compileGroovy",
            "outcome": "EXECUTED"
          },
          {
            "path": ":groovy-ant:compileJava",
            "outcome": "FROM_CACHE"
          },
          {
            "path": ":groovy-ant:generateReleaseInfo",
            "outcome": "EXECUTED"
          },
          {
            "path": ":groovy-ant:jar",
            "outcome": "EXECUTED"
          },
          {
            "path": ":groovy-ant:processResources",
            "outcome": "EXECUTED"
          },
          {
            "path": ":groovy-astbuilder:classes",
            "outcome": "EXECUTED"
          },
          {
            "path": ":groovy-astbuilder:compileGroovy",
            "outcome": "NO_SOURCE"
          },
          {
            "path": ":groovy-astbuilder:compileJava",
            "outcome": "FROM_CACHE"
          },
          {
            "path": ":groovy-astbuilder:generateReleaseInfo",
            "outcome": "EXECUTED"
          },
          {
            "path": ":groovy-astbuilder:jar",
            "outcome": "EXECUTED"
          },
          {
            "path": ":groovy-astbuilder:processResources",
            "outcome": "EXECUTED"
          },
          {
            "path": ":groovy-cli-commons:classes",
            "outcome": "EXECUTED"
          },
          {
            "path": ":groovy-cli-commons:compileGroovy",
            "outcome": "EXECUTED"
          },
          {
            "path": ":groovy-cli-commons:compileJava",
            "outcome": "NO_SOURCE"
          },
          {
            "path": ":groovy-cli-commons:generateReleaseInfo",
            "outcome": "EXECUTED"
          },
          {
            "path": ":groovy-cli-commons:jar",
            "outcome": "EXECUTED"
          },
          {
            "path": ":groovy-cli-commons:processResources",
            "outcome": "NO_SOURCE"
          },
          {
            "path": ":groovy-cli-picocli:classes",
            "outcome": "EXECUTED"
          },
          {
            "path": ":groovy-cli-picocli:compileGroovy",
            "outcome": "EXECUTED"
          },
          {
            "path": ":groovy-cli-picocli:compileJava",
            "outcome": "NO_SOURCE"
          },
          {
            "path": ":groovy-cli-picocli:generateReleaseInfo",
            "outcome": "EXECUTED"
          },
          {
            "path": ":groovy-cli-picocli:jar",
            "outcome": "EXECUTED"
          },
          {
            "path": ":groovy-cli-picocli:processResources",
            "outcome": "NO_SOURCE"
          },
          {
            "path": ":groovy-console:classes",
            "outcome": "EXECUTED"
          },
          {
            "path": ":groovy-console:compileGroovy",
            "outcome": "EXECUTED"
          },
          {
            "path": ":groovy-console:compileJava",
            "outcome": "NO_SOURCE"
          },
          {
            "path": ":groovy-console:generateReleaseInfo",
            "outcome": "EXECUTED"
          },
          {
            "path": ":groovy-console:jar",
            "outcome": "EXECUTED"
          },
          {
            "path": ":groovy-console:processResources",
            "outcome": "EXECUTED"
          },
          {
            "path": ":groovy-contracts:classes",
            "outcome": "EXECUTED"
          },
          {
            "path": ":groovy-contracts:compileGroovy",
            "outcome": "NO_SOURCE"
          },
          {
            "path": ":groovy-contracts:compileJava",
            "outcome": "FROM_CACHE"
          },
          {
            "path": ":groovy-contracts:generateReleaseInfo",
            "outcome": "EXECUTED"
          },
          {
            "path": ":groovy-contracts:jar",
            "outcome": "EXECUTED"
          },
          {
            "path": ":groovy-contracts:processResources",
            "outcome": "EXECUTED"
          },
          {
            "path": ":groovy-datetime:classes",
            "outcome": "UP_TO_DATE"
          },
          {
            "path": ":groovy-datetime:compileGroovy",
            "outcome": "NO_SOURCE"
          },
          {
            "path": ":groovy-datetime:compileJava",
            "outcome": "FROM_CACHE"
          },
          {
            "path": ":groovy-datetime:generateReleaseInfo",
            "outcome": "EXECUTED"
          },
          {
            "path": ":groovy-datetime:jar",
            "outcome": "EXECUTED"
          },
          {
            "path": ":groovy-datetime:moduleDescriptor",
            "outcome": "EXECUTED"
          },
          {
            "path": ":groovy-datetime:processResources",
            "outcome": "NO_SOURCE"
          },
          {
            "path": ":groovy-dateutil:classes",
            "outcome": "UP_TO_DATE"
          },
          {
            "path": ":groovy-dateutil:compileGroovy",
            "outcome": "NO_SOURCE"
          },
          {
            "path": ":groovy-dateutil:compileJava",
            "outcome": "FROM_CACHE"
          },
          {
            "path": ":groovy-dateutil:generateReleaseInfo",
            "outcome": "EXECUTED"
          },
          {
            "path": ":groovy-dateutil:jar",
            "outcome": "EXECUTED"
          },
          {
            "path": ":groovy-dateutil:moduleDescriptor",
            "outcome": "EXECUTED"
          },
          {
            "path": ":groovy-dateutil:processResources",
            "outcome": "NO_SOURCE"
          },
          {
            "path": ":groovy-docgenerator:classes",
            "outcome": "EXECUTED"
          },
          {
            "path": ":groovy-docgenerator:compileGroovy",
            "outcome": "EXECUTED"
          },
          {
            "path": ":groovy-docgenerator:compileJava",
            "outcome": "NO_SOURCE"
          },
          {
            "path": ":groovy-docgenerator:generateReleaseInfo",
            "outcome": "EXECUTED"
          },
          {
            "path": ":groovy-docgenerator:jar",
            "outcome": "EXECUTED"
          },
          {
            "path": ":groovy-docgenerator:processResources",
            "outcome": "EXECUTED"
          },
          {
            "path": ":groovy-ginq:classes",
            "outcome": "EXECUTED"
          },
          {
            "path": ":groovy-ginq:compileGroovy",
            "outcome": "EXECUTED"
          },
          {
            "path": ":groovy-ginq:compileJava",
            "outcome": "NO_SOURCE"
          },
          {
            "path": ":groovy-ginq:generateReleaseInfo",
            "outcome": "EXECUTED"
          },
          {
            "path": ":groovy-ginq:jar",
            "outcome": "EXECUTED"
          },
          {
            "path": ":groovy-ginq:moduleDescriptor",
            "outcome": "EXECUTED"
          },
          {
            "path": ":groovy-ginq:processResources",
            "outcome": "NO_SOURCE"
          },
          {
            "path": ":groovy-groovydoc:classes",
            "outcome": "EXECUTED"
          },
          {
            "path": ":groovy-groovydoc:compileGroovy",
            "outcome": "EXECUTED"
          },
          {
            "path": ":groovy-groovydoc:compileJava",
            "outcome": "FROM_CACHE"
          },
          {
            "path": ":groovy-groovydoc:generateReleaseInfo",
            "outcome": "EXECUTED"
          },
          {
            "path": ":groovy-groovydoc:jar",
            "outcome": "EXECUTED"
          },
          {
            "path": ":groovy-groovydoc:processResources",
            "outcome": "EXECUTED"
          },
          {
            "path": ":groovy-groovysh:classes",
            "outcome": "EXECUTED"
          },
          {
            "path": ":groovy-groovysh:compileGroovy",
            "outcome": "EXECUTED"
          },
          {
            "path": ":groovy-groovysh:compileJava",
            "outcome": "NO_SOURCE"
          },
          {
            "path": ":groovy-groovysh:generateReleaseInfo",
            "outcome": "EXECUTED"
          },
          {
            "path": ":groovy-groovysh:jar",
            "outcome": "EXECUTED"
          },
          {
            "path": ":groovy-groovysh:processResources",
            "outcome": "EXECUTED"
          },
          {
            "path": ":groovy-jmx:classes",
            "outcome": "EXECUTED"
          },
          {
            "path": ":groovy-jmx:compileGroovy",
            "outcome": "EXECUTED"
          },
          {
            "path": ":groovy-jmx:compileJava",
            "outcome": "FROM_CACHE"
          },
          {
            "path": ":groovy-jmx:generateReleaseInfo",
            "outcome": "EXECUTED"
          },
          {
            "path": ":groovy-jmx:jar",
            "outcome": "EXECUTED"
          },
          {
            "path": ":groovy-jmx:processResources",
            "outcome": "NO_SOURCE"
          },
          {
            "path": ":groovy-json:classes",
            "outcome": "EXECUTED"
          },
          {
            "path": ":groovy-json:compileGroovy",
            "outcome": "NO_SOURCE"
          },
          {
            "path": ":groovy-json:compileJava",
            "outcome": "EXECUTED"
          },
          {
            "path": ":groovy-json:generateReleaseInfo",
            "outcome": "EXECUTED"
          },
          {
            "path": ":groovy-json:jar",
            "outcome": "EXECUTED"
          },
          {
            "path": ":groovy-json:processResources",
            "outcome": "EXECUTED"
          },
          {
            "path": ":groovy-jsr223:classes",
            "outcome": "EXECUTED"
          },
          {
            "path": ":groovy-jsr223:compileGroovy",
            "outcome": "NO_SOURCE"
          },
          {
            "path": ":groovy-jsr223:compileJava",
            "outcome": "FROM_CACHE"
          },
          {
            "path": ":groovy-jsr223:generateReleaseInfo",
            "outcome": "EXECUTED"
          },
          {
            "path": ":groovy-jsr223:jar",
            "outcome": "EXECUTED"
          },
          {
            "path": ":groovy-jsr223:moduleDescriptor",
            "outcome": "EXECUTED"
          },
          {
            "path": ":groovy-jsr223:processResources",
            "outcome": "EXECUTED"
          },
          {
            "path": ":groovy-macro-library:classes",
            "outcome": "EXECUTED"
          },
          {
            "path": ":groovy-macro-library:compileGroovy",
            "outcome": "EXECUTED"
          },
          {
            "path": ":groovy-macro-library:compileJava",
            "outcome": "NO_SOURCE"
          },
          {
            "path": ":groovy-macro-library:generateReleaseInfo",
            "outcome": "EXECUTED"
          },
          {
            "path": ":groovy-macro-library:jar",
            "outcome": "EXECUTED"
          },
          {
            "path": ":groovy-macro-library:moduleDescriptor",
            "outcome": "EXECUTED"
          },
          {
            "path": ":groovy-macro-library:processResources",
            "outcome": "NO_SOURCE"
          },
          {
            "path": ":groovy-macro:classes",
            "outcome": "EXECUTED"
          },
          {
            "path": ":groovy-macro:compileGroovy",
            "outcome": "EXECUTED"
          },
          {
            "path": ":groovy-macro:compileJava",
            "outcome": "NO_SOURCE"
          },
          {
            "path": ":groovy-macro:generateReleaseInfo",
            "outcome": "EXECUTED"
          },
          {
            "path": ":groovy-macro:jar",
            "outcome": "EXECUTED"
          },
          {
            "path": ":groovy-macro:moduleDescriptor",
            "outcome": "EXECUTED"
          },
          {
            "path": ":groovy-macro:processResources",
            "outcome": "EXECUTED"
          },
          {
            "path": ":groovy-nio:classes",
            "outcome": "UP_TO_DATE"
          },
          {
            "path": ":groovy-nio:compileGroovy",
            "outcome": "NO_SOURCE"
          },
          {
            "path": ":groovy-nio:compileJava",
            "outcome": "FROM_CACHE"
          },
          {
            "path": ":groovy-nio:generateReleaseInfo",
            "outcome": "EXECUTED"
          },
          {
            "path": ":groovy-nio:jar",
            "outcome": "EXECUTED"
          },
          {
            "path": ":groovy-nio:moduleDescriptor",
            "outcome": "EXECUTED"
          },
          {
            "path": ":groovy-nio:processResources",
            "outcome": "NO_SOURCE"
          },
          {
            "path": ":groovy-servlet:classes",
            "outcome": "UP_TO_DATE"
          },
          {
            "path": ":groovy-servlet:compileGroovy",
            "outcome": "NO_SOURCE"
          },
          {
            "path": ":groovy-servlet:compileJava",
            "outcome": "FROM_CACHE"
          },
          {
            "path": ":groovy-servlet:generateReleaseInfo",
            "outcome": "EXECUTED"
          },
          {
            "path": ":groovy-servlet:jar",
            "outcome": "EXECUTED"
          },
          {
            "path": ":groovy-servlet:processResources",
            "outcome": "NO_SOURCE"
          },
          {
            "path": ":groovy-sql:classes",
            "outcome": "UP_TO_DATE"
          },
          {
            "path": ":groovy-sql:compileGroovy",
            "outcome": "NO_SOURCE"
          },
          {
            "path": ":groovy-sql:compileJava",
            "outcome": "FROM_CACHE"
          },
          {
            "path": ":groovy-sql:generateReleaseInfo",
            "outcome": "EXECUTED"
          },
          {
            "path": ":groovy-sql:jar",
            "outcome": "EXECUTED"
          },
          {
            "path": ":groovy-sql:moduleDescriptor",
            "outcome": "EXECUTED"
          },
          {
            "path": ":groovy-sql:processResources",
            "outcome": "NO_SOURCE"
          },
          {
            "path": ":groovy-swing:classes",
            "outcome": "EXECUTED"
          },
          {
            "path": ":groovy-swing:compileGroovy",
            "outcome": "EXECUTED"
          },
          {
            "path": ":groovy-swing:compileJava",
            "outcome": "FROM_CACHE"
          },
          {
            "path": ":groovy-swing:generateReleaseInfo",
            "outcome": "EXECUTED"
          },
          {
            "path": ":groovy-swing:jar",
            "outcome": "EXECUTED"
          },
          {
            "path": ":groovy-swing:moduleDescriptor",
            "outcome": "EXECUTED"
          },
          {
            "path": ":groovy-swing:processResources",
            "outcome": "NO_SOURCE"
          },
          {
            "path": ":groovy-templates:classes",
            "outcome": "EXECUTED"
          },
          {
            "path": ":groovy-templates:compileGroovy",
            "outcome": "EXECUTED"
          },
          {
            "path": ":groovy-templates:compileJava",
            "outcome": "NO_SOURCE"
          },
          {
            "path": ":groovy-templates:generateReleaseInfo",
            "outcome": "EXECUTED"
          },
          {
            "path": ":groovy-templates:jar",
            "outcome": "EXECUTED"
          },
          {
            "path": ":groovy-templates:processResources",
            "outcome": "NO_SOURCE"
          },
          {
            "path": ":groovy-test-junit5:classes",
            "outcome": "EXECUTED"
          },
          {
            "path": ":groovy-test-junit5:compileGroovy",
            "outcome": "EXECUTED"
          },
          {
            "path": ":groovy-test-junit5:compileJava",
            "outcome": "FROM_CACHE"
          },
          {
            "path": ":groovy-test-junit5:generateReleaseInfo",
            "outcome": "EXECUTED"
          },
          {
            "path": ":groovy-test-junit5:jar",
            "outcome": "EXECUTED"
          },
          {
            "path": ":groovy-test-junit5:processResources",
            "outcome": "EXECUTED"
          },
          {
            "path": ":groovy-test:classes",
            "outcome": "EXECUTED"
          },
          {
            "path": ":groovy-test:compileGroovy",
            "outcome": "EXECUTED"
          },
          {
            "path": ":groovy-test:compileJava",
            "outcome": "FROM_CACHE"
          },
          {
            "path": ":groovy-test:generateReleaseInfo",
            "outcome": "EXECUTED"
          },
          {
            "path": ":groovy-test:jar",
            "outcome": "EXECUTED"
          },
          {
            "path": ":groovy-test:processResources",
            "outcome": "NO_SOURCE"
          },
          {
            "path": ":groovy-testng:classes",
            "outcome": "EXECUTED"
          },
          {
            "path": ":groovy-testng:compileGroovy",
            "outcome": "NO_SOURCE"
          },
          {
            "path": ":groovy-testng:compileJava",
            "outcome": "FROM_CACHE"
          },
          {
            "path": ":groovy-testng:generateReleaseInfo",
            "outcome": "EXECUTED"
          },
          {
            "path": ":groovy-testng:jar",
            "outcome": "EXECUTED"
          },
          {
            "path": ":groovy-testng:processResources",
            "outcome": "EXECUTED"
          },
          {
            "path": ":groovy-toml:classes",
            "outcome": "EXECUTED"
          },
          {
            "path": ":groovy-toml:compileGroovy",
            "outcome": "NO_SOURCE"
          },
          {
            "path": ":groovy-toml:compileJava",
            "outcome": "EXECUTED"
          },
          {
            "path": ":groovy-toml:generateReleaseInfo",
            "outcome": "EXECUTED"
          },
          {
            "path": ":groovy-toml:jar",
            "outcome": "EXECUTED"
          },
          {
            "path": ":groovy-toml:processResources",
            "outcome": "NO_SOURCE"
          },
          {
            "path": ":groovy-typecheckers:classes",
            "outcome": "EXECUTED"
          },
          {
            "path": ":groovy-typecheckers:compileGroovy",
            "outcome": "EXECUTED"
          },
          {
            "path": ":groovy-typecheckers:compileJava",
            "outcome": "NO_SOURCE"
          },
          {
            "path": ":groovy-typecheckers:generateReleaseInfo",
            "outcome": "EXECUTED"
          },
          {
            "path": ":groovy-typecheckers:jar",
            "outcome": "EXECUTED"
          },
          {
            "path": ":groovy-typecheckers:processResources",
            "outcome": "NO_SOURCE"
          },
          {
            "path": ":groovy-xml:classes",
            "outcome": "EXECUTED"
          },
          {
            "path": ":groovy-xml:compileGroovy",
            "outcome": "EXECUTED"
          },
          {
            "path": ":groovy-xml:compileJava",
            "outcome": "FROM_CACHE"
          },
          {
            "path": ":groovy-xml:generateReleaseInfo",
            "outcome": "EXECUTED"
          },
          {
            "path": ":groovy-xml:jar",
            "outcome": "EXECUTED"
          },
          {
            "path": ":groovy-xml:moduleDescriptor",
            "outcome": "EXECUTED"
          },
          {
            "path": ":groovy-xml:processResources",
            "outcome": "NO_SOURCE"
          },
          {
            "path": ":groovy-yaml:classes",
            "outcome": "EXECUTED"
          },
          {
            "path": ":groovy-yaml:compileGroovy",
            "outcome": "NO_SOURCE"
          },
          {
            "path": ":groovy-yaml:compileJava",
            "outcome": "EXECUTED"
          },
          {
            "path": ":groovy-yaml:generateReleaseInfo",
            "outcome": "EXECUTED"
          },
          {
            "path": ":groovy-yaml:jar",
            "outcome": "EXECUTED"
          },
          {
            "path": ":groovy-yaml:processResources",
            "outcome": "NO_SOURCE"
          },
          {
            "path": ":jar",
            "outcome": "EXECUTED"
          },
          {
            "path": ":osgiClasses",
            "outcome": "EXECUTED"
          },
          {
            "path": ":performance:classes",
            "outcome": "UP_TO_DATE"
          },
          {
            "path": ":performance:compileGroovy",
            "outcome": "NO_SOURCE"
          },
          {
            "path": ":performance:compileJava",
            "outcome": "NO_SOURCE"
          },
          {
            "path": ":performance:jar",
            "outcome": "EXECUTED"
          },
          {
            "path": ":performance:processResources",
            "outcome": "NO_SOURCE"
          },
          {
            "path": ":processResources",
            "outcome": "EXECUTED"
          },
          {
            "path": ":stress:classes",
            "outcome": "UP_TO_DATE"
          },
          {
            "path": ":stress:compileGroovy",
            "outcome": "NO_SOURCE"
          },
          {
            "path": ":stress:compileJava",
            "outcome": "NO_SOURCE"
          },
          {
            "path": ":stress:jar",
            "outcome": "EXECUTED"
          },
          {
            "path": ":stress:processResources",
            "outcome": "NO_SOURCE"
          },
          {
            "path": ":tests-preview:classes",
            "outcome": "UP_TO_DATE"
          },
          {
            "path": ":tests-preview:compileGroovy",
            "outcome": "NO_SOURCE"
          },
          {
            "path": ":tests-preview:compileJava",
            "outcome": "NO_SOURCE"
          },
          {
            "path": ":tests-preview:jar",
            "outcome": "EXECUTED"
          },
          {
            "path": ":tests-preview:processResources",
            "outcome": "NO_SOURCE"
          }
        ]
      },
      "candidateTaskOutcomes": {
        "total": 25,
        "executed": 16,
        "fromCache": 8,
        "upToDate": 0,
        "noSource": 1,
        "skipped": 0,
        "fingerprintSha256": "b43c808e47c00d49cfb56f71197b3295e884e9f536fb660c7889cb8b633b76e2",
        "tasks": [
          {
            "path": ":bootstrapJar",
            "outcome": "EXECUTED"
          },
          {
            "path": ":build-logic:classes",
            "outcome": "EXECUTED"
          },
          {
            "path": ":build-logic:compileGroovy",
            "outcome": "FROM_CACHE"
          },
          {
            "path": ":build-logic:compileGroovyPlugins",
            "outcome": "FROM_CACHE"
          },
          {
            "path": ":build-logic:compileJava",
            "outcome": "FROM_CACHE"
          },
          {
            "path": ":build-logic:extractPluginRequests",
            "outcome": "FROM_CACHE"
          },
          {
            "path": ":build-logic:generatePluginAdapters",
            "outcome": "FROM_CACHE"
          },
          {
            "path": ":build-logic:jar",
            "outcome": "EXECUTED"
          },
          {
            "path": ":build-logic:pluginDescriptors",
            "outcome": "EXECUTED"
          },
          {
            "path": ":build-logic:processResources",
            "outcome": "EXECUTED"
          },
          {
            "path": ":classes",
            "outcome": "EXECUTED"
          },
          {
            "path": ":compileGroovy",
            "outcome": "EXECUTED"
          },
          {
            "path": ":compileJava",
            "outcome": "FROM_CACHE"
          },
          {
            "path": ":dgmConverter",
            "outcome": "FROM_CACHE"
          },
          {
            "path": ":generateGrammarSource",
            "outcome": "FROM_CACHE"
          },
          {
            "path": ":generateReleaseInfo",
            "outcome": "EXECUTED"
          },
          {
            "path": ":groovy-json:classes",
            "outcome": "EXECUTED"
          },
          {
            "path": ":groovy-json:compileGroovy",
            "outcome": "NO_SOURCE"
          },
          {
            "path": ":groovy-json:compileJava",
            "outcome": "EXECUTED"
          },
          {
            "path": ":groovy-json:generateReleaseInfo",
            "outcome": "EXECUTED"
          },
          {
            "path": ":groovy-json:jar",
            "outcome": "EXECUTED"
          },
          {
            "path": ":groovy-json:processResources",
            "outcome": "EXECUTED"
          },
          {
            "path": ":jar",
            "outcome": "EXECUTED"
          },
          {
            "path": ":osgiClasses",
            "outcome": "EXECUTED"
          },
          {
            "path": ":processResources",
            "outcome": "EXECUTED"
          }
        ]
      },
      "controlHostPressure": {
        "available": true,
        "cpuSomeTotalUs": 18388642,
        "memorySomeTotalUs": 36867,
        "memoryFullTotalUs": 36192,
        "ioSomeTotalUs": 38300266,
        "ioFullTotalUs": 17921180
      },
      "candidateHostPressure": {
        "available": true,
        "cpuSomeTotalUs": 183149,
        "memorySomeTotalUs": 0,
        "memoryFullTotalUs": 0,
        "ioSomeTotalUs": 14386123,
        "ioFullTotalUs": 10018018
      }
    },
    {
      "pair": 2,
      "order": "CANDIDATE_FIRST",
      "controlDurationMs": 73909,
      "candidateDurationMs": 19474,
      "savedMs": 54435,
      "controlRequiredOutputSha256": "27f462c377352f1f2a4074f1fae1f96ed51ec97f97e5b42237a57174204da1d5",
      "candidateRequiredOutputSha256": "27f462c377352f1f2a4074f1fae1f96ed51ec97f97e5b42237a57174204da1d5",
      "requiredOutputCount": 1,
      "productAttributableFailure": false,
      "controlLogSha256": "e08bcc433a295f8c3e9a342a5420e878f32525995dc08aae495559bd7d695aae",
      "candidateLogSha256": "246d31a055331f5f3b4aaa881cc6a3203ad9885c4fedd75a6b42a19f825662e6",
      "controlTaskOutcomes": {
        "total": 218,
        "executed": 138,
        "fromCache": 24,
        "upToDate": 8,
        "noSource": 48,
        "skipped": 0,
        "fingerprintSha256": "a8c9059b0fb2a799ddfba8828062a5ba4fb07b5deb583fa958f0ecb41079e151",
        "tasks": [
          {
            "path": ":bootstrapJar",
            "outcome": "EXECUTED"
          },
          {
            "path": ":build-logic:classes",
            "outcome": "EXECUTED"
          },
          {
            "path": ":build-logic:compileGroovy",
            "outcome": "FROM_CACHE"
          },
          {
            "path": ":build-logic:compileGroovyPlugins",
            "outcome": "FROM_CACHE"
          },
          {
            "path": ":build-logic:compileJava",
            "outcome": "FROM_CACHE"
          },
          {
            "path": ":build-logic:extractPluginRequests",
            "outcome": "FROM_CACHE"
          },
          {
            "path": ":build-logic:generatePluginAdapters",
            "outcome": "FROM_CACHE"
          },
          {
            "path": ":build-logic:jar",
            "outcome": "EXECUTED"
          },
          {
            "path": ":build-logic:pluginDescriptors",
            "outcome": "EXECUTED"
          },
          {
            "path": ":build-logic:processResources",
            "outcome": "EXECUTED"
          },
          {
            "path": ":classes",
            "outcome": "EXECUTED"
          },
          {
            "path": ":compileGroovy",
            "outcome": "EXECUTED"
          },
          {
            "path": ":compileJava",
            "outcome": "FROM_CACHE"
          },
          {
            "path": ":dgmConverter",
            "outcome": "FROM_CACHE"
          },
          {
            "path": ":generateGrammarSource",
            "outcome": "FROM_CACHE"
          },
          {
            "path": ":generateReleaseInfo",
            "outcome": "EXECUTED"
          },
          {
            "path": ":groovy-ant:classes",
            "outcome": "EXECUTED"
          },
          {
            "path": ":groovy-ant:compileGroovy",
            "outcome": "EXECUTED"
          },
          {
            "path": ":groovy-ant:compileJava",
            "outcome": "FROM_CACHE"
          },
          {
            "path": ":groovy-ant:generateReleaseInfo",
            "outcome": "EXECUTED"
          },
          {
            "path": ":groovy-ant:jar",
            "outcome": "EXECUTED"
          },
          {
            "path": ":groovy-ant:processResources",
            "outcome": "EXECUTED"
          },
          {
            "path": ":groovy-astbuilder:classes",
            "outcome": "EXECUTED"
          },
          {
            "path": ":groovy-astbuilder:compileGroovy",
            "outcome": "NO_SOURCE"
          },
          {
            "path": ":groovy-astbuilder:compileJava",
            "outcome": "FROM_CACHE"
          },
          {
            "path": ":groovy-astbuilder:generateReleaseInfo",
            "outcome": "EXECUTED"
          },
          {
            "path": ":groovy-astbuilder:jar",
            "outcome": "EXECUTED"
          },
          {
            "path": ":groovy-astbuilder:processResources",
            "outcome": "EXECUTED"
          },
          {
            "path": ":groovy-cli-commons:classes",
            "outcome": "EXECUTED"
          },
          {
            "path": ":groovy-cli-commons:compileGroovy",
            "outcome": "EXECUTED"
          },
          {
            "path": ":groovy-cli-commons:compileJava",
            "outcome": "NO_SOURCE"
          },
          {
            "path": ":groovy-cli-commons:generateReleaseInfo",
            "outcome": "EXECUTED"
          },
          {
            "path": ":groovy-cli-commons:jar",
            "outcome": "EXECUTED"
          },
          {
            "path": ":groovy-cli-commons:processResources",
            "outcome": "NO_SOURCE"
          },
          {
            "path": ":groovy-cli-picocli:classes",
            "outcome": "EXECUTED"
          },
          {
            "path": ":groovy-cli-picocli:compileGroovy",
            "outcome": "EXECUTED"
          },
          {
            "path": ":groovy-cli-picocli:compileJava",
            "outcome": "NO_SOURCE"
          },
          {
            "path": ":groovy-cli-picocli:generateReleaseInfo",
            "outcome": "EXECUTED"
          },
          {
            "path": ":groovy-cli-picocli:jar",
            "outcome": "EXECUTED"
          },
          {
            "path": ":groovy-cli-picocli:processResources",
            "outcome": "NO_SOURCE"
          },
          {
            "path": ":groovy-console:classes",
            "outcome": "EXECUTED"
          },
          {
            "path": ":groovy-console:compileGroovy",
            "outcome": "EXECUTED"
          },
          {
            "path": ":groovy-console:compileJava",
            "outcome": "NO_SOURCE"
          },
          {
            "path": ":groovy-console:generateReleaseInfo",
            "outcome": "EXECUTED"
          },
          {
            "path": ":groovy-console:jar",
            "outcome": "EXECUTED"
          },
          {
            "path": ":groovy-console:processResources",
            "outcome": "EXECUTED"
          },
          {
            "path": ":groovy-contracts:classes",
            "outcome": "EXECUTED"
          },
          {
            "path": ":groovy-contracts:compileGroovy",
            "outcome": "NO_SOURCE"
          },
          {
            "path": ":groovy-contracts:compileJava",
            "outcome": "FROM_CACHE"
          },
          {
            "path": ":groovy-contracts:generateReleaseInfo",
            "outcome": "EXECUTED"
          },
          {
            "path": ":groovy-contracts:jar",
            "outcome": "EXECUTED"
          },
          {
            "path": ":groovy-contracts:processResources",
            "outcome": "EXECUTED"
          },
          {
            "path": ":groovy-datetime:classes",
            "outcome": "UP_TO_DATE"
          },
          {
            "path": ":groovy-datetime:compileGroovy",
            "outcome": "NO_SOURCE"
          },
          {
            "path": ":groovy-datetime:compileJava",
            "outcome": "FROM_CACHE"
          },
          {
            "path": ":groovy-datetime:generateReleaseInfo",
            "outcome": "EXECUTED"
          },
          {
            "path": ":groovy-datetime:jar",
            "outcome": "EXECUTED"
          },
          {
            "path": ":groovy-datetime:moduleDescriptor",
            "outcome": "EXECUTED"
          },
          {
            "path": ":groovy-datetime:processResources",
            "outcome": "NO_SOURCE"
          },
          {
            "path": ":groovy-dateutil:classes",
            "outcome": "UP_TO_DATE"
          },
          {
            "path": ":groovy-dateutil:compileGroovy",
            "outcome": "NO_SOURCE"
          },
          {
            "path": ":groovy-dateutil:compileJava",
            "outcome": "FROM_CACHE"
          },
          {
            "path": ":groovy-dateutil:generateReleaseInfo",
            "outcome": "EXECUTED"
          },
          {
            "path": ":groovy-dateutil:jar",
            "outcome": "EXECUTED"
          },
          {
            "path": ":groovy-dateutil:moduleDescriptor",
            "outcome": "EXECUTED"
          },
          {
            "path": ":groovy-dateutil:processResources",
            "outcome": "NO_SOURCE"
          },
          {
            "path": ":groovy-docgenerator:classes",
            "outcome": "EXECUTED"
          },
          {
            "path": ":groovy-docgenerator:compileGroovy",
            "outcome": "EXECUTED"
          },
          {
            "path": ":groovy-docgenerator:compileJava",
            "outcome": "NO_SOURCE"
          },
          {
            "path": ":groovy-docgenerator:generateReleaseInfo",
            "outcome": "EXECUTED"
          },
          {
            "path": ":groovy-docgenerator:jar",
            "outcome": "EXECUTED"
          },
          {
            "path": ":groovy-docgenerator:processResources",
            "outcome": "EXECUTED"
          },
          {
            "path": ":groovy-ginq:classes",
            "outcome": "EXECUTED"
          },
          {
            "path": ":groovy-ginq:compileGroovy",
            "outcome": "EXECUTED"
          },
          {
            "path": ":groovy-ginq:compileJava",
            "outcome": "NO_SOURCE"
          },
          {
            "path": ":groovy-ginq:generateReleaseInfo",
            "outcome": "EXECUTED"
          },
          {
            "path": ":groovy-ginq:jar",
            "outcome": "EXECUTED"
          },
          {
            "path": ":groovy-ginq:moduleDescriptor",
            "outcome": "EXECUTED"
          },
          {
            "path": ":groovy-ginq:processResources",
            "outcome": "NO_SOURCE"
          },
          {
            "path": ":groovy-groovydoc:classes",
            "outcome": "EXECUTED"
          },
          {
            "path": ":groovy-groovydoc:compileGroovy",
            "outcome": "EXECUTED"
          },
          {
            "path": ":groovy-groovydoc:compileJava",
            "outcome": "FROM_CACHE"
          },
          {
            "path": ":groovy-groovydoc:generateReleaseInfo",
            "outcome": "EXECUTED"
          },
          {
            "path": ":groovy-groovydoc:jar",
            "outcome": "EXECUTED"
          },
          {
            "path": ":groovy-groovydoc:processResources",
            "outcome": "EXECUTED"
          },
          {
            "path": ":groovy-groovysh:classes",
            "outcome": "EXECUTED"
          },
          {
            "path": ":groovy-groovysh:compileGroovy",
            "outcome": "EXECUTED"
          },
          {
            "path": ":groovy-groovysh:compileJava",
            "outcome": "NO_SOURCE"
          },
          {
            "path": ":groovy-groovysh:generateReleaseInfo",
            "outcome": "EXECUTED"
          },
          {
            "path": ":groovy-groovysh:jar",
            "outcome": "EXECUTED"
          },
          {
            "path": ":groovy-groovysh:processResources",
            "outcome": "EXECUTED"
          },
          {
            "path": ":groovy-jmx:classes",
            "outcome": "EXECUTED"
          },
          {
            "path": ":groovy-jmx:compileGroovy",
            "outcome": "EXECUTED"
          },
          {
            "path": ":groovy-jmx:compileJava",
            "outcome": "FROM_CACHE"
          },
          {
            "path": ":groovy-jmx:generateReleaseInfo",
            "outcome": "EXECUTED"
          },
          {
            "path": ":groovy-jmx:jar",
            "outcome": "EXECUTED"
          },
          {
            "path": ":groovy-jmx:processResources",
            "outcome": "NO_SOURCE"
          },
          {
            "path": ":groovy-json:classes",
            "outcome": "EXECUTED"
          },
          {
            "path": ":groovy-json:compileGroovy",
            "outcome": "NO_SOURCE"
          },
          {
            "path": ":groovy-json:compileJava",
            "outcome": "EXECUTED"
          },
          {
            "path": ":groovy-json:generateReleaseInfo",
            "outcome": "EXECUTED"
          },
          {
            "path": ":groovy-json:jar",
            "outcome": "EXECUTED"
          },
          {
            "path": ":groovy-json:processResources",
            "outcome": "EXECUTED"
          },
          {
            "path": ":groovy-jsr223:classes",
            "outcome": "EXECUTED"
          },
          {
            "path": ":groovy-jsr223:compileGroovy",
            "outcome": "NO_SOURCE"
          },
          {
            "path": ":groovy-jsr223:compileJava",
            "outcome": "FROM_CACHE"
          },
          {
            "path": ":groovy-jsr223:generateReleaseInfo",
            "outcome": "EXECUTED"
          },
          {
            "path": ":groovy-jsr223:jar",
            "outcome": "EXECUTED"
          },
          {
            "path": ":groovy-jsr223:moduleDescriptor",
            "outcome": "EXECUTED"
          },
          {
            "path": ":groovy-jsr223:processResources",
            "outcome": "EXECUTED"
          },
          {
            "path": ":groovy-macro-library:classes",
            "outcome": "EXECUTED"
          },
          {
            "path": ":groovy-macro-library:compileGroovy",
            "outcome": "EXECUTED"
          },
          {
            "path": ":groovy-macro-library:compileJava",
            "outcome": "NO_SOURCE"
          },
          {
            "path": ":groovy-macro-library:generateReleaseInfo",
            "outcome": "EXECUTED"
          },
          {
            "path": ":groovy-macro-library:jar",
            "outcome": "EXECUTED"
          },
          {
            "path": ":groovy-macro-library:moduleDescriptor",
            "outcome": "EXECUTED"
          },
          {
            "path": ":groovy-macro-library:processResources",
            "outcome": "NO_SOURCE"
          },
          {
            "path": ":groovy-macro:classes",
            "outcome": "EXECUTED"
          },
          {
            "path": ":groovy-macro:compileGroovy",
            "outcome": "EXECUTED"
          },
          {
            "path": ":groovy-macro:compileJava",
            "outcome": "NO_SOURCE"
          },
          {
            "path": ":groovy-macro:generateReleaseInfo",
            "outcome": "EXECUTED"
          },
          {
            "path": ":groovy-macro:jar",
            "outcome": "EXECUTED"
          },
          {
            "path": ":groovy-macro:moduleDescriptor",
            "outcome": "EXECUTED"
          },
          {
            "path": ":groovy-macro:processResources",
            "outcome": "EXECUTED"
          },
          {
            "path": ":groovy-nio:classes",
            "outcome": "UP_TO_DATE"
          },
          {
            "path": ":groovy-nio:compileGroovy",
            "outcome": "NO_SOURCE"
          },
          {
            "path": ":groovy-nio:compileJava",
            "outcome": "FROM_CACHE"
          },
          {
            "path": ":groovy-nio:generateReleaseInfo",
            "outcome": "EXECUTED"
          },
          {
            "path": ":groovy-nio:jar",
            "outcome": "EXECUTED"
          },
          {
            "path": ":groovy-nio:moduleDescriptor",
            "outcome": "EXECUTED"
          },
          {
            "path": ":groovy-nio:processResources",
            "outcome": "NO_SOURCE"
          },
          {
            "path": ":groovy-servlet:classes",
            "outcome": "UP_TO_DATE"
          },
          {
            "path": ":groovy-servlet:compileGroovy",
            "outcome": "NO_SOURCE"
          },
          {
            "path": ":groovy-servlet:compileJava",
            "outcome": "FROM_CACHE"
          },
          {
            "path": ":groovy-servlet:generateReleaseInfo",
            "outcome": "EXECUTED"
          },
          {
            "path": ":groovy-servlet:jar",
            "outcome": "EXECUTED"
          },
          {
            "path": ":groovy-servlet:processResources",
            "outcome": "NO_SOURCE"
          },
          {
            "path": ":groovy-sql:classes",
            "outcome": "UP_TO_DATE"
          },
          {
            "path": ":groovy-sql:compileGroovy",
            "outcome": "NO_SOURCE"
          },
          {
            "path": ":groovy-sql:compileJava",
            "outcome": "FROM_CACHE"
          },
          {
            "path": ":groovy-sql:generateReleaseInfo",
            "outcome": "EXECUTED"
          },
          {
            "path": ":groovy-sql:jar",
            "outcome": "EXECUTED"
          },
          {
            "path": ":groovy-sql:moduleDescriptor",
            "outcome": "EXECUTED"
          },
          {
            "path": ":groovy-sql:processResources",
            "outcome": "NO_SOURCE"
          },
          {
            "path": ":groovy-swing:classes",
            "outcome": "EXECUTED"
          },
          {
            "path": ":groovy-swing:compileGroovy",
            "outcome": "EXECUTED"
          },
          {
            "path": ":groovy-swing:compileJava",
            "outcome": "FROM_CACHE"
          },
          {
            "path": ":groovy-swing:generateReleaseInfo",
            "outcome": "EXECUTED"
          },
          {
            "path": ":groovy-swing:jar",
            "outcome": "EXECUTED"
          },
          {
            "path": ":groovy-swing:moduleDescriptor",
            "outcome": "EXECUTED"
          },
          {
            "path": ":groovy-swing:processResources",
            "outcome": "NO_SOURCE"
          },
          {
            "path": ":groovy-templates:classes",
            "outcome": "EXECUTED"
          },
          {
            "path": ":groovy-templates:compileGroovy",
            "outcome": "EXECUTED"
          },
          {
            "path": ":groovy-templates:compileJava",
            "outcome": "NO_SOURCE"
          },
          {
            "path": ":groovy-templates:generateReleaseInfo",
            "outcome": "EXECUTED"
          },
          {
            "path": ":groovy-templates:jar",
            "outcome": "EXECUTED"
          },
          {
            "path": ":groovy-templates:processResources",
            "outcome": "NO_SOURCE"
          },
          {
            "path": ":groovy-test-junit5:classes",
            "outcome": "EXECUTED"
          },
          {
            "path": ":groovy-test-junit5:compileGroovy",
            "outcome": "EXECUTED"
          },
          {
            "path": ":groovy-test-junit5:compileJava",
            "outcome": "FROM_CACHE"
          },
          {
            "path": ":groovy-test-junit5:generateReleaseInfo",
            "outcome": "EXECUTED"
          },
          {
            "path": ":groovy-test-junit5:jar",
            "outcome": "EXECUTED"
          },
          {
            "path": ":groovy-test-junit5:processResources",
            "outcome": "EXECUTED"
          },
          {
            "path": ":groovy-test:classes",
            "outcome": "EXECUTED"
          },
          {
            "path": ":groovy-test:compileGroovy",
            "outcome": "EXECUTED"
          },
          {
            "path": ":groovy-test:compileJava",
            "outcome": "FROM_CACHE"
          },
          {
            "path": ":groovy-test:generateReleaseInfo",
            "outcome": "EXECUTED"
          },
          {
            "path": ":groovy-test:jar",
            "outcome": "EXECUTED"
          },
          {
            "path": ":groovy-test:processResources",
            "outcome": "NO_SOURCE"
          },
          {
            "path": ":groovy-testng:classes",
            "outcome": "EXECUTED"
          },
          {
            "path": ":groovy-testng:compileGroovy",
            "outcome": "NO_SOURCE"
          },
          {
            "path": ":groovy-testng:compileJava",
            "outcome": "FROM_CACHE"
          },
          {
            "path": ":groovy-testng:generateReleaseInfo",
            "outcome": "EXECUTED"
          },
          {
            "path": ":groovy-testng:jar",
            "outcome": "EXECUTED"
          },
          {
            "path": ":groovy-testng:processResources",
            "outcome": "EXECUTED"
          },
          {
            "path": ":groovy-toml:classes",
            "outcome": "EXECUTED"
          },
          {
            "path": ":groovy-toml:compileGroovy",
            "outcome": "NO_SOURCE"
          },
          {
            "path": ":groovy-toml:compileJava",
            "outcome": "EXECUTED"
          },
          {
            "path": ":groovy-toml:generateReleaseInfo",
            "outcome": "EXECUTED"
          },
          {
            "path": ":groovy-toml:jar",
            "outcome": "EXECUTED"
          },
          {
            "path": ":groovy-toml:processResources",
            "outcome": "NO_SOURCE"
          },
          {
            "path": ":groovy-typecheckers:classes",
            "outcome": "EXECUTED"
          },
          {
            "path": ":groovy-typecheckers:compileGroovy",
            "outcome": "EXECUTED"
          },
          {
            "path": ":groovy-typecheckers:compileJava",
            "outcome": "NO_SOURCE"
          },
          {
            "path": ":groovy-typecheckers:generateReleaseInfo",
            "outcome": "EXECUTED"
          },
          {
            "path": ":groovy-typecheckers:jar",
            "outcome": "EXECUTED"
          },
          {
            "path": ":groovy-typecheckers:processResources",
            "outcome": "NO_SOURCE"
          },
          {
            "path": ":groovy-xml:classes",
            "outcome": "EXECUTED"
          },
          {
            "path": ":groovy-xml:compileGroovy",
            "outcome": "EXECUTED"
          },
          {
            "path": ":groovy-xml:compileJava",
            "outcome": "FROM_CACHE"
          },
          {
            "path": ":groovy-xml:generateReleaseInfo",
            "outcome": "EXECUTED"
          },
          {
            "path": ":groovy-xml:jar",
            "outcome": "EXECUTED"
          },
          {
            "path": ":groovy-xml:moduleDescriptor",
            "outcome": "EXECUTED"
          },
          {
            "path": ":groovy-xml:processResources",
            "outcome": "NO_SOURCE"
          },
          {
            "path": ":groovy-yaml:classes",
            "outcome": "EXECUTED"
          },
          {
            "path": ":groovy-yaml:compileGroovy",
            "outcome": "NO_SOURCE"
          },
          {
            "path": ":groovy-yaml:compileJava",
            "outcome": "EXECUTED"
          },
          {
            "path": ":groovy-yaml:generateReleaseInfo",
            "outcome": "EXECUTED"
          },
          {
            "path": ":groovy-yaml:jar",
            "outcome": "EXECUTED"
          },
          {
            "path": ":groovy-yaml:processResources",
            "outcome": "NO_SOURCE"
          },
          {
            "path": ":jar",
            "outcome": "EXECUTED"
          },
          {
            "path": ":osgiClasses",
            "outcome": "EXECUTED"
          },
          {
            "path": ":performance:classes",
            "outcome": "UP_TO_DATE"
          },
          {
            "path": ":performance:compileGroovy",
            "outcome": "NO_SOURCE"
          },
          {
            "path": ":performance:compileJava",
            "outcome": "NO_SOURCE"
          },
          {
            "path": ":performance:jar",
            "outcome": "EXECUTED"
          },
          {
            "path": ":performance:processResources",
            "outcome": "NO_SOURCE"
          },
          {
            "path": ":processResources",
            "outcome": "EXECUTED"
          },
          {
            "path": ":stress:classes",
            "outcome": "UP_TO_DATE"
          },
          {
            "path": ":stress:compileGroovy",
            "outcome": "NO_SOURCE"
          },
          {
            "path": ":stress:compileJava",
            "outcome": "NO_SOURCE"
          },
          {
            "path": ":stress:jar",
            "outcome": "EXECUTED"
          },
          {
            "path": ":stress:processResources",
            "outcome": "NO_SOURCE"
          },
          {
            "path": ":tests-preview:classes",
            "outcome": "UP_TO_DATE"
          },
          {
            "path": ":tests-preview:compileGroovy",
            "outcome": "NO_SOURCE"
          },
          {
            "path": ":tests-preview:compileJava",
            "outcome": "NO_SOURCE"
          },
          {
            "path": ":tests-preview:jar",
            "outcome": "EXECUTED"
          },
          {
            "path": ":tests-preview:processResources",
            "outcome": "NO_SOURCE"
          }
        ]
      },
      "candidateTaskOutcomes": {
        "total": 25,
        "executed": 16,
        "fromCache": 8,
        "upToDate": 0,
        "noSource": 1,
        "skipped": 0,
        "fingerprintSha256": "b43c808e47c00d49cfb56f71197b3295e884e9f536fb660c7889cb8b633b76e2",
        "tasks": [
          {
            "path": ":bootstrapJar",
            "outcome": "EXECUTED"
          },
          {
            "path": ":build-logic:classes",
            "outcome": "EXECUTED"
          },
          {
            "path": ":build-logic:compileGroovy",
            "outcome": "FROM_CACHE"
          },
          {
            "path": ":build-logic:compileGroovyPlugins",
            "outcome": "FROM_CACHE"
          },
          {
            "path": ":build-logic:compileJava",
            "outcome": "FROM_CACHE"
          },
          {
            "path": ":build-logic:extractPluginRequests",
            "outcome": "FROM_CACHE"
          },
          {
            "path": ":build-logic:generatePluginAdapters",
            "outcome": "FROM_CACHE"
          },
          {
            "path": ":build-logic:jar",
            "outcome": "EXECUTED"
          },
          {
            "path": ":build-logic:pluginDescriptors",
            "outcome": "EXECUTED"
          },
          {
            "path": ":build-logic:processResources",
            "outcome": "EXECUTED"
          },
          {
            "path": ":classes",
            "outcome": "EXECUTED"
          },
          {
            "path": ":compileGroovy",
            "outcome": "EXECUTED"
          },
          {
            "path": ":compileJava",
            "outcome": "FROM_CACHE"
          },
          {
            "path": ":dgmConverter",
            "outcome": "FROM_CACHE"
          },
          {
            "path": ":generateGrammarSource",
            "outcome": "FROM_CACHE"
          },
          {
            "path": ":generateReleaseInfo",
            "outcome": "EXECUTED"
          },
          {
            "path": ":groovy-json:classes",
            "outcome": "EXECUTED"
          },
          {
            "path": ":groovy-json:compileGroovy",
            "outcome": "NO_SOURCE"
          },
          {
            "path": ":groovy-json:compileJava",
            "outcome": "EXECUTED"
          },
          {
            "path": ":groovy-json:generateReleaseInfo",
            "outcome": "EXECUTED"
          },
          {
            "path": ":groovy-json:jar",
            "outcome": "EXECUTED"
          },
          {
            "path": ":groovy-json:processResources",
            "outcome": "EXECUTED"
          },
          {
            "path": ":jar",
            "outcome": "EXECUTED"
          },
          {
            "path": ":osgiClasses",
            "outcome": "EXECUTED"
          },
          {
            "path": ":processResources",
            "outcome": "EXECUTED"
          }
        ]
      },
      "controlHostPressure": {
        "available": true,
        "cpuSomeTotalUs": 17799893,
        "memorySomeTotalUs": 9767,
        "memoryFullTotalUs": 9650,
        "ioSomeTotalUs": 38645213,
        "ioFullTotalUs": 16095200
      },
      "candidateHostPressure": {
        "available": true,
        "cpuSomeTotalUs": 136657,
        "memorySomeTotalUs": 0,
        "memoryFullTotalUs": 0,
        "ioSomeTotalUs": 12282925,
        "ioFullTotalUs": 8826119
      }
    },
    {
      "pair": 3,
      "order": "CONTROL_FIRST",
      "controlDurationMs": 75988,
      "candidateDurationMs": 20073,
      "savedMs": 55915,
      "controlRequiredOutputSha256": "27f462c377352f1f2a4074f1fae1f96ed51ec97f97e5b42237a57174204da1d5",
      "candidateRequiredOutputSha256": "27f462c377352f1f2a4074f1fae1f96ed51ec97f97e5b42237a57174204da1d5",
      "requiredOutputCount": 1,
      "productAttributableFailure": false,
      "controlLogSha256": "f40e36f8cd3a9a1ad87282bdecdcf72ac0c370841625f96aab722a8fff34510c",
      "candidateLogSha256": "41432a9651a73126e5ce350210ac563ed480ee04c9ac559ce4734553a6ae1f68",
      "controlTaskOutcomes": {
        "total": 218,
        "executed": 138,
        "fromCache": 24,
        "upToDate": 8,
        "noSource": 48,
        "skipped": 0,
        "fingerprintSha256": "a8c9059b0fb2a799ddfba8828062a5ba4fb07b5deb583fa958f0ecb41079e151",
        "tasks": [
          {
            "path": ":bootstrapJar",
            "outcome": "EXECUTED"
          },
          {
            "path": ":build-logic:classes",
            "outcome": "EXECUTED"
          },
          {
            "path": ":build-logic:compileGroovy",
            "outcome": "FROM_CACHE"
          },
          {
            "path": ":build-logic:compileGroovyPlugins",
            "outcome": "FROM_CACHE"
          },
          {
            "path": ":build-logic:compileJava",
            "outcome": "FROM_CACHE"
          },
          {
            "path": ":build-logic:extractPluginRequests",
            "outcome": "FROM_CACHE"
          },
          {
            "path": ":build-logic:generatePluginAdapters",
            "outcome": "FROM_CACHE"
          },
          {
            "path": ":build-logic:jar",
            "outcome": "EXECUTED"
          },
          {
            "path": ":build-logic:pluginDescriptors",
            "outcome": "EXECUTED"
          },
          {
            "path": ":build-logic:processResources",
            "outcome": "EXECUTED"
          },
          {
            "path": ":classes",
            "outcome": "EXECUTED"
          },
          {
            "path": ":compileGroovy",
            "outcome": "EXECUTED"
          },
          {
            "path": ":compileJava",
            "outcome": "FROM_CACHE"
          },
          {
            "path": ":dgmConverter",
            "outcome": "FROM_CACHE"
          },
          {
            "path": ":generateGrammarSource",
            "outcome": "FROM_CACHE"
          },
          {
            "path": ":generateReleaseInfo",
            "outcome": "EXECUTED"
          },
          {
            "path": ":groovy-ant:classes",
            "outcome": "EXECUTED"
          },
          {
            "path": ":groovy-ant:compileGroovy",
            "outcome": "EXECUTED"
          },
          {
            "path": ":groovy-ant:compileJava",
            "outcome": "FROM_CACHE"
          },
          {
            "path": ":groovy-ant:generateReleaseInfo",
            "outcome": "EXECUTED"
          },
          {
            "path": ":groovy-ant:jar",
            "outcome": "EXECUTED"
          },
          {
            "path": ":groovy-ant:processResources",
            "outcome": "EXECUTED"
          },
          {
            "path": ":groovy-astbuilder:classes",
            "outcome": "EXECUTED"
          },
          {
            "path": ":groovy-astbuilder:compileGroovy",
            "outcome": "NO_SOURCE"
          },
          {
            "path": ":groovy-astbuilder:compileJava",
            "outcome": "FROM_CACHE"
          },
          {
            "path": ":groovy-astbuilder:generateReleaseInfo",
            "outcome": "EXECUTED"
          },
          {
            "path": ":groovy-astbuilder:jar",
            "outcome": "EXECUTED"
          },
          {
            "path": ":groovy-astbuilder:processResources",
            "outcome": "EXECUTED"
          },
          {
            "path": ":groovy-cli-commons:classes",
            "outcome": "EXECUTED"
          },
          {
            "path": ":groovy-cli-commons:compileGroovy",
            "outcome": "EXECUTED"
          },
          {
            "path": ":groovy-cli-commons:compileJava",
            "outcome": "NO_SOURCE"
          },
          {
            "path": ":groovy-cli-commons:generateReleaseInfo",
            "outcome": "EXECUTED"
          },
          {
            "path": ":groovy-cli-commons:jar",
            "outcome": "EXECUTED"
          },
          {
            "path": ":groovy-cli-commons:processResources",
            "outcome": "NO_SOURCE"
          },
          {
            "path": ":groovy-cli-picocli:classes",
            "outcome": "EXECUTED"
          },
          {
            "path": ":groovy-cli-picocli:compileGroovy",
            "outcome": "EXECUTED"
          },
          {
            "path": ":groovy-cli-picocli:compileJava",
            "outcome": "NO_SOURCE"
          },
          {
            "path": ":groovy-cli-picocli:generateReleaseInfo",
            "outcome": "EXECUTED"
          },
          {
            "path": ":groovy-cli-picocli:jar",
            "outcome": "EXECUTED"
          },
          {
            "path": ":groovy-cli-picocli:processResources",
            "outcome": "NO_SOURCE"
          },
          {
            "path": ":groovy-console:classes",
            "outcome": "EXECUTED"
          },
          {
            "path": ":groovy-console:compileGroovy",
            "outcome": "EXECUTED"
          },
          {
            "path": ":groovy-console:compileJava",
            "outcome": "NO_SOURCE"
          },
          {
            "path": ":groovy-console:generateReleaseInfo",
            "outcome": "EXECUTED"
          },
          {
            "path": ":groovy-console:jar",
            "outcome": "EXECUTED"
          },
          {
            "path": ":groovy-console:processResources",
            "outcome": "EXECUTED"
          },
          {
            "path": ":groovy-contracts:classes",
            "outcome": "EXECUTED"
          },
          {
            "path": ":groovy-contracts:compileGroovy",
            "outcome": "NO_SOURCE"
          },
          {
            "path": ":groovy-contracts:compileJava",
            "outcome": "FROM_CACHE"
          },
          {
            "path": ":groovy-contracts:generateReleaseInfo",
            "outcome": "EXECUTED"
          },
          {
            "path": ":groovy-contracts:jar",
            "outcome": "EXECUTED"
          },
          {
            "path": ":groovy-contracts:processResources",
            "outcome": "EXECUTED"
          },
          {
            "path": ":groovy-datetime:classes",
            "outcome": "UP_TO_DATE"
          },
          {
            "path": ":groovy-datetime:compileGroovy",
            "outcome": "NO_SOURCE"
          },
          {
            "path": ":groovy-datetime:compileJava",
            "outcome": "FROM_CACHE"
          },
          {
            "path": ":groovy-datetime:generateReleaseInfo",
            "outcome": "EXECUTED"
          },
          {
            "path": ":groovy-datetime:jar",
            "outcome": "EXECUTED"
          },
          {
            "path": ":groovy-datetime:moduleDescriptor",
            "outcome": "EXECUTED"
          },
          {
            "path": ":groovy-datetime:processResources",
            "outcome": "NO_SOURCE"
          },
          {
            "path": ":groovy-dateutil:classes",
            "outcome": "UP_TO_DATE"
          },
          {
            "path": ":groovy-dateutil:compileGroovy",
            "outcome": "NO_SOURCE"
          },
          {
            "path": ":groovy-dateutil:compileJava",
            "outcome": "FROM_CACHE"
          },
          {
            "path": ":groovy-dateutil:generateReleaseInfo",
            "outcome": "EXECUTED"
          },
          {
            "path": ":groovy-dateutil:jar",
            "outcome": "EXECUTED"
          },
          {
            "path": ":groovy-dateutil:moduleDescriptor",
            "outcome": "EXECUTED"
          },
          {
            "path": ":groovy-dateutil:processResources",
            "outcome": "NO_SOURCE"
          },
          {
            "path": ":groovy-docgenerator:classes",
            "outcome": "EXECUTED"
          },
          {
            "path": ":groovy-docgenerator:compileGroovy",
            "outcome": "EXECUTED"
          },
          {
            "path": ":groovy-docgenerator:compileJava",
            "outcome": "NO_SOURCE"
          },
          {
            "path": ":groovy-docgenerator:generateReleaseInfo",
            "outcome": "EXECUTED"
          },
          {
            "path": ":groovy-docgenerator:jar",
            "outcome": "EXECUTED"
          },
          {
            "path": ":groovy-docgenerator:processResources",
            "outcome": "EXECUTED"
          },
          {
            "path": ":groovy-ginq:classes",
            "outcome": "EXECUTED"
          },
          {
            "path": ":groovy-ginq:compileGroovy",
            "outcome": "EXECUTED"
          },
          {
            "path": ":groovy-ginq:compileJava",
            "outcome": "NO_SOURCE"
          },
          {
            "path": ":groovy-ginq:generateReleaseInfo",
            "outcome": "EXECUTED"
          },
          {
            "path": ":groovy-ginq:jar",
            "outcome": "EXECUTED"
          },
          {
            "path": ":groovy-ginq:moduleDescriptor",
            "outcome": "EXECUTED"
          },
          {
            "path": ":groovy-ginq:processResources",
            "outcome": "NO_SOURCE"
          },
          {
            "path": ":groovy-groovydoc:classes",
            "outcome": "EXECUTED"
          },
          {
            "path": ":groovy-groovydoc:compileGroovy",
            "outcome": "EXECUTED"
          },
          {
            "path": ":groovy-groovydoc:compileJava",
            "outcome": "FROM_CACHE"
          },
          {
            "path": ":groovy-groovydoc:generateReleaseInfo",
            "outcome": "EXECUTED"
          },
          {
            "path": ":groovy-groovydoc:jar",
            "outcome": "EXECUTED"
          },
          {
            "path": ":groovy-groovydoc:processResources",
            "outcome": "EXECUTED"
          },
          {
            "path": ":groovy-groovysh:classes",
            "outcome": "EXECUTED"
          },
          {
            "path": ":groovy-groovysh:compileGroovy",
            "outcome": "EXECUTED"
          },
          {
            "path": ":groovy-groovysh:compileJava",
            "outcome": "NO_SOURCE"
          },
          {
            "path": ":groovy-groovysh:generateReleaseInfo",
            "outcome": "EXECUTED"
          },
          {
            "path": ":groovy-groovysh:jar",
            "outcome": "EXECUTED"
          },
          {
            "path": ":groovy-groovysh:processResources",
            "outcome": "EXECUTED"
          },
          {
            "path": ":groovy-jmx:classes",
            "outcome": "EXECUTED"
          },
          {
            "path": ":groovy-jmx:compileGroovy",
            "outcome": "EXECUTED"
          },
          {
            "path": ":groovy-jmx:compileJava",
            "outcome": "FROM_CACHE"
          },
          {
            "path": ":groovy-jmx:generateReleaseInfo",
            "outcome": "EXECUTED"
          },
          {
            "path": ":groovy-jmx:jar",
            "outcome": "EXECUTED"
          },
          {
            "path": ":groovy-jmx:processResources",
            "outcome": "NO_SOURCE"
          },
          {
            "path": ":groovy-json:classes",
            "outcome": "EXECUTED"
          },
          {
            "path": ":groovy-json:compileGroovy",
            "outcome": "NO_SOURCE"
          },
          {
            "path": ":groovy-json:compileJava",
            "outcome": "EXECUTED"
          },
          {
            "path": ":groovy-json:generateReleaseInfo",
            "outcome": "EXECUTED"
          },
          {
            "path": ":groovy-json:jar",
            "outcome": "EXECUTED"
          },
          {
            "path": ":groovy-json:processResources",
            "outcome": "EXECUTED"
          },
          {
            "path": ":groovy-jsr223:classes",
            "outcome": "EXECUTED"
          },
          {
            "path": ":groovy-jsr223:compileGroovy",
            "outcome": "NO_SOURCE"
          },
          {
            "path": ":groovy-jsr223:compileJava",
            "outcome": "FROM_CACHE"
          },
          {
            "path": ":groovy-jsr223:generateReleaseInfo",
            "outcome": "EXECUTED"
          },
          {
            "path": ":groovy-jsr223:jar",
            "outcome": "EXECUTED"
          },
          {
            "path": ":groovy-jsr223:moduleDescriptor",
            "outcome": "EXECUTED"
          },
          {
            "path": ":groovy-jsr223:processResources",
            "outcome": "EXECUTED"
          },
          {
            "path": ":groovy-macro-library:classes",
            "outcome": "EXECUTED"
          },
          {
            "path": ":groovy-macro-library:compileGroovy",
            "outcome": "EXECUTED"
          },
          {
            "path": ":groovy-macro-library:compileJava",
            "outcome": "NO_SOURCE"
          },
          {
            "path": ":groovy-macro-library:generateReleaseInfo",
            "outcome": "EXECUTED"
          },
          {
            "path": ":groovy-macro-library:jar",
            "outcome": "EXECUTED"
          },
          {
            "path": ":groovy-macro-library:moduleDescriptor",
            "outcome": "EXECUTED"
          },
          {
            "path": ":groovy-macro-library:processResources",
            "outcome": "NO_SOURCE"
          },
          {
            "path": ":groovy-macro:classes",
            "outcome": "EXECUTED"
          },
          {
            "path": ":groovy-macro:compileGroovy",
            "outcome": "EXECUTED"
          },
          {
            "path": ":groovy-macro:compileJava",
            "outcome": "NO_SOURCE"
          },
          {
            "path": ":groovy-macro:generateReleaseInfo",
            "outcome": "EXECUTED"
          },
          {
            "path": ":groovy-macro:jar",
            "outcome": "EXECUTED"
          },
          {
            "path": ":groovy-macro:moduleDescriptor",
            "outcome": "EXECUTED"
          },
          {
            "path": ":groovy-macro:processResources",
            "outcome": "EXECUTED"
          },
          {
            "path": ":groovy-nio:classes",
            "outcome": "UP_TO_DATE"
          },
          {
            "path": ":groovy-nio:compileGroovy",
            "outcome": "NO_SOURCE"
          },
          {
            "path": ":groovy-nio:compileJava",
            "outcome": "FROM_CACHE"
          },
          {
            "path": ":groovy-nio:generateReleaseInfo",
            "outcome": "EXECUTED"
          },
          {
            "path": ":groovy-nio:jar",
            "outcome": "EXECUTED"
          },
          {
            "path": ":groovy-nio:moduleDescriptor",
            "outcome": "EXECUTED"
          },
          {
            "path": ":groovy-nio:processResources",
            "outcome": "NO_SOURCE"
          },
          {
            "path": ":groovy-servlet:classes",
            "outcome": "UP_TO_DATE"
          },
          {
            "path": ":groovy-servlet:compileGroovy",
            "outcome": "NO_SOURCE"
          },
          {
            "path": ":groovy-servlet:compileJava",
            "outcome": "FROM_CACHE"
          },
          {
            "path": ":groovy-servlet:generateReleaseInfo",
            "outcome": "EXECUTED"
          },
          {
            "path": ":groovy-servlet:jar",
            "outcome": "EXECUTED"
          },
          {
            "path": ":groovy-servlet:processResources",
            "outcome": "NO_SOURCE"
          },
          {
            "path": ":groovy-sql:classes",
            "outcome": "UP_TO_DATE"
          },
          {
            "path": ":groovy-sql:compileGroovy",
            "outcome": "NO_SOURCE"
          },
          {
            "path": ":groovy-sql:compileJava",
            "outcome": "FROM_CACHE"
          },
          {
            "path": ":groovy-sql:generateReleaseInfo",
            "outcome": "EXECUTED"
          },
          {
            "path": ":groovy-sql:jar",
            "outcome": "EXECUTED"
          },
          {
            "path": ":groovy-sql:moduleDescriptor",
            "outcome": "EXECUTED"
          },
          {
            "path": ":groovy-sql:processResources",
            "outcome": "NO_SOURCE"
          },
          {
            "path": ":groovy-swing:classes",
            "outcome": "EXECUTED"
          },
          {
            "path": ":groovy-swing:compileGroovy",
            "outcome": "EXECUTED"
          },
          {
            "path": ":groovy-swing:compileJava",
            "outcome": "FROM_CACHE"
          },
          {
            "path": ":groovy-swing:generateReleaseInfo",
            "outcome": "EXECUTED"
          },
          {
            "path": ":groovy-swing:jar",
            "outcome": "EXECUTED"
          },
          {
            "path": ":groovy-swing:moduleDescriptor",
            "outcome": "EXECUTED"
          },
          {
            "path": ":groovy-swing:processResources",
            "outcome": "NO_SOURCE"
          },
          {
            "path": ":groovy-templates:classes",
            "outcome": "EXECUTED"
          },
          {
            "path": ":groovy-templates:compileGroovy",
            "outcome": "EXECUTED"
          },
          {
            "path": ":groovy-templates:compileJava",
            "outcome": "NO_SOURCE"
          },
          {
            "path": ":groovy-templates:generateReleaseInfo",
            "outcome": "EXECUTED"
          },
          {
            "path": ":groovy-templates:jar",
            "outcome": "EXECUTED"
          },
          {
            "path": ":groovy-templates:processResources",
            "outcome": "NO_SOURCE"
          },
          {
            "path": ":groovy-test-junit5:classes",
            "outcome": "EXECUTED"
          },
          {
            "path": ":groovy-test-junit5:compileGroovy",
            "outcome": "EXECUTED"
          },
          {
            "path": ":groovy-test-junit5:compileJava",
            "outcome": "FROM_CACHE"
          },
          {
            "path": ":groovy-test-junit5:generateReleaseInfo",
            "outcome": "EXECUTED"
          },
          {
            "path": ":groovy-test-junit5:jar",
            "outcome": "EXECUTED"
          },
          {
            "path": ":groovy-test-junit5:processResources",
            "outcome": "EXECUTED"
          },
          {
            "path": ":groovy-test:classes",
            "outcome": "EXECUTED"
          },
          {
            "path": ":groovy-test:compileGroovy",
            "outcome": "EXECUTED"
          },
          {
            "path": ":groovy-test:compileJava",
            "outcome": "FROM_CACHE"
          },
          {
            "path": ":groovy-test:generateReleaseInfo",
            "outcome": "EXECUTED"
          },
          {
            "path": ":groovy-test:jar",
            "outcome": "EXECUTED"
          },
          {
            "path": ":groovy-test:processResources",
            "outcome": "NO_SOURCE"
          },
          {
            "path": ":groovy-testng:classes",
            "outcome": "EXECUTED"
          },
          {
            "path": ":groovy-testng:compileGroovy",
            "outcome": "NO_SOURCE"
          },
          {
            "path": ":groovy-testng:compileJava",
            "outcome": "FROM_CACHE"
          },
          {
            "path": ":groovy-testng:generateReleaseInfo",
            "outcome": "EXECUTED"
          },
          {
            "path": ":groovy-testng:jar",
            "outcome": "EXECUTED"
          },
          {
            "path": ":groovy-testng:processResources",
            "outcome": "EXECUTED"
          },
          {
            "path": ":groovy-toml:classes",
            "outcome": "EXECUTED"
          },
          {
            "path": ":groovy-toml:compileGroovy",
            "outcome": "NO_SOURCE"
          },
          {
            "path": ":groovy-toml:compileJava",
            "outcome": "EXECUTED"
          },
          {
            "path": ":groovy-toml:generateReleaseInfo",
            "outcome": "EXECUTED"
          },
          {
            "path": ":groovy-toml:jar",
            "outcome": "EXECUTED"
          },
          {
            "path": ":groovy-toml:processResources",
            "outcome": "NO_SOURCE"
          },
          {
            "path": ":groovy-typecheckers:classes",
            "outcome": "EXECUTED"
          },
          {
            "path": ":groovy-typecheckers:compileGroovy",
            "outcome": "EXECUTED"
          },
          {
            "path": ":groovy-typecheckers:compileJava",
            "outcome": "NO_SOURCE"
          },
          {
            "path": ":groovy-typecheckers:generateReleaseInfo",
            "outcome": "EXECUTED"
          },
          {
            "path": ":groovy-typecheckers:jar",
            "outcome": "EXECUTED"
          },
          {
            "path": ":groovy-typecheckers:processResources",
            "outcome": "NO_SOURCE"
          },
          {
            "path": ":groovy-xml:classes",
            "outcome": "EXECUTED"
          },
          {
            "path": ":groovy-xml:compileGroovy",
            "outcome": "EXECUTED"
          },
          {
            "path": ":groovy-xml:compileJava",
            "outcome": "FROM_CACHE"
          },
          {
            "path": ":groovy-xml:generateReleaseInfo",
            "outcome": "EXECUTED"
          },
          {
            "path": ":groovy-xml:jar",
            "outcome": "EXECUTED"
          },
          {
            "path": ":groovy-xml:moduleDescriptor",
            "outcome": "EXECUTED"
          },
          {
            "path": ":groovy-xml:processResources",
            "outcome": "NO_SOURCE"
          },
          {
            "path": ":groovy-yaml:classes",
            "outcome": "EXECUTED"
          },
          {
            "path": ":groovy-yaml:compileGroovy",
            "outcome": "NO_SOURCE"
          },
          {
            "path": ":groovy-yaml:compileJava",
            "outcome": "EXECUTED"
          },
          {
            "path": ":groovy-yaml:generateReleaseInfo",
            "outcome": "EXECUTED"
          },
          {
            "path": ":groovy-yaml:jar",
            "outcome": "EXECUTED"
          },
          {
            "path": ":groovy-yaml:processResources",
            "outcome": "NO_SOURCE"
          },
          {
            "path": ":jar",
            "outcome": "EXECUTED"
          },
          {
            "path": ":osgiClasses",
            "outcome": "EXECUTED"
          },
          {
            "path": ":performance:classes",
            "outcome": "UP_TO_DATE"
          },
          {
            "path": ":performance:compileGroovy",
            "outcome": "NO_SOURCE"
          },
          {
            "path": ":performance:compileJava",
            "outcome": "NO_SOURCE"
          },
          {
            "path": ":performance:jar",
            "outcome": "EXECUTED"
          },
          {
            "path": ":performance:processResources",
            "outcome": "NO_SOURCE"
          },
          {
            "path": ":processResources",
            "outcome": "EXECUTED"
          },
          {
            "path": ":stress:classes",
            "outcome": "UP_TO_DATE"
          },
          {
            "path": ":stress:compileGroovy",
            "outcome": "NO_SOURCE"
          },
          {
            "path": ":stress:compileJava",
            "outcome": "NO_SOURCE"
          },
          {
            "path": ":stress:jar",
            "outcome": "EXECUTED"
          },
          {
            "path": ":stress:processResources",
            "outcome": "NO_SOURCE"
          },
          {
            "path": ":tests-preview:classes",
            "outcome": "UP_TO_DATE"
          },
          {
            "path": ":tests-preview:compileGroovy",
            "outcome": "NO_SOURCE"
          },
          {
            "path": ":tests-preview:compileJava",
            "outcome": "NO_SOURCE"
          },
          {
            "path": ":tests-preview:jar",
            "outcome": "EXECUTED"
          },
          {
            "path": ":tests-preview:processResources",
            "outcome": "NO_SOURCE"
          }
        ]
      },
      "candidateTaskOutcomes": {
        "total": 25,
        "executed": 16,
        "fromCache": 8,
        "upToDate": 0,
        "noSource": 1,
        "skipped": 0,
        "fingerprintSha256": "b43c808e47c00d49cfb56f71197b3295e884e9f536fb660c7889cb8b633b76e2",
        "tasks": [
          {
            "path": ":bootstrapJar",
            "outcome": "EXECUTED"
          },
          {
            "path": ":build-logic:classes",
            "outcome": "EXECUTED"
          },
          {
            "path": ":build-logic:compileGroovy",
            "outcome": "FROM_CACHE"
          },
          {
            "path": ":build-logic:compileGroovyPlugins",
            "outcome": "FROM_CACHE"
          },
          {
            "path": ":build-logic:compileJava",
            "outcome": "FROM_CACHE"
          },
          {
            "path": ":build-logic:extractPluginRequests",
            "outcome": "FROM_CACHE"
          },
          {
            "path": ":build-logic:generatePluginAdapters",
            "outcome": "FROM_CACHE"
          },
          {
            "path": ":build-logic:jar",
            "outcome": "EXECUTED"
          },
          {
            "path": ":build-logic:pluginDescriptors",
            "outcome": "EXECUTED"
          },
          {
            "path": ":build-logic:processResources",
            "outcome": "EXECUTED"
          },
          {
            "path": ":classes",
            "outcome": "EXECUTED"
          },
          {
            "path": ":compileGroovy",
            "outcome": "EXECUTED"
          },
          {
            "path": ":compileJava",
            "outcome": "FROM_CACHE",
            "consoleOutcomeTransitions": [
              "EXECUTED",
              "FROM_CACHE"
            ]
          },
          {
            "path": ":dgmConverter",
            "outcome": "FROM_CACHE"
          },
          {
            "path": ":generateGrammarSource",
            "outcome": "FROM_CACHE"
          },
          {
            "path": ":generateReleaseInfo",
            "outcome": "EXECUTED"
          },
          {
            "path": ":groovy-json:classes",
            "outcome": "EXECUTED"
          },
          {
            "path": ":groovy-json:compileGroovy",
            "outcome": "NO_SOURCE"
          },
          {
            "path": ":groovy-json:compileJava",
            "outcome": "EXECUTED"
          },
          {
            "path": ":groovy-json:generateReleaseInfo",
            "outcome": "EXECUTED"
          },
          {
            "path": ":groovy-json:jar",
            "outcome": "EXECUTED"
          },
          {
            "path": ":groovy-json:processResources",
            "outcome": "EXECUTED"
          },
          {
            "path": ":jar",
            "outcome": "EXECUTED"
          },
          {
            "path": ":osgiClasses",
            "outcome": "EXECUTED"
          },
          {
            "path": ":processResources",
            "outcome": "EXECUTED"
          }
        ]
      },
      "controlHostPressure": {
        "available": true,
        "cpuSomeTotalUs": 18806291,
        "memorySomeTotalUs": 4,
        "memoryFullTotalUs": 4,
        "ioSomeTotalUs": 40539212,
        "ioFullTotalUs": 15343164
      },
      "candidateHostPressure": {
        "available": true,
        "cpuSomeTotalUs": 99334,
        "memorySomeTotalUs": 0,
        "memoryFullTotalUs": 0,
        "ioSomeTotalUs": 13256256,
        "ioFullTotalUs": 10330999
      }
    },
    {
      "pair": 4,
      "order": "CANDIDATE_FIRST",
      "controlDurationMs": 71320,
      "candidateDurationMs": 18186,
      "savedMs": 53134,
      "controlRequiredOutputSha256": "27f462c377352f1f2a4074f1fae1f96ed51ec97f97e5b42237a57174204da1d5",
      "candidateRequiredOutputSha256": "27f462c377352f1f2a4074f1fae1f96ed51ec97f97e5b42237a57174204da1d5",
      "requiredOutputCount": 1,
      "productAttributableFailure": false,
      "controlLogSha256": "3cef57c367072625be35f030948e98fb507ace70710ce16ef4b01efeb5793d30",
      "candidateLogSha256": "418c6c9150b87298ad89942f3dfceb99327a95d92d34293687a898f9b5ecaa11",
      "controlTaskOutcomes": {
        "total": 218,
        "executed": 138,
        "fromCache": 24,
        "upToDate": 8,
        "noSource": 48,
        "skipped": 0,
        "fingerprintSha256": "a8c9059b0fb2a799ddfba8828062a5ba4fb07b5deb583fa958f0ecb41079e151",
        "tasks": [
          {
            "path": ":bootstrapJar",
            "outcome": "EXECUTED"
          },
          {
            "path": ":build-logic:classes",
            "outcome": "EXECUTED"
          },
          {
            "path": ":build-logic:compileGroovy",
            "outcome": "FROM_CACHE"
          },
          {
            "path": ":build-logic:compileGroovyPlugins",
            "outcome": "FROM_CACHE"
          },
          {
            "path": ":build-logic:compileJava",
            "outcome": "FROM_CACHE"
          },
          {
            "path": ":build-logic:extractPluginRequests",
            "outcome": "FROM_CACHE"
          },
          {
            "path": ":build-logic:generatePluginAdapters",
            "outcome": "FROM_CACHE"
          },
          {
            "path": ":build-logic:jar",
            "outcome": "EXECUTED"
          },
          {
            "path": ":build-logic:pluginDescriptors",
            "outcome": "EXECUTED"
          },
          {
            "path": ":build-logic:processResources",
            "outcome": "EXECUTED"
          },
          {
            "path": ":classes",
            "outcome": "EXECUTED"
          },
          {
            "path": ":compileGroovy",
            "outcome": "EXECUTED"
          },
          {
            "path": ":compileJava",
            "outcome": "FROM_CACHE"
          },
          {
            "path": ":dgmConverter",
            "outcome": "FROM_CACHE"
          },
          {
            "path": ":generateGrammarSource",
            "outcome": "FROM_CACHE"
          },
          {
            "path": ":generateReleaseInfo",
            "outcome": "EXECUTED"
          },
          {
            "path": ":groovy-ant:classes",
            "outcome": "EXECUTED"
          },
          {
            "path": ":groovy-ant:compileGroovy",
            "outcome": "EXECUTED"
          },
          {
            "path": ":groovy-ant:compileJava",
            "outcome": "FROM_CACHE"
          },
          {
            "path": ":groovy-ant:generateReleaseInfo",
            "outcome": "EXECUTED"
          },
          {
            "path": ":groovy-ant:jar",
            "outcome": "EXECUTED"
          },
          {
            "path": ":groovy-ant:processResources",
            "outcome": "EXECUTED"
          },
          {
            "path": ":groovy-astbuilder:classes",
            "outcome": "EXECUTED"
          },
          {
            "path": ":groovy-astbuilder:compileGroovy",
            "outcome": "NO_SOURCE"
          },
          {
            "path": ":groovy-astbuilder:compileJava",
            "outcome": "FROM_CACHE"
          },
          {
            "path": ":groovy-astbuilder:generateReleaseInfo",
            "outcome": "EXECUTED"
          },
          {
            "path": ":groovy-astbuilder:jar",
            "outcome": "EXECUTED"
          },
          {
            "path": ":groovy-astbuilder:processResources",
            "outcome": "EXECUTED"
          },
          {
            "path": ":groovy-cli-commons:classes",
            "outcome": "EXECUTED"
          },
          {
            "path": ":groovy-cli-commons:compileGroovy",
            "outcome": "EXECUTED"
          },
          {
            "path": ":groovy-cli-commons:compileJava",
            "outcome": "NO_SOURCE"
          },
          {
            "path": ":groovy-cli-commons:generateReleaseInfo",
            "outcome": "EXECUTED"
          },
          {
            "path": ":groovy-cli-commons:jar",
            "outcome": "EXECUTED"
          },
          {
            "path": ":groovy-cli-commons:processResources",
            "outcome": "NO_SOURCE"
          },
          {
            "path": ":groovy-cli-picocli:classes",
            "outcome": "EXECUTED"
          },
          {
            "path": ":groovy-cli-picocli:compileGroovy",
            "outcome": "EXECUTED"
          },
          {
            "path": ":groovy-cli-picocli:compileJava",
            "outcome": "NO_SOURCE"
          },
          {
            "path": ":groovy-cli-picocli:generateReleaseInfo",
            "outcome": "EXECUTED"
          },
          {
            "path": ":groovy-cli-picocli:jar",
            "outcome": "EXECUTED"
          },
          {
            "path": ":groovy-cli-picocli:processResources",
            "outcome": "NO_SOURCE"
          },
          {
            "path": ":groovy-console:classes",
            "outcome": "EXECUTED"
          },
          {
            "path": ":groovy-console:compileGroovy",
            "outcome": "EXECUTED"
          },
          {
            "path": ":groovy-console:compileJava",
            "outcome": "NO_SOURCE"
          },
          {
            "path": ":groovy-console:generateReleaseInfo",
            "outcome": "EXECUTED"
          },
          {
            "path": ":groovy-console:jar",
            "outcome": "EXECUTED"
          },
          {
            "path": ":groovy-console:processResources",
            "outcome": "EXECUTED"
          },
          {
            "path": ":groovy-contracts:classes",
            "outcome": "EXECUTED"
          },
          {
            "path": ":groovy-contracts:compileGroovy",
            "outcome": "NO_SOURCE"
          },
          {
            "path": ":groovy-contracts:compileJava",
            "outcome": "FROM_CACHE"
          },
          {
            "path": ":groovy-contracts:generateReleaseInfo",
            "outcome": "EXECUTED"
          },
          {
            "path": ":groovy-contracts:jar",
            "outcome": "EXECUTED"
          },
          {
            "path": ":groovy-contracts:processResources",
            "outcome": "EXECUTED"
          },
          {
            "path": ":groovy-datetime:classes",
            "outcome": "UP_TO_DATE"
          },
          {
            "path": ":groovy-datetime:compileGroovy",
            "outcome": "NO_SOURCE"
          },
          {
            "path": ":groovy-datetime:compileJava",
            "outcome": "FROM_CACHE"
          },
          {
            "path": ":groovy-datetime:generateReleaseInfo",
            "outcome": "EXECUTED"
          },
          {
            "path": ":groovy-datetime:jar",
            "outcome": "EXECUTED"
          },
          {
            "path": ":groovy-datetime:moduleDescriptor",
            "outcome": "EXECUTED"
          },
          {
            "path": ":groovy-datetime:processResources",
            "outcome": "NO_SOURCE"
          },
          {
            "path": ":groovy-dateutil:classes",
            "outcome": "UP_TO_DATE"
          },
          {
            "path": ":groovy-dateutil:compileGroovy",
            "outcome": "NO_SOURCE"
          },
          {
            "path": ":groovy-dateutil:compileJava",
            "outcome": "FROM_CACHE"
          },
          {
            "path": ":groovy-dateutil:generateReleaseInfo",
            "outcome": "EXECUTED"
          },
          {
            "path": ":groovy-dateutil:jar",
            "outcome": "EXECUTED"
          },
          {
            "path": ":groovy-dateutil:moduleDescriptor",
            "outcome": "EXECUTED"
          },
          {
            "path": ":groovy-dateutil:processResources",
            "outcome": "NO_SOURCE"
          },
          {
            "path": ":groovy-docgenerator:classes",
            "outcome": "EXECUTED"
          },
          {
            "path": ":groovy-docgenerator:compileGroovy",
            "outcome": "EXECUTED"
          },
          {
            "path": ":groovy-docgenerator:compileJava",
            "outcome": "NO_SOURCE"
          },
          {
            "path": ":groovy-docgenerator:generateReleaseInfo",
            "outcome": "EXECUTED"
          },
          {
            "path": ":groovy-docgenerator:jar",
            "outcome": "EXECUTED"
          },
          {
            "path": ":groovy-docgenerator:processResources",
            "outcome": "EXECUTED"
          },
          {
            "path": ":groovy-ginq:classes",
            "outcome": "EXECUTED"
          },
          {
            "path": ":groovy-ginq:compileGroovy",
            "outcome": "EXECUTED"
          },
          {
            "path": ":groovy-ginq:compileJava",
            "outcome": "NO_SOURCE"
          },
          {
            "path": ":groovy-ginq:generateReleaseInfo",
            "outcome": "EXECUTED"
          },
          {
            "path": ":groovy-ginq:jar",
            "outcome": "EXECUTED"
          },
          {
            "path": ":groovy-ginq:moduleDescriptor",
            "outcome": "EXECUTED"
          },
          {
            "path": ":groovy-ginq:processResources",
            "outcome": "NO_SOURCE"
          },
          {
            "path": ":groovy-groovydoc:classes",
            "outcome": "EXECUTED"
          },
          {
            "path": ":groovy-groovydoc:compileGroovy",
            "outcome": "EXECUTED"
          },
          {
            "path": ":groovy-groovydoc:compileJava",
            "outcome": "FROM_CACHE"
          },
          {
            "path": ":groovy-groovydoc:generateReleaseInfo",
            "outcome": "EXECUTED"
          },
          {
            "path": ":groovy-groovydoc:jar",
            "outcome": "EXECUTED"
          },
          {
            "path": ":groovy-groovydoc:processResources",
            "outcome": "EXECUTED"
          },
          {
            "path": ":groovy-groovysh:classes",
            "outcome": "EXECUTED"
          },
          {
            "path": ":groovy-groovysh:compileGroovy",
            "outcome": "EXECUTED"
          },
          {
            "path": ":groovy-groovysh:compileJava",
            "outcome": "NO_SOURCE"
          },
          {
            "path": ":groovy-groovysh:generateReleaseInfo",
            "outcome": "EXECUTED"
          },
          {
            "path": ":groovy-groovysh:jar",
            "outcome": "EXECUTED"
          },
          {
            "path": ":groovy-groovysh:processResources",
            "outcome": "EXECUTED"
          },
          {
            "path": ":groovy-jmx:classes",
            "outcome": "EXECUTED"
          },
          {
            "path": ":groovy-jmx:compileGroovy",
            "outcome": "EXECUTED"
          },
          {
            "path": ":groovy-jmx:compileJava",
            "outcome": "FROM_CACHE"
          },
          {
            "path": ":groovy-jmx:generateReleaseInfo",
            "outcome": "EXECUTED"
          },
          {
            "path": ":groovy-jmx:jar",
            "outcome": "EXECUTED"
          },
          {
            "path": ":groovy-jmx:processResources",
            "outcome": "NO_SOURCE"
          },
          {
            "path": ":groovy-json:classes",
            "outcome": "EXECUTED"
          },
          {
            "path": ":groovy-json:compileGroovy",
            "outcome": "NO_SOURCE"
          },
          {
            "path": ":groovy-json:compileJava",
            "outcome": "EXECUTED"
          },
          {
            "path": ":groovy-json:generateReleaseInfo",
            "outcome": "EXECUTED"
          },
          {
            "path": ":groovy-json:jar",
            "outcome": "EXECUTED"
          },
          {
            "path": ":groovy-json:processResources",
            "outcome": "EXECUTED"
          },
          {
            "path": ":groovy-jsr223:classes",
            "outcome": "EXECUTED"
          },
          {
            "path": ":groovy-jsr223:compileGroovy",
            "outcome": "NO_SOURCE"
          },
          {
            "path": ":groovy-jsr223:compileJava",
            "outcome": "FROM_CACHE"
          },
          {
            "path": ":groovy-jsr223:generateReleaseInfo",
            "outcome": "EXECUTED"
          },
          {
            "path": ":groovy-jsr223:jar",
            "outcome": "EXECUTED"
          },
          {
            "path": ":groovy-jsr223:moduleDescriptor",
            "outcome": "EXECUTED"
          },
          {
            "path": ":groovy-jsr223:processResources",
            "outcome": "EXECUTED"
          },
          {
            "path": ":groovy-macro-library:classes",
            "outcome": "EXECUTED"
          },
          {
            "path": ":groovy-macro-library:compileGroovy",
            "outcome": "EXECUTED"
          },
          {
            "path": ":groovy-macro-library:compileJava",
            "outcome": "NO_SOURCE"
          },
          {
            "path": ":groovy-macro-library:generateReleaseInfo",
            "outcome": "EXECUTED"
          },
          {
            "path": ":groovy-macro-library:jar",
            "outcome": "EXECUTED"
          },
          {
            "path": ":groovy-macro-library:moduleDescriptor",
            "outcome": "EXECUTED"
          },
          {
            "path": ":groovy-macro-library:processResources",
            "outcome": "NO_SOURCE"
          },
          {
            "path": ":groovy-macro:classes",
            "outcome": "EXECUTED"
          },
          {
            "path": ":groovy-macro:compileGroovy",
            "outcome": "EXECUTED"
          },
          {
            "path": ":groovy-macro:compileJava",
            "outcome": "NO_SOURCE"
          },
          {
            "path": ":groovy-macro:generateReleaseInfo",
            "outcome": "EXECUTED"
          },
          {
            "path": ":groovy-macro:jar",
            "outcome": "EXECUTED"
          },
          {
            "path": ":groovy-macro:moduleDescriptor",
            "outcome": "EXECUTED"
          },
          {
            "path": ":groovy-macro:processResources",
            "outcome": "EXECUTED"
          },
          {
            "path": ":groovy-nio:classes",
            "outcome": "UP_TO_DATE"
          },
          {
            "path": ":groovy-nio:compileGroovy",
            "outcome": "NO_SOURCE"
          },
          {
            "path": ":groovy-nio:compileJava",
            "outcome": "FROM_CACHE"
          },
          {
            "path": ":groovy-nio:generateReleaseInfo",
            "outcome": "EXECUTED"
          },
          {
            "path": ":groovy-nio:jar",
            "outcome": "EXECUTED"
          },
          {
            "path": ":groovy-nio:moduleDescriptor",
            "outcome": "EXECUTED"
          },
          {
            "path": ":groovy-nio:processResources",
            "outcome": "NO_SOURCE"
          },
          {
            "path": ":groovy-servlet:classes",
            "outcome": "UP_TO_DATE"
          },
          {
            "path": ":groovy-servlet:compileGroovy",
            "outcome": "NO_SOURCE"
          },
          {
            "path": ":groovy-servlet:compileJava",
            "outcome": "FROM_CACHE"
          },
          {
            "path": ":groovy-servlet:generateReleaseInfo",
            "outcome": "EXECUTED"
          },
          {
            "path": ":groovy-servlet:jar",
            "outcome": "EXECUTED"
          },
          {
            "path": ":groovy-servlet:processResources",
            "outcome": "NO_SOURCE"
          },
          {
            "path": ":groovy-sql:classes",
            "outcome": "UP_TO_DATE"
          },
          {
            "path": ":groovy-sql:compileGroovy",
            "outcome": "NO_SOURCE"
          },
          {
            "path": ":groovy-sql:compileJava",
            "outcome": "FROM_CACHE"
          },
          {
            "path": ":groovy-sql:generateReleaseInfo",
            "outcome": "EXECUTED"
          },
          {
            "path": ":groovy-sql:jar",
            "outcome": "EXECUTED"
          },
          {
            "path": ":groovy-sql:moduleDescriptor",
            "outcome": "EXECUTED"
          },
          {
            "path": ":groovy-sql:processResources",
            "outcome": "NO_SOURCE"
          },
          {
            "path": ":groovy-swing:classes",
            "outcome": "EXECUTED"
          },
          {
            "path": ":groovy-swing:compileGroovy",
            "outcome": "EXECUTED"
          },
          {
            "path": ":groovy-swing:compileJava",
            "outcome": "FROM_CACHE"
          },
          {
            "path": ":groovy-swing:generateReleaseInfo",
            "outcome": "EXECUTED"
          },
          {
            "path": ":groovy-swing:jar",
            "outcome": "EXECUTED"
          },
          {
            "path": ":groovy-swing:moduleDescriptor",
            "outcome": "EXECUTED"
          },
          {
            "path": ":groovy-swing:processResources",
            "outcome": "NO_SOURCE"
          },
          {
            "path": ":groovy-templates:classes",
            "outcome": "EXECUTED"
          },
          {
            "path": ":groovy-templates:compileGroovy",
            "outcome": "EXECUTED"
          },
          {
            "path": ":groovy-templates:compileJava",
            "outcome": "NO_SOURCE"
          },
          {
            "path": ":groovy-templates:generateReleaseInfo",
            "outcome": "EXECUTED"
          },
          {
            "path": ":groovy-templates:jar",
            "outcome": "EXECUTED"
          },
          {
            "path": ":groovy-templates:processResources",
            "outcome": "NO_SOURCE"
          },
          {
            "path": ":groovy-test-junit5:classes",
            "outcome": "EXECUTED"
          },
          {
            "path": ":groovy-test-junit5:compileGroovy",
            "outcome": "EXECUTED"
          },
          {
            "path": ":groovy-test-junit5:compileJava",
            "outcome": "FROM_CACHE"
          },
          {
            "path": ":groovy-test-junit5:generateReleaseInfo",
            "outcome": "EXECUTED"
          },
          {
            "path": ":groovy-test-junit5:jar",
            "outcome": "EXECUTED"
          },
          {
            "path": ":groovy-test-junit5:processResources",
            "outcome": "EXECUTED"
          },
          {
            "path": ":groovy-test:classes",
            "outcome": "EXECUTED"
          },
          {
            "path": ":groovy-test:compileGroovy",
            "outcome": "EXECUTED"
          },
          {
            "path": ":groovy-test:compileJava",
            "outcome": "FROM_CACHE"
          },
          {
            "path": ":groovy-test:generateReleaseInfo",
            "outcome": "EXECUTED"
          },
          {
            "path": ":groovy-test:jar",
            "outcome": "EXECUTED"
          },
          {
            "path": ":groovy-test:processResources",
            "outcome": "NO_SOURCE"
          },
          {
            "path": ":groovy-testng:classes",
            "outcome": "EXECUTED"
          },
          {
            "path": ":groovy-testng:compileGroovy",
            "outcome": "NO_SOURCE"
          },
          {
            "path": ":groovy-testng:compileJava",
            "outcome": "FROM_CACHE"
          },
          {
            "path": ":groovy-testng:generateReleaseInfo",
            "outcome": "EXECUTED"
          },
          {
            "path": ":groovy-testng:jar",
            "outcome": "EXECUTED"
          },
          {
            "path": ":groovy-testng:processResources",
            "outcome": "EXECUTED"
          },
          {
            "path": ":groovy-toml:classes",
            "outcome": "EXECUTED"
          },
          {
            "path": ":groovy-toml:compileGroovy",
            "outcome": "NO_SOURCE"
          },
          {
            "path": ":groovy-toml:compileJava",
            "outcome": "EXECUTED"
          },
          {
            "path": ":groovy-toml:generateReleaseInfo",
            "outcome": "EXECUTED"
          },
          {
            "path": ":groovy-toml:jar",
            "outcome": "EXECUTED"
          },
          {
            "path": ":groovy-toml:processResources",
            "outcome": "NO_SOURCE"
          },
          {
            "path": ":groovy-typecheckers:classes",
            "outcome": "EXECUTED"
          },
          {
            "path": ":groovy-typecheckers:compileGroovy",
            "outcome": "EXECUTED"
          },
          {
            "path": ":groovy-typecheckers:compileJava",
            "outcome": "NO_SOURCE"
          },
          {
            "path": ":groovy-typecheckers:generateReleaseInfo",
            "outcome": "EXECUTED"
          },
          {
            "path": ":groovy-typecheckers:jar",
            "outcome": "EXECUTED"
          },
          {
            "path": ":groovy-typecheckers:processResources",
            "outcome": "NO_SOURCE"
          },
          {
            "path": ":groovy-xml:classes",
            "outcome": "EXECUTED"
          },
          {
            "path": ":groovy-xml:compileGroovy",
            "outcome": "EXECUTED"
          },
          {
            "path": ":groovy-xml:compileJava",
            "outcome": "FROM_CACHE"
          },
          {
            "path": ":groovy-xml:generateReleaseInfo",
            "outcome": "EXECUTED"
          },
          {
            "path": ":groovy-xml:jar",
            "outcome": "EXECUTED"
          },
          {
            "path": ":groovy-xml:moduleDescriptor",
            "outcome": "EXECUTED"
          },
          {
            "path": ":groovy-xml:processResources",
            "outcome": "NO_SOURCE"
          },
          {
            "path": ":groovy-yaml:classes",
            "outcome": "EXECUTED"
          },
          {
            "path": ":groovy-yaml:compileGroovy",
            "outcome": "NO_SOURCE"
          },
          {
            "path": ":groovy-yaml:compileJava",
            "outcome": "EXECUTED"
          },
          {
            "path": ":groovy-yaml:generateReleaseInfo",
            "outcome": "EXECUTED"
          },
          {
            "path": ":groovy-yaml:jar",
            "outcome": "EXECUTED"
          },
          {
            "path": ":groovy-yaml:processResources",
            "outcome": "NO_SOURCE"
          },
          {
            "path": ":jar",
            "outcome": "EXECUTED"
          },
          {
            "path": ":osgiClasses",
            "outcome": "EXECUTED"
          },
          {
            "path": ":performance:classes",
            "outcome": "UP_TO_DATE"
          },
          {
            "path": ":performance:compileGroovy",
            "outcome": "NO_SOURCE"
          },
          {
            "path": ":performance:compileJava",
            "outcome": "NO_SOURCE"
          },
          {
            "path": ":performance:jar",
            "outcome": "EXECUTED"
          },
          {
            "path": ":performance:processResources",
            "outcome": "NO_SOURCE"
          },
          {
            "path": ":processResources",
            "outcome": "EXECUTED"
          },
          {
            "path": ":stress:classes",
            "outcome": "UP_TO_DATE"
          },
          {
            "path": ":stress:compileGroovy",
            "outcome": "NO_SOURCE"
          },
          {
            "path": ":stress:compileJava",
            "outcome": "NO_SOURCE"
          },
          {
            "path": ":stress:jar",
            "outcome": "EXECUTED"
          },
          {
            "path": ":stress:processResources",
            "outcome": "NO_SOURCE"
          },
          {
            "path": ":tests-preview:classes",
            "outcome": "UP_TO_DATE"
          },
          {
            "path": ":tests-preview:compileGroovy",
            "outcome": "NO_SOURCE"
          },
          {
            "path": ":tests-preview:compileJava",
            "outcome": "NO_SOURCE"
          },
          {
            "path": ":tests-preview:jar",
            "outcome": "EXECUTED"
          },
          {
            "path": ":tests-preview:processResources",
            "outcome": "NO_SOURCE"
          }
        ]
      },
      "candidateTaskOutcomes": {
        "total": 25,
        "executed": 16,
        "fromCache": 8,
        "upToDate": 0,
        "noSource": 1,
        "skipped": 0,
        "fingerprintSha256": "b43c808e47c00d49cfb56f71197b3295e884e9f536fb660c7889cb8b633b76e2",
        "tasks": [
          {
            "path": ":bootstrapJar",
            "outcome": "EXECUTED"
          },
          {
            "path": ":build-logic:classes",
            "outcome": "EXECUTED"
          },
          {
            "path": ":build-logic:compileGroovy",
            "outcome": "FROM_CACHE"
          },
          {
            "path": ":build-logic:compileGroovyPlugins",
            "outcome": "FROM_CACHE"
          },
          {
            "path": ":build-logic:compileJava",
            "outcome": "FROM_CACHE"
          },
          {
            "path": ":build-logic:extractPluginRequests",
            "outcome": "FROM_CACHE"
          },
          {
            "path": ":build-logic:generatePluginAdapters",
            "outcome": "FROM_CACHE"
          },
          {
            "path": ":build-logic:jar",
            "outcome": "EXECUTED"
          },
          {
            "path": ":build-logic:pluginDescriptors",
            "outcome": "EXECUTED"
          },
          {
            "path": ":build-logic:processResources",
            "outcome": "EXECUTED"
          },
          {
            "path": ":classes",
            "outcome": "EXECUTED"
          },
          {
            "path": ":compileGroovy",
            "outcome": "EXECUTED"
          },
          {
            "path": ":compileJava",
            "outcome": "FROM_CACHE"
          },
          {
            "path": ":dgmConverter",
            "outcome": "FROM_CACHE"
          },
          {
            "path": ":generateGrammarSource",
            "outcome": "FROM_CACHE"
          },
          {
            "path": ":generateReleaseInfo",
            "outcome": "EXECUTED"
          },
          {
            "path": ":groovy-json:classes",
            "outcome": "EXECUTED"
          },
          {
            "path": ":groovy-json:compileGroovy",
            "outcome": "NO_SOURCE"
          },
          {
            "path": ":groovy-json:compileJava",
            "outcome": "EXECUTED"
          },
          {
            "path": ":groovy-json:generateReleaseInfo",
            "outcome": "EXECUTED"
          },
          {
            "path": ":groovy-json:jar",
            "outcome": "EXECUTED"
          },
          {
            "path": ":groovy-json:processResources",
            "outcome": "EXECUTED"
          },
          {
            "path": ":jar",
            "outcome": "EXECUTED"
          },
          {
            "path": ":osgiClasses",
            "outcome": "EXECUTED"
          },
          {
            "path": ":processResources",
            "outcome": "EXECUTED"
          }
        ]
      },
      "controlHostPressure": {
        "available": true,
        "cpuSomeTotalUs": 18724158,
        "memorySomeTotalUs": 2620,
        "memoryFullTotalUs": 2620,
        "ioSomeTotalUs": 37012764,
        "ioFullTotalUs": 16329034
      },
      "candidateHostPressure": {
        "available": true,
        "cpuSomeTotalUs": 124080,
        "memorySomeTotalUs": 86,
        "memoryFullTotalUs": 86,
        "ioSomeTotalUs": 12188680,
        "ioFullTotalUs": 9207685
      }
    },
    {
      "pair": 5,
      "order": "CONTROL_FIRST",
      "controlDurationMs": 75894,
      "candidateDurationMs": 19542,
      "savedMs": 56352,
      "controlRequiredOutputSha256": "27f462c377352f1f2a4074f1fae1f96ed51ec97f97e5b42237a57174204da1d5",
      "candidateRequiredOutputSha256": "27f462c377352f1f2a4074f1fae1f96ed51ec97f97e5b42237a57174204da1d5",
      "requiredOutputCount": 1,
      "productAttributableFailure": false,
      "controlLogSha256": "5ca0b09875df1d8223e221a8b26d321e70b15e9150e14a1fea0af222959bab76",
      "candidateLogSha256": "462ffcc1a31275561bf4f7a417f866126ad8bfc81ce2dcfa56c7ba9415dd3572",
      "controlTaskOutcomes": {
        "total": 218,
        "executed": 138,
        "fromCache": 24,
        "upToDate": 8,
        "noSource": 48,
        "skipped": 0,
        "fingerprintSha256": "a8c9059b0fb2a799ddfba8828062a5ba4fb07b5deb583fa958f0ecb41079e151",
        "tasks": [
          {
            "path": ":bootstrapJar",
            "outcome": "EXECUTED"
          },
          {
            "path": ":build-logic:classes",
            "outcome": "EXECUTED"
          },
          {
            "path": ":build-logic:compileGroovy",
            "outcome": "FROM_CACHE"
          },
          {
            "path": ":build-logic:compileGroovyPlugins",
            "outcome": "FROM_CACHE"
          },
          {
            "path": ":build-logic:compileJava",
            "outcome": "FROM_CACHE"
          },
          {
            "path": ":build-logic:extractPluginRequests",
            "outcome": "FROM_CACHE"
          },
          {
            "path": ":build-logic:generatePluginAdapters",
            "outcome": "FROM_CACHE"
          },
          {
            "path": ":build-logic:jar",
            "outcome": "EXECUTED"
          },
          {
            "path": ":build-logic:pluginDescriptors",
            "outcome": "EXECUTED"
          },
          {
            "path": ":build-logic:processResources",
            "outcome": "EXECUTED"
          },
          {
            "path": ":classes",
            "outcome": "EXECUTED"
          },
          {
            "path": ":compileGroovy",
            "outcome": "EXECUTED"
          },
          {
            "path": ":compileJava",
            "outcome": "FROM_CACHE"
          },
          {
            "path": ":dgmConverter",
            "outcome": "FROM_CACHE"
          },
          {
            "path": ":generateGrammarSource",
            "outcome": "FROM_CACHE"
          },
          {
            "path": ":generateReleaseInfo",
            "outcome": "EXECUTED"
          },
          {
            "path": ":groovy-ant:classes",
            "outcome": "EXECUTED"
          },
          {
            "path": ":groovy-ant:compileGroovy",
            "outcome": "EXECUTED"
          },
          {
            "path": ":groovy-ant:compileJava",
            "outcome": "FROM_CACHE"
          },
          {
            "path": ":groovy-ant:generateReleaseInfo",
            "outcome": "EXECUTED"
          },
          {
            "path": ":groovy-ant:jar",
            "outcome": "EXECUTED"
          },
          {
            "path": ":groovy-ant:processResources",
            "outcome": "EXECUTED"
          },
          {
            "path": ":groovy-astbuilder:classes",
            "outcome": "EXECUTED"
          },
          {
            "path": ":groovy-astbuilder:compileGroovy",
            "outcome": "NO_SOURCE"
          },
          {
            "path": ":groovy-astbuilder:compileJava",
            "outcome": "FROM_CACHE"
          },
          {
            "path": ":groovy-astbuilder:generateReleaseInfo",
            "outcome": "EXECUTED"
          },
          {
            "path": ":groovy-astbuilder:jar",
            "outcome": "EXECUTED"
          },
          {
            "path": ":groovy-astbuilder:processResources",
            "outcome": "EXECUTED"
          },
          {
            "path": ":groovy-cli-commons:classes",
            "outcome": "EXECUTED"
          },
          {
            "path": ":groovy-cli-commons:compileGroovy",
            "outcome": "EXECUTED"
          },
          {
            "path": ":groovy-cli-commons:compileJava",
            "outcome": "NO_SOURCE"
          },
          {
            "path": ":groovy-cli-commons:generateReleaseInfo",
            "outcome": "EXECUTED"
          },
          {
            "path": ":groovy-cli-commons:jar",
            "outcome": "EXECUTED"
          },
          {
            "path": ":groovy-cli-commons:processResources",
            "outcome": "NO_SOURCE"
          },
          {
            "path": ":groovy-cli-picocli:classes",
            "outcome": "EXECUTED"
          },
          {
            "path": ":groovy-cli-picocli:compileGroovy",
            "outcome": "EXECUTED"
          },
          {
            "path": ":groovy-cli-picocli:compileJava",
            "outcome": "NO_SOURCE"
          },
          {
            "path": ":groovy-cli-picocli:generateReleaseInfo",
            "outcome": "EXECUTED"
          },
          {
            "path": ":groovy-cli-picocli:jar",
            "outcome": "EXECUTED"
          },
          {
            "path": ":groovy-cli-picocli:processResources",
            "outcome": "NO_SOURCE"
          },
          {
            "path": ":groovy-console:classes",
            "outcome": "EXECUTED"
          },
          {
            "path": ":groovy-console:compileGroovy",
            "outcome": "EXECUTED"
          },
          {
            "path": ":groovy-console:compileJava",
            "outcome": "NO_SOURCE"
          },
          {
            "path": ":groovy-console:generateReleaseInfo",
            "outcome": "EXECUTED"
          },
          {
            "path": ":groovy-console:jar",
            "outcome": "EXECUTED"
          },
          {
            "path": ":groovy-console:processResources",
            "outcome": "EXECUTED"
          },
          {
            "path": ":groovy-contracts:classes",
            "outcome": "EXECUTED"
          },
          {
            "path": ":groovy-contracts:compileGroovy",
            "outcome": "NO_SOURCE"
          },
          {
            "path": ":groovy-contracts:compileJava",
            "outcome": "FROM_CACHE"
          },
          {
            "path": ":groovy-contracts:generateReleaseInfo",
            "outcome": "EXECUTED"
          },
          {
            "path": ":groovy-contracts:jar",
            "outcome": "EXECUTED"
          },
          {
            "path": ":groovy-contracts:processResources",
            "outcome": "EXECUTED"
          },
          {
            "path": ":groovy-datetime:classes",
            "outcome": "UP_TO_DATE"
          },
          {
            "path": ":groovy-datetime:compileGroovy",
            "outcome": "NO_SOURCE"
          },
          {
            "path": ":groovy-datetime:compileJava",
            "outcome": "FROM_CACHE"
          },
          {
            "path": ":groovy-datetime:generateReleaseInfo",
            "outcome": "EXECUTED"
          },
          {
            "path": ":groovy-datetime:jar",
            "outcome": "EXECUTED"
          },
          {
            "path": ":groovy-datetime:moduleDescriptor",
            "outcome": "EXECUTED"
          },
          {
            "path": ":groovy-datetime:processResources",
            "outcome": "NO_SOURCE"
          },
          {
            "path": ":groovy-dateutil:classes",
            "outcome": "UP_TO_DATE"
          },
          {
            "path": ":groovy-dateutil:compileGroovy",
            "outcome": "NO_SOURCE"
          },
          {
            "path": ":groovy-dateutil:compileJava",
            "outcome": "FROM_CACHE"
          },
          {
            "path": ":groovy-dateutil:generateReleaseInfo",
            "outcome": "EXECUTED"
          },
          {
            "path": ":groovy-dateutil:jar",
            "outcome": "EXECUTED"
          },
          {
            "path": ":groovy-dateutil:moduleDescriptor",
            "outcome": "EXECUTED"
          },
          {
            "path": ":groovy-dateutil:processResources",
            "outcome": "NO_SOURCE"
          },
          {
            "path": ":groovy-docgenerator:classes",
            "outcome": "EXECUTED"
          },
          {
            "path": ":groovy-docgenerator:compileGroovy",
            "outcome": "EXECUTED"
          },
          {
            "path": ":groovy-docgenerator:compileJava",
            "outcome": "NO_SOURCE"
          },
          {
            "path": ":groovy-docgenerator:generateReleaseInfo",
            "outcome": "EXECUTED"
          },
          {
            "path": ":groovy-docgenerator:jar",
            "outcome": "EXECUTED"
          },
          {
            "path": ":groovy-docgenerator:processResources",
            "outcome": "EXECUTED"
          },
          {
            "path": ":groovy-ginq:classes",
            "outcome": "EXECUTED"
          },
          {
            "path": ":groovy-ginq:compileGroovy",
            "outcome": "EXECUTED"
          },
          {
            "path": ":groovy-ginq:compileJava",
            "outcome": "NO_SOURCE"
          },
          {
            "path": ":groovy-ginq:generateReleaseInfo",
            "outcome": "EXECUTED"
          },
          {
            "path": ":groovy-ginq:jar",
            "outcome": "EXECUTED"
          },
          {
            "path": ":groovy-ginq:moduleDescriptor",
            "outcome": "EXECUTED"
          },
          {
            "path": ":groovy-ginq:processResources",
            "outcome": "NO_SOURCE"
          },
          {
            "path": ":groovy-groovydoc:classes",
            "outcome": "EXECUTED"
          },
          {
            "path": ":groovy-groovydoc:compileGroovy",
            "outcome": "EXECUTED"
          },
          {
            "path": ":groovy-groovydoc:compileJava",
            "outcome": "FROM_CACHE"
          },
          {
            "path": ":groovy-groovydoc:generateReleaseInfo",
            "outcome": "EXECUTED"
          },
          {
            "path": ":groovy-groovydoc:jar",
            "outcome": "EXECUTED"
          },
          {
            "path": ":groovy-groovydoc:processResources",
            "outcome": "EXECUTED"
          },
          {
            "path": ":groovy-groovysh:classes",
            "outcome": "EXECUTED"
          },
          {
            "path": ":groovy-groovysh:compileGroovy",
            "outcome": "EXECUTED"
          },
          {
            "path": ":groovy-groovysh:compileJava",
            "outcome": "NO_SOURCE"
          },
          {
            "path": ":groovy-groovysh:generateReleaseInfo",
            "outcome": "EXECUTED"
          },
          {
            "path": ":groovy-groovysh:jar",
            "outcome": "EXECUTED"
          },
          {
            "path": ":groovy-groovysh:processResources",
            "outcome": "EXECUTED"
          },
          {
            "path": ":groovy-jmx:classes",
            "outcome": "EXECUTED"
          },
          {
            "path": ":groovy-jmx:compileGroovy",
            "outcome": "EXECUTED"
          },
          {
            "path": ":groovy-jmx:compileJava",
            "outcome": "FROM_CACHE"
          },
          {
            "path": ":groovy-jmx:generateReleaseInfo",
            "outcome": "EXECUTED"
          },
          {
            "path": ":groovy-jmx:jar",
            "outcome": "EXECUTED"
          },
          {
            "path": ":groovy-jmx:processResources",
            "outcome": "NO_SOURCE"
          },
          {
            "path": ":groovy-json:classes",
            "outcome": "EXECUTED"
          },
          {
            "path": ":groovy-json:compileGroovy",
            "outcome": "NO_SOURCE"
          },
          {
            "path": ":groovy-json:compileJava",
            "outcome": "EXECUTED"
          },
          {
            "path": ":groovy-json:generateReleaseInfo",
            "outcome": "EXECUTED"
          },
          {
            "path": ":groovy-json:jar",
            "outcome": "EXECUTED"
          },
          {
            "path": ":groovy-json:processResources",
            "outcome": "EXECUTED"
          },
          {
            "path": ":groovy-jsr223:classes",
            "outcome": "EXECUTED"
          },
          {
            "path": ":groovy-jsr223:compileGroovy",
            "outcome": "NO_SOURCE"
          },
          {
            "path": ":groovy-jsr223:compileJava",
            "outcome": "FROM_CACHE"
          },
          {
            "path": ":groovy-jsr223:generateReleaseInfo",
            "outcome": "EXECUTED"
          },
          {
            "path": ":groovy-jsr223:jar",
            "outcome": "EXECUTED"
          },
          {
            "path": ":groovy-jsr223:moduleDescriptor",
            "outcome": "EXECUTED"
          },
          {
            "path": ":groovy-jsr223:processResources",
            "outcome": "EXECUTED"
          },
          {
            "path": ":groovy-macro-library:classes",
            "outcome": "EXECUTED"
          },
          {
            "path": ":groovy-macro-library:compileGroovy",
            "outcome": "EXECUTED"
          },
          {
            "path": ":groovy-macro-library:compileJava",
            "outcome": "NO_SOURCE"
          },
          {
            "path": ":groovy-macro-library:generateReleaseInfo",
            "outcome": "EXECUTED"
          },
          {
            "path": ":groovy-macro-library:jar",
            "outcome": "EXECUTED"
          },
          {
            "path": ":groovy-macro-library:moduleDescriptor",
            "outcome": "EXECUTED"
          },
          {
            "path": ":groovy-macro-library:processResources",
            "outcome": "NO_SOURCE"
          },
          {
            "path": ":groovy-macro:classes",
            "outcome": "EXECUTED"
          },
          {
            "path": ":groovy-macro:compileGroovy",
            "outcome": "EXECUTED"
          },
          {
            "path": ":groovy-macro:compileJava",
            "outcome": "NO_SOURCE"
          },
          {
            "path": ":groovy-macro:generateReleaseInfo",
            "outcome": "EXECUTED"
          },
          {
            "path": ":groovy-macro:jar",
            "outcome": "EXECUTED"
          },
          {
            "path": ":groovy-macro:moduleDescriptor",
            "outcome": "EXECUTED"
          },
          {
            "path": ":groovy-macro:processResources",
            "outcome": "EXECUTED"
          },
          {
            "path": ":groovy-nio:classes",
            "outcome": "UP_TO_DATE"
          },
          {
            "path": ":groovy-nio:compileGroovy",
            "outcome": "NO_SOURCE"
          },
          {
            "path": ":groovy-nio:compileJava",
            "outcome": "FROM_CACHE"
          },
          {
            "path": ":groovy-nio:generateReleaseInfo",
            "outcome": "EXECUTED"
          },
          {
            "path": ":groovy-nio:jar",
            "outcome": "EXECUTED"
          },
          {
            "path": ":groovy-nio:moduleDescriptor",
            "outcome": "EXECUTED"
          },
          {
            "path": ":groovy-nio:processResources",
            "outcome": "NO_SOURCE"
          },
          {
            "path": ":groovy-servlet:classes",
            "outcome": "UP_TO_DATE"
          },
          {
            "path": ":groovy-servlet:compileGroovy",
            "outcome": "NO_SOURCE"
          },
          {
            "path": ":groovy-servlet:compileJava",
            "outcome": "FROM_CACHE"
          },
          {
            "path": ":groovy-servlet:generateReleaseInfo",
            "outcome": "EXECUTED"
          },
          {
            "path": ":groovy-servlet:jar",
            "outcome": "EXECUTED"
          },
          {
            "path": ":groovy-servlet:processResources",
            "outcome": "NO_SOURCE"
          },
          {
            "path": ":groovy-sql:classes",
            "outcome": "UP_TO_DATE"
          },
          {
            "path": ":groovy-sql:compileGroovy",
            "outcome": "NO_SOURCE"
          },
          {
            "path": ":groovy-sql:compileJava",
            "outcome": "FROM_CACHE"
          },
          {
            "path": ":groovy-sql:generateReleaseInfo",
            "outcome": "EXECUTED"
          },
          {
            "path": ":groovy-sql:jar",
            "outcome": "EXECUTED"
          },
          {
            "path": ":groovy-sql:moduleDescriptor",
            "outcome": "EXECUTED"
          },
          {
            "path": ":groovy-sql:processResources",
            "outcome": "NO_SOURCE"
          },
          {
            "path": ":groovy-swing:classes",
            "outcome": "EXECUTED"
          },
          {
            "path": ":groovy-swing:compileGroovy",
            "outcome": "EXECUTED"
          },
          {
            "path": ":groovy-swing:compileJava",
            "outcome": "FROM_CACHE"
          },
          {
            "path": ":groovy-swing:generateReleaseInfo",
            "outcome": "EXECUTED"
          },
          {
            "path": ":groovy-swing:jar",
            "outcome": "EXECUTED"
          },
          {
            "path": ":groovy-swing:moduleDescriptor",
            "outcome": "EXECUTED"
          },
          {
            "path": ":groovy-swing:processResources",
            "outcome": "NO_SOURCE"
          },
          {
            "path": ":groovy-templates:classes",
            "outcome": "EXECUTED"
          },
          {
            "path": ":groovy-templates:compileGroovy",
            "outcome": "EXECUTED"
          },
          {
            "path": ":groovy-templates:compileJava",
            "outcome": "NO_SOURCE"
          },
          {
            "path": ":groovy-templates:generateReleaseInfo",
            "outcome": "EXECUTED"
          },
          {
            "path": ":groovy-templates:jar",
            "outcome": "EXECUTED"
          },
          {
            "path": ":groovy-templates:processResources",
            "outcome": "NO_SOURCE"
          },
          {
            "path": ":groovy-test-junit5:classes",
            "outcome": "EXECUTED"
          },
          {
            "path": ":groovy-test-junit5:compileGroovy",
            "outcome": "EXECUTED"
          },
          {
            "path": ":groovy-test-junit5:compileJava",
            "outcome": "FROM_CACHE"
          },
          {
            "path": ":groovy-test-junit5:generateReleaseInfo",
            "outcome": "EXECUTED"
          },
          {
            "path": ":groovy-test-junit5:jar",
            "outcome": "EXECUTED"
          },
          {
            "path": ":groovy-test-junit5:processResources",
            "outcome": "EXECUTED"
          },
          {
            "path": ":groovy-test:classes",
            "outcome": "EXECUTED"
          },
          {
            "path": ":groovy-test:compileGroovy",
            "outcome": "EXECUTED"
          },
          {
            "path": ":groovy-test:compileJava",
            "outcome": "FROM_CACHE"
          },
          {
            "path": ":groovy-test:generateReleaseInfo",
            "outcome": "EXECUTED"
          },
          {
            "path": ":groovy-test:jar",
            "outcome": "EXECUTED"
          },
          {
            "path": ":groovy-test:processResources",
            "outcome": "NO_SOURCE"
          },
          {
            "path": ":groovy-testng:classes",
            "outcome": "EXECUTED"
          },
          {
            "path": ":groovy-testng:compileGroovy",
            "outcome": "NO_SOURCE"
          },
          {
            "path": ":groovy-testng:compileJava",
            "outcome": "FROM_CACHE"
          },
          {
            "path": ":groovy-testng:generateReleaseInfo",
            "outcome": "EXECUTED"
          },
          {
            "path": ":groovy-testng:jar",
            "outcome": "EXECUTED"
          },
          {
            "path": ":groovy-testng:processResources",
            "outcome": "EXECUTED"
          },
          {
            "path": ":groovy-toml:classes",
            "outcome": "EXECUTED"
          },
          {
            "path": ":groovy-toml:compileGroovy",
            "outcome": "NO_SOURCE"
          },
          {
            "path": ":groovy-toml:compileJava",
            "outcome": "EXECUTED"
          },
          {
            "path": ":groovy-toml:generateReleaseInfo",
            "outcome": "EXECUTED"
          },
          {
            "path": ":groovy-toml:jar",
            "outcome": "EXECUTED"
          },
          {
            "path": ":groovy-toml:processResources",
            "outcome": "NO_SOURCE"
          },
          {
            "path": ":groovy-typecheckers:classes",
            "outcome": "EXECUTED"
          },
          {
            "path": ":groovy-typecheckers:compileGroovy",
            "outcome": "EXECUTED"
          },
          {
            "path": ":groovy-typecheckers:compileJava",
            "outcome": "NO_SOURCE"
          },
          {
            "path": ":groovy-typecheckers:generateReleaseInfo",
            "outcome": "EXECUTED"
          },
          {
            "path": ":groovy-typecheckers:jar",
            "outcome": "EXECUTED"
          },
          {
            "path": ":groovy-typecheckers:processResources",
            "outcome": "NO_SOURCE"
          },
          {
            "path": ":groovy-xml:classes",
            "outcome": "EXECUTED"
          },
          {
            "path": ":groovy-xml:compileGroovy",
            "outcome": "EXECUTED"
          },
          {
            "path": ":groovy-xml:compileJava",
            "outcome": "FROM_CACHE"
          },
          {
            "path": ":groovy-xml:generateReleaseInfo",
            "outcome": "EXECUTED"
          },
          {
            "path": ":groovy-xml:jar",
            "outcome": "EXECUTED"
          },
          {
            "path": ":groovy-xml:moduleDescriptor",
            "outcome": "EXECUTED"
          },
          {
            "path": ":groovy-xml:processResources",
            "outcome": "NO_SOURCE"
          },
          {
            "path": ":groovy-yaml:classes",
            "outcome": "EXECUTED"
          },
          {
            "path": ":groovy-yaml:compileGroovy",
            "outcome": "NO_SOURCE"
          },
          {
            "path": ":groovy-yaml:compileJava",
            "outcome": "EXECUTED"
          },
          {
            "path": ":groovy-yaml:generateReleaseInfo",
            "outcome": "EXECUTED"
          },
          {
            "path": ":groovy-yaml:jar",
            "outcome": "EXECUTED"
          },
          {
            "path": ":groovy-yaml:processResources",
            "outcome": "NO_SOURCE"
          },
          {
            "path": ":jar",
            "outcome": "EXECUTED"
          },
          {
            "path": ":osgiClasses",
            "outcome": "EXECUTED"
          },
          {
            "path": ":performance:classes",
            "outcome": "UP_TO_DATE"
          },
          {
            "path": ":performance:compileGroovy",
            "outcome": "NO_SOURCE"
          },
          {
            "path": ":performance:compileJava",
            "outcome": "NO_SOURCE"
          },
          {
            "path": ":performance:jar",
            "outcome": "EXECUTED"
          },
          {
            "path": ":performance:processResources",
            "outcome": "NO_SOURCE"
          },
          {
            "path": ":processResources",
            "outcome": "EXECUTED"
          },
          {
            "path": ":stress:classes",
            "outcome": "UP_TO_DATE"
          },
          {
            "path": ":stress:compileGroovy",
            "outcome": "NO_SOURCE"
          },
          {
            "path": ":stress:compileJava",
            "outcome": "NO_SOURCE"
          },
          {
            "path": ":stress:jar",
            "outcome": "EXECUTED"
          },
          {
            "path": ":stress:processResources",
            "outcome": "NO_SOURCE"
          },
          {
            "path": ":tests-preview:classes",
            "outcome": "UP_TO_DATE"
          },
          {
            "path": ":tests-preview:compileGroovy",
            "outcome": "NO_SOURCE"
          },
          {
            "path": ":tests-preview:compileJava",
            "outcome": "NO_SOURCE"
          },
          {
            "path": ":tests-preview:jar",
            "outcome": "EXECUTED"
          },
          {
            "path": ":tests-preview:processResources",
            "outcome": "NO_SOURCE"
          }
        ]
      },
      "candidateTaskOutcomes": {
        "total": 25,
        "executed": 16,
        "fromCache": 8,
        "upToDate": 0,
        "noSource": 1,
        "skipped": 0,
        "fingerprintSha256": "b43c808e47c00d49cfb56f71197b3295e884e9f536fb660c7889cb8b633b76e2",
        "tasks": [
          {
            "path": ":bootstrapJar",
            "outcome": "EXECUTED"
          },
          {
            "path": ":build-logic:classes",
            "outcome": "EXECUTED"
          },
          {
            "path": ":build-logic:compileGroovy",
            "outcome": "FROM_CACHE"
          },
          {
            "path": ":build-logic:compileGroovyPlugins",
            "outcome": "FROM_CACHE"
          },
          {
            "path": ":build-logic:compileJava",
            "outcome": "FROM_CACHE"
          },
          {
            "path": ":build-logic:extractPluginRequests",
            "outcome": "FROM_CACHE"
          },
          {
            "path": ":build-logic:generatePluginAdapters",
            "outcome": "FROM_CACHE"
          },
          {
            "path": ":build-logic:jar",
            "outcome": "EXECUTED"
          },
          {
            "path": ":build-logic:pluginDescriptors",
            "outcome": "EXECUTED"
          },
          {
            "path": ":build-logic:processResources",
            "outcome": "EXECUTED"
          },
          {
            "path": ":classes",
            "outcome": "EXECUTED"
          },
          {
            "path": ":compileGroovy",
            "outcome": "EXECUTED"
          },
          {
            "path": ":compileJava",
            "outcome": "FROM_CACHE",
            "consoleOutcomeTransitions": [
              "EXECUTED",
              "FROM_CACHE"
            ]
          },
          {
            "path": ":dgmConverter",
            "outcome": "FROM_CACHE"
          },
          {
            "path": ":generateGrammarSource",
            "outcome": "FROM_CACHE"
          },
          {
            "path": ":generateReleaseInfo",
            "outcome": "EXECUTED"
          },
          {
            "path": ":groovy-json:classes",
            "outcome": "EXECUTED"
          },
          {
            "path": ":groovy-json:compileGroovy",
            "outcome": "NO_SOURCE"
          },
          {
            "path": ":groovy-json:compileJava",
            "outcome": "EXECUTED"
          },
          {
            "path": ":groovy-json:generateReleaseInfo",
            "outcome": "EXECUTED"
          },
          {
            "path": ":groovy-json:jar",
            "outcome": "EXECUTED"
          },
          {
            "path": ":groovy-json:processResources",
            "outcome": "EXECUTED"
          },
          {
            "path": ":jar",
            "outcome": "EXECUTED"
          },
          {
            "path": ":osgiClasses",
            "outcome": "EXECUTED"
          },
          {
            "path": ":processResources",
            "outcome": "EXECUTED"
          }
        ]
      },
      "controlHostPressure": {
        "available": true,
        "cpuSomeTotalUs": 18506407,
        "memorySomeTotalUs": 1,
        "memoryFullTotalUs": 0,
        "ioSomeTotalUs": 39621531,
        "ioFullTotalUs": 17494601
      },
      "candidateHostPressure": {
        "available": true,
        "cpuSomeTotalUs": 96768,
        "memorySomeTotalUs": 0,
        "memoryFullTotalUs": 0,
        "ioSomeTotalUs": 12377515,
        "ioFullTotalUs": 9894745
      }
    },
    {
      "pair": 6,
      "order": "CANDIDATE_FIRST",
      "controlDurationMs": 72458,
      "candidateDurationMs": 18254,
      "savedMs": 54204,
      "controlRequiredOutputSha256": "27f462c377352f1f2a4074f1fae1f96ed51ec97f97e5b42237a57174204da1d5",
      "candidateRequiredOutputSha256": "27f462c377352f1f2a4074f1fae1f96ed51ec97f97e5b42237a57174204da1d5",
      "requiredOutputCount": 1,
      "productAttributableFailure": false,
      "controlLogSha256": "10df54f477bd62e5ba6e1d01be73ab8b5c8adaf7dbe747522ca92a96f68f03eb",
      "candidateLogSha256": "e6254b9dcce1d7866bcff0975c137e7617cc8fd63079455e12026e78cd590630",
      "controlTaskOutcomes": {
        "total": 218,
        "executed": 138,
        "fromCache": 24,
        "upToDate": 8,
        "noSource": 48,
        "skipped": 0,
        "fingerprintSha256": "a8c9059b0fb2a799ddfba8828062a5ba4fb07b5deb583fa958f0ecb41079e151",
        "tasks": [
          {
            "path": ":bootstrapJar",
            "outcome": "EXECUTED"
          },
          {
            "path": ":build-logic:classes",
            "outcome": "EXECUTED"
          },
          {
            "path": ":build-logic:compileGroovy",
            "outcome": "FROM_CACHE"
          },
          {
            "path": ":build-logic:compileGroovyPlugins",
            "outcome": "FROM_CACHE"
          },
          {
            "path": ":build-logic:compileJava",
            "outcome": "FROM_CACHE"
          },
          {
            "path": ":build-logic:extractPluginRequests",
            "outcome": "FROM_CACHE"
          },
          {
            "path": ":build-logic:generatePluginAdapters",
            "outcome": "FROM_CACHE"
          },
          {
            "path": ":build-logic:jar",
            "outcome": "EXECUTED"
          },
          {
            "path": ":build-logic:pluginDescriptors",
            "outcome": "EXECUTED"
          },
          {
            "path": ":build-logic:processResources",
            "outcome": "EXECUTED"
          },
          {
            "path": ":classes",
            "outcome": "EXECUTED"
          },
          {
            "path": ":compileGroovy",
            "outcome": "EXECUTED"
          },
          {
            "path": ":compileJava",
            "outcome": "FROM_CACHE"
          },
          {
            "path": ":dgmConverter",
            "outcome": "FROM_CACHE"
          },
          {
            "path": ":generateGrammarSource",
            "outcome": "FROM_CACHE"
          },
          {
            "path": ":generateReleaseInfo",
            "outcome": "EXECUTED"
          },
          {
            "path": ":groovy-ant:classes",
            "outcome": "EXECUTED"
          },
          {
            "path": ":groovy-ant:compileGroovy",
            "outcome": "EXECUTED"
          },
          {
            "path": ":groovy-ant:compileJava",
            "outcome": "FROM_CACHE"
          },
          {
            "path": ":groovy-ant:generateReleaseInfo",
            "outcome": "EXECUTED"
          },
          {
            "path": ":groovy-ant:jar",
            "outcome": "EXECUTED"
          },
          {
            "path": ":groovy-ant:processResources",
            "outcome": "EXECUTED"
          },
          {
            "path": ":groovy-astbuilder:classes",
            "outcome": "EXECUTED"
          },
          {
            "path": ":groovy-astbuilder:compileGroovy",
            "outcome": "NO_SOURCE"
          },
          {
            "path": ":groovy-astbuilder:compileJava",
            "outcome": "FROM_CACHE"
          },
          {
            "path": ":groovy-astbuilder:generateReleaseInfo",
            "outcome": "EXECUTED"
          },
          {
            "path": ":groovy-astbuilder:jar",
            "outcome": "EXECUTED"
          },
          {
            "path": ":groovy-astbuilder:processResources",
            "outcome": "EXECUTED"
          },
          {
            "path": ":groovy-cli-commons:classes",
            "outcome": "EXECUTED"
          },
          {
            "path": ":groovy-cli-commons:compileGroovy",
            "outcome": "EXECUTED"
          },
          {
            "path": ":groovy-cli-commons:compileJava",
            "outcome": "NO_SOURCE"
          },
          {
            "path": ":groovy-cli-commons:generateReleaseInfo",
            "outcome": "EXECUTED"
          },
          {
            "path": ":groovy-cli-commons:jar",
            "outcome": "EXECUTED"
          },
          {
            "path": ":groovy-cli-commons:processResources",
            "outcome": "NO_SOURCE"
          },
          {
            "path": ":groovy-cli-picocli:classes",
            "outcome": "EXECUTED"
          },
          {
            "path": ":groovy-cli-picocli:compileGroovy",
            "outcome": "EXECUTED"
          },
          {
            "path": ":groovy-cli-picocli:compileJava",
            "outcome": "NO_SOURCE"
          },
          {
            "path": ":groovy-cli-picocli:generateReleaseInfo",
            "outcome": "EXECUTED"
          },
          {
            "path": ":groovy-cli-picocli:jar",
            "outcome": "EXECUTED"
          },
          {
            "path": ":groovy-cli-picocli:processResources",
            "outcome": "NO_SOURCE"
          },
          {
            "path": ":groovy-console:classes",
            "outcome": "EXECUTED"
          },
          {
            "path": ":groovy-console:compileGroovy",
            "outcome": "EXECUTED"
          },
          {
            "path": ":groovy-console:compileJava",
            "outcome": "NO_SOURCE"
          },
          {
            "path": ":groovy-console:generateReleaseInfo",
            "outcome": "EXECUTED"
          },
          {
            "path": ":groovy-console:jar",
            "outcome": "EXECUTED"
          },
          {
            "path": ":groovy-console:processResources",
            "outcome": "EXECUTED"
          },
          {
            "path": ":groovy-contracts:classes",
            "outcome": "EXECUTED"
          },
          {
            "path": ":groovy-contracts:compileGroovy",
            "outcome": "NO_SOURCE"
          },
          {
            "path": ":groovy-contracts:compileJava",
            "outcome": "FROM_CACHE"
          },
          {
            "path": ":groovy-contracts:generateReleaseInfo",
            "outcome": "EXECUTED"
          },
          {
            "path": ":groovy-contracts:jar",
            "outcome": "EXECUTED"
          },
          {
            "path": ":groovy-contracts:processResources",
            "outcome": "EXECUTED"
          },
          {
            "path": ":groovy-datetime:classes",
            "outcome": "UP_TO_DATE"
          },
          {
            "path": ":groovy-datetime:compileGroovy",
            "outcome": "NO_SOURCE"
          },
          {
            "path": ":groovy-datetime:compileJava",
            "outcome": "FROM_CACHE"
          },
          {
            "path": ":groovy-datetime:generateReleaseInfo",
            "outcome": "EXECUTED"
          },
          {
            "path": ":groovy-datetime:jar",
            "outcome": "EXECUTED"
          },
          {
            "path": ":groovy-datetime:moduleDescriptor",
            "outcome": "EXECUTED"
          },
          {
            "path": ":groovy-datetime:processResources",
            "outcome": "NO_SOURCE"
          },
          {
            "path": ":groovy-dateutil:classes",
            "outcome": "UP_TO_DATE"
          },
          {
            "path": ":groovy-dateutil:compileGroovy",
            "outcome": "NO_SOURCE"
          },
          {
            "path": ":groovy-dateutil:compileJava",
            "outcome": "FROM_CACHE"
          },
          {
            "path": ":groovy-dateutil:generateReleaseInfo",
            "outcome": "EXECUTED"
          },
          {
            "path": ":groovy-dateutil:jar",
            "outcome": "EXECUTED"
          },
          {
            "path": ":groovy-dateutil:moduleDescriptor",
            "outcome": "EXECUTED"
          },
          {
            "path": ":groovy-dateutil:processResources",
            "outcome": "NO_SOURCE"
          },
          {
            "path": ":groovy-docgenerator:classes",
            "outcome": "EXECUTED"
          },
          {
            "path": ":groovy-docgenerator:compileGroovy",
            "outcome": "EXECUTED"
          },
          {
            "path": ":groovy-docgenerator:compileJava",
            "outcome": "NO_SOURCE"
          },
          {
            "path": ":groovy-docgenerator:generateReleaseInfo",
            "outcome": "EXECUTED"
          },
          {
            "path": ":groovy-docgenerator:jar",
            "outcome": "EXECUTED"
          },
          {
            "path": ":groovy-docgenerator:processResources",
            "outcome": "EXECUTED"
          },
          {
            "path": ":groovy-ginq:classes",
            "outcome": "EXECUTED"
          },
          {
            "path": ":groovy-ginq:compileGroovy",
            "outcome": "EXECUTED"
          },
          {
            "path": ":groovy-ginq:compileJava",
            "outcome": "NO_SOURCE"
          },
          {
            "path": ":groovy-ginq:generateReleaseInfo",
            "outcome": "EXECUTED"
          },
          {
            "path": ":groovy-ginq:jar",
            "outcome": "EXECUTED"
          },
          {
            "path": ":groovy-ginq:moduleDescriptor",
            "outcome": "EXECUTED"
          },
          {
            "path": ":groovy-ginq:processResources",
            "outcome": "NO_SOURCE"
          },
          {
            "path": ":groovy-groovydoc:classes",
            "outcome": "EXECUTED"
          },
          {
            "path": ":groovy-groovydoc:compileGroovy",
            "outcome": "EXECUTED"
          },
          {
            "path": ":groovy-groovydoc:compileJava",
            "outcome": "FROM_CACHE"
          },
          {
            "path": ":groovy-groovydoc:generateReleaseInfo",
            "outcome": "EXECUTED"
          },
          {
            "path": ":groovy-groovydoc:jar",
            "outcome": "EXECUTED"
          },
          {
            "path": ":groovy-groovydoc:processResources",
            "outcome": "EXECUTED"
          },
          {
            "path": ":groovy-groovysh:classes",
            "outcome": "EXECUTED"
          },
          {
            "path": ":groovy-groovysh:compileGroovy",
            "outcome": "EXECUTED"
          },
          {
            "path": ":groovy-groovysh:compileJava",
            "outcome": "NO_SOURCE"
          },
          {
            "path": ":groovy-groovysh:generateReleaseInfo",
            "outcome": "EXECUTED"
          },
          {
            "path": ":groovy-groovysh:jar",
            "outcome": "EXECUTED"
          },
          {
            "path": ":groovy-groovysh:processResources",
            "outcome": "EXECUTED"
          },
          {
            "path": ":groovy-jmx:classes",
            "outcome": "EXECUTED"
          },
          {
            "path": ":groovy-jmx:compileGroovy",
            "outcome": "EXECUTED"
          },
          {
            "path": ":groovy-jmx:compileJava",
            "outcome": "FROM_CACHE"
          },
          {
            "path": ":groovy-jmx:generateReleaseInfo",
            "outcome": "EXECUTED"
          },
          {
            "path": ":groovy-jmx:jar",
            "outcome": "EXECUTED"
          },
          {
            "path": ":groovy-jmx:processResources",
            "outcome": "NO_SOURCE"
          },
          {
            "path": ":groovy-json:classes",
            "outcome": "EXECUTED"
          },
          {
            "path": ":groovy-json:compileGroovy",
            "outcome": "NO_SOURCE"
          },
          {
            "path": ":groovy-json:compileJava",
            "outcome": "EXECUTED"
          },
          {
            "path": ":groovy-json:generateReleaseInfo",
            "outcome": "EXECUTED"
          },
          {
            "path": ":groovy-json:jar",
            "outcome": "EXECUTED"
          },
          {
            "path": ":groovy-json:processResources",
            "outcome": "EXECUTED"
          },
          {
            "path": ":groovy-jsr223:classes",
            "outcome": "EXECUTED"
          },
          {
            "path": ":groovy-jsr223:compileGroovy",
            "outcome": "NO_SOURCE"
          },
          {
            "path": ":groovy-jsr223:compileJava",
            "outcome": "FROM_CACHE"
          },
          {
            "path": ":groovy-jsr223:generateReleaseInfo",
            "outcome": "EXECUTED"
          },
          {
            "path": ":groovy-jsr223:jar",
            "outcome": "EXECUTED"
          },
          {
            "path": ":groovy-jsr223:moduleDescriptor",
            "outcome": "EXECUTED"
          },
          {
            "path": ":groovy-jsr223:processResources",
            "outcome": "EXECUTED"
          },
          {
            "path": ":groovy-macro-library:classes",
            "outcome": "EXECUTED"
          },
          {
            "path": ":groovy-macro-library:compileGroovy",
            "outcome": "EXECUTED"
          },
          {
            "path": ":groovy-macro-library:compileJava",
            "outcome": "NO_SOURCE"
          },
          {
            "path": ":groovy-macro-library:generateReleaseInfo",
            "outcome": "EXECUTED"
          },
          {
            "path": ":groovy-macro-library:jar",
            "outcome": "EXECUTED"
          },
          {
            "path": ":groovy-macro-library:moduleDescriptor",
            "outcome": "EXECUTED"
          },
          {
            "path": ":groovy-macro-library:processResources",
            "outcome": "NO_SOURCE"
          },
          {
            "path": ":groovy-macro:classes",
            "outcome": "EXECUTED"
          },
          {
            "path": ":groovy-macro:compileGroovy",
            "outcome": "EXECUTED"
          },
          {
            "path": ":groovy-macro:compileJava",
            "outcome": "NO_SOURCE"
          },
          {
            "path": ":groovy-macro:generateReleaseInfo",
            "outcome": "EXECUTED"
          },
          {
            "path": ":groovy-macro:jar",
            "outcome": "EXECUTED"
          },
          {
            "path": ":groovy-macro:moduleDescriptor",
            "outcome": "EXECUTED"
          },
          {
            "path": ":groovy-macro:processResources",
            "outcome": "EXECUTED"
          },
          {
            "path": ":groovy-nio:classes",
            "outcome": "UP_TO_DATE"
          },
          {
            "path": ":groovy-nio:compileGroovy",
            "outcome": "NO_SOURCE"
          },
          {
            "path": ":groovy-nio:compileJava",
            "outcome": "FROM_CACHE"
          },
          {
            "path": ":groovy-nio:generateReleaseInfo",
            "outcome": "EXECUTED"
          },
          {
            "path": ":groovy-nio:jar",
            "outcome": "EXECUTED"
          },
          {
            "path": ":groovy-nio:moduleDescriptor",
            "outcome": "EXECUTED"
          },
          {
            "path": ":groovy-nio:processResources",
            "outcome": "NO_SOURCE"
          },
          {
            "path": ":groovy-servlet:classes",
            "outcome": "UP_TO_DATE"
          },
          {
            "path": ":groovy-servlet:compileGroovy",
            "outcome": "NO_SOURCE"
          },
          {
            "path": ":groovy-servlet:compileJava",
            "outcome": "FROM_CACHE"
          },
          {
            "path": ":groovy-servlet:generateReleaseInfo",
            "outcome": "EXECUTED"
          },
          {
            "path": ":groovy-servlet:jar",
            "outcome": "EXECUTED"
          },
          {
            "path": ":groovy-servlet:processResources",
            "outcome": "NO_SOURCE"
          },
          {
            "path": ":groovy-sql:classes",
            "outcome": "UP_TO_DATE"
          },
          {
            "path": ":groovy-sql:compileGroovy",
            "outcome": "NO_SOURCE"
          },
          {
            "path": ":groovy-sql:compileJava",
            "outcome": "FROM_CACHE"
          },
          {
            "path": ":groovy-sql:generateReleaseInfo",
            "outcome": "EXECUTED"
          },
          {
            "path": ":groovy-sql:jar",
            "outcome": "EXECUTED"
          },
          {
            "path": ":groovy-sql:moduleDescriptor",
            "outcome": "EXECUTED"
          },
          {
            "path": ":groovy-sql:processResources",
            "outcome": "NO_SOURCE"
          },
          {
            "path": ":groovy-swing:classes",
            "outcome": "EXECUTED"
          },
          {
            "path": ":groovy-swing:compileGroovy",
            "outcome": "EXECUTED"
          },
          {
            "path": ":groovy-swing:compileJava",
            "outcome": "FROM_CACHE"
          },
          {
            "path": ":groovy-swing:generateReleaseInfo",
            "outcome": "EXECUTED"
          },
          {
            "path": ":groovy-swing:jar",
            "outcome": "EXECUTED"
          },
          {
            "path": ":groovy-swing:moduleDescriptor",
            "outcome": "EXECUTED"
          },
          {
            "path": ":groovy-swing:processResources",
            "outcome": "NO_SOURCE"
          },
          {
            "path": ":groovy-templates:classes",
            "outcome": "EXECUTED"
          },
          {
            "path": ":groovy-templates:compileGroovy",
            "outcome": "EXECUTED"
          },
          {
            "path": ":groovy-templates:compileJava",
            "outcome": "NO_SOURCE"
          },
          {
            "path": ":groovy-templates:generateReleaseInfo",
            "outcome": "EXECUTED"
          },
          {
            "path": ":groovy-templates:jar",
            "outcome": "EXECUTED"
          },
          {
            "path": ":groovy-templates:processResources",
            "outcome": "NO_SOURCE"
          },
          {
            "path": ":groovy-test-junit5:classes",
            "outcome": "EXECUTED"
          },
          {
            "path": ":groovy-test-junit5:compileGroovy",
            "outcome": "EXECUTED"
          },
          {
            "path": ":groovy-test-junit5:compileJava",
            "outcome": "FROM_CACHE"
          },
          {
            "path": ":groovy-test-junit5:generateReleaseInfo",
            "outcome": "EXECUTED"
          },
          {
            "path": ":groovy-test-junit5:jar",
            "outcome": "EXECUTED"
          },
          {
            "path": ":groovy-test-junit5:processResources",
            "outcome": "EXECUTED"
          },
          {
            "path": ":groovy-test:classes",
            "outcome": "EXECUTED"
          },
          {
            "path": ":groovy-test:compileGroovy",
            "outcome": "EXECUTED"
          },
          {
            "path": ":groovy-test:compileJava",
            "outcome": "FROM_CACHE"
          },
          {
            "path": ":groovy-test:generateReleaseInfo",
            "outcome": "EXECUTED"
          },
          {
            "path": ":groovy-test:jar",
            "outcome": "EXECUTED"
          },
          {
            "path": ":groovy-test:processResources",
            "outcome": "NO_SOURCE"
          },
          {
            "path": ":groovy-testng:classes",
            "outcome": "EXECUTED"
          },
          {
            "path": ":groovy-testng:compileGroovy",
            "outcome": "NO_SOURCE"
          },
          {
            "path": ":groovy-testng:compileJava",
            "outcome": "FROM_CACHE"
          },
          {
            "path": ":groovy-testng:generateReleaseInfo",
            "outcome": "EXECUTED"
          },
          {
            "path": ":groovy-testng:jar",
            "outcome": "EXECUTED"
          },
          {
            "path": ":groovy-testng:processResources",
            "outcome": "EXECUTED"
          },
          {
            "path": ":groovy-toml:classes",
            "outcome": "EXECUTED"
          },
          {
            "path": ":groovy-toml:compileGroovy",
            "outcome": "NO_SOURCE"
          },
          {
            "path": ":groovy-toml:compileJava",
            "outcome": "EXECUTED"
          },
          {
            "path": ":groovy-toml:generateReleaseInfo",
            "outcome": "EXECUTED"
          },
          {
            "path": ":groovy-toml:jar",
            "outcome": "EXECUTED"
          },
          {
            "path": ":groovy-toml:processResources",
            "outcome": "NO_SOURCE"
          },
          {
            "path": ":groovy-typecheckers:classes",
            "outcome": "EXECUTED"
          },
          {
            "path": ":groovy-typecheckers:compileGroovy",
            "outcome": "EXECUTED"
          },
          {
            "path": ":groovy-typecheckers:compileJava",
            "outcome": "NO_SOURCE"
          },
          {
            "path": ":groovy-typecheckers:generateReleaseInfo",
            "outcome": "EXECUTED"
          },
          {
            "path": ":groovy-typecheckers:jar",
            "outcome": "EXECUTED"
          },
          {
            "path": ":groovy-typecheckers:processResources",
            "outcome": "NO_SOURCE"
          },
          {
            "path": ":groovy-xml:classes",
            "outcome": "EXECUTED"
          },
          {
            "path": ":groovy-xml:compileGroovy",
            "outcome": "EXECUTED"
          },
          {
            "path": ":groovy-xml:compileJava",
            "outcome": "FROM_CACHE"
          },
          {
            "path": ":groovy-xml:generateReleaseInfo",
            "outcome": "EXECUTED"
          },
          {
            "path": ":groovy-xml:jar",
            "outcome": "EXECUTED"
          },
          {
            "path": ":groovy-xml:moduleDescriptor",
            "outcome": "EXECUTED"
          },
          {
            "path": ":groovy-xml:processResources",
            "outcome": "NO_SOURCE"
          },
          {
            "path": ":groovy-yaml:classes",
            "outcome": "EXECUTED"
          },
          {
            "path": ":groovy-yaml:compileGroovy",
            "outcome": "NO_SOURCE"
          },
          {
            "path": ":groovy-yaml:compileJava",
            "outcome": "EXECUTED"
          },
          {
            "path": ":groovy-yaml:generateReleaseInfo",
            "outcome": "EXECUTED"
          },
          {
            "path": ":groovy-yaml:jar",
            "outcome": "EXECUTED"
          },
          {
            "path": ":groovy-yaml:processResources",
            "outcome": "NO_SOURCE"
          },
          {
            "path": ":jar",
            "outcome": "EXECUTED"
          },
          {
            "path": ":osgiClasses",
            "outcome": "EXECUTED"
          },
          {
            "path": ":performance:classes",
            "outcome": "UP_TO_DATE"
          },
          {
            "path": ":performance:compileGroovy",
            "outcome": "NO_SOURCE"
          },
          {
            "path": ":performance:compileJava",
            "outcome": "NO_SOURCE"
          },
          {
            "path": ":performance:jar",
            "outcome": "EXECUTED"
          },
          {
            "path": ":performance:processResources",
            "outcome": "NO_SOURCE"
          },
          {
            "path": ":processResources",
            "outcome": "EXECUTED"
          },
          {
            "path": ":stress:classes",
            "outcome": "UP_TO_DATE"
          },
          {
            "path": ":stress:compileGroovy",
            "outcome": "NO_SOURCE"
          },
          {
            "path": ":stress:compileJava",
            "outcome": "NO_SOURCE"
          },
          {
            "path": ":stress:jar",
            "outcome": "EXECUTED"
          },
          {
            "path": ":stress:processResources",
            "outcome": "NO_SOURCE"
          },
          {
            "path": ":tests-preview:classes",
            "outcome": "UP_TO_DATE"
          },
          {
            "path": ":tests-preview:compileGroovy",
            "outcome": "NO_SOURCE"
          },
          {
            "path": ":tests-preview:compileJava",
            "outcome": "NO_SOURCE"
          },
          {
            "path": ":tests-preview:jar",
            "outcome": "EXECUTED"
          },
          {
            "path": ":tests-preview:processResources",
            "outcome": "NO_SOURCE"
          }
        ]
      },
      "candidateTaskOutcomes": {
        "total": 25,
        "executed": 16,
        "fromCache": 8,
        "upToDate": 0,
        "noSource": 1,
        "skipped": 0,
        "fingerprintSha256": "b43c808e47c00d49cfb56f71197b3295e884e9f536fb660c7889cb8b633b76e2",
        "tasks": [
          {
            "path": ":bootstrapJar",
            "outcome": "EXECUTED"
          },
          {
            "path": ":build-logic:classes",
            "outcome": "EXECUTED"
          },
          {
            "path": ":build-logic:compileGroovy",
            "outcome": "FROM_CACHE"
          },
          {
            "path": ":build-logic:compileGroovyPlugins",
            "outcome": "FROM_CACHE"
          },
          {
            "path": ":build-logic:compileJava",
            "outcome": "FROM_CACHE"
          },
          {
            "path": ":build-logic:extractPluginRequests",
            "outcome": "FROM_CACHE"
          },
          {
            "path": ":build-logic:generatePluginAdapters",
            "outcome": "FROM_CACHE"
          },
          {
            "path": ":build-logic:jar",
            "outcome": "EXECUTED"
          },
          {
            "path": ":build-logic:pluginDescriptors",
            "outcome": "EXECUTED"
          },
          {
            "path": ":build-logic:processResources",
            "outcome": "EXECUTED"
          },
          {
            "path": ":classes",
            "outcome": "EXECUTED"
          },
          {
            "path": ":compileGroovy",
            "outcome": "EXECUTED"
          },
          {
            "path": ":compileJava",
            "outcome": "FROM_CACHE"
          },
          {
            "path": ":dgmConverter",
            "outcome": "FROM_CACHE"
          },
          {
            "path": ":generateGrammarSource",
            "outcome": "FROM_CACHE"
          },
          {
            "path": ":generateReleaseInfo",
            "outcome": "EXECUTED"
          },
          {
            "path": ":groovy-json:classes",
            "outcome": "EXECUTED"
          },
          {
            "path": ":groovy-json:compileGroovy",
            "outcome": "NO_SOURCE"
          },
          {
            "path": ":groovy-json:compileJava",
            "outcome": "EXECUTED"
          },
          {
            "path": ":groovy-json:generateReleaseInfo",
            "outcome": "EXECUTED"
          },
          {
            "path": ":groovy-json:jar",
            "outcome": "EXECUTED"
          },
          {
            "path": ":groovy-json:processResources",
            "outcome": "EXECUTED"
          },
          {
            "path": ":jar",
            "outcome": "EXECUTED"
          },
          {
            "path": ":osgiClasses",
            "outcome": "EXECUTED"
          },
          {
            "path": ":processResources",
            "outcome": "EXECUTED"
          }
        ]
      },
      "controlHostPressure": {
        "available": true,
        "cpuSomeTotalUs": 18192246,
        "memorySomeTotalUs": 1560,
        "memoryFullTotalUs": 1560,
        "ioSomeTotalUs": 37921454,
        "ioFullTotalUs": 15254201
      },
      "candidateHostPressure": {
        "available": true,
        "cpuSomeTotalUs": 97052,
        "memorySomeTotalUs": 0,
        "memoryFullTotalUs": 0,
        "ioSomeTotalUs": 11705535,
        "ioFullTotalUs": 9019048
      }
    },
    {
      "pair": 7,
      "order": "CONTROL_FIRST",
      "controlDurationMs": 75849,
      "candidateDurationMs": 20599,
      "savedMs": 55250,
      "controlRequiredOutputSha256": "27f462c377352f1f2a4074f1fae1f96ed51ec97f97e5b42237a57174204da1d5",
      "candidateRequiredOutputSha256": "27f462c377352f1f2a4074f1fae1f96ed51ec97f97e5b42237a57174204da1d5",
      "requiredOutputCount": 1,
      "productAttributableFailure": false,
      "controlLogSha256": "bc79f576597ab707c8a926a160634491c634576a1d0f5f79a83d5839b3d48ce3",
      "candidateLogSha256": "bc18f21f45bd697c2912b091664db7c313680e7ff78c66d0d2d67225db209000",
      "controlTaskOutcomes": {
        "total": 218,
        "executed": 138,
        "fromCache": 24,
        "upToDate": 8,
        "noSource": 48,
        "skipped": 0,
        "fingerprintSha256": "a8c9059b0fb2a799ddfba8828062a5ba4fb07b5deb583fa958f0ecb41079e151",
        "tasks": [
          {
            "path": ":bootstrapJar",
            "outcome": "EXECUTED"
          },
          {
            "path": ":build-logic:classes",
            "outcome": "EXECUTED"
          },
          {
            "path": ":build-logic:compileGroovy",
            "outcome": "FROM_CACHE"
          },
          {
            "path": ":build-logic:compileGroovyPlugins",
            "outcome": "FROM_CACHE"
          },
          {
            "path": ":build-logic:compileJava",
            "outcome": "FROM_CACHE"
          },
          {
            "path": ":build-logic:extractPluginRequests",
            "outcome": "FROM_CACHE"
          },
          {
            "path": ":build-logic:generatePluginAdapters",
            "outcome": "FROM_CACHE"
          },
          {
            "path": ":build-logic:jar",
            "outcome": "EXECUTED"
          },
          {
            "path": ":build-logic:pluginDescriptors",
            "outcome": "EXECUTED"
          },
          {
            "path": ":build-logic:processResources",
            "outcome": "EXECUTED"
          },
          {
            "path": ":classes",
            "outcome": "EXECUTED"
          },
          {
            "path": ":compileGroovy",
            "outcome": "EXECUTED"
          },
          {
            "path": ":compileJava",
            "outcome": "FROM_CACHE"
          },
          {
            "path": ":dgmConverter",
            "outcome": "FROM_CACHE"
          },
          {
            "path": ":generateGrammarSource",
            "outcome": "FROM_CACHE"
          },
          {
            "path": ":generateReleaseInfo",
            "outcome": "EXECUTED"
          },
          {
            "path": ":groovy-ant:classes",
            "outcome": "EXECUTED"
          },
          {
            "path": ":groovy-ant:compileGroovy",
            "outcome": "EXECUTED"
          },
          {
            "path": ":groovy-ant:compileJava",
            "outcome": "FROM_CACHE"
          },
          {
            "path": ":groovy-ant:generateReleaseInfo",
            "outcome": "EXECUTED"
          },
          {
            "path": ":groovy-ant:jar",
            "outcome": "EXECUTED"
          },
          {
            "path": ":groovy-ant:processResources",
            "outcome": "EXECUTED"
          },
          {
            "path": ":groovy-astbuilder:classes",
            "outcome": "EXECUTED"
          },
          {
            "path": ":groovy-astbuilder:compileGroovy",
            "outcome": "NO_SOURCE"
          },
          {
            "path": ":groovy-astbuilder:compileJava",
            "outcome": "FROM_CACHE"
          },
          {
            "path": ":groovy-astbuilder:generateReleaseInfo",
            "outcome": "EXECUTED"
          },
          {
            "path": ":groovy-astbuilder:jar",
            "outcome": "EXECUTED"
          },
          {
            "path": ":groovy-astbuilder:processResources",
            "outcome": "EXECUTED"
          },
          {
            "path": ":groovy-cli-commons:classes",
            "outcome": "EXECUTED"
          },
          {
            "path": ":groovy-cli-commons:compileGroovy",
            "outcome": "EXECUTED"
          },
          {
            "path": ":groovy-cli-commons:compileJava",
            "outcome": "NO_SOURCE"
          },
          {
            "path": ":groovy-cli-commons:generateReleaseInfo",
            "outcome": "EXECUTED"
          },
          {
            "path": ":groovy-cli-commons:jar",
            "outcome": "EXECUTED"
          },
          {
            "path": ":groovy-cli-commons:processResources",
            "outcome": "NO_SOURCE"
          },
          {
            "path": ":groovy-cli-picocli:classes",
            "outcome": "EXECUTED"
          },
          {
            "path": ":groovy-cli-picocli:compileGroovy",
            "outcome": "EXECUTED"
          },
          {
            "path": ":groovy-cli-picocli:compileJava",
            "outcome": "NO_SOURCE"
          },
          {
            "path": ":groovy-cli-picocli:generateReleaseInfo",
            "outcome": "EXECUTED"
          },
          {
            "path": ":groovy-cli-picocli:jar",
            "outcome": "EXECUTED"
          },
          {
            "path": ":groovy-cli-picocli:processResources",
            "outcome": "NO_SOURCE"
          },
          {
            "path": ":groovy-console:classes",
            "outcome": "EXECUTED"
          },
          {
            "path": ":groovy-console:compileGroovy",
            "outcome": "EXECUTED"
          },
          {
            "path": ":groovy-console:compileJava",
            "outcome": "NO_SOURCE"
          },
          {
            "path": ":groovy-console:generateReleaseInfo",
            "outcome": "EXECUTED"
          },
          {
            "path": ":groovy-console:jar",
            "outcome": "EXECUTED"
          },
          {
            "path": ":groovy-console:processResources",
            "outcome": "EXECUTED"
          },
          {
            "path": ":groovy-contracts:classes",
            "outcome": "EXECUTED"
          },
          {
            "path": ":groovy-contracts:compileGroovy",
            "outcome": "NO_SOURCE"
          },
          {
            "path": ":groovy-contracts:compileJava",
            "outcome": "FROM_CACHE"
          },
          {
            "path": ":groovy-contracts:generateReleaseInfo",
            "outcome": "EXECUTED"
          },
          {
            "path": ":groovy-contracts:jar",
            "outcome": "EXECUTED"
          },
          {
            "path": ":groovy-contracts:processResources",
            "outcome": "EXECUTED"
          },
          {
            "path": ":groovy-datetime:classes",
            "outcome": "UP_TO_DATE"
          },
          {
            "path": ":groovy-datetime:compileGroovy",
            "outcome": "NO_SOURCE"
          },
          {
            "path": ":groovy-datetime:compileJava",
            "outcome": "FROM_CACHE"
          },
          {
            "path": ":groovy-datetime:generateReleaseInfo",
            "outcome": "EXECUTED"
          },
          {
            "path": ":groovy-datetime:jar",
            "outcome": "EXECUTED"
          },
          {
            "path": ":groovy-datetime:moduleDescriptor",
            "outcome": "EXECUTED"
          },
          {
            "path": ":groovy-datetime:processResources",
            "outcome": "NO_SOURCE"
          },
          {
            "path": ":groovy-dateutil:classes",
            "outcome": "UP_TO_DATE"
          },
          {
            "path": ":groovy-dateutil:compileGroovy",
            "outcome": "NO_SOURCE"
          },
          {
            "path": ":groovy-dateutil:compileJava",
            "outcome": "FROM_CACHE"
          },
          {
            "path": ":groovy-dateutil:generateReleaseInfo",
            "outcome": "EXECUTED"
          },
          {
            "path": ":groovy-dateutil:jar",
            "outcome": "EXECUTED"
          },
          {
            "path": ":groovy-dateutil:moduleDescriptor",
            "outcome": "EXECUTED"
          },
          {
            "path": ":groovy-dateutil:processResources",
            "outcome": "NO_SOURCE"
          },
          {
            "path": ":groovy-docgenerator:classes",
            "outcome": "EXECUTED"
          },
          {
            "path": ":groovy-docgenerator:compileGroovy",
            "outcome": "EXECUTED"
          },
          {
            "path": ":groovy-docgenerator:compileJava",
            "outcome": "NO_SOURCE"
          },
          {
            "path": ":groovy-docgenerator:generateReleaseInfo",
            "outcome": "EXECUTED"
          },
          {
            "path": ":groovy-docgenerator:jar",
            "outcome": "EXECUTED"
          },
          {
            "path": ":groovy-docgenerator:processResources",
            "outcome": "EXECUTED"
          },
          {
            "path": ":groovy-ginq:classes",
            "outcome": "EXECUTED"
          },
          {
            "path": ":groovy-ginq:compileGroovy",
            "outcome": "EXECUTED"
          },
          {
            "path": ":groovy-ginq:compileJava",
            "outcome": "NO_SOURCE"
          },
          {
            "path": ":groovy-ginq:generateReleaseInfo",
            "outcome": "EXECUTED"
          },
          {
            "path": ":groovy-ginq:jar",
            "outcome": "EXECUTED"
          },
          {
            "path": ":groovy-ginq:moduleDescriptor",
            "outcome": "EXECUTED"
          },
          {
            "path": ":groovy-ginq:processResources",
            "outcome": "NO_SOURCE"
          },
          {
            "path": ":groovy-groovydoc:classes",
            "outcome": "EXECUTED"
          },
          {
            "path": ":groovy-groovydoc:compileGroovy",
            "outcome": "EXECUTED"
          },
          {
            "path": ":groovy-groovydoc:compileJava",
            "outcome": "FROM_CACHE"
          },
          {
            "path": ":groovy-groovydoc:generateReleaseInfo",
            "outcome": "EXECUTED"
          },
          {
            "path": ":groovy-groovydoc:jar",
            "outcome": "EXECUTED"
          },
          {
            "path": ":groovy-groovydoc:processResources",
            "outcome": "EXECUTED"
          },
          {
            "path": ":groovy-groovysh:classes",
            "outcome": "EXECUTED"
          },
          {
            "path": ":groovy-groovysh:compileGroovy",
            "outcome": "EXECUTED"
          },
          {
            "path": ":groovy-groovysh:compileJava",
            "outcome": "NO_SOURCE"
          },
          {
            "path": ":groovy-groovysh:generateReleaseInfo",
            "outcome": "EXECUTED"
          },
          {
            "path": ":groovy-groovysh:jar",
            "outcome": "EXECUTED"
          },
          {
            "path": ":groovy-groovysh:processResources",
            "outcome": "EXECUTED"
          },
          {
            "path": ":groovy-jmx:classes",
            "outcome": "EXECUTED"
          },
          {
            "path": ":groovy-jmx:compileGroovy",
            "outcome": "EXECUTED"
          },
          {
            "path": ":groovy-jmx:compileJava",
            "outcome": "FROM_CACHE"
          },
          {
            "path": ":groovy-jmx:generateReleaseInfo",
            "outcome": "EXECUTED"
          },
          {
            "path": ":groovy-jmx:jar",
            "outcome": "EXECUTED"
          },
          {
            "path": ":groovy-jmx:processResources",
            "outcome": "NO_SOURCE"
          },
          {
            "path": ":groovy-json:classes",
            "outcome": "EXECUTED"
          },
          {
            "path": ":groovy-json:compileGroovy",
            "outcome": "NO_SOURCE"
          },
          {
            "path": ":groovy-json:compileJava",
            "outcome": "EXECUTED"
          },
          {
            "path": ":groovy-json:generateReleaseInfo",
            "outcome": "EXECUTED"
          },
          {
            "path": ":groovy-json:jar",
            "outcome": "EXECUTED"
          },
          {
            "path": ":groovy-json:processResources",
            "outcome": "EXECUTED"
          },
          {
            "path": ":groovy-jsr223:classes",
            "outcome": "EXECUTED"
          },
          {
            "path": ":groovy-jsr223:compileGroovy",
            "outcome": "NO_SOURCE"
          },
          {
            "path": ":groovy-jsr223:compileJava",
            "outcome": "FROM_CACHE"
          },
          {
            "path": ":groovy-jsr223:generateReleaseInfo",
            "outcome": "EXECUTED"
          },
          {
            "path": ":groovy-jsr223:jar",
            "outcome": "EXECUTED"
          },
          {
            "path": ":groovy-jsr223:moduleDescriptor",
            "outcome": "EXECUTED"
          },
          {
            "path": ":groovy-jsr223:processResources",
            "outcome": "EXECUTED"
          },
          {
            "path": ":groovy-macro-library:classes",
            "outcome": "EXECUTED"
          },
          {
            "path": ":groovy-macro-library:compileGroovy",
            "outcome": "EXECUTED"
          },
          {
            "path": ":groovy-macro-library:compileJava",
            "outcome": "NO_SOURCE"
          },
          {
            "path": ":groovy-macro-library:generateReleaseInfo",
            "outcome": "EXECUTED"
          },
          {
            "path": ":groovy-macro-library:jar",
            "outcome": "EXECUTED"
          },
          {
            "path": ":groovy-macro-library:moduleDescriptor",
            "outcome": "EXECUTED"
          },
          {
            "path": ":groovy-macro-library:processResources",
            "outcome": "NO_SOURCE"
          },
          {
            "path": ":groovy-macro:classes",
            "outcome": "EXECUTED"
          },
          {
            "path": ":groovy-macro:compileGroovy",
            "outcome": "EXECUTED"
          },
          {
            "path": ":groovy-macro:compileJava",
            "outcome": "NO_SOURCE"
          },
          {
            "path": ":groovy-macro:generateReleaseInfo",
            "outcome": "EXECUTED"
          },
          {
            "path": ":groovy-macro:jar",
            "outcome": "EXECUTED"
          },
          {
            "path": ":groovy-macro:moduleDescriptor",
            "outcome": "EXECUTED"
          },
          {
            "path": ":groovy-macro:processResources",
            "outcome": "EXECUTED"
          },
          {
            "path": ":groovy-nio:classes",
            "outcome": "UP_TO_DATE"
          },
          {
            "path": ":groovy-nio:compileGroovy",
            "outcome": "NO_SOURCE"
          },
          {
            "path": ":groovy-nio:compileJava",
            "outcome": "FROM_CACHE"
          },
          {
            "path": ":groovy-nio:generateReleaseInfo",
            "outcome": "EXECUTED"
          },
          {
            "path": ":groovy-nio:jar",
            "outcome": "EXECUTED"
          },
          {
            "path": ":groovy-nio:moduleDescriptor",
            "outcome": "EXECUTED"
          },
          {
            "path": ":groovy-nio:processResources",
            "outcome": "NO_SOURCE"
          },
          {
            "path": ":groovy-servlet:classes",
            "outcome": "UP_TO_DATE"
          },
          {
            "path": ":groovy-servlet:compileGroovy",
            "outcome": "NO_SOURCE"
          },
          {
            "path": ":groovy-servlet:compileJava",
            "outcome": "FROM_CACHE"
          },
          {
            "path": ":groovy-servlet:generateReleaseInfo",
            "outcome": "EXECUTED"
          },
          {
            "path": ":groovy-servlet:jar",
            "outcome": "EXECUTED"
          },
          {
            "path": ":groovy-servlet:processResources",
            "outcome": "NO_SOURCE"
          },
          {
            "path": ":groovy-sql:classes",
            "outcome": "UP_TO_DATE"
          },
          {
            "path": ":groovy-sql:compileGroovy",
            "outcome": "NO_SOURCE"
          },
          {
            "path": ":groovy-sql:compileJava",
            "outcome": "FROM_CACHE"
          },
          {
            "path": ":groovy-sql:generateReleaseInfo",
            "outcome": "EXECUTED"
          },
          {
            "path": ":groovy-sql:jar",
            "outcome": "EXECUTED"
          },
          {
            "path": ":groovy-sql:moduleDescriptor",
            "outcome": "EXECUTED"
          },
          {
            "path": ":groovy-sql:processResources",
            "outcome": "NO_SOURCE"
          },
          {
            "path": ":groovy-swing:classes",
            "outcome": "EXECUTED"
          },
          {
            "path": ":groovy-swing:compileGroovy",
            "outcome": "EXECUTED"
          },
          {
            "path": ":groovy-swing:compileJava",
            "outcome": "FROM_CACHE"
          },
          {
            "path": ":groovy-swing:generateReleaseInfo",
            "outcome": "EXECUTED"
          },
          {
            "path": ":groovy-swing:jar",
            "outcome": "EXECUTED"
          },
          {
            "path": ":groovy-swing:moduleDescriptor",
            "outcome": "EXECUTED"
          },
          {
            "path": ":groovy-swing:processResources",
            "outcome": "NO_SOURCE"
          },
          {
            "path": ":groovy-templates:classes",
            "outcome": "EXECUTED"
          },
          {
            "path": ":groovy-templates:compileGroovy",
            "outcome": "EXECUTED"
          },
          {
            "path": ":groovy-templates:compileJava",
            "outcome": "NO_SOURCE"
          },
          {
            "path": ":groovy-templates:generateReleaseInfo",
            "outcome": "EXECUTED"
          },
          {
            "path": ":groovy-templates:jar",
            "outcome": "EXECUTED"
          },
          {
            "path": ":groovy-templates:processResources",
            "outcome": "NO_SOURCE"
          },
          {
            "path": ":groovy-test-junit5:classes",
            "outcome": "EXECUTED"
          },
          {
            "path": ":groovy-test-junit5:compileGroovy",
            "outcome": "EXECUTED"
          },
          {
            "path": ":groovy-test-junit5:compileJava",
            "outcome": "FROM_CACHE"
          },
          {
            "path": ":groovy-test-junit5:generateReleaseInfo",
            "outcome": "EXECUTED"
          },
          {
            "path": ":groovy-test-junit5:jar",
            "outcome": "EXECUTED"
          },
          {
            "path": ":groovy-test-junit5:processResources",
            "outcome": "EXECUTED"
          },
          {
            "path": ":groovy-test:classes",
            "outcome": "EXECUTED"
          },
          {
            "path": ":groovy-test:compileGroovy",
            "outcome": "EXECUTED"
          },
          {
            "path": ":groovy-test:compileJava",
            "outcome": "FROM_CACHE"
          },
          {
            "path": ":groovy-test:generateReleaseInfo",
            "outcome": "EXECUTED"
          },
          {
            "path": ":groovy-test:jar",
            "outcome": "EXECUTED"
          },
          {
            "path": ":groovy-test:processResources",
            "outcome": "NO_SOURCE"
          },
          {
            "path": ":groovy-testng:classes",
            "outcome": "EXECUTED"
          },
          {
            "path": ":groovy-testng:compileGroovy",
            "outcome": "NO_SOURCE"
          },
          {
            "path": ":groovy-testng:compileJava",
            "outcome": "FROM_CACHE"
          },
          {
            "path": ":groovy-testng:generateReleaseInfo",
            "outcome": "EXECUTED"
          },
          {
            "path": ":groovy-testng:jar",
            "outcome": "EXECUTED"
          },
          {
            "path": ":groovy-testng:processResources",
            "outcome": "EXECUTED"
          },
          {
            "path": ":groovy-toml:classes",
            "outcome": "EXECUTED"
          },
          {
            "path": ":groovy-toml:compileGroovy",
            "outcome": "NO_SOURCE"
          },
          {
            "path": ":groovy-toml:compileJava",
            "outcome": "EXECUTED"
          },
          {
            "path": ":groovy-toml:generateReleaseInfo",
            "outcome": "EXECUTED"
          },
          {
            "path": ":groovy-toml:jar",
            "outcome": "EXECUTED"
          },
          {
            "path": ":groovy-toml:processResources",
            "outcome": "NO_SOURCE"
          },
          {
            "path": ":groovy-typecheckers:classes",
            "outcome": "EXECUTED"
          },
          {
            "path": ":groovy-typecheckers:compileGroovy",
            "outcome": "EXECUTED"
          },
          {
            "path": ":groovy-typecheckers:compileJava",
            "outcome": "NO_SOURCE"
          },
          {
            "path": ":groovy-typecheckers:generateReleaseInfo",
            "outcome": "EXECUTED"
          },
          {
            "path": ":groovy-typecheckers:jar",
            "outcome": "EXECUTED"
          },
          {
            "path": ":groovy-typecheckers:processResources",
            "outcome": "NO_SOURCE"
          },
          {
            "path": ":groovy-xml:classes",
            "outcome": "EXECUTED"
          },
          {
            "path": ":groovy-xml:compileGroovy",
            "outcome": "EXECUTED"
          },
          {
            "path": ":groovy-xml:compileJava",
            "outcome": "FROM_CACHE"
          },
          {
            "path": ":groovy-xml:generateReleaseInfo",
            "outcome": "EXECUTED"
          },
          {
            "path": ":groovy-xml:jar",
            "outcome": "EXECUTED"
          },
          {
            "path": ":groovy-xml:moduleDescriptor",
            "outcome": "EXECUTED"
          },
          {
            "path": ":groovy-xml:processResources",
            "outcome": "NO_SOURCE"
          },
          {
            "path": ":groovy-yaml:classes",
            "outcome": "EXECUTED"
          },
          {
            "path": ":groovy-yaml:compileGroovy",
            "outcome": "NO_SOURCE"
          },
          {
            "path": ":groovy-yaml:compileJava",
            "outcome": "EXECUTED"
          },
          {
            "path": ":groovy-yaml:generateReleaseInfo",
            "outcome": "EXECUTED"
          },
          {
            "path": ":groovy-yaml:jar",
            "outcome": "EXECUTED"
          },
          {
            "path": ":groovy-yaml:processResources",
            "outcome": "NO_SOURCE"
          },
          {
            "path": ":jar",
            "outcome": "EXECUTED"
          },
          {
            "path": ":osgiClasses",
            "outcome": "EXECUTED"
          },
          {
            "path": ":performance:classes",
            "outcome": "UP_TO_DATE"
          },
          {
            "path": ":performance:compileGroovy",
            "outcome": "NO_SOURCE"
          },
          {
            "path": ":performance:compileJava",
            "outcome": "NO_SOURCE"
          },
          {
            "path": ":performance:jar",
            "outcome": "EXECUTED"
          },
          {
            "path": ":performance:processResources",
            "outcome": "NO_SOURCE"
          },
          {
            "path": ":processResources",
            "outcome": "EXECUTED"
          },
          {
            "path": ":stress:classes",
            "outcome": "UP_TO_DATE"
          },
          {
            "path": ":stress:compileGroovy",
            "outcome": "NO_SOURCE"
          },
          {
            "path": ":stress:compileJava",
            "outcome": "NO_SOURCE"
          },
          {
            "path": ":stress:jar",
            "outcome": "EXECUTED"
          },
          {
            "path": ":stress:processResources",
            "outcome": "NO_SOURCE"
          },
          {
            "path": ":tests-preview:classes",
            "outcome": "UP_TO_DATE"
          },
          {
            "path": ":tests-preview:compileGroovy",
            "outcome": "NO_SOURCE"
          },
          {
            "path": ":tests-preview:compileJava",
            "outcome": "NO_SOURCE"
          },
          {
            "path": ":tests-preview:jar",
            "outcome": "EXECUTED"
          },
          {
            "path": ":tests-preview:processResources",
            "outcome": "NO_SOURCE"
          }
        ]
      },
      "candidateTaskOutcomes": {
        "total": 25,
        "executed": 16,
        "fromCache": 8,
        "upToDate": 0,
        "noSource": 1,
        "skipped": 0,
        "fingerprintSha256": "b43c808e47c00d49cfb56f71197b3295e884e9f536fb660c7889cb8b633b76e2",
        "tasks": [
          {
            "path": ":bootstrapJar",
            "outcome": "EXECUTED"
          },
          {
            "path": ":build-logic:classes",
            "outcome": "EXECUTED"
          },
          {
            "path": ":build-logic:compileGroovy",
            "outcome": "FROM_CACHE"
          },
          {
            "path": ":build-logic:compileGroovyPlugins",
            "outcome": "FROM_CACHE"
          },
          {
            "path": ":build-logic:compileJava",
            "outcome": "FROM_CACHE"
          },
          {
            "path": ":build-logic:extractPluginRequests",
            "outcome": "FROM_CACHE"
          },
          {
            "path": ":build-logic:generatePluginAdapters",
            "outcome": "FROM_CACHE"
          },
          {
            "path": ":build-logic:jar",
            "outcome": "EXECUTED"
          },
          {
            "path": ":build-logic:pluginDescriptors",
            "outcome": "EXECUTED"
          },
          {
            "path": ":build-logic:processResources",
            "outcome": "EXECUTED"
          },
          {
            "path": ":classes",
            "outcome": "EXECUTED"
          },
          {
            "path": ":compileGroovy",
            "outcome": "EXECUTED"
          },
          {
            "path": ":compileJava",
            "outcome": "FROM_CACHE"
          },
          {
            "path": ":dgmConverter",
            "outcome": "FROM_CACHE"
          },
          {
            "path": ":generateGrammarSource",
            "outcome": "FROM_CACHE"
          },
          {
            "path": ":generateReleaseInfo",
            "outcome": "EXECUTED"
          },
          {
            "path": ":groovy-json:classes",
            "outcome": "EXECUTED"
          },
          {
            "path": ":groovy-json:compileGroovy",
            "outcome": "NO_SOURCE"
          },
          {
            "path": ":groovy-json:compileJava",
            "outcome": "EXECUTED"
          },
          {
            "path": ":groovy-json:generateReleaseInfo",
            "outcome": "EXECUTED"
          },
          {
            "path": ":groovy-json:jar",
            "outcome": "EXECUTED"
          },
          {
            "path": ":groovy-json:processResources",
            "outcome": "EXECUTED"
          },
          {
            "path": ":jar",
            "outcome": "EXECUTED"
          },
          {
            "path": ":osgiClasses",
            "outcome": "EXECUTED"
          },
          {
            "path": ":processResources",
            "outcome": "EXECUTED"
          }
        ]
      },
      "controlHostPressure": {
        "available": true,
        "cpuSomeTotalUs": 18752883,
        "memorySomeTotalUs": 4362,
        "memoryFullTotalUs": 4362,
        "ioSomeTotalUs": 38139317,
        "ioFullTotalUs": 14511852
      },
      "candidateHostPressure": {
        "available": true,
        "cpuSomeTotalUs": 113899,
        "memorySomeTotalUs": 0,
        "memoryFullTotalUs": 0,
        "ioSomeTotalUs": 13078389,
        "ioFullTotalUs": 9750233
      }
    },
    {
      "pair": 8,
      "order": "CANDIDATE_FIRST",
      "controlDurationMs": 71522,
      "candidateDurationMs": 16053,
      "savedMs": 55469,
      "controlRequiredOutputSha256": "27f462c377352f1f2a4074f1fae1f96ed51ec97f97e5b42237a57174204da1d5",
      "candidateRequiredOutputSha256": "27f462c377352f1f2a4074f1fae1f96ed51ec97f97e5b42237a57174204da1d5",
      "requiredOutputCount": 1,
      "productAttributableFailure": false,
      "controlLogSha256": "a82f128c1dbb7119d2e0e7cb39189455cee69c9baa11e9fd477efb0b90e83039",
      "candidateLogSha256": "71c695ae6ca5d563fdc7459fffd099ee3af760122281fe4a16f024d2aa428024",
      "controlTaskOutcomes": {
        "total": 218,
        "executed": 138,
        "fromCache": 24,
        "upToDate": 8,
        "noSource": 48,
        "skipped": 0,
        "fingerprintSha256": "a8c9059b0fb2a799ddfba8828062a5ba4fb07b5deb583fa958f0ecb41079e151",
        "tasks": [
          {
            "path": ":bootstrapJar",
            "outcome": "EXECUTED"
          },
          {
            "path": ":build-logic:classes",
            "outcome": "EXECUTED"
          },
          {
            "path": ":build-logic:compileGroovy",
            "outcome": "FROM_CACHE"
          },
          {
            "path": ":build-logic:compileGroovyPlugins",
            "outcome": "FROM_CACHE"
          },
          {
            "path": ":build-logic:compileJava",
            "outcome": "FROM_CACHE"
          },
          {
            "path": ":build-logic:extractPluginRequests",
            "outcome": "FROM_CACHE"
          },
          {
            "path": ":build-logic:generatePluginAdapters",
            "outcome": "FROM_CACHE"
          },
          {
            "path": ":build-logic:jar",
            "outcome": "EXECUTED"
          },
          {
            "path": ":build-logic:pluginDescriptors",
            "outcome": "EXECUTED"
          },
          {
            "path": ":build-logic:processResources",
            "outcome": "EXECUTED"
          },
          {
            "path": ":classes",
            "outcome": "EXECUTED"
          },
          {
            "path": ":compileGroovy",
            "outcome": "EXECUTED"
          },
          {
            "path": ":compileJava",
            "outcome": "FROM_CACHE"
          },
          {
            "path": ":dgmConverter",
            "outcome": "FROM_CACHE"
          },
          {
            "path": ":generateGrammarSource",
            "outcome": "FROM_CACHE"
          },
          {
            "path": ":generateReleaseInfo",
            "outcome": "EXECUTED"
          },
          {
            "path": ":groovy-ant:classes",
            "outcome": "EXECUTED"
          },
          {
            "path": ":groovy-ant:compileGroovy",
            "outcome": "EXECUTED"
          },
          {
            "path": ":groovy-ant:compileJava",
            "outcome": "FROM_CACHE"
          },
          {
            "path": ":groovy-ant:generateReleaseInfo",
            "outcome": "EXECUTED"
          },
          {
            "path": ":groovy-ant:jar",
            "outcome": "EXECUTED"
          },
          {
            "path": ":groovy-ant:processResources",
            "outcome": "EXECUTED"
          },
          {
            "path": ":groovy-astbuilder:classes",
            "outcome": "EXECUTED"
          },
          {
            "path": ":groovy-astbuilder:compileGroovy",
            "outcome": "NO_SOURCE"
          },
          {
            "path": ":groovy-astbuilder:compileJava",
            "outcome": "FROM_CACHE"
          },
          {
            "path": ":groovy-astbuilder:generateReleaseInfo",
            "outcome": "EXECUTED"
          },
          {
            "path": ":groovy-astbuilder:jar",
            "outcome": "EXECUTED"
          },
          {
            "path": ":groovy-astbuilder:processResources",
            "outcome": "EXECUTED"
          },
          {
            "path": ":groovy-cli-commons:classes",
            "outcome": "EXECUTED"
          },
          {
            "path": ":groovy-cli-commons:compileGroovy",
            "outcome": "EXECUTED"
          },
          {
            "path": ":groovy-cli-commons:compileJava",
            "outcome": "NO_SOURCE"
          },
          {
            "path": ":groovy-cli-commons:generateReleaseInfo",
            "outcome": "EXECUTED"
          },
          {
            "path": ":groovy-cli-commons:jar",
            "outcome": "EXECUTED"
          },
          {
            "path": ":groovy-cli-commons:processResources",
            "outcome": "NO_SOURCE"
          },
          {
            "path": ":groovy-cli-picocli:classes",
            "outcome": "EXECUTED"
          },
          {
            "path": ":groovy-cli-picocli:compileGroovy",
            "outcome": "EXECUTED"
          },
          {
            "path": ":groovy-cli-picocli:compileJava",
            "outcome": "NO_SOURCE"
          },
          {
            "path": ":groovy-cli-picocli:generateReleaseInfo",
            "outcome": "EXECUTED"
          },
          {
            "path": ":groovy-cli-picocli:jar",
            "outcome": "EXECUTED"
          },
          {
            "path": ":groovy-cli-picocli:processResources",
            "outcome": "NO_SOURCE"
          },
          {
            "path": ":groovy-console:classes",
            "outcome": "EXECUTED"
          },
          {
            "path": ":groovy-console:compileGroovy",
            "outcome": "EXECUTED"
          },
          {
            "path": ":groovy-console:compileJava",
            "outcome": "NO_SOURCE"
          },
          {
            "path": ":groovy-console:generateReleaseInfo",
            "outcome": "EXECUTED"
          },
          {
            "path": ":groovy-console:jar",
            "outcome": "EXECUTED"
          },
          {
            "path": ":groovy-console:processResources",
            "outcome": "EXECUTED"
          },
          {
            "path": ":groovy-contracts:classes",
            "outcome": "EXECUTED"
          },
          {
            "path": ":groovy-contracts:compileGroovy",
            "outcome": "NO_SOURCE"
          },
          {
            "path": ":groovy-contracts:compileJava",
            "outcome": "FROM_CACHE"
          },
          {
            "path": ":groovy-contracts:generateReleaseInfo",
            "outcome": "EXECUTED"
          },
          {
            "path": ":groovy-contracts:jar",
            "outcome": "EXECUTED"
          },
          {
            "path": ":groovy-contracts:processResources",
            "outcome": "EXECUTED"
          },
          {
            "path": ":groovy-datetime:classes",
            "outcome": "UP_TO_DATE"
          },
          {
            "path": ":groovy-datetime:compileGroovy",
            "outcome": "NO_SOURCE"
          },
          {
            "path": ":groovy-datetime:compileJava",
            "outcome": "FROM_CACHE"
          },
          {
            "path": ":groovy-datetime:generateReleaseInfo",
            "outcome": "EXECUTED"
          },
          {
            "path": ":groovy-datetime:jar",
            "outcome": "EXECUTED"
          },
          {
            "path": ":groovy-datetime:moduleDescriptor",
            "outcome": "EXECUTED"
          },
          {
            "path": ":groovy-datetime:processResources",
            "outcome": "NO_SOURCE"
          },
          {
            "path": ":groovy-dateutil:classes",
            "outcome": "UP_TO_DATE"
          },
          {
            "path": ":groovy-dateutil:compileGroovy",
            "outcome": "NO_SOURCE"
          },
          {
            "path": ":groovy-dateutil:compileJava",
            "outcome": "FROM_CACHE"
          },
          {
            "path": ":groovy-dateutil:generateReleaseInfo",
            "outcome": "EXECUTED"
          },
          {
            "path": ":groovy-dateutil:jar",
            "outcome": "EXECUTED"
          },
          {
            "path": ":groovy-dateutil:moduleDescriptor",
            "outcome": "EXECUTED"
          },
          {
            "path": ":groovy-dateutil:processResources",
            "outcome": "NO_SOURCE"
          },
          {
            "path": ":groovy-docgenerator:classes",
            "outcome": "EXECUTED"
          },
          {
            "path": ":groovy-docgenerator:compileGroovy",
            "outcome": "EXECUTED"
          },
          {
            "path": ":groovy-docgenerator:compileJava",
            "outcome": "NO_SOURCE"
          },
          {
            "path": ":groovy-docgenerator:generateReleaseInfo",
            "outcome": "EXECUTED"
          },
          {
            "path": ":groovy-docgenerator:jar",
            "outcome": "EXECUTED"
          },
          {
            "path": ":groovy-docgenerator:processResources",
            "outcome": "EXECUTED"
          },
          {
            "path": ":groovy-ginq:classes",
            "outcome": "EXECUTED"
          },
          {
            "path": ":groovy-ginq:compileGroovy",
            "outcome": "EXECUTED"
          },
          {
            "path": ":groovy-ginq:compileJava",
            "outcome": "NO_SOURCE"
          },
          {
            "path": ":groovy-ginq:generateReleaseInfo",
            "outcome": "EXECUTED"
          },
          {
            "path": ":groovy-ginq:jar",
            "outcome": "EXECUTED"
          },
          {
            "path": ":groovy-ginq:moduleDescriptor",
            "outcome": "EXECUTED"
          },
          {
            "path": ":groovy-ginq:processResources",
            "outcome": "NO_SOURCE"
          },
          {
            "path": ":groovy-groovydoc:classes",
            "outcome": "EXECUTED"
          },
          {
            "path": ":groovy-groovydoc:compileGroovy",
            "outcome": "EXECUTED"
          },
          {
            "path": ":groovy-groovydoc:compileJava",
            "outcome": "FROM_CACHE"
          },
          {
            "path": ":groovy-groovydoc:generateReleaseInfo",
            "outcome": "EXECUTED"
          },
          {
            "path": ":groovy-groovydoc:jar",
            "outcome": "EXECUTED"
          },
          {
            "path": ":groovy-groovydoc:processResources",
            "outcome": "EXECUTED"
          },
          {
            "path": ":groovy-groovysh:classes",
            "outcome": "EXECUTED"
          },
          {
            "path": ":groovy-groovysh:compileGroovy",
            "outcome": "EXECUTED"
          },
          {
            "path": ":groovy-groovysh:compileJava",
            "outcome": "NO_SOURCE"
          },
          {
            "path": ":groovy-groovysh:generateReleaseInfo",
            "outcome": "EXECUTED"
          },
          {
            "path": ":groovy-groovysh:jar",
            "outcome": "EXECUTED"
          },
          {
            "path": ":groovy-groovysh:processResources",
            "outcome": "EXECUTED"
          },
          {
            "path": ":groovy-jmx:classes",
            "outcome": "EXECUTED"
          },
          {
            "path": ":groovy-jmx:compileGroovy",
            "outcome": "EXECUTED"
          },
          {
            "path": ":groovy-jmx:compileJava",
            "outcome": "FROM_CACHE"
          },
          {
            "path": ":groovy-jmx:generateReleaseInfo",
            "outcome": "EXECUTED"
          },
          {
            "path": ":groovy-jmx:jar",
            "outcome": "EXECUTED"
          },
          {
            "path": ":groovy-jmx:processResources",
            "outcome": "NO_SOURCE"
          },
          {
            "path": ":groovy-json:classes",
            "outcome": "EXECUTED"
          },
          {
            "path": ":groovy-json:compileGroovy",
            "outcome": "NO_SOURCE"
          },
          {
            "path": ":groovy-json:compileJava",
            "outcome": "EXECUTED"
          },
          {
            "path": ":groovy-json:generateReleaseInfo",
            "outcome": "EXECUTED"
          },
          {
            "path": ":groovy-json:jar",
            "outcome": "EXECUTED"
          },
          {
            "path": ":groovy-json:processResources",
            "outcome": "EXECUTED"
          },
          {
            "path": ":groovy-jsr223:classes",
            "outcome": "EXECUTED"
          },
          {
            "path": ":groovy-jsr223:compileGroovy",
            "outcome": "NO_SOURCE"
          },
          {
            "path": ":groovy-jsr223:compileJava",
            "outcome": "FROM_CACHE"
          },
          {
            "path": ":groovy-jsr223:generateReleaseInfo",
            "outcome": "EXECUTED"
          },
          {
            "path": ":groovy-jsr223:jar",
            "outcome": "EXECUTED"
          },
          {
            "path": ":groovy-jsr223:moduleDescriptor",
            "outcome": "EXECUTED"
          },
          {
            "path": ":groovy-jsr223:processResources",
            "outcome": "EXECUTED"
          },
          {
            "path": ":groovy-macro-library:classes",
            "outcome": "EXECUTED"
          },
          {
            "path": ":groovy-macro-library:compileGroovy",
            "outcome": "EXECUTED"
          },
          {
            "path": ":groovy-macro-library:compileJava",
            "outcome": "NO_SOURCE"
          },
          {
            "path": ":groovy-macro-library:generateReleaseInfo",
            "outcome": "EXECUTED"
          },
          {
            "path": ":groovy-macro-library:jar",
            "outcome": "EXECUTED"
          },
          {
            "path": ":groovy-macro-library:moduleDescriptor",
            "outcome": "EXECUTED"
          },
          {
            "path": ":groovy-macro-library:processResources",
            "outcome": "NO_SOURCE"
          },
          {
            "path": ":groovy-macro:classes",
            "outcome": "EXECUTED"
          },
          {
            "path": ":groovy-macro:compileGroovy",
            "outcome": "EXECUTED"
          },
          {
            "path": ":groovy-macro:compileJava",
            "outcome": "NO_SOURCE"
          },
          {
            "path": ":groovy-macro:generateReleaseInfo",
            "outcome": "EXECUTED"
          },
          {
            "path": ":groovy-macro:jar",
            "outcome": "EXECUTED"
          },
          {
            "path": ":groovy-macro:moduleDescriptor",
            "outcome": "EXECUTED"
          },
          {
            "path": ":groovy-macro:processResources",
            "outcome": "EXECUTED"
          },
          {
            "path": ":groovy-nio:classes",
            "outcome": "UP_TO_DATE"
          },
          {
            "path": ":groovy-nio:compileGroovy",
            "outcome": "NO_SOURCE"
          },
          {
            "path": ":groovy-nio:compileJava",
            "outcome": "FROM_CACHE"
          },
          {
            "path": ":groovy-nio:generateReleaseInfo",
            "outcome": "EXECUTED"
          },
          {
            "path": ":groovy-nio:jar",
            "outcome": "EXECUTED"
          },
          {
            "path": ":groovy-nio:moduleDescriptor",
            "outcome": "EXECUTED"
          },
          {
            "path": ":groovy-nio:processResources",
            "outcome": "NO_SOURCE"
          },
          {
            "path": ":groovy-servlet:classes",
            "outcome": "UP_TO_DATE"
          },
          {
            "path": ":groovy-servlet:compileGroovy",
            "outcome": "NO_SOURCE"
          },
          {
            "path": ":groovy-servlet:compileJava",
            "outcome": "FROM_CACHE"
          },
          {
            "path": ":groovy-servlet:generateReleaseInfo",
            "outcome": "EXECUTED"
          },
          {
            "path": ":groovy-servlet:jar",
            "outcome": "EXECUTED"
          },
          {
            "path": ":groovy-servlet:processResources",
            "outcome": "NO_SOURCE"
          },
          {
            "path": ":groovy-sql:classes",
            "outcome": "UP_TO_DATE"
          },
          {
            "path": ":groovy-sql:compileGroovy",
            "outcome": "NO_SOURCE"
          },
          {
            "path": ":groovy-sql:compileJava",
            "outcome": "FROM_CACHE"
          },
          {
            "path": ":groovy-sql:generateReleaseInfo",
            "outcome": "EXECUTED"
          },
          {
            "path": ":groovy-sql:jar",
            "outcome": "EXECUTED"
          },
          {
            "path": ":groovy-sql:moduleDescriptor",
            "outcome": "EXECUTED"
          },
          {
            "path": ":groovy-sql:processResources",
            "outcome": "NO_SOURCE"
          },
          {
            "path": ":groovy-swing:classes",
            "outcome": "EXECUTED"
          },
          {
            "path": ":groovy-swing:compileGroovy",
            "outcome": "EXECUTED"
          },
          {
            "path": ":groovy-swing:compileJava",
            "outcome": "FROM_CACHE"
          },
          {
            "path": ":groovy-swing:generateReleaseInfo",
            "outcome": "EXECUTED"
          },
          {
            "path": ":groovy-swing:jar",
            "outcome": "EXECUTED"
          },
          {
            "path": ":groovy-swing:moduleDescriptor",
            "outcome": "EXECUTED"
          },
          {
            "path": ":groovy-swing:processResources",
            "outcome": "NO_SOURCE"
          },
          {
            "path": ":groovy-templates:classes",
            "outcome": "EXECUTED"
          },
          {
            "path": ":groovy-templates:compileGroovy",
            "outcome": "EXECUTED"
          },
          {
            "path": ":groovy-templates:compileJava",
            "outcome": "NO_SOURCE"
          },
          {
            "path": ":groovy-templates:generateReleaseInfo",
            "outcome": "EXECUTED"
          },
          {
            "path": ":groovy-templates:jar",
            "outcome": "EXECUTED"
          },
          {
            "path": ":groovy-templates:processResources",
            "outcome": "NO_SOURCE"
          },
          {
            "path": ":groovy-test-junit5:classes",
            "outcome": "EXECUTED"
          },
          {
            "path": ":groovy-test-junit5:compileGroovy",
            "outcome": "EXECUTED"
          },
          {
            "path": ":groovy-test-junit5:compileJava",
            "outcome": "FROM_CACHE"
          },
          {
            "path": ":groovy-test-junit5:generateReleaseInfo",
            "outcome": "EXECUTED"
          },
          {
            "path": ":groovy-test-junit5:jar",
            "outcome": "EXECUTED"
          },
          {
            "path": ":groovy-test-junit5:processResources",
            "outcome": "EXECUTED"
          },
          {
            "path": ":groovy-test:classes",
            "outcome": "EXECUTED"
          },
          {
            "path": ":groovy-test:compileGroovy",
            "outcome": "EXECUTED"
          },
          {
            "path": ":groovy-test:compileJava",
            "outcome": "FROM_CACHE"
          },
          {
            "path": ":groovy-test:generateReleaseInfo",
            "outcome": "EXECUTED"
          },
          {
            "path": ":groovy-test:jar",
            "outcome": "EXECUTED"
          },
          {
            "path": ":groovy-test:processResources",
            "outcome": "NO_SOURCE"
          },
          {
            "path": ":groovy-testng:classes",
            "outcome": "EXECUTED"
          },
          {
            "path": ":groovy-testng:compileGroovy",
            "outcome": "NO_SOURCE"
          },
          {
            "path": ":groovy-testng:compileJava",
            "outcome": "FROM_CACHE"
          },
          {
            "path": ":groovy-testng:generateReleaseInfo",
            "outcome": "EXECUTED"
          },
          {
            "path": ":groovy-testng:jar",
            "outcome": "EXECUTED"
          },
          {
            "path": ":groovy-testng:processResources",
            "outcome": "EXECUTED"
          },
          {
            "path": ":groovy-toml:classes",
            "outcome": "EXECUTED"
          },
          {
            "path": ":groovy-toml:compileGroovy",
            "outcome": "NO_SOURCE"
          },
          {
            "path": ":groovy-toml:compileJava",
            "outcome": "EXECUTED"
          },
          {
            "path": ":groovy-toml:generateReleaseInfo",
            "outcome": "EXECUTED"
          },
          {
            "path": ":groovy-toml:jar",
            "outcome": "EXECUTED"
          },
          {
            "path": ":groovy-toml:processResources",
            "outcome": "NO_SOURCE"
          },
          {
            "path": ":groovy-typecheckers:classes",
            "outcome": "EXECUTED"
          },
          {
            "path": ":groovy-typecheckers:compileGroovy",
            "outcome": "EXECUTED"
          },
          {
            "path": ":groovy-typecheckers:compileJava",
            "outcome": "NO_SOURCE"
          },
          {
            "path": ":groovy-typecheckers:generateReleaseInfo",
            "outcome": "EXECUTED"
          },
          {
            "path": ":groovy-typecheckers:jar",
            "outcome": "EXECUTED"
          },
          {
            "path": ":groovy-typecheckers:processResources",
            "outcome": "NO_SOURCE"
          },
          {
            "path": ":groovy-xml:classes",
            "outcome": "EXECUTED"
          },
          {
            "path": ":groovy-xml:compileGroovy",
            "outcome": "EXECUTED"
          },
          {
            "path": ":groovy-xml:compileJava",
            "outcome": "FROM_CACHE"
          },
          {
            "path": ":groovy-xml:generateReleaseInfo",
            "outcome": "EXECUTED"
          },
          {
            "path": ":groovy-xml:jar",
            "outcome": "EXECUTED"
          },
          {
            "path": ":groovy-xml:moduleDescriptor",
            "outcome": "EXECUTED"
          },
          {
            "path": ":groovy-xml:processResources",
            "outcome": "NO_SOURCE"
          },
          {
            "path": ":groovy-yaml:classes",
            "outcome": "EXECUTED"
          },
          {
            "path": ":groovy-yaml:compileGroovy",
            "outcome": "NO_SOURCE"
          },
          {
            "path": ":groovy-yaml:compileJava",
            "outcome": "EXECUTED"
          },
          {
            "path": ":groovy-yaml:generateReleaseInfo",
            "outcome": "EXECUTED"
          },
          {
            "path": ":groovy-yaml:jar",
            "outcome": "EXECUTED"
          },
          {
            "path": ":groovy-yaml:processResources",
            "outcome": "NO_SOURCE"
          },
          {
            "path": ":jar",
            "outcome": "EXECUTED"
          },
          {
            "path": ":osgiClasses",
            "outcome": "EXECUTED"
          },
          {
            "path": ":performance:classes",
            "outcome": "UP_TO_DATE"
          },
          {
            "path": ":performance:compileGroovy",
            "outcome": "NO_SOURCE"
          },
          {
            "path": ":performance:compileJava",
            "outcome": "NO_SOURCE"
          },
          {
            "path": ":performance:jar",
            "outcome": "EXECUTED"
          },
          {
            "path": ":performance:processResources",
            "outcome": "NO_SOURCE"
          },
          {
            "path": ":processResources",
            "outcome": "EXECUTED"
          },
          {
            "path": ":stress:classes",
            "outcome": "UP_TO_DATE"
          },
          {
            "path": ":stress:compileGroovy",
            "outcome": "NO_SOURCE"
          },
          {
            "path": ":stress:compileJava",
            "outcome": "NO_SOURCE"
          },
          {
            "path": ":stress:jar",
            "outcome": "EXECUTED"
          },
          {
            "path": ":stress:processResources",
            "outcome": "NO_SOURCE"
          },
          {
            "path": ":tests-preview:classes",
            "outcome": "UP_TO_DATE"
          },
          {
            "path": ":tests-preview:compileGroovy",
            "outcome": "NO_SOURCE"
          },
          {
            "path": ":tests-preview:compileJava",
            "outcome": "NO_SOURCE"
          },
          {
            "path": ":tests-preview:jar",
            "outcome": "EXECUTED"
          },
          {
            "path": ":tests-preview:processResources",
            "outcome": "NO_SOURCE"
          }
        ]
      },
      "candidateTaskOutcomes": {
        "total": 25,
        "executed": 16,
        "fromCache": 8,
        "upToDate": 0,
        "noSource": 1,
        "skipped": 0,
        "fingerprintSha256": "b43c808e47c00d49cfb56f71197b3295e884e9f536fb660c7889cb8b633b76e2",
        "tasks": [
          {
            "path": ":bootstrapJar",
            "outcome": "EXECUTED"
          },
          {
            "path": ":build-logic:classes",
            "outcome": "EXECUTED"
          },
          {
            "path": ":build-logic:compileGroovy",
            "outcome": "FROM_CACHE"
          },
          {
            "path": ":build-logic:compileGroovyPlugins",
            "outcome": "FROM_CACHE"
          },
          {
            "path": ":build-logic:compileJava",
            "outcome": "FROM_CACHE"
          },
          {
            "path": ":build-logic:extractPluginRequests",
            "outcome": "FROM_CACHE"
          },
          {
            "path": ":build-logic:generatePluginAdapters",
            "outcome": "FROM_CACHE"
          },
          {
            "path": ":build-logic:jar",
            "outcome": "EXECUTED"
          },
          {
            "path": ":build-logic:pluginDescriptors",
            "outcome": "EXECUTED"
          },
          {
            "path": ":build-logic:processResources",
            "outcome": "EXECUTED"
          },
          {
            "path": ":classes",
            "outcome": "EXECUTED"
          },
          {
            "path": ":compileGroovy",
            "outcome": "EXECUTED"
          },
          {
            "path": ":compileJava",
            "outcome": "FROM_CACHE"
          },
          {
            "path": ":dgmConverter",
            "outcome": "FROM_CACHE"
          },
          {
            "path": ":generateGrammarSource",
            "outcome": "FROM_CACHE"
          },
          {
            "path": ":generateReleaseInfo",
            "outcome": "EXECUTED"
          },
          {
            "path": ":groovy-json:classes",
            "outcome": "EXECUTED"
          },
          {
            "path": ":groovy-json:compileGroovy",
            "outcome": "NO_SOURCE"
          },
          {
            "path": ":groovy-json:compileJava",
            "outcome": "EXECUTED"
          },
          {
            "path": ":groovy-json:generateReleaseInfo",
            "outcome": "EXECUTED"
          },
          {
            "path": ":groovy-json:jar",
            "outcome": "EXECUTED"
          },
          {
            "path": ":groovy-json:processResources",
            "outcome": "EXECUTED"
          },
          {
            "path": ":jar",
            "outcome": "EXECUTED"
          },
          {
            "path": ":osgiClasses",
            "outcome": "EXECUTED"
          },
          {
            "path": ":processResources",
            "outcome": "EXECUTED"
          }
        ]
      },
      "controlHostPressure": {
        "available": true,
        "cpuSomeTotalUs": 19286604,
        "memorySomeTotalUs": 0,
        "memoryFullTotalUs": 0,
        "ioSomeTotalUs": 36490300,
        "ioFullTotalUs": 13417055
      },
      "candidateHostPressure": {
        "available": true,
        "cpuSomeTotalUs": 56108,
        "memorySomeTotalUs": 0,
        "memoryFullTotalUs": 0,
        "ioSomeTotalUs": 10430084,
        "ioFullTotalUs": 7939942
      }
    }
  ],
  "fallback": {
    "mode": "FULL_GRAPH",
    "reason": "IMPACT_GLOBAL_CHANGE",
    "buildSuccessful": true
  },
  "result": {
    "pairs": 8,
    "controlMeanMs": 73809.75,
    "candidateMeanMs": 19193,
    "meanSavedMs": 54616.75,
    "reductionRatio": 0.7399666033281511,
    "interval95SavedMs": [
      53649.625,
      55484.875
    ],
    "positivePairs": 8,
    "executionShapeObserved": true,
    "executionShapeStable": true,
    "targetWarmupShapeObserved": true,
    "targetWarmupShapeStable": true,
    "qualified": true,
    "decision": "QUALIFY_STRUCTURAL_PROFILE"
  },
  "boundaries": {
    "proofOfConcept": true,
    "productionAuthorized": false,
    "repositorySpecificRuleAdded": false,
    "testOptimizationModified": false
  }
}
