buildopt: warming isolated control arm at 4b5c92703c63966c3471242c621c4a63b382638d (cache seed 1/3)
buildopt: warmed isolated control arm cache seed in 266406ms with total:305/executed:128/from-cache:70/up-to-date:23/no-source:65/skipped:19/fingerprint:cf3398efc89473709edcd1b23375dbb6c14e67d359820442e8990d1bb952942b
buildopt: warming isolated control arm at 4b5c92703c63966c3471242c621c4a63b382638d (base daemon stabilization 2/3)
buildopt: warmed isolated control arm daemon stabilization in 18257ms with total:305/executed:108/from-cache:90/up-to-date:23/no-source:65/skipped:19/fingerprint:1394115c8e91572561c1f22f40b0192ebabe7f68f0d755aae33167b9d14747d2
buildopt: warming isolated control arm at 1ddf23d53ea5ccea988cc3f1f135670e22ea12ce (target-workload stabilization 3/3)
buildopt: warmed isolated control arm target workload in 15354ms with total:305/executed:109/from-cache:89/up-to-date:23/no-source:65/skipped:19/fingerprint:85399d45cd2d3615162148545d5babb68fb708dbdd29a2e2991b8e65724ce6a7
buildopt: warming isolated candidate arm at 4b5c92703c63966c3471242c621c4a63b382638d (cache seed 1/3)
buildopt: warmed isolated candidate arm cache seed in 155999ms with total:56/executed:17/from-cache:23/up-to-date:2/no-source:7/skipped:7/fingerprint:c479e89ec7d3660c48fa7588a45ceda3124653994ed97bc0f2993f2ec522f0ef
buildopt: warming isolated candidate arm at 4b5c92703c63966c3471242c621c4a63b382638d (base daemon stabilization 2/3)
buildopt: warmed isolated candidate arm daemon stabilization in 11501ms with total:56/executed:13/from-cache:27/up-to-date:2/no-source:7/skipped:7/fingerprint:ece5bcfe70b440068293c809f7cae0852a4653f03eea072df81857cf90557511
buildopt: warming isolated candidate arm at 1ddf23d53ea5ccea988cc3f1f135670e22ea12ce (target-workload stabilization 3/3)
buildopt: warmed isolated candidate arm target workload in 13522ms with total:56/executed:14/from-cache:26/up-to-date:2/no-source:7/skipped:7/fingerprint:af08640256e4ce968a02546a34fd5e7b170359e73fd1255332a0b813d6a2b3f6
buildopt: structural pair 1/8 control=15131ms candidate=12611ms saved=2520ms gap=0ms order=CONTROL_FIRST
buildopt: structural pair 1 task outcomes control=total:305/executed:109/from-cache:89/up-to-date:23/no-source:65/skipped:19/fingerprint:85399d45cd2d3615162148545d5babb68fb708dbdd29a2e2991b8e65724ce6a7 candidate=total:56/executed:14/from-cache:26/up-to-date:2/no-source:7/skipped:7/fingerprint:af08640256e4ce968a02546a34fd5e7b170359e73fd1255332a0b813d6a2b3f6
buildopt: structural pair 2/8 control=14106ms candidate=13077ms saved=1029ms gap=0ms order=CANDIDATE_FIRST
buildopt: structural pair 2 task outcomes control=total:305/executed:109/from-cache:89/up-to-date:23/no-source:65/skipped:19/fingerprint:85399d45cd2d3615162148545d5babb68fb708dbdd29a2e2991b8e65724ce6a7 candidate=total:56/executed:14/from-cache:26/up-to-date:2/no-source:7/skipped:7/fingerprint:af08640256e4ce968a02546a34fd5e7b170359e73fd1255332a0b813d6a2b3f6
buildopt: structural pair 3/8 control=15006ms candidate=12746ms saved=2260ms gap=1ms order=CONTROL_FIRST
buildopt: structural pair 3 task outcomes control=total:305/executed:109/from-cache:89/up-to-date:23/no-source:65/skipped:19/fingerprint:85399d45cd2d3615162148545d5babb68fb708dbdd29a2e2991b8e65724ce6a7 candidate=total:56/executed:14/from-cache:26/up-to-date:2/no-source:7/skipped:7/fingerprint:af08640256e4ce968a02546a34fd5e7b170359e73fd1255332a0b813d6a2b3f6
buildopt: structural pair 4/8 control=14770ms candidate=10798ms saved=3972ms gap=0ms order=CANDIDATE_FIRST
buildopt: structural pair 4 task outcomes control=total:305/executed:109/from-cache:89/up-to-date:23/no-source:65/skipped:19/fingerprint:85399d45cd2d3615162148545d5babb68fb708dbdd29a2e2991b8e65724ce6a7 candidate=total:56/executed:14/from-cache:26/up-to-date:2/no-source:7/skipped:7/fingerprint:af08640256e4ce968a02546a34fd5e7b170359e73fd1255332a0b813d6a2b3f6
buildopt: structural pair 5/8 control=14215ms candidate=11605ms saved=2610ms gap=0ms order=CONTROL_FIRST
buildopt: structural pair 5 task outcomes control=total:305/executed:109/from-cache:89/up-to-date:23/no-source:65/skipped:19/fingerprint:85399d45cd2d3615162148545d5babb68fb708dbdd29a2e2991b8e65724ce6a7 candidate=total:56/executed:14/from-cache:26/up-to-date:2/no-source:7/skipped:7/fingerprint:af08640256e4ce968a02546a34fd5e7b170359e73fd1255332a0b813d6a2b3f6
buildopt: structural pair 6/8 control=12711ms candidate=10393ms saved=2318ms gap=0ms order=CANDIDATE_FIRST
buildopt: structural pair 6 task outcomes control=total:305/executed:109/from-cache:89/up-to-date:23/no-source:65/skipped:19/fingerprint:85399d45cd2d3615162148545d5babb68fb708dbdd29a2e2991b8e65724ce6a7 candidate=total:56/executed:14/from-cache:26/up-to-date:2/no-source:7/skipped:7/fingerprint:af08640256e4ce968a02546a34fd5e7b170359e73fd1255332a0b813d6a2b3f6
buildopt: structural pair 7/8 control=15869ms candidate=10245ms saved=5624ms gap=0ms order=CONTROL_FIRST
buildopt: structural pair 7 task outcomes control=total:305/executed:109/from-cache:89/up-to-date:23/no-source:65/skipped:19/fingerprint:85399d45cd2d3615162148545d5babb68fb708dbdd29a2e2991b8e65724ce6a7 candidate=total:56/executed:14/from-cache:26/up-to-date:2/no-source:7/skipped:7/fingerprint:af08640256e4ce968a02546a34fd5e7b170359e73fd1255332a0b813d6a2b3f6
buildopt: structural pair 8/8 control=13304ms candidate=10478ms saved=2826ms gap=0ms order=CANDIDATE_FIRST
buildopt: structural pair 8 task outcomes control=total:305/executed:109/from-cache:89/up-to-date:23/no-source:65/skipped:19/fingerprint:85399d45cd2d3615162148545d5babb68fb708dbdd29a2e2991b8e65724ce6a7 candidate=total:56/executed:14/from-cache:26/up-to-date:2/no-source:7/skipped:7/fingerprint:af08640256e4ce968a02546a34fd5e7b170359e73fd1255332a0b813d6a2b3f6
buildopt: validating full-graph fallback with --no-daemon and measured scheduling
buildopt: structural profile measurement decision QUALIFIED_EVIDENCE_WRITTEN; review buildopt-structural-evidence.json before evaluation
{
  "schemaVersion": "buildopt.evidence/structural-profile-qualification/v1",
  "evidenceState": "QUALIFIED",
  "capturedAt": "2026-08-12T20:29:42Z",
  "subject": {
    "repositoryId": "spring-projects/spring-framework",
    "repositoryRevision": "1ddf23d53ea5ccea988cc3f1f135670e22ea12ce",
    "pipelineClass": "test-classes"
  },
  "sourceBindings": {
    "manifestSha256": "4585ca6ffff6585bbd453200ac65b12cb00bc4ef44b5309cbc3841138512e0d7",
    "graphSha256": "6ca175d1dceff28fabe5b721fa2b8af736f421fc98735fcd90bbeef88c376c80",
    "generatedManifestSha256": "9c7a12afed7f588b04602b9300b546faceb48b0054e3f383f85cfd0f99a01153",
    "sourceEvidenceSha256": "619fbe12f910ed32fc295a4dfa6f6599c0c2906221e9b73bda97ed13bb42dc75"
  },
  "plan": {
    "alternativeId": "changed-projects",
    "entrypoints": [
      ":spring-jms:testClasses"
    ],
    "fallbackEntrypoints": [
      "testClasses"
    ],
    "requiredOutputs": [
      "spring-jms/build/classes/**"
    ],
    "totalProjectCount": 27,
    "selectedProjectCount": 10,
    "omittedProjectCount": 17,
    "omittedProjectRatio": 0.6296296296296297
  },
  "execution": {
    "candidateSurface": "INSTALLED_BUILDOPT_STRUCTURAL_IMPACT_ONLY",
    "buildoptRevision": "3ae7766fbb4e3e8eb07b7988fec4aac2bfbe0ef7",
    "executableSha256": "f4978067ee09364b83ad0696a05646d91cf306bf18ebe5bafa6315b13398e4c1",
    "mechanisms": [
      "BUILD_IMPACT"
    ],
    "gradleOptions": [
      "--daemon",
      "--build-cache",
      "--parallel",
      "--no-configuration-cache",
      "--console=plain",
      "--no-scan",
      "--max-workers=12"
    ],
    "launcherOverheadIncluded": true,
    "warmupsPerArm": 3,
    "controlWarmups": [
      {
        "phase": "CACHE_SEED",
        "durationMs": 266406,
        "logSha256": "115533188731bd6cb3024575d1b1d090254d0be3c936a0df2e4bed0affa7513d",
        "taskOutcomes": {
          "total": 305,
          "executed": 128,
          "fromCache": 70,
          "upToDate": 23,
          "noSource": 65,
          "skipped": 19,
          "fingerprintSha256": "cf3398efc89473709edcd1b23375dbb6c14e67d359820442e8990d1bb952942b",
          "tasks": [
            {
              "path": ":buildSrc:check",
              "outcome": "UP_TO_DATE"
            },
            {
              "path": ":buildSrc:checkstyleMain",
              "outcome": "FROM_CACHE"
            },
            {
              "path": ":buildSrc:checkstyleTest",
              "outcome": "FROM_CACHE"
            },
            {
              "path": ":buildSrc:classes",
              "outcome": "EXECUTED"
            },
            {
              "path": ":buildSrc:compileGroovy",
              "outcome": "NO_SOURCE"
            },
            {
              "path": ":buildSrc:compileJava",
              "outcome": "FROM_CACHE"
            },
            {
              "path": ":buildSrc:compileTestGroovy",
              "outcome": "NO_SOURCE"
            },
            {
              "path": ":buildSrc:compileTestJava",
              "outcome": "FROM_CACHE"
            },
            {
              "path": ":buildSrc:jar",
              "outcome": "EXECUTED"
            },
            {
              "path": ":buildSrc:pluginDescriptors",
              "outcome": "EXECUTED"
            },
            {
              "path": ":buildSrc:pluginUnderTestMetadata",
              "outcome": "EXECUTED"
            },
            {
              "path": ":buildSrc:processResources",
              "outcome": "EXECUTED"
            },
            {
              "path": ":buildSrc:processTestResources",
              "outcome": "NO_SOURCE"
            },
            {
              "path": ":buildSrc:test",
              "outcome": "FROM_CACHE"
            },
            {
              "path": ":buildSrc:testClasses",
              "outcome": "UP_TO_DATE"
            },
            {
              "path": ":buildSrc:validatePlugins",
              "outcome": "FROM_CACHE"
            },
            {
              "path": ":classes",
              "outcome": "UP_TO_DATE"
            },
            {
              "path": ":compileJava",
              "outcome": "NO_SOURCE"
            },
            {
              "path": ":compileTestFixturesJava",
              "outcome": "NO_SOURCE"
            },
            {
              "path": ":compileTestJava",
              "outcome": "NO_SOURCE"
            },
            {
              "path": ":framework-docs:checkKotlinGradlePluginConfigurationErrors",
              "outcome": "SKIPPED"
            },
            {
              "path": ":framework-docs:classes",
              "outcome": "EXECUTED"
            },
            {
              "path": ":framework-docs:compileJava",
              "outcome": "EXECUTED"
            },
            {
              "path": ":framework-docs:compileKotlin",
              "outcome": "EXECUTED"
            },
            {
              "path": ":framework-docs:compileTestJava",
              "outcome": "NO_SOURCE"
            },
            {
              "path": ":framework-docs:compileTestKotlin",
              "outcome": "NO_SOURCE"
            },
            {
              "path": ":framework-docs:jar",
              "outcome": "SKIPPED"
            },
            {
              "path": ":framework-docs:processResources",
              "outcome": "EXECUTED"
            },
            {
              "path": ":framework-docs:processTestResources",
              "outcome": "NO_SOURCE"
            },
            {
              "path": ":framework-docs:testClasses",
              "outcome": "UP_TO_DATE"
            },
            {
              "path": ":integration-tests:checkKotlinGradlePluginConfigurationErrors",
              "outcome": "SKIPPED"
            },
            {
              "path": ":integration-tests:classes",
              "outcome": "UP_TO_DATE"
            },
            {
              "path": ":integration-tests:compileJava",
              "outcome": "NO_SOURCE"
            },
            {
              "path": ":integration-tests:compileKotlin",
              "outcome": "NO_SOURCE"
            },
            {
              "path": ":integration-tests:compileTestFixturesJava",
              "outcome": "NO_SOURCE"
            },
            {
              "path": ":integration-tests:compileTestFixturesKotlin",
              "outcome": "NO_SOURCE"
            },
            {
              "path": ":integration-tests:compileTestJava",
              "outcome": "FROM_CACHE"
            },
            {
              "path": ":integration-tests:compileTestKotlin",
              "outcome": "FROM_CACHE"
            },
            {
              "path": ":integration-tests:jar",
              "outcome": "EXECUTED"
            },
            {
              "path": ":integration-tests:processResources",
              "outcome": "NO_SOURCE"
            },
            {
              "path": ":integration-tests:processTestFixturesResources",
              "outcome": "NO_SOURCE"
            },
            {
              "path": ":integration-tests:processTestResources",
              "outcome": "EXECUTED"
            },
            {
              "path": ":integration-tests:testClasses",
              "outcome": "EXECUTED"
            },
            {
              "path": ":integration-tests:testFixturesClasses",
              "outcome": "UP_TO_DATE"
            },
            {
              "path": ":integration-tests:testFixturesJar",
              "outcome": "EXECUTED"
            },
            {
              "path": ":jar",
              "outcome": "EXECUTED"
            },
            {
              "path": ":processResources",
              "outcome": "NO_SOURCE"
            },
            {
              "path": ":processTestResources",
              "outcome": "NO_SOURCE"
            },
            {
              "path": ":spring-aop:checkKotlinGradlePluginConfigurationErrors",
              "outcome": "SKIPPED"
            },
            {
              "path": ":spring-aop:classes",
              "outcome": "EXECUTED"
            },
            {
              "path": ":spring-aop:compileJava",
              "outcome": "FROM_CACHE"
            },
            {
              "path": ":spring-aop:compileKotlin",
              "outcome": "NO_SOURCE"
            },
            {
              "path": ":spring-aop:compileTestFixturesJava",
              "outcome": "FROM_CACHE"
            },
            {
              "path": ":spring-aop:compileTestFixturesKotlin",
              "outcome": "NO_SOURCE"
            },
            {
              "path": ":spring-aop:compileTestJava",
              "outcome": "FROM_CACHE"
            },
            {
              "path": ":spring-aop:compileTestKotlin",
              "outcome": "FROM_CACHE"
            },
            {
              "path": ":spring-aop:jar",
              "outcome": "EXECUTED"
            },
            {
              "path": ":spring-aop:processResources",
              "outcome": "EXECUTED"
            },
            {
              "path": ":spring-aop:processTestFixturesResources",
              "outcome": "NO_SOURCE"
            },
            {
              "path": ":spring-aop:processTestResources",
              "outcome": "EXECUTED"
            },
            {
              "path": ":spring-aop:testClasses",
              "outcome": "EXECUTED"
            },
            {
              "path": ":spring-aop:testFixturesClasses",
              "outcome": "UP_TO_DATE"
            },
            {
              "path": ":spring-aop:testFixturesJar",
              "outcome": "EXECUTED"
            },
            {
              "path": ":spring-aspects:classes",
              "outcome": "EXECUTED"
            },
            {
              "path": ":spring-aspects:compileAspectj",
              "outcome": "FROM_CACHE"
            },
            {
              "path": ":spring-aspects:compileJava",
              "outcome": "SKIPPED"
            },
            {
              "path": ":spring-aspects:compileTestAspectj",
              "outcome": "FROM_CACHE"
            },
            {
              "path": ":spring-aspects:compileTestFixturesAspectj",
              "outcome": "NO_SOURCE"
            },
            {
              "path": ":spring-aspects:compileTestFixturesJava",
              "outcome": "SKIPPED"
            },
            {
              "path": ":spring-aspects:compileTestJava",
              "outcome": "SKIPPED"
            },
            {
              "path": ":spring-aspects:processResources",
              "outcome": "EXECUTED"
            },
            {
              "path": ":spring-aspects:processTestResources",
              "outcome": "EXECUTED"
            },
            {
              "path": ":spring-aspects:testClasses",
              "outcome": "EXECUTED"
            },
            {
              "path": ":spring-beans:checkKotlinGradlePluginConfigurationErrors",
              "outcome": "SKIPPED"
            },
            {
              "path": ":spring-beans:classes",
              "outcome": "EXECUTED"
            },
            {
              "path": ":spring-beans:compileJava",
              "outcome": "FROM_CACHE"
            },
            {
              "path": ":spring-beans:compileKotlin",
              "outcome": "FROM_CACHE"
            },
            {
              "path": ":spring-beans:compileTestFixturesJava",
              "outcome": "FROM_CACHE"
            },
            {
              "path": ":spring-beans:compileTestFixturesKotlin",
              "outcome": "FROM_CACHE"
            },
            {
              "path": ":spring-beans:compileTestJava",
              "outcome": "FROM_CACHE"
            },
            {
              "path": ":spring-beans:compileTestKotlin",
              "outcome": "FROM_CACHE"
            },
            {
              "path": ":spring-beans:jar",
              "outcome": "EXECUTED"
            },
            {
              "path": ":spring-beans:processResources",
              "outcome": "EXECUTED"
            },
            {
              "path": ":spring-beans:processTestFixturesResources",
              "outcome": "EXECUTED"
            },
            {
              "path": ":spring-beans:processTestResources",
              "outcome": "EXECUTED"
            },
            {
              "path": ":spring-beans:testClasses",
              "outcome": "EXECUTED"
            },
            {
              "path": ":spring-beans:testFixturesClasses",
              "outcome": "EXECUTED"
            },
            {
              "path": ":spring-beans:testFixturesJar",
              "outcome": "EXECUTED"
            },
            {
              "path": ":spring-context-indexer:compileJava",
              "outcome": "FROM_CACHE"
            },
            {
              "path": ":spring-context-indexer:compileTestFixturesJava",
              "outcome": "NO_SOURCE"
            },
            {
              "path": ":spring-context-indexer:compileTestJava",
              "outcome": "FROM_CACHE"
            },
            {
              "path": ":spring-context-indexer:processTestResources",
              "outcome": "NO_SOURCE"
            },
            {
              "path": ":spring-context-indexer:testClasses",
              "outcome": "UP_TO_DATE"
            },
            {
              "path": ":spring-context-support:compileJava",
              "outcome": "FROM_CACHE"
            },
            {
              "path": ":spring-context-support:compileTestFixturesJava",
              "outcome": "FROM_CACHE"
            },
            {
              "path": ":spring-context-support:compileTestJava",
              "outcome": "FROM_CACHE"
            },
            {
              "path": ":spring-context-support:processTestResources",
              "outcome": "EXECUTED"
            },
            {
              "path": ":spring-context-support:testClasses",
              "outcome": "EXECUTED"
            },
            {
              "path": ":spring-context:checkKotlinGradlePluginConfigurationErrors",
              "outcome": "SKIPPED"
            },
            {
              "path": ":spring-context:classes",
              "outcome": "EXECUTED"
            },
            {
              "path": ":spring-context:compileJava",
              "outcome": "FROM_CACHE"
            },
            {
              "path": ":spring-context:compileKotlin",
              "outcome": "FROM_CACHE"
            },
            {
              "path": ":spring-context:compileTestFixturesJava",
              "outcome": "FROM_CACHE"
            },
            {
              "path": ":spring-context:compileTestFixturesKotlin",
              "outcome": "NO_SOURCE"
            },
            {
              "path": ":spring-context:compileTestJava",
              "outcome": "FROM_CACHE"
            },
            {
              "path": ":spring-context:compileTestKotlin",
              "outcome": "FROM_CACHE"
            },
            {
              "path": ":spring-context:jar",
              "outcome": "EXECUTED"
            },
            {
              "path": ":spring-context:processResources",
              "outcome": "EXECUTED"
            },
            {
              "path": ":spring-context:processTestFixturesResources",
              "outcome": "NO_SOURCE"
            },
            {
              "path": ":spring-context:processTestResources",
              "outcome": "EXECUTED"
            },
            {
              "path": ":spring-context:testClasses",
              "outcome": "EXECUTED"
            },
            {
              "path": ":spring-context:testFixturesClasses",
              "outcome": "UP_TO_DATE"
            },
            {
              "path": ":spring-context:testFixturesJar",
              "outcome": "EXECUTED"
            },
            {
              "path": ":spring-core-test:compileJava",
              "outcome": "FROM_CACHE"
            },
            {
              "path": ":spring-core-test:compileTestFixturesJava",
              "outcome": "NO_SOURCE"
            },
            {
              "path": ":spring-core-test:compileTestJava",
              "outcome": "FROM_CACHE"
            },
            {
              "path": ":spring-core-test:processTestResources",
              "outcome": "EXECUTED"
            },
            {
              "path": ":spring-core-test:testClasses",
              "outcome": "EXECUTED"
            },
            {
              "path": ":spring-core:checkKotlinGradlePluginConfigurationErrors",
              "outcome": "SKIPPED"
            },
            {
              "path": ":spring-core:classes",
              "outcome": "EXECUTED"
            },
            {
              "path": ":spring-core:compileJava",
              "outcome": "FROM_CACHE"
            },
            {
              "path": ":spring-core:compileJava21Java",
              "outcome": "FROM_CACHE"
            },
            {
              "path": ":spring-core:compileJava21Kotlin",
              "outcome": "NO_SOURCE"
            },
            {
              "path": ":spring-core:compileJava24Java",
              "outcome": "FROM_CACHE"
            },
            {
              "path": ":spring-core:compileJava24Kotlin",
              "outcome": "NO_SOURCE"
            },
            {
              "path": ":spring-core:compileKotlin",
              "outcome": "FROM_CACHE"
            },
            {
              "path": ":spring-core:compileTestFixturesJava",
              "outcome": "FROM_CACHE"
            },
            {
              "path": ":spring-core:compileTestFixturesKotlin",
              "outcome": "NO_SOURCE"
            },
            {
              "path": ":spring-core:compileTestJava",
              "outcome": "FROM_CACHE"
            },
            {
              "path": ":spring-core:compileTestKotlin",
              "outcome": "FROM_CACHE"
            },
            {
              "path": ":spring-core:jar",
              "outcome": "EXECUTED"
            },
            {
              "path": ":spring-core:java21Classes",
              "outcome": "UP_TO_DATE"
            },
            {
              "path": ":spring-core:java24Classes",
              "outcome": "UP_TO_DATE"
            },
            {
              "path": ":spring-core:javapoetRepackJar",
              "outcome": "FROM_CACHE"
            },
            {
              "path": ":spring-core:objenesisRepackJar",
              "outcome": "FROM_CACHE"
            },
            {
              "path": ":spring-core:processJava21Resources",
              "outcome": "NO_SOURCE"
            },
            {
              "path": ":spring-core:processJava24Resources",
              "outcome": "NO_SOURCE"
            },
            {
              "path": ":spring-core:processResources",
              "outcome": "EXECUTED"
            },
            {
              "path": ":spring-core:processTestFixturesResources",
              "outcome": "NO_SOURCE"
            },
            {
              "path": ":spring-core:processTestResources",
              "outcome": "EXECUTED"
            },
            {
              "path": ":spring-core:testClasses",
              "outcome": "EXECUTED"
            },
            {
              "path": ":spring-core:testFixturesClasses",
              "outcome": "UP_TO_DATE"
            },
            {
              "path": ":spring-core:testFixturesJar",
              "outcome": "EXECUTED"
            },
            {
              "path": ":spring-expression:checkKotlinGradlePluginConfigurationErrors",
              "outcome": "SKIPPED"
            },
            {
              "path": ":spring-expression:classes",
              "outcome": "UP_TO_DATE"
            },
            {
              "path": ":spring-expression:compileJava",
              "outcome": "FROM_CACHE"
            },
            {
              "path": ":spring-expression:compileKotlin",
              "outcome": "NO_SOURCE"
            },
            {
              "path": ":spring-expression:compileTestFixturesJava",
              "outcome": "NO_SOURCE"
            },
            {
              "path": ":spring-expression:compileTestFixturesKotlin",
              "outcome": "NO_SOURCE"
            },
            {
              "path": ":spring-expression:compileTestJava",
              "outcome": "FROM_CACHE"
            },
            {
              "path": ":spring-expression:compileTestKotlin",
              "outcome": "FROM_CACHE"
            },
            {
              "path": ":spring-expression:jar",
              "outcome": "EXECUTED"
            },
            {
              "path": ":spring-expression:processResources",
              "outcome": "NO_SOURCE"
            },
            {
              "path": ":spring-expression:processTestFixturesResources",
              "outcome": "NO_SOURCE"
            },
            {
              "path": ":spring-expression:processTestResources",
              "outcome": "EXECUTED"
            },
            {
              "path": ":spring-expression:testClasses",
              "outcome": "EXECUTED"
            },
            {
              "path": ":spring-expression:testFixturesClasses",
              "outcome": "UP_TO_DATE"
            },
            {
              "path": ":spring-expression:testFixturesJar",
              "outcome": "EXECUTED"
            },
            {
              "path": ":spring-instrument:compileJava",
              "outcome": "FROM_CACHE"
            },
            {
              "path": ":spring-instrument:compileTestFixturesJava",
              "outcome": "NO_SOURCE"
            },
            {
              "path": ":spring-instrument:compileTestJava",
              "outcome": "NO_SOURCE"
            },
            {
              "path": ":spring-instrument:processTestResources",
              "outcome": "NO_SOURCE"
            },
            {
              "path": ":spring-instrument:testClasses",
              "outcome": "UP_TO_DATE"
            },
            {
              "path": ":spring-jdbc:checkKotlinGradlePluginConfigurationErrors",
              "outcome": "SKIPPED"
            },
            {
              "path": ":spring-jdbc:classes",
              "outcome": "EXECUTED"
            },
            {
              "path": ":spring-jdbc:compileJava",
              "outcome": "FROM_CACHE"
            },
            {
              "path": ":spring-jdbc:compileKotlin",
              "outcome": "FROM_CACHE"
            },
            {
              "path": ":spring-jdbc:compileTestFixturesJava",
              "outcome": "NO_SOURCE"
            },
            {
              "path": ":spring-jdbc:compileTestFixturesKotlin",
              "outcome": "NO_SOURCE"
            },
            {
              "path": ":spring-jdbc:compileTestJava",
              "outcome": "FROM_CACHE"
            },
            {
              "path": ":spring-jdbc:compileTestKotlin",
              "outcome": "FROM_CACHE"
            },
            {
              "path": ":spring-jdbc:jar",
              "outcome": "EXECUTED"
            },
            {
              "path": ":spring-jdbc:processResources",
              "outcome": "EXECUTED"
            },
            {
              "path": ":spring-jdbc:processTestFixturesResources",
              "outcome": "NO_SOURCE"
            },
            {
              "path": ":spring-jdbc:processTestResources",
              "outcome": "EXECUTED"
            },
            {
              "path": ":spring-jdbc:testClasses",
              "outcome": "EXECUTED"
            },
            {
              "path": ":spring-jdbc:testFixturesClasses",
              "outcome": "UP_TO_DATE"
            },
            {
              "path": ":spring-jdbc:testFixturesJar",
              "outcome": "EXECUTED"
            },
            {
              "path": ":spring-jms:compileJava",
              "outcome": "EXECUTED"
            },
            {
              "path": ":spring-jms:compileTestFixturesJava",
              "outcome": "NO_SOURCE"
            },
            {
              "path": ":spring-jms:compileTestJava",
              "outcome": "EXECUTED"
            },
            {
              "path": ":spring-jms:processTestResources",
              "outcome": "EXECUTED"
            },
            {
              "path": ":spring-jms:testClasses",
              "outcome": "EXECUTED"
            },
            {
              "path": ":spring-messaging:checkKotlinGradlePluginConfigurationErrors",
              "outcome": "SKIPPED"
            },
            {
              "path": ":spring-messaging:classes",
              "outcome": "EXECUTED"
            },
            {
              "path": ":spring-messaging:compileJava",
              "outcome": "EXECUTED"
            },
            {
              "path": ":spring-messaging:compileKotlin",
              "outcome": "EXECUTED"
            },
            {
              "path": ":spring-messaging:compileTestFixturesJava",
              "outcome": "NO_SOURCE"
            },
            {
              "path": ":spring-messaging:compileTestFixturesKotlin",
              "outcome": "NO_SOURCE"
            },
            {
              "path": ":spring-messaging:compileTestJava",
              "outcome": "EXECUTED"
            },
            {
              "path": ":spring-messaging:compileTestKotlin",
              "outcome": "EXECUTED"
            },
            {
              "path": ":spring-messaging:jar",
              "outcome": "EXECUTED"
            },
            {
              "path": ":spring-messaging:processResources",
              "outcome": "EXECUTED"
            },
            {
              "path": ":spring-messaging:processTestFixturesResources",
              "outcome": "NO_SOURCE"
            },
            {
              "path": ":spring-messaging:processTestResources",
              "outcome": "EXECUTED"
            },
            {
              "path": ":spring-messaging:testClasses",
              "outcome": "EXECUTED"
            },
            {
              "path": ":spring-messaging:testFixturesClasses",
              "outcome": "UP_TO_DATE"
            },
            {
              "path": ":spring-messaging:testFixturesJar",
              "outcome": "EXECUTED"
            },
            {
              "path": ":spring-orm:compileJava",
              "outcome": "FROM_CACHE"
            },
            {
              "path": ":spring-orm:compileTestFixturesJava",
              "outcome": "NO_SOURCE"
            },
            {
              "path": ":spring-orm:compileTestJava",
              "outcome": "FROM_CACHE"
            },
            {
              "path": ":spring-orm:processTestResources",
              "outcome": "EXECUTED"
            },
            {
              "path": ":spring-orm:testClasses",
              "outcome": "EXECUTED"
            },
            {
              "path": ":spring-oxm:compileJava",
              "outcome": "FROM_CACHE"
            },
            {
              "path": ":spring-oxm:compileTestFixturesJava",
              "outcome": "NO_SOURCE"
            },
            {
              "path": ":spring-oxm:compileTestJava",
              "outcome": "FROM_CACHE"
            },
            {
              "path": ":spring-oxm:processTestResources",
              "outcome": "EXECUTED"
            },
            {
              "path": ":spring-oxm:testClasses",
              "outcome": "EXECUTED"
            },
            {
              "path": ":spring-oxm:xjc",
              "outcome": "FROM_CACHE"
            },
            {
              "path": ":spring-r2dbc:checkKotlinGradlePluginConfigurationErrors",
              "outcome": "SKIPPED"
            },
            {
              "path": ":spring-r2dbc:classes",
              "outcome": "EXECUTED"
            },
            {
              "path": ":spring-r2dbc:compileJava",
              "outcome": "FROM_CACHE"
            },
            {
              "path": ":spring-r2dbc:compileKotlin",
              "outcome": "FROM_CACHE"
            },
            {
              "path": ":spring-r2dbc:compileTestFixturesJava",
              "outcome": "NO_SOURCE"
            },
            {
              "path": ":spring-r2dbc:compileTestFixturesKotlin",
              "outcome": "NO_SOURCE"
            },
            {
              "path": ":spring-r2dbc:compileTestJava",
              "outcome": "FROM_CACHE"
            },
            {
              "path": ":spring-r2dbc:compileTestKotlin",
              "outcome": "FROM_CACHE"
            },
            {
              "path": ":spring-r2dbc:jar",
              "outcome": "EXECUTED"
            },
            {
              "path": ":spring-r2dbc:processResources",
              "outcome": "EXECUTED"
            },
            {
              "path": ":spring-r2dbc:processTestFixturesResources",
              "outcome": "NO_SOURCE"
            },
            {
              "path": ":spring-r2dbc:processTestResources",
              "outcome": "EXECUTED"
            },
            {
              "path": ":spring-r2dbc:testClasses",
              "outcome": "EXECUTED"
            },
            {
              "path": ":spring-r2dbc:testFixturesClasses",
              "outcome": "UP_TO_DATE"
            },
            {
              "path": ":spring-r2dbc:testFixturesJar",
              "outcome": "EXECUTED"
            },
            {
              "path": ":spring-test:checkKotlinGradlePluginConfigurationErrors",
              "outcome": "SKIPPED"
            },
            {
              "path": ":spring-test:classes",
              "outcome": "EXECUTED"
            },
            {
              "path": ":spring-test:compileJava",
              "outcome": "FROM_CACHE"
            },
            {
              "path": ":spring-test:compileKotlin",
              "outcome": "FROM_CACHE"
            },
            {
              "path": ":spring-test:compileTestFixturesJava",
              "outcome": "NO_SOURCE"
            },
            {
              "path": ":spring-test:compileTestFixturesKotlin",
              "outcome": "NO_SOURCE"
            },
            {
              "path": ":spring-test:compileTestJava",
              "outcome": "EXECUTED"
            },
            {
              "path": ":spring-test:compileTestKotlin",
              "outcome": "EXECUTED"
            },
            {
              "path": ":spring-test:jar",
              "outcome": "EXECUTED"
            },
            {
              "path": ":spring-test:processResources",
              "outcome": "EXECUTED"
            },
            {
              "path": ":spring-test:processTestFixturesResources",
              "outcome": "NO_SOURCE"
            },
            {
              "path": ":spring-test:processTestResources",
              "outcome": "EXECUTED"
            },
            {
              "path": ":spring-test:testClasses",
              "outcome": "EXECUTED"
            },
            {
              "path": ":spring-test:testFixturesClasses",
              "outcome": "UP_TO_DATE"
            },
            {
              "path": ":spring-test:testFixturesJar",
              "outcome": "EXECUTED"
            },
            {
              "path": ":spring-tx:checkKotlinGradlePluginConfigurationErrors",
              "outcome": "SKIPPED"
            },
            {
              "path": ":spring-tx:classes",
              "outcome": "EXECUTED"
            },
            {
              "path": ":spring-tx:compileJava",
              "outcome": "FROM_CACHE"
            },
            {
              "path": ":spring-tx:compileKotlin",
              "outcome": "FROM_CACHE"
            },
            {
              "path": ":spring-tx:compileTestFixturesJava",
              "outcome": "FROM_CACHE"
            },
            {
              "path": ":spring-tx:compileTestFixturesKotlin",
              "outcome": "NO_SOURCE"
            },
            {
              "path": ":spring-tx:compileTestJava",
              "outcome": "FROM_CACHE"
            },
            {
              "path": ":spring-tx:compileTestKotlin",
              "outcome": "FROM_CACHE"
            },
            {
              "path": ":spring-tx:jar",
              "outcome": "EXECUTED"
            },
            {
              "path": ":spring-tx:processResources",
              "outcome": "EXECUTED"
            },
            {
              "path": ":spring-tx:processTestFixturesResources",
              "outcome": "NO_SOURCE"
            },
            {
              "path": ":spring-tx:processTestResources",
              "outcome": "EXECUTED"
            },
            {
              "path": ":spring-tx:testClasses",
              "outcome": "EXECUTED"
            },
            {
              "path": ":spring-tx:testFixturesClasses",
              "outcome": "UP_TO_DATE"
            },
            {
              "path": ":spring-tx:testFixturesJar",
              "outcome": "EXECUTED"
            },
            {
              "path": ":spring-web:checkKotlinGradlePluginConfigurationErrors",
              "outcome": "SKIPPED"
            },
            {
              "path": ":spring-web:classes",
              "outcome": "EXECUTED"
            },
            {
              "path": ":spring-web:compileJava",
              "outcome": "EXECUTED"
            },
            {
              "path": ":spring-web:compileKotlin",
              "outcome": "EXECUTED"
            },
            {
              "path": ":spring-web:compileTestFixturesJava",
              "outcome": "EXECUTED"
            },
            {
              "path": ":spring-web:compileTestFixturesKotlin",
              "outcome": "NO_SOURCE"
            },
            {
              "path": ":spring-web:compileTestJava",
              "outcome": "EXECUTED"
            },
            {
              "path": ":spring-web:compileTestKotlin",
              "outcome": "EXECUTED"
            },
            {
              "path": ":spring-web:jar",
              "outcome": "EXECUTED"
            },
            {
              "path": ":spring-web:processResources",
              "outcome": "EXECUTED"
            },
            {
              "path": ":spring-web:processTestFixturesResources",
              "outcome": "EXECUTED"
            },
            {
              "path": ":spring-web:processTestResources",
              "outcome": "EXECUTED"
            },
            {
              "path": ":spring-web:testClasses",
              "outcome": "EXECUTED"
            },
            {
              "path": ":spring-web:testFixturesClasses",
              "outcome": "EXECUTED"
            },
            {
              "path": ":spring-web:testFixturesJar",
              "outcome": "EXECUTED"
            },
            {
              "path": ":spring-webflux:checkKotlinGradlePluginConfigurationErrors",
              "outcome": "SKIPPED"
            },
            {
              "path": ":spring-webflux:classes",
              "outcome": "EXECUTED"
            },
            {
              "path": ":spring-webflux:compileJava",
              "outcome": "EXECUTED"
            },
            {
              "path": ":spring-webflux:compileKotlin",
              "outcome": "EXECUTED"
            },
            {
              "path": ":spring-webflux:compileTestFixturesJava",
              "outcome": "NO_SOURCE"
            },
            {
              "path": ":spring-webflux:compileTestFixturesKotlin",
              "outcome": "NO_SOURCE"
            },
            {
              "path": ":spring-webflux:compileTestJava",
              "outcome": "EXECUTED"
            },
            {
              "path": ":spring-webflux:compileTestKotlin",
              "outcome": "EXECUTED"
            },
            {
              "path": ":spring-webflux:jar",
              "outcome": "EXECUTED"
            },
            {
              "path": ":spring-webflux:processResources",
              "outcome": "EXECUTED"
            },
            {
              "path": ":spring-webflux:processTestFixturesResources",
              "outcome": "NO_SOURCE"
            },
            {
              "path": ":spring-webflux:processTestResources",
              "outcome": "EXECUTED"
            },
            {
              "path": ":spring-webflux:testClasses",
              "outcome": "EXECUTED"
            },
            {
              "path": ":spring-webflux:testFixturesClasses",
              "outcome": "UP_TO_DATE"
            },
            {
              "path": ":spring-webflux:testFixturesJar",
              "outcome": "EXECUTED"
            },
            {
              "path": ":spring-webmvc:checkKotlinGradlePluginConfigurationErrors",
              "outcome": "SKIPPED"
            },
            {
              "path": ":spring-webmvc:classes",
              "outcome": "EXECUTED"
            },
            {
              "path": ":spring-webmvc:compileJava",
              "outcome": "FROM_CACHE"
            },
            {
              "path": ":spring-webmvc:compileKotlin",
              "outcome": "FROM_CACHE"
            },
            {
              "path": ":spring-webmvc:compileTestFixturesJava",
              "outcome": "NO_SOURCE"
            },
            {
              "path": ":spring-webmvc:compileTestFixturesKotlin",
              "outcome": "NO_SOURCE"
            },
            {
              "path": ":spring-webmvc:compileTestJava",
              "outcome": "FROM_CACHE"
            },
            {
              "path": ":spring-webmvc:compileTestKotlin",
              "outcome": "FROM_CACHE"
            },
            {
              "path": ":spring-webmvc:jar",
              "outcome": "EXECUTED"
            },
            {
              "path": ":spring-webmvc:processResources",
              "outcome": "EXECUTED"
            },
            {
              "path": ":spring-webmvc:processTestFixturesResources",
              "outcome": "NO_SOURCE"
            },
            {
              "path": ":spring-webmvc:processTestResources",
              "outcome": "EXECUTED"
            },
            {
              "path": ":spring-webmvc:testClasses",
              "outcome": "EXECUTED"
            },
            {
              "path": ":spring-webmvc:testFixturesClasses",
              "outcome": "UP_TO_DATE"
            },
            {
              "path": ":spring-webmvc:testFixturesJar",
              "outcome": "EXECUTED"
            },
            {
              "path": ":spring-websocket:compileJava",
              "outcome": "FROM_CACHE"
            },
            {
              "path": ":spring-websocket:compileTestFixturesJava",
              "outcome": "NO_SOURCE"
            },
            {
              "path": ":spring-websocket:compileTestJava",
              "outcome": "EXECUTED"
            },
            {
              "path": ":spring-websocket:processTestResources",
              "outcome": "EXECUTED"
            },
            {
              "path": ":spring-websocket:testClasses",
              "outcome": "EXECUTED"
            },
            {
              "path": ":testClasses",
              "outcome": "UP_TO_DATE"
            }
          ]
        },
        "hostPressure": {
          "available": true,
          "cpuSomeTotalUs": 21695635,
          "memorySomeTotalUs": 95,
          "memoryFullTotalUs": 85,
          "ioSomeTotalUs": 152102386,
          "ioFullTotalUs": 76280654
        }
      },
      {
        "phase": "BASE_DAEMON_STABILIZATION",
        "durationMs": 18257,
        "logSha256": "975fd604d0cd08203145be90553b3779da52e6b23e3799bfcf7bbddaa6b379ab",
        "taskOutcomes": {
          "total": 305,
          "executed": 108,
          "fromCache": 90,
          "upToDate": 23,
          "noSource": 65,
          "skipped": 19,
          "fingerprintSha256": "1394115c8e91572561c1f22f40b0192ebabe7f68f0d755aae33167b9d14747d2",
          "tasks": [
            {
              "path": ":buildSrc:check",
              "outcome": "UP_TO_DATE"
            },
            {
              "path": ":buildSrc:checkstyleMain",
              "outcome": "FROM_CACHE"
            },
            {
              "path": ":buildSrc:checkstyleTest",
              "outcome": "FROM_CACHE"
            },
            {
              "path": ":buildSrc:classes",
              "outcome": "EXECUTED"
            },
            {
              "path": ":buildSrc:compileGroovy",
              "outcome": "NO_SOURCE"
            },
            {
              "path": ":buildSrc:compileJava",
              "outcome": "FROM_CACHE"
            },
            {
              "path": ":buildSrc:compileTestGroovy",
              "outcome": "NO_SOURCE"
            },
            {
              "path": ":buildSrc:compileTestJava",
              "outcome": "FROM_CACHE"
            },
            {
              "path": ":buildSrc:jar",
              "outcome": "EXECUTED"
            },
            {
              "path": ":buildSrc:pluginDescriptors",
              "outcome": "EXECUTED"
            },
            {
              "path": ":buildSrc:pluginUnderTestMetadata",
              "outcome": "EXECUTED"
            },
            {
              "path": ":buildSrc:processResources",
              "outcome": "EXECUTED"
            },
            {
              "path": ":buildSrc:processTestResources",
              "outcome": "NO_SOURCE"
            },
            {
              "path": ":buildSrc:test",
              "outcome": "FROM_CACHE"
            },
            {
              "path": ":buildSrc:testClasses",
              "outcome": "UP_TO_DATE"
            },
            {
              "path": ":buildSrc:validatePlugins",
              "outcome": "FROM_CACHE"
            },
            {
              "path": ":classes",
              "outcome": "UP_TO_DATE"
            },
            {
              "path": ":compileJava",
              "outcome": "NO_SOURCE"
            },
            {
              "path": ":compileTestFixturesJava",
              "outcome": "NO_SOURCE"
            },
            {
              "path": ":compileTestJava",
              "outcome": "NO_SOURCE"
            },
            {
              "path": ":framework-docs:checkKotlinGradlePluginConfigurationErrors",
              "outcome": "SKIPPED"
            },
            {
              "path": ":framework-docs:classes",
              "outcome": "EXECUTED"
            },
            {
              "path": ":framework-docs:compileJava",
              "outcome": "FROM_CACHE"
            },
            {
              "path": ":framework-docs:compileKotlin",
              "outcome": "FROM_CACHE"
            },
            {
              "path": ":framework-docs:compileTestJava",
              "outcome": "NO_SOURCE"
            },
            {
              "path": ":framework-docs:compileTestKotlin",
              "outcome": "NO_SOURCE"
            },
            {
              "path": ":framework-docs:jar",
              "outcome": "SKIPPED"
            },
            {
              "path": ":framework-docs:processResources",
              "outcome": "EXECUTED"
            },
            {
              "path": ":framework-docs:processTestResources",
              "outcome": "NO_SOURCE"
            },
            {
              "path": ":framework-docs:testClasses",
              "outcome": "UP_TO_DATE"
            },
            {
              "path": ":integration-tests:checkKotlinGradlePluginConfigurationErrors",
              "outcome": "SKIPPED"
            },
            {
              "path": ":integration-tests:classes",
              "outcome": "UP_TO_DATE"
            },
            {
              "path": ":integration-tests:compileJava",
              "outcome": "NO_SOURCE"
            },
            {
              "path": ":integration-tests:compileKotlin",
              "outcome": "NO_SOURCE"
            },
            {
              "path": ":integration-tests:compileTestFixturesJava",
              "outcome": "NO_SOURCE"
            },
            {
              "path": ":integration-tests:compileTestFixturesKotlin",
              "outcome": "NO_SOURCE"
            },
            {
              "path": ":integration-tests:compileTestJava",
              "outcome": "FROM_CACHE"
            },
            {
              "path": ":integration-tests:compileTestKotlin",
              "outcome": "FROM_CACHE"
            },
            {
              "path": ":integration-tests:jar",
              "outcome": "EXECUTED"
            },
            {
              "path": ":integration-tests:processResources",
              "outcome": "NO_SOURCE"
            },
            {
              "path": ":integration-tests:processTestFixturesResources",
              "outcome": "NO_SOURCE"
            },
            {
              "path": ":integration-tests:processTestResources",
              "outcome": "EXECUTED"
            },
            {
              "path": ":integration-tests:testClasses",
              "outcome": "EXECUTED"
            },
            {
              "path": ":integration-tests:testFixturesClasses",
              "outcome": "UP_TO_DATE"
            },
            {
              "path": ":integration-tests:testFixturesJar",
              "outcome": "EXECUTED"
            },
            {
              "path": ":jar",
              "outcome": "EXECUTED"
            },
            {
              "path": ":processResources",
              "outcome": "NO_SOURCE"
            },
            {
              "path": ":processTestResources",
              "outcome": "NO_SOURCE"
            },
            {
              "path": ":spring-aop:checkKotlinGradlePluginConfigurationErrors",
              "outcome": "SKIPPED"
            },
            {
              "path": ":spring-aop:classes",
              "outcome": "EXECUTED"
            },
            {
              "path": ":spring-aop:compileJava",
              "outcome": "FROM_CACHE"
            },
            {
              "path": ":spring-aop:compileKotlin",
              "outcome": "NO_SOURCE"
            },
            {
              "path": ":spring-aop:compileTestFixturesJava",
              "outcome": "FROM_CACHE"
            },
            {
              "path": ":spring-aop:compileTestFixturesKotlin",
              "outcome": "NO_SOURCE"
            },
            {
              "path": ":spring-aop:compileTestJava",
              "outcome": "FROM_CACHE"
            },
            {
              "path": ":spring-aop:compileTestKotlin",
              "outcome": "FROM_CACHE"
            },
            {
              "path": ":spring-aop:jar",
              "outcome": "EXECUTED"
            },
            {
              "path": ":spring-aop:processResources",
              "outcome": "EXECUTED"
            },
            {
              "path": ":spring-aop:processTestFixturesResources",
              "outcome": "NO_SOURCE"
            },
            {
              "path": ":spring-aop:processTestResources",
              "outcome": "EXECUTED"
            },
            {
              "path": ":spring-aop:testClasses",
              "outcome": "EXECUTED"
            },
            {
              "path": ":spring-aop:testFixturesClasses",
              "outcome": "UP_TO_DATE"
            },
            {
              "path": ":spring-aop:testFixturesJar",
              "outcome": "EXECUTED"
            },
            {
              "path": ":spring-aspects:classes",
              "outcome": "EXECUTED"
            },
            {
              "path": ":spring-aspects:compileAspectj",
              "outcome": "FROM_CACHE"
            },
            {
              "path": ":spring-aspects:compileJava",
              "outcome": "SKIPPED"
            },
            {
              "path": ":spring-aspects:compileTestAspectj",
              "outcome": "FROM_CACHE"
            },
            {
              "path": ":spring-aspects:compileTestFixturesAspectj",
              "outcome": "NO_SOURCE"
            },
            {
              "path": ":spring-aspects:compileTestFixturesJava",
              "outcome": "SKIPPED"
            },
            {
              "path": ":spring-aspects:compileTestJava",
              "outcome": "SKIPPED"
            },
            {
              "path": ":spring-aspects:processResources",
              "outcome": "EXECUTED"
            },
            {
              "path": ":spring-aspects:processTestResources",
              "outcome": "EXECUTED"
            },
            {
              "path": ":spring-aspects:testClasses",
              "outcome": "EXECUTED"
            },
            {
              "path": ":spring-beans:checkKotlinGradlePluginConfigurationErrors",
              "outcome": "SKIPPED"
            },
            {
              "path": ":spring-beans:classes",
              "outcome": "EXECUTED"
            },
            {
              "path": ":spring-beans:compileJava",
              "outcome": "FROM_CACHE"
            },
            {
              "path": ":spring-beans:compileKotlin",
              "outcome": "FROM_CACHE"
            },
            {
              "path": ":spring-beans:compileTestFixturesJava",
              "outcome": "FROM_CACHE"
            },
            {
              "path": ":spring-beans:compileTestFixturesKotlin",
              "outcome": "FROM_CACHE"
            },
            {
              "path": ":spring-beans:compileTestJava",
              "outcome": "FROM_CACHE"
            },
            {
              "path": ":spring-beans:compileTestKotlin",
              "outcome": "FROM_CACHE"
            },
            {
              "path": ":spring-beans:jar",
              "outcome": "EXECUTED"
            },
            {
              "path": ":spring-beans:processResources",
              "outcome": "EXECUTED"
            },
            {
              "path": ":spring-beans:processTestFixturesResources",
              "outcome": "EXECUTED"
            },
            {
              "path": ":spring-beans:processTestResources",
              "outcome": "EXECUTED"
            },
            {
              "path": ":spring-beans:testClasses",
              "outcome": "EXECUTED"
            },
            {
              "path": ":spring-beans:testFixturesClasses",
              "outcome": "EXECUTED"
            },
            {
              "path": ":spring-beans:testFixturesJar",
              "outcome": "EXECUTED"
            },
            {
              "path": ":spring-context-indexer:compileJava",
              "outcome": "FROM_CACHE"
            },
            {
              "path": ":spring-context-indexer:compileTestFixturesJava",
              "outcome": "NO_SOURCE"
            },
            {
              "path": ":spring-context-indexer:compileTestJava",
              "outcome": "FROM_CACHE"
            },
            {
              "path": ":spring-context-indexer:processTestResources",
              "outcome": "NO_SOURCE"
            },
            {
              "path": ":spring-context-indexer:testClasses",
              "outcome": "UP_TO_DATE"
            },
            {
              "path": ":spring-context-support:compileJava",
              "outcome": "FROM_CACHE"
            },
            {
              "path": ":spring-context-support:compileTestFixturesJava",
              "outcome": "FROM_CACHE"
            },
            {
              "path": ":spring-context-support:compileTestJava",
              "outcome": "FROM_CACHE"
            },
            {
              "path": ":spring-context-support:processTestResources",
              "outcome": "EXECUTED"
            },
            {
              "path": ":spring-context-support:testClasses",
              "outcome": "EXECUTED"
            },
            {
              "path": ":spring-context:checkKotlinGradlePluginConfigurationErrors",
              "outcome": "SKIPPED"
            },
            {
              "path": ":spring-context:classes",
              "outcome": "EXECUTED"
            },
            {
              "path": ":spring-context:compileJava",
              "outcome": "FROM_CACHE"
            },
            {
              "path": ":spring-context:compileKotlin",
              "outcome": "FROM_CACHE"
            },
            {
              "path": ":spring-context:compileTestFixturesJava",
              "outcome": "FROM_CACHE"
            },
            {
              "path": ":spring-context:compileTestFixturesKotlin",
              "outcome": "NO_SOURCE"
            },
            {
              "path": ":spring-context:compileTestJava",
              "outcome": "FROM_CACHE"
            },
            {
              "path": ":spring-context:compileTestKotlin",
              "outcome": "FROM_CACHE"
            },
            {
              "path": ":spring-context:jar",
              "outcome": "EXECUTED"
            },
            {
              "path": ":spring-context:processResources",
              "outcome": "EXECUTED"
            },
            {
              "path": ":spring-context:processTestFixturesResources",
              "outcome": "NO_SOURCE"
            },
            {
              "path": ":spring-context:processTestResources",
              "outcome": "EXECUTED"
            },
            {
              "path": ":spring-context:testClasses",
              "outcome": "EXECUTED"
            },
            {
              "path": ":spring-context:testFixturesClasses",
              "outcome": "UP_TO_DATE"
            },
            {
              "path": ":spring-context:testFixturesJar",
              "outcome": "EXECUTED"
            },
            {
              "path": ":spring-core-test:compileJava",
              "outcome": "FROM_CACHE"
            },
            {
              "path": ":spring-core-test:compileTestFixturesJava",
              "outcome": "NO_SOURCE"
            },
            {
              "path": ":spring-core-test:compileTestJava",
              "outcome": "FROM_CACHE"
            },
            {
              "path": ":spring-core-test:processTestResources",
              "outcome": "EXECUTED"
            },
            {
              "path": ":spring-core-test:testClasses",
              "outcome": "EXECUTED"
            },
            {
              "path": ":spring-core:checkKotlinGradlePluginConfigurationErrors",
              "outcome": "SKIPPED"
            },
            {
              "path": ":spring-core:classes",
              "outcome": "EXECUTED"
            },
            {
              "path": ":spring-core:compileJava",
              "outcome": "FROM_CACHE"
            },
            {
              "path": ":spring-core:compileJava21Java",
              "outcome": "FROM_CACHE"
            },
            {
              "path": ":spring-core:compileJava21Kotlin",
              "outcome": "NO_SOURCE"
            },
            {
              "path": ":spring-core:compileJava24Java",
              "outcome": "FROM_CACHE"
            },
            {
              "path": ":spring-core:compileJava24Kotlin",
              "outcome": "NO_SOURCE"
            },
            {
              "path": ":spring-core:compileKotlin",
              "outcome": "FROM_CACHE"
            },
            {
              "path": ":spring-core:compileTestFixturesJava",
              "outcome": "FROM_CACHE"
            },
            {
              "path": ":spring-core:compileTestFixturesKotlin",
              "outcome": "NO_SOURCE"
            },
            {
              "path": ":spring-core:compileTestJava",
              "outcome": "FROM_CACHE"
            },
            {
              "path": ":spring-core:compileTestKotlin",
              "outcome": "FROM_CACHE"
            },
            {
              "path": ":spring-core:jar",
              "outcome": "EXECUTED"
            },
            {
              "path": ":spring-core:java21Classes",
              "outcome": "UP_TO_DATE"
            },
            {
              "path": ":spring-core:java24Classes",
              "outcome": "UP_TO_DATE"
            },
            {
              "path": ":spring-core:javapoetRepackJar",
              "outcome": "FROM_CACHE"
            },
            {
              "path": ":spring-core:objenesisRepackJar",
              "outcome": "FROM_CACHE"
            },
            {
              "path": ":spring-core:processJava21Resources",
              "outcome": "NO_SOURCE"
            },
            {
              "path": ":spring-core:processJava24Resources",
              "outcome": "NO_SOURCE"
            },
            {
              "path": ":spring-core:processResources",
              "outcome": "EXECUTED"
            },
            {
              "path": ":spring-core:processTestFixturesResources",
              "outcome": "NO_SOURCE"
            },
            {
              "path": ":spring-core:processTestResources",
              "outcome": "EXECUTED"
            },
            {
              "path": ":spring-core:testClasses",
              "outcome": "EXECUTED"
            },
            {
              "path": ":spring-core:testFixturesClasses",
              "outcome": "UP_TO_DATE"
            },
            {
              "path": ":spring-core:testFixturesJar",
              "outcome": "EXECUTED"
            },
            {
              "path": ":spring-expression:checkKotlinGradlePluginConfigurationErrors",
              "outcome": "SKIPPED"
            },
            {
              "path": ":spring-expression:classes",
              "outcome": "UP_TO_DATE"
            },
            {
              "path": ":spring-expression:compileJava",
              "outcome": "FROM_CACHE"
            },
            {
              "path": ":spring-expression:compileKotlin",
              "outcome": "NO_SOURCE"
            },
            {
              "path": ":spring-expression:compileTestFixturesJava",
              "outcome": "NO_SOURCE"
            },
            {
              "path": ":spring-expression:compileTestFixturesKotlin",
              "outcome": "NO_SOURCE"
            },
            {
              "path": ":spring-expression:compileTestJava",
              "outcome": "FROM_CACHE"
            },
            {
              "path": ":spring-expression:compileTestKotlin",
              "outcome": "FROM_CACHE"
            },
            {
              "path": ":spring-expression:jar",
              "outcome": "EXECUTED"
            },
            {
              "path": ":spring-expression:processResources",
              "outcome": "NO_SOURCE"
            },
            {
              "path": ":spring-expression:processTestFixturesResources",
              "outcome": "NO_SOURCE"
            },
            {
              "path": ":spring-expression:processTestResources",
              "outcome": "EXECUTED"
            },
            {
              "path": ":spring-expression:testClasses",
              "outcome": "EXECUTED"
            },
            {
              "path": ":spring-expression:testFixturesClasses",
              "outcome": "UP_TO_DATE"
            },
            {
              "path": ":spring-expression:testFixturesJar",
              "outcome": "EXECUTED"
            },
            {
              "path": ":spring-instrument:compileJava",
              "outcome": "FROM_CACHE"
            },
            {
              "path": ":spring-instrument:compileTestFixturesJava",
              "outcome": "NO_SOURCE"
            },
            {
              "path": ":spring-instrument:compileTestJava",
              "outcome": "NO_SOURCE"
            },
            {
              "path": ":spring-instrument:processTestResources",
              "outcome": "NO_SOURCE"
            },
            {
              "path": ":spring-instrument:testClasses",
              "outcome": "UP_TO_DATE"
            },
            {
              "path": ":spring-jdbc:checkKotlinGradlePluginConfigurationErrors",
              "outcome": "SKIPPED"
            },
            {
              "path": ":spring-jdbc:classes",
              "outcome": "EXECUTED"
            },
            {
              "path": ":spring-jdbc:compileJava",
              "outcome": "FROM_CACHE"
            },
            {
              "path": ":spring-jdbc:compileKotlin",
              "outcome": "FROM_CACHE"
            },
            {
              "path": ":spring-jdbc:compileTestFixturesJava",
              "outcome": "NO_SOURCE"
            },
            {
              "path": ":spring-jdbc:compileTestFixturesKotlin",
              "outcome": "NO_SOURCE"
            },
            {
              "path": ":spring-jdbc:compileTestJava",
              "outcome": "FROM_CACHE"
            },
            {
              "path": ":spring-jdbc:compileTestKotlin",
              "outcome": "FROM_CACHE"
            },
            {
              "path": ":spring-jdbc:jar",
              "outcome": "EXECUTED"
            },
            {
              "path": ":spring-jdbc:processResources",
              "outcome": "EXECUTED"
            },
            {
              "path": ":spring-jdbc:processTestFixturesResources",
              "outcome": "NO_SOURCE"
            },
            {
              "path": ":spring-jdbc:processTestResources",
              "outcome": "EXECUTED"
            },
            {
              "path": ":spring-jdbc:testClasses",
              "outcome": "EXECUTED"
            },
            {
              "path": ":spring-jdbc:testFixturesClasses",
              "outcome": "UP_TO_DATE"
            },
            {
              "path": ":spring-jdbc:testFixturesJar",
              "outcome": "EXECUTED"
            },
            {
              "path": ":spring-jms:compileJava",
              "outcome": "FROM_CACHE"
            },
            {
              "path": ":spring-jms:compileTestFixturesJava",
              "outcome": "NO_SOURCE"
            },
            {
              "path": ":spring-jms:compileTestJava",
              "outcome": "FROM_CACHE"
            },
            {
              "path": ":spring-jms:processTestResources",
              "outcome": "EXECUTED"
            },
            {
              "path": ":spring-jms:testClasses",
              "outcome": "EXECUTED"
            },
            {
              "path": ":spring-messaging:checkKotlinGradlePluginConfigurationErrors",
              "outcome": "SKIPPED"
            },
            {
              "path": ":spring-messaging:classes",
              "outcome": "EXECUTED"
            },
            {
              "path": ":spring-messaging:compileJava",
              "outcome": "FROM_CACHE"
            },
            {
              "path": ":spring-messaging:compileKotlin",
              "outcome": "FROM_CACHE"
            },
            {
              "path": ":spring-messaging:compileTestFixturesJava",
              "outcome": "NO_SOURCE"
            },
            {
              "path": ":spring-messaging:compileTestFixturesKotlin",
              "outcome": "NO_SOURCE"
            },
            {
              "path": ":spring-messaging:compileTestJava",
              "outcome": "FROM_CACHE"
            },
            {
              "path": ":spring-messaging:compileTestKotlin",
              "outcome": "FROM_CACHE"
            },
            {
              "path": ":spring-messaging:jar",
              "outcome": "EXECUTED"
            },
            {
              "path": ":spring-messaging:processResources",
              "outcome": "EXECUTED"
            },
            {
              "path": ":spring-messaging:processTestFixturesResources",
              "outcome": "NO_SOURCE"
            },
            {
              "path": ":spring-messaging:processTestResources",
              "outcome": "EXECUTED"
            },
            {
              "path": ":spring-messaging:testClasses",
              "outcome": "EXECUTED"
            },
            {
              "path": ":spring-messaging:testFixturesClasses",
              "outcome": "UP_TO_DATE"
            },
            {
              "path": ":spring-messaging:testFixturesJar",
              "outcome": "EXECUTED"
            },
            {
              "path": ":spring-orm:compileJava",
              "outcome": "FROM_CACHE"
            },
            {
              "path": ":spring-orm:compileTestFixturesJava",
              "outcome": "NO_SOURCE"
            },
            {
              "path": ":spring-orm:compileTestJava",
              "outcome": "FROM_CACHE"
            },
            {
              "path": ":spring-orm:processTestResources",
              "outcome": "EXECUTED"
            },
            {
              "path": ":spring-orm:testClasses",
              "outcome": "EXECUTED"
            },
            {
              "path": ":spring-oxm:compileJava",
              "outcome": "FROM_CACHE"
            },
            {
              "path": ":spring-oxm:compileTestFixturesJava",
              "outcome": "NO_SOURCE"
            },
            {
              "path": ":spring-oxm:compileTestJava",
              "outcome": "FROM_CACHE"
            },
            {
              "path": ":spring-oxm:processTestResources",
              "outcome": "EXECUTED"
            },
            {
              "path": ":spring-oxm:testClasses",
              "outcome": "EXECUTED"
            },
            {
              "path": ":spring-oxm:xjc",
              "outcome": "FROM_CACHE"
            },
            {
              "path": ":spring-r2dbc:checkKotlinGradlePluginConfigurationErrors",
              "outcome": "SKIPPED"
            },
            {
              "path": ":spring-r2dbc:classes",
              "outcome": "EXECUTED"
            },
            {
              "path": ":spring-r2dbc:compileJava",
              "outcome": "FROM_CACHE"
            },
            {
              "path": ":spring-r2dbc:compileKotlin",
              "outcome": "FROM_CACHE"
            },
            {
              "path": ":spring-r2dbc:compileTestFixturesJava",
              "outcome": "NO_SOURCE"
            },
            {
              "path": ":spring-r2dbc:compileTestFixturesKotlin",
              "outcome": "NO_SOURCE"
            },
            {
              "path": ":spring-r2dbc:compileTestJava",
              "outcome": "FROM_CACHE"
            },
            {
              "path": ":spring-r2dbc:compileTestKotlin",
              "outcome": "FROM_CACHE"
            },
            {
              "path": ":spring-r2dbc:jar",
              "outcome": "EXECUTED"
            },
            {
              "path": ":spring-r2dbc:processResources",
              "outcome": "EXECUTED"
            },
            {
              "path": ":spring-r2dbc:processTestFixturesResources",
              "outcome": "NO_SOURCE"
            },
            {
              "path": ":spring-r2dbc:processTestResources",
              "outcome": "EXECUTED"
            },
            {
              "path": ":spring-r2dbc:testClasses",
              "outcome": "EXECUTED"
            },
            {
              "path": ":spring-r2dbc:testFixturesClasses",
              "outcome": "UP_TO_DATE"
            },
            {
              "path": ":spring-r2dbc:testFixturesJar",
              "outcome": "EXECUTED"
            },
            {
              "path": ":spring-test:checkKotlinGradlePluginConfigurationErrors",
              "outcome": "SKIPPED"
            },
            {
              "path": ":spring-test:classes",
              "outcome": "EXECUTED"
            },
            {
              "path": ":spring-test:compileJava",
              "outcome": "FROM_CACHE"
            },
            {
              "path": ":spring-test:compileKotlin",
              "outcome": "FROM_CACHE"
            },
            {
              "path": ":spring-test:compileTestFixturesJava",
              "outcome": "NO_SOURCE"
            },
            {
              "path": ":spring-test:compileTestFixturesKotlin",
              "outcome": "NO_SOURCE"
            },
            {
              "path": ":spring-test:compileTestJava",
              "outcome": "FROM_CACHE"
            },
            {
              "path": ":spring-test:compileTestKotlin",
              "outcome": "FROM_CACHE"
            },
            {
              "path": ":spring-test:jar",
              "outcome": "EXECUTED"
            },
            {
              "path": ":spring-test:processResources",
              "outcome": "EXECUTED"
            },
            {
              "path": ":spring-test:processTestFixturesResources",
              "outcome": "NO_SOURCE"
            },
            {
              "path": ":spring-test:processTestResources",
              "outcome": "EXECUTED"
            },
            {
              "path": ":spring-test:testClasses",
              "outcome": "EXECUTED"
            },
            {
              "path": ":spring-test:testFixturesClasses",
              "outcome": "UP_TO_DATE"
            },
            {
              "path": ":spring-test:testFixturesJar",
              "outcome": "EXECUTED"
            },
            {
              "path": ":spring-tx:checkKotlinGradlePluginConfigurationErrors",
              "outcome": "SKIPPED"
            },
            {
              "path": ":spring-tx:classes",
              "outcome": "EXECUTED"
            },
            {
              "path": ":spring-tx:compileJava",
              "outcome": "FROM_CACHE"
            },
            {
              "path": ":spring-tx:compileKotlin",
              "outcome": "FROM_CACHE"
            },
            {
              "path": ":spring-tx:compileTestFixturesJava",
              "outcome": "FROM_CACHE"
            },
            {
              "path": ":spring-tx:compileTestFixturesKotlin",
              "outcome": "NO_SOURCE"
            },
            {
              "path": ":spring-tx:compileTestJava",
              "outcome": "FROM_CACHE"
            },
            {
              "path": ":spring-tx:compileTestKotlin",
              "outcome": "FROM_CACHE"
            },
            {
              "path": ":spring-tx:jar",
              "outcome": "EXECUTED"
            },
            {
              "path": ":spring-tx:processResources",
              "outcome": "EXECUTED"
            },
            {
              "path": ":spring-tx:processTestFixturesResources",
              "outcome": "NO_SOURCE"
            },
            {
              "path": ":spring-tx:processTestResources",
              "outcome": "EXECUTED"
            },
            {
              "path": ":spring-tx:testClasses",
              "outcome": "EXECUTED"
            },
            {
              "path": ":spring-tx:testFixturesClasses",
              "outcome": "UP_TO_DATE"
            },
            {
              "path": ":spring-tx:testFixturesJar",
              "outcome": "EXECUTED"
            },
            {
              "path": ":spring-web:checkKotlinGradlePluginConfigurationErrors",
              "outcome": "SKIPPED"
            },
            {
              "path": ":spring-web:classes",
              "outcome": "EXECUTED"
            },
            {
              "path": ":spring-web:compileJava",
              "outcome": "FROM_CACHE"
            },
            {
              "path": ":spring-web:compileKotlin",
              "outcome": "FROM_CACHE"
            },
            {
              "path": ":spring-web:compileTestFixturesJava",
              "outcome": "FROM_CACHE"
            },
            {
              "path": ":spring-web:compileTestFixturesKotlin",
              "outcome": "NO_SOURCE"
            },
            {
              "path": ":spring-web:compileTestJava",
              "outcome": "FROM_CACHE"
            },
            {
              "path": ":spring-web:compileTestKotlin",
              "outcome": "FROM_CACHE"
            },
            {
              "path": ":spring-web:jar",
              "outcome": "EXECUTED"
            },
            {
              "path": ":spring-web:processResources",
              "outcome": "EXECUTED"
            },
            {
              "path": ":spring-web:processTestFixturesResources",
              "outcome": "EXECUTED"
            },
            {
              "path": ":spring-web:processTestResources",
              "outcome": "EXECUTED"
            },
            {
              "path": ":spring-web:testClasses",
              "outcome": "EXECUTED"
            },
            {
              "path": ":spring-web:testFixturesClasses",
              "outcome": "EXECUTED"
            },
            {
              "path": ":spring-web:testFixturesJar",
              "outcome": "EXECUTED"
            },
            {
              "path": ":spring-webflux:checkKotlinGradlePluginConfigurationErrors",
              "outcome": "SKIPPED"
            },
            {
              "path": ":spring-webflux:classes",
              "outcome": "EXECUTED"
            },
            {
              "path": ":spring-webflux:compileJava",
              "outcome": "FROM_CACHE"
            },
            {
              "path": ":spring-webflux:compileKotlin",
              "outcome": "FROM_CACHE"
            },
            {
              "path": ":spring-webflux:compileTestFixturesJava",
              "outcome": "NO_SOURCE"
            },
            {
              "path": ":spring-webflux:compileTestFixturesKotlin",
              "outcome": "NO_SOURCE"
            },
            {
              "path": ":spring-webflux:compileTestJava",
              "outcome": "FROM_CACHE"
            },
            {
              "path": ":spring-webflux:compileTestKotlin",
              "outcome": "FROM_CACHE"
            },
            {
              "path": ":spring-webflux:jar",
              "outcome": "EXECUTED"
            },
            {
              "path": ":spring-webflux:processResources",
              "outcome": "EXECUTED"
            },
            {
              "path": ":spring-webflux:processTestFixturesResources",
              "outcome": "NO_SOURCE"
            },
            {
              "path": ":spring-webflux:processTestResources",
              "outcome": "EXECUTED"
            },
            {
              "path": ":spring-webflux:testClasses",
              "outcome": "EXECUTED"
            },
            {
              "path": ":spring-webflux:testFixturesClasses",
              "outcome": "UP_TO_DATE"
            },
            {
              "path": ":spring-webflux:testFixturesJar",
              "outcome": "EXECUTED"
            },
            {
              "path": ":spring-webmvc:checkKotlinGradlePluginConfigurationErrors",
              "outcome": "SKIPPED"
            },
            {
              "path": ":spring-webmvc:classes",
              "outcome": "EXECUTED"
            },
            {
              "path": ":spring-webmvc:compileJava",
              "outcome": "FROM_CACHE"
            },
            {
              "path": ":spring-webmvc:compileKotlin",
              "outcome": "FROM_CACHE"
            },
            {
              "path": ":spring-webmvc:compileTestFixturesJava",
              "outcome": "NO_SOURCE"
            },
            {
              "path": ":spring-webmvc:compileTestFixturesKotlin",
              "outcome": "NO_SOURCE"
            },
            {
              "path": ":spring-webmvc:compileTestJava",
              "outcome": "FROM_CACHE"
            },
            {
              "path": ":spring-webmvc:compileTestKotlin",
              "outcome": "FROM_CACHE"
            },
            {
              "path": ":spring-webmvc:jar",
              "outcome": "EXECUTED"
            },
            {
              "path": ":spring-webmvc:processResources",
              "outcome": "EXECUTED"
            },
            {
              "path": ":spring-webmvc:processTestFixturesResources",
              "outcome": "NO_SOURCE"
            },
            {
              "path": ":spring-webmvc:processTestResources",
              "outcome": "EXECUTED"
            },
            {
              "path": ":spring-webmvc:testClasses",
              "outcome": "EXECUTED"
            },
            {
              "path": ":spring-webmvc:testFixturesClasses",
              "outcome": "UP_TO_DATE"
            },
            {
              "path": ":spring-webmvc:testFixturesJar",
              "outcome": "EXECUTED"
            },
            {
              "path": ":spring-websocket:compileJava",
              "outcome": "FROM_CACHE"
            },
            {
              "path": ":spring-websocket:compileTestFixturesJava",
              "outcome": "NO_SOURCE"
            },
            {
              "path": ":spring-websocket:compileTestJava",
              "outcome": "FROM_CACHE"
            },
            {
              "path": ":spring-websocket:processTestResources",
              "outcome": "EXECUTED"
            },
            {
              "path": ":spring-websocket:testClasses",
              "outcome": "EXECUTED"
            },
            {
              "path": ":testClasses",
              "outcome": "UP_TO_DATE"
            }
          ]
        },
        "hostPressure": {
          "available": true,
          "cpuSomeTotalUs": 500668,
          "memorySomeTotalUs": 1,
          "memoryFullTotalUs": 0,
          "ioSomeTotalUs": 10765810,
          "ioFullTotalUs": 6607249
        }
      },
      {
        "phase": "TARGET_WORKLOAD_STABILIZATION",
        "durationMs": 15354,
        "logSha256": "4234cc2ca1e900b88bff78e449ec36d068577e7c7a4402a76f9fb73befa19032",
        "taskOutcomes": {
          "total": 305,
          "executed": 109,
          "fromCache": 89,
          "upToDate": 23,
          "noSource": 65,
          "skipped": 19,
          "fingerprintSha256": "85399d45cd2d3615162148545d5babb68fb708dbdd29a2e2991b8e65724ce6a7",
          "tasks": [
            {
              "path": ":buildSrc:check",
              "outcome": "UP_TO_DATE"
            },
            {
              "path": ":buildSrc:checkstyleMain",
              "outcome": "FROM_CACHE"
            },
            {
              "path": ":buildSrc:checkstyleTest",
              "outcome": "FROM_CACHE"
            },
            {
              "path": ":buildSrc:classes",
              "outcome": "EXECUTED"
            },
            {
              "path": ":buildSrc:compileGroovy",
              "outcome": "NO_SOURCE"
            },
            {
              "path": ":buildSrc:compileJava",
              "outcome": "FROM_CACHE"
            },
            {
              "path": ":buildSrc:compileTestGroovy",
              "outcome": "NO_SOURCE"
            },
            {
              "path": ":buildSrc:compileTestJava",
              "outcome": "FROM_CACHE"
            },
            {
              "path": ":buildSrc:jar",
              "outcome": "EXECUTED"
            },
            {
              "path": ":buildSrc:pluginDescriptors",
              "outcome": "EXECUTED"
            },
            {
              "path": ":buildSrc:pluginUnderTestMetadata",
              "outcome": "EXECUTED"
            },
            {
              "path": ":buildSrc:processResources",
              "outcome": "EXECUTED"
            },
            {
              "path": ":buildSrc:processTestResources",
              "outcome": "NO_SOURCE"
            },
            {
              "path": ":buildSrc:test",
              "outcome": "FROM_CACHE"
            },
            {
              "path": ":buildSrc:testClasses",
              "outcome": "UP_TO_DATE"
            },
            {
              "path": ":buildSrc:validatePlugins",
              "outcome": "FROM_CACHE"
            },
            {
              "path": ":classes",
              "outcome": "UP_TO_DATE"
            },
            {
              "path": ":compileJava",
              "outcome": "NO_SOURCE"
            },
            {
              "path": ":compileTestFixturesJava",
              "outcome": "NO_SOURCE"
            },
            {
              "path": ":compileTestJava",
              "outcome": "NO_SOURCE"
            },
            {
              "path": ":framework-docs:checkKotlinGradlePluginConfigurationErrors",
              "outcome": "SKIPPED"
            },
            {
              "path": ":framework-docs:classes",
              "outcome": "EXECUTED"
            },
            {
              "path": ":framework-docs:compileJava",
              "outcome": "FROM_CACHE"
            },
            {
              "path": ":framework-docs:compileKotlin",
              "outcome": "FROM_CACHE"
            },
            {
              "path": ":framework-docs:compileTestJava",
              "outcome": "NO_SOURCE"
            },
            {
              "path": ":framework-docs:compileTestKotlin",
              "outcome": "NO_SOURCE"
            },
            {
              "path": ":framework-docs:jar",
              "outcome": "SKIPPED"
            },
            {
              "path": ":framework-docs:processResources",
              "outcome": "EXECUTED"
            },
            {
              "path": ":framework-docs:processTestResources",
              "outcome": "NO_SOURCE"
            },
            {
              "path": ":framework-docs:testClasses",
              "outcome": "UP_TO_DATE"
            },
            {
              "path": ":integration-tests:checkKotlinGradlePluginConfigurationErrors",
              "outcome": "SKIPPED"
            },
            {
              "path": ":integration-tests:classes",
              "outcome": "UP_TO_DATE"
            },
            {
              "path": ":integration-tests:compileJava",
              "outcome": "NO_SOURCE"
            },
            {
              "path": ":integration-tests:compileKotlin",
              "outcome": "NO_SOURCE"
            },
            {
              "path": ":integration-tests:compileTestFixturesJava",
              "outcome": "NO_SOURCE"
            },
            {
              "path": ":integration-tests:compileTestFixturesKotlin",
              "outcome": "NO_SOURCE"
            },
            {
              "path": ":integration-tests:compileTestJava",
              "outcome": "FROM_CACHE"
            },
            {
              "path": ":integration-tests:compileTestKotlin",
              "outcome": "FROM_CACHE"
            },
            {
              "path": ":integration-tests:jar",
              "outcome": "EXECUTED"
            },
            {
              "path": ":integration-tests:processResources",
              "outcome": "NO_SOURCE"
            },
            {
              "path": ":integration-tests:processTestFixturesResources",
              "outcome": "NO_SOURCE"
            },
            {
              "path": ":integration-tests:processTestResources",
              "outcome": "EXECUTED"
            },
            {
              "path": ":integration-tests:testClasses",
              "outcome": "EXECUTED"
            },
            {
              "path": ":integration-tests:testFixturesClasses",
              "outcome": "UP_TO_DATE"
            },
            {
              "path": ":integration-tests:testFixturesJar",
              "outcome": "EXECUTED"
            },
            {
              "path": ":jar",
              "outcome": "EXECUTED"
            },
            {
              "path": ":processResources",
              "outcome": "NO_SOURCE"
            },
            {
              "path": ":processTestResources",
              "outcome": "NO_SOURCE"
            },
            {
              "path": ":spring-aop:checkKotlinGradlePluginConfigurationErrors",
              "outcome": "SKIPPED"
            },
            {
              "path": ":spring-aop:classes",
              "outcome": "EXECUTED"
            },
            {
              "path": ":spring-aop:compileJava",
              "outcome": "FROM_CACHE"
            },
            {
              "path": ":spring-aop:compileKotlin",
              "outcome": "NO_SOURCE"
            },
            {
              "path": ":spring-aop:compileTestFixturesJava",
              "outcome": "FROM_CACHE"
            },
            {
              "path": ":spring-aop:compileTestFixturesKotlin",
              "outcome": "NO_SOURCE"
            },
            {
              "path": ":spring-aop:compileTestJava",
              "outcome": "FROM_CACHE"
            },
            {
              "path": ":spring-aop:compileTestKotlin",
              "outcome": "FROM_CACHE"
            },
            {
              "path": ":spring-aop:jar",
              "outcome": "EXECUTED"
            },
            {
              "path": ":spring-aop:processResources",
              "outcome": "EXECUTED"
            },
            {
              "path": ":spring-aop:processTestFixturesResources",
              "outcome": "NO_SOURCE"
            },
            {
              "path": ":spring-aop:processTestResources",
              "outcome": "EXECUTED"
            },
            {
              "path": ":spring-aop:testClasses",
              "outcome": "EXECUTED"
            },
            {
              "path": ":spring-aop:testFixturesClasses",
              "outcome": "UP_TO_DATE"
            },
            {
              "path": ":spring-aop:testFixturesJar",
              "outcome": "EXECUTED"
            },
            {
              "path": ":spring-aspects:classes",
              "outcome": "EXECUTED"
            },
            {
              "path": ":spring-aspects:compileAspectj",
              "outcome": "FROM_CACHE"
            },
            {
              "path": ":spring-aspects:compileJava",
              "outcome": "SKIPPED"
            },
            {
              "path": ":spring-aspects:compileTestAspectj",
              "outcome": "FROM_CACHE"
            },
            {
              "path": ":spring-aspects:compileTestFixturesAspectj",
              "outcome": "NO_SOURCE"
            },
            {
              "path": ":spring-aspects:compileTestFixturesJava",
              "outcome": "SKIPPED"
            },
            {
              "path": ":spring-aspects:compileTestJava",
              "outcome": "SKIPPED"
            },
            {
              "path": ":spring-aspects:processResources",
              "outcome": "EXECUTED"
            },
            {
              "path": ":spring-aspects:processTestResources",
              "outcome": "EXECUTED"
            },
            {
              "path": ":spring-aspects:testClasses",
              "outcome": "EXECUTED"
            },
            {
              "path": ":spring-beans:checkKotlinGradlePluginConfigurationErrors",
              "outcome": "SKIPPED"
            },
            {
              "path": ":spring-beans:classes",
              "outcome": "EXECUTED"
            },
            {
              "path": ":spring-beans:compileJava",
              "outcome": "FROM_CACHE"
            },
            {
              "path": ":spring-beans:compileKotlin",
              "outcome": "FROM_CACHE"
            },
            {
              "path": ":spring-beans:compileTestFixturesJava",
              "outcome": "FROM_CACHE"
            },
            {
              "path": ":spring-beans:compileTestFixturesKotlin",
              "outcome": "FROM_CACHE"
            },
            {
              "path": ":spring-beans:compileTestJava",
              "outcome": "FROM_CACHE"
            },
            {
              "path": ":spring-beans:compileTestKotlin",
              "outcome": "FROM_CACHE"
            },
            {
              "path": ":spring-beans:jar",
              "outcome": "EXECUTED"
            },
            {
              "path": ":spring-beans:processResources",
              "outcome": "EXECUTED"
            },
            {
              "path": ":spring-beans:processTestFixturesResources",
              "outcome": "EXECUTED"
            },
            {
              "path": ":spring-beans:processTestResources",
              "outcome": "EXECUTED"
            },
            {
              "path": ":spring-beans:testClasses",
              "outcome": "EXECUTED"
            },
            {
              "path": ":spring-beans:testFixturesClasses",
              "outcome": "EXECUTED"
            },
            {
              "path": ":spring-beans:testFixturesJar",
              "outcome": "EXECUTED"
            },
            {
              "path": ":spring-context-indexer:compileJava",
              "outcome": "FROM_CACHE"
            },
            {
              "path": ":spring-context-indexer:compileTestFixturesJava",
              "outcome": "NO_SOURCE"
            },
            {
              "path": ":spring-context-indexer:compileTestJava",
              "outcome": "FROM_CACHE"
            },
            {
              "path": ":spring-context-indexer:processTestResources",
              "outcome": "NO_SOURCE"
            },
            {
              "path": ":spring-context-indexer:testClasses",
              "outcome": "UP_TO_DATE"
            },
            {
              "path": ":spring-context-support:compileJava",
              "outcome": "FROM_CACHE"
            },
            {
              "path": ":spring-context-support:compileTestFixturesJava",
              "outcome": "FROM_CACHE"
            },
            {
              "path": ":spring-context-support:compileTestJava",
              "outcome": "FROM_CACHE"
            },
            {
              "path": ":spring-context-support:processTestResources",
              "outcome": "EXECUTED"
            },
            {
              "path": ":spring-context-support:testClasses",
              "outcome": "EXECUTED"
            },
            {
              "path": ":spring-context:checkKotlinGradlePluginConfigurationErrors",
              "outcome": "SKIPPED"
            },
            {
              "path": ":spring-context:classes",
              "outcome": "EXECUTED"
            },
            {
              "path": ":spring-context:compileJava",
              "outcome": "FROM_CACHE"
            },
            {
              "path": ":spring-context:compileKotlin",
              "outcome": "FROM_CACHE"
            },
            {
              "path": ":spring-context:compileTestFixturesJava",
              "outcome": "FROM_CACHE"
            },
            {
              "path": ":spring-context:compileTestFixturesKotlin",
              "outcome": "NO_SOURCE"
            },
            {
              "path": ":spring-context:compileTestJava",
              "outcome": "FROM_CACHE"
            },
            {
              "path": ":spring-context:compileTestKotlin",
              "outcome": "FROM_CACHE"
            },
            {
              "path": ":spring-context:jar",
              "outcome": "EXECUTED"
            },
            {
              "path": ":spring-context:processResources",
              "outcome": "EXECUTED"
            },
            {
              "path": ":spring-context:processTestFixturesResources",
              "outcome": "NO_SOURCE"
            },
            {
              "path": ":spring-context:processTestResources",
              "outcome": "EXECUTED"
            },
            {
              "path": ":spring-context:testClasses",
              "outcome": "EXECUTED"
            },
            {
              "path": ":spring-context:testFixturesClasses",
              "outcome": "UP_TO_DATE"
            },
            {
              "path": ":spring-context:testFixturesJar",
              "outcome": "EXECUTED"
            },
            {
              "path": ":spring-core-test:compileJava",
              "outcome": "FROM_CACHE"
            },
            {
              "path": ":spring-core-test:compileTestFixturesJava",
              "outcome": "NO_SOURCE"
            },
            {
              "path": ":spring-core-test:compileTestJava",
              "outcome": "FROM_CACHE"
            },
            {
              "path": ":spring-core-test:processTestResources",
              "outcome": "EXECUTED"
            },
            {
              "path": ":spring-core-test:testClasses",
              "outcome": "EXECUTED"
            },
            {
              "path": ":spring-core:checkKotlinGradlePluginConfigurationErrors",
              "outcome": "SKIPPED"
            },
            {
              "path": ":spring-core:classes",
              "outcome": "EXECUTED"
            },
            {
              "path": ":spring-core:compileJava",
              "outcome": "FROM_CACHE"
            },
            {
              "path": ":spring-core:compileJava21Java",
              "outcome": "FROM_CACHE"
            },
            {
              "path": ":spring-core:compileJava21Kotlin",
              "outcome": "NO_SOURCE"
            },
            {
              "path": ":spring-core:compileJava24Java",
              "outcome": "FROM_CACHE"
            },
            {
              "path": ":spring-core:compileJava24Kotlin",
              "outcome": "NO_SOURCE"
            },
            {
              "path": ":spring-core:compileKotlin",
              "outcome": "FROM_CACHE"
            },
            {
              "path": ":spring-core:compileTestFixturesJava",
              "outcome": "FROM_CACHE"
            },
            {
              "path": ":spring-core:compileTestFixturesKotlin",
              "outcome": "NO_SOURCE"
            },
            {
              "path": ":spring-core:compileTestJava",
              "outcome": "FROM_CACHE"
            },
            {
              "path": ":spring-core:compileTestKotlin",
              "outcome": "FROM_CACHE"
            },
            {
              "path": ":spring-core:jar",
              "outcome": "EXECUTED"
            },
            {
              "path": ":spring-core:java21Classes",
              "outcome": "UP_TO_DATE"
            },
            {
              "path": ":spring-core:java24Classes",
              "outcome": "UP_TO_DATE"
            },
            {
              "path": ":spring-core:javapoetRepackJar",
              "outcome": "FROM_CACHE"
            },
            {
              "path": ":spring-core:objenesisRepackJar",
              "outcome": "FROM_CACHE"
            },
            {
              "path": ":spring-core:processJava21Resources",
              "outcome": "NO_SOURCE"
            },
            {
              "path": ":spring-core:processJava24Resources",
              "outcome": "NO_SOURCE"
            },
            {
              "path": ":spring-core:processResources",
              "outcome": "EXECUTED"
            },
            {
              "path": ":spring-core:processTestFixturesResources",
              "outcome": "NO_SOURCE"
            },
            {
              "path": ":spring-core:processTestResources",
              "outcome": "EXECUTED"
            },
            {
              "path": ":spring-core:testClasses",
              "outcome": "EXECUTED"
            },
            {
              "path": ":spring-core:testFixturesClasses",
              "outcome": "UP_TO_DATE"
            },
            {
              "path": ":spring-core:testFixturesJar",
              "outcome": "EXECUTED"
            },
            {
              "path": ":spring-expression:checkKotlinGradlePluginConfigurationErrors",
              "outcome": "SKIPPED"
            },
            {
              "path": ":spring-expression:classes",
              "outcome": "UP_TO_DATE"
            },
            {
              "path": ":spring-expression:compileJava",
              "outcome": "FROM_CACHE"
            },
            {
              "path": ":spring-expression:compileKotlin",
              "outcome": "NO_SOURCE"
            },
            {
              "path": ":spring-expression:compileTestFixturesJava",
              "outcome": "NO_SOURCE"
            },
            {
              "path": ":spring-expression:compileTestFixturesKotlin",
              "outcome": "NO_SOURCE"
            },
            {
              "path": ":spring-expression:compileTestJava",
              "outcome": "FROM_CACHE"
            },
            {
              "path": ":spring-expression:compileTestKotlin",
              "outcome": "FROM_CACHE"
            },
            {
              "path": ":spring-expression:jar",
              "outcome": "EXECUTED"
            },
            {
              "path": ":spring-expression:processResources",
              "outcome": "NO_SOURCE"
            },
            {
              "path": ":spring-expression:processTestFixturesResources",
              "outcome": "NO_SOURCE"
            },
            {
              "path": ":spring-expression:processTestResources",
              "outcome": "EXECUTED"
            },
            {
              "path": ":spring-expression:testClasses",
              "outcome": "EXECUTED"
            },
            {
              "path": ":spring-expression:testFixturesClasses",
              "outcome": "UP_TO_DATE"
            },
            {
              "path": ":spring-expression:testFixturesJar",
              "outcome": "EXECUTED"
            },
            {
              "path": ":spring-instrument:compileJava",
              "outcome": "FROM_CACHE"
            },
            {
              "path": ":spring-instrument:compileTestFixturesJava",
              "outcome": "NO_SOURCE"
            },
            {
              "path": ":spring-instrument:compileTestJava",
              "outcome": "NO_SOURCE"
            },
            {
              "path": ":spring-instrument:processTestResources",
              "outcome": "NO_SOURCE"
            },
            {
              "path": ":spring-instrument:testClasses",
              "outcome": "UP_TO_DATE"
            },
            {
              "path": ":spring-jdbc:checkKotlinGradlePluginConfigurationErrors",
              "outcome": "SKIPPED"
            },
            {
              "path": ":spring-jdbc:classes",
              "outcome": "EXECUTED"
            },
            {
              "path": ":spring-jdbc:compileJava",
              "outcome": "FROM_CACHE"
            },
            {
              "path": ":spring-jdbc:compileKotlin",
              "outcome": "FROM_CACHE"
            },
            {
              "path": ":spring-jdbc:compileTestFixturesJava",
              "outcome": "NO_SOURCE"
            },
            {
              "path": ":spring-jdbc:compileTestFixturesKotlin",
              "outcome": "NO_SOURCE"
            },
            {
              "path": ":spring-jdbc:compileTestJava",
              "outcome": "FROM_CACHE"
            },
            {
              "path": ":spring-jdbc:compileTestKotlin",
              "outcome": "FROM_CACHE"
            },
            {
              "path": ":spring-jdbc:jar",
              "outcome": "EXECUTED"
            },
            {
              "path": ":spring-jdbc:processResources",
              "outcome": "EXECUTED"
            },
            {
              "path": ":spring-jdbc:processTestFixturesResources",
              "outcome": "NO_SOURCE"
            },
            {
              "path": ":spring-jdbc:processTestResources",
              "outcome": "EXECUTED"
            },
            {
              "path": ":spring-jdbc:testClasses",
              "outcome": "EXECUTED"
            },
            {
              "path": ":spring-jdbc:testFixturesClasses",
              "outcome": "UP_TO_DATE"
            },
            {
              "path": ":spring-jdbc:testFixturesJar",
              "outcome": "EXECUTED"
            },
            {
              "path": ":spring-jms:compileJava",
              "outcome": "EXECUTED"
            },
            {
              "path": ":spring-jms:compileTestFixturesJava",
              "outcome": "NO_SOURCE"
            },
            {
              "path": ":spring-jms:compileTestJava",
              "outcome": "FROM_CACHE"
            },
            {
              "path": ":spring-jms:processTestResources",
              "outcome": "EXECUTED"
            },
            {
              "path": ":spring-jms:testClasses",
              "outcome": "EXECUTED"
            },
            {
              "path": ":spring-messaging:checkKotlinGradlePluginConfigurationErrors",
              "outcome": "SKIPPED"
            },
            {
              "path": ":spring-messaging:classes",
              "outcome": "EXECUTED"
            },
            {
              "path": ":spring-messaging:compileJava",
              "outcome": "FROM_CACHE"
            },
            {
              "path": ":spring-messaging:compileKotlin",
              "outcome": "FROM_CACHE"
            },
            {
              "path": ":spring-messaging:compileTestFixturesJava",
              "outcome": "NO_SOURCE"
            },
            {
              "path": ":spring-messaging:compileTestFixturesKotlin",
              "outcome": "NO_SOURCE"
            },
            {
              "path": ":spring-messaging:compileTestJava",
              "outcome": "FROM_CACHE"
            },
            {
              "path": ":spring-messaging:compileTestKotlin",
              "outcome": "FROM_CACHE"
            },
            {
              "path": ":spring-messaging:jar",
              "outcome": "EXECUTED"
            },
            {
              "path": ":spring-messaging:processResources",
              "outcome": "EXECUTED"
            },
            {
              "path": ":spring-messaging:processTestFixturesResources",
              "outcome": "NO_SOURCE"
            },
            {
              "path": ":spring-messaging:processTestResources",
              "outcome": "EXECUTED"
            },
            {
              "path": ":spring-messaging:testClasses",
              "outcome": "EXECUTED"
            },
            {
              "path": ":spring-messaging:testFixturesClasses",
              "outcome": "UP_TO_DATE"
            },
            {
              "path": ":spring-messaging:testFixturesJar",
              "outcome": "EXECUTED"
            },
            {
              "path": ":spring-orm:compileJava",
              "outcome": "FROM_CACHE"
            },
            {
              "path": ":spring-orm:compileTestFixturesJava",
              "outcome": "NO_SOURCE"
            },
            {
              "path": ":spring-orm:compileTestJava",
              "outcome": "FROM_CACHE"
            },
            {
              "path": ":spring-orm:processTestResources",
              "outcome": "EXECUTED"
            },
            {
              "path": ":spring-orm:testClasses",
              "outcome": "EXECUTED"
            },
            {
              "path": ":spring-oxm:compileJava",
              "outcome": "FROM_CACHE"
            },
            {
              "path": ":spring-oxm:compileTestFixturesJava",
              "outcome": "NO_SOURCE"
            },
            {
              "path": ":spring-oxm:compileTestJava",
              "outcome": "FROM_CACHE"
            },
            {
              "path": ":spring-oxm:processTestResources",
              "outcome": "EXECUTED"
            },
            {
              "path": ":spring-oxm:testClasses",
              "outcome": "EXECUTED"
            },
            {
              "path": ":spring-oxm:xjc",
              "outcome": "FROM_CACHE"
            },
            {
              "path": ":spring-r2dbc:checkKotlinGradlePluginConfigurationErrors",
              "outcome": "SKIPPED"
            },
            {
              "path": ":spring-r2dbc:classes",
              "outcome": "EXECUTED"
            },
            {
              "path": ":spring-r2dbc:compileJava",
              "outcome": "FROM_CACHE"
            },
            {
              "path": ":spring-r2dbc:compileKotlin",
              "outcome": "FROM_CACHE"
            },
            {
              "path": ":spring-r2dbc:compileTestFixturesJava",
              "outcome": "NO_SOURCE"
            },
            {
              "path": ":spring-r2dbc:compileTestFixturesKotlin",
              "outcome": "NO_SOURCE"
            },
            {
              "path": ":spring-r2dbc:compileTestJava",
              "outcome": "FROM_CACHE"
            },
            {
              "path": ":spring-r2dbc:compileTestKotlin",
              "outcome": "FROM_CACHE"
            },
            {
              "path": ":spring-r2dbc:jar",
              "outcome": "EXECUTED"
            },
            {
              "path": ":spring-r2dbc:processResources",
              "outcome": "EXECUTED"
            },
            {
              "path": ":spring-r2dbc:processTestFixturesResources",
              "outcome": "NO_SOURCE"
            },
            {
              "path": ":spring-r2dbc:processTestResources",
              "outcome": "EXECUTED"
            },
            {
              "path": ":spring-r2dbc:testClasses",
              "outcome": "EXECUTED"
            },
            {
              "path": ":spring-r2dbc:testFixturesClasses",
              "outcome": "UP_TO_DATE"
            },
            {
              "path": ":spring-r2dbc:testFixturesJar",
              "outcome": "EXECUTED"
            },
            {
              "path": ":spring-test:checkKotlinGradlePluginConfigurationErrors",
              "outcome": "SKIPPED"
            },
            {
              "path": ":spring-test:classes",
              "outcome": "EXECUTED"
            },
            {
              "path": ":spring-test:compileJava",
              "outcome": "FROM_CACHE"
            },
            {
              "path": ":spring-test:compileKotlin",
              "outcome": "FROM_CACHE"
            },
            {
              "path": ":spring-test:compileTestFixturesJava",
              "outcome": "NO_SOURCE"
            },
            {
              "path": ":spring-test:compileTestFixturesKotlin",
              "outcome": "NO_SOURCE"
            },
            {
              "path": ":spring-test:compileTestJava",
              "outcome": "FROM_CACHE"
            },
            {
              "path": ":spring-test:compileTestKotlin",
              "outcome": "FROM_CACHE"
            },
            {
              "path": ":spring-test:jar",
              "outcome": "EXECUTED"
            },
            {
              "path": ":spring-test:processResources",
              "outcome": "EXECUTED"
            },
            {
              "path": ":spring-test:processTestFixturesResources",
              "outcome": "NO_SOURCE"
            },
            {
              "path": ":spring-test:processTestResources",
              "outcome": "EXECUTED"
            },
            {
              "path": ":spring-test:testClasses",
              "outcome": "EXECUTED"
            },
            {
              "path": ":spring-test:testFixturesClasses",
              "outcome": "UP_TO_DATE"
            },
            {
              "path": ":spring-test:testFixturesJar",
              "outcome": "EXECUTED"
            },
            {
              "path": ":spring-tx:checkKotlinGradlePluginConfigurationErrors",
              "outcome": "SKIPPED"
            },
            {
              "path": ":spring-tx:classes",
              "outcome": "EXECUTED"
            },
            {
              "path": ":spring-tx:compileJava",
              "outcome": "FROM_CACHE"
            },
            {
              "path": ":spring-tx:compileKotlin",
              "outcome": "FROM_CACHE"
            },
            {
              "path": ":spring-tx:compileTestFixturesJava",
              "outcome": "FROM_CACHE"
            },
            {
              "path": ":spring-tx:compileTestFixturesKotlin",
              "outcome": "NO_SOURCE"
            },
            {
              "path": ":spring-tx:compileTestJava",
              "outcome": "FROM_CACHE"
            },
            {
              "path": ":spring-tx:compileTestKotlin",
              "outcome": "FROM_CACHE"
            },
            {
              "path": ":spring-tx:jar",
              "outcome": "EXECUTED"
            },
            {
              "path": ":spring-tx:processResources",
              "outcome": "EXECUTED"
            },
            {
              "path": ":spring-tx:processTestFixturesResources",
              "outcome": "NO_SOURCE"
            },
            {
              "path": ":spring-tx:processTestResources",
              "outcome": "EXECUTED"
            },
            {
              "path": ":spring-tx:testClasses",
              "outcome": "EXECUTED"
            },
            {
              "path": ":spring-tx:testFixturesClasses",
              "outcome": "UP_TO_DATE"
            },
            {
              "path": ":spring-tx:testFixturesJar",
              "outcome": "EXECUTED"
            },
            {
              "path": ":spring-web:checkKotlinGradlePluginConfigurationErrors",
              "outcome": "SKIPPED"
            },
            {
              "path": ":spring-web:classes",
              "outcome": "EXECUTED"
            },
            {
              "path": ":spring-web:compileJava",
              "outcome": "FROM_CACHE"
            },
            {
              "path": ":spring-web:compileKotlin",
              "outcome": "FROM_CACHE"
            },
            {
              "path": ":spring-web:compileTestFixturesJava",
              "outcome": "FROM_CACHE"
            },
            {
              "path": ":spring-web:compileTestFixturesKotlin",
              "outcome": "NO_SOURCE"
            },
            {
              "path": ":spring-web:compileTestJava",
              "outcome": "FROM_CACHE"
            },
            {
              "path": ":spring-web:compileTestKotlin",
              "outcome": "FROM_CACHE"
            },
            {
              "path": ":spring-web:jar",
              "outcome": "EXECUTED"
            },
            {
              "path": ":spring-web:processResources",
              "outcome": "EXECUTED"
            },
            {
              "path": ":spring-web:processTestFixturesResources",
              "outcome": "EXECUTED"
            },
            {
              "path": ":spring-web:processTestResources",
              "outcome": "EXECUTED"
            },
            {
              "path": ":spring-web:testClasses",
              "outcome": "EXECUTED"
            },
            {
              "path": ":spring-web:testFixturesClasses",
              "outcome": "EXECUTED"
            },
            {
              "path": ":spring-web:testFixturesJar",
              "outcome": "EXECUTED"
            },
            {
              "path": ":spring-webflux:checkKotlinGradlePluginConfigurationErrors",
              "outcome": "SKIPPED"
            },
            {
              "path": ":spring-webflux:classes",
              "outcome": "EXECUTED"
            },
            {
              "path": ":spring-webflux:compileJava",
              "outcome": "FROM_CACHE"
            },
            {
              "path": ":spring-webflux:compileKotlin",
              "outcome": "FROM_CACHE"
            },
            {
              "path": ":spring-webflux:compileTestFixturesJava",
              "outcome": "NO_SOURCE"
            },
            {
              "path": ":spring-webflux:compileTestFixturesKotlin",
              "outcome": "NO_SOURCE"
            },
            {
              "path": ":spring-webflux:compileTestJava",
              "outcome": "FROM_CACHE"
            },
            {
              "path": ":spring-webflux:compileTestKotlin",
              "outcome": "FROM_CACHE"
            },
            {
              "path": ":spring-webflux:jar",
              "outcome": "EXECUTED"
            },
            {
              "path": ":spring-webflux:processResources",
              "outcome": "EXECUTED"
            },
            {
              "path": ":spring-webflux:processTestFixturesResources",
              "outcome": "NO_SOURCE"
            },
            {
              "path": ":spring-webflux:processTestResources",
              "outcome": "EXECUTED"
            },
            {
              "path": ":spring-webflux:testClasses",
              "outcome": "EXECUTED"
            },
            {
              "path": ":spring-webflux:testFixturesClasses",
              "outcome": "UP_TO_DATE"
            },
            {
              "path": ":spring-webflux:testFixturesJar",
              "outcome": "EXECUTED"
            },
            {
              "path": ":spring-webmvc:checkKotlinGradlePluginConfigurationErrors",
              "outcome": "SKIPPED"
            },
            {
              "path": ":spring-webmvc:classes",
              "outcome": "EXECUTED"
            },
            {
              "path": ":spring-webmvc:compileJava",
              "outcome": "FROM_CACHE"
            },
            {
              "path": ":spring-webmvc:compileKotlin",
              "outcome": "FROM_CACHE"
            },
            {
              "path": ":spring-webmvc:compileTestFixturesJava",
              "outcome": "NO_SOURCE"
            },
            {
              "path": ":spring-webmvc:compileTestFixturesKotlin",
              "outcome": "NO_SOURCE"
            },
            {
              "path": ":spring-webmvc:compileTestJava",
              "outcome": "FROM_CACHE"
            },
            {
              "path": ":spring-webmvc:compileTestKotlin",
              "outcome": "FROM_CACHE"
            },
            {
              "path": ":spring-webmvc:jar",
              "outcome": "EXECUTED"
            },
            {
              "path": ":spring-webmvc:processResources",
              "outcome": "EXECUTED"
            },
            {
              "path": ":spring-webmvc:processTestFixturesResources",
              "outcome": "NO_SOURCE"
            },
            {
              "path": ":spring-webmvc:processTestResources",
              "outcome": "EXECUTED"
            },
            {
              "path": ":spring-webmvc:testClasses",
              "outcome": "EXECUTED"
            },
            {
              "path": ":spring-webmvc:testFixturesClasses",
              "outcome": "UP_TO_DATE"
            },
            {
              "path": ":spring-webmvc:testFixturesJar",
              "outcome": "EXECUTED"
            },
            {
              "path": ":spring-websocket:compileJava",
              "outcome": "FROM_CACHE"
            },
            {
              "path": ":spring-websocket:compileTestFixturesJava",
              "outcome": "NO_SOURCE"
            },
            {
              "path": ":spring-websocket:compileTestJava",
              "outcome": "FROM_CACHE"
            },
            {
              "path": ":spring-websocket:processTestResources",
              "outcome": "EXECUTED"
            },
            {
              "path": ":spring-websocket:testClasses",
              "outcome": "EXECUTED"
            },
            {
              "path": ":testClasses",
              "outcome": "UP_TO_DATE"
            }
          ]
        },
        "hostPressure": {
          "available": true,
          "cpuSomeTotalUs": 231899,
          "memorySomeTotalUs": 4,
          "memoryFullTotalUs": 4,
          "ioSomeTotalUs": 9673087,
          "ioFullTotalUs": 6133943
        }
      }
    ],
    "candidateWarmups": [
      {
        "phase": "CACHE_SEED",
        "durationMs": 155999,
        "logSha256": "25ffa5dc0d2549ac827da232ede19737d4dffab67ca76203560922ac43dca44b",
        "taskOutcomes": {
          "total": 56,
          "executed": 17,
          "fromCache": 23,
          "upToDate": 2,
          "noSource": 7,
          "skipped": 7,
          "fingerprintSha256": "c479e89ec7d3660c48fa7588a45ceda3124653994ed97bc0f2993f2ec522f0ef",
          "tasks": [
            {
              "path": ":buildSrc:check",
              "outcome": "UP_TO_DATE"
            },
            {
              "path": ":buildSrc:checkstyleMain",
              "outcome": "FROM_CACHE"
            },
            {
              "path": ":buildSrc:checkstyleTest",
              "outcome": "FROM_CACHE"
            },
            {
              "path": ":buildSrc:classes",
              "outcome": "EXECUTED"
            },
            {
              "path": ":buildSrc:compileGroovy",
              "outcome": "NO_SOURCE"
            },
            {
              "path": ":buildSrc:compileJava",
              "outcome": "FROM_CACHE"
            },
            {
              "path": ":buildSrc:compileTestGroovy",
              "outcome": "NO_SOURCE"
            },
            {
              "path": ":buildSrc:compileTestJava",
              "outcome": "FROM_CACHE"
            },
            {
              "path": ":buildSrc:jar",
              "outcome": "EXECUTED"
            },
            {
              "path": ":buildSrc:pluginDescriptors",
              "outcome": "EXECUTED"
            },
            {
              "path": ":buildSrc:pluginUnderTestMetadata",
              "outcome": "EXECUTED"
            },
            {
              "path": ":buildSrc:processResources",
              "outcome": "EXECUTED"
            },
            {
              "path": ":buildSrc:processTestResources",
              "outcome": "NO_SOURCE"
            },
            {
              "path": ":buildSrc:test",
              "outcome": "FROM_CACHE"
            },
            {
              "path": ":buildSrc:testClasses",
              "outcome": "UP_TO_DATE"
            },
            {
              "path": ":buildSrc:validatePlugins",
              "outcome": "FROM_CACHE"
            },
            {
              "path": ":spring-aop:checkKotlinGradlePluginConfigurationErrors",
              "outcome": "SKIPPED"
            },
            {
              "path": ":spring-aop:compileJava",
              "outcome": "FROM_CACHE"
            },
            {
              "path": ":spring-aop:compileKotlin",
              "outcome": "NO_SOURCE"
            },
            {
              "path": ":spring-beans:checkKotlinGradlePluginConfigurationErrors",
              "outcome": "SKIPPED"
            },
            {
              "path": ":spring-beans:classes",
              "outcome": "EXECUTED"
            },
            {
              "path": ":spring-beans:compileJava",
              "outcome": "FROM_CACHE"
            },
            {
              "path": ":spring-beans:compileKotlin",
              "outcome": "FROM_CACHE"
            },
            {
              "path": ":spring-beans:compileTestFixturesJava",
              "outcome": "FROM_CACHE"
            },
            {
              "path": ":spring-beans:compileTestFixturesKotlin",
              "outcome": "FROM_CACHE"
            },
            {
              "path": ":spring-beans:jar",
              "outcome": "EXECUTED"
            },
            {
              "path": ":spring-beans:processResources",
              "outcome": "EXECUTED"
            },
            {
              "path": ":spring-context:checkKotlinGradlePluginConfigurationErrors",
              "outcome": "SKIPPED"
            },
            {
              "path": ":spring-context:compileJava",
              "outcome": "FROM_CACHE"
            },
            {
              "path": ":spring-context:compileKotlin",
              "outcome": "FROM_CACHE"
            },
            {
              "path": ":spring-core:checkKotlinGradlePluginConfigurationErrors",
              "outcome": "SKIPPED"
            },
            {
              "path": ":spring-core:compileJava",
              "outcome": "FROM_CACHE"
            },
            {
              "path": ":spring-core:compileKotlin",
              "outcome": "FROM_CACHE"
            },
            {
              "path": ":spring-core:javapoetRepackJar",
              "outcome": "FROM_CACHE"
            },
            {
              "path": ":spring-core:objenesisRepackJar",
              "outcome": "FROM_CACHE"
            },
            {
              "path": ":spring-expression:checkKotlinGradlePluginConfigurationErrors",
              "outcome": "SKIPPED"
            },
            {
              "path": ":spring-expression:compileJava",
              "outcome": "FROM_CACHE"
            },
            {
              "path": ":spring-expression:compileKotlin",
              "outcome": "NO_SOURCE"
            },
            {
              "path": ":spring-instrument:compileJava",
              "outcome": "FROM_CACHE"
            },
            {
              "path": ":spring-jms:compileJava",
              "outcome": "EXECUTED"
            },
            {
              "path": ":spring-jms:compileTestFixturesJava",
              "outcome": "NO_SOURCE"
            },
            {
              "path": ":spring-jms:compileTestJava",
              "outcome": "EXECUTED"
            },
            {
              "path": ":spring-jms:processTestResources",
              "outcome": "EXECUTED"
            },
            {
              "path": ":spring-jms:testClasses",
              "outcome": "EXECUTED"
            },
            {
              "path": ":spring-messaging:checkKotlinGradlePluginConfigurationErrors",
              "outcome": "SKIPPED"
            },
            {
              "path": ":spring-messaging:compileJava",
              "outcome": "EXECUTED"
            },
            {
              "path": ":spring-messaging:compileKotlin",
              "outcome": "EXECUTED"
            },
            {
              "path": ":spring-oxm:compileJava",
              "outcome": "FROM_CACHE"
            },
            {
              "path": ":spring-tx:checkKotlinGradlePluginConfigurationErrors",
              "outcome": "SKIPPED"
            },
            {
              "path": ":spring-tx:classes",
              "outcome": "EXECUTED"
            },
            {
              "path": ":spring-tx:compileJava",
              "outcome": "FROM_CACHE"
            },
            {
              "path": ":spring-tx:compileKotlin",
              "outcome": "FROM_CACHE"
            },
            {
              "path": ":spring-tx:compileTestFixturesJava",
              "outcome": "FROM_CACHE"
            },
            {
              "path": ":spring-tx:compileTestFixturesKotlin",
              "outcome": "NO_SOURCE"
            },
            {
              "path": ":spring-tx:jar",
              "outcome": "EXECUTED"
            },
            {
              "path": ":spring-tx:processResources",
              "outcome": "EXECUTED"
            }
          ]
        },
        "hostPressure": {
          "available": true,
          "cpuSomeTotalUs": 3093701,
          "memorySomeTotalUs": 66166,
          "memoryFullTotalUs": 64240,
          "ioSomeTotalUs": 109805039,
          "ioFullTotalUs": 86197675
        }
      },
      {
        "phase": "BASE_DAEMON_STABILIZATION",
        "durationMs": 11501,
        "logSha256": "cefbf8c49844816a5a712b6842830bc37bffcc34d2b374448f76b303df976b07",
        "taskOutcomes": {
          "total": 56,
          "executed": 13,
          "fromCache": 27,
          "upToDate": 2,
          "noSource": 7,
          "skipped": 7,
          "fingerprintSha256": "ece5bcfe70b440068293c809f7cae0852a4653f03eea072df81857cf90557511",
          "tasks": [
            {
              "path": ":buildSrc:check",
              "outcome": "UP_TO_DATE"
            },
            {
              "path": ":buildSrc:checkstyleMain",
              "outcome": "FROM_CACHE"
            },
            {
              "path": ":buildSrc:checkstyleTest",
              "outcome": "FROM_CACHE"
            },
            {
              "path": ":buildSrc:classes",
              "outcome": "EXECUTED"
            },
            {
              "path": ":buildSrc:compileGroovy",
              "outcome": "NO_SOURCE"
            },
            {
              "path": ":buildSrc:compileJava",
              "outcome": "FROM_CACHE"
            },
            {
              "path": ":buildSrc:compileTestGroovy",
              "outcome": "NO_SOURCE"
            },
            {
              "path": ":buildSrc:compileTestJava",
              "outcome": "FROM_CACHE"
            },
            {
              "path": ":buildSrc:jar",
              "outcome": "EXECUTED"
            },
            {
              "path": ":buildSrc:pluginDescriptors",
              "outcome": "EXECUTED"
            },
            {
              "path": ":buildSrc:pluginUnderTestMetadata",
              "outcome": "EXECUTED"
            },
            {
              "path": ":buildSrc:processResources",
              "outcome": "EXECUTED"
            },
            {
              "path": ":buildSrc:processTestResources",
              "outcome": "NO_SOURCE"
            },
            {
              "path": ":buildSrc:test",
              "outcome": "FROM_CACHE"
            },
            {
              "path": ":buildSrc:testClasses",
              "outcome": "UP_TO_DATE"
            },
            {
              "path": ":buildSrc:validatePlugins",
              "outcome": "FROM_CACHE"
            },
            {
              "path": ":spring-aop:checkKotlinGradlePluginConfigurationErrors",
              "outcome": "SKIPPED"
            },
            {
              "path": ":spring-aop:compileJava",
              "outcome": "FROM_CACHE"
            },
            {
              "path": ":spring-aop:compileKotlin",
              "outcome": "NO_SOURCE"
            },
            {
              "path": ":spring-beans:checkKotlinGradlePluginConfigurationErrors",
              "outcome": "SKIPPED"
            },
            {
              "path": ":spring-beans:classes",
              "outcome": "EXECUTED"
            },
            {
              "path": ":spring-beans:compileJava",
              "outcome": "FROM_CACHE"
            },
            {
              "path": ":spring-beans:compileKotlin",
              "outcome": "FROM_CACHE"
            },
            {
              "path": ":spring-beans:compileTestFixturesJava",
              "outcome": "FROM_CACHE"
            },
            {
              "path": ":spring-beans:compileTestFixturesKotlin",
              "outcome": "FROM_CACHE"
            },
            {
              "path": ":spring-beans:jar",
              "outcome": "EXECUTED"
            },
            {
              "path": ":spring-beans:processResources",
              "outcome": "EXECUTED"
            },
            {
              "path": ":spring-context:checkKotlinGradlePluginConfigurationErrors",
              "outcome": "SKIPPED"
            },
            {
              "path": ":spring-context:compileJava",
              "outcome": "FROM_CACHE"
            },
            {
              "path": ":spring-context:compileKotlin",
              "outcome": "FROM_CACHE"
            },
            {
              "path": ":spring-core:checkKotlinGradlePluginConfigurationErrors",
              "outcome": "SKIPPED"
            },
            {
              "path": ":spring-core:compileJava",
              "outcome": "FROM_CACHE"
            },
            {
              "path": ":spring-core:compileKotlin",
              "outcome": "FROM_CACHE"
            },
            {
              "path": ":spring-core:javapoetRepackJar",
              "outcome": "FROM_CACHE"
            },
            {
              "path": ":spring-core:objenesisRepackJar",
              "outcome": "FROM_CACHE"
            },
            {
              "path": ":spring-expression:checkKotlinGradlePluginConfigurationErrors",
              "outcome": "SKIPPED"
            },
            {
              "path": ":spring-expression:compileJava",
              "outcome": "FROM_CACHE"
            },
            {
              "path": ":spring-expression:compileKotlin",
              "outcome": "NO_SOURCE"
            },
            {
              "path": ":spring-instrument:compileJava",
              "outcome": "FROM_CACHE"
            },
            {
              "path": ":spring-jms:compileJava",
              "outcome": "FROM_CACHE"
            },
            {
              "path": ":spring-jms:compileTestFixturesJava",
              "outcome": "NO_SOURCE"
            },
            {
              "path": ":spring-jms:compileTestJava",
              "outcome": "FROM_CACHE"
            },
            {
              "path": ":spring-jms:processTestResources",
              "outcome": "EXECUTED"
            },
            {
              "path": ":spring-jms:testClasses",
              "outcome": "EXECUTED"
            },
            {
              "path": ":spring-messaging:checkKotlinGradlePluginConfigurationErrors",
              "outcome": "SKIPPED"
            },
            {
              "path": ":spring-messaging:compileJava",
              "outcome": "FROM_CACHE"
            },
            {
              "path": ":spring-messaging:compileKotlin",
              "outcome": "FROM_CACHE"
            },
            {
              "path": ":spring-oxm:compileJava",
              "outcome": "FROM_CACHE"
            },
            {
              "path": ":spring-tx:checkKotlinGradlePluginConfigurationErrors",
              "outcome": "SKIPPED"
            },
            {
              "path": ":spring-tx:classes",
              "outcome": "EXECUTED"
            },
            {
              "path": ":spring-tx:compileJava",
              "outcome": "FROM_CACHE"
            },
            {
              "path": ":spring-tx:compileKotlin",
              "outcome": "FROM_CACHE"
            },
            {
              "path": ":spring-tx:compileTestFixturesJava",
              "outcome": "FROM_CACHE"
            },
            {
              "path": ":spring-tx:compileTestFixturesKotlin",
              "outcome": "NO_SOURCE"
            },
            {
              "path": ":spring-tx:jar",
              "outcome": "EXECUTED"
            },
            {
              "path": ":spring-tx:processResources",
              "outcome": "EXECUTED"
            }
          ]
        },
        "hostPressure": {
          "available": true,
          "cpuSomeTotalUs": 41028,
          "memorySomeTotalUs": 5110,
          "memoryFullTotalUs": 5045,
          "ioSomeTotalUs": 8312816,
          "ioFullTotalUs": 6624533
        }
      },
      {
        "phase": "TARGET_WORKLOAD_STABILIZATION",
        "durationMs": 13522,
        "logSha256": "c8d11740faf0404d8496d9326a318f4aec4321f214e34ffda9a3259971283cf5",
        "taskOutcomes": {
          "total": 56,
          "executed": 14,
          "fromCache": 26,
          "upToDate": 2,
          "noSource": 7,
          "skipped": 7,
          "fingerprintSha256": "af08640256e4ce968a02546a34fd5e7b170359e73fd1255332a0b813d6a2b3f6",
          "tasks": [
            {
              "path": ":buildSrc:check",
              "outcome": "UP_TO_DATE"
            },
            {
              "path": ":buildSrc:checkstyleMain",
              "outcome": "FROM_CACHE"
            },
            {
              "path": ":buildSrc:checkstyleTest",
              "outcome": "FROM_CACHE"
            },
            {
              "path": ":buildSrc:classes",
              "outcome": "EXECUTED"
            },
            {
              "path": ":buildSrc:compileGroovy",
              "outcome": "NO_SOURCE"
            },
            {
              "path": ":buildSrc:compileJava",
              "outcome": "FROM_CACHE"
            },
            {
              "path": ":buildSrc:compileTestGroovy",
              "outcome": "NO_SOURCE"
            },
            {
              "path": ":buildSrc:compileTestJava",
              "outcome": "FROM_CACHE"
            },
            {
              "path": ":buildSrc:jar",
              "outcome": "EXECUTED"
            },
            {
              "path": ":buildSrc:pluginDescriptors",
              "outcome": "EXECUTED"
            },
            {
              "path": ":buildSrc:pluginUnderTestMetadata",
              "outcome": "EXECUTED"
            },
            {
              "path": ":buildSrc:processResources",
              "outcome": "EXECUTED"
            },
            {
              "path": ":buildSrc:processTestResources",
              "outcome": "NO_SOURCE"
            },
            {
              "path": ":buildSrc:test",
              "outcome": "FROM_CACHE"
            },
            {
              "path": ":buildSrc:testClasses",
              "outcome": "UP_TO_DATE"
            },
            {
              "path": ":buildSrc:validatePlugins",
              "outcome": "FROM_CACHE"
            },
            {
              "path": ":spring-aop:checkKotlinGradlePluginConfigurationErrors",
              "outcome": "SKIPPED"
            },
            {
              "path": ":spring-aop:compileJava",
              "outcome": "FROM_CACHE"
            },
            {
              "path": ":spring-aop:compileKotlin",
              "outcome": "NO_SOURCE"
            },
            {
              "path": ":spring-beans:checkKotlinGradlePluginConfigurationErrors",
              "outcome": "SKIPPED"
            },
            {
              "path": ":spring-beans:classes",
              "outcome": "EXECUTED"
            },
            {
              "path": ":spring-beans:compileJava",
              "outcome": "FROM_CACHE"
            },
            {
              "path": ":spring-beans:compileKotlin",
              "outcome": "FROM_CACHE"
            },
            {
              "path": ":spring-beans:compileTestFixturesJava",
              "outcome": "FROM_CACHE"
            },
            {
              "path": ":spring-beans:compileTestFixturesKotlin",
              "outcome": "FROM_CACHE"
            },
            {
              "path": ":spring-beans:jar",
              "outcome": "EXECUTED"
            },
            {
              "path": ":spring-beans:processResources",
              "outcome": "EXECUTED"
            },
            {
              "path": ":spring-context:checkKotlinGradlePluginConfigurationErrors",
              "outcome": "SKIPPED"
            },
            {
              "path": ":spring-context:compileJava",
              "outcome": "FROM_CACHE"
            },
            {
              "path": ":spring-context:compileKotlin",
              "outcome": "FROM_CACHE"
            },
            {
              "path": ":spring-core:checkKotlinGradlePluginConfigurationErrors",
              "outcome": "SKIPPED"
            },
            {
              "path": ":spring-core:compileJava",
              "outcome": "FROM_CACHE"
            },
            {
              "path": ":spring-core:compileKotlin",
              "outcome": "FROM_CACHE"
            },
            {
              "path": ":spring-core:javapoetRepackJar",
              "outcome": "FROM_CACHE"
            },
            {
              "path": ":spring-core:objenesisRepackJar",
              "outcome": "FROM_CACHE"
            },
            {
              "path": ":spring-expression:checkKotlinGradlePluginConfigurationErrors",
              "outcome": "SKIPPED"
            },
            {
              "path": ":spring-expression:compileJava",
              "outcome": "FROM_CACHE"
            },
            {
              "path": ":spring-expression:compileKotlin",
              "outcome": "NO_SOURCE"
            },
            {
              "path": ":spring-instrument:compileJava",
              "outcome": "FROM_CACHE"
            },
            {
              "path": ":spring-jms:compileJava",
              "outcome": "EXECUTED"
            },
            {
              "path": ":spring-jms:compileTestFixturesJava",
              "outcome": "NO_SOURCE"
            },
            {
              "path": ":spring-jms:compileTestJava",
              "outcome": "FROM_CACHE"
            },
            {
              "path": ":spring-jms:processTestResources",
              "outcome": "EXECUTED"
            },
            {
              "path": ":spring-jms:testClasses",
              "outcome": "EXECUTED"
            },
            {
              "path": ":spring-messaging:checkKotlinGradlePluginConfigurationErrors",
              "outcome": "SKIPPED"
            },
            {
              "path": ":spring-messaging:compileJava",
              "outcome": "FROM_CACHE"
            },
            {
              "path": ":spring-messaging:compileKotlin",
              "outcome": "FROM_CACHE"
            },
            {
              "path": ":spring-oxm:compileJava",
              "outcome": "FROM_CACHE"
            },
            {
              "path": ":spring-tx:checkKotlinGradlePluginConfigurationErrors",
              "outcome": "SKIPPED"
            },
            {
              "path": ":spring-tx:classes",
              "outcome": "EXECUTED"
            },
            {
              "path": ":spring-tx:compileJava",
              "outcome": "FROM_CACHE"
            },
            {
              "path": ":spring-tx:compileKotlin",
              "outcome": "FROM_CACHE"
            },
            {
              "path": ":spring-tx:compileTestFixturesJava",
              "outcome": "FROM_CACHE"
            },
            {
              "path": ":spring-tx:compileTestFixturesKotlin",
              "outcome": "NO_SOURCE"
            },
            {
              "path": ":spring-tx:jar",
              "outcome": "EXECUTED"
            },
            {
              "path": ":spring-tx:processResources",
              "outcome": "EXECUTED"
            }
          ]
        },
        "hostPressure": {
          "available": true,
          "cpuSomeTotalUs": 107261,
          "memorySomeTotalUs": 2061,
          "memoryFullTotalUs": 1991,
          "ioSomeTotalUs": 9933274,
          "ioFullTotalUs": 7603502
        }
      }
    ]
  },
  "observations": [
    {
      "pair": 1,
      "order": "CONTROL_FIRST",
      "controlDurationMs": 15131,
      "candidateDurationMs": 12611,
      "savedMs": 2520,
      "controlRequiredOutputSha256": "c1de7856f3bfbec061af1a6a147e489da0bd960aca43bf326e51372c2ca5d629",
      "candidateRequiredOutputSha256": "c1de7856f3bfbec061af1a6a147e489da0bd960aca43bf326e51372c2ca5d629",
      "requiredOutputCount": 378,
      "productAttributableFailure": false,
      "controlLogSha256": "cc7db474e88f0f4b7bc98f3a0a6af8479b07c5ce16141b8341f3c015e3955088",
      "candidateLogSha256": "fed577706ff81ecb0faf341e99362a243bab3c47429d5d25e5c229447fc610ed",
      "controlTaskOutcomes": {
        "total": 305,
        "executed": 109,
        "fromCache": 89,
        "upToDate": 23,
        "noSource": 65,
        "skipped": 19,
        "fingerprintSha256": "85399d45cd2d3615162148545d5babb68fb708dbdd29a2e2991b8e65724ce6a7",
        "tasks": [
          {
            "path": ":buildSrc:check",
            "outcome": "UP_TO_DATE"
          },
          {
            "path": ":buildSrc:checkstyleMain",
            "outcome": "FROM_CACHE"
          },
          {
            "path": ":buildSrc:checkstyleTest",
            "outcome": "FROM_CACHE"
          },
          {
            "path": ":buildSrc:classes",
            "outcome": "EXECUTED"
          },
          {
            "path": ":buildSrc:compileGroovy",
            "outcome": "NO_SOURCE"
          },
          {
            "path": ":buildSrc:compileJava",
            "outcome": "FROM_CACHE"
          },
          {
            "path": ":buildSrc:compileTestGroovy",
            "outcome": "NO_SOURCE"
          },
          {
            "path": ":buildSrc:compileTestJava",
            "outcome": "FROM_CACHE"
          },
          {
            "path": ":buildSrc:jar",
            "outcome": "EXECUTED"
          },
          {
            "path": ":buildSrc:pluginDescriptors",
            "outcome": "EXECUTED"
          },
          {
            "path": ":buildSrc:pluginUnderTestMetadata",
            "outcome": "EXECUTED"
          },
          {
            "path": ":buildSrc:processResources",
            "outcome": "EXECUTED"
          },
          {
            "path": ":buildSrc:processTestResources",
            "outcome": "NO_SOURCE"
          },
          {
            "path": ":buildSrc:test",
            "outcome": "FROM_CACHE"
          },
          {
            "path": ":buildSrc:testClasses",
            "outcome": "UP_TO_DATE"
          },
          {
            "path": ":buildSrc:validatePlugins",
            "outcome": "FROM_CACHE"
          },
          {
            "path": ":classes",
            "outcome": "UP_TO_DATE"
          },
          {
            "path": ":compileJava",
            "outcome": "NO_SOURCE"
          },
          {
            "path": ":compileTestFixturesJava",
            "outcome": "NO_SOURCE"
          },
          {
            "path": ":compileTestJava",
            "outcome": "NO_SOURCE"
          },
          {
            "path": ":framework-docs:checkKotlinGradlePluginConfigurationErrors",
            "outcome": "SKIPPED"
          },
          {
            "path": ":framework-docs:classes",
            "outcome": "EXECUTED"
          },
          {
            "path": ":framework-docs:compileJava",
            "outcome": "FROM_CACHE"
          },
          {
            "path": ":framework-docs:compileKotlin",
            "outcome": "FROM_CACHE"
          },
          {
            "path": ":framework-docs:compileTestJava",
            "outcome": "NO_SOURCE"
          },
          {
            "path": ":framework-docs:compileTestKotlin",
            "outcome": "NO_SOURCE"
          },
          {
            "path": ":framework-docs:jar",
            "outcome": "SKIPPED"
          },
          {
            "path": ":framework-docs:processResources",
            "outcome": "EXECUTED"
          },
          {
            "path": ":framework-docs:processTestResources",
            "outcome": "NO_SOURCE"
          },
          {
            "path": ":framework-docs:testClasses",
            "outcome": "UP_TO_DATE"
          },
          {
            "path": ":integration-tests:checkKotlinGradlePluginConfigurationErrors",
            "outcome": "SKIPPED"
          },
          {
            "path": ":integration-tests:classes",
            "outcome": "UP_TO_DATE"
          },
          {
            "path": ":integration-tests:compileJava",
            "outcome": "NO_SOURCE"
          },
          {
            "path": ":integration-tests:compileKotlin",
            "outcome": "NO_SOURCE"
          },
          {
            "path": ":integration-tests:compileTestFixturesJava",
            "outcome": "NO_SOURCE"
          },
          {
            "path": ":integration-tests:compileTestFixturesKotlin",
            "outcome": "NO_SOURCE"
          },
          {
            "path": ":integration-tests:compileTestJava",
            "outcome": "FROM_CACHE"
          },
          {
            "path": ":integration-tests:compileTestKotlin",
            "outcome": "FROM_CACHE"
          },
          {
            "path": ":integration-tests:jar",
            "outcome": "EXECUTED"
          },
          {
            "path": ":integration-tests:processResources",
            "outcome": "NO_SOURCE"
          },
          {
            "path": ":integration-tests:processTestFixturesResources",
            "outcome": "NO_SOURCE"
          },
          {
            "path": ":integration-tests:processTestResources",
            "outcome": "EXECUTED"
          },
          {
            "path": ":integration-tests:testClasses",
            "outcome": "EXECUTED"
          },
          {
            "path": ":integration-tests:testFixturesClasses",
            "outcome": "UP_TO_DATE"
          },
          {
            "path": ":integration-tests:testFixturesJar",
            "outcome": "EXECUTED"
          },
          {
            "path": ":jar",
            "outcome": "EXECUTED"
          },
          {
            "path": ":processResources",
            "outcome": "NO_SOURCE"
          },
          {
            "path": ":processTestResources",
            "outcome": "NO_SOURCE"
          },
          {
            "path": ":spring-aop:checkKotlinGradlePluginConfigurationErrors",
            "outcome": "SKIPPED"
          },
          {
            "path": ":spring-aop:classes",
            "outcome": "EXECUTED"
          },
          {
            "path": ":spring-aop:compileJava",
            "outcome": "FROM_CACHE"
          },
          {
            "path": ":spring-aop:compileKotlin",
            "outcome": "NO_SOURCE"
          },
          {
            "path": ":spring-aop:compileTestFixturesJava",
            "outcome": "FROM_CACHE"
          },
          {
            "path": ":spring-aop:compileTestFixturesKotlin",
            "outcome": "NO_SOURCE"
          },
          {
            "path": ":spring-aop:compileTestJava",
            "outcome": "FROM_CACHE"
          },
          {
            "path": ":spring-aop:compileTestKotlin",
            "outcome": "FROM_CACHE"
          },
          {
            "path": ":spring-aop:jar",
            "outcome": "EXECUTED"
          },
          {
            "path": ":spring-aop:processResources",
            "outcome": "EXECUTED"
          },
          {
            "path": ":spring-aop:processTestFixturesResources",
            "outcome": "NO_SOURCE"
          },
          {
            "path": ":spring-aop:processTestResources",
            "outcome": "EXECUTED"
          },
          {
            "path": ":spring-aop:testClasses",
            "outcome": "EXECUTED"
          },
          {
            "path": ":spring-aop:testFixturesClasses",
            "outcome": "UP_TO_DATE"
          },
          {
            "path": ":spring-aop:testFixturesJar",
            "outcome": "EXECUTED"
          },
          {
            "path": ":spring-aspects:classes",
            "outcome": "EXECUTED"
          },
          {
            "path": ":spring-aspects:compileAspectj",
            "outcome": "FROM_CACHE"
          },
          {
            "path": ":spring-aspects:compileJava",
            "outcome": "SKIPPED"
          },
          {
            "path": ":spring-aspects:compileTestAspectj",
            "outcome": "FROM_CACHE"
          },
          {
            "path": ":spring-aspects:compileTestFixturesAspectj",
            "outcome": "NO_SOURCE"
          },
          {
            "path": ":spring-aspects:compileTestFixturesJava",
            "outcome": "SKIPPED"
          },
          {
            "path": ":spring-aspects:compileTestJava",
            "outcome": "SKIPPED"
          },
          {
            "path": ":spring-aspects:processResources",
            "outcome": "EXECUTED"
          },
          {
            "path": ":spring-aspects:processTestResources",
            "outcome": "EXECUTED"
          },
          {
            "path": ":spring-aspects:testClasses",
            "outcome": "EXECUTED"
          },
          {
            "path": ":spring-beans:checkKotlinGradlePluginConfigurationErrors",
            "outcome": "SKIPPED"
          },
          {
            "path": ":spring-beans:classes",
            "outcome": "EXECUTED"
          },
          {
            "path": ":spring-beans:compileJava",
            "outcome": "FROM_CACHE"
          },
          {
            "path": ":spring-beans:compileKotlin",
            "outcome": "FROM_CACHE"
          },
          {
            "path": ":spring-beans:compileTestFixturesJava",
            "outcome": "FROM_CACHE"
          },
          {
            "path": ":spring-beans:compileTestFixturesKotlin",
            "outcome": "FROM_CACHE"
          },
          {
            "path": ":spring-beans:compileTestJava",
            "outcome": "FROM_CACHE"
          },
          {
            "path": ":spring-beans:compileTestKotlin",
            "outcome": "FROM_CACHE"
          },
          {
            "path": ":spring-beans:jar",
            "outcome": "EXECUTED"
          },
          {
            "path": ":spring-beans:processResources",
            "outcome": "EXECUTED"
          },
          {
            "path": ":spring-beans:processTestFixturesResources",
            "outcome": "EXECUTED"
          },
          {
            "path": ":spring-beans:processTestResources",
            "outcome": "EXECUTED"
          },
          {
            "path": ":spring-beans:testClasses",
            "outcome": "EXECUTED"
          },
          {
            "path": ":spring-beans:testFixturesClasses",
            "outcome": "EXECUTED"
          },
          {
            "path": ":spring-beans:testFixturesJar",
            "outcome": "EXECUTED"
          },
          {
            "path": ":spring-context-indexer:compileJava",
            "outcome": "FROM_CACHE"
          },
          {
            "path": ":spring-context-indexer:compileTestFixturesJava",
            "outcome": "NO_SOURCE"
          },
          {
            "path": ":spring-context-indexer:compileTestJava",
            "outcome": "FROM_CACHE"
          },
          {
            "path": ":spring-context-indexer:processTestResources",
            "outcome": "NO_SOURCE"
          },
          {
            "path": ":spring-context-indexer:testClasses",
            "outcome": "UP_TO_DATE"
          },
          {
            "path": ":spring-context-support:compileJava",
            "outcome": "FROM_CACHE"
          },
          {
            "path": ":spring-context-support:compileTestFixturesJava",
            "outcome": "FROM_CACHE"
          },
          {
            "path": ":spring-context-support:compileTestJava",
            "outcome": "FROM_CACHE"
          },
          {
            "path": ":spring-context-support:processTestResources",
            "outcome": "EXECUTED"
          },
          {
            "path": ":spring-context-support:testClasses",
            "outcome": "EXECUTED"
          },
          {
            "path": ":spring-context:checkKotlinGradlePluginConfigurationErrors",
            "outcome": "SKIPPED"
          },
          {
            "path": ":spring-context:classes",
            "outcome": "EXECUTED"
          },
          {
            "path": ":spring-context:compileJava",
            "outcome": "FROM_CACHE"
          },
          {
            "path": ":spring-context:compileKotlin",
            "outcome": "FROM_CACHE"
          },
          {
            "path": ":spring-context:compileTestFixturesJava",
            "outcome": "FROM_CACHE"
          },
          {
            "path": ":spring-context:compileTestFixturesKotlin",
            "outcome": "NO_SOURCE"
          },
          {
            "path": ":spring-context:compileTestJava",
            "outcome": "FROM_CACHE"
          },
          {
            "path": ":spring-context:compileTestKotlin",
            "outcome": "FROM_CACHE"
          },
          {
            "path": ":spring-context:jar",
            "outcome": "EXECUTED"
          },
          {
            "path": ":spring-context:processResources",
            "outcome": "EXECUTED"
          },
          {
            "path": ":spring-context:processTestFixturesResources",
            "outcome": "NO_SOURCE"
          },
          {
            "path": ":spring-context:processTestResources",
            "outcome": "EXECUTED"
          },
          {
            "path": ":spring-context:testClasses",
            "outcome": "EXECUTED"
          },
          {
            "path": ":spring-context:testFixturesClasses",
            "outcome": "UP_TO_DATE"
          },
          {
            "path": ":spring-context:testFixturesJar",
            "outcome": "EXECUTED"
          },
          {
            "path": ":spring-core-test:compileJava",
            "outcome": "FROM_CACHE"
          },
          {
            "path": ":spring-core-test:compileTestFixturesJava",
            "outcome": "NO_SOURCE"
          },
          {
            "path": ":spring-core-test:compileTestJava",
            "outcome": "FROM_CACHE"
          },
          {
            "path": ":spring-core-test:processTestResources",
            "outcome": "EXECUTED"
          },
          {
            "path": ":spring-core-test:testClasses",
            "outcome": "EXECUTED"
          },
          {
            "path": ":spring-core:checkKotlinGradlePluginConfigurationErrors",
            "outcome": "SKIPPED"
          },
          {
            "path": ":spring-core:classes",
            "outcome": "EXECUTED"
          },
          {
            "path": ":spring-core:compileJava",
            "outcome": "FROM_CACHE"
          },
          {
            "path": ":spring-core:compileJava21Java",
            "outcome": "FROM_CACHE"
          },
          {
            "path": ":spring-core:compileJava21Kotlin",
            "outcome": "NO_SOURCE"
          },
          {
            "path": ":spring-core:compileJava24Java",
            "outcome": "FROM_CACHE"
          },
          {
            "path": ":spring-core:compileJava24Kotlin",
            "outcome": "NO_SOURCE"
          },
          {
            "path": ":spring-core:compileKotlin",
            "outcome": "FROM_CACHE"
          },
          {
            "path": ":spring-core:compileTestFixturesJava",
            "outcome": "FROM_CACHE"
          },
          {
            "path": ":spring-core:compileTestFixturesKotlin",
            "outcome": "NO_SOURCE"
          },
          {
            "path": ":spring-core:compileTestJava",
            "outcome": "FROM_CACHE"
          },
          {
            "path": ":spring-core:compileTestKotlin",
            "outcome": "FROM_CACHE"
          },
          {
            "path": ":spring-core:jar",
            "outcome": "EXECUTED"
          },
          {
            "path": ":spring-core:java21Classes",
            "outcome": "UP_TO_DATE"
          },
          {
            "path": ":spring-core:java24Classes",
            "outcome": "UP_TO_DATE"
          },
          {
            "path": ":spring-core:javapoetRepackJar",
            "outcome": "FROM_CACHE"
          },
          {
            "path": ":spring-core:objenesisRepackJar",
            "outcome": "FROM_CACHE"
          },
          {
            "path": ":spring-core:processJava21Resources",
            "outcome": "NO_SOURCE"
          },
          {
            "path": ":spring-core:processJava24Resources",
            "outcome": "NO_SOURCE"
          },
          {
            "path": ":spring-core:processResources",
            "outcome": "EXECUTED"
          },
          {
            "path": ":spring-core:processTestFixturesResources",
            "outcome": "NO_SOURCE"
          },
          {
            "path": ":spring-core:processTestResources",
            "outcome": "EXECUTED"
          },
          {
            "path": ":spring-core:testClasses",
            "outcome": "EXECUTED"
          },
          {
            "path": ":spring-core:testFixturesClasses",
            "outcome": "UP_TO_DATE"
          },
          {
            "path": ":spring-core:testFixturesJar",
            "outcome": "EXECUTED"
          },
          {
            "path": ":spring-expression:checkKotlinGradlePluginConfigurationErrors",
            "outcome": "SKIPPED"
          },
          {
            "path": ":spring-expression:classes",
            "outcome": "UP_TO_DATE"
          },
          {
            "path": ":spring-expression:compileJava",
            "outcome": "FROM_CACHE"
          },
          {
            "path": ":spring-expression:compileKotlin",
            "outcome": "NO_SOURCE"
          },
          {
            "path": ":spring-expression:compileTestFixturesJava",
            "outcome": "NO_SOURCE"
          },
          {
            "path": ":spring-expression:compileTestFixturesKotlin",
            "outcome": "NO_SOURCE"
          },
          {
            "path": ":spring-expression:compileTestJava",
            "outcome": "FROM_CACHE"
          },
          {
            "path": ":spring-expression:compileTestKotlin",
            "outcome": "FROM_CACHE"
          },
          {
            "path": ":spring-expression:jar",
            "outcome": "EXECUTED"
          },
          {
            "path": ":spring-expression:processResources",
            "outcome": "NO_SOURCE"
          },
          {
            "path": ":spring-expression:processTestFixturesResources",
            "outcome": "NO_SOURCE"
          },
          {
            "path": ":spring-expression:processTestResources",
            "outcome": "EXECUTED"
          },
          {
            "path": ":spring-expression:testClasses",
            "outcome": "EXECUTED"
          },
          {
            "path": ":spring-expression:testFixturesClasses",
            "outcome": "UP_TO_DATE"
          },
          {
            "path": ":spring-expression:testFixturesJar",
            "outcome": "EXECUTED"
          },
          {
            "path": ":spring-instrument:compileJava",
            "outcome": "FROM_CACHE"
          },
          {
            "path": ":spring-instrument:compileTestFixturesJava",
            "outcome": "NO_SOURCE"
          },
          {
            "path": ":spring-instrument:compileTestJava",
            "outcome": "NO_SOURCE"
          },
          {
            "path": ":spring-instrument:processTestResources",
            "outcome": "NO_SOURCE"
          },
          {
            "path": ":spring-instrument:testClasses",
            "outcome": "UP_TO_DATE"
          },
          {
            "path": ":spring-jdbc:checkKotlinGradlePluginConfigurationErrors",
            "outcome": "SKIPPED"
          },
          {
            "path": ":spring-jdbc:classes",
            "outcome": "EXECUTED"
          },
          {
            "path": ":spring-jdbc:compileJava",
            "outcome": "FROM_CACHE"
          },
          {
            "path": ":spring-jdbc:compileKotlin",
            "outcome": "FROM_CACHE"
          },
          {
            "path": ":spring-jdbc:compileTestFixturesJava",
            "outcome": "NO_SOURCE"
          },
          {
            "path": ":spring-jdbc:compileTestFixturesKotlin",
            "outcome": "NO_SOURCE"
          },
          {
            "path": ":spring-jdbc:compileTestJava",
            "outcome": "FROM_CACHE"
          },
          {
            "path": ":spring-jdbc:compileTestKotlin",
            "outcome": "FROM_CACHE"
          },
          {
            "path": ":spring-jdbc:jar",
            "outcome": "EXECUTED"
          },
          {
            "path": ":spring-jdbc:processResources",
            "outcome": "EXECUTED"
          },
          {
            "path": ":spring-jdbc:processTestFixturesResources",
            "outcome": "NO_SOURCE"
          },
          {
            "path": ":spring-jdbc:processTestResources",
            "outcome": "EXECUTED"
          },
          {
            "path": ":spring-jdbc:testClasses",
            "outcome": "EXECUTED"
          },
          {
            "path": ":spring-jdbc:testFixturesClasses",
            "outcome": "UP_TO_DATE"
          },
          {
            "path": ":spring-jdbc:testFixturesJar",
            "outcome": "EXECUTED"
          },
          {
            "path": ":spring-jms:compileJava",
            "outcome": "EXECUTED"
          },
          {
            "path": ":spring-jms:compileTestFixturesJava",
            "outcome": "NO_SOURCE"
          },
          {
            "path": ":spring-jms:compileTestJava",
            "outcome": "FROM_CACHE"
          },
          {
            "path": ":spring-jms:processTestResources",
            "outcome": "EXECUTED"
          },
          {
            "path": ":spring-jms:testClasses",
            "outcome": "EXECUTED"
          },
          {
            "path": ":spring-messaging:checkKotlinGradlePluginConfigurationErrors",
            "outcome": "SKIPPED"
          },
          {
            "path": ":spring-messaging:classes",
            "outcome": "EXECUTED"
          },
          {
            "path": ":spring-messaging:compileJava",
            "outcome": "FROM_CACHE"
          },
          {
            "path": ":spring-messaging:compileKotlin",
            "outcome": "FROM_CACHE"
          },
          {
            "path": ":spring-messaging:compileTestFixturesJava",
            "outcome": "NO_SOURCE"
          },
          {
            "path": ":spring-messaging:compileTestFixturesKotlin",
            "outcome": "NO_SOURCE"
          },
          {
            "path": ":spring-messaging:compileTestJava",
            "outcome": "FROM_CACHE"
          },
          {
            "path": ":spring-messaging:compileTestKotlin",
            "outcome": "FROM_CACHE"
          },
          {
            "path": ":spring-messaging:jar",
            "outcome": "EXECUTED"
          },
          {
            "path": ":spring-messaging:processResources",
            "outcome": "EXECUTED"
          },
          {
            "path": ":spring-messaging:processTestFixturesResources",
            "outcome": "NO_SOURCE"
          },
          {
            "path": ":spring-messaging:processTestResources",
            "outcome": "EXECUTED"
          },
          {
            "path": ":spring-messaging:testClasses",
            "outcome": "EXECUTED"
          },
          {
            "path": ":spring-messaging:testFixturesClasses",
            "outcome": "UP_TO_DATE"
          },
          {
            "path": ":spring-messaging:testFixturesJar",
            "outcome": "EXECUTED"
          },
          {
            "path": ":spring-orm:compileJava",
            "outcome": "FROM_CACHE"
          },
          {
            "path": ":spring-orm:compileTestFixturesJava",
            "outcome": "NO_SOURCE"
          },
          {
            "path": ":spring-orm:compileTestJava",
            "outcome": "FROM_CACHE"
          },
          {
            "path": ":spring-orm:processTestResources",
            "outcome": "EXECUTED"
          },
          {
            "path": ":spring-orm:testClasses",
            "outcome": "EXECUTED"
          },
          {
            "path": ":spring-oxm:compileJava",
            "outcome": "FROM_CACHE"
          },
          {
            "path": ":spring-oxm:compileTestFixturesJava",
            "outcome": "NO_SOURCE"
          },
          {
            "path": ":spring-oxm:compileTestJava",
            "outcome": "FROM_CACHE"
          },
          {
            "path": ":spring-oxm:processTestResources",
            "outcome": "EXECUTED"
          },
          {
            "path": ":spring-oxm:testClasses",
            "outcome": "EXECUTED"
          },
          {
            "path": ":spring-oxm:xjc",
            "outcome": "FROM_CACHE"
          },
          {
            "path": ":spring-r2dbc:checkKotlinGradlePluginConfigurationErrors",
            "outcome": "SKIPPED"
          },
          {
            "path": ":spring-r2dbc:classes",
            "outcome": "EXECUTED"
          },
          {
            "path": ":spring-r2dbc:compileJava",
            "outcome": "FROM_CACHE"
          },
          {
            "path": ":spring-r2dbc:compileKotlin",
            "outcome": "FROM_CACHE"
          },
          {
            "path": ":spring-r2dbc:compileTestFixturesJava",
            "outcome": "NO_SOURCE"
          },
          {
            "path": ":spring-r2dbc:compileTestFixturesKotlin",
            "outcome": "NO_SOURCE"
          },
          {
            "path": ":spring-r2dbc:compileTestJava",
            "outcome": "FROM_CACHE"
          },
          {
            "path": ":spring-r2dbc:compileTestKotlin",
            "outcome": "FROM_CACHE"
          },
          {
            "path": ":spring-r2dbc:jar",
            "outcome": "EXECUTED"
          },
          {
            "path": ":spring-r2dbc:processResources",
            "outcome": "EXECUTED"
          },
          {
            "path": ":spring-r2dbc:processTestFixturesResources",
            "outcome": "NO_SOURCE"
          },
          {
            "path": ":spring-r2dbc:processTestResources",
            "outcome": "EXECUTED"
          },
          {
            "path": ":spring-r2dbc:testClasses",
            "outcome": "EXECUTED"
          },
          {
            "path": ":spring-r2dbc:testFixturesClasses",
            "outcome": "UP_TO_DATE"
          },
          {
            "path": ":spring-r2dbc:testFixturesJar",
            "outcome": "EXECUTED"
          },
          {
            "path": ":spring-test:checkKotlinGradlePluginConfigurationErrors",
            "outcome": "SKIPPED"
          },
          {
            "path": ":spring-test:classes",
            "outcome": "EXECUTED"
          },
          {
            "path": ":spring-test:compileJava",
            "outcome": "FROM_CACHE"
          },
          {
            "path": ":spring-test:compileKotlin",
            "outcome": "FROM_CACHE"
          },
          {
            "path": ":spring-test:compileTestFixturesJava",
            "outcome": "NO_SOURCE"
          },
          {
            "path": ":spring-test:compileTestFixturesKotlin",
            "outcome": "NO_SOURCE"
          },
          {
            "path": ":spring-test:compileTestJava",
            "outcome": "FROM_CACHE"
          },
          {
            "path": ":spring-test:compileTestKotlin",
            "outcome": "FROM_CACHE"
          },
          {
            "path": ":spring-test:jar",
            "outcome": "EXECUTED"
          },
          {
            "path": ":spring-test:processResources",
            "outcome": "EXECUTED"
          },
          {
            "path": ":spring-test:processTestFixturesResources",
            "outcome": "NO_SOURCE"
          },
          {
            "path": ":spring-test:processTestResources",
            "outcome": "EXECUTED"
          },
          {
            "path": ":spring-test:testClasses",
            "outcome": "EXECUTED"
          },
          {
            "path": ":spring-test:testFixturesClasses",
            "outcome": "UP_TO_DATE"
          },
          {
            "path": ":spring-test:testFixturesJar",
            "outcome": "EXECUTED"
          },
          {
            "path": ":spring-tx:checkKotlinGradlePluginConfigurationErrors",
            "outcome": "SKIPPED"
          },
          {
            "path": ":spring-tx:classes",
            "outcome": "EXECUTED"
          },
          {
            "path": ":spring-tx:compileJava",
            "outcome": "FROM_CACHE"
          },
          {
            "path": ":spring-tx:compileKotlin",
            "outcome": "FROM_CACHE"
          },
          {
            "path": ":spring-tx:compileTestFixturesJava",
            "outcome": "FROM_CACHE"
          },
          {
            "path": ":spring-tx:compileTestFixturesKotlin",
            "outcome": "NO_SOURCE"
          },
          {
            "path": ":spring-tx:compileTestJava",
            "outcome": "FROM_CACHE"
          },
          {
            "path": ":spring-tx:compileTestKotlin",
            "outcome": "FROM_CACHE"
          },
          {
            "path": ":spring-tx:jar",
            "outcome": "EXECUTED"
          },
          {
            "path": ":spring-tx:processResources",
            "outcome": "EXECUTED"
          },
          {
            "path": ":spring-tx:processTestFixturesResources",
            "outcome": "NO_SOURCE"
          },
          {
            "path": ":spring-tx:processTestResources",
            "outcome": "EXECUTED"
          },
          {
            "path": ":spring-tx:testClasses",
            "outcome": "EXECUTED"
          },
          {
            "path": ":spring-tx:testFixturesClasses",
            "outcome": "UP_TO_DATE"
          },
          {
            "path": ":spring-tx:testFixturesJar",
            "outcome": "EXECUTED"
          },
          {
            "path": ":spring-web:checkKotlinGradlePluginConfigurationErrors",
            "outcome": "SKIPPED"
          },
          {
            "path": ":spring-web:classes",
            "outcome": "EXECUTED"
          },
          {
            "path": ":spring-web:compileJava",
            "outcome": "FROM_CACHE"
          },
          {
            "path": ":spring-web:compileKotlin",
            "outcome": "FROM_CACHE"
          },
          {
            "path": ":spring-web:compileTestFixturesJava",
            "outcome": "FROM_CACHE"
          },
          {
            "path": ":spring-web:compileTestFixturesKotlin",
            "outcome": "NO_SOURCE"
          },
          {
            "path": ":spring-web:compileTestJava",
            "outcome": "FROM_CACHE"
          },
          {
            "path": ":spring-web:compileTestKotlin",
            "outcome": "FROM_CACHE"
          },
          {
            "path": ":spring-web:jar",
            "outcome": "EXECUTED"
          },
          {
            "path": ":spring-web:processResources",
            "outcome": "EXECUTED"
          },
          {
            "path": ":spring-web:processTestFixturesResources",
            "outcome": "EXECUTED"
          },
          {
            "path": ":spring-web:processTestResources",
            "outcome": "EXECUTED"
          },
          {
            "path": ":spring-web:testClasses",
            "outcome": "EXECUTED"
          },
          {
            "path": ":spring-web:testFixturesClasses",
            "outcome": "EXECUTED"
          },
          {
            "path": ":spring-web:testFixturesJar",
            "outcome": "EXECUTED"
          },
          {
            "path": ":spring-webflux:checkKotlinGradlePluginConfigurationErrors",
            "outcome": "SKIPPED"
          },
          {
            "path": ":spring-webflux:classes",
            "outcome": "EXECUTED"
          },
          {
            "path": ":spring-webflux:compileJava",
            "outcome": "FROM_CACHE"
          },
          {
            "path": ":spring-webflux:compileKotlin",
            "outcome": "FROM_CACHE"
          },
          {
            "path": ":spring-webflux:compileTestFixturesJava",
            "outcome": "NO_SOURCE"
          },
          {
            "path": ":spring-webflux:compileTestFixturesKotlin",
            "outcome": "NO_SOURCE"
          },
          {
            "path": ":spring-webflux:compileTestJava",
            "outcome": "FROM_CACHE"
          },
          {
            "path": ":spring-webflux:compileTestKotlin",
            "outcome": "FROM_CACHE"
          },
          {
            "path": ":spring-webflux:jar",
            "outcome": "EXECUTED"
          },
          {
            "path": ":spring-webflux:processResources",
            "outcome": "EXECUTED"
          },
          {
            "path": ":spring-webflux:processTestFixturesResources",
            "outcome": "NO_SOURCE"
          },
          {
            "path": ":spring-webflux:processTestResources",
            "outcome": "EXECUTED"
          },
          {
            "path": ":spring-webflux:testClasses",
            "outcome": "EXECUTED"
          },
          {
            "path": ":spring-webflux:testFixturesClasses",
            "outcome": "UP_TO_DATE"
          },
          {
            "path": ":spring-webflux:testFixturesJar",
            "outcome": "EXECUTED"
          },
          {
            "path": ":spring-webmvc:checkKotlinGradlePluginConfigurationErrors",
            "outcome": "SKIPPED"
          },
          {
            "path": ":spring-webmvc:classes",
            "outcome": "EXECUTED"
          },
          {
            "path": ":spring-webmvc:compileJava",
            "outcome": "FROM_CACHE"
          },
          {
            "path": ":spring-webmvc:compileKotlin",
            "outcome": "FROM_CACHE"
          },
          {
            "path": ":spring-webmvc:compileTestFixturesJava",
            "outcome": "NO_SOURCE"
          },
          {
            "path": ":spring-webmvc:compileTestFixturesKotlin",
            "outcome": "NO_SOURCE"
          },
          {
            "path": ":spring-webmvc:compileTestJava",
            "outcome": "FROM_CACHE"
          },
          {
            "path": ":spring-webmvc:compileTestKotlin",
            "outcome": "FROM_CACHE"
          },
          {
            "path": ":spring-webmvc:jar",
            "outcome": "EXECUTED"
          },
          {
            "path": ":spring-webmvc:processResources",
            "outcome": "EXECUTED"
          },
          {
            "path": ":spring-webmvc:processTestFixturesResources",
            "outcome": "NO_SOURCE"
          },
          {
            "path": ":spring-webmvc:processTestResources",
            "outcome": "EXECUTED"
          },
          {
            "path": ":spring-webmvc:testClasses",
            "outcome": "EXECUTED"
          },
          {
            "path": ":spring-webmvc:testFixturesClasses",
            "outcome": "UP_TO_DATE"
          },
          {
            "path": ":spring-webmvc:testFixturesJar",
            "outcome": "EXECUTED"
          },
          {
            "path": ":spring-websocket:compileJava",
            "outcome": "FROM_CACHE"
          },
          {
            "path": ":spring-websocket:compileTestFixturesJava",
            "outcome": "NO_SOURCE"
          },
          {
            "path": ":spring-websocket:compileTestJava",
            "outcome": "FROM_CACHE"
          },
          {
            "path": ":spring-websocket:processTestResources",
            "outcome": "EXECUTED"
          },
          {
            "path": ":spring-websocket:testClasses",
            "outcome": "EXECUTED"
          },
          {
            "path": ":testClasses",
            "outcome": "UP_TO_DATE"
          }
        ]
      },
      "candidateTaskOutcomes": {
        "total": 56,
        "executed": 14,
        "fromCache": 26,
        "upToDate": 2,
        "noSource": 7,
        "skipped": 7,
        "fingerprintSha256": "af08640256e4ce968a02546a34fd5e7b170359e73fd1255332a0b813d6a2b3f6",
        "tasks": [
          {
            "path": ":buildSrc:check",
            "outcome": "UP_TO_DATE"
          },
          {
            "path": ":buildSrc:checkstyleMain",
            "outcome": "FROM_CACHE"
          },
          {
            "path": ":buildSrc:checkstyleTest",
            "outcome": "FROM_CACHE"
          },
          {
            "path": ":buildSrc:classes",
            "outcome": "EXECUTED"
          },
          {
            "path": ":buildSrc:compileGroovy",
            "outcome": "NO_SOURCE"
          },
          {
            "path": ":buildSrc:compileJava",
            "outcome": "FROM_CACHE"
          },
          {
            "path": ":buildSrc:compileTestGroovy",
            "outcome": "NO_SOURCE"
          },
          {
            "path": ":buildSrc:compileTestJava",
            "outcome": "FROM_CACHE"
          },
          {
            "path": ":buildSrc:jar",
            "outcome": "EXECUTED"
          },
          {
            "path": ":buildSrc:pluginDescriptors",
            "outcome": "EXECUTED"
          },
          {
            "path": ":buildSrc:pluginUnderTestMetadata",
            "outcome": "EXECUTED"
          },
          {
            "path": ":buildSrc:processResources",
            "outcome": "EXECUTED"
          },
          {
            "path": ":buildSrc:processTestResources",
            "outcome": "NO_SOURCE"
          },
          {
            "path": ":buildSrc:test",
            "outcome": "FROM_CACHE"
          },
          {
            "path": ":buildSrc:testClasses",
            "outcome": "UP_TO_DATE"
          },
          {
            "path": ":buildSrc:validatePlugins",
            "outcome": "FROM_CACHE"
          },
          {
            "path": ":spring-aop:checkKotlinGradlePluginConfigurationErrors",
            "outcome": "SKIPPED"
          },
          {
            "path": ":spring-aop:compileJava",
            "outcome": "FROM_CACHE"
          },
          {
            "path": ":spring-aop:compileKotlin",
            "outcome": "NO_SOURCE"
          },
          {
            "path": ":spring-beans:checkKotlinGradlePluginConfigurationErrors",
            "outcome": "SKIPPED"
          },
          {
            "path": ":spring-beans:classes",
            "outcome": "EXECUTED"
          },
          {
            "path": ":spring-beans:compileJava",
            "outcome": "FROM_CACHE"
          },
          {
            "path": ":spring-beans:compileKotlin",
            "outcome": "FROM_CACHE"
          },
          {
            "path": ":spring-beans:compileTestFixturesJava",
            "outcome": "FROM_CACHE"
          },
          {
            "path": ":spring-beans:compileTestFixturesKotlin",
            "outcome": "FROM_CACHE"
          },
          {
            "path": ":spring-beans:jar",
            "outcome": "EXECUTED"
          },
          {
            "path": ":spring-beans:processResources",
            "outcome": "EXECUTED"
          },
          {
            "path": ":spring-context:checkKotlinGradlePluginConfigurationErrors",
            "outcome": "SKIPPED"
          },
          {
            "path": ":spring-context:compileJava",
            "outcome": "FROM_CACHE"
          },
          {
            "path": ":spring-context:compileKotlin",
            "outcome": "FROM_CACHE"
          },
          {
            "path": ":spring-core:checkKotlinGradlePluginConfigurationErrors",
            "outcome": "SKIPPED"
          },
          {
            "path": ":spring-core:compileJava",
            "outcome": "FROM_CACHE"
          },
          {
            "path": ":spring-core:compileKotlin",
            "outcome": "FROM_CACHE"
          },
          {
            "path": ":spring-core:javapoetRepackJar",
            "outcome": "FROM_CACHE"
          },
          {
            "path": ":spring-core:objenesisRepackJar",
            "outcome": "FROM_CACHE"
          },
          {
            "path": ":spring-expression:checkKotlinGradlePluginConfigurationErrors",
            "outcome": "SKIPPED"
          },
          {
            "path": ":spring-expression:compileJava",
            "outcome": "FROM_CACHE"
          },
          {
            "path": ":spring-expression:compileKotlin",
            "outcome": "NO_SOURCE"
          },
          {
            "path": ":spring-instrument:compileJava",
            "outcome": "FROM_CACHE"
          },
          {
            "path": ":spring-jms:compileJava",
            "outcome": "EXECUTED"
          },
          {
            "path": ":spring-jms:compileTestFixturesJava",
            "outcome": "NO_SOURCE"
          },
          {
            "path": ":spring-jms:compileTestJava",
            "outcome": "FROM_CACHE"
          },
          {
            "path": ":spring-jms:processTestResources",
            "outcome": "EXECUTED"
          },
          {
            "path": ":spring-jms:testClasses",
            "outcome": "EXECUTED"
          },
          {
            "path": ":spring-messaging:checkKotlinGradlePluginConfigurationErrors",
            "outcome": "SKIPPED"
          },
          {
            "path": ":spring-messaging:compileJava",
            "outcome": "FROM_CACHE"
          },
          {
            "path": ":spring-messaging:compileKotlin",
            "outcome": "FROM_CACHE"
          },
          {
            "path": ":spring-oxm:compileJava",
            "outcome": "FROM_CACHE"
          },
          {
            "path": ":spring-tx:checkKotlinGradlePluginConfigurationErrors",
            "outcome": "SKIPPED"
          },
          {
            "path": ":spring-tx:classes",
            "outcome": "EXECUTED"
          },
          {
            "path": ":spring-tx:compileJava",
            "outcome": "FROM_CACHE"
          },
          {
            "path": ":spring-tx:compileKotlin",
            "outcome": "FROM_CACHE"
          },
          {
            "path": ":spring-tx:compileTestFixturesJava",
            "outcome": "FROM_CACHE"
          },
          {
            "path": ":spring-tx:compileTestFixturesKotlin",
            "outcome": "NO_SOURCE"
          },
          {
            "path": ":spring-tx:jar",
            "outcome": "EXECUTED"
          },
          {
            "path": ":spring-tx:processResources",
            "outcome": "EXECUTED"
          }
        ]
      },
      "controlHostPressure": {
        "available": true,
        "cpuSomeTotalUs": 153606,
        "memorySomeTotalUs": 1,
        "memoryFullTotalUs": 1,
        "ioSomeTotalUs": 9545011,
        "ioFullTotalUs": 6170421
      },
      "candidateHostPressure": {
        "available": true,
        "cpuSomeTotalUs": 38304,
        "memorySomeTotalUs": 238,
        "memoryFullTotalUs": 238,
        "ioSomeTotalUs": 9857963,
        "ioFullTotalUs": 8157873
      }
    },
    {
      "pair": 2,
      "order": "CANDIDATE_FIRST",
      "controlDurationMs": 14106,
      "candidateDurationMs": 13077,
      "savedMs": 1029,
      "controlRequiredOutputSha256": "c1de7856f3bfbec061af1a6a147e489da0bd960aca43bf326e51372c2ca5d629",
      "candidateRequiredOutputSha256": "c1de7856f3bfbec061af1a6a147e489da0bd960aca43bf326e51372c2ca5d629",
      "requiredOutputCount": 378,
      "productAttributableFailure": false,
      "controlLogSha256": "b714a3ee06c21d6ae961fc69001919a5ef496898c1d67932a9d000635dccc478",
      "candidateLogSha256": "f8d8d70cd5a12073a0e6be7b8a8af3a0b2a2de1e1dd9a2bdbb4508ac4ebd5e07",
      "controlTaskOutcomes": {
        "total": 305,
        "executed": 109,
        "fromCache": 89,
        "upToDate": 23,
        "noSource": 65,
        "skipped": 19,
        "fingerprintSha256": "85399d45cd2d3615162148545d5babb68fb708dbdd29a2e2991b8e65724ce6a7",
        "tasks": [
          {
            "path": ":buildSrc:check",
            "outcome": "UP_TO_DATE"
          },
          {
            "path": ":buildSrc:checkstyleMain",
            "outcome": "FROM_CACHE"
          },
          {
            "path": ":buildSrc:checkstyleTest",
            "outcome": "FROM_CACHE"
          },
          {
            "path": ":buildSrc:classes",
            "outcome": "EXECUTED"
          },
          {
            "path": ":buildSrc:compileGroovy",
            "outcome": "NO_SOURCE"
          },
          {
            "path": ":buildSrc:compileJava",
            "outcome": "FROM_CACHE"
          },
          {
            "path": ":buildSrc:compileTestGroovy",
            "outcome": "NO_SOURCE"
          },
          {
            "path": ":buildSrc:compileTestJava",
            "outcome": "FROM_CACHE"
          },
          {
            "path": ":buildSrc:jar",
            "outcome": "EXECUTED"
          },
          {
            "path": ":buildSrc:pluginDescriptors",
            "outcome": "EXECUTED"
          },
          {
            "path": ":buildSrc:pluginUnderTestMetadata",
            "outcome": "EXECUTED"
          },
          {
            "path": ":buildSrc:processResources",
            "outcome": "EXECUTED"
          },
          {
            "path": ":buildSrc:processTestResources",
            "outcome": "NO_SOURCE"
          },
          {
            "path": ":buildSrc:test",
            "outcome": "FROM_CACHE"
          },
          {
            "path": ":buildSrc:testClasses",
            "outcome": "UP_TO_DATE"
          },
          {
            "path": ":buildSrc:validatePlugins",
            "outcome": "FROM_CACHE"
          },
          {
            "path": ":classes",
            "outcome": "UP_TO_DATE"
          },
          {
            "path": ":compileJava",
            "outcome": "NO_SOURCE"
          },
          {
            "path": ":compileTestFixturesJava",
            "outcome": "NO_SOURCE"
          },
          {
            "path": ":compileTestJava",
            "outcome": "NO_SOURCE"
          },
          {
            "path": ":framework-docs:checkKotlinGradlePluginConfigurationErrors",
            "outcome": "SKIPPED"
          },
          {
            "path": ":framework-docs:classes",
            "outcome": "EXECUTED"
          },
          {
            "path": ":framework-docs:compileJava",
            "outcome": "FROM_CACHE"
          },
          {
            "path": ":framework-docs:compileKotlin",
            "outcome": "FROM_CACHE"
          },
          {
            "path": ":framework-docs:compileTestJava",
            "outcome": "NO_SOURCE"
          },
          {
            "path": ":framework-docs:compileTestKotlin",
            "outcome": "NO_SOURCE"
          },
          {
            "path": ":framework-docs:jar",
            "outcome": "SKIPPED"
          },
          {
            "path": ":framework-docs:processResources",
            "outcome": "EXECUTED"
          },
          {
            "path": ":framework-docs:processTestResources",
            "outcome": "NO_SOURCE"
          },
          {
            "path": ":framework-docs:testClasses",
            "outcome": "UP_TO_DATE"
          },
          {
            "path": ":integration-tests:checkKotlinGradlePluginConfigurationErrors",
            "outcome": "SKIPPED"
          },
          {
            "path": ":integration-tests:classes",
            "outcome": "UP_TO_DATE"
          },
          {
            "path": ":integration-tests:compileJava",
            "outcome": "NO_SOURCE"
          },
          {
            "path": ":integration-tests:compileKotlin",
            "outcome": "NO_SOURCE"
          },
          {
            "path": ":integration-tests:compileTestFixturesJava",
            "outcome": "NO_SOURCE"
          },
          {
            "path": ":integration-tests:compileTestFixturesKotlin",
            "outcome": "NO_SOURCE"
          },
          {
            "path": ":integration-tests:compileTestJava",
            "outcome": "FROM_CACHE"
          },
          {
            "path": ":integration-tests:compileTestKotlin",
            "outcome": "FROM_CACHE"
          },
          {
            "path": ":integration-tests:jar",
            "outcome": "EXECUTED"
          },
          {
            "path": ":integration-tests:processResources",
            "outcome": "NO_SOURCE"
          },
          {
            "path": ":integration-tests:processTestFixturesResources",
            "outcome": "NO_SOURCE"
          },
          {
            "path": ":integration-tests:processTestResources",
            "outcome": "EXECUTED"
          },
          {
            "path": ":integration-tests:testClasses",
            "outcome": "EXECUTED"
          },
          {
            "path": ":integration-tests:testFixturesClasses",
            "outcome": "UP_TO_DATE"
          },
          {
            "path": ":integration-tests:testFixturesJar",
            "outcome": "EXECUTED"
          },
          {
            "path": ":jar",
            "outcome": "EXECUTED"
          },
          {
            "path": ":processResources",
            "outcome": "NO_SOURCE"
          },
          {
            "path": ":processTestResources",
            "outcome": "NO_SOURCE"
          },
          {
            "path": ":spring-aop:checkKotlinGradlePluginConfigurationErrors",
            "outcome": "SKIPPED"
          },
          {
            "path": ":spring-aop:classes",
            "outcome": "EXECUTED"
          },
          {
            "path": ":spring-aop:compileJava",
            "outcome": "FROM_CACHE"
          },
          {
            "path": ":spring-aop:compileKotlin",
            "outcome": "NO_SOURCE"
          },
          {
            "path": ":spring-aop:compileTestFixturesJava",
            "outcome": "FROM_CACHE"
          },
          {
            "path": ":spring-aop:compileTestFixturesKotlin",
            "outcome": "NO_SOURCE"
          },
          {
            "path": ":spring-aop:compileTestJava",
            "outcome": "FROM_CACHE"
          },
          {
            "path": ":spring-aop:compileTestKotlin",
            "outcome": "FROM_CACHE"
          },
          {
            "path": ":spring-aop:jar",
            "outcome": "EXECUTED"
          },
          {
            "path": ":spring-aop:processResources",
            "outcome": "EXECUTED"
          },
          {
            "path": ":spring-aop:processTestFixturesResources",
            "outcome": "NO_SOURCE"
          },
          {
            "path": ":spring-aop:processTestResources",
            "outcome": "EXECUTED"
          },
          {
            "path": ":spring-aop:testClasses",
            "outcome": "EXECUTED"
          },
          {
            "path": ":spring-aop:testFixturesClasses",
            "outcome": "UP_TO_DATE"
          },
          {
            "path": ":spring-aop:testFixturesJar",
            "outcome": "EXECUTED"
          },
          {
            "path": ":spring-aspects:classes",
            "outcome": "EXECUTED"
          },
          {
            "path": ":spring-aspects:compileAspectj",
            "outcome": "FROM_CACHE"
          },
          {
            "path": ":spring-aspects:compileJava",
            "outcome": "SKIPPED"
          },
          {
            "path": ":spring-aspects:compileTestAspectj",
            "outcome": "FROM_CACHE"
          },
          {
            "path": ":spring-aspects:compileTestFixturesAspectj",
            "outcome": "NO_SOURCE"
          },
          {
            "path": ":spring-aspects:compileTestFixturesJava",
            "outcome": "SKIPPED"
          },
          {
            "path": ":spring-aspects:compileTestJava",
            "outcome": "SKIPPED"
          },
          {
            "path": ":spring-aspects:processResources",
            "outcome": "EXECUTED"
          },
          {
            "path": ":spring-aspects:processTestResources",
            "outcome": "EXECUTED"
          },
          {
            "path": ":spring-aspects:testClasses",
            "outcome": "EXECUTED"
          },
          {
            "path": ":spring-beans:checkKotlinGradlePluginConfigurationErrors",
            "outcome": "SKIPPED"
          },
          {
            "path": ":spring-beans:classes",
            "outcome": "EXECUTED"
          },
          {
            "path": ":spring-beans:compileJava",
            "outcome": "FROM_CACHE"
          },
          {
            "path": ":spring-beans:compileKotlin",
            "outcome": "FROM_CACHE"
          },
          {
            "path": ":spring-beans:compileTestFixturesJava",
            "outcome": "FROM_CACHE"
          },
          {
            "path": ":spring-beans:compileTestFixturesKotlin",
            "outcome": "FROM_CACHE"
          },
          {
            "path": ":spring-beans:compileTestJava",
            "outcome": "FROM_CACHE"
          },
          {
            "path": ":spring-beans:compileTestKotlin",
            "outcome": "FROM_CACHE"
          },
          {
            "path": ":spring-beans:jar",
            "outcome": "EXECUTED"
          },
          {
            "path": ":spring-beans:processResources",
            "outcome": "EXECUTED"
          },
          {
            "path": ":spring-beans:processTestFixturesResources",
            "outcome": "EXECUTED"
          },
          {
            "path": ":spring-beans:processTestResources",
            "outcome": "EXECUTED"
          },
          {
            "path": ":spring-beans:testClasses",
            "outcome": "EXECUTED"
          },
          {
            "path": ":spring-beans:testFixturesClasses",
            "outcome": "EXECUTED"
          },
          {
            "path": ":spring-beans:testFixturesJar",
            "outcome": "EXECUTED"
          },
          {
            "path": ":spring-context-indexer:compileJava",
            "outcome": "FROM_CACHE"
          },
          {
            "path": ":spring-context-indexer:compileTestFixturesJava",
            "outcome": "NO_SOURCE"
          },
          {
            "path": ":spring-context-indexer:compileTestJava",
            "outcome": "FROM_CACHE"
          },
          {
            "path": ":spring-context-indexer:processTestResources",
            "outcome": "NO_SOURCE"
          },
          {
            "path": ":spring-context-indexer:testClasses",
            "outcome": "UP_TO_DATE"
          },
          {
            "path": ":spring-context-support:compileJava",
            "outcome": "FROM_CACHE"
          },
          {
            "path": ":spring-context-support:compileTestFixturesJava",
            "outcome": "FROM_CACHE"
          },
          {
            "path": ":spring-context-support:compileTestJava",
            "outcome": "FROM_CACHE"
          },
          {
            "path": ":spring-context-support:processTestResources",
            "outcome": "EXECUTED"
          },
          {
            "path": ":spring-context-support:testClasses",
            "outcome": "EXECUTED"
          },
          {
            "path": ":spring-context:checkKotlinGradlePluginConfigurationErrors",
            "outcome": "SKIPPED"
          },
          {
            "path": ":spring-context:classes",
            "outcome": "EXECUTED"
          },
          {
            "path": ":spring-context:compileJava",
            "outcome": "FROM_CACHE"
          },
          {
            "path": ":spring-context:compileKotlin",
            "outcome": "FROM_CACHE"
          },
          {
            "path": ":spring-context:compileTestFixturesJava",
            "outcome": "FROM_CACHE"
          },
          {
            "path": ":spring-context:compileTestFixturesKotlin",
            "outcome": "NO_SOURCE"
          },
          {
            "path": ":spring-context:compileTestJava",
            "outcome": "FROM_CACHE"
          },
          {
            "path": ":spring-context:compileTestKotlin",
            "outcome": "FROM_CACHE"
          },
          {
            "path": ":spring-context:jar",
            "outcome": "EXECUTED"
          },
          {
            "path": ":spring-context:processResources",
            "outcome": "EXECUTED"
          },
          {
            "path": ":spring-context:processTestFixturesResources",
            "outcome": "NO_SOURCE"
          },
          {
            "path": ":spring-context:processTestResources",
            "outcome": "EXECUTED"
          },
          {
            "path": ":spring-context:testClasses",
            "outcome": "EXECUTED"
          },
          {
            "path": ":spring-context:testFixturesClasses",
            "outcome": "UP_TO_DATE"
          },
          {
            "path": ":spring-context:testFixturesJar",
            "outcome": "EXECUTED"
          },
          {
            "path": ":spring-core-test:compileJava",
            "outcome": "FROM_CACHE"
          },
          {
            "path": ":spring-core-test:compileTestFixturesJava",
            "outcome": "NO_SOURCE"
          },
          {
            "path": ":spring-core-test:compileTestJava",
            "outcome": "FROM_CACHE"
          },
          {
            "path": ":spring-core-test:processTestResources",
            "outcome": "EXECUTED"
          },
          {
            "path": ":spring-core-test:testClasses",
            "outcome": "EXECUTED"
          },
          {
            "path": ":spring-core:checkKotlinGradlePluginConfigurationErrors",
            "outcome": "SKIPPED"
          },
          {
            "path": ":spring-core:classes",
            "outcome": "EXECUTED"
          },
          {
            "path": ":spring-core:compileJava",
            "outcome": "FROM_CACHE"
          },
          {
            "path": ":spring-core:compileJava21Java",
            "outcome": "FROM_CACHE"
          },
          {
            "path": ":spring-core:compileJava21Kotlin",
            "outcome": "NO_SOURCE"
          },
          {
            "path": ":spring-core:compileJava24Java",
            "outcome": "FROM_CACHE"
          },
          {
            "path": ":spring-core:compileJava24Kotlin",
            "outcome": "NO_SOURCE"
          },
          {
            "path": ":spring-core:compileKotlin",
            "outcome": "FROM_CACHE"
          },
          {
            "path": ":spring-core:compileTestFixturesJava",
            "outcome": "FROM_CACHE"
          },
          {
            "path": ":spring-core:compileTestFixturesKotlin",
            "outcome": "NO_SOURCE"
          },
          {
            "path": ":spring-core:compileTestJava",
            "outcome": "FROM_CACHE"
          },
          {
            "path": ":spring-core:compileTestKotlin",
            "outcome": "FROM_CACHE"
          },
          {
            "path": ":spring-core:jar",
            "outcome": "EXECUTED"
          },
          {
            "path": ":spring-core:java21Classes",
            "outcome": "UP_TO_DATE"
          },
          {
            "path": ":spring-core:java24Classes",
            "outcome": "UP_TO_DATE"
          },
          {
            "path": ":spring-core:javapoetRepackJar",
            "outcome": "FROM_CACHE"
          },
          {
            "path": ":spring-core:objenesisRepackJar",
            "outcome": "FROM_CACHE"
          },
          {
            "path": ":spring-core:processJava21Resources",
            "outcome": "NO_SOURCE"
          },
          {
            "path": ":spring-core:processJava24Resources",
            "outcome": "NO_SOURCE"
          },
          {
            "path": ":spring-core:processResources",
            "outcome": "EXECUTED"
          },
          {
            "path": ":spring-core:processTestFixturesResources",
            "outcome": "NO_SOURCE"
          },
          {
            "path": ":spring-core:processTestResources",
            "outcome": "EXECUTED"
          },
          {
            "path": ":spring-core:testClasses",
            "outcome": "EXECUTED"
          },
          {
            "path": ":spring-core:testFixturesClasses",
            "outcome": "UP_TO_DATE"
          },
          {
            "path": ":spring-core:testFixturesJar",
            "outcome": "EXECUTED"
          },
          {
            "path": ":spring-expression:checkKotlinGradlePluginConfigurationErrors",
            "outcome": "SKIPPED"
          },
          {
            "path": ":spring-expression:classes",
            "outcome": "UP_TO_DATE"
          },
          {
            "path": ":spring-expression:compileJava",
            "outcome": "FROM_CACHE"
          },
          {
            "path": ":spring-expression:compileKotlin",
            "outcome": "NO_SOURCE"
          },
          {
            "path": ":spring-expression:compileTestFixturesJava",
            "outcome": "NO_SOURCE"
          },
          {
            "path": ":spring-expression:compileTestFixturesKotlin",
            "outcome": "NO_SOURCE"
          },
          {
            "path": ":spring-expression:compileTestJava",
            "outcome": "FROM_CACHE"
          },
          {
            "path": ":spring-expression:compileTestKotlin",
            "outcome": "FROM_CACHE"
          },
          {
            "path": ":spring-expression:jar",
            "outcome": "EXECUTED"
          },
          {
            "path": ":spring-expression:processResources",
            "outcome": "NO_SOURCE"
          },
          {
            "path": ":spring-expression:processTestFixturesResources",
            "outcome": "NO_SOURCE"
          },
          {
            "path": ":spring-expression:processTestResources",
            "outcome": "EXECUTED"
          },
          {
            "path": ":spring-expression:testClasses",
            "outcome": "EXECUTED"
          },
          {
            "path": ":spring-expression:testFixturesClasses",
            "outcome": "UP_TO_DATE"
          },
          {
            "path": ":spring-expression:testFixturesJar",
            "outcome": "EXECUTED"
          },
          {
            "path": ":spring-instrument:compileJava",
            "outcome": "FROM_CACHE"
          },
          {
            "path": ":spring-instrument:compileTestFixturesJava",
            "outcome": "NO_SOURCE"
          },
          {
            "path": ":spring-instrument:compileTestJava",
            "outcome": "NO_SOURCE"
          },
          {
            "path": ":spring-instrument:processTestResources",
            "outcome": "NO_SOURCE"
          },
          {
            "path": ":spring-instrument:testClasses",
            "outcome": "UP_TO_DATE"
          },
          {
            "path": ":spring-jdbc:checkKotlinGradlePluginConfigurationErrors",
            "outcome": "SKIPPED"
          },
          {
            "path": ":spring-jdbc:classes",
            "outcome": "EXECUTED"
          },
          {
            "path": ":spring-jdbc:compileJava",
            "outcome": "FROM_CACHE"
          },
          {
            "path": ":spring-jdbc:compileKotlin",
            "outcome": "FROM_CACHE"
          },
          {
            "path": ":spring-jdbc:compileTestFixturesJava",
            "outcome": "NO_SOURCE"
          },
          {
            "path": ":spring-jdbc:compileTestFixturesKotlin",
            "outcome": "NO_SOURCE"
          },
          {
            "path": ":spring-jdbc:compileTestJava",
            "outcome": "FROM_CACHE"
          },
          {
            "path": ":spring-jdbc:compileTestKotlin",
            "outcome": "FROM_CACHE"
          },
          {
            "path": ":spring-jdbc:jar",
            "outcome": "EXECUTED"
          },
          {
            "path": ":spring-jdbc:processResources",
            "outcome": "EXECUTED"
          },
          {
            "path": ":spring-jdbc:processTestFixturesResources",
            "outcome": "NO_SOURCE"
          },
          {
            "path": ":spring-jdbc:processTestResources",
            "outcome": "EXECUTED"
          },
          {
            "path": ":spring-jdbc:testClasses",
            "outcome": "EXECUTED"
          },
          {
            "path": ":spring-jdbc:testFixturesClasses",
            "outcome": "UP_TO_DATE"
          },
          {
            "path": ":spring-jdbc:testFixturesJar",
            "outcome": "EXECUTED"
          },
          {
            "path": ":spring-jms:compileJava",
            "outcome": "EXECUTED"
          },
          {
            "path": ":spring-jms:compileTestFixturesJava",
            "outcome": "NO_SOURCE"
          },
          {
            "path": ":spring-jms:compileTestJava",
            "outcome": "FROM_CACHE"
          },
          {
            "path": ":spring-jms:processTestResources",
            "outcome": "EXECUTED"
          },
          {
            "path": ":spring-jms:testClasses",
            "outcome": "EXECUTED"
          },
          {
            "path": ":spring-messaging:checkKotlinGradlePluginConfigurationErrors",
            "outcome": "SKIPPED"
          },
          {
            "path": ":spring-messaging:classes",
            "outcome": "EXECUTED"
          },
          {
            "path": ":spring-messaging:compileJava",
            "outcome": "FROM_CACHE"
          },
          {
            "path": ":spring-messaging:compileKotlin",
            "outcome": "FROM_CACHE"
          },
          {
            "path": ":spring-messaging:compileTestFixturesJava",
            "outcome": "NO_SOURCE"
          },
          {
            "path": ":spring-messaging:compileTestFixturesKotlin",
            "outcome": "NO_SOURCE"
          },
          {
            "path": ":spring-messaging:compileTestJava",
            "outcome": "FROM_CACHE"
          },
          {
            "path": ":spring-messaging:compileTestKotlin",
            "outcome": "FROM_CACHE"
          },
          {
            "path": ":spring-messaging:jar",
            "outcome": "EXECUTED"
          },
          {
            "path": ":spring-messaging:processResources",
            "outcome": "EXECUTED"
          },
          {
            "path": ":spring-messaging:processTestFixturesResources",
            "outcome": "NO_SOURCE"
          },
          {
            "path": ":spring-messaging:processTestResources",
            "outcome": "EXECUTED"
          },
          {
            "path": ":spring-messaging:testClasses",
            "outcome": "EXECUTED"
          },
          {
            "path": ":spring-messaging:testFixturesClasses",
            "outcome": "UP_TO_DATE"
          },
          {
            "path": ":spring-messaging:testFixturesJar",
            "outcome": "EXECUTED"
          },
          {
            "path": ":spring-orm:compileJava",
            "outcome": "FROM_CACHE"
          },
          {
            "path": ":spring-orm:compileTestFixturesJava",
            "outcome": "NO_SOURCE"
          },
          {
            "path": ":spring-orm:compileTestJava",
            "outcome": "FROM_CACHE"
          },
          {
            "path": ":spring-orm:processTestResources",
            "outcome": "EXECUTED"
          },
          {
            "path": ":spring-orm:testClasses",
            "outcome": "EXECUTED"
          },
          {
            "path": ":spring-oxm:compileJava",
            "outcome": "FROM_CACHE"
          },
          {
            "path": ":spring-oxm:compileTestFixturesJava",
            "outcome": "NO_SOURCE"
          },
          {
            "path": ":spring-oxm:compileTestJava",
            "outcome": "FROM_CACHE"
          },
          {
            "path": ":spring-oxm:processTestResources",
            "outcome": "EXECUTED"
          },
          {
            "path": ":spring-oxm:testClasses",
            "outcome": "EXECUTED"
          },
          {
            "path": ":spring-oxm:xjc",
            "outcome": "FROM_CACHE"
          },
          {
            "path": ":spring-r2dbc:checkKotlinGradlePluginConfigurationErrors",
            "outcome": "SKIPPED"
          },
          {
            "path": ":spring-r2dbc:classes",
            "outcome": "EXECUTED"
          },
          {
            "path": ":spring-r2dbc:compileJava",
            "outcome": "FROM_CACHE"
          },
          {
            "path": ":spring-r2dbc:compileKotlin",
            "outcome": "FROM_CACHE"
          },
          {
            "path": ":spring-r2dbc:compileTestFixturesJava",
            "outcome": "NO_SOURCE"
          },
          {
            "path": ":spring-r2dbc:compileTestFixturesKotlin",
            "outcome": "NO_SOURCE"
          },
          {
            "path": ":spring-r2dbc:compileTestJava",
            "outcome": "FROM_CACHE"
          },
          {
            "path": ":spring-r2dbc:compileTestKotlin",
            "outcome": "FROM_CACHE"
          },
          {
            "path": ":spring-r2dbc:jar",
            "outcome": "EXECUTED"
          },
          {
            "path": ":spring-r2dbc:processResources",
            "outcome": "EXECUTED"
          },
          {
            "path": ":spring-r2dbc:processTestFixturesResources",
            "outcome": "NO_SOURCE"
          },
          {
            "path": ":spring-r2dbc:processTestResources",
            "outcome": "EXECUTED"
          },
          {
            "path": ":spring-r2dbc:testClasses",
            "outcome": "EXECUTED"
          },
          {
            "path": ":spring-r2dbc:testFixturesClasses",
            "outcome": "UP_TO_DATE"
          },
          {
            "path": ":spring-r2dbc:testFixturesJar",
            "outcome": "EXECUTED"
          },
          {
            "path": ":spring-test:checkKotlinGradlePluginConfigurationErrors",
            "outcome": "SKIPPED"
          },
          {
            "path": ":spring-test:classes",
            "outcome": "EXECUTED"
          },
          {
            "path": ":spring-test:compileJava",
            "outcome": "FROM_CACHE"
          },
          {
            "path": ":spring-test:compileKotlin",
            "outcome": "FROM_CACHE"
          },
          {
            "path": ":spring-test:compileTestFixturesJava",
            "outcome": "NO_SOURCE"
          },
          {
            "path": ":spring-test:compileTestFixturesKotlin",
            "outcome": "NO_SOURCE"
          },
          {
            "path": ":spring-test:compileTestJava",
            "outcome": "FROM_CACHE"
          },
          {
            "path": ":spring-test:compileTestKotlin",
            "outcome": "FROM_CACHE"
          },
          {
            "path": ":spring-test:jar",
            "outcome": "EXECUTED"
          },
          {
            "path": ":spring-test:processResources",
            "outcome": "EXECUTED"
          },
          {
            "path": ":spring-test:processTestFixturesResources",
            "outcome": "NO_SOURCE"
          },
          {
            "path": ":spring-test:processTestResources",
            "outcome": "EXECUTED"
          },
          {
            "path": ":spring-test:testClasses",
            "outcome": "EXECUTED"
          },
          {
            "path": ":spring-test:testFixturesClasses",
            "outcome": "UP_TO_DATE"
          },
          {
            "path": ":spring-test:testFixturesJar",
            "outcome": "EXECUTED"
          },
          {
            "path": ":spring-tx:checkKotlinGradlePluginConfigurationErrors",
            "outcome": "SKIPPED"
          },
          {
            "path": ":spring-tx:classes",
            "outcome": "EXECUTED"
          },
          {
            "path": ":spring-tx:compileJava",
            "outcome": "FROM_CACHE"
          },
          {
            "path": ":spring-tx:compileKotlin",
            "outcome": "FROM_CACHE"
          },
          {
            "path": ":spring-tx:compileTestFixturesJava",
            "outcome": "FROM_CACHE"
          },
          {
            "path": ":spring-tx:compileTestFixturesKotlin",
            "outcome": "NO_SOURCE"
          },
          {
            "path": ":spring-tx:compileTestJava",
            "outcome": "FROM_CACHE"
          },
          {
            "path": ":spring-tx:compileTestKotlin",
            "outcome": "FROM_CACHE"
          },
          {
            "path": ":spring-tx:jar",
            "outcome": "EXECUTED"
          },
          {
            "path": ":spring-tx:processResources",
            "outcome": "EXECUTED"
          },
          {
            "path": ":spring-tx:processTestFixturesResources",
            "outcome": "NO_SOURCE"
          },
          {
            "path": ":spring-tx:processTestResources",
            "outcome": "EXECUTED"
          },
          {
            "path": ":spring-tx:testClasses",
            "outcome": "EXECUTED"
          },
          {
            "path": ":spring-tx:testFixturesClasses",
            "outcome": "UP_TO_DATE"
          },
          {
            "path": ":spring-tx:testFixturesJar",
            "outcome": "EXECUTED"
          },
          {
            "path": ":spring-web:checkKotlinGradlePluginConfigurationErrors",
            "outcome": "SKIPPED"
          },
          {
            "path": ":spring-web:classes",
            "outcome": "EXECUTED"
          },
          {
            "path": ":spring-web:compileJava",
            "outcome": "FROM_CACHE"
          },
          {
            "path": ":spring-web:compileKotlin",
            "outcome": "FROM_CACHE"
          },
          {
            "path": ":spring-web:compileTestFixturesJava",
            "outcome": "FROM_CACHE"
          },
          {
            "path": ":spring-web:compileTestFixturesKotlin",
            "outcome": "NO_SOURCE"
          },
          {
            "path": ":spring-web:compileTestJava",
            "outcome": "FROM_CACHE"
          },
          {
            "path": ":spring-web:compileTestKotlin",
            "outcome": "FROM_CACHE"
          },
          {
            "path": ":spring-web:jar",
            "outcome": "EXECUTED"
          },
          {
            "path": ":spring-web:processResources",
            "outcome": "EXECUTED"
          },
          {
            "path": ":spring-web:processTestFixturesResources",
            "outcome": "EXECUTED"
          },
          {
            "path": ":spring-web:processTestResources",
            "outcome": "EXECUTED"
          },
          {
            "path": ":spring-web:testClasses",
            "outcome": "EXECUTED"
          },
          {
            "path": ":spring-web:testFixturesClasses",
            "outcome": "EXECUTED"
          },
          {
            "path": ":spring-web:testFixturesJar",
            "outcome": "EXECUTED"
          },
          {
            "path": ":spring-webflux:checkKotlinGradlePluginConfigurationErrors",
            "outcome": "SKIPPED"
          },
          {
            "path": ":spring-webflux:classes",
            "outcome": "EXECUTED"
          },
          {
            "path": ":spring-webflux:compileJava",
            "outcome": "FROM_CACHE"
          },
          {
            "path": ":spring-webflux:compileKotlin",
            "outcome": "FROM_CACHE"
          },
          {
            "path": ":spring-webflux:compileTestFixturesJava",
            "outcome": "NO_SOURCE"
          },
          {
            "path": ":spring-webflux:compileTestFixturesKotlin",
            "outcome": "NO_SOURCE"
          },
          {
            "path": ":spring-webflux:compileTestJava",
            "outcome": "FROM_CACHE"
          },
          {
            "path": ":spring-webflux:compileTestKotlin",
            "outcome": "FROM_CACHE"
          },
          {
            "path": ":spring-webflux:jar",
            "outcome": "EXECUTED"
          },
          {
            "path": ":spring-webflux:processResources",
            "outcome": "EXECUTED"
          },
          {
            "path": ":spring-webflux:processTestFixturesResources",
            "outcome": "NO_SOURCE"
          },
          {
            "path": ":spring-webflux:processTestResources",
            "outcome": "EXECUTED"
          },
          {
            "path": ":spring-webflux:testClasses",
            "outcome": "EXECUTED"
          },
          {
            "path": ":spring-webflux:testFixturesClasses",
            "outcome": "UP_TO_DATE"
          },
          {
            "path": ":spring-webflux:testFixturesJar",
            "outcome": "EXECUTED"
          },
          {
            "path": ":spring-webmvc:checkKotlinGradlePluginConfigurationErrors",
            "outcome": "SKIPPED"
          },
          {
            "path": ":spring-webmvc:classes",
            "outcome": "EXECUTED"
          },
          {
            "path": ":spring-webmvc:compileJava",
            "outcome": "FROM_CACHE"
          },
          {
            "path": ":spring-webmvc:compileKotlin",
            "outcome": "FROM_CACHE"
          },
          {
            "path": ":spring-webmvc:compileTestFixturesJava",
            "outcome": "NO_SOURCE"
          },
          {
            "path": ":spring-webmvc:compileTestFixturesKotlin",
            "outcome": "NO_SOURCE"
          },
          {
            "path": ":spring-webmvc:compileTestJava",
            "outcome": "FROM_CACHE"
          },
          {
            "path": ":spring-webmvc:compileTestKotlin",
            "outcome": "FROM_CACHE"
          },
          {
            "path": ":spring-webmvc:jar",
            "outcome": "EXECUTED"
          },
          {
            "path": ":spring-webmvc:processResources",
            "outcome": "EXECUTED"
          },
          {
            "path": ":spring-webmvc:processTestFixturesResources",
            "outcome": "NO_SOURCE"
          },
          {
            "path": ":spring-webmvc:processTestResources",
            "outcome": "EXECUTED"
          },
          {
            "path": ":spring-webmvc:testClasses",
            "outcome": "EXECUTED"
          },
          {
            "path": ":spring-webmvc:testFixturesClasses",
            "outcome": "UP_TO_DATE"
          },
          {
            "path": ":spring-webmvc:testFixturesJar",
            "outcome": "EXECUTED"
          },
          {
            "path": ":spring-websocket:compileJava",
            "outcome": "FROM_CACHE"
          },
          {
            "path": ":spring-websocket:compileTestFixturesJava",
            "outcome": "NO_SOURCE"
          },
          {
            "path": ":spring-websocket:compileTestJava",
            "outcome": "FROM_CACHE"
          },
          {
            "path": ":spring-websocket:processTestResources",
            "outcome": "EXECUTED"
          },
          {
            "path": ":spring-websocket:testClasses",
            "outcome": "EXECUTED"
          },
          {
            "path": ":testClasses",
            "outcome": "UP_TO_DATE"
          }
        ]
      },
      "candidateTaskOutcomes": {
        "total": 56,
        "executed": 14,
        "fromCache": 26,
        "upToDate": 2,
        "noSource": 7,
        "skipped": 7,
        "fingerprintSha256": "af08640256e4ce968a02546a34fd5e7b170359e73fd1255332a0b813d6a2b3f6",
        "tasks": [
          {
            "path": ":buildSrc:check",
            "outcome": "UP_TO_DATE"
          },
          {
            "path": ":buildSrc:checkstyleMain",
            "outcome": "FROM_CACHE"
          },
          {
            "path": ":buildSrc:checkstyleTest",
            "outcome": "FROM_CACHE"
          },
          {
            "path": ":buildSrc:classes",
            "outcome": "EXECUTED"
          },
          {
            "path": ":buildSrc:compileGroovy",
            "outcome": "NO_SOURCE"
          },
          {
            "path": ":buildSrc:compileJava",
            "outcome": "FROM_CACHE"
          },
          {
            "path": ":buildSrc:compileTestGroovy",
            "outcome": "NO_SOURCE"
          },
          {
            "path": ":buildSrc:compileTestJava",
            "outcome": "FROM_CACHE"
          },
          {
            "path": ":buildSrc:jar",
            "outcome": "EXECUTED"
          },
          {
            "path": ":buildSrc:pluginDescriptors",
            "outcome": "EXECUTED"
          },
          {
            "path": ":buildSrc:pluginUnderTestMetadata",
            "outcome": "EXECUTED"
          },
          {
            "path": ":buildSrc:processResources",
            "outcome": "EXECUTED"
          },
          {
            "path": ":buildSrc:processTestResources",
            "outcome": "NO_SOURCE"
          },
          {
            "path": ":buildSrc:test",
            "outcome": "FROM_CACHE"
          },
          {
            "path": ":buildSrc:testClasses",
            "outcome": "UP_TO_DATE"
          },
          {
            "path": ":buildSrc:validatePlugins",
            "outcome": "FROM_CACHE"
          },
          {
            "path": ":spring-aop:checkKotlinGradlePluginConfigurationErrors",
            "outcome": "SKIPPED"
          },
          {
            "path": ":spring-aop:compileJava",
            "outcome": "FROM_CACHE"
          },
          {
            "path": ":spring-aop:compileKotlin",
            "outcome": "NO_SOURCE"
          },
          {
            "path": ":spring-beans:checkKotlinGradlePluginConfigurationErrors",
            "outcome": "SKIPPED"
          },
          {
            "path": ":spring-beans:classes",
            "outcome": "EXECUTED"
          },
          {
            "path": ":spring-beans:compileJava",
            "outcome": "FROM_CACHE"
          },
          {
            "path": ":spring-beans:compileKotlin",
            "outcome": "FROM_CACHE"
          },
          {
            "path": ":spring-beans:compileTestFixturesJava",
            "outcome": "FROM_CACHE"
          },
          {
            "path": ":spring-beans:compileTestFixturesKotlin",
            "outcome": "FROM_CACHE"
          },
          {
            "path": ":spring-beans:jar",
            "outcome": "EXECUTED"
          },
          {
            "path": ":spring-beans:processResources",
            "outcome": "EXECUTED"
          },
          {
            "path": ":spring-context:checkKotlinGradlePluginConfigurationErrors",
            "outcome": "SKIPPED"
          },
          {
            "path": ":spring-context:compileJava",
            "outcome": "FROM_CACHE"
          },
          {
            "path": ":spring-context:compileKotlin",
            "outcome": "FROM_CACHE"
          },
          {
            "path": ":spring-core:checkKotlinGradlePluginConfigurationErrors",
            "outcome": "SKIPPED"
          },
          {
            "path": ":spring-core:compileJava",
            "outcome": "FROM_CACHE"
          },
          {
            "path": ":spring-core:compileKotlin",
            "outcome": "FROM_CACHE"
          },
          {
            "path": ":spring-core:javapoetRepackJar",
            "outcome": "FROM_CACHE"
          },
          {
            "path": ":spring-core:objenesisRepackJar",
            "outcome": "FROM_CACHE"
          },
          {
            "path": ":spring-expression:checkKotlinGradlePluginConfigurationErrors",
            "outcome": "SKIPPED"
          },
          {
            "path": ":spring-expression:compileJava",
            "outcome": "FROM_CACHE"
          },
          {
            "path": ":spring-expression:compileKotlin",
            "outcome": "NO_SOURCE"
          },
          {
            "path": ":spring-instrument:compileJava",
            "outcome": "FROM_CACHE"
          },
          {
            "path": ":spring-jms:compileJava",
            "outcome": "EXECUTED"
          },
          {
            "path": ":spring-jms:compileTestFixturesJava",
            "outcome": "NO_SOURCE"
          },
          {
            "path": ":spring-jms:compileTestJava",
            "outcome": "FROM_CACHE"
          },
          {
            "path": ":spring-jms:processTestResources",
            "outcome": "EXECUTED"
          },
          {
            "path": ":spring-jms:testClasses",
            "outcome": "EXECUTED"
          },
          {
            "path": ":spring-messaging:checkKotlinGradlePluginConfigurationErrors",
            "outcome": "SKIPPED"
          },
          {
            "path": ":spring-messaging:compileJava",
            "outcome": "FROM_CACHE"
          },
          {
            "path": ":spring-messaging:compileKotlin",
            "outcome": "FROM_CACHE"
          },
          {
            "path": ":spring-oxm:compileJava",
            "outcome": "FROM_CACHE"
          },
          {
            "path": ":spring-tx:checkKotlinGradlePluginConfigurationErrors",
            "outcome": "SKIPPED"
          },
          {
            "path": ":spring-tx:classes",
            "outcome": "EXECUTED"
          },
          {
            "path": ":spring-tx:compileJava",
            "outcome": "FROM_CACHE"
          },
          {
            "path": ":spring-tx:compileKotlin",
            "outcome": "FROM_CACHE"
          },
          {
            "path": ":spring-tx:compileTestFixturesJava",
            "outcome": "FROM_CACHE"
          },
          {
            "path": ":spring-tx:compileTestFixturesKotlin",
            "outcome": "NO_SOURCE"
          },
          {
            "path": ":spring-tx:jar",
            "outcome": "EXECUTED"
          },
          {
            "path": ":spring-tx:processResources",
            "outcome": "EXECUTED"
          }
        ]
      },
      "controlHostPressure": {
        "available": true,
        "cpuSomeTotalUs": 235303,
        "memorySomeTotalUs": 0,
        "memoryFullTotalUs": 0,
        "ioSomeTotalUs": 8654926,
        "ioFullTotalUs": 5295109
      },
      "candidateHostPressure": {
        "available": true,
        "cpuSomeTotalUs": 58937,
        "memorySomeTotalUs": 0,
        "memoryFullTotalUs": 0,
        "ioSomeTotalUs": 9603445,
        "ioFullTotalUs": 7594659
      }
    },
    {
      "pair": 3,
      "order": "CONTROL_FIRST",
      "controlDurationMs": 15006,
      "candidateDurationMs": 12746,
      "savedMs": 2260,
      "controlRequiredOutputSha256": "c1de7856f3bfbec061af1a6a147e489da0bd960aca43bf326e51372c2ca5d629",
      "candidateRequiredOutputSha256": "c1de7856f3bfbec061af1a6a147e489da0bd960aca43bf326e51372c2ca5d629",
      "requiredOutputCount": 378,
      "productAttributableFailure": false,
      "controlLogSha256": "98de04694427aa37b30e4f60a41c8eadf83be512c88430a97acbea792875a754",
      "candidateLogSha256": "a50107334163fe98607c1f64ab683b8e2fec98a041a7011231d6fe99c68f0a13",
      "controlTaskOutcomes": {
        "total": 305,
        "executed": 109,
        "fromCache": 89,
        "upToDate": 23,
        "noSource": 65,
        "skipped": 19,
        "fingerprintSha256": "85399d45cd2d3615162148545d5babb68fb708dbdd29a2e2991b8e65724ce6a7",
        "tasks": [
          {
            "path": ":buildSrc:check",
            "outcome": "UP_TO_DATE"
          },
          {
            "path": ":buildSrc:checkstyleMain",
            "outcome": "FROM_CACHE"
          },
          {
            "path": ":buildSrc:checkstyleTest",
            "outcome": "FROM_CACHE"
          },
          {
            "path": ":buildSrc:classes",
            "outcome": "EXECUTED"
          },
          {
            "path": ":buildSrc:compileGroovy",
            "outcome": "NO_SOURCE"
          },
          {
            "path": ":buildSrc:compileJava",
            "outcome": "FROM_CACHE"
          },
          {
            "path": ":buildSrc:compileTestGroovy",
            "outcome": "NO_SOURCE"
          },
          {
            "path": ":buildSrc:compileTestJava",
            "outcome": "FROM_CACHE"
          },
          {
            "path": ":buildSrc:jar",
            "outcome": "EXECUTED"
          },
          {
            "path": ":buildSrc:pluginDescriptors",
            "outcome": "EXECUTED"
          },
          {
            "path": ":buildSrc:pluginUnderTestMetadata",
            "outcome": "EXECUTED"
          },
          {
            "path": ":buildSrc:processResources",
            "outcome": "EXECUTED"
          },
          {
            "path": ":buildSrc:processTestResources",
            "outcome": "NO_SOURCE"
          },
          {
            "path": ":buildSrc:test",
            "outcome": "FROM_CACHE"
          },
          {
            "path": ":buildSrc:testClasses",
            "outcome": "UP_TO_DATE"
          },
          {
            "path": ":buildSrc:validatePlugins",
            "outcome": "FROM_CACHE"
          },
          {
            "path": ":classes",
            "outcome": "UP_TO_DATE"
          },
          {
            "path": ":compileJava",
            "outcome": "NO_SOURCE"
          },
          {
            "path": ":compileTestFixturesJava",
            "outcome": "NO_SOURCE"
          },
          {
            "path": ":compileTestJava",
            "outcome": "NO_SOURCE"
          },
          {
            "path": ":framework-docs:checkKotlinGradlePluginConfigurationErrors",
            "outcome": "SKIPPED"
          },
          {
            "path": ":framework-docs:classes",
            "outcome": "EXECUTED"
          },
          {
            "path": ":framework-docs:compileJava",
            "outcome": "FROM_CACHE"
          },
          {
            "path": ":framework-docs:compileKotlin",
            "outcome": "FROM_CACHE"
          },
          {
            "path": ":framework-docs:compileTestJava",
            "outcome": "NO_SOURCE"
          },
          {
            "path": ":framework-docs:compileTestKotlin",
            "outcome": "NO_SOURCE"
          },
          {
            "path": ":framework-docs:jar",
            "outcome": "SKIPPED"
          },
          {
            "path": ":framework-docs:processResources",
            "outcome": "EXECUTED"
          },
          {
            "path": ":framework-docs:processTestResources",
            "outcome": "NO_SOURCE"
          },
          {
            "path": ":framework-docs:testClasses",
            "outcome": "UP_TO_DATE"
          },
          {
            "path": ":integration-tests:checkKotlinGradlePluginConfigurationErrors",
            "outcome": "SKIPPED"
          },
          {
            "path": ":integration-tests:classes",
            "outcome": "UP_TO_DATE"
          },
          {
            "path": ":integration-tests:compileJava",
            "outcome": "NO_SOURCE"
          },
          {
            "path": ":integration-tests:compileKotlin",
            "outcome": "NO_SOURCE"
          },
          {
            "path": ":integration-tests:compileTestFixturesJava",
            "outcome": "NO_SOURCE"
          },
          {
            "path": ":integration-tests:compileTestFixturesKotlin",
            "outcome": "NO_SOURCE"
          },
          {
            "path": ":integration-tests:compileTestJava",
            "outcome": "FROM_CACHE"
          },
          {
            "path": ":integration-tests:compileTestKotlin",
            "outcome": "FROM_CACHE"
          },
          {
            "path": ":integration-tests:jar",
            "outcome": "EXECUTED"
          },
          {
            "path": ":integration-tests:processResources",
            "outcome": "NO_SOURCE"
          },
          {
            "path": ":integration-tests:processTestFixturesResources",
            "outcome": "NO_SOURCE"
          },
          {
            "path": ":integration-tests:processTestResources",
            "outcome": "EXECUTED"
          },
          {
            "path": ":integration-tests:testClasses",
            "outcome": "EXECUTED"
          },
          {
            "path": ":integration-tests:testFixturesClasses",
            "outcome": "UP_TO_DATE"
          },
          {
            "path": ":integration-tests:testFixturesJar",
            "outcome": "EXECUTED"
          },
          {
            "path": ":jar",
            "outcome": "EXECUTED"
          },
          {
            "path": ":processResources",
            "outcome": "NO_SOURCE"
          },
          {
            "path": ":processTestResources",
            "outcome": "NO_SOURCE"
          },
          {
            "path": ":spring-aop:checkKotlinGradlePluginConfigurationErrors",
            "outcome": "SKIPPED"
          },
          {
            "path": ":spring-aop:classes",
            "outcome": "EXECUTED"
          },
          {
            "path": ":spring-aop:compileJava",
            "outcome": "FROM_CACHE"
          },
          {
            "path": ":spring-aop:compileKotlin",
            "outcome": "NO_SOURCE"
          },
          {
            "path": ":spring-aop:compileTestFixturesJava",
            "outcome": "FROM_CACHE"
          },
          {
            "path": ":spring-aop:compileTestFixturesKotlin",
            "outcome": "NO_SOURCE"
          },
          {
            "path": ":spring-aop:compileTestJava",
            "outcome": "FROM_CACHE"
          },
          {
            "path": ":spring-aop:compileTestKotlin",
            "outcome": "FROM_CACHE"
          },
          {
            "path": ":spring-aop:jar",
            "outcome": "EXECUTED"
          },
          {
            "path": ":spring-aop:processResources",
            "outcome": "EXECUTED"
          },
          {
            "path": ":spring-aop:processTestFixturesResources",
            "outcome": "NO_SOURCE"
          },
          {
            "path": ":spring-aop:processTestResources",
            "outcome": "EXECUTED"
          },
          {
            "path": ":spring-aop:testClasses",
            "outcome": "EXECUTED"
          },
          {
            "path": ":spring-aop:testFixturesClasses",
            "outcome": "UP_TO_DATE"
          },
          {
            "path": ":spring-aop:testFixturesJar",
            "outcome": "EXECUTED"
          },
          {
            "path": ":spring-aspects:classes",
            "outcome": "EXECUTED"
          },
          {
            "path": ":spring-aspects:compileAspectj",
            "outcome": "FROM_CACHE"
          },
          {
            "path": ":spring-aspects:compileJava",
            "outcome": "SKIPPED"
          },
          {
            "path": ":spring-aspects:compileTestAspectj",
            "outcome": "FROM_CACHE"
          },
          {
            "path": ":spring-aspects:compileTestFixturesAspectj",
            "outcome": "NO_SOURCE"
          },
          {
            "path": ":spring-aspects:compileTestFixturesJava",
            "outcome": "SKIPPED"
          },
          {
            "path": ":spring-aspects:compileTestJava",
            "outcome": "SKIPPED"
          },
          {
            "path": ":spring-aspects:processResources",
            "outcome": "EXECUTED"
          },
          {
            "path": ":spring-aspects:processTestResources",
            "outcome": "EXECUTED"
          },
          {
            "path": ":spring-aspects:testClasses",
            "outcome": "EXECUTED"
          },
          {
            "path": ":spring-beans:checkKotlinGradlePluginConfigurationErrors",
            "outcome": "SKIPPED"
          },
          {
            "path": ":spring-beans:classes",
            "outcome": "EXECUTED"
          },
          {
            "path": ":spring-beans:compileJava",
            "outcome": "FROM_CACHE"
          },
          {
            "path": ":spring-beans:compileKotlin",
            "outcome": "FROM_CACHE"
          },
          {
            "path": ":spring-beans:compileTestFixturesJava",
            "outcome": "FROM_CACHE"
          },
          {
            "path": ":spring-beans:compileTestFixturesKotlin",
            "outcome": "FROM_CACHE"
          },
          {
            "path": ":spring-beans:compileTestJava",
            "outcome": "FROM_CACHE"
          },
          {
            "path": ":spring-beans:compileTestKotlin",
            "outcome": "FROM_CACHE"
          },
          {
            "path": ":spring-beans:jar",
            "outcome": "EXECUTED"
          },
          {
            "path": ":spring-beans:processResources",
            "outcome": "EXECUTED"
          },
          {
            "path": ":spring-beans:processTestFixturesResources",
            "outcome": "EXECUTED"
          },
          {
            "path": ":spring-beans:processTestResources",
            "outcome": "EXECUTED"
          },
          {
            "path": ":spring-beans:testClasses",
            "outcome": "EXECUTED"
          },
          {
            "path": ":spring-beans:testFixturesClasses",
            "outcome": "EXECUTED"
          },
          {
            "path": ":spring-beans:testFixturesJar",
            "outcome": "EXECUTED"
          },
          {
            "path": ":spring-context-indexer:compileJava",
            "outcome": "FROM_CACHE"
          },
          {
            "path": ":spring-context-indexer:compileTestFixturesJava",
            "outcome": "NO_SOURCE"
          },
          {
            "path": ":spring-context-indexer:compileTestJava",
            "outcome": "FROM_CACHE"
          },
          {
            "path": ":spring-context-indexer:processTestResources",
            "outcome": "NO_SOURCE"
          },
          {
            "path": ":spring-context-indexer:testClasses",
            "outcome": "UP_TO_DATE"
          },
          {
            "path": ":spring-context-support:compileJava",
            "outcome": "FROM_CACHE"
          },
          {
            "path": ":spring-context-support:compileTestFixturesJava",
            "outcome": "FROM_CACHE"
          },
          {
            "path": ":spring-context-support:compileTestJava",
            "outcome": "FROM_CACHE"
          },
          {
            "path": ":spring-context-support:processTestResources",
            "outcome": "EXECUTED"
          },
          {
            "path": ":spring-context-support:testClasses",
            "outcome": "EXECUTED"
          },
          {
            "path": ":spring-context:checkKotlinGradlePluginConfigurationErrors",
            "outcome": "SKIPPED"
          },
          {
            "path": ":spring-context:classes",
            "outcome": "EXECUTED"
          },
          {
            "path": ":spring-context:compileJava",
            "outcome": "FROM_CACHE"
          },
          {
            "path": ":spring-context:compileKotlin",
            "outcome": "FROM_CACHE"
          },
          {
            "path": ":spring-context:compileTestFixturesJava",
            "outcome": "FROM_CACHE"
          },
          {
            "path": ":spring-context:compileTestFixturesKotlin",
            "outcome": "NO_SOURCE"
          },
          {
            "path": ":spring-context:compileTestJava",
            "outcome": "FROM_CACHE"
          },
          {
            "path": ":spring-context:compileTestKotlin",
            "outcome": "FROM_CACHE"
          },
          {
            "path": ":spring-context:jar",
            "outcome": "EXECUTED"
          },
          {
            "path": ":spring-context:processResources",
            "outcome": "EXECUTED"
          },
          {
            "path": ":spring-context:processTestFixturesResources",
            "outcome": "NO_SOURCE"
          },
          {
            "path": ":spring-context:processTestResources",
            "outcome": "EXECUTED"
          },
          {
            "path": ":spring-context:testClasses",
            "outcome": "EXECUTED"
          },
          {
            "path": ":spring-context:testFixturesClasses",
            "outcome": "UP_TO_DATE"
          },
          {
            "path": ":spring-context:testFixturesJar",
            "outcome": "EXECUTED"
          },
          {
            "path": ":spring-core-test:compileJava",
            "outcome": "FROM_CACHE"
          },
          {
            "path": ":spring-core-test:compileTestFixturesJava",
            "outcome": "NO_SOURCE"
          },
          {
            "path": ":spring-core-test:compileTestJava",
            "outcome": "FROM_CACHE"
          },
          {
            "path": ":spring-core-test:processTestResources",
            "outcome": "EXECUTED"
          },
          {
            "path": ":spring-core-test:testClasses",
            "outcome": "EXECUTED"
          },
          {
            "path": ":spring-core:checkKotlinGradlePluginConfigurationErrors",
            "outcome": "SKIPPED"
          },
          {
            "path": ":spring-core:classes",
            "outcome": "EXECUTED"
          },
          {
            "path": ":spring-core:compileJava",
            "outcome": "FROM_CACHE"
          },
          {
            "path": ":spring-core:compileJava21Java",
            "outcome": "FROM_CACHE"
          },
          {
            "path": ":spring-core:compileJava21Kotlin",
            "outcome": "NO_SOURCE"
          },
          {
            "path": ":spring-core:compileJava24Java",
            "outcome": "FROM_CACHE"
          },
          {
            "path": ":spring-core:compileJava24Kotlin",
            "outcome": "NO_SOURCE"
          },
          {
            "path": ":spring-core:compileKotlin",
            "outcome": "FROM_CACHE"
          },
          {
            "path": ":spring-core:compileTestFixturesJava",
            "outcome": "FROM_CACHE"
          },
          {
            "path": ":spring-core:compileTestFixturesKotlin",
            "outcome": "NO_SOURCE"
          },
          {
            "path": ":spring-core:compileTestJava",
            "outcome": "FROM_CACHE"
          },
          {
            "path": ":spring-core:compileTestKotlin",
            "outcome": "FROM_CACHE"
          },
          {
            "path": ":spring-core:jar",
            "outcome": "EXECUTED"
          },
          {
            "path": ":spring-core:java21Classes",
            "outcome": "UP_TO_DATE"
          },
          {
            "path": ":spring-core:java24Classes",
            "outcome": "UP_TO_DATE"
          },
          {
            "path": ":spring-core:javapoetRepackJar",
            "outcome": "FROM_CACHE"
          },
          {
            "path": ":spring-core:objenesisRepackJar",
            "outcome": "FROM_CACHE"
          },
          {
            "path": ":spring-core:processJava21Resources",
            "outcome": "NO_SOURCE"
          },
          {
            "path": ":spring-core:processJava24Resources",
            "outcome": "NO_SOURCE"
          },
          {
            "path": ":spring-core:processResources",
            "outcome": "EXECUTED"
          },
          {
            "path": ":spring-core:processTestFixturesResources",
            "outcome": "NO_SOURCE"
          },
          {
            "path": ":spring-core:processTestResources",
            "outcome": "EXECUTED"
          },
          {
            "path": ":spring-core:testClasses",
            "outcome": "EXECUTED"
          },
          {
            "path": ":spring-core:testFixturesClasses",
            "outcome": "UP_TO_DATE"
          },
          {
            "path": ":spring-core:testFixturesJar",
            "outcome": "EXECUTED"
          },
          {
            "path": ":spring-expression:checkKotlinGradlePluginConfigurationErrors",
            "outcome": "SKIPPED"
          },
          {
            "path": ":spring-expression:classes",
            "outcome": "UP_TO_DATE"
          },
          {
            "path": ":spring-expression:compileJava",
            "outcome": "FROM_CACHE"
          },
          {
            "path": ":spring-expression:compileKotlin",
            "outcome": "NO_SOURCE"
          },
          {
            "path": ":spring-expression:compileTestFixturesJava",
            "outcome": "NO_SOURCE"
          },
          {
            "path": ":spring-expression:compileTestFixturesKotlin",
            "outcome": "NO_SOURCE"
          },
          {
            "path": ":spring-expression:compileTestJava",
            "outcome": "FROM_CACHE"
          },
          {
            "path": ":spring-expression:compileTestKotlin",
            "outcome": "FROM_CACHE"
          },
          {
            "path": ":spring-expression:jar",
            "outcome": "EXECUTED"
          },
          {
            "path": ":spring-expression:processResources",
            "outcome": "NO_SOURCE"
          },
          {
            "path": ":spring-expression:processTestFixturesResources",
            "outcome": "NO_SOURCE"
          },
          {
            "path": ":spring-expression:processTestResources",
            "outcome": "EXECUTED"
          },
          {
            "path": ":spring-expression:testClasses",
            "outcome": "EXECUTED"
          },
          {
            "path": ":spring-expression:testFixturesClasses",
            "outcome": "UP_TO_DATE"
          },
          {
            "path": ":spring-expression:testFixturesJar",
            "outcome": "EXECUTED"
          },
          {
            "path": ":spring-instrument:compileJava",
            "outcome": "FROM_CACHE"
          },
          {
            "path": ":spring-instrument:compileTestFixturesJava",
            "outcome": "NO_SOURCE"
          },
          {
            "path": ":spring-instrument:compileTestJava",
            "outcome": "NO_SOURCE"
          },
          {
            "path": ":spring-instrument:processTestResources",
            "outcome": "NO_SOURCE"
          },
          {
            "path": ":spring-instrument:testClasses",
            "outcome": "UP_TO_DATE"
          },
          {
            "path": ":spring-jdbc:checkKotlinGradlePluginConfigurationErrors",
            "outcome": "SKIPPED"
          },
          {
            "path": ":spring-jdbc:classes",
            "outcome": "EXECUTED"
          },
          {
            "path": ":spring-jdbc:compileJava",
            "outcome": "FROM_CACHE"
          },
          {
            "path": ":spring-jdbc:compileKotlin",
            "outcome": "FROM_CACHE"
          },
          {
            "path": ":spring-jdbc:compileTestFixturesJava",
            "outcome": "NO_SOURCE"
          },
          {
            "path": ":spring-jdbc:compileTestFixturesKotlin",
            "outcome": "NO_SOURCE"
          },
          {
            "path": ":spring-jdbc:compileTestJava",
            "outcome": "FROM_CACHE"
          },
          {
            "path": ":spring-jdbc:compileTestKotlin",
            "outcome": "FROM_CACHE"
          },
          {
            "path": ":spring-jdbc:jar",
            "outcome": "EXECUTED"
          },
          {
            "path": ":spring-jdbc:processResources",
            "outcome": "EXECUTED"
          },
          {
            "path": ":spring-jdbc:processTestFixturesResources",
            "outcome": "NO_SOURCE"
          },
          {
            "path": ":spring-jdbc:processTestResources",
            "outcome": "EXECUTED"
          },
          {
            "path": ":spring-jdbc:testClasses",
            "outcome": "EXECUTED"
          },
          {
            "path": ":spring-jdbc:testFixturesClasses",
            "outcome": "UP_TO_DATE"
          },
          {
            "path": ":spring-jdbc:testFixturesJar",
            "outcome": "EXECUTED"
          },
          {
            "path": ":spring-jms:compileJava",
            "outcome": "EXECUTED"
          },
          {
            "path": ":spring-jms:compileTestFixturesJava",
            "outcome": "NO_SOURCE"
          },
          {
            "path": ":spring-jms:compileTestJava",
            "outcome": "FROM_CACHE"
          },
          {
            "path": ":spring-jms:processTestResources",
            "outcome": "EXECUTED"
          },
          {
            "path": ":spring-jms:testClasses",
            "outcome": "EXECUTED"
          },
          {
            "path": ":spring-messaging:checkKotlinGradlePluginConfigurationErrors",
            "outcome": "SKIPPED"
          },
          {
            "path": ":spring-messaging:classes",
            "outcome": "EXECUTED"
          },
          {
            "path": ":spring-messaging:compileJava",
            "outcome": "FROM_CACHE"
          },
          {
            "path": ":spring-messaging:compileKotlin",
            "outcome": "FROM_CACHE"
          },
          {
            "path": ":spring-messaging:compileTestFixturesJava",
            "outcome": "NO_SOURCE"
          },
          {
            "path": ":spring-messaging:compileTestFixturesKotlin",
            "outcome": "NO_SOURCE"
          },
          {
            "path": ":spring-messaging:compileTestJava",
            "outcome": "FROM_CACHE"
          },
          {
            "path": ":spring-messaging:compileTestKotlin",
            "outcome": "FROM_CACHE"
          },
          {
            "path": ":spring-messaging:jar",
            "outcome": "EXECUTED"
          },
          {
            "path": ":spring-messaging:processResources",
            "outcome": "EXECUTED"
          },
          {
            "path": ":spring-messaging:processTestFixturesResources",
            "outcome": "NO_SOURCE"
          },
          {
            "path": ":spring-messaging:processTestResources",
            "outcome": "EXECUTED"
          },
          {
            "path": ":spring-messaging:testClasses",
            "outcome": "EXECUTED"
          },
          {
            "path": ":spring-messaging:testFixturesClasses",
            "outcome": "UP_TO_DATE"
          },
          {
            "path": ":spring-messaging:testFixturesJar",
            "outcome": "EXECUTED"
          },
          {
            "path": ":spring-orm:compileJava",
            "outcome": "FROM_CACHE"
          },
          {
            "path": ":spring-orm:compileTestFixturesJava",
            "outcome": "NO_SOURCE"
          },
          {
            "path": ":spring-orm:compileTestJava",
            "outcome": "FROM_CACHE"
          },
          {
            "path": ":spring-orm:processTestResources",
            "outcome": "EXECUTED"
          },
          {
            "path": ":spring-orm:testClasses",
            "outcome": "EXECUTED"
          },
          {
            "path": ":spring-oxm:compileJava",
            "outcome": "FROM_CACHE"
          },
          {
            "path": ":spring-oxm:compileTestFixturesJava",
            "outcome": "NO_SOURCE"
          },
          {
            "path": ":spring-oxm:compileTestJava",
            "outcome": "FROM_CACHE"
          },
          {
            "path": ":spring-oxm:processTestResources",
            "outcome": "EXECUTED"
          },
          {
            "path": ":spring-oxm:testClasses",
            "outcome": "EXECUTED"
          },
          {
            "path": ":spring-oxm:xjc",
            "outcome": "FROM_CACHE"
          },
          {
            "path": ":spring-r2dbc:checkKotlinGradlePluginConfigurationErrors",
            "outcome": "SKIPPED"
          },
          {
            "path": ":spring-r2dbc:classes",
            "outcome": "EXECUTED"
          },
          {
            "path": ":spring-r2dbc:compileJava",
            "outcome": "FROM_CACHE"
          },
          {
            "path": ":spring-r2dbc:compileKotlin",
            "outcome": "FROM_CACHE"
          },
          {
            "path": ":spring-r2dbc:compileTestFixturesJava",
            "outcome": "NO_SOURCE"
          },
          {
            "path": ":spring-r2dbc:compileTestFixturesKotlin",
            "outcome": "NO_SOURCE"
          },
          {
            "path": ":spring-r2dbc:compileTestJava",
            "outcome": "FROM_CACHE"
          },
          {
            "path": ":spring-r2dbc:compileTestKotlin",
            "outcome": "FROM_CACHE"
          },
          {
            "path": ":spring-r2dbc:jar",
            "outcome": "EXECUTED"
          },
          {
            "path": ":spring-r2dbc:processResources",
            "outcome": "EXECUTED"
          },
          {
            "path": ":spring-r2dbc:processTestFixturesResources",
            "outcome": "NO_SOURCE"
          },
          {
            "path": ":spring-r2dbc:processTestResources",
            "outcome": "EXECUTED"
          },
          {
            "path": ":spring-r2dbc:testClasses",
            "outcome": "EXECUTED"
          },
          {
            "path": ":spring-r2dbc:testFixturesClasses",
            "outcome": "UP_TO_DATE"
          },
          {
            "path": ":spring-r2dbc:testFixturesJar",
            "outcome": "EXECUTED"
          },
          {
            "path": ":spring-test:checkKotlinGradlePluginConfigurationErrors",
            "outcome": "SKIPPED"
          },
          {
            "path": ":spring-test:classes",
            "outcome": "EXECUTED"
          },
          {
            "path": ":spring-test:compileJava",
            "outcome": "FROM_CACHE"
          },
          {
            "path": ":spring-test:compileKotlin",
            "outcome": "FROM_CACHE"
          },
          {
            "path": ":spring-test:compileTestFixturesJava",
            "outcome": "NO_SOURCE"
          },
          {
            "path": ":spring-test:compileTestFixturesKotlin",
            "outcome": "NO_SOURCE"
          },
          {
            "path": ":spring-test:compileTestJava",
            "outcome": "FROM_CACHE"
          },
          {
            "path": ":spring-test:compileTestKotlin",
            "outcome": "FROM_CACHE"
          },
          {
            "path": ":spring-test:jar",
            "outcome": "EXECUTED"
          },
          {
            "path": ":spring-test:processResources",
            "outcome": "EXECUTED"
          },
          {
            "path": ":spring-test:processTestFixturesResources",
            "outcome": "NO_SOURCE"
          },
          {
            "path": ":spring-test:processTestResources",
            "outcome": "EXECUTED"
          },
          {
            "path": ":spring-test:testClasses",
            "outcome": "EXECUTED"
          },
          {
            "path": ":spring-test:testFixturesClasses",
            "outcome": "UP_TO_DATE"
          },
          {
            "path": ":spring-test:testFixturesJar",
            "outcome": "EXECUTED"
          },
          {
            "path": ":spring-tx:checkKotlinGradlePluginConfigurationErrors",
            "outcome": "SKIPPED"
          },
          {
            "path": ":spring-tx:classes",
            "outcome": "EXECUTED"
          },
          {
            "path": ":spring-tx:compileJava",
            "outcome": "FROM_CACHE"
          },
          {
            "path": ":spring-tx:compileKotlin",
            "outcome": "FROM_CACHE"
          },
          {
            "path": ":spring-tx:compileTestFixturesJava",
            "outcome": "FROM_CACHE"
          },
          {
            "path": ":spring-tx:compileTestFixturesKotlin",
            "outcome": "NO_SOURCE"
          },
          {
            "path": ":spring-tx:compileTestJava",
            "outcome": "FROM_CACHE"
          },
          {
            "path": ":spring-tx:compileTestKotlin",
            "outcome": "FROM_CACHE"
          },
          {
            "path": ":spring-tx:jar",
            "outcome": "EXECUTED"
          },
          {
            "path": ":spring-tx:processResources",
            "outcome": "EXECUTED"
          },
          {
            "path": ":spring-tx:processTestFixturesResources",
            "outcome": "NO_SOURCE"
          },
          {
            "path": ":spring-tx:processTestResources",
            "outcome": "EXECUTED"
          },
          {
            "path": ":spring-tx:testClasses",
            "outcome": "EXECUTED"
          },
          {
            "path": ":spring-tx:testFixturesClasses",
            "outcome": "UP_TO_DATE"
          },
          {
            "path": ":spring-tx:testFixturesJar",
            "outcome": "EXECUTED"
          },
          {
            "path": ":spring-web:checkKotlinGradlePluginConfigurationErrors",
            "outcome": "SKIPPED"
          },
          {
            "path": ":spring-web:classes",
            "outcome": "EXECUTED"
          },
          {
            "path": ":spring-web:compileJava",
            "outcome": "FROM_CACHE"
          },
          {
            "path": ":spring-web:compileKotlin",
            "outcome": "FROM_CACHE"
          },
          {
            "path": ":spring-web:compileTestFixturesJava",
            "outcome": "FROM_CACHE"
          },
          {
            "path": ":spring-web:compileTestFixturesKotlin",
            "outcome": "NO_SOURCE"
          },
          {
            "path": ":spring-web:compileTestJava",
            "outcome": "FROM_CACHE"
          },
          {
            "path": ":spring-web:compileTestKotlin",
            "outcome": "FROM_CACHE"
          },
          {
            "path": ":spring-web:jar",
            "outcome": "EXECUTED"
          },
          {
            "path": ":spring-web:processResources",
            "outcome": "EXECUTED"
          },
          {
            "path": ":spring-web:processTestFixturesResources",
            "outcome": "EXECUTED"
          },
          {
            "path": ":spring-web:processTestResources",
            "outcome": "EXECUTED"
          },
          {
            "path": ":spring-web:testClasses",
            "outcome": "EXECUTED"
          },
          {
            "path": ":spring-web:testFixturesClasses",
            "outcome": "EXECUTED"
          },
          {
            "path": ":spring-web:testFixturesJar",
            "outcome": "EXECUTED"
          },
          {
            "path": ":spring-webflux:checkKotlinGradlePluginConfigurationErrors",
            "outcome": "SKIPPED"
          },
          {
            "path": ":spring-webflux:classes",
            "outcome": "EXECUTED"
          },
          {
            "path": ":spring-webflux:compileJava",
            "outcome": "FROM_CACHE"
          },
          {
            "path": ":spring-webflux:compileKotlin",
            "outcome": "FROM_CACHE"
          },
          {
            "path": ":spring-webflux:compileTestFixturesJava",
            "outcome": "NO_SOURCE"
          },
          {
            "path": ":spring-webflux:compileTestFixturesKotlin",
            "outcome": "NO_SOURCE"
          },
          {
            "path": ":spring-webflux:compileTestJava",
            "outcome": "FROM_CACHE"
          },
          {
            "path": ":spring-webflux:compileTestKotlin",
            "outcome": "FROM_CACHE"
          },
          {
            "path": ":spring-webflux:jar",
            "outcome": "EXECUTED"
          },
          {
            "path": ":spring-webflux:processResources",
            "outcome": "EXECUTED"
          },
          {
            "path": ":spring-webflux:processTestFixturesResources",
            "outcome": "NO_SOURCE"
          },
          {
            "path": ":spring-webflux:processTestResources",
            "outcome": "EXECUTED"
          },
          {
            "path": ":spring-webflux:testClasses",
            "outcome": "EXECUTED"
          },
          {
            "path": ":spring-webflux:testFixturesClasses",
            "outcome": "UP_TO_DATE"
          },
          {
            "path": ":spring-webflux:testFixturesJar",
            "outcome": "EXECUTED"
          },
          {
            "path": ":spring-webmvc:checkKotlinGradlePluginConfigurationErrors",
            "outcome": "SKIPPED"
          },
          {
            "path": ":spring-webmvc:classes",
            "outcome": "EXECUTED"
          },
          {
            "path": ":spring-webmvc:compileJava",
            "outcome": "FROM_CACHE"
          },
          {
            "path": ":spring-webmvc:compileKotlin",
            "outcome": "FROM_CACHE"
          },
          {
            "path": ":spring-webmvc:compileTestFixturesJava",
            "outcome": "NO_SOURCE"
          },
          {
            "path": ":spring-webmvc:compileTestFixturesKotlin",
            "outcome": "NO_SOURCE"
          },
          {
            "path": ":spring-webmvc:compileTestJava",
            "outcome": "FROM_CACHE"
          },
          {
            "path": ":spring-webmvc:compileTestKotlin",
            "outcome": "FROM_CACHE"
          },
          {
            "path": ":spring-webmvc:jar",
            "outcome": "EXECUTED"
          },
          {
            "path": ":spring-webmvc:processResources",
            "outcome": "EXECUTED"
          },
          {
            "path": ":spring-webmvc:processTestFixturesResources",
            "outcome": "NO_SOURCE"
          },
          {
            "path": ":spring-webmvc:processTestResources",
            "outcome": "EXECUTED"
          },
          {
            "path": ":spring-webmvc:testClasses",
            "outcome": "EXECUTED"
          },
          {
            "path": ":spring-webmvc:testFixturesClasses",
            "outcome": "UP_TO_DATE"
          },
          {
            "path": ":spring-webmvc:testFixturesJar",
            "outcome": "EXECUTED"
          },
          {
            "path": ":spring-websocket:compileJava",
            "outcome": "FROM_CACHE"
          },
          {
            "path": ":spring-websocket:compileTestFixturesJava",
            "outcome": "NO_SOURCE"
          },
          {
            "path": ":spring-websocket:compileTestJava",
            "outcome": "FROM_CACHE"
          },
          {
            "path": ":spring-websocket:processTestResources",
            "outcome": "EXECUTED"
          },
          {
            "path": ":spring-websocket:testClasses",
            "outcome": "EXECUTED"
          },
          {
            "path": ":testClasses",
            "outcome": "UP_TO_DATE"
          }
        ]
      },
      "candidateTaskOutcomes": {
        "total": 56,
        "executed": 14,
        "fromCache": 26,
        "upToDate": 2,
        "noSource": 7,
        "skipped": 7,
        "fingerprintSha256": "af08640256e4ce968a02546a34fd5e7b170359e73fd1255332a0b813d6a2b3f6",
        "tasks": [
          {
            "path": ":buildSrc:check",
            "outcome": "UP_TO_DATE"
          },
          {
            "path": ":buildSrc:checkstyleMain",
            "outcome": "FROM_CACHE"
          },
          {
            "path": ":buildSrc:checkstyleTest",
            "outcome": "FROM_CACHE"
          },
          {
            "path": ":buildSrc:classes",
            "outcome": "EXECUTED"
          },
          {
            "path": ":buildSrc:compileGroovy",
            "outcome": "NO_SOURCE"
          },
          {
            "path": ":buildSrc:compileJava",
            "outcome": "FROM_CACHE"
          },
          {
            "path": ":buildSrc:compileTestGroovy",
            "outcome": "NO_SOURCE"
          },
          {
            "path": ":buildSrc:compileTestJava",
            "outcome": "FROM_CACHE"
          },
          {
            "path": ":buildSrc:jar",
            "outcome": "EXECUTED"
          },
          {
            "path": ":buildSrc:pluginDescriptors",
            "outcome": "EXECUTED"
          },
          {
            "path": ":buildSrc:pluginUnderTestMetadata",
            "outcome": "EXECUTED"
          },
          {
            "path": ":buildSrc:processResources",
            "outcome": "EXECUTED"
          },
          {
            "path": ":buildSrc:processTestResources",
            "outcome": "NO_SOURCE"
          },
          {
            "path": ":buildSrc:test",
            "outcome": "FROM_CACHE"
          },
          {
            "path": ":buildSrc:testClasses",
            "outcome": "UP_TO_DATE"
          },
          {
            "path": ":buildSrc:validatePlugins",
            "outcome": "FROM_CACHE"
          },
          {
            "path": ":spring-aop:checkKotlinGradlePluginConfigurationErrors",
            "outcome": "SKIPPED"
          },
          {
            "path": ":spring-aop:compileJava",
            "outcome": "FROM_CACHE"
          },
          {
            "path": ":spring-aop:compileKotlin",
            "outcome": "NO_SOURCE"
          },
          {
            "path": ":spring-beans:checkKotlinGradlePluginConfigurationErrors",
            "outcome": "SKIPPED"
          },
          {
            "path": ":spring-beans:classes",
            "outcome": "EXECUTED"
          },
          {
            "path": ":spring-beans:compileJava",
            "outcome": "FROM_CACHE"
          },
          {
            "path": ":spring-beans:compileKotlin",
            "outcome": "FROM_CACHE"
          },
          {
            "path": ":spring-beans:compileTestFixturesJava",
            "outcome": "FROM_CACHE"
          },
          {
            "path": ":spring-beans:compileTestFixturesKotlin",
            "outcome": "FROM_CACHE"
          },
          {
            "path": ":spring-beans:jar",
            "outcome": "EXECUTED"
          },
          {
            "path": ":spring-beans:processResources",
            "outcome": "EXECUTED"
          },
          {
            "path": ":spring-context:checkKotlinGradlePluginConfigurationErrors",
            "outcome": "SKIPPED"
          },
          {
            "path": ":spring-context:compileJava",
            "outcome": "FROM_CACHE"
          },
          {
            "path": ":spring-context:compileKotlin",
            "outcome": "FROM_CACHE"
          },
          {
            "path": ":spring-core:checkKotlinGradlePluginConfigurationErrors",
            "outcome": "SKIPPED"
          },
          {
            "path": ":spring-core:compileJava",
            "outcome": "FROM_CACHE"
          },
          {
            "path": ":spring-core:compileKotlin",
            "outcome": "FROM_CACHE"
          },
          {
            "path": ":spring-core:javapoetRepackJar",
            "outcome": "FROM_CACHE"
          },
          {
            "path": ":spring-core:objenesisRepackJar",
            "outcome": "FROM_CACHE"
          },
          {
            "path": ":spring-expression:checkKotlinGradlePluginConfigurationErrors",
            "outcome": "SKIPPED"
          },
          {
            "path": ":spring-expression:compileJava",
            "outcome": "FROM_CACHE"
          },
          {
            "path": ":spring-expression:compileKotlin",
            "outcome": "NO_SOURCE"
          },
          {
            "path": ":spring-instrument:compileJava",
            "outcome": "FROM_CACHE"
          },
          {
            "path": ":spring-jms:compileJava",
            "outcome": "EXECUTED"
          },
          {
            "path": ":spring-jms:compileTestFixturesJava",
            "outcome": "NO_SOURCE"
          },
          {
            "path": ":spring-jms:compileTestJava",
            "outcome": "FROM_CACHE"
          },
          {
            "path": ":spring-jms:processTestResources",
            "outcome": "EXECUTED"
          },
          {
            "path": ":spring-jms:testClasses",
            "outcome": "EXECUTED"
          },
          {
            "path": ":spring-messaging:checkKotlinGradlePluginConfigurationErrors",
            "outcome": "SKIPPED"
          },
          {
            "path": ":spring-messaging:compileJava",
            "outcome": "FROM_CACHE"
          },
          {
            "path": ":spring-messaging:compileKotlin",
            "outcome": "FROM_CACHE"
          },
          {
            "path": ":spring-oxm:compileJava",
            "outcome": "FROM_CACHE"
          },
          {
            "path": ":spring-tx:checkKotlinGradlePluginConfigurationErrors",
            "outcome": "SKIPPED"
          },
          {
            "path": ":spring-tx:classes",
            "outcome": "EXECUTED"
          },
          {
            "path": ":spring-tx:compileJava",
            "outcome": "FROM_CACHE"
          },
          {
            "path": ":spring-tx:compileKotlin",
            "outcome": "FROM_CACHE"
          },
          {
            "path": ":spring-tx:compileTestFixturesJava",
            "outcome": "FROM_CACHE"
          },
          {
            "path": ":spring-tx:compileTestFixturesKotlin",
            "outcome": "NO_SOURCE"
          },
          {
            "path": ":spring-tx:jar",
            "outcome": "EXECUTED"
          },
          {
            "path": ":spring-tx:processResources",
            "outcome": "EXECUTED"
          }
        ]
      },
      "controlHostPressure": {
        "available": true,
        "cpuSomeTotalUs": 169671,
        "memorySomeTotalUs": 0,
        "memoryFullTotalUs": 0,
        "ioSomeTotalUs": 9675869,
        "ioFullTotalUs": 6999883
      },
      "candidateHostPressure": {
        "available": true,
        "cpuSomeTotalUs": 37732,
        "memorySomeTotalUs": 2337,
        "memoryFullTotalUs": 2336,
        "ioSomeTotalUs": 9818942,
        "ioFullTotalUs": 8474936
      }
    },
    {
      "pair": 4,
      "order": "CANDIDATE_FIRST",
      "controlDurationMs": 14770,
      "candidateDurationMs": 10798,
      "savedMs": 3972,
      "controlRequiredOutputSha256": "c1de7856f3bfbec061af1a6a147e489da0bd960aca43bf326e51372c2ca5d629",
      "candidateRequiredOutputSha256": "c1de7856f3bfbec061af1a6a147e489da0bd960aca43bf326e51372c2ca5d629",
      "requiredOutputCount": 378,
      "productAttributableFailure": false,
      "controlLogSha256": "6e09a8f966d304cba78121ae5df4affecf0544d2be5d126dca610e900f7026e0",
      "candidateLogSha256": "fdd0b4533dc8712c16967793ff9eb45f60aca816b28a1fa16281ae055989111d",
      "controlTaskOutcomes": {
        "total": 305,
        "executed": 109,
        "fromCache": 89,
        "upToDate": 23,
        "noSource": 65,
        "skipped": 19,
        "fingerprintSha256": "85399d45cd2d3615162148545d5babb68fb708dbdd29a2e2991b8e65724ce6a7",
        "tasks": [
          {
            "path": ":buildSrc:check",
            "outcome": "UP_TO_DATE"
          },
          {
            "path": ":buildSrc:checkstyleMain",
            "outcome": "FROM_CACHE"
          },
          {
            "path": ":buildSrc:checkstyleTest",
            "outcome": "FROM_CACHE"
          },
          {
            "path": ":buildSrc:classes",
            "outcome": "EXECUTED"
          },
          {
            "path": ":buildSrc:compileGroovy",
            "outcome": "NO_SOURCE"
          },
          {
            "path": ":buildSrc:compileJava",
            "outcome": "FROM_CACHE"
          },
          {
            "path": ":buildSrc:compileTestGroovy",
            "outcome": "NO_SOURCE"
          },
          {
            "path": ":buildSrc:compileTestJava",
            "outcome": "FROM_CACHE"
          },
          {
            "path": ":buildSrc:jar",
            "outcome": "EXECUTED"
          },
          {
            "path": ":buildSrc:pluginDescriptors",
            "outcome": "EXECUTED"
          },
          {
            "path": ":buildSrc:pluginUnderTestMetadata",
            "outcome": "EXECUTED"
          },
          {
            "path": ":buildSrc:processResources",
            "outcome": "EXECUTED"
          },
          {
            "path": ":buildSrc:processTestResources",
            "outcome": "NO_SOURCE"
          },
          {
            "path": ":buildSrc:test",
            "outcome": "FROM_CACHE"
          },
          {
            "path": ":buildSrc:testClasses",
            "outcome": "UP_TO_DATE"
          },
          {
            "path": ":buildSrc:validatePlugins",
            "outcome": "FROM_CACHE"
          },
          {
            "path": ":classes",
            "outcome": "UP_TO_DATE"
          },
          {
            "path": ":compileJava",
            "outcome": "NO_SOURCE"
          },
          {
            "path": ":compileTestFixturesJava",
            "outcome": "NO_SOURCE"
          },
          {
            "path": ":compileTestJava",
            "outcome": "NO_SOURCE"
          },
          {
            "path": ":framework-docs:checkKotlinGradlePluginConfigurationErrors",
            "outcome": "SKIPPED"
          },
          {
            "path": ":framework-docs:classes",
            "outcome": "EXECUTED"
          },
          {
            "path": ":framework-docs:compileJava",
            "outcome": "FROM_CACHE"
          },
          {
            "path": ":framework-docs:compileKotlin",
            "outcome": "FROM_CACHE"
          },
          {
            "path": ":framework-docs:compileTestJava",
            "outcome": "NO_SOURCE"
          },
          {
            "path": ":framework-docs:compileTestKotlin",
            "outcome": "NO_SOURCE"
          },
          {
            "path": ":framework-docs:jar",
            "outcome": "SKIPPED"
          },
          {
            "path": ":framework-docs:processResources",
            "outcome": "EXECUTED"
          },
          {
            "path": ":framework-docs:processTestResources",
            "outcome": "NO_SOURCE"
          },
          {
            "path": ":framework-docs:testClasses",
            "outcome": "UP_TO_DATE"
          },
          {
            "path": ":integration-tests:checkKotlinGradlePluginConfigurationErrors",
            "outcome": "SKIPPED"
          },
          {
            "path": ":integration-tests:classes",
            "outcome": "UP_TO_DATE"
          },
          {
            "path": ":integration-tests:compileJava",
            "outcome": "NO_SOURCE"
          },
          {
            "path": ":integration-tests:compileKotlin",
            "outcome": "NO_SOURCE"
          },
          {
            "path": ":integration-tests:compileTestFixturesJava",
            "outcome": "NO_SOURCE"
          },
          {
            "path": ":integration-tests:compileTestFixturesKotlin",
            "outcome": "NO_SOURCE"
          },
          {
            "path": ":integration-tests:compileTestJava",
            "outcome": "FROM_CACHE"
          },
          {
            "path": ":integration-tests:compileTestKotlin",
            "outcome": "FROM_CACHE"
          },
          {
            "path": ":integration-tests:jar",
            "outcome": "EXECUTED"
          },
          {
            "path": ":integration-tests:processResources",
            "outcome": "NO_SOURCE"
          },
          {
            "path": ":integration-tests:processTestFixturesResources",
            "outcome": "NO_SOURCE"
          },
          {
            "path": ":integration-tests:processTestResources",
            "outcome": "EXECUTED"
          },
          {
            "path": ":integration-tests:testClasses",
            "outcome": "EXECUTED"
          },
          {
            "path": ":integration-tests:testFixturesClasses",
            "outcome": "UP_TO_DATE"
          },
          {
            "path": ":integration-tests:testFixturesJar",
            "outcome": "EXECUTED"
          },
          {
            "path": ":jar",
            "outcome": "EXECUTED"
          },
          {
            "path": ":processResources",
            "outcome": "NO_SOURCE"
          },
          {
            "path": ":processTestResources",
            "outcome": "NO_SOURCE"
          },
          {
            "path": ":spring-aop:checkKotlinGradlePluginConfigurationErrors",
            "outcome": "SKIPPED"
          },
          {
            "path": ":spring-aop:classes",
            "outcome": "EXECUTED"
          },
          {
            "path": ":spring-aop:compileJava",
            "outcome": "FROM_CACHE"
          },
          {
            "path": ":spring-aop:compileKotlin",
            "outcome": "NO_SOURCE"
          },
          {
            "path": ":spring-aop:compileTestFixturesJava",
            "outcome": "FROM_CACHE"
          },
          {
            "path": ":spring-aop:compileTestFixturesKotlin",
            "outcome": "NO_SOURCE"
          },
          {
            "path": ":spring-aop:compileTestJava",
            "outcome": "FROM_CACHE"
          },
          {
            "path": ":spring-aop:compileTestKotlin",
            "outcome": "FROM_CACHE"
          },
          {
            "path": ":spring-aop:jar",
            "outcome": "EXECUTED"
          },
          {
            "path": ":spring-aop:processResources",
            "outcome": "EXECUTED"
          },
          {
            "path": ":spring-aop:processTestFixturesResources",
            "outcome": "NO_SOURCE"
          },
          {
            "path": ":spring-aop:processTestResources",
            "outcome": "EXECUTED"
          },
          {
            "path": ":spring-aop:testClasses",
            "outcome": "EXECUTED"
          },
          {
            "path": ":spring-aop:testFixturesClasses",
            "outcome": "UP_TO_DATE"
          },
          {
            "path": ":spring-aop:testFixturesJar",
            "outcome": "EXECUTED"
          },
          {
            "path": ":spring-aspects:classes",
            "outcome": "EXECUTED"
          },
          {
            "path": ":spring-aspects:compileAspectj",
            "outcome": "FROM_CACHE"
          },
          {
            "path": ":spring-aspects:compileJava",
            "outcome": "SKIPPED"
          },
          {
            "path": ":spring-aspects:compileTestAspectj",
            "outcome": "FROM_CACHE"
          },
          {
            "path": ":spring-aspects:compileTestFixturesAspectj",
            "outcome": "NO_SOURCE"
          },
          {
            "path": ":spring-aspects:compileTestFixturesJava",
            "outcome": "SKIPPED"
          },
          {
            "path": ":spring-aspects:compileTestJava",
            "outcome": "SKIPPED"
          },
          {
            "path": ":spring-aspects:processResources",
            "outcome": "EXECUTED"
          },
          {
            "path": ":spring-aspects:processTestResources",
            "outcome": "EXECUTED"
          },
          {
            "path": ":spring-aspects:testClasses",
            "outcome": "EXECUTED"
          },
          {
            "path": ":spring-beans:checkKotlinGradlePluginConfigurationErrors",
            "outcome": "SKIPPED"
          },
          {
            "path": ":spring-beans:classes",
            "outcome": "EXECUTED"
          },
          {
            "path": ":spring-beans:compileJava",
            "outcome": "FROM_CACHE"
          },
          {
            "path": ":spring-beans:compileKotlin",
            "outcome": "FROM_CACHE"
          },
          {
            "path": ":spring-beans:compileTestFixturesJava",
            "outcome": "FROM_CACHE"
          },
          {
            "path": ":spring-beans:compileTestFixturesKotlin",
            "outcome": "FROM_CACHE"
          },
          {
            "path": ":spring-beans:compileTestJava",
            "outcome": "FROM_CACHE"
          },
          {
            "path": ":spring-beans:compileTestKotlin",
            "outcome": "FROM_CACHE"
          },
          {
            "path": ":spring-beans:jar",
            "outcome": "EXECUTED"
          },
          {
            "path": ":spring-beans:processResources",
            "outcome": "EXECUTED"
          },
          {
            "path": ":spring-beans:processTestFixturesResources",
            "outcome": "EXECUTED"
          },
          {
            "path": ":spring-beans:processTestResources",
            "outcome": "EXECUTED"
          },
          {
            "path": ":spring-beans:testClasses",
            "outcome": "EXECUTED"
          },
          {
            "path": ":spring-beans:testFixturesClasses",
            "outcome": "EXECUTED"
          },
          {
            "path": ":spring-beans:testFixturesJar",
            "outcome": "EXECUTED"
          },
          {
            "path": ":spring-context-indexer:compileJava",
            "outcome": "FROM_CACHE"
          },
          {
            "path": ":spring-context-indexer:compileTestFixturesJava",
            "outcome": "NO_SOURCE"
          },
          {
            "path": ":spring-context-indexer:compileTestJava",
            "outcome": "FROM_CACHE"
          },
          {
            "path": ":spring-context-indexer:processTestResources",
            "outcome": "NO_SOURCE"
          },
          {
            "path": ":spring-context-indexer:testClasses",
            "outcome": "UP_TO_DATE"
          },
          {
            "path": ":spring-context-support:compileJava",
            "outcome": "FROM_CACHE"
          },
          {
            "path": ":spring-context-support:compileTestFixturesJava",
            "outcome": "FROM_CACHE"
          },
          {
            "path": ":spring-context-support:compileTestJava",
            "outcome": "FROM_CACHE"
          },
          {
            "path": ":spring-context-support:processTestResources",
            "outcome": "EXECUTED"
          },
          {
            "path": ":spring-context-support:testClasses",
            "outcome": "EXECUTED"
          },
          {
            "path": ":spring-context:checkKotlinGradlePluginConfigurationErrors",
            "outcome": "SKIPPED"
          },
          {
            "path": ":spring-context:classes",
            "outcome": "EXECUTED"
          },
          {
            "path": ":spring-context:compileJava",
            "outcome": "FROM_CACHE"
          },
          {
            "path": ":spring-context:compileKotlin",
            "outcome": "FROM_CACHE"
          },
          {
            "path": ":spring-context:compileTestFixturesJava",
            "outcome": "FROM_CACHE"
          },
          {
            "path": ":spring-context:compileTestFixturesKotlin",
            "outcome": "NO_SOURCE"
          },
          {
            "path": ":spring-context:compileTestJava",
            "outcome": "FROM_CACHE"
          },
          {
            "path": ":spring-context:compileTestKotlin",
            "outcome": "FROM_CACHE"
          },
          {
            "path": ":spring-context:jar",
            "outcome": "EXECUTED"
          },
          {
            "path": ":spring-context:processResources",
            "outcome": "EXECUTED"
          },
          {
            "path": ":spring-context:processTestFixturesResources",
            "outcome": "NO_SOURCE"
          },
          {
            "path": ":spring-context:processTestResources",
            "outcome": "EXECUTED"
          },
          {
            "path": ":spring-context:testClasses",
            "outcome": "EXECUTED"
          },
          {
            "path": ":spring-context:testFixturesClasses",
            "outcome": "UP_TO_DATE"
          },
          {
            "path": ":spring-context:testFixturesJar",
            "outcome": "EXECUTED"
          },
          {
            "path": ":spring-core-test:compileJava",
            "outcome": "FROM_CACHE"
          },
          {
            "path": ":spring-core-test:compileTestFixturesJava",
            "outcome": "NO_SOURCE"
          },
          {
            "path": ":spring-core-test:compileTestJava",
            "outcome": "FROM_CACHE"
          },
          {
            "path": ":spring-core-test:processTestResources",
            "outcome": "EXECUTED"
          },
          {
            "path": ":spring-core-test:testClasses",
            "outcome": "EXECUTED"
          },
          {
            "path": ":spring-core:checkKotlinGradlePluginConfigurationErrors",
            "outcome": "SKIPPED"
          },
          {
            "path": ":spring-core:classes",
            "outcome": "EXECUTED"
          },
          {
            "path": ":spring-core:compileJava",
            "outcome": "FROM_CACHE"
          },
          {
            "path": ":spring-core:compileJava21Java",
            "outcome": "FROM_CACHE"
          },
          {
            "path": ":spring-core:compileJava21Kotlin",
            "outcome": "NO_SOURCE"
          },
          {
            "path": ":spring-core:compileJava24Java",
            "outcome": "FROM_CACHE"
          },
          {
            "path": ":spring-core:compileJava24Kotlin",
            "outcome": "NO_SOURCE"
          },
          {
            "path": ":spring-core:compileKotlin",
            "outcome": "FROM_CACHE"
          },
          {
            "path": ":spring-core:compileTestFixturesJava",
            "outcome": "FROM_CACHE"
          },
          {
            "path": ":spring-core:compileTestFixturesKotlin",
            "outcome": "NO_SOURCE"
          },
          {
            "path": ":spring-core:compileTestJava",
            "outcome": "FROM_CACHE"
          },
          {
            "path": ":spring-core:compileTestKotlin",
            "outcome": "FROM_CACHE"
          },
          {
            "path": ":spring-core:jar",
            "outcome": "EXECUTED"
          },
          {
            "path": ":spring-core:java21Classes",
            "outcome": "UP_TO_DATE"
          },
          {
            "path": ":spring-core:java24Classes",
            "outcome": "UP_TO_DATE"
          },
          {
            "path": ":spring-core:javapoetRepackJar",
            "outcome": "FROM_CACHE"
          },
          {
            "path": ":spring-core:objenesisRepackJar",
            "outcome": "FROM_CACHE"
          },
          {
            "path": ":spring-core:processJava21Resources",
            "outcome": "NO_SOURCE"
          },
          {
            "path": ":spring-core:processJava24Resources",
            "outcome": "NO_SOURCE"
          },
          {
            "path": ":spring-core:processResources",
            "outcome": "EXECUTED"
          },
          {
            "path": ":spring-core:processTestFixturesResources",
            "outcome": "NO_SOURCE"
          },
          {
            "path": ":spring-core:processTestResources",
            "outcome": "EXECUTED"
          },
          {
            "path": ":spring-core:testClasses",
            "outcome": "EXECUTED"
          },
          {
            "path": ":spring-core:testFixturesClasses",
            "outcome": "UP_TO_DATE"
          },
          {
            "path": ":spring-core:testFixturesJar",
            "outcome": "EXECUTED"
          },
          {
            "path": ":spring-expression:checkKotlinGradlePluginConfigurationErrors",
            "outcome": "SKIPPED"
          },
          {
            "path": ":spring-expression:classes",
            "outcome": "UP_TO_DATE"
          },
          {
            "path": ":spring-expression:compileJava",
            "outcome": "FROM_CACHE"
          },
          {
            "path": ":spring-expression:compileKotlin",
            "outcome": "NO_SOURCE"
          },
          {
            "path": ":spring-expression:compileTestFixturesJava",
            "outcome": "NO_SOURCE"
          },
          {
            "path": ":spring-expression:compileTestFixturesKotlin",
            "outcome": "NO_SOURCE"
          },
          {
            "path": ":spring-expression:compileTestJava",
            "outcome": "FROM_CACHE"
          },
          {
            "path": ":spring-expression:compileTestKotlin",
            "outcome": "FROM_CACHE"
          },
          {
            "path": ":spring-expression:jar",
            "outcome": "EXECUTED"
          },
          {
            "path": ":spring-expression:processResources",
            "outcome": "NO_SOURCE"
          },
          {
            "path": ":spring-expression:processTestFixturesResources",
            "outcome": "NO_SOURCE"
          },
          {
            "path": ":spring-expression:processTestResources",
            "outcome": "EXECUTED"
          },
          {
            "path": ":spring-expression:testClasses",
            "outcome": "EXECUTED"
          },
          {
            "path": ":spring-expression:testFixturesClasses",
            "outcome": "UP_TO_DATE"
          },
          {
            "path": ":spring-expression:testFixturesJar",
            "outcome": "EXECUTED"
          },
          {
            "path": ":spring-instrument:compileJava",
            "outcome": "FROM_CACHE"
          },
          {
            "path": ":spring-instrument:compileTestFixturesJava",
            "outcome": "NO_SOURCE"
          },
          {
            "path": ":spring-instrument:compileTestJava",
            "outcome": "NO_SOURCE"
          },
          {
            "path": ":spring-instrument:processTestResources",
            "outcome": "NO_SOURCE"
          },
          {
            "path": ":spring-instrument:testClasses",
            "outcome": "UP_TO_DATE"
          },
          {
            "path": ":spring-jdbc:checkKotlinGradlePluginConfigurationErrors",
            "outcome": "SKIPPED"
          },
          {
            "path": ":spring-jdbc:classes",
            "outcome": "EXECUTED"
          },
          {
            "path": ":spring-jdbc:compileJava",
            "outcome": "FROM_CACHE"
          },
          {
            "path": ":spring-jdbc:compileKotlin",
            "outcome": "FROM_CACHE"
          },
          {
            "path": ":spring-jdbc:compileTestFixturesJava",
            "outcome": "NO_SOURCE"
          },
          {
            "path": ":spring-jdbc:compileTestFixturesKotlin",
            "outcome": "NO_SOURCE"
          },
          {
            "path": ":spring-jdbc:compileTestJava",
            "outcome": "FROM_CACHE"
          },
          {
            "path": ":spring-jdbc:compileTestKotlin",
            "outcome": "FROM_CACHE"
          },
          {
            "path": ":spring-jdbc:jar",
            "outcome": "EXECUTED"
          },
          {
            "path": ":spring-jdbc:processResources",
            "outcome": "EXECUTED"
          },
          {
            "path": ":spring-jdbc:processTestFixturesResources",
            "outcome": "NO_SOURCE"
          },
          {
            "path": ":spring-jdbc:processTestResources",
            "outcome": "EXECUTED"
          },
          {
            "path": ":spring-jdbc:testClasses",
            "outcome": "EXECUTED"
          },
          {
            "path": ":spring-jdbc:testFixturesClasses",
            "outcome": "UP_TO_DATE"
          },
          {
            "path": ":spring-jdbc:testFixturesJar",
            "outcome": "EXECUTED"
          },
          {
            "path": ":spring-jms:compileJava",
            "outcome": "EXECUTED"
          },
          {
            "path": ":spring-jms:compileTestFixturesJava",
            "outcome": "NO_SOURCE"
          },
          {
            "path": ":spring-jms:compileTestJava",
            "outcome": "FROM_CACHE"
          },
          {
            "path": ":spring-jms:processTestResources",
            "outcome": "EXECUTED"
          },
          {
            "path": ":spring-jms:testClasses",
            "outcome": "EXECUTED"
          },
          {
            "path": ":spring-messaging:checkKotlinGradlePluginConfigurationErrors",
            "outcome": "SKIPPED"
          },
          {
            "path": ":spring-messaging:classes",
            "outcome": "EXECUTED"
          },
          {
            "path": ":spring-messaging:compileJava",
            "outcome": "FROM_CACHE"
          },
          {
            "path": ":spring-messaging:compileKotlin",
            "outcome": "FROM_CACHE"
          },
          {
            "path": ":spring-messaging:compileTestFixturesJava",
            "outcome": "NO_SOURCE"
          },
          {
            "path": ":spring-messaging:compileTestFixturesKotlin",
            "outcome": "NO_SOURCE"
          },
          {
            "path": ":spring-messaging:compileTestJava",
            "outcome": "FROM_CACHE"
          },
          {
            "path": ":spring-messaging:compileTestKotlin",
            "outcome": "FROM_CACHE"
          },
          {
            "path": ":spring-messaging:jar",
            "outcome": "EXECUTED"
          },
          {
            "path": ":spring-messaging:processResources",
            "outcome": "EXECUTED"
          },
          {
            "path": ":spring-messaging:processTestFixturesResources",
            "outcome": "NO_SOURCE"
          },
          {
            "path": ":spring-messaging:processTestResources",
            "outcome": "EXECUTED"
          },
          {
            "path": ":spring-messaging:testClasses",
            "outcome": "EXECUTED"
          },
          {
            "path": ":spring-messaging:testFixturesClasses",
            "outcome": "UP_TO_DATE"
          },
          {
            "path": ":spring-messaging:testFixturesJar",
            "outcome": "EXECUTED"
          },
          {
            "path": ":spring-orm:compileJava",
            "outcome": "FROM_CACHE"
          },
          {
            "path": ":spring-orm:compileTestFixturesJava",
            "outcome": "NO_SOURCE"
          },
          {
            "path": ":spring-orm:compileTestJava",
            "outcome": "FROM_CACHE"
          },
          {
            "path": ":spring-orm:processTestResources",
            "outcome": "EXECUTED"
          },
          {
            "path": ":spring-orm:testClasses",
            "outcome": "EXECUTED"
          },
          {
            "path": ":spring-oxm:compileJava",
            "outcome": "FROM_CACHE"
          },
          {
            "path": ":spring-oxm:compileTestFixturesJava",
            "outcome": "NO_SOURCE"
          },
          {
            "path": ":spring-oxm:compileTestJava",
            "outcome": "FROM_CACHE"
          },
          {
            "path": ":spring-oxm:processTestResources",
            "outcome": "EXECUTED"
          },
          {
            "path": ":spring-oxm:testClasses",
            "outcome": "EXECUTED"
          },
          {
            "path": ":spring-oxm:xjc",
            "outcome": "FROM_CACHE"
          },
          {
            "path": ":spring-r2dbc:checkKotlinGradlePluginConfigurationErrors",
            "outcome": "SKIPPED"
          },
          {
            "path": ":spring-r2dbc:classes",
            "outcome": "EXECUTED"
          },
          {
            "path": ":spring-r2dbc:compileJava",
            "outcome": "FROM_CACHE"
          },
          {
            "path": ":spring-r2dbc:compileKotlin",
            "outcome": "FROM_CACHE"
          },
          {
            "path": ":spring-r2dbc:compileTestFixturesJava",
            "outcome": "NO_SOURCE"
          },
          {
            "path": ":spring-r2dbc:compileTestFixturesKotlin",
            "outcome": "NO_SOURCE"
          },
          {
            "path": ":spring-r2dbc:compileTestJava",
            "outcome": "FROM_CACHE"
          },
          {
            "path": ":spring-r2dbc:compileTestKotlin",
            "outcome": "FROM_CACHE"
          },
          {
            "path": ":spring-r2dbc:jar",
            "outcome": "EXECUTED"
          },
          {
            "path": ":spring-r2dbc:processResources",
            "outcome": "EXECUTED"
          },
          {
            "path": ":spring-r2dbc:processTestFixturesResources",
            "outcome": "NO_SOURCE"
          },
          {
            "path": ":spring-r2dbc:processTestResources",
            "outcome": "EXECUTED"
          },
          {
            "path": ":spring-r2dbc:testClasses",
            "outcome": "EXECUTED"
          },
          {
            "path": ":spring-r2dbc:testFixturesClasses",
            "outcome": "UP_TO_DATE"
          },
          {
            "path": ":spring-r2dbc:testFixturesJar",
            "outcome": "EXECUTED"
          },
          {
            "path": ":spring-test:checkKotlinGradlePluginConfigurationErrors",
            "outcome": "SKIPPED"
          },
          {
            "path": ":spring-test:classes",
            "outcome": "EXECUTED"
          },
          {
            "path": ":spring-test:compileJava",
            "outcome": "FROM_CACHE"
          },
          {
            "path": ":spring-test:compileKotlin",
            "outcome": "FROM_CACHE"
          },
          {
            "path": ":spring-test:compileTestFixturesJava",
            "outcome": "NO_SOURCE"
          },
          {
            "path": ":spring-test:compileTestFixturesKotlin",
            "outcome": "NO_SOURCE"
          },
          {
            "path": ":spring-test:compileTestJava",
            "outcome": "FROM_CACHE"
          },
          {
            "path": ":spring-test:compileTestKotlin",
            "outcome": "FROM_CACHE"
          },
          {
            "path": ":spring-test:jar",
            "outcome": "EXECUTED"
          },
          {
            "path": ":spring-test:processResources",
            "outcome": "EXECUTED"
          },
          {
            "path": ":spring-test:processTestFixturesResources",
            "outcome": "NO_SOURCE"
          },
          {
            "path": ":spring-test:processTestResources",
            "outcome": "EXECUTED"
          },
          {
            "path": ":spring-test:testClasses",
            "outcome": "EXECUTED"
          },
          {
            "path": ":spring-test:testFixturesClasses",
            "outcome": "UP_TO_DATE"
          },
          {
            "path": ":spring-test:testFixturesJar",
            "outcome": "EXECUTED"
          },
          {
            "path": ":spring-tx:checkKotlinGradlePluginConfigurationErrors",
            "outcome": "SKIPPED"
          },
          {
            "path": ":spring-tx:classes",
            "outcome": "EXECUTED"
          },
          {
            "path": ":spring-tx:compileJava",
            "outcome": "FROM_CACHE"
          },
          {
            "path": ":spring-tx:compileKotlin",
            "outcome": "FROM_CACHE"
          },
          {
            "path": ":spring-tx:compileTestFixturesJava",
            "outcome": "FROM_CACHE"
          },
          {
            "path": ":spring-tx:compileTestFixturesKotlin",
            "outcome": "NO_SOURCE"
          },
          {
            "path": ":spring-tx:compileTestJava",
            "outcome": "FROM_CACHE"
          },
          {
            "path": ":spring-tx:compileTestKotlin",
            "outcome": "FROM_CACHE"
          },
          {
            "path": ":spring-tx:jar",
            "outcome": "EXECUTED"
          },
          {
            "path": ":spring-tx:processResources",
            "outcome": "EXECUTED"
          },
          {
            "path": ":spring-tx:processTestFixturesResources",
            "outcome": "NO_SOURCE"
          },
          {
            "path": ":spring-tx:processTestResources",
            "outcome": "EXECUTED"
          },
          {
            "path": ":spring-tx:testClasses",
            "outcome": "EXECUTED"
          },
          {
            "path": ":spring-tx:testFixturesClasses",
            "outcome": "UP_TO_DATE"
          },
          {
            "path": ":spring-tx:testFixturesJar",
            "outcome": "EXECUTED"
          },
          {
            "path": ":spring-web:checkKotlinGradlePluginConfigurationErrors",
            "outcome": "SKIPPED"
          },
          {
            "path": ":spring-web:classes",
            "outcome": "EXECUTED"
          },
          {
            "path": ":spring-web:compileJava",
            "outcome": "FROM_CACHE"
          },
          {
            "path": ":spring-web:compileKotlin",
            "outcome": "FROM_CACHE"
          },
          {
            "path": ":spring-web:compileTestFixturesJava",
            "outcome": "FROM_CACHE"
          },
          {
            "path": ":spring-web:compileTestFixturesKotlin",
            "outcome": "NO_SOURCE"
          },
          {
            "path": ":spring-web:compileTestJava",
            "outcome": "FROM_CACHE"
          },
          {
            "path": ":spring-web:compileTestKotlin",
            "outcome": "FROM_CACHE"
          },
          {
            "path": ":spring-web:jar",
            "outcome": "EXECUTED"
          },
          {
            "path": ":spring-web:processResources",
            "outcome": "EXECUTED"
          },
          {
            "path": ":spring-web:processTestFixturesResources",
            "outcome": "EXECUTED"
          },
          {
            "path": ":spring-web:processTestResources",
            "outcome": "EXECUTED"
          },
          {
            "path": ":spring-web:testClasses",
            "outcome": "EXECUTED"
          },
          {
            "path": ":spring-web:testFixturesClasses",
            "outcome": "EXECUTED"
          },
          {
            "path": ":spring-web:testFixturesJar",
            "outcome": "EXECUTED"
          },
          {
            "path": ":spring-webflux:checkKotlinGradlePluginConfigurationErrors",
            "outcome": "SKIPPED"
          },
          {
            "path": ":spring-webflux:classes",
            "outcome": "EXECUTED"
          },
          {
            "path": ":spring-webflux:compileJava",
            "outcome": "FROM_CACHE"
          },
          {
            "path": ":spring-webflux:compileKotlin",
            "outcome": "FROM_CACHE"
          },
          {
            "path": ":spring-webflux:compileTestFixturesJava",
            "outcome": "NO_SOURCE"
          },
          {
            "path": ":spring-webflux:compileTestFixturesKotlin",
            "outcome": "NO_SOURCE"
          },
          {
            "path": ":spring-webflux:compileTestJava",
            "outcome": "FROM_CACHE"
          },
          {
            "path": ":spring-webflux:compileTestKotlin",
            "outcome": "FROM_CACHE"
          },
          {
            "path": ":spring-webflux:jar",
            "outcome": "EXECUTED"
          },
          {
            "path": ":spring-webflux:processResources",
            "outcome": "EXECUTED"
          },
          {
            "path": ":spring-webflux:processTestFixturesResources",
            "outcome": "NO_SOURCE"
          },
          {
            "path": ":spring-webflux:processTestResources",
            "outcome": "EXECUTED"
          },
          {
            "path": ":spring-webflux:testClasses",
            "outcome": "EXECUTED"
          },
          {
            "path": ":spring-webflux:testFixturesClasses",
            "outcome": "UP_TO_DATE"
          },
          {
            "path": ":spring-webflux:testFixturesJar",
            "outcome": "EXECUTED"
          },
          {
            "path": ":spring-webmvc:checkKotlinGradlePluginConfigurationErrors",
            "outcome": "SKIPPED"
          },
          {
            "path": ":spring-webmvc:classes",
            "outcome": "EXECUTED"
          },
          {
            "path": ":spring-webmvc:compileJava",
            "outcome": "FROM_CACHE"
          },
          {
            "path": ":spring-webmvc:compileKotlin",
            "outcome": "FROM_CACHE"
          },
          {
            "path": ":spring-webmvc:compileTestFixturesJava",
            "outcome": "NO_SOURCE"
          },
          {
            "path": ":spring-webmvc:compileTestFixturesKotlin",
            "outcome": "NO_SOURCE"
          },
          {
            "path": ":spring-webmvc:compileTestJava",
            "outcome": "FROM_CACHE"
          },
          {
            "path": ":spring-webmvc:compileTestKotlin",
            "outcome": "FROM_CACHE"
          },
          {
            "path": ":spring-webmvc:jar",
            "outcome": "EXECUTED"
          },
          {
            "path": ":spring-webmvc:processResources",
            "outcome": "EXECUTED"
          },
          {
            "path": ":spring-webmvc:processTestFixturesResources",
            "outcome": "NO_SOURCE"
          },
          {
            "path": ":spring-webmvc:processTestResources",
            "outcome": "EXECUTED"
          },
          {
            "path": ":spring-webmvc:testClasses",
            "outcome": "EXECUTED"
          },
          {
            "path": ":spring-webmvc:testFixturesClasses",
            "outcome": "UP_TO_DATE"
          },
          {
            "path": ":spring-webmvc:testFixturesJar",
            "outcome": "EXECUTED"
          },
          {
            "path": ":spring-websocket:compileJava",
            "outcome": "FROM_CACHE"
          },
          {
            "path": ":spring-websocket:compileTestFixturesJava",
            "outcome": "NO_SOURCE"
          },
          {
            "path": ":spring-websocket:compileTestJava",
            "outcome": "FROM_CACHE"
          },
          {
            "path": ":spring-websocket:processTestResources",
            "outcome": "EXECUTED"
          },
          {
            "path": ":spring-websocket:testClasses",
            "outcome": "EXECUTED"
          },
          {
            "path": ":testClasses",
            "outcome": "UP_TO_DATE"
          }
        ]
      },
      "candidateTaskOutcomes": {
        "total": 56,
        "executed": 14,
        "fromCache": 26,
        "upToDate": 2,
        "noSource": 7,
        "skipped": 7,
        "fingerprintSha256": "af08640256e4ce968a02546a34fd5e7b170359e73fd1255332a0b813d6a2b3f6",
        "tasks": [
          {
            "path": ":buildSrc:check",
            "outcome": "UP_TO_DATE"
          },
          {
            "path": ":buildSrc:checkstyleMain",
            "outcome": "FROM_CACHE"
          },
          {
            "path": ":buildSrc:checkstyleTest",
            "outcome": "FROM_CACHE"
          },
          {
            "path": ":buildSrc:classes",
            "outcome": "EXECUTED"
          },
          {
            "path": ":buildSrc:compileGroovy",
            "outcome": "NO_SOURCE"
          },
          {
            "path": ":buildSrc:compileJava",
            "outcome": "FROM_CACHE"
          },
          {
            "path": ":buildSrc:compileTestGroovy",
            "outcome": "NO_SOURCE"
          },
          {
            "path": ":buildSrc:compileTestJava",
            "outcome": "FROM_CACHE"
          },
          {
            "path": ":buildSrc:jar",
            "outcome": "EXECUTED"
          },
          {
            "path": ":buildSrc:pluginDescriptors",
            "outcome": "EXECUTED"
          },
          {
            "path": ":buildSrc:pluginUnderTestMetadata",
            "outcome": "EXECUTED"
          },
          {
            "path": ":buildSrc:processResources",
            "outcome": "EXECUTED"
          },
          {
            "path": ":buildSrc:processTestResources",
            "outcome": "NO_SOURCE"
          },
          {
            "path": ":buildSrc:test",
            "outcome": "FROM_CACHE"
          },
          {
            "path": ":buildSrc:testClasses",
            "outcome": "UP_TO_DATE"
          },
          {
            "path": ":buildSrc:validatePlugins",
            "outcome": "FROM_CACHE"
          },
          {
            "path": ":spring-aop:checkKotlinGradlePluginConfigurationErrors",
            "outcome": "SKIPPED"
          },
          {
            "path": ":spring-aop:compileJava",
            "outcome": "FROM_CACHE"
          },
          {
            "path": ":spring-aop:compileKotlin",
            "outcome": "NO_SOURCE"
          },
          {
            "path": ":spring-beans:checkKotlinGradlePluginConfigurationErrors",
            "outcome": "SKIPPED"
          },
          {
            "path": ":spring-beans:classes",
            "outcome": "EXECUTED"
          },
          {
            "path": ":spring-beans:compileJava",
            "outcome": "FROM_CACHE"
          },
          {
            "path": ":spring-beans:compileKotlin",
            "outcome": "FROM_CACHE"
          },
          {
            "path": ":spring-beans:compileTestFixturesJava",
            "outcome": "FROM_CACHE"
          },
          {
            "path": ":spring-beans:compileTestFixturesKotlin",
            "outcome": "FROM_CACHE"
          },
          {
            "path": ":spring-beans:jar",
            "outcome": "EXECUTED"
          },
          {
            "path": ":spring-beans:processResources",
            "outcome": "EXECUTED"
          },
          {
            "path": ":spring-context:checkKotlinGradlePluginConfigurationErrors",
            "outcome": "SKIPPED"
          },
          {
            "path": ":spring-context:compileJava",
            "outcome": "FROM_CACHE"
          },
          {
            "path": ":spring-context:compileKotlin",
            "outcome": "FROM_CACHE"
          },
          {
            "path": ":spring-core:checkKotlinGradlePluginConfigurationErrors",
            "outcome": "SKIPPED"
          },
          {
            "path": ":spring-core:compileJava",
            "outcome": "FROM_CACHE"
          },
          {
            "path": ":spring-core:compileKotlin",
            "outcome": "FROM_CACHE"
          },
          {
            "path": ":spring-core:javapoetRepackJar",
            "outcome": "FROM_CACHE"
          },
          {
            "path": ":spring-core:objenesisRepackJar",
            "outcome": "FROM_CACHE"
          },
          {
            "path": ":spring-expression:checkKotlinGradlePluginConfigurationErrors",
            "outcome": "SKIPPED"
          },
          {
            "path": ":spring-expression:compileJava",
            "outcome": "FROM_CACHE"
          },
          {
            "path": ":spring-expression:compileKotlin",
            "outcome": "NO_SOURCE"
          },
          {
            "path": ":spring-instrument:compileJava",
            "outcome": "FROM_CACHE"
          },
          {
            "path": ":spring-jms:compileJava",
            "outcome": "EXECUTED"
          },
          {
            "path": ":spring-jms:compileTestFixturesJava",
            "outcome": "NO_SOURCE"
          },
          {
            "path": ":spring-jms:compileTestJava",
            "outcome": "FROM_CACHE"
          },
          {
            "path": ":spring-jms:processTestResources",
            "outcome": "EXECUTED"
          },
          {
            "path": ":spring-jms:testClasses",
            "outcome": "EXECUTED"
          },
          {
            "path": ":spring-messaging:checkKotlinGradlePluginConfigurationErrors",
            "outcome": "SKIPPED"
          },
          {
            "path": ":spring-messaging:compileJava",
            "outcome": "FROM_CACHE"
          },
          {
            "path": ":spring-messaging:compileKotlin",
            "outcome": "FROM_CACHE"
          },
          {
            "path": ":spring-oxm:compileJava",
            "outcome": "FROM_CACHE"
          },
          {
            "path": ":spring-tx:checkKotlinGradlePluginConfigurationErrors",
            "outcome": "SKIPPED"
          },
          {
            "path": ":spring-tx:classes",
            "outcome": "EXECUTED"
          },
          {
            "path": ":spring-tx:compileJava",
            "outcome": "FROM_CACHE"
          },
          {
            "path": ":spring-tx:compileKotlin",
            "outcome": "FROM_CACHE"
          },
          {
            "path": ":spring-tx:compileTestFixturesJava",
            "outcome": "FROM_CACHE"
          },
          {
            "path": ":spring-tx:compileTestFixturesKotlin",
            "outcome": "NO_SOURCE"
          },
          {
            "path": ":spring-tx:jar",
            "outcome": "EXECUTED"
          },
          {
            "path": ":spring-tx:processResources",
            "outcome": "EXECUTED"
          }
        ]
      },
      "controlHostPressure": {
        "available": true,
        "cpuSomeTotalUs": 123610,
        "memorySomeTotalUs": 1,
        "memoryFullTotalUs": 1,
        "ioSomeTotalUs": 9477850,
        "ioFullTotalUs": 7009990
      },
      "candidateHostPressure": {
        "available": true,
        "cpuSomeTotalUs": 31566,
        "memorySomeTotalUs": 0,
        "memoryFullTotalUs": 0,
        "ioSomeTotalUs": 8440977,
        "ioFullTotalUs": 7356788
      }
    },
    {
      "pair": 5,
      "order": "CONTROL_FIRST",
      "controlDurationMs": 14215,
      "candidateDurationMs": 11605,
      "savedMs": 2610,
      "controlRequiredOutputSha256": "c1de7856f3bfbec061af1a6a147e489da0bd960aca43bf326e51372c2ca5d629",
      "candidateRequiredOutputSha256": "c1de7856f3bfbec061af1a6a147e489da0bd960aca43bf326e51372c2ca5d629",
      "requiredOutputCount": 378,
      "productAttributableFailure": false,
      "controlLogSha256": "2244ada093b574252ea605ca186267ca7be905413544eeb1bd9daea8b664ceed",
      "candidateLogSha256": "e9a4a14ab33122993e28661a2795bcb25621bd60eeaa667bc2b92dbcc2487fef",
      "controlTaskOutcomes": {
        "total": 305,
        "executed": 109,
        "fromCache": 89,
        "upToDate": 23,
        "noSource": 65,
        "skipped": 19,
        "fingerprintSha256": "85399d45cd2d3615162148545d5babb68fb708dbdd29a2e2991b8e65724ce6a7",
        "tasks": [
          {
            "path": ":buildSrc:check",
            "outcome": "UP_TO_DATE"
          },
          {
            "path": ":buildSrc:checkstyleMain",
            "outcome": "FROM_CACHE"
          },
          {
            "path": ":buildSrc:checkstyleTest",
            "outcome": "FROM_CACHE"
          },
          {
            "path": ":buildSrc:classes",
            "outcome": "EXECUTED"
          },
          {
            "path": ":buildSrc:compileGroovy",
            "outcome": "NO_SOURCE"
          },
          {
            "path": ":buildSrc:compileJava",
            "outcome": "FROM_CACHE"
          },
          {
            "path": ":buildSrc:compileTestGroovy",
            "outcome": "NO_SOURCE"
          },
          {
            "path": ":buildSrc:compileTestJava",
            "outcome": "FROM_CACHE"
          },
          {
            "path": ":buildSrc:jar",
            "outcome": "EXECUTED"
          },
          {
            "path": ":buildSrc:pluginDescriptors",
            "outcome": "EXECUTED"
          },
          {
            "path": ":buildSrc:pluginUnderTestMetadata",
            "outcome": "EXECUTED"
          },
          {
            "path": ":buildSrc:processResources",
            "outcome": "EXECUTED"
          },
          {
            "path": ":buildSrc:processTestResources",
            "outcome": "NO_SOURCE"
          },
          {
            "path": ":buildSrc:test",
            "outcome": "FROM_CACHE"
          },
          {
            "path": ":buildSrc:testClasses",
            "outcome": "UP_TO_DATE"
          },
          {
            "path": ":buildSrc:validatePlugins",
            "outcome": "FROM_CACHE"
          },
          {
            "path": ":classes",
            "outcome": "UP_TO_DATE"
          },
          {
            "path": ":compileJava",
            "outcome": "NO_SOURCE"
          },
          {
            "path": ":compileTestFixturesJava",
            "outcome": "NO_SOURCE"
          },
          {
            "path": ":compileTestJava",
            "outcome": "NO_SOURCE"
          },
          {
            "path": ":framework-docs:checkKotlinGradlePluginConfigurationErrors",
            "outcome": "SKIPPED"
          },
          {
            "path": ":framework-docs:classes",
            "outcome": "EXECUTED"
          },
          {
            "path": ":framework-docs:compileJava",
            "outcome": "FROM_CACHE"
          },
          {
            "path": ":framework-docs:compileKotlin",
            "outcome": "FROM_CACHE"
          },
          {
            "path": ":framework-docs:compileTestJava",
            "outcome": "NO_SOURCE"
          },
          {
            "path": ":framework-docs:compileTestKotlin",
            "outcome": "NO_SOURCE"
          },
          {
            "path": ":framework-docs:jar",
            "outcome": "SKIPPED"
          },
          {
            "path": ":framework-docs:processResources",
            "outcome": "EXECUTED"
          },
          {
            "path": ":framework-docs:processTestResources",
            "outcome": "NO_SOURCE"
          },
          {
            "path": ":framework-docs:testClasses",
            "outcome": "UP_TO_DATE"
          },
          {
            "path": ":integration-tests:checkKotlinGradlePluginConfigurationErrors",
            "outcome": "SKIPPED"
          },
          {
            "path": ":integration-tests:classes",
            "outcome": "UP_TO_DATE"
          },
          {
            "path": ":integration-tests:compileJava",
            "outcome": "NO_SOURCE"
          },
          {
            "path": ":integration-tests:compileKotlin",
            "outcome": "NO_SOURCE"
          },
          {
            "path": ":integration-tests:compileTestFixturesJava",
            "outcome": "NO_SOURCE"
          },
          {
            "path": ":integration-tests:compileTestFixturesKotlin",
            "outcome": "NO_SOURCE"
          },
          {
            "path": ":integration-tests:compileTestJava",
            "outcome": "FROM_CACHE"
          },
          {
            "path": ":integration-tests:compileTestKotlin",
            "outcome": "FROM_CACHE"
          },
          {
            "path": ":integration-tests:jar",
            "outcome": "EXECUTED"
          },
          {
            "path": ":integration-tests:processResources",
            "outcome": "NO_SOURCE"
          },
          {
            "path": ":integration-tests:processTestFixturesResources",
            "outcome": "NO_SOURCE"
          },
          {
            "path": ":integration-tests:processTestResources",
            "outcome": "EXECUTED"
          },
          {
            "path": ":integration-tests:testClasses",
            "outcome": "EXECUTED"
          },
          {
            "path": ":integration-tests:testFixturesClasses",
            "outcome": "UP_TO_DATE"
          },
          {
            "path": ":integration-tests:testFixturesJar",
            "outcome": "EXECUTED"
          },
          {
            "path": ":jar",
            "outcome": "EXECUTED"
          },
          {
            "path": ":processResources",
            "outcome": "NO_SOURCE"
          },
          {
            "path": ":processTestResources",
            "outcome": "NO_SOURCE"
          },
          {
            "path": ":spring-aop:checkKotlinGradlePluginConfigurationErrors",
            "outcome": "SKIPPED"
          },
          {
            "path": ":spring-aop:classes",
            "outcome": "EXECUTED"
          },
          {
            "path": ":spring-aop:compileJava",
            "outcome": "FROM_CACHE"
          },
          {
            "path": ":spring-aop:compileKotlin",
            "outcome": "NO_SOURCE"
          },
          {
            "path": ":spring-aop:compileTestFixturesJava",
            "outcome": "FROM_CACHE"
          },
          {
            "path": ":spring-aop:compileTestFixturesKotlin",
            "outcome": "NO_SOURCE"
          },
          {
            "path": ":spring-aop:compileTestJava",
            "outcome": "FROM_CACHE"
          },
          {
            "path": ":spring-aop:compileTestKotlin",
            "outcome": "FROM_CACHE"
          },
          {
            "path": ":spring-aop:jar",
            "outcome": "EXECUTED"
          },
          {
            "path": ":spring-aop:processResources",
            "outcome": "EXECUTED"
          },
          {
            "path": ":spring-aop:processTestFixturesResources",
            "outcome": "NO_SOURCE"
          },
          {
            "path": ":spring-aop:processTestResources",
            "outcome": "EXECUTED"
          },
          {
            "path": ":spring-aop:testClasses",
            "outcome": "EXECUTED"
          },
          {
            "path": ":spring-aop:testFixturesClasses",
            "outcome": "UP_TO_DATE"
          },
          {
            "path": ":spring-aop:testFixturesJar",
            "outcome": "EXECUTED"
          },
          {
            "path": ":spring-aspects:classes",
            "outcome": "EXECUTED"
          },
          {
            "path": ":spring-aspects:compileAspectj",
            "outcome": "FROM_CACHE"
          },
          {
            "path": ":spring-aspects:compileJava",
            "outcome": "SKIPPED"
          },
          {
            "path": ":spring-aspects:compileTestAspectj",
            "outcome": "FROM_CACHE"
          },
          {
            "path": ":spring-aspects:compileTestFixturesAspectj",
            "outcome": "NO_SOURCE"
          },
          {
            "path": ":spring-aspects:compileTestFixturesJava",
            "outcome": "SKIPPED"
          },
          {
            "path": ":spring-aspects:compileTestJava",
            "outcome": "SKIPPED"
          },
          {
            "path": ":spring-aspects:processResources",
            "outcome": "EXECUTED"
          },
          {
            "path": ":spring-aspects:processTestResources",
            "outcome": "EXECUTED"
          },
          {
            "path": ":spring-aspects:testClasses",
            "outcome": "EXECUTED"
          },
          {
            "path": ":spring-beans:checkKotlinGradlePluginConfigurationErrors",
            "outcome": "SKIPPED"
          },
          {
            "path": ":spring-beans:classes",
            "outcome": "EXECUTED"
          },
          {
            "path": ":spring-beans:compileJava",
            "outcome": "FROM_CACHE"
          },
          {
            "path": ":spring-beans:compileKotlin",
            "outcome": "FROM_CACHE"
          },
          {
            "path": ":spring-beans:compileTestFixturesJava",
            "outcome": "FROM_CACHE"
          },
          {
            "path": ":spring-beans:compileTestFixturesKotlin",
            "outcome": "FROM_CACHE"
          },
          {
            "path": ":spring-beans:compileTestJava",
            "outcome": "FROM_CACHE"
          },
          {
            "path": ":spring-beans:compileTestKotlin",
            "outcome": "FROM_CACHE"
          },
          {
            "path": ":spring-beans:jar",
            "outcome": "EXECUTED"
          },
          {
            "path": ":spring-beans:processResources",
            "outcome": "EXECUTED"
          },
          {
            "path": ":spring-beans:processTestFixturesResources",
            "outcome": "EXECUTED"
          },
          {
            "path": ":spring-beans:processTestResources",
            "outcome": "EXECUTED"
          },
          {
            "path": ":spring-beans:testClasses",
            "outcome": "EXECUTED"
          },
          {
            "path": ":spring-beans:testFixturesClasses",
            "outcome": "EXECUTED"
          },
          {
            "path": ":spring-beans:testFixturesJar",
            "outcome": "EXECUTED"
          },
          {
            "path": ":spring-context-indexer:compileJava",
            "outcome": "FROM_CACHE"
          },
          {
            "path": ":spring-context-indexer:compileTestFixturesJava",
            "outcome": "NO_SOURCE"
          },
          {
            "path": ":spring-context-indexer:compileTestJava",
            "outcome": "FROM_CACHE"
          },
          {
            "path": ":spring-context-indexer:processTestResources",
            "outcome": "NO_SOURCE"
          },
          {
            "path": ":spring-context-indexer:testClasses",
            "outcome": "UP_TO_DATE"
          },
          {
            "path": ":spring-context-support:compileJava",
            "outcome": "FROM_CACHE"
          },
          {
            "path": ":spring-context-support:compileTestFixturesJava",
            "outcome": "FROM_CACHE"
          },
          {
            "path": ":spring-context-support:compileTestJava",
            "outcome": "FROM_CACHE"
          },
          {
            "path": ":spring-context-support:processTestResources",
            "outcome": "EXECUTED"
          },
          {
            "path": ":spring-context-support:testClasses",
            "outcome": "EXECUTED"
          },
          {
            "path": ":spring-context:checkKotlinGradlePluginConfigurationErrors",
            "outcome": "SKIPPED"
          },
          {
            "path": ":spring-context:classes",
            "outcome": "EXECUTED"
          },
          {
            "path": ":spring-context:compileJava",
            "outcome": "FROM_CACHE"
          },
          {
            "path": ":spring-context:compileKotlin",
            "outcome": "FROM_CACHE"
          },
          {
            "path": ":spring-context:compileTestFixturesJava",
            "outcome": "FROM_CACHE"
          },
          {
            "path": ":spring-context:compileTestFixturesKotlin",
            "outcome": "NO_SOURCE"
          },
          {
            "path": ":spring-context:compileTestJava",
            "outcome": "FROM_CACHE"
          },
          {
            "path": ":spring-context:compileTestKotlin",
            "outcome": "FROM_CACHE"
          },
          {
            "path": ":spring-context:jar",
            "outcome": "EXECUTED"
          },
          {
            "path": ":spring-context:processResources",
            "outcome": "EXECUTED"
          },
          {
            "path": ":spring-context:processTestFixturesResources",
            "outcome": "NO_SOURCE"
          },
          {
            "path": ":spring-context:processTestResources",
            "outcome": "EXECUTED"
          },
          {
            "path": ":spring-context:testClasses",
            "outcome": "EXECUTED"
          },
          {
            "path": ":spring-context:testFixturesClasses",
            "outcome": "UP_TO_DATE"
          },
          {
            "path": ":spring-context:testFixturesJar",
            "outcome": "EXECUTED"
          },
          {
            "path": ":spring-core-test:compileJava",
            "outcome": "FROM_CACHE"
          },
          {
            "path": ":spring-core-test:compileTestFixturesJava",
            "outcome": "NO_SOURCE"
          },
          {
            "path": ":spring-core-test:compileTestJava",
            "outcome": "FROM_CACHE"
          },
          {
            "path": ":spring-core-test:processTestResources",
            "outcome": "EXECUTED"
          },
          {
            "path": ":spring-core-test:testClasses",
            "outcome": "EXECUTED"
          },
          {
            "path": ":spring-core:checkKotlinGradlePluginConfigurationErrors",
            "outcome": "SKIPPED"
          },
          {
            "path": ":spring-core:classes",
            "outcome": "EXECUTED"
          },
          {
            "path": ":spring-core:compileJava",
            "outcome": "FROM_CACHE"
          },
          {
            "path": ":spring-core:compileJava21Java",
            "outcome": "FROM_CACHE"
          },
          {
            "path": ":spring-core:compileJava21Kotlin",
            "outcome": "NO_SOURCE"
          },
          {
            "path": ":spring-core:compileJava24Java",
            "outcome": "FROM_CACHE"
          },
          {
            "path": ":spring-core:compileJava24Kotlin",
            "outcome": "NO_SOURCE"
          },
          {
            "path": ":spring-core:compileKotlin",
            "outcome": "FROM_CACHE"
          },
          {
            "path": ":spring-core:compileTestFixturesJava",
            "outcome": "FROM_CACHE"
          },
          {
            "path": ":spring-core:compileTestFixturesKotlin",
            "outcome": "NO_SOURCE"
          },
          {
            "path": ":spring-core:compileTestJava",
            "outcome": "FROM_CACHE"
          },
          {
            "path": ":spring-core:compileTestKotlin",
            "outcome": "FROM_CACHE"
          },
          {
            "path": ":spring-core:jar",
            "outcome": "EXECUTED"
          },
          {
            "path": ":spring-core:java21Classes",
            "outcome": "UP_TO_DATE"
          },
          {
            "path": ":spring-core:java24Classes",
            "outcome": "UP_TO_DATE"
          },
          {
            "path": ":spring-core:javapoetRepackJar",
            "outcome": "FROM_CACHE"
          },
          {
            "path": ":spring-core:objenesisRepackJar",
            "outcome": "FROM_CACHE"
          },
          {
            "path": ":spring-core:processJava21Resources",
            "outcome": "NO_SOURCE"
          },
          {
            "path": ":spring-core:processJava24Resources",
            "outcome": "NO_SOURCE"
          },
          {
            "path": ":spring-core:processResources",
            "outcome": "EXECUTED"
          },
          {
            "path": ":spring-core:processTestFixturesResources",
            "outcome": "NO_SOURCE"
          },
          {
            "path": ":spring-core:processTestResources",
            "outcome": "EXECUTED"
          },
          {
            "path": ":spring-core:testClasses",
            "outcome": "EXECUTED"
          },
          {
            "path": ":spring-core:testFixturesClasses",
            "outcome": "UP_TO_DATE"
          },
          {
            "path": ":spring-core:testFixturesJar",
            "outcome": "EXECUTED"
          },
          {
            "path": ":spring-expression:checkKotlinGradlePluginConfigurationErrors",
            "outcome": "SKIPPED"
          },
          {
            "path": ":spring-expression:classes",
            "outcome": "UP_TO_DATE"
          },
          {
            "path": ":spring-expression:compileJava",
            "outcome": "FROM_CACHE"
          },
          {
            "path": ":spring-expression:compileKotlin",
            "outcome": "NO_SOURCE"
          },
          {
            "path": ":spring-expression:compileTestFixturesJava",
            "outcome": "NO_SOURCE"
          },
          {
            "path": ":spring-expression:compileTestFixturesKotlin",
            "outcome": "NO_SOURCE"
          },
          {
            "path": ":spring-expression:compileTestJava",
            "outcome": "FROM_CACHE"
          },
          {
            "path": ":spring-expression:compileTestKotlin",
            "outcome": "FROM_CACHE"
          },
          {
            "path": ":spring-expression:jar",
            "outcome": "EXECUTED"
          },
          {
            "path": ":spring-expression:processResources",
            "outcome": "NO_SOURCE"
          },
          {
            "path": ":spring-expression:processTestFixturesResources",
            "outcome": "NO_SOURCE"
          },
          {
            "path": ":spring-expression:processTestResources",
            "outcome": "EXECUTED"
          },
          {
            "path": ":spring-expression:testClasses",
            "outcome": "EXECUTED"
          },
          {
            "path": ":spring-expression:testFixturesClasses",
            "outcome": "UP_TO_DATE"
          },
          {
            "path": ":spring-expression:testFixturesJar",
            "outcome": "EXECUTED"
          },
          {
            "path": ":spring-instrument:compileJava",
            "outcome": "FROM_CACHE"
          },
          {
            "path": ":spring-instrument:compileTestFixturesJava",
            "outcome": "NO_SOURCE"
          },
          {
            "path": ":spring-instrument:compileTestJava",
            "outcome": "NO_SOURCE"
          },
          {
            "path": ":spring-instrument:processTestResources",
            "outcome": "NO_SOURCE"
          },
          {
            "path": ":spring-instrument:testClasses",
            "outcome": "UP_TO_DATE"
          },
          {
            "path": ":spring-jdbc:checkKotlinGradlePluginConfigurationErrors",
            "outcome": "SKIPPED"
          },
          {
            "path": ":spring-jdbc:classes",
            "outcome": "EXECUTED"
          },
          {
            "path": ":spring-jdbc:compileJava",
            "outcome": "FROM_CACHE"
          },
          {
            "path": ":spring-jdbc:compileKotlin",
            "outcome": "FROM_CACHE"
          },
          {
            "path": ":spring-jdbc:compileTestFixturesJava",
            "outcome": "NO_SOURCE"
          },
          {
            "path": ":spring-jdbc:compileTestFixturesKotlin",
            "outcome": "NO_SOURCE"
          },
          {
            "path": ":spring-jdbc:compileTestJava",
            "outcome": "FROM_CACHE"
          },
          {
            "path": ":spring-jdbc:compileTestKotlin",
            "outcome": "FROM_CACHE"
          },
          {
            "path": ":spring-jdbc:jar",
            "outcome": "EXECUTED"
          },
          {
            "path": ":spring-jdbc:processResources",
            "outcome": "EXECUTED"
          },
          {
            "path": ":spring-jdbc:processTestFixturesResources",
            "outcome": "NO_SOURCE"
          },
          {
            "path": ":spring-jdbc:processTestResources",
            "outcome": "EXECUTED"
          },
          {
            "path": ":spring-jdbc:testClasses",
            "outcome": "EXECUTED"
          },
          {
            "path": ":spring-jdbc:testFixturesClasses",
            "outcome": "UP_TO_DATE"
          },
          {
            "path": ":spring-jdbc:testFixturesJar",
            "outcome": "EXECUTED"
          },
          {
            "path": ":spring-jms:compileJava",
            "outcome": "EXECUTED"
          },
          {
            "path": ":spring-jms:compileTestFixturesJava",
            "outcome": "NO_SOURCE"
          },
          {
            "path": ":spring-jms:compileTestJava",
            "outcome": "FROM_CACHE"
          },
          {
            "path": ":spring-jms:processTestResources",
            "outcome": "EXECUTED"
          },
          {
            "path": ":spring-jms:testClasses",
            "outcome": "EXECUTED"
          },
          {
            "path": ":spring-messaging:checkKotlinGradlePluginConfigurationErrors",
            "outcome": "SKIPPED"
          },
          {
            "path": ":spring-messaging:classes",
            "outcome": "EXECUTED"
          },
          {
            "path": ":spring-messaging:compileJava",
            "outcome": "FROM_CACHE"
          },
          {
            "path": ":spring-messaging:compileKotlin",
            "outcome": "FROM_CACHE"
          },
          {
            "path": ":spring-messaging:compileTestFixturesJava",
            "outcome": "NO_SOURCE"
          },
          {
            "path": ":spring-messaging:compileTestFixturesKotlin",
            "outcome": "NO_SOURCE"
          },
          {
            "path": ":spring-messaging:compileTestJava",
            "outcome": "FROM_CACHE"
          },
          {
            "path": ":spring-messaging:compileTestKotlin",
            "outcome": "FROM_CACHE"
          },
          {
            "path": ":spring-messaging:jar",
            "outcome": "EXECUTED"
          },
          {
            "path": ":spring-messaging:processResources",
            "outcome": "EXECUTED"
          },
          {
            "path": ":spring-messaging:processTestFixturesResources",
            "outcome": "NO_SOURCE"
          },
          {
            "path": ":spring-messaging:processTestResources",
            "outcome": "EXECUTED"
          },
          {
            "path": ":spring-messaging:testClasses",
            "outcome": "EXECUTED"
          },
          {
            "path": ":spring-messaging:testFixturesClasses",
            "outcome": "UP_TO_DATE"
          },
          {
            "path": ":spring-messaging:testFixturesJar",
            "outcome": "EXECUTED"
          },
          {
            "path": ":spring-orm:compileJava",
            "outcome": "FROM_CACHE"
          },
          {
            "path": ":spring-orm:compileTestFixturesJava",
            "outcome": "NO_SOURCE"
          },
          {
            "path": ":spring-orm:compileTestJava",
            "outcome": "FROM_CACHE"
          },
          {
            "path": ":spring-orm:processTestResources",
            "outcome": "EXECUTED"
          },
          {
            "path": ":spring-orm:testClasses",
            "outcome": "EXECUTED"
          },
          {
            "path": ":spring-oxm:compileJava",
            "outcome": "FROM_CACHE"
          },
          {
            "path": ":spring-oxm:compileTestFixturesJava",
            "outcome": "NO_SOURCE"
          },
          {
            "path": ":spring-oxm:compileTestJava",
            "outcome": "FROM_CACHE"
          },
          {
            "path": ":spring-oxm:processTestResources",
            "outcome": "EXECUTED"
          },
          {
            "path": ":spring-oxm:testClasses",
            "outcome": "EXECUTED"
          },
          {
            "path": ":spring-oxm:xjc",
            "outcome": "FROM_CACHE"
          },
          {
            "path": ":spring-r2dbc:checkKotlinGradlePluginConfigurationErrors",
            "outcome": "SKIPPED"
          },
          {
            "path": ":spring-r2dbc:classes",
            "outcome": "EXECUTED"
          },
          {
            "path": ":spring-r2dbc:compileJava",
            "outcome": "FROM_CACHE"
          },
          {
            "path": ":spring-r2dbc:compileKotlin",
            "outcome": "FROM_CACHE"
          },
          {
            "path": ":spring-r2dbc:compileTestFixturesJava",
            "outcome": "NO_SOURCE"
          },
          {
            "path": ":spring-r2dbc:compileTestFixturesKotlin",
            "outcome": "NO_SOURCE"
          },
          {
            "path": ":spring-r2dbc:compileTestJava",
            "outcome": "FROM_CACHE"
          },
          {
            "path": ":spring-r2dbc:compileTestKotlin",
            "outcome": "FROM_CACHE"
          },
          {
            "path": ":spring-r2dbc:jar",
            "outcome": "EXECUTED"
          },
          {
            "path": ":spring-r2dbc:processResources",
            "outcome": "EXECUTED"
          },
          {
            "path": ":spring-r2dbc:processTestFixturesResources",
            "outcome": "NO_SOURCE"
          },
          {
            "path": ":spring-r2dbc:processTestResources",
            "outcome": "EXECUTED"
          },
          {
            "path": ":spring-r2dbc:testClasses",
            "outcome": "EXECUTED"
          },
          {
            "path": ":spring-r2dbc:testFixturesClasses",
            "outcome": "UP_TO_DATE"
          },
          {
            "path": ":spring-r2dbc:testFixturesJar",
            "outcome": "EXECUTED"
          },
          {
            "path": ":spring-test:checkKotlinGradlePluginConfigurationErrors",
            "outcome": "SKIPPED"
          },
          {
            "path": ":spring-test:classes",
            "outcome": "EXECUTED"
          },
          {
            "path": ":spring-test:compileJava",
            "outcome": "FROM_CACHE"
          },
          {
            "path": ":spring-test:compileKotlin",
            "outcome": "FROM_CACHE"
          },
          {
            "path": ":spring-test:compileTestFixturesJava",
            "outcome": "NO_SOURCE"
          },
          {
            "path": ":spring-test:compileTestFixturesKotlin",
            "outcome": "NO_SOURCE"
          },
          {
            "path": ":spring-test:compileTestJava",
            "outcome": "FROM_CACHE"
          },
          {
            "path": ":spring-test:compileTestKotlin",
            "outcome": "FROM_CACHE"
          },
          {
            "path": ":spring-test:jar",
            "outcome": "EXECUTED"
          },
          {
            "path": ":spring-test:processResources",
            "outcome": "EXECUTED"
          },
          {
            "path": ":spring-test:processTestFixturesResources",
            "outcome": "NO_SOURCE"
          },
          {
            "path": ":spring-test:processTestResources",
            "outcome": "EXECUTED"
          },
          {
            "path": ":spring-test:testClasses",
            "outcome": "EXECUTED"
          },
          {
            "path": ":spring-test:testFixturesClasses",
            "outcome": "UP_TO_DATE"
          },
          {
            "path": ":spring-test:testFixturesJar",
            "outcome": "EXECUTED"
          },
          {
            "path": ":spring-tx:checkKotlinGradlePluginConfigurationErrors",
            "outcome": "SKIPPED"
          },
          {
            "path": ":spring-tx:classes",
            "outcome": "EXECUTED"
          },
          {
            "path": ":spring-tx:compileJava",
            "outcome": "FROM_CACHE"
          },
          {
            "path": ":spring-tx:compileKotlin",
            "outcome": "FROM_CACHE"
          },
          {
            "path": ":spring-tx:compileTestFixturesJava",
            "outcome": "FROM_CACHE"
          },
          {
            "path": ":spring-tx:compileTestFixturesKotlin",
            "outcome": "NO_SOURCE"
          },
          {
            "path": ":spring-tx:compileTestJava",
            "outcome": "FROM_CACHE"
          },
          {
            "path": ":spring-tx:compileTestKotlin",
            "outcome": "FROM_CACHE"
          },
          {
            "path": ":spring-tx:jar",
            "outcome": "EXECUTED"
          },
          {
            "path": ":spring-tx:processResources",
            "outcome": "EXECUTED"
          },
          {
            "path": ":spring-tx:processTestFixturesResources",
            "outcome": "NO_SOURCE"
          },
          {
            "path": ":spring-tx:processTestResources",
            "outcome": "EXECUTED"
          },
          {
            "path": ":spring-tx:testClasses",
            "outcome": "EXECUTED"
          },
          {
            "path": ":spring-tx:testFixturesClasses",
            "outcome": "UP_TO_DATE"
          },
          {
            "path": ":spring-tx:testFixturesJar",
            "outcome": "EXECUTED"
          },
          {
            "path": ":spring-web:checkKotlinGradlePluginConfigurationErrors",
            "outcome": "SKIPPED"
          },
          {
            "path": ":spring-web:classes",
            "outcome": "EXECUTED"
          },
          {
            "path": ":spring-web:compileJava",
            "outcome": "FROM_CACHE"
          },
          {
            "path": ":spring-web:compileKotlin",
            "outcome": "FROM_CACHE"
          },
          {
            "path": ":spring-web:compileTestFixturesJava",
            "outcome": "FROM_CACHE"
          },
          {
            "path": ":spring-web:compileTestFixturesKotlin",
            "outcome": "NO_SOURCE"
          },
          {
            "path": ":spring-web:compileTestJava",
            "outcome": "FROM_CACHE"
          },
          {
            "path": ":spring-web:compileTestKotlin",
            "outcome": "FROM_CACHE"
          },
          {
            "path": ":spring-web:jar",
            "outcome": "EXECUTED"
          },
          {
            "path": ":spring-web:processResources",
            "outcome": "EXECUTED"
          },
          {
            "path": ":spring-web:processTestFixturesResources",
            "outcome": "EXECUTED"
          },
          {
            "path": ":spring-web:processTestResources",
            "outcome": "EXECUTED"
          },
          {
            "path": ":spring-web:testClasses",
            "outcome": "EXECUTED"
          },
          {
            "path": ":spring-web:testFixturesClasses",
            "outcome": "EXECUTED"
          },
          {
            "path": ":spring-web:testFixturesJar",
            "outcome": "EXECUTED"
          },
          {
            "path": ":spring-webflux:checkKotlinGradlePluginConfigurationErrors",
            "outcome": "SKIPPED"
          },
          {
            "path": ":spring-webflux:classes",
            "outcome": "EXECUTED"
          },
          {
            "path": ":spring-webflux:compileJava",
            "outcome": "FROM_CACHE"
          },
          {
            "path": ":spring-webflux:compileKotlin",
            "outcome": "FROM_CACHE"
          },
          {
            "path": ":spring-webflux:compileTestFixturesJava",
            "outcome": "NO_SOURCE"
          },
          {
            "path": ":spring-webflux:compileTestFixturesKotlin",
            "outcome": "NO_SOURCE"
          },
          {
            "path": ":spring-webflux:compileTestJava",
            "outcome": "FROM_CACHE"
          },
          {
            "path": ":spring-webflux:compileTestKotlin",
            "outcome": "FROM_CACHE"
          },
          {
            "path": ":spring-webflux:jar",
            "outcome": "EXECUTED"
          },
          {
            "path": ":spring-webflux:processResources",
            "outcome": "EXECUTED"
          },
          {
            "path": ":spring-webflux:processTestFixturesResources",
            "outcome": "NO_SOURCE"
          },
          {
            "path": ":spring-webflux:processTestResources",
            "outcome": "EXECUTED"
          },
          {
            "path": ":spring-webflux:testClasses",
            "outcome": "EXECUTED"
          },
          {
            "path": ":spring-webflux:testFixturesClasses",
            "outcome": "UP_TO_DATE"
          },
          {
            "path": ":spring-webflux:testFixturesJar",
            "outcome": "EXECUTED"
          },
          {
            "path": ":spring-webmvc:checkKotlinGradlePluginConfigurationErrors",
            "outcome": "SKIPPED"
          },
          {
            "path": ":spring-webmvc:classes",
            "outcome": "EXECUTED"
          },
          {
            "path": ":spring-webmvc:compileJava",
            "outcome": "FROM_CACHE"
          },
          {
            "path": ":spring-webmvc:compileKotlin",
            "outcome": "FROM_CACHE"
          },
          {
            "path": ":spring-webmvc:compileTestFixturesJava",
            "outcome": "NO_SOURCE"
          },
          {
            "path": ":spring-webmvc:compileTestFixturesKotlin",
            "outcome": "NO_SOURCE"
          },
          {
            "path": ":spring-webmvc:compileTestJava",
            "outcome": "FROM_CACHE"
          },
          {
            "path": ":spring-webmvc:compileTestKotlin",
            "outcome": "FROM_CACHE"
          },
          {
            "path": ":spring-webmvc:jar",
            "outcome": "EXECUTED"
          },
          {
            "path": ":spring-webmvc:processResources",
            "outcome": "EXECUTED"
          },
          {
            "path": ":spring-webmvc:processTestFixturesResources",
            "outcome": "NO_SOURCE"
          },
          {
            "path": ":spring-webmvc:processTestResources",
            "outcome": "EXECUTED"
          },
          {
            "path": ":spring-webmvc:testClasses",
            "outcome": "EXECUTED"
          },
          {
            "path": ":spring-webmvc:testFixturesClasses",
            "outcome": "UP_TO_DATE"
          },
          {
            "path": ":spring-webmvc:testFixturesJar",
            "outcome": "EXECUTED"
          },
          {
            "path": ":spring-websocket:compileJava",
            "outcome": "FROM_CACHE"
          },
          {
            "path": ":spring-websocket:compileTestFixturesJava",
            "outcome": "NO_SOURCE"
          },
          {
            "path": ":spring-websocket:compileTestJava",
            "outcome": "FROM_CACHE"
          },
          {
            "path": ":spring-websocket:processTestResources",
            "outcome": "EXECUTED"
          },
          {
            "path": ":spring-websocket:testClasses",
            "outcome": "EXECUTED"
          },
          {
            "path": ":testClasses",
            "outcome": "UP_TO_DATE"
          }
        ]
      },
      "candidateTaskOutcomes": {
        "total": 56,
        "executed": 14,
        "fromCache": 26,
        "upToDate": 2,
        "noSource": 7,
        "skipped": 7,
        "fingerprintSha256": "af08640256e4ce968a02546a34fd5e7b170359e73fd1255332a0b813d6a2b3f6",
        "tasks": [
          {
            "path": ":buildSrc:check",
            "outcome": "UP_TO_DATE"
          },
          {
            "path": ":buildSrc:checkstyleMain",
            "outcome": "FROM_CACHE"
          },
          {
            "path": ":buildSrc:checkstyleTest",
            "outcome": "FROM_CACHE"
          },
          {
            "path": ":buildSrc:classes",
            "outcome": "EXECUTED"
          },
          {
            "path": ":buildSrc:compileGroovy",
            "outcome": "NO_SOURCE"
          },
          {
            "path": ":buildSrc:compileJava",
            "outcome": "FROM_CACHE"
          },
          {
            "path": ":buildSrc:compileTestGroovy",
            "outcome": "NO_SOURCE"
          },
          {
            "path": ":buildSrc:compileTestJava",
            "outcome": "FROM_CACHE"
          },
          {
            "path": ":buildSrc:jar",
            "outcome": "EXECUTED"
          },
          {
            "path": ":buildSrc:pluginDescriptors",
            "outcome": "EXECUTED"
          },
          {
            "path": ":buildSrc:pluginUnderTestMetadata",
            "outcome": "EXECUTED"
          },
          {
            "path": ":buildSrc:processResources",
            "outcome": "EXECUTED"
          },
          {
            "path": ":buildSrc:processTestResources",
            "outcome": "NO_SOURCE"
          },
          {
            "path": ":buildSrc:test",
            "outcome": "FROM_CACHE"
          },
          {
            "path": ":buildSrc:testClasses",
            "outcome": "UP_TO_DATE"
          },
          {
            "path": ":buildSrc:validatePlugins",
            "outcome": "FROM_CACHE"
          },
          {
            "path": ":spring-aop:checkKotlinGradlePluginConfigurationErrors",
            "outcome": "SKIPPED"
          },
          {
            "path": ":spring-aop:compileJava",
            "outcome": "FROM_CACHE"
          },
          {
            "path": ":spring-aop:compileKotlin",
            "outcome": "NO_SOURCE"
          },
          {
            "path": ":spring-beans:checkKotlinGradlePluginConfigurationErrors",
            "outcome": "SKIPPED"
          },
          {
            "path": ":spring-beans:classes",
            "outcome": "EXECUTED"
          },
          {
            "path": ":spring-beans:compileJava",
            "outcome": "FROM_CACHE"
          },
          {
            "path": ":spring-beans:compileKotlin",
            "outcome": "FROM_CACHE"
          },
          {
            "path": ":spring-beans:compileTestFixturesJava",
            "outcome": "FROM_CACHE"
          },
          {
            "path": ":spring-beans:compileTestFixturesKotlin",
            "outcome": "FROM_CACHE"
          },
          {
            "path": ":spring-beans:jar",
            "outcome": "EXECUTED"
          },
          {
            "path": ":spring-beans:processResources",
            "outcome": "EXECUTED"
          },
          {
            "path": ":spring-context:checkKotlinGradlePluginConfigurationErrors",
            "outcome": "SKIPPED"
          },
          {
            "path": ":spring-context:compileJava",
            "outcome": "FROM_CACHE"
          },
          {
            "path": ":spring-context:compileKotlin",
            "outcome": "FROM_CACHE"
          },
          {
            "path": ":spring-core:checkKotlinGradlePluginConfigurationErrors",
            "outcome": "SKIPPED"
          },
          {
            "path": ":spring-core:compileJava",
            "outcome": "FROM_CACHE"
          },
          {
            "path": ":spring-core:compileKotlin",
            "outcome": "FROM_CACHE"
          },
          {
            "path": ":spring-core:javapoetRepackJar",
            "outcome": "FROM_CACHE"
          },
          {
            "path": ":spring-core:objenesisRepackJar",
            "outcome": "FROM_CACHE"
          },
          {
            "path": ":spring-expression:checkKotlinGradlePluginConfigurationErrors",
            "outcome": "SKIPPED"
          },
          {
            "path": ":spring-expression:compileJava",
            "outcome": "FROM_CACHE"
          },
          {
            "path": ":spring-expression:compileKotlin",
            "outcome": "NO_SOURCE"
          },
          {
            "path": ":spring-instrument:compileJava",
            "outcome": "FROM_CACHE"
          },
          {
            "path": ":spring-jms:compileJava",
            "outcome": "EXECUTED"
          },
          {
            "path": ":spring-jms:compileTestFixturesJava",
            "outcome": "NO_SOURCE"
          },
          {
            "path": ":spring-jms:compileTestJava",
            "outcome": "FROM_CACHE"
          },
          {
            "path": ":spring-jms:processTestResources",
            "outcome": "EXECUTED"
          },
          {
            "path": ":spring-jms:testClasses",
            "outcome": "EXECUTED"
          },
          {
            "path": ":spring-messaging:checkKotlinGradlePluginConfigurationErrors",
            "outcome": "SKIPPED"
          },
          {
            "path": ":spring-messaging:compileJava",
            "outcome": "FROM_CACHE"
          },
          {
            "path": ":spring-messaging:compileKotlin",
            "outcome": "FROM_CACHE"
          },
          {
            "path": ":spring-oxm:compileJava",
            "outcome": "FROM_CACHE"
          },
          {
            "path": ":spring-tx:checkKotlinGradlePluginConfigurationErrors",
            "outcome": "SKIPPED"
          },
          {
            "path": ":spring-tx:classes",
            "outcome": "EXECUTED"
          },
          {
            "path": ":spring-tx:compileJava",
            "outcome": "FROM_CACHE"
          },
          {
            "path": ":spring-tx:compileKotlin",
            "outcome": "FROM_CACHE"
          },
          {
            "path": ":spring-tx:compileTestFixturesJava",
            "outcome": "FROM_CACHE"
          },
          {
            "path": ":spring-tx:compileTestFixturesKotlin",
            "outcome": "NO_SOURCE"
          },
          {
            "path": ":spring-tx:jar",
            "outcome": "EXECUTED"
          },
          {
            "path": ":spring-tx:processResources",
            "outcome": "EXECUTED"
          }
        ]
      },
      "controlHostPressure": {
        "available": true,
        "cpuSomeTotalUs": 123381,
        "memorySomeTotalUs": 0,
        "memoryFullTotalUs": 0,
        "ioSomeTotalUs": 9110159,
        "ioFullTotalUs": 6313149
      },
      "candidateHostPressure": {
        "available": true,
        "cpuSomeTotalUs": 34881,
        "memorySomeTotalUs": 0,
        "memoryFullTotalUs": 0,
        "ioSomeTotalUs": 8726265,
        "ioFullTotalUs": 7579797
      }
    },
    {
      "pair": 6,
      "order": "CANDIDATE_FIRST",
      "controlDurationMs": 12711,
      "candidateDurationMs": 10393,
      "savedMs": 2318,
      "controlRequiredOutputSha256": "c1de7856f3bfbec061af1a6a147e489da0bd960aca43bf326e51372c2ca5d629",
      "candidateRequiredOutputSha256": "c1de7856f3bfbec061af1a6a147e489da0bd960aca43bf326e51372c2ca5d629",
      "requiredOutputCount": 378,
      "productAttributableFailure": false,
      "controlLogSha256": "95e10b5872f326baa53c6522ae37fd2c25cf6d37b5209af98b45f93382dc9ec6",
      "candidateLogSha256": "86b71a4f918aeedd798d3761c821dcf457be0f801cd4d66a98257c6d2abebe38",
      "controlTaskOutcomes": {
        "total": 305,
        "executed": 109,
        "fromCache": 89,
        "upToDate": 23,
        "noSource": 65,
        "skipped": 19,
        "fingerprintSha256": "85399d45cd2d3615162148545d5babb68fb708dbdd29a2e2991b8e65724ce6a7",
        "tasks": [
          {
            "path": ":buildSrc:check",
            "outcome": "UP_TO_DATE"
          },
          {
            "path": ":buildSrc:checkstyleMain",
            "outcome": "FROM_CACHE"
          },
          {
            "path": ":buildSrc:checkstyleTest",
            "outcome": "FROM_CACHE"
          },
          {
            "path": ":buildSrc:classes",
            "outcome": "EXECUTED"
          },
          {
            "path": ":buildSrc:compileGroovy",
            "outcome": "NO_SOURCE"
          },
          {
            "path": ":buildSrc:compileJava",
            "outcome": "FROM_CACHE"
          },
          {
            "path": ":buildSrc:compileTestGroovy",
            "outcome": "NO_SOURCE"
          },
          {
            "path": ":buildSrc:compileTestJava",
            "outcome": "FROM_CACHE"
          },
          {
            "path": ":buildSrc:jar",
            "outcome": "EXECUTED"
          },
          {
            "path": ":buildSrc:pluginDescriptors",
            "outcome": "EXECUTED"
          },
          {
            "path": ":buildSrc:pluginUnderTestMetadata",
            "outcome": "EXECUTED"
          },
          {
            "path": ":buildSrc:processResources",
            "outcome": "EXECUTED"
          },
          {
            "path": ":buildSrc:processTestResources",
            "outcome": "NO_SOURCE"
          },
          {
            "path": ":buildSrc:test",
            "outcome": "FROM_CACHE"
          },
          {
            "path": ":buildSrc:testClasses",
            "outcome": "UP_TO_DATE"
          },
          {
            "path": ":buildSrc:validatePlugins",
            "outcome": "FROM_CACHE"
          },
          {
            "path": ":classes",
            "outcome": "UP_TO_DATE"
          },
          {
            "path": ":compileJava",
            "outcome": "NO_SOURCE"
          },
          {
            "path": ":compileTestFixturesJava",
            "outcome": "NO_SOURCE"
          },
          {
            "path": ":compileTestJava",
            "outcome": "NO_SOURCE"
          },
          {
            "path": ":framework-docs:checkKotlinGradlePluginConfigurationErrors",
            "outcome": "SKIPPED"
          },
          {
            "path": ":framework-docs:classes",
            "outcome": "EXECUTED"
          },
          {
            "path": ":framework-docs:compileJava",
            "outcome": "FROM_CACHE"
          },
          {
            "path": ":framework-docs:compileKotlin",
            "outcome": "FROM_CACHE"
          },
          {
            "path": ":framework-docs:compileTestJava",
            "outcome": "NO_SOURCE"
          },
          {
            "path": ":framework-docs:compileTestKotlin",
            "outcome": "NO_SOURCE"
          },
          {
            "path": ":framework-docs:jar",
            "outcome": "SKIPPED"
          },
          {
            "path": ":framework-docs:processResources",
            "outcome": "EXECUTED"
          },
          {
            "path": ":framework-docs:processTestResources",
            "outcome": "NO_SOURCE"
          },
          {
            "path": ":framework-docs:testClasses",
            "outcome": "UP_TO_DATE"
          },
          {
            "path": ":integration-tests:checkKotlinGradlePluginConfigurationErrors",
            "outcome": "SKIPPED"
          },
          {
            "path": ":integration-tests:classes",
            "outcome": "UP_TO_DATE"
          },
          {
            "path": ":integration-tests:compileJava",
            "outcome": "NO_SOURCE"
          },
          {
            "path": ":integration-tests:compileKotlin",
            "outcome": "NO_SOURCE"
          },
          {
            "path": ":integration-tests:compileTestFixturesJava",
            "outcome": "NO_SOURCE"
          },
          {
            "path": ":integration-tests:compileTestFixturesKotlin",
            "outcome": "NO_SOURCE"
          },
          {
            "path": ":integration-tests:compileTestJava",
            "outcome": "FROM_CACHE"
          },
          {
            "path": ":integration-tests:compileTestKotlin",
            "outcome": "FROM_CACHE"
          },
          {
            "path": ":integration-tests:jar",
            "outcome": "EXECUTED"
          },
          {
            "path": ":integration-tests:processResources",
            "outcome": "NO_SOURCE"
          },
          {
            "path": ":integration-tests:processTestFixturesResources",
            "outcome": "NO_SOURCE"
          },
          {
            "path": ":integration-tests:processTestResources",
            "outcome": "EXECUTED"
          },
          {
            "path": ":integration-tests:testClasses",
            "outcome": "EXECUTED"
          },
          {
            "path": ":integration-tests:testFixturesClasses",
            "outcome": "UP_TO_DATE"
          },
          {
            "path": ":integration-tests:testFixturesJar",
            "outcome": "EXECUTED"
          },
          {
            "path": ":jar",
            "outcome": "EXECUTED"
          },
          {
            "path": ":processResources",
            "outcome": "NO_SOURCE"
          },
          {
            "path": ":processTestResources",
            "outcome": "NO_SOURCE"
          },
          {
            "path": ":spring-aop:checkKotlinGradlePluginConfigurationErrors",
            "outcome": "SKIPPED"
          },
          {
            "path": ":spring-aop:classes",
            "outcome": "EXECUTED"
          },
          {
            "path": ":spring-aop:compileJava",
            "outcome": "FROM_CACHE"
          },
          {
            "path": ":spring-aop:compileKotlin",
            "outcome": "NO_SOURCE"
          },
          {
            "path": ":spring-aop:compileTestFixturesJava",
            "outcome": "FROM_CACHE"
          },
          {
            "path": ":spring-aop:compileTestFixturesKotlin",
            "outcome": "NO_SOURCE"
          },
          {
            "path": ":spring-aop:compileTestJava",
            "outcome": "FROM_CACHE"
          },
          {
            "path": ":spring-aop:compileTestKotlin",
            "outcome": "FROM_CACHE"
          },
          {
            "path": ":spring-aop:jar",
            "outcome": "EXECUTED"
          },
          {
            "path": ":spring-aop:processResources",
            "outcome": "EXECUTED"
          },
          {
            "path": ":spring-aop:processTestFixturesResources",
            "outcome": "NO_SOURCE"
          },
          {
            "path": ":spring-aop:processTestResources",
            "outcome": "EXECUTED"
          },
          {
            "path": ":spring-aop:testClasses",
            "outcome": "EXECUTED"
          },
          {
            "path": ":spring-aop:testFixturesClasses",
            "outcome": "UP_TO_DATE"
          },
          {
            "path": ":spring-aop:testFixturesJar",
            "outcome": "EXECUTED"
          },
          {
            "path": ":spring-aspects:classes",
            "outcome": "EXECUTED"
          },
          {
            "path": ":spring-aspects:compileAspectj",
            "outcome": "FROM_CACHE"
          },
          {
            "path": ":spring-aspects:compileJava",
            "outcome": "SKIPPED"
          },
          {
            "path": ":spring-aspects:compileTestAspectj",
            "outcome": "FROM_CACHE"
          },
          {
            "path": ":spring-aspects:compileTestFixturesAspectj",
            "outcome": "NO_SOURCE"
          },
          {
            "path": ":spring-aspects:compileTestFixturesJava",
            "outcome": "SKIPPED"
          },
          {
            "path": ":spring-aspects:compileTestJava",
            "outcome": "SKIPPED"
          },
          {
            "path": ":spring-aspects:processResources",
            "outcome": "EXECUTED"
          },
          {
            "path": ":spring-aspects:processTestResources",
            "outcome": "EXECUTED"
          },
          {
            "path": ":spring-aspects:testClasses",
            "outcome": "EXECUTED"
          },
          {
            "path": ":spring-beans:checkKotlinGradlePluginConfigurationErrors",
            "outcome": "SKIPPED"
          },
          {
            "path": ":spring-beans:classes",
            "outcome": "EXECUTED"
          },
          {
            "path": ":spring-beans:compileJava",
            "outcome": "FROM_CACHE"
          },
          {
            "path": ":spring-beans:compileKotlin",
            "outcome": "FROM_CACHE"
          },
          {
            "path": ":spring-beans:compileTestFixturesJava",
            "outcome": "FROM_CACHE"
          },
          {
            "path": ":spring-beans:compileTestFixturesKotlin",
            "outcome": "FROM_CACHE"
          },
          {
            "path": ":spring-beans:compileTestJava",
            "outcome": "FROM_CACHE"
          },
          {
            "path": ":spring-beans:compileTestKotlin",
            "outcome": "FROM_CACHE"
          },
          {
            "path": ":spring-beans:jar",
            "outcome": "EXECUTED"
          },
          {
            "path": ":spring-beans:processResources",
            "outcome": "EXECUTED"
          },
          {
            "path": ":spring-beans:processTestFixturesResources",
            "outcome": "EXECUTED"
          },
          {
            "path": ":spring-beans:processTestResources",
            "outcome": "EXECUTED"
          },
          {
            "path": ":spring-beans:testClasses",
            "outcome": "EXECUTED"
          },
          {
            "path": ":spring-beans:testFixturesClasses",
            "outcome": "EXECUTED"
          },
          {
            "path": ":spring-beans:testFixturesJar",
            "outcome": "EXECUTED"
          },
          {
            "path": ":spring-context-indexer:compileJava",
            "outcome": "FROM_CACHE"
          },
          {
            "path": ":spring-context-indexer:compileTestFixturesJava",
            "outcome": "NO_SOURCE"
          },
          {
            "path": ":spring-context-indexer:compileTestJava",
            "outcome": "FROM_CACHE"
          },
          {
            "path": ":spring-context-indexer:processTestResources",
            "outcome": "NO_SOURCE"
          },
          {
            "path": ":spring-context-indexer:testClasses",
            "outcome": "UP_TO_DATE"
          },
          {
            "path": ":spring-context-support:compileJava",
            "outcome": "FROM_CACHE"
          },
          {
            "path": ":spring-context-support:compileTestFixturesJava",
            "outcome": "FROM_CACHE"
          },
          {
            "path": ":spring-context-support:compileTestJava",
            "outcome": "FROM_CACHE"
          },
          {
            "path": ":spring-context-support:processTestResources",
            "outcome": "EXECUTED"
          },
          {
            "path": ":spring-context-support:testClasses",
            "outcome": "EXECUTED"
          },
          {
            "path": ":spring-context:checkKotlinGradlePluginConfigurationErrors",
            "outcome": "SKIPPED"
          },
          {
            "path": ":spring-context:classes",
            "outcome": "EXECUTED"
          },
          {
            "path": ":spring-context:compileJava",
            "outcome": "FROM_CACHE"
          },
          {
            "path": ":spring-context:compileKotlin",
            "outcome": "FROM_CACHE"
          },
          {
            "path": ":spring-context:compileTestFixturesJava",
            "outcome": "FROM_CACHE"
          },
          {
            "path": ":spring-context:compileTestFixturesKotlin",
            "outcome": "NO_SOURCE"
          },
          {
            "path": ":spring-context:compileTestJava",
            "outcome": "FROM_CACHE"
          },
          {
            "path": ":spring-context:compileTestKotlin",
            "outcome": "FROM_CACHE"
          },
          {
            "path": ":spring-context:jar",
            "outcome": "EXECUTED"
          },
          {
            "path": ":spring-context:processResources",
            "outcome": "EXECUTED"
          },
          {
            "path": ":spring-context:processTestFixturesResources",
            "outcome": "NO_SOURCE"
          },
          {
            "path": ":spring-context:processTestResources",
            "outcome": "EXECUTED"
          },
          {
            "path": ":spring-context:testClasses",
            "outcome": "EXECUTED"
          },
          {
            "path": ":spring-context:testFixturesClasses",
            "outcome": "UP_TO_DATE"
          },
          {
            "path": ":spring-context:testFixturesJar",
            "outcome": "EXECUTED"
          },
          {
            "path": ":spring-core-test:compileJava",
            "outcome": "FROM_CACHE"
          },
          {
            "path": ":spring-core-test:compileTestFixturesJava",
            "outcome": "NO_SOURCE"
          },
          {
            "path": ":spring-core-test:compileTestJava",
            "outcome": "FROM_CACHE"
          },
          {
            "path": ":spring-core-test:processTestResources",
            "outcome": "EXECUTED"
          },
          {
            "path": ":spring-core-test:testClasses",
            "outcome": "EXECUTED"
          },
          {
            "path": ":spring-core:checkKotlinGradlePluginConfigurationErrors",
            "outcome": "SKIPPED"
          },
          {
            "path": ":spring-core:classes",
            "outcome": "EXECUTED"
          },
          {
            "path": ":spring-core:compileJava",
            "outcome": "FROM_CACHE"
          },
          {
            "path": ":spring-core:compileJava21Java",
            "outcome": "FROM_CACHE"
          },
          {
            "path": ":spring-core:compileJava21Kotlin",
            "outcome": "NO_SOURCE"
          },
          {
            "path": ":spring-core:compileJava24Java",
            "outcome": "FROM_CACHE"
          },
          {
            "path": ":spring-core:compileJava24Kotlin",
            "outcome": "NO_SOURCE"
          },
          {
            "path": ":spring-core:compileKotlin",
            "outcome": "FROM_CACHE"
          },
          {
            "path": ":spring-core:compileTestFixturesJava",
            "outcome": "FROM_CACHE"
          },
          {
            "path": ":spring-core:compileTestFixturesKotlin",
            "outcome": "NO_SOURCE"
          },
          {
            "path": ":spring-core:compileTestJava",
            "outcome": "FROM_CACHE"
          },
          {
            "path": ":spring-core:compileTestKotlin",
            "outcome": "FROM_CACHE"
          },
          {
            "path": ":spring-core:jar",
            "outcome": "EXECUTED"
          },
          {
            "path": ":spring-core:java21Classes",
            "outcome": "UP_TO_DATE"
          },
          {
            "path": ":spring-core:java24Classes",
            "outcome": "UP_TO_DATE"
          },
          {
            "path": ":spring-core:javapoetRepackJar",
            "outcome": "FROM_CACHE"
          },
          {
            "path": ":spring-core:objenesisRepackJar",
            "outcome": "FROM_CACHE"
          },
          {
            "path": ":spring-core:processJava21Resources",
            "outcome": "NO_SOURCE"
          },
          {
            "path": ":spring-core:processJava24Resources",
            "outcome": "NO_SOURCE"
          },
          {
            "path": ":spring-core:processResources",
            "outcome": "EXECUTED"
          },
          {
            "path": ":spring-core:processTestFixturesResources",
            "outcome": "NO_SOURCE"
          },
          {
            "path": ":spring-core:processTestResources",
            "outcome": "EXECUTED"
          },
          {
            "path": ":spring-core:testClasses",
            "outcome": "EXECUTED"
          },
          {
            "path": ":spring-core:testFixturesClasses",
            "outcome": "UP_TO_DATE"
          },
          {
            "path": ":spring-core:testFixturesJar",
            "outcome": "EXECUTED"
          },
          {
            "path": ":spring-expression:checkKotlinGradlePluginConfigurationErrors",
            "outcome": "SKIPPED"
          },
          {
            "path": ":spring-expression:classes",
            "outcome": "UP_TO_DATE"
          },
          {
            "path": ":spring-expression:compileJava",
            "outcome": "FROM_CACHE"
          },
          {
            "path": ":spring-expression:compileKotlin",
            "outcome": "NO_SOURCE"
          },
          {
            "path": ":spring-expression:compileTestFixturesJava",
            "outcome": "NO_SOURCE"
          },
          {
            "path": ":spring-expression:compileTestFixturesKotlin",
            "outcome": "NO_SOURCE"
          },
          {
            "path": ":spring-expression:compileTestJava",
            "outcome": "FROM_CACHE"
          },
          {
            "path": ":spring-expression:compileTestKotlin",
            "outcome": "FROM_CACHE"
          },
          {
            "path": ":spring-expression:jar",
            "outcome": "EXECUTED"
          },
          {
            "path": ":spring-expression:processResources",
            "outcome": "NO_SOURCE"
          },
          {
            "path": ":spring-expression:processTestFixturesResources",
            "outcome": "NO_SOURCE"
          },
          {
            "path": ":spring-expression:processTestResources",
            "outcome": "EXECUTED"
          },
          {
            "path": ":spring-expression:testClasses",
            "outcome": "EXECUTED"
          },
          {
            "path": ":spring-expression:testFixturesClasses",
            "outcome": "UP_TO_DATE"
          },
          {
            "path": ":spring-expression:testFixturesJar",
            "outcome": "EXECUTED"
          },
          {
            "path": ":spring-instrument:compileJava",
            "outcome": "FROM_CACHE"
          },
          {
            "path": ":spring-instrument:compileTestFixturesJava",
            "outcome": "NO_SOURCE"
          },
          {
            "path": ":spring-instrument:compileTestJava",
            "outcome": "NO_SOURCE"
          },
          {
            "path": ":spring-instrument:processTestResources",
            "outcome": "NO_SOURCE"
          },
          {
            "path": ":spring-instrument:testClasses",
            "outcome": "UP_TO_DATE"
          },
          {
            "path": ":spring-jdbc:checkKotlinGradlePluginConfigurationErrors",
            "outcome": "SKIPPED"
          },
          {
            "path": ":spring-jdbc:classes",
            "outcome": "EXECUTED"
          },
          {
            "path": ":spring-jdbc:compileJava",
            "outcome": "FROM_CACHE"
          },
          {
            "path": ":spring-jdbc:compileKotlin",
            "outcome": "FROM_CACHE"
          },
          {
            "path": ":spring-jdbc:compileTestFixturesJava",
            "outcome": "NO_SOURCE"
          },
          {
            "path": ":spring-jdbc:compileTestFixturesKotlin",
            "outcome": "NO_SOURCE"
          },
          {
            "path": ":spring-jdbc:compileTestJava",
            "outcome": "FROM_CACHE"
          },
          {
            "path": ":spring-jdbc:compileTestKotlin",
            "outcome": "FROM_CACHE"
          },
          {
            "path": ":spring-jdbc:jar",
            "outcome": "EXECUTED"
          },
          {
            "path": ":spring-jdbc:processResources",
            "outcome": "EXECUTED"
          },
          {
            "path": ":spring-jdbc:processTestFixturesResources",
            "outcome": "NO_SOURCE"
          },
          {
            "path": ":spring-jdbc:processTestResources",
            "outcome": "EXECUTED"
          },
          {
            "path": ":spring-jdbc:testClasses",
            "outcome": "EXECUTED"
          },
          {
            "path": ":spring-jdbc:testFixturesClasses",
            "outcome": "UP_TO_DATE"
          },
          {
            "path": ":spring-jdbc:testFixturesJar",
            "outcome": "EXECUTED"
          },
          {
            "path": ":spring-jms:compileJava",
            "outcome": "EXECUTED"
          },
          {
            "path": ":spring-jms:compileTestFixturesJava",
            "outcome": "NO_SOURCE"
          },
          {
            "path": ":spring-jms:compileTestJava",
            "outcome": "FROM_CACHE"
          },
          {
            "path": ":spring-jms:processTestResources",
            "outcome": "EXECUTED"
          },
          {
            "path": ":spring-jms:testClasses",
            "outcome": "EXECUTED"
          },
          {
            "path": ":spring-messaging:checkKotlinGradlePluginConfigurationErrors",
            "outcome": "SKIPPED"
          },
          {
            "path": ":spring-messaging:classes",
            "outcome": "EXECUTED"
          },
          {
            "path": ":spring-messaging:compileJava",
            "outcome": "FROM_CACHE"
          },
          {
            "path": ":spring-messaging:compileKotlin",
            "outcome": "FROM_CACHE"
          },
          {
            "path": ":spring-messaging:compileTestFixturesJava",
            "outcome": "NO_SOURCE"
          },
          {
            "path": ":spring-messaging:compileTestFixturesKotlin",
            "outcome": "NO_SOURCE"
          },
          {
            "path": ":spring-messaging:compileTestJava",
            "outcome": "FROM_CACHE"
          },
          {
            "path": ":spring-messaging:compileTestKotlin",
            "outcome": "FROM_CACHE"
          },
          {
            "path": ":spring-messaging:jar",
            "outcome": "EXECUTED"
          },
          {
            "path": ":spring-messaging:processResources",
            "outcome": "EXECUTED"
          },
          {
            "path": ":spring-messaging:processTestFixturesResources",
            "outcome": "NO_SOURCE"
          },
          {
            "path": ":spring-messaging:processTestResources",
            "outcome": "EXECUTED"
          },
          {
            "path": ":spring-messaging:testClasses",
            "outcome": "EXECUTED"
          },
          {
            "path": ":spring-messaging:testFixturesClasses",
            "outcome": "UP_TO_DATE"
          },
          {
            "path": ":spring-messaging:testFixturesJar",
            "outcome": "EXECUTED"
          },
          {
            "path": ":spring-orm:compileJava",
            "outcome": "FROM_CACHE"
          },
          {
            "path": ":spring-orm:compileTestFixturesJava",
            "outcome": "NO_SOURCE"
          },
          {
            "path": ":spring-orm:compileTestJava",
            "outcome": "FROM_CACHE"
          },
          {
            "path": ":spring-orm:processTestResources",
            "outcome": "EXECUTED"
          },
          {
            "path": ":spring-orm:testClasses",
            "outcome": "EXECUTED"
          },
          {
            "path": ":spring-oxm:compileJava",
            "outcome": "FROM_CACHE"
          },
          {
            "path": ":spring-oxm:compileTestFixturesJava",
            "outcome": "NO_SOURCE"
          },
          {
            "path": ":spring-oxm:compileTestJava",
            "outcome": "FROM_CACHE"
          },
          {
            "path": ":spring-oxm:processTestResources",
            "outcome": "EXECUTED"
          },
          {
            "path": ":spring-oxm:testClasses",
            "outcome": "EXECUTED"
          },
          {
            "path": ":spring-oxm:xjc",
            "outcome": "FROM_CACHE"
          },
          {
            "path": ":spring-r2dbc:checkKotlinGradlePluginConfigurationErrors",
            "outcome": "SKIPPED"
          },
          {
            "path": ":spring-r2dbc:classes",
            "outcome": "EXECUTED"
          },
          {
            "path": ":spring-r2dbc:compileJava",
            "outcome": "FROM_CACHE"
          },
          {
            "path": ":spring-r2dbc:compileKotlin",
            "outcome": "FROM_CACHE"
          },
          {
            "path": ":spring-r2dbc:compileTestFixturesJava",
            "outcome": "NO_SOURCE"
          },
          {
            "path": ":spring-r2dbc:compileTestFixturesKotlin",
            "outcome": "NO_SOURCE"
          },
          {
            "path": ":spring-r2dbc:compileTestJava",
            "outcome": "FROM_CACHE"
          },
          {
            "path": ":spring-r2dbc:compileTestKotlin",
            "outcome": "FROM_CACHE"
          },
          {
            "path": ":spring-r2dbc:jar",
            "outcome": "EXECUTED"
          },
          {
            "path": ":spring-r2dbc:processResources",
            "outcome": "EXECUTED"
          },
          {
            "path": ":spring-r2dbc:processTestFixturesResources",
            "outcome": "NO_SOURCE"
          },
          {
            "path": ":spring-r2dbc:processTestResources",
            "outcome": "EXECUTED"
          },
          {
            "path": ":spring-r2dbc:testClasses",
            "outcome": "EXECUTED"
          },
          {
            "path": ":spring-r2dbc:testFixturesClasses",
            "outcome": "UP_TO_DATE"
          },
          {
            "path": ":spring-r2dbc:testFixturesJar",
            "outcome": "EXECUTED"
          },
          {
            "path": ":spring-test:checkKotlinGradlePluginConfigurationErrors",
            "outcome": "SKIPPED"
          },
          {
            "path": ":spring-test:classes",
            "outcome": "EXECUTED"
          },
          {
            "path": ":spring-test:compileJava",
            "outcome": "FROM_CACHE"
          },
          {
            "path": ":spring-test:compileKotlin",
            "outcome": "FROM_CACHE"
          },
          {
            "path": ":spring-test:compileTestFixturesJava",
            "outcome": "NO_SOURCE"
          },
          {
            "path": ":spring-test:compileTestFixturesKotlin",
            "outcome": "NO_SOURCE"
          },
          {
            "path": ":spring-test:compileTestJava",
            "outcome": "FROM_CACHE"
          },
          {
            "path": ":spring-test:compileTestKotlin",
            "outcome": "FROM_CACHE"
          },
          {
            "path": ":spring-test:jar",
            "outcome": "EXECUTED"
          },
          {
            "path": ":spring-test:processResources",
            "outcome": "EXECUTED"
          },
          {
            "path": ":spring-test:processTestFixturesResources",
            "outcome": "NO_SOURCE"
          },
          {
            "path": ":spring-test:processTestResources",
            "outcome": "EXECUTED"
          },
          {
            "path": ":spring-test:testClasses",
            "outcome": "EXECUTED"
          },
          {
            "path": ":spring-test:testFixturesClasses",
            "outcome": "UP_TO_DATE"
          },
          {
            "path": ":spring-test:testFixturesJar",
            "outcome": "EXECUTED"
          },
          {
            "path": ":spring-tx:checkKotlinGradlePluginConfigurationErrors",
            "outcome": "SKIPPED"
          },
          {
            "path": ":spring-tx:classes",
            "outcome": "EXECUTED"
          },
          {
            "path": ":spring-tx:compileJava",
            "outcome": "FROM_CACHE"
          },
          {
            "path": ":spring-tx:compileKotlin",
            "outcome": "FROM_CACHE"
          },
          {
            "path": ":spring-tx:compileTestFixturesJava",
            "outcome": "FROM_CACHE"
          },
          {
            "path": ":spring-tx:compileTestFixturesKotlin",
            "outcome": "NO_SOURCE"
          },
          {
            "path": ":spring-tx:compileTestJava",
            "outcome": "FROM_CACHE"
          },
          {
            "path": ":spring-tx:compileTestKotlin",
            "outcome": "FROM_CACHE"
          },
          {
            "path": ":spring-tx:jar",
            "outcome": "EXECUTED"
          },
          {
            "path": ":spring-tx:processResources",
            "outcome": "EXECUTED"
          },
          {
            "path": ":spring-tx:processTestFixturesResources",
            "outcome": "NO_SOURCE"
          },
          {
            "path": ":spring-tx:processTestResources",
            "outcome": "EXECUTED"
          },
          {
            "path": ":spring-tx:testClasses",
            "outcome": "EXECUTED"
          },
          {
            "path": ":spring-tx:testFixturesClasses",
            "outcome": "UP_TO_DATE"
          },
          {
            "path": ":spring-tx:testFixturesJar",
            "outcome": "EXECUTED"
          },
          {
            "path": ":spring-web:checkKotlinGradlePluginConfigurationErrors",
            "outcome": "SKIPPED"
          },
          {
            "path": ":spring-web:classes",
            "outcome": "EXECUTED"
          },
          {
            "path": ":spring-web:compileJava",
            "outcome": "FROM_CACHE"
          },
          {
            "path": ":spring-web:compileKotlin",
            "outcome": "FROM_CACHE"
          },
          {
            "path": ":spring-web:compileTestFixturesJava",
            "outcome": "FROM_CACHE"
          },
          {
            "path": ":spring-web:compileTestFixturesKotlin",
            "outcome": "NO_SOURCE"
          },
          {
            "path": ":spring-web:compileTestJava",
            "outcome": "FROM_CACHE"
          },
          {
            "path": ":spring-web:compileTestKotlin",
            "outcome": "FROM_CACHE"
          },
          {
            "path": ":spring-web:jar",
            "outcome": "EXECUTED"
          },
          {
            "path": ":spring-web:processResources",
            "outcome": "EXECUTED"
          },
          {
            "path": ":spring-web:processTestFixturesResources",
            "outcome": "EXECUTED"
          },
          {
            "path": ":spring-web:processTestResources",
            "outcome": "EXECUTED"
          },
          {
            "path": ":spring-web:testClasses",
            "outcome": "EXECUTED"
          },
          {
            "path": ":spring-web:testFixturesClasses",
            "outcome": "EXECUTED"
          },
          {
            "path": ":spring-web:testFixturesJar",
            "outcome": "EXECUTED"
          },
          {
            "path": ":spring-webflux:checkKotlinGradlePluginConfigurationErrors",
            "outcome": "SKIPPED"
          },
          {
            "path": ":spring-webflux:classes",
            "outcome": "EXECUTED"
          },
          {
            "path": ":spring-webflux:compileJava",
            "outcome": "FROM_CACHE"
          },
          {
            "path": ":spring-webflux:compileKotlin",
            "outcome": "FROM_CACHE"
          },
          {
            "path": ":spring-webflux:compileTestFixturesJava",
            "outcome": "NO_SOURCE"
          },
          {
            "path": ":spring-webflux:compileTestFixturesKotlin",
            "outcome": "NO_SOURCE"
          },
          {
            "path": ":spring-webflux:compileTestJava",
            "outcome": "FROM_CACHE"
          },
          {
            "path": ":spring-webflux:compileTestKotlin",
            "outcome": "FROM_CACHE"
          },
          {
            "path": ":spring-webflux:jar",
            "outcome": "EXECUTED"
          },
          {
            "path": ":spring-webflux:processResources",
            "outcome": "EXECUTED"
          },
          {
            "path": ":spring-webflux:processTestFixturesResources",
            "outcome": "NO_SOURCE"
          },
          {
            "path": ":spring-webflux:processTestResources",
            "outcome": "EXECUTED"
          },
          {
            "path": ":spring-webflux:testClasses",
            "outcome": "EXECUTED"
          },
          {
            "path": ":spring-webflux:testFixturesClasses",
            "outcome": "UP_TO_DATE"
          },
          {
            "path": ":spring-webflux:testFixturesJar",
            "outcome": "EXECUTED"
          },
          {
            "path": ":spring-webmvc:checkKotlinGradlePluginConfigurationErrors",
            "outcome": "SKIPPED"
          },
          {
            "path": ":spring-webmvc:classes",
            "outcome": "EXECUTED"
          },
          {
            "path": ":spring-webmvc:compileJava",
            "outcome": "FROM_CACHE"
          },
          {
            "path": ":spring-webmvc:compileKotlin",
            "outcome": "FROM_CACHE"
          },
          {
            "path": ":spring-webmvc:compileTestFixturesJava",
            "outcome": "NO_SOURCE"
          },
          {
            "path": ":spring-webmvc:compileTestFixturesKotlin",
            "outcome": "NO_SOURCE"
          },
          {
            "path": ":spring-webmvc:compileTestJava",
            "outcome": "FROM_CACHE"
          },
          {
            "path": ":spring-webmvc:compileTestKotlin",
            "outcome": "FROM_CACHE"
          },
          {
            "path": ":spring-webmvc:jar",
            "outcome": "EXECUTED"
          },
          {
            "path": ":spring-webmvc:processResources",
            "outcome": "EXECUTED"
          },
          {
            "path": ":spring-webmvc:processTestFixturesResources",
            "outcome": "NO_SOURCE"
          },
          {
            "path": ":spring-webmvc:processTestResources",
            "outcome": "EXECUTED"
          },
          {
            "path": ":spring-webmvc:testClasses",
            "outcome": "EXECUTED"
          },
          {
            "path": ":spring-webmvc:testFixturesClasses",
            "outcome": "UP_TO_DATE"
          },
          {
            "path": ":spring-webmvc:testFixturesJar",
            "outcome": "EXECUTED"
          },
          {
            "path": ":spring-websocket:compileJava",
            "outcome": "FROM_CACHE"
          },
          {
            "path": ":spring-websocket:compileTestFixturesJava",
            "outcome": "NO_SOURCE"
          },
          {
            "path": ":spring-websocket:compileTestJava",
            "outcome": "FROM_CACHE"
          },
          {
            "path": ":spring-websocket:processTestResources",
            "outcome": "EXECUTED"
          },
          {
            "path": ":spring-websocket:testClasses",
            "outcome": "EXECUTED"
          },
          {
            "path": ":testClasses",
            "outcome": "UP_TO_DATE"
          }
        ]
      },
      "candidateTaskOutcomes": {
        "total": 56,
        "executed": 14,
        "fromCache": 26,
        "upToDate": 2,
        "noSource": 7,
        "skipped": 7,
        "fingerprintSha256": "af08640256e4ce968a02546a34fd5e7b170359e73fd1255332a0b813d6a2b3f6",
        "tasks": [
          {
            "path": ":buildSrc:check",
            "outcome": "UP_TO_DATE"
          },
          {
            "path": ":buildSrc:checkstyleMain",
            "outcome": "FROM_CACHE"
          },
          {
            "path": ":buildSrc:checkstyleTest",
            "outcome": "FROM_CACHE"
          },
          {
            "path": ":buildSrc:classes",
            "outcome": "EXECUTED"
          },
          {
            "path": ":buildSrc:compileGroovy",
            "outcome": "NO_SOURCE"
          },
          {
            "path": ":buildSrc:compileJava",
            "outcome": "FROM_CACHE"
          },
          {
            "path": ":buildSrc:compileTestGroovy",
            "outcome": "NO_SOURCE"
          },
          {
            "path": ":buildSrc:compileTestJava",
            "outcome": "FROM_CACHE"
          },
          {
            "path": ":buildSrc:jar",
            "outcome": "EXECUTED"
          },
          {
            "path": ":buildSrc:pluginDescriptors",
            "outcome": "EXECUTED"
          },
          {
            "path": ":buildSrc:pluginUnderTestMetadata",
            "outcome": "EXECUTED"
          },
          {
            "path": ":buildSrc:processResources",
            "outcome": "EXECUTED"
          },
          {
            "path": ":buildSrc:processTestResources",
            "outcome": "NO_SOURCE"
          },
          {
            "path": ":buildSrc:test",
            "outcome": "FROM_CACHE"
          },
          {
            "path": ":buildSrc:testClasses",
            "outcome": "UP_TO_DATE"
          },
          {
            "path": ":buildSrc:validatePlugins",
            "outcome": "FROM_CACHE"
          },
          {
            "path": ":spring-aop:checkKotlinGradlePluginConfigurationErrors",
            "outcome": "SKIPPED"
          },
          {
            "path": ":spring-aop:compileJava",
            "outcome": "FROM_CACHE"
          },
          {
            "path": ":spring-aop:compileKotlin",
            "outcome": "NO_SOURCE"
          },
          {
            "path": ":spring-beans:checkKotlinGradlePluginConfigurationErrors",
            "outcome": "SKIPPED"
          },
          {
            "path": ":spring-beans:classes",
            "outcome": "EXECUTED"
          },
          {
            "path": ":spring-beans:compileJava",
            "outcome": "FROM_CACHE"
          },
          {
            "path": ":spring-beans:compileKotlin",
            "outcome": "FROM_CACHE"
          },
          {
            "path": ":spring-beans:compileTestFixturesJava",
            "outcome": "FROM_CACHE"
          },
          {
            "path": ":spring-beans:compileTestFixturesKotlin",
            "outcome": "FROM_CACHE"
          },
          {
            "path": ":spring-beans:jar",
            "outcome": "EXECUTED"
          },
          {
            "path": ":spring-beans:processResources",
            "outcome": "EXECUTED"
          },
          {
            "path": ":spring-context:checkKotlinGradlePluginConfigurationErrors",
            "outcome": "SKIPPED"
          },
          {
            "path": ":spring-context:compileJava",
            "outcome": "FROM_CACHE"
          },
          {
            "path": ":spring-context:compileKotlin",
            "outcome": "FROM_CACHE"
          },
          {
            "path": ":spring-core:checkKotlinGradlePluginConfigurationErrors",
            "outcome": "SKIPPED"
          },
          {
            "path": ":spring-core:compileJava",
            "outcome": "FROM_CACHE"
          },
          {
            "path": ":spring-core:compileKotlin",
            "outcome": "FROM_CACHE"
          },
          {
            "path": ":spring-core:javapoetRepackJar",
            "outcome": "FROM_CACHE"
          },
          {
            "path": ":spring-core:objenesisRepackJar",
            "outcome": "FROM_CACHE"
          },
          {
            "path": ":spring-expression:checkKotlinGradlePluginConfigurationErrors",
            "outcome": "SKIPPED"
          },
          {
            "path": ":spring-expression:compileJava",
            "outcome": "FROM_CACHE"
          },
          {
            "path": ":spring-expression:compileKotlin",
            "outcome": "NO_SOURCE"
          },
          {
            "path": ":spring-instrument:compileJava",
            "outcome": "FROM_CACHE"
          },
          {
            "path": ":spring-jms:compileJava",
            "outcome": "EXECUTED"
          },
          {
            "path": ":spring-jms:compileTestFixturesJava",
            "outcome": "NO_SOURCE"
          },
          {
            "path": ":spring-jms:compileTestJava",
            "outcome": "FROM_CACHE"
          },
          {
            "path": ":spring-jms:processTestResources",
            "outcome": "EXECUTED"
          },
          {
            "path": ":spring-jms:testClasses",
            "outcome": "EXECUTED"
          },
          {
            "path": ":spring-messaging:checkKotlinGradlePluginConfigurationErrors",
            "outcome": "SKIPPED"
          },
          {
            "path": ":spring-messaging:compileJava",
            "outcome": "FROM_CACHE"
          },
          {
            "path": ":spring-messaging:compileKotlin",
            "outcome": "FROM_CACHE"
          },
          {
            "path": ":spring-oxm:compileJava",
            "outcome": "FROM_CACHE"
          },
          {
            "path": ":spring-tx:checkKotlinGradlePluginConfigurationErrors",
            "outcome": "SKIPPED"
          },
          {
            "path": ":spring-tx:classes",
            "outcome": "EXECUTED"
          },
          {
            "path": ":spring-tx:compileJava",
            "outcome": "FROM_CACHE"
          },
          {
            "path": ":spring-tx:compileKotlin",
            "outcome": "FROM_CACHE"
          },
          {
            "path": ":spring-tx:compileTestFixturesJava",
            "outcome": "FROM_CACHE"
          },
          {
            "path": ":spring-tx:compileTestFixturesKotlin",
            "outcome": "NO_SOURCE"
          },
          {
            "path": ":spring-tx:jar",
            "outcome": "EXECUTED"
          },
          {
            "path": ":spring-tx:processResources",
            "outcome": "EXECUTED"
          }
        ]
      },
      "controlHostPressure": {
        "available": true,
        "cpuSomeTotalUs": 239282,
        "memorySomeTotalUs": 0,
        "memoryFullTotalUs": 0,
        "ioSomeTotalUs": 7909471,
        "ioFullTotalUs": 5548786
      },
      "candidateHostPressure": {
        "available": true,
        "cpuSomeTotalUs": 24886,
        "memorySomeTotalUs": 0,
        "memoryFullTotalUs": 0,
        "ioSomeTotalUs": 8132214,
        "ioFullTotalUs": 7044422
      }
    },
    {
      "pair": 7,
      "order": "CONTROL_FIRST",
      "controlDurationMs": 15869,
      "candidateDurationMs": 10245,
      "savedMs": 5624,
      "controlRequiredOutputSha256": "c1de7856f3bfbec061af1a6a147e489da0bd960aca43bf326e51372c2ca5d629",
      "candidateRequiredOutputSha256": "c1de7856f3bfbec061af1a6a147e489da0bd960aca43bf326e51372c2ca5d629",
      "requiredOutputCount": 378,
      "productAttributableFailure": false,
      "controlLogSha256": "744f95fa38882a3c1cff8e93b4b1cb152b72693434172b125f62c4c4bd03e350",
      "candidateLogSha256": "b4942060b750a89dbdce2aa9f541f39b366e812c971febeddd3d34087fcbd9c5",
      "controlTaskOutcomes": {
        "total": 305,
        "executed": 109,
        "fromCache": 89,
        "upToDate": 23,
        "noSource": 65,
        "skipped": 19,
        "fingerprintSha256": "85399d45cd2d3615162148545d5babb68fb708dbdd29a2e2991b8e65724ce6a7",
        "tasks": [
          {
            "path": ":buildSrc:check",
            "outcome": "UP_TO_DATE"
          },
          {
            "path": ":buildSrc:checkstyleMain",
            "outcome": "FROM_CACHE"
          },
          {
            "path": ":buildSrc:checkstyleTest",
            "outcome": "FROM_CACHE"
          },
          {
            "path": ":buildSrc:classes",
            "outcome": "EXECUTED"
          },
          {
            "path": ":buildSrc:compileGroovy",
            "outcome": "NO_SOURCE"
          },
          {
            "path": ":buildSrc:compileJava",
            "outcome": "FROM_CACHE"
          },
          {
            "path": ":buildSrc:compileTestGroovy",
            "outcome": "NO_SOURCE"
          },
          {
            "path": ":buildSrc:compileTestJava",
            "outcome": "FROM_CACHE"
          },
          {
            "path": ":buildSrc:jar",
            "outcome": "EXECUTED"
          },
          {
            "path": ":buildSrc:pluginDescriptors",
            "outcome": "EXECUTED"
          },
          {
            "path": ":buildSrc:pluginUnderTestMetadata",
            "outcome": "EXECUTED"
          },
          {
            "path": ":buildSrc:processResources",
            "outcome": "EXECUTED"
          },
          {
            "path": ":buildSrc:processTestResources",
            "outcome": "NO_SOURCE"
          },
          {
            "path": ":buildSrc:test",
            "outcome": "FROM_CACHE"
          },
          {
            "path": ":buildSrc:testClasses",
            "outcome": "UP_TO_DATE"
          },
          {
            "path": ":buildSrc:validatePlugins",
            "outcome": "FROM_CACHE"
          },
          {
            "path": ":classes",
            "outcome": "UP_TO_DATE"
          },
          {
            "path": ":compileJava",
            "outcome": "NO_SOURCE"
          },
          {
            "path": ":compileTestFixturesJava",
            "outcome": "NO_SOURCE"
          },
          {
            "path": ":compileTestJava",
            "outcome": "NO_SOURCE"
          },
          {
            "path": ":framework-docs:checkKotlinGradlePluginConfigurationErrors",
            "outcome": "SKIPPED"
          },
          {
            "path": ":framework-docs:classes",
            "outcome": "EXECUTED"
          },
          {
            "path": ":framework-docs:compileJava",
            "outcome": "FROM_CACHE"
          },
          {
            "path": ":framework-docs:compileKotlin",
            "outcome": "FROM_CACHE"
          },
          {
            "path": ":framework-docs:compileTestJava",
            "outcome": "NO_SOURCE"
          },
          {
            "path": ":framework-docs:compileTestKotlin",
            "outcome": "NO_SOURCE"
          },
          {
            "path": ":framework-docs:jar",
            "outcome": "SKIPPED"
          },
          {
            "path": ":framework-docs:processResources",
            "outcome": "EXECUTED"
          },
          {
            "path": ":framework-docs:processTestResources",
            "outcome": "NO_SOURCE"
          },
          {
            "path": ":framework-docs:testClasses",
            "outcome": "UP_TO_DATE"
          },
          {
            "path": ":integration-tests:checkKotlinGradlePluginConfigurationErrors",
            "outcome": "SKIPPED"
          },
          {
            "path": ":integration-tests:classes",
            "outcome": "UP_TO_DATE"
          },
          {
            "path": ":integration-tests:compileJava",
            "outcome": "NO_SOURCE"
          },
          {
            "path": ":integration-tests:compileKotlin",
            "outcome": "NO_SOURCE"
          },
          {
            "path": ":integration-tests:compileTestFixturesJava",
            "outcome": "NO_SOURCE"
          },
          {
            "path": ":integration-tests:compileTestFixturesKotlin",
            "outcome": "NO_SOURCE"
          },
          {
            "path": ":integration-tests:compileTestJava",
            "outcome": "FROM_CACHE"
          },
          {
            "path": ":integration-tests:compileTestKotlin",
            "outcome": "FROM_CACHE"
          },
          {
            "path": ":integration-tests:jar",
            "outcome": "EXECUTED"
          },
          {
            "path": ":integration-tests:processResources",
            "outcome": "NO_SOURCE"
          },
          {
            "path": ":integration-tests:processTestFixturesResources",
            "outcome": "NO_SOURCE"
          },
          {
            "path": ":integration-tests:processTestResources",
            "outcome": "EXECUTED"
          },
          {
            "path": ":integration-tests:testClasses",
            "outcome": "EXECUTED"
          },
          {
            "path": ":integration-tests:testFixturesClasses",
            "outcome": "UP_TO_DATE"
          },
          {
            "path": ":integration-tests:testFixturesJar",
            "outcome": "EXECUTED"
          },
          {
            "path": ":jar",
            "outcome": "EXECUTED"
          },
          {
            "path": ":processResources",
            "outcome": "NO_SOURCE"
          },
          {
            "path": ":processTestResources",
            "outcome": "NO_SOURCE"
          },
          {
            "path": ":spring-aop:checkKotlinGradlePluginConfigurationErrors",
            "outcome": "SKIPPED"
          },
          {
            "path": ":spring-aop:classes",
            "outcome": "EXECUTED"
          },
          {
            "path": ":spring-aop:compileJava",
            "outcome": "FROM_CACHE"
          },
          {
            "path": ":spring-aop:compileKotlin",
            "outcome": "NO_SOURCE"
          },
          {
            "path": ":spring-aop:compileTestFixturesJava",
            "outcome": "FROM_CACHE"
          },
          {
            "path": ":spring-aop:compileTestFixturesKotlin",
            "outcome": "NO_SOURCE"
          },
          {
            "path": ":spring-aop:compileTestJava",
            "outcome": "FROM_CACHE"
          },
          {
            "path": ":spring-aop:compileTestKotlin",
            "outcome": "FROM_CACHE"
          },
          {
            "path": ":spring-aop:jar",
            "outcome": "EXECUTED"
          },
          {
            "path": ":spring-aop:processResources",
            "outcome": "EXECUTED"
          },
          {
            "path": ":spring-aop:processTestFixturesResources",
            "outcome": "NO_SOURCE"
          },
          {
            "path": ":spring-aop:processTestResources",
            "outcome": "EXECUTED"
          },
          {
            "path": ":spring-aop:testClasses",
            "outcome": "EXECUTED"
          },
          {
            "path": ":spring-aop:testFixturesClasses",
            "outcome": "UP_TO_DATE"
          },
          {
            "path": ":spring-aop:testFixturesJar",
            "outcome": "EXECUTED"
          },
          {
            "path": ":spring-aspects:classes",
            "outcome": "EXECUTED"
          },
          {
            "path": ":spring-aspects:compileAspectj",
            "outcome": "FROM_CACHE"
          },
          {
            "path": ":spring-aspects:compileJava",
            "outcome": "SKIPPED"
          },
          {
            "path": ":spring-aspects:compileTestAspectj",
            "outcome": "FROM_CACHE"
          },
          {
            "path": ":spring-aspects:compileTestFixturesAspectj",
            "outcome": "NO_SOURCE"
          },
          {
            "path": ":spring-aspects:compileTestFixturesJava",
            "outcome": "SKIPPED"
          },
          {
            "path": ":spring-aspects:compileTestJava",
            "outcome": "SKIPPED"
          },
          {
            "path": ":spring-aspects:processResources",
            "outcome": "EXECUTED"
          },
          {
            "path": ":spring-aspects:processTestResources",
            "outcome": "EXECUTED"
          },
          {
            "path": ":spring-aspects:testClasses",
            "outcome": "EXECUTED"
          },
          {
            "path": ":spring-beans:checkKotlinGradlePluginConfigurationErrors",
            "outcome": "SKIPPED"
          },
          {
            "path": ":spring-beans:classes",
            "outcome": "EXECUTED"
          },
          {
            "path": ":spring-beans:compileJava",
            "outcome": "FROM_CACHE"
          },
          {
            "path": ":spring-beans:compileKotlin",
            "outcome": "FROM_CACHE"
          },
          {
            "path": ":spring-beans:compileTestFixturesJava",
            "outcome": "FROM_CACHE"
          },
          {
            "path": ":spring-beans:compileTestFixturesKotlin",
            "outcome": "FROM_CACHE"
          },
          {
            "path": ":spring-beans:compileTestJava",
            "outcome": "FROM_CACHE"
          },
          {
            "path": ":spring-beans:compileTestKotlin",
            "outcome": "FROM_CACHE"
          },
          {
            "path": ":spring-beans:jar",
            "outcome": "EXECUTED"
          },
          {
            "path": ":spring-beans:processResources",
            "outcome": "EXECUTED"
          },
          {
            "path": ":spring-beans:processTestFixturesResources",
            "outcome": "EXECUTED"
          },
          {
            "path": ":spring-beans:processTestResources",
            "outcome": "EXECUTED"
          },
          {
            "path": ":spring-beans:testClasses",
            "outcome": "EXECUTED"
          },
          {
            "path": ":spring-beans:testFixturesClasses",
            "outcome": "EXECUTED"
          },
          {
            "path": ":spring-beans:testFixturesJar",
            "outcome": "EXECUTED"
          },
          {
            "path": ":spring-context-indexer:compileJava",
            "outcome": "FROM_CACHE"
          },
          {
            "path": ":spring-context-indexer:compileTestFixturesJava",
            "outcome": "NO_SOURCE"
          },
          {
            "path": ":spring-context-indexer:compileTestJava",
            "outcome": "FROM_CACHE"
          },
          {
            "path": ":spring-context-indexer:processTestResources",
            "outcome": "NO_SOURCE"
          },
          {
            "path": ":spring-context-indexer:testClasses",
            "outcome": "UP_TO_DATE"
          },
          {
            "path": ":spring-context-support:compileJava",
            "outcome": "FROM_CACHE"
          },
          {
            "path": ":spring-context-support:compileTestFixturesJava",
            "outcome": "FROM_CACHE"
          },
          {
            "path": ":spring-context-support:compileTestJava",
            "outcome": "FROM_CACHE"
          },
          {
            "path": ":spring-context-support:processTestResources",
            "outcome": "EXECUTED"
          },
          {
            "path": ":spring-context-support:testClasses",
            "outcome": "EXECUTED"
          },
          {
            "path": ":spring-context:checkKotlinGradlePluginConfigurationErrors",
            "outcome": "SKIPPED"
          },
          {
            "path": ":spring-context:classes",
            "outcome": "EXECUTED"
          },
          {
            "path": ":spring-context:compileJava",
            "outcome": "FROM_CACHE"
          },
          {
            "path": ":spring-context:compileKotlin",
            "outcome": "FROM_CACHE"
          },
          {
            "path": ":spring-context:compileTestFixturesJava",
            "outcome": "FROM_CACHE"
          },
          {
            "path": ":spring-context:compileTestFixturesKotlin",
            "outcome": "NO_SOURCE"
          },
          {
            "path": ":spring-context:compileTestJava",
            "outcome": "FROM_CACHE"
          },
          {
            "path": ":spring-context:compileTestKotlin",
            "outcome": "FROM_CACHE"
          },
          {
            "path": ":spring-context:jar",
            "outcome": "EXECUTED"
          },
          {
            "path": ":spring-context:processResources",
            "outcome": "EXECUTED"
          },
          {
            "path": ":spring-context:processTestFixturesResources",
            "outcome": "NO_SOURCE"
          },
          {
            "path": ":spring-context:processTestResources",
            "outcome": "EXECUTED"
          },
          {
            "path": ":spring-context:testClasses",
            "outcome": "EXECUTED"
          },
          {
            "path": ":spring-context:testFixturesClasses",
            "outcome": "UP_TO_DATE"
          },
          {
            "path": ":spring-context:testFixturesJar",
            "outcome": "EXECUTED"
          },
          {
            "path": ":spring-core-test:compileJava",
            "outcome": "FROM_CACHE"
          },
          {
            "path": ":spring-core-test:compileTestFixturesJava",
            "outcome": "NO_SOURCE"
          },
          {
            "path": ":spring-core-test:compileTestJava",
            "outcome": "FROM_CACHE"
          },
          {
            "path": ":spring-core-test:processTestResources",
            "outcome": "EXECUTED"
          },
          {
            "path": ":spring-core-test:testClasses",
            "outcome": "EXECUTED"
          },
          {
            "path": ":spring-core:checkKotlinGradlePluginConfigurationErrors",
            "outcome": "SKIPPED"
          },
          {
            "path": ":spring-core:classes",
            "outcome": "EXECUTED"
          },
          {
            "path": ":spring-core:compileJava",
            "outcome": "FROM_CACHE"
          },
          {
            "path": ":spring-core:compileJava21Java",
            "outcome": "FROM_CACHE"
          },
          {
            "path": ":spring-core:compileJava21Kotlin",
            "outcome": "NO_SOURCE"
          },
          {
            "path": ":spring-core:compileJava24Java",
            "outcome": "FROM_CACHE"
          },
          {
            "path": ":spring-core:compileJava24Kotlin",
            "outcome": "NO_SOURCE"
          },
          {
            "path": ":spring-core:compileKotlin",
            "outcome": "FROM_CACHE"
          },
          {
            "path": ":spring-core:compileTestFixturesJava",
            "outcome": "FROM_CACHE"
          },
          {
            "path": ":spring-core:compileTestFixturesKotlin",
            "outcome": "NO_SOURCE"
          },
          {
            "path": ":spring-core:compileTestJava",
            "outcome": "FROM_CACHE"
          },
          {
            "path": ":spring-core:compileTestKotlin",
            "outcome": "FROM_CACHE"
          },
          {
            "path": ":spring-core:jar",
            "outcome": "EXECUTED"
          },
          {
            "path": ":spring-core:java21Classes",
            "outcome": "UP_TO_DATE"
          },
          {
            "path": ":spring-core:java24Classes",
            "outcome": "UP_TO_DATE"
          },
          {
            "path": ":spring-core:javapoetRepackJar",
            "outcome": "FROM_CACHE"
          },
          {
            "path": ":spring-core:objenesisRepackJar",
            "outcome": "FROM_CACHE"
          },
          {
            "path": ":spring-core:processJava21Resources",
            "outcome": "NO_SOURCE"
          },
          {
            "path": ":spring-core:processJava24Resources",
            "outcome": "NO_SOURCE"
          },
          {
            "path": ":spring-core:processResources",
            "outcome": "EXECUTED"
          },
          {
            "path": ":spring-core:processTestFixturesResources",
            "outcome": "NO_SOURCE"
          },
          {
            "path": ":spring-core:processTestResources",
            "outcome": "EXECUTED"
          },
          {
            "path": ":spring-core:testClasses",
            "outcome": "EXECUTED"
          },
          {
            "path": ":spring-core:testFixturesClasses",
            "outcome": "UP_TO_DATE"
          },
          {
            "path": ":spring-core:testFixturesJar",
            "outcome": "EXECUTED"
          },
          {
            "path": ":spring-expression:checkKotlinGradlePluginConfigurationErrors",
            "outcome": "SKIPPED"
          },
          {
            "path": ":spring-expression:classes",
            "outcome": "UP_TO_DATE"
          },
          {
            "path": ":spring-expression:compileJava",
            "outcome": "FROM_CACHE"
          },
          {
            "path": ":spring-expression:compileKotlin",
            "outcome": "NO_SOURCE"
          },
          {
            "path": ":spring-expression:compileTestFixturesJava",
            "outcome": "NO_SOURCE"
          },
          {
            "path": ":spring-expression:compileTestFixturesKotlin",
            "outcome": "NO_SOURCE"
          },
          {
            "path": ":spring-expression:compileTestJava",
            "outcome": "FROM_CACHE"
          },
          {
            "path": ":spring-expression:compileTestKotlin",
            "outcome": "FROM_CACHE"
          },
          {
            "path": ":spring-expression:jar",
            "outcome": "EXECUTED"
          },
          {
            "path": ":spring-expression:processResources",
            "outcome": "NO_SOURCE"
          },
          {
            "path": ":spring-expression:processTestFixturesResources",
            "outcome": "NO_SOURCE"
          },
          {
            "path": ":spring-expression:processTestResources",
            "outcome": "EXECUTED"
          },
          {
            "path": ":spring-expression:testClasses",
            "outcome": "EXECUTED"
          },
          {
            "path": ":spring-expression:testFixturesClasses",
            "outcome": "UP_TO_DATE"
          },
          {
            "path": ":spring-expression:testFixturesJar",
            "outcome": "EXECUTED"
          },
          {
            "path": ":spring-instrument:compileJava",
            "outcome": "FROM_CACHE"
          },
          {
            "path": ":spring-instrument:compileTestFixturesJava",
            "outcome": "NO_SOURCE"
          },
          {
            "path": ":spring-instrument:compileTestJava",
            "outcome": "NO_SOURCE"
          },
          {
            "path": ":spring-instrument:processTestResources",
            "outcome": "NO_SOURCE"
          },
          {
            "path": ":spring-instrument:testClasses",
            "outcome": "UP_TO_DATE"
          },
          {
            "path": ":spring-jdbc:checkKotlinGradlePluginConfigurationErrors",
            "outcome": "SKIPPED"
          },
          {
            "path": ":spring-jdbc:classes",
            "outcome": "EXECUTED"
          },
          {
            "path": ":spring-jdbc:compileJava",
            "outcome": "FROM_CACHE"
          },
          {
            "path": ":spring-jdbc:compileKotlin",
            "outcome": "FROM_CACHE"
          },
          {
            "path": ":spring-jdbc:compileTestFixturesJava",
            "outcome": "NO_SOURCE"
          },
          {
            "path": ":spring-jdbc:compileTestFixturesKotlin",
            "outcome": "NO_SOURCE"
          },
          {
            "path": ":spring-jdbc:compileTestJava",
            "outcome": "FROM_CACHE"
          },
          {
            "path": ":spring-jdbc:compileTestKotlin",
            "outcome": "FROM_CACHE"
          },
          {
            "path": ":spring-jdbc:jar",
            "outcome": "EXECUTED"
          },
          {
            "path": ":spring-jdbc:processResources",
            "outcome": "EXECUTED"
          },
          {
            "path": ":spring-jdbc:processTestFixturesResources",
            "outcome": "NO_SOURCE"
          },
          {
            "path": ":spring-jdbc:processTestResources",
            "outcome": "EXECUTED"
          },
          {
            "path": ":spring-jdbc:testClasses",
            "outcome": "EXECUTED"
          },
          {
            "path": ":spring-jdbc:testFixturesClasses",
            "outcome": "UP_TO_DATE"
          },
          {
            "path": ":spring-jdbc:testFixturesJar",
            "outcome": "EXECUTED"
          },
          {
            "path": ":spring-jms:compileJava",
            "outcome": "EXECUTED"
          },
          {
            "path": ":spring-jms:compileTestFixturesJava",
            "outcome": "NO_SOURCE"
          },
          {
            "path": ":spring-jms:compileTestJava",
            "outcome": "FROM_CACHE"
          },
          {
            "path": ":spring-jms:processTestResources",
            "outcome": "EXECUTED"
          },
          {
            "path": ":spring-jms:testClasses",
            "outcome": "EXECUTED"
          },
          {
            "path": ":spring-messaging:checkKotlinGradlePluginConfigurationErrors",
            "outcome": "SKIPPED"
          },
          {
            "path": ":spring-messaging:classes",
            "outcome": "EXECUTED"
          },
          {
            "path": ":spring-messaging:compileJava",
            "outcome": "FROM_CACHE"
          },
          {
            "path": ":spring-messaging:compileKotlin",
            "outcome": "FROM_CACHE"
          },
          {
            "path": ":spring-messaging:compileTestFixturesJava",
            "outcome": "NO_SOURCE"
          },
          {
            "path": ":spring-messaging:compileTestFixturesKotlin",
            "outcome": "NO_SOURCE"
          },
          {
            "path": ":spring-messaging:compileTestJava",
            "outcome": "FROM_CACHE"
          },
          {
            "path": ":spring-messaging:compileTestKotlin",
            "outcome": "FROM_CACHE"
          },
          {
            "path": ":spring-messaging:jar",
            "outcome": "EXECUTED"
          },
          {
            "path": ":spring-messaging:processResources",
            "outcome": "EXECUTED"
          },
          {
            "path": ":spring-messaging:processTestFixturesResources",
            "outcome": "NO_SOURCE"
          },
          {
            "path": ":spring-messaging:processTestResources",
            "outcome": "EXECUTED"
          },
          {
            "path": ":spring-messaging:testClasses",
            "outcome": "EXECUTED"
          },
          {
            "path": ":spring-messaging:testFixturesClasses",
            "outcome": "UP_TO_DATE"
          },
          {
            "path": ":spring-messaging:testFixturesJar",
            "outcome": "EXECUTED"
          },
          {
            "path": ":spring-orm:compileJava",
            "outcome": "FROM_CACHE"
          },
          {
            "path": ":spring-orm:compileTestFixturesJava",
            "outcome": "NO_SOURCE"
          },
          {
            "path": ":spring-orm:compileTestJava",
            "outcome": "FROM_CACHE"
          },
          {
            "path": ":spring-orm:processTestResources",
            "outcome": "EXECUTED"
          },
          {
            "path": ":spring-orm:testClasses",
            "outcome": "EXECUTED"
          },
          {
            "path": ":spring-oxm:compileJava",
            "outcome": "FROM_CACHE"
          },
          {
            "path": ":spring-oxm:compileTestFixturesJava",
            "outcome": "NO_SOURCE"
          },
          {
            "path": ":spring-oxm:compileTestJava",
            "outcome": "FROM_CACHE"
          },
          {
            "path": ":spring-oxm:processTestResources",
            "outcome": "EXECUTED"
          },
          {
            "path": ":spring-oxm:testClasses",
            "outcome": "EXECUTED"
          },
          {
            "path": ":spring-oxm:xjc",
            "outcome": "FROM_CACHE"
          },
          {
            "path": ":spring-r2dbc:checkKotlinGradlePluginConfigurationErrors",
            "outcome": "SKIPPED"
          },
          {
            "path": ":spring-r2dbc:classes",
            "outcome": "EXECUTED"
          },
          {
            "path": ":spring-r2dbc:compileJava",
            "outcome": "FROM_CACHE"
          },
          {
            "path": ":spring-r2dbc:compileKotlin",
            "outcome": "FROM_CACHE"
          },
          {
            "path": ":spring-r2dbc:compileTestFixturesJava",
            "outcome": "NO_SOURCE"
          },
          {
            "path": ":spring-r2dbc:compileTestFixturesKotlin",
            "outcome": "NO_SOURCE"
          },
          {
            "path": ":spring-r2dbc:compileTestJava",
            "outcome": "FROM_CACHE"
          },
          {
            "path": ":spring-r2dbc:compileTestKotlin",
            "outcome": "FROM_CACHE"
          },
          {
            "path": ":spring-r2dbc:jar",
            "outcome": "EXECUTED"
          },
          {
            "path": ":spring-r2dbc:processResources",
            "outcome": "EXECUTED"
          },
          {
            "path": ":spring-r2dbc:processTestFixturesResources",
            "outcome": "NO_SOURCE"
          },
          {
            "path": ":spring-r2dbc:processTestResources",
            "outcome": "EXECUTED"
          },
          {
            "path": ":spring-r2dbc:testClasses",
            "outcome": "EXECUTED"
          },
          {
            "path": ":spring-r2dbc:testFixturesClasses",
            "outcome": "UP_TO_DATE"
          },
          {
            "path": ":spring-r2dbc:testFixturesJar",
            "outcome": "EXECUTED"
          },
          {
            "path": ":spring-test:checkKotlinGradlePluginConfigurationErrors",
            "outcome": "SKIPPED"
          },
          {
            "path": ":spring-test:classes",
            "outcome": "EXECUTED"
          },
          {
            "path": ":spring-test:compileJava",
            "outcome": "FROM_CACHE"
          },
          {
            "path": ":spring-test:compileKotlin",
            "outcome": "FROM_CACHE"
          },
          {
            "path": ":spring-test:compileTestFixturesJava",
            "outcome": "NO_SOURCE"
          },
          {
            "path": ":spring-test:compileTestFixturesKotlin",
            "outcome": "NO_SOURCE"
          },
          {
            "path": ":spring-test:compileTestJava",
            "outcome": "FROM_CACHE"
          },
          {
            "path": ":spring-test:compileTestKotlin",
            "outcome": "FROM_CACHE"
          },
          {
            "path": ":spring-test:jar",
            "outcome": "EXECUTED"
          },
          {
            "path": ":spring-test:processResources",
            "outcome": "EXECUTED"
          },
          {
            "path": ":spring-test:processTestFixturesResources",
            "outcome": "NO_SOURCE"
          },
          {
            "path": ":spring-test:processTestResources",
            "outcome": "EXECUTED"
          },
          {
            "path": ":spring-test:testClasses",
            "outcome": "EXECUTED"
          },
          {
            "path": ":spring-test:testFixturesClasses",
            "outcome": "UP_TO_DATE"
          },
          {
            "path": ":spring-test:testFixturesJar",
            "outcome": "EXECUTED"
          },
          {
            "path": ":spring-tx:checkKotlinGradlePluginConfigurationErrors",
            "outcome": "SKIPPED"
          },
          {
            "path": ":spring-tx:classes",
            "outcome": "EXECUTED"
          },
          {
            "path": ":spring-tx:compileJava",
            "outcome": "FROM_CACHE"
          },
          {
            "path": ":spring-tx:compileKotlin",
            "outcome": "FROM_CACHE"
          },
          {
            "path": ":spring-tx:compileTestFixturesJava",
            "outcome": "FROM_CACHE"
          },
          {
            "path": ":spring-tx:compileTestFixturesKotlin",
            "outcome": "NO_SOURCE"
          },
          {
            "path": ":spring-tx:compileTestJava",
            "outcome": "FROM_CACHE"
          },
          {
            "path": ":spring-tx:compileTestKotlin",
            "outcome": "FROM_CACHE"
          },
          {
            "path": ":spring-tx:jar",
            "outcome": "EXECUTED"
          },
          {
            "path": ":spring-tx:processResources",
            "outcome": "EXECUTED"
          },
          {
            "path": ":spring-tx:processTestFixturesResources",
            "outcome": "NO_SOURCE"
          },
          {
            "path": ":spring-tx:processTestResources",
            "outcome": "EXECUTED"
          },
          {
            "path": ":spring-tx:testClasses",
            "outcome": "EXECUTED"
          },
          {
            "path": ":spring-tx:testFixturesClasses",
            "outcome": "UP_TO_DATE"
          },
          {
            "path": ":spring-tx:testFixturesJar",
            "outcome": "EXECUTED"
          },
          {
            "path": ":spring-web:checkKotlinGradlePluginConfigurationErrors",
            "outcome": "SKIPPED"
          },
          {
            "path": ":spring-web:classes",
            "outcome": "EXECUTED"
          },
          {
            "path": ":spring-web:compileJava",
            "outcome": "FROM_CACHE"
          },
          {
            "path": ":spring-web:compileKotlin",
            "outcome": "FROM_CACHE"
          },
          {
            "path": ":spring-web:compileTestFixturesJava",
            "outcome": "FROM_CACHE"
          },
          {
            "path": ":spring-web:compileTestFixturesKotlin",
            "outcome": "NO_SOURCE"
          },
          {
            "path": ":spring-web:compileTestJava",
            "outcome": "FROM_CACHE"
          },
          {
            "path": ":spring-web:compileTestKotlin",
            "outcome": "FROM_CACHE"
          },
          {
            "path": ":spring-web:jar",
            "outcome": "EXECUTED"
          },
          {
            "path": ":spring-web:processResources",
            "outcome": "EXECUTED"
          },
          {
            "path": ":spring-web:processTestFixturesResources",
            "outcome": "EXECUTED"
          },
          {
            "path": ":spring-web:processTestResources",
            "outcome": "EXECUTED"
          },
          {
            "path": ":spring-web:testClasses",
            "outcome": "EXECUTED"
          },
          {
            "path": ":spring-web:testFixturesClasses",
            "outcome": "EXECUTED"
          },
          {
            "path": ":spring-web:testFixturesJar",
            "outcome": "EXECUTED"
          },
          {
            "path": ":spring-webflux:checkKotlinGradlePluginConfigurationErrors",
            "outcome": "SKIPPED"
          },
          {
            "path": ":spring-webflux:classes",
            "outcome": "EXECUTED"
          },
          {
            "path": ":spring-webflux:compileJava",
            "outcome": "FROM_CACHE"
          },
          {
            "path": ":spring-webflux:compileKotlin",
            "outcome": "FROM_CACHE"
          },
          {
            "path": ":spring-webflux:compileTestFixturesJava",
            "outcome": "NO_SOURCE"
          },
          {
            "path": ":spring-webflux:compileTestFixturesKotlin",
            "outcome": "NO_SOURCE"
          },
          {
            "path": ":spring-webflux:compileTestJava",
            "outcome": "FROM_CACHE"
          },
          {
            "path": ":spring-webflux:compileTestKotlin",
            "outcome": "FROM_CACHE"
          },
          {
            "path": ":spring-webflux:jar",
            "outcome": "EXECUTED"
          },
          {
            "path": ":spring-webflux:processResources",
            "outcome": "EXECUTED"
          },
          {
            "path": ":spring-webflux:processTestFixturesResources",
            "outcome": "NO_SOURCE"
          },
          {
            "path": ":spring-webflux:processTestResources",
            "outcome": "EXECUTED"
          },
          {
            "path": ":spring-webflux:testClasses",
            "outcome": "EXECUTED"
          },
          {
            "path": ":spring-webflux:testFixturesClasses",
            "outcome": "UP_TO_DATE"
          },
          {
            "path": ":spring-webflux:testFixturesJar",
            "outcome": "EXECUTED"
          },
          {
            "path": ":spring-webmvc:checkKotlinGradlePluginConfigurationErrors",
            "outcome": "SKIPPED"
          },
          {
            "path": ":spring-webmvc:classes",
            "outcome": "EXECUTED"
          },
          {
            "path": ":spring-webmvc:compileJava",
            "outcome": "FROM_CACHE"
          },
          {
            "path": ":spring-webmvc:compileKotlin",
            "outcome": "FROM_CACHE"
          },
          {
            "path": ":spring-webmvc:compileTestFixturesJava",
            "outcome": "NO_SOURCE"
          },
          {
            "path": ":spring-webmvc:compileTestFixturesKotlin",
            "outcome": "NO_SOURCE"
          },
          {
            "path": ":spring-webmvc:compileTestJava",
            "outcome": "FROM_CACHE"
          },
          {
            "path": ":spring-webmvc:compileTestKotlin",
            "outcome": "FROM_CACHE"
          },
          {
            "path": ":spring-webmvc:jar",
            "outcome": "EXECUTED"
          },
          {
            "path": ":spring-webmvc:processResources",
            "outcome": "EXECUTED"
          },
          {
            "path": ":spring-webmvc:processTestFixturesResources",
            "outcome": "NO_SOURCE"
          },
          {
            "path": ":spring-webmvc:processTestResources",
            "outcome": "EXECUTED"
          },
          {
            "path": ":spring-webmvc:testClasses",
            "outcome": "EXECUTED"
          },
          {
            "path": ":spring-webmvc:testFixturesClasses",
            "outcome": "UP_TO_DATE"
          },
          {
            "path": ":spring-webmvc:testFixturesJar",
            "outcome": "EXECUTED"
          },
          {
            "path": ":spring-websocket:compileJava",
            "outcome": "FROM_CACHE"
          },
          {
            "path": ":spring-websocket:compileTestFixturesJava",
            "outcome": "NO_SOURCE"
          },
          {
            "path": ":spring-websocket:compileTestJava",
            "outcome": "FROM_CACHE"
          },
          {
            "path": ":spring-websocket:processTestResources",
            "outcome": "EXECUTED"
          },
          {
            "path": ":spring-websocket:testClasses",
            "outcome": "EXECUTED"
          },
          {
            "path": ":testClasses",
            "outcome": "UP_TO_DATE"
          }
        ]
      },
      "candidateTaskOutcomes": {
        "total": 56,
        "executed": 14,
        "fromCache": 26,
        "upToDate": 2,
        "noSource": 7,
        "skipped": 7,
        "fingerprintSha256": "af08640256e4ce968a02546a34fd5e7b170359e73fd1255332a0b813d6a2b3f6",
        "tasks": [
          {
            "path": ":buildSrc:check",
            "outcome": "UP_TO_DATE"
          },
          {
            "path": ":buildSrc:checkstyleMain",
            "outcome": "FROM_CACHE"
          },
          {
            "path": ":buildSrc:checkstyleTest",
            "outcome": "FROM_CACHE"
          },
          {
            "path": ":buildSrc:classes",
            "outcome": "EXECUTED"
          },
          {
            "path": ":buildSrc:compileGroovy",
            "outcome": "NO_SOURCE"
          },
          {
            "path": ":buildSrc:compileJava",
            "outcome": "FROM_CACHE"
          },
          {
            "path": ":buildSrc:compileTestGroovy",
            "outcome": "NO_SOURCE"
          },
          {
            "path": ":buildSrc:compileTestJava",
            "outcome": "FROM_CACHE"
          },
          {
            "path": ":buildSrc:jar",
            "outcome": "EXECUTED"
          },
          {
            "path": ":buildSrc:pluginDescriptors",
            "outcome": "EXECUTED"
          },
          {
            "path": ":buildSrc:pluginUnderTestMetadata",
            "outcome": "EXECUTED"
          },
          {
            "path": ":buildSrc:processResources",
            "outcome": "EXECUTED"
          },
          {
            "path": ":buildSrc:processTestResources",
            "outcome": "NO_SOURCE"
          },
          {
            "path": ":buildSrc:test",
            "outcome": "FROM_CACHE"
          },
          {
            "path": ":buildSrc:testClasses",
            "outcome": "UP_TO_DATE"
          },
          {
            "path": ":buildSrc:validatePlugins",
            "outcome": "FROM_CACHE"
          },
          {
            "path": ":spring-aop:checkKotlinGradlePluginConfigurationErrors",
            "outcome": "SKIPPED"
          },
          {
            "path": ":spring-aop:compileJava",
            "outcome": "FROM_CACHE"
          },
          {
            "path": ":spring-aop:compileKotlin",
            "outcome": "NO_SOURCE"
          },
          {
            "path": ":spring-beans:checkKotlinGradlePluginConfigurationErrors",
            "outcome": "SKIPPED"
          },
          {
            "path": ":spring-beans:classes",
            "outcome": "EXECUTED"
          },
          {
            "path": ":spring-beans:compileJava",
            "outcome": "FROM_CACHE"
          },
          {
            "path": ":spring-beans:compileKotlin",
            "outcome": "FROM_CACHE"
          },
          {
            "path": ":spring-beans:compileTestFixturesJava",
            "outcome": "FROM_CACHE"
          },
          {
            "path": ":spring-beans:compileTestFixturesKotlin",
            "outcome": "FROM_CACHE"
          },
          {
            "path": ":spring-beans:jar",
            "outcome": "EXECUTED"
          },
          {
            "path": ":spring-beans:processResources",
            "outcome": "EXECUTED"
          },
          {
            "path": ":spring-context:checkKotlinGradlePluginConfigurationErrors",
            "outcome": "SKIPPED"
          },
          {
            "path": ":spring-context:compileJava",
            "outcome": "FROM_CACHE"
          },
          {
            "path": ":spring-context:compileKotlin",
            "outcome": "FROM_CACHE"
          },
          {
            "path": ":spring-core:checkKotlinGradlePluginConfigurationErrors",
            "outcome": "SKIPPED"
          },
          {
            "path": ":spring-core:compileJava",
            "outcome": "FROM_CACHE"
          },
          {
            "path": ":spring-core:compileKotlin",
            "outcome": "FROM_CACHE"
          },
          {
            "path": ":spring-core:javapoetRepackJar",
            "outcome": "FROM_CACHE"
          },
          {
            "path": ":spring-core:objenesisRepackJar",
            "outcome": "FROM_CACHE"
          },
          {
            "path": ":spring-expression:checkKotlinGradlePluginConfigurationErrors",
            "outcome": "SKIPPED"
          },
          {
            "path": ":spring-expression:compileJava",
            "outcome": "FROM_CACHE"
          },
          {
            "path": ":spring-expression:compileKotlin",
            "outcome": "NO_SOURCE"
          },
          {
            "path": ":spring-instrument:compileJava",
            "outcome": "FROM_CACHE"
          },
          {
            "path": ":spring-jms:compileJava",
            "outcome": "EXECUTED"
          },
          {
            "path": ":spring-jms:compileTestFixturesJava",
            "outcome": "NO_SOURCE"
          },
          {
            "path": ":spring-jms:compileTestJava",
            "outcome": "FROM_CACHE"
          },
          {
            "path": ":spring-jms:processTestResources",
            "outcome": "EXECUTED"
          },
          {
            "path": ":spring-jms:testClasses",
            "outcome": "EXECUTED"
          },
          {
            "path": ":spring-messaging:checkKotlinGradlePluginConfigurationErrors",
            "outcome": "SKIPPED"
          },
          {
            "path": ":spring-messaging:compileJava",
            "outcome": "FROM_CACHE"
          },
          {
            "path": ":spring-messaging:compileKotlin",
            "outcome": "FROM_CACHE"
          },
          {
            "path": ":spring-oxm:compileJava",
            "outcome": "FROM_CACHE"
          },
          {
            "path": ":spring-tx:checkKotlinGradlePluginConfigurationErrors",
            "outcome": "SKIPPED"
          },
          {
            "path": ":spring-tx:classes",
            "outcome": "EXECUTED"
          },
          {
            "path": ":spring-tx:compileJava",
            "outcome": "FROM_CACHE"
          },
          {
            "path": ":spring-tx:compileKotlin",
            "outcome": "FROM_CACHE"
          },
          {
            "path": ":spring-tx:compileTestFixturesJava",
            "outcome": "FROM_CACHE"
          },
          {
            "path": ":spring-tx:compileTestFixturesKotlin",
            "outcome": "NO_SOURCE"
          },
          {
            "path": ":spring-tx:jar",
            "outcome": "EXECUTED"
          },
          {
            "path": ":spring-tx:processResources",
            "outcome": "EXECUTED"
          }
        ]
      },
      "controlHostPressure": {
        "available": true,
        "cpuSomeTotalUs": 97899,
        "memorySomeTotalUs": 0,
        "memoryFullTotalUs": 0,
        "ioSomeTotalUs": 10518125,
        "ioFullTotalUs": 7726794
      },
      "candidateHostPressure": {
        "available": true,
        "cpuSomeTotalUs": 20808,
        "memorySomeTotalUs": 0,
        "memoryFullTotalUs": 0,
        "ioSomeTotalUs": 8377743,
        "ioFullTotalUs": 7330453
      }
    },
    {
      "pair": 8,
      "order": "CANDIDATE_FIRST",
      "controlDurationMs": 13304,
      "candidateDurationMs": 10478,
      "savedMs": 2826,
      "controlRequiredOutputSha256": "c1de7856f3bfbec061af1a6a147e489da0bd960aca43bf326e51372c2ca5d629",
      "candidateRequiredOutputSha256": "c1de7856f3bfbec061af1a6a147e489da0bd960aca43bf326e51372c2ca5d629",
      "requiredOutputCount": 378,
      "productAttributableFailure": false,
      "controlLogSha256": "e19bd5bc4f3fd647377d8dc8a576efe842cf060a295898024512383388d103c5",
      "candidateLogSha256": "3c0de4713afd8852d6bf7e8d15f4426920e82feaebb3655d0e2bf634187a4892",
      "controlTaskOutcomes": {
        "total": 305,
        "executed": 109,
        "fromCache": 89,
        "upToDate": 23,
        "noSource": 65,
        "skipped": 19,
        "fingerprintSha256": "85399d45cd2d3615162148545d5babb68fb708dbdd29a2e2991b8e65724ce6a7",
        "tasks": [
          {
            "path": ":buildSrc:check",
            "outcome": "UP_TO_DATE"
          },
          {
            "path": ":buildSrc:checkstyleMain",
            "outcome": "FROM_CACHE"
          },
          {
            "path": ":buildSrc:checkstyleTest",
            "outcome": "FROM_CACHE"
          },
          {
            "path": ":buildSrc:classes",
            "outcome": "EXECUTED"
          },
          {
            "path": ":buildSrc:compileGroovy",
            "outcome": "NO_SOURCE"
          },
          {
            "path": ":buildSrc:compileJava",
            "outcome": "FROM_CACHE"
          },
          {
            "path": ":buildSrc:compileTestGroovy",
            "outcome": "NO_SOURCE"
          },
          {
            "path": ":buildSrc:compileTestJava",
            "outcome": "FROM_CACHE"
          },
          {
            "path": ":buildSrc:jar",
            "outcome": "EXECUTED"
          },
          {
            "path": ":buildSrc:pluginDescriptors",
            "outcome": "EXECUTED"
          },
          {
            "path": ":buildSrc:pluginUnderTestMetadata",
            "outcome": "EXECUTED"
          },
          {
            "path": ":buildSrc:processResources",
            "outcome": "EXECUTED"
          },
          {
            "path": ":buildSrc:processTestResources",
            "outcome": "NO_SOURCE"
          },
          {
            "path": ":buildSrc:test",
            "outcome": "FROM_CACHE"
          },
          {
            "path": ":buildSrc:testClasses",
            "outcome": "UP_TO_DATE"
          },
          {
            "path": ":buildSrc:validatePlugins",
            "outcome": "FROM_CACHE"
          },
          {
            "path": ":classes",
            "outcome": "UP_TO_DATE"
          },
          {
            "path": ":compileJava",
            "outcome": "NO_SOURCE"
          },
          {
            "path": ":compileTestFixturesJava",
            "outcome": "NO_SOURCE"
          },
          {
            "path": ":compileTestJava",
            "outcome": "NO_SOURCE"
          },
          {
            "path": ":framework-docs:checkKotlinGradlePluginConfigurationErrors",
            "outcome": "SKIPPED"
          },
          {
            "path": ":framework-docs:classes",
            "outcome": "EXECUTED"
          },
          {
            "path": ":framework-docs:compileJava",
            "outcome": "FROM_CACHE"
          },
          {
            "path": ":framework-docs:compileKotlin",
            "outcome": "FROM_CACHE"
          },
          {
            "path": ":framework-docs:compileTestJava",
            "outcome": "NO_SOURCE"
          },
          {
            "path": ":framework-docs:compileTestKotlin",
            "outcome": "NO_SOURCE"
          },
          {
            "path": ":framework-docs:jar",
            "outcome": "SKIPPED"
          },
          {
            "path": ":framework-docs:processResources",
            "outcome": "EXECUTED"
          },
          {
            "path": ":framework-docs:processTestResources",
            "outcome": "NO_SOURCE"
          },
          {
            "path": ":framework-docs:testClasses",
            "outcome": "UP_TO_DATE"
          },
          {
            "path": ":integration-tests:checkKotlinGradlePluginConfigurationErrors",
            "outcome": "SKIPPED"
          },
          {
            "path": ":integration-tests:classes",
            "outcome": "UP_TO_DATE"
          },
          {
            "path": ":integration-tests:compileJava",
            "outcome": "NO_SOURCE"
          },
          {
            "path": ":integration-tests:compileKotlin",
            "outcome": "NO_SOURCE"
          },
          {
            "path": ":integration-tests:compileTestFixturesJava",
            "outcome": "NO_SOURCE"
          },
          {
            "path": ":integration-tests:compileTestFixturesKotlin",
            "outcome": "NO_SOURCE"
          },
          {
            "path": ":integration-tests:compileTestJava",
            "outcome": "FROM_CACHE"
          },
          {
            "path": ":integration-tests:compileTestKotlin",
            "outcome": "FROM_CACHE"
          },
          {
            "path": ":integration-tests:jar",
            "outcome": "EXECUTED"
          },
          {
            "path": ":integration-tests:processResources",
            "outcome": "NO_SOURCE"
          },
          {
            "path": ":integration-tests:processTestFixturesResources",
            "outcome": "NO_SOURCE"
          },
          {
            "path": ":integration-tests:processTestResources",
            "outcome": "EXECUTED"
          },
          {
            "path": ":integration-tests:testClasses",
            "outcome": "EXECUTED"
          },
          {
            "path": ":integration-tests:testFixturesClasses",
            "outcome": "UP_TO_DATE"
          },
          {
            "path": ":integration-tests:testFixturesJar",
            "outcome": "EXECUTED"
          },
          {
            "path": ":jar",
            "outcome": "EXECUTED"
          },
          {
            "path": ":processResources",
            "outcome": "NO_SOURCE"
          },
          {
            "path": ":processTestResources",
            "outcome": "NO_SOURCE"
          },
          {
            "path": ":spring-aop:checkKotlinGradlePluginConfigurationErrors",
            "outcome": "SKIPPED"
          },
          {
            "path": ":spring-aop:classes",
            "outcome": "EXECUTED"
          },
          {
            "path": ":spring-aop:compileJava",
            "outcome": "FROM_CACHE"
          },
          {
            "path": ":spring-aop:compileKotlin",
            "outcome": "NO_SOURCE"
          },
          {
            "path": ":spring-aop:compileTestFixturesJava",
            "outcome": "FROM_CACHE"
          },
          {
            "path": ":spring-aop:compileTestFixturesKotlin",
            "outcome": "NO_SOURCE"
          },
          {
            "path": ":spring-aop:compileTestJava",
            "outcome": "FROM_CACHE"
          },
          {
            "path": ":spring-aop:compileTestKotlin",
            "outcome": "FROM_CACHE"
          },
          {
            "path": ":spring-aop:jar",
            "outcome": "EXECUTED"
          },
          {
            "path": ":spring-aop:processResources",
            "outcome": "EXECUTED"
          },
          {
            "path": ":spring-aop:processTestFixturesResources",
            "outcome": "NO_SOURCE"
          },
          {
            "path": ":spring-aop:processTestResources",
            "outcome": "EXECUTED"
          },
          {
            "path": ":spring-aop:testClasses",
            "outcome": "EXECUTED"
          },
          {
            "path": ":spring-aop:testFixturesClasses",
            "outcome": "UP_TO_DATE"
          },
          {
            "path": ":spring-aop:testFixturesJar",
            "outcome": "EXECUTED"
          },
          {
            "path": ":spring-aspects:classes",
            "outcome": "EXECUTED"
          },
          {
            "path": ":spring-aspects:compileAspectj",
            "outcome": "FROM_CACHE"
          },
          {
            "path": ":spring-aspects:compileJava",
            "outcome": "SKIPPED"
          },
          {
            "path": ":spring-aspects:compileTestAspectj",
            "outcome": "FROM_CACHE"
          },
          {
            "path": ":spring-aspects:compileTestFixturesAspectj",
            "outcome": "NO_SOURCE"
          },
          {
            "path": ":spring-aspects:compileTestFixturesJava",
            "outcome": "SKIPPED"
          },
          {
            "path": ":spring-aspects:compileTestJava",
            "outcome": "SKIPPED"
          },
          {
            "path": ":spring-aspects:processResources",
            "outcome": "EXECUTED"
          },
          {
            "path": ":spring-aspects:processTestResources",
            "outcome": "EXECUTED"
          },
          {
            "path": ":spring-aspects:testClasses",
            "outcome": "EXECUTED"
          },
          {
            "path": ":spring-beans:checkKotlinGradlePluginConfigurationErrors",
            "outcome": "SKIPPED"
          },
          {
            "path": ":spring-beans:classes",
            "outcome": "EXECUTED"
          },
          {
            "path": ":spring-beans:compileJava",
            "outcome": "FROM_CACHE"
          },
          {
            "path": ":spring-beans:compileKotlin",
            "outcome": "FROM_CACHE"
          },
          {
            "path": ":spring-beans:compileTestFixturesJava",
            "outcome": "FROM_CACHE"
          },
          {
            "path": ":spring-beans:compileTestFixturesKotlin",
            "outcome": "FROM_CACHE"
          },
          {
            "path": ":spring-beans:compileTestJava",
            "outcome": "FROM_CACHE"
          },
          {
            "path": ":spring-beans:compileTestKotlin",
            "outcome": "FROM_CACHE"
          },
          {
            "path": ":spring-beans:jar",
            "outcome": "EXECUTED"
          },
          {
            "path": ":spring-beans:processResources",
            "outcome": "EXECUTED"
          },
          {
            "path": ":spring-beans:processTestFixturesResources",
            "outcome": "EXECUTED"
          },
          {
            "path": ":spring-beans:processTestResources",
            "outcome": "EXECUTED"
          },
          {
            "path": ":spring-beans:testClasses",
            "outcome": "EXECUTED"
          },
          {
            "path": ":spring-beans:testFixturesClasses",
            "outcome": "EXECUTED"
          },
          {
            "path": ":spring-beans:testFixturesJar",
            "outcome": "EXECUTED"
          },
          {
            "path": ":spring-context-indexer:compileJava",
            "outcome": "FROM_CACHE"
          },
          {
            "path": ":spring-context-indexer:compileTestFixturesJava",
            "outcome": "NO_SOURCE"
          },
          {
            "path": ":spring-context-indexer:compileTestJava",
            "outcome": "FROM_CACHE"
          },
          {
            "path": ":spring-context-indexer:processTestResources",
            "outcome": "NO_SOURCE"
          },
          {
            "path": ":spring-context-indexer:testClasses",
            "outcome": "UP_TO_DATE"
          },
          {
            "path": ":spring-context-support:compileJava",
            "outcome": "FROM_CACHE"
          },
          {
            "path": ":spring-context-support:compileTestFixturesJava",
            "outcome": "FROM_CACHE"
          },
          {
            "path": ":spring-context-support:compileTestJava",
            "outcome": "FROM_CACHE"
          },
          {
            "path": ":spring-context-support:processTestResources",
            "outcome": "EXECUTED"
          },
          {
            "path": ":spring-context-support:testClasses",
            "outcome": "EXECUTED"
          },
          {
            "path": ":spring-context:checkKotlinGradlePluginConfigurationErrors",
            "outcome": "SKIPPED"
          },
          {
            "path": ":spring-context:classes",
            "outcome": "EXECUTED"
          },
          {
            "path": ":spring-context:compileJava",
            "outcome": "FROM_CACHE"
          },
          {
            "path": ":spring-context:compileKotlin",
            "outcome": "FROM_CACHE"
          },
          {
            "path": ":spring-context:compileTestFixturesJava",
            "outcome": "FROM_CACHE"
          },
          {
            "path": ":spring-context:compileTestFixturesKotlin",
            "outcome": "NO_SOURCE"
          },
          {
            "path": ":spring-context:compileTestJava",
            "outcome": "FROM_CACHE"
          },
          {
            "path": ":spring-context:compileTestKotlin",
            "outcome": "FROM_CACHE"
          },
          {
            "path": ":spring-context:jar",
            "outcome": "EXECUTED"
          },
          {
            "path": ":spring-context:processResources",
            "outcome": "EXECUTED"
          },
          {
            "path": ":spring-context:processTestFixturesResources",
            "outcome": "NO_SOURCE"
          },
          {
            "path": ":spring-context:processTestResources",
            "outcome": "EXECUTED"
          },
          {
            "path": ":spring-context:testClasses",
            "outcome": "EXECUTED"
          },
          {
            "path": ":spring-context:testFixturesClasses",
            "outcome": "UP_TO_DATE"
          },
          {
            "path": ":spring-context:testFixturesJar",
            "outcome": "EXECUTED"
          },
          {
            "path": ":spring-core-test:compileJava",
            "outcome": "FROM_CACHE"
          },
          {
            "path": ":spring-core-test:compileTestFixturesJava",
            "outcome": "NO_SOURCE"
          },
          {
            "path": ":spring-core-test:compileTestJava",
            "outcome": "FROM_CACHE"
          },
          {
            "path": ":spring-core-test:processTestResources",
            "outcome": "EXECUTED"
          },
          {
            "path": ":spring-core-test:testClasses",
            "outcome": "EXECUTED"
          },
          {
            "path": ":spring-core:checkKotlinGradlePluginConfigurationErrors",
            "outcome": "SKIPPED"
          },
          {
            "path": ":spring-core:classes",
            "outcome": "EXECUTED"
          },
          {
            "path": ":spring-core:compileJava",
            "outcome": "FROM_CACHE"
          },
          {
            "path": ":spring-core:compileJava21Java",
            "outcome": "FROM_CACHE"
          },
          {
            "path": ":spring-core:compileJava21Kotlin",
            "outcome": "NO_SOURCE"
          },
          {
            "path": ":spring-core:compileJava24Java",
            "outcome": "FROM_CACHE"
          },
          {
            "path": ":spring-core:compileJava24Kotlin",
            "outcome": "NO_SOURCE"
          },
          {
            "path": ":spring-core:compileKotlin",
            "outcome": "FROM_CACHE"
          },
          {
            "path": ":spring-core:compileTestFixturesJava",
            "outcome": "FROM_CACHE"
          },
          {
            "path": ":spring-core:compileTestFixturesKotlin",
            "outcome": "NO_SOURCE"
          },
          {
            "path": ":spring-core:compileTestJava",
            "outcome": "FROM_CACHE"
          },
          {
            "path": ":spring-core:compileTestKotlin",
            "outcome": "FROM_CACHE"
          },
          {
            "path": ":spring-core:jar",
            "outcome": "EXECUTED"
          },
          {
            "path": ":spring-core:java21Classes",
            "outcome": "UP_TO_DATE"
          },
          {
            "path": ":spring-core:java24Classes",
            "outcome": "UP_TO_DATE"
          },
          {
            "path": ":spring-core:javapoetRepackJar",
            "outcome": "FROM_CACHE"
          },
          {
            "path": ":spring-core:objenesisRepackJar",
            "outcome": "FROM_CACHE"
          },
          {
            "path": ":spring-core:processJava21Resources",
            "outcome": "NO_SOURCE"
          },
          {
            "path": ":spring-core:processJava24Resources",
            "outcome": "NO_SOURCE"
          },
          {
            "path": ":spring-core:processResources",
            "outcome": "EXECUTED"
          },
          {
            "path": ":spring-core:processTestFixturesResources",
            "outcome": "NO_SOURCE"
          },
          {
            "path": ":spring-core:processTestResources",
            "outcome": "EXECUTED"
          },
          {
            "path": ":spring-core:testClasses",
            "outcome": "EXECUTED"
          },
          {
            "path": ":spring-core:testFixturesClasses",
            "outcome": "UP_TO_DATE"
          },
          {
            "path": ":spring-core:testFixturesJar",
            "outcome": "EXECUTED"
          },
          {
            "path": ":spring-expression:checkKotlinGradlePluginConfigurationErrors",
            "outcome": "SKIPPED"
          },
          {
            "path": ":spring-expression:classes",
            "outcome": "UP_TO_DATE"
          },
          {
            "path": ":spring-expression:compileJava",
            "outcome": "FROM_CACHE"
          },
          {
            "path": ":spring-expression:compileKotlin",
            "outcome": "NO_SOURCE"
          },
          {
            "path": ":spring-expression:compileTestFixturesJava",
            "outcome": "NO_SOURCE"
          },
          {
            "path": ":spring-expression:compileTestFixturesKotlin",
            "outcome": "NO_SOURCE"
          },
          {
            "path": ":spring-expression:compileTestJava",
            "outcome": "FROM_CACHE"
          },
          {
            "path": ":spring-expression:compileTestKotlin",
            "outcome": "FROM_CACHE"
          },
          {
            "path": ":spring-expression:jar",
            "outcome": "EXECUTED"
          },
          {
            "path": ":spring-expression:processResources",
            "outcome": "NO_SOURCE"
          },
          {
            "path": ":spring-expression:processTestFixturesResources",
            "outcome": "NO_SOURCE"
          },
          {
            "path": ":spring-expression:processTestResources",
            "outcome": "EXECUTED"
          },
          {
            "path": ":spring-expression:testClasses",
            "outcome": "EXECUTED"
          },
          {
            "path": ":spring-expression:testFixturesClasses",
            "outcome": "UP_TO_DATE"
          },
          {
            "path": ":spring-expression:testFixturesJar",
            "outcome": "EXECUTED"
          },
          {
            "path": ":spring-instrument:compileJava",
            "outcome": "FROM_CACHE"
          },
          {
            "path": ":spring-instrument:compileTestFixturesJava",
            "outcome": "NO_SOURCE"
          },
          {
            "path": ":spring-instrument:compileTestJava",
            "outcome": "NO_SOURCE"
          },
          {
            "path": ":spring-instrument:processTestResources",
            "outcome": "NO_SOURCE"
          },
          {
            "path": ":spring-instrument:testClasses",
            "outcome": "UP_TO_DATE"
          },
          {
            "path": ":spring-jdbc:checkKotlinGradlePluginConfigurationErrors",
            "outcome": "SKIPPED"
          },
          {
            "path": ":spring-jdbc:classes",
            "outcome": "EXECUTED"
          },
          {
            "path": ":spring-jdbc:compileJava",
            "outcome": "FROM_CACHE"
          },
          {
            "path": ":spring-jdbc:compileKotlin",
            "outcome": "FROM_CACHE"
          },
          {
            "path": ":spring-jdbc:compileTestFixturesJava",
            "outcome": "NO_SOURCE"
          },
          {
            "path": ":spring-jdbc:compileTestFixturesKotlin",
            "outcome": "NO_SOURCE"
          },
          {
            "path": ":spring-jdbc:compileTestJava",
            "outcome": "FROM_CACHE"
          },
          {
            "path": ":spring-jdbc:compileTestKotlin",
            "outcome": "FROM_CACHE"
          },
          {
            "path": ":spring-jdbc:jar",
            "outcome": "EXECUTED"
          },
          {
            "path": ":spring-jdbc:processResources",
            "outcome": "EXECUTED"
          },
          {
            "path": ":spring-jdbc:processTestFixturesResources",
            "outcome": "NO_SOURCE"
          },
          {
            "path": ":spring-jdbc:processTestResources",
            "outcome": "EXECUTED"
          },
          {
            "path": ":spring-jdbc:testClasses",
            "outcome": "EXECUTED"
          },
          {
            "path": ":spring-jdbc:testFixturesClasses",
            "outcome": "UP_TO_DATE"
          },
          {
            "path": ":spring-jdbc:testFixturesJar",
            "outcome": "EXECUTED"
          },
          {
            "path": ":spring-jms:compileJava",
            "outcome": "EXECUTED"
          },
          {
            "path": ":spring-jms:compileTestFixturesJava",
            "outcome": "NO_SOURCE"
          },
          {
            "path": ":spring-jms:compileTestJava",
            "outcome": "FROM_CACHE"
          },
          {
            "path": ":spring-jms:processTestResources",
            "outcome": "EXECUTED"
          },
          {
            "path": ":spring-jms:testClasses",
            "outcome": "EXECUTED"
          },
          {
            "path": ":spring-messaging:checkKotlinGradlePluginConfigurationErrors",
            "outcome": "SKIPPED"
          },
          {
            "path": ":spring-messaging:classes",
            "outcome": "EXECUTED"
          },
          {
            "path": ":spring-messaging:compileJava",
            "outcome": "FROM_CACHE"
          },
          {
            "path": ":spring-messaging:compileKotlin",
            "outcome": "FROM_CACHE"
          },
          {
            "path": ":spring-messaging:compileTestFixturesJava",
            "outcome": "NO_SOURCE"
          },
          {
            "path": ":spring-messaging:compileTestFixturesKotlin",
            "outcome": "NO_SOURCE"
          },
          {
            "path": ":spring-messaging:compileTestJava",
            "outcome": "FROM_CACHE"
          },
          {
            "path": ":spring-messaging:compileTestKotlin",
            "outcome": "FROM_CACHE"
          },
          {
            "path": ":spring-messaging:jar",
            "outcome": "EXECUTED"
          },
          {
            "path": ":spring-messaging:processResources",
            "outcome": "EXECUTED"
          },
          {
            "path": ":spring-messaging:processTestFixturesResources",
            "outcome": "NO_SOURCE"
          },
          {
            "path": ":spring-messaging:processTestResources",
            "outcome": "EXECUTED"
          },
          {
            "path": ":spring-messaging:testClasses",
            "outcome": "EXECUTED"
          },
          {
            "path": ":spring-messaging:testFixturesClasses",
            "outcome": "UP_TO_DATE"
          },
          {
            "path": ":spring-messaging:testFixturesJar",
            "outcome": "EXECUTED"
          },
          {
            "path": ":spring-orm:compileJava",
            "outcome": "FROM_CACHE"
          },
          {
            "path": ":spring-orm:compileTestFixturesJava",
            "outcome": "NO_SOURCE"
          },
          {
            "path": ":spring-orm:compileTestJava",
            "outcome": "FROM_CACHE"
          },
          {
            "path": ":spring-orm:processTestResources",
            "outcome": "EXECUTED"
          },
          {
            "path": ":spring-orm:testClasses",
            "outcome": "EXECUTED"
          },
          {
            "path": ":spring-oxm:compileJava",
            "outcome": "FROM_CACHE"
          },
          {
            "path": ":spring-oxm:compileTestFixturesJava",
            "outcome": "NO_SOURCE"
          },
          {
            "path": ":spring-oxm:compileTestJava",
            "outcome": "FROM_CACHE"
          },
          {
            "path": ":spring-oxm:processTestResources",
            "outcome": "EXECUTED"
          },
          {
            "path": ":spring-oxm:testClasses",
            "outcome": "EXECUTED"
          },
          {
            "path": ":spring-oxm:xjc",
            "outcome": "FROM_CACHE"
          },
          {
            "path": ":spring-r2dbc:checkKotlinGradlePluginConfigurationErrors",
            "outcome": "SKIPPED"
          },
          {
            "path": ":spring-r2dbc:classes",
            "outcome": "EXECUTED"
          },
          {
            "path": ":spring-r2dbc:compileJava",
            "outcome": "FROM_CACHE"
          },
          {
            "path": ":spring-r2dbc:compileKotlin",
            "outcome": "FROM_CACHE"
          },
          {
            "path": ":spring-r2dbc:compileTestFixturesJava",
            "outcome": "NO_SOURCE"
          },
          {
            "path": ":spring-r2dbc:compileTestFixturesKotlin",
            "outcome": "NO_SOURCE"
          },
          {
            "path": ":spring-r2dbc:compileTestJava",
            "outcome": "FROM_CACHE"
          },
          {
            "path": ":spring-r2dbc:compileTestKotlin",
            "outcome": "FROM_CACHE"
          },
          {
            "path": ":spring-r2dbc:jar",
            "outcome": "EXECUTED"
          },
          {
            "path": ":spring-r2dbc:processResources",
            "outcome": "EXECUTED"
          },
          {
            "path": ":spring-r2dbc:processTestFixturesResources",
            "outcome": "NO_SOURCE"
          },
          {
            "path": ":spring-r2dbc:processTestResources",
            "outcome": "EXECUTED"
          },
          {
            "path": ":spring-r2dbc:testClasses",
            "outcome": "EXECUTED"
          },
          {
            "path": ":spring-r2dbc:testFixturesClasses",
            "outcome": "UP_TO_DATE"
          },
          {
            "path": ":spring-r2dbc:testFixturesJar",
            "outcome": "EXECUTED"
          },
          {
            "path": ":spring-test:checkKotlinGradlePluginConfigurationErrors",
            "outcome": "SKIPPED"
          },
          {
            "path": ":spring-test:classes",
            "outcome": "EXECUTED"
          },
          {
            "path": ":spring-test:compileJava",
            "outcome": "FROM_CACHE"
          },
          {
            "path": ":spring-test:compileKotlin",
            "outcome": "FROM_CACHE"
          },
          {
            "path": ":spring-test:compileTestFixturesJava",
            "outcome": "NO_SOURCE"
          },
          {
            "path": ":spring-test:compileTestFixturesKotlin",
            "outcome": "NO_SOURCE"
          },
          {
            "path": ":spring-test:compileTestJava",
            "outcome": "FROM_CACHE"
          },
          {
            "path": ":spring-test:compileTestKotlin",
            "outcome": "FROM_CACHE"
          },
          {
            "path": ":spring-test:jar",
            "outcome": "EXECUTED"
          },
          {
            "path": ":spring-test:processResources",
            "outcome": "EXECUTED"
          },
          {
            "path": ":spring-test:processTestFixturesResources",
            "outcome": "NO_SOURCE"
          },
          {
            "path": ":spring-test:processTestResources",
            "outcome": "EXECUTED"
          },
          {
            "path": ":spring-test:testClasses",
            "outcome": "EXECUTED"
          },
          {
            "path": ":spring-test:testFixturesClasses",
            "outcome": "UP_TO_DATE"
          },
          {
            "path": ":spring-test:testFixturesJar",
            "outcome": "EXECUTED"
          },
          {
            "path": ":spring-tx:checkKotlinGradlePluginConfigurationErrors",
            "outcome": "SKIPPED"
          },
          {
            "path": ":spring-tx:classes",
            "outcome": "EXECUTED"
          },
          {
            "path": ":spring-tx:compileJava",
            "outcome": "FROM_CACHE"
          },
          {
            "path": ":spring-tx:compileKotlin",
            "outcome": "FROM_CACHE"
          },
          {
            "path": ":spring-tx:compileTestFixturesJava",
            "outcome": "FROM_CACHE"
          },
          {
            "path": ":spring-tx:compileTestFixturesKotlin",
            "outcome": "NO_SOURCE"
          },
          {
            "path": ":spring-tx:compileTestJava",
            "outcome": "FROM_CACHE"
          },
          {
            "path": ":spring-tx:compileTestKotlin",
            "outcome": "FROM_CACHE"
          },
          {
            "path": ":spring-tx:jar",
            "outcome": "EXECUTED"
          },
          {
            "path": ":spring-tx:processResources",
            "outcome": "EXECUTED"
          },
          {
            "path": ":spring-tx:processTestFixturesResources",
            "outcome": "NO_SOURCE"
          },
          {
            "path": ":spring-tx:processTestResources",
            "outcome": "EXECUTED"
          },
          {
            "path": ":spring-tx:testClasses",
            "outcome": "EXECUTED"
          },
          {
            "path": ":spring-tx:testFixturesClasses",
            "outcome": "UP_TO_DATE"
          },
          {
            "path": ":spring-tx:testFixturesJar",
            "outcome": "EXECUTED"
          },
          {
            "path": ":spring-web:checkKotlinGradlePluginConfigurationErrors",
            "outcome": "SKIPPED"
          },
          {
            "path": ":spring-web:classes",
            "outcome": "EXECUTED"
          },
          {
            "path": ":spring-web:compileJava",
            "outcome": "FROM_CACHE"
          },
          {
            "path": ":spring-web:compileKotlin",
            "outcome": "FROM_CACHE"
          },
          {
            "path": ":spring-web:compileTestFixturesJava",
            "outcome": "FROM_CACHE"
          },
          {
            "path": ":spring-web:compileTestFixturesKotlin",
            "outcome": "NO_SOURCE"
          },
          {
            "path": ":spring-web:compileTestJava",
            "outcome": "FROM_CACHE"
          },
          {
            "path": ":spring-web:compileTestKotlin",
            "outcome": "FROM_CACHE"
          },
          {
            "path": ":spring-web:jar",
            "outcome": "EXECUTED"
          },
          {
            "path": ":spring-web:processResources",
            "outcome": "EXECUTED"
          },
          {
            "path": ":spring-web:processTestFixturesResources",
            "outcome": "EXECUTED"
          },
          {
            "path": ":spring-web:processTestResources",
            "outcome": "EXECUTED"
          },
          {
            "path": ":spring-web:testClasses",
            "outcome": "EXECUTED"
          },
          {
            "path": ":spring-web:testFixturesClasses",
            "outcome": "EXECUTED"
          },
          {
            "path": ":spring-web:testFixturesJar",
            "outcome": "EXECUTED"
          },
          {
            "path": ":spring-webflux:checkKotlinGradlePluginConfigurationErrors",
            "outcome": "SKIPPED"
          },
          {
            "path": ":spring-webflux:classes",
            "outcome": "EXECUTED"
          },
          {
            "path": ":spring-webflux:compileJava",
            "outcome": "FROM_CACHE"
          },
          {
            "path": ":spring-webflux:compileKotlin",
            "outcome": "FROM_CACHE"
          },
          {
            "path": ":spring-webflux:compileTestFixturesJava",
            "outcome": "NO_SOURCE"
          },
          {
            "path": ":spring-webflux:compileTestFixturesKotlin",
            "outcome": "NO_SOURCE"
          },
          {
            "path": ":spring-webflux:compileTestJava",
            "outcome": "FROM_CACHE"
          },
          {
            "path": ":spring-webflux:compileTestKotlin",
            "outcome": "FROM_CACHE"
          },
          {
            "path": ":spring-webflux:jar",
            "outcome": "EXECUTED"
          },
          {
            "path": ":spring-webflux:processResources",
            "outcome": "EXECUTED"
          },
          {
            "path": ":spring-webflux:processTestFixturesResources",
            "outcome": "NO_SOURCE"
          },
          {
            "path": ":spring-webflux:processTestResources",
            "outcome": "EXECUTED"
          },
          {
            "path": ":spring-webflux:testClasses",
            "outcome": "EXECUTED"
          },
          {
            "path": ":spring-webflux:testFixturesClasses",
            "outcome": "UP_TO_DATE"
          },
          {
            "path": ":spring-webflux:testFixturesJar",
            "outcome": "EXECUTED"
          },
          {
            "path": ":spring-webmvc:checkKotlinGradlePluginConfigurationErrors",
            "outcome": "SKIPPED"
          },
          {
            "path": ":spring-webmvc:classes",
            "outcome": "EXECUTED"
          },
          {
            "path": ":spring-webmvc:compileJava",
            "outcome": "FROM_CACHE"
          },
          {
            "path": ":spring-webmvc:compileKotlin",
            "outcome": "FROM_CACHE"
          },
          {
            "path": ":spring-webmvc:compileTestFixturesJava",
            "outcome": "NO_SOURCE"
          },
          {
            "path": ":spring-webmvc:compileTestFixturesKotlin",
            "outcome": "NO_SOURCE"
          },
          {
            "path": ":spring-webmvc:compileTestJava",
            "outcome": "FROM_CACHE"
          },
          {
            "path": ":spring-webmvc:compileTestKotlin",
            "outcome": "FROM_CACHE"
          },
          {
            "path": ":spring-webmvc:jar",
            "outcome": "EXECUTED"
          },
          {
            "path": ":spring-webmvc:processResources",
            "outcome": "EXECUTED"
          },
          {
            "path": ":spring-webmvc:processTestFixturesResources",
            "outcome": "NO_SOURCE"
          },
          {
            "path": ":spring-webmvc:processTestResources",
            "outcome": "EXECUTED"
          },
          {
            "path": ":spring-webmvc:testClasses",
            "outcome": "EXECUTED"
          },
          {
            "path": ":spring-webmvc:testFixturesClasses",
            "outcome": "UP_TO_DATE"
          },
          {
            "path": ":spring-webmvc:testFixturesJar",
            "outcome": "EXECUTED"
          },
          {
            "path": ":spring-websocket:compileJava",
            "outcome": "FROM_CACHE"
          },
          {
            "path": ":spring-websocket:compileTestFixturesJava",
            "outcome": "NO_SOURCE"
          },
          {
            "path": ":spring-websocket:compileTestJava",
            "outcome": "FROM_CACHE"
          },
          {
            "path": ":spring-websocket:processTestResources",
            "outcome": "EXECUTED"
          },
          {
            "path": ":spring-websocket:testClasses",
            "outcome": "EXECUTED"
          },
          {
            "path": ":testClasses",
            "outcome": "UP_TO_DATE"
          }
        ]
      },
      "candidateTaskOutcomes": {
        "total": 56,
        "executed": 14,
        "fromCache": 26,
        "upToDate": 2,
        "noSource": 7,
        "skipped": 7,
        "fingerprintSha256": "af08640256e4ce968a02546a34fd5e7b170359e73fd1255332a0b813d6a2b3f6",
        "tasks": [
          {
            "path": ":buildSrc:check",
            "outcome": "UP_TO_DATE"
          },
          {
            "path": ":buildSrc:checkstyleMain",
            "outcome": "FROM_CACHE"
          },
          {
            "path": ":buildSrc:checkstyleTest",
            "outcome": "FROM_CACHE"
          },
          {
            "path": ":buildSrc:classes",
            "outcome": "EXECUTED"
          },
          {
            "path": ":buildSrc:compileGroovy",
            "outcome": "NO_SOURCE"
          },
          {
            "path": ":buildSrc:compileJava",
            "outcome": "FROM_CACHE"
          },
          {
            "path": ":buildSrc:compileTestGroovy",
            "outcome": "NO_SOURCE"
          },
          {
            "path": ":buildSrc:compileTestJava",
            "outcome": "FROM_CACHE"
          },
          {
            "path": ":buildSrc:jar",
            "outcome": "EXECUTED"
          },
          {
            "path": ":buildSrc:pluginDescriptors",
            "outcome": "EXECUTED"
          },
          {
            "path": ":buildSrc:pluginUnderTestMetadata",
            "outcome": "EXECUTED"
          },
          {
            "path": ":buildSrc:processResources",
            "outcome": "EXECUTED"
          },
          {
            "path": ":buildSrc:processTestResources",
            "outcome": "NO_SOURCE"
          },
          {
            "path": ":buildSrc:test",
            "outcome": "FROM_CACHE"
          },
          {
            "path": ":buildSrc:testClasses",
            "outcome": "UP_TO_DATE"
          },
          {
            "path": ":buildSrc:validatePlugins",
            "outcome": "FROM_CACHE"
          },
          {
            "path": ":spring-aop:checkKotlinGradlePluginConfigurationErrors",
            "outcome": "SKIPPED"
          },
          {
            "path": ":spring-aop:compileJava",
            "outcome": "FROM_CACHE"
          },
          {
            "path": ":spring-aop:compileKotlin",
            "outcome": "NO_SOURCE"
          },
          {
            "path": ":spring-beans:checkKotlinGradlePluginConfigurationErrors",
            "outcome": "SKIPPED"
          },
          {
            "path": ":spring-beans:classes",
            "outcome": "EXECUTED"
          },
          {
            "path": ":spring-beans:compileJava",
            "outcome": "FROM_CACHE"
          },
          {
            "path": ":spring-beans:compileKotlin",
            "outcome": "FROM_CACHE"
          },
          {
            "path": ":spring-beans:compileTestFixturesJava",
            "outcome": "FROM_CACHE"
          },
          {
            "path": ":spring-beans:compileTestFixturesKotlin",
            "outcome": "FROM_CACHE"
          },
          {
            "path": ":spring-beans:jar",
            "outcome": "EXECUTED"
          },
          {
            "path": ":spring-beans:processResources",
            "outcome": "EXECUTED"
          },
          {
            "path": ":spring-context:checkKotlinGradlePluginConfigurationErrors",
            "outcome": "SKIPPED"
          },
          {
            "path": ":spring-context:compileJava",
            "outcome": "FROM_CACHE"
          },
          {
            "path": ":spring-context:compileKotlin",
            "outcome": "FROM_CACHE"
          },
          {
            "path": ":spring-core:checkKotlinGradlePluginConfigurationErrors",
            "outcome": "SKIPPED"
          },
          {
            "path": ":spring-core:compileJava",
            "outcome": "FROM_CACHE"
          },
          {
            "path": ":spring-core:compileKotlin",
            "outcome": "FROM_CACHE"
          },
          {
            "path": ":spring-core:javapoetRepackJar",
            "outcome": "FROM_CACHE"
          },
          {
            "path": ":spring-core:objenesisRepackJar",
            "outcome": "FROM_CACHE"
          },
          {
            "path": ":spring-expression:checkKotlinGradlePluginConfigurationErrors",
            "outcome": "SKIPPED"
          },
          {
            "path": ":spring-expression:compileJava",
            "outcome": "FROM_CACHE"
          },
          {
            "path": ":spring-expression:compileKotlin",
            "outcome": "NO_SOURCE"
          },
          {
            "path": ":spring-instrument:compileJava",
            "outcome": "FROM_CACHE"
          },
          {
            "path": ":spring-jms:compileJava",
            "outcome": "EXECUTED"
          },
          {
            "path": ":spring-jms:compileTestFixturesJava",
            "outcome": "NO_SOURCE"
          },
          {
            "path": ":spring-jms:compileTestJava",
            "outcome": "FROM_CACHE"
          },
          {
            "path": ":spring-jms:processTestResources",
            "outcome": "EXECUTED"
          },
          {
            "path": ":spring-jms:testClasses",
            "outcome": "EXECUTED"
          },
          {
            "path": ":spring-messaging:checkKotlinGradlePluginConfigurationErrors",
            "outcome": "SKIPPED"
          },
          {
            "path": ":spring-messaging:compileJava",
            "outcome": "FROM_CACHE"
          },
          {
            "path": ":spring-messaging:compileKotlin",
            "outcome": "FROM_CACHE"
          },
          {
            "path": ":spring-oxm:compileJava",
            "outcome": "FROM_CACHE"
          },
          {
            "path": ":spring-tx:checkKotlinGradlePluginConfigurationErrors",
            "outcome": "SKIPPED"
          },
          {
            "path": ":spring-tx:classes",
            "outcome": "EXECUTED"
          },
          {
            "path": ":spring-tx:compileJava",
            "outcome": "FROM_CACHE"
          },
          {
            "path": ":spring-tx:compileKotlin",
            "outcome": "FROM_CACHE"
          },
          {
            "path": ":spring-tx:compileTestFixturesJava",
            "outcome": "FROM_CACHE"
          },
          {
            "path": ":spring-tx:compileTestFixturesKotlin",
            "outcome": "NO_SOURCE"
          },
          {
            "path": ":spring-tx:jar",
            "outcome": "EXECUTED"
          },
          {
            "path": ":spring-tx:processResources",
            "outcome": "EXECUTED"
          }
        ]
      },
      "controlHostPressure": {
        "available": true,
        "cpuSomeTotalUs": 108680,
        "memorySomeTotalUs": 1,
        "memoryFullTotalUs": 1,
        "ioSomeTotalUs": 8416774,
        "ioFullTotalUs": 6159903
      },
      "candidateHostPressure": {
        "available": true,
        "cpuSomeTotalUs": 35906,
        "memorySomeTotalUs": 0,
        "memoryFullTotalUs": 0,
        "ioSomeTotalUs": 8128121,
        "ioFullTotalUs": 6902967
      }
    }
  ],
  "fallback": {
    "mode": "FULL_GRAPH",
    "reason": "IMPACT_GLOBAL_CHANGE",
    "buildSuccessful": true
  },
  "result": {
    "pairs": 8,
    "controlMeanMs": 14389,
    "candidateMeanMs": 11494.125,
    "meanSavedMs": 2894.875,
    "reductionRatio": 0.20118667037320176,
    "interval95SavedMs": [
      2088,
      3835.375
    ],
    "positivePairs": 8,
    "executionShapeObserved": true,
    "executionShapeStable": true,
    "targetWarmupShapeObserved": true,
    "targetWarmupShapeStable": true,
    "qualified": true,
    "decision": "QUALIFY_STRUCTURAL_PROFILE"
  },
  "boundaries": {
    "proofOfConcept": true,
    "productionAuthorized": false,
    "repositorySpecificRuleAdded": false,
    "testOptimizationModified": false
  }
}
