buildopt: warming isolated control arm at c16898314460cdfc3e0f0d7d24822585bbd1997e (cache seed 1/5)
buildopt: warmed isolated control arm cache seed in 210025ms with total:218/executed:167/from-cache:0/up-to-date:3/no-source:48/skipped:0/fingerprint:7517f029b7a075e985d670178f879974e0297889ca1085e0a5e7fdc9d123fa8f
buildopt: warming isolated control arm at c16898314460cdfc3e0f0d7d24822585bbd1997e (base daemon stabilization 2/5)
buildopt: warmed isolated control arm daemon stabilization in 84392ms with total:218/executed:133/from-cache:27/up-to-date:10/no-source:48/skipped:0/fingerprint:412113aca5cb6c75afb026125187314f7d484f4361ae7ee7828d97177895a0d0
buildopt: warming isolated control arm at 3d6e5f4f6e8b492528fe133366680a377b7e4706 (target-workload stabilization 3/5)
buildopt: warmed isolated control arm target workload in 87782ms with total:218/executed:138/from-cache:24/up-to-date:8/no-source:48/skipped:0/fingerprint:a8c9059b0fb2a799ddfba8828062a5ba4fb07b5deb583fa958f0ecb41079e151
buildopt: confirming isolated control target-workload shape at 3d6e5f4f6e8b492528fe133366680a377b7e4706 (4/5)
buildopt: confirmed isolated control target workload in 77043ms with total:218/executed:138/from-cache:24/up-to-date:8/no-source:48/skipped:0/fingerprint:a8c9059b0fb2a799ddfba8828062a5ba4fb07b5deb583fa958f0ecb41079e151
buildopt: confirming isolated control target-workload shape at 3d6e5f4f6e8b492528fe133366680a377b7e4706 (5/5)
buildopt: confirmed isolated control target workload in 76620ms with total:218/executed:138/from-cache:24/up-to-date:8/no-source:48/skipped:0/fingerprint:a8c9059b0fb2a799ddfba8828062a5ba4fb07b5deb583fa958f0ecb41079e151
buildopt: warming isolated candidate arm at c16898314460cdfc3e0f0d7d24822585bbd1997e (cache seed 1/5)
buildopt: warmed isolated candidate arm cache seed in 159692ms with total:25/executed:24/from-cache:0/up-to-date:0/no-source:1/skipped:0/fingerprint:74a2e1a4588b91accdf076cda4cb2c697590539d0f32836d22e89ed76e3bf071
buildopt: warming isolated candidate arm at c16898314460cdfc3e0f0d7d24822585bbd1997e (base daemon stabilization 2/5)
buildopt: warmed isolated candidate arm daemon stabilization in 16469ms with total:25/executed:15/from-cache:9/up-to-date:0/no-source:1/skipped:0/fingerprint:3101cecdd50b16320d5ace0afabed16d4990e5f67525c6aeac017f3fd9fcea14
buildopt: warming isolated candidate arm at 3d6e5f4f6e8b492528fe133366680a377b7e4706 (target-workload stabilization 3/5)
buildopt: warmed isolated candidate arm target workload in 12881ms with total:25/executed:16/from-cache:8/up-to-date:0/no-source:1/skipped:0/fingerprint:b43c808e47c00d49cfb56f71197b3295e884e9f536fb660c7889cb8b633b76e2
buildopt: confirming isolated candidate target-workload shape at 3d6e5f4f6e8b492528fe133366680a377b7e4706 (4/5)
buildopt: confirmed isolated candidate target workload in 15904ms with total:25/executed:16/from-cache:8/up-to-date:0/no-source:1/skipped:0/fingerprint:b43c808e47c00d49cfb56f71197b3295e884e9f536fb660c7889cb8b633b76e2
buildopt: confirming isolated candidate target-workload shape at 3d6e5f4f6e8b492528fe133366680a377b7e4706 (5/5)
buildopt: confirmed isolated candidate target workload in 24875ms with total:25/executed:16/from-cache:8/up-to-date:0/no-source:1/skipped:0/fingerprint:b43c808e47c00d49cfb56f71197b3295e884e9f536fb660c7889cb8b633b76e2
buildopt: structural pair 1/8 control=73611ms candidate=20462ms saved=53149ms gap=3ms order=CONTROL_FIRST
buildopt: structural pair 1 task outcomes control=total:218/executed:138/from-cache:24/up-to-date:8/no-source:48/skipped:0/fingerprint:a8c9059b0fb2a799ddfba8828062a5ba4fb07b5deb583fa958f0ecb41079e151 candidate=total:25/executed:16/from-cache:8/up-to-date:0/no-source:1/skipped:0/fingerprint:b43c808e47c00d49cfb56f71197b3295e884e9f536fb660c7889cb8b633b76e2
buildopt: structural pair 2/8 control=70600ms candidate=20647ms saved=49953ms gap=0ms order=CANDIDATE_FIRST
buildopt: structural pair 2 task outcomes control=total:218/executed:138/from-cache:24/up-to-date:8/no-source:48/skipped:0/fingerprint:a8c9059b0fb2a799ddfba8828062a5ba4fb07b5deb583fa958f0ecb41079e151 candidate=total:25/executed:16/from-cache:8/up-to-date:0/no-source:1/skipped:0/fingerprint:b43c808e47c00d49cfb56f71197b3295e884e9f536fb660c7889cb8b633b76e2
buildopt: structural pair 3/8 control=72779ms candidate=19808ms saved=52971ms gap=0ms order=CONTROL_FIRST
buildopt: structural pair 3 task outcomes control=total:218/executed:138/from-cache:24/up-to-date:8/no-source:48/skipped:0/fingerprint:a8c9059b0fb2a799ddfba8828062a5ba4fb07b5deb583fa958f0ecb41079e151 candidate=total:25/executed:16/from-cache:8/up-to-date:0/no-source:1/skipped:0/fingerprint:b43c808e47c00d49cfb56f71197b3295e884e9f536fb660c7889cb8b633b76e2
buildopt: structural pair 4/8 control=72339ms candidate=18225ms saved=54114ms gap=0ms order=CANDIDATE_FIRST
buildopt: structural pair 4 task outcomes control=total:218/executed:138/from-cache:24/up-to-date:8/no-source:48/skipped:0/fingerprint:a8c9059b0fb2a799ddfba8828062a5ba4fb07b5deb583fa958f0ecb41079e151 candidate=total:25/executed:16/from-cache:8/up-to-date:0/no-source:1/skipped:0/fingerprint:b43c808e47c00d49cfb56f71197b3295e884e9f536fb660c7889cb8b633b76e2
buildopt: structural pair 5/8 control=71315ms candidate=21341ms saved=49974ms gap=0ms order=CONTROL_FIRST
buildopt: structural pair 5 task outcomes control=total:218/executed:138/from-cache:24/up-to-date:8/no-source:48/skipped:0/fingerprint:a8c9059b0fb2a799ddfba8828062a5ba4fb07b5deb583fa958f0ecb41079e151 candidate=total:25/executed:16/from-cache:8/up-to-date:0/no-source:1/skipped:0/fingerprint:b43c808e47c00d49cfb56f71197b3295e884e9f536fb660c7889cb8b633b76e2
buildopt: structural pair 6/8 control=71207ms candidate=18739ms saved=52468ms gap=0ms order=CANDIDATE_FIRST
buildopt: structural pair 6 task outcomes control=total:218/executed:138/from-cache:24/up-to-date:8/no-source:48/skipped:0/fingerprint:a8c9059b0fb2a799ddfba8828062a5ba4fb07b5deb583fa958f0ecb41079e151 candidate=total:25/executed:16/from-cache:8/up-to-date:0/no-source:1/skipped:0/fingerprint:b43c808e47c00d49cfb56f71197b3295e884e9f536fb660c7889cb8b633b76e2
buildopt: structural pair 7/8 control=75725ms candidate=20477ms saved=55248ms gap=2ms order=CONTROL_FIRST
buildopt: structural pair 7 task outcomes control=total:218/executed:138/from-cache:24/up-to-date:8/no-source:48/skipped:0/fingerprint:a8c9059b0fb2a799ddfba8828062a5ba4fb07b5deb583fa958f0ecb41079e151 candidate=total:25/executed:16/from-cache:8/up-to-date:0/no-source:1/skipped:0/fingerprint:b43c808e47c00d49cfb56f71197b3295e884e9f536fb660c7889cb8b633b76e2
buildopt: structural pair 8/8 control=68087ms candidate=18110ms saved=49977ms gap=0ms order=CANDIDATE_FIRST
buildopt: structural pair 8 task outcomes control=total:218/executed:138/from-cache:24/up-to-date:8/no-source:48/skipped:0/fingerprint:a8c9059b0fb2a799ddfba8828062a5ba4fb07b5deb583fa958f0ecb41079e151 candidate=total:25/executed:16/from-cache:8/up-to-date:0/no-source:1/skipped:0/fingerprint:b43c808e47c00d49cfb56f71197b3295e884e9f536fb660c7889cb8b633b76e2
buildopt: validating full-graph fallback with --no-daemon and measured scheduling
buildopt: structural profile measurement decision QUALIFIED_EVIDENCE_WRITTEN; review buildopt-structural-evidence.json before evaluation
{
  "schemaVersion": "buildopt.evidence/structural-profile-qualification/v1",
  "evidenceState": "QUALIFIED",
  "capturedAt": "2026-08-14T03:48:30Z",
  "subject": {
    "repositoryId": "apache/groovy",
    "repositoryRevision": "3d6e5f4f6e8b492528fe133366680a377b7e4706",
    "pipelineClass": "jar-packaging"
  },
  "sourceBindings": {
    "manifestSha256": "a6d88334fec16415b7dd90012ab0036e68a673dd1d73ecab0421310d9d8dcf8f",
    "graphSha256": "02520e4eaec8781a09edc8cbf42d58ce5621ffe4f4cadf54c6c2c87c4e6c4a24",
    "generatedManifestSha256": "c6b7eaed059e3e25fe4ff4881063d2d8828ce437e3c95c2f4b9ea855b25d81e0",
    "sourceEvidenceSha256": "567700230e4130b93ec67296f6a281dfbcbbf312156c7887463e20ec110f42fd",
    "outputEquivalenceSha256": "ed3bc40daec143645589a768d5058bdbdf1a982d08d2659170142bca3dea1ff5"
  },
  "plan": {
    "alternativeId": "changed-projects",
    "entrypoints": [
      ":groovy-json:jar"
    ],
    "fallbackEntrypoints": [
      "jar"
    ],
    "requiredOutputs": [
      "subprojects/groovy-json/build/libs/*.jar"
    ],
    "totalProjectCount": 37,
    "selectedProjectCount": 2,
    "omittedProjectCount": 35,
    "omittedProjectRatio": 0.9459459459459459
  },
  "execution": {
    "candidateSurface": "INSTALLED_BUILDOPT_STRUCTURAL_IMPACT_ONLY",
    "buildoptRevision": "55ad6bdd4dbd0320cac6102dd0b86be250d518f6",
    "executableSha256": "48705241bfd805c3f7f06273e2ca7ea0d67151366cf7ee2e1d9451ecd20ae069",
    "mechanisms": [
      "BUILD_IMPACT"
    ],
    "gradleOptions": [
      "--daemon",
      "--build-cache",
      "--parallel",
      "--no-configuration-cache",
      "--console=plain",
      "--no-scan",
      "--max-workers=12"
    ],
    "launcherOverheadIncluded": true,
    "outputEquivalenceMode": "OWNER_REVIEWED_SEMANTIC_V1",
    "warmupsPerArm": 5,
    "controlWarmups": [
      {
        "phase": "CACHE_SEED",
        "durationMs": 210025,
        "logSha256": "4a12c3bd58b412d32ffb985dd4dc3d1cbbcbb8eaf8cc5f1f34c434b05ce69d14",
        "taskOutcomes": {
          "total": 218,
          "executed": 167,
          "fromCache": 0,
          "upToDate": 3,
          "noSource": 48,
          "skipped": 0,
          "fingerprintSha256": "7517f029b7a075e985d670178f879974e0297889ca1085e0a5e7fdc9d123fa8f",
          "tasks": [
            {
              "path": ":bootstrapJar",
              "outcome": "EXECUTED"
            },
            {
              "path": ":build-logic:classes",
              "outcome": "EXECUTED"
            },
            {
              "path": ":build-logic:compileGroovy",
              "outcome": "EXECUTED"
            },
            {
              "path": ":build-logic:compileGroovyPlugins",
              "outcome": "EXECUTED"
            },
            {
              "path": ":build-logic:compileJava",
              "outcome": "EXECUTED"
            },
            {
              "path": ":build-logic:extractPluginRequests",
              "outcome": "EXECUTED"
            },
            {
              "path": ":build-logic:generatePluginAdapters",
              "outcome": "EXECUTED"
            },
            {
              "path": ":build-logic:jar",
              "outcome": "EXECUTED"
            },
            {
              "path": ":build-logic:pluginDescriptors",
              "outcome": "EXECUTED"
            },
            {
              "path": ":build-logic:processResources",
              "outcome": "EXECUTED"
            },
            {
              "path": ":classes",
              "outcome": "EXECUTED"
            },
            {
              "path": ":compileGroovy",
              "outcome": "EXECUTED"
            },
            {
              "path": ":compileJava",
              "outcome": "EXECUTED"
            },
            {
              "path": ":dgmConverter",
              "outcome": "EXECUTED"
            },
            {
              "path": ":generateGrammarSource",
              "outcome": "EXECUTED"
            },
            {
              "path": ":generateReleaseInfo",
              "outcome": "EXECUTED"
            },
            {
              "path": ":groovy-ant:classes",
              "outcome": "EXECUTED"
            },
            {
              "path": ":groovy-ant:compileGroovy",
              "outcome": "EXECUTED"
            },
            {
              "path": ":groovy-ant:compileJava",
              "outcome": "EXECUTED"
            },
            {
              "path": ":groovy-ant:generateReleaseInfo",
              "outcome": "EXECUTED"
            },
            {
              "path": ":groovy-ant:jar",
              "outcome": "EXECUTED"
            },
            {
              "path": ":groovy-ant:processResources",
              "outcome": "EXECUTED"
            },
            {
              "path": ":groovy-astbuilder:classes",
              "outcome": "EXECUTED"
            },
            {
              "path": ":groovy-astbuilder:compileGroovy",
              "outcome": "NO_SOURCE"
            },
            {
              "path": ":groovy-astbuilder:compileJava",
              "outcome": "EXECUTED"
            },
            {
              "path": ":groovy-astbuilder:generateReleaseInfo",
              "outcome": "EXECUTED"
            },
            {
              "path": ":groovy-astbuilder:jar",
              "outcome": "EXECUTED"
            },
            {
              "path": ":groovy-astbuilder:processResources",
              "outcome": "EXECUTED"
            },
            {
              "path": ":groovy-cli-commons:classes",
              "outcome": "EXECUTED"
            },
            {
              "path": ":groovy-cli-commons:compileGroovy",
              "outcome": "EXECUTED"
            },
            {
              "path": ":groovy-cli-commons:compileJava",
              "outcome": "NO_SOURCE"
            },
            {
              "path": ":groovy-cli-commons:generateReleaseInfo",
              "outcome": "EXECUTED"
            },
            {
              "path": ":groovy-cli-commons:jar",
              "outcome": "EXECUTED"
            },
            {
              "path": ":groovy-cli-commons:processResources",
              "outcome": "NO_SOURCE"
            },
            {
              "path": ":groovy-cli-picocli:classes",
              "outcome": "EXECUTED"
            },
            {
              "path": ":groovy-cli-picocli:compileGroovy",
              "outcome": "EXECUTED"
            },
            {
              "path": ":groovy-cli-picocli:compileJava",
              "outcome": "NO_SOURCE"
            },
            {
              "path": ":groovy-cli-picocli:generateReleaseInfo",
              "outcome": "EXECUTED"
            },
            {
              "path": ":groovy-cli-picocli:jar",
              "outcome": "EXECUTED"
            },
            {
              "path": ":groovy-cli-picocli:processResources",
              "outcome": "NO_SOURCE"
            },
            {
              "path": ":groovy-console:classes",
              "outcome": "EXECUTED"
            },
            {
              "path": ":groovy-console:compileGroovy",
              "outcome": "EXECUTED"
            },
            {
              "path": ":groovy-console:compileJava",
              "outcome": "NO_SOURCE"
            },
            {
              "path": ":groovy-console:generateReleaseInfo",
              "outcome": "EXECUTED"
            },
            {
              "path": ":groovy-console:jar",
              "outcome": "EXECUTED"
            },
            {
              "path": ":groovy-console:processResources",
              "outcome": "EXECUTED"
            },
            {
              "path": ":groovy-contracts:classes",
              "outcome": "EXECUTED"
            },
            {
              "path": ":groovy-contracts:compileGroovy",
              "outcome": "NO_SOURCE"
            },
            {
              "path": ":groovy-contracts:compileJava",
              "outcome": "EXECUTED"
            },
            {
              "path": ":groovy-contracts:generateReleaseInfo",
              "outcome": "EXECUTED"
            },
            {
              "path": ":groovy-contracts:jar",
              "outcome": "EXECUTED"
            },
            {
              "path": ":groovy-contracts:processResources",
              "outcome": "EXECUTED"
            },
            {
              "path": ":groovy-datetime:classes",
              "outcome": "EXECUTED"
            },
            {
              "path": ":groovy-datetime:compileGroovy",
              "outcome": "NO_SOURCE"
            },
            {
              "path": ":groovy-datetime:compileJava",
              "outcome": "EXECUTED"
            },
            {
              "path": ":groovy-datetime:generateReleaseInfo",
              "outcome": "EXECUTED"
            },
            {
              "path": ":groovy-datetime:jar",
              "outcome": "EXECUTED"
            },
            {
              "path": ":groovy-datetime:moduleDescriptor",
              "outcome": "EXECUTED"
            },
            {
              "path": ":groovy-datetime:processResources",
              "outcome": "NO_SOURCE"
            },
            {
              "path": ":groovy-dateutil:classes",
              "outcome": "EXECUTED"
            },
            {
              "path": ":groovy-dateutil:compileGroovy",
              "outcome": "NO_SOURCE"
            },
            {
              "path": ":groovy-dateutil:compileJava",
              "outcome": "EXECUTED"
            },
            {
              "path": ":groovy-dateutil:generateReleaseInfo",
              "outcome": "EXECUTED"
            },
            {
              "path": ":groovy-dateutil:jar",
              "outcome": "EXECUTED"
            },
            {
              "path": ":groovy-dateutil:moduleDescriptor",
              "outcome": "EXECUTED"
            },
            {
              "path": ":groovy-dateutil:processResources",
              "outcome": "NO_SOURCE"
            },
            {
              "path": ":groovy-docgenerator:classes",
              "outcome": "EXECUTED"
            },
            {
              "path": ":groovy-docgenerator:compileGroovy",
              "outcome": "EXECUTED"
            },
            {
              "path": ":groovy-docgenerator:compileJava",
              "outcome": "NO_SOURCE"
            },
            {
              "path": ":groovy-docgenerator:generateReleaseInfo",
              "outcome": "EXECUTED"
            },
            {
              "path": ":groovy-docgenerator:jar",
              "outcome": "EXECUTED"
            },
            {
              "path": ":groovy-docgenerator:processResources",
              "outcome": "EXECUTED"
            },
            {
              "path": ":groovy-ginq:classes",
              "outcome": "EXECUTED"
            },
            {
              "path": ":groovy-ginq:compileGroovy",
              "outcome": "EXECUTED"
            },
            {
              "path": ":groovy-ginq:compileJava",
              "outcome": "NO_SOURCE"
            },
            {
              "path": ":groovy-ginq:generateReleaseInfo",
              "outcome": "EXECUTED"
            },
            {
              "path": ":groovy-ginq:jar",
              "outcome": "EXECUTED"
            },
            {
              "path": ":groovy-ginq:moduleDescriptor",
              "outcome": "EXECUTED"
            },
            {
              "path": ":groovy-ginq:processResources",
              "outcome": "NO_SOURCE"
            },
            {
              "path": ":groovy-groovydoc:classes",
              "outcome": "EXECUTED"
            },
            {
              "path": ":groovy-groovydoc:compileGroovy",
              "outcome": "EXECUTED"
            },
            {
              "path": ":groovy-groovydoc:compileJava",
              "outcome": "EXECUTED"
            },
            {
              "path": ":groovy-groovydoc:generateReleaseInfo",
              "outcome": "EXECUTED"
            },
            {
              "path": ":groovy-groovydoc:jar",
              "outcome": "EXECUTED"
            },
            {
              "path": ":groovy-groovydoc:processResources",
              "outcome": "EXECUTED"
            },
            {
              "path": ":groovy-groovysh:classes",
              "outcome": "EXECUTED"
            },
            {
              "path": ":groovy-groovysh:compileGroovy",
              "outcome": "EXECUTED"
            },
            {
              "path": ":groovy-groovysh:compileJava",
              "outcome": "NO_SOURCE"
            },
            {
              "path": ":groovy-groovysh:generateReleaseInfo",
              "outcome": "EXECUTED"
            },
            {
              "path": ":groovy-groovysh:jar",
              "outcome": "EXECUTED"
            },
            {
              "path": ":groovy-groovysh:processResources",
              "outcome": "EXECUTED"
            },
            {
              "path": ":groovy-jmx:classes",
              "outcome": "EXECUTED"
            },
            {
              "path": ":groovy-jmx:compileGroovy",
              "outcome": "EXECUTED"
            },
            {
              "path": ":groovy-jmx:compileJava",
              "outcome": "EXECUTED"
            },
            {
              "path": ":groovy-jmx:generateReleaseInfo",
              "outcome": "EXECUTED"
            },
            {
              "path": ":groovy-jmx:jar",
              "outcome": "EXECUTED"
            },
            {
              "path": ":groovy-jmx:processResources",
              "outcome": "NO_SOURCE"
            },
            {
              "path": ":groovy-json:classes",
              "outcome": "EXECUTED"
            },
            {
              "path": ":groovy-json:compileGroovy",
              "outcome": "NO_SOURCE"
            },
            {
              "path": ":groovy-json:compileJava",
              "outcome": "EXECUTED"
            },
            {
              "path": ":groovy-json:generateReleaseInfo",
              "outcome": "EXECUTED"
            },
            {
              "path": ":groovy-json:jar",
              "outcome": "EXECUTED"
            },
            {
              "path": ":groovy-json:processResources",
              "outcome": "EXECUTED"
            },
            {
              "path": ":groovy-jsr223:classes",
              "outcome": "EXECUTED"
            },
            {
              "path": ":groovy-jsr223:compileGroovy",
              "outcome": "NO_SOURCE"
            },
            {
              "path": ":groovy-jsr223:compileJava",
              "outcome": "EXECUTED"
            },
            {
              "path": ":groovy-jsr223:generateReleaseInfo",
              "outcome": "EXECUTED"
            },
            {
              "path": ":groovy-jsr223:jar",
              "outcome": "EXECUTED"
            },
            {
              "path": ":groovy-jsr223:moduleDescriptor",
              "outcome": "EXECUTED"
            },
            {
              "path": ":groovy-jsr223:processResources",
              "outcome": "EXECUTED"
            },
            {
              "path": ":groovy-macro-library:classes",
              "outcome": "EXECUTED"
            },
            {
              "path": ":groovy-macro-library:compileGroovy",
              "outcome": "EXECUTED"
            },
            {
              "path": ":groovy-macro-library:compileJava",
              "outcome": "NO_SOURCE"
            },
            {
              "path": ":groovy-macro-library:generateReleaseInfo",
              "outcome": "EXECUTED"
            },
            {
              "path": ":groovy-macro-library:jar",
              "outcome": "EXECUTED"
            },
            {
              "path": ":groovy-macro-library:moduleDescriptor",
              "outcome": "EXECUTED"
            },
            {
              "path": ":groovy-macro-library:processResources",
              "outcome": "NO_SOURCE"
            },
            {
              "path": ":groovy-macro:classes",
              "outcome": "EXECUTED"
            },
            {
              "path": ":groovy-macro:compileGroovy",
              "outcome": "EXECUTED"
            },
            {
              "path": ":groovy-macro:compileJava",
              "outcome": "NO_SOURCE"
            },
            {
              "path": ":groovy-macro:generateReleaseInfo",
              "outcome": "EXECUTED"
            },
            {
              "path": ":groovy-macro:jar",
              "outcome": "EXECUTED"
            },
            {
              "path": ":groovy-macro:moduleDescriptor",
              "outcome": "EXECUTED"
            },
            {
              "path": ":groovy-macro:processResources",
              "outcome": "EXECUTED"
            },
            {
              "path": ":groovy-nio:classes",
              "outcome": "EXECUTED"
            },
            {
              "path": ":groovy-nio:compileGroovy",
              "outcome": "NO_SOURCE"
            },
            {
              "path": ":groovy-nio:compileJava",
              "outcome": "EXECUTED"
            },
            {
              "path": ":groovy-nio:generateReleaseInfo",
              "outcome": "EXECUTED"
            },
            {
              "path": ":groovy-nio:jar",
              "outcome": "EXECUTED"
            },
            {
              "path": ":groovy-nio:moduleDescriptor",
              "outcome": "EXECUTED"
            },
            {
              "path": ":groovy-nio:processResources",
              "outcome": "NO_SOURCE"
            },
            {
              "path": ":groovy-servlet:classes",
              "outcome": "EXECUTED"
            },
            {
              "path": ":groovy-servlet:compileGroovy",
              "outcome": "NO_SOURCE"
            },
            {
              "path": ":groovy-servlet:compileJava",
              "outcome": "EXECUTED"
            },
            {
              "path": ":groovy-servlet:generateReleaseInfo",
              "outcome": "EXECUTED"
            },
            {
              "path": ":groovy-servlet:jar",
              "outcome": "EXECUTED"
            },
            {
              "path": ":groovy-servlet:processResources",
              "outcome": "NO_SOURCE"
            },
            {
              "path": ":groovy-sql:classes",
              "outcome": "EXECUTED"
            },
            {
              "path": ":groovy-sql:compileGroovy",
              "outcome": "NO_SOURCE"
            },
            {
              "path": ":groovy-sql:compileJava",
              "outcome": "EXECUTED"
            },
            {
              "path": ":groovy-sql:generateReleaseInfo",
              "outcome": "EXECUTED"
            },
            {
              "path": ":groovy-sql:jar",
              "outcome": "EXECUTED"
            },
            {
              "path": ":groovy-sql:moduleDescriptor",
              "outcome": "EXECUTED"
            },
            {
              "path": ":groovy-sql:processResources",
              "outcome": "NO_SOURCE"
            },
            {
              "path": ":groovy-swing:classes",
              "outcome": "EXECUTED"
            },
            {
              "path": ":groovy-swing:compileGroovy",
              "outcome": "EXECUTED"
            },
            {
              "path": ":groovy-swing:compileJava",
              "outcome": "EXECUTED"
            },
            {
              "path": ":groovy-swing:generateReleaseInfo",
              "outcome": "EXECUTED"
            },
            {
              "path": ":groovy-swing:jar",
              "outcome": "EXECUTED"
            },
            {
              "path": ":groovy-swing:moduleDescriptor",
              "outcome": "EXECUTED"
            },
            {
              "path": ":groovy-swing:processResources",
              "outcome": "NO_SOURCE"
            },
            {
              "path": ":groovy-templates:classes",
              "outcome": "EXECUTED"
            },
            {
              "path": ":groovy-templates:compileGroovy",
              "outcome": "EXECUTED"
            },
            {
              "path": ":groovy-templates:compileJava",
              "outcome": "NO_SOURCE"
            },
            {
              "path": ":groovy-templates:generateReleaseInfo",
              "outcome": "EXECUTED"
            },
            {
              "path": ":groovy-templates:jar",
              "outcome": "EXECUTED"
            },
            {
              "path": ":groovy-templates:processResources",
              "outcome": "NO_SOURCE"
            },
            {
              "path": ":groovy-test-junit5:classes",
              "outcome": "EXECUTED"
            },
            {
              "path": ":groovy-test-junit5:compileGroovy",
              "outcome": "EXECUTED"
            },
            {
              "path": ":groovy-test-junit5:compileJava",
              "outcome": "EXECUTED"
            },
            {
              "path": ":groovy-test-junit5:generateReleaseInfo",
              "outcome": "EXECUTED"
            },
            {
              "path": ":groovy-test-junit5:jar",
              "outcome": "EXECUTED"
            },
            {
              "path": ":groovy-test-junit5:processResources",
              "outcome": "EXECUTED"
            },
            {
              "path": ":groovy-test:classes",
              "outcome": "EXECUTED"
            },
            {
              "path": ":groovy-test:compileGroovy",
              "outcome": "EXECUTED"
            },
            {
              "path": ":groovy-test:compileJava",
              "outcome": "EXECUTED"
            },
            {
              "path": ":groovy-test:generateReleaseInfo",
              "outcome": "EXECUTED"
            },
            {
              "path": ":groovy-test:jar",
              "outcome": "EXECUTED"
            },
            {
              "path": ":groovy-test:processResources",
              "outcome": "NO_SOURCE"
            },
            {
              "path": ":groovy-testng:classes",
              "outcome": "EXECUTED"
            },
            {
              "path": ":groovy-testng:compileGroovy",
              "outcome": "NO_SOURCE"
            },
            {
              "path": ":groovy-testng:compileJava",
              "outcome": "EXECUTED"
            },
            {
              "path": ":groovy-testng:generateReleaseInfo",
              "outcome": "EXECUTED"
            },
            {
              "path": ":groovy-testng:jar",
              "outcome": "EXECUTED"
            },
            {
              "path": ":groovy-testng:processResources",
              "outcome": "EXECUTED"
            },
            {
              "path": ":groovy-toml:classes",
              "outcome": "EXECUTED"
            },
            {
              "path": ":groovy-toml:compileGroovy",
              "outcome": "NO_SOURCE"
            },
            {
              "path": ":groovy-toml:compileJava",
              "outcome": "EXECUTED"
            },
            {
              "path": ":groovy-toml:generateReleaseInfo",
              "outcome": "EXECUTED"
            },
            {
              "path": ":groovy-toml:jar",
              "outcome": "EXECUTED"
            },
            {
              "path": ":groovy-toml:processResources",
              "outcome": "NO_SOURCE"
            },
            {
              "path": ":groovy-typecheckers:classes",
              "outcome": "EXECUTED"
            },
            {
              "path": ":groovy-typecheckers:compileGroovy",
              "outcome": "EXECUTED"
            },
            {
              "path": ":groovy-typecheckers:compileJava",
              "outcome": "NO_SOURCE"
            },
            {
              "path": ":groovy-typecheckers:generateReleaseInfo",
              "outcome": "EXECUTED"
            },
            {
              "path": ":groovy-typecheckers:jar",
              "outcome": "EXECUTED"
            },
            {
              "path": ":groovy-typecheckers:processResources",
              "outcome": "NO_SOURCE"
            },
            {
              "path": ":groovy-xml:classes",
              "outcome": "EXECUTED"
            },
            {
              "path": ":groovy-xml:compileGroovy",
              "outcome": "EXECUTED"
            },
            {
              "path": ":groovy-xml:compileJava",
              "outcome": "EXECUTED"
            },
            {
              "path": ":groovy-xml:generateReleaseInfo",
              "outcome": "EXECUTED"
            },
            {
              "path": ":groovy-xml:jar",
              "outcome": "EXECUTED"
            },
            {
              "path": ":groovy-xml:moduleDescriptor",
              "outcome": "EXECUTED"
            },
            {
              "path": ":groovy-xml:processResources",
              "outcome": "NO_SOURCE"
            },
            {
              "path": ":groovy-yaml:classes",
              "outcome": "EXECUTED"
            },
            {
              "path": ":groovy-yaml:compileGroovy",
              "outcome": "NO_SOURCE"
            },
            {
              "path": ":groovy-yaml:compileJava",
              "outcome": "EXECUTED"
            },
            {
              "path": ":groovy-yaml:generateReleaseInfo",
              "outcome": "EXECUTED"
            },
            {
              "path": ":groovy-yaml:jar",
              "outcome": "EXECUTED"
            },
            {
              "path": ":groovy-yaml:processResources",
              "outcome": "NO_SOURCE"
            },
            {
              "path": ":jar",
              "outcome": "EXECUTED"
            },
            {
              "path": ":osgiClasses",
              "outcome": "EXECUTED"
            },
            {
              "path": ":performance:classes",
              "outcome": "UP_TO_DATE"
            },
            {
              "path": ":performance:compileGroovy",
              "outcome": "NO_SOURCE"
            },
            {
              "path": ":performance:compileJava",
              "outcome": "NO_SOURCE"
            },
            {
              "path": ":performance:jar",
              "outcome": "EXECUTED"
            },
            {
              "path": ":performance:processResources",
              "outcome": "NO_SOURCE"
            },
            {
              "path": ":processResources",
              "outcome": "EXECUTED"
            },
            {
              "path": ":stress:classes",
              "outcome": "UP_TO_DATE"
            },
            {
              "path": ":stress:compileGroovy",
              "outcome": "NO_SOURCE"
            },
            {
              "path": ":stress:compileJava",
              "outcome": "NO_SOURCE"
            },
            {
              "path": ":stress:jar",
              "outcome": "EXECUTED"
            },
            {
              "path": ":stress:processResources",
              "outcome": "NO_SOURCE"
            },
            {
              "path": ":tests-preview:classes",
              "outcome": "UP_TO_DATE"
            },
            {
              "path": ":tests-preview:compileGroovy",
              "outcome": "NO_SOURCE"
            },
            {
              "path": ":tests-preview:compileJava",
              "outcome": "NO_SOURCE"
            },
            {
              "path": ":tests-preview:jar",
              "outcome": "EXECUTED"
            },
            {
              "path": ":tests-preview:processResources",
              "outcome": "NO_SOURCE"
            }
          ]
        },
        "hostPressure": {
          "available": true,
          "cpuSomeTotalUs": 15821806,
          "memorySomeTotalUs": 125,
          "memoryFullTotalUs": 124,
          "ioSomeTotalUs": 132246255,
          "ioFullTotalUs": 89555869
        }
      },
      {
        "phase": "BASE_DAEMON_STABILIZATION",
        "durationMs": 84392,
        "logSha256": "bab9a134866602d5fb69348c026cd8531f4792d00e27bfd03f3a01613dee17ba",
        "taskOutcomes": {
          "total": 218,
          "executed": 133,
          "fromCache": 27,
          "upToDate": 10,
          "noSource": 48,
          "skipped": 0,
          "fingerprintSha256": "412113aca5cb6c75afb026125187314f7d484f4361ae7ee7828d97177895a0d0",
          "tasks": [
            {
              "path": ":bootstrapJar",
              "outcome": "EXECUTED"
            },
            {
              "path": ":build-logic:classes",
              "outcome": "EXECUTED"
            },
            {
              "path": ":build-logic:compileGroovy",
              "outcome": "FROM_CACHE"
            },
            {
              "path": ":build-logic:compileGroovyPlugins",
              "outcome": "FROM_CACHE"
            },
            {
              "path": ":build-logic:compileJava",
              "outcome": "FROM_CACHE"
            },
            {
              "path": ":build-logic:extractPluginRequests",
              "outcome": "FROM_CACHE"
            },
            {
              "path": ":build-logic:generatePluginAdapters",
              "outcome": "FROM_CACHE"
            },
            {
              "path": ":build-logic:jar",
              "outcome": "EXECUTED"
            },
            {
              "path": ":build-logic:pluginDescriptors",
              "outcome": "EXECUTED"
            },
            {
              "path": ":build-logic:processResources",
              "outcome": "EXECUTED"
            },
            {
              "path": ":classes",
              "outcome": "EXECUTED"
            },
            {
              "path": ":compileGroovy",
              "outcome": "EXECUTED"
            },
            {
              "path": ":compileJava",
              "outcome": "FROM_CACHE",
              "consoleOutcomeTransitions": [
                "EXECUTED",
                "FROM_CACHE"
              ]
            },
            {
              "path": ":dgmConverter",
              "outcome": "FROM_CACHE"
            },
            {
              "path": ":generateGrammarSource",
              "outcome": "FROM_CACHE"
            },
            {
              "path": ":generateReleaseInfo",
              "outcome": "EXECUTED"
            },
            {
              "path": ":groovy-ant:classes",
              "outcome": "EXECUTED"
            },
            {
              "path": ":groovy-ant:compileGroovy",
              "outcome": "EXECUTED"
            },
            {
              "path": ":groovy-ant:compileJava",
              "outcome": "FROM_CACHE"
            },
            {
              "path": ":groovy-ant:generateReleaseInfo",
              "outcome": "EXECUTED"
            },
            {
              "path": ":groovy-ant:jar",
              "outcome": "EXECUTED"
            },
            {
              "path": ":groovy-ant:processResources",
              "outcome": "EXECUTED"
            },
            {
              "path": ":groovy-astbuilder:classes",
              "outcome": "EXECUTED"
            },
            {
              "path": ":groovy-astbuilder:compileGroovy",
              "outcome": "NO_SOURCE"
            },
            {
              "path": ":groovy-astbuilder:compileJava",
              "outcome": "FROM_CACHE"
            },
            {
              "path": ":groovy-astbuilder:generateReleaseInfo",
              "outcome": "EXECUTED"
            },
            {
              "path": ":groovy-astbuilder:jar",
              "outcome": "EXECUTED"
            },
            {
              "path": ":groovy-astbuilder:processResources",
              "outcome": "EXECUTED"
            },
            {
              "path": ":groovy-cli-commons:classes",
              "outcome": "EXECUTED"
            },
            {
              "path": ":groovy-cli-commons:compileGroovy",
              "outcome": "EXECUTED"
            },
            {
              "path": ":groovy-cli-commons:compileJava",
              "outcome": "NO_SOURCE"
            },
            {
              "path": ":groovy-cli-commons:generateReleaseInfo",
              "outcome": "EXECUTED"
            },
            {
              "path": ":groovy-cli-commons:jar",
              "outcome": "EXECUTED"
            },
            {
              "path": ":groovy-cli-commons:processResources",
              "outcome": "NO_SOURCE"
            },
            {
              "path": ":groovy-cli-picocli:classes",
              "outcome": "EXECUTED"
            },
            {
              "path": ":groovy-cli-picocli:compileGroovy",
              "outcome": "EXECUTED"
            },
            {
              "path": ":groovy-cli-picocli:compileJava",
              "outcome": "NO_SOURCE"
            },
            {
              "path": ":groovy-cli-picocli:generateReleaseInfo",
              "outcome": "EXECUTED"
            },
            {
              "path": ":groovy-cli-picocli:jar",
              "outcome": "EXECUTED"
            },
            {
              "path": ":groovy-cli-picocli:processResources",
              "outcome": "NO_SOURCE"
            },
            {
              "path": ":groovy-console:classes",
              "outcome": "EXECUTED"
            },
            {
              "path": ":groovy-console:compileGroovy",
              "outcome": "EXECUTED"
            },
            {
              "path": ":groovy-console:compileJava",
              "outcome": "NO_SOURCE"
            },
            {
              "path": ":groovy-console:generateReleaseInfo",
              "outcome": "EXECUTED"
            },
            {
              "path": ":groovy-console:jar",
              "outcome": "EXECUTED"
            },
            {
              "path": ":groovy-console:processResources",
              "outcome": "EXECUTED"
            },
            {
              "path": ":groovy-contracts:classes",
              "outcome": "EXECUTED"
            },
            {
              "path": ":groovy-contracts:compileGroovy",
              "outcome": "NO_SOURCE"
            },
            {
              "path": ":groovy-contracts:compileJava",
              "outcome": "FROM_CACHE"
            },
            {
              "path": ":groovy-contracts:generateReleaseInfo",
              "outcome": "EXECUTED"
            },
            {
              "path": ":groovy-contracts:jar",
              "outcome": "EXECUTED"
            },
            {
              "path": ":groovy-contracts:processResources",
              "outcome": "EXECUTED"
            },
            {
              "path": ":groovy-datetime:classes",
              "outcome": "UP_TO_DATE"
            },
            {
              "path": ":groovy-datetime:compileGroovy",
              "outcome": "NO_SOURCE"
            },
            {
              "path": ":groovy-datetime:compileJava",
              "outcome": "FROM_CACHE"
            },
            {
              "path": ":groovy-datetime:generateReleaseInfo",
              "outcome": "EXECUTED"
            },
            {
              "path": ":groovy-datetime:jar",
              "outcome": "EXECUTED"
            },
            {
              "path": ":groovy-datetime:moduleDescriptor",
              "outcome": "EXECUTED"
            },
            {
              "path": ":groovy-datetime:processResources",
              "outcome": "NO_SOURCE"
            },
            {
              "path": ":groovy-dateutil:classes",
              "outcome": "UP_TO_DATE"
            },
            {
              "path": ":groovy-dateutil:compileGroovy",
              "outcome": "NO_SOURCE"
            },
            {
              "path": ":groovy-dateutil:compileJava",
              "outcome": "FROM_CACHE"
            },
            {
              "path": ":groovy-dateutil:generateReleaseInfo",
              "outcome": "EXECUTED"
            },
            {
              "path": ":groovy-dateutil:jar",
              "outcome": "EXECUTED"
            },
            {
              "path": ":groovy-dateutil:moduleDescriptor",
              "outcome": "EXECUTED"
            },
            {
              "path": ":groovy-dateutil:processResources",
              "outcome": "NO_SOURCE"
            },
            {
              "path": ":groovy-docgenerator:classes",
              "outcome": "EXECUTED"
            },
            {
              "path": ":groovy-docgenerator:compileGroovy",
              "outcome": "EXECUTED"
            },
            {
              "path": ":groovy-docgenerator:compileJava",
              "outcome": "NO_SOURCE"
            },
            {
              "path": ":groovy-docgenerator:generateReleaseInfo",
              "outcome": "EXECUTED"
            },
            {
              "path": ":groovy-docgenerator:jar",
              "outcome": "EXECUTED"
            },
            {
              "path": ":groovy-docgenerator:processResources",
              "outcome": "EXECUTED"
            },
            {
              "path": ":groovy-ginq:classes",
              "outcome": "EXECUTED"
            },
            {
              "path": ":groovy-ginq:compileGroovy",
              "outcome": "EXECUTED"
            },
            {
              "path": ":groovy-ginq:compileJava",
              "outcome": "NO_SOURCE"
            },
            {
              "path": ":groovy-ginq:generateReleaseInfo",
              "outcome": "EXECUTED"
            },
            {
              "path": ":groovy-ginq:jar",
              "outcome": "EXECUTED"
            },
            {
              "path": ":groovy-ginq:moduleDescriptor",
              "outcome": "EXECUTED"
            },
            {
              "path": ":groovy-ginq:processResources",
              "outcome": "NO_SOURCE"
            },
            {
              "path": ":groovy-groovydoc:classes",
              "outcome": "EXECUTED"
            },
            {
              "path": ":groovy-groovydoc:compileGroovy",
              "outcome": "EXECUTED"
            },
            {
              "path": ":groovy-groovydoc:compileJava",
              "outcome": "FROM_CACHE"
            },
            {
              "path": ":groovy-groovydoc:generateReleaseInfo",
              "outcome": "EXECUTED"
            },
            {
              "path": ":groovy-groovydoc:jar",
              "outcome": "EXECUTED"
            },
            {
              "path": ":groovy-groovydoc:processResources",
              "outcome": "EXECUTED"
            },
            {
              "path": ":groovy-groovysh:classes",
              "outcome": "EXECUTED"
            },
            {
              "path": ":groovy-groovysh:compileGroovy",
              "outcome": "EXECUTED"
            },
            {
              "path": ":groovy-groovysh:compileJava",
              "outcome": "NO_SOURCE"
            },
            {
              "path": ":groovy-groovysh:generateReleaseInfo",
              "outcome": "EXECUTED"
            },
            {
              "path": ":groovy-groovysh:jar",
              "outcome": "EXECUTED"
            },
            {
              "path": ":groovy-groovysh:processResources",
              "outcome": "EXECUTED"
            },
            {
              "path": ":groovy-jmx:classes",
              "outcome": "EXECUTED"
            },
            {
              "path": ":groovy-jmx:compileGroovy",
              "outcome": "EXECUTED"
            },
            {
              "path": ":groovy-jmx:compileJava",
              "outcome": "FROM_CACHE"
            },
            {
              "path": ":groovy-jmx:generateReleaseInfo",
              "outcome": "EXECUTED"
            },
            {
              "path": ":groovy-jmx:jar",
              "outcome": "EXECUTED"
            },
            {
              "path": ":groovy-jmx:processResources",
              "outcome": "NO_SOURCE"
            },
            {
              "path": ":groovy-json:classes",
              "outcome": "EXECUTED"
            },
            {
              "path": ":groovy-json:compileGroovy",
              "outcome": "NO_SOURCE"
            },
            {
              "path": ":groovy-json:compileJava",
              "outcome": "FROM_CACHE"
            },
            {
              "path": ":groovy-json:generateReleaseInfo",
              "outcome": "EXECUTED"
            },
            {
              "path": ":groovy-json:jar",
              "outcome": "EXECUTED"
            },
            {
              "path": ":groovy-json:processResources",
              "outcome": "EXECUTED"
            },
            {
              "path": ":groovy-jsr223:classes",
              "outcome": "EXECUTED"
            },
            {
              "path": ":groovy-jsr223:compileGroovy",
              "outcome": "NO_SOURCE"
            },
            {
              "path": ":groovy-jsr223:compileJava",
              "outcome": "FROM_CACHE"
            },
            {
              "path": ":groovy-jsr223:generateReleaseInfo",
              "outcome": "EXECUTED"
            },
            {
              "path": ":groovy-jsr223:jar",
              "outcome": "EXECUTED"
            },
            {
              "path": ":groovy-jsr223:moduleDescriptor",
              "outcome": "EXECUTED"
            },
            {
              "path": ":groovy-jsr223:processResources",
              "outcome": "EXECUTED"
            },
            {
              "path": ":groovy-macro-library:classes",
              "outcome": "EXECUTED"
            },
            {
              "path": ":groovy-macro-library:compileGroovy",
              "outcome": "EXECUTED"
            },
            {
              "path": ":groovy-macro-library:compileJava",
              "outcome": "NO_SOURCE"
            },
            {
              "path": ":groovy-macro-library:generateReleaseInfo",
              "outcome": "EXECUTED"
            },
            {
              "path": ":groovy-macro-library:jar",
              "outcome": "EXECUTED"
            },
            {
              "path": ":groovy-macro-library:moduleDescriptor",
              "outcome": "EXECUTED"
            },
            {
              "path": ":groovy-macro-library:processResources",
              "outcome": "NO_SOURCE"
            },
            {
              "path": ":groovy-macro:classes",
              "outcome": "EXECUTED"
            },
            {
              "path": ":groovy-macro:compileGroovy",
              "outcome": "EXECUTED"
            },
            {
              "path": ":groovy-macro:compileJava",
              "outcome": "NO_SOURCE"
            },
            {
              "path": ":groovy-macro:generateReleaseInfo",
              "outcome": "EXECUTED"
            },
            {
              "path": ":groovy-macro:jar",
              "outcome": "EXECUTED"
            },
            {
              "path": ":groovy-macro:moduleDescriptor",
              "outcome": "EXECUTED"
            },
            {
              "path": ":groovy-macro:processResources",
              "outcome": "EXECUTED"
            },
            {
              "path": ":groovy-nio:classes",
              "outcome": "UP_TO_DATE"
            },
            {
              "path": ":groovy-nio:compileGroovy",
              "outcome": "NO_SOURCE"
            },
            {
              "path": ":groovy-nio:compileJava",
              "outcome": "FROM_CACHE"
            },
            {
              "path": ":groovy-nio:generateReleaseInfo",
              "outcome": "EXECUTED"
            },
            {
              "path": ":groovy-nio:jar",
              "outcome": "EXECUTED"
            },
            {
              "path": ":groovy-nio:moduleDescriptor",
              "outcome": "EXECUTED"
            },
            {
              "path": ":groovy-nio:processResources",
              "outcome": "NO_SOURCE"
            },
            {
              "path": ":groovy-servlet:classes",
              "outcome": "UP_TO_DATE"
            },
            {
              "path": ":groovy-servlet:compileGroovy",
              "outcome": "NO_SOURCE"
            },
            {
              "path": ":groovy-servlet:compileJava",
              "outcome": "FROM_CACHE"
            },
            {
              "path": ":groovy-servlet:generateReleaseInfo",
              "outcome": "EXECUTED"
            },
            {
              "path": ":groovy-servlet:jar",
              "outcome": "EXECUTED"
            },
            {
              "path": ":groovy-servlet:processResources",
              "outcome": "NO_SOURCE"
            },
            {
              "path": ":groovy-sql:classes",
              "outcome": "UP_TO_DATE"
            },
            {
              "path": ":groovy-sql:compileGroovy",
              "outcome": "NO_SOURCE"
            },
            {
              "path": ":groovy-sql:compileJava",
              "outcome": "FROM_CACHE"
            },
            {
              "path": ":groovy-sql:generateReleaseInfo",
              "outcome": "EXECUTED"
            },
            {
              "path": ":groovy-sql:jar",
              "outcome": "EXECUTED"
            },
            {
              "path": ":groovy-sql:moduleDescriptor",
              "outcome": "EXECUTED"
            },
            {
              "path": ":groovy-sql:processResources",
              "outcome": "NO_SOURCE"
            },
            {
              "path": ":groovy-swing:classes",
              "outcome": "EXECUTED"
            },
            {
              "path": ":groovy-swing:compileGroovy",
              "outcome": "EXECUTED"
            },
            {
              "path": ":groovy-swing:compileJava",
              "outcome": "FROM_CACHE"
            },
            {
              "path": ":groovy-swing:generateReleaseInfo",
              "outcome": "EXECUTED"
            },
            {
              "path": ":groovy-swing:jar",
              "outcome": "EXECUTED"
            },
            {
              "path": ":groovy-swing:moduleDescriptor",
              "outcome": "EXECUTED"
            },
            {
              "path": ":groovy-swing:processResources",
              "outcome": "NO_SOURCE"
            },
            {
              "path": ":groovy-templates:classes",
              "outcome": "EXECUTED"
            },
            {
              "path": ":groovy-templates:compileGroovy",
              "outcome": "EXECUTED"
            },
            {
              "path": ":groovy-templates:compileJava",
              "outcome": "NO_SOURCE"
            },
            {
              "path": ":groovy-templates:generateReleaseInfo",
              "outcome": "EXECUTED"
            },
            {
              "path": ":groovy-templates:jar",
              "outcome": "EXECUTED"
            },
            {
              "path": ":groovy-templates:processResources",
              "outcome": "NO_SOURCE"
            },
            {
              "path": ":groovy-test-junit5:classes",
              "outcome": "EXECUTED"
            },
            {
              "path": ":groovy-test-junit5:compileGroovy",
              "outcome": "EXECUTED"
            },
            {
              "path": ":groovy-test-junit5:compileJava",
              "outcome": "FROM_CACHE"
            },
            {
              "path": ":groovy-test-junit5:generateReleaseInfo",
              "outcome": "EXECUTED"
            },
            {
              "path": ":groovy-test-junit5:jar",
              "outcome": "EXECUTED"
            },
            {
              "path": ":groovy-test-junit5:processResources",
              "outcome": "EXECUTED"
            },
            {
              "path": ":groovy-test:classes",
              "outcome": "EXECUTED"
            },
            {
              "path": ":groovy-test:compileGroovy",
              "outcome": "EXECUTED"
            },
            {
              "path": ":groovy-test:compileJava",
              "outcome": "FROM_CACHE"
            },
            {
              "path": ":groovy-test:generateReleaseInfo",
              "outcome": "EXECUTED"
            },
            {
              "path": ":groovy-test:jar",
              "outcome": "EXECUTED"
            },
            {
              "path": ":groovy-test:processResources",
              "outcome": "NO_SOURCE"
            },
            {
              "path": ":groovy-testng:classes",
              "outcome": "EXECUTED"
            },
            {
              "path": ":groovy-testng:compileGroovy",
              "outcome": "NO_SOURCE"
            },
            {
              "path": ":groovy-testng:compileJava",
              "outcome": "FROM_CACHE"
            },
            {
              "path": ":groovy-testng:generateReleaseInfo",
              "outcome": "EXECUTED"
            },
            {
              "path": ":groovy-testng:jar",
              "outcome": "EXECUTED"
            },
            {
              "path": ":groovy-testng:processResources",
              "outcome": "EXECUTED"
            },
            {
              "path": ":groovy-toml:classes",
              "outcome": "UP_TO_DATE"
            },
            {
              "path": ":groovy-toml:compileGroovy",
              "outcome": "NO_SOURCE"
            },
            {
              "path": ":groovy-toml:compileJava",
              "outcome": "FROM_CACHE"
            },
            {
              "path": ":groovy-toml:generateReleaseInfo",
              "outcome": "EXECUTED"
            },
            {
              "path": ":groovy-toml:jar",
              "outcome": "EXECUTED"
            },
            {
              "path": ":groovy-toml:processResources",
              "outcome": "NO_SOURCE"
            },
            {
              "path": ":groovy-typecheckers:classes",
              "outcome": "EXECUTED"
            },
            {
              "path": ":groovy-typecheckers:compileGroovy",
              "outcome": "EXECUTED"
            },
            {
              "path": ":groovy-typecheckers:compileJava",
              "outcome": "NO_SOURCE"
            },
            {
              "path": ":groovy-typecheckers:generateReleaseInfo",
              "outcome": "EXECUTED"
            },
            {
              "path": ":groovy-typecheckers:jar",
              "outcome": "EXECUTED"
            },
            {
              "path": ":groovy-typecheckers:processResources",
              "outcome": "NO_SOURCE"
            },
            {
              "path": ":groovy-xml:classes",
              "outcome": "EXECUTED"
            },
            {
              "path": ":groovy-xml:compileGroovy",
              "outcome": "EXECUTED"
            },
            {
              "path": ":groovy-xml:compileJava",
              "outcome": "FROM_CACHE"
            },
            {
              "path": ":groovy-xml:generateReleaseInfo",
              "outcome": "EXECUTED"
            },
            {
              "path": ":groovy-xml:jar",
              "outcome": "EXECUTED"
            },
            {
              "path": ":groovy-xml:moduleDescriptor",
              "outcome": "EXECUTED"
            },
            {
              "path": ":groovy-xml:processResources",
              "outcome": "NO_SOURCE"
            },
            {
              "path": ":groovy-yaml:classes",
              "outcome": "UP_TO_DATE"
            },
            {
              "path": ":groovy-yaml:compileGroovy",
              "outcome": "NO_SOURCE"
            },
            {
              "path": ":groovy-yaml:compileJava",
              "outcome": "FROM_CACHE"
            },
            {
              "path": ":groovy-yaml:generateReleaseInfo",
              "outcome": "EXECUTED"
            },
            {
              "path": ":groovy-yaml:jar",
              "outcome": "EXECUTED"
            },
            {
              "path": ":groovy-yaml:processResources",
              "outcome": "NO_SOURCE"
            },
            {
              "path": ":jar",
              "outcome": "EXECUTED"
            },
            {
              "path": ":osgiClasses",
              "outcome": "EXECUTED"
            },
            {
              "path": ":performance:classes",
              "outcome": "UP_TO_DATE"
            },
            {
              "path": ":performance:compileGroovy",
              "outcome": "NO_SOURCE"
            },
            {
              "path": ":performance:compileJava",
              "outcome": "NO_SOURCE"
            },
            {
              "path": ":performance:jar",
              "outcome": "EXECUTED"
            },
            {
              "path": ":performance:processResources",
              "outcome": "NO_SOURCE"
            },
            {
              "path": ":processResources",
              "outcome": "EXECUTED"
            },
            {
              "path": ":stress:classes",
              "outcome": "UP_TO_DATE"
            },
            {
              "path": ":stress:compileGroovy",
              "outcome": "NO_SOURCE"
            },
            {
              "path": ":stress:compileJava",
              "outcome": "NO_SOURCE"
            },
            {
              "path": ":stress:jar",
              "outcome": "EXECUTED"
            },
            {
              "path": ":stress:processResources",
              "outcome": "NO_SOURCE"
            },
            {
              "path": ":tests-preview:classes",
              "outcome": "UP_TO_DATE"
            },
            {
              "path": ":tests-preview:compileGroovy",
              "outcome": "NO_SOURCE"
            },
            {
              "path": ":tests-preview:compileJava",
              "outcome": "NO_SOURCE"
            },
            {
              "path": ":tests-preview:jar",
              "outcome": "EXECUTED"
            },
            {
              "path": ":tests-preview:processResources",
              "outcome": "NO_SOURCE"
            }
          ]
        },
        "hostPressure": {
          "available": true,
          "cpuSomeTotalUs": 18360082,
          "memorySomeTotalUs": 0,
          "memoryFullTotalUs": 0,
          "ioSomeTotalUs": 43654841,
          "ioFullTotalUs": 18657659
        }
      },
      {
        "phase": "TARGET_WORKLOAD_STABILIZATION",
        "durationMs": 87782,
        "logSha256": "26be96112c4c35d0e2430ea65d18fff52592d1133b60f8bf2c54500ad807ac0d",
        "taskOutcomes": {
          "total": 218,
          "executed": 138,
          "fromCache": 24,
          "upToDate": 8,
          "noSource": 48,
          "skipped": 0,
          "fingerprintSha256": "a8c9059b0fb2a799ddfba8828062a5ba4fb07b5deb583fa958f0ecb41079e151",
          "tasks": [
            {
              "path": ":bootstrapJar",
              "outcome": "EXECUTED"
            },
            {
              "path": ":build-logic:classes",
              "outcome": "EXECUTED"
            },
            {
              "path": ":build-logic:compileGroovy",
              "outcome": "FROM_CACHE"
            },
            {
              "path": ":build-logic:compileGroovyPlugins",
              "outcome": "FROM_CACHE"
            },
            {
              "path": ":build-logic:compileJava",
              "outcome": "FROM_CACHE"
            },
            {
              "path": ":build-logic:extractPluginRequests",
              "outcome": "FROM_CACHE"
            },
            {
              "path": ":build-logic:generatePluginAdapters",
              "outcome": "FROM_CACHE"
            },
            {
              "path": ":build-logic:jar",
              "outcome": "EXECUTED"
            },
            {
              "path": ":build-logic:pluginDescriptors",
              "outcome": "EXECUTED"
            },
            {
              "path": ":build-logic:processResources",
              "outcome": "EXECUTED"
            },
            {
              "path": ":classes",
              "outcome": "EXECUTED"
            },
            {
              "path": ":compileGroovy",
              "outcome": "EXECUTED"
            },
            {
              "path": ":compileJava",
              "outcome": "FROM_CACHE",
              "consoleOutcomeTransitions": [
                "EXECUTED",
                "FROM_CACHE"
              ]
            },
            {
              "path": ":dgmConverter",
              "outcome": "FROM_CACHE"
            },
            {
              "path": ":generateGrammarSource",
              "outcome": "FROM_CACHE"
            },
            {
              "path": ":generateReleaseInfo",
              "outcome": "EXECUTED"
            },
            {
              "path": ":groovy-ant:classes",
              "outcome": "EXECUTED"
            },
            {
              "path": ":groovy-ant:compileGroovy",
              "outcome": "EXECUTED"
            },
            {
              "path": ":groovy-ant:compileJava",
              "outcome": "FROM_CACHE"
            },
            {
              "path": ":groovy-ant:generateReleaseInfo",
              "outcome": "EXECUTED"
            },
            {
              "path": ":groovy-ant:jar",
              "outcome": "EXECUTED"
            },
            {
              "path": ":groovy-ant:processResources",
              "outcome": "EXECUTED"
            },
            {
              "path": ":groovy-astbuilder:classes",
              "outcome": "EXECUTED"
            },
            {
              "path": ":groovy-astbuilder:compileGroovy",
              "outcome": "NO_SOURCE"
            },
            {
              "path": ":groovy-astbuilder:compileJava",
              "outcome": "FROM_CACHE"
            },
            {
              "path": ":groovy-astbuilder:generateReleaseInfo",
              "outcome": "EXECUTED"
            },
            {
              "path": ":groovy-astbuilder:jar",
              "outcome": "EXECUTED"
            },
            {
              "path": ":groovy-astbuilder:processResources",
              "outcome": "EXECUTED"
            },
            {
              "path": ":groovy-cli-commons:classes",
              "outcome": "EXECUTED"
            },
            {
              "path": ":groovy-cli-commons:compileGroovy",
              "outcome": "EXECUTED"
            },
            {
              "path": ":groovy-cli-commons:compileJava",
              "outcome": "NO_SOURCE"
            },
            {
              "path": ":groovy-cli-commons:generateReleaseInfo",
              "outcome": "EXECUTED"
            },
            {
              "path": ":groovy-cli-commons:jar",
              "outcome": "EXECUTED"
            },
            {
              "path": ":groovy-cli-commons:processResources",
              "outcome": "NO_SOURCE"
            },
            {
              "path": ":groovy-cli-picocli:classes",
              "outcome": "EXECUTED"
            },
            {
              "path": ":groovy-cli-picocli:compileGroovy",
              "outcome": "EXECUTED"
            },
            {
              "path": ":groovy-cli-picocli:compileJava",
              "outcome": "NO_SOURCE"
            },
            {
              "path": ":groovy-cli-picocli:generateReleaseInfo",
              "outcome": "EXECUTED"
            },
            {
              "path": ":groovy-cli-picocli:jar",
              "outcome": "EXECUTED"
            },
            {
              "path": ":groovy-cli-picocli:processResources",
              "outcome": "NO_SOURCE"
            },
            {
              "path": ":groovy-console:classes",
              "outcome": "EXECUTED"
            },
            {
              "path": ":groovy-console:compileGroovy",
              "outcome": "EXECUTED"
            },
            {
              "path": ":groovy-console:compileJava",
              "outcome": "NO_SOURCE"
            },
            {
              "path": ":groovy-console:generateReleaseInfo",
              "outcome": "EXECUTED"
            },
            {
              "path": ":groovy-console:jar",
              "outcome": "EXECUTED"
            },
            {
              "path": ":groovy-console:processResources",
              "outcome": "EXECUTED"
            },
            {
              "path": ":groovy-contracts:classes",
              "outcome": "EXECUTED"
            },
            {
              "path": ":groovy-contracts:compileGroovy",
              "outcome": "NO_SOURCE"
            },
            {
              "path": ":groovy-contracts:compileJava",
              "outcome": "FROM_CACHE"
            },
            {
              "path": ":groovy-contracts:generateReleaseInfo",
              "outcome": "EXECUTED"
            },
            {
              "path": ":groovy-contracts:jar",
              "outcome": "EXECUTED"
            },
            {
              "path": ":groovy-contracts:processResources",
              "outcome": "EXECUTED"
            },
            {
              "path": ":groovy-datetime:classes",
              "outcome": "UP_TO_DATE"
            },
            {
              "path": ":groovy-datetime:compileGroovy",
              "outcome": "NO_SOURCE"
            },
            {
              "path": ":groovy-datetime:compileJava",
              "outcome": "FROM_CACHE"
            },
            {
              "path": ":groovy-datetime:generateReleaseInfo",
              "outcome": "EXECUTED"
            },
            {
              "path": ":groovy-datetime:jar",
              "outcome": "EXECUTED"
            },
            {
              "path": ":groovy-datetime:moduleDescriptor",
              "outcome": "EXECUTED"
            },
            {
              "path": ":groovy-datetime:processResources",
              "outcome": "NO_SOURCE"
            },
            {
              "path": ":groovy-dateutil:classes",
              "outcome": "UP_TO_DATE"
            },
            {
              "path": ":groovy-dateutil:compileGroovy",
              "outcome": "NO_SOURCE"
            },
            {
              "path": ":groovy-dateutil:compileJava",
              "outcome": "FROM_CACHE"
            },
            {
              "path": ":groovy-dateutil:generateReleaseInfo",
              "outcome": "EXECUTED"
            },
            {
              "path": ":groovy-dateutil:jar",
              "outcome": "EXECUTED"
            },
            {
              "path": ":groovy-dateutil:moduleDescriptor",
              "outcome": "EXECUTED"
            },
            {
              "path": ":groovy-dateutil:processResources",
              "outcome": "NO_SOURCE"
            },
            {
              "path": ":groovy-docgenerator:classes",
              "outcome": "EXECUTED"
            },
            {
              "path": ":groovy-docgenerator:compileGroovy",
              "outcome": "EXECUTED"
            },
            {
              "path": ":groovy-docgenerator:compileJava",
              "outcome": "NO_SOURCE"
            },
            {
              "path": ":groovy-docgenerator:generateReleaseInfo",
              "outcome": "EXECUTED"
            },
            {
              "path": ":groovy-docgenerator:jar",
              "outcome": "EXECUTED"
            },
            {
              "path": ":groovy-docgenerator:processResources",
              "outcome": "EXECUTED"
            },
            {
              "path": ":groovy-ginq:classes",
              "outcome": "EXECUTED"
            },
            {
              "path": ":groovy-ginq:compileGroovy",
              "outcome": "EXECUTED"
            },
            {
              "path": ":groovy-ginq:compileJava",
              "outcome": "NO_SOURCE"
            },
            {
              "path": ":groovy-ginq:generateReleaseInfo",
              "outcome": "EXECUTED"
            },
            {
              "path": ":groovy-ginq:jar",
              "outcome": "EXECUTED"
            },
            {
              "path": ":groovy-ginq:moduleDescriptor",
              "outcome": "EXECUTED"
            },
            {
              "path": ":groovy-ginq:processResources",
              "outcome": "NO_SOURCE"
            },
            {
              "path": ":groovy-groovydoc:classes",
              "outcome": "EXECUTED"
            },
            {
              "path": ":groovy-groovydoc:compileGroovy",
              "outcome": "EXECUTED"
            },
            {
              "path": ":groovy-groovydoc:compileJava",
              "outcome": "FROM_CACHE"
            },
            {
              "path": ":groovy-groovydoc:generateReleaseInfo",
              "outcome": "EXECUTED"
            },
            {
              "path": ":groovy-groovydoc:jar",
              "outcome": "EXECUTED"
            },
            {
              "path": ":groovy-groovydoc:processResources",
              "outcome": "EXECUTED"
            },
            {
              "path": ":groovy-groovysh:classes",
              "outcome": "EXECUTED"
            },
            {
              "path": ":groovy-groovysh:compileGroovy",
              "outcome": "EXECUTED"
            },
            {
              "path": ":groovy-groovysh:compileJava",
              "outcome": "NO_SOURCE"
            },
            {
              "path": ":groovy-groovysh:generateReleaseInfo",
              "outcome": "EXECUTED"
            },
            {
              "path": ":groovy-groovysh:jar",
              "outcome": "EXECUTED"
            },
            {
              "path": ":groovy-groovysh:processResources",
              "outcome": "EXECUTED"
            },
            {
              "path": ":groovy-jmx:classes",
              "outcome": "EXECUTED"
            },
            {
              "path": ":groovy-jmx:compileGroovy",
              "outcome": "EXECUTED"
            },
            {
              "path": ":groovy-jmx:compileJava",
              "outcome": "FROM_CACHE"
            },
            {
              "path": ":groovy-jmx:generateReleaseInfo",
              "outcome": "EXECUTED"
            },
            {
              "path": ":groovy-jmx:jar",
              "outcome": "EXECUTED"
            },
            {
              "path": ":groovy-jmx:processResources",
              "outcome": "NO_SOURCE"
            },
            {
              "path": ":groovy-json:classes",
              "outcome": "EXECUTED"
            },
            {
              "path": ":groovy-json:compileGroovy",
              "outcome": "NO_SOURCE"
            },
            {
              "path": ":groovy-json:compileJava",
              "outcome": "EXECUTED"
            },
            {
              "path": ":groovy-json:generateReleaseInfo",
              "outcome": "EXECUTED"
            },
            {
              "path": ":groovy-json:jar",
              "outcome": "EXECUTED"
            },
            {
              "path": ":groovy-json:processResources",
              "outcome": "EXECUTED"
            },
            {
              "path": ":groovy-jsr223:classes",
              "outcome": "EXECUTED"
            },
            {
              "path": ":groovy-jsr223:compileGroovy",
              "outcome": "NO_SOURCE"
            },
            {
              "path": ":groovy-jsr223:compileJava",
              "outcome": "FROM_CACHE"
            },
            {
              "path": ":groovy-jsr223:generateReleaseInfo",
              "outcome": "EXECUTED"
            },
            {
              "path": ":groovy-jsr223:jar",
              "outcome": "EXECUTED"
            },
            {
              "path": ":groovy-jsr223:moduleDescriptor",
              "outcome": "EXECUTED"
            },
            {
              "path": ":groovy-jsr223:processResources",
              "outcome": "EXECUTED"
            },
            {
              "path": ":groovy-macro-library:classes",
              "outcome": "EXECUTED"
            },
            {
              "path": ":groovy-macro-library:compileGroovy",
              "outcome": "EXECUTED"
            },
            {
              "path": ":groovy-macro-library:compileJava",
              "outcome": "NO_SOURCE"
            },
            {
              "path": ":groovy-macro-library:generateReleaseInfo",
              "outcome": "EXECUTED"
            },
            {
              "path": ":groovy-macro-library:jar",
              "outcome": "EXECUTED"
            },
            {
              "path": ":groovy-macro-library:moduleDescriptor",
              "outcome": "EXECUTED"
            },
            {
              "path": ":groovy-macro-library:processResources",
              "outcome": "NO_SOURCE"
            },
            {
              "path": ":groovy-macro:classes",
              "outcome": "EXECUTED"
            },
            {
              "path": ":groovy-macro:compileGroovy",
              "outcome": "EXECUTED"
            },
            {
              "path": ":groovy-macro:compileJava",
              "outcome": "NO_SOURCE"
            },
            {
              "path": ":groovy-macro:generateReleaseInfo",
              "outcome": "EXECUTED"
            },
            {
              "path": ":groovy-macro:jar",
              "outcome": "EXECUTED"
            },
            {
              "path": ":groovy-macro:moduleDescriptor",
              "outcome": "EXECUTED"
            },
            {
              "path": ":groovy-macro:processResources",
              "outcome": "EXECUTED"
            },
            {
              "path": ":groovy-nio:classes",
              "outcome": "UP_TO_DATE"
            },
            {
              "path": ":groovy-nio:compileGroovy",
              "outcome": "NO_SOURCE"
            },
            {
              "path": ":groovy-nio:compileJava",
              "outcome": "FROM_CACHE"
            },
            {
              "path": ":groovy-nio:generateReleaseInfo",
              "outcome": "EXECUTED"
            },
            {
              "path": ":groovy-nio:jar",
              "outcome": "EXECUTED"
            },
            {
              "path": ":groovy-nio:moduleDescriptor",
              "outcome": "EXECUTED"
            },
            {
              "path": ":groovy-nio:processResources",
              "outcome": "NO_SOURCE"
            },
            {
              "path": ":groovy-servlet:classes",
              "outcome": "UP_TO_DATE"
            },
            {
              "path": ":groovy-servlet:compileGroovy",
              "outcome": "NO_SOURCE"
            },
            {
              "path": ":groovy-servlet:compileJava",
              "outcome": "FROM_CACHE"
            },
            {
              "path": ":groovy-servlet:generateReleaseInfo",
              "outcome": "EXECUTED"
            },
            {
              "path": ":groovy-servlet:jar",
              "outcome": "EXECUTED"
            },
            {
              "path": ":groovy-servlet:processResources",
              "outcome": "NO_SOURCE"
            },
            {
              "path": ":groovy-sql:classes",
              "outcome": "UP_TO_DATE"
            },
            {
              "path": ":groovy-sql:compileGroovy",
              "outcome": "NO_SOURCE"
            },
            {
              "path": ":groovy-sql:compileJava",
              "outcome": "FROM_CACHE"
            },
            {
              "path": ":groovy-sql:generateReleaseInfo",
              "outcome": "EXECUTED"
            },
            {
              "path": ":groovy-sql:jar",
              "outcome": "EXECUTED"
            },
            {
              "path": ":groovy-sql:moduleDescriptor",
              "outcome": "EXECUTED"
            },
            {
              "path": ":groovy-sql:processResources",
              "outcome": "NO_SOURCE"
            },
            {
              "path": ":groovy-swing:classes",
              "outcome": "EXECUTED"
            },
            {
              "path": ":groovy-swing:compileGroovy",
              "outcome": "EXECUTED"
            },
            {
              "path": ":groovy-swing:compileJava",
              "outcome": "FROM_CACHE"
            },
            {
              "path": ":groovy-swing:generateReleaseInfo",
              "outcome": "EXECUTED"
            },
            {
              "path": ":groovy-swing:jar",
              "outcome": "EXECUTED"
            },
            {
              "path": ":groovy-swing:moduleDescriptor",
              "outcome": "EXECUTED"
            },
            {
              "path": ":groovy-swing:processResources",
              "outcome": "NO_SOURCE"
            },
            {
              "path": ":groovy-templates:classes",
              "outcome": "EXECUTED"
            },
            {
              "path": ":groovy-templates:compileGroovy",
              "outcome": "EXECUTED"
            },
            {
              "path": ":groovy-templates:compileJava",
              "outcome": "NO_SOURCE"
            },
            {
              "path": ":groovy-templates:generateReleaseInfo",
              "outcome": "EXECUTED"
            },
            {
              "path": ":groovy-templates:jar",
              "outcome": "EXECUTED"
            },
            {
              "path": ":groovy-templates:processResources",
              "outcome": "NO_SOURCE"
            },
            {
              "path": ":groovy-test-junit5:classes",
              "outcome": "EXECUTED"
            },
            {
              "path": ":groovy-test-junit5:compileGroovy",
              "outcome": "EXECUTED"
            },
            {
              "path": ":groovy-test-junit5:compileJava",
              "outcome": "FROM_CACHE"
            },
            {
              "path": ":groovy-test-junit5:generateReleaseInfo",
              "outcome": "EXECUTED"
            },
            {
              "path": ":groovy-test-junit5:jar",
              "outcome": "EXECUTED"
            },
            {
              "path": ":groovy-test-junit5:processResources",
              "outcome": "EXECUTED"
            },
            {
              "path": ":groovy-test:classes",
              "outcome": "EXECUTED"
            },
            {
              "path": ":groovy-test:compileGroovy",
              "outcome": "EXECUTED"
            },
            {
              "path": ":groovy-test:compileJava",
              "outcome": "FROM_CACHE"
            },
            {
              "path": ":groovy-test:generateReleaseInfo",
              "outcome": "EXECUTED"
            },
            {
              "path": ":groovy-test:jar",
              "outcome": "EXECUTED"
            },
            {
              "path": ":groovy-test:processResources",
              "outcome": "NO_SOURCE"
            },
            {
              "path": ":groovy-testng:classes",
              "outcome": "EXECUTED"
            },
            {
              "path": ":groovy-testng:compileGroovy",
              "outcome": "NO_SOURCE"
            },
            {
              "path": ":groovy-testng:compileJava",
              "outcome": "FROM_CACHE"
            },
            {
              "path": ":groovy-testng:generateReleaseInfo",
              "outcome": "EXECUTED"
            },
            {
              "path": ":groovy-testng:jar",
              "outcome": "EXECUTED"
            },
            {
              "path": ":groovy-testng:processResources",
              "outcome": "EXECUTED"
            },
            {
              "path": ":groovy-toml:classes",
              "outcome": "EXECUTED"
            },
            {
              "path": ":groovy-toml:compileGroovy",
              "outcome": "NO_SOURCE"
            },
            {
              "path": ":groovy-toml:compileJava",
              "outcome": "EXECUTED"
            },
            {
              "path": ":groovy-toml:generateReleaseInfo",
              "outcome": "EXECUTED"
            },
            {
              "path": ":groovy-toml:jar",
              "outcome": "EXECUTED"
            },
            {
              "path": ":groovy-toml:processResources",
              "outcome": "NO_SOURCE"
            },
            {
              "path": ":groovy-typecheckers:classes",
              "outcome": "EXECUTED"
            },
            {
              "path": ":groovy-typecheckers:compileGroovy",
              "outcome": "EXECUTED"
            },
            {
              "path": ":groovy-typecheckers:compileJava",
              "outcome": "NO_SOURCE"
            },
            {
              "path": ":groovy-typecheckers:generateReleaseInfo",
              "outcome": "EXECUTED"
            },
            {
              "path": ":groovy-typecheckers:jar",
              "outcome": "EXECUTED"
            },
            {
              "path": ":groovy-typecheckers:processResources",
              "outcome": "NO_SOURCE"
            },
            {
              "path": ":groovy-xml:classes",
              "outcome": "EXECUTED"
            },
            {
              "path": ":groovy-xml:compileGroovy",
              "outcome": "EXECUTED"
            },
            {
              "path": ":groovy-xml:compileJava",
              "outcome": "FROM_CACHE"
            },
            {
              "path": ":groovy-xml:generateReleaseInfo",
              "outcome": "EXECUTED"
            },
            {
              "path": ":groovy-xml:jar",
              "outcome": "EXECUTED"
            },
            {
              "path": ":groovy-xml:moduleDescriptor",
              "outcome": "EXECUTED"
            },
            {
              "path": ":groovy-xml:processResources",
              "outcome": "NO_SOURCE"
            },
            {
              "path": ":groovy-yaml:classes",
              "outcome": "EXECUTED"
            },
            {
              "path": ":groovy-yaml:compileGroovy",
              "outcome": "NO_SOURCE"
            },
            {
              "path": ":groovy-yaml:compileJava",
              "outcome": "EXECUTED"
            },
            {
              "path": ":groovy-yaml:generateReleaseInfo",
              "outcome": "EXECUTED"
            },
            {
              "path": ":groovy-yaml:jar",
              "outcome": "EXECUTED"
            },
            {
              "path": ":groovy-yaml:processResources",
              "outcome": "NO_SOURCE"
            },
            {
              "path": ":jar",
              "outcome": "EXECUTED"
            },
            {
              "path": ":osgiClasses",
              "outcome": "EXECUTED"
            },
            {
              "path": ":performance:classes",
              "outcome": "UP_TO_DATE"
            },
            {
              "path": ":performance:compileGroovy",
              "outcome": "NO_SOURCE"
            },
            {
              "path": ":performance:compileJava",
              "outcome": "NO_SOURCE"
            },
            {
              "path": ":performance:jar",
              "outcome": "EXECUTED"
            },
            {
              "path": ":performance:processResources",
              "outcome": "NO_SOURCE"
            },
            {
              "path": ":processResources",
              "outcome": "EXECUTED"
            },
            {
              "path": ":stress:classes",
              "outcome": "UP_TO_DATE"
            },
            {
              "path": ":stress:compileGroovy",
              "outcome": "NO_SOURCE"
            },
            {
              "path": ":stress:compileJava",
              "outcome": "NO_SOURCE"
            },
            {
              "path": ":stress:jar",
              "outcome": "EXECUTED"
            },
            {
              "path": ":stress:processResources",
              "outcome": "NO_SOURCE"
            },
            {
              "path": ":tests-preview:classes",
              "outcome": "UP_TO_DATE"
            },
            {
              "path": ":tests-preview:compileGroovy",
              "outcome": "NO_SOURCE"
            },
            {
              "path": ":tests-preview:compileJava",
              "outcome": "NO_SOURCE"
            },
            {
              "path": ":tests-preview:jar",
              "outcome": "EXECUTED"
            },
            {
              "path": ":tests-preview:processResources",
              "outcome": "NO_SOURCE"
            }
          ]
        },
        "hostPressure": {
          "available": true,
          "cpuSomeTotalUs": 23291169,
          "memorySomeTotalUs": 0,
          "memoryFullTotalUs": 0,
          "ioSomeTotalUs": 43941491,
          "ioFullTotalUs": 16608282
        }
      },
      {
        "phase": "TARGET_WORKLOAD_STABILITY_CONFIRMATION",
        "durationMs": 77043,
        "logSha256": "59b366a94fcef2a91e2706df0e1083306383da747e6d9926fa3d27b8223a8cfb",
        "taskOutcomes": {
          "total": 218,
          "executed": 138,
          "fromCache": 24,
          "upToDate": 8,
          "noSource": 48,
          "skipped": 0,
          "fingerprintSha256": "a8c9059b0fb2a799ddfba8828062a5ba4fb07b5deb583fa958f0ecb41079e151",
          "tasks": [
            {
              "path": ":bootstrapJar",
              "outcome": "EXECUTED"
            },
            {
              "path": ":build-logic:classes",
              "outcome": "EXECUTED"
            },
            {
              "path": ":build-logic:compileGroovy",
              "outcome": "FROM_CACHE"
            },
            {
              "path": ":build-logic:compileGroovyPlugins",
              "outcome": "FROM_CACHE"
            },
            {
              "path": ":build-logic:compileJava",
              "outcome": "FROM_CACHE"
            },
            {
              "path": ":build-logic:extractPluginRequests",
              "outcome": "FROM_CACHE"
            },
            {
              "path": ":build-logic:generatePluginAdapters",
              "outcome": "FROM_CACHE"
            },
            {
              "path": ":build-logic:jar",
              "outcome": "EXECUTED"
            },
            {
              "path": ":build-logic:pluginDescriptors",
              "outcome": "EXECUTED"
            },
            {
              "path": ":build-logic:processResources",
              "outcome": "EXECUTED"
            },
            {
              "path": ":classes",
              "outcome": "EXECUTED"
            },
            {
              "path": ":compileGroovy",
              "outcome": "EXECUTED"
            },
            {
              "path": ":compileJava",
              "outcome": "FROM_CACHE",
              "consoleOutcomeTransitions": [
                "EXECUTED",
                "FROM_CACHE"
              ]
            },
            {
              "path": ":dgmConverter",
              "outcome": "FROM_CACHE"
            },
            {
              "path": ":generateGrammarSource",
              "outcome": "FROM_CACHE"
            },
            {
              "path": ":generateReleaseInfo",
              "outcome": "EXECUTED"
            },
            {
              "path": ":groovy-ant:classes",
              "outcome": "EXECUTED"
            },
            {
              "path": ":groovy-ant:compileGroovy",
              "outcome": "EXECUTED"
            },
            {
              "path": ":groovy-ant:compileJava",
              "outcome": "FROM_CACHE"
            },
            {
              "path": ":groovy-ant:generateReleaseInfo",
              "outcome": "EXECUTED"
            },
            {
              "path": ":groovy-ant:jar",
              "outcome": "EXECUTED"
            },
            {
              "path": ":groovy-ant:processResources",
              "outcome": "EXECUTED"
            },
            {
              "path": ":groovy-astbuilder:classes",
              "outcome": "EXECUTED"
            },
            {
              "path": ":groovy-astbuilder:compileGroovy",
              "outcome": "NO_SOURCE"
            },
            {
              "path": ":groovy-astbuilder:compileJava",
              "outcome": "FROM_CACHE"
            },
            {
              "path": ":groovy-astbuilder:generateReleaseInfo",
              "outcome": "EXECUTED"
            },
            {
              "path": ":groovy-astbuilder:jar",
              "outcome": "EXECUTED"
            },
            {
              "path": ":groovy-astbuilder:processResources",
              "outcome": "EXECUTED"
            },
            {
              "path": ":groovy-cli-commons:classes",
              "outcome": "EXECUTED"
            },
            {
              "path": ":groovy-cli-commons:compileGroovy",
              "outcome": "EXECUTED"
            },
            {
              "path": ":groovy-cli-commons:compileJava",
              "outcome": "NO_SOURCE"
            },
            {
              "path": ":groovy-cli-commons:generateReleaseInfo",
              "outcome": "EXECUTED"
            },
            {
              "path": ":groovy-cli-commons:jar",
              "outcome": "EXECUTED"
            },
            {
              "path": ":groovy-cli-commons:processResources",
              "outcome": "NO_SOURCE"
            },
            {
              "path": ":groovy-cli-picocli:classes",
              "outcome": "EXECUTED"
            },
            {
              "path": ":groovy-cli-picocli:compileGroovy",
              "outcome": "EXECUTED"
            },
            {
              "path": ":groovy-cli-picocli:compileJava",
              "outcome": "NO_SOURCE"
            },
            {
              "path": ":groovy-cli-picocli:generateReleaseInfo",
              "outcome": "EXECUTED"
            },
            {
              "path": ":groovy-cli-picocli:jar",
              "outcome": "EXECUTED"
            },
            {
              "path": ":groovy-cli-picocli:processResources",
              "outcome": "NO_SOURCE"
            },
            {
              "path": ":groovy-console:classes",
              "outcome": "EXECUTED"
            },
            {
              "path": ":groovy-console:compileGroovy",
              "outcome": "EXECUTED"
            },
            {
              "path": ":groovy-console:compileJava",
              "outcome": "NO_SOURCE"
            },
            {
              "path": ":groovy-console:generateReleaseInfo",
              "outcome": "EXECUTED"
            },
            {
              "path": ":groovy-console:jar",
              "outcome": "EXECUTED"
            },
            {
              "path": ":groovy-console:processResources",
              "outcome": "EXECUTED"
            },
            {
              "path": ":groovy-contracts:classes",
              "outcome": "EXECUTED"
            },
            {
              "path": ":groovy-contracts:compileGroovy",
              "outcome": "NO_SOURCE"
            },
            {
              "path": ":groovy-contracts:compileJava",
              "outcome": "FROM_CACHE"
            },
            {
              "path": ":groovy-contracts:generateReleaseInfo",
              "outcome": "EXECUTED"
            },
            {
              "path": ":groovy-contracts:jar",
              "outcome": "EXECUTED"
            },
            {
              "path": ":groovy-contracts:processResources",
              "outcome": "EXECUTED"
            },
            {
              "path": ":groovy-datetime:classes",
              "outcome": "UP_TO_DATE"
            },
            {
              "path": ":groovy-datetime:compileGroovy",
              "outcome": "NO_SOURCE"
            },
            {
              "path": ":groovy-datetime:compileJava",
              "outcome": "FROM_CACHE"
            },
            {
              "path": ":groovy-datetime:generateReleaseInfo",
              "outcome": "EXECUTED"
            },
            {
              "path": ":groovy-datetime:jar",
              "outcome": "EXECUTED"
            },
            {
              "path": ":groovy-datetime:moduleDescriptor",
              "outcome": "EXECUTED"
            },
            {
              "path": ":groovy-datetime:processResources",
              "outcome": "NO_SOURCE"
            },
            {
              "path": ":groovy-dateutil:classes",
              "outcome": "UP_TO_DATE"
            },
            {
              "path": ":groovy-dateutil:compileGroovy",
              "outcome": "NO_SOURCE"
            },
            {
              "path": ":groovy-dateutil:compileJava",
              "outcome": "FROM_CACHE"
            },
            {
              "path": ":groovy-dateutil:generateReleaseInfo",
              "outcome": "EXECUTED"
            },
            {
              "path": ":groovy-dateutil:jar",
              "outcome": "EXECUTED"
            },
            {
              "path": ":groovy-dateutil:moduleDescriptor",
              "outcome": "EXECUTED"
            },
            {
              "path": ":groovy-dateutil:processResources",
              "outcome": "NO_SOURCE"
            },
            {
              "path": ":groovy-docgenerator:classes",
              "outcome": "EXECUTED"
            },
            {
              "path": ":groovy-docgenerator:compileGroovy",
              "outcome": "EXECUTED"
            },
            {
              "path": ":groovy-docgenerator:compileJava",
              "outcome": "NO_SOURCE"
            },
            {
              "path": ":groovy-docgenerator:generateReleaseInfo",
              "outcome": "EXECUTED"
            },
            {
              "path": ":groovy-docgenerator:jar",
              "outcome": "EXECUTED"
            },
            {
              "path": ":groovy-docgenerator:processResources",
              "outcome": "EXECUTED"
            },
            {
              "path": ":groovy-ginq:classes",
              "outcome": "EXECUTED"
            },
            {
              "path": ":groovy-ginq:compileGroovy",
              "outcome": "EXECUTED"
            },
            {
              "path": ":groovy-ginq:compileJava",
              "outcome": "NO_SOURCE"
            },
            {
              "path": ":groovy-ginq:generateReleaseInfo",
              "outcome": "EXECUTED"
            },
            {
              "path": ":groovy-ginq:jar",
              "outcome": "EXECUTED"
            },
            {
              "path": ":groovy-ginq:moduleDescriptor",
              "outcome": "EXECUTED"
            },
            {
              "path": ":groovy-ginq:processResources",
              "outcome": "NO_SOURCE"
            },
            {
              "path": ":groovy-groovydoc:classes",
              "outcome": "EXECUTED"
            },
            {
              "path": ":groovy-groovydoc:compileGroovy",
              "outcome": "EXECUTED"
            },
            {
              "path": ":groovy-groovydoc:compileJava",
              "outcome": "FROM_CACHE"
            },
            {
              "path": ":groovy-groovydoc:generateReleaseInfo",
              "outcome": "EXECUTED"
            },
            {
              "path": ":groovy-groovydoc:jar",
              "outcome": "EXECUTED"
            },
            {
              "path": ":groovy-groovydoc:processResources",
              "outcome": "EXECUTED"
            },
            {
              "path": ":groovy-groovysh:classes",
              "outcome": "EXECUTED"
            },
            {
              "path": ":groovy-groovysh:compileGroovy",
              "outcome": "EXECUTED"
            },
            {
              "path": ":groovy-groovysh:compileJava",
              "outcome": "NO_SOURCE"
            },
            {
              "path": ":groovy-groovysh:generateReleaseInfo",
              "outcome": "EXECUTED"
            },
            {
              "path": ":groovy-groovysh:jar",
              "outcome": "EXECUTED"
            },
            {
              "path": ":groovy-groovysh:processResources",
              "outcome": "EXECUTED"
            },
            {
              "path": ":groovy-jmx:classes",
              "outcome": "EXECUTED"
            },
            {
              "path": ":groovy-jmx:compileGroovy",
              "outcome": "EXECUTED"
            },
            {
              "path": ":groovy-jmx:compileJava",
              "outcome": "FROM_CACHE"
            },
            {
              "path": ":groovy-jmx:generateReleaseInfo",
              "outcome": "EXECUTED"
            },
            {
              "path": ":groovy-jmx:jar",
              "outcome": "EXECUTED"
            },
            {
              "path": ":groovy-jmx:processResources",
              "outcome": "NO_SOURCE"
            },
            {
              "path": ":groovy-json:classes",
              "outcome": "EXECUTED"
            },
            {
              "path": ":groovy-json:compileGroovy",
              "outcome": "NO_SOURCE"
            },
            {
              "path": ":groovy-json:compileJava",
              "outcome": "EXECUTED"
            },
            {
              "path": ":groovy-json:generateReleaseInfo",
              "outcome": "EXECUTED"
            },
            {
              "path": ":groovy-json:jar",
              "outcome": "EXECUTED"
            },
            {
              "path": ":groovy-json:processResources",
              "outcome": "EXECUTED"
            },
            {
              "path": ":groovy-jsr223:classes",
              "outcome": "EXECUTED"
            },
            {
              "path": ":groovy-jsr223:compileGroovy",
              "outcome": "NO_SOURCE"
            },
            {
              "path": ":groovy-jsr223:compileJava",
              "outcome": "FROM_CACHE"
            },
            {
              "path": ":groovy-jsr223:generateReleaseInfo",
              "outcome": "EXECUTED"
            },
            {
              "path": ":groovy-jsr223:jar",
              "outcome": "EXECUTED"
            },
            {
              "path": ":groovy-jsr223:moduleDescriptor",
              "outcome": "EXECUTED"
            },
            {
              "path": ":groovy-jsr223:processResources",
              "outcome": "EXECUTED"
            },
            {
              "path": ":groovy-macro-library:classes",
              "outcome": "EXECUTED"
            },
            {
              "path": ":groovy-macro-library:compileGroovy",
              "outcome": "EXECUTED"
            },
            {
              "path": ":groovy-macro-library:compileJava",
              "outcome": "NO_SOURCE"
            },
            {
              "path": ":groovy-macro-library:generateReleaseInfo",
              "outcome": "EXECUTED"
            },
            {
              "path": ":groovy-macro-library:jar",
              "outcome": "EXECUTED"
            },
            {
              "path": ":groovy-macro-library:moduleDescriptor",
              "outcome": "EXECUTED"
            },
            {
              "path": ":groovy-macro-library:processResources",
              "outcome": "NO_SOURCE"
            },
            {
              "path": ":groovy-macro:classes",
              "outcome": "EXECUTED"
            },
            {
              "path": ":groovy-macro:compileGroovy",
              "outcome": "EXECUTED"
            },
            {
              "path": ":groovy-macro:compileJava",
              "outcome": "NO_SOURCE"
            },
            {
              "path": ":groovy-macro:generateReleaseInfo",
              "outcome": "EXECUTED"
            },
            {
              "path": ":groovy-macro:jar",
              "outcome": "EXECUTED"
            },
            {
              "path": ":groovy-macro:moduleDescriptor",
              "outcome": "EXECUTED"
            },
            {
              "path": ":groovy-macro:processResources",
              "outcome": "EXECUTED"
            },
            {
              "path": ":groovy-nio:classes",
              "outcome": "UP_TO_DATE"
            },
            {
              "path": ":groovy-nio:compileGroovy",
              "outcome": "NO_SOURCE"
            },
            {
              "path": ":groovy-nio:compileJava",
              "outcome": "FROM_CACHE"
            },
            {
              "path": ":groovy-nio:generateReleaseInfo",
              "outcome": "EXECUTED"
            },
            {
              "path": ":groovy-nio:jar",
              "outcome": "EXECUTED"
            },
            {
              "path": ":groovy-nio:moduleDescriptor",
              "outcome": "EXECUTED"
            },
            {
              "path": ":groovy-nio:processResources",
              "outcome": "NO_SOURCE"
            },
            {
              "path": ":groovy-servlet:classes",
              "outcome": "UP_TO_DATE"
            },
            {
              "path": ":groovy-servlet:compileGroovy",
              "outcome": "NO_SOURCE"
            },
            {
              "path": ":groovy-servlet:compileJava",
              "outcome": "FROM_CACHE"
            },
            {
              "path": ":groovy-servlet:generateReleaseInfo",
              "outcome": "EXECUTED"
            },
            {
              "path": ":groovy-servlet:jar",
              "outcome": "EXECUTED"
            },
            {
              "path": ":groovy-servlet:processResources",
              "outcome": "NO_SOURCE"
            },
            {
              "path": ":groovy-sql:classes",
              "outcome": "UP_TO_DATE"
            },
            {
              "path": ":groovy-sql:compileGroovy",
              "outcome": "NO_SOURCE"
            },
            {
              "path": ":groovy-sql:compileJava",
              "outcome": "FROM_CACHE"
            },
            {
              "path": ":groovy-sql:generateReleaseInfo",
              "outcome": "EXECUTED"
            },
            {
              "path": ":groovy-sql:jar",
              "outcome": "EXECUTED"
            },
            {
              "path": ":groovy-sql:moduleDescriptor",
              "outcome": "EXECUTED"
            },
            {
              "path": ":groovy-sql:processResources",
              "outcome": "NO_SOURCE"
            },
            {
              "path": ":groovy-swing:classes",
              "outcome": "EXECUTED"
            },
            {
              "path": ":groovy-swing:compileGroovy",
              "outcome": "EXECUTED"
            },
            {
              "path": ":groovy-swing:compileJava",
              "outcome": "FROM_CACHE"
            },
            {
              "path": ":groovy-swing:generateReleaseInfo",
              "outcome": "EXECUTED"
            },
            {
              "path": ":groovy-swing:jar",
              "outcome": "EXECUTED"
            },
            {
              "path": ":groovy-swing:moduleDescriptor",
              "outcome": "EXECUTED"
            },
            {
              "path": ":groovy-swing:processResources",
              "outcome": "NO_SOURCE"
            },
            {
              "path": ":groovy-templates:classes",
              "outcome": "EXECUTED"
            },
            {
              "path": ":groovy-templates:compileGroovy",
              "outcome": "EXECUTED"
            },
            {
              "path": ":groovy-templates:compileJava",
              "outcome": "NO_SOURCE"
            },
            {
              "path": ":groovy-templates:generateReleaseInfo",
              "outcome": "EXECUTED"
            },
            {
              "path": ":groovy-templates:jar",
              "outcome": "EXECUTED"
            },
            {
              "path": ":groovy-templates:processResources",
              "outcome": "NO_SOURCE"
            },
            {
              "path": ":groovy-test-junit5:classes",
              "outcome": "EXECUTED"
            },
            {
              "path": ":groovy-test-junit5:compileGroovy",
              "outcome": "EXECUTED"
            },
            {
              "path": ":groovy-test-junit5:compileJava",
              "outcome": "FROM_CACHE"
            },
            {
              "path": ":groovy-test-junit5:generateReleaseInfo",
              "outcome": "EXECUTED"
            },
            {
              "path": ":groovy-test-junit5:jar",
              "outcome": "EXECUTED"
            },
            {
              "path": ":groovy-test-junit5:processResources",
              "outcome": "EXECUTED"
            },
            {
              "path": ":groovy-test:classes",
              "outcome": "EXECUTED"
            },
            {
              "path": ":groovy-test:compileGroovy",
              "outcome": "EXECUTED"
            },
            {
              "path": ":groovy-test:compileJava",
              "outcome": "FROM_CACHE"
            },
            {
              "path": ":groovy-test:generateReleaseInfo",
              "outcome": "EXECUTED"
            },
            {
              "path": ":groovy-test:jar",
              "outcome": "EXECUTED"
            },
            {
              "path": ":groovy-test:processResources",
              "outcome": "NO_SOURCE"
            },
            {
              "path": ":groovy-testng:classes",
              "outcome": "EXECUTED"
            },
            {
              "path": ":groovy-testng:compileGroovy",
              "outcome": "NO_SOURCE"
            },
            {
              "path": ":groovy-testng:compileJava",
              "outcome": "FROM_CACHE"
            },
            {
              "path": ":groovy-testng:generateReleaseInfo",
              "outcome": "EXECUTED"
            },
            {
              "path": ":groovy-testng:jar",
              "outcome": "EXECUTED"
            },
            {
              "path": ":groovy-testng:processResources",
              "outcome": "EXECUTED"
            },
            {
              "path": ":groovy-toml:classes",
              "outcome": "EXECUTED"
            },
            {
              "path": ":groovy-toml:compileGroovy",
              "outcome": "NO_SOURCE"
            },
            {
              "path": ":groovy-toml:compileJava",
              "outcome": "EXECUTED"
            },
            {
              "path": ":groovy-toml:generateReleaseInfo",
              "outcome": "EXECUTED"
            },
            {
              "path": ":groovy-toml:jar",
              "outcome": "EXECUTED"
            },
            {
              "path": ":groovy-toml:processResources",
              "outcome": "NO_SOURCE"
            },
            {
              "path": ":groovy-typecheckers:classes",
              "outcome": "EXECUTED"
            },
            {
              "path": ":groovy-typecheckers:compileGroovy",
              "outcome": "EXECUTED"
            },
            {
              "path": ":groovy-typecheckers:compileJava",
              "outcome": "NO_SOURCE"
            },
            {
              "path": ":groovy-typecheckers:generateReleaseInfo",
              "outcome": "EXECUTED"
            },
            {
              "path": ":groovy-typecheckers:jar",
              "outcome": "EXECUTED"
            },
            {
              "path": ":groovy-typecheckers:processResources",
              "outcome": "NO_SOURCE"
            },
            {
              "path": ":groovy-xml:classes",
              "outcome": "EXECUTED"
            },
            {
              "path": ":groovy-xml:compileGroovy",
              "outcome": "EXECUTED"
            },
            {
              "path": ":groovy-xml:compileJava",
              "outcome": "FROM_CACHE"
            },
            {
              "path": ":groovy-xml:generateReleaseInfo",
              "outcome": "EXECUTED"
            },
            {
              "path": ":groovy-xml:jar",
              "outcome": "EXECUTED"
            },
            {
              "path": ":groovy-xml:moduleDescriptor",
              "outcome": "EXECUTED"
            },
            {
              "path": ":groovy-xml:processResources",
              "outcome": "NO_SOURCE"
            },
            {
              "path": ":groovy-yaml:classes",
              "outcome": "EXECUTED"
            },
            {
              "path": ":groovy-yaml:compileGroovy",
              "outcome": "NO_SOURCE"
            },
            {
              "path": ":groovy-yaml:compileJava",
              "outcome": "EXECUTED"
            },
            {
              "path": ":groovy-yaml:generateReleaseInfo",
              "outcome": "EXECUTED"
            },
            {
              "path": ":groovy-yaml:jar",
              "outcome": "EXECUTED"
            },
            {
              "path": ":groovy-yaml:processResources",
              "outcome": "NO_SOURCE"
            },
            {
              "path": ":jar",
              "outcome": "EXECUTED"
            },
            {
              "path": ":osgiClasses",
              "outcome": "EXECUTED"
            },
            {
              "path": ":performance:classes",
              "outcome": "UP_TO_DATE"
            },
            {
              "path": ":performance:compileGroovy",
              "outcome": "NO_SOURCE"
            },
            {
              "path": ":performance:compileJava",
              "outcome": "NO_SOURCE"
            },
            {
              "path": ":performance:jar",
              "outcome": "EXECUTED"
            },
            {
              "path": ":performance:processResources",
              "outcome": "NO_SOURCE"
            },
            {
              "path": ":processResources",
              "outcome": "EXECUTED"
            },
            {
              "path": ":stress:classes",
              "outcome": "UP_TO_DATE"
            },
            {
              "path": ":stress:compileGroovy",
              "outcome": "NO_SOURCE"
            },
            {
              "path": ":stress:compileJava",
              "outcome": "NO_SOURCE"
            },
            {
              "path": ":stress:jar",
              "outcome": "EXECUTED"
            },
            {
              "path": ":stress:processResources",
              "outcome": "NO_SOURCE"
            },
            {
              "path": ":tests-preview:classes",
              "outcome": "UP_TO_DATE"
            },
            {
              "path": ":tests-preview:compileGroovy",
              "outcome": "NO_SOURCE"
            },
            {
              "path": ":tests-preview:compileJava",
              "outcome": "NO_SOURCE"
            },
            {
              "path": ":tests-preview:jar",
              "outcome": "EXECUTED"
            },
            {
              "path": ":tests-preview:processResources",
              "outcome": "NO_SOURCE"
            }
          ]
        },
        "hostPressure": {
          "available": true,
          "cpuSomeTotalUs": 20214852,
          "memorySomeTotalUs": 0,
          "memoryFullTotalUs": 1,
          "ioSomeTotalUs": 39110275,
          "ioFullTotalUs": 15080924
        }
      },
      {
        "phase": "TARGET_WORKLOAD_STABILITY_RECONFIRMATION",
        "durationMs": 76620,
        "logSha256": "9c8f6137b16698ba7cc24bbba5320c7c71c9725f9d2c5a802a7e8891651f8d40",
        "taskOutcomes": {
          "total": 218,
          "executed": 138,
          "fromCache": 24,
          "upToDate": 8,
          "noSource": 48,
          "skipped": 0,
          "fingerprintSha256": "a8c9059b0fb2a799ddfba8828062a5ba4fb07b5deb583fa958f0ecb41079e151",
          "tasks": [
            {
              "path": ":bootstrapJar",
              "outcome": "EXECUTED"
            },
            {
              "path": ":build-logic:classes",
              "outcome": "EXECUTED"
            },
            {
              "path": ":build-logic:compileGroovy",
              "outcome": "FROM_CACHE"
            },
            {
              "path": ":build-logic:compileGroovyPlugins",
              "outcome": "FROM_CACHE"
            },
            {
              "path": ":build-logic:compileJava",
              "outcome": "FROM_CACHE"
            },
            {
              "path": ":build-logic:extractPluginRequests",
              "outcome": "FROM_CACHE"
            },
            {
              "path": ":build-logic:generatePluginAdapters",
              "outcome": "FROM_CACHE"
            },
            {
              "path": ":build-logic:jar",
              "outcome": "EXECUTED"
            },
            {
              "path": ":build-logic:pluginDescriptors",
              "outcome": "EXECUTED"
            },
            {
              "path": ":build-logic:processResources",
              "outcome": "EXECUTED"
            },
            {
              "path": ":classes",
              "outcome": "EXECUTED"
            },
            {
              "path": ":compileGroovy",
              "outcome": "EXECUTED"
            },
            {
              "path": ":compileJava",
              "outcome": "FROM_CACHE",
              "consoleOutcomeTransitions": [
                "EXECUTED",
                "FROM_CACHE"
              ]
            },
            {
              "path": ":dgmConverter",
              "outcome": "FROM_CACHE"
            },
            {
              "path": ":generateGrammarSource",
              "outcome": "FROM_CACHE"
            },
            {
              "path": ":generateReleaseInfo",
              "outcome": "EXECUTED"
            },
            {
              "path": ":groovy-ant:classes",
              "outcome": "EXECUTED"
            },
            {
              "path": ":groovy-ant:compileGroovy",
              "outcome": "EXECUTED"
            },
            {
              "path": ":groovy-ant:compileJava",
              "outcome": "FROM_CACHE"
            },
            {
              "path": ":groovy-ant:generateReleaseInfo",
              "outcome": "EXECUTED"
            },
            {
              "path": ":groovy-ant:jar",
              "outcome": "EXECUTED"
            },
            {
              "path": ":groovy-ant:processResources",
              "outcome": "EXECUTED"
            },
            {
              "path": ":groovy-astbuilder:classes",
              "outcome": "EXECUTED"
            },
            {
              "path": ":groovy-astbuilder:compileGroovy",
              "outcome": "NO_SOURCE"
            },
            {
              "path": ":groovy-astbuilder:compileJava",
              "outcome": "FROM_CACHE"
            },
            {
              "path": ":groovy-astbuilder:generateReleaseInfo",
              "outcome": "EXECUTED"
            },
            {
              "path": ":groovy-astbuilder:jar",
              "outcome": "EXECUTED"
            },
            {
              "path": ":groovy-astbuilder:processResources",
              "outcome": "EXECUTED"
            },
            {
              "path": ":groovy-cli-commons:classes",
              "outcome": "EXECUTED"
            },
            {
              "path": ":groovy-cli-commons:compileGroovy",
              "outcome": "EXECUTED"
            },
            {
              "path": ":groovy-cli-commons:compileJava",
              "outcome": "NO_SOURCE"
            },
            {
              "path": ":groovy-cli-commons:generateReleaseInfo",
              "outcome": "EXECUTED"
            },
            {
              "path": ":groovy-cli-commons:jar",
              "outcome": "EXECUTED"
            },
            {
              "path": ":groovy-cli-commons:processResources",
              "outcome": "NO_SOURCE"
            },
            {
              "path": ":groovy-cli-picocli:classes",
              "outcome": "EXECUTED"
            },
            {
              "path": ":groovy-cli-picocli:compileGroovy",
              "outcome": "EXECUTED"
            },
            {
              "path": ":groovy-cli-picocli:compileJava",
              "outcome": "NO_SOURCE"
            },
            {
              "path": ":groovy-cli-picocli:generateReleaseInfo",
              "outcome": "EXECUTED"
            },
            {
              "path": ":groovy-cli-picocli:jar",
              "outcome": "EXECUTED"
            },
            {
              "path": ":groovy-cli-picocli:processResources",
              "outcome": "NO_SOURCE"
            },
            {
              "path": ":groovy-console:classes",
              "outcome": "EXECUTED"
            },
            {
              "path": ":groovy-console:compileGroovy",
              "outcome": "EXECUTED"
            },
            {
              "path": ":groovy-console:compileJava",
              "outcome": "NO_SOURCE"
            },
            {
              "path": ":groovy-console:generateReleaseInfo",
              "outcome": "EXECUTED"
            },
            {
              "path": ":groovy-console:jar",
              "outcome": "EXECUTED"
            },
            {
              "path": ":groovy-console:processResources",
              "outcome": "EXECUTED"
            },
            {
              "path": ":groovy-contracts:classes",
              "outcome": "EXECUTED"
            },
            {
              "path": ":groovy-contracts:compileGroovy",
              "outcome": "NO_SOURCE"
            },
            {
              "path": ":groovy-contracts:compileJava",
              "outcome": "FROM_CACHE"
            },
            {
              "path": ":groovy-contracts:generateReleaseInfo",
              "outcome": "EXECUTED"
            },
            {
              "path": ":groovy-contracts:jar",
              "outcome": "EXECUTED"
            },
            {
              "path": ":groovy-contracts:processResources",
              "outcome": "EXECUTED"
            },
            {
              "path": ":groovy-datetime:classes",
              "outcome": "UP_TO_DATE"
            },
            {
              "path": ":groovy-datetime:compileGroovy",
              "outcome": "NO_SOURCE"
            },
            {
              "path": ":groovy-datetime:compileJava",
              "outcome": "FROM_CACHE"
            },
            {
              "path": ":groovy-datetime:generateReleaseInfo",
              "outcome": "EXECUTED"
            },
            {
              "path": ":groovy-datetime:jar",
              "outcome": "EXECUTED"
            },
            {
              "path": ":groovy-datetime:moduleDescriptor",
              "outcome": "EXECUTED"
            },
            {
              "path": ":groovy-datetime:processResources",
              "outcome": "NO_SOURCE"
            },
            {
              "path": ":groovy-dateutil:classes",
              "outcome": "UP_TO_DATE"
            },
            {
              "path": ":groovy-dateutil:compileGroovy",
              "outcome": "NO_SOURCE"
            },
            {
              "path": ":groovy-dateutil:compileJava",
              "outcome": "FROM_CACHE"
            },
            {
              "path": ":groovy-dateutil:generateReleaseInfo",
              "outcome": "EXECUTED"
            },
            {
              "path": ":groovy-dateutil:jar",
              "outcome": "EXECUTED"
            },
            {
              "path": ":groovy-dateutil:moduleDescriptor",
              "outcome": "EXECUTED"
            },
            {
              "path": ":groovy-dateutil:processResources",
              "outcome": "NO_SOURCE"
            },
            {
              "path": ":groovy-docgenerator:classes",
              "outcome": "EXECUTED"
            },
            {
              "path": ":groovy-docgenerator:compileGroovy",
              "outcome": "EXECUTED"
            },
            {
              "path": ":groovy-docgenerator:compileJava",
              "outcome": "NO_SOURCE"
            },
            {
              "path": ":groovy-docgenerator:generateReleaseInfo",
              "outcome": "EXECUTED"
            },
            {
              "path": ":groovy-docgenerator:jar",
              "outcome": "EXECUTED"
            },
            {
              "path": ":groovy-docgenerator:processResources",
              "outcome": "EXECUTED"
            },
            {
              "path": ":groovy-ginq:classes",
              "outcome": "EXECUTED"
            },
            {
              "path": ":groovy-ginq:compileGroovy",
              "outcome": "EXECUTED"
            },
            {
              "path": ":groovy-ginq:compileJava",
              "outcome": "NO_SOURCE"
            },
            {
              "path": ":groovy-ginq:generateReleaseInfo",
              "outcome": "EXECUTED"
            },
            {
              "path": ":groovy-ginq:jar",
              "outcome": "EXECUTED"
            },
            {
              "path": ":groovy-ginq:moduleDescriptor",
              "outcome": "EXECUTED"
            },
            {
              "path": ":groovy-ginq:processResources",
              "outcome": "NO_SOURCE"
            },
            {
              "path": ":groovy-groovydoc:classes",
              "outcome": "EXECUTED"
            },
            {
              "path": ":groovy-groovydoc:compileGroovy",
              "outcome": "EXECUTED"
            },
            {
              "path": ":groovy-groovydoc:compileJava",
              "outcome": "FROM_CACHE"
            },
            {
              "path": ":groovy-groovydoc:generateReleaseInfo",
              "outcome": "EXECUTED"
            },
            {
              "path": ":groovy-groovydoc:jar",
              "outcome": "EXECUTED"
            },
            {
              "path": ":groovy-groovydoc:processResources",
              "outcome": "EXECUTED"
            },
            {
              "path": ":groovy-groovysh:classes",
              "outcome": "EXECUTED"
            },
            {
              "path": ":groovy-groovysh:compileGroovy",
              "outcome": "EXECUTED"
            },
            {
              "path": ":groovy-groovysh:compileJava",
              "outcome": "NO_SOURCE"
            },
            {
              "path": ":groovy-groovysh:generateReleaseInfo",
              "outcome": "EXECUTED"
            },
            {
              "path": ":groovy-groovysh:jar",
              "outcome": "EXECUTED"
            },
            {
              "path": ":groovy-groovysh:processResources",
              "outcome": "EXECUTED"
            },
            {
              "path": ":groovy-jmx:classes",
              "outcome": "EXECUTED"
            },
            {
              "path": ":groovy-jmx:compileGroovy",
              "outcome": "EXECUTED"
            },
            {
              "path": ":groovy-jmx:compileJava",
              "outcome": "FROM_CACHE"
            },
            {
              "path": ":groovy-jmx:generateReleaseInfo",
              "outcome": "EXECUTED"
            },
            {
              "path": ":groovy-jmx:jar",
              "outcome": "EXECUTED"
            },
            {
              "path": ":groovy-jmx:processResources",
              "outcome": "NO_SOURCE"
            },
            {
              "path": ":groovy-json:classes",
              "outcome": "EXECUTED"
            },
            {
              "path": ":groovy-json:compileGroovy",
              "outcome": "NO_SOURCE"
            },
            {
              "path": ":groovy-json:compileJava",
              "outcome": "EXECUTED"
            },
            {
              "path": ":groovy-json:generateReleaseInfo",
              "outcome": "EXECUTED"
            },
            {
              "path": ":groovy-json:jar",
              "outcome": "EXECUTED"
            },
            {
              "path": ":groovy-json:processResources",
              "outcome": "EXECUTED"
            },
            {
              "path": ":groovy-jsr223:classes",
              "outcome": "EXECUTED"
            },
            {
              "path": ":groovy-jsr223:compileGroovy",
              "outcome": "NO_SOURCE"
            },
            {
              "path": ":groovy-jsr223:compileJava",
              "outcome": "FROM_CACHE"
            },
            {
              "path": ":groovy-jsr223:generateReleaseInfo",
              "outcome": "EXECUTED"
            },
            {
              "path": ":groovy-jsr223:jar",
              "outcome": "EXECUTED"
            },
            {
              "path": ":groovy-jsr223:moduleDescriptor",
              "outcome": "EXECUTED"
            },
            {
              "path": ":groovy-jsr223:processResources",
              "outcome": "EXECUTED"
            },
            {
              "path": ":groovy-macro-library:classes",
              "outcome": "EXECUTED"
            },
            {
              "path": ":groovy-macro-library:compileGroovy",
              "outcome": "EXECUTED"
            },
            {
              "path": ":groovy-macro-library:compileJava",
              "outcome": "NO_SOURCE"
            },
            {
              "path": ":groovy-macro-library:generateReleaseInfo",
              "outcome": "EXECUTED"
            },
            {
              "path": ":groovy-macro-library:jar",
              "outcome": "EXECUTED"
            },
            {
              "path": ":groovy-macro-library:moduleDescriptor",
              "outcome": "EXECUTED"
            },
            {
              "path": ":groovy-macro-library:processResources",
              "outcome": "NO_SOURCE"
            },
            {
              "path": ":groovy-macro:classes",
              "outcome": "EXECUTED"
            },
            {
              "path": ":groovy-macro:compileGroovy",
              "outcome": "EXECUTED"
            },
            {
              "path": ":groovy-macro:compileJava",
              "outcome": "NO_SOURCE"
            },
            {
              "path": ":groovy-macro:generateReleaseInfo",
              "outcome": "EXECUTED"
            },
            {
              "path": ":groovy-macro:jar",
              "outcome": "EXECUTED"
            },
            {
              "path": ":groovy-macro:moduleDescriptor",
              "outcome": "EXECUTED"
            },
            {
              "path": ":groovy-macro:processResources",
              "outcome": "EXECUTED"
            },
            {
              "path": ":groovy-nio:classes",
              "outcome": "UP_TO_DATE"
            },
            {
              "path": ":groovy-nio:compileGroovy",
              "outcome": "NO_SOURCE"
            },
            {
              "path": ":groovy-nio:compileJava",
              "outcome": "FROM_CACHE"
            },
            {
              "path": ":groovy-nio:generateReleaseInfo",
              "outcome": "EXECUTED"
            },
            {
              "path": ":groovy-nio:jar",
              "outcome": "EXECUTED"
            },
            {
              "path": ":groovy-nio:moduleDescriptor",
              "outcome": "EXECUTED"
            },
            {
              "path": ":groovy-nio:processResources",
              "outcome": "NO_SOURCE"
            },
            {
              "path": ":groovy-servlet:classes",
              "outcome": "UP_TO_DATE"
            },
            {
              "path": ":groovy-servlet:compileGroovy",
              "outcome": "NO_SOURCE"
            },
            {
              "path": ":groovy-servlet:compileJava",
              "outcome": "FROM_CACHE"
            },
            {
              "path": ":groovy-servlet:generateReleaseInfo",
              "outcome": "EXECUTED"
            },
            {
              "path": ":groovy-servlet:jar",
              "outcome": "EXECUTED"
            },
            {
              "path": ":groovy-servlet:processResources",
              "outcome": "NO_SOURCE"
            },
            {
              "path": ":groovy-sql:classes",
              "outcome": "UP_TO_DATE"
            },
            {
              "path": ":groovy-sql:compileGroovy",
              "outcome": "NO_SOURCE"
            },
            {
              "path": ":groovy-sql:compileJava",
              "outcome": "FROM_CACHE"
            },
            {
              "path": ":groovy-sql:generateReleaseInfo",
              "outcome": "EXECUTED"
            },
            {
              "path": ":groovy-sql:jar",
              "outcome": "EXECUTED"
            },
            {
              "path": ":groovy-sql:moduleDescriptor",
              "outcome": "EXECUTED"
            },
            {
              "path": ":groovy-sql:processResources",
              "outcome": "NO_SOURCE"
            },
            {
              "path": ":groovy-swing:classes",
              "outcome": "EXECUTED"
            },
            {
              "path": ":groovy-swing:compileGroovy",
              "outcome": "EXECUTED"
            },
            {
              "path": ":groovy-swing:compileJava",
              "outcome": "FROM_CACHE"
            },
            {
              "path": ":groovy-swing:generateReleaseInfo",
              "outcome": "EXECUTED"
            },
            {
              "path": ":groovy-swing:jar",
              "outcome": "EXECUTED"
            },
            {
              "path": ":groovy-swing:moduleDescriptor",
              "outcome": "EXECUTED"
            },
            {
              "path": ":groovy-swing:processResources",
              "outcome": "NO_SOURCE"
            },
            {
              "path": ":groovy-templates:classes",
              "outcome": "EXECUTED"
            },
            {
              "path": ":groovy-templates:compileGroovy",
              "outcome": "EXECUTED"
            },
            {
              "path": ":groovy-templates:compileJava",
              "outcome": "NO_SOURCE"
            },
            {
              "path": ":groovy-templates:generateReleaseInfo",
              "outcome": "EXECUTED"
            },
            {
              "path": ":groovy-templates:jar",
              "outcome": "EXECUTED"
            },
            {
              "path": ":groovy-templates:processResources",
              "outcome": "NO_SOURCE"
            },
            {
              "path": ":groovy-test-junit5:classes",
              "outcome": "EXECUTED"
            },
            {
              "path": ":groovy-test-junit5:compileGroovy",
              "outcome": "EXECUTED"
            },
            {
              "path": ":groovy-test-junit5:compileJava",
              "outcome": "FROM_CACHE"
            },
            {
              "path": ":groovy-test-junit5:generateReleaseInfo",
              "outcome": "EXECUTED"
            },
            {
              "path": ":groovy-test-junit5:jar",
              "outcome": "EXECUTED"
            },
            {
              "path": ":groovy-test-junit5:processResources",
              "outcome": "EXECUTED"
            },
            {
              "path": ":groovy-test:classes",
              "outcome": "EXECUTED"
            },
            {
              "path": ":groovy-test:compileGroovy",
              "outcome": "EXECUTED"
            },
            {
              "path": ":groovy-test:compileJava",
              "outcome": "FROM_CACHE"
            },
            {
              "path": ":groovy-test:generateReleaseInfo",
              "outcome": "EXECUTED"
            },
            {
              "path": ":groovy-test:jar",
              "outcome": "EXECUTED"
            },
            {
              "path": ":groovy-test:processResources",
              "outcome": "NO_SOURCE"
            },
            {
              "path": ":groovy-testng:classes",
              "outcome": "EXECUTED"
            },
            {
              "path": ":groovy-testng:compileGroovy",
              "outcome": "NO_SOURCE"
            },
            {
              "path": ":groovy-testng:compileJava",
              "outcome": "FROM_CACHE"
            },
            {
              "path": ":groovy-testng:generateReleaseInfo",
              "outcome": "EXECUTED"
            },
            {
              "path": ":groovy-testng:jar",
              "outcome": "EXECUTED"
            },
            {
              "path": ":groovy-testng:processResources",
              "outcome": "EXECUTED"
            },
            {
              "path": ":groovy-toml:classes",
              "outcome": "EXECUTED"
            },
            {
              "path": ":groovy-toml:compileGroovy",
              "outcome": "NO_SOURCE"
            },
            {
              "path": ":groovy-toml:compileJava",
              "outcome": "EXECUTED"
            },
            {
              "path": ":groovy-toml:generateReleaseInfo",
              "outcome": "EXECUTED"
            },
            {
              "path": ":groovy-toml:jar",
              "outcome": "EXECUTED"
            },
            {
              "path": ":groovy-toml:processResources",
              "outcome": "NO_SOURCE"
            },
            {
              "path": ":groovy-typecheckers:classes",
              "outcome": "EXECUTED"
            },
            {
              "path": ":groovy-typecheckers:compileGroovy",
              "outcome": "EXECUTED"
            },
            {
              "path": ":groovy-typecheckers:compileJava",
              "outcome": "NO_SOURCE"
            },
            {
              "path": ":groovy-typecheckers:generateReleaseInfo",
              "outcome": "EXECUTED"
            },
            {
              "path": ":groovy-typecheckers:jar",
              "outcome": "EXECUTED"
            },
            {
              "path": ":groovy-typecheckers:processResources",
              "outcome": "NO_SOURCE"
            },
            {
              "path": ":groovy-xml:classes",
              "outcome": "EXECUTED"
            },
            {
              "path": ":groovy-xml:compileGroovy",
              "outcome": "EXECUTED"
            },
            {
              "path": ":groovy-xml:compileJava",
              "outcome": "FROM_CACHE"
            },
            {
              "path": ":groovy-xml:generateReleaseInfo",
              "outcome": "EXECUTED"
            },
            {
              "path": ":groovy-xml:jar",
              "outcome": "EXECUTED"
            },
            {
              "path": ":groovy-xml:moduleDescriptor",
              "outcome": "EXECUTED"
            },
            {
              "path": ":groovy-xml:processResources",
              "outcome": "NO_SOURCE"
            },
            {
              "path": ":groovy-yaml:classes",
              "outcome": "EXECUTED"
            },
            {
              "path": ":groovy-yaml:compileGroovy",
              "outcome": "NO_SOURCE"
            },
            {
              "path": ":groovy-yaml:compileJava",
              "outcome": "EXECUTED"
            },
            {
              "path": ":groovy-yaml:generateReleaseInfo",
              "outcome": "EXECUTED"
            },
            {
              "path": ":groovy-yaml:jar",
              "outcome": "EXECUTED"
            },
            {
              "path": ":groovy-yaml:processResources",
              "outcome": "NO_SOURCE"
            },
            {
              "path": ":jar",
              "outcome": "EXECUTED"
            },
            {
              "path": ":osgiClasses",
              "outcome": "EXECUTED"
            },
            {
              "path": ":performance:classes",
              "outcome": "UP_TO_DATE"
            },
            {
              "path": ":performance:compileGroovy",
              "outcome": "NO_SOURCE"
            },
            {
              "path": ":performance:compileJava",
              "outcome": "NO_SOURCE"
            },
            {
              "path": ":performance:jar",
              "outcome": "EXECUTED"
            },
            {
              "path": ":performance:processResources",
              "outcome": "NO_SOURCE"
            },
            {
              "path": ":processResources",
              "outcome": "EXECUTED"
            },
            {
              "path": ":stress:classes",
              "outcome": "UP_TO_DATE"
            },
            {
              "path": ":stress:compileGroovy",
              "outcome": "NO_SOURCE"
            },
            {
              "path": ":stress:compileJava",
              "outcome": "NO_SOURCE"
            },
            {
              "path": ":stress:jar",
              "outcome": "EXECUTED"
            },
            {
              "path": ":stress:processResources",
              "outcome": "NO_SOURCE"
            },
            {
              "path": ":tests-preview:classes",
              "outcome": "UP_TO_DATE"
            },
            {
              "path": ":tests-preview:compileGroovy",
              "outcome": "NO_SOURCE"
            },
            {
              "path": ":tests-preview:compileJava",
              "outcome": "NO_SOURCE"
            },
            {
              "path": ":tests-preview:jar",
              "outcome": "EXECUTED"
            },
            {
              "path": ":tests-preview:processResources",
              "outcome": "NO_SOURCE"
            }
          ]
        },
        "hostPressure": {
          "available": true,
          "cpuSomeTotalUs": 20290669,
          "memorySomeTotalUs": 4,
          "memoryFullTotalUs": 4,
          "ioSomeTotalUs": 39166417,
          "ioFullTotalUs": 15160352
        }
      }
    ],
    "candidateWarmups": [
      {
        "phase": "CACHE_SEED",
        "durationMs": 159692,
        "logSha256": "30525861e9adc4d8337a38005e901271bef7e4299fdde922c9021607aec1a3d2",
        "taskOutcomes": {
          "total": 25,
          "executed": 24,
          "fromCache": 0,
          "upToDate": 0,
          "noSource": 1,
          "skipped": 0,
          "fingerprintSha256": "74a2e1a4588b91accdf076cda4cb2c697590539d0f32836d22e89ed76e3bf071",
          "tasks": [
            {
              "path": ":bootstrapJar",
              "outcome": "EXECUTED"
            },
            {
              "path": ":build-logic:classes",
              "outcome": "EXECUTED"
            },
            {
              "path": ":build-logic:compileGroovy",
              "outcome": "EXECUTED"
            },
            {
              "path": ":build-logic:compileGroovyPlugins",
              "outcome": "EXECUTED"
            },
            {
              "path": ":build-logic:compileJava",
              "outcome": "EXECUTED"
            },
            {
              "path": ":build-logic:extractPluginRequests",
              "outcome": "EXECUTED"
            },
            {
              "path": ":build-logic:generatePluginAdapters",
              "outcome": "EXECUTED"
            },
            {
              "path": ":build-logic:jar",
              "outcome": "EXECUTED"
            },
            {
              "path": ":build-logic:pluginDescriptors",
              "outcome": "EXECUTED"
            },
            {
              "path": ":build-logic:processResources",
              "outcome": "EXECUTED"
            },
            {
              "path": ":classes",
              "outcome": "EXECUTED"
            },
            {
              "path": ":compileGroovy",
              "outcome": "EXECUTED"
            },
            {
              "path": ":compileJava",
              "outcome": "EXECUTED"
            },
            {
              "path": ":dgmConverter",
              "outcome": "EXECUTED"
            },
            {
              "path": ":generateGrammarSource",
              "outcome": "EXECUTED"
            },
            {
              "path": ":generateReleaseInfo",
              "outcome": "EXECUTED"
            },
            {
              "path": ":groovy-json:classes",
              "outcome": "EXECUTED"
            },
            {
              "path": ":groovy-json:compileGroovy",
              "outcome": "NO_SOURCE"
            },
            {
              "path": ":groovy-json:compileJava",
              "outcome": "EXECUTED"
            },
            {
              "path": ":groovy-json:generateReleaseInfo",
              "outcome": "EXECUTED"
            },
            {
              "path": ":groovy-json:jar",
              "outcome": "EXECUTED"
            },
            {
              "path": ":groovy-json:processResources",
              "outcome": "EXECUTED"
            },
            {
              "path": ":jar",
              "outcome": "EXECUTED"
            },
            {
              "path": ":osgiClasses",
              "outcome": "EXECUTED"
            },
            {
              "path": ":processResources",
              "outcome": "EXECUTED"
            }
          ]
        },
        "hostPressure": {
          "available": true,
          "cpuSomeTotalUs": 1518995,
          "memorySomeTotalUs": 126,
          "memoryFullTotalUs": 126,
          "ioSomeTotalUs": 111393484,
          "ioFullTotalUs": 85720752
        }
      },
      {
        "phase": "BASE_DAEMON_STABILIZATION",
        "durationMs": 16469,
        "logSha256": "3733815c2767243c1dd3d0a68ceb0c462a621934fff9a76fd2120b4adfa79117",
        "taskOutcomes": {
          "total": 25,
          "executed": 15,
          "fromCache": 9,
          "upToDate": 0,
          "noSource": 1,
          "skipped": 0,
          "fingerprintSha256": "3101cecdd50b16320d5ace0afabed16d4990e5f67525c6aeac017f3fd9fcea14",
          "tasks": [
            {
              "path": ":bootstrapJar",
              "outcome": "EXECUTED"
            },
            {
              "path": ":build-logic:classes",
              "outcome": "EXECUTED"
            },
            {
              "path": ":build-logic:compileGroovy",
              "outcome": "FROM_CACHE"
            },
            {
              "path": ":build-logic:compileGroovyPlugins",
              "outcome": "FROM_CACHE"
            },
            {
              "path": ":build-logic:compileJava",
              "outcome": "FROM_CACHE"
            },
            {
              "path": ":build-logic:extractPluginRequests",
              "outcome": "FROM_CACHE"
            },
            {
              "path": ":build-logic:generatePluginAdapters",
              "outcome": "FROM_CACHE"
            },
            {
              "path": ":build-logic:jar",
              "outcome": "EXECUTED"
            },
            {
              "path": ":build-logic:pluginDescriptors",
              "outcome": "EXECUTED"
            },
            {
              "path": ":build-logic:processResources",
              "outcome": "EXECUTED"
            },
            {
              "path": ":classes",
              "outcome": "EXECUTED"
            },
            {
              "path": ":compileGroovy",
              "outcome": "EXECUTED"
            },
            {
              "path": ":compileJava",
              "outcome": "FROM_CACHE"
            },
            {
              "path": ":dgmConverter",
              "outcome": "FROM_CACHE"
            },
            {
              "path": ":generateGrammarSource",
              "outcome": "FROM_CACHE"
            },
            {
              "path": ":generateReleaseInfo",
              "outcome": "EXECUTED"
            },
            {
              "path": ":groovy-json:classes",
              "outcome": "EXECUTED"
            },
            {
              "path": ":groovy-json:compileGroovy",
              "outcome": "NO_SOURCE"
            },
            {
              "path": ":groovy-json:compileJava",
              "outcome": "FROM_CACHE"
            },
            {
              "path": ":groovy-json:generateReleaseInfo",
              "outcome": "EXECUTED"
            },
            {
              "path": ":groovy-json:jar",
              "outcome": "EXECUTED"
            },
            {
              "path": ":groovy-json:processResources",
              "outcome": "EXECUTED"
            },
            {
              "path": ":jar",
              "outcome": "EXECUTED"
            },
            {
              "path": ":osgiClasses",
              "outcome": "EXECUTED"
            },
            {
              "path": ":processResources",
              "outcome": "EXECUTED"
            }
          ]
        },
        "hostPressure": {
          "available": true,
          "cpuSomeTotalUs": 48126,
          "memorySomeTotalUs": 0,
          "memoryFullTotalUs": 0,
          "ioSomeTotalUs": 11842464,
          "ioFullTotalUs": 9634512
        }
      },
      {
        "phase": "TARGET_WORKLOAD_STABILIZATION",
        "durationMs": 12881,
        "logSha256": "48ff66386bcabccc8a52e1765f7601ba8d41e627d36aea3d28dd2c0d92f68016",
        "taskOutcomes": {
          "total": 25,
          "executed": 16,
          "fromCache": 8,
          "upToDate": 0,
          "noSource": 1,
          "skipped": 0,
          "fingerprintSha256": "b43c808e47c00d49cfb56f71197b3295e884e9f536fb660c7889cb8b633b76e2",
          "tasks": [
            {
              "path": ":bootstrapJar",
              "outcome": "EXECUTED"
            },
            {
              "path": ":build-logic:classes",
              "outcome": "EXECUTED"
            },
            {
              "path": ":build-logic:compileGroovy",
              "outcome": "FROM_CACHE"
            },
            {
              "path": ":build-logic:compileGroovyPlugins",
              "outcome": "FROM_CACHE"
            },
            {
              "path": ":build-logic:compileJava",
              "outcome": "FROM_CACHE"
            },
            {
              "path": ":build-logic:extractPluginRequests",
              "outcome": "FROM_CACHE"
            },
            {
              "path": ":build-logic:generatePluginAdapters",
              "outcome": "FROM_CACHE"
            },
            {
              "path": ":build-logic:jar",
              "outcome": "EXECUTED"
            },
            {
              "path": ":build-logic:pluginDescriptors",
              "outcome": "EXECUTED"
            },
            {
              "path": ":build-logic:processResources",
              "outcome": "EXECUTED"
            },
            {
              "path": ":classes",
              "outcome": "EXECUTED"
            },
            {
              "path": ":compileGroovy",
              "outcome": "EXECUTED"
            },
            {
              "path": ":compileJava",
              "outcome": "FROM_CACHE"
            },
            {
              "path": ":dgmConverter",
              "outcome": "FROM_CACHE"
            },
            {
              "path": ":generateGrammarSource",
              "outcome": "FROM_CACHE"
            },
            {
              "path": ":generateReleaseInfo",
              "outcome": "EXECUTED"
            },
            {
              "path": ":groovy-json:classes",
              "outcome": "EXECUTED"
            },
            {
              "path": ":groovy-json:compileGroovy",
              "outcome": "NO_SOURCE"
            },
            {
              "path": ":groovy-json:compileJava",
              "outcome": "EXECUTED"
            },
            {
              "path": ":groovy-json:generateReleaseInfo",
              "outcome": "EXECUTED"
            },
            {
              "path": ":groovy-json:jar",
              "outcome": "EXECUTED"
            },
            {
              "path": ":groovy-json:processResources",
              "outcome": "EXECUTED"
            },
            {
              "path": ":jar",
              "outcome": "EXECUTED"
            },
            {
              "path": ":osgiClasses",
              "outcome": "EXECUTED"
            },
            {
              "path": ":processResources",
              "outcome": "EXECUTED"
            }
          ]
        },
        "hostPressure": {
          "available": true,
          "cpuSomeTotalUs": 54118,
          "memorySomeTotalUs": 0,
          "memoryFullTotalUs": 0,
          "ioSomeTotalUs": 8805638,
          "ioFullTotalUs": 7194014
        }
      },
      {
        "phase": "TARGET_WORKLOAD_STABILITY_CONFIRMATION",
        "durationMs": 15904,
        "logSha256": "149029245059c4b2aef4374d770723e28ec9032a7e8281c18582752802c20737",
        "taskOutcomes": {
          "total": 25,
          "executed": 16,
          "fromCache": 8,
          "upToDate": 0,
          "noSource": 1,
          "skipped": 0,
          "fingerprintSha256": "b43c808e47c00d49cfb56f71197b3295e884e9f536fb660c7889cb8b633b76e2",
          "tasks": [
            {
              "path": ":bootstrapJar",
              "outcome": "EXECUTED"
            },
            {
              "path": ":build-logic:classes",
              "outcome": "EXECUTED"
            },
            {
              "path": ":build-logic:compileGroovy",
              "outcome": "FROM_CACHE"
            },
            {
              "path": ":build-logic:compileGroovyPlugins",
              "outcome": "FROM_CACHE"
            },
            {
              "path": ":build-logic:compileJava",
              "outcome": "FROM_CACHE"
            },
            {
              "path": ":build-logic:extractPluginRequests",
              "outcome": "FROM_CACHE"
            },
            {
              "path": ":build-logic:generatePluginAdapters",
              "outcome": "FROM_CACHE"
            },
            {
              "path": ":build-logic:jar",
              "outcome": "EXECUTED"
            },
            {
              "path": ":build-logic:pluginDescriptors",
              "outcome": "EXECUTED"
            },
            {
              "path": ":build-logic:processResources",
              "outcome": "EXECUTED"
            },
            {
              "path": ":classes",
              "outcome": "EXECUTED"
            },
            {
              "path": ":compileGroovy",
              "outcome": "EXECUTED"
            },
            {
              "path": ":compileJava",
              "outcome": "FROM_CACHE"
            },
            {
              "path": ":dgmConverter",
              "outcome": "FROM_CACHE"
            },
            {
              "path": ":generateGrammarSource",
              "outcome": "FROM_CACHE"
            },
            {
              "path": ":generateReleaseInfo",
              "outcome": "EXECUTED"
            },
            {
              "path": ":groovy-json:classes",
              "outcome": "EXECUTED"
            },
            {
              "path": ":groovy-json:compileGroovy",
              "outcome": "NO_SOURCE"
            },
            {
              "path": ":groovy-json:compileJava",
              "outcome": "EXECUTED"
            },
            {
              "path": ":groovy-json:generateReleaseInfo",
              "outcome": "EXECUTED"
            },
            {
              "path": ":groovy-json:jar",
              "outcome": "EXECUTED"
            },
            {
              "path": ":groovy-json:processResources",
              "outcome": "EXECUTED"
            },
            {
              "path": ":jar",
              "outcome": "EXECUTED"
            },
            {
              "path": ":osgiClasses",
              "outcome": "EXECUTED"
            },
            {
              "path": ":processResources",
              "outcome": "EXECUTED"
            }
          ]
        },
        "hostPressure": {
          "available": true,
          "cpuSomeTotalUs": 81849,
          "memorySomeTotalUs": 0,
          "memoryFullTotalUs": 0,
          "ioSomeTotalUs": 10049085,
          "ioFullTotalUs": 7812062
        }
      },
      {
        "phase": "TARGET_WORKLOAD_STABILITY_RECONFIRMATION",
        "durationMs": 24875,
        "logSha256": "82bb5bc6a1b3bd5600cd5df6aa947a368aef0eda0b37aac1b776ec5ac1676fde",
        "taskOutcomes": {
          "total": 25,
          "executed": 16,
          "fromCache": 8,
          "upToDate": 0,
          "noSource": 1,
          "skipped": 0,
          "fingerprintSha256": "b43c808e47c00d49cfb56f71197b3295e884e9f536fb660c7889cb8b633b76e2",
          "tasks": [
            {
              "path": ":bootstrapJar",
              "outcome": "EXECUTED"
            },
            {
              "path": ":build-logic:classes",
              "outcome": "EXECUTED"
            },
            {
              "path": ":build-logic:compileGroovy",
              "outcome": "FROM_CACHE"
            },
            {
              "path": ":build-logic:compileGroovyPlugins",
              "outcome": "FROM_CACHE"
            },
            {
              "path": ":build-logic:compileJava",
              "outcome": "FROM_CACHE"
            },
            {
              "path": ":build-logic:extractPluginRequests",
              "outcome": "FROM_CACHE"
            },
            {
              "path": ":build-logic:generatePluginAdapters",
              "outcome": "FROM_CACHE"
            },
            {
              "path": ":build-logic:jar",
              "outcome": "EXECUTED"
            },
            {
              "path": ":build-logic:pluginDescriptors",
              "outcome": "EXECUTED"
            },
            {
              "path": ":build-logic:processResources",
              "outcome": "EXECUTED"
            },
            {
              "path": ":classes",
              "outcome": "EXECUTED"
            },
            {
              "path": ":compileGroovy",
              "outcome": "EXECUTED"
            },
            {
              "path": ":compileJava",
              "outcome": "FROM_CACHE"
            },
            {
              "path": ":dgmConverter",
              "outcome": "FROM_CACHE"
            },
            {
              "path": ":generateGrammarSource",
              "outcome": "FROM_CACHE"
            },
            {
              "path": ":generateReleaseInfo",
              "outcome": "EXECUTED"
            },
            {
              "path": ":groovy-json:classes",
              "outcome": "EXECUTED"
            },
            {
              "path": ":groovy-json:compileGroovy",
              "outcome": "NO_SOURCE"
            },
            {
              "path": ":groovy-json:compileJava",
              "outcome": "EXECUTED"
            },
            {
              "path": ":groovy-json:generateReleaseInfo",
              "outcome": "EXECUTED"
            },
            {
              "path": ":groovy-json:jar",
              "outcome": "EXECUTED"
            },
            {
              "path": ":groovy-json:processResources",
              "outcome": "EXECUTED"
            },
            {
              "path": ":jar",
              "outcome": "EXECUTED"
            },
            {
              "path": ":osgiClasses",
              "outcome": "EXECUTED"
            },
            {
              "path": ":processResources",
              "outcome": "EXECUTED"
            }
          ]
        },
        "hostPressure": {
          "available": true,
          "cpuSomeTotalUs": 142706,
          "memorySomeTotalUs": 0,
          "memoryFullTotalUs": 0,
          "ioSomeTotalUs": 17255352,
          "ioFullTotalUs": 13042393
        }
      }
    ]
  },
  "observations": [
    {
      "pair": 1,
      "order": "CONTROL_FIRST",
      "controlDurationMs": 73611,
      "candidateDurationMs": 20462,
      "savedMs": 53149,
      "controlRequiredOutputSha256": "27f462c377352f1f2a4074f1fae1f96ed51ec97f97e5b42237a57174204da1d5",
      "candidateRequiredOutputSha256": "27f462c377352f1f2a4074f1fae1f96ed51ec97f97e5b42237a57174204da1d5",
      "requiredOutputCount": 1,
      "productAttributableFailure": false,
      "controlLogSha256": "94be705bfe1e7da758591e5de6b0286864dac8389d61bf4f01cc68ae291996f5",
      "candidateLogSha256": "44eb104ea1e707fa0f350a9962179f8e7091e382a1cbc3b0f1d9bbc487cb2cb2",
      "controlTaskOutcomes": {
        "total": 218,
        "executed": 138,
        "fromCache": 24,
        "upToDate": 8,
        "noSource": 48,
        "skipped": 0,
        "fingerprintSha256": "a8c9059b0fb2a799ddfba8828062a5ba4fb07b5deb583fa958f0ecb41079e151",
        "tasks": [
          {
            "path": ":bootstrapJar",
            "outcome": "EXECUTED"
          },
          {
            "path": ":build-logic:classes",
            "outcome": "EXECUTED"
          },
          {
            "path": ":build-logic:compileGroovy",
            "outcome": "FROM_CACHE"
          },
          {
            "path": ":build-logic:compileGroovyPlugins",
            "outcome": "FROM_CACHE"
          },
          {
            "path": ":build-logic:compileJava",
            "outcome": "FROM_CACHE"
          },
          {
            "path": ":build-logic:extractPluginRequests",
            "outcome": "FROM_CACHE"
          },
          {
            "path": ":build-logic:generatePluginAdapters",
            "outcome": "FROM_CACHE"
          },
          {
            "path": ":build-logic:jar",
            "outcome": "EXECUTED"
          },
          {
            "path": ":build-logic:pluginDescriptors",
            "outcome": "EXECUTED"
          },
          {
            "path": ":build-logic:processResources",
            "outcome": "EXECUTED"
          },
          {
            "path": ":classes",
            "outcome": "EXECUTED"
          },
          {
            "path": ":compileGroovy",
            "outcome": "EXECUTED"
          },
          {
            "path": ":compileJava",
            "outcome": "FROM_CACHE"
          },
          {
            "path": ":dgmConverter",
            "outcome": "FROM_CACHE"
          },
          {
            "path": ":generateGrammarSource",
            "outcome": "FROM_CACHE"
          },
          {
            "path": ":generateReleaseInfo",
            "outcome": "EXECUTED"
          },
          {
            "path": ":groovy-ant:classes",
            "outcome": "EXECUTED"
          },
          {
            "path": ":groovy-ant:compileGroovy",
            "outcome": "EXECUTED"
          },
          {
            "path": ":groovy-ant:compileJava",
            "outcome": "FROM_CACHE"
          },
          {
            "path": ":groovy-ant:generateReleaseInfo",
            "outcome": "EXECUTED"
          },
          {
            "path": ":groovy-ant:jar",
            "outcome": "EXECUTED"
          },
          {
            "path": ":groovy-ant:processResources",
            "outcome": "EXECUTED"
          },
          {
            "path": ":groovy-astbuilder:classes",
            "outcome": "EXECUTED"
          },
          {
            "path": ":groovy-astbuilder:compileGroovy",
            "outcome": "NO_SOURCE"
          },
          {
            "path": ":groovy-astbuilder:compileJava",
            "outcome": "FROM_CACHE"
          },
          {
            "path": ":groovy-astbuilder:generateReleaseInfo",
            "outcome": "EXECUTED"
          },
          {
            "path": ":groovy-astbuilder:jar",
            "outcome": "EXECUTED"
          },
          {
            "path": ":groovy-astbuilder:processResources",
            "outcome": "EXECUTED"
          },
          {
            "path": ":groovy-cli-commons:classes",
            "outcome": "EXECUTED"
          },
          {
            "path": ":groovy-cli-commons:compileGroovy",
            "outcome": "EXECUTED"
          },
          {
            "path": ":groovy-cli-commons:compileJava",
            "outcome": "NO_SOURCE"
          },
          {
            "path": ":groovy-cli-commons:generateReleaseInfo",
            "outcome": "EXECUTED"
          },
          {
            "path": ":groovy-cli-commons:jar",
            "outcome": "EXECUTED"
          },
          {
            "path": ":groovy-cli-commons:processResources",
            "outcome": "NO_SOURCE"
          },
          {
            "path": ":groovy-cli-picocli:classes",
            "outcome": "EXECUTED"
          },
          {
            "path": ":groovy-cli-picocli:compileGroovy",
            "outcome": "EXECUTED"
          },
          {
            "path": ":groovy-cli-picocli:compileJava",
            "outcome": "NO_SOURCE"
          },
          {
            "path": ":groovy-cli-picocli:generateReleaseInfo",
            "outcome": "EXECUTED"
          },
          {
            "path": ":groovy-cli-picocli:jar",
            "outcome": "EXECUTED"
          },
          {
            "path": ":groovy-cli-picocli:processResources",
            "outcome": "NO_SOURCE"
          },
          {
            "path": ":groovy-console:classes",
            "outcome": "EXECUTED"
          },
          {
            "path": ":groovy-console:compileGroovy",
            "outcome": "EXECUTED"
          },
          {
            "path": ":groovy-console:compileJava",
            "outcome": "NO_SOURCE"
          },
          {
            "path": ":groovy-console:generateReleaseInfo",
            "outcome": "EXECUTED"
          },
          {
            "path": ":groovy-console:jar",
            "outcome": "EXECUTED"
          },
          {
            "path": ":groovy-console:processResources",
            "outcome": "EXECUTED"
          },
          {
            "path": ":groovy-contracts:classes",
            "outcome": "EXECUTED"
          },
          {
            "path": ":groovy-contracts:compileGroovy",
            "outcome": "NO_SOURCE"
          },
          {
            "path": ":groovy-contracts:compileJava",
            "outcome": "FROM_CACHE"
          },
          {
            "path": ":groovy-contracts:generateReleaseInfo",
            "outcome": "EXECUTED"
          },
          {
            "path": ":groovy-contracts:jar",
            "outcome": "EXECUTED"
          },
          {
            "path": ":groovy-contracts:processResources",
            "outcome": "EXECUTED"
          },
          {
            "path": ":groovy-datetime:classes",
            "outcome": "UP_TO_DATE"
          },
          {
            "path": ":groovy-datetime:compileGroovy",
            "outcome": "NO_SOURCE"
          },
          {
            "path": ":groovy-datetime:compileJava",
            "outcome": "FROM_CACHE"
          },
          {
            "path": ":groovy-datetime:generateReleaseInfo",
            "outcome": "EXECUTED"
          },
          {
            "path": ":groovy-datetime:jar",
            "outcome": "EXECUTED"
          },
          {
            "path": ":groovy-datetime:moduleDescriptor",
            "outcome": "EXECUTED"
          },
          {
            "path": ":groovy-datetime:processResources",
            "outcome": "NO_SOURCE"
          },
          {
            "path": ":groovy-dateutil:classes",
            "outcome": "UP_TO_DATE"
          },
          {
            "path": ":groovy-dateutil:compileGroovy",
            "outcome": "NO_SOURCE"
          },
          {
            "path": ":groovy-dateutil:compileJava",
            "outcome": "FROM_CACHE"
          },
          {
            "path": ":groovy-dateutil:generateReleaseInfo",
            "outcome": "EXECUTED"
          },
          {
            "path": ":groovy-dateutil:jar",
            "outcome": "EXECUTED"
          },
          {
            "path": ":groovy-dateutil:moduleDescriptor",
            "outcome": "EXECUTED"
          },
          {
            "path": ":groovy-dateutil:processResources",
            "outcome": "NO_SOURCE"
          },
          {
            "path": ":groovy-docgenerator:classes",
            "outcome": "EXECUTED"
          },
          {
            "path": ":groovy-docgenerator:compileGroovy",
            "outcome": "EXECUTED"
          },
          {
            "path": ":groovy-docgenerator:compileJava",
            "outcome": "NO_SOURCE"
          },
          {
            "path": ":groovy-docgenerator:generateReleaseInfo",
            "outcome": "EXECUTED"
          },
          {
            "path": ":groovy-docgenerator:jar",
            "outcome": "EXECUTED"
          },
          {
            "path": ":groovy-docgenerator:processResources",
            "outcome": "EXECUTED"
          },
          {
            "path": ":groovy-ginq:classes",
            "outcome": "EXECUTED"
          },
          {
            "path": ":groovy-ginq:compileGroovy",
            "outcome": "EXECUTED"
          },
          {
            "path": ":groovy-ginq:compileJava",
            "outcome": "NO_SOURCE"
          },
          {
            "path": ":groovy-ginq:generateReleaseInfo",
            "outcome": "EXECUTED"
          },
          {
            "path": ":groovy-ginq:jar",
            "outcome": "EXECUTED"
          },
          {
            "path": ":groovy-ginq:moduleDescriptor",
            "outcome": "EXECUTED"
          },
          {
            "path": ":groovy-ginq:processResources",
            "outcome": "NO_SOURCE"
          },
          {
            "path": ":groovy-groovydoc:classes",
            "outcome": "EXECUTED"
          },
          {
            "path": ":groovy-groovydoc:compileGroovy",
            "outcome": "EXECUTED"
          },
          {
            "path": ":groovy-groovydoc:compileJava",
            "outcome": "FROM_CACHE"
          },
          {
            "path": ":groovy-groovydoc:generateReleaseInfo",
            "outcome": "EXECUTED"
          },
          {
            "path": ":groovy-groovydoc:jar",
            "outcome": "EXECUTED"
          },
          {
            "path": ":groovy-groovydoc:processResources",
            "outcome": "EXECUTED"
          },
          {
            "path": ":groovy-groovysh:classes",
            "outcome": "EXECUTED"
          },
          {
            "path": ":groovy-groovysh:compileGroovy",
            "outcome": "EXECUTED"
          },
          {
            "path": ":groovy-groovysh:compileJava",
            "outcome": "NO_SOURCE"
          },
          {
            "path": ":groovy-groovysh:generateReleaseInfo",
            "outcome": "EXECUTED"
          },
          {
            "path": ":groovy-groovysh:jar",
            "outcome": "EXECUTED"
          },
          {
            "path": ":groovy-groovysh:processResources",
            "outcome": "EXECUTED"
          },
          {
            "path": ":groovy-jmx:classes",
            "outcome": "EXECUTED"
          },
          {
            "path": ":groovy-jmx:compileGroovy",
            "outcome": "EXECUTED"
          },
          {
            "path": ":groovy-jmx:compileJava",
            "outcome": "FROM_CACHE"
          },
          {
            "path": ":groovy-jmx:generateReleaseInfo",
            "outcome": "EXECUTED"
          },
          {
            "path": ":groovy-jmx:jar",
            "outcome": "EXECUTED"
          },
          {
            "path": ":groovy-jmx:processResources",
            "outcome": "NO_SOURCE"
          },
          {
            "path": ":groovy-json:classes",
            "outcome": "EXECUTED"
          },
          {
            "path": ":groovy-json:compileGroovy",
            "outcome": "NO_SOURCE"
          },
          {
            "path": ":groovy-json:compileJava",
            "outcome": "EXECUTED"
          },
          {
            "path": ":groovy-json:generateReleaseInfo",
            "outcome": "EXECUTED"
          },
          {
            "path": ":groovy-json:jar",
            "outcome": "EXECUTED"
          },
          {
            "path": ":groovy-json:processResources",
            "outcome": "EXECUTED"
          },
          {
            "path": ":groovy-jsr223:classes",
            "outcome": "EXECUTED"
          },
          {
            "path": ":groovy-jsr223:compileGroovy",
            "outcome": "NO_SOURCE"
          },
          {
            "path": ":groovy-jsr223:compileJava",
            "outcome": "FROM_CACHE"
          },
          {
            "path": ":groovy-jsr223:generateReleaseInfo",
            "outcome": "EXECUTED"
          },
          {
            "path": ":groovy-jsr223:jar",
            "outcome": "EXECUTED"
          },
          {
            "path": ":groovy-jsr223:moduleDescriptor",
            "outcome": "EXECUTED"
          },
          {
            "path": ":groovy-jsr223:processResources",
            "outcome": "EXECUTED"
          },
          {
            "path": ":groovy-macro-library:classes",
            "outcome": "EXECUTED"
          },
          {
            "path": ":groovy-macro-library:compileGroovy",
            "outcome": "EXECUTED"
          },
          {
            "path": ":groovy-macro-library:compileJava",
            "outcome": "NO_SOURCE"
          },
          {
            "path": ":groovy-macro-library:generateReleaseInfo",
            "outcome": "EXECUTED"
          },
          {
            "path": ":groovy-macro-library:jar",
            "outcome": "EXECUTED"
          },
          {
            "path": ":groovy-macro-library:moduleDescriptor",
            "outcome": "EXECUTED"
          },
          {
            "path": ":groovy-macro-library:processResources",
            "outcome": "NO_SOURCE"
          },
          {
            "path": ":groovy-macro:classes",
            "outcome": "EXECUTED"
          },
          {
            "path": ":groovy-macro:compileGroovy",
            "outcome": "EXECUTED"
          },
          {
            "path": ":groovy-macro:compileJava",
            "outcome": "NO_SOURCE"
          },
          {
            "path": ":groovy-macro:generateReleaseInfo",
            "outcome": "EXECUTED"
          },
          {
            "path": ":groovy-macro:jar",
            "outcome": "EXECUTED"
          },
          {
            "path": ":groovy-macro:moduleDescriptor",
            "outcome": "EXECUTED"
          },
          {
            "path": ":groovy-macro:processResources",
            "outcome": "EXECUTED"
          },
          {
            "path": ":groovy-nio:classes",
            "outcome": "UP_TO_DATE"
          },
          {
            "path": ":groovy-nio:compileGroovy",
            "outcome": "NO_SOURCE"
          },
          {
            "path": ":groovy-nio:compileJava",
            "outcome": "FROM_CACHE"
          },
          {
            "path": ":groovy-nio:generateReleaseInfo",
            "outcome": "EXECUTED"
          },
          {
            "path": ":groovy-nio:jar",
            "outcome": "EXECUTED"
          },
          {
            "path": ":groovy-nio:moduleDescriptor",
            "outcome": "EXECUTED"
          },
          {
            "path": ":groovy-nio:processResources",
            "outcome": "NO_SOURCE"
          },
          {
            "path": ":groovy-servlet:classes",
            "outcome": "UP_TO_DATE"
          },
          {
            "path": ":groovy-servlet:compileGroovy",
            "outcome": "NO_SOURCE"
          },
          {
            "path": ":groovy-servlet:compileJava",
            "outcome": "FROM_CACHE"
          },
          {
            "path": ":groovy-servlet:generateReleaseInfo",
            "outcome": "EXECUTED"
          },
          {
            "path": ":groovy-servlet:jar",
            "outcome": "EXECUTED"
          },
          {
            "path": ":groovy-servlet:processResources",
            "outcome": "NO_SOURCE"
          },
          {
            "path": ":groovy-sql:classes",
            "outcome": "UP_TO_DATE"
          },
          {
            "path": ":groovy-sql:compileGroovy",
            "outcome": "NO_SOURCE"
          },
          {
            "path": ":groovy-sql:compileJava",
            "outcome": "FROM_CACHE"
          },
          {
            "path": ":groovy-sql:generateReleaseInfo",
            "outcome": "EXECUTED"
          },
          {
            "path": ":groovy-sql:jar",
            "outcome": "EXECUTED"
          },
          {
            "path": ":groovy-sql:moduleDescriptor",
            "outcome": "EXECUTED"
          },
          {
            "path": ":groovy-sql:processResources",
            "outcome": "NO_SOURCE"
          },
          {
            "path": ":groovy-swing:classes",
            "outcome": "EXECUTED"
          },
          {
            "path": ":groovy-swing:compileGroovy",
            "outcome": "EXECUTED"
          },
          {
            "path": ":groovy-swing:compileJava",
            "outcome": "FROM_CACHE"
          },
          {
            "path": ":groovy-swing:generateReleaseInfo",
            "outcome": "EXECUTED"
          },
          {
            "path": ":groovy-swing:jar",
            "outcome": "EXECUTED"
          },
          {
            "path": ":groovy-swing:moduleDescriptor",
            "outcome": "EXECUTED"
          },
          {
            "path": ":groovy-swing:processResources",
            "outcome": "NO_SOURCE"
          },
          {
            "path": ":groovy-templates:classes",
            "outcome": "EXECUTED"
          },
          {
            "path": ":groovy-templates:compileGroovy",
            "outcome": "EXECUTED"
          },
          {
            "path": ":groovy-templates:compileJava",
            "outcome": "NO_SOURCE"
          },
          {
            "path": ":groovy-templates:generateReleaseInfo",
            "outcome": "EXECUTED"
          },
          {
            "path": ":groovy-templates:jar",
            "outcome": "EXECUTED"
          },
          {
            "path": ":groovy-templates:processResources",
            "outcome": "NO_SOURCE"
          },
          {
            "path": ":groovy-test-junit5:classes",
            "outcome": "EXECUTED"
          },
          {
            "path": ":groovy-test-junit5:compileGroovy",
            "outcome": "EXECUTED"
          },
          {
            "path": ":groovy-test-junit5:compileJava",
            "outcome": "FROM_CACHE"
          },
          {
            "path": ":groovy-test-junit5:generateReleaseInfo",
            "outcome": "EXECUTED"
          },
          {
            "path": ":groovy-test-junit5:jar",
            "outcome": "EXECUTED"
          },
          {
            "path": ":groovy-test-junit5:processResources",
            "outcome": "EXECUTED"
          },
          {
            "path": ":groovy-test:classes",
            "outcome": "EXECUTED"
          },
          {
            "path": ":groovy-test:compileGroovy",
            "outcome": "EXECUTED"
          },
          {
            "path": ":groovy-test:compileJava",
            "outcome": "FROM_CACHE"
          },
          {
            "path": ":groovy-test:generateReleaseInfo",
            "outcome": "EXECUTED"
          },
          {
            "path": ":groovy-test:jar",
            "outcome": "EXECUTED"
          },
          {
            "path": ":groovy-test:processResources",
            "outcome": "NO_SOURCE"
          },
          {
            "path": ":groovy-testng:classes",
            "outcome": "EXECUTED"
          },
          {
            "path": ":groovy-testng:compileGroovy",
            "outcome": "NO_SOURCE"
          },
          {
            "path": ":groovy-testng:compileJava",
            "outcome": "FROM_CACHE"
          },
          {
            "path": ":groovy-testng:generateReleaseInfo",
            "outcome": "EXECUTED"
          },
          {
            "path": ":groovy-testng:jar",
            "outcome": "EXECUTED"
          },
          {
            "path": ":groovy-testng:processResources",
            "outcome": "EXECUTED"
          },
          {
            "path": ":groovy-toml:classes",
            "outcome": "EXECUTED"
          },
          {
            "path": ":groovy-toml:compileGroovy",
            "outcome": "NO_SOURCE"
          },
          {
            "path": ":groovy-toml:compileJava",
            "outcome": "EXECUTED"
          },
          {
            "path": ":groovy-toml:generateReleaseInfo",
            "outcome": "EXECUTED"
          },
          {
            "path": ":groovy-toml:jar",
            "outcome": "EXECUTED"
          },
          {
            "path": ":groovy-toml:processResources",
            "outcome": "NO_SOURCE"
          },
          {
            "path": ":groovy-typecheckers:classes",
            "outcome": "EXECUTED"
          },
          {
            "path": ":groovy-typecheckers:compileGroovy",
            "outcome": "EXECUTED"
          },
          {
            "path": ":groovy-typecheckers:compileJava",
            "outcome": "NO_SOURCE"
          },
          {
            "path": ":groovy-typecheckers:generateReleaseInfo",
            "outcome": "EXECUTED"
          },
          {
            "path": ":groovy-typecheckers:jar",
            "outcome": "EXECUTED"
          },
          {
            "path": ":groovy-typecheckers:processResources",
            "outcome": "NO_SOURCE"
          },
          {
            "path": ":groovy-xml:classes",
            "outcome": "EXECUTED"
          },
          {
            "path": ":groovy-xml:compileGroovy",
            "outcome": "EXECUTED"
          },
          {
            "path": ":groovy-xml:compileJava",
            "outcome": "FROM_CACHE"
          },
          {
            "path": ":groovy-xml:generateReleaseInfo",
            "outcome": "EXECUTED"
          },
          {
            "path": ":groovy-xml:jar",
            "outcome": "EXECUTED"
          },
          {
            "path": ":groovy-xml:moduleDescriptor",
            "outcome": "EXECUTED"
          },
          {
            "path": ":groovy-xml:processResources",
            "outcome": "NO_SOURCE"
          },
          {
            "path": ":groovy-yaml:classes",
            "outcome": "EXECUTED"
          },
          {
            "path": ":groovy-yaml:compileGroovy",
            "outcome": "NO_SOURCE"
          },
          {
            "path": ":groovy-yaml:compileJava",
            "outcome": "EXECUTED"
          },
          {
            "path": ":groovy-yaml:generateReleaseInfo",
            "outcome": "EXECUTED"
          },
          {
            "path": ":groovy-yaml:jar",
            "outcome": "EXECUTED"
          },
          {
            "path": ":groovy-yaml:processResources",
            "outcome": "NO_SOURCE"
          },
          {
            "path": ":jar",
            "outcome": "EXECUTED"
          },
          {
            "path": ":osgiClasses",
            "outcome": "EXECUTED"
          },
          {
            "path": ":performance:classes",
            "outcome": "UP_TO_DATE"
          },
          {
            "path": ":performance:compileGroovy",
            "outcome": "NO_SOURCE"
          },
          {
            "path": ":performance:compileJava",
            "outcome": "NO_SOURCE"
          },
          {
            "path": ":performance:jar",
            "outcome": "EXECUTED"
          },
          {
            "path": ":performance:processResources",
            "outcome": "NO_SOURCE"
          },
          {
            "path": ":processResources",
            "outcome": "EXECUTED"
          },
          {
            "path": ":stress:classes",
            "outcome": "UP_TO_DATE"
          },
          {
            "path": ":stress:compileGroovy",
            "outcome": "NO_SOURCE"
          },
          {
            "path": ":stress:compileJava",
            "outcome": "NO_SOURCE"
          },
          {
            "path": ":stress:jar",
            "outcome": "EXECUTED"
          },
          {
            "path": ":stress:processResources",
            "outcome": "NO_SOURCE"
          },
          {
            "path": ":tests-preview:classes",
            "outcome": "UP_TO_DATE"
          },
          {
            "path": ":tests-preview:compileGroovy",
            "outcome": "NO_SOURCE"
          },
          {
            "path": ":tests-preview:compileJava",
            "outcome": "NO_SOURCE"
          },
          {
            "path": ":tests-preview:jar",
            "outcome": "EXECUTED"
          },
          {
            "path": ":tests-preview:processResources",
            "outcome": "NO_SOURCE"
          }
        ]
      },
      "candidateTaskOutcomes": {
        "total": 25,
        "executed": 16,
        "fromCache": 8,
        "upToDate": 0,
        "noSource": 1,
        "skipped": 0,
        "fingerprintSha256": "b43c808e47c00d49cfb56f71197b3295e884e9f536fb660c7889cb8b633b76e2",
        "tasks": [
          {
            "path": ":bootstrapJar",
            "outcome": "EXECUTED"
          },
          {
            "path": ":build-logic:classes",
            "outcome": "EXECUTED"
          },
          {
            "path": ":build-logic:compileGroovy",
            "outcome": "FROM_CACHE"
          },
          {
            "path": ":build-logic:compileGroovyPlugins",
            "outcome": "FROM_CACHE"
          },
          {
            "path": ":build-logic:compileJava",
            "outcome": "FROM_CACHE"
          },
          {
            "path": ":build-logic:extractPluginRequests",
            "outcome": "FROM_CACHE"
          },
          {
            "path": ":build-logic:generatePluginAdapters",
            "outcome": "FROM_CACHE"
          },
          {
            "path": ":build-logic:jar",
            "outcome": "EXECUTED"
          },
          {
            "path": ":build-logic:pluginDescriptors",
            "outcome": "EXECUTED"
          },
          {
            "path": ":build-logic:processResources",
            "outcome": "EXECUTED"
          },
          {
            "path": ":classes",
            "outcome": "EXECUTED"
          },
          {
            "path": ":compileGroovy",
            "outcome": "EXECUTED"
          },
          {
            "path": ":compileJava",
            "outcome": "FROM_CACHE"
          },
          {
            "path": ":dgmConverter",
            "outcome": "FROM_CACHE"
          },
          {
            "path": ":generateGrammarSource",
            "outcome": "FROM_CACHE"
          },
          {
            "path": ":generateReleaseInfo",
            "outcome": "EXECUTED"
          },
          {
            "path": ":groovy-json:classes",
            "outcome": "EXECUTED"
          },
          {
            "path": ":groovy-json:compileGroovy",
            "outcome": "NO_SOURCE"
          },
          {
            "path": ":groovy-json:compileJava",
            "outcome": "EXECUTED"
          },
          {
            "path": ":groovy-json:generateReleaseInfo",
            "outcome": "EXECUTED"
          },
          {
            "path": ":groovy-json:jar",
            "outcome": "EXECUTED"
          },
          {
            "path": ":groovy-json:processResources",
            "outcome": "EXECUTED"
          },
          {
            "path": ":jar",
            "outcome": "EXECUTED"
          },
          {
            "path": ":osgiClasses",
            "outcome": "EXECUTED"
          },
          {
            "path": ":processResources",
            "outcome": "EXECUTED"
          }
        ]
      },
      "controlHostPressure": {
        "available": true,
        "cpuSomeTotalUs": 19444626,
        "memorySomeTotalUs": 17013,
        "memoryFullTotalUs": 14311,
        "ioSomeTotalUs": 37837919,
        "ioFullTotalUs": 14944395
      },
      "candidateHostPressure": {
        "available": true,
        "cpuSomeTotalUs": 140492,
        "memorySomeTotalUs": 12,
        "memoryFullTotalUs": 11,
        "ioSomeTotalUs": 13166443,
        "ioFullTotalUs": 9939857
      }
    },
    {
      "pair": 2,
      "order": "CANDIDATE_FIRST",
      "controlDurationMs": 70600,
      "candidateDurationMs": 20647,
      "savedMs": 49953,
      "controlRequiredOutputSha256": "27f462c377352f1f2a4074f1fae1f96ed51ec97f97e5b42237a57174204da1d5",
      "candidateRequiredOutputSha256": "27f462c377352f1f2a4074f1fae1f96ed51ec97f97e5b42237a57174204da1d5",
      "requiredOutputCount": 1,
      "productAttributableFailure": false,
      "controlLogSha256": "d949fe75fd0a436379e094c32a2e3cde769aacbacce532eabdf5707b2e6a7c9c",
      "candidateLogSha256": "7621c2e314d3a7275d19d4cd214870f18d7169891251dd75bda35d4918e5cc39",
      "controlTaskOutcomes": {
        "total": 218,
        "executed": 138,
        "fromCache": 24,
        "upToDate": 8,
        "noSource": 48,
        "skipped": 0,
        "fingerprintSha256": "a8c9059b0fb2a799ddfba8828062a5ba4fb07b5deb583fa958f0ecb41079e151",
        "tasks": [
          {
            "path": ":bootstrapJar",
            "outcome": "EXECUTED"
          },
          {
            "path": ":build-logic:classes",
            "outcome": "EXECUTED"
          },
          {
            "path": ":build-logic:compileGroovy",
            "outcome": "FROM_CACHE"
          },
          {
            "path": ":build-logic:compileGroovyPlugins",
            "outcome": "FROM_CACHE"
          },
          {
            "path": ":build-logic:compileJava",
            "outcome": "FROM_CACHE"
          },
          {
            "path": ":build-logic:extractPluginRequests",
            "outcome": "FROM_CACHE"
          },
          {
            "path": ":build-logic:generatePluginAdapters",
            "outcome": "FROM_CACHE"
          },
          {
            "path": ":build-logic:jar",
            "outcome": "EXECUTED"
          },
          {
            "path": ":build-logic:pluginDescriptors",
            "outcome": "EXECUTED"
          },
          {
            "path": ":build-logic:processResources",
            "outcome": "EXECUTED"
          },
          {
            "path": ":classes",
            "outcome": "EXECUTED"
          },
          {
            "path": ":compileGroovy",
            "outcome": "EXECUTED"
          },
          {
            "path": ":compileJava",
            "outcome": "FROM_CACHE"
          },
          {
            "path": ":dgmConverter",
            "outcome": "FROM_CACHE"
          },
          {
            "path": ":generateGrammarSource",
            "outcome": "FROM_CACHE"
          },
          {
            "path": ":generateReleaseInfo",
            "outcome": "EXECUTED"
          },
          {
            "path": ":groovy-ant:classes",
            "outcome": "EXECUTED"
          },
          {
            "path": ":groovy-ant:compileGroovy",
            "outcome": "EXECUTED"
          },
          {
            "path": ":groovy-ant:compileJava",
            "outcome": "FROM_CACHE"
          },
          {
            "path": ":groovy-ant:generateReleaseInfo",
            "outcome": "EXECUTED"
          },
          {
            "path": ":groovy-ant:jar",
            "outcome": "EXECUTED"
          },
          {
            "path": ":groovy-ant:processResources",
            "outcome": "EXECUTED"
          },
          {
            "path": ":groovy-astbuilder:classes",
            "outcome": "EXECUTED"
          },
          {
            "path": ":groovy-astbuilder:compileGroovy",
            "outcome": "NO_SOURCE"
          },
          {
            "path": ":groovy-astbuilder:compileJava",
            "outcome": "FROM_CACHE"
          },
          {
            "path": ":groovy-astbuilder:generateReleaseInfo",
            "outcome": "EXECUTED"
          },
          {
            "path": ":groovy-astbuilder:jar",
            "outcome": "EXECUTED"
          },
          {
            "path": ":groovy-astbuilder:processResources",
            "outcome": "EXECUTED"
          },
          {
            "path": ":groovy-cli-commons:classes",
            "outcome": "EXECUTED"
          },
          {
            "path": ":groovy-cli-commons:compileGroovy",
            "outcome": "EXECUTED"
          },
          {
            "path": ":groovy-cli-commons:compileJava",
            "outcome": "NO_SOURCE"
          },
          {
            "path": ":groovy-cli-commons:generateReleaseInfo",
            "outcome": "EXECUTED"
          },
          {
            "path": ":groovy-cli-commons:jar",
            "outcome": "EXECUTED"
          },
          {
            "path": ":groovy-cli-commons:processResources",
            "outcome": "NO_SOURCE"
          },
          {
            "path": ":groovy-cli-picocli:classes",
            "outcome": "EXECUTED"
          },
          {
            "path": ":groovy-cli-picocli:compileGroovy",
            "outcome": "EXECUTED"
          },
          {
            "path": ":groovy-cli-picocli:compileJava",
            "outcome": "NO_SOURCE"
          },
          {
            "path": ":groovy-cli-picocli:generateReleaseInfo",
            "outcome": "EXECUTED"
          },
          {
            "path": ":groovy-cli-picocli:jar",
            "outcome": "EXECUTED"
          },
          {
            "path": ":groovy-cli-picocli:processResources",
            "outcome": "NO_SOURCE"
          },
          {
            "path": ":groovy-console:classes",
            "outcome": "EXECUTED"
          },
          {
            "path": ":groovy-console:compileGroovy",
            "outcome": "EXECUTED"
          },
          {
            "path": ":groovy-console:compileJava",
            "outcome": "NO_SOURCE"
          },
          {
            "path": ":groovy-console:generateReleaseInfo",
            "outcome": "EXECUTED"
          },
          {
            "path": ":groovy-console:jar",
            "outcome": "EXECUTED"
          },
          {
            "path": ":groovy-console:processResources",
            "outcome": "EXECUTED"
          },
          {
            "path": ":groovy-contracts:classes",
            "outcome": "EXECUTED"
          },
          {
            "path": ":groovy-contracts:compileGroovy",
            "outcome": "NO_SOURCE"
          },
          {
            "path": ":groovy-contracts:compileJava",
            "outcome": "FROM_CACHE"
          },
          {
            "path": ":groovy-contracts:generateReleaseInfo",
            "outcome": "EXECUTED"
          },
          {
            "path": ":groovy-contracts:jar",
            "outcome": "EXECUTED"
          },
          {
            "path": ":groovy-contracts:processResources",
            "outcome": "EXECUTED"
          },
          {
            "path": ":groovy-datetime:classes",
            "outcome": "UP_TO_DATE"
          },
          {
            "path": ":groovy-datetime:compileGroovy",
            "outcome": "NO_SOURCE"
          },
          {
            "path": ":groovy-datetime:compileJava",
            "outcome": "FROM_CACHE"
          },
          {
            "path": ":groovy-datetime:generateReleaseInfo",
            "outcome": "EXECUTED"
          },
          {
            "path": ":groovy-datetime:jar",
            "outcome": "EXECUTED"
          },
          {
            "path": ":groovy-datetime:moduleDescriptor",
            "outcome": "EXECUTED"
          },
          {
            "path": ":groovy-datetime:processResources",
            "outcome": "NO_SOURCE"
          },
          {
            "path": ":groovy-dateutil:classes",
            "outcome": "UP_TO_DATE"
          },
          {
            "path": ":groovy-dateutil:compileGroovy",
            "outcome": "NO_SOURCE"
          },
          {
            "path": ":groovy-dateutil:compileJava",
            "outcome": "FROM_CACHE"
          },
          {
            "path": ":groovy-dateutil:generateReleaseInfo",
            "outcome": "EXECUTED"
          },
          {
            "path": ":groovy-dateutil:jar",
            "outcome": "EXECUTED"
          },
          {
            "path": ":groovy-dateutil:moduleDescriptor",
            "outcome": "EXECUTED"
          },
          {
            "path": ":groovy-dateutil:processResources",
            "outcome": "NO_SOURCE"
          },
          {
            "path": ":groovy-docgenerator:classes",
            "outcome": "EXECUTED"
          },
          {
            "path": ":groovy-docgenerator:compileGroovy",
            "outcome": "EXECUTED"
          },
          {
            "path": ":groovy-docgenerator:compileJava",
            "outcome": "NO_SOURCE"
          },
          {
            "path": ":groovy-docgenerator:generateReleaseInfo",
            "outcome": "EXECUTED"
          },
          {
            "path": ":groovy-docgenerator:jar",
            "outcome": "EXECUTED"
          },
          {
            "path": ":groovy-docgenerator:processResources",
            "outcome": "EXECUTED"
          },
          {
            "path": ":groovy-ginq:classes",
            "outcome": "EXECUTED"
          },
          {
            "path": ":groovy-ginq:compileGroovy",
            "outcome": "EXECUTED"
          },
          {
            "path": ":groovy-ginq:compileJava",
            "outcome": "NO_SOURCE"
          },
          {
            "path": ":groovy-ginq:generateReleaseInfo",
            "outcome": "EXECUTED"
          },
          {
            "path": ":groovy-ginq:jar",
            "outcome": "EXECUTED"
          },
          {
            "path": ":groovy-ginq:moduleDescriptor",
            "outcome": "EXECUTED"
          },
          {
            "path": ":groovy-ginq:processResources",
            "outcome": "NO_SOURCE"
          },
          {
            "path": ":groovy-groovydoc:classes",
            "outcome": "EXECUTED"
          },
          {
            "path": ":groovy-groovydoc:compileGroovy",
            "outcome": "EXECUTED"
          },
          {
            "path": ":groovy-groovydoc:compileJava",
            "outcome": "FROM_CACHE"
          },
          {
            "path": ":groovy-groovydoc:generateReleaseInfo",
            "outcome": "EXECUTED"
          },
          {
            "path": ":groovy-groovydoc:jar",
            "outcome": "EXECUTED"
          },
          {
            "path": ":groovy-groovydoc:processResources",
            "outcome": "EXECUTED"
          },
          {
            "path": ":groovy-groovysh:classes",
            "outcome": "EXECUTED"
          },
          {
            "path": ":groovy-groovysh:compileGroovy",
            "outcome": "EXECUTED"
          },
          {
            "path": ":groovy-groovysh:compileJava",
            "outcome": "NO_SOURCE"
          },
          {
            "path": ":groovy-groovysh:generateReleaseInfo",
            "outcome": "EXECUTED"
          },
          {
            "path": ":groovy-groovysh:jar",
            "outcome": "EXECUTED"
          },
          {
            "path": ":groovy-groovysh:processResources",
            "outcome": "EXECUTED"
          },
          {
            "path": ":groovy-jmx:classes",
            "outcome": "EXECUTED"
          },
          {
            "path": ":groovy-jmx:compileGroovy",
            "outcome": "EXECUTED"
          },
          {
            "path": ":groovy-jmx:compileJava",
            "outcome": "FROM_CACHE"
          },
          {
            "path": ":groovy-jmx:generateReleaseInfo",
            "outcome": "EXECUTED"
          },
          {
            "path": ":groovy-jmx:jar",
            "outcome": "EXECUTED"
          },
          {
            "path": ":groovy-jmx:processResources",
            "outcome": "NO_SOURCE"
          },
          {
            "path": ":groovy-json:classes",
            "outcome": "EXECUTED"
          },
          {
            "path": ":groovy-json:compileGroovy",
            "outcome": "NO_SOURCE"
          },
          {
            "path": ":groovy-json:compileJava",
            "outcome": "EXECUTED"
          },
          {
            "path": ":groovy-json:generateReleaseInfo",
            "outcome": "EXECUTED"
          },
          {
            "path": ":groovy-json:jar",
            "outcome": "EXECUTED"
          },
          {
            "path": ":groovy-json:processResources",
            "outcome": "EXECUTED"
          },
          {
            "path": ":groovy-jsr223:classes",
            "outcome": "EXECUTED"
          },
          {
            "path": ":groovy-jsr223:compileGroovy",
            "outcome": "NO_SOURCE"
          },
          {
            "path": ":groovy-jsr223:compileJava",
            "outcome": "FROM_CACHE"
          },
          {
            "path": ":groovy-jsr223:generateReleaseInfo",
            "outcome": "EXECUTED"
          },
          {
            "path": ":groovy-jsr223:jar",
            "outcome": "EXECUTED"
          },
          {
            "path": ":groovy-jsr223:moduleDescriptor",
            "outcome": "EXECUTED"
          },
          {
            "path": ":groovy-jsr223:processResources",
            "outcome": "EXECUTED"
          },
          {
            "path": ":groovy-macro-library:classes",
            "outcome": "EXECUTED"
          },
          {
            "path": ":groovy-macro-library:compileGroovy",
            "outcome": "EXECUTED"
          },
          {
            "path": ":groovy-macro-library:compileJava",
            "outcome": "NO_SOURCE"
          },
          {
            "path": ":groovy-macro-library:generateReleaseInfo",
            "outcome": "EXECUTED"
          },
          {
            "path": ":groovy-macro-library:jar",
            "outcome": "EXECUTED"
          },
          {
            "path": ":groovy-macro-library:moduleDescriptor",
            "outcome": "EXECUTED"
          },
          {
            "path": ":groovy-macro-library:processResources",
            "outcome": "NO_SOURCE"
          },
          {
            "path": ":groovy-macro:classes",
            "outcome": "EXECUTED"
          },
          {
            "path": ":groovy-macro:compileGroovy",
            "outcome": "EXECUTED"
          },
          {
            "path": ":groovy-macro:compileJava",
            "outcome": "NO_SOURCE"
          },
          {
            "path": ":groovy-macro:generateReleaseInfo",
            "outcome": "EXECUTED"
          },
          {
            "path": ":groovy-macro:jar",
            "outcome": "EXECUTED"
          },
          {
            "path": ":groovy-macro:moduleDescriptor",
            "outcome": "EXECUTED"
          },
          {
            "path": ":groovy-macro:processResources",
            "outcome": "EXECUTED"
          },
          {
            "path": ":groovy-nio:classes",
            "outcome": "UP_TO_DATE"
          },
          {
            "path": ":groovy-nio:compileGroovy",
            "outcome": "NO_SOURCE"
          },
          {
            "path": ":groovy-nio:compileJava",
            "outcome": "FROM_CACHE"
          },
          {
            "path": ":groovy-nio:generateReleaseInfo",
            "outcome": "EXECUTED"
          },
          {
            "path": ":groovy-nio:jar",
            "outcome": "EXECUTED"
          },
          {
            "path": ":groovy-nio:moduleDescriptor",
            "outcome": "EXECUTED"
          },
          {
            "path": ":groovy-nio:processResources",
            "outcome": "NO_SOURCE"
          },
          {
            "path": ":groovy-servlet:classes",
            "outcome": "UP_TO_DATE"
          },
          {
            "path": ":groovy-servlet:compileGroovy",
            "outcome": "NO_SOURCE"
          },
          {
            "path": ":groovy-servlet:compileJava",
            "outcome": "FROM_CACHE"
          },
          {
            "path": ":groovy-servlet:generateReleaseInfo",
            "outcome": "EXECUTED"
          },
          {
            "path": ":groovy-servlet:jar",
            "outcome": "EXECUTED"
          },
          {
            "path": ":groovy-servlet:processResources",
            "outcome": "NO_SOURCE"
          },
          {
            "path": ":groovy-sql:classes",
            "outcome": "UP_TO_DATE"
          },
          {
            "path": ":groovy-sql:compileGroovy",
            "outcome": "NO_SOURCE"
          },
          {
            "path": ":groovy-sql:compileJava",
            "outcome": "FROM_CACHE"
          },
          {
            "path": ":groovy-sql:generateReleaseInfo",
            "outcome": "EXECUTED"
          },
          {
            "path": ":groovy-sql:jar",
            "outcome": "EXECUTED"
          },
          {
            "path": ":groovy-sql:moduleDescriptor",
            "outcome": "EXECUTED"
          },
          {
            "path": ":groovy-sql:processResources",
            "outcome": "NO_SOURCE"
          },
          {
            "path": ":groovy-swing:classes",
            "outcome": "EXECUTED"
          },
          {
            "path": ":groovy-swing:compileGroovy",
            "outcome": "EXECUTED"
          },
          {
            "path": ":groovy-swing:compileJava",
            "outcome": "FROM_CACHE"
          },
          {
            "path": ":groovy-swing:generateReleaseInfo",
            "outcome": "EXECUTED"
          },
          {
            "path": ":groovy-swing:jar",
            "outcome": "EXECUTED"
          },
          {
            "path": ":groovy-swing:moduleDescriptor",
            "outcome": "EXECUTED"
          },
          {
            "path": ":groovy-swing:processResources",
            "outcome": "NO_SOURCE"
          },
          {
            "path": ":groovy-templates:classes",
            "outcome": "EXECUTED"
          },
          {
            "path": ":groovy-templates:compileGroovy",
            "outcome": "EXECUTED"
          },
          {
            "path": ":groovy-templates:compileJava",
            "outcome": "NO_SOURCE"
          },
          {
            "path": ":groovy-templates:generateReleaseInfo",
            "outcome": "EXECUTED"
          },
          {
            "path": ":groovy-templates:jar",
            "outcome": "EXECUTED"
          },
          {
            "path": ":groovy-templates:processResources",
            "outcome": "NO_SOURCE"
          },
          {
            "path": ":groovy-test-junit5:classes",
            "outcome": "EXECUTED"
          },
          {
            "path": ":groovy-test-junit5:compileGroovy",
            "outcome": "EXECUTED"
          },
          {
            "path": ":groovy-test-junit5:compileJava",
            "outcome": "FROM_CACHE"
          },
          {
            "path": ":groovy-test-junit5:generateReleaseInfo",
            "outcome": "EXECUTED"
          },
          {
            "path": ":groovy-test-junit5:jar",
            "outcome": "EXECUTED"
          },
          {
            "path": ":groovy-test-junit5:processResources",
            "outcome": "EXECUTED"
          },
          {
            "path": ":groovy-test:classes",
            "outcome": "EXECUTED"
          },
          {
            "path": ":groovy-test:compileGroovy",
            "outcome": "EXECUTED"
          },
          {
            "path": ":groovy-test:compileJava",
            "outcome": "FROM_CACHE"
          },
          {
            "path": ":groovy-test:generateReleaseInfo",
            "outcome": "EXECUTED"
          },
          {
            "path": ":groovy-test:jar",
            "outcome": "EXECUTED"
          },
          {
            "path": ":groovy-test:processResources",
            "outcome": "NO_SOURCE"
          },
          {
            "path": ":groovy-testng:classes",
            "outcome": "EXECUTED"
          },
          {
            "path": ":groovy-testng:compileGroovy",
            "outcome": "NO_SOURCE"
          },
          {
            "path": ":groovy-testng:compileJava",
            "outcome": "FROM_CACHE"
          },
          {
            "path": ":groovy-testng:generateReleaseInfo",
            "outcome": "EXECUTED"
          },
          {
            "path": ":groovy-testng:jar",
            "outcome": "EXECUTED"
          },
          {
            "path": ":groovy-testng:processResources",
            "outcome": "EXECUTED"
          },
          {
            "path": ":groovy-toml:classes",
            "outcome": "EXECUTED"
          },
          {
            "path": ":groovy-toml:compileGroovy",
            "outcome": "NO_SOURCE"
          },
          {
            "path": ":groovy-toml:compileJava",
            "outcome": "EXECUTED"
          },
          {
            "path": ":groovy-toml:generateReleaseInfo",
            "outcome": "EXECUTED"
          },
          {
            "path": ":groovy-toml:jar",
            "outcome": "EXECUTED"
          },
          {
            "path": ":groovy-toml:processResources",
            "outcome": "NO_SOURCE"
          },
          {
            "path": ":groovy-typecheckers:classes",
            "outcome": "EXECUTED"
          },
          {
            "path": ":groovy-typecheckers:compileGroovy",
            "outcome": "EXECUTED"
          },
          {
            "path": ":groovy-typecheckers:compileJava",
            "outcome": "NO_SOURCE"
          },
          {
            "path": ":groovy-typecheckers:generateReleaseInfo",
            "outcome": "EXECUTED"
          },
          {
            "path": ":groovy-typecheckers:jar",
            "outcome": "EXECUTED"
          },
          {
            "path": ":groovy-typecheckers:processResources",
            "outcome": "NO_SOURCE"
          },
          {
            "path": ":groovy-xml:classes",
            "outcome": "EXECUTED"
          },
          {
            "path": ":groovy-xml:compileGroovy",
            "outcome": "EXECUTED"
          },
          {
            "path": ":groovy-xml:compileJava",
            "outcome": "FROM_CACHE"
          },
          {
            "path": ":groovy-xml:generateReleaseInfo",
            "outcome": "EXECUTED"
          },
          {
            "path": ":groovy-xml:jar",
            "outcome": "EXECUTED"
          },
          {
            "path": ":groovy-xml:moduleDescriptor",
            "outcome": "EXECUTED"
          },
          {
            "path": ":groovy-xml:processResources",
            "outcome": "NO_SOURCE"
          },
          {
            "path": ":groovy-yaml:classes",
            "outcome": "EXECUTED"
          },
          {
            "path": ":groovy-yaml:compileGroovy",
            "outcome": "NO_SOURCE"
          },
          {
            "path": ":groovy-yaml:compileJava",
            "outcome": "EXECUTED"
          },
          {
            "path": ":groovy-yaml:generateReleaseInfo",
            "outcome": "EXECUTED"
          },
          {
            "path": ":groovy-yaml:jar",
            "outcome": "EXECUTED"
          },
          {
            "path": ":groovy-yaml:processResources",
            "outcome": "NO_SOURCE"
          },
          {
            "path": ":jar",
            "outcome": "EXECUTED"
          },
          {
            "path": ":osgiClasses",
            "outcome": "EXECUTED"
          },
          {
            "path": ":performance:classes",
            "outcome": "UP_TO_DATE"
          },
          {
            "path": ":performance:compileGroovy",
            "outcome": "NO_SOURCE"
          },
          {
            "path": ":performance:compileJava",
            "outcome": "NO_SOURCE"
          },
          {
            "path": ":performance:jar",
            "outcome": "EXECUTED"
          },
          {
            "path": ":performance:processResources",
            "outcome": "NO_SOURCE"
          },
          {
            "path": ":processResources",
            "outcome": "EXECUTED"
          },
          {
            "path": ":stress:classes",
            "outcome": "UP_TO_DATE"
          },
          {
            "path": ":stress:compileGroovy",
            "outcome": "NO_SOURCE"
          },
          {
            "path": ":stress:compileJava",
            "outcome": "NO_SOURCE"
          },
          {
            "path": ":stress:jar",
            "outcome": "EXECUTED"
          },
          {
            "path": ":stress:processResources",
            "outcome": "NO_SOURCE"
          },
          {
            "path": ":tests-preview:classes",
            "outcome": "UP_TO_DATE"
          },
          {
            "path": ":tests-preview:compileGroovy",
            "outcome": "NO_SOURCE"
          },
          {
            "path": ":tests-preview:compileJava",
            "outcome": "NO_SOURCE"
          },
          {
            "path": ":tests-preview:jar",
            "outcome": "EXECUTED"
          },
          {
            "path": ":tests-preview:processResources",
            "outcome": "NO_SOURCE"
          }
        ]
      },
      "candidateTaskOutcomes": {
        "total": 25,
        "executed": 16,
        "fromCache": 8,
        "upToDate": 0,
        "noSource": 1,
        "skipped": 0,
        "fingerprintSha256": "b43c808e47c00d49cfb56f71197b3295e884e9f536fb660c7889cb8b633b76e2",
        "tasks": [
          {
            "path": ":bootstrapJar",
            "outcome": "EXECUTED"
          },
          {
            "path": ":build-logic:classes",
            "outcome": "EXECUTED"
          },
          {
            "path": ":build-logic:compileGroovy",
            "outcome": "FROM_CACHE"
          },
          {
            "path": ":build-logic:compileGroovyPlugins",
            "outcome": "FROM_CACHE"
          },
          {
            "path": ":build-logic:compileJava",
            "outcome": "FROM_CACHE"
          },
          {
            "path": ":build-logic:extractPluginRequests",
            "outcome": "FROM_CACHE"
          },
          {
            "path": ":build-logic:generatePluginAdapters",
            "outcome": "FROM_CACHE"
          },
          {
            "path": ":build-logic:jar",
            "outcome": "EXECUTED"
          },
          {
            "path": ":build-logic:pluginDescriptors",
            "outcome": "EXECUTED"
          },
          {
            "path": ":build-logic:processResources",
            "outcome": "EXECUTED"
          },
          {
            "path": ":classes",
            "outcome": "EXECUTED"
          },
          {
            "path": ":compileGroovy",
            "outcome": "EXECUTED"
          },
          {
            "path": ":compileJava",
            "outcome": "FROM_CACHE"
          },
          {
            "path": ":dgmConverter",
            "outcome": "FROM_CACHE"
          },
          {
            "path": ":generateGrammarSource",
            "outcome": "FROM_CACHE"
          },
          {
            "path": ":generateReleaseInfo",
            "outcome": "EXECUTED"
          },
          {
            "path": ":groovy-json:classes",
            "outcome": "EXECUTED"
          },
          {
            "path": ":groovy-json:compileGroovy",
            "outcome": "NO_SOURCE"
          },
          {
            "path": ":groovy-json:compileJava",
            "outcome": "EXECUTED"
          },
          {
            "path": ":groovy-json:generateReleaseInfo",
            "outcome": "EXECUTED"
          },
          {
            "path": ":groovy-json:jar",
            "outcome": "EXECUTED"
          },
          {
            "path": ":groovy-json:processResources",
            "outcome": "EXECUTED"
          },
          {
            "path": ":jar",
            "outcome": "EXECUTED"
          },
          {
            "path": ":osgiClasses",
            "outcome": "EXECUTED"
          },
          {
            "path": ":processResources",
            "outcome": "EXECUTED"
          }
        ]
      },
      "controlHostPressure": {
        "available": true,
        "cpuSomeTotalUs": 18805913,
        "memorySomeTotalUs": 7962,
        "memoryFullTotalUs": 7961,
        "ioSomeTotalUs": 35030862,
        "ioFullTotalUs": 14906953
      },
      "candidateHostPressure": {
        "available": true,
        "cpuSomeTotalUs": 105684,
        "memorySomeTotalUs": 227,
        "memoryFullTotalUs": 212,
        "ioSomeTotalUs": 13823600,
        "ioFullTotalUs": 10897284
      }
    },
    {
      "pair": 3,
      "order": "CONTROL_FIRST",
      "controlDurationMs": 72779,
      "candidateDurationMs": 19808,
      "savedMs": 52971,
      "controlRequiredOutputSha256": "27f462c377352f1f2a4074f1fae1f96ed51ec97f97e5b42237a57174204da1d5",
      "candidateRequiredOutputSha256": "27f462c377352f1f2a4074f1fae1f96ed51ec97f97e5b42237a57174204da1d5",
      "requiredOutputCount": 1,
      "productAttributableFailure": false,
      "controlLogSha256": "d5031a269761d2a0b1e149d2b44ae680a552f06cf144aeccff939c44ac961255",
      "candidateLogSha256": "ec2500f5827c866f1e428b3fd0374d8984c2167f55b0378fd26a2cfa060ae438",
      "controlTaskOutcomes": {
        "total": 218,
        "executed": 138,
        "fromCache": 24,
        "upToDate": 8,
        "noSource": 48,
        "skipped": 0,
        "fingerprintSha256": "a8c9059b0fb2a799ddfba8828062a5ba4fb07b5deb583fa958f0ecb41079e151",
        "tasks": [
          {
            "path": ":bootstrapJar",
            "outcome": "EXECUTED"
          },
          {
            "path": ":build-logic:classes",
            "outcome": "EXECUTED"
          },
          {
            "path": ":build-logic:compileGroovy",
            "outcome": "FROM_CACHE"
          },
          {
            "path": ":build-logic:compileGroovyPlugins",
            "outcome": "FROM_CACHE"
          },
          {
            "path": ":build-logic:compileJava",
            "outcome": "FROM_CACHE"
          },
          {
            "path": ":build-logic:extractPluginRequests",
            "outcome": "FROM_CACHE"
          },
          {
            "path": ":build-logic:generatePluginAdapters",
            "outcome": "FROM_CACHE"
          },
          {
            "path": ":build-logic:jar",
            "outcome": "EXECUTED"
          },
          {
            "path": ":build-logic:pluginDescriptors",
            "outcome": "EXECUTED"
          },
          {
            "path": ":build-logic:processResources",
            "outcome": "EXECUTED"
          },
          {
            "path": ":classes",
            "outcome": "EXECUTED"
          },
          {
            "path": ":compileGroovy",
            "outcome": "EXECUTED"
          },
          {
            "path": ":compileJava",
            "outcome": "FROM_CACHE"
          },
          {
            "path": ":dgmConverter",
            "outcome": "FROM_CACHE"
          },
          {
            "path": ":generateGrammarSource",
            "outcome": "FROM_CACHE"
          },
          {
            "path": ":generateReleaseInfo",
            "outcome": "EXECUTED"
          },
          {
            "path": ":groovy-ant:classes",
            "outcome": "EXECUTED"
          },
          {
            "path": ":groovy-ant:compileGroovy",
            "outcome": "EXECUTED"
          },
          {
            "path": ":groovy-ant:compileJava",
            "outcome": "FROM_CACHE"
          },
          {
            "path": ":groovy-ant:generateReleaseInfo",
            "outcome": "EXECUTED"
          },
          {
            "path": ":groovy-ant:jar",
            "outcome": "EXECUTED"
          },
          {
            "path": ":groovy-ant:processResources",
            "outcome": "EXECUTED"
          },
          {
            "path": ":groovy-astbuilder:classes",
            "outcome": "EXECUTED"
          },
          {
            "path": ":groovy-astbuilder:compileGroovy",
            "outcome": "NO_SOURCE"
          },
          {
            "path": ":groovy-astbuilder:compileJava",
            "outcome": "FROM_CACHE"
          },
          {
            "path": ":groovy-astbuilder:generateReleaseInfo",
            "outcome": "EXECUTED"
          },
          {
            "path": ":groovy-astbuilder:jar",
            "outcome": "EXECUTED"
          },
          {
            "path": ":groovy-astbuilder:processResources",
            "outcome": "EXECUTED"
          },
          {
            "path": ":groovy-cli-commons:classes",
            "outcome": "EXECUTED"
          },
          {
            "path": ":groovy-cli-commons:compileGroovy",
            "outcome": "EXECUTED"
          },
          {
            "path": ":groovy-cli-commons:compileJava",
            "outcome": "NO_SOURCE"
          },
          {
            "path": ":groovy-cli-commons:generateReleaseInfo",
            "outcome": "EXECUTED"
          },
          {
            "path": ":groovy-cli-commons:jar",
            "outcome": "EXECUTED"
          },
          {
            "path": ":groovy-cli-commons:processResources",
            "outcome": "NO_SOURCE"
          },
          {
            "path": ":groovy-cli-picocli:classes",
            "outcome": "EXECUTED"
          },
          {
            "path": ":groovy-cli-picocli:compileGroovy",
            "outcome": "EXECUTED"
          },
          {
            "path": ":groovy-cli-picocli:compileJava",
            "outcome": "NO_SOURCE"
          },
          {
            "path": ":groovy-cli-picocli:generateReleaseInfo",
            "outcome": "EXECUTED"
          },
          {
            "path": ":groovy-cli-picocli:jar",
            "outcome": "EXECUTED"
          },
          {
            "path": ":groovy-cli-picocli:processResources",
            "outcome": "NO_SOURCE"
          },
          {
            "path": ":groovy-console:classes",
            "outcome": "EXECUTED"
          },
          {
            "path": ":groovy-console:compileGroovy",
            "outcome": "EXECUTED"
          },
          {
            "path": ":groovy-console:compileJava",
            "outcome": "NO_SOURCE"
          },
          {
            "path": ":groovy-console:generateReleaseInfo",
            "outcome": "EXECUTED"
          },
          {
            "path": ":groovy-console:jar",
            "outcome": "EXECUTED"
          },
          {
            "path": ":groovy-console:processResources",
            "outcome": "EXECUTED"
          },
          {
            "path": ":groovy-contracts:classes",
            "outcome": "EXECUTED"
          },
          {
            "path": ":groovy-contracts:compileGroovy",
            "outcome": "NO_SOURCE"
          },
          {
            "path": ":groovy-contracts:compileJava",
            "outcome": "FROM_CACHE"
          },
          {
            "path": ":groovy-contracts:generateReleaseInfo",
            "outcome": "EXECUTED"
          },
          {
            "path": ":groovy-contracts:jar",
            "outcome": "EXECUTED"
          },
          {
            "path": ":groovy-contracts:processResources",
            "outcome": "EXECUTED"
          },
          {
            "path": ":groovy-datetime:classes",
            "outcome": "UP_TO_DATE"
          },
          {
            "path": ":groovy-datetime:compileGroovy",
            "outcome": "NO_SOURCE"
          },
          {
            "path": ":groovy-datetime:compileJava",
            "outcome": "FROM_CACHE"
          },
          {
            "path": ":groovy-datetime:generateReleaseInfo",
            "outcome": "EXECUTED"
          },
          {
            "path": ":groovy-datetime:jar",
            "outcome": "EXECUTED"
          },
          {
            "path": ":groovy-datetime:moduleDescriptor",
            "outcome": "EXECUTED"
          },
          {
            "path": ":groovy-datetime:processResources",
            "outcome": "NO_SOURCE"
          },
          {
            "path": ":groovy-dateutil:classes",
            "outcome": "UP_TO_DATE"
          },
          {
            "path": ":groovy-dateutil:compileGroovy",
            "outcome": "NO_SOURCE"
          },
          {
            "path": ":groovy-dateutil:compileJava",
            "outcome": "FROM_CACHE"
          },
          {
            "path": ":groovy-dateutil:generateReleaseInfo",
            "outcome": "EXECUTED"
          },
          {
            "path": ":groovy-dateutil:jar",
            "outcome": "EXECUTED"
          },
          {
            "path": ":groovy-dateutil:moduleDescriptor",
            "outcome": "EXECUTED"
          },
          {
            "path": ":groovy-dateutil:processResources",
            "outcome": "NO_SOURCE"
          },
          {
            "path": ":groovy-docgenerator:classes",
            "outcome": "EXECUTED"
          },
          {
            "path": ":groovy-docgenerator:compileGroovy",
            "outcome": "EXECUTED"
          },
          {
            "path": ":groovy-docgenerator:compileJava",
            "outcome": "NO_SOURCE"
          },
          {
            "path": ":groovy-docgenerator:generateReleaseInfo",
            "outcome": "EXECUTED"
          },
          {
            "path": ":groovy-docgenerator:jar",
            "outcome": "EXECUTED"
          },
          {
            "path": ":groovy-docgenerator:processResources",
            "outcome": "EXECUTED"
          },
          {
            "path": ":groovy-ginq:classes",
            "outcome": "EXECUTED"
          },
          {
            "path": ":groovy-ginq:compileGroovy",
            "outcome": "EXECUTED"
          },
          {
            "path": ":groovy-ginq:compileJava",
            "outcome": "NO_SOURCE"
          },
          {
            "path": ":groovy-ginq:generateReleaseInfo",
            "outcome": "EXECUTED"
          },
          {
            "path": ":groovy-ginq:jar",
            "outcome": "EXECUTED"
          },
          {
            "path": ":groovy-ginq:moduleDescriptor",
            "outcome": "EXECUTED"
          },
          {
            "path": ":groovy-ginq:processResources",
            "outcome": "NO_SOURCE"
          },
          {
            "path": ":groovy-groovydoc:classes",
            "outcome": "EXECUTED"
          },
          {
            "path": ":groovy-groovydoc:compileGroovy",
            "outcome": "EXECUTED"
          },
          {
            "path": ":groovy-groovydoc:compileJava",
            "outcome": "FROM_CACHE"
          },
          {
            "path": ":groovy-groovydoc:generateReleaseInfo",
            "outcome": "EXECUTED"
          },
          {
            "path": ":groovy-groovydoc:jar",
            "outcome": "EXECUTED"
          },
          {
            "path": ":groovy-groovydoc:processResources",
            "outcome": "EXECUTED"
          },
          {
            "path": ":groovy-groovysh:classes",
            "outcome": "EXECUTED"
          },
          {
            "path": ":groovy-groovysh:compileGroovy",
            "outcome": "EXECUTED"
          },
          {
            "path": ":groovy-groovysh:compileJava",
            "outcome": "NO_SOURCE"
          },
          {
            "path": ":groovy-groovysh:generateReleaseInfo",
            "outcome": "EXECUTED"
          },
          {
            "path": ":groovy-groovysh:jar",
            "outcome": "EXECUTED"
          },
          {
            "path": ":groovy-groovysh:processResources",
            "outcome": "EXECUTED"
          },
          {
            "path": ":groovy-jmx:classes",
            "outcome": "EXECUTED"
          },
          {
            "path": ":groovy-jmx:compileGroovy",
            "outcome": "EXECUTED"
          },
          {
            "path": ":groovy-jmx:compileJava",
            "outcome": "FROM_CACHE"
          },
          {
            "path": ":groovy-jmx:generateReleaseInfo",
            "outcome": "EXECUTED"
          },
          {
            "path": ":groovy-jmx:jar",
            "outcome": "EXECUTED"
          },
          {
            "path": ":groovy-jmx:processResources",
            "outcome": "NO_SOURCE"
          },
          {
            "path": ":groovy-json:classes",
            "outcome": "EXECUTED"
          },
          {
            "path": ":groovy-json:compileGroovy",
            "outcome": "NO_SOURCE"
          },
          {
            "path": ":groovy-json:compileJava",
            "outcome": "EXECUTED"
          },
          {
            "path": ":groovy-json:generateReleaseInfo",
            "outcome": "EXECUTED"
          },
          {
            "path": ":groovy-json:jar",
            "outcome": "EXECUTED"
          },
          {
            "path": ":groovy-json:processResources",
            "outcome": "EXECUTED"
          },
          {
            "path": ":groovy-jsr223:classes",
            "outcome": "EXECUTED"
          },
          {
            "path": ":groovy-jsr223:compileGroovy",
            "outcome": "NO_SOURCE"
          },
          {
            "path": ":groovy-jsr223:compileJava",
            "outcome": "FROM_CACHE"
          },
          {
            "path": ":groovy-jsr223:generateReleaseInfo",
            "outcome": "EXECUTED"
          },
          {
            "path": ":groovy-jsr223:jar",
            "outcome": "EXECUTED"
          },
          {
            "path": ":groovy-jsr223:moduleDescriptor",
            "outcome": "EXECUTED"
          },
          {
            "path": ":groovy-jsr223:processResources",
            "outcome": "EXECUTED"
          },
          {
            "path": ":groovy-macro-library:classes",
            "outcome": "EXECUTED"
          },
          {
            "path": ":groovy-macro-library:compileGroovy",
            "outcome": "EXECUTED"
          },
          {
            "path": ":groovy-macro-library:compileJava",
            "outcome": "NO_SOURCE"
          },
          {
            "path": ":groovy-macro-library:generateReleaseInfo",
            "outcome": "EXECUTED"
          },
          {
            "path": ":groovy-macro-library:jar",
            "outcome": "EXECUTED"
          },
          {
            "path": ":groovy-macro-library:moduleDescriptor",
            "outcome": "EXECUTED"
          },
          {
            "path": ":groovy-macro-library:processResources",
            "outcome": "NO_SOURCE"
          },
          {
            "path": ":groovy-macro:classes",
            "outcome": "EXECUTED"
          },
          {
            "path": ":groovy-macro:compileGroovy",
            "outcome": "EXECUTED"
          },
          {
            "path": ":groovy-macro:compileJava",
            "outcome": "NO_SOURCE"
          },
          {
            "path": ":groovy-macro:generateReleaseInfo",
            "outcome": "EXECUTED"
          },
          {
            "path": ":groovy-macro:jar",
            "outcome": "EXECUTED"
          },
          {
            "path": ":groovy-macro:moduleDescriptor",
            "outcome": "EXECUTED"
          },
          {
            "path": ":groovy-macro:processResources",
            "outcome": "EXECUTED"
          },
          {
            "path": ":groovy-nio:classes",
            "outcome": "UP_TO_DATE"
          },
          {
            "path": ":groovy-nio:compileGroovy",
            "outcome": "NO_SOURCE"
          },
          {
            "path": ":groovy-nio:compileJava",
            "outcome": "FROM_CACHE"
          },
          {
            "path": ":groovy-nio:generateReleaseInfo",
            "outcome": "EXECUTED"
          },
          {
            "path": ":groovy-nio:jar",
            "outcome": "EXECUTED"
          },
          {
            "path": ":groovy-nio:moduleDescriptor",
            "outcome": "EXECUTED"
          },
          {
            "path": ":groovy-nio:processResources",
            "outcome": "NO_SOURCE"
          },
          {
            "path": ":groovy-servlet:classes",
            "outcome": "UP_TO_DATE"
          },
          {
            "path": ":groovy-servlet:compileGroovy",
            "outcome": "NO_SOURCE"
          },
          {
            "path": ":groovy-servlet:compileJava",
            "outcome": "FROM_CACHE"
          },
          {
            "path": ":groovy-servlet:generateReleaseInfo",
            "outcome": "EXECUTED"
          },
          {
            "path": ":groovy-servlet:jar",
            "outcome": "EXECUTED"
          },
          {
            "path": ":groovy-servlet:processResources",
            "outcome": "NO_SOURCE"
          },
          {
            "path": ":groovy-sql:classes",
            "outcome": "UP_TO_DATE"
          },
          {
            "path": ":groovy-sql:compileGroovy",
            "outcome": "NO_SOURCE"
          },
          {
            "path": ":groovy-sql:compileJava",
            "outcome": "FROM_CACHE"
          },
          {
            "path": ":groovy-sql:generateReleaseInfo",
            "outcome": "EXECUTED"
          },
          {
            "path": ":groovy-sql:jar",
            "outcome": "EXECUTED"
          },
          {
            "path": ":groovy-sql:moduleDescriptor",
            "outcome": "EXECUTED"
          },
          {
            "path": ":groovy-sql:processResources",
            "outcome": "NO_SOURCE"
          },
          {
            "path": ":groovy-swing:classes",
            "outcome": "EXECUTED"
          },
          {
            "path": ":groovy-swing:compileGroovy",
            "outcome": "EXECUTED"
          },
          {
            "path": ":groovy-swing:compileJava",
            "outcome": "FROM_CACHE"
          },
          {
            "path": ":groovy-swing:generateReleaseInfo",
            "outcome": "EXECUTED"
          },
          {
            "path": ":groovy-swing:jar",
            "outcome": "EXECUTED"
          },
          {
            "path": ":groovy-swing:moduleDescriptor",
            "outcome": "EXECUTED"
          },
          {
            "path": ":groovy-swing:processResources",
            "outcome": "NO_SOURCE"
          },
          {
            "path": ":groovy-templates:classes",
            "outcome": "EXECUTED"
          },
          {
            "path": ":groovy-templates:compileGroovy",
            "outcome": "EXECUTED"
          },
          {
            "path": ":groovy-templates:compileJava",
            "outcome": "NO_SOURCE"
          },
          {
            "path": ":groovy-templates:generateReleaseInfo",
            "outcome": "EXECUTED"
          },
          {
            "path": ":groovy-templates:jar",
            "outcome": "EXECUTED"
          },
          {
            "path": ":groovy-templates:processResources",
            "outcome": "NO_SOURCE"
          },
          {
            "path": ":groovy-test-junit5:classes",
            "outcome": "EXECUTED"
          },
          {
            "path": ":groovy-test-junit5:compileGroovy",
            "outcome": "EXECUTED"
          },
          {
            "path": ":groovy-test-junit5:compileJava",
            "outcome": "FROM_CACHE"
          },
          {
            "path": ":groovy-test-junit5:generateReleaseInfo",
            "outcome": "EXECUTED"
          },
          {
            "path": ":groovy-test-junit5:jar",
            "outcome": "EXECUTED"
          },
          {
            "path": ":groovy-test-junit5:processResources",
            "outcome": "EXECUTED"
          },
          {
            "path": ":groovy-test:classes",
            "outcome": "EXECUTED"
          },
          {
            "path": ":groovy-test:compileGroovy",
            "outcome": "EXECUTED"
          },
          {
            "path": ":groovy-test:compileJava",
            "outcome": "FROM_CACHE"
          },
          {
            "path": ":groovy-test:generateReleaseInfo",
            "outcome": "EXECUTED"
          },
          {
            "path": ":groovy-test:jar",
            "outcome": "EXECUTED"
          },
          {
            "path": ":groovy-test:processResources",
            "outcome": "NO_SOURCE"
          },
          {
            "path": ":groovy-testng:classes",
            "outcome": "EXECUTED"
          },
          {
            "path": ":groovy-testng:compileGroovy",
            "outcome": "NO_SOURCE"
          },
          {
            "path": ":groovy-testng:compileJava",
            "outcome": "FROM_CACHE"
          },
          {
            "path": ":groovy-testng:generateReleaseInfo",
            "outcome": "EXECUTED"
          },
          {
            "path": ":groovy-testng:jar",
            "outcome": "EXECUTED"
          },
          {
            "path": ":groovy-testng:processResources",
            "outcome": "EXECUTED"
          },
          {
            "path": ":groovy-toml:classes",
            "outcome": "EXECUTED"
          },
          {
            "path": ":groovy-toml:compileGroovy",
            "outcome": "NO_SOURCE"
          },
          {
            "path": ":groovy-toml:compileJava",
            "outcome": "EXECUTED"
          },
          {
            "path": ":groovy-toml:generateReleaseInfo",
            "outcome": "EXECUTED"
          },
          {
            "path": ":groovy-toml:jar",
            "outcome": "EXECUTED"
          },
          {
            "path": ":groovy-toml:processResources",
            "outcome": "NO_SOURCE"
          },
          {
            "path": ":groovy-typecheckers:classes",
            "outcome": "EXECUTED"
          },
          {
            "path": ":groovy-typecheckers:compileGroovy",
            "outcome": "EXECUTED"
          },
          {
            "path": ":groovy-typecheckers:compileJava",
            "outcome": "NO_SOURCE"
          },
          {
            "path": ":groovy-typecheckers:generateReleaseInfo",
            "outcome": "EXECUTED"
          },
          {
            "path": ":groovy-typecheckers:jar",
            "outcome": "EXECUTED"
          },
          {
            "path": ":groovy-typecheckers:processResources",
            "outcome": "NO_SOURCE"
          },
          {
            "path": ":groovy-xml:classes",
            "outcome": "EXECUTED"
          },
          {
            "path": ":groovy-xml:compileGroovy",
            "outcome": "EXECUTED"
          },
          {
            "path": ":groovy-xml:compileJava",
            "outcome": "FROM_CACHE"
          },
          {
            "path": ":groovy-xml:generateReleaseInfo",
            "outcome": "EXECUTED"
          },
          {
            "path": ":groovy-xml:jar",
            "outcome": "EXECUTED"
          },
          {
            "path": ":groovy-xml:moduleDescriptor",
            "outcome": "EXECUTED"
          },
          {
            "path": ":groovy-xml:processResources",
            "outcome": "NO_SOURCE"
          },
          {
            "path": ":groovy-yaml:classes",
            "outcome": "EXECUTED"
          },
          {
            "path": ":groovy-yaml:compileGroovy",
            "outcome": "NO_SOURCE"
          },
          {
            "path": ":groovy-yaml:compileJava",
            "outcome": "EXECUTED"
          },
          {
            "path": ":groovy-yaml:generateReleaseInfo",
            "outcome": "EXECUTED"
          },
          {
            "path": ":groovy-yaml:jar",
            "outcome": "EXECUTED"
          },
          {
            "path": ":groovy-yaml:processResources",
            "outcome": "NO_SOURCE"
          },
          {
            "path": ":jar",
            "outcome": "EXECUTED"
          },
          {
            "path": ":osgiClasses",
            "outcome": "EXECUTED"
          },
          {
            "path": ":performance:classes",
            "outcome": "UP_TO_DATE"
          },
          {
            "path": ":performance:compileGroovy",
            "outcome": "NO_SOURCE"
          },
          {
            "path": ":performance:compileJava",
            "outcome": "NO_SOURCE"
          },
          {
            "path": ":performance:jar",
            "outcome": "EXECUTED"
          },
          {
            "path": ":performance:processResources",
            "outcome": "NO_SOURCE"
          },
          {
            "path": ":processResources",
            "outcome": "EXECUTED"
          },
          {
            "path": ":stress:classes",
            "outcome": "UP_TO_DATE"
          },
          {
            "path": ":stress:compileGroovy",
            "outcome": "NO_SOURCE"
          },
          {
            "path": ":stress:compileJava",
            "outcome": "NO_SOURCE"
          },
          {
            "path": ":stress:jar",
            "outcome": "EXECUTED"
          },
          {
            "path": ":stress:processResources",
            "outcome": "NO_SOURCE"
          },
          {
            "path": ":tests-preview:classes",
            "outcome": "UP_TO_DATE"
          },
          {
            "path": ":tests-preview:compileGroovy",
            "outcome": "NO_SOURCE"
          },
          {
            "path": ":tests-preview:compileJava",
            "outcome": "NO_SOURCE"
          },
          {
            "path": ":tests-preview:jar",
            "outcome": "EXECUTED"
          },
          {
            "path": ":tests-preview:processResources",
            "outcome": "NO_SOURCE"
          }
        ]
      },
      "candidateTaskOutcomes": {
        "total": 25,
        "executed": 16,
        "fromCache": 8,
        "upToDate": 0,
        "noSource": 1,
        "skipped": 0,
        "fingerprintSha256": "b43c808e47c00d49cfb56f71197b3295e884e9f536fb660c7889cb8b633b76e2",
        "tasks": [
          {
            "path": ":bootstrapJar",
            "outcome": "EXECUTED"
          },
          {
            "path": ":build-logic:classes",
            "outcome": "EXECUTED"
          },
          {
            "path": ":build-logic:compileGroovy",
            "outcome": "FROM_CACHE"
          },
          {
            "path": ":build-logic:compileGroovyPlugins",
            "outcome": "FROM_CACHE"
          },
          {
            "path": ":build-logic:compileJava",
            "outcome": "FROM_CACHE"
          },
          {
            "path": ":build-logic:extractPluginRequests",
            "outcome": "FROM_CACHE"
          },
          {
            "path": ":build-logic:generatePluginAdapters",
            "outcome": "FROM_CACHE"
          },
          {
            "path": ":build-logic:jar",
            "outcome": "EXECUTED"
          },
          {
            "path": ":build-logic:pluginDescriptors",
            "outcome": "EXECUTED"
          },
          {
            "path": ":build-logic:processResources",
            "outcome": "EXECUTED"
          },
          {
            "path": ":classes",
            "outcome": "EXECUTED"
          },
          {
            "path": ":compileGroovy",
            "outcome": "EXECUTED"
          },
          {
            "path": ":compileJava",
            "outcome": "FROM_CACHE"
          },
          {
            "path": ":dgmConverter",
            "outcome": "FROM_CACHE"
          },
          {
            "path": ":generateGrammarSource",
            "outcome": "FROM_CACHE"
          },
          {
            "path": ":generateReleaseInfo",
            "outcome": "EXECUTED"
          },
          {
            "path": ":groovy-json:classes",
            "outcome": "EXECUTED"
          },
          {
            "path": ":groovy-json:compileGroovy",
            "outcome": "NO_SOURCE"
          },
          {
            "path": ":groovy-json:compileJava",
            "outcome": "EXECUTED"
          },
          {
            "path": ":groovy-json:generateReleaseInfo",
            "outcome": "EXECUTED"
          },
          {
            "path": ":groovy-json:jar",
            "outcome": "EXECUTED"
          },
          {
            "path": ":groovy-json:processResources",
            "outcome": "EXECUTED"
          },
          {
            "path": ":jar",
            "outcome": "EXECUTED"
          },
          {
            "path": ":osgiClasses",
            "outcome": "EXECUTED"
          },
          {
            "path": ":processResources",
            "outcome": "EXECUTED"
          }
        ]
      },
      "controlHostPressure": {
        "available": true,
        "cpuSomeTotalUs": 18033221,
        "memorySomeTotalUs": 55480,
        "memoryFullTotalUs": 35245,
        "ioSomeTotalUs": 37876083,
        "ioFullTotalUs": 15543405
      },
      "candidateHostPressure": {
        "available": true,
        "cpuSomeTotalUs": 150974,
        "memorySomeTotalUs": 2928,
        "memoryFullTotalUs": 2829,
        "ioSomeTotalUs": 12878662,
        "ioFullTotalUs": 8919776
      }
    },
    {
      "pair": 4,
      "order": "CANDIDATE_FIRST",
      "controlDurationMs": 72339,
      "candidateDurationMs": 18225,
      "savedMs": 54114,
      "controlRequiredOutputSha256": "27f462c377352f1f2a4074f1fae1f96ed51ec97f97e5b42237a57174204da1d5",
      "candidateRequiredOutputSha256": "27f462c377352f1f2a4074f1fae1f96ed51ec97f97e5b42237a57174204da1d5",
      "requiredOutputCount": 1,
      "productAttributableFailure": false,
      "controlLogSha256": "ca117920bd590d28b91c98f812f908526f5c263ade6f20b1b22088846e4e718c",
      "candidateLogSha256": "d0d1781aab2aa51e6d4ea7000dafff41f7b50419eacb7e7d8b64bfce1b0a62ad",
      "controlTaskOutcomes": {
        "total": 218,
        "executed": 138,
        "fromCache": 24,
        "upToDate": 8,
        "noSource": 48,
        "skipped": 0,
        "fingerprintSha256": "a8c9059b0fb2a799ddfba8828062a5ba4fb07b5deb583fa958f0ecb41079e151",
        "tasks": [
          {
            "path": ":bootstrapJar",
            "outcome": "EXECUTED"
          },
          {
            "path": ":build-logic:classes",
            "outcome": "EXECUTED"
          },
          {
            "path": ":build-logic:compileGroovy",
            "outcome": "FROM_CACHE"
          },
          {
            "path": ":build-logic:compileGroovyPlugins",
            "outcome": "FROM_CACHE"
          },
          {
            "path": ":build-logic:compileJava",
            "outcome": "FROM_CACHE"
          },
          {
            "path": ":build-logic:extractPluginRequests",
            "outcome": "FROM_CACHE"
          },
          {
            "path": ":build-logic:generatePluginAdapters",
            "outcome": "FROM_CACHE"
          },
          {
            "path": ":build-logic:jar",
            "outcome": "EXECUTED"
          },
          {
            "path": ":build-logic:pluginDescriptors",
            "outcome": "EXECUTED"
          },
          {
            "path": ":build-logic:processResources",
            "outcome": "EXECUTED"
          },
          {
            "path": ":classes",
            "outcome": "EXECUTED"
          },
          {
            "path": ":compileGroovy",
            "outcome": "EXECUTED"
          },
          {
            "path": ":compileJava",
            "outcome": "FROM_CACHE",
            "consoleOutcomeTransitions": [
              "EXECUTED",
              "FROM_CACHE"
            ]
          },
          {
            "path": ":dgmConverter",
            "outcome": "FROM_CACHE"
          },
          {
            "path": ":generateGrammarSource",
            "outcome": "FROM_CACHE"
          },
          {
            "path": ":generateReleaseInfo",
            "outcome": "EXECUTED"
          },
          {
            "path": ":groovy-ant:classes",
            "outcome": "EXECUTED"
          },
          {
            "path": ":groovy-ant:compileGroovy",
            "outcome": "EXECUTED"
          },
          {
            "path": ":groovy-ant:compileJava",
            "outcome": "FROM_CACHE"
          },
          {
            "path": ":groovy-ant:generateReleaseInfo",
            "outcome": "EXECUTED"
          },
          {
            "path": ":groovy-ant:jar",
            "outcome": "EXECUTED"
          },
          {
            "path": ":groovy-ant:processResources",
            "outcome": "EXECUTED"
          },
          {
            "path": ":groovy-astbuilder:classes",
            "outcome": "EXECUTED"
          },
          {
            "path": ":groovy-astbuilder:compileGroovy",
            "outcome": "NO_SOURCE"
          },
          {
            "path": ":groovy-astbuilder:compileJava",
            "outcome": "FROM_CACHE"
          },
          {
            "path": ":groovy-astbuilder:generateReleaseInfo",
            "outcome": "EXECUTED"
          },
          {
            "path": ":groovy-astbuilder:jar",
            "outcome": "EXECUTED"
          },
          {
            "path": ":groovy-astbuilder:processResources",
            "outcome": "EXECUTED"
          },
          {
            "path": ":groovy-cli-commons:classes",
            "outcome": "EXECUTED"
          },
          {
            "path": ":groovy-cli-commons:compileGroovy",
            "outcome": "EXECUTED"
          },
          {
            "path": ":groovy-cli-commons:compileJava",
            "outcome": "NO_SOURCE"
          },
          {
            "path": ":groovy-cli-commons:generateReleaseInfo",
            "outcome": "EXECUTED"
          },
          {
            "path": ":groovy-cli-commons:jar",
            "outcome": "EXECUTED"
          },
          {
            "path": ":groovy-cli-commons:processResources",
            "outcome": "NO_SOURCE"
          },
          {
            "path": ":groovy-cli-picocli:classes",
            "outcome": "EXECUTED"
          },
          {
            "path": ":groovy-cli-picocli:compileGroovy",
            "outcome": "EXECUTED"
          },
          {
            "path": ":groovy-cli-picocli:compileJava",
            "outcome": "NO_SOURCE"
          },
          {
            "path": ":groovy-cli-picocli:generateReleaseInfo",
            "outcome": "EXECUTED"
          },
          {
            "path": ":groovy-cli-picocli:jar",
            "outcome": "EXECUTED"
          },
          {
            "path": ":groovy-cli-picocli:processResources",
            "outcome": "NO_SOURCE"
          },
          {
            "path": ":groovy-console:classes",
            "outcome": "EXECUTED"
          },
          {
            "path": ":groovy-console:compileGroovy",
            "outcome": "EXECUTED"
          },
          {
            "path": ":groovy-console:compileJava",
            "outcome": "NO_SOURCE"
          },
          {
            "path": ":groovy-console:generateReleaseInfo",
            "outcome": "EXECUTED"
          },
          {
            "path": ":groovy-console:jar",
            "outcome": "EXECUTED"
          },
          {
            "path": ":groovy-console:processResources",
            "outcome": "EXECUTED"
          },
          {
            "path": ":groovy-contracts:classes",
            "outcome": "EXECUTED"
          },
          {
            "path": ":groovy-contracts:compileGroovy",
            "outcome": "NO_SOURCE"
          },
          {
            "path": ":groovy-contracts:compileJava",
            "outcome": "FROM_CACHE"
          },
          {
            "path": ":groovy-contracts:generateReleaseInfo",
            "outcome": "EXECUTED"
          },
          {
            "path": ":groovy-contracts:jar",
            "outcome": "EXECUTED"
          },
          {
            "path": ":groovy-contracts:processResources",
            "outcome": "EXECUTED"
          },
          {
            "path": ":groovy-datetime:classes",
            "outcome": "UP_TO_DATE"
          },
          {
            "path": ":groovy-datetime:compileGroovy",
            "outcome": "NO_SOURCE"
          },
          {
            "path": ":groovy-datetime:compileJava",
            "outcome": "FROM_CACHE"
          },
          {
            "path": ":groovy-datetime:generateReleaseInfo",
            "outcome": "EXECUTED"
          },
          {
            "path": ":groovy-datetime:jar",
            "outcome": "EXECUTED"
          },
          {
            "path": ":groovy-datetime:moduleDescriptor",
            "outcome": "EXECUTED"
          },
          {
            "path": ":groovy-datetime:processResources",
            "outcome": "NO_SOURCE"
          },
          {
            "path": ":groovy-dateutil:classes",
            "outcome": "UP_TO_DATE"
          },
          {
            "path": ":groovy-dateutil:compileGroovy",
            "outcome": "NO_SOURCE"
          },
          {
            "path": ":groovy-dateutil:compileJava",
            "outcome": "FROM_CACHE"
          },
          {
            "path": ":groovy-dateutil:generateReleaseInfo",
            "outcome": "EXECUTED"
          },
          {
            "path": ":groovy-dateutil:jar",
            "outcome": "EXECUTED"
          },
          {
            "path": ":groovy-dateutil:moduleDescriptor",
            "outcome": "EXECUTED"
          },
          {
            "path": ":groovy-dateutil:processResources",
            "outcome": "NO_SOURCE"
          },
          {
            "path": ":groovy-docgenerator:classes",
            "outcome": "EXECUTED"
          },
          {
            "path": ":groovy-docgenerator:compileGroovy",
            "outcome": "EXECUTED"
          },
          {
            "path": ":groovy-docgenerator:compileJava",
            "outcome": "NO_SOURCE"
          },
          {
            "path": ":groovy-docgenerator:generateReleaseInfo",
            "outcome": "EXECUTED"
          },
          {
            "path": ":groovy-docgenerator:jar",
            "outcome": "EXECUTED"
          },
          {
            "path": ":groovy-docgenerator:processResources",
            "outcome": "EXECUTED"
          },
          {
            "path": ":groovy-ginq:classes",
            "outcome": "EXECUTED"
          },
          {
            "path": ":groovy-ginq:compileGroovy",
            "outcome": "EXECUTED"
          },
          {
            "path": ":groovy-ginq:compileJava",
            "outcome": "NO_SOURCE"
          },
          {
            "path": ":groovy-ginq:generateReleaseInfo",
            "outcome": "EXECUTED"
          },
          {
            "path": ":groovy-ginq:jar",
            "outcome": "EXECUTED"
          },
          {
            "path": ":groovy-ginq:moduleDescriptor",
            "outcome": "EXECUTED"
          },
          {
            "path": ":groovy-ginq:processResources",
            "outcome": "NO_SOURCE"
          },
          {
            "path": ":groovy-groovydoc:classes",
            "outcome": "EXECUTED"
          },
          {
            "path": ":groovy-groovydoc:compileGroovy",
            "outcome": "EXECUTED"
          },
          {
            "path": ":groovy-groovydoc:compileJava",
            "outcome": "FROM_CACHE"
          },
          {
            "path": ":groovy-groovydoc:generateReleaseInfo",
            "outcome": "EXECUTED"
          },
          {
            "path": ":groovy-groovydoc:jar",
            "outcome": "EXECUTED"
          },
          {
            "path": ":groovy-groovydoc:processResources",
            "outcome": "EXECUTED"
          },
          {
            "path": ":groovy-groovysh:classes",
            "outcome": "EXECUTED"
          },
          {
            "path": ":groovy-groovysh:compileGroovy",
            "outcome": "EXECUTED"
          },
          {
            "path": ":groovy-groovysh:compileJava",
            "outcome": "NO_SOURCE"
          },
          {
            "path": ":groovy-groovysh:generateReleaseInfo",
            "outcome": "EXECUTED"
          },
          {
            "path": ":groovy-groovysh:jar",
            "outcome": "EXECUTED"
          },
          {
            "path": ":groovy-groovysh:processResources",
            "outcome": "EXECUTED"
          },
          {
            "path": ":groovy-jmx:classes",
            "outcome": "EXECUTED"
          },
          {
            "path": ":groovy-jmx:compileGroovy",
            "outcome": "EXECUTED"
          },
          {
            "path": ":groovy-jmx:compileJava",
            "outcome": "FROM_CACHE"
          },
          {
            "path": ":groovy-jmx:generateReleaseInfo",
            "outcome": "EXECUTED"
          },
          {
            "path": ":groovy-jmx:jar",
            "outcome": "EXECUTED"
          },
          {
            "path": ":groovy-jmx:processResources",
            "outcome": "NO_SOURCE"
          },
          {
            "path": ":groovy-json:classes",
            "outcome": "EXECUTED"
          },
          {
            "path": ":groovy-json:compileGroovy",
            "outcome": "NO_SOURCE"
          },
          {
            "path": ":groovy-json:compileJava",
            "outcome": "EXECUTED"
          },
          {
            "path": ":groovy-json:generateReleaseInfo",
            "outcome": "EXECUTED"
          },
          {
            "path": ":groovy-json:jar",
            "outcome": "EXECUTED"
          },
          {
            "path": ":groovy-json:processResources",
            "outcome": "EXECUTED"
          },
          {
            "path": ":groovy-jsr223:classes",
            "outcome": "EXECUTED"
          },
          {
            "path": ":groovy-jsr223:compileGroovy",
            "outcome": "NO_SOURCE"
          },
          {
            "path": ":groovy-jsr223:compileJava",
            "outcome": "FROM_CACHE"
          },
          {
            "path": ":groovy-jsr223:generateReleaseInfo",
            "outcome": "EXECUTED"
          },
          {
            "path": ":groovy-jsr223:jar",
            "outcome": "EXECUTED"
          },
          {
            "path": ":groovy-jsr223:moduleDescriptor",
            "outcome": "EXECUTED"
          },
          {
            "path": ":groovy-jsr223:processResources",
            "outcome": "EXECUTED"
          },
          {
            "path": ":groovy-macro-library:classes",
            "outcome": "EXECUTED"
          },
          {
            "path": ":groovy-macro-library:compileGroovy",
            "outcome": "EXECUTED"
          },
          {
            "path": ":groovy-macro-library:compileJava",
            "outcome": "NO_SOURCE"
          },
          {
            "path": ":groovy-macro-library:generateReleaseInfo",
            "outcome": "EXECUTED"
          },
          {
            "path": ":groovy-macro-library:jar",
            "outcome": "EXECUTED"
          },
          {
            "path": ":groovy-macro-library:moduleDescriptor",
            "outcome": "EXECUTED"
          },
          {
            "path": ":groovy-macro-library:processResources",
            "outcome": "NO_SOURCE"
          },
          {
            "path": ":groovy-macro:classes",
            "outcome": "EXECUTED"
          },
          {
            "path": ":groovy-macro:compileGroovy",
            "outcome": "EXECUTED"
          },
          {
            "path": ":groovy-macro:compileJava",
            "outcome": "NO_SOURCE"
          },
          {
            "path": ":groovy-macro:generateReleaseInfo",
            "outcome": "EXECUTED"
          },
          {
            "path": ":groovy-macro:jar",
            "outcome": "EXECUTED"
          },
          {
            "path": ":groovy-macro:moduleDescriptor",
            "outcome": "EXECUTED"
          },
          {
            "path": ":groovy-macro:processResources",
            "outcome": "EXECUTED"
          },
          {
            "path": ":groovy-nio:classes",
            "outcome": "UP_TO_DATE"
          },
          {
            "path": ":groovy-nio:compileGroovy",
            "outcome": "NO_SOURCE"
          },
          {
            "path": ":groovy-nio:compileJava",
            "outcome": "FROM_CACHE"
          },
          {
            "path": ":groovy-nio:generateReleaseInfo",
            "outcome": "EXECUTED"
          },
          {
            "path": ":groovy-nio:jar",
            "outcome": "EXECUTED"
          },
          {
            "path": ":groovy-nio:moduleDescriptor",
            "outcome": "EXECUTED"
          },
          {
            "path": ":groovy-nio:processResources",
            "outcome": "NO_SOURCE"
          },
          {
            "path": ":groovy-servlet:classes",
            "outcome": "UP_TO_DATE"
          },
          {
            "path": ":groovy-servlet:compileGroovy",
            "outcome": "NO_SOURCE"
          },
          {
            "path": ":groovy-servlet:compileJava",
            "outcome": "FROM_CACHE"
          },
          {
            "path": ":groovy-servlet:generateReleaseInfo",
            "outcome": "EXECUTED"
          },
          {
            "path": ":groovy-servlet:jar",
            "outcome": "EXECUTED"
          },
          {
            "path": ":groovy-servlet:processResources",
            "outcome": "NO_SOURCE"
          },
          {
            "path": ":groovy-sql:classes",
            "outcome": "UP_TO_DATE"
          },
          {
            "path": ":groovy-sql:compileGroovy",
            "outcome": "NO_SOURCE"
          },
          {
            "path": ":groovy-sql:compileJava",
            "outcome": "FROM_CACHE"
          },
          {
            "path": ":groovy-sql:generateReleaseInfo",
            "outcome": "EXECUTED"
          },
          {
            "path": ":groovy-sql:jar",
            "outcome": "EXECUTED"
          },
          {
            "path": ":groovy-sql:moduleDescriptor",
            "outcome": "EXECUTED"
          },
          {
            "path": ":groovy-sql:processResources",
            "outcome": "NO_SOURCE"
          },
          {
            "path": ":groovy-swing:classes",
            "outcome": "EXECUTED"
          },
          {
            "path": ":groovy-swing:compileGroovy",
            "outcome": "EXECUTED"
          },
          {
            "path": ":groovy-swing:compileJava",
            "outcome": "FROM_CACHE"
          },
          {
            "path": ":groovy-swing:generateReleaseInfo",
            "outcome": "EXECUTED"
          },
          {
            "path": ":groovy-swing:jar",
            "outcome": "EXECUTED"
          },
          {
            "path": ":groovy-swing:moduleDescriptor",
            "outcome": "EXECUTED"
          },
          {
            "path": ":groovy-swing:processResources",
            "outcome": "NO_SOURCE"
          },
          {
            "path": ":groovy-templates:classes",
            "outcome": "EXECUTED"
          },
          {
            "path": ":groovy-templates:compileGroovy",
            "outcome": "EXECUTED"
          },
          {
            "path": ":groovy-templates:compileJava",
            "outcome": "NO_SOURCE"
          },
          {
            "path": ":groovy-templates:generateReleaseInfo",
            "outcome": "EXECUTED"
          },
          {
            "path": ":groovy-templates:jar",
            "outcome": "EXECUTED"
          },
          {
            "path": ":groovy-templates:processResources",
            "outcome": "NO_SOURCE"
          },
          {
            "path": ":groovy-test-junit5:classes",
            "outcome": "EXECUTED"
          },
          {
            "path": ":groovy-test-junit5:compileGroovy",
            "outcome": "EXECUTED"
          },
          {
            "path": ":groovy-test-junit5:compileJava",
            "outcome": "FROM_CACHE"
          },
          {
            "path": ":groovy-test-junit5:generateReleaseInfo",
            "outcome": "EXECUTED"
          },
          {
            "path": ":groovy-test-junit5:jar",
            "outcome": "EXECUTED"
          },
          {
            "path": ":groovy-test-junit5:processResources",
            "outcome": "EXECUTED"
          },
          {
            "path": ":groovy-test:classes",
            "outcome": "EXECUTED"
          },
          {
            "path": ":groovy-test:compileGroovy",
            "outcome": "EXECUTED"
          },
          {
            "path": ":groovy-test:compileJava",
            "outcome": "FROM_CACHE"
          },
          {
            "path": ":groovy-test:generateReleaseInfo",
            "outcome": "EXECUTED"
          },
          {
            "path": ":groovy-test:jar",
            "outcome": "EXECUTED"
          },
          {
            "path": ":groovy-test:processResources",
            "outcome": "NO_SOURCE"
          },
          {
            "path": ":groovy-testng:classes",
            "outcome": "EXECUTED"
          },
          {
            "path": ":groovy-testng:compileGroovy",
            "outcome": "NO_SOURCE"
          },
          {
            "path": ":groovy-testng:compileJava",
            "outcome": "FROM_CACHE"
          },
          {
            "path": ":groovy-testng:generateReleaseInfo",
            "outcome": "EXECUTED"
          },
          {
            "path": ":groovy-testng:jar",
            "outcome": "EXECUTED"
          },
          {
            "path": ":groovy-testng:processResources",
            "outcome": "EXECUTED"
          },
          {
            "path": ":groovy-toml:classes",
            "outcome": "EXECUTED"
          },
          {
            "path": ":groovy-toml:compileGroovy",
            "outcome": "NO_SOURCE"
          },
          {
            "path": ":groovy-toml:compileJava",
            "outcome": "EXECUTED"
          },
          {
            "path": ":groovy-toml:generateReleaseInfo",
            "outcome": "EXECUTED"
          },
          {
            "path": ":groovy-toml:jar",
            "outcome": "EXECUTED"
          },
          {
            "path": ":groovy-toml:processResources",
            "outcome": "NO_SOURCE"
          },
          {
            "path": ":groovy-typecheckers:classes",
            "outcome": "EXECUTED"
          },
          {
            "path": ":groovy-typecheckers:compileGroovy",
            "outcome": "EXECUTED"
          },
          {
            "path": ":groovy-typecheckers:compileJava",
            "outcome": "NO_SOURCE"
          },
          {
            "path": ":groovy-typecheckers:generateReleaseInfo",
            "outcome": "EXECUTED"
          },
          {
            "path": ":groovy-typecheckers:jar",
            "outcome": "EXECUTED"
          },
          {
            "path": ":groovy-typecheckers:processResources",
            "outcome": "NO_SOURCE"
          },
          {
            "path": ":groovy-xml:classes",
            "outcome": "EXECUTED"
          },
          {
            "path": ":groovy-xml:compileGroovy",
            "outcome": "EXECUTED"
          },
          {
            "path": ":groovy-xml:compileJava",
            "outcome": "FROM_CACHE"
          },
          {
            "path": ":groovy-xml:generateReleaseInfo",
            "outcome": "EXECUTED"
          },
          {
            "path": ":groovy-xml:jar",
            "outcome": "EXECUTED"
          },
          {
            "path": ":groovy-xml:moduleDescriptor",
            "outcome": "EXECUTED"
          },
          {
            "path": ":groovy-xml:processResources",
            "outcome": "NO_SOURCE"
          },
          {
            "path": ":groovy-yaml:classes",
            "outcome": "EXECUTED"
          },
          {
            "path": ":groovy-yaml:compileGroovy",
            "outcome": "NO_SOURCE"
          },
          {
            "path": ":groovy-yaml:compileJava",
            "outcome": "EXECUTED"
          },
          {
            "path": ":groovy-yaml:generateReleaseInfo",
            "outcome": "EXECUTED"
          },
          {
            "path": ":groovy-yaml:jar",
            "outcome": "EXECUTED"
          },
          {
            "path": ":groovy-yaml:processResources",
            "outcome": "NO_SOURCE"
          },
          {
            "path": ":jar",
            "outcome": "EXECUTED"
          },
          {
            "path": ":osgiClasses",
            "outcome": "EXECUTED"
          },
          {
            "path": ":performance:classes",
            "outcome": "UP_TO_DATE"
          },
          {
            "path": ":performance:compileGroovy",
            "outcome": "NO_SOURCE"
          },
          {
            "path": ":performance:compileJava",
            "outcome": "NO_SOURCE"
          },
          {
            "path": ":performance:jar",
            "outcome": "EXECUTED"
          },
          {
            "path": ":performance:processResources",
            "outcome": "NO_SOURCE"
          },
          {
            "path": ":processResources",
            "outcome": "EXECUTED"
          },
          {
            "path": ":stress:classes",
            "outcome": "UP_TO_DATE"
          },
          {
            "path": ":stress:compileGroovy",
            "outcome": "NO_SOURCE"
          },
          {
            "path": ":stress:compileJava",
            "outcome": "NO_SOURCE"
          },
          {
            "path": ":stress:jar",
            "outcome": "EXECUTED"
          },
          {
            "path": ":stress:processResources",
            "outcome": "NO_SOURCE"
          },
          {
            "path": ":tests-preview:classes",
            "outcome": "UP_TO_DATE"
          },
          {
            "path": ":tests-preview:compileGroovy",
            "outcome": "NO_SOURCE"
          },
          {
            "path": ":tests-preview:compileJava",
            "outcome": "NO_SOURCE"
          },
          {
            "path": ":tests-preview:jar",
            "outcome": "EXECUTED"
          },
          {
            "path": ":tests-preview:processResources",
            "outcome": "NO_SOURCE"
          }
        ]
      },
      "candidateTaskOutcomes": {
        "total": 25,
        "executed": 16,
        "fromCache": 8,
        "upToDate": 0,
        "noSource": 1,
        "skipped": 0,
        "fingerprintSha256": "b43c808e47c00d49cfb56f71197b3295e884e9f536fb660c7889cb8b633b76e2",
        "tasks": [
          {
            "path": ":bootstrapJar",
            "outcome": "EXECUTED"
          },
          {
            "path": ":build-logic:classes",
            "outcome": "EXECUTED"
          },
          {
            "path": ":build-logic:compileGroovy",
            "outcome": "FROM_CACHE"
          },
          {
            "path": ":build-logic:compileGroovyPlugins",
            "outcome": "FROM_CACHE"
          },
          {
            "path": ":build-logic:compileJava",
            "outcome": "FROM_CACHE"
          },
          {
            "path": ":build-logic:extractPluginRequests",
            "outcome": "FROM_CACHE"
          },
          {
            "path": ":build-logic:generatePluginAdapters",
            "outcome": "FROM_CACHE"
          },
          {
            "path": ":build-logic:jar",
            "outcome": "EXECUTED"
          },
          {
            "path": ":build-logic:pluginDescriptors",
            "outcome": "EXECUTED"
          },
          {
            "path": ":build-logic:processResources",
            "outcome": "EXECUTED"
          },
          {
            "path": ":classes",
            "outcome": "EXECUTED"
          },
          {
            "path": ":compileGroovy",
            "outcome": "EXECUTED"
          },
          {
            "path": ":compileJava",
            "outcome": "FROM_CACHE"
          },
          {
            "path": ":dgmConverter",
            "outcome": "FROM_CACHE"
          },
          {
            "path": ":generateGrammarSource",
            "outcome": "FROM_CACHE"
          },
          {
            "path": ":generateReleaseInfo",
            "outcome": "EXECUTED"
          },
          {
            "path": ":groovy-json:classes",
            "outcome": "EXECUTED"
          },
          {
            "path": ":groovy-json:compileGroovy",
            "outcome": "NO_SOURCE"
          },
          {
            "path": ":groovy-json:compileJava",
            "outcome": "EXECUTED"
          },
          {
            "path": ":groovy-json:generateReleaseInfo",
            "outcome": "EXECUTED"
          },
          {
            "path": ":groovy-json:jar",
            "outcome": "EXECUTED"
          },
          {
            "path": ":groovy-json:processResources",
            "outcome": "EXECUTED"
          },
          {
            "path": ":jar",
            "outcome": "EXECUTED"
          },
          {
            "path": ":osgiClasses",
            "outcome": "EXECUTED"
          },
          {
            "path": ":processResources",
            "outcome": "EXECUTED"
          }
        ]
      },
      "controlHostPressure": {
        "available": true,
        "cpuSomeTotalUs": 19932135,
        "memorySomeTotalUs": 1885,
        "memoryFullTotalUs": 1869,
        "ioSomeTotalUs": 37723211,
        "ioFullTotalUs": 15539414
      },
      "candidateHostPressure": {
        "available": true,
        "cpuSomeTotalUs": 181599,
        "memorySomeTotalUs": 0,
        "memoryFullTotalUs": 0,
        "ioSomeTotalUs": 12860981,
        "ioFullTotalUs": 9083060
      }
    },
    {
      "pair": 5,
      "order": "CONTROL_FIRST",
      "controlDurationMs": 71315,
      "candidateDurationMs": 21341,
      "savedMs": 49974,
      "controlRequiredOutputSha256": "27f462c377352f1f2a4074f1fae1f96ed51ec97f97e5b42237a57174204da1d5",
      "candidateRequiredOutputSha256": "27f462c377352f1f2a4074f1fae1f96ed51ec97f97e5b42237a57174204da1d5",
      "requiredOutputCount": 1,
      "productAttributableFailure": false,
      "controlLogSha256": "1a1307284c91cbb2e00e0dbeb93e0b96794917612fe72ce221d7f8c53cdd9584",
      "candidateLogSha256": "4664497a12e3f32c33b69712f05c11157308e96719b3984d61e04a05a4b2a116",
      "controlTaskOutcomes": {
        "total": 218,
        "executed": 138,
        "fromCache": 24,
        "upToDate": 8,
        "noSource": 48,
        "skipped": 0,
        "fingerprintSha256": "a8c9059b0fb2a799ddfba8828062a5ba4fb07b5deb583fa958f0ecb41079e151",
        "tasks": [
          {
            "path": ":bootstrapJar",
            "outcome": "EXECUTED"
          },
          {
            "path": ":build-logic:classes",
            "outcome": "EXECUTED"
          },
          {
            "path": ":build-logic:compileGroovy",
            "outcome": "FROM_CACHE"
          },
          {
            "path": ":build-logic:compileGroovyPlugins",
            "outcome": "FROM_CACHE"
          },
          {
            "path": ":build-logic:compileJava",
            "outcome": "FROM_CACHE"
          },
          {
            "path": ":build-logic:extractPluginRequests",
            "outcome": "FROM_CACHE"
          },
          {
            "path": ":build-logic:generatePluginAdapters",
            "outcome": "FROM_CACHE"
          },
          {
            "path": ":build-logic:jar",
            "outcome": "EXECUTED"
          },
          {
            "path": ":build-logic:pluginDescriptors",
            "outcome": "EXECUTED"
          },
          {
            "path": ":build-logic:processResources",
            "outcome": "EXECUTED"
          },
          {
            "path": ":classes",
            "outcome": "EXECUTED"
          },
          {
            "path": ":compileGroovy",
            "outcome": "EXECUTED"
          },
          {
            "path": ":compileJava",
            "outcome": "FROM_CACHE",
            "consoleOutcomeTransitions": [
              "EXECUTED",
              "FROM_CACHE"
            ]
          },
          {
            "path": ":dgmConverter",
            "outcome": "FROM_CACHE"
          },
          {
            "path": ":generateGrammarSource",
            "outcome": "FROM_CACHE"
          },
          {
            "path": ":generateReleaseInfo",
            "outcome": "EXECUTED"
          },
          {
            "path": ":groovy-ant:classes",
            "outcome": "EXECUTED"
          },
          {
            "path": ":groovy-ant:compileGroovy",
            "outcome": "EXECUTED"
          },
          {
            "path": ":groovy-ant:compileJava",
            "outcome": "FROM_CACHE"
          },
          {
            "path": ":groovy-ant:generateReleaseInfo",
            "outcome": "EXECUTED"
          },
          {
            "path": ":groovy-ant:jar",
            "outcome": "EXECUTED"
          },
          {
            "path": ":groovy-ant:processResources",
            "outcome": "EXECUTED"
          },
          {
            "path": ":groovy-astbuilder:classes",
            "outcome": "EXECUTED"
          },
          {
            "path": ":groovy-astbuilder:compileGroovy",
            "outcome": "NO_SOURCE"
          },
          {
            "path": ":groovy-astbuilder:compileJava",
            "outcome": "FROM_CACHE"
          },
          {
            "path": ":groovy-astbuilder:generateReleaseInfo",
            "outcome": "EXECUTED"
          },
          {
            "path": ":groovy-astbuilder:jar",
            "outcome": "EXECUTED"
          },
          {
            "path": ":groovy-astbuilder:processResources",
            "outcome": "EXECUTED"
          },
          {
            "path": ":groovy-cli-commons:classes",
            "outcome": "EXECUTED"
          },
          {
            "path": ":groovy-cli-commons:compileGroovy",
            "outcome": "EXECUTED"
          },
          {
            "path": ":groovy-cli-commons:compileJava",
            "outcome": "NO_SOURCE"
          },
          {
            "path": ":groovy-cli-commons:generateReleaseInfo",
            "outcome": "EXECUTED"
          },
          {
            "path": ":groovy-cli-commons:jar",
            "outcome": "EXECUTED"
          },
          {
            "path": ":groovy-cli-commons:processResources",
            "outcome": "NO_SOURCE"
          },
          {
            "path": ":groovy-cli-picocli:classes",
            "outcome": "EXECUTED"
          },
          {
            "path": ":groovy-cli-picocli:compileGroovy",
            "outcome": "EXECUTED"
          },
          {
            "path": ":groovy-cli-picocli:compileJava",
            "outcome": "NO_SOURCE"
          },
          {
            "path": ":groovy-cli-picocli:generateReleaseInfo",
            "outcome": "EXECUTED"
          },
          {
            "path": ":groovy-cli-picocli:jar",
            "outcome": "EXECUTED"
          },
          {
            "path": ":groovy-cli-picocli:processResources",
            "outcome": "NO_SOURCE"
          },
          {
            "path": ":groovy-console:classes",
            "outcome": "EXECUTED"
          },
          {
            "path": ":groovy-console:compileGroovy",
            "outcome": "EXECUTED"
          },
          {
            "path": ":groovy-console:compileJava",
            "outcome": "NO_SOURCE"
          },
          {
            "path": ":groovy-console:generateReleaseInfo",
            "outcome": "EXECUTED"
          },
          {
            "path": ":groovy-console:jar",
            "outcome": "EXECUTED"
          },
          {
            "path": ":groovy-console:processResources",
            "outcome": "EXECUTED"
          },
          {
            "path": ":groovy-contracts:classes",
            "outcome": "EXECUTED"
          },
          {
            "path": ":groovy-contracts:compileGroovy",
            "outcome": "NO_SOURCE"
          },
          {
            "path": ":groovy-contracts:compileJava",
            "outcome": "FROM_CACHE"
          },
          {
            "path": ":groovy-contracts:generateReleaseInfo",
            "outcome": "EXECUTED"
          },
          {
            "path": ":groovy-contracts:jar",
            "outcome": "EXECUTED"
          },
          {
            "path": ":groovy-contracts:processResources",
            "outcome": "EXECUTED"
          },
          {
            "path": ":groovy-datetime:classes",
            "outcome": "UP_TO_DATE"
          },
          {
            "path": ":groovy-datetime:compileGroovy",
            "outcome": "NO_SOURCE"
          },
          {
            "path": ":groovy-datetime:compileJava",
            "outcome": "FROM_CACHE"
          },
          {
            "path": ":groovy-datetime:generateReleaseInfo",
            "outcome": "EXECUTED"
          },
          {
            "path": ":groovy-datetime:jar",
            "outcome": "EXECUTED"
          },
          {
            "path": ":groovy-datetime:moduleDescriptor",
            "outcome": "EXECUTED"
          },
          {
            "path": ":groovy-datetime:processResources",
            "outcome": "NO_SOURCE"
          },
          {
            "path": ":groovy-dateutil:classes",
            "outcome": "UP_TO_DATE"
          },
          {
            "path": ":groovy-dateutil:compileGroovy",
            "outcome": "NO_SOURCE"
          },
          {
            "path": ":groovy-dateutil:compileJava",
            "outcome": "FROM_CACHE"
          },
          {
            "path": ":groovy-dateutil:generateReleaseInfo",
            "outcome": "EXECUTED"
          },
          {
            "path": ":groovy-dateutil:jar",
            "outcome": "EXECUTED"
          },
          {
            "path": ":groovy-dateutil:moduleDescriptor",
            "outcome": "EXECUTED"
          },
          {
            "path": ":groovy-dateutil:processResources",
            "outcome": "NO_SOURCE"
          },
          {
            "path": ":groovy-docgenerator:classes",
            "outcome": "EXECUTED"
          },
          {
            "path": ":groovy-docgenerator:compileGroovy",
            "outcome": "EXECUTED"
          },
          {
            "path": ":groovy-docgenerator:compileJava",
            "outcome": "NO_SOURCE"
          },
          {
            "path": ":groovy-docgenerator:generateReleaseInfo",
            "outcome": "EXECUTED"
          },
          {
            "path": ":groovy-docgenerator:jar",
            "outcome": "EXECUTED"
          },
          {
            "path": ":groovy-docgenerator:processResources",
            "outcome": "EXECUTED"
          },
          {
            "path": ":groovy-ginq:classes",
            "outcome": "EXECUTED"
          },
          {
            "path": ":groovy-ginq:compileGroovy",
            "outcome": "EXECUTED"
          },
          {
            "path": ":groovy-ginq:compileJava",
            "outcome": "NO_SOURCE"
          },
          {
            "path": ":groovy-ginq:generateReleaseInfo",
            "outcome": "EXECUTED"
          },
          {
            "path": ":groovy-ginq:jar",
            "outcome": "EXECUTED"
          },
          {
            "path": ":groovy-ginq:moduleDescriptor",
            "outcome": "EXECUTED"
          },
          {
            "path": ":groovy-ginq:processResources",
            "outcome": "NO_SOURCE"
          },
          {
            "path": ":groovy-groovydoc:classes",
            "outcome": "EXECUTED"
          },
          {
            "path": ":groovy-groovydoc:compileGroovy",
            "outcome": "EXECUTED"
          },
          {
            "path": ":groovy-groovydoc:compileJava",
            "outcome": "FROM_CACHE"
          },
          {
            "path": ":groovy-groovydoc:generateReleaseInfo",
            "outcome": "EXECUTED"
          },
          {
            "path": ":groovy-groovydoc:jar",
            "outcome": "EXECUTED"
          },
          {
            "path": ":groovy-groovydoc:processResources",
            "outcome": "EXECUTED"
          },
          {
            "path": ":groovy-groovysh:classes",
            "outcome": "EXECUTED"
          },
          {
            "path": ":groovy-groovysh:compileGroovy",
            "outcome": "EXECUTED"
          },
          {
            "path": ":groovy-groovysh:compileJava",
            "outcome": "NO_SOURCE"
          },
          {
            "path": ":groovy-groovysh:generateReleaseInfo",
            "outcome": "EXECUTED"
          },
          {
            "path": ":groovy-groovysh:jar",
            "outcome": "EXECUTED"
          },
          {
            "path": ":groovy-groovysh:processResources",
            "outcome": "EXECUTED"
          },
          {
            "path": ":groovy-jmx:classes",
            "outcome": "EXECUTED"
          },
          {
            "path": ":groovy-jmx:compileGroovy",
            "outcome": "EXECUTED"
          },
          {
            "path": ":groovy-jmx:compileJava",
            "outcome": "FROM_CACHE"
          },
          {
            "path": ":groovy-jmx:generateReleaseInfo",
            "outcome": "EXECUTED"
          },
          {
            "path": ":groovy-jmx:jar",
            "outcome": "EXECUTED"
          },
          {
            "path": ":groovy-jmx:processResources",
            "outcome": "NO_SOURCE"
          },
          {
            "path": ":groovy-json:classes",
            "outcome": "EXECUTED"
          },
          {
            "path": ":groovy-json:compileGroovy",
            "outcome": "NO_SOURCE"
          },
          {
            "path": ":groovy-json:compileJava",
            "outcome": "EXECUTED"
          },
          {
            "path": ":groovy-json:generateReleaseInfo",
            "outcome": "EXECUTED"
          },
          {
            "path": ":groovy-json:jar",
            "outcome": "EXECUTED"
          },
          {
            "path": ":groovy-json:processResources",
            "outcome": "EXECUTED"
          },
          {
            "path": ":groovy-jsr223:classes",
            "outcome": "EXECUTED"
          },
          {
            "path": ":groovy-jsr223:compileGroovy",
            "outcome": "NO_SOURCE"
          },
          {
            "path": ":groovy-jsr223:compileJava",
            "outcome": "FROM_CACHE"
          },
          {
            "path": ":groovy-jsr223:generateReleaseInfo",
            "outcome": "EXECUTED"
          },
          {
            "path": ":groovy-jsr223:jar",
            "outcome": "EXECUTED"
          },
          {
            "path": ":groovy-jsr223:moduleDescriptor",
            "outcome": "EXECUTED"
          },
          {
            "path": ":groovy-jsr223:processResources",
            "outcome": "EXECUTED"
          },
          {
            "path": ":groovy-macro-library:classes",
            "outcome": "EXECUTED"
          },
          {
            "path": ":groovy-macro-library:compileGroovy",
            "outcome": "EXECUTED"
          },
          {
            "path": ":groovy-macro-library:compileJava",
            "outcome": "NO_SOURCE"
          },
          {
            "path": ":groovy-macro-library:generateReleaseInfo",
            "outcome": "EXECUTED"
          },
          {
            "path": ":groovy-macro-library:jar",
            "outcome": "EXECUTED"
          },
          {
            "path": ":groovy-macro-library:moduleDescriptor",
            "outcome": "EXECUTED"
          },
          {
            "path": ":groovy-macro-library:processResources",
            "outcome": "NO_SOURCE"
          },
          {
            "path": ":groovy-macro:classes",
            "outcome": "EXECUTED"
          },
          {
            "path": ":groovy-macro:compileGroovy",
            "outcome": "EXECUTED"
          },
          {
            "path": ":groovy-macro:compileJava",
            "outcome": "NO_SOURCE"
          },
          {
            "path": ":groovy-macro:generateReleaseInfo",
            "outcome": "EXECUTED"
          },
          {
            "path": ":groovy-macro:jar",
            "outcome": "EXECUTED"
          },
          {
            "path": ":groovy-macro:moduleDescriptor",
            "outcome": "EXECUTED"
          },
          {
            "path": ":groovy-macro:processResources",
            "outcome": "EXECUTED"
          },
          {
            "path": ":groovy-nio:classes",
            "outcome": "UP_TO_DATE"
          },
          {
            "path": ":groovy-nio:compileGroovy",
            "outcome": "NO_SOURCE"
          },
          {
            "path": ":groovy-nio:compileJava",
            "outcome": "FROM_CACHE"
          },
          {
            "path": ":groovy-nio:generateReleaseInfo",
            "outcome": "EXECUTED"
          },
          {
            "path": ":groovy-nio:jar",
            "outcome": "EXECUTED"
          },
          {
            "path": ":groovy-nio:moduleDescriptor",
            "outcome": "EXECUTED"
          },
          {
            "path": ":groovy-nio:processResources",
            "outcome": "NO_SOURCE"
          },
          {
            "path": ":groovy-servlet:classes",
            "outcome": "UP_TO_DATE"
          },
          {
            "path": ":groovy-servlet:compileGroovy",
            "outcome": "NO_SOURCE"
          },
          {
            "path": ":groovy-servlet:compileJava",
            "outcome": "FROM_CACHE"
          },
          {
            "path": ":groovy-servlet:generateReleaseInfo",
            "outcome": "EXECUTED"
          },
          {
            "path": ":groovy-servlet:jar",
            "outcome": "EXECUTED"
          },
          {
            "path": ":groovy-servlet:processResources",
            "outcome": "NO_SOURCE"
          },
          {
            "path": ":groovy-sql:classes",
            "outcome": "UP_TO_DATE"
          },
          {
            "path": ":groovy-sql:compileGroovy",
            "outcome": "NO_SOURCE"
          },
          {
            "path": ":groovy-sql:compileJava",
            "outcome": "FROM_CACHE"
          },
          {
            "path": ":groovy-sql:generateReleaseInfo",
            "outcome": "EXECUTED"
          },
          {
            "path": ":groovy-sql:jar",
            "outcome": "EXECUTED"
          },
          {
            "path": ":groovy-sql:moduleDescriptor",
            "outcome": "EXECUTED"
          },
          {
            "path": ":groovy-sql:processResources",
            "outcome": "NO_SOURCE"
          },
          {
            "path": ":groovy-swing:classes",
            "outcome": "EXECUTED"
          },
          {
            "path": ":groovy-swing:compileGroovy",
            "outcome": "EXECUTED"
          },
          {
            "path": ":groovy-swing:compileJava",
            "outcome": "FROM_CACHE"
          },
          {
            "path": ":groovy-swing:generateReleaseInfo",
            "outcome": "EXECUTED"
          },
          {
            "path": ":groovy-swing:jar",
            "outcome": "EXECUTED"
          },
          {
            "path": ":groovy-swing:moduleDescriptor",
            "outcome": "EXECUTED"
          },
          {
            "path": ":groovy-swing:processResources",
            "outcome": "NO_SOURCE"
          },
          {
            "path": ":groovy-templates:classes",
            "outcome": "EXECUTED"
          },
          {
            "path": ":groovy-templates:compileGroovy",
            "outcome": "EXECUTED"
          },
          {
            "path": ":groovy-templates:compileJava",
            "outcome": "NO_SOURCE"
          },
          {
            "path": ":groovy-templates:generateReleaseInfo",
            "outcome": "EXECUTED"
          },
          {
            "path": ":groovy-templates:jar",
            "outcome": "EXECUTED"
          },
          {
            "path": ":groovy-templates:processResources",
            "outcome": "NO_SOURCE"
          },
          {
            "path": ":groovy-test-junit5:classes",
            "outcome": "EXECUTED"
          },
          {
            "path": ":groovy-test-junit5:compileGroovy",
            "outcome": "EXECUTED"
          },
          {
            "path": ":groovy-test-junit5:compileJava",
            "outcome": "FROM_CACHE"
          },
          {
            "path": ":groovy-test-junit5:generateReleaseInfo",
            "outcome": "EXECUTED"
          },
          {
            "path": ":groovy-test-junit5:jar",
            "outcome": "EXECUTED"
          },
          {
            "path": ":groovy-test-junit5:processResources",
            "outcome": "EXECUTED"
          },
          {
            "path": ":groovy-test:classes",
            "outcome": "EXECUTED"
          },
          {
            "path": ":groovy-test:compileGroovy",
            "outcome": "EXECUTED"
          },
          {
            "path": ":groovy-test:compileJava",
            "outcome": "FROM_CACHE"
          },
          {
            "path": ":groovy-test:generateReleaseInfo",
            "outcome": "EXECUTED"
          },
          {
            "path": ":groovy-test:jar",
            "outcome": "EXECUTED"
          },
          {
            "path": ":groovy-test:processResources",
            "outcome": "NO_SOURCE"
          },
          {
            "path": ":groovy-testng:classes",
            "outcome": "EXECUTED"
          },
          {
            "path": ":groovy-testng:compileGroovy",
            "outcome": "NO_SOURCE"
          },
          {
            "path": ":groovy-testng:compileJava",
            "outcome": "FROM_CACHE"
          },
          {
            "path": ":groovy-testng:generateReleaseInfo",
            "outcome": "EXECUTED"
          },
          {
            "path": ":groovy-testng:jar",
            "outcome": "EXECUTED"
          },
          {
            "path": ":groovy-testng:processResources",
            "outcome": "EXECUTED"
          },
          {
            "path": ":groovy-toml:classes",
            "outcome": "EXECUTED"
          },
          {
            "path": ":groovy-toml:compileGroovy",
            "outcome": "NO_SOURCE"
          },
          {
            "path": ":groovy-toml:compileJava",
            "outcome": "EXECUTED"
          },
          {
            "path": ":groovy-toml:generateReleaseInfo",
            "outcome": "EXECUTED"
          },
          {
            "path": ":groovy-toml:jar",
            "outcome": "EXECUTED"
          },
          {
            "path": ":groovy-toml:processResources",
            "outcome": "NO_SOURCE"
          },
          {
            "path": ":groovy-typecheckers:classes",
            "outcome": "EXECUTED"
          },
          {
            "path": ":groovy-typecheckers:compileGroovy",
            "outcome": "EXECUTED"
          },
          {
            "path": ":groovy-typecheckers:compileJava",
            "outcome": "NO_SOURCE"
          },
          {
            "path": ":groovy-typecheckers:generateReleaseInfo",
            "outcome": "EXECUTED"
          },
          {
            "path": ":groovy-typecheckers:jar",
            "outcome": "EXECUTED"
          },
          {
            "path": ":groovy-typecheckers:processResources",
            "outcome": "NO_SOURCE"
          },
          {
            "path": ":groovy-xml:classes",
            "outcome": "EXECUTED"
          },
          {
            "path": ":groovy-xml:compileGroovy",
            "outcome": "EXECUTED"
          },
          {
            "path": ":groovy-xml:compileJava",
            "outcome": "FROM_CACHE"
          },
          {
            "path": ":groovy-xml:generateReleaseInfo",
            "outcome": "EXECUTED"
          },
          {
            "path": ":groovy-xml:jar",
            "outcome": "EXECUTED"
          },
          {
            "path": ":groovy-xml:moduleDescriptor",
            "outcome": "EXECUTED"
          },
          {
            "path": ":groovy-xml:processResources",
            "outcome": "NO_SOURCE"
          },
          {
            "path": ":groovy-yaml:classes",
            "outcome": "EXECUTED"
          },
          {
            "path": ":groovy-yaml:compileGroovy",
            "outcome": "NO_SOURCE"
          },
          {
            "path": ":groovy-yaml:compileJava",
            "outcome": "EXECUTED"
          },
          {
            "path": ":groovy-yaml:generateReleaseInfo",
            "outcome": "EXECUTED"
          },
          {
            "path": ":groovy-yaml:jar",
            "outcome": "EXECUTED"
          },
          {
            "path": ":groovy-yaml:processResources",
            "outcome": "NO_SOURCE"
          },
          {
            "path": ":jar",
            "outcome": "EXECUTED"
          },
          {
            "path": ":osgiClasses",
            "outcome": "EXECUTED"
          },
          {
            "path": ":performance:classes",
            "outcome": "UP_TO_DATE"
          },
          {
            "path": ":performance:compileGroovy",
            "outcome": "NO_SOURCE"
          },
          {
            "path": ":performance:compileJava",
            "outcome": "NO_SOURCE"
          },
          {
            "path": ":performance:jar",
            "outcome": "EXECUTED"
          },
          {
            "path": ":performance:processResources",
            "outcome": "NO_SOURCE"
          },
          {
            "path": ":processResources",
            "outcome": "EXECUTED"
          },
          {
            "path": ":stress:classes",
            "outcome": "UP_TO_DATE"
          },
          {
            "path": ":stress:compileGroovy",
            "outcome": "NO_SOURCE"
          },
          {
            "path": ":stress:compileJava",
            "outcome": "NO_SOURCE"
          },
          {
            "path": ":stress:jar",
            "outcome": "EXECUTED"
          },
          {
            "path": ":stress:processResources",
            "outcome": "NO_SOURCE"
          },
          {
            "path": ":tests-preview:classes",
            "outcome": "UP_TO_DATE"
          },
          {
            "path": ":tests-preview:compileGroovy",
            "outcome": "NO_SOURCE"
          },
          {
            "path": ":tests-preview:compileJava",
            "outcome": "NO_SOURCE"
          },
          {
            "path": ":tests-preview:jar",
            "outcome": "EXECUTED"
          },
          {
            "path": ":tests-preview:processResources",
            "outcome": "NO_SOURCE"
          }
        ]
      },
      "candidateTaskOutcomes": {
        "total": 25,
        "executed": 16,
        "fromCache": 8,
        "upToDate": 0,
        "noSource": 1,
        "skipped": 0,
        "fingerprintSha256": "b43c808e47c00d49cfb56f71197b3295e884e9f536fb660c7889cb8b633b76e2",
        "tasks": [
          {
            "path": ":bootstrapJar",
            "outcome": "EXECUTED"
          },
          {
            "path": ":build-logic:classes",
            "outcome": "EXECUTED"
          },
          {
            "path": ":build-logic:compileGroovy",
            "outcome": "FROM_CACHE"
          },
          {
            "path": ":build-logic:compileGroovyPlugins",
            "outcome": "FROM_CACHE"
          },
          {
            "path": ":build-logic:compileJava",
            "outcome": "FROM_CACHE"
          },
          {
            "path": ":build-logic:extractPluginRequests",
            "outcome": "FROM_CACHE"
          },
          {
            "path": ":build-logic:generatePluginAdapters",
            "outcome": "FROM_CACHE"
          },
          {
            "path": ":build-logic:jar",
            "outcome": "EXECUTED"
          },
          {
            "path": ":build-logic:pluginDescriptors",
            "outcome": "EXECUTED"
          },
          {
            "path": ":build-logic:processResources",
            "outcome": "EXECUTED"
          },
          {
            "path": ":classes",
            "outcome": "EXECUTED"
          },
          {
            "path": ":compileGroovy",
            "outcome": "EXECUTED"
          },
          {
            "path": ":compileJava",
            "outcome": "FROM_CACHE"
          },
          {
            "path": ":dgmConverter",
            "outcome": "FROM_CACHE"
          },
          {
            "path": ":generateGrammarSource",
            "outcome": "FROM_CACHE"
          },
          {
            "path": ":generateReleaseInfo",
            "outcome": "EXECUTED"
          },
          {
            "path": ":groovy-json:classes",
            "outcome": "EXECUTED"
          },
          {
            "path": ":groovy-json:compileGroovy",
            "outcome": "NO_SOURCE"
          },
          {
            "path": ":groovy-json:compileJava",
            "outcome": "EXECUTED"
          },
          {
            "path": ":groovy-json:generateReleaseInfo",
            "outcome": "EXECUTED"
          },
          {
            "path": ":groovy-json:jar",
            "outcome": "EXECUTED"
          },
          {
            "path": ":groovy-json:processResources",
            "outcome": "EXECUTED"
          },
          {
            "path": ":jar",
            "outcome": "EXECUTED"
          },
          {
            "path": ":osgiClasses",
            "outcome": "EXECUTED"
          },
          {
            "path": ":processResources",
            "outcome": "EXECUTED"
          }
        ]
      },
      "controlHostPressure": {
        "available": true,
        "cpuSomeTotalUs": 18303252,
        "memorySomeTotalUs": 5,
        "memoryFullTotalUs": 5,
        "ioSomeTotalUs": 36240263,
        "ioFullTotalUs": 14432073
      },
      "candidateHostPressure": {
        "available": true,
        "cpuSomeTotalUs": 157397,
        "memorySomeTotalUs": 0,
        "memoryFullTotalUs": 0,
        "ioSomeTotalUs": 13929643,
        "ioFullTotalUs": 9149985
      }
    },
    {
      "pair": 6,
      "order": "CANDIDATE_FIRST",
      "controlDurationMs": 71207,
      "candidateDurationMs": 18739,
      "savedMs": 52468,
      "controlRequiredOutputSha256": "27f462c377352f1f2a4074f1fae1f96ed51ec97f97e5b42237a57174204da1d5",
      "candidateRequiredOutputSha256": "27f462c377352f1f2a4074f1fae1f96ed51ec97f97e5b42237a57174204da1d5",
      "requiredOutputCount": 1,
      "productAttributableFailure": false,
      "controlLogSha256": "4b812f044aa94ba2255b5a837b9a5f1f648ad143a7596caf85b5edab3dec2d58",
      "candidateLogSha256": "7014d53bce1dfd604898bfc30916f4b1f4f1bff593fa65b1fe12f156e31903ce",
      "controlTaskOutcomes": {
        "total": 218,
        "executed": 138,
        "fromCache": 24,
        "upToDate": 8,
        "noSource": 48,
        "skipped": 0,
        "fingerprintSha256": "a8c9059b0fb2a799ddfba8828062a5ba4fb07b5deb583fa958f0ecb41079e151",
        "tasks": [
          {
            "path": ":bootstrapJar",
            "outcome": "EXECUTED"
          },
          {
            "path": ":build-logic:classes",
            "outcome": "EXECUTED"
          },
          {
            "path": ":build-logic:compileGroovy",
            "outcome": "FROM_CACHE"
          },
          {
            "path": ":build-logic:compileGroovyPlugins",
            "outcome": "FROM_CACHE"
          },
          {
            "path": ":build-logic:compileJava",
            "outcome": "FROM_CACHE"
          },
          {
            "path": ":build-logic:extractPluginRequests",
            "outcome": "FROM_CACHE"
          },
          {
            "path": ":build-logic:generatePluginAdapters",
            "outcome": "FROM_CACHE"
          },
          {
            "path": ":build-logic:jar",
            "outcome": "EXECUTED"
          },
          {
            "path": ":build-logic:pluginDescriptors",
            "outcome": "EXECUTED"
          },
          {
            "path": ":build-logic:processResources",
            "outcome": "EXECUTED"
          },
          {
            "path": ":classes",
            "outcome": "EXECUTED"
          },
          {
            "path": ":compileGroovy",
            "outcome": "EXECUTED"
          },
          {
            "path": ":compileJava",
            "outcome": "FROM_CACHE",
            "consoleOutcomeTransitions": [
              "EXECUTED",
              "FROM_CACHE"
            ]
          },
          {
            "path": ":dgmConverter",
            "outcome": "FROM_CACHE"
          },
          {
            "path": ":generateGrammarSource",
            "outcome": "FROM_CACHE"
          },
          {
            "path": ":generateReleaseInfo",
            "outcome": "EXECUTED"
          },
          {
            "path": ":groovy-ant:classes",
            "outcome": "EXECUTED"
          },
          {
            "path": ":groovy-ant:compileGroovy",
            "outcome": "EXECUTED"
          },
          {
            "path": ":groovy-ant:compileJava",
            "outcome": "FROM_CACHE"
          },
          {
            "path": ":groovy-ant:generateReleaseInfo",
            "outcome": "EXECUTED"
          },
          {
            "path": ":groovy-ant:jar",
            "outcome": "EXECUTED"
          },
          {
            "path": ":groovy-ant:processResources",
            "outcome": "EXECUTED"
          },
          {
            "path": ":groovy-astbuilder:classes",
            "outcome": "EXECUTED"
          },
          {
            "path": ":groovy-astbuilder:compileGroovy",
            "outcome": "NO_SOURCE"
          },
          {
            "path": ":groovy-astbuilder:compileJava",
            "outcome": "FROM_CACHE"
          },
          {
            "path": ":groovy-astbuilder:generateReleaseInfo",
            "outcome": "EXECUTED"
          },
          {
            "path": ":groovy-astbuilder:jar",
            "outcome": "EXECUTED"
          },
          {
            "path": ":groovy-astbuilder:processResources",
            "outcome": "EXECUTED"
          },
          {
            "path": ":groovy-cli-commons:classes",
            "outcome": "EXECUTED"
          },
          {
            "path": ":groovy-cli-commons:compileGroovy",
            "outcome": "EXECUTED"
          },
          {
            "path": ":groovy-cli-commons:compileJava",
            "outcome": "NO_SOURCE"
          },
          {
            "path": ":groovy-cli-commons:generateReleaseInfo",
            "outcome": "EXECUTED"
          },
          {
            "path": ":groovy-cli-commons:jar",
            "outcome": "EXECUTED"
          },
          {
            "path": ":groovy-cli-commons:processResources",
            "outcome": "NO_SOURCE"
          },
          {
            "path": ":groovy-cli-picocli:classes",
            "outcome": "EXECUTED"
          },
          {
            "path": ":groovy-cli-picocli:compileGroovy",
            "outcome": "EXECUTED"
          },
          {
            "path": ":groovy-cli-picocli:compileJava",
            "outcome": "NO_SOURCE"
          },
          {
            "path": ":groovy-cli-picocli:generateReleaseInfo",
            "outcome": "EXECUTED"
          },
          {
            "path": ":groovy-cli-picocli:jar",
            "outcome": "EXECUTED"
          },
          {
            "path": ":groovy-cli-picocli:processResources",
            "outcome": "NO_SOURCE"
          },
          {
            "path": ":groovy-console:classes",
            "outcome": "EXECUTED"
          },
          {
            "path": ":groovy-console:compileGroovy",
            "outcome": "EXECUTED"
          },
          {
            "path": ":groovy-console:compileJava",
            "outcome": "NO_SOURCE"
          },
          {
            "path": ":groovy-console:generateReleaseInfo",
            "outcome": "EXECUTED"
          },
          {
            "path": ":groovy-console:jar",
            "outcome": "EXECUTED"
          },
          {
            "path": ":groovy-console:processResources",
            "outcome": "EXECUTED"
          },
          {
            "path": ":groovy-contracts:classes",
            "outcome": "EXECUTED"
          },
          {
            "path": ":groovy-contracts:compileGroovy",
            "outcome": "NO_SOURCE"
          },
          {
            "path": ":groovy-contracts:compileJava",
            "outcome": "FROM_CACHE"
          },
          {
            "path": ":groovy-contracts:generateReleaseInfo",
            "outcome": "EXECUTED"
          },
          {
            "path": ":groovy-contracts:jar",
            "outcome": "EXECUTED"
          },
          {
            "path": ":groovy-contracts:processResources",
            "outcome": "EXECUTED"
          },
          {
            "path": ":groovy-datetime:classes",
            "outcome": "UP_TO_DATE"
          },
          {
            "path": ":groovy-datetime:compileGroovy",
            "outcome": "NO_SOURCE"
          },
          {
            "path": ":groovy-datetime:compileJava",
            "outcome": "FROM_CACHE"
          },
          {
            "path": ":groovy-datetime:generateReleaseInfo",
            "outcome": "EXECUTED"
          },
          {
            "path": ":groovy-datetime:jar",
            "outcome": "EXECUTED"
          },
          {
            "path": ":groovy-datetime:moduleDescriptor",
            "outcome": "EXECUTED"
          },
          {
            "path": ":groovy-datetime:processResources",
            "outcome": "NO_SOURCE"
          },
          {
            "path": ":groovy-dateutil:classes",
            "outcome": "UP_TO_DATE"
          },
          {
            "path": ":groovy-dateutil:compileGroovy",
            "outcome": "NO_SOURCE"
          },
          {
            "path": ":groovy-dateutil:compileJava",
            "outcome": "FROM_CACHE"
          },
          {
            "path": ":groovy-dateutil:generateReleaseInfo",
            "outcome": "EXECUTED"
          },
          {
            "path": ":groovy-dateutil:jar",
            "outcome": "EXECUTED"
          },
          {
            "path": ":groovy-dateutil:moduleDescriptor",
            "outcome": "EXECUTED"
          },
          {
            "path": ":groovy-dateutil:processResources",
            "outcome": "NO_SOURCE"
          },
          {
            "path": ":groovy-docgenerator:classes",
            "outcome": "EXECUTED"
          },
          {
            "path": ":groovy-docgenerator:compileGroovy",
            "outcome": "EXECUTED"
          },
          {
            "path": ":groovy-docgenerator:compileJava",
            "outcome": "NO_SOURCE"
          },
          {
            "path": ":groovy-docgenerator:generateReleaseInfo",
            "outcome": "EXECUTED"
          },
          {
            "path": ":groovy-docgenerator:jar",
            "outcome": "EXECUTED"
          },
          {
            "path": ":groovy-docgenerator:processResources",
            "outcome": "EXECUTED"
          },
          {
            "path": ":groovy-ginq:classes",
            "outcome": "EXECUTED"
          },
          {
            "path": ":groovy-ginq:compileGroovy",
            "outcome": "EXECUTED"
          },
          {
            "path": ":groovy-ginq:compileJava",
            "outcome": "NO_SOURCE"
          },
          {
            "path": ":groovy-ginq:generateReleaseInfo",
            "outcome": "EXECUTED"
          },
          {
            "path": ":groovy-ginq:jar",
            "outcome": "EXECUTED"
          },
          {
            "path": ":groovy-ginq:moduleDescriptor",
            "outcome": "EXECUTED"
          },
          {
            "path": ":groovy-ginq:processResources",
            "outcome": "NO_SOURCE"
          },
          {
            "path": ":groovy-groovydoc:classes",
            "outcome": "EXECUTED"
          },
          {
            "path": ":groovy-groovydoc:compileGroovy",
            "outcome": "EXECUTED"
          },
          {
            "path": ":groovy-groovydoc:compileJava",
            "outcome": "FROM_CACHE"
          },
          {
            "path": ":groovy-groovydoc:generateReleaseInfo",
            "outcome": "EXECUTED"
          },
          {
            "path": ":groovy-groovydoc:jar",
            "outcome": "EXECUTED"
          },
          {
            "path": ":groovy-groovydoc:processResources",
            "outcome": "EXECUTED"
          },
          {
            "path": ":groovy-groovysh:classes",
            "outcome": "EXECUTED"
          },
          {
            "path": ":groovy-groovysh:compileGroovy",
            "outcome": "EXECUTED"
          },
          {
            "path": ":groovy-groovysh:compileJava",
            "outcome": "NO_SOURCE"
          },
          {
            "path": ":groovy-groovysh:generateReleaseInfo",
            "outcome": "EXECUTED"
          },
          {
            "path": ":groovy-groovysh:jar",
            "outcome": "EXECUTED"
          },
          {
            "path": ":groovy-groovysh:processResources",
            "outcome": "EXECUTED"
          },
          {
            "path": ":groovy-jmx:classes",
            "outcome": "EXECUTED"
          },
          {
            "path": ":groovy-jmx:compileGroovy",
            "outcome": "EXECUTED"
          },
          {
            "path": ":groovy-jmx:compileJava",
            "outcome": "FROM_CACHE"
          },
          {
            "path": ":groovy-jmx:generateReleaseInfo",
            "outcome": "EXECUTED"
          },
          {
            "path": ":groovy-jmx:jar",
            "outcome": "EXECUTED"
          },
          {
            "path": ":groovy-jmx:processResources",
            "outcome": "NO_SOURCE"
          },
          {
            "path": ":groovy-json:classes",
            "outcome": "EXECUTED"
          },
          {
            "path": ":groovy-json:compileGroovy",
            "outcome": "NO_SOURCE"
          },
          {
            "path": ":groovy-json:compileJava",
            "outcome": "EXECUTED"
          },
          {
            "path": ":groovy-json:generateReleaseInfo",
            "outcome": "EXECUTED"
          },
          {
            "path": ":groovy-json:jar",
            "outcome": "EXECUTED"
          },
          {
            "path": ":groovy-json:processResources",
            "outcome": "EXECUTED"
          },
          {
            "path": ":groovy-jsr223:classes",
            "outcome": "EXECUTED"
          },
          {
            "path": ":groovy-jsr223:compileGroovy",
            "outcome": "NO_SOURCE"
          },
          {
            "path": ":groovy-jsr223:compileJava",
            "outcome": "FROM_CACHE"
          },
          {
            "path": ":groovy-jsr223:generateReleaseInfo",
            "outcome": "EXECUTED"
          },
          {
            "path": ":groovy-jsr223:jar",
            "outcome": "EXECUTED"
          },
          {
            "path": ":groovy-jsr223:moduleDescriptor",
            "outcome": "EXECUTED"
          },
          {
            "path": ":groovy-jsr223:processResources",
            "outcome": "EXECUTED"
          },
          {
            "path": ":groovy-macro-library:classes",
            "outcome": "EXECUTED"
          },
          {
            "path": ":groovy-macro-library:compileGroovy",
            "outcome": "EXECUTED"
          },
          {
            "path": ":groovy-macro-library:compileJava",
            "outcome": "NO_SOURCE"
          },
          {
            "path": ":groovy-macro-library:generateReleaseInfo",
            "outcome": "EXECUTED"
          },
          {
            "path": ":groovy-macro-library:jar",
            "outcome": "EXECUTED"
          },
          {
            "path": ":groovy-macro-library:moduleDescriptor",
            "outcome": "EXECUTED"
          },
          {
            "path": ":groovy-macro-library:processResources",
            "outcome": "NO_SOURCE"
          },
          {
            "path": ":groovy-macro:classes",
            "outcome": "EXECUTED"
          },
          {
            "path": ":groovy-macro:compileGroovy",
            "outcome": "EXECUTED"
          },
          {
            "path": ":groovy-macro:compileJava",
            "outcome": "NO_SOURCE"
          },
          {
            "path": ":groovy-macro:generateReleaseInfo",
            "outcome": "EXECUTED"
          },
          {
            "path": ":groovy-macro:jar",
            "outcome": "EXECUTED"
          },
          {
            "path": ":groovy-macro:moduleDescriptor",
            "outcome": "EXECUTED"
          },
          {
            "path": ":groovy-macro:processResources",
            "outcome": "EXECUTED"
          },
          {
            "path": ":groovy-nio:classes",
            "outcome": "UP_TO_DATE"
          },
          {
            "path": ":groovy-nio:compileGroovy",
            "outcome": "NO_SOURCE"
          },
          {
            "path": ":groovy-nio:compileJava",
            "outcome": "FROM_CACHE"
          },
          {
            "path": ":groovy-nio:generateReleaseInfo",
            "outcome": "EXECUTED"
          },
          {
            "path": ":groovy-nio:jar",
            "outcome": "EXECUTED"
          },
          {
            "path": ":groovy-nio:moduleDescriptor",
            "outcome": "EXECUTED"
          },
          {
            "path": ":groovy-nio:processResources",
            "outcome": "NO_SOURCE"
          },
          {
            "path": ":groovy-servlet:classes",
            "outcome": "UP_TO_DATE"
          },
          {
            "path": ":groovy-servlet:compileGroovy",
            "outcome": "NO_SOURCE"
          },
          {
            "path": ":groovy-servlet:compileJava",
            "outcome": "FROM_CACHE"
          },
          {
            "path": ":groovy-servlet:generateReleaseInfo",
            "outcome": "EXECUTED"
          },
          {
            "path": ":groovy-servlet:jar",
            "outcome": "EXECUTED"
          },
          {
            "path": ":groovy-servlet:processResources",
            "outcome": "NO_SOURCE"
          },
          {
            "path": ":groovy-sql:classes",
            "outcome": "UP_TO_DATE"
          },
          {
            "path": ":groovy-sql:compileGroovy",
            "outcome": "NO_SOURCE"
          },
          {
            "path": ":groovy-sql:compileJava",
            "outcome": "FROM_CACHE"
          },
          {
            "path": ":groovy-sql:generateReleaseInfo",
            "outcome": "EXECUTED"
          },
          {
            "path": ":groovy-sql:jar",
            "outcome": "EXECUTED"
          },
          {
            "path": ":groovy-sql:moduleDescriptor",
            "outcome": "EXECUTED"
          },
          {
            "path": ":groovy-sql:processResources",
            "outcome": "NO_SOURCE"
          },
          {
            "path": ":groovy-swing:classes",
            "outcome": "EXECUTED"
          },
          {
            "path": ":groovy-swing:compileGroovy",
            "outcome": "EXECUTED"
          },
          {
            "path": ":groovy-swing:compileJava",
            "outcome": "FROM_CACHE"
          },
          {
            "path": ":groovy-swing:generateReleaseInfo",
            "outcome": "EXECUTED"
          },
          {
            "path": ":groovy-swing:jar",
            "outcome": "EXECUTED"
          },
          {
            "path": ":groovy-swing:moduleDescriptor",
            "outcome": "EXECUTED"
          },
          {
            "path": ":groovy-swing:processResources",
            "outcome": "NO_SOURCE"
          },
          {
            "path": ":groovy-templates:classes",
            "outcome": "EXECUTED"
          },
          {
            "path": ":groovy-templates:compileGroovy",
            "outcome": "EXECUTED"
          },
          {
            "path": ":groovy-templates:compileJava",
            "outcome": "NO_SOURCE"
          },
          {
            "path": ":groovy-templates:generateReleaseInfo",
            "outcome": "EXECUTED"
          },
          {
            "path": ":groovy-templates:jar",
            "outcome": "EXECUTED"
          },
          {
            "path": ":groovy-templates:processResources",
            "outcome": "NO_SOURCE"
          },
          {
            "path": ":groovy-test-junit5:classes",
            "outcome": "EXECUTED"
          },
          {
            "path": ":groovy-test-junit5:compileGroovy",
            "outcome": "EXECUTED"
          },
          {
            "path": ":groovy-test-junit5:compileJava",
            "outcome": "FROM_CACHE"
          },
          {
            "path": ":groovy-test-junit5:generateReleaseInfo",
            "outcome": "EXECUTED"
          },
          {
            "path": ":groovy-test-junit5:jar",
            "outcome": "EXECUTED"
          },
          {
            "path": ":groovy-test-junit5:processResources",
            "outcome": "EXECUTED"
          },
          {
            "path": ":groovy-test:classes",
            "outcome": "EXECUTED"
          },
          {
            "path": ":groovy-test:compileGroovy",
            "outcome": "EXECUTED"
          },
          {
            "path": ":groovy-test:compileJava",
            "outcome": "FROM_CACHE"
          },
          {
            "path": ":groovy-test:generateReleaseInfo",
            "outcome": "EXECUTED"
          },
          {
            "path": ":groovy-test:jar",
            "outcome": "EXECUTED"
          },
          {
            "path": ":groovy-test:processResources",
            "outcome": "NO_SOURCE"
          },
          {
            "path": ":groovy-testng:classes",
            "outcome": "EXECUTED"
          },
          {
            "path": ":groovy-testng:compileGroovy",
            "outcome": "NO_SOURCE"
          },
          {
            "path": ":groovy-testng:compileJava",
            "outcome": "FROM_CACHE"
          },
          {
            "path": ":groovy-testng:generateReleaseInfo",
            "outcome": "EXECUTED"
          },
          {
            "path": ":groovy-testng:jar",
            "outcome": "EXECUTED"
          },
          {
            "path": ":groovy-testng:processResources",
            "outcome": "EXECUTED"
          },
          {
            "path": ":groovy-toml:classes",
            "outcome": "EXECUTED"
          },
          {
            "path": ":groovy-toml:compileGroovy",
            "outcome": "NO_SOURCE"
          },
          {
            "path": ":groovy-toml:compileJava",
            "outcome": "EXECUTED"
          },
          {
            "path": ":groovy-toml:generateReleaseInfo",
            "outcome": "EXECUTED"
          },
          {
            "path": ":groovy-toml:jar",
            "outcome": "EXECUTED"
          },
          {
            "path": ":groovy-toml:processResources",
            "outcome": "NO_SOURCE"
          },
          {
            "path": ":groovy-typecheckers:classes",
            "outcome": "EXECUTED"
          },
          {
            "path": ":groovy-typecheckers:compileGroovy",
            "outcome": "EXECUTED"
          },
          {
            "path": ":groovy-typecheckers:compileJava",
            "outcome": "NO_SOURCE"
          },
          {
            "path": ":groovy-typecheckers:generateReleaseInfo",
            "outcome": "EXECUTED"
          },
          {
            "path": ":groovy-typecheckers:jar",
            "outcome": "EXECUTED"
          },
          {
            "path": ":groovy-typecheckers:processResources",
            "outcome": "NO_SOURCE"
          },
          {
            "path": ":groovy-xml:classes",
            "outcome": "EXECUTED"
          },
          {
            "path": ":groovy-xml:compileGroovy",
            "outcome": "EXECUTED"
          },
          {
            "path": ":groovy-xml:compileJava",
            "outcome": "FROM_CACHE"
          },
          {
            "path": ":groovy-xml:generateReleaseInfo",
            "outcome": "EXECUTED"
          },
          {
            "path": ":groovy-xml:jar",
            "outcome": "EXECUTED"
          },
          {
            "path": ":groovy-xml:moduleDescriptor",
            "outcome": "EXECUTED"
          },
          {
            "path": ":groovy-xml:processResources",
            "outcome": "NO_SOURCE"
          },
          {
            "path": ":groovy-yaml:classes",
            "outcome": "EXECUTED"
          },
          {
            "path": ":groovy-yaml:compileGroovy",
            "outcome": "NO_SOURCE"
          },
          {
            "path": ":groovy-yaml:compileJava",
            "outcome": "EXECUTED"
          },
          {
            "path": ":groovy-yaml:generateReleaseInfo",
            "outcome": "EXECUTED"
          },
          {
            "path": ":groovy-yaml:jar",
            "outcome": "EXECUTED"
          },
          {
            "path": ":groovy-yaml:processResources",
            "outcome": "NO_SOURCE"
          },
          {
            "path": ":jar",
            "outcome": "EXECUTED"
          },
          {
            "path": ":osgiClasses",
            "outcome": "EXECUTED"
          },
          {
            "path": ":performance:classes",
            "outcome": "UP_TO_DATE"
          },
          {
            "path": ":performance:compileGroovy",
            "outcome": "NO_SOURCE"
          },
          {
            "path": ":performance:compileJava",
            "outcome": "NO_SOURCE"
          },
          {
            "path": ":performance:jar",
            "outcome": "EXECUTED"
          },
          {
            "path": ":performance:processResources",
            "outcome": "NO_SOURCE"
          },
          {
            "path": ":processResources",
            "outcome": "EXECUTED"
          },
          {
            "path": ":stress:classes",
            "outcome": "UP_TO_DATE"
          },
          {
            "path": ":stress:compileGroovy",
            "outcome": "NO_SOURCE"
          },
          {
            "path": ":stress:compileJava",
            "outcome": "NO_SOURCE"
          },
          {
            "path": ":stress:jar",
            "outcome": "EXECUTED"
          },
          {
            "path": ":stress:processResources",
            "outcome": "NO_SOURCE"
          },
          {
            "path": ":tests-preview:classes",
            "outcome": "UP_TO_DATE"
          },
          {
            "path": ":tests-preview:compileGroovy",
            "outcome": "NO_SOURCE"
          },
          {
            "path": ":tests-preview:compileJava",
            "outcome": "NO_SOURCE"
          },
          {
            "path": ":tests-preview:jar",
            "outcome": "EXECUTED"
          },
          {
            "path": ":tests-preview:processResources",
            "outcome": "NO_SOURCE"
          }
        ]
      },
      "candidateTaskOutcomes": {
        "total": 25,
        "executed": 16,
        "fromCache": 8,
        "upToDate": 0,
        "noSource": 1,
        "skipped": 0,
        "fingerprintSha256": "b43c808e47c00d49cfb56f71197b3295e884e9f536fb660c7889cb8b633b76e2",
        "tasks": [
          {
            "path": ":bootstrapJar",
            "outcome": "EXECUTED"
          },
          {
            "path": ":build-logic:classes",
            "outcome": "EXECUTED"
          },
          {
            "path": ":build-logic:compileGroovy",
            "outcome": "FROM_CACHE"
          },
          {
            "path": ":build-logic:compileGroovyPlugins",
            "outcome": "FROM_CACHE"
          },
          {
            "path": ":build-logic:compileJava",
            "outcome": "FROM_CACHE"
          },
          {
            "path": ":build-logic:extractPluginRequests",
            "outcome": "FROM_CACHE"
          },
          {
            "path": ":build-logic:generatePluginAdapters",
            "outcome": "FROM_CACHE"
          },
          {
            "path": ":build-logic:jar",
            "outcome": "EXECUTED"
          },
          {
            "path": ":build-logic:pluginDescriptors",
            "outcome": "EXECUTED"
          },
          {
            "path": ":build-logic:processResources",
            "outcome": "EXECUTED"
          },
          {
            "path": ":classes",
            "outcome": "EXECUTED"
          },
          {
            "path": ":compileGroovy",
            "outcome": "EXECUTED"
          },
          {
            "path": ":compileJava",
            "outcome": "FROM_CACHE"
          },
          {
            "path": ":dgmConverter",
            "outcome": "FROM_CACHE"
          },
          {
            "path": ":generateGrammarSource",
            "outcome": "FROM_CACHE"
          },
          {
            "path": ":generateReleaseInfo",
            "outcome": "EXECUTED"
          },
          {
            "path": ":groovy-json:classes",
            "outcome": "EXECUTED"
          },
          {
            "path": ":groovy-json:compileGroovy",
            "outcome": "NO_SOURCE"
          },
          {
            "path": ":groovy-json:compileJava",
            "outcome": "EXECUTED"
          },
          {
            "path": ":groovy-json:generateReleaseInfo",
            "outcome": "EXECUTED"
          },
          {
            "path": ":groovy-json:jar",
            "outcome": "EXECUTED"
          },
          {
            "path": ":groovy-json:processResources",
            "outcome": "EXECUTED"
          },
          {
            "path": ":jar",
            "outcome": "EXECUTED"
          },
          {
            "path": ":osgiClasses",
            "outcome": "EXECUTED"
          },
          {
            "path": ":processResources",
            "outcome": "EXECUTED"
          }
        ]
      },
      "controlHostPressure": {
        "available": true,
        "cpuSomeTotalUs": 17300493,
        "memorySomeTotalUs": 3508,
        "memoryFullTotalUs": 2920,
        "ioSomeTotalUs": 38221272,
        "ioFullTotalUs": 16643865
      },
      "candidateHostPressure": {
        "available": true,
        "cpuSomeTotalUs": 179965,
        "memorySomeTotalUs": 0,
        "memoryFullTotalUs": 0,
        "ioSomeTotalUs": 12541105,
        "ioFullTotalUs": 9281426
      }
    },
    {
      "pair": 7,
      "order": "CONTROL_FIRST",
      "controlDurationMs": 75725,
      "candidateDurationMs": 20477,
      "savedMs": 55248,
      "controlRequiredOutputSha256": "27f462c377352f1f2a4074f1fae1f96ed51ec97f97e5b42237a57174204da1d5",
      "candidateRequiredOutputSha256": "27f462c377352f1f2a4074f1fae1f96ed51ec97f97e5b42237a57174204da1d5",
      "requiredOutputCount": 1,
      "productAttributableFailure": false,
      "controlLogSha256": "3b1d2738808a496ae617558e0e3697b4af432da3fe978f21fc3c4f946bbb0403",
      "candidateLogSha256": "9cbb16f5d3c4e72bee64bd3b2307d376532277c39e15b50396f8e72e1b573f7e",
      "controlTaskOutcomes": {
        "total": 218,
        "executed": 138,
        "fromCache": 24,
        "upToDate": 8,
        "noSource": 48,
        "skipped": 0,
        "fingerprintSha256": "a8c9059b0fb2a799ddfba8828062a5ba4fb07b5deb583fa958f0ecb41079e151",
        "tasks": [
          {
            "path": ":bootstrapJar",
            "outcome": "EXECUTED"
          },
          {
            "path": ":build-logic:classes",
            "outcome": "EXECUTED"
          },
          {
            "path": ":build-logic:compileGroovy",
            "outcome": "FROM_CACHE"
          },
          {
            "path": ":build-logic:compileGroovyPlugins",
            "outcome": "FROM_CACHE"
          },
          {
            "path": ":build-logic:compileJava",
            "outcome": "FROM_CACHE"
          },
          {
            "path": ":build-logic:extractPluginRequests",
            "outcome": "FROM_CACHE"
          },
          {
            "path": ":build-logic:generatePluginAdapters",
            "outcome": "FROM_CACHE"
          },
          {
            "path": ":build-logic:jar",
            "outcome": "EXECUTED"
          },
          {
            "path": ":build-logic:pluginDescriptors",
            "outcome": "EXECUTED"
          },
          {
            "path": ":build-logic:processResources",
            "outcome": "EXECUTED"
          },
          {
            "path": ":classes",
            "outcome": "EXECUTED"
          },
          {
            "path": ":compileGroovy",
            "outcome": "EXECUTED"
          },
          {
            "path": ":compileJava",
            "outcome": "FROM_CACHE",
            "consoleOutcomeTransitions": [
              "EXECUTED",
              "FROM_CACHE"
            ]
          },
          {
            "path": ":dgmConverter",
            "outcome": "FROM_CACHE"
          },
          {
            "path": ":generateGrammarSource",
            "outcome": "FROM_CACHE"
          },
          {
            "path": ":generateReleaseInfo",
            "outcome": "EXECUTED"
          },
          {
            "path": ":groovy-ant:classes",
            "outcome": "EXECUTED"
          },
          {
            "path": ":groovy-ant:compileGroovy",
            "outcome": "EXECUTED"
          },
          {
            "path": ":groovy-ant:compileJava",
            "outcome": "FROM_CACHE"
          },
          {
            "path": ":groovy-ant:generateReleaseInfo",
            "outcome": "EXECUTED"
          },
          {
            "path": ":groovy-ant:jar",
            "outcome": "EXECUTED"
          },
          {
            "path": ":groovy-ant:processResources",
            "outcome": "EXECUTED"
          },
          {
            "path": ":groovy-astbuilder:classes",
            "outcome": "EXECUTED"
          },
          {
            "path": ":groovy-astbuilder:compileGroovy",
            "outcome": "NO_SOURCE"
          },
          {
            "path": ":groovy-astbuilder:compileJava",
            "outcome": "FROM_CACHE"
          },
          {
            "path": ":groovy-astbuilder:generateReleaseInfo",
            "outcome": "EXECUTED"
          },
          {
            "path": ":groovy-astbuilder:jar",
            "outcome": "EXECUTED"
          },
          {
            "path": ":groovy-astbuilder:processResources",
            "outcome": "EXECUTED"
          },
          {
            "path": ":groovy-cli-commons:classes",
            "outcome": "EXECUTED"
          },
          {
            "path": ":groovy-cli-commons:compileGroovy",
            "outcome": "EXECUTED"
          },
          {
            "path": ":groovy-cli-commons:compileJava",
            "outcome": "NO_SOURCE"
          },
          {
            "path": ":groovy-cli-commons:generateReleaseInfo",
            "outcome": "EXECUTED"
          },
          {
            "path": ":groovy-cli-commons:jar",
            "outcome": "EXECUTED"
          },
          {
            "path": ":groovy-cli-commons:processResources",
            "outcome": "NO_SOURCE"
          },
          {
            "path": ":groovy-cli-picocli:classes",
            "outcome": "EXECUTED"
          },
          {
            "path": ":groovy-cli-picocli:compileGroovy",
            "outcome": "EXECUTED"
          },
          {
            "path": ":groovy-cli-picocli:compileJava",
            "outcome": "NO_SOURCE"
          },
          {
            "path": ":groovy-cli-picocli:generateReleaseInfo",
            "outcome": "EXECUTED"
          },
          {
            "path": ":groovy-cli-picocli:jar",
            "outcome": "EXECUTED"
          },
          {
            "path": ":groovy-cli-picocli:processResources",
            "outcome": "NO_SOURCE"
          },
          {
            "path": ":groovy-console:classes",
            "outcome": "EXECUTED"
          },
          {
            "path": ":groovy-console:compileGroovy",
            "outcome": "EXECUTED"
          },
          {
            "path": ":groovy-console:compileJava",
            "outcome": "NO_SOURCE"
          },
          {
            "path": ":groovy-console:generateReleaseInfo",
            "outcome": "EXECUTED"
          },
          {
            "path": ":groovy-console:jar",
            "outcome": "EXECUTED"
          },
          {
            "path": ":groovy-console:processResources",
            "outcome": "EXECUTED"
          },
          {
            "path": ":groovy-contracts:classes",
            "outcome": "EXECUTED"
          },
          {
            "path": ":groovy-contracts:compileGroovy",
            "outcome": "NO_SOURCE"
          },
          {
            "path": ":groovy-contracts:compileJava",
            "outcome": "FROM_CACHE"
          },
          {
            "path": ":groovy-contracts:generateReleaseInfo",
            "outcome": "EXECUTED"
          },
          {
            "path": ":groovy-contracts:jar",
            "outcome": "EXECUTED"
          },
          {
            "path": ":groovy-contracts:processResources",
            "outcome": "EXECUTED"
          },
          {
            "path": ":groovy-datetime:classes",
            "outcome": "UP_TO_DATE"
          },
          {
            "path": ":groovy-datetime:compileGroovy",
            "outcome": "NO_SOURCE"
          },
          {
            "path": ":groovy-datetime:compileJava",
            "outcome": "FROM_CACHE"
          },
          {
            "path": ":groovy-datetime:generateReleaseInfo",
            "outcome": "EXECUTED"
          },
          {
            "path": ":groovy-datetime:jar",
            "outcome": "EXECUTED"
          },
          {
            "path": ":groovy-datetime:moduleDescriptor",
            "outcome": "EXECUTED"
          },
          {
            "path": ":groovy-datetime:processResources",
            "outcome": "NO_SOURCE"
          },
          {
            "path": ":groovy-dateutil:classes",
            "outcome": "UP_TO_DATE"
          },
          {
            "path": ":groovy-dateutil:compileGroovy",
            "outcome": "NO_SOURCE"
          },
          {
            "path": ":groovy-dateutil:compileJava",
            "outcome": "FROM_CACHE"
          },
          {
            "path": ":groovy-dateutil:generateReleaseInfo",
            "outcome": "EXECUTED"
          },
          {
            "path": ":groovy-dateutil:jar",
            "outcome": "EXECUTED"
          },
          {
            "path": ":groovy-dateutil:moduleDescriptor",
            "outcome": "EXECUTED"
          },
          {
            "path": ":groovy-dateutil:processResources",
            "outcome": "NO_SOURCE"
          },
          {
            "path": ":groovy-docgenerator:classes",
            "outcome": "EXECUTED"
          },
          {
            "path": ":groovy-docgenerator:compileGroovy",
            "outcome": "EXECUTED"
          },
          {
            "path": ":groovy-docgenerator:compileJava",
            "outcome": "NO_SOURCE"
          },
          {
            "path": ":groovy-docgenerator:generateReleaseInfo",
            "outcome": "EXECUTED"
          },
          {
            "path": ":groovy-docgenerator:jar",
            "outcome": "EXECUTED"
          },
          {
            "path": ":groovy-docgenerator:processResources",
            "outcome": "EXECUTED"
          },
          {
            "path": ":groovy-ginq:classes",
            "outcome": "EXECUTED"
          },
          {
            "path": ":groovy-ginq:compileGroovy",
            "outcome": "EXECUTED"
          },
          {
            "path": ":groovy-ginq:compileJava",
            "outcome": "NO_SOURCE"
          },
          {
            "path": ":groovy-ginq:generateReleaseInfo",
            "outcome": "EXECUTED"
          },
          {
            "path": ":groovy-ginq:jar",
            "outcome": "EXECUTED"
          },
          {
            "path": ":groovy-ginq:moduleDescriptor",
            "outcome": "EXECUTED"
          },
          {
            "path": ":groovy-ginq:processResources",
            "outcome": "NO_SOURCE"
          },
          {
            "path": ":groovy-groovydoc:classes",
            "outcome": "EXECUTED"
          },
          {
            "path": ":groovy-groovydoc:compileGroovy",
            "outcome": "EXECUTED"
          },
          {
            "path": ":groovy-groovydoc:compileJava",
            "outcome": "FROM_CACHE"
          },
          {
            "path": ":groovy-groovydoc:generateReleaseInfo",
            "outcome": "EXECUTED"
          },
          {
            "path": ":groovy-groovydoc:jar",
            "outcome": "EXECUTED"
          },
          {
            "path": ":groovy-groovydoc:processResources",
            "outcome": "EXECUTED"
          },
          {
            "path": ":groovy-groovysh:classes",
            "outcome": "EXECUTED"
          },
          {
            "path": ":groovy-groovysh:compileGroovy",
            "outcome": "EXECUTED"
          },
          {
            "path": ":groovy-groovysh:compileJava",
            "outcome": "NO_SOURCE"
          },
          {
            "path": ":groovy-groovysh:generateReleaseInfo",
            "outcome": "EXECUTED"
          },
          {
            "path": ":groovy-groovysh:jar",
            "outcome": "EXECUTED"
          },
          {
            "path": ":groovy-groovysh:processResources",
            "outcome": "EXECUTED"
          },
          {
            "path": ":groovy-jmx:classes",
            "outcome": "EXECUTED"
          },
          {
            "path": ":groovy-jmx:compileGroovy",
            "outcome": "EXECUTED"
          },
          {
            "path": ":groovy-jmx:compileJava",
            "outcome": "FROM_CACHE"
          },
          {
            "path": ":groovy-jmx:generateReleaseInfo",
            "outcome": "EXECUTED"
          },
          {
            "path": ":groovy-jmx:jar",
            "outcome": "EXECUTED"
          },
          {
            "path": ":groovy-jmx:processResources",
            "outcome": "NO_SOURCE"
          },
          {
            "path": ":groovy-json:classes",
            "outcome": "EXECUTED"
          },
          {
            "path": ":groovy-json:compileGroovy",
            "outcome": "NO_SOURCE"
          },
          {
            "path": ":groovy-json:compileJava",
            "outcome": "EXECUTED"
          },
          {
            "path": ":groovy-json:generateReleaseInfo",
            "outcome": "EXECUTED"
          },
          {
            "path": ":groovy-json:jar",
            "outcome": "EXECUTED"
          },
          {
            "path": ":groovy-json:processResources",
            "outcome": "EXECUTED"
          },
          {
            "path": ":groovy-jsr223:classes",
            "outcome": "EXECUTED"
          },
          {
            "path": ":groovy-jsr223:compileGroovy",
            "outcome": "NO_SOURCE"
          },
          {
            "path": ":groovy-jsr223:compileJava",
            "outcome": "FROM_CACHE"
          },
          {
            "path": ":groovy-jsr223:generateReleaseInfo",
            "outcome": "EXECUTED"
          },
          {
            "path": ":groovy-jsr223:jar",
            "outcome": "EXECUTED"
          },
          {
            "path": ":groovy-jsr223:moduleDescriptor",
            "outcome": "EXECUTED"
          },
          {
            "path": ":groovy-jsr223:processResources",
            "outcome": "EXECUTED"
          },
          {
            "path": ":groovy-macro-library:classes",
            "outcome": "EXECUTED"
          },
          {
            "path": ":groovy-macro-library:compileGroovy",
            "outcome": "EXECUTED"
          },
          {
            "path": ":groovy-macro-library:compileJava",
            "outcome": "NO_SOURCE"
          },
          {
            "path": ":groovy-macro-library:generateReleaseInfo",
            "outcome": "EXECUTED"
          },
          {
            "path": ":groovy-macro-library:jar",
            "outcome": "EXECUTED"
          },
          {
            "path": ":groovy-macro-library:moduleDescriptor",
            "outcome": "EXECUTED"
          },
          {
            "path": ":groovy-macro-library:processResources",
            "outcome": "NO_SOURCE"
          },
          {
            "path": ":groovy-macro:classes",
            "outcome": "EXECUTED"
          },
          {
            "path": ":groovy-macro:compileGroovy",
            "outcome": "EXECUTED"
          },
          {
            "path": ":groovy-macro:compileJava",
            "outcome": "NO_SOURCE"
          },
          {
            "path": ":groovy-macro:generateReleaseInfo",
            "outcome": "EXECUTED"
          },
          {
            "path": ":groovy-macro:jar",
            "outcome": "EXECUTED"
          },
          {
            "path": ":groovy-macro:moduleDescriptor",
            "outcome": "EXECUTED"
          },
          {
            "path": ":groovy-macro:processResources",
            "outcome": "EXECUTED"
          },
          {
            "path": ":groovy-nio:classes",
            "outcome": "UP_TO_DATE"
          },
          {
            "path": ":groovy-nio:compileGroovy",
            "outcome": "NO_SOURCE"
          },
          {
            "path": ":groovy-nio:compileJava",
            "outcome": "FROM_CACHE"
          },
          {
            "path": ":groovy-nio:generateReleaseInfo",
            "outcome": "EXECUTED"
          },
          {
            "path": ":groovy-nio:jar",
            "outcome": "EXECUTED"
          },
          {
            "path": ":groovy-nio:moduleDescriptor",
            "outcome": "EXECUTED"
          },
          {
            "path": ":groovy-nio:processResources",
            "outcome": "NO_SOURCE"
          },
          {
            "path": ":groovy-servlet:classes",
            "outcome": "UP_TO_DATE"
          },
          {
            "path": ":groovy-servlet:compileGroovy",
            "outcome": "NO_SOURCE"
          },
          {
            "path": ":groovy-servlet:compileJava",
            "outcome": "FROM_CACHE"
          },
          {
            "path": ":groovy-servlet:generateReleaseInfo",
            "outcome": "EXECUTED"
          },
          {
            "path": ":groovy-servlet:jar",
            "outcome": "EXECUTED"
          },
          {
            "path": ":groovy-servlet:processResources",
            "outcome": "NO_SOURCE"
          },
          {
            "path": ":groovy-sql:classes",
            "outcome": "UP_TO_DATE"
          },
          {
            "path": ":groovy-sql:compileGroovy",
            "outcome": "NO_SOURCE"
          },
          {
            "path": ":groovy-sql:compileJava",
            "outcome": "FROM_CACHE"
          },
          {
            "path": ":groovy-sql:generateReleaseInfo",
            "outcome": "EXECUTED"
          },
          {
            "path": ":groovy-sql:jar",
            "outcome": "EXECUTED"
          },
          {
            "path": ":groovy-sql:moduleDescriptor",
            "outcome": "EXECUTED"
          },
          {
            "path": ":groovy-sql:processResources",
            "outcome": "NO_SOURCE"
          },
          {
            "path": ":groovy-swing:classes",
            "outcome": "EXECUTED"
          },
          {
            "path": ":groovy-swing:compileGroovy",
            "outcome": "EXECUTED"
          },
          {
            "path": ":groovy-swing:compileJava",
            "outcome": "FROM_CACHE"
          },
          {
            "path": ":groovy-swing:generateReleaseInfo",
            "outcome": "EXECUTED"
          },
          {
            "path": ":groovy-swing:jar",
            "outcome": "EXECUTED"
          },
          {
            "path": ":groovy-swing:moduleDescriptor",
            "outcome": "EXECUTED"
          },
          {
            "path": ":groovy-swing:processResources",
            "outcome": "NO_SOURCE"
          },
          {
            "path": ":groovy-templates:classes",
            "outcome": "EXECUTED"
          },
          {
            "path": ":groovy-templates:compileGroovy",
            "outcome": "EXECUTED"
          },
          {
            "path": ":groovy-templates:compileJava",
            "outcome": "NO_SOURCE"
          },
          {
            "path": ":groovy-templates:generateReleaseInfo",
            "outcome": "EXECUTED"
          },
          {
            "path": ":groovy-templates:jar",
            "outcome": "EXECUTED"
          },
          {
            "path": ":groovy-templates:processResources",
            "outcome": "NO_SOURCE"
          },
          {
            "path": ":groovy-test-junit5:classes",
            "outcome": "EXECUTED"
          },
          {
            "path": ":groovy-test-junit5:compileGroovy",
            "outcome": "EXECUTED"
          },
          {
            "path": ":groovy-test-junit5:compileJava",
            "outcome": "FROM_CACHE"
          },
          {
            "path": ":groovy-test-junit5:generateReleaseInfo",
            "outcome": "EXECUTED"
          },
          {
            "path": ":groovy-test-junit5:jar",
            "outcome": "EXECUTED"
          },
          {
            "path": ":groovy-test-junit5:processResources",
            "outcome": "EXECUTED"
          },
          {
            "path": ":groovy-test:classes",
            "outcome": "EXECUTED"
          },
          {
            "path": ":groovy-test:compileGroovy",
            "outcome": "EXECUTED"
          },
          {
            "path": ":groovy-test:compileJava",
            "outcome": "FROM_CACHE"
          },
          {
            "path": ":groovy-test:generateReleaseInfo",
            "outcome": "EXECUTED"
          },
          {
            "path": ":groovy-test:jar",
            "outcome": "EXECUTED"
          },
          {
            "path": ":groovy-test:processResources",
            "outcome": "NO_SOURCE"
          },
          {
            "path": ":groovy-testng:classes",
            "outcome": "EXECUTED"
          },
          {
            "path": ":groovy-testng:compileGroovy",
            "outcome": "NO_SOURCE"
          },
          {
            "path": ":groovy-testng:compileJava",
            "outcome": "FROM_CACHE"
          },
          {
            "path": ":groovy-testng:generateReleaseInfo",
            "outcome": "EXECUTED"
          },
          {
            "path": ":groovy-testng:jar",
            "outcome": "EXECUTED"
          },
          {
            "path": ":groovy-testng:processResources",
            "outcome": "EXECUTED"
          },
          {
            "path": ":groovy-toml:classes",
            "outcome": "EXECUTED"
          },
          {
            "path": ":groovy-toml:compileGroovy",
            "outcome": "NO_SOURCE"
          },
          {
            "path": ":groovy-toml:compileJava",
            "outcome": "EXECUTED"
          },
          {
            "path": ":groovy-toml:generateReleaseInfo",
            "outcome": "EXECUTED"
          },
          {
            "path": ":groovy-toml:jar",
            "outcome": "EXECUTED"
          },
          {
            "path": ":groovy-toml:processResources",
            "outcome": "NO_SOURCE"
          },
          {
            "path": ":groovy-typecheckers:classes",
            "outcome": "EXECUTED"
          },
          {
            "path": ":groovy-typecheckers:compileGroovy",
            "outcome": "EXECUTED"
          },
          {
            "path": ":groovy-typecheckers:compileJava",
            "outcome": "NO_SOURCE"
          },
          {
            "path": ":groovy-typecheckers:generateReleaseInfo",
            "outcome": "EXECUTED"
          },
          {
            "path": ":groovy-typecheckers:jar",
            "outcome": "EXECUTED"
          },
          {
            "path": ":groovy-typecheckers:processResources",
            "outcome": "NO_SOURCE"
          },
          {
            "path": ":groovy-xml:classes",
            "outcome": "EXECUTED"
          },
          {
            "path": ":groovy-xml:compileGroovy",
            "outcome": "EXECUTED"
          },
          {
            "path": ":groovy-xml:compileJava",
            "outcome": "FROM_CACHE"
          },
          {
            "path": ":groovy-xml:generateReleaseInfo",
            "outcome": "EXECUTED"
          },
          {
            "path": ":groovy-xml:jar",
            "outcome": "EXECUTED"
          },
          {
            "path": ":groovy-xml:moduleDescriptor",
            "outcome": "EXECUTED"
          },
          {
            "path": ":groovy-xml:processResources",
            "outcome": "NO_SOURCE"
          },
          {
            "path": ":groovy-yaml:classes",
            "outcome": "EXECUTED"
          },
          {
            "path": ":groovy-yaml:compileGroovy",
            "outcome": "NO_SOURCE"
          },
          {
            "path": ":groovy-yaml:compileJava",
            "outcome": "EXECUTED"
          },
          {
            "path": ":groovy-yaml:generateReleaseInfo",
            "outcome": "EXECUTED"
          },
          {
            "path": ":groovy-yaml:jar",
            "outcome": "EXECUTED"
          },
          {
            "path": ":groovy-yaml:processResources",
            "outcome": "NO_SOURCE"
          },
          {
            "path": ":jar",
            "outcome": "EXECUTED"
          },
          {
            "path": ":osgiClasses",
            "outcome": "EXECUTED"
          },
          {
            "path": ":performance:classes",
            "outcome": "UP_TO_DATE"
          },
          {
            "path": ":performance:compileGroovy",
            "outcome": "NO_SOURCE"
          },
          {
            "path": ":performance:compileJava",
            "outcome": "NO_SOURCE"
          },
          {
            "path": ":performance:jar",
            "outcome": "EXECUTED"
          },
          {
            "path": ":performance:processResources",
            "outcome": "NO_SOURCE"
          },
          {
            "path": ":processResources",
            "outcome": "EXECUTED"
          },
          {
            "path": ":stress:classes",
            "outcome": "UP_TO_DATE"
          },
          {
            "path": ":stress:compileGroovy",
            "outcome": "NO_SOURCE"
          },
          {
            "path": ":stress:compileJava",
            "outcome": "NO_SOURCE"
          },
          {
            "path": ":stress:jar",
            "outcome": "EXECUTED"
          },
          {
            "path": ":stress:processResources",
            "outcome": "NO_SOURCE"
          },
          {
            "path": ":tests-preview:classes",
            "outcome": "UP_TO_DATE"
          },
          {
            "path": ":tests-preview:compileGroovy",
            "outcome": "NO_SOURCE"
          },
          {
            "path": ":tests-preview:compileJava",
            "outcome": "NO_SOURCE"
          },
          {
            "path": ":tests-preview:jar",
            "outcome": "EXECUTED"
          },
          {
            "path": ":tests-preview:processResources",
            "outcome": "NO_SOURCE"
          }
        ]
      },
      "candidateTaskOutcomes": {
        "total": 25,
        "executed": 16,
        "fromCache": 8,
        "upToDate": 0,
        "noSource": 1,
        "skipped": 0,
        "fingerprintSha256": "b43c808e47c00d49cfb56f71197b3295e884e9f536fb660c7889cb8b633b76e2",
        "tasks": [
          {
            "path": ":bootstrapJar",
            "outcome": "EXECUTED"
          },
          {
            "path": ":build-logic:classes",
            "outcome": "EXECUTED"
          },
          {
            "path": ":build-logic:compileGroovy",
            "outcome": "FROM_CACHE"
          },
          {
            "path": ":build-logic:compileGroovyPlugins",
            "outcome": "FROM_CACHE"
          },
          {
            "path": ":build-logic:compileJava",
            "outcome": "FROM_CACHE"
          },
          {
            "path": ":build-logic:extractPluginRequests",
            "outcome": "FROM_CACHE"
          },
          {
            "path": ":build-logic:generatePluginAdapters",
            "outcome": "FROM_CACHE"
          },
          {
            "path": ":build-logic:jar",
            "outcome": "EXECUTED"
          },
          {
            "path": ":build-logic:pluginDescriptors",
            "outcome": "EXECUTED"
          },
          {
            "path": ":build-logic:processResources",
            "outcome": "EXECUTED"
          },
          {
            "path": ":classes",
            "outcome": "EXECUTED"
          },
          {
            "path": ":compileGroovy",
            "outcome": "EXECUTED"
          },
          {
            "path": ":compileJava",
            "outcome": "FROM_CACHE"
          },
          {
            "path": ":dgmConverter",
            "outcome": "FROM_CACHE"
          },
          {
            "path": ":generateGrammarSource",
            "outcome": "FROM_CACHE"
          },
          {
            "path": ":generateReleaseInfo",
            "outcome": "EXECUTED"
          },
          {
            "path": ":groovy-json:classes",
            "outcome": "EXECUTED"
          },
          {
            "path": ":groovy-json:compileGroovy",
            "outcome": "NO_SOURCE"
          },
          {
            "path": ":groovy-json:compileJava",
            "outcome": "EXECUTED"
          },
          {
            "path": ":groovy-json:generateReleaseInfo",
            "outcome": "EXECUTED"
          },
          {
            "path": ":groovy-json:jar",
            "outcome": "EXECUTED"
          },
          {
            "path": ":groovy-json:processResources",
            "outcome": "EXECUTED"
          },
          {
            "path": ":jar",
            "outcome": "EXECUTED"
          },
          {
            "path": ":osgiClasses",
            "outcome": "EXECUTED"
          },
          {
            "path": ":processResources",
            "outcome": "EXECUTED"
          }
        ]
      },
      "controlHostPressure": {
        "available": true,
        "cpuSomeTotalUs": 17728356,
        "memorySomeTotalUs": 41,
        "memoryFullTotalUs": 41,
        "ioSomeTotalUs": 37981363,
        "ioFullTotalUs": 15449604
      },
      "candidateHostPressure": {
        "available": true,
        "cpuSomeTotalUs": 93527,
        "memorySomeTotalUs": 0,
        "memoryFullTotalUs": 0,
        "ioSomeTotalUs": 14159510,
        "ioFullTotalUs": 10860549
      }
    },
    {
      "pair": 8,
      "order": "CANDIDATE_FIRST",
      "controlDurationMs": 68087,
      "candidateDurationMs": 18110,
      "savedMs": 49977,
      "controlRequiredOutputSha256": "27f462c377352f1f2a4074f1fae1f96ed51ec97f97e5b42237a57174204da1d5",
      "candidateRequiredOutputSha256": "27f462c377352f1f2a4074f1fae1f96ed51ec97f97e5b42237a57174204da1d5",
      "requiredOutputCount": 1,
      "productAttributableFailure": false,
      "controlLogSha256": "1c1ec8bbcc563340f9bfdfd689f873a29a604f84c6b33df60ef4eb05a1d88c63",
      "candidateLogSha256": "f9fb5286fbb32897c453a18eb72ff21ec7522b1d7435440d96844e3031c73210",
      "controlTaskOutcomes": {
        "total": 218,
        "executed": 138,
        "fromCache": 24,
        "upToDate": 8,
        "noSource": 48,
        "skipped": 0,
        "fingerprintSha256": "a8c9059b0fb2a799ddfba8828062a5ba4fb07b5deb583fa958f0ecb41079e151",
        "tasks": [
          {
            "path": ":bootstrapJar",
            "outcome": "EXECUTED"
          },
          {
            "path": ":build-logic:classes",
            "outcome": "EXECUTED"
          },
          {
            "path": ":build-logic:compileGroovy",
            "outcome": "FROM_CACHE"
          },
          {
            "path": ":build-logic:compileGroovyPlugins",
            "outcome": "FROM_CACHE"
          },
          {
            "path": ":build-logic:compileJava",
            "outcome": "FROM_CACHE"
          },
          {
            "path": ":build-logic:extractPluginRequests",
            "outcome": "FROM_CACHE"
          },
          {
            "path": ":build-logic:generatePluginAdapters",
            "outcome": "FROM_CACHE"
          },
          {
            "path": ":build-logic:jar",
            "outcome": "EXECUTED"
          },
          {
            "path": ":build-logic:pluginDescriptors",
            "outcome": "EXECUTED"
          },
          {
            "path": ":build-logic:processResources",
            "outcome": "EXECUTED"
          },
          {
            "path": ":classes",
            "outcome": "EXECUTED"
          },
          {
            "path": ":compileGroovy",
            "outcome": "EXECUTED"
          },
          {
            "path": ":compileJava",
            "outcome": "FROM_CACHE"
          },
          {
            "path": ":dgmConverter",
            "outcome": "FROM_CACHE"
          },
          {
            "path": ":generateGrammarSource",
            "outcome": "FROM_CACHE"
          },
          {
            "path": ":generateReleaseInfo",
            "outcome": "EXECUTED"
          },
          {
            "path": ":groovy-ant:classes",
            "outcome": "EXECUTED"
          },
          {
            "path": ":groovy-ant:compileGroovy",
            "outcome": "EXECUTED"
          },
          {
            "path": ":groovy-ant:compileJava",
            "outcome": "FROM_CACHE"
          },
          {
            "path": ":groovy-ant:generateReleaseInfo",
            "outcome": "EXECUTED"
          },
          {
            "path": ":groovy-ant:jar",
            "outcome": "EXECUTED"
          },
          {
            "path": ":groovy-ant:processResources",
            "outcome": "EXECUTED"
          },
          {
            "path": ":groovy-astbuilder:classes",
            "outcome": "EXECUTED"
          },
          {
            "path": ":groovy-astbuilder:compileGroovy",
            "outcome": "NO_SOURCE"
          },
          {
            "path": ":groovy-astbuilder:compileJava",
            "outcome": "FROM_CACHE"
          },
          {
            "path": ":groovy-astbuilder:generateReleaseInfo",
            "outcome": "EXECUTED"
          },
          {
            "path": ":groovy-astbuilder:jar",
            "outcome": "EXECUTED"
          },
          {
            "path": ":groovy-astbuilder:processResources",
            "outcome": "EXECUTED"
          },
          {
            "path": ":groovy-cli-commons:classes",
            "outcome": "EXECUTED"
          },
          {
            "path": ":groovy-cli-commons:compileGroovy",
            "outcome": "EXECUTED"
          },
          {
            "path": ":groovy-cli-commons:compileJava",
            "outcome": "NO_SOURCE"
          },
          {
            "path": ":groovy-cli-commons:generateReleaseInfo",
            "outcome": "EXECUTED"
          },
          {
            "path": ":groovy-cli-commons:jar",
            "outcome": "EXECUTED"
          },
          {
            "path": ":groovy-cli-commons:processResources",
            "outcome": "NO_SOURCE"
          },
          {
            "path": ":groovy-cli-picocli:classes",
            "outcome": "EXECUTED"
          },
          {
            "path": ":groovy-cli-picocli:compileGroovy",
            "outcome": "EXECUTED"
          },
          {
            "path": ":groovy-cli-picocli:compileJava",
            "outcome": "NO_SOURCE"
          },
          {
            "path": ":groovy-cli-picocli:generateReleaseInfo",
            "outcome": "EXECUTED"
          },
          {
            "path": ":groovy-cli-picocli:jar",
            "outcome": "EXECUTED"
          },
          {
            "path": ":groovy-cli-picocli:processResources",
            "outcome": "NO_SOURCE"
          },
          {
            "path": ":groovy-console:classes",
            "outcome": "EXECUTED"
          },
          {
            "path": ":groovy-console:compileGroovy",
            "outcome": "EXECUTED"
          },
          {
            "path": ":groovy-console:compileJava",
            "outcome": "NO_SOURCE"
          },
          {
            "path": ":groovy-console:generateReleaseInfo",
            "outcome": "EXECUTED"
          },
          {
            "path": ":groovy-console:jar",
            "outcome": "EXECUTED"
          },
          {
            "path": ":groovy-console:processResources",
            "outcome": "EXECUTED"
          },
          {
            "path": ":groovy-contracts:classes",
            "outcome": "EXECUTED"
          },
          {
            "path": ":groovy-contracts:compileGroovy",
            "outcome": "NO_SOURCE"
          },
          {
            "path": ":groovy-contracts:compileJava",
            "outcome": "FROM_CACHE"
          },
          {
            "path": ":groovy-contracts:generateReleaseInfo",
            "outcome": "EXECUTED"
          },
          {
            "path": ":groovy-contracts:jar",
            "outcome": "EXECUTED"
          },
          {
            "path": ":groovy-contracts:processResources",
            "outcome": "EXECUTED"
          },
          {
            "path": ":groovy-datetime:classes",
            "outcome": "UP_TO_DATE"
          },
          {
            "path": ":groovy-datetime:compileGroovy",
            "outcome": "NO_SOURCE"
          },
          {
            "path": ":groovy-datetime:compileJava",
            "outcome": "FROM_CACHE"
          },
          {
            "path": ":groovy-datetime:generateReleaseInfo",
            "outcome": "EXECUTED"
          },
          {
            "path": ":groovy-datetime:jar",
            "outcome": "EXECUTED"
          },
          {
            "path": ":groovy-datetime:moduleDescriptor",
            "outcome": "EXECUTED"
          },
          {
            "path": ":groovy-datetime:processResources",
            "outcome": "NO_SOURCE"
          },
          {
            "path": ":groovy-dateutil:classes",
            "outcome": "UP_TO_DATE"
          },
          {
            "path": ":groovy-dateutil:compileGroovy",
            "outcome": "NO_SOURCE"
          },
          {
            "path": ":groovy-dateutil:compileJava",
            "outcome": "FROM_CACHE"
          },
          {
            "path": ":groovy-dateutil:generateReleaseInfo",
            "outcome": "EXECUTED"
          },
          {
            "path": ":groovy-dateutil:jar",
            "outcome": "EXECUTED"
          },
          {
            "path": ":groovy-dateutil:moduleDescriptor",
            "outcome": "EXECUTED"
          },
          {
            "path": ":groovy-dateutil:processResources",
            "outcome": "NO_SOURCE"
          },
          {
            "path": ":groovy-docgenerator:classes",
            "outcome": "EXECUTED"
          },
          {
            "path": ":groovy-docgenerator:compileGroovy",
            "outcome": "EXECUTED"
          },
          {
            "path": ":groovy-docgenerator:compileJava",
            "outcome": "NO_SOURCE"
          },
          {
            "path": ":groovy-docgenerator:generateReleaseInfo",
            "outcome": "EXECUTED"
          },
          {
            "path": ":groovy-docgenerator:jar",
            "outcome": "EXECUTED"
          },
          {
            "path": ":groovy-docgenerator:processResources",
            "outcome": "EXECUTED"
          },
          {
            "path": ":groovy-ginq:classes",
            "outcome": "EXECUTED"
          },
          {
            "path": ":groovy-ginq:compileGroovy",
            "outcome": "EXECUTED"
          },
          {
            "path": ":groovy-ginq:compileJava",
            "outcome": "NO_SOURCE"
          },
          {
            "path": ":groovy-ginq:generateReleaseInfo",
            "outcome": "EXECUTED"
          },
          {
            "path": ":groovy-ginq:jar",
            "outcome": "EXECUTED"
          },
          {
            "path": ":groovy-ginq:moduleDescriptor",
            "outcome": "EXECUTED"
          },
          {
            "path": ":groovy-ginq:processResources",
            "outcome": "NO_SOURCE"
          },
          {
            "path": ":groovy-groovydoc:classes",
            "outcome": "EXECUTED"
          },
          {
            "path": ":groovy-groovydoc:compileGroovy",
            "outcome": "EXECUTED"
          },
          {
            "path": ":groovy-groovydoc:compileJava",
            "outcome": "FROM_CACHE"
          },
          {
            "path": ":groovy-groovydoc:generateReleaseInfo",
            "outcome": "EXECUTED"
          },
          {
            "path": ":groovy-groovydoc:jar",
            "outcome": "EXECUTED"
          },
          {
            "path": ":groovy-groovydoc:processResources",
            "outcome": "EXECUTED"
          },
          {
            "path": ":groovy-groovysh:classes",
            "outcome": "EXECUTED"
          },
          {
            "path": ":groovy-groovysh:compileGroovy",
            "outcome": "EXECUTED"
          },
          {
            "path": ":groovy-groovysh:compileJava",
            "outcome": "NO_SOURCE"
          },
          {
            "path": ":groovy-groovysh:generateReleaseInfo",
            "outcome": "EXECUTED"
          },
          {
            "path": ":groovy-groovysh:jar",
            "outcome": "EXECUTED"
          },
          {
            "path": ":groovy-groovysh:processResources",
            "outcome": "EXECUTED"
          },
          {
            "path": ":groovy-jmx:classes",
            "outcome": "EXECUTED"
          },
          {
            "path": ":groovy-jmx:compileGroovy",
            "outcome": "EXECUTED"
          },
          {
            "path": ":groovy-jmx:compileJava",
            "outcome": "FROM_CACHE"
          },
          {
            "path": ":groovy-jmx:generateReleaseInfo",
            "outcome": "EXECUTED"
          },
          {
            "path": ":groovy-jmx:jar",
            "outcome": "EXECUTED"
          },
          {
            "path": ":groovy-jmx:processResources",
            "outcome": "NO_SOURCE"
          },
          {
            "path": ":groovy-json:classes",
            "outcome": "EXECUTED"
          },
          {
            "path": ":groovy-json:compileGroovy",
            "outcome": "NO_SOURCE"
          },
          {
            "path": ":groovy-json:compileJava",
            "outcome": "EXECUTED"
          },
          {
            "path": ":groovy-json:generateReleaseInfo",
            "outcome": "EXECUTED"
          },
          {
            "path": ":groovy-json:jar",
            "outcome": "EXECUTED"
          },
          {
            "path": ":groovy-json:processResources",
            "outcome": "EXECUTED"
          },
          {
            "path": ":groovy-jsr223:classes",
            "outcome": "EXECUTED"
          },
          {
            "path": ":groovy-jsr223:compileGroovy",
            "outcome": "NO_SOURCE"
          },
          {
            "path": ":groovy-jsr223:compileJava",
            "outcome": "FROM_CACHE"
          },
          {
            "path": ":groovy-jsr223:generateReleaseInfo",
            "outcome": "EXECUTED"
          },
          {
            "path": ":groovy-jsr223:jar",
            "outcome": "EXECUTED"
          },
          {
            "path": ":groovy-jsr223:moduleDescriptor",
            "outcome": "EXECUTED"
          },
          {
            "path": ":groovy-jsr223:processResources",
            "outcome": "EXECUTED"
          },
          {
            "path": ":groovy-macro-library:classes",
            "outcome": "EXECUTED"
          },
          {
            "path": ":groovy-macro-library:compileGroovy",
            "outcome": "EXECUTED"
          },
          {
            "path": ":groovy-macro-library:compileJava",
            "outcome": "NO_SOURCE"
          },
          {
            "path": ":groovy-macro-library:generateReleaseInfo",
            "outcome": "EXECUTED"
          },
          {
            "path": ":groovy-macro-library:jar",
            "outcome": "EXECUTED"
          },
          {
            "path": ":groovy-macro-library:moduleDescriptor",
            "outcome": "EXECUTED"
          },
          {
            "path": ":groovy-macro-library:processResources",
            "outcome": "NO_SOURCE"
          },
          {
            "path": ":groovy-macro:classes",
            "outcome": "EXECUTED"
          },
          {
            "path": ":groovy-macro:compileGroovy",
            "outcome": "EXECUTED"
          },
          {
            "path": ":groovy-macro:compileJava",
            "outcome": "NO_SOURCE"
          },
          {
            "path": ":groovy-macro:generateReleaseInfo",
            "outcome": "EXECUTED"
          },
          {
            "path": ":groovy-macro:jar",
            "outcome": "EXECUTED"
          },
          {
            "path": ":groovy-macro:moduleDescriptor",
            "outcome": "EXECUTED"
          },
          {
            "path": ":groovy-macro:processResources",
            "outcome": "EXECUTED"
          },
          {
            "path": ":groovy-nio:classes",
            "outcome": "UP_TO_DATE"
          },
          {
            "path": ":groovy-nio:compileGroovy",
            "outcome": "NO_SOURCE"
          },
          {
            "path": ":groovy-nio:compileJava",
            "outcome": "FROM_CACHE"
          },
          {
            "path": ":groovy-nio:generateReleaseInfo",
            "outcome": "EXECUTED"
          },
          {
            "path": ":groovy-nio:jar",
            "outcome": "EXECUTED"
          },
          {
            "path": ":groovy-nio:moduleDescriptor",
            "outcome": "EXECUTED"
          },
          {
            "path": ":groovy-nio:processResources",
            "outcome": "NO_SOURCE"
          },
          {
            "path": ":groovy-servlet:classes",
            "outcome": "UP_TO_DATE"
          },
          {
            "path": ":groovy-servlet:compileGroovy",
            "outcome": "NO_SOURCE"
          },
          {
            "path": ":groovy-servlet:compileJava",
            "outcome": "FROM_CACHE"
          },
          {
            "path": ":groovy-servlet:generateReleaseInfo",
            "outcome": "EXECUTED"
          },
          {
            "path": ":groovy-servlet:jar",
            "outcome": "EXECUTED"
          },
          {
            "path": ":groovy-servlet:processResources",
            "outcome": "NO_SOURCE"
          },
          {
            "path": ":groovy-sql:classes",
            "outcome": "UP_TO_DATE"
          },
          {
            "path": ":groovy-sql:compileGroovy",
            "outcome": "NO_SOURCE"
          },
          {
            "path": ":groovy-sql:compileJava",
            "outcome": "FROM_CACHE"
          },
          {
            "path": ":groovy-sql:generateReleaseInfo",
            "outcome": "EXECUTED"
          },
          {
            "path": ":groovy-sql:jar",
            "outcome": "EXECUTED"
          },
          {
            "path": ":groovy-sql:moduleDescriptor",
            "outcome": "EXECUTED"
          },
          {
            "path": ":groovy-sql:processResources",
            "outcome": "NO_SOURCE"
          },
          {
            "path": ":groovy-swing:classes",
            "outcome": "EXECUTED"
          },
          {
            "path": ":groovy-swing:compileGroovy",
            "outcome": "EXECUTED"
          },
          {
            "path": ":groovy-swing:compileJava",
            "outcome": "FROM_CACHE"
          },
          {
            "path": ":groovy-swing:generateReleaseInfo",
            "outcome": "EXECUTED"
          },
          {
            "path": ":groovy-swing:jar",
            "outcome": "EXECUTED"
          },
          {
            "path": ":groovy-swing:moduleDescriptor",
            "outcome": "EXECUTED"
          },
          {
            "path": ":groovy-swing:processResources",
            "outcome": "NO_SOURCE"
          },
          {
            "path": ":groovy-templates:classes",
            "outcome": "EXECUTED"
          },
          {
            "path": ":groovy-templates:compileGroovy",
            "outcome": "EXECUTED"
          },
          {
            "path": ":groovy-templates:compileJava",
            "outcome": "NO_SOURCE"
          },
          {
            "path": ":groovy-templates:generateReleaseInfo",
            "outcome": "EXECUTED"
          },
          {
            "path": ":groovy-templates:jar",
            "outcome": "EXECUTED"
          },
          {
            "path": ":groovy-templates:processResources",
            "outcome": "NO_SOURCE"
          },
          {
            "path": ":groovy-test-junit5:classes",
            "outcome": "EXECUTED"
          },
          {
            "path": ":groovy-test-junit5:compileGroovy",
            "outcome": "EXECUTED"
          },
          {
            "path": ":groovy-test-junit5:compileJava",
            "outcome": "FROM_CACHE"
          },
          {
            "path": ":groovy-test-junit5:generateReleaseInfo",
            "outcome": "EXECUTED"
          },
          {
            "path": ":groovy-test-junit5:jar",
            "outcome": "EXECUTED"
          },
          {
            "path": ":groovy-test-junit5:processResources",
            "outcome": "EXECUTED"
          },
          {
            "path": ":groovy-test:classes",
            "outcome": "EXECUTED"
          },
          {
            "path": ":groovy-test:compileGroovy",
            "outcome": "EXECUTED"
          },
          {
            "path": ":groovy-test:compileJava",
            "outcome": "FROM_CACHE"
          },
          {
            "path": ":groovy-test:generateReleaseInfo",
            "outcome": "EXECUTED"
          },
          {
            "path": ":groovy-test:jar",
            "outcome": "EXECUTED"
          },
          {
            "path": ":groovy-test:processResources",
            "outcome": "NO_SOURCE"
          },
          {
            "path": ":groovy-testng:classes",
            "outcome": "EXECUTED"
          },
          {
            "path": ":groovy-testng:compileGroovy",
            "outcome": "NO_SOURCE"
          },
          {
            "path": ":groovy-testng:compileJava",
            "outcome": "FROM_CACHE"
          },
          {
            "path": ":groovy-testng:generateReleaseInfo",
            "outcome": "EXECUTED"
          },
          {
            "path": ":groovy-testng:jar",
            "outcome": "EXECUTED"
          },
          {
            "path": ":groovy-testng:processResources",
            "outcome": "EXECUTED"
          },
          {
            "path": ":groovy-toml:classes",
            "outcome": "EXECUTED"
          },
          {
            "path": ":groovy-toml:compileGroovy",
            "outcome": "NO_SOURCE"
          },
          {
            "path": ":groovy-toml:compileJava",
            "outcome": "EXECUTED"
          },
          {
            "path": ":groovy-toml:generateReleaseInfo",
            "outcome": "EXECUTED"
          },
          {
            "path": ":groovy-toml:jar",
            "outcome": "EXECUTED"
          },
          {
            "path": ":groovy-toml:processResources",
            "outcome": "NO_SOURCE"
          },
          {
            "path": ":groovy-typecheckers:classes",
            "outcome": "EXECUTED"
          },
          {
            "path": ":groovy-typecheckers:compileGroovy",
            "outcome": "EXECUTED"
          },
          {
            "path": ":groovy-typecheckers:compileJava",
            "outcome": "NO_SOURCE"
          },
          {
            "path": ":groovy-typecheckers:generateReleaseInfo",
            "outcome": "EXECUTED"
          },
          {
            "path": ":groovy-typecheckers:jar",
            "outcome": "EXECUTED"
          },
          {
            "path": ":groovy-typecheckers:processResources",
            "outcome": "NO_SOURCE"
          },
          {
            "path": ":groovy-xml:classes",
            "outcome": "EXECUTED"
          },
          {
            "path": ":groovy-xml:compileGroovy",
            "outcome": "EXECUTED"
          },
          {
            "path": ":groovy-xml:compileJava",
            "outcome": "FROM_CACHE"
          },
          {
            "path": ":groovy-xml:generateReleaseInfo",
            "outcome": "EXECUTED"
          },
          {
            "path": ":groovy-xml:jar",
            "outcome": "EXECUTED"
          },
          {
            "path": ":groovy-xml:moduleDescriptor",
            "outcome": "EXECUTED"
          },
          {
            "path": ":groovy-xml:processResources",
            "outcome": "NO_SOURCE"
          },
          {
            "path": ":groovy-yaml:classes",
            "outcome": "EXECUTED"
          },
          {
            "path": ":groovy-yaml:compileGroovy",
            "outcome": "NO_SOURCE"
          },
          {
            "path": ":groovy-yaml:compileJava",
            "outcome": "EXECUTED"
          },
          {
            "path": ":groovy-yaml:generateReleaseInfo",
            "outcome": "EXECUTED"
          },
          {
            "path": ":groovy-yaml:jar",
            "outcome": "EXECUTED"
          },
          {
            "path": ":groovy-yaml:processResources",
            "outcome": "NO_SOURCE"
          },
          {
            "path": ":jar",
            "outcome": "EXECUTED"
          },
          {
            "path": ":osgiClasses",
            "outcome": "EXECUTED"
          },
          {
            "path": ":performance:classes",
            "outcome": "UP_TO_DATE"
          },
          {
            "path": ":performance:compileGroovy",
            "outcome": "NO_SOURCE"
          },
          {
            "path": ":performance:compileJava",
            "outcome": "NO_SOURCE"
          },
          {
            "path": ":performance:jar",
            "outcome": "EXECUTED"
          },
          {
            "path": ":performance:processResources",
            "outcome": "NO_SOURCE"
          },
          {
            "path": ":processResources",
            "outcome": "EXECUTED"
          },
          {
            "path": ":stress:classes",
            "outcome": "UP_TO_DATE"
          },
          {
            "path": ":stress:compileGroovy",
            "outcome": "NO_SOURCE"
          },
          {
            "path": ":stress:compileJava",
            "outcome": "NO_SOURCE"
          },
          {
            "path": ":stress:jar",
            "outcome": "EXECUTED"
          },
          {
            "path": ":stress:processResources",
            "outcome": "NO_SOURCE"
          },
          {
            "path": ":tests-preview:classes",
            "outcome": "UP_TO_DATE"
          },
          {
            "path": ":tests-preview:compileGroovy",
            "outcome": "NO_SOURCE"
          },
          {
            "path": ":tests-preview:compileJava",
            "outcome": "NO_SOURCE"
          },
          {
            "path": ":tests-preview:jar",
            "outcome": "EXECUTED"
          },
          {
            "path": ":tests-preview:processResources",
            "outcome": "NO_SOURCE"
          }
        ]
      },
      "candidateTaskOutcomes": {
        "total": 25,
        "executed": 16,
        "fromCache": 8,
        "upToDate": 0,
        "noSource": 1,
        "skipped": 0,
        "fingerprintSha256": "b43c808e47c00d49cfb56f71197b3295e884e9f536fb660c7889cb8b633b76e2",
        "tasks": [
          {
            "path": ":bootstrapJar",
            "outcome": "EXECUTED"
          },
          {
            "path": ":build-logic:classes",
            "outcome": "EXECUTED"
          },
          {
            "path": ":build-logic:compileGroovy",
            "outcome": "FROM_CACHE"
          },
          {
            "path": ":build-logic:compileGroovyPlugins",
            "outcome": "FROM_CACHE"
          },
          {
            "path": ":build-logic:compileJava",
            "outcome": "FROM_CACHE"
          },
          {
            "path": ":build-logic:extractPluginRequests",
            "outcome": "FROM_CACHE"
          },
          {
            "path": ":build-logic:generatePluginAdapters",
            "outcome": "FROM_CACHE"
          },
          {
            "path": ":build-logic:jar",
            "outcome": "EXECUTED"
          },
          {
            "path": ":build-logic:pluginDescriptors",
            "outcome": "EXECUTED"
          },
          {
            "path": ":build-logic:processResources",
            "outcome": "EXECUTED"
          },
          {
            "path": ":classes",
            "outcome": "EXECUTED"
          },
          {
            "path": ":compileGroovy",
            "outcome": "EXECUTED"
          },
          {
            "path": ":compileJava",
            "outcome": "FROM_CACHE",
            "consoleOutcomeTransitions": [
              "EXECUTED",
              "FROM_CACHE"
            ]
          },
          {
            "path": ":dgmConverter",
            "outcome": "FROM_CACHE"
          },
          {
            "path": ":generateGrammarSource",
            "outcome": "FROM_CACHE"
          },
          {
            "path": ":generateReleaseInfo",
            "outcome": "EXECUTED"
          },
          {
            "path": ":groovy-json:classes",
            "outcome": "EXECUTED"
          },
          {
            "path": ":groovy-json:compileGroovy",
            "outcome": "NO_SOURCE"
          },
          {
            "path": ":groovy-json:compileJava",
            "outcome": "EXECUTED"
          },
          {
            "path": ":groovy-json:generateReleaseInfo",
            "outcome": "EXECUTED"
          },
          {
            "path": ":groovy-json:jar",
            "outcome": "EXECUTED"
          },
          {
            "path": ":groovy-json:processResources",
            "outcome": "EXECUTED"
          },
          {
            "path": ":jar",
            "outcome": "EXECUTED"
          },
          {
            "path": ":osgiClasses",
            "outcome": "EXECUTED"
          },
          {
            "path": ":processResources",
            "outcome": "EXECUTED"
          }
        ]
      },
      "controlHostPressure": {
        "available": true,
        "cpuSomeTotalUs": 17500882,
        "memorySomeTotalUs": 0,
        "memoryFullTotalUs": 1,
        "ioSomeTotalUs": 35531147,
        "ioFullTotalUs": 14308871
      },
      "candidateHostPressure": {
        "available": true,
        "cpuSomeTotalUs": 89148,
        "memorySomeTotalUs": 0,
        "memoryFullTotalUs": 0,
        "ioSomeTotalUs": 11925634,
        "ioFullTotalUs": 9928265
      }
    }
  ],
  "fallback": {
    "mode": "FULL_GRAPH",
    "reason": "IMPACT_GLOBAL_CHANGE",
    "buildSuccessful": true
  },
  "result": {
    "pairs": 8,
    "controlMeanMs": 71957.875,
    "candidateMeanMs": 19726.125,
    "meanSavedMs": 52231.75,
    "reductionRatio": 0.7258656540371711,
    "interval95SavedMs": [
      50937.5,
      53551
    ],
    "positivePairs": 8,
    "executionShapeObserved": true,
    "executionShapeStable": true,
    "targetWarmupShapeObserved": true,
    "targetWarmupShapeStable": true,
    "qualified": true,
    "decision": "QUALIFY_STRUCTURAL_PROFILE"
  },
  "boundaries": {
    "proofOfConcept": true,
    "productionAuthorized": false,
    "repositorySpecificRuleAdded": false,
    "testOptimizationModified": false
  }
}
