buildopt: warming isolated control arm at c16898314460cdfc3e0f0d7d24822585bbd1997e (cache seed 1/3)
buildopt: warmed isolated control arm cache seed in 210361ms with total:218/executed:167/from-cache:0/up-to-date:3/no-source:48/skipped:0/fingerprint:7517f029b7a075e985d670178f879974e0297889ca1085e0a5e7fdc9d123fa8f
buildopt: warming isolated control arm at c16898314460cdfc3e0f0d7d24822585bbd1997e (base daemon stabilization 2/3)
buildopt: warmed isolated control arm daemon stabilization in 85876ms with total:218/executed:133/from-cache:27/up-to-date:10/no-source:48/skipped:0/fingerprint:412113aca5cb6c75afb026125187314f7d484f4361ae7ee7828d97177895a0d0
buildopt: warming isolated control arm at 3d6e5f4f6e8b492528fe133366680a377b7e4706 (target-workload stabilization 3/3)
buildopt: warmed isolated control arm target workload in 83636ms with total:218/executed:138/from-cache:24/up-to-date:8/no-source:48/skipped:0/fingerprint:a8c9059b0fb2a799ddfba8828062a5ba4fb07b5deb583fa958f0ecb41079e151
buildopt: warming isolated candidate arm at c16898314460cdfc3e0f0d7d24822585bbd1997e (cache seed 1/3)
buildopt: warmed isolated candidate arm cache seed in 156078ms with total:25/executed:24/from-cache:0/up-to-date:0/no-source:1/skipped:0/fingerprint:74a2e1a4588b91accdf076cda4cb2c697590539d0f32836d22e89ed76e3bf071
buildopt: warming isolated candidate arm at c16898314460cdfc3e0f0d7d24822585bbd1997e (base daemon stabilization 2/3)
buildopt: warmed isolated candidate arm daemon stabilization in 16049ms with total:25/executed:14/from-cache:10/up-to-date:0/no-source:1/skipped:0/fingerprint:518271d7ae0ed7bcec07c4a9859a59b96a835ac29b04aeb5d6d8c8a491b92d33
buildopt: warming isolated candidate arm at 3d6e5f4f6e8b492528fe133366680a377b7e4706 (target-workload stabilization 3/3)
buildopt: warmed isolated candidate arm target workload in 19617ms with total:25/executed:16/from-cache:8/up-to-date:0/no-source:1/skipped:0/fingerprint:b43c808e47c00d49cfb56f71197b3295e884e9f536fb660c7889cb8b633b76e2
buildopt: structural pair 1/8 control=71396ms candidate=23893ms saved=47503ms gap=3ms order=CONTROL_FIRST
buildopt: structural pair 1 task outcomes control=total:218/executed:138/from-cache:24/up-to-date:8/no-source:48/skipped:0/fingerprint:a8c9059b0fb2a799ddfba8828062a5ba4fb07b5deb583fa958f0ecb41079e151 candidate=total:25/executed:16/from-cache:8/up-to-date:0/no-source:1/skipped:0/fingerprint:b43c808e47c00d49cfb56f71197b3295e884e9f536fb660c7889cb8b633b76e2
buildopt: structural pair 2/8 control=75489ms candidate=18613ms saved=56876ms gap=0ms order=CANDIDATE_FIRST
buildopt: structural pair 2 task outcomes control=total:218/executed:138/from-cache:24/up-to-date:8/no-source:48/skipped:0/fingerprint:a8c9059b0fb2a799ddfba8828062a5ba4fb07b5deb583fa958f0ecb41079e151 candidate=total:25/executed:16/from-cache:8/up-to-date:0/no-source:1/skipped:0/fingerprint:b43c808e47c00d49cfb56f71197b3295e884e9f536fb660c7889cb8b633b76e2
buildopt: structural pair 3/8 control=75730ms candidate=20987ms saved=54743ms gap=3ms order=CONTROL_FIRST
buildopt: structural pair 3 task outcomes control=total:218/executed:138/from-cache:24/up-to-date:8/no-source:48/skipped:0/fingerprint:a8c9059b0fb2a799ddfba8828062a5ba4fb07b5deb583fa958f0ecb41079e151 candidate=total:25/executed:16/from-cache:8/up-to-date:0/no-source:1/skipped:0/fingerprint:b43c808e47c00d49cfb56f71197b3295e884e9f536fb660c7889cb8b633b76e2
buildopt: structural pair 4/8 control=70751ms candidate=18701ms saved=52050ms gap=0ms order=CANDIDATE_FIRST
buildopt: structural pair 4 task outcomes control=total:218/executed:138/from-cache:24/up-to-date:8/no-source:48/skipped:0/fingerprint:a8c9059b0fb2a799ddfba8828062a5ba4fb07b5deb583fa958f0ecb41079e151 candidate=total:25/executed:16/from-cache:8/up-to-date:0/no-source:1/skipped:0/fingerprint:b43c808e47c00d49cfb56f71197b3295e884e9f536fb660c7889cb8b633b76e2
buildopt: structural pair 5/8 control=78284ms candidate=21580ms saved=56704ms gap=3ms order=CONTROL_FIRST
buildopt: structural pair 5 task outcomes control=total:218/executed:138/from-cache:24/up-to-date:8/no-source:48/skipped:0/fingerprint:a8c9059b0fb2a799ddfba8828062a5ba4fb07b5deb583fa958f0ecb41079e151 candidate=total:25/executed:16/from-cache:8/up-to-date:0/no-source:1/skipped:0/fingerprint:b43c808e47c00d49cfb56f71197b3295e884e9f536fb660c7889cb8b633b76e2
buildopt: structural pair 6/8 control=74310ms candidate=18239ms saved=56071ms gap=0ms order=CANDIDATE_FIRST
buildopt: structural pair 6 task outcomes control=total:218/executed:138/from-cache:24/up-to-date:8/no-source:48/skipped:0/fingerprint:a8c9059b0fb2a799ddfba8828062a5ba4fb07b5deb583fa958f0ecb41079e151 candidate=total:25/executed:16/from-cache:8/up-to-date:0/no-source:1/skipped:0/fingerprint:b43c808e47c00d49cfb56f71197b3295e884e9f536fb660c7889cb8b633b76e2
buildopt: structural pair 7/8 control=75760ms candidate=19887ms saved=55873ms gap=0ms order=CONTROL_FIRST
buildopt: structural pair 7 task outcomes control=total:218/executed:139/from-cache:23/up-to-date:8/no-source:48/skipped:0/fingerprint:97bac863a85d327e715ffa85e1bf0f33b58268c25d603055703e96719ed7a522 candidate=total:25/executed:16/from-cache:8/up-to-date:0/no-source:1/skipped:0/fingerprint:b43c808e47c00d49cfb56f71197b3295e884e9f536fb660c7889cb8b633b76e2
buildopt: structural pair 8/8 control=74007ms candidate=19461ms saved=54546ms gap=0ms order=CANDIDATE_FIRST
buildopt: structural pair 8 task outcomes control=total:218/executed:138/from-cache:24/up-to-date:8/no-source:48/skipped:0/fingerprint:a8c9059b0fb2a799ddfba8828062a5ba4fb07b5deb583fa958f0ecb41079e151 candidate=total:25/executed:16/from-cache:8/up-to-date:0/no-source:1/skipped:0/fingerprint:b43c808e47c00d49cfb56f71197b3295e884e9f536fb660c7889cb8b633b76e2
buildopt: validating full-graph fallback with --no-daemon and measured scheduling
buildopt: structural profile measurement decision RETAIN_NATIVE_GRADLE; review buildopt-structural-evidence.json before evaluation
{
  "schemaVersion": "buildopt.evidence/structural-profile-qualification/v1",
  "evidenceState": "INCONCLUSIVE",
  "capturedAt": "2026-08-14T00:13:03Z",
  "subject": {
    "repositoryId": "apache/groovy",
    "repositoryRevision": "3d6e5f4f6e8b492528fe133366680a377b7e4706",
    "pipelineClass": "jar-packaging"
  },
  "sourceBindings": {
    "manifestSha256": "a6d88334fec16415b7dd90012ab0036e68a673dd1d73ecab0421310d9d8dcf8f",
    "graphSha256": "02520e4eaec8781a09edc8cbf42d58ce5621ffe4f4cadf54c6c2c87c4e6c4a24",
    "generatedManifestSha256": "c6b7eaed059e3e25fe4ff4881063d2d8828ce437e3c95c2f4b9ea855b25d81e0",
    "sourceEvidenceSha256": "567700230e4130b93ec67296f6a281dfbcbbf312156c7887463e20ec110f42fd",
    "outputEquivalenceSha256": "ed3bc40daec143645589a768d5058bdbdf1a982d08d2659170142bca3dea1ff5"
  },
  "plan": {
    "alternativeId": "changed-projects",
    "entrypoints": [
      ":groovy-json:jar"
    ],
    "fallbackEntrypoints": [
      "jar"
    ],
    "requiredOutputs": [
      "subprojects/groovy-json/build/libs/*.jar"
    ],
    "totalProjectCount": 37,
    "selectedProjectCount": 2,
    "omittedProjectCount": 35,
    "omittedProjectRatio": 0.9459459459459459
  },
  "execution": {
    "candidateSurface": "INSTALLED_BUILDOPT_STRUCTURAL_IMPACT_ONLY",
    "buildoptRevision": "bfb75789a742815cb4a997eefcd04102de8533ba",
    "executableSha256": "cda790bdcce27086f98e0a9a6a1be507568de53cbd9da2769cb914645829d802",
    "mechanisms": [
      "BUILD_IMPACT"
    ],
    "gradleOptions": [
      "--daemon",
      "--build-cache",
      "--parallel",
      "--no-configuration-cache",
      "--console=plain",
      "--no-scan",
      "--max-workers=12"
    ],
    "launcherOverheadIncluded": true,
    "outputEquivalenceMode": "OWNER_REVIEWED_SEMANTIC_V1",
    "warmupsPerArm": 3,
    "controlWarmups": [
      {
        "phase": "CACHE_SEED",
        "durationMs": 210361,
        "logSha256": "a3bafc330f81648b108e87c71ed42a37ce4dd1ceb758338e5306645b4941f591",
        "taskOutcomes": {
          "total": 218,
          "executed": 167,
          "fromCache": 0,
          "upToDate": 3,
          "noSource": 48,
          "skipped": 0,
          "fingerprintSha256": "7517f029b7a075e985d670178f879974e0297889ca1085e0a5e7fdc9d123fa8f",
          "tasks": [
            {
              "path": ":bootstrapJar",
              "outcome": "EXECUTED"
            },
            {
              "path": ":build-logic:classes",
              "outcome": "EXECUTED"
            },
            {
              "path": ":build-logic:compileGroovy",
              "outcome": "EXECUTED"
            },
            {
              "path": ":build-logic:compileGroovyPlugins",
              "outcome": "EXECUTED"
            },
            {
              "path": ":build-logic:compileJava",
              "outcome": "EXECUTED"
            },
            {
              "path": ":build-logic:extractPluginRequests",
              "outcome": "EXECUTED"
            },
            {
              "path": ":build-logic:generatePluginAdapters",
              "outcome": "EXECUTED"
            },
            {
              "path": ":build-logic:jar",
              "outcome": "EXECUTED"
            },
            {
              "path": ":build-logic:pluginDescriptors",
              "outcome": "EXECUTED"
            },
            {
              "path": ":build-logic:processResources",
              "outcome": "EXECUTED"
            },
            {
              "path": ":classes",
              "outcome": "EXECUTED"
            },
            {
              "path": ":compileGroovy",
              "outcome": "EXECUTED"
            },
            {
              "path": ":compileJava",
              "outcome": "EXECUTED"
            },
            {
              "path": ":dgmConverter",
              "outcome": "EXECUTED"
            },
            {
              "path": ":generateGrammarSource",
              "outcome": "EXECUTED"
            },
            {
              "path": ":generateReleaseInfo",
              "outcome": "EXECUTED"
            },
            {
              "path": ":groovy-ant:classes",
              "outcome": "EXECUTED"
            },
            {
              "path": ":groovy-ant:compileGroovy",
              "outcome": "EXECUTED"
            },
            {
              "path": ":groovy-ant:compileJava",
              "outcome": "EXECUTED"
            },
            {
              "path": ":groovy-ant:generateReleaseInfo",
              "outcome": "EXECUTED"
            },
            {
              "path": ":groovy-ant:jar",
              "outcome": "EXECUTED"
            },
            {
              "path": ":groovy-ant:processResources",
              "outcome": "EXECUTED"
            },
            {
              "path": ":groovy-astbuilder:classes",
              "outcome": "EXECUTED"
            },
            {
              "path": ":groovy-astbuilder:compileGroovy",
              "outcome": "NO_SOURCE"
            },
            {
              "path": ":groovy-astbuilder:compileJava",
              "outcome": "EXECUTED"
            },
            {
              "path": ":groovy-astbuilder:generateReleaseInfo",
              "outcome": "EXECUTED"
            },
            {
              "path": ":groovy-astbuilder:jar",
              "outcome": "EXECUTED"
            },
            {
              "path": ":groovy-astbuilder:processResources",
              "outcome": "EXECUTED"
            },
            {
              "path": ":groovy-cli-commons:classes",
              "outcome": "EXECUTED"
            },
            {
              "path": ":groovy-cli-commons:compileGroovy",
              "outcome": "EXECUTED"
            },
            {
              "path": ":groovy-cli-commons:compileJava",
              "outcome": "NO_SOURCE"
            },
            {
              "path": ":groovy-cli-commons:generateReleaseInfo",
              "outcome": "EXECUTED"
            },
            {
              "path": ":groovy-cli-commons:jar",
              "outcome": "EXECUTED"
            },
            {
              "path": ":groovy-cli-commons:processResources",
              "outcome": "NO_SOURCE"
            },
            {
              "path": ":groovy-cli-picocli:classes",
              "outcome": "EXECUTED"
            },
            {
              "path": ":groovy-cli-picocli:compileGroovy",
              "outcome": "EXECUTED"
            },
            {
              "path": ":groovy-cli-picocli:compileJava",
              "outcome": "NO_SOURCE"
            },
            {
              "path": ":groovy-cli-picocli:generateReleaseInfo",
              "outcome": "EXECUTED"
            },
            {
              "path": ":groovy-cli-picocli:jar",
              "outcome": "EXECUTED"
            },
            {
              "path": ":groovy-cli-picocli:processResources",
              "outcome": "NO_SOURCE"
            },
            {
              "path": ":groovy-console:classes",
              "outcome": "EXECUTED"
            },
            {
              "path": ":groovy-console:compileGroovy",
              "outcome": "EXECUTED"
            },
            {
              "path": ":groovy-console:compileJava",
              "outcome": "NO_SOURCE"
            },
            {
              "path": ":groovy-console:generateReleaseInfo",
              "outcome": "EXECUTED"
            },
            {
              "path": ":groovy-console:jar",
              "outcome": "EXECUTED"
            },
            {
              "path": ":groovy-console:processResources",
              "outcome": "EXECUTED"
            },
            {
              "path": ":groovy-contracts:classes",
              "outcome": "EXECUTED"
            },
            {
              "path": ":groovy-contracts:compileGroovy",
              "outcome": "NO_SOURCE"
            },
            {
              "path": ":groovy-contracts:compileJava",
              "outcome": "EXECUTED"
            },
            {
              "path": ":groovy-contracts:generateReleaseInfo",
              "outcome": "EXECUTED"
            },
            {
              "path": ":groovy-contracts:jar",
              "outcome": "EXECUTED"
            },
            {
              "path": ":groovy-contracts:processResources",
              "outcome": "EXECUTED"
            },
            {
              "path": ":groovy-datetime:classes",
              "outcome": "EXECUTED"
            },
            {
              "path": ":groovy-datetime:compileGroovy",
              "outcome": "NO_SOURCE"
            },
            {
              "path": ":groovy-datetime:compileJava",
              "outcome": "EXECUTED"
            },
            {
              "path": ":groovy-datetime:generateReleaseInfo",
              "outcome": "EXECUTED"
            },
            {
              "path": ":groovy-datetime:jar",
              "outcome": "EXECUTED"
            },
            {
              "path": ":groovy-datetime:moduleDescriptor",
              "outcome": "EXECUTED"
            },
            {
              "path": ":groovy-datetime:processResources",
              "outcome": "NO_SOURCE"
            },
            {
              "path": ":groovy-dateutil:classes",
              "outcome": "EXECUTED"
            },
            {
              "path": ":groovy-dateutil:compileGroovy",
              "outcome": "NO_SOURCE"
            },
            {
              "path": ":groovy-dateutil:compileJava",
              "outcome": "EXECUTED"
            },
            {
              "path": ":groovy-dateutil:generateReleaseInfo",
              "outcome": "EXECUTED"
            },
            {
              "path": ":groovy-dateutil:jar",
              "outcome": "EXECUTED"
            },
            {
              "path": ":groovy-dateutil:moduleDescriptor",
              "outcome": "EXECUTED"
            },
            {
              "path": ":groovy-dateutil:processResources",
              "outcome": "NO_SOURCE"
            },
            {
              "path": ":groovy-docgenerator:classes",
              "outcome": "EXECUTED"
            },
            {
              "path": ":groovy-docgenerator:compileGroovy",
              "outcome": "EXECUTED"
            },
            {
              "path": ":groovy-docgenerator:compileJava",
              "outcome": "NO_SOURCE"
            },
            {
              "path": ":groovy-docgenerator:generateReleaseInfo",
              "outcome": "EXECUTED"
            },
            {
              "path": ":groovy-docgenerator:jar",
              "outcome": "EXECUTED"
            },
            {
              "path": ":groovy-docgenerator:processResources",
              "outcome": "EXECUTED"
            },
            {
              "path": ":groovy-ginq:classes",
              "outcome": "EXECUTED"
            },
            {
              "path": ":groovy-ginq:compileGroovy",
              "outcome": "EXECUTED"
            },
            {
              "path": ":groovy-ginq:compileJava",
              "outcome": "NO_SOURCE"
            },
            {
              "path": ":groovy-ginq:generateReleaseInfo",
              "outcome": "EXECUTED"
            },
            {
              "path": ":groovy-ginq:jar",
              "outcome": "EXECUTED"
            },
            {
              "path": ":groovy-ginq:moduleDescriptor",
              "outcome": "EXECUTED"
            },
            {
              "path": ":groovy-ginq:processResources",
              "outcome": "NO_SOURCE"
            },
            {
              "path": ":groovy-groovydoc:classes",
              "outcome": "EXECUTED"
            },
            {
              "path": ":groovy-groovydoc:compileGroovy",
              "outcome": "EXECUTED"
            },
            {
              "path": ":groovy-groovydoc:compileJava",
              "outcome": "EXECUTED"
            },
            {
              "path": ":groovy-groovydoc:generateReleaseInfo",
              "outcome": "EXECUTED"
            },
            {
              "path": ":groovy-groovydoc:jar",
              "outcome": "EXECUTED"
            },
            {
              "path": ":groovy-groovydoc:processResources",
              "outcome": "EXECUTED"
            },
            {
              "path": ":groovy-groovysh:classes",
              "outcome": "EXECUTED"
            },
            {
              "path": ":groovy-groovysh:compileGroovy",
              "outcome": "EXECUTED"
            },
            {
              "path": ":groovy-groovysh:compileJava",
              "outcome": "NO_SOURCE"
            },
            {
              "path": ":groovy-groovysh:generateReleaseInfo",
              "outcome": "EXECUTED"
            },
            {
              "path": ":groovy-groovysh:jar",
              "outcome": "EXECUTED"
            },
            {
              "path": ":groovy-groovysh:processResources",
              "outcome": "EXECUTED"
            },
            {
              "path": ":groovy-jmx:classes",
              "outcome": "EXECUTED"
            },
            {
              "path": ":groovy-jmx:compileGroovy",
              "outcome": "EXECUTED"
            },
            {
              "path": ":groovy-jmx:compileJava",
              "outcome": "EXECUTED"
            },
            {
              "path": ":groovy-jmx:generateReleaseInfo",
              "outcome": "EXECUTED"
            },
            {
              "path": ":groovy-jmx:jar",
              "outcome": "EXECUTED"
            },
            {
              "path": ":groovy-jmx:processResources",
              "outcome": "NO_SOURCE"
            },
            {
              "path": ":groovy-json:classes",
              "outcome": "EXECUTED"
            },
            {
              "path": ":groovy-json:compileGroovy",
              "outcome": "NO_SOURCE"
            },
            {
              "path": ":groovy-json:compileJava",
              "outcome": "EXECUTED"
            },
            {
              "path": ":groovy-json:generateReleaseInfo",
              "outcome": "EXECUTED"
            },
            {
              "path": ":groovy-json:jar",
              "outcome": "EXECUTED"
            },
            {
              "path": ":groovy-json:processResources",
              "outcome": "EXECUTED"
            },
            {
              "path": ":groovy-jsr223:classes",
              "outcome": "EXECUTED"
            },
            {
              "path": ":groovy-jsr223:compileGroovy",
              "outcome": "NO_SOURCE"
            },
            {
              "path": ":groovy-jsr223:compileJava",
              "outcome": "EXECUTED"
            },
            {
              "path": ":groovy-jsr223:generateReleaseInfo",
              "outcome": "EXECUTED"
            },
            {
              "path": ":groovy-jsr223:jar",
              "outcome": "EXECUTED"
            },
            {
              "path": ":groovy-jsr223:moduleDescriptor",
              "outcome": "EXECUTED"
            },
            {
              "path": ":groovy-jsr223:processResources",
              "outcome": "EXECUTED"
            },
            {
              "path": ":groovy-macro-library:classes",
              "outcome": "EXECUTED"
            },
            {
              "path": ":groovy-macro-library:compileGroovy",
              "outcome": "EXECUTED"
            },
            {
              "path": ":groovy-macro-library:compileJava",
              "outcome": "NO_SOURCE"
            },
            {
              "path": ":groovy-macro-library:generateReleaseInfo",
              "outcome": "EXECUTED"
            },
            {
              "path": ":groovy-macro-library:jar",
              "outcome": "EXECUTED"
            },
            {
              "path": ":groovy-macro-library:moduleDescriptor",
              "outcome": "EXECUTED"
            },
            {
              "path": ":groovy-macro-library:processResources",
              "outcome": "NO_SOURCE"
            },
            {
              "path": ":groovy-macro:classes",
              "outcome": "EXECUTED"
            },
            {
              "path": ":groovy-macro:compileGroovy",
              "outcome": "EXECUTED"
            },
            {
              "path": ":groovy-macro:compileJava",
              "outcome": "NO_SOURCE"
            },
            {
              "path": ":groovy-macro:generateReleaseInfo",
              "outcome": "EXECUTED"
            },
            {
              "path": ":groovy-macro:jar",
              "outcome": "EXECUTED"
            },
            {
              "path": ":groovy-macro:moduleDescriptor",
              "outcome": "EXECUTED"
            },
            {
              "path": ":groovy-macro:processResources",
              "outcome": "EXECUTED"
            },
            {
              "path": ":groovy-nio:classes",
              "outcome": "EXECUTED"
            },
            {
              "path": ":groovy-nio:compileGroovy",
              "outcome": "NO_SOURCE"
            },
            {
              "path": ":groovy-nio:compileJava",
              "outcome": "EXECUTED"
            },
            {
              "path": ":groovy-nio:generateReleaseInfo",
              "outcome": "EXECUTED"
            },
            {
              "path": ":groovy-nio:jar",
              "outcome": "EXECUTED"
            },
            {
              "path": ":groovy-nio:moduleDescriptor",
              "outcome": "EXECUTED"
            },
            {
              "path": ":groovy-nio:processResources",
              "outcome": "NO_SOURCE"
            },
            {
              "path": ":groovy-servlet:classes",
              "outcome": "EXECUTED"
            },
            {
              "path": ":groovy-servlet:compileGroovy",
              "outcome": "NO_SOURCE"
            },
            {
              "path": ":groovy-servlet:compileJava",
              "outcome": "EXECUTED"
            },
            {
              "path": ":groovy-servlet:generateReleaseInfo",
              "outcome": "EXECUTED"
            },
            {
              "path": ":groovy-servlet:jar",
              "outcome": "EXECUTED"
            },
            {
              "path": ":groovy-servlet:processResources",
              "outcome": "NO_SOURCE"
            },
            {
              "path": ":groovy-sql:classes",
              "outcome": "EXECUTED"
            },
            {
              "path": ":groovy-sql:compileGroovy",
              "outcome": "NO_SOURCE"
            },
            {
              "path": ":groovy-sql:compileJava",
              "outcome": "EXECUTED"
            },
            {
              "path": ":groovy-sql:generateReleaseInfo",
              "outcome": "EXECUTED"
            },
            {
              "path": ":groovy-sql:jar",
              "outcome": "EXECUTED"
            },
            {
              "path": ":groovy-sql:moduleDescriptor",
              "outcome": "EXECUTED"
            },
            {
              "path": ":groovy-sql:processResources",
              "outcome": "NO_SOURCE"
            },
            {
              "path": ":groovy-swing:classes",
              "outcome": "EXECUTED"
            },
            {
              "path": ":groovy-swing:compileGroovy",
              "outcome": "EXECUTED"
            },
            {
              "path": ":groovy-swing:compileJava",
              "outcome": "EXECUTED"
            },
            {
              "path": ":groovy-swing:generateReleaseInfo",
              "outcome": "EXECUTED"
            },
            {
              "path": ":groovy-swing:jar",
              "outcome": "EXECUTED"
            },
            {
              "path": ":groovy-swing:moduleDescriptor",
              "outcome": "EXECUTED"
            },
            {
              "path": ":groovy-swing:processResources",
              "outcome": "NO_SOURCE"
            },
            {
              "path": ":groovy-templates:classes",
              "outcome": "EXECUTED"
            },
            {
              "path": ":groovy-templates:compileGroovy",
              "outcome": "EXECUTED"
            },
            {
              "path": ":groovy-templates:compileJava",
              "outcome": "NO_SOURCE"
            },
            {
              "path": ":groovy-templates:generateReleaseInfo",
              "outcome": "EXECUTED"
            },
            {
              "path": ":groovy-templates:jar",
              "outcome": "EXECUTED"
            },
            {
              "path": ":groovy-templates:processResources",
              "outcome": "NO_SOURCE"
            },
            {
              "path": ":groovy-test-junit5:classes",
              "outcome": "EXECUTED"
            },
            {
              "path": ":groovy-test-junit5:compileGroovy",
              "outcome": "EXECUTED"
            },
            {
              "path": ":groovy-test-junit5:compileJava",
              "outcome": "EXECUTED"
            },
            {
              "path": ":groovy-test-junit5:generateReleaseInfo",
              "outcome": "EXECUTED"
            },
            {
              "path": ":groovy-test-junit5:jar",
              "outcome": "EXECUTED"
            },
            {
              "path": ":groovy-test-junit5:processResources",
              "outcome": "EXECUTED"
            },
            {
              "path": ":groovy-test:classes",
              "outcome": "EXECUTED"
            },
            {
              "path": ":groovy-test:compileGroovy",
              "outcome": "EXECUTED"
            },
            {
              "path": ":groovy-test:compileJava",
              "outcome": "EXECUTED"
            },
            {
              "path": ":groovy-test:generateReleaseInfo",
              "outcome": "EXECUTED"
            },
            {
              "path": ":groovy-test:jar",
              "outcome": "EXECUTED"
            },
            {
              "path": ":groovy-test:processResources",
              "outcome": "NO_SOURCE"
            },
            {
              "path": ":groovy-testng:classes",
              "outcome": "EXECUTED"
            },
            {
              "path": ":groovy-testng:compileGroovy",
              "outcome": "NO_SOURCE"
            },
            {
              "path": ":groovy-testng:compileJava",
              "outcome": "EXECUTED"
            },
            {
              "path": ":groovy-testng:generateReleaseInfo",
              "outcome": "EXECUTED"
            },
            {
              "path": ":groovy-testng:jar",
              "outcome": "EXECUTED"
            },
            {
              "path": ":groovy-testng:processResources",
              "outcome": "EXECUTED"
            },
            {
              "path": ":groovy-toml:classes",
              "outcome": "EXECUTED"
            },
            {
              "path": ":groovy-toml:compileGroovy",
              "outcome": "NO_SOURCE"
            },
            {
              "path": ":groovy-toml:compileJava",
              "outcome": "EXECUTED"
            },
            {
              "path": ":groovy-toml:generateReleaseInfo",
              "outcome": "EXECUTED"
            },
            {
              "path": ":groovy-toml:jar",
              "outcome": "EXECUTED"
            },
            {
              "path": ":groovy-toml:processResources",
              "outcome": "NO_SOURCE"
            },
            {
              "path": ":groovy-typecheckers:classes",
              "outcome": "EXECUTED"
            },
            {
              "path": ":groovy-typecheckers:compileGroovy",
              "outcome": "EXECUTED"
            },
            {
              "path": ":groovy-typecheckers:compileJava",
              "outcome": "NO_SOURCE"
            },
            {
              "path": ":groovy-typecheckers:generateReleaseInfo",
              "outcome": "EXECUTED"
            },
            {
              "path": ":groovy-typecheckers:jar",
              "outcome": "EXECUTED"
            },
            {
              "path": ":groovy-typecheckers:processResources",
              "outcome": "NO_SOURCE"
            },
            {
              "path": ":groovy-xml:classes",
              "outcome": "EXECUTED"
            },
            {
              "path": ":groovy-xml:compileGroovy",
              "outcome": "EXECUTED"
            },
            {
              "path": ":groovy-xml:compileJava",
              "outcome": "EXECUTED"
            },
            {
              "path": ":groovy-xml:generateReleaseInfo",
              "outcome": "EXECUTED"
            },
            {
              "path": ":groovy-xml:jar",
              "outcome": "EXECUTED"
            },
            {
              "path": ":groovy-xml:moduleDescriptor",
              "outcome": "EXECUTED"
            },
            {
              "path": ":groovy-xml:processResources",
              "outcome": "NO_SOURCE"
            },
            {
              "path": ":groovy-yaml:classes",
              "outcome": "EXECUTED"
            },
            {
              "path": ":groovy-yaml:compileGroovy",
              "outcome": "NO_SOURCE"
            },
            {
              "path": ":groovy-yaml:compileJava",
              "outcome": "EXECUTED"
            },
            {
              "path": ":groovy-yaml:generateReleaseInfo",
              "outcome": "EXECUTED"
            },
            {
              "path": ":groovy-yaml:jar",
              "outcome": "EXECUTED"
            },
            {
              "path": ":groovy-yaml:processResources",
              "outcome": "NO_SOURCE"
            },
            {
              "path": ":jar",
              "outcome": "EXECUTED"
            },
            {
              "path": ":osgiClasses",
              "outcome": "EXECUTED"
            },
            {
              "path": ":performance:classes",
              "outcome": "UP_TO_DATE"
            },
            {
              "path": ":performance:compileGroovy",
              "outcome": "NO_SOURCE"
            },
            {
              "path": ":performance:compileJava",
              "outcome": "NO_SOURCE"
            },
            {
              "path": ":performance:jar",
              "outcome": "EXECUTED"
            },
            {
              "path": ":performance:processResources",
              "outcome": "NO_SOURCE"
            },
            {
              "path": ":processResources",
              "outcome": "EXECUTED"
            },
            {
              "path": ":stress:classes",
              "outcome": "UP_TO_DATE"
            },
            {
              "path": ":stress:compileGroovy",
              "outcome": "NO_SOURCE"
            },
            {
              "path": ":stress:compileJava",
              "outcome": "NO_SOURCE"
            },
            {
              "path": ":stress:jar",
              "outcome": "EXECUTED"
            },
            {
              "path": ":stress:processResources",
              "outcome": "NO_SOURCE"
            },
            {
              "path": ":tests-preview:classes",
              "outcome": "UP_TO_DATE"
            },
            {
              "path": ":tests-preview:compileGroovy",
              "outcome": "NO_SOURCE"
            },
            {
              "path": ":tests-preview:compileJava",
              "outcome": "NO_SOURCE"
            },
            {
              "path": ":tests-preview:jar",
              "outcome": "EXECUTED"
            },
            {
              "path": ":tests-preview:processResources",
              "outcome": "NO_SOURCE"
            }
          ]
        },
        "hostPressure": {
          "available": true,
          "cpuSomeTotalUs": 16384917,
          "memorySomeTotalUs": 3,
          "memoryFullTotalUs": 3,
          "ioSomeTotalUs": 133006033,
          "ioFullTotalUs": 89998119
        }
      },
      {
        "phase": "BASE_DAEMON_STABILIZATION",
        "durationMs": 85876,
        "logSha256": "380d1dc845f6b32e8f09f8cc06c1fe9221deed5f5911172c8c6498be1562ef80",
        "taskOutcomes": {
          "total": 218,
          "executed": 133,
          "fromCache": 27,
          "upToDate": 10,
          "noSource": 48,
          "skipped": 0,
          "fingerprintSha256": "412113aca5cb6c75afb026125187314f7d484f4361ae7ee7828d97177895a0d0",
          "tasks": [
            {
              "path": ":bootstrapJar",
              "outcome": "EXECUTED"
            },
            {
              "path": ":build-logic:classes",
              "outcome": "EXECUTED"
            },
            {
              "path": ":build-logic:compileGroovy",
              "outcome": "FROM_CACHE"
            },
            {
              "path": ":build-logic:compileGroovyPlugins",
              "outcome": "FROM_CACHE"
            },
            {
              "path": ":build-logic:compileJava",
              "outcome": "FROM_CACHE"
            },
            {
              "path": ":build-logic:extractPluginRequests",
              "outcome": "FROM_CACHE"
            },
            {
              "path": ":build-logic:generatePluginAdapters",
              "outcome": "FROM_CACHE"
            },
            {
              "path": ":build-logic:jar",
              "outcome": "EXECUTED"
            },
            {
              "path": ":build-logic:pluginDescriptors",
              "outcome": "EXECUTED"
            },
            {
              "path": ":build-logic:processResources",
              "outcome": "EXECUTED"
            },
            {
              "path": ":classes",
              "outcome": "EXECUTED"
            },
            {
              "path": ":compileGroovy",
              "outcome": "EXECUTED"
            },
            {
              "path": ":compileJava",
              "outcome": "FROM_CACHE"
            },
            {
              "path": ":dgmConverter",
              "outcome": "FROM_CACHE"
            },
            {
              "path": ":generateGrammarSource",
              "outcome": "FROM_CACHE"
            },
            {
              "path": ":generateReleaseInfo",
              "outcome": "EXECUTED"
            },
            {
              "path": ":groovy-ant:classes",
              "outcome": "EXECUTED"
            },
            {
              "path": ":groovy-ant:compileGroovy",
              "outcome": "EXECUTED"
            },
            {
              "path": ":groovy-ant:compileJava",
              "outcome": "FROM_CACHE"
            },
            {
              "path": ":groovy-ant:generateReleaseInfo",
              "outcome": "EXECUTED"
            },
            {
              "path": ":groovy-ant:jar",
              "outcome": "EXECUTED"
            },
            {
              "path": ":groovy-ant:processResources",
              "outcome": "EXECUTED"
            },
            {
              "path": ":groovy-astbuilder:classes",
              "outcome": "EXECUTED"
            },
            {
              "path": ":groovy-astbuilder:compileGroovy",
              "outcome": "NO_SOURCE"
            },
            {
              "path": ":groovy-astbuilder:compileJava",
              "outcome": "FROM_CACHE"
            },
            {
              "path": ":groovy-astbuilder:generateReleaseInfo",
              "outcome": "EXECUTED"
            },
            {
              "path": ":groovy-astbuilder:jar",
              "outcome": "EXECUTED"
            },
            {
              "path": ":groovy-astbuilder:processResources",
              "outcome": "EXECUTED"
            },
            {
              "path": ":groovy-cli-commons:classes",
              "outcome": "EXECUTED"
            },
            {
              "path": ":groovy-cli-commons:compileGroovy",
              "outcome": "EXECUTED"
            },
            {
              "path": ":groovy-cli-commons:compileJava",
              "outcome": "NO_SOURCE"
            },
            {
              "path": ":groovy-cli-commons:generateReleaseInfo",
              "outcome": "EXECUTED"
            },
            {
              "path": ":groovy-cli-commons:jar",
              "outcome": "EXECUTED"
            },
            {
              "path": ":groovy-cli-commons:processResources",
              "outcome": "NO_SOURCE"
            },
            {
              "path": ":groovy-cli-picocli:classes",
              "outcome": "EXECUTED"
            },
            {
              "path": ":groovy-cli-picocli:compileGroovy",
              "outcome": "EXECUTED"
            },
            {
              "path": ":groovy-cli-picocli:compileJava",
              "outcome": "NO_SOURCE"
            },
            {
              "path": ":groovy-cli-picocli:generateReleaseInfo",
              "outcome": "EXECUTED"
            },
            {
              "path": ":groovy-cli-picocli:jar",
              "outcome": "EXECUTED"
            },
            {
              "path": ":groovy-cli-picocli:processResources",
              "outcome": "NO_SOURCE"
            },
            {
              "path": ":groovy-console:classes",
              "outcome": "EXECUTED"
            },
            {
              "path": ":groovy-console:compileGroovy",
              "outcome": "EXECUTED"
            },
            {
              "path": ":groovy-console:compileJava",
              "outcome": "NO_SOURCE"
            },
            {
              "path": ":groovy-console:generateReleaseInfo",
              "outcome": "EXECUTED"
            },
            {
              "path": ":groovy-console:jar",
              "outcome": "EXECUTED"
            },
            {
              "path": ":groovy-console:processResources",
              "outcome": "EXECUTED"
            },
            {
              "path": ":groovy-contracts:classes",
              "outcome": "EXECUTED"
            },
            {
              "path": ":groovy-contracts:compileGroovy",
              "outcome": "NO_SOURCE"
            },
            {
              "path": ":groovy-contracts:compileJava",
              "outcome": "FROM_CACHE"
            },
            {
              "path": ":groovy-contracts:generateReleaseInfo",
              "outcome": "EXECUTED"
            },
            {
              "path": ":groovy-contracts:jar",
              "outcome": "EXECUTED"
            },
            {
              "path": ":groovy-contracts:processResources",
              "outcome": "EXECUTED"
            },
            {
              "path": ":groovy-datetime:classes",
              "outcome": "UP_TO_DATE"
            },
            {
              "path": ":groovy-datetime:compileGroovy",
              "outcome": "NO_SOURCE"
            },
            {
              "path": ":groovy-datetime:compileJava",
              "outcome": "FROM_CACHE"
            },
            {
              "path": ":groovy-datetime:generateReleaseInfo",
              "outcome": "EXECUTED"
            },
            {
              "path": ":groovy-datetime:jar",
              "outcome": "EXECUTED"
            },
            {
              "path": ":groovy-datetime:moduleDescriptor",
              "outcome": "EXECUTED"
            },
            {
              "path": ":groovy-datetime:processResources",
              "outcome": "NO_SOURCE"
            },
            {
              "path": ":groovy-dateutil:classes",
              "outcome": "UP_TO_DATE"
            },
            {
              "path": ":groovy-dateutil:compileGroovy",
              "outcome": "NO_SOURCE"
            },
            {
              "path": ":groovy-dateutil:compileJava",
              "outcome": "FROM_CACHE"
            },
            {
              "path": ":groovy-dateutil:generateReleaseInfo",
              "outcome": "EXECUTED"
            },
            {
              "path": ":groovy-dateutil:jar",
              "outcome": "EXECUTED"
            },
            {
              "path": ":groovy-dateutil:moduleDescriptor",
              "outcome": "EXECUTED"
            },
            {
              "path": ":groovy-dateutil:processResources",
              "outcome": "NO_SOURCE"
            },
            {
              "path": ":groovy-docgenerator:classes",
              "outcome": "EXECUTED"
            },
            {
              "path": ":groovy-docgenerator:compileGroovy",
              "outcome": "EXECUTED"
            },
            {
              "path": ":groovy-docgenerator:compileJava",
              "outcome": "NO_SOURCE"
            },
            {
              "path": ":groovy-docgenerator:generateReleaseInfo",
              "outcome": "EXECUTED"
            },
            {
              "path": ":groovy-docgenerator:jar",
              "outcome": "EXECUTED"
            },
            {
              "path": ":groovy-docgenerator:processResources",
              "outcome": "EXECUTED"
            },
            {
              "path": ":groovy-ginq:classes",
              "outcome": "EXECUTED"
            },
            {
              "path": ":groovy-ginq:compileGroovy",
              "outcome": "EXECUTED"
            },
            {
              "path": ":groovy-ginq:compileJava",
              "outcome": "NO_SOURCE"
            },
            {
              "path": ":groovy-ginq:generateReleaseInfo",
              "outcome": "EXECUTED"
            },
            {
              "path": ":groovy-ginq:jar",
              "outcome": "EXECUTED"
            },
            {
              "path": ":groovy-ginq:moduleDescriptor",
              "outcome": "EXECUTED"
            },
            {
              "path": ":groovy-ginq:processResources",
              "outcome": "NO_SOURCE"
            },
            {
              "path": ":groovy-groovydoc:classes",
              "outcome": "EXECUTED"
            },
            {
              "path": ":groovy-groovydoc:compileGroovy",
              "outcome": "EXECUTED"
            },
            {
              "path": ":groovy-groovydoc:compileJava",
              "outcome": "FROM_CACHE"
            },
            {
              "path": ":groovy-groovydoc:generateReleaseInfo",
              "outcome": "EXECUTED"
            },
            {
              "path": ":groovy-groovydoc:jar",
              "outcome": "EXECUTED"
            },
            {
              "path": ":groovy-groovydoc:processResources",
              "outcome": "EXECUTED"
            },
            {
              "path": ":groovy-groovysh:classes",
              "outcome": "EXECUTED"
            },
            {
              "path": ":groovy-groovysh:compileGroovy",
              "outcome": "EXECUTED"
            },
            {
              "path": ":groovy-groovysh:compileJava",
              "outcome": "NO_SOURCE"
            },
            {
              "path": ":groovy-groovysh:generateReleaseInfo",
              "outcome": "EXECUTED"
            },
            {
              "path": ":groovy-groovysh:jar",
              "outcome": "EXECUTED"
            },
            {
              "path": ":groovy-groovysh:processResources",
              "outcome": "EXECUTED"
            },
            {
              "path": ":groovy-jmx:classes",
              "outcome": "EXECUTED"
            },
            {
              "path": ":groovy-jmx:compileGroovy",
              "outcome": "EXECUTED"
            },
            {
              "path": ":groovy-jmx:compileJava",
              "outcome": "FROM_CACHE"
            },
            {
              "path": ":groovy-jmx:generateReleaseInfo",
              "outcome": "EXECUTED"
            },
            {
              "path": ":groovy-jmx:jar",
              "outcome": "EXECUTED"
            },
            {
              "path": ":groovy-jmx:processResources",
              "outcome": "NO_SOURCE"
            },
            {
              "path": ":groovy-json:classes",
              "outcome": "EXECUTED"
            },
            {
              "path": ":groovy-json:compileGroovy",
              "outcome": "NO_SOURCE"
            },
            {
              "path": ":groovy-json:compileJava",
              "outcome": "FROM_CACHE"
            },
            {
              "path": ":groovy-json:generateReleaseInfo",
              "outcome": "EXECUTED"
            },
            {
              "path": ":groovy-json:jar",
              "outcome": "EXECUTED"
            },
            {
              "path": ":groovy-json:processResources",
              "outcome": "EXECUTED"
            },
            {
              "path": ":groovy-jsr223:classes",
              "outcome": "EXECUTED"
            },
            {
              "path": ":groovy-jsr223:compileGroovy",
              "outcome": "NO_SOURCE"
            },
            {
              "path": ":groovy-jsr223:compileJava",
              "outcome": "FROM_CACHE"
            },
            {
              "path": ":groovy-jsr223:generateReleaseInfo",
              "outcome": "EXECUTED"
            },
            {
              "path": ":groovy-jsr223:jar",
              "outcome": "EXECUTED"
            },
            {
              "path": ":groovy-jsr223:moduleDescriptor",
              "outcome": "EXECUTED"
            },
            {
              "path": ":groovy-jsr223:processResources",
              "outcome": "EXECUTED"
            },
            {
              "path": ":groovy-macro-library:classes",
              "outcome": "EXECUTED"
            },
            {
              "path": ":groovy-macro-library:compileGroovy",
              "outcome": "EXECUTED"
            },
            {
              "path": ":groovy-macro-library:compileJava",
              "outcome": "NO_SOURCE"
            },
            {
              "path": ":groovy-macro-library:generateReleaseInfo",
              "outcome": "EXECUTED"
            },
            {
              "path": ":groovy-macro-library:jar",
              "outcome": "EXECUTED"
            },
            {
              "path": ":groovy-macro-library:moduleDescriptor",
              "outcome": "EXECUTED"
            },
            {
              "path": ":groovy-macro-library:processResources",
              "outcome": "NO_SOURCE"
            },
            {
              "path": ":groovy-macro:classes",
              "outcome": "EXECUTED"
            },
            {
              "path": ":groovy-macro:compileGroovy",
              "outcome": "EXECUTED"
            },
            {
              "path": ":groovy-macro:compileJava",
              "outcome": "NO_SOURCE"
            },
            {
              "path": ":groovy-macro:generateReleaseInfo",
              "outcome": "EXECUTED"
            },
            {
              "path": ":groovy-macro:jar",
              "outcome": "EXECUTED"
            },
            {
              "path": ":groovy-macro:moduleDescriptor",
              "outcome": "EXECUTED"
            },
            {
              "path": ":groovy-macro:processResources",
              "outcome": "EXECUTED"
            },
            {
              "path": ":groovy-nio:classes",
              "outcome": "UP_TO_DATE"
            },
            {
              "path": ":groovy-nio:compileGroovy",
              "outcome": "NO_SOURCE"
            },
            {
              "path": ":groovy-nio:compileJava",
              "outcome": "FROM_CACHE"
            },
            {
              "path": ":groovy-nio:generateReleaseInfo",
              "outcome": "EXECUTED"
            },
            {
              "path": ":groovy-nio:jar",
              "outcome": "EXECUTED"
            },
            {
              "path": ":groovy-nio:moduleDescriptor",
              "outcome": "EXECUTED"
            },
            {
              "path": ":groovy-nio:processResources",
              "outcome": "NO_SOURCE"
            },
            {
              "path": ":groovy-servlet:classes",
              "outcome": "UP_TO_DATE"
            },
            {
              "path": ":groovy-servlet:compileGroovy",
              "outcome": "NO_SOURCE"
            },
            {
              "path": ":groovy-servlet:compileJava",
              "outcome": "FROM_CACHE"
            },
            {
              "path": ":groovy-servlet:generateReleaseInfo",
              "outcome": "EXECUTED"
            },
            {
              "path": ":groovy-servlet:jar",
              "outcome": "EXECUTED"
            },
            {
              "path": ":groovy-servlet:processResources",
              "outcome": "NO_SOURCE"
            },
            {
              "path": ":groovy-sql:classes",
              "outcome": "UP_TO_DATE"
            },
            {
              "path": ":groovy-sql:compileGroovy",
              "outcome": "NO_SOURCE"
            },
            {
              "path": ":groovy-sql:compileJava",
              "outcome": "FROM_CACHE"
            },
            {
              "path": ":groovy-sql:generateReleaseInfo",
              "outcome": "EXECUTED"
            },
            {
              "path": ":groovy-sql:jar",
              "outcome": "EXECUTED"
            },
            {
              "path": ":groovy-sql:moduleDescriptor",
              "outcome": "EXECUTED"
            },
            {
              "path": ":groovy-sql:processResources",
              "outcome": "NO_SOURCE"
            },
            {
              "path": ":groovy-swing:classes",
              "outcome": "EXECUTED"
            },
            {
              "path": ":groovy-swing:compileGroovy",
              "outcome": "EXECUTED"
            },
            {
              "path": ":groovy-swing:compileJava",
              "outcome": "FROM_CACHE"
            },
            {
              "path": ":groovy-swing:generateReleaseInfo",
              "outcome": "EXECUTED"
            },
            {
              "path": ":groovy-swing:jar",
              "outcome": "EXECUTED"
            },
            {
              "path": ":groovy-swing:moduleDescriptor",
              "outcome": "EXECUTED"
            },
            {
              "path": ":groovy-swing:processResources",
              "outcome": "NO_SOURCE"
            },
            {
              "path": ":groovy-templates:classes",
              "outcome": "EXECUTED"
            },
            {
              "path": ":groovy-templates:compileGroovy",
              "outcome": "EXECUTED"
            },
            {
              "path": ":groovy-templates:compileJava",
              "outcome": "NO_SOURCE"
            },
            {
              "path": ":groovy-templates:generateReleaseInfo",
              "outcome": "EXECUTED"
            },
            {
              "path": ":groovy-templates:jar",
              "outcome": "EXECUTED"
            },
            {
              "path": ":groovy-templates:processResources",
              "outcome": "NO_SOURCE"
            },
            {
              "path": ":groovy-test-junit5:classes",
              "outcome": "EXECUTED"
            },
            {
              "path": ":groovy-test-junit5:compileGroovy",
              "outcome": "EXECUTED"
            },
            {
              "path": ":groovy-test-junit5:compileJava",
              "outcome": "FROM_CACHE"
            },
            {
              "path": ":groovy-test-junit5:generateReleaseInfo",
              "outcome": "EXECUTED"
            },
            {
              "path": ":groovy-test-junit5:jar",
              "outcome": "EXECUTED"
            },
            {
              "path": ":groovy-test-junit5:processResources",
              "outcome": "EXECUTED"
            },
            {
              "path": ":groovy-test:classes",
              "outcome": "EXECUTED"
            },
            {
              "path": ":groovy-test:compileGroovy",
              "outcome": "EXECUTED"
            },
            {
              "path": ":groovy-test:compileJava",
              "outcome": "FROM_CACHE"
            },
            {
              "path": ":groovy-test:generateReleaseInfo",
              "outcome": "EXECUTED"
            },
            {
              "path": ":groovy-test:jar",
              "outcome": "EXECUTED"
            },
            {
              "path": ":groovy-test:processResources",
              "outcome": "NO_SOURCE"
            },
            {
              "path": ":groovy-testng:classes",
              "outcome": "EXECUTED"
            },
            {
              "path": ":groovy-testng:compileGroovy",
              "outcome": "NO_SOURCE"
            },
            {
              "path": ":groovy-testng:compileJava",
              "outcome": "FROM_CACHE"
            },
            {
              "path": ":groovy-testng:generateReleaseInfo",
              "outcome": "EXECUTED"
            },
            {
              "path": ":groovy-testng:jar",
              "outcome": "EXECUTED"
            },
            {
              "path": ":groovy-testng:processResources",
              "outcome": "EXECUTED"
            },
            {
              "path": ":groovy-toml:classes",
              "outcome": "UP_TO_DATE"
            },
            {
              "path": ":groovy-toml:compileGroovy",
              "outcome": "NO_SOURCE"
            },
            {
              "path": ":groovy-toml:compileJava",
              "outcome": "FROM_CACHE"
            },
            {
              "path": ":groovy-toml:generateReleaseInfo",
              "outcome": "EXECUTED"
            },
            {
              "path": ":groovy-toml:jar",
              "outcome": "EXECUTED"
            },
            {
              "path": ":groovy-toml:processResources",
              "outcome": "NO_SOURCE"
            },
            {
              "path": ":groovy-typecheckers:classes",
              "outcome": "EXECUTED"
            },
            {
              "path": ":groovy-typecheckers:compileGroovy",
              "outcome": "EXECUTED"
            },
            {
              "path": ":groovy-typecheckers:compileJava",
              "outcome": "NO_SOURCE"
            },
            {
              "path": ":groovy-typecheckers:generateReleaseInfo",
              "outcome": "EXECUTED"
            },
            {
              "path": ":groovy-typecheckers:jar",
              "outcome": "EXECUTED"
            },
            {
              "path": ":groovy-typecheckers:processResources",
              "outcome": "NO_SOURCE"
            },
            {
              "path": ":groovy-xml:classes",
              "outcome": "EXECUTED"
            },
            {
              "path": ":groovy-xml:compileGroovy",
              "outcome": "EXECUTED"
            },
            {
              "path": ":groovy-xml:compileJava",
              "outcome": "FROM_CACHE"
            },
            {
              "path": ":groovy-xml:generateReleaseInfo",
              "outcome": "EXECUTED"
            },
            {
              "path": ":groovy-xml:jar",
              "outcome": "EXECUTED"
            },
            {
              "path": ":groovy-xml:moduleDescriptor",
              "outcome": "EXECUTED"
            },
            {
              "path": ":groovy-xml:processResources",
              "outcome": "NO_SOURCE"
            },
            {
              "path": ":groovy-yaml:classes",
              "outcome": "UP_TO_DATE"
            },
            {
              "path": ":groovy-yaml:compileGroovy",
              "outcome": "NO_SOURCE"
            },
            {
              "path": ":groovy-yaml:compileJava",
              "outcome": "FROM_CACHE"
            },
            {
              "path": ":groovy-yaml:generateReleaseInfo",
              "outcome": "EXECUTED"
            },
            {
              "path": ":groovy-yaml:jar",
              "outcome": "EXECUTED"
            },
            {
              "path": ":groovy-yaml:processResources",
              "outcome": "NO_SOURCE"
            },
            {
              "path": ":jar",
              "outcome": "EXECUTED"
            },
            {
              "path": ":osgiClasses",
              "outcome": "EXECUTED"
            },
            {
              "path": ":performance:classes",
              "outcome": "UP_TO_DATE"
            },
            {
              "path": ":performance:compileGroovy",
              "outcome": "NO_SOURCE"
            },
            {
              "path": ":performance:compileJava",
              "outcome": "NO_SOURCE"
            },
            {
              "path": ":performance:jar",
              "outcome": "EXECUTED"
            },
            {
              "path": ":performance:processResources",
              "outcome": "NO_SOURCE"
            },
            {
              "path": ":processResources",
              "outcome": "EXECUTED"
            },
            {
              "path": ":stress:classes",
              "outcome": "UP_TO_DATE"
            },
            {
              "path": ":stress:compileGroovy",
              "outcome": "NO_SOURCE"
            },
            {
              "path": ":stress:compileJava",
              "outcome": "NO_SOURCE"
            },
            {
              "path": ":stress:jar",
              "outcome": "EXECUTED"
            },
            {
              "path": ":stress:processResources",
              "outcome": "NO_SOURCE"
            },
            {
              "path": ":tests-preview:classes",
              "outcome": "UP_TO_DATE"
            },
            {
              "path": ":tests-preview:compileGroovy",
              "outcome": "NO_SOURCE"
            },
            {
              "path": ":tests-preview:compileJava",
              "outcome": "NO_SOURCE"
            },
            {
              "path": ":tests-preview:jar",
              "outcome": "EXECUTED"
            },
            {
              "path": ":tests-preview:processResources",
              "outcome": "NO_SOURCE"
            }
          ]
        },
        "hostPressure": {
          "available": true,
          "cpuSomeTotalUs": 18761083,
          "memorySomeTotalUs": 0,
          "memoryFullTotalUs": 0,
          "ioSomeTotalUs": 44383227,
          "ioFullTotalUs": 19203700
        }
      },
      {
        "phase": "TARGET_WORKLOAD_STABILIZATION",
        "durationMs": 83636,
        "logSha256": "ce2a105a0fc4f48d28a4ee10af89765ddc111fdf60285ba12df4302428587ce7",
        "taskOutcomes": {
          "total": 218,
          "executed": 138,
          "fromCache": 24,
          "upToDate": 8,
          "noSource": 48,
          "skipped": 0,
          "fingerprintSha256": "a8c9059b0fb2a799ddfba8828062a5ba4fb07b5deb583fa958f0ecb41079e151",
          "tasks": [
            {
              "path": ":bootstrapJar",
              "outcome": "EXECUTED"
            },
            {
              "path": ":build-logic:classes",
              "outcome": "EXECUTED"
            },
            {
              "path": ":build-logic:compileGroovy",
              "outcome": "FROM_CACHE"
            },
            {
              "path": ":build-logic:compileGroovyPlugins",
              "outcome": "FROM_CACHE"
            },
            {
              "path": ":build-logic:compileJava",
              "outcome": "FROM_CACHE"
            },
            {
              "path": ":build-logic:extractPluginRequests",
              "outcome": "FROM_CACHE"
            },
            {
              "path": ":build-logic:generatePluginAdapters",
              "outcome": "FROM_CACHE"
            },
            {
              "path": ":build-logic:jar",
              "outcome": "EXECUTED"
            },
            {
              "path": ":build-logic:pluginDescriptors",
              "outcome": "EXECUTED"
            },
            {
              "path": ":build-logic:processResources",
              "outcome": "EXECUTED"
            },
            {
              "path": ":classes",
              "outcome": "EXECUTED"
            },
            {
              "path": ":compileGroovy",
              "outcome": "EXECUTED"
            },
            {
              "path": ":compileJava",
              "outcome": "FROM_CACHE"
            },
            {
              "path": ":dgmConverter",
              "outcome": "FROM_CACHE"
            },
            {
              "path": ":generateGrammarSource",
              "outcome": "FROM_CACHE"
            },
            {
              "path": ":generateReleaseInfo",
              "outcome": "EXECUTED"
            },
            {
              "path": ":groovy-ant:classes",
              "outcome": "EXECUTED"
            },
            {
              "path": ":groovy-ant:compileGroovy",
              "outcome": "EXECUTED"
            },
            {
              "path": ":groovy-ant:compileJava",
              "outcome": "FROM_CACHE"
            },
            {
              "path": ":groovy-ant:generateReleaseInfo",
              "outcome": "EXECUTED"
            },
            {
              "path": ":groovy-ant:jar",
              "outcome": "EXECUTED"
            },
            {
              "path": ":groovy-ant:processResources",
              "outcome": "EXECUTED"
            },
            {
              "path": ":groovy-astbuilder:classes",
              "outcome": "EXECUTED"
            },
            {
              "path": ":groovy-astbuilder:compileGroovy",
              "outcome": "NO_SOURCE"
            },
            {
              "path": ":groovy-astbuilder:compileJava",
              "outcome": "FROM_CACHE"
            },
            {
              "path": ":groovy-astbuilder:generateReleaseInfo",
              "outcome": "EXECUTED"
            },
            {
              "path": ":groovy-astbuilder:jar",
              "outcome": "EXECUTED"
            },
            {
              "path": ":groovy-astbuilder:processResources",
              "outcome": "EXECUTED"
            },
            {
              "path": ":groovy-cli-commons:classes",
              "outcome": "EXECUTED"
            },
            {
              "path": ":groovy-cli-commons:compileGroovy",
              "outcome": "EXECUTED"
            },
            {
              "path": ":groovy-cli-commons:compileJava",
              "outcome": "NO_SOURCE"
            },
            {
              "path": ":groovy-cli-commons:generateReleaseInfo",
              "outcome": "EXECUTED"
            },
            {
              "path": ":groovy-cli-commons:jar",
              "outcome": "EXECUTED"
            },
            {
              "path": ":groovy-cli-commons:processResources",
              "outcome": "NO_SOURCE"
            },
            {
              "path": ":groovy-cli-picocli:classes",
              "outcome": "EXECUTED"
            },
            {
              "path": ":groovy-cli-picocli:compileGroovy",
              "outcome": "EXECUTED"
            },
            {
              "path": ":groovy-cli-picocli:compileJava",
              "outcome": "NO_SOURCE"
            },
            {
              "path": ":groovy-cli-picocli:generateReleaseInfo",
              "outcome": "EXECUTED"
            },
            {
              "path": ":groovy-cli-picocli:jar",
              "outcome": "EXECUTED"
            },
            {
              "path": ":groovy-cli-picocli:processResources",
              "outcome": "NO_SOURCE"
            },
            {
              "path": ":groovy-console:classes",
              "outcome": "EXECUTED"
            },
            {
              "path": ":groovy-console:compileGroovy",
              "outcome": "EXECUTED"
            },
            {
              "path": ":groovy-console:compileJava",
              "outcome": "NO_SOURCE"
            },
            {
              "path": ":groovy-console:generateReleaseInfo",
              "outcome": "EXECUTED"
            },
            {
              "path": ":groovy-console:jar",
              "outcome": "EXECUTED"
            },
            {
              "path": ":groovy-console:processResources",
              "outcome": "EXECUTED"
            },
            {
              "path": ":groovy-contracts:classes",
              "outcome": "EXECUTED"
            },
            {
              "path": ":groovy-contracts:compileGroovy",
              "outcome": "NO_SOURCE"
            },
            {
              "path": ":groovy-contracts:compileJava",
              "outcome": "FROM_CACHE"
            },
            {
              "path": ":groovy-contracts:generateReleaseInfo",
              "outcome": "EXECUTED"
            },
            {
              "path": ":groovy-contracts:jar",
              "outcome": "EXECUTED"
            },
            {
              "path": ":groovy-contracts:processResources",
              "outcome": "EXECUTED"
            },
            {
              "path": ":groovy-datetime:classes",
              "outcome": "UP_TO_DATE"
            },
            {
              "path": ":groovy-datetime:compileGroovy",
              "outcome": "NO_SOURCE"
            },
            {
              "path": ":groovy-datetime:compileJava",
              "outcome": "FROM_CACHE"
            },
            {
              "path": ":groovy-datetime:generateReleaseInfo",
              "outcome": "EXECUTED"
            },
            {
              "path": ":groovy-datetime:jar",
              "outcome": "EXECUTED"
            },
            {
              "path": ":groovy-datetime:moduleDescriptor",
              "outcome": "EXECUTED"
            },
            {
              "path": ":groovy-datetime:processResources",
              "outcome": "NO_SOURCE"
            },
            {
              "path": ":groovy-dateutil:classes",
              "outcome": "UP_TO_DATE"
            },
            {
              "path": ":groovy-dateutil:compileGroovy",
              "outcome": "NO_SOURCE"
            },
            {
              "path": ":groovy-dateutil:compileJava",
              "outcome": "FROM_CACHE"
            },
            {
              "path": ":groovy-dateutil:generateReleaseInfo",
              "outcome": "EXECUTED"
            },
            {
              "path": ":groovy-dateutil:jar",
              "outcome": "EXECUTED"
            },
            {
              "path": ":groovy-dateutil:moduleDescriptor",
              "outcome": "EXECUTED"
            },
            {
              "path": ":groovy-dateutil:processResources",
              "outcome": "NO_SOURCE"
            },
            {
              "path": ":groovy-docgenerator:classes",
              "outcome": "EXECUTED"
            },
            {
              "path": ":groovy-docgenerator:compileGroovy",
              "outcome": "EXECUTED"
            },
            {
              "path": ":groovy-docgenerator:compileJava",
              "outcome": "NO_SOURCE"
            },
            {
              "path": ":groovy-docgenerator:generateReleaseInfo",
              "outcome": "EXECUTED"
            },
            {
              "path": ":groovy-docgenerator:jar",
              "outcome": "EXECUTED"
            },
            {
              "path": ":groovy-docgenerator:processResources",
              "outcome": "EXECUTED"
            },
            {
              "path": ":groovy-ginq:classes",
              "outcome": "EXECUTED"
            },
            {
              "path": ":groovy-ginq:compileGroovy",
              "outcome": "EXECUTED"
            },
            {
              "path": ":groovy-ginq:compileJava",
              "outcome": "NO_SOURCE"
            },
            {
              "path": ":groovy-ginq:generateReleaseInfo",
              "outcome": "EXECUTED"
            },
            {
              "path": ":groovy-ginq:jar",
              "outcome": "EXECUTED"
            },
            {
              "path": ":groovy-ginq:moduleDescriptor",
              "outcome": "EXECUTED"
            },
            {
              "path": ":groovy-ginq:processResources",
              "outcome": "NO_SOURCE"
            },
            {
              "path": ":groovy-groovydoc:classes",
              "outcome": "EXECUTED"
            },
            {
              "path": ":groovy-groovydoc:compileGroovy",
              "outcome": "EXECUTED"
            },
            {
              "path": ":groovy-groovydoc:compileJava",
              "outcome": "FROM_CACHE"
            },
            {
              "path": ":groovy-groovydoc:generateReleaseInfo",
              "outcome": "EXECUTED"
            },
            {
              "path": ":groovy-groovydoc:jar",
              "outcome": "EXECUTED"
            },
            {
              "path": ":groovy-groovydoc:processResources",
              "outcome": "EXECUTED"
            },
            {
              "path": ":groovy-groovysh:classes",
              "outcome": "EXECUTED"
            },
            {
              "path": ":groovy-groovysh:compileGroovy",
              "outcome": "EXECUTED"
            },
            {
              "path": ":groovy-groovysh:compileJava",
              "outcome": "NO_SOURCE"
            },
            {
              "path": ":groovy-groovysh:generateReleaseInfo",
              "outcome": "EXECUTED"
            },
            {
              "path": ":groovy-groovysh:jar",
              "outcome": "EXECUTED"
            },
            {
              "path": ":groovy-groovysh:processResources",
              "outcome": "EXECUTED"
            },
            {
              "path": ":groovy-jmx:classes",
              "outcome": "EXECUTED"
            },
            {
              "path": ":groovy-jmx:compileGroovy",
              "outcome": "EXECUTED"
            },
            {
              "path": ":groovy-jmx:compileJava",
              "outcome": "FROM_CACHE"
            },
            {
              "path": ":groovy-jmx:generateReleaseInfo",
              "outcome": "EXECUTED"
            },
            {
              "path": ":groovy-jmx:jar",
              "outcome": "EXECUTED"
            },
            {
              "path": ":groovy-jmx:processResources",
              "outcome": "NO_SOURCE"
            },
            {
              "path": ":groovy-json:classes",
              "outcome": "EXECUTED"
            },
            {
              "path": ":groovy-json:compileGroovy",
              "outcome": "NO_SOURCE"
            },
            {
              "path": ":groovy-json:compileJava",
              "outcome": "EXECUTED"
            },
            {
              "path": ":groovy-json:generateReleaseInfo",
              "outcome": "EXECUTED"
            },
            {
              "path": ":groovy-json:jar",
              "outcome": "EXECUTED"
            },
            {
              "path": ":groovy-json:processResources",
              "outcome": "EXECUTED"
            },
            {
              "path": ":groovy-jsr223:classes",
              "outcome": "EXECUTED"
            },
            {
              "path": ":groovy-jsr223:compileGroovy",
              "outcome": "NO_SOURCE"
            },
            {
              "path": ":groovy-jsr223:compileJava",
              "outcome": "FROM_CACHE"
            },
            {
              "path": ":groovy-jsr223:generateReleaseInfo",
              "outcome": "EXECUTED"
            },
            {
              "path": ":groovy-jsr223:jar",
              "outcome": "EXECUTED"
            },
            {
              "path": ":groovy-jsr223:moduleDescriptor",
              "outcome": "EXECUTED"
            },
            {
              "path": ":groovy-jsr223:processResources",
              "outcome": "EXECUTED"
            },
            {
              "path": ":groovy-macro-library:classes",
              "outcome": "EXECUTED"
            },
            {
              "path": ":groovy-macro-library:compileGroovy",
              "outcome": "EXECUTED"
            },
            {
              "path": ":groovy-macro-library:compileJava",
              "outcome": "NO_SOURCE"
            },
            {
              "path": ":groovy-macro-library:generateReleaseInfo",
              "outcome": "EXECUTED"
            },
            {
              "path": ":groovy-macro-library:jar",
              "outcome": "EXECUTED"
            },
            {
              "path": ":groovy-macro-library:moduleDescriptor",
              "outcome": "EXECUTED"
            },
            {
              "path": ":groovy-macro-library:processResources",
              "outcome": "NO_SOURCE"
            },
            {
              "path": ":groovy-macro:classes",
              "outcome": "EXECUTED"
            },
            {
              "path": ":groovy-macro:compileGroovy",
              "outcome": "EXECUTED"
            },
            {
              "path": ":groovy-macro:compileJava",
              "outcome": "NO_SOURCE"
            },
            {
              "path": ":groovy-macro:generateReleaseInfo",
              "outcome": "EXECUTED"
            },
            {
              "path": ":groovy-macro:jar",
              "outcome": "EXECUTED"
            },
            {
              "path": ":groovy-macro:moduleDescriptor",
              "outcome": "EXECUTED"
            },
            {
              "path": ":groovy-macro:processResources",
              "outcome": "EXECUTED"
            },
            {
              "path": ":groovy-nio:classes",
              "outcome": "UP_TO_DATE"
            },
            {
              "path": ":groovy-nio:compileGroovy",
              "outcome": "NO_SOURCE"
            },
            {
              "path": ":groovy-nio:compileJava",
              "outcome": "FROM_CACHE"
            },
            {
              "path": ":groovy-nio:generateReleaseInfo",
              "outcome": "EXECUTED"
            },
            {
              "path": ":groovy-nio:jar",
              "outcome": "EXECUTED"
            },
            {
              "path": ":groovy-nio:moduleDescriptor",
              "outcome": "EXECUTED"
            },
            {
              "path": ":groovy-nio:processResources",
              "outcome": "NO_SOURCE"
            },
            {
              "path": ":groovy-servlet:classes",
              "outcome": "UP_TO_DATE"
            },
            {
              "path": ":groovy-servlet:compileGroovy",
              "outcome": "NO_SOURCE"
            },
            {
              "path": ":groovy-servlet:compileJava",
              "outcome": "FROM_CACHE"
            },
            {
              "path": ":groovy-servlet:generateReleaseInfo",
              "outcome": "EXECUTED"
            },
            {
              "path": ":groovy-servlet:jar",
              "outcome": "EXECUTED"
            },
            {
              "path": ":groovy-servlet:processResources",
              "outcome": "NO_SOURCE"
            },
            {
              "path": ":groovy-sql:classes",
              "outcome": "UP_TO_DATE"
            },
            {
              "path": ":groovy-sql:compileGroovy",
              "outcome": "NO_SOURCE"
            },
            {
              "path": ":groovy-sql:compileJava",
              "outcome": "FROM_CACHE"
            },
            {
              "path": ":groovy-sql:generateReleaseInfo",
              "outcome": "EXECUTED"
            },
            {
              "path": ":groovy-sql:jar",
              "outcome": "EXECUTED"
            },
            {
              "path": ":groovy-sql:moduleDescriptor",
              "outcome": "EXECUTED"
            },
            {
              "path": ":groovy-sql:processResources",
              "outcome": "NO_SOURCE"
            },
            {
              "path": ":groovy-swing:classes",
              "outcome": "EXECUTED"
            },
            {
              "path": ":groovy-swing:compileGroovy",
              "outcome": "EXECUTED"
            },
            {
              "path": ":groovy-swing:compileJava",
              "outcome": "FROM_CACHE"
            },
            {
              "path": ":groovy-swing:generateReleaseInfo",
              "outcome": "EXECUTED"
            },
            {
              "path": ":groovy-swing:jar",
              "outcome": "EXECUTED"
            },
            {
              "path": ":groovy-swing:moduleDescriptor",
              "outcome": "EXECUTED"
            },
            {
              "path": ":groovy-swing:processResources",
              "outcome": "NO_SOURCE"
            },
            {
              "path": ":groovy-templates:classes",
              "outcome": "EXECUTED"
            },
            {
              "path": ":groovy-templates:compileGroovy",
              "outcome": "EXECUTED"
            },
            {
              "path": ":groovy-templates:compileJava",
              "outcome": "NO_SOURCE"
            },
            {
              "path": ":groovy-templates:generateReleaseInfo",
              "outcome": "EXECUTED"
            },
            {
              "path": ":groovy-templates:jar",
              "outcome": "EXECUTED"
            },
            {
              "path": ":groovy-templates:processResources",
              "outcome": "NO_SOURCE"
            },
            {
              "path": ":groovy-test-junit5:classes",
              "outcome": "EXECUTED"
            },
            {
              "path": ":groovy-test-junit5:compileGroovy",
              "outcome": "EXECUTED"
            },
            {
              "path": ":groovy-test-junit5:compileJava",
              "outcome": "FROM_CACHE"
            },
            {
              "path": ":groovy-test-junit5:generateReleaseInfo",
              "outcome": "EXECUTED"
            },
            {
              "path": ":groovy-test-junit5:jar",
              "outcome": "EXECUTED"
            },
            {
              "path": ":groovy-test-junit5:processResources",
              "outcome": "EXECUTED"
            },
            {
              "path": ":groovy-test:classes",
              "outcome": "EXECUTED"
            },
            {
              "path": ":groovy-test:compileGroovy",
              "outcome": "EXECUTED"
            },
            {
              "path": ":groovy-test:compileJava",
              "outcome": "FROM_CACHE"
            },
            {
              "path": ":groovy-test:generateReleaseInfo",
              "outcome": "EXECUTED"
            },
            {
              "path": ":groovy-test:jar",
              "outcome": "EXECUTED"
            },
            {
              "path": ":groovy-test:processResources",
              "outcome": "NO_SOURCE"
            },
            {
              "path": ":groovy-testng:classes",
              "outcome": "EXECUTED"
            },
            {
              "path": ":groovy-testng:compileGroovy",
              "outcome": "NO_SOURCE"
            },
            {
              "path": ":groovy-testng:compileJava",
              "outcome": "FROM_CACHE"
            },
            {
              "path": ":groovy-testng:generateReleaseInfo",
              "outcome": "EXECUTED"
            },
            {
              "path": ":groovy-testng:jar",
              "outcome": "EXECUTED"
            },
            {
              "path": ":groovy-testng:processResources",
              "outcome": "EXECUTED"
            },
            {
              "path": ":groovy-toml:classes",
              "outcome": "EXECUTED"
            },
            {
              "path": ":groovy-toml:compileGroovy",
              "outcome": "NO_SOURCE"
            },
            {
              "path": ":groovy-toml:compileJava",
              "outcome": "EXECUTED"
            },
            {
              "path": ":groovy-toml:generateReleaseInfo",
              "outcome": "EXECUTED"
            },
            {
              "path": ":groovy-toml:jar",
              "outcome": "EXECUTED"
            },
            {
              "path": ":groovy-toml:processResources",
              "outcome": "NO_SOURCE"
            },
            {
              "path": ":groovy-typecheckers:classes",
              "outcome": "EXECUTED"
            },
            {
              "path": ":groovy-typecheckers:compileGroovy",
              "outcome": "EXECUTED"
            },
            {
              "path": ":groovy-typecheckers:compileJava",
              "outcome": "NO_SOURCE"
            },
            {
              "path": ":groovy-typecheckers:generateReleaseInfo",
              "outcome": "EXECUTED"
            },
            {
              "path": ":groovy-typecheckers:jar",
              "outcome": "EXECUTED"
            },
            {
              "path": ":groovy-typecheckers:processResources",
              "outcome": "NO_SOURCE"
            },
            {
              "path": ":groovy-xml:classes",
              "outcome": "EXECUTED"
            },
            {
              "path": ":groovy-xml:compileGroovy",
              "outcome": "EXECUTED"
            },
            {
              "path": ":groovy-xml:compileJava",
              "outcome": "FROM_CACHE"
            },
            {
              "path": ":groovy-xml:generateReleaseInfo",
              "outcome": "EXECUTED"
            },
            {
              "path": ":groovy-xml:jar",
              "outcome": "EXECUTED"
            },
            {
              "path": ":groovy-xml:moduleDescriptor",
              "outcome": "EXECUTED"
            },
            {
              "path": ":groovy-xml:processResources",
              "outcome": "NO_SOURCE"
            },
            {
              "path": ":groovy-yaml:classes",
              "outcome": "EXECUTED"
            },
            {
              "path": ":groovy-yaml:compileGroovy",
              "outcome": "NO_SOURCE"
            },
            {
              "path": ":groovy-yaml:compileJava",
              "outcome": "EXECUTED"
            },
            {
              "path": ":groovy-yaml:generateReleaseInfo",
              "outcome": "EXECUTED"
            },
            {
              "path": ":groovy-yaml:jar",
              "outcome": "EXECUTED"
            },
            {
              "path": ":groovy-yaml:processResources",
              "outcome": "NO_SOURCE"
            },
            {
              "path": ":jar",
              "outcome": "EXECUTED"
            },
            {
              "path": ":osgiClasses",
              "outcome": "EXECUTED"
            },
            {
              "path": ":performance:classes",
              "outcome": "UP_TO_DATE"
            },
            {
              "path": ":performance:compileGroovy",
              "outcome": "NO_SOURCE"
            },
            {
              "path": ":performance:compileJava",
              "outcome": "NO_SOURCE"
            },
            {
              "path": ":performance:jar",
              "outcome": "EXECUTED"
            },
            {
              "path": ":performance:processResources",
              "outcome": "NO_SOURCE"
            },
            {
              "path": ":processResources",
              "outcome": "EXECUTED"
            },
            {
              "path": ":stress:classes",
              "outcome": "UP_TO_DATE"
            },
            {
              "path": ":stress:compileGroovy",
              "outcome": "NO_SOURCE"
            },
            {
              "path": ":stress:compileJava",
              "outcome": "NO_SOURCE"
            },
            {
              "path": ":stress:jar",
              "outcome": "EXECUTED"
            },
            {
              "path": ":stress:processResources",
              "outcome": "NO_SOURCE"
            },
            {
              "path": ":tests-preview:classes",
              "outcome": "UP_TO_DATE"
            },
            {
              "path": ":tests-preview:compileGroovy",
              "outcome": "NO_SOURCE"
            },
            {
              "path": ":tests-preview:compileJava",
              "outcome": "NO_SOURCE"
            },
            {
              "path": ":tests-preview:jar",
              "outcome": "EXECUTED"
            },
            {
              "path": ":tests-preview:processResources",
              "outcome": "NO_SOURCE"
            }
          ]
        },
        "hostPressure": {
          "available": true,
          "cpuSomeTotalUs": 25786331,
          "memorySomeTotalUs": 0,
          "memoryFullTotalUs": 0,
          "ioSomeTotalUs": 41157670,
          "ioFullTotalUs": 15644260
        }
      }
    ],
    "candidateWarmups": [
      {
        "phase": "CACHE_SEED",
        "durationMs": 156078,
        "logSha256": "74c050fc3b3d876c51b6ec292e25cd80958bbca7fa1e6d60e186615b56a6c26a",
        "taskOutcomes": {
          "total": 25,
          "executed": 24,
          "fromCache": 0,
          "upToDate": 0,
          "noSource": 1,
          "skipped": 0,
          "fingerprintSha256": "74a2e1a4588b91accdf076cda4cb2c697590539d0f32836d22e89ed76e3bf071",
          "tasks": [
            {
              "path": ":bootstrapJar",
              "outcome": "EXECUTED"
            },
            {
              "path": ":build-logic:classes",
              "outcome": "EXECUTED"
            },
            {
              "path": ":build-logic:compileGroovy",
              "outcome": "EXECUTED"
            },
            {
              "path": ":build-logic:compileGroovyPlugins",
              "outcome": "EXECUTED"
            },
            {
              "path": ":build-logic:compileJava",
              "outcome": "EXECUTED"
            },
            {
              "path": ":build-logic:extractPluginRequests",
              "outcome": "EXECUTED"
            },
            {
              "path": ":build-logic:generatePluginAdapters",
              "outcome": "EXECUTED"
            },
            {
              "path": ":build-logic:jar",
              "outcome": "EXECUTED"
            },
            {
              "path": ":build-logic:pluginDescriptors",
              "outcome": "EXECUTED"
            },
            {
              "path": ":build-logic:processResources",
              "outcome": "EXECUTED"
            },
            {
              "path": ":classes",
              "outcome": "EXECUTED"
            },
            {
              "path": ":compileGroovy",
              "outcome": "EXECUTED"
            },
            {
              "path": ":compileJava",
              "outcome": "EXECUTED"
            },
            {
              "path": ":dgmConverter",
              "outcome": "EXECUTED"
            },
            {
              "path": ":generateGrammarSource",
              "outcome": "EXECUTED"
            },
            {
              "path": ":generateReleaseInfo",
              "outcome": "EXECUTED"
            },
            {
              "path": ":groovy-json:classes",
              "outcome": "EXECUTED"
            },
            {
              "path": ":groovy-json:compileGroovy",
              "outcome": "NO_SOURCE"
            },
            {
              "path": ":groovy-json:compileJava",
              "outcome": "EXECUTED"
            },
            {
              "path": ":groovy-json:generateReleaseInfo",
              "outcome": "EXECUTED"
            },
            {
              "path": ":groovy-json:jar",
              "outcome": "EXECUTED"
            },
            {
              "path": ":groovy-json:processResources",
              "outcome": "EXECUTED"
            },
            {
              "path": ":jar",
              "outcome": "EXECUTED"
            },
            {
              "path": ":osgiClasses",
              "outcome": "EXECUTED"
            },
            {
              "path": ":processResources",
              "outcome": "EXECUTED"
            }
          ]
        },
        "hostPressure": {
          "available": true,
          "cpuSomeTotalUs": 1207998,
          "memorySomeTotalUs": 6028,
          "memoryFullTotalUs": 5949,
          "ioSomeTotalUs": 99418559,
          "ioFullTotalUs": 73630891
        }
      },
      {
        "phase": "BASE_DAEMON_STABILIZATION",
        "durationMs": 16049,
        "logSha256": "b4a4e7e80b479c88b413a66c7432ac467bc26078b4148fe72fe20a56f83bce20",
        "taskOutcomes": {
          "total": 25,
          "executed": 14,
          "fromCache": 10,
          "upToDate": 0,
          "noSource": 1,
          "skipped": 0,
          "fingerprintSha256": "518271d7ae0ed7bcec07c4a9859a59b96a835ac29b04aeb5d6d8c8a491b92d33",
          "tasks": [
            {
              "path": ":bootstrapJar",
              "outcome": "EXECUTED"
            },
            {
              "path": ":build-logic:classes",
              "outcome": "EXECUTED"
            },
            {
              "path": ":build-logic:compileGroovy",
              "outcome": "FROM_CACHE"
            },
            {
              "path": ":build-logic:compileGroovyPlugins",
              "outcome": "FROM_CACHE"
            },
            {
              "path": ":build-logic:compileJava",
              "outcome": "FROM_CACHE"
            },
            {
              "path": ":build-logic:extractPluginRequests",
              "outcome": "FROM_CACHE"
            },
            {
              "path": ":build-logic:generatePluginAdapters",
              "outcome": "FROM_CACHE"
            },
            {
              "path": ":build-logic:jar",
              "outcome": "EXECUTED"
            },
            {
              "path": ":build-logic:pluginDescriptors",
              "outcome": "EXECUTED"
            },
            {
              "path": ":build-logic:processResources",
              "outcome": "EXECUTED"
            },
            {
              "path": ":classes",
              "outcome": "EXECUTED"
            },
            {
              "path": ":compileGroovy",
              "outcome": "FROM_CACHE"
            },
            {
              "path": ":compileJava",
              "outcome": "FROM_CACHE"
            },
            {
              "path": ":dgmConverter",
              "outcome": "FROM_CACHE"
            },
            {
              "path": ":generateGrammarSource",
              "outcome": "FROM_CACHE"
            },
            {
              "path": ":generateReleaseInfo",
              "outcome": "EXECUTED"
            },
            {
              "path": ":groovy-json:classes",
              "outcome": "EXECUTED"
            },
            {
              "path": ":groovy-json:compileGroovy",
              "outcome": "NO_SOURCE"
            },
            {
              "path": ":groovy-json:compileJava",
              "outcome": "FROM_CACHE"
            },
            {
              "path": ":groovy-json:generateReleaseInfo",
              "outcome": "EXECUTED"
            },
            {
              "path": ":groovy-json:jar",
              "outcome": "EXECUTED"
            },
            {
              "path": ":groovy-json:processResources",
              "outcome": "EXECUTED"
            },
            {
              "path": ":jar",
              "outcome": "EXECUTED"
            },
            {
              "path": ":osgiClasses",
              "outcome": "EXECUTED"
            },
            {
              "path": ":processResources",
              "outcome": "EXECUTED"
            }
          ]
        },
        "hostPressure": {
          "available": true,
          "cpuSomeTotalUs": 68167,
          "memorySomeTotalUs": 0,
          "memoryFullTotalUs": 0,
          "ioSomeTotalUs": 11285353,
          "ioFullTotalUs": 9265023
        }
      },
      {
        "phase": "TARGET_WORKLOAD_STABILIZATION",
        "durationMs": 19617,
        "logSha256": "6f8413657256021a26e07968a866a492f7b3158acd0cc4c5f2bc210eb898ca24",
        "taskOutcomes": {
          "total": 25,
          "executed": 16,
          "fromCache": 8,
          "upToDate": 0,
          "noSource": 1,
          "skipped": 0,
          "fingerprintSha256": "b43c808e47c00d49cfb56f71197b3295e884e9f536fb660c7889cb8b633b76e2",
          "tasks": [
            {
              "path": ":bootstrapJar",
              "outcome": "EXECUTED"
            },
            {
              "path": ":build-logic:classes",
              "outcome": "EXECUTED"
            },
            {
              "path": ":build-logic:compileGroovy",
              "outcome": "FROM_CACHE"
            },
            {
              "path": ":build-logic:compileGroovyPlugins",
              "outcome": "FROM_CACHE"
            },
            {
              "path": ":build-logic:compileJava",
              "outcome": "FROM_CACHE"
            },
            {
              "path": ":build-logic:extractPluginRequests",
              "outcome": "FROM_CACHE"
            },
            {
              "path": ":build-logic:generatePluginAdapters",
              "outcome": "FROM_CACHE"
            },
            {
              "path": ":build-logic:jar",
              "outcome": "EXECUTED"
            },
            {
              "path": ":build-logic:pluginDescriptors",
              "outcome": "EXECUTED"
            },
            {
              "path": ":build-logic:processResources",
              "outcome": "EXECUTED"
            },
            {
              "path": ":classes",
              "outcome": "EXECUTED"
            },
            {
              "path": ":compileGroovy",
              "outcome": "EXECUTED"
            },
            {
              "path": ":compileJava",
              "outcome": "FROM_CACHE"
            },
            {
              "path": ":dgmConverter",
              "outcome": "FROM_CACHE"
            },
            {
              "path": ":generateGrammarSource",
              "outcome": "FROM_CACHE"
            },
            {
              "path": ":generateReleaseInfo",
              "outcome": "EXECUTED"
            },
            {
              "path": ":groovy-json:classes",
              "outcome": "EXECUTED"
            },
            {
              "path": ":groovy-json:compileGroovy",
              "outcome": "NO_SOURCE"
            },
            {
              "path": ":groovy-json:compileJava",
              "outcome": "EXECUTED"
            },
            {
              "path": ":groovy-json:generateReleaseInfo",
              "outcome": "EXECUTED"
            },
            {
              "path": ":groovy-json:jar",
              "outcome": "EXECUTED"
            },
            {
              "path": ":groovy-json:processResources",
              "outcome": "EXECUTED"
            },
            {
              "path": ":jar",
              "outcome": "EXECUTED"
            },
            {
              "path": ":osgiClasses",
              "outcome": "EXECUTED"
            },
            {
              "path": ":processResources",
              "outcome": "EXECUTED"
            }
          ]
        },
        "hostPressure": {
          "available": true,
          "cpuSomeTotalUs": 120641,
          "memorySomeTotalUs": 0,
          "memoryFullTotalUs": 0,
          "ioSomeTotalUs": 12560576,
          "ioFullTotalUs": 9508275
        }
      }
    ]
  },
  "observations": [
    {
      "pair": 1,
      "order": "CONTROL_FIRST",
      "controlDurationMs": 71396,
      "candidateDurationMs": 23893,
      "savedMs": 47503,
      "controlRequiredOutputSha256": "27f462c377352f1f2a4074f1fae1f96ed51ec97f97e5b42237a57174204da1d5",
      "candidateRequiredOutputSha256": "27f462c377352f1f2a4074f1fae1f96ed51ec97f97e5b42237a57174204da1d5",
      "requiredOutputCount": 1,
      "productAttributableFailure": false,
      "controlLogSha256": "2973a63ed126cc23940ea803db2deb8a9855ea7472e53554c0b1bacc74bff8b9",
      "candidateLogSha256": "b0c44349813e4f57d8fd9809fe73fff0477cdbe67364529b37fdaccf94b42a03",
      "controlTaskOutcomes": {
        "total": 218,
        "executed": 138,
        "fromCache": 24,
        "upToDate": 8,
        "noSource": 48,
        "skipped": 0,
        "fingerprintSha256": "a8c9059b0fb2a799ddfba8828062a5ba4fb07b5deb583fa958f0ecb41079e151",
        "tasks": [
          {
            "path": ":bootstrapJar",
            "outcome": "EXECUTED"
          },
          {
            "path": ":build-logic:classes",
            "outcome": "EXECUTED"
          },
          {
            "path": ":build-logic:compileGroovy",
            "outcome": "FROM_CACHE"
          },
          {
            "path": ":build-logic:compileGroovyPlugins",
            "outcome": "FROM_CACHE"
          },
          {
            "path": ":build-logic:compileJava",
            "outcome": "FROM_CACHE"
          },
          {
            "path": ":build-logic:extractPluginRequests",
            "outcome": "FROM_CACHE"
          },
          {
            "path": ":build-logic:generatePluginAdapters",
            "outcome": "FROM_CACHE"
          },
          {
            "path": ":build-logic:jar",
            "outcome": "EXECUTED"
          },
          {
            "path": ":build-logic:pluginDescriptors",
            "outcome": "EXECUTED"
          },
          {
            "path": ":build-logic:processResources",
            "outcome": "EXECUTED"
          },
          {
            "path": ":classes",
            "outcome": "EXECUTED"
          },
          {
            "path": ":compileGroovy",
            "outcome": "EXECUTED"
          },
          {
            "path": ":compileJava",
            "outcome": "FROM_CACHE"
          },
          {
            "path": ":dgmConverter",
            "outcome": "FROM_CACHE"
          },
          {
            "path": ":generateGrammarSource",
            "outcome": "FROM_CACHE"
          },
          {
            "path": ":generateReleaseInfo",
            "outcome": "EXECUTED"
          },
          {
            "path": ":groovy-ant:classes",
            "outcome": "EXECUTED"
          },
          {
            "path": ":groovy-ant:compileGroovy",
            "outcome": "EXECUTED"
          },
          {
            "path": ":groovy-ant:compileJava",
            "outcome": "FROM_CACHE"
          },
          {
            "path": ":groovy-ant:generateReleaseInfo",
            "outcome": "EXECUTED"
          },
          {
            "path": ":groovy-ant:jar",
            "outcome": "EXECUTED"
          },
          {
            "path": ":groovy-ant:processResources",
            "outcome": "EXECUTED"
          },
          {
            "path": ":groovy-astbuilder:classes",
            "outcome": "EXECUTED"
          },
          {
            "path": ":groovy-astbuilder:compileGroovy",
            "outcome": "NO_SOURCE"
          },
          {
            "path": ":groovy-astbuilder:compileJava",
            "outcome": "FROM_CACHE"
          },
          {
            "path": ":groovy-astbuilder:generateReleaseInfo",
            "outcome": "EXECUTED"
          },
          {
            "path": ":groovy-astbuilder:jar",
            "outcome": "EXECUTED"
          },
          {
            "path": ":groovy-astbuilder:processResources",
            "outcome": "EXECUTED"
          },
          {
            "path": ":groovy-cli-commons:classes",
            "outcome": "EXECUTED"
          },
          {
            "path": ":groovy-cli-commons:compileGroovy",
            "outcome": "EXECUTED"
          },
          {
            "path": ":groovy-cli-commons:compileJava",
            "outcome": "NO_SOURCE"
          },
          {
            "path": ":groovy-cli-commons:generateReleaseInfo",
            "outcome": "EXECUTED"
          },
          {
            "path": ":groovy-cli-commons:jar",
            "outcome": "EXECUTED"
          },
          {
            "path": ":groovy-cli-commons:processResources",
            "outcome": "NO_SOURCE"
          },
          {
            "path": ":groovy-cli-picocli:classes",
            "outcome": "EXECUTED"
          },
          {
            "path": ":groovy-cli-picocli:compileGroovy",
            "outcome": "EXECUTED"
          },
          {
            "path": ":groovy-cli-picocli:compileJava",
            "outcome": "NO_SOURCE"
          },
          {
            "path": ":groovy-cli-picocli:generateReleaseInfo",
            "outcome": "EXECUTED"
          },
          {
            "path": ":groovy-cli-picocli:jar",
            "outcome": "EXECUTED"
          },
          {
            "path": ":groovy-cli-picocli:processResources",
            "outcome": "NO_SOURCE"
          },
          {
            "path": ":groovy-console:classes",
            "outcome": "EXECUTED"
          },
          {
            "path": ":groovy-console:compileGroovy",
            "outcome": "EXECUTED"
          },
          {
            "path": ":groovy-console:compileJava",
            "outcome": "NO_SOURCE"
          },
          {
            "path": ":groovy-console:generateReleaseInfo",
            "outcome": "EXECUTED"
          },
          {
            "path": ":groovy-console:jar",
            "outcome": "EXECUTED"
          },
          {
            "path": ":groovy-console:processResources",
            "outcome": "EXECUTED"
          },
          {
            "path": ":groovy-contracts:classes",
            "outcome": "EXECUTED"
          },
          {
            "path": ":groovy-contracts:compileGroovy",
            "outcome": "NO_SOURCE"
          },
          {
            "path": ":groovy-contracts:compileJava",
            "outcome": "FROM_CACHE"
          },
          {
            "path": ":groovy-contracts:generateReleaseInfo",
            "outcome": "EXECUTED"
          },
          {
            "path": ":groovy-contracts:jar",
            "outcome": "EXECUTED"
          },
          {
            "path": ":groovy-contracts:processResources",
            "outcome": "EXECUTED"
          },
          {
            "path": ":groovy-datetime:classes",
            "outcome": "UP_TO_DATE"
          },
          {
            "path": ":groovy-datetime:compileGroovy",
            "outcome": "NO_SOURCE"
          },
          {
            "path": ":groovy-datetime:compileJava",
            "outcome": "FROM_CACHE"
          },
          {
            "path": ":groovy-datetime:generateReleaseInfo",
            "outcome": "EXECUTED"
          },
          {
            "path": ":groovy-datetime:jar",
            "outcome": "EXECUTED"
          },
          {
            "path": ":groovy-datetime:moduleDescriptor",
            "outcome": "EXECUTED"
          },
          {
            "path": ":groovy-datetime:processResources",
            "outcome": "NO_SOURCE"
          },
          {
            "path": ":groovy-dateutil:classes",
            "outcome": "UP_TO_DATE"
          },
          {
            "path": ":groovy-dateutil:compileGroovy",
            "outcome": "NO_SOURCE"
          },
          {
            "path": ":groovy-dateutil:compileJava",
            "outcome": "FROM_CACHE"
          },
          {
            "path": ":groovy-dateutil:generateReleaseInfo",
            "outcome": "EXECUTED"
          },
          {
            "path": ":groovy-dateutil:jar",
            "outcome": "EXECUTED"
          },
          {
            "path": ":groovy-dateutil:moduleDescriptor",
            "outcome": "EXECUTED"
          },
          {
            "path": ":groovy-dateutil:processResources",
            "outcome": "NO_SOURCE"
          },
          {
            "path": ":groovy-docgenerator:classes",
            "outcome": "EXECUTED"
          },
          {
            "path": ":groovy-docgenerator:compileGroovy",
            "outcome": "EXECUTED"
          },
          {
            "path": ":groovy-docgenerator:compileJava",
            "outcome": "NO_SOURCE"
          },
          {
            "path": ":groovy-docgenerator:generateReleaseInfo",
            "outcome": "EXECUTED"
          },
          {
            "path": ":groovy-docgenerator:jar",
            "outcome": "EXECUTED"
          },
          {
            "path": ":groovy-docgenerator:processResources",
            "outcome": "EXECUTED"
          },
          {
            "path": ":groovy-ginq:classes",
            "outcome": "EXECUTED"
          },
          {
            "path": ":groovy-ginq:compileGroovy",
            "outcome": "EXECUTED"
          },
          {
            "path": ":groovy-ginq:compileJava",
            "outcome": "NO_SOURCE"
          },
          {
            "path": ":groovy-ginq:generateReleaseInfo",
            "outcome": "EXECUTED"
          },
          {
            "path": ":groovy-ginq:jar",
            "outcome": "EXECUTED"
          },
          {
            "path": ":groovy-ginq:moduleDescriptor",
            "outcome": "EXECUTED"
          },
          {
            "path": ":groovy-ginq:processResources",
            "outcome": "NO_SOURCE"
          },
          {
            "path": ":groovy-groovydoc:classes",
            "outcome": "EXECUTED"
          },
          {
            "path": ":groovy-groovydoc:compileGroovy",
            "outcome": "EXECUTED"
          },
          {
            "path": ":groovy-groovydoc:compileJava",
            "outcome": "FROM_CACHE"
          },
          {
            "path": ":groovy-groovydoc:generateReleaseInfo",
            "outcome": "EXECUTED"
          },
          {
            "path": ":groovy-groovydoc:jar",
            "outcome": "EXECUTED"
          },
          {
            "path": ":groovy-groovydoc:processResources",
            "outcome": "EXECUTED"
          },
          {
            "path": ":groovy-groovysh:classes",
            "outcome": "EXECUTED"
          },
          {
            "path": ":groovy-groovysh:compileGroovy",
            "outcome": "EXECUTED"
          },
          {
            "path": ":groovy-groovysh:compileJava",
            "outcome": "NO_SOURCE"
          },
          {
            "path": ":groovy-groovysh:generateReleaseInfo",
            "outcome": "EXECUTED"
          },
          {
            "path": ":groovy-groovysh:jar",
            "outcome": "EXECUTED"
          },
          {
            "path": ":groovy-groovysh:processResources",
            "outcome": "EXECUTED"
          },
          {
            "path": ":groovy-jmx:classes",
            "outcome": "EXECUTED"
          },
          {
            "path": ":groovy-jmx:compileGroovy",
            "outcome": "EXECUTED"
          },
          {
            "path": ":groovy-jmx:compileJava",
            "outcome": "FROM_CACHE"
          },
          {
            "path": ":groovy-jmx:generateReleaseInfo",
            "outcome": "EXECUTED"
          },
          {
            "path": ":groovy-jmx:jar",
            "outcome": "EXECUTED"
          },
          {
            "path": ":groovy-jmx:processResources",
            "outcome": "NO_SOURCE"
          },
          {
            "path": ":groovy-json:classes",
            "outcome": "EXECUTED"
          },
          {
            "path": ":groovy-json:compileGroovy",
            "outcome": "NO_SOURCE"
          },
          {
            "path": ":groovy-json:compileJava",
            "outcome": "EXECUTED"
          },
          {
            "path": ":groovy-json:generateReleaseInfo",
            "outcome": "EXECUTED"
          },
          {
            "path": ":groovy-json:jar",
            "outcome": "EXECUTED"
          },
          {
            "path": ":groovy-json:processResources",
            "outcome": "EXECUTED"
          },
          {
            "path": ":groovy-jsr223:classes",
            "outcome": "EXECUTED"
          },
          {
            "path": ":groovy-jsr223:compileGroovy",
            "outcome": "NO_SOURCE"
          },
          {
            "path": ":groovy-jsr223:compileJava",
            "outcome": "FROM_CACHE"
          },
          {
            "path": ":groovy-jsr223:generateReleaseInfo",
            "outcome": "EXECUTED"
          },
          {
            "path": ":groovy-jsr223:jar",
            "outcome": "EXECUTED"
          },
          {
            "path": ":groovy-jsr223:moduleDescriptor",
            "outcome": "EXECUTED"
          },
          {
            "path": ":groovy-jsr223:processResources",
            "outcome": "EXECUTED"
          },
          {
            "path": ":groovy-macro-library:classes",
            "outcome": "EXECUTED"
          },
          {
            "path": ":groovy-macro-library:compileGroovy",
            "outcome": "EXECUTED"
          },
          {
            "path": ":groovy-macro-library:compileJava",
            "outcome": "NO_SOURCE"
          },
          {
            "path": ":groovy-macro-library:generateReleaseInfo",
            "outcome": "EXECUTED"
          },
          {
            "path": ":groovy-macro-library:jar",
            "outcome": "EXECUTED"
          },
          {
            "path": ":groovy-macro-library:moduleDescriptor",
            "outcome": "EXECUTED"
          },
          {
            "path": ":groovy-macro-library:processResources",
            "outcome": "NO_SOURCE"
          },
          {
            "path": ":groovy-macro:classes",
            "outcome": "EXECUTED"
          },
          {
            "path": ":groovy-macro:compileGroovy",
            "outcome": "EXECUTED"
          },
          {
            "path": ":groovy-macro:compileJava",
            "outcome": "NO_SOURCE"
          },
          {
            "path": ":groovy-macro:generateReleaseInfo",
            "outcome": "EXECUTED"
          },
          {
            "path": ":groovy-macro:jar",
            "outcome": "EXECUTED"
          },
          {
            "path": ":groovy-macro:moduleDescriptor",
            "outcome": "EXECUTED"
          },
          {
            "path": ":groovy-macro:processResources",
            "outcome": "EXECUTED"
          },
          {
            "path": ":groovy-nio:classes",
            "outcome": "UP_TO_DATE"
          },
          {
            "path": ":groovy-nio:compileGroovy",
            "outcome": "NO_SOURCE"
          },
          {
            "path": ":groovy-nio:compileJava",
            "outcome": "FROM_CACHE"
          },
          {
            "path": ":groovy-nio:generateReleaseInfo",
            "outcome": "EXECUTED"
          },
          {
            "path": ":groovy-nio:jar",
            "outcome": "EXECUTED"
          },
          {
            "path": ":groovy-nio:moduleDescriptor",
            "outcome": "EXECUTED"
          },
          {
            "path": ":groovy-nio:processResources",
            "outcome": "NO_SOURCE"
          },
          {
            "path": ":groovy-servlet:classes",
            "outcome": "UP_TO_DATE"
          },
          {
            "path": ":groovy-servlet:compileGroovy",
            "outcome": "NO_SOURCE"
          },
          {
            "path": ":groovy-servlet:compileJava",
            "outcome": "FROM_CACHE"
          },
          {
            "path": ":groovy-servlet:generateReleaseInfo",
            "outcome": "EXECUTED"
          },
          {
            "path": ":groovy-servlet:jar",
            "outcome": "EXECUTED"
          },
          {
            "path": ":groovy-servlet:processResources",
            "outcome": "NO_SOURCE"
          },
          {
            "path": ":groovy-sql:classes",
            "outcome": "UP_TO_DATE"
          },
          {
            "path": ":groovy-sql:compileGroovy",
            "outcome": "NO_SOURCE"
          },
          {
            "path": ":groovy-sql:compileJava",
            "outcome": "FROM_CACHE"
          },
          {
            "path": ":groovy-sql:generateReleaseInfo",
            "outcome": "EXECUTED"
          },
          {
            "path": ":groovy-sql:jar",
            "outcome": "EXECUTED"
          },
          {
            "path": ":groovy-sql:moduleDescriptor",
            "outcome": "EXECUTED"
          },
          {
            "path": ":groovy-sql:processResources",
            "outcome": "NO_SOURCE"
          },
          {
            "path": ":groovy-swing:classes",
            "outcome": "EXECUTED"
          },
          {
            "path": ":groovy-swing:compileGroovy",
            "outcome": "EXECUTED"
          },
          {
            "path": ":groovy-swing:compileJava",
            "outcome": "FROM_CACHE"
          },
          {
            "path": ":groovy-swing:generateReleaseInfo",
            "outcome": "EXECUTED"
          },
          {
            "path": ":groovy-swing:jar",
            "outcome": "EXECUTED"
          },
          {
            "path": ":groovy-swing:moduleDescriptor",
            "outcome": "EXECUTED"
          },
          {
            "path": ":groovy-swing:processResources",
            "outcome": "NO_SOURCE"
          },
          {
            "path": ":groovy-templates:classes",
            "outcome": "EXECUTED"
          },
          {
            "path": ":groovy-templates:compileGroovy",
            "outcome": "EXECUTED"
          },
          {
            "path": ":groovy-templates:compileJava",
            "outcome": "NO_SOURCE"
          },
          {
            "path": ":groovy-templates:generateReleaseInfo",
            "outcome": "EXECUTED"
          },
          {
            "path": ":groovy-templates:jar",
            "outcome": "EXECUTED"
          },
          {
            "path": ":groovy-templates:processResources",
            "outcome": "NO_SOURCE"
          },
          {
            "path": ":groovy-test-junit5:classes",
            "outcome": "EXECUTED"
          },
          {
            "path": ":groovy-test-junit5:compileGroovy",
            "outcome": "EXECUTED"
          },
          {
            "path": ":groovy-test-junit5:compileJava",
            "outcome": "FROM_CACHE"
          },
          {
            "path": ":groovy-test-junit5:generateReleaseInfo",
            "outcome": "EXECUTED"
          },
          {
            "path": ":groovy-test-junit5:jar",
            "outcome": "EXECUTED"
          },
          {
            "path": ":groovy-test-junit5:processResources",
            "outcome": "EXECUTED"
          },
          {
            "path": ":groovy-test:classes",
            "outcome": "EXECUTED"
          },
          {
            "path": ":groovy-test:compileGroovy",
            "outcome": "EXECUTED"
          },
          {
            "path": ":groovy-test:compileJava",
            "outcome": "FROM_CACHE"
          },
          {
            "path": ":groovy-test:generateReleaseInfo",
            "outcome": "EXECUTED"
          },
          {
            "path": ":groovy-test:jar",
            "outcome": "EXECUTED"
          },
          {
            "path": ":groovy-test:processResources",
            "outcome": "NO_SOURCE"
          },
          {
            "path": ":groovy-testng:classes",
            "outcome": "EXECUTED"
          },
          {
            "path": ":groovy-testng:compileGroovy",
            "outcome": "NO_SOURCE"
          },
          {
            "path": ":groovy-testng:compileJava",
            "outcome": "FROM_CACHE"
          },
          {
            "path": ":groovy-testng:generateReleaseInfo",
            "outcome": "EXECUTED"
          },
          {
            "path": ":groovy-testng:jar",
            "outcome": "EXECUTED"
          },
          {
            "path": ":groovy-testng:processResources",
            "outcome": "EXECUTED"
          },
          {
            "path": ":groovy-toml:classes",
            "outcome": "EXECUTED"
          },
          {
            "path": ":groovy-toml:compileGroovy",
            "outcome": "NO_SOURCE"
          },
          {
            "path": ":groovy-toml:compileJava",
            "outcome": "EXECUTED"
          },
          {
            "path": ":groovy-toml:generateReleaseInfo",
            "outcome": "EXECUTED"
          },
          {
            "path": ":groovy-toml:jar",
            "outcome": "EXECUTED"
          },
          {
            "path": ":groovy-toml:processResources",
            "outcome": "NO_SOURCE"
          },
          {
            "path": ":groovy-typecheckers:classes",
            "outcome": "EXECUTED"
          },
          {
            "path": ":groovy-typecheckers:compileGroovy",
            "outcome": "EXECUTED"
          },
          {
            "path": ":groovy-typecheckers:compileJava",
            "outcome": "NO_SOURCE"
          },
          {
            "path": ":groovy-typecheckers:generateReleaseInfo",
            "outcome": "EXECUTED"
          },
          {
            "path": ":groovy-typecheckers:jar",
            "outcome": "EXECUTED"
          },
          {
            "path": ":groovy-typecheckers:processResources",
            "outcome": "NO_SOURCE"
          },
          {
            "path": ":groovy-xml:classes",
            "outcome": "EXECUTED"
          },
          {
            "path": ":groovy-xml:compileGroovy",
            "outcome": "EXECUTED"
          },
          {
            "path": ":groovy-xml:compileJava",
            "outcome": "FROM_CACHE"
          },
          {
            "path": ":groovy-xml:generateReleaseInfo",
            "outcome": "EXECUTED"
          },
          {
            "path": ":groovy-xml:jar",
            "outcome": "EXECUTED"
          },
          {
            "path": ":groovy-xml:moduleDescriptor",
            "outcome": "EXECUTED"
          },
          {
            "path": ":groovy-xml:processResources",
            "outcome": "NO_SOURCE"
          },
          {
            "path": ":groovy-yaml:classes",
            "outcome": "EXECUTED"
          },
          {
            "path": ":groovy-yaml:compileGroovy",
            "outcome": "NO_SOURCE"
          },
          {
            "path": ":groovy-yaml:compileJava",
            "outcome": "EXECUTED"
          },
          {
            "path": ":groovy-yaml:generateReleaseInfo",
            "outcome": "EXECUTED"
          },
          {
            "path": ":groovy-yaml:jar",
            "outcome": "EXECUTED"
          },
          {
            "path": ":groovy-yaml:processResources",
            "outcome": "NO_SOURCE"
          },
          {
            "path": ":jar",
            "outcome": "EXECUTED"
          },
          {
            "path": ":osgiClasses",
            "outcome": "EXECUTED"
          },
          {
            "path": ":performance:classes",
            "outcome": "UP_TO_DATE"
          },
          {
            "path": ":performance:compileGroovy",
            "outcome": "NO_SOURCE"
          },
          {
            "path": ":performance:compileJava",
            "outcome": "NO_SOURCE"
          },
          {
            "path": ":performance:jar",
            "outcome": "EXECUTED"
          },
          {
            "path": ":performance:processResources",
            "outcome": "NO_SOURCE"
          },
          {
            "path": ":processResources",
            "outcome": "EXECUTED"
          },
          {
            "path": ":stress:classes",
            "outcome": "UP_TO_DATE"
          },
          {
            "path": ":stress:compileGroovy",
            "outcome": "NO_SOURCE"
          },
          {
            "path": ":stress:compileJava",
            "outcome": "NO_SOURCE"
          },
          {
            "path": ":stress:jar",
            "outcome": "EXECUTED"
          },
          {
            "path": ":stress:processResources",
            "outcome": "NO_SOURCE"
          },
          {
            "path": ":tests-preview:classes",
            "outcome": "UP_TO_DATE"
          },
          {
            "path": ":tests-preview:compileGroovy",
            "outcome": "NO_SOURCE"
          },
          {
            "path": ":tests-preview:compileJava",
            "outcome": "NO_SOURCE"
          },
          {
            "path": ":tests-preview:jar",
            "outcome": "EXECUTED"
          },
          {
            "path": ":tests-preview:processResources",
            "outcome": "NO_SOURCE"
          }
        ]
      },
      "candidateTaskOutcomes": {
        "total": 25,
        "executed": 16,
        "fromCache": 8,
        "upToDate": 0,
        "noSource": 1,
        "skipped": 0,
        "fingerprintSha256": "b43c808e47c00d49cfb56f71197b3295e884e9f536fb660c7889cb8b633b76e2",
        "tasks": [
          {
            "path": ":bootstrapJar",
            "outcome": "EXECUTED"
          },
          {
            "path": ":build-logic:classes",
            "outcome": "EXECUTED"
          },
          {
            "path": ":build-logic:compileGroovy",
            "outcome": "FROM_CACHE"
          },
          {
            "path": ":build-logic:compileGroovyPlugins",
            "outcome": "FROM_CACHE"
          },
          {
            "path": ":build-logic:compileJava",
            "outcome": "FROM_CACHE"
          },
          {
            "path": ":build-logic:extractPluginRequests",
            "outcome": "FROM_CACHE"
          },
          {
            "path": ":build-logic:generatePluginAdapters",
            "outcome": "FROM_CACHE"
          },
          {
            "path": ":build-logic:jar",
            "outcome": "EXECUTED"
          },
          {
            "path": ":build-logic:pluginDescriptors",
            "outcome": "EXECUTED"
          },
          {
            "path": ":build-logic:processResources",
            "outcome": "EXECUTED"
          },
          {
            "path": ":classes",
            "outcome": "EXECUTED"
          },
          {
            "path": ":compileGroovy",
            "outcome": "EXECUTED"
          },
          {
            "path": ":compileJava",
            "outcome": "FROM_CACHE"
          },
          {
            "path": ":dgmConverter",
            "outcome": "FROM_CACHE"
          },
          {
            "path": ":generateGrammarSource",
            "outcome": "FROM_CACHE"
          },
          {
            "path": ":generateReleaseInfo",
            "outcome": "EXECUTED"
          },
          {
            "path": ":groovy-json:classes",
            "outcome": "EXECUTED"
          },
          {
            "path": ":groovy-json:compileGroovy",
            "outcome": "NO_SOURCE"
          },
          {
            "path": ":groovy-json:compileJava",
            "outcome": "EXECUTED"
          },
          {
            "path": ":groovy-json:generateReleaseInfo",
            "outcome": "EXECUTED"
          },
          {
            "path": ":groovy-json:jar",
            "outcome": "EXECUTED"
          },
          {
            "path": ":groovy-json:processResources",
            "outcome": "EXECUTED"
          },
          {
            "path": ":jar",
            "outcome": "EXECUTED"
          },
          {
            "path": ":osgiClasses",
            "outcome": "EXECUTED"
          },
          {
            "path": ":processResources",
            "outcome": "EXECUTED"
          }
        ]
      },
      "controlHostPressure": {
        "available": true,
        "cpuSomeTotalUs": 11625356,
        "memorySomeTotalUs": 250371,
        "memoryFullTotalUs": 231498,
        "ioSomeTotalUs": 37733876,
        "ioFullTotalUs": 18223576
      },
      "candidateHostPressure": {
        "available": true,
        "cpuSomeTotalUs": 241908,
        "memorySomeTotalUs": 1,
        "memoryFullTotalUs": 1,
        "ioSomeTotalUs": 14960410,
        "ioFullTotalUs": 10890015
      }
    },
    {
      "pair": 2,
      "order": "CANDIDATE_FIRST",
      "controlDurationMs": 75489,
      "candidateDurationMs": 18613,
      "savedMs": 56876,
      "controlRequiredOutputSha256": "27f462c377352f1f2a4074f1fae1f96ed51ec97f97e5b42237a57174204da1d5",
      "candidateRequiredOutputSha256": "27f462c377352f1f2a4074f1fae1f96ed51ec97f97e5b42237a57174204da1d5",
      "requiredOutputCount": 1,
      "productAttributableFailure": false,
      "controlLogSha256": "d77ca78320b9181048c82072dee122a5580712c941c8ad016a64b2ee3c4e0921",
      "candidateLogSha256": "02a5f246deaae62245e318bde14235da51e6219c4f14c0b8d9f479a4b2de68e8",
      "controlTaskOutcomes": {
        "total": 218,
        "executed": 138,
        "fromCache": 24,
        "upToDate": 8,
        "noSource": 48,
        "skipped": 0,
        "fingerprintSha256": "a8c9059b0fb2a799ddfba8828062a5ba4fb07b5deb583fa958f0ecb41079e151",
        "tasks": [
          {
            "path": ":bootstrapJar",
            "outcome": "EXECUTED"
          },
          {
            "path": ":build-logic:classes",
            "outcome": "EXECUTED"
          },
          {
            "path": ":build-logic:compileGroovy",
            "outcome": "FROM_CACHE"
          },
          {
            "path": ":build-logic:compileGroovyPlugins",
            "outcome": "FROM_CACHE"
          },
          {
            "path": ":build-logic:compileJava",
            "outcome": "FROM_CACHE"
          },
          {
            "path": ":build-logic:extractPluginRequests",
            "outcome": "FROM_CACHE"
          },
          {
            "path": ":build-logic:generatePluginAdapters",
            "outcome": "FROM_CACHE"
          },
          {
            "path": ":build-logic:jar",
            "outcome": "EXECUTED"
          },
          {
            "path": ":build-logic:pluginDescriptors",
            "outcome": "EXECUTED"
          },
          {
            "path": ":build-logic:processResources",
            "outcome": "EXECUTED"
          },
          {
            "path": ":classes",
            "outcome": "EXECUTED"
          },
          {
            "path": ":compileGroovy",
            "outcome": "EXECUTED"
          },
          {
            "path": ":compileJava",
            "outcome": "FROM_CACHE"
          },
          {
            "path": ":dgmConverter",
            "outcome": "FROM_CACHE"
          },
          {
            "path": ":generateGrammarSource",
            "outcome": "FROM_CACHE"
          },
          {
            "path": ":generateReleaseInfo",
            "outcome": "EXECUTED"
          },
          {
            "path": ":groovy-ant:classes",
            "outcome": "EXECUTED"
          },
          {
            "path": ":groovy-ant:compileGroovy",
            "outcome": "EXECUTED"
          },
          {
            "path": ":groovy-ant:compileJava",
            "outcome": "FROM_CACHE"
          },
          {
            "path": ":groovy-ant:generateReleaseInfo",
            "outcome": "EXECUTED"
          },
          {
            "path": ":groovy-ant:jar",
            "outcome": "EXECUTED"
          },
          {
            "path": ":groovy-ant:processResources",
            "outcome": "EXECUTED"
          },
          {
            "path": ":groovy-astbuilder:classes",
            "outcome": "EXECUTED"
          },
          {
            "path": ":groovy-astbuilder:compileGroovy",
            "outcome": "NO_SOURCE"
          },
          {
            "path": ":groovy-astbuilder:compileJava",
            "outcome": "FROM_CACHE"
          },
          {
            "path": ":groovy-astbuilder:generateReleaseInfo",
            "outcome": "EXECUTED"
          },
          {
            "path": ":groovy-astbuilder:jar",
            "outcome": "EXECUTED"
          },
          {
            "path": ":groovy-astbuilder:processResources",
            "outcome": "EXECUTED"
          },
          {
            "path": ":groovy-cli-commons:classes",
            "outcome": "EXECUTED"
          },
          {
            "path": ":groovy-cli-commons:compileGroovy",
            "outcome": "EXECUTED"
          },
          {
            "path": ":groovy-cli-commons:compileJava",
            "outcome": "NO_SOURCE"
          },
          {
            "path": ":groovy-cli-commons:generateReleaseInfo",
            "outcome": "EXECUTED"
          },
          {
            "path": ":groovy-cli-commons:jar",
            "outcome": "EXECUTED"
          },
          {
            "path": ":groovy-cli-commons:processResources",
            "outcome": "NO_SOURCE"
          },
          {
            "path": ":groovy-cli-picocli:classes",
            "outcome": "EXECUTED"
          },
          {
            "path": ":groovy-cli-picocli:compileGroovy",
            "outcome": "EXECUTED"
          },
          {
            "path": ":groovy-cli-picocli:compileJava",
            "outcome": "NO_SOURCE"
          },
          {
            "path": ":groovy-cli-picocli:generateReleaseInfo",
            "outcome": "EXECUTED"
          },
          {
            "path": ":groovy-cli-picocli:jar",
            "outcome": "EXECUTED"
          },
          {
            "path": ":groovy-cli-picocli:processResources",
            "outcome": "NO_SOURCE"
          },
          {
            "path": ":groovy-console:classes",
            "outcome": "EXECUTED"
          },
          {
            "path": ":groovy-console:compileGroovy",
            "outcome": "EXECUTED"
          },
          {
            "path": ":groovy-console:compileJava",
            "outcome": "NO_SOURCE"
          },
          {
            "path": ":groovy-console:generateReleaseInfo",
            "outcome": "EXECUTED"
          },
          {
            "path": ":groovy-console:jar",
            "outcome": "EXECUTED"
          },
          {
            "path": ":groovy-console:processResources",
            "outcome": "EXECUTED"
          },
          {
            "path": ":groovy-contracts:classes",
            "outcome": "EXECUTED"
          },
          {
            "path": ":groovy-contracts:compileGroovy",
            "outcome": "NO_SOURCE"
          },
          {
            "path": ":groovy-contracts:compileJava",
            "outcome": "FROM_CACHE"
          },
          {
            "path": ":groovy-contracts:generateReleaseInfo",
            "outcome": "EXECUTED"
          },
          {
            "path": ":groovy-contracts:jar",
            "outcome": "EXECUTED"
          },
          {
            "path": ":groovy-contracts:processResources",
            "outcome": "EXECUTED"
          },
          {
            "path": ":groovy-datetime:classes",
            "outcome": "UP_TO_DATE"
          },
          {
            "path": ":groovy-datetime:compileGroovy",
            "outcome": "NO_SOURCE"
          },
          {
            "path": ":groovy-datetime:compileJava",
            "outcome": "FROM_CACHE"
          },
          {
            "path": ":groovy-datetime:generateReleaseInfo",
            "outcome": "EXECUTED"
          },
          {
            "path": ":groovy-datetime:jar",
            "outcome": "EXECUTED"
          },
          {
            "path": ":groovy-datetime:moduleDescriptor",
            "outcome": "EXECUTED"
          },
          {
            "path": ":groovy-datetime:processResources",
            "outcome": "NO_SOURCE"
          },
          {
            "path": ":groovy-dateutil:classes",
            "outcome": "UP_TO_DATE"
          },
          {
            "path": ":groovy-dateutil:compileGroovy",
            "outcome": "NO_SOURCE"
          },
          {
            "path": ":groovy-dateutil:compileJava",
            "outcome": "FROM_CACHE"
          },
          {
            "path": ":groovy-dateutil:generateReleaseInfo",
            "outcome": "EXECUTED"
          },
          {
            "path": ":groovy-dateutil:jar",
            "outcome": "EXECUTED"
          },
          {
            "path": ":groovy-dateutil:moduleDescriptor",
            "outcome": "EXECUTED"
          },
          {
            "path": ":groovy-dateutil:processResources",
            "outcome": "NO_SOURCE"
          },
          {
            "path": ":groovy-docgenerator:classes",
            "outcome": "EXECUTED"
          },
          {
            "path": ":groovy-docgenerator:compileGroovy",
            "outcome": "EXECUTED"
          },
          {
            "path": ":groovy-docgenerator:compileJava",
            "outcome": "NO_SOURCE"
          },
          {
            "path": ":groovy-docgenerator:generateReleaseInfo",
            "outcome": "EXECUTED"
          },
          {
            "path": ":groovy-docgenerator:jar",
            "outcome": "EXECUTED"
          },
          {
            "path": ":groovy-docgenerator:processResources",
            "outcome": "EXECUTED"
          },
          {
            "path": ":groovy-ginq:classes",
            "outcome": "EXECUTED"
          },
          {
            "path": ":groovy-ginq:compileGroovy",
            "outcome": "EXECUTED"
          },
          {
            "path": ":groovy-ginq:compileJava",
            "outcome": "NO_SOURCE"
          },
          {
            "path": ":groovy-ginq:generateReleaseInfo",
            "outcome": "EXECUTED"
          },
          {
            "path": ":groovy-ginq:jar",
            "outcome": "EXECUTED"
          },
          {
            "path": ":groovy-ginq:moduleDescriptor",
            "outcome": "EXECUTED"
          },
          {
            "path": ":groovy-ginq:processResources",
            "outcome": "NO_SOURCE"
          },
          {
            "path": ":groovy-groovydoc:classes",
            "outcome": "EXECUTED"
          },
          {
            "path": ":groovy-groovydoc:compileGroovy",
            "outcome": "EXECUTED"
          },
          {
            "path": ":groovy-groovydoc:compileJava",
            "outcome": "FROM_CACHE"
          },
          {
            "path": ":groovy-groovydoc:generateReleaseInfo",
            "outcome": "EXECUTED"
          },
          {
            "path": ":groovy-groovydoc:jar",
            "outcome": "EXECUTED"
          },
          {
            "path": ":groovy-groovydoc:processResources",
            "outcome": "EXECUTED"
          },
          {
            "path": ":groovy-groovysh:classes",
            "outcome": "EXECUTED"
          },
          {
            "path": ":groovy-groovysh:compileGroovy",
            "outcome": "EXECUTED"
          },
          {
            "path": ":groovy-groovysh:compileJava",
            "outcome": "NO_SOURCE"
          },
          {
            "path": ":groovy-groovysh:generateReleaseInfo",
            "outcome": "EXECUTED"
          },
          {
            "path": ":groovy-groovysh:jar",
            "outcome": "EXECUTED"
          },
          {
            "path": ":groovy-groovysh:processResources",
            "outcome": "EXECUTED"
          },
          {
            "path": ":groovy-jmx:classes",
            "outcome": "EXECUTED"
          },
          {
            "path": ":groovy-jmx:compileGroovy",
            "outcome": "EXECUTED"
          },
          {
            "path": ":groovy-jmx:compileJava",
            "outcome": "FROM_CACHE"
          },
          {
            "path": ":groovy-jmx:generateReleaseInfo",
            "outcome": "EXECUTED"
          },
          {
            "path": ":groovy-jmx:jar",
            "outcome": "EXECUTED"
          },
          {
            "path": ":groovy-jmx:processResources",
            "outcome": "NO_SOURCE"
          },
          {
            "path": ":groovy-json:classes",
            "outcome": "EXECUTED"
          },
          {
            "path": ":groovy-json:compileGroovy",
            "outcome": "NO_SOURCE"
          },
          {
            "path": ":groovy-json:compileJava",
            "outcome": "EXECUTED"
          },
          {
            "path": ":groovy-json:generateReleaseInfo",
            "outcome": "EXECUTED"
          },
          {
            "path": ":groovy-json:jar",
            "outcome": "EXECUTED"
          },
          {
            "path": ":groovy-json:processResources",
            "outcome": "EXECUTED"
          },
          {
            "path": ":groovy-jsr223:classes",
            "outcome": "EXECUTED"
          },
          {
            "path": ":groovy-jsr223:compileGroovy",
            "outcome": "NO_SOURCE"
          },
          {
            "path": ":groovy-jsr223:compileJava",
            "outcome": "FROM_CACHE"
          },
          {
            "path": ":groovy-jsr223:generateReleaseInfo",
            "outcome": "EXECUTED"
          },
          {
            "path": ":groovy-jsr223:jar",
            "outcome": "EXECUTED"
          },
          {
            "path": ":groovy-jsr223:moduleDescriptor",
            "outcome": "EXECUTED"
          },
          {
            "path": ":groovy-jsr223:processResources",
            "outcome": "EXECUTED"
          },
          {
            "path": ":groovy-macro-library:classes",
            "outcome": "EXECUTED"
          },
          {
            "path": ":groovy-macro-library:compileGroovy",
            "outcome": "EXECUTED"
          },
          {
            "path": ":groovy-macro-library:compileJava",
            "outcome": "NO_SOURCE"
          },
          {
            "path": ":groovy-macro-library:generateReleaseInfo",
            "outcome": "EXECUTED"
          },
          {
            "path": ":groovy-macro-library:jar",
            "outcome": "EXECUTED"
          },
          {
            "path": ":groovy-macro-library:moduleDescriptor",
            "outcome": "EXECUTED"
          },
          {
            "path": ":groovy-macro-library:processResources",
            "outcome": "NO_SOURCE"
          },
          {
            "path": ":groovy-macro:classes",
            "outcome": "EXECUTED"
          },
          {
            "path": ":groovy-macro:compileGroovy",
            "outcome": "EXECUTED"
          },
          {
            "path": ":groovy-macro:compileJava",
            "outcome": "NO_SOURCE"
          },
          {
            "path": ":groovy-macro:generateReleaseInfo",
            "outcome": "EXECUTED"
          },
          {
            "path": ":groovy-macro:jar",
            "outcome": "EXECUTED"
          },
          {
            "path": ":groovy-macro:moduleDescriptor",
            "outcome": "EXECUTED"
          },
          {
            "path": ":groovy-macro:processResources",
            "outcome": "EXECUTED"
          },
          {
            "path": ":groovy-nio:classes",
            "outcome": "UP_TO_DATE"
          },
          {
            "path": ":groovy-nio:compileGroovy",
            "outcome": "NO_SOURCE"
          },
          {
            "path": ":groovy-nio:compileJava",
            "outcome": "FROM_CACHE"
          },
          {
            "path": ":groovy-nio:generateReleaseInfo",
            "outcome": "EXECUTED"
          },
          {
            "path": ":groovy-nio:jar",
            "outcome": "EXECUTED"
          },
          {
            "path": ":groovy-nio:moduleDescriptor",
            "outcome": "EXECUTED"
          },
          {
            "path": ":groovy-nio:processResources",
            "outcome": "NO_SOURCE"
          },
          {
            "path": ":groovy-servlet:classes",
            "outcome": "UP_TO_DATE"
          },
          {
            "path": ":groovy-servlet:compileGroovy",
            "outcome": "NO_SOURCE"
          },
          {
            "path": ":groovy-servlet:compileJava",
            "outcome": "FROM_CACHE"
          },
          {
            "path": ":groovy-servlet:generateReleaseInfo",
            "outcome": "EXECUTED"
          },
          {
            "path": ":groovy-servlet:jar",
            "outcome": "EXECUTED"
          },
          {
            "path": ":groovy-servlet:processResources",
            "outcome": "NO_SOURCE"
          },
          {
            "path": ":groovy-sql:classes",
            "outcome": "UP_TO_DATE"
          },
          {
            "path": ":groovy-sql:compileGroovy",
            "outcome": "NO_SOURCE"
          },
          {
            "path": ":groovy-sql:compileJava",
            "outcome": "FROM_CACHE"
          },
          {
            "path": ":groovy-sql:generateReleaseInfo",
            "outcome": "EXECUTED"
          },
          {
            "path": ":groovy-sql:jar",
            "outcome": "EXECUTED"
          },
          {
            "path": ":groovy-sql:moduleDescriptor",
            "outcome": "EXECUTED"
          },
          {
            "path": ":groovy-sql:processResources",
            "outcome": "NO_SOURCE"
          },
          {
            "path": ":groovy-swing:classes",
            "outcome": "EXECUTED"
          },
          {
            "path": ":groovy-swing:compileGroovy",
            "outcome": "EXECUTED"
          },
          {
            "path": ":groovy-swing:compileJava",
            "outcome": "FROM_CACHE"
          },
          {
            "path": ":groovy-swing:generateReleaseInfo",
            "outcome": "EXECUTED"
          },
          {
            "path": ":groovy-swing:jar",
            "outcome": "EXECUTED"
          },
          {
            "path": ":groovy-swing:moduleDescriptor",
            "outcome": "EXECUTED"
          },
          {
            "path": ":groovy-swing:processResources",
            "outcome": "NO_SOURCE"
          },
          {
            "path": ":groovy-templates:classes",
            "outcome": "EXECUTED"
          },
          {
            "path": ":groovy-templates:compileGroovy",
            "outcome": "EXECUTED"
          },
          {
            "path": ":groovy-templates:compileJava",
            "outcome": "NO_SOURCE"
          },
          {
            "path": ":groovy-templates:generateReleaseInfo",
            "outcome": "EXECUTED"
          },
          {
            "path": ":groovy-templates:jar",
            "outcome": "EXECUTED"
          },
          {
            "path": ":groovy-templates:processResources",
            "outcome": "NO_SOURCE"
          },
          {
            "path": ":groovy-test-junit5:classes",
            "outcome": "EXECUTED"
          },
          {
            "path": ":groovy-test-junit5:compileGroovy",
            "outcome": "EXECUTED"
          },
          {
            "path": ":groovy-test-junit5:compileJava",
            "outcome": "FROM_CACHE"
          },
          {
            "path": ":groovy-test-junit5:generateReleaseInfo",
            "outcome": "EXECUTED"
          },
          {
            "path": ":groovy-test-junit5:jar",
            "outcome": "EXECUTED"
          },
          {
            "path": ":groovy-test-junit5:processResources",
            "outcome": "EXECUTED"
          },
          {
            "path": ":groovy-test:classes",
            "outcome": "EXECUTED"
          },
          {
            "path": ":groovy-test:compileGroovy",
            "outcome": "EXECUTED"
          },
          {
            "path": ":groovy-test:compileJava",
            "outcome": "FROM_CACHE"
          },
          {
            "path": ":groovy-test:generateReleaseInfo",
            "outcome": "EXECUTED"
          },
          {
            "path": ":groovy-test:jar",
            "outcome": "EXECUTED"
          },
          {
            "path": ":groovy-test:processResources",
            "outcome": "NO_SOURCE"
          },
          {
            "path": ":groovy-testng:classes",
            "outcome": "EXECUTED"
          },
          {
            "path": ":groovy-testng:compileGroovy",
            "outcome": "NO_SOURCE"
          },
          {
            "path": ":groovy-testng:compileJava",
            "outcome": "FROM_CACHE"
          },
          {
            "path": ":groovy-testng:generateReleaseInfo",
            "outcome": "EXECUTED"
          },
          {
            "path": ":groovy-testng:jar",
            "outcome": "EXECUTED"
          },
          {
            "path": ":groovy-testng:processResources",
            "outcome": "EXECUTED"
          },
          {
            "path": ":groovy-toml:classes",
            "outcome": "EXECUTED"
          },
          {
            "path": ":groovy-toml:compileGroovy",
            "outcome": "NO_SOURCE"
          },
          {
            "path": ":groovy-toml:compileJava",
            "outcome": "EXECUTED"
          },
          {
            "path": ":groovy-toml:generateReleaseInfo",
            "outcome": "EXECUTED"
          },
          {
            "path": ":groovy-toml:jar",
            "outcome": "EXECUTED"
          },
          {
            "path": ":groovy-toml:processResources",
            "outcome": "NO_SOURCE"
          },
          {
            "path": ":groovy-typecheckers:classes",
            "outcome": "EXECUTED"
          },
          {
            "path": ":groovy-typecheckers:compileGroovy",
            "outcome": "EXECUTED"
          },
          {
            "path": ":groovy-typecheckers:compileJava",
            "outcome": "NO_SOURCE"
          },
          {
            "path": ":groovy-typecheckers:generateReleaseInfo",
            "outcome": "EXECUTED"
          },
          {
            "path": ":groovy-typecheckers:jar",
            "outcome": "EXECUTED"
          },
          {
            "path": ":groovy-typecheckers:processResources",
            "outcome": "NO_SOURCE"
          },
          {
            "path": ":groovy-xml:classes",
            "outcome": "EXECUTED"
          },
          {
            "path": ":groovy-xml:compileGroovy",
            "outcome": "EXECUTED"
          },
          {
            "path": ":groovy-xml:compileJava",
            "outcome": "FROM_CACHE"
          },
          {
            "path": ":groovy-xml:generateReleaseInfo",
            "outcome": "EXECUTED"
          },
          {
            "path": ":groovy-xml:jar",
            "outcome": "EXECUTED"
          },
          {
            "path": ":groovy-xml:moduleDescriptor",
            "outcome": "EXECUTED"
          },
          {
            "path": ":groovy-xml:processResources",
            "outcome": "NO_SOURCE"
          },
          {
            "path": ":groovy-yaml:classes",
            "outcome": "EXECUTED"
          },
          {
            "path": ":groovy-yaml:compileGroovy",
            "outcome": "NO_SOURCE"
          },
          {
            "path": ":groovy-yaml:compileJava",
            "outcome": "EXECUTED"
          },
          {
            "path": ":groovy-yaml:generateReleaseInfo",
            "outcome": "EXECUTED"
          },
          {
            "path": ":groovy-yaml:jar",
            "outcome": "EXECUTED"
          },
          {
            "path": ":groovy-yaml:processResources",
            "outcome": "NO_SOURCE"
          },
          {
            "path": ":jar",
            "outcome": "EXECUTED"
          },
          {
            "path": ":osgiClasses",
            "outcome": "EXECUTED"
          },
          {
            "path": ":performance:classes",
            "outcome": "UP_TO_DATE"
          },
          {
            "path": ":performance:compileGroovy",
            "outcome": "NO_SOURCE"
          },
          {
            "path": ":performance:compileJava",
            "outcome": "NO_SOURCE"
          },
          {
            "path": ":performance:jar",
            "outcome": "EXECUTED"
          },
          {
            "path": ":performance:processResources",
            "outcome": "NO_SOURCE"
          },
          {
            "path": ":processResources",
            "outcome": "EXECUTED"
          },
          {
            "path": ":stress:classes",
            "outcome": "UP_TO_DATE"
          },
          {
            "path": ":stress:compileGroovy",
            "outcome": "NO_SOURCE"
          },
          {
            "path": ":stress:compileJava",
            "outcome": "NO_SOURCE"
          },
          {
            "path": ":stress:jar",
            "outcome": "EXECUTED"
          },
          {
            "path": ":stress:processResources",
            "outcome": "NO_SOURCE"
          },
          {
            "path": ":tests-preview:classes",
            "outcome": "UP_TO_DATE"
          },
          {
            "path": ":tests-preview:compileGroovy",
            "outcome": "NO_SOURCE"
          },
          {
            "path": ":tests-preview:compileJava",
            "outcome": "NO_SOURCE"
          },
          {
            "path": ":tests-preview:jar",
            "outcome": "EXECUTED"
          },
          {
            "path": ":tests-preview:processResources",
            "outcome": "NO_SOURCE"
          }
        ]
      },
      "candidateTaskOutcomes": {
        "total": 25,
        "executed": 16,
        "fromCache": 8,
        "upToDate": 0,
        "noSource": 1,
        "skipped": 0,
        "fingerprintSha256": "b43c808e47c00d49cfb56f71197b3295e884e9f536fb660c7889cb8b633b76e2",
        "tasks": [
          {
            "path": ":bootstrapJar",
            "outcome": "EXECUTED"
          },
          {
            "path": ":build-logic:classes",
            "outcome": "EXECUTED"
          },
          {
            "path": ":build-logic:compileGroovy",
            "outcome": "FROM_CACHE"
          },
          {
            "path": ":build-logic:compileGroovyPlugins",
            "outcome": "FROM_CACHE"
          },
          {
            "path": ":build-logic:compileJava",
            "outcome": "FROM_CACHE"
          },
          {
            "path": ":build-logic:extractPluginRequests",
            "outcome": "FROM_CACHE"
          },
          {
            "path": ":build-logic:generatePluginAdapters",
            "outcome": "FROM_CACHE"
          },
          {
            "path": ":build-logic:jar",
            "outcome": "EXECUTED"
          },
          {
            "path": ":build-logic:pluginDescriptors",
            "outcome": "EXECUTED"
          },
          {
            "path": ":build-logic:processResources",
            "outcome": "EXECUTED"
          },
          {
            "path": ":classes",
            "outcome": "EXECUTED"
          },
          {
            "path": ":compileGroovy",
            "outcome": "EXECUTED"
          },
          {
            "path": ":compileJava",
            "outcome": "FROM_CACHE"
          },
          {
            "path": ":dgmConverter",
            "outcome": "FROM_CACHE"
          },
          {
            "path": ":generateGrammarSource",
            "outcome": "FROM_CACHE"
          },
          {
            "path": ":generateReleaseInfo",
            "outcome": "EXECUTED"
          },
          {
            "path": ":groovy-json:classes",
            "outcome": "EXECUTED"
          },
          {
            "path": ":groovy-json:compileGroovy",
            "outcome": "NO_SOURCE"
          },
          {
            "path": ":groovy-json:compileJava",
            "outcome": "EXECUTED"
          },
          {
            "path": ":groovy-json:generateReleaseInfo",
            "outcome": "EXECUTED"
          },
          {
            "path": ":groovy-json:jar",
            "outcome": "EXECUTED"
          },
          {
            "path": ":groovy-json:processResources",
            "outcome": "EXECUTED"
          },
          {
            "path": ":jar",
            "outcome": "EXECUTED"
          },
          {
            "path": ":osgiClasses",
            "outcome": "EXECUTED"
          },
          {
            "path": ":processResources",
            "outcome": "EXECUTED"
          }
        ]
      },
      "controlHostPressure": {
        "available": true,
        "cpuSomeTotalUs": 18353236,
        "memorySomeTotalUs": 55064,
        "memoryFullTotalUs": 38502,
        "ioSomeTotalUs": 38899041,
        "ioFullTotalUs": 16708063
      },
      "candidateHostPressure": {
        "available": true,
        "cpuSomeTotalUs": 95539,
        "memorySomeTotalUs": 3834,
        "memoryFullTotalUs": 3715,
        "ioSomeTotalUs": 11747151,
        "ioFullTotalUs": 8953829
      }
    },
    {
      "pair": 3,
      "order": "CONTROL_FIRST",
      "controlDurationMs": 75730,
      "candidateDurationMs": 20987,
      "savedMs": 54743,
      "controlRequiredOutputSha256": "27f462c377352f1f2a4074f1fae1f96ed51ec97f97e5b42237a57174204da1d5",
      "candidateRequiredOutputSha256": "27f462c377352f1f2a4074f1fae1f96ed51ec97f97e5b42237a57174204da1d5",
      "requiredOutputCount": 1,
      "productAttributableFailure": false,
      "controlLogSha256": "461725c01adae1e95e63ce0108fa2ad96fd5613c9885568428dc687138a411e1",
      "candidateLogSha256": "a8da6fccfec93a30ff2383e889f15d65b7ed145e4a07a55d4127b7343d3f9f43",
      "controlTaskOutcomes": {
        "total": 218,
        "executed": 138,
        "fromCache": 24,
        "upToDate": 8,
        "noSource": 48,
        "skipped": 0,
        "fingerprintSha256": "a8c9059b0fb2a799ddfba8828062a5ba4fb07b5deb583fa958f0ecb41079e151",
        "tasks": [
          {
            "path": ":bootstrapJar",
            "outcome": "EXECUTED"
          },
          {
            "path": ":build-logic:classes",
            "outcome": "EXECUTED"
          },
          {
            "path": ":build-logic:compileGroovy",
            "outcome": "FROM_CACHE"
          },
          {
            "path": ":build-logic:compileGroovyPlugins",
            "outcome": "FROM_CACHE"
          },
          {
            "path": ":build-logic:compileJava",
            "outcome": "FROM_CACHE"
          },
          {
            "path": ":build-logic:extractPluginRequests",
            "outcome": "FROM_CACHE"
          },
          {
            "path": ":build-logic:generatePluginAdapters",
            "outcome": "FROM_CACHE"
          },
          {
            "path": ":build-logic:jar",
            "outcome": "EXECUTED"
          },
          {
            "path": ":build-logic:pluginDescriptors",
            "outcome": "EXECUTED"
          },
          {
            "path": ":build-logic:processResources",
            "outcome": "EXECUTED"
          },
          {
            "path": ":classes",
            "outcome": "EXECUTED"
          },
          {
            "path": ":compileGroovy",
            "outcome": "EXECUTED"
          },
          {
            "path": ":compileJava",
            "outcome": "FROM_CACHE"
          },
          {
            "path": ":dgmConverter",
            "outcome": "FROM_CACHE"
          },
          {
            "path": ":generateGrammarSource",
            "outcome": "FROM_CACHE"
          },
          {
            "path": ":generateReleaseInfo",
            "outcome": "EXECUTED"
          },
          {
            "path": ":groovy-ant:classes",
            "outcome": "EXECUTED"
          },
          {
            "path": ":groovy-ant:compileGroovy",
            "outcome": "EXECUTED"
          },
          {
            "path": ":groovy-ant:compileJava",
            "outcome": "FROM_CACHE"
          },
          {
            "path": ":groovy-ant:generateReleaseInfo",
            "outcome": "EXECUTED"
          },
          {
            "path": ":groovy-ant:jar",
            "outcome": "EXECUTED"
          },
          {
            "path": ":groovy-ant:processResources",
            "outcome": "EXECUTED"
          },
          {
            "path": ":groovy-astbuilder:classes",
            "outcome": "EXECUTED"
          },
          {
            "path": ":groovy-astbuilder:compileGroovy",
            "outcome": "NO_SOURCE"
          },
          {
            "path": ":groovy-astbuilder:compileJava",
            "outcome": "FROM_CACHE"
          },
          {
            "path": ":groovy-astbuilder:generateReleaseInfo",
            "outcome": "EXECUTED"
          },
          {
            "path": ":groovy-astbuilder:jar",
            "outcome": "EXECUTED"
          },
          {
            "path": ":groovy-astbuilder:processResources",
            "outcome": "EXECUTED"
          },
          {
            "path": ":groovy-cli-commons:classes",
            "outcome": "EXECUTED"
          },
          {
            "path": ":groovy-cli-commons:compileGroovy",
            "outcome": "EXECUTED"
          },
          {
            "path": ":groovy-cli-commons:compileJava",
            "outcome": "NO_SOURCE"
          },
          {
            "path": ":groovy-cli-commons:generateReleaseInfo",
            "outcome": "EXECUTED"
          },
          {
            "path": ":groovy-cli-commons:jar",
            "outcome": "EXECUTED"
          },
          {
            "path": ":groovy-cli-commons:processResources",
            "outcome": "NO_SOURCE"
          },
          {
            "path": ":groovy-cli-picocli:classes",
            "outcome": "EXECUTED"
          },
          {
            "path": ":groovy-cli-picocli:compileGroovy",
            "outcome": "EXECUTED"
          },
          {
            "path": ":groovy-cli-picocli:compileJava",
            "outcome": "NO_SOURCE"
          },
          {
            "path": ":groovy-cli-picocli:generateReleaseInfo",
            "outcome": "EXECUTED"
          },
          {
            "path": ":groovy-cli-picocli:jar",
            "outcome": "EXECUTED"
          },
          {
            "path": ":groovy-cli-picocli:processResources",
            "outcome": "NO_SOURCE"
          },
          {
            "path": ":groovy-console:classes",
            "outcome": "EXECUTED"
          },
          {
            "path": ":groovy-console:compileGroovy",
            "outcome": "EXECUTED"
          },
          {
            "path": ":groovy-console:compileJava",
            "outcome": "NO_SOURCE"
          },
          {
            "path": ":groovy-console:generateReleaseInfo",
            "outcome": "EXECUTED"
          },
          {
            "path": ":groovy-console:jar",
            "outcome": "EXECUTED"
          },
          {
            "path": ":groovy-console:processResources",
            "outcome": "EXECUTED"
          },
          {
            "path": ":groovy-contracts:classes",
            "outcome": "EXECUTED"
          },
          {
            "path": ":groovy-contracts:compileGroovy",
            "outcome": "NO_SOURCE"
          },
          {
            "path": ":groovy-contracts:compileJava",
            "outcome": "FROM_CACHE"
          },
          {
            "path": ":groovy-contracts:generateReleaseInfo",
            "outcome": "EXECUTED"
          },
          {
            "path": ":groovy-contracts:jar",
            "outcome": "EXECUTED"
          },
          {
            "path": ":groovy-contracts:processResources",
            "outcome": "EXECUTED"
          },
          {
            "path": ":groovy-datetime:classes",
            "outcome": "UP_TO_DATE"
          },
          {
            "path": ":groovy-datetime:compileGroovy",
            "outcome": "NO_SOURCE"
          },
          {
            "path": ":groovy-datetime:compileJava",
            "outcome": "FROM_CACHE"
          },
          {
            "path": ":groovy-datetime:generateReleaseInfo",
            "outcome": "EXECUTED"
          },
          {
            "path": ":groovy-datetime:jar",
            "outcome": "EXECUTED"
          },
          {
            "path": ":groovy-datetime:moduleDescriptor",
            "outcome": "EXECUTED"
          },
          {
            "path": ":groovy-datetime:processResources",
            "outcome": "NO_SOURCE"
          },
          {
            "path": ":groovy-dateutil:classes",
            "outcome": "UP_TO_DATE"
          },
          {
            "path": ":groovy-dateutil:compileGroovy",
            "outcome": "NO_SOURCE"
          },
          {
            "path": ":groovy-dateutil:compileJava",
            "outcome": "FROM_CACHE"
          },
          {
            "path": ":groovy-dateutil:generateReleaseInfo",
            "outcome": "EXECUTED"
          },
          {
            "path": ":groovy-dateutil:jar",
            "outcome": "EXECUTED"
          },
          {
            "path": ":groovy-dateutil:moduleDescriptor",
            "outcome": "EXECUTED"
          },
          {
            "path": ":groovy-dateutil:processResources",
            "outcome": "NO_SOURCE"
          },
          {
            "path": ":groovy-docgenerator:classes",
            "outcome": "EXECUTED"
          },
          {
            "path": ":groovy-docgenerator:compileGroovy",
            "outcome": "EXECUTED"
          },
          {
            "path": ":groovy-docgenerator:compileJava",
            "outcome": "NO_SOURCE"
          },
          {
            "path": ":groovy-docgenerator:generateReleaseInfo",
            "outcome": "EXECUTED"
          },
          {
            "path": ":groovy-docgenerator:jar",
            "outcome": "EXECUTED"
          },
          {
            "path": ":groovy-docgenerator:processResources",
            "outcome": "EXECUTED"
          },
          {
            "path": ":groovy-ginq:classes",
            "outcome": "EXECUTED"
          },
          {
            "path": ":groovy-ginq:compileGroovy",
            "outcome": "EXECUTED"
          },
          {
            "path": ":groovy-ginq:compileJava",
            "outcome": "NO_SOURCE"
          },
          {
            "path": ":groovy-ginq:generateReleaseInfo",
            "outcome": "EXECUTED"
          },
          {
            "path": ":groovy-ginq:jar",
            "outcome": "EXECUTED"
          },
          {
            "path": ":groovy-ginq:moduleDescriptor",
            "outcome": "EXECUTED"
          },
          {
            "path": ":groovy-ginq:processResources",
            "outcome": "NO_SOURCE"
          },
          {
            "path": ":groovy-groovydoc:classes",
            "outcome": "EXECUTED"
          },
          {
            "path": ":groovy-groovydoc:compileGroovy",
            "outcome": "EXECUTED"
          },
          {
            "path": ":groovy-groovydoc:compileJava",
            "outcome": "FROM_CACHE"
          },
          {
            "path": ":groovy-groovydoc:generateReleaseInfo",
            "outcome": "EXECUTED"
          },
          {
            "path": ":groovy-groovydoc:jar",
            "outcome": "EXECUTED"
          },
          {
            "path": ":groovy-groovydoc:processResources",
            "outcome": "EXECUTED"
          },
          {
            "path": ":groovy-groovysh:classes",
            "outcome": "EXECUTED"
          },
          {
            "path": ":groovy-groovysh:compileGroovy",
            "outcome": "EXECUTED"
          },
          {
            "path": ":groovy-groovysh:compileJava",
            "outcome": "NO_SOURCE"
          },
          {
            "path": ":groovy-groovysh:generateReleaseInfo",
            "outcome": "EXECUTED"
          },
          {
            "path": ":groovy-groovysh:jar",
            "outcome": "EXECUTED"
          },
          {
            "path": ":groovy-groovysh:processResources",
            "outcome": "EXECUTED"
          },
          {
            "path": ":groovy-jmx:classes",
            "outcome": "EXECUTED"
          },
          {
            "path": ":groovy-jmx:compileGroovy",
            "outcome": "EXECUTED"
          },
          {
            "path": ":groovy-jmx:compileJava",
            "outcome": "FROM_CACHE"
          },
          {
            "path": ":groovy-jmx:generateReleaseInfo",
            "outcome": "EXECUTED"
          },
          {
            "path": ":groovy-jmx:jar",
            "outcome": "EXECUTED"
          },
          {
            "path": ":groovy-jmx:processResources",
            "outcome": "NO_SOURCE"
          },
          {
            "path": ":groovy-json:classes",
            "outcome": "EXECUTED"
          },
          {
            "path": ":groovy-json:compileGroovy",
            "outcome": "NO_SOURCE"
          },
          {
            "path": ":groovy-json:compileJava",
            "outcome": "EXECUTED"
          },
          {
            "path": ":groovy-json:generateReleaseInfo",
            "outcome": "EXECUTED"
          },
          {
            "path": ":groovy-json:jar",
            "outcome": "EXECUTED"
          },
          {
            "path": ":groovy-json:processResources",
            "outcome": "EXECUTED"
          },
          {
            "path": ":groovy-jsr223:classes",
            "outcome": "EXECUTED"
          },
          {
            "path": ":groovy-jsr223:compileGroovy",
            "outcome": "NO_SOURCE"
          },
          {
            "path": ":groovy-jsr223:compileJava",
            "outcome": "FROM_CACHE"
          },
          {
            "path": ":groovy-jsr223:generateReleaseInfo",
            "outcome": "EXECUTED"
          },
          {
            "path": ":groovy-jsr223:jar",
            "outcome": "EXECUTED"
          },
          {
            "path": ":groovy-jsr223:moduleDescriptor",
            "outcome": "EXECUTED"
          },
          {
            "path": ":groovy-jsr223:processResources",
            "outcome": "EXECUTED"
          },
          {
            "path": ":groovy-macro-library:classes",
            "outcome": "EXECUTED"
          },
          {
            "path": ":groovy-macro-library:compileGroovy",
            "outcome": "EXECUTED"
          },
          {
            "path": ":groovy-macro-library:compileJava",
            "outcome": "NO_SOURCE"
          },
          {
            "path": ":groovy-macro-library:generateReleaseInfo",
            "outcome": "EXECUTED"
          },
          {
            "path": ":groovy-macro-library:jar",
            "outcome": "EXECUTED"
          },
          {
            "path": ":groovy-macro-library:moduleDescriptor",
            "outcome": "EXECUTED"
          },
          {
            "path": ":groovy-macro-library:processResources",
            "outcome": "NO_SOURCE"
          },
          {
            "path": ":groovy-macro:classes",
            "outcome": "EXECUTED"
          },
          {
            "path": ":groovy-macro:compileGroovy",
            "outcome": "EXECUTED"
          },
          {
            "path": ":groovy-macro:compileJava",
            "outcome": "NO_SOURCE"
          },
          {
            "path": ":groovy-macro:generateReleaseInfo",
            "outcome": "EXECUTED"
          },
          {
            "path": ":groovy-macro:jar",
            "outcome": "EXECUTED"
          },
          {
            "path": ":groovy-macro:moduleDescriptor",
            "outcome": "EXECUTED"
          },
          {
            "path": ":groovy-macro:processResources",
            "outcome": "EXECUTED"
          },
          {
            "path": ":groovy-nio:classes",
            "outcome": "UP_TO_DATE"
          },
          {
            "path": ":groovy-nio:compileGroovy",
            "outcome": "NO_SOURCE"
          },
          {
            "path": ":groovy-nio:compileJava",
            "outcome": "FROM_CACHE"
          },
          {
            "path": ":groovy-nio:generateReleaseInfo",
            "outcome": "EXECUTED"
          },
          {
            "path": ":groovy-nio:jar",
            "outcome": "EXECUTED"
          },
          {
            "path": ":groovy-nio:moduleDescriptor",
            "outcome": "EXECUTED"
          },
          {
            "path": ":groovy-nio:processResources",
            "outcome": "NO_SOURCE"
          },
          {
            "path": ":groovy-servlet:classes",
            "outcome": "UP_TO_DATE"
          },
          {
            "path": ":groovy-servlet:compileGroovy",
            "outcome": "NO_SOURCE"
          },
          {
            "path": ":groovy-servlet:compileJava",
            "outcome": "FROM_CACHE"
          },
          {
            "path": ":groovy-servlet:generateReleaseInfo",
            "outcome": "EXECUTED"
          },
          {
            "path": ":groovy-servlet:jar",
            "outcome": "EXECUTED"
          },
          {
            "path": ":groovy-servlet:processResources",
            "outcome": "NO_SOURCE"
          },
          {
            "path": ":groovy-sql:classes",
            "outcome": "UP_TO_DATE"
          },
          {
            "path": ":groovy-sql:compileGroovy",
            "outcome": "NO_SOURCE"
          },
          {
            "path": ":groovy-sql:compileJava",
            "outcome": "FROM_CACHE"
          },
          {
            "path": ":groovy-sql:generateReleaseInfo",
            "outcome": "EXECUTED"
          },
          {
            "path": ":groovy-sql:jar",
            "outcome": "EXECUTED"
          },
          {
            "path": ":groovy-sql:moduleDescriptor",
            "outcome": "EXECUTED"
          },
          {
            "path": ":groovy-sql:processResources",
            "outcome": "NO_SOURCE"
          },
          {
            "path": ":groovy-swing:classes",
            "outcome": "EXECUTED"
          },
          {
            "path": ":groovy-swing:compileGroovy",
            "outcome": "EXECUTED"
          },
          {
            "path": ":groovy-swing:compileJava",
            "outcome": "FROM_CACHE"
          },
          {
            "path": ":groovy-swing:generateReleaseInfo",
            "outcome": "EXECUTED"
          },
          {
            "path": ":groovy-swing:jar",
            "outcome": "EXECUTED"
          },
          {
            "path": ":groovy-swing:moduleDescriptor",
            "outcome": "EXECUTED"
          },
          {
            "path": ":groovy-swing:processResources",
            "outcome": "NO_SOURCE"
          },
          {
            "path": ":groovy-templates:classes",
            "outcome": "EXECUTED"
          },
          {
            "path": ":groovy-templates:compileGroovy",
            "outcome": "EXECUTED"
          },
          {
            "path": ":groovy-templates:compileJava",
            "outcome": "NO_SOURCE"
          },
          {
            "path": ":groovy-templates:generateReleaseInfo",
            "outcome": "EXECUTED"
          },
          {
            "path": ":groovy-templates:jar",
            "outcome": "EXECUTED"
          },
          {
            "path": ":groovy-templates:processResources",
            "outcome": "NO_SOURCE"
          },
          {
            "path": ":groovy-test-junit5:classes",
            "outcome": "EXECUTED"
          },
          {
            "path": ":groovy-test-junit5:compileGroovy",
            "outcome": "EXECUTED"
          },
          {
            "path": ":groovy-test-junit5:compileJava",
            "outcome": "FROM_CACHE"
          },
          {
            "path": ":groovy-test-junit5:generateReleaseInfo",
            "outcome": "EXECUTED"
          },
          {
            "path": ":groovy-test-junit5:jar",
            "outcome": "EXECUTED"
          },
          {
            "path": ":groovy-test-junit5:processResources",
            "outcome": "EXECUTED"
          },
          {
            "path": ":groovy-test:classes",
            "outcome": "EXECUTED"
          },
          {
            "path": ":groovy-test:compileGroovy",
            "outcome": "EXECUTED"
          },
          {
            "path": ":groovy-test:compileJava",
            "outcome": "FROM_CACHE"
          },
          {
            "path": ":groovy-test:generateReleaseInfo",
            "outcome": "EXECUTED"
          },
          {
            "path": ":groovy-test:jar",
            "outcome": "EXECUTED"
          },
          {
            "path": ":groovy-test:processResources",
            "outcome": "NO_SOURCE"
          },
          {
            "path": ":groovy-testng:classes",
            "outcome": "EXECUTED"
          },
          {
            "path": ":groovy-testng:compileGroovy",
            "outcome": "NO_SOURCE"
          },
          {
            "path": ":groovy-testng:compileJava",
            "outcome": "FROM_CACHE"
          },
          {
            "path": ":groovy-testng:generateReleaseInfo",
            "outcome": "EXECUTED"
          },
          {
            "path": ":groovy-testng:jar",
            "outcome": "EXECUTED"
          },
          {
            "path": ":groovy-testng:processResources",
            "outcome": "EXECUTED"
          },
          {
            "path": ":groovy-toml:classes",
            "outcome": "EXECUTED"
          },
          {
            "path": ":groovy-toml:compileGroovy",
            "outcome": "NO_SOURCE"
          },
          {
            "path": ":groovy-toml:compileJava",
            "outcome": "EXECUTED"
          },
          {
            "path": ":groovy-toml:generateReleaseInfo",
            "outcome": "EXECUTED"
          },
          {
            "path": ":groovy-toml:jar",
            "outcome": "EXECUTED"
          },
          {
            "path": ":groovy-toml:processResources",
            "outcome": "NO_SOURCE"
          },
          {
            "path": ":groovy-typecheckers:classes",
            "outcome": "EXECUTED"
          },
          {
            "path": ":groovy-typecheckers:compileGroovy",
            "outcome": "EXECUTED"
          },
          {
            "path": ":groovy-typecheckers:compileJava",
            "outcome": "NO_SOURCE"
          },
          {
            "path": ":groovy-typecheckers:generateReleaseInfo",
            "outcome": "EXECUTED"
          },
          {
            "path": ":groovy-typecheckers:jar",
            "outcome": "EXECUTED"
          },
          {
            "path": ":groovy-typecheckers:processResources",
            "outcome": "NO_SOURCE"
          },
          {
            "path": ":groovy-xml:classes",
            "outcome": "EXECUTED"
          },
          {
            "path": ":groovy-xml:compileGroovy",
            "outcome": "EXECUTED"
          },
          {
            "path": ":groovy-xml:compileJava",
            "outcome": "FROM_CACHE"
          },
          {
            "path": ":groovy-xml:generateReleaseInfo",
            "outcome": "EXECUTED"
          },
          {
            "path": ":groovy-xml:jar",
            "outcome": "EXECUTED"
          },
          {
            "path": ":groovy-xml:moduleDescriptor",
            "outcome": "EXECUTED"
          },
          {
            "path": ":groovy-xml:processResources",
            "outcome": "NO_SOURCE"
          },
          {
            "path": ":groovy-yaml:classes",
            "outcome": "EXECUTED"
          },
          {
            "path": ":groovy-yaml:compileGroovy",
            "outcome": "NO_SOURCE"
          },
          {
            "path": ":groovy-yaml:compileJava",
            "outcome": "EXECUTED"
          },
          {
            "path": ":groovy-yaml:generateReleaseInfo",
            "outcome": "EXECUTED"
          },
          {
            "path": ":groovy-yaml:jar",
            "outcome": "EXECUTED"
          },
          {
            "path": ":groovy-yaml:processResources",
            "outcome": "NO_SOURCE"
          },
          {
            "path": ":jar",
            "outcome": "EXECUTED"
          },
          {
            "path": ":osgiClasses",
            "outcome": "EXECUTED"
          },
          {
            "path": ":performance:classes",
            "outcome": "UP_TO_DATE"
          },
          {
            "path": ":performance:compileGroovy",
            "outcome": "NO_SOURCE"
          },
          {
            "path": ":performance:compileJava",
            "outcome": "NO_SOURCE"
          },
          {
            "path": ":performance:jar",
            "outcome": "EXECUTED"
          },
          {
            "path": ":performance:processResources",
            "outcome": "NO_SOURCE"
          },
          {
            "path": ":processResources",
            "outcome": "EXECUTED"
          },
          {
            "path": ":stress:classes",
            "outcome": "UP_TO_DATE"
          },
          {
            "path": ":stress:compileGroovy",
            "outcome": "NO_SOURCE"
          },
          {
            "path": ":stress:compileJava",
            "outcome": "NO_SOURCE"
          },
          {
            "path": ":stress:jar",
            "outcome": "EXECUTED"
          },
          {
            "path": ":stress:processResources",
            "outcome": "NO_SOURCE"
          },
          {
            "path": ":tests-preview:classes",
            "outcome": "UP_TO_DATE"
          },
          {
            "path": ":tests-preview:compileGroovy",
            "outcome": "NO_SOURCE"
          },
          {
            "path": ":tests-preview:compileJava",
            "outcome": "NO_SOURCE"
          },
          {
            "path": ":tests-preview:jar",
            "outcome": "EXECUTED"
          },
          {
            "path": ":tests-preview:processResources",
            "outcome": "NO_SOURCE"
          }
        ]
      },
      "candidateTaskOutcomes": {
        "total": 25,
        "executed": 16,
        "fromCache": 8,
        "upToDate": 0,
        "noSource": 1,
        "skipped": 0,
        "fingerprintSha256": "b43c808e47c00d49cfb56f71197b3295e884e9f536fb660c7889cb8b633b76e2",
        "tasks": [
          {
            "path": ":bootstrapJar",
            "outcome": "EXECUTED"
          },
          {
            "path": ":build-logic:classes",
            "outcome": "EXECUTED"
          },
          {
            "path": ":build-logic:compileGroovy",
            "outcome": "FROM_CACHE"
          },
          {
            "path": ":build-logic:compileGroovyPlugins",
            "outcome": "FROM_CACHE"
          },
          {
            "path": ":build-logic:compileJava",
            "outcome": "FROM_CACHE"
          },
          {
            "path": ":build-logic:extractPluginRequests",
            "outcome": "FROM_CACHE"
          },
          {
            "path": ":build-logic:generatePluginAdapters",
            "outcome": "FROM_CACHE"
          },
          {
            "path": ":build-logic:jar",
            "outcome": "EXECUTED"
          },
          {
            "path": ":build-logic:pluginDescriptors",
            "outcome": "EXECUTED"
          },
          {
            "path": ":build-logic:processResources",
            "outcome": "EXECUTED"
          },
          {
            "path": ":classes",
            "outcome": "EXECUTED"
          },
          {
            "path": ":compileGroovy",
            "outcome": "EXECUTED"
          },
          {
            "path": ":compileJava",
            "outcome": "FROM_CACHE"
          },
          {
            "path": ":dgmConverter",
            "outcome": "FROM_CACHE"
          },
          {
            "path": ":generateGrammarSource",
            "outcome": "FROM_CACHE"
          },
          {
            "path": ":generateReleaseInfo",
            "outcome": "EXECUTED"
          },
          {
            "path": ":groovy-json:classes",
            "outcome": "EXECUTED"
          },
          {
            "path": ":groovy-json:compileGroovy",
            "outcome": "NO_SOURCE"
          },
          {
            "path": ":groovy-json:compileJava",
            "outcome": "EXECUTED"
          },
          {
            "path": ":groovy-json:generateReleaseInfo",
            "outcome": "EXECUTED"
          },
          {
            "path": ":groovy-json:jar",
            "outcome": "EXECUTED"
          },
          {
            "path": ":groovy-json:processResources",
            "outcome": "EXECUTED"
          },
          {
            "path": ":jar",
            "outcome": "EXECUTED"
          },
          {
            "path": ":osgiClasses",
            "outcome": "EXECUTED"
          },
          {
            "path": ":processResources",
            "outcome": "EXECUTED"
          }
        ]
      },
      "controlHostPressure": {
        "available": true,
        "cpuSomeTotalUs": 18916408,
        "memorySomeTotalUs": 7321,
        "memoryFullTotalUs": 2148,
        "ioSomeTotalUs": 39288297,
        "ioFullTotalUs": 16633708
      },
      "candidateHostPressure": {
        "available": true,
        "cpuSomeTotalUs": 133286,
        "memorySomeTotalUs": 605,
        "memoryFullTotalUs": 589,
        "ioSomeTotalUs": 13612639,
        "ioFullTotalUs": 10258853
      }
    },
    {
      "pair": 4,
      "order": "CANDIDATE_FIRST",
      "controlDurationMs": 70751,
      "candidateDurationMs": 18701,
      "savedMs": 52050,
      "controlRequiredOutputSha256": "27f462c377352f1f2a4074f1fae1f96ed51ec97f97e5b42237a57174204da1d5",
      "candidateRequiredOutputSha256": "27f462c377352f1f2a4074f1fae1f96ed51ec97f97e5b42237a57174204da1d5",
      "requiredOutputCount": 1,
      "productAttributableFailure": false,
      "controlLogSha256": "e719a3189d36d71fbed31db8b337771c41679fe17128b3ba3b11b8a7935d30cf",
      "candidateLogSha256": "02a5f246deaae62245e318bde14235da51e6219c4f14c0b8d9f479a4b2de68e8",
      "controlTaskOutcomes": {
        "total": 218,
        "executed": 138,
        "fromCache": 24,
        "upToDate": 8,
        "noSource": 48,
        "skipped": 0,
        "fingerprintSha256": "a8c9059b0fb2a799ddfba8828062a5ba4fb07b5deb583fa958f0ecb41079e151",
        "tasks": [
          {
            "path": ":bootstrapJar",
            "outcome": "EXECUTED"
          },
          {
            "path": ":build-logic:classes",
            "outcome": "EXECUTED"
          },
          {
            "path": ":build-logic:compileGroovy",
            "outcome": "FROM_CACHE"
          },
          {
            "path": ":build-logic:compileGroovyPlugins",
            "outcome": "FROM_CACHE"
          },
          {
            "path": ":build-logic:compileJava",
            "outcome": "FROM_CACHE"
          },
          {
            "path": ":build-logic:extractPluginRequests",
            "outcome": "FROM_CACHE"
          },
          {
            "path": ":build-logic:generatePluginAdapters",
            "outcome": "FROM_CACHE"
          },
          {
            "path": ":build-logic:jar",
            "outcome": "EXECUTED"
          },
          {
            "path": ":build-logic:pluginDescriptors",
            "outcome": "EXECUTED"
          },
          {
            "path": ":build-logic:processResources",
            "outcome": "EXECUTED"
          },
          {
            "path": ":classes",
            "outcome": "EXECUTED"
          },
          {
            "path": ":compileGroovy",
            "outcome": "EXECUTED"
          },
          {
            "path": ":compileJava",
            "outcome": "FROM_CACHE"
          },
          {
            "path": ":dgmConverter",
            "outcome": "FROM_CACHE"
          },
          {
            "path": ":generateGrammarSource",
            "outcome": "FROM_CACHE"
          },
          {
            "path": ":generateReleaseInfo",
            "outcome": "EXECUTED"
          },
          {
            "path": ":groovy-ant:classes",
            "outcome": "EXECUTED"
          },
          {
            "path": ":groovy-ant:compileGroovy",
            "outcome": "EXECUTED"
          },
          {
            "path": ":groovy-ant:compileJava",
            "outcome": "FROM_CACHE"
          },
          {
            "path": ":groovy-ant:generateReleaseInfo",
            "outcome": "EXECUTED"
          },
          {
            "path": ":groovy-ant:jar",
            "outcome": "EXECUTED"
          },
          {
            "path": ":groovy-ant:processResources",
            "outcome": "EXECUTED"
          },
          {
            "path": ":groovy-astbuilder:classes",
            "outcome": "EXECUTED"
          },
          {
            "path": ":groovy-astbuilder:compileGroovy",
            "outcome": "NO_SOURCE"
          },
          {
            "path": ":groovy-astbuilder:compileJava",
            "outcome": "FROM_CACHE"
          },
          {
            "path": ":groovy-astbuilder:generateReleaseInfo",
            "outcome": "EXECUTED"
          },
          {
            "path": ":groovy-astbuilder:jar",
            "outcome": "EXECUTED"
          },
          {
            "path": ":groovy-astbuilder:processResources",
            "outcome": "EXECUTED"
          },
          {
            "path": ":groovy-cli-commons:classes",
            "outcome": "EXECUTED"
          },
          {
            "path": ":groovy-cli-commons:compileGroovy",
            "outcome": "EXECUTED"
          },
          {
            "path": ":groovy-cli-commons:compileJava",
            "outcome": "NO_SOURCE"
          },
          {
            "path": ":groovy-cli-commons:generateReleaseInfo",
            "outcome": "EXECUTED"
          },
          {
            "path": ":groovy-cli-commons:jar",
            "outcome": "EXECUTED"
          },
          {
            "path": ":groovy-cli-commons:processResources",
            "outcome": "NO_SOURCE"
          },
          {
            "path": ":groovy-cli-picocli:classes",
            "outcome": "EXECUTED"
          },
          {
            "path": ":groovy-cli-picocli:compileGroovy",
            "outcome": "EXECUTED"
          },
          {
            "path": ":groovy-cli-picocli:compileJava",
            "outcome": "NO_SOURCE"
          },
          {
            "path": ":groovy-cli-picocli:generateReleaseInfo",
            "outcome": "EXECUTED"
          },
          {
            "path": ":groovy-cli-picocli:jar",
            "outcome": "EXECUTED"
          },
          {
            "path": ":groovy-cli-picocli:processResources",
            "outcome": "NO_SOURCE"
          },
          {
            "path": ":groovy-console:classes",
            "outcome": "EXECUTED"
          },
          {
            "path": ":groovy-console:compileGroovy",
            "outcome": "EXECUTED"
          },
          {
            "path": ":groovy-console:compileJava",
            "outcome": "NO_SOURCE"
          },
          {
            "path": ":groovy-console:generateReleaseInfo",
            "outcome": "EXECUTED"
          },
          {
            "path": ":groovy-console:jar",
            "outcome": "EXECUTED"
          },
          {
            "path": ":groovy-console:processResources",
            "outcome": "EXECUTED"
          },
          {
            "path": ":groovy-contracts:classes",
            "outcome": "EXECUTED"
          },
          {
            "path": ":groovy-contracts:compileGroovy",
            "outcome": "NO_SOURCE"
          },
          {
            "path": ":groovy-contracts:compileJava",
            "outcome": "FROM_CACHE"
          },
          {
            "path": ":groovy-contracts:generateReleaseInfo",
            "outcome": "EXECUTED"
          },
          {
            "path": ":groovy-contracts:jar",
            "outcome": "EXECUTED"
          },
          {
            "path": ":groovy-contracts:processResources",
            "outcome": "EXECUTED"
          },
          {
            "path": ":groovy-datetime:classes",
            "outcome": "UP_TO_DATE"
          },
          {
            "path": ":groovy-datetime:compileGroovy",
            "outcome": "NO_SOURCE"
          },
          {
            "path": ":groovy-datetime:compileJava",
            "outcome": "FROM_CACHE"
          },
          {
            "path": ":groovy-datetime:generateReleaseInfo",
            "outcome": "EXECUTED"
          },
          {
            "path": ":groovy-datetime:jar",
            "outcome": "EXECUTED"
          },
          {
            "path": ":groovy-datetime:moduleDescriptor",
            "outcome": "EXECUTED"
          },
          {
            "path": ":groovy-datetime:processResources",
            "outcome": "NO_SOURCE"
          },
          {
            "path": ":groovy-dateutil:classes",
            "outcome": "UP_TO_DATE"
          },
          {
            "path": ":groovy-dateutil:compileGroovy",
            "outcome": "NO_SOURCE"
          },
          {
            "path": ":groovy-dateutil:compileJava",
            "outcome": "FROM_CACHE"
          },
          {
            "path": ":groovy-dateutil:generateReleaseInfo",
            "outcome": "EXECUTED"
          },
          {
            "path": ":groovy-dateutil:jar",
            "outcome": "EXECUTED"
          },
          {
            "path": ":groovy-dateutil:moduleDescriptor",
            "outcome": "EXECUTED"
          },
          {
            "path": ":groovy-dateutil:processResources",
            "outcome": "NO_SOURCE"
          },
          {
            "path": ":groovy-docgenerator:classes",
            "outcome": "EXECUTED"
          },
          {
            "path": ":groovy-docgenerator:compileGroovy",
            "outcome": "EXECUTED"
          },
          {
            "path": ":groovy-docgenerator:compileJava",
            "outcome": "NO_SOURCE"
          },
          {
            "path": ":groovy-docgenerator:generateReleaseInfo",
            "outcome": "EXECUTED"
          },
          {
            "path": ":groovy-docgenerator:jar",
            "outcome": "EXECUTED"
          },
          {
            "path": ":groovy-docgenerator:processResources",
            "outcome": "EXECUTED"
          },
          {
            "path": ":groovy-ginq:classes",
            "outcome": "EXECUTED"
          },
          {
            "path": ":groovy-ginq:compileGroovy",
            "outcome": "EXECUTED"
          },
          {
            "path": ":groovy-ginq:compileJava",
            "outcome": "NO_SOURCE"
          },
          {
            "path": ":groovy-ginq:generateReleaseInfo",
            "outcome": "EXECUTED"
          },
          {
            "path": ":groovy-ginq:jar",
            "outcome": "EXECUTED"
          },
          {
            "path": ":groovy-ginq:moduleDescriptor",
            "outcome": "EXECUTED"
          },
          {
            "path": ":groovy-ginq:processResources",
            "outcome": "NO_SOURCE"
          },
          {
            "path": ":groovy-groovydoc:classes",
            "outcome": "EXECUTED"
          },
          {
            "path": ":groovy-groovydoc:compileGroovy",
            "outcome": "EXECUTED"
          },
          {
            "path": ":groovy-groovydoc:compileJava",
            "outcome": "FROM_CACHE"
          },
          {
            "path": ":groovy-groovydoc:generateReleaseInfo",
            "outcome": "EXECUTED"
          },
          {
            "path": ":groovy-groovydoc:jar",
            "outcome": "EXECUTED"
          },
          {
            "path": ":groovy-groovydoc:processResources",
            "outcome": "EXECUTED"
          },
          {
            "path": ":groovy-groovysh:classes",
            "outcome": "EXECUTED"
          },
          {
            "path": ":groovy-groovysh:compileGroovy",
            "outcome": "EXECUTED"
          },
          {
            "path": ":groovy-groovysh:compileJava",
            "outcome": "NO_SOURCE"
          },
          {
            "path": ":groovy-groovysh:generateReleaseInfo",
            "outcome": "EXECUTED"
          },
          {
            "path": ":groovy-groovysh:jar",
            "outcome": "EXECUTED"
          },
          {
            "path": ":groovy-groovysh:processResources",
            "outcome": "EXECUTED"
          },
          {
            "path": ":groovy-jmx:classes",
            "outcome": "EXECUTED"
          },
          {
            "path": ":groovy-jmx:compileGroovy",
            "outcome": "EXECUTED"
          },
          {
            "path": ":groovy-jmx:compileJava",
            "outcome": "FROM_CACHE"
          },
          {
            "path": ":groovy-jmx:generateReleaseInfo",
            "outcome": "EXECUTED"
          },
          {
            "path": ":groovy-jmx:jar",
            "outcome": "EXECUTED"
          },
          {
            "path": ":groovy-jmx:processResources",
            "outcome": "NO_SOURCE"
          },
          {
            "path": ":groovy-json:classes",
            "outcome": "EXECUTED"
          },
          {
            "path": ":groovy-json:compileGroovy",
            "outcome": "NO_SOURCE"
          },
          {
            "path": ":groovy-json:compileJava",
            "outcome": "EXECUTED"
          },
          {
            "path": ":groovy-json:generateReleaseInfo",
            "outcome": "EXECUTED"
          },
          {
            "path": ":groovy-json:jar",
            "outcome": "EXECUTED"
          },
          {
            "path": ":groovy-json:processResources",
            "outcome": "EXECUTED"
          },
          {
            "path": ":groovy-jsr223:classes",
            "outcome": "EXECUTED"
          },
          {
            "path": ":groovy-jsr223:compileGroovy",
            "outcome": "NO_SOURCE"
          },
          {
            "path": ":groovy-jsr223:compileJava",
            "outcome": "FROM_CACHE"
          },
          {
            "path": ":groovy-jsr223:generateReleaseInfo",
            "outcome": "EXECUTED"
          },
          {
            "path": ":groovy-jsr223:jar",
            "outcome": "EXECUTED"
          },
          {
            "path": ":groovy-jsr223:moduleDescriptor",
            "outcome": "EXECUTED"
          },
          {
            "path": ":groovy-jsr223:processResources",
            "outcome": "EXECUTED"
          },
          {
            "path": ":groovy-macro-library:classes",
            "outcome": "EXECUTED"
          },
          {
            "path": ":groovy-macro-library:compileGroovy",
            "outcome": "EXECUTED"
          },
          {
            "path": ":groovy-macro-library:compileJava",
            "outcome": "NO_SOURCE"
          },
          {
            "path": ":groovy-macro-library:generateReleaseInfo",
            "outcome": "EXECUTED"
          },
          {
            "path": ":groovy-macro-library:jar",
            "outcome": "EXECUTED"
          },
          {
            "path": ":groovy-macro-library:moduleDescriptor",
            "outcome": "EXECUTED"
          },
          {
            "path": ":groovy-macro-library:processResources",
            "outcome": "NO_SOURCE"
          },
          {
            "path": ":groovy-macro:classes",
            "outcome": "EXECUTED"
          },
          {
            "path": ":groovy-macro:compileGroovy",
            "outcome": "EXECUTED"
          },
          {
            "path": ":groovy-macro:compileJava",
            "outcome": "NO_SOURCE"
          },
          {
            "path": ":groovy-macro:generateReleaseInfo",
            "outcome": "EXECUTED"
          },
          {
            "path": ":groovy-macro:jar",
            "outcome": "EXECUTED"
          },
          {
            "path": ":groovy-macro:moduleDescriptor",
            "outcome": "EXECUTED"
          },
          {
            "path": ":groovy-macro:processResources",
            "outcome": "EXECUTED"
          },
          {
            "path": ":groovy-nio:classes",
            "outcome": "UP_TO_DATE"
          },
          {
            "path": ":groovy-nio:compileGroovy",
            "outcome": "NO_SOURCE"
          },
          {
            "path": ":groovy-nio:compileJava",
            "outcome": "FROM_CACHE"
          },
          {
            "path": ":groovy-nio:generateReleaseInfo",
            "outcome": "EXECUTED"
          },
          {
            "path": ":groovy-nio:jar",
            "outcome": "EXECUTED"
          },
          {
            "path": ":groovy-nio:moduleDescriptor",
            "outcome": "EXECUTED"
          },
          {
            "path": ":groovy-nio:processResources",
            "outcome": "NO_SOURCE"
          },
          {
            "path": ":groovy-servlet:classes",
            "outcome": "UP_TO_DATE"
          },
          {
            "path": ":groovy-servlet:compileGroovy",
            "outcome": "NO_SOURCE"
          },
          {
            "path": ":groovy-servlet:compileJava",
            "outcome": "FROM_CACHE"
          },
          {
            "path": ":groovy-servlet:generateReleaseInfo",
            "outcome": "EXECUTED"
          },
          {
            "path": ":groovy-servlet:jar",
            "outcome": "EXECUTED"
          },
          {
            "path": ":groovy-servlet:processResources",
            "outcome": "NO_SOURCE"
          },
          {
            "path": ":groovy-sql:classes",
            "outcome": "UP_TO_DATE"
          },
          {
            "path": ":groovy-sql:compileGroovy",
            "outcome": "NO_SOURCE"
          },
          {
            "path": ":groovy-sql:compileJava",
            "outcome": "FROM_CACHE"
          },
          {
            "path": ":groovy-sql:generateReleaseInfo",
            "outcome": "EXECUTED"
          },
          {
            "path": ":groovy-sql:jar",
            "outcome": "EXECUTED"
          },
          {
            "path": ":groovy-sql:moduleDescriptor",
            "outcome": "EXECUTED"
          },
          {
            "path": ":groovy-sql:processResources",
            "outcome": "NO_SOURCE"
          },
          {
            "path": ":groovy-swing:classes",
            "outcome": "EXECUTED"
          },
          {
            "path": ":groovy-swing:compileGroovy",
            "outcome": "EXECUTED"
          },
          {
            "path": ":groovy-swing:compileJava",
            "outcome": "FROM_CACHE"
          },
          {
            "path": ":groovy-swing:generateReleaseInfo",
            "outcome": "EXECUTED"
          },
          {
            "path": ":groovy-swing:jar",
            "outcome": "EXECUTED"
          },
          {
            "path": ":groovy-swing:moduleDescriptor",
            "outcome": "EXECUTED"
          },
          {
            "path": ":groovy-swing:processResources",
            "outcome": "NO_SOURCE"
          },
          {
            "path": ":groovy-templates:classes",
            "outcome": "EXECUTED"
          },
          {
            "path": ":groovy-templates:compileGroovy",
            "outcome": "EXECUTED"
          },
          {
            "path": ":groovy-templates:compileJava",
            "outcome": "NO_SOURCE"
          },
          {
            "path": ":groovy-templates:generateReleaseInfo",
            "outcome": "EXECUTED"
          },
          {
            "path": ":groovy-templates:jar",
            "outcome": "EXECUTED"
          },
          {
            "path": ":groovy-templates:processResources",
            "outcome": "NO_SOURCE"
          },
          {
            "path": ":groovy-test-junit5:classes",
            "outcome": "EXECUTED"
          },
          {
            "path": ":groovy-test-junit5:compileGroovy",
            "outcome": "EXECUTED"
          },
          {
            "path": ":groovy-test-junit5:compileJava",
            "outcome": "FROM_CACHE"
          },
          {
            "path": ":groovy-test-junit5:generateReleaseInfo",
            "outcome": "EXECUTED"
          },
          {
            "path": ":groovy-test-junit5:jar",
            "outcome": "EXECUTED"
          },
          {
            "path": ":groovy-test-junit5:processResources",
            "outcome": "EXECUTED"
          },
          {
            "path": ":groovy-test:classes",
            "outcome": "EXECUTED"
          },
          {
            "path": ":groovy-test:compileGroovy",
            "outcome": "EXECUTED"
          },
          {
            "path": ":groovy-test:compileJava",
            "outcome": "FROM_CACHE"
          },
          {
            "path": ":groovy-test:generateReleaseInfo",
            "outcome": "EXECUTED"
          },
          {
            "path": ":groovy-test:jar",
            "outcome": "EXECUTED"
          },
          {
            "path": ":groovy-test:processResources",
            "outcome": "NO_SOURCE"
          },
          {
            "path": ":groovy-testng:classes",
            "outcome": "EXECUTED"
          },
          {
            "path": ":groovy-testng:compileGroovy",
            "outcome": "NO_SOURCE"
          },
          {
            "path": ":groovy-testng:compileJava",
            "outcome": "FROM_CACHE"
          },
          {
            "path": ":groovy-testng:generateReleaseInfo",
            "outcome": "EXECUTED"
          },
          {
            "path": ":groovy-testng:jar",
            "outcome": "EXECUTED"
          },
          {
            "path": ":groovy-testng:processResources",
            "outcome": "EXECUTED"
          },
          {
            "path": ":groovy-toml:classes",
            "outcome": "EXECUTED"
          },
          {
            "path": ":groovy-toml:compileGroovy",
            "outcome": "NO_SOURCE"
          },
          {
            "path": ":groovy-toml:compileJava",
            "outcome": "EXECUTED"
          },
          {
            "path": ":groovy-toml:generateReleaseInfo",
            "outcome": "EXECUTED"
          },
          {
            "path": ":groovy-toml:jar",
            "outcome": "EXECUTED"
          },
          {
            "path": ":groovy-toml:processResources",
            "outcome": "NO_SOURCE"
          },
          {
            "path": ":groovy-typecheckers:classes",
            "outcome": "EXECUTED"
          },
          {
            "path": ":groovy-typecheckers:compileGroovy",
            "outcome": "EXECUTED"
          },
          {
            "path": ":groovy-typecheckers:compileJava",
            "outcome": "NO_SOURCE"
          },
          {
            "path": ":groovy-typecheckers:generateReleaseInfo",
            "outcome": "EXECUTED"
          },
          {
            "path": ":groovy-typecheckers:jar",
            "outcome": "EXECUTED"
          },
          {
            "path": ":groovy-typecheckers:processResources",
            "outcome": "NO_SOURCE"
          },
          {
            "path": ":groovy-xml:classes",
            "outcome": "EXECUTED"
          },
          {
            "path": ":groovy-xml:compileGroovy",
            "outcome": "EXECUTED"
          },
          {
            "path": ":groovy-xml:compileJava",
            "outcome": "FROM_CACHE"
          },
          {
            "path": ":groovy-xml:generateReleaseInfo",
            "outcome": "EXECUTED"
          },
          {
            "path": ":groovy-xml:jar",
            "outcome": "EXECUTED"
          },
          {
            "path": ":groovy-xml:moduleDescriptor",
            "outcome": "EXECUTED"
          },
          {
            "path": ":groovy-xml:processResources",
            "outcome": "NO_SOURCE"
          },
          {
            "path": ":groovy-yaml:classes",
            "outcome": "EXECUTED"
          },
          {
            "path": ":groovy-yaml:compileGroovy",
            "outcome": "NO_SOURCE"
          },
          {
            "path": ":groovy-yaml:compileJava",
            "outcome": "EXECUTED"
          },
          {
            "path": ":groovy-yaml:generateReleaseInfo",
            "outcome": "EXECUTED"
          },
          {
            "path": ":groovy-yaml:jar",
            "outcome": "EXECUTED"
          },
          {
            "path": ":groovy-yaml:processResources",
            "outcome": "NO_SOURCE"
          },
          {
            "path": ":jar",
            "outcome": "EXECUTED"
          },
          {
            "path": ":osgiClasses",
            "outcome": "EXECUTED"
          },
          {
            "path": ":performance:classes",
            "outcome": "UP_TO_DATE"
          },
          {
            "path": ":performance:compileGroovy",
            "outcome": "NO_SOURCE"
          },
          {
            "path": ":performance:compileJava",
            "outcome": "NO_SOURCE"
          },
          {
            "path": ":performance:jar",
            "outcome": "EXECUTED"
          },
          {
            "path": ":performance:processResources",
            "outcome": "NO_SOURCE"
          },
          {
            "path": ":processResources",
            "outcome": "EXECUTED"
          },
          {
            "path": ":stress:classes",
            "outcome": "UP_TO_DATE"
          },
          {
            "path": ":stress:compileGroovy",
            "outcome": "NO_SOURCE"
          },
          {
            "path": ":stress:compileJava",
            "outcome": "NO_SOURCE"
          },
          {
            "path": ":stress:jar",
            "outcome": "EXECUTED"
          },
          {
            "path": ":stress:processResources",
            "outcome": "NO_SOURCE"
          },
          {
            "path": ":tests-preview:classes",
            "outcome": "UP_TO_DATE"
          },
          {
            "path": ":tests-preview:compileGroovy",
            "outcome": "NO_SOURCE"
          },
          {
            "path": ":tests-preview:compileJava",
            "outcome": "NO_SOURCE"
          },
          {
            "path": ":tests-preview:jar",
            "outcome": "EXECUTED"
          },
          {
            "path": ":tests-preview:processResources",
            "outcome": "NO_SOURCE"
          }
        ]
      },
      "candidateTaskOutcomes": {
        "total": 25,
        "executed": 16,
        "fromCache": 8,
        "upToDate": 0,
        "noSource": 1,
        "skipped": 0,
        "fingerprintSha256": "b43c808e47c00d49cfb56f71197b3295e884e9f536fb660c7889cb8b633b76e2",
        "tasks": [
          {
            "path": ":bootstrapJar",
            "outcome": "EXECUTED"
          },
          {
            "path": ":build-logic:classes",
            "outcome": "EXECUTED"
          },
          {
            "path": ":build-logic:compileGroovy",
            "outcome": "FROM_CACHE"
          },
          {
            "path": ":build-logic:compileGroovyPlugins",
            "outcome": "FROM_CACHE"
          },
          {
            "path": ":build-logic:compileJava",
            "outcome": "FROM_CACHE"
          },
          {
            "path": ":build-logic:extractPluginRequests",
            "outcome": "FROM_CACHE"
          },
          {
            "path": ":build-logic:generatePluginAdapters",
            "outcome": "FROM_CACHE"
          },
          {
            "path": ":build-logic:jar",
            "outcome": "EXECUTED"
          },
          {
            "path": ":build-logic:pluginDescriptors",
            "outcome": "EXECUTED"
          },
          {
            "path": ":build-logic:processResources",
            "outcome": "EXECUTED"
          },
          {
            "path": ":classes",
            "outcome": "EXECUTED"
          },
          {
            "path": ":compileGroovy",
            "outcome": "EXECUTED"
          },
          {
            "path": ":compileJava",
            "outcome": "FROM_CACHE"
          },
          {
            "path": ":dgmConverter",
            "outcome": "FROM_CACHE"
          },
          {
            "path": ":generateGrammarSource",
            "outcome": "FROM_CACHE"
          },
          {
            "path": ":generateReleaseInfo",
            "outcome": "EXECUTED"
          },
          {
            "path": ":groovy-json:classes",
            "outcome": "EXECUTED"
          },
          {
            "path": ":groovy-json:compileGroovy",
            "outcome": "NO_SOURCE"
          },
          {
            "path": ":groovy-json:compileJava",
            "outcome": "EXECUTED"
          },
          {
            "path": ":groovy-json:generateReleaseInfo",
            "outcome": "EXECUTED"
          },
          {
            "path": ":groovy-json:jar",
            "outcome": "EXECUTED"
          },
          {
            "path": ":groovy-json:processResources",
            "outcome": "EXECUTED"
          },
          {
            "path": ":jar",
            "outcome": "EXECUTED"
          },
          {
            "path": ":osgiClasses",
            "outcome": "EXECUTED"
          },
          {
            "path": ":processResources",
            "outcome": "EXECUTED"
          }
        ]
      },
      "controlHostPressure": {
        "available": true,
        "cpuSomeTotalUs": 16521921,
        "memorySomeTotalUs": 14349,
        "memoryFullTotalUs": 14046,
        "ioSomeTotalUs": 36267805,
        "ioFullTotalUs": 14424110
      },
      "candidateHostPressure": {
        "available": true,
        "cpuSomeTotalUs": 107235,
        "memorySomeTotalUs": 0,
        "memoryFullTotalUs": 0,
        "ioSomeTotalUs": 12192521,
        "ioFullTotalUs": 8805327
      }
    },
    {
      "pair": 5,
      "order": "CONTROL_FIRST",
      "controlDurationMs": 78284,
      "candidateDurationMs": 21580,
      "savedMs": 56704,
      "controlRequiredOutputSha256": "27f462c377352f1f2a4074f1fae1f96ed51ec97f97e5b42237a57174204da1d5",
      "candidateRequiredOutputSha256": "27f462c377352f1f2a4074f1fae1f96ed51ec97f97e5b42237a57174204da1d5",
      "requiredOutputCount": 1,
      "productAttributableFailure": false,
      "controlLogSha256": "31de3cb5f5acb9837c39bf60f4519774027b49f1d96322e6581d88eb621560de",
      "candidateLogSha256": "b9c057b6e3530ec589ba2e141b8a2c5e5b54a385d5c1c825e0539778d267cd4f",
      "controlTaskOutcomes": {
        "total": 218,
        "executed": 138,
        "fromCache": 24,
        "upToDate": 8,
        "noSource": 48,
        "skipped": 0,
        "fingerprintSha256": "a8c9059b0fb2a799ddfba8828062a5ba4fb07b5deb583fa958f0ecb41079e151",
        "tasks": [
          {
            "path": ":bootstrapJar",
            "outcome": "EXECUTED"
          },
          {
            "path": ":build-logic:classes",
            "outcome": "EXECUTED"
          },
          {
            "path": ":build-logic:compileGroovy",
            "outcome": "FROM_CACHE"
          },
          {
            "path": ":build-logic:compileGroovyPlugins",
            "outcome": "FROM_CACHE"
          },
          {
            "path": ":build-logic:compileJava",
            "outcome": "FROM_CACHE"
          },
          {
            "path": ":build-logic:extractPluginRequests",
            "outcome": "FROM_CACHE"
          },
          {
            "path": ":build-logic:generatePluginAdapters",
            "outcome": "FROM_CACHE"
          },
          {
            "path": ":build-logic:jar",
            "outcome": "EXECUTED"
          },
          {
            "path": ":build-logic:pluginDescriptors",
            "outcome": "EXECUTED"
          },
          {
            "path": ":build-logic:processResources",
            "outcome": "EXECUTED"
          },
          {
            "path": ":classes",
            "outcome": "EXECUTED"
          },
          {
            "path": ":compileGroovy",
            "outcome": "EXECUTED"
          },
          {
            "path": ":compileJava",
            "outcome": "FROM_CACHE"
          },
          {
            "path": ":dgmConverter",
            "outcome": "FROM_CACHE"
          },
          {
            "path": ":generateGrammarSource",
            "outcome": "FROM_CACHE"
          },
          {
            "path": ":generateReleaseInfo",
            "outcome": "EXECUTED"
          },
          {
            "path": ":groovy-ant:classes",
            "outcome": "EXECUTED"
          },
          {
            "path": ":groovy-ant:compileGroovy",
            "outcome": "EXECUTED"
          },
          {
            "path": ":groovy-ant:compileJava",
            "outcome": "FROM_CACHE"
          },
          {
            "path": ":groovy-ant:generateReleaseInfo",
            "outcome": "EXECUTED"
          },
          {
            "path": ":groovy-ant:jar",
            "outcome": "EXECUTED"
          },
          {
            "path": ":groovy-ant:processResources",
            "outcome": "EXECUTED"
          },
          {
            "path": ":groovy-astbuilder:classes",
            "outcome": "EXECUTED"
          },
          {
            "path": ":groovy-astbuilder:compileGroovy",
            "outcome": "NO_SOURCE"
          },
          {
            "path": ":groovy-astbuilder:compileJava",
            "outcome": "FROM_CACHE"
          },
          {
            "path": ":groovy-astbuilder:generateReleaseInfo",
            "outcome": "EXECUTED"
          },
          {
            "path": ":groovy-astbuilder:jar",
            "outcome": "EXECUTED"
          },
          {
            "path": ":groovy-astbuilder:processResources",
            "outcome": "EXECUTED"
          },
          {
            "path": ":groovy-cli-commons:classes",
            "outcome": "EXECUTED"
          },
          {
            "path": ":groovy-cli-commons:compileGroovy",
            "outcome": "EXECUTED"
          },
          {
            "path": ":groovy-cli-commons:compileJava",
            "outcome": "NO_SOURCE"
          },
          {
            "path": ":groovy-cli-commons:generateReleaseInfo",
            "outcome": "EXECUTED"
          },
          {
            "path": ":groovy-cli-commons:jar",
            "outcome": "EXECUTED"
          },
          {
            "path": ":groovy-cli-commons:processResources",
            "outcome": "NO_SOURCE"
          },
          {
            "path": ":groovy-cli-picocli:classes",
            "outcome": "EXECUTED"
          },
          {
            "path": ":groovy-cli-picocli:compileGroovy",
            "outcome": "EXECUTED"
          },
          {
            "path": ":groovy-cli-picocli:compileJava",
            "outcome": "NO_SOURCE"
          },
          {
            "path": ":groovy-cli-picocli:generateReleaseInfo",
            "outcome": "EXECUTED"
          },
          {
            "path": ":groovy-cli-picocli:jar",
            "outcome": "EXECUTED"
          },
          {
            "path": ":groovy-cli-picocli:processResources",
            "outcome": "NO_SOURCE"
          },
          {
            "path": ":groovy-console:classes",
            "outcome": "EXECUTED"
          },
          {
            "path": ":groovy-console:compileGroovy",
            "outcome": "EXECUTED"
          },
          {
            "path": ":groovy-console:compileJava",
            "outcome": "NO_SOURCE"
          },
          {
            "path": ":groovy-console:generateReleaseInfo",
            "outcome": "EXECUTED"
          },
          {
            "path": ":groovy-console:jar",
            "outcome": "EXECUTED"
          },
          {
            "path": ":groovy-console:processResources",
            "outcome": "EXECUTED"
          },
          {
            "path": ":groovy-contracts:classes",
            "outcome": "EXECUTED"
          },
          {
            "path": ":groovy-contracts:compileGroovy",
            "outcome": "NO_SOURCE"
          },
          {
            "path": ":groovy-contracts:compileJava",
            "outcome": "FROM_CACHE"
          },
          {
            "path": ":groovy-contracts:generateReleaseInfo",
            "outcome": "EXECUTED"
          },
          {
            "path": ":groovy-contracts:jar",
            "outcome": "EXECUTED"
          },
          {
            "path": ":groovy-contracts:processResources",
            "outcome": "EXECUTED"
          },
          {
            "path": ":groovy-datetime:classes",
            "outcome": "UP_TO_DATE"
          },
          {
            "path": ":groovy-datetime:compileGroovy",
            "outcome": "NO_SOURCE"
          },
          {
            "path": ":groovy-datetime:compileJava",
            "outcome": "FROM_CACHE"
          },
          {
            "path": ":groovy-datetime:generateReleaseInfo",
            "outcome": "EXECUTED"
          },
          {
            "path": ":groovy-datetime:jar",
            "outcome": "EXECUTED"
          },
          {
            "path": ":groovy-datetime:moduleDescriptor",
            "outcome": "EXECUTED"
          },
          {
            "path": ":groovy-datetime:processResources",
            "outcome": "NO_SOURCE"
          },
          {
            "path": ":groovy-dateutil:classes",
            "outcome": "UP_TO_DATE"
          },
          {
            "path": ":groovy-dateutil:compileGroovy",
            "outcome": "NO_SOURCE"
          },
          {
            "path": ":groovy-dateutil:compileJava",
            "outcome": "FROM_CACHE"
          },
          {
            "path": ":groovy-dateutil:generateReleaseInfo",
            "outcome": "EXECUTED"
          },
          {
            "path": ":groovy-dateutil:jar",
            "outcome": "EXECUTED"
          },
          {
            "path": ":groovy-dateutil:moduleDescriptor",
            "outcome": "EXECUTED"
          },
          {
            "path": ":groovy-dateutil:processResources",
            "outcome": "NO_SOURCE"
          },
          {
            "path": ":groovy-docgenerator:classes",
            "outcome": "EXECUTED"
          },
          {
            "path": ":groovy-docgenerator:compileGroovy",
            "outcome": "EXECUTED"
          },
          {
            "path": ":groovy-docgenerator:compileJava",
            "outcome": "NO_SOURCE"
          },
          {
            "path": ":groovy-docgenerator:generateReleaseInfo",
            "outcome": "EXECUTED"
          },
          {
            "path": ":groovy-docgenerator:jar",
            "outcome": "EXECUTED"
          },
          {
            "path": ":groovy-docgenerator:processResources",
            "outcome": "EXECUTED"
          },
          {
            "path": ":groovy-ginq:classes",
            "outcome": "EXECUTED"
          },
          {
            "path": ":groovy-ginq:compileGroovy",
            "outcome": "EXECUTED"
          },
          {
            "path": ":groovy-ginq:compileJava",
            "outcome": "NO_SOURCE"
          },
          {
            "path": ":groovy-ginq:generateReleaseInfo",
            "outcome": "EXECUTED"
          },
          {
            "path": ":groovy-ginq:jar",
            "outcome": "EXECUTED"
          },
          {
            "path": ":groovy-ginq:moduleDescriptor",
            "outcome": "EXECUTED"
          },
          {
            "path": ":groovy-ginq:processResources",
            "outcome": "NO_SOURCE"
          },
          {
            "path": ":groovy-groovydoc:classes",
            "outcome": "EXECUTED"
          },
          {
            "path": ":groovy-groovydoc:compileGroovy",
            "outcome": "EXECUTED"
          },
          {
            "path": ":groovy-groovydoc:compileJava",
            "outcome": "FROM_CACHE"
          },
          {
            "path": ":groovy-groovydoc:generateReleaseInfo",
            "outcome": "EXECUTED"
          },
          {
            "path": ":groovy-groovydoc:jar",
            "outcome": "EXECUTED"
          },
          {
            "path": ":groovy-groovydoc:processResources",
            "outcome": "EXECUTED"
          },
          {
            "path": ":groovy-groovysh:classes",
            "outcome": "EXECUTED"
          },
          {
            "path": ":groovy-groovysh:compileGroovy",
            "outcome": "EXECUTED"
          },
          {
            "path": ":groovy-groovysh:compileJava",
            "outcome": "NO_SOURCE"
          },
          {
            "path": ":groovy-groovysh:generateReleaseInfo",
            "outcome": "EXECUTED"
          },
          {
            "path": ":groovy-groovysh:jar",
            "outcome": "EXECUTED"
          },
          {
            "path": ":groovy-groovysh:processResources",
            "outcome": "EXECUTED"
          },
          {
            "path": ":groovy-jmx:classes",
            "outcome": "EXECUTED"
          },
          {
            "path": ":groovy-jmx:compileGroovy",
            "outcome": "EXECUTED"
          },
          {
            "path": ":groovy-jmx:compileJava",
            "outcome": "FROM_CACHE"
          },
          {
            "path": ":groovy-jmx:generateReleaseInfo",
            "outcome": "EXECUTED"
          },
          {
            "path": ":groovy-jmx:jar",
            "outcome": "EXECUTED"
          },
          {
            "path": ":groovy-jmx:processResources",
            "outcome": "NO_SOURCE"
          },
          {
            "path": ":groovy-json:classes",
            "outcome": "EXECUTED"
          },
          {
            "path": ":groovy-json:compileGroovy",
            "outcome": "NO_SOURCE"
          },
          {
            "path": ":groovy-json:compileJava",
            "outcome": "EXECUTED"
          },
          {
            "path": ":groovy-json:generateReleaseInfo",
            "outcome": "EXECUTED"
          },
          {
            "path": ":groovy-json:jar",
            "outcome": "EXECUTED"
          },
          {
            "path": ":groovy-json:processResources",
            "outcome": "EXECUTED"
          },
          {
            "path": ":groovy-jsr223:classes",
            "outcome": "EXECUTED"
          },
          {
            "path": ":groovy-jsr223:compileGroovy",
            "outcome": "NO_SOURCE"
          },
          {
            "path": ":groovy-jsr223:compileJava",
            "outcome": "FROM_CACHE"
          },
          {
            "path": ":groovy-jsr223:generateReleaseInfo",
            "outcome": "EXECUTED"
          },
          {
            "path": ":groovy-jsr223:jar",
            "outcome": "EXECUTED"
          },
          {
            "path": ":groovy-jsr223:moduleDescriptor",
            "outcome": "EXECUTED"
          },
          {
            "path": ":groovy-jsr223:processResources",
            "outcome": "EXECUTED"
          },
          {
            "path": ":groovy-macro-library:classes",
            "outcome": "EXECUTED"
          },
          {
            "path": ":groovy-macro-library:compileGroovy",
            "outcome": "EXECUTED"
          },
          {
            "path": ":groovy-macro-library:compileJava",
            "outcome": "NO_SOURCE"
          },
          {
            "path": ":groovy-macro-library:generateReleaseInfo",
            "outcome": "EXECUTED"
          },
          {
            "path": ":groovy-macro-library:jar",
            "outcome": "EXECUTED"
          },
          {
            "path": ":groovy-macro-library:moduleDescriptor",
            "outcome": "EXECUTED"
          },
          {
            "path": ":groovy-macro-library:processResources",
            "outcome": "NO_SOURCE"
          },
          {
            "path": ":groovy-macro:classes",
            "outcome": "EXECUTED"
          },
          {
            "path": ":groovy-macro:compileGroovy",
            "outcome": "EXECUTED"
          },
          {
            "path": ":groovy-macro:compileJava",
            "outcome": "NO_SOURCE"
          },
          {
            "path": ":groovy-macro:generateReleaseInfo",
            "outcome": "EXECUTED"
          },
          {
            "path": ":groovy-macro:jar",
            "outcome": "EXECUTED"
          },
          {
            "path": ":groovy-macro:moduleDescriptor",
            "outcome": "EXECUTED"
          },
          {
            "path": ":groovy-macro:processResources",
            "outcome": "EXECUTED"
          },
          {
            "path": ":groovy-nio:classes",
            "outcome": "UP_TO_DATE"
          },
          {
            "path": ":groovy-nio:compileGroovy",
            "outcome": "NO_SOURCE"
          },
          {
            "path": ":groovy-nio:compileJava",
            "outcome": "FROM_CACHE"
          },
          {
            "path": ":groovy-nio:generateReleaseInfo",
            "outcome": "EXECUTED"
          },
          {
            "path": ":groovy-nio:jar",
            "outcome": "EXECUTED"
          },
          {
            "path": ":groovy-nio:moduleDescriptor",
            "outcome": "EXECUTED"
          },
          {
            "path": ":groovy-nio:processResources",
            "outcome": "NO_SOURCE"
          },
          {
            "path": ":groovy-servlet:classes",
            "outcome": "UP_TO_DATE"
          },
          {
            "path": ":groovy-servlet:compileGroovy",
            "outcome": "NO_SOURCE"
          },
          {
            "path": ":groovy-servlet:compileJava",
            "outcome": "FROM_CACHE"
          },
          {
            "path": ":groovy-servlet:generateReleaseInfo",
            "outcome": "EXECUTED"
          },
          {
            "path": ":groovy-servlet:jar",
            "outcome": "EXECUTED"
          },
          {
            "path": ":groovy-servlet:processResources",
            "outcome": "NO_SOURCE"
          },
          {
            "path": ":groovy-sql:classes",
            "outcome": "UP_TO_DATE"
          },
          {
            "path": ":groovy-sql:compileGroovy",
            "outcome": "NO_SOURCE"
          },
          {
            "path": ":groovy-sql:compileJava",
            "outcome": "FROM_CACHE"
          },
          {
            "path": ":groovy-sql:generateReleaseInfo",
            "outcome": "EXECUTED"
          },
          {
            "path": ":groovy-sql:jar",
            "outcome": "EXECUTED"
          },
          {
            "path": ":groovy-sql:moduleDescriptor",
            "outcome": "EXECUTED"
          },
          {
            "path": ":groovy-sql:processResources",
            "outcome": "NO_SOURCE"
          },
          {
            "path": ":groovy-swing:classes",
            "outcome": "EXECUTED"
          },
          {
            "path": ":groovy-swing:compileGroovy",
            "outcome": "EXECUTED"
          },
          {
            "path": ":groovy-swing:compileJava",
            "outcome": "FROM_CACHE"
          },
          {
            "path": ":groovy-swing:generateReleaseInfo",
            "outcome": "EXECUTED"
          },
          {
            "path": ":groovy-swing:jar",
            "outcome": "EXECUTED"
          },
          {
            "path": ":groovy-swing:moduleDescriptor",
            "outcome": "EXECUTED"
          },
          {
            "path": ":groovy-swing:processResources",
            "outcome": "NO_SOURCE"
          },
          {
            "path": ":groovy-templates:classes",
            "outcome": "EXECUTED"
          },
          {
            "path": ":groovy-templates:compileGroovy",
            "outcome": "EXECUTED"
          },
          {
            "path": ":groovy-templates:compileJava",
            "outcome": "NO_SOURCE"
          },
          {
            "path": ":groovy-templates:generateReleaseInfo",
            "outcome": "EXECUTED"
          },
          {
            "path": ":groovy-templates:jar",
            "outcome": "EXECUTED"
          },
          {
            "path": ":groovy-templates:processResources",
            "outcome": "NO_SOURCE"
          },
          {
            "path": ":groovy-test-junit5:classes",
            "outcome": "EXECUTED"
          },
          {
            "path": ":groovy-test-junit5:compileGroovy",
            "outcome": "EXECUTED"
          },
          {
            "path": ":groovy-test-junit5:compileJava",
            "outcome": "FROM_CACHE"
          },
          {
            "path": ":groovy-test-junit5:generateReleaseInfo",
            "outcome": "EXECUTED"
          },
          {
            "path": ":groovy-test-junit5:jar",
            "outcome": "EXECUTED"
          },
          {
            "path": ":groovy-test-junit5:processResources",
            "outcome": "EXECUTED"
          },
          {
            "path": ":groovy-test:classes",
            "outcome": "EXECUTED"
          },
          {
            "path": ":groovy-test:compileGroovy",
            "outcome": "EXECUTED"
          },
          {
            "path": ":groovy-test:compileJava",
            "outcome": "FROM_CACHE"
          },
          {
            "path": ":groovy-test:generateReleaseInfo",
            "outcome": "EXECUTED"
          },
          {
            "path": ":groovy-test:jar",
            "outcome": "EXECUTED"
          },
          {
            "path": ":groovy-test:processResources",
            "outcome": "NO_SOURCE"
          },
          {
            "path": ":groovy-testng:classes",
            "outcome": "EXECUTED"
          },
          {
            "path": ":groovy-testng:compileGroovy",
            "outcome": "NO_SOURCE"
          },
          {
            "path": ":groovy-testng:compileJava",
            "outcome": "FROM_CACHE"
          },
          {
            "path": ":groovy-testng:generateReleaseInfo",
            "outcome": "EXECUTED"
          },
          {
            "path": ":groovy-testng:jar",
            "outcome": "EXECUTED"
          },
          {
            "path": ":groovy-testng:processResources",
            "outcome": "EXECUTED"
          },
          {
            "path": ":groovy-toml:classes",
            "outcome": "EXECUTED"
          },
          {
            "path": ":groovy-toml:compileGroovy",
            "outcome": "NO_SOURCE"
          },
          {
            "path": ":groovy-toml:compileJava",
            "outcome": "EXECUTED"
          },
          {
            "path": ":groovy-toml:generateReleaseInfo",
            "outcome": "EXECUTED"
          },
          {
            "path": ":groovy-toml:jar",
            "outcome": "EXECUTED"
          },
          {
            "path": ":groovy-toml:processResources",
            "outcome": "NO_SOURCE"
          },
          {
            "path": ":groovy-typecheckers:classes",
            "outcome": "EXECUTED"
          },
          {
            "path": ":groovy-typecheckers:compileGroovy",
            "outcome": "EXECUTED"
          },
          {
            "path": ":groovy-typecheckers:compileJava",
            "outcome": "NO_SOURCE"
          },
          {
            "path": ":groovy-typecheckers:generateReleaseInfo",
            "outcome": "EXECUTED"
          },
          {
            "path": ":groovy-typecheckers:jar",
            "outcome": "EXECUTED"
          },
          {
            "path": ":groovy-typecheckers:processResources",
            "outcome": "NO_SOURCE"
          },
          {
            "path": ":groovy-xml:classes",
            "outcome": "EXECUTED"
          },
          {
            "path": ":groovy-xml:compileGroovy",
            "outcome": "EXECUTED"
          },
          {
            "path": ":groovy-xml:compileJava",
            "outcome": "FROM_CACHE"
          },
          {
            "path": ":groovy-xml:generateReleaseInfo",
            "outcome": "EXECUTED"
          },
          {
            "path": ":groovy-xml:jar",
            "outcome": "EXECUTED"
          },
          {
            "path": ":groovy-xml:moduleDescriptor",
            "outcome": "EXECUTED"
          },
          {
            "path": ":groovy-xml:processResources",
            "outcome": "NO_SOURCE"
          },
          {
            "path": ":groovy-yaml:classes",
            "outcome": "EXECUTED"
          },
          {
            "path": ":groovy-yaml:compileGroovy",
            "outcome": "NO_SOURCE"
          },
          {
            "path": ":groovy-yaml:compileJava",
            "outcome": "EXECUTED"
          },
          {
            "path": ":groovy-yaml:generateReleaseInfo",
            "outcome": "EXECUTED"
          },
          {
            "path": ":groovy-yaml:jar",
            "outcome": "EXECUTED"
          },
          {
            "path": ":groovy-yaml:processResources",
            "outcome": "NO_SOURCE"
          },
          {
            "path": ":jar",
            "outcome": "EXECUTED"
          },
          {
            "path": ":osgiClasses",
            "outcome": "EXECUTED"
          },
          {
            "path": ":performance:classes",
            "outcome": "UP_TO_DATE"
          },
          {
            "path": ":performance:compileGroovy",
            "outcome": "NO_SOURCE"
          },
          {
            "path": ":performance:compileJava",
            "outcome": "NO_SOURCE"
          },
          {
            "path": ":performance:jar",
            "outcome": "EXECUTED"
          },
          {
            "path": ":performance:processResources",
            "outcome": "NO_SOURCE"
          },
          {
            "path": ":processResources",
            "outcome": "EXECUTED"
          },
          {
            "path": ":stress:classes",
            "outcome": "UP_TO_DATE"
          },
          {
            "path": ":stress:compileGroovy",
            "outcome": "NO_SOURCE"
          },
          {
            "path": ":stress:compileJava",
            "outcome": "NO_SOURCE"
          },
          {
            "path": ":stress:jar",
            "outcome": "EXECUTED"
          },
          {
            "path": ":stress:processResources",
            "outcome": "NO_SOURCE"
          },
          {
            "path": ":tests-preview:classes",
            "outcome": "UP_TO_DATE"
          },
          {
            "path": ":tests-preview:compileGroovy",
            "outcome": "NO_SOURCE"
          },
          {
            "path": ":tests-preview:compileJava",
            "outcome": "NO_SOURCE"
          },
          {
            "path": ":tests-preview:jar",
            "outcome": "EXECUTED"
          },
          {
            "path": ":tests-preview:processResources",
            "outcome": "NO_SOURCE"
          }
        ]
      },
      "candidateTaskOutcomes": {
        "total": 25,
        "executed": 16,
        "fromCache": 8,
        "upToDate": 0,
        "noSource": 1,
        "skipped": 0,
        "fingerprintSha256": "b43c808e47c00d49cfb56f71197b3295e884e9f536fb660c7889cb8b633b76e2",
        "tasks": [
          {
            "path": ":bootstrapJar",
            "outcome": "EXECUTED"
          },
          {
            "path": ":build-logic:classes",
            "outcome": "EXECUTED"
          },
          {
            "path": ":build-logic:compileGroovy",
            "outcome": "FROM_CACHE"
          },
          {
            "path": ":build-logic:compileGroovyPlugins",
            "outcome": "FROM_CACHE"
          },
          {
            "path": ":build-logic:compileJava",
            "outcome": "FROM_CACHE"
          },
          {
            "path": ":build-logic:extractPluginRequests",
            "outcome": "FROM_CACHE"
          },
          {
            "path": ":build-logic:generatePluginAdapters",
            "outcome": "FROM_CACHE"
          },
          {
            "path": ":build-logic:jar",
            "outcome": "EXECUTED"
          },
          {
            "path": ":build-logic:pluginDescriptors",
            "outcome": "EXECUTED"
          },
          {
            "path": ":build-logic:processResources",
            "outcome": "EXECUTED"
          },
          {
            "path": ":classes",
            "outcome": "EXECUTED"
          },
          {
            "path": ":compileGroovy",
            "outcome": "EXECUTED"
          },
          {
            "path": ":compileJava",
            "outcome": "FROM_CACHE"
          },
          {
            "path": ":dgmConverter",
            "outcome": "FROM_CACHE"
          },
          {
            "path": ":generateGrammarSource",
            "outcome": "FROM_CACHE"
          },
          {
            "path": ":generateReleaseInfo",
            "outcome": "EXECUTED"
          },
          {
            "path": ":groovy-json:classes",
            "outcome": "EXECUTED"
          },
          {
            "path": ":groovy-json:compileGroovy",
            "outcome": "NO_SOURCE"
          },
          {
            "path": ":groovy-json:compileJava",
            "outcome": "EXECUTED"
          },
          {
            "path": ":groovy-json:generateReleaseInfo",
            "outcome": "EXECUTED"
          },
          {
            "path": ":groovy-json:jar",
            "outcome": "EXECUTED"
          },
          {
            "path": ":groovy-json:processResources",
            "outcome": "EXECUTED"
          },
          {
            "path": ":jar",
            "outcome": "EXECUTED"
          },
          {
            "path": ":osgiClasses",
            "outcome": "EXECUTED"
          },
          {
            "path": ":processResources",
            "outcome": "EXECUTED"
          }
        ]
      },
      "controlHostPressure": {
        "available": true,
        "cpuSomeTotalUs": 17856845,
        "memorySomeTotalUs": 12423,
        "memoryFullTotalUs": 9643,
        "ioSomeTotalUs": 40028483,
        "ioFullTotalUs": 16083012
      },
      "candidateHostPressure": {
        "available": true,
        "cpuSomeTotalUs": 130293,
        "memorySomeTotalUs": 98,
        "memoryFullTotalUs": 98,
        "ioSomeTotalUs": 14221851,
        "ioFullTotalUs": 10935134
      }
    },
    {
      "pair": 6,
      "order": "CANDIDATE_FIRST",
      "controlDurationMs": 74310,
      "candidateDurationMs": 18239,
      "savedMs": 56071,
      "controlRequiredOutputSha256": "27f462c377352f1f2a4074f1fae1f96ed51ec97f97e5b42237a57174204da1d5",
      "candidateRequiredOutputSha256": "27f462c377352f1f2a4074f1fae1f96ed51ec97f97e5b42237a57174204da1d5",
      "requiredOutputCount": 1,
      "productAttributableFailure": false,
      "controlLogSha256": "4cea4c7e6720a48534bf6eaa560d894a06c7bd2a197a399345045ff830db732a",
      "candidateLogSha256": "02a5f246deaae62245e318bde14235da51e6219c4f14c0b8d9f479a4b2de68e8",
      "controlTaskOutcomes": {
        "total": 218,
        "executed": 138,
        "fromCache": 24,
        "upToDate": 8,
        "noSource": 48,
        "skipped": 0,
        "fingerprintSha256": "a8c9059b0fb2a799ddfba8828062a5ba4fb07b5deb583fa958f0ecb41079e151",
        "tasks": [
          {
            "path": ":bootstrapJar",
            "outcome": "EXECUTED"
          },
          {
            "path": ":build-logic:classes",
            "outcome": "EXECUTED"
          },
          {
            "path": ":build-logic:compileGroovy",
            "outcome": "FROM_CACHE"
          },
          {
            "path": ":build-logic:compileGroovyPlugins",
            "outcome": "FROM_CACHE"
          },
          {
            "path": ":build-logic:compileJava",
            "outcome": "FROM_CACHE"
          },
          {
            "path": ":build-logic:extractPluginRequests",
            "outcome": "FROM_CACHE"
          },
          {
            "path": ":build-logic:generatePluginAdapters",
            "outcome": "FROM_CACHE"
          },
          {
            "path": ":build-logic:jar",
            "outcome": "EXECUTED"
          },
          {
            "path": ":build-logic:pluginDescriptors",
            "outcome": "EXECUTED"
          },
          {
            "path": ":build-logic:processResources",
            "outcome": "EXECUTED"
          },
          {
            "path": ":classes",
            "outcome": "EXECUTED"
          },
          {
            "path": ":compileGroovy",
            "outcome": "EXECUTED"
          },
          {
            "path": ":compileJava",
            "outcome": "FROM_CACHE"
          },
          {
            "path": ":dgmConverter",
            "outcome": "FROM_CACHE"
          },
          {
            "path": ":generateGrammarSource",
            "outcome": "FROM_CACHE"
          },
          {
            "path": ":generateReleaseInfo",
            "outcome": "EXECUTED"
          },
          {
            "path": ":groovy-ant:classes",
            "outcome": "EXECUTED"
          },
          {
            "path": ":groovy-ant:compileGroovy",
            "outcome": "EXECUTED"
          },
          {
            "path": ":groovy-ant:compileJava",
            "outcome": "FROM_CACHE"
          },
          {
            "path": ":groovy-ant:generateReleaseInfo",
            "outcome": "EXECUTED"
          },
          {
            "path": ":groovy-ant:jar",
            "outcome": "EXECUTED"
          },
          {
            "path": ":groovy-ant:processResources",
            "outcome": "EXECUTED"
          },
          {
            "path": ":groovy-astbuilder:classes",
            "outcome": "EXECUTED"
          },
          {
            "path": ":groovy-astbuilder:compileGroovy",
            "outcome": "NO_SOURCE"
          },
          {
            "path": ":groovy-astbuilder:compileJava",
            "outcome": "FROM_CACHE"
          },
          {
            "path": ":groovy-astbuilder:generateReleaseInfo",
            "outcome": "EXECUTED"
          },
          {
            "path": ":groovy-astbuilder:jar",
            "outcome": "EXECUTED"
          },
          {
            "path": ":groovy-astbuilder:processResources",
            "outcome": "EXECUTED"
          },
          {
            "path": ":groovy-cli-commons:classes",
            "outcome": "EXECUTED"
          },
          {
            "path": ":groovy-cli-commons:compileGroovy",
            "outcome": "EXECUTED"
          },
          {
            "path": ":groovy-cli-commons:compileJava",
            "outcome": "NO_SOURCE"
          },
          {
            "path": ":groovy-cli-commons:generateReleaseInfo",
            "outcome": "EXECUTED"
          },
          {
            "path": ":groovy-cli-commons:jar",
            "outcome": "EXECUTED"
          },
          {
            "path": ":groovy-cli-commons:processResources",
            "outcome": "NO_SOURCE"
          },
          {
            "path": ":groovy-cli-picocli:classes",
            "outcome": "EXECUTED"
          },
          {
            "path": ":groovy-cli-picocli:compileGroovy",
            "outcome": "EXECUTED"
          },
          {
            "path": ":groovy-cli-picocli:compileJava",
            "outcome": "NO_SOURCE"
          },
          {
            "path": ":groovy-cli-picocli:generateReleaseInfo",
            "outcome": "EXECUTED"
          },
          {
            "path": ":groovy-cli-picocli:jar",
            "outcome": "EXECUTED"
          },
          {
            "path": ":groovy-cli-picocli:processResources",
            "outcome": "NO_SOURCE"
          },
          {
            "path": ":groovy-console:classes",
            "outcome": "EXECUTED"
          },
          {
            "path": ":groovy-console:compileGroovy",
            "outcome": "EXECUTED"
          },
          {
            "path": ":groovy-console:compileJava",
            "outcome": "NO_SOURCE"
          },
          {
            "path": ":groovy-console:generateReleaseInfo",
            "outcome": "EXECUTED"
          },
          {
            "path": ":groovy-console:jar",
            "outcome": "EXECUTED"
          },
          {
            "path": ":groovy-console:processResources",
            "outcome": "EXECUTED"
          },
          {
            "path": ":groovy-contracts:classes",
            "outcome": "EXECUTED"
          },
          {
            "path": ":groovy-contracts:compileGroovy",
            "outcome": "NO_SOURCE"
          },
          {
            "path": ":groovy-contracts:compileJava",
            "outcome": "FROM_CACHE"
          },
          {
            "path": ":groovy-contracts:generateReleaseInfo",
            "outcome": "EXECUTED"
          },
          {
            "path": ":groovy-contracts:jar",
            "outcome": "EXECUTED"
          },
          {
            "path": ":groovy-contracts:processResources",
            "outcome": "EXECUTED"
          },
          {
            "path": ":groovy-datetime:classes",
            "outcome": "UP_TO_DATE"
          },
          {
            "path": ":groovy-datetime:compileGroovy",
            "outcome": "NO_SOURCE"
          },
          {
            "path": ":groovy-datetime:compileJava",
            "outcome": "FROM_CACHE"
          },
          {
            "path": ":groovy-datetime:generateReleaseInfo",
            "outcome": "EXECUTED"
          },
          {
            "path": ":groovy-datetime:jar",
            "outcome": "EXECUTED"
          },
          {
            "path": ":groovy-datetime:moduleDescriptor",
            "outcome": "EXECUTED"
          },
          {
            "path": ":groovy-datetime:processResources",
            "outcome": "NO_SOURCE"
          },
          {
            "path": ":groovy-dateutil:classes",
            "outcome": "UP_TO_DATE"
          },
          {
            "path": ":groovy-dateutil:compileGroovy",
            "outcome": "NO_SOURCE"
          },
          {
            "path": ":groovy-dateutil:compileJava",
            "outcome": "FROM_CACHE"
          },
          {
            "path": ":groovy-dateutil:generateReleaseInfo",
            "outcome": "EXECUTED"
          },
          {
            "path": ":groovy-dateutil:jar",
            "outcome": "EXECUTED"
          },
          {
            "path": ":groovy-dateutil:moduleDescriptor",
            "outcome": "EXECUTED"
          },
          {
            "path": ":groovy-dateutil:processResources",
            "outcome": "NO_SOURCE"
          },
          {
            "path": ":groovy-docgenerator:classes",
            "outcome": "EXECUTED"
          },
          {
            "path": ":groovy-docgenerator:compileGroovy",
            "outcome": "EXECUTED"
          },
          {
            "path": ":groovy-docgenerator:compileJava",
            "outcome": "NO_SOURCE"
          },
          {
            "path": ":groovy-docgenerator:generateReleaseInfo",
            "outcome": "EXECUTED"
          },
          {
            "path": ":groovy-docgenerator:jar",
            "outcome": "EXECUTED"
          },
          {
            "path": ":groovy-docgenerator:processResources",
            "outcome": "EXECUTED"
          },
          {
            "path": ":groovy-ginq:classes",
            "outcome": "EXECUTED"
          },
          {
            "path": ":groovy-ginq:compileGroovy",
            "outcome": "EXECUTED"
          },
          {
            "path": ":groovy-ginq:compileJava",
            "outcome": "NO_SOURCE"
          },
          {
            "path": ":groovy-ginq:generateReleaseInfo",
            "outcome": "EXECUTED"
          },
          {
            "path": ":groovy-ginq:jar",
            "outcome": "EXECUTED"
          },
          {
            "path": ":groovy-ginq:moduleDescriptor",
            "outcome": "EXECUTED"
          },
          {
            "path": ":groovy-ginq:processResources",
            "outcome": "NO_SOURCE"
          },
          {
            "path": ":groovy-groovydoc:classes",
            "outcome": "EXECUTED"
          },
          {
            "path": ":groovy-groovydoc:compileGroovy",
            "outcome": "EXECUTED"
          },
          {
            "path": ":groovy-groovydoc:compileJava",
            "outcome": "FROM_CACHE"
          },
          {
            "path": ":groovy-groovydoc:generateReleaseInfo",
            "outcome": "EXECUTED"
          },
          {
            "path": ":groovy-groovydoc:jar",
            "outcome": "EXECUTED"
          },
          {
            "path": ":groovy-groovydoc:processResources",
            "outcome": "EXECUTED"
          },
          {
            "path": ":groovy-groovysh:classes",
            "outcome": "EXECUTED"
          },
          {
            "path": ":groovy-groovysh:compileGroovy",
            "outcome": "EXECUTED"
          },
          {
            "path": ":groovy-groovysh:compileJava",
            "outcome": "NO_SOURCE"
          },
          {
            "path": ":groovy-groovysh:generateReleaseInfo",
            "outcome": "EXECUTED"
          },
          {
            "path": ":groovy-groovysh:jar",
            "outcome": "EXECUTED"
          },
          {
            "path": ":groovy-groovysh:processResources",
            "outcome": "EXECUTED"
          },
          {
            "path": ":groovy-jmx:classes",
            "outcome": "EXECUTED"
          },
          {
            "path": ":groovy-jmx:compileGroovy",
            "outcome": "EXECUTED"
          },
          {
            "path": ":groovy-jmx:compileJava",
            "outcome": "FROM_CACHE"
          },
          {
            "path": ":groovy-jmx:generateReleaseInfo",
            "outcome": "EXECUTED"
          },
          {
            "path": ":groovy-jmx:jar",
            "outcome": "EXECUTED"
          },
          {
            "path": ":groovy-jmx:processResources",
            "outcome": "NO_SOURCE"
          },
          {
            "path": ":groovy-json:classes",
            "outcome": "EXECUTED"
          },
          {
            "path": ":groovy-json:compileGroovy",
            "outcome": "NO_SOURCE"
          },
          {
            "path": ":groovy-json:compileJava",
            "outcome": "EXECUTED"
          },
          {
            "path": ":groovy-json:generateReleaseInfo",
            "outcome": "EXECUTED"
          },
          {
            "path": ":groovy-json:jar",
            "outcome": "EXECUTED"
          },
          {
            "path": ":groovy-json:processResources",
            "outcome": "EXECUTED"
          },
          {
            "path": ":groovy-jsr223:classes",
            "outcome": "EXECUTED"
          },
          {
            "path": ":groovy-jsr223:compileGroovy",
            "outcome": "NO_SOURCE"
          },
          {
            "path": ":groovy-jsr223:compileJava",
            "outcome": "FROM_CACHE"
          },
          {
            "path": ":groovy-jsr223:generateReleaseInfo",
            "outcome": "EXECUTED"
          },
          {
            "path": ":groovy-jsr223:jar",
            "outcome": "EXECUTED"
          },
          {
            "path": ":groovy-jsr223:moduleDescriptor",
            "outcome": "EXECUTED"
          },
          {
            "path": ":groovy-jsr223:processResources",
            "outcome": "EXECUTED"
          },
          {
            "path": ":groovy-macro-library:classes",
            "outcome": "EXECUTED"
          },
          {
            "path": ":groovy-macro-library:compileGroovy",
            "outcome": "EXECUTED"
          },
          {
            "path": ":groovy-macro-library:compileJava",
            "outcome": "NO_SOURCE"
          },
          {
            "path": ":groovy-macro-library:generateReleaseInfo",
            "outcome": "EXECUTED"
          },
          {
            "path": ":groovy-macro-library:jar",
            "outcome": "EXECUTED"
          },
          {
            "path": ":groovy-macro-library:moduleDescriptor",
            "outcome": "EXECUTED"
          },
          {
            "path": ":groovy-macro-library:processResources",
            "outcome": "NO_SOURCE"
          },
          {
            "path": ":groovy-macro:classes",
            "outcome": "EXECUTED"
          },
          {
            "path": ":groovy-macro:compileGroovy",
            "outcome": "EXECUTED"
          },
          {
            "path": ":groovy-macro:compileJava",
            "outcome": "NO_SOURCE"
          },
          {
            "path": ":groovy-macro:generateReleaseInfo",
            "outcome": "EXECUTED"
          },
          {
            "path": ":groovy-macro:jar",
            "outcome": "EXECUTED"
          },
          {
            "path": ":groovy-macro:moduleDescriptor",
            "outcome": "EXECUTED"
          },
          {
            "path": ":groovy-macro:processResources",
            "outcome": "EXECUTED"
          },
          {
            "path": ":groovy-nio:classes",
            "outcome": "UP_TO_DATE"
          },
          {
            "path": ":groovy-nio:compileGroovy",
            "outcome": "NO_SOURCE"
          },
          {
            "path": ":groovy-nio:compileJava",
            "outcome": "FROM_CACHE"
          },
          {
            "path": ":groovy-nio:generateReleaseInfo",
            "outcome": "EXECUTED"
          },
          {
            "path": ":groovy-nio:jar",
            "outcome": "EXECUTED"
          },
          {
            "path": ":groovy-nio:moduleDescriptor",
            "outcome": "EXECUTED"
          },
          {
            "path": ":groovy-nio:processResources",
            "outcome": "NO_SOURCE"
          },
          {
            "path": ":groovy-servlet:classes",
            "outcome": "UP_TO_DATE"
          },
          {
            "path": ":groovy-servlet:compileGroovy",
            "outcome": "NO_SOURCE"
          },
          {
            "path": ":groovy-servlet:compileJava",
            "outcome": "FROM_CACHE"
          },
          {
            "path": ":groovy-servlet:generateReleaseInfo",
            "outcome": "EXECUTED"
          },
          {
            "path": ":groovy-servlet:jar",
            "outcome": "EXECUTED"
          },
          {
            "path": ":groovy-servlet:processResources",
            "outcome": "NO_SOURCE"
          },
          {
            "path": ":groovy-sql:classes",
            "outcome": "UP_TO_DATE"
          },
          {
            "path": ":groovy-sql:compileGroovy",
            "outcome": "NO_SOURCE"
          },
          {
            "path": ":groovy-sql:compileJava",
            "outcome": "FROM_CACHE"
          },
          {
            "path": ":groovy-sql:generateReleaseInfo",
            "outcome": "EXECUTED"
          },
          {
            "path": ":groovy-sql:jar",
            "outcome": "EXECUTED"
          },
          {
            "path": ":groovy-sql:moduleDescriptor",
            "outcome": "EXECUTED"
          },
          {
            "path": ":groovy-sql:processResources",
            "outcome": "NO_SOURCE"
          },
          {
            "path": ":groovy-swing:classes",
            "outcome": "EXECUTED"
          },
          {
            "path": ":groovy-swing:compileGroovy",
            "outcome": "EXECUTED"
          },
          {
            "path": ":groovy-swing:compileJava",
            "outcome": "FROM_CACHE"
          },
          {
            "path": ":groovy-swing:generateReleaseInfo",
            "outcome": "EXECUTED"
          },
          {
            "path": ":groovy-swing:jar",
            "outcome": "EXECUTED"
          },
          {
            "path": ":groovy-swing:moduleDescriptor",
            "outcome": "EXECUTED"
          },
          {
            "path": ":groovy-swing:processResources",
            "outcome": "NO_SOURCE"
          },
          {
            "path": ":groovy-templates:classes",
            "outcome": "EXECUTED"
          },
          {
            "path": ":groovy-templates:compileGroovy",
            "outcome": "EXECUTED"
          },
          {
            "path": ":groovy-templates:compileJava",
            "outcome": "NO_SOURCE"
          },
          {
            "path": ":groovy-templates:generateReleaseInfo",
            "outcome": "EXECUTED"
          },
          {
            "path": ":groovy-templates:jar",
            "outcome": "EXECUTED"
          },
          {
            "path": ":groovy-templates:processResources",
            "outcome": "NO_SOURCE"
          },
          {
            "path": ":groovy-test-junit5:classes",
            "outcome": "EXECUTED"
          },
          {
            "path": ":groovy-test-junit5:compileGroovy",
            "outcome": "EXECUTED"
          },
          {
            "path": ":groovy-test-junit5:compileJava",
            "outcome": "FROM_CACHE"
          },
          {
            "path": ":groovy-test-junit5:generateReleaseInfo",
            "outcome": "EXECUTED"
          },
          {
            "path": ":groovy-test-junit5:jar",
            "outcome": "EXECUTED"
          },
          {
            "path": ":groovy-test-junit5:processResources",
            "outcome": "EXECUTED"
          },
          {
            "path": ":groovy-test:classes",
            "outcome": "EXECUTED"
          },
          {
            "path": ":groovy-test:compileGroovy",
            "outcome": "EXECUTED"
          },
          {
            "path": ":groovy-test:compileJava",
            "outcome": "FROM_CACHE"
          },
          {
            "path": ":groovy-test:generateReleaseInfo",
            "outcome": "EXECUTED"
          },
          {
            "path": ":groovy-test:jar",
            "outcome": "EXECUTED"
          },
          {
            "path": ":groovy-test:processResources",
            "outcome": "NO_SOURCE"
          },
          {
            "path": ":groovy-testng:classes",
            "outcome": "EXECUTED"
          },
          {
            "path": ":groovy-testng:compileGroovy",
            "outcome": "NO_SOURCE"
          },
          {
            "path": ":groovy-testng:compileJava",
            "outcome": "FROM_CACHE"
          },
          {
            "path": ":groovy-testng:generateReleaseInfo",
            "outcome": "EXECUTED"
          },
          {
            "path": ":groovy-testng:jar",
            "outcome": "EXECUTED"
          },
          {
            "path": ":groovy-testng:processResources",
            "outcome": "EXECUTED"
          },
          {
            "path": ":groovy-toml:classes",
            "outcome": "EXECUTED"
          },
          {
            "path": ":groovy-toml:compileGroovy",
            "outcome": "NO_SOURCE"
          },
          {
            "path": ":groovy-toml:compileJava",
            "outcome": "EXECUTED"
          },
          {
            "path": ":groovy-toml:generateReleaseInfo",
            "outcome": "EXECUTED"
          },
          {
            "path": ":groovy-toml:jar",
            "outcome": "EXECUTED"
          },
          {
            "path": ":groovy-toml:processResources",
            "outcome": "NO_SOURCE"
          },
          {
            "path": ":groovy-typecheckers:classes",
            "outcome": "EXECUTED"
          },
          {
            "path": ":groovy-typecheckers:compileGroovy",
            "outcome": "EXECUTED"
          },
          {
            "path": ":groovy-typecheckers:compileJava",
            "outcome": "NO_SOURCE"
          },
          {
            "path": ":groovy-typecheckers:generateReleaseInfo",
            "outcome": "EXECUTED"
          },
          {
            "path": ":groovy-typecheckers:jar",
            "outcome": "EXECUTED"
          },
          {
            "path": ":groovy-typecheckers:processResources",
            "outcome": "NO_SOURCE"
          },
          {
            "path": ":groovy-xml:classes",
            "outcome": "EXECUTED"
          },
          {
            "path": ":groovy-xml:compileGroovy",
            "outcome": "EXECUTED"
          },
          {
            "path": ":groovy-xml:compileJava",
            "outcome": "FROM_CACHE"
          },
          {
            "path": ":groovy-xml:generateReleaseInfo",
            "outcome": "EXECUTED"
          },
          {
            "path": ":groovy-xml:jar",
            "outcome": "EXECUTED"
          },
          {
            "path": ":groovy-xml:moduleDescriptor",
            "outcome": "EXECUTED"
          },
          {
            "path": ":groovy-xml:processResources",
            "outcome": "NO_SOURCE"
          },
          {
            "path": ":groovy-yaml:classes",
            "outcome": "EXECUTED"
          },
          {
            "path": ":groovy-yaml:compileGroovy",
            "outcome": "NO_SOURCE"
          },
          {
            "path": ":groovy-yaml:compileJava",
            "outcome": "EXECUTED"
          },
          {
            "path": ":groovy-yaml:generateReleaseInfo",
            "outcome": "EXECUTED"
          },
          {
            "path": ":groovy-yaml:jar",
            "outcome": "EXECUTED"
          },
          {
            "path": ":groovy-yaml:processResources",
            "outcome": "NO_SOURCE"
          },
          {
            "path": ":jar",
            "outcome": "EXECUTED"
          },
          {
            "path": ":osgiClasses",
            "outcome": "EXECUTED"
          },
          {
            "path": ":performance:classes",
            "outcome": "UP_TO_DATE"
          },
          {
            "path": ":performance:compileGroovy",
            "outcome": "NO_SOURCE"
          },
          {
            "path": ":performance:compileJava",
            "outcome": "NO_SOURCE"
          },
          {
            "path": ":performance:jar",
            "outcome": "EXECUTED"
          },
          {
            "path": ":performance:processResources",
            "outcome": "NO_SOURCE"
          },
          {
            "path": ":processResources",
            "outcome": "EXECUTED"
          },
          {
            "path": ":stress:classes",
            "outcome": "UP_TO_DATE"
          },
          {
            "path": ":stress:compileGroovy",
            "outcome": "NO_SOURCE"
          },
          {
            "path": ":stress:compileJava",
            "outcome": "NO_SOURCE"
          },
          {
            "path": ":stress:jar",
            "outcome": "EXECUTED"
          },
          {
            "path": ":stress:processResources",
            "outcome": "NO_SOURCE"
          },
          {
            "path": ":tests-preview:classes",
            "outcome": "UP_TO_DATE"
          },
          {
            "path": ":tests-preview:compileGroovy",
            "outcome": "NO_SOURCE"
          },
          {
            "path": ":tests-preview:compileJava",
            "outcome": "NO_SOURCE"
          },
          {
            "path": ":tests-preview:jar",
            "outcome": "EXECUTED"
          },
          {
            "path": ":tests-preview:processResources",
            "outcome": "NO_SOURCE"
          }
        ]
      },
      "candidateTaskOutcomes": {
        "total": 25,
        "executed": 16,
        "fromCache": 8,
        "upToDate": 0,
        "noSource": 1,
        "skipped": 0,
        "fingerprintSha256": "b43c808e47c00d49cfb56f71197b3295e884e9f536fb660c7889cb8b633b76e2",
        "tasks": [
          {
            "path": ":bootstrapJar",
            "outcome": "EXECUTED"
          },
          {
            "path": ":build-logic:classes",
            "outcome": "EXECUTED"
          },
          {
            "path": ":build-logic:compileGroovy",
            "outcome": "FROM_CACHE"
          },
          {
            "path": ":build-logic:compileGroovyPlugins",
            "outcome": "FROM_CACHE"
          },
          {
            "path": ":build-logic:compileJava",
            "outcome": "FROM_CACHE"
          },
          {
            "path": ":build-logic:extractPluginRequests",
            "outcome": "FROM_CACHE"
          },
          {
            "path": ":build-logic:generatePluginAdapters",
            "outcome": "FROM_CACHE"
          },
          {
            "path": ":build-logic:jar",
            "outcome": "EXECUTED"
          },
          {
            "path": ":build-logic:pluginDescriptors",
            "outcome": "EXECUTED"
          },
          {
            "path": ":build-logic:processResources",
            "outcome": "EXECUTED"
          },
          {
            "path": ":classes",
            "outcome": "EXECUTED"
          },
          {
            "path": ":compileGroovy",
            "outcome": "EXECUTED"
          },
          {
            "path": ":compileJava",
            "outcome": "FROM_CACHE"
          },
          {
            "path": ":dgmConverter",
            "outcome": "FROM_CACHE"
          },
          {
            "path": ":generateGrammarSource",
            "outcome": "FROM_CACHE"
          },
          {
            "path": ":generateReleaseInfo",
            "outcome": "EXECUTED"
          },
          {
            "path": ":groovy-json:classes",
            "outcome": "EXECUTED"
          },
          {
            "path": ":groovy-json:compileGroovy",
            "outcome": "NO_SOURCE"
          },
          {
            "path": ":groovy-json:compileJava",
            "outcome": "EXECUTED"
          },
          {
            "path": ":groovy-json:generateReleaseInfo",
            "outcome": "EXECUTED"
          },
          {
            "path": ":groovy-json:jar",
            "outcome": "EXECUTED"
          },
          {
            "path": ":groovy-json:processResources",
            "outcome": "EXECUTED"
          },
          {
            "path": ":jar",
            "outcome": "EXECUTED"
          },
          {
            "path": ":osgiClasses",
            "outcome": "EXECUTED"
          },
          {
            "path": ":processResources",
            "outcome": "EXECUTED"
          }
        ]
      },
      "controlHostPressure": {
        "available": true,
        "cpuSomeTotalUs": 17663007,
        "memorySomeTotalUs": 2668,
        "memoryFullTotalUs": 2664,
        "ioSomeTotalUs": 38312837,
        "ioFullTotalUs": 15508905
      },
      "candidateHostPressure": {
        "available": true,
        "cpuSomeTotalUs": 120094,
        "memorySomeTotalUs": 145,
        "memoryFullTotalUs": 142,
        "ioSomeTotalUs": 12413926,
        "ioFullTotalUs": 8559800
      }
    },
    {
      "pair": 7,
      "order": "CONTROL_FIRST",
      "controlDurationMs": 75760,
      "candidateDurationMs": 19887,
      "savedMs": 55873,
      "controlRequiredOutputSha256": "27f462c377352f1f2a4074f1fae1f96ed51ec97f97e5b42237a57174204da1d5",
      "candidateRequiredOutputSha256": "27f462c377352f1f2a4074f1fae1f96ed51ec97f97e5b42237a57174204da1d5",
      "requiredOutputCount": 1,
      "productAttributableFailure": false,
      "controlLogSha256": "e5b94a86490060c4d92183b9cb138625f44e19cf46f653507ea6254934bf4a01",
      "candidateLogSha256": "6f8413657256021a26e07968a866a492f7b3158acd0cc4c5f2bc210eb898ca24",
      "controlTaskOutcomes": {
        "total": 218,
        "executed": 139,
        "fromCache": 23,
        "upToDate": 8,
        "noSource": 48,
        "skipped": 0,
        "fingerprintSha256": "97bac863a85d327e715ffa85e1bf0f33b58268c25d603055703e96719ed7a522",
        "tasks": [
          {
            "path": ":bootstrapJar",
            "outcome": "EXECUTED"
          },
          {
            "path": ":build-logic:classes",
            "outcome": "EXECUTED"
          },
          {
            "path": ":build-logic:compileGroovy",
            "outcome": "FROM_CACHE"
          },
          {
            "path": ":build-logic:compileGroovyPlugins",
            "outcome": "FROM_CACHE"
          },
          {
            "path": ":build-logic:compileJava",
            "outcome": "FROM_CACHE"
          },
          {
            "path": ":build-logic:extractPluginRequests",
            "outcome": "FROM_CACHE"
          },
          {
            "path": ":build-logic:generatePluginAdapters",
            "outcome": "FROM_CACHE"
          },
          {
            "path": ":build-logic:jar",
            "outcome": "EXECUTED"
          },
          {
            "path": ":build-logic:pluginDescriptors",
            "outcome": "EXECUTED"
          },
          {
            "path": ":build-logic:processResources",
            "outcome": "EXECUTED"
          },
          {
            "path": ":classes",
            "outcome": "EXECUTED"
          },
          {
            "path": ":compileGroovy",
            "outcome": "EXECUTED"
          },
          {
            "path": ":compileJava",
            "outcome": "EXECUTED",
            "consoleOutcomes": [
              "EXECUTED",
              "FROM_CACHE"
            ]
          },
          {
            "path": ":dgmConverter",
            "outcome": "FROM_CACHE"
          },
          {
            "path": ":generateGrammarSource",
            "outcome": "FROM_CACHE"
          },
          {
            "path": ":generateReleaseInfo",
            "outcome": "EXECUTED"
          },
          {
            "path": ":groovy-ant:classes",
            "outcome": "EXECUTED"
          },
          {
            "path": ":groovy-ant:compileGroovy",
            "outcome": "EXECUTED"
          },
          {
            "path": ":groovy-ant:compileJava",
            "outcome": "FROM_CACHE"
          },
          {
            "path": ":groovy-ant:generateReleaseInfo",
            "outcome": "EXECUTED"
          },
          {
            "path": ":groovy-ant:jar",
            "outcome": "EXECUTED"
          },
          {
            "path": ":groovy-ant:processResources",
            "outcome": "EXECUTED"
          },
          {
            "path": ":groovy-astbuilder:classes",
            "outcome": "EXECUTED"
          },
          {
            "path": ":groovy-astbuilder:compileGroovy",
            "outcome": "NO_SOURCE"
          },
          {
            "path": ":groovy-astbuilder:compileJava",
            "outcome": "FROM_CACHE"
          },
          {
            "path": ":groovy-astbuilder:generateReleaseInfo",
            "outcome": "EXECUTED"
          },
          {
            "path": ":groovy-astbuilder:jar",
            "outcome": "EXECUTED"
          },
          {
            "path": ":groovy-astbuilder:processResources",
            "outcome": "EXECUTED"
          },
          {
            "path": ":groovy-cli-commons:classes",
            "outcome": "EXECUTED"
          },
          {
            "path": ":groovy-cli-commons:compileGroovy",
            "outcome": "EXECUTED"
          },
          {
            "path": ":groovy-cli-commons:compileJava",
            "outcome": "NO_SOURCE"
          },
          {
            "path": ":groovy-cli-commons:generateReleaseInfo",
            "outcome": "EXECUTED"
          },
          {
            "path": ":groovy-cli-commons:jar",
            "outcome": "EXECUTED"
          },
          {
            "path": ":groovy-cli-commons:processResources",
            "outcome": "NO_SOURCE"
          },
          {
            "path": ":groovy-cli-picocli:classes",
            "outcome": "EXECUTED"
          },
          {
            "path": ":groovy-cli-picocli:compileGroovy",
            "outcome": "EXECUTED"
          },
          {
            "path": ":groovy-cli-picocli:compileJava",
            "outcome": "NO_SOURCE"
          },
          {
            "path": ":groovy-cli-picocli:generateReleaseInfo",
            "outcome": "EXECUTED"
          },
          {
            "path": ":groovy-cli-picocli:jar",
            "outcome": "EXECUTED"
          },
          {
            "path": ":groovy-cli-picocli:processResources",
            "outcome": "NO_SOURCE"
          },
          {
            "path": ":groovy-console:classes",
            "outcome": "EXECUTED"
          },
          {
            "path": ":groovy-console:compileGroovy",
            "outcome": "EXECUTED"
          },
          {
            "path": ":groovy-console:compileJava",
            "outcome": "NO_SOURCE"
          },
          {
            "path": ":groovy-console:generateReleaseInfo",
            "outcome": "EXECUTED"
          },
          {
            "path": ":groovy-console:jar",
            "outcome": "EXECUTED"
          },
          {
            "path": ":groovy-console:processResources",
            "outcome": "EXECUTED"
          },
          {
            "path": ":groovy-contracts:classes",
            "outcome": "EXECUTED"
          },
          {
            "path": ":groovy-contracts:compileGroovy",
            "outcome": "NO_SOURCE"
          },
          {
            "path": ":groovy-contracts:compileJava",
            "outcome": "FROM_CACHE"
          },
          {
            "path": ":groovy-contracts:generateReleaseInfo",
            "outcome": "EXECUTED"
          },
          {
            "path": ":groovy-contracts:jar",
            "outcome": "EXECUTED"
          },
          {
            "path": ":groovy-contracts:processResources",
            "outcome": "EXECUTED"
          },
          {
            "path": ":groovy-datetime:classes",
            "outcome": "UP_TO_DATE"
          },
          {
            "path": ":groovy-datetime:compileGroovy",
            "outcome": "NO_SOURCE"
          },
          {
            "path": ":groovy-datetime:compileJava",
            "outcome": "FROM_CACHE"
          },
          {
            "path": ":groovy-datetime:generateReleaseInfo",
            "outcome": "EXECUTED"
          },
          {
            "path": ":groovy-datetime:jar",
            "outcome": "EXECUTED"
          },
          {
            "path": ":groovy-datetime:moduleDescriptor",
            "outcome": "EXECUTED"
          },
          {
            "path": ":groovy-datetime:processResources",
            "outcome": "NO_SOURCE"
          },
          {
            "path": ":groovy-dateutil:classes",
            "outcome": "UP_TO_DATE"
          },
          {
            "path": ":groovy-dateutil:compileGroovy",
            "outcome": "NO_SOURCE"
          },
          {
            "path": ":groovy-dateutil:compileJava",
            "outcome": "FROM_CACHE"
          },
          {
            "path": ":groovy-dateutil:generateReleaseInfo",
            "outcome": "EXECUTED"
          },
          {
            "path": ":groovy-dateutil:jar",
            "outcome": "EXECUTED"
          },
          {
            "path": ":groovy-dateutil:moduleDescriptor",
            "outcome": "EXECUTED"
          },
          {
            "path": ":groovy-dateutil:processResources",
            "outcome": "NO_SOURCE"
          },
          {
            "path": ":groovy-docgenerator:classes",
            "outcome": "EXECUTED"
          },
          {
            "path": ":groovy-docgenerator:compileGroovy",
            "outcome": "EXECUTED"
          },
          {
            "path": ":groovy-docgenerator:compileJava",
            "outcome": "NO_SOURCE"
          },
          {
            "path": ":groovy-docgenerator:generateReleaseInfo",
            "outcome": "EXECUTED"
          },
          {
            "path": ":groovy-docgenerator:jar",
            "outcome": "EXECUTED"
          },
          {
            "path": ":groovy-docgenerator:processResources",
            "outcome": "EXECUTED"
          },
          {
            "path": ":groovy-ginq:classes",
            "outcome": "EXECUTED"
          },
          {
            "path": ":groovy-ginq:compileGroovy",
            "outcome": "EXECUTED"
          },
          {
            "path": ":groovy-ginq:compileJava",
            "outcome": "NO_SOURCE"
          },
          {
            "path": ":groovy-ginq:generateReleaseInfo",
            "outcome": "EXECUTED"
          },
          {
            "path": ":groovy-ginq:jar",
            "outcome": "EXECUTED"
          },
          {
            "path": ":groovy-ginq:moduleDescriptor",
            "outcome": "EXECUTED"
          },
          {
            "path": ":groovy-ginq:processResources",
            "outcome": "NO_SOURCE"
          },
          {
            "path": ":groovy-groovydoc:classes",
            "outcome": "EXECUTED"
          },
          {
            "path": ":groovy-groovydoc:compileGroovy",
            "outcome": "EXECUTED"
          },
          {
            "path": ":groovy-groovydoc:compileJava",
            "outcome": "FROM_CACHE"
          },
          {
            "path": ":groovy-groovydoc:generateReleaseInfo",
            "outcome": "EXECUTED"
          },
          {
            "path": ":groovy-groovydoc:jar",
            "outcome": "EXECUTED"
          },
          {
            "path": ":groovy-groovydoc:processResources",
            "outcome": "EXECUTED"
          },
          {
            "path": ":groovy-groovysh:classes",
            "outcome": "EXECUTED"
          },
          {
            "path": ":groovy-groovysh:compileGroovy",
            "outcome": "EXECUTED"
          },
          {
            "path": ":groovy-groovysh:compileJava",
            "outcome": "NO_SOURCE"
          },
          {
            "path": ":groovy-groovysh:generateReleaseInfo",
            "outcome": "EXECUTED"
          },
          {
            "path": ":groovy-groovysh:jar",
            "outcome": "EXECUTED"
          },
          {
            "path": ":groovy-groovysh:processResources",
            "outcome": "EXECUTED"
          },
          {
            "path": ":groovy-jmx:classes",
            "outcome": "EXECUTED"
          },
          {
            "path": ":groovy-jmx:compileGroovy",
            "outcome": "EXECUTED"
          },
          {
            "path": ":groovy-jmx:compileJava",
            "outcome": "FROM_CACHE"
          },
          {
            "path": ":groovy-jmx:generateReleaseInfo",
            "outcome": "EXECUTED"
          },
          {
            "path": ":groovy-jmx:jar",
            "outcome": "EXECUTED"
          },
          {
            "path": ":groovy-jmx:processResources",
            "outcome": "NO_SOURCE"
          },
          {
            "path": ":groovy-json:classes",
            "outcome": "EXECUTED"
          },
          {
            "path": ":groovy-json:compileGroovy",
            "outcome": "NO_SOURCE"
          },
          {
            "path": ":groovy-json:compileJava",
            "outcome": "EXECUTED"
          },
          {
            "path": ":groovy-json:generateReleaseInfo",
            "outcome": "EXECUTED"
          },
          {
            "path": ":groovy-json:jar",
            "outcome": "EXECUTED"
          },
          {
            "path": ":groovy-json:processResources",
            "outcome": "EXECUTED"
          },
          {
            "path": ":groovy-jsr223:classes",
            "outcome": "EXECUTED"
          },
          {
            "path": ":groovy-jsr223:compileGroovy",
            "outcome": "NO_SOURCE"
          },
          {
            "path": ":groovy-jsr223:compileJava",
            "outcome": "FROM_CACHE"
          },
          {
            "path": ":groovy-jsr223:generateReleaseInfo",
            "outcome": "EXECUTED"
          },
          {
            "path": ":groovy-jsr223:jar",
            "outcome": "EXECUTED"
          },
          {
            "path": ":groovy-jsr223:moduleDescriptor",
            "outcome": "EXECUTED"
          },
          {
            "path": ":groovy-jsr223:processResources",
            "outcome": "EXECUTED"
          },
          {
            "path": ":groovy-macro-library:classes",
            "outcome": "EXECUTED"
          },
          {
            "path": ":groovy-macro-library:compileGroovy",
            "outcome": "EXECUTED"
          },
          {
            "path": ":groovy-macro-library:compileJava",
            "outcome": "NO_SOURCE"
          },
          {
            "path": ":groovy-macro-library:generateReleaseInfo",
            "outcome": "EXECUTED"
          },
          {
            "path": ":groovy-macro-library:jar",
            "outcome": "EXECUTED"
          },
          {
            "path": ":groovy-macro-library:moduleDescriptor",
            "outcome": "EXECUTED"
          },
          {
            "path": ":groovy-macro-library:processResources",
            "outcome": "NO_SOURCE"
          },
          {
            "path": ":groovy-macro:classes",
            "outcome": "EXECUTED"
          },
          {
            "path": ":groovy-macro:compileGroovy",
            "outcome": "EXECUTED"
          },
          {
            "path": ":groovy-macro:compileJava",
            "outcome": "NO_SOURCE"
          },
          {
            "path": ":groovy-macro:generateReleaseInfo",
            "outcome": "EXECUTED"
          },
          {
            "path": ":groovy-macro:jar",
            "outcome": "EXECUTED"
          },
          {
            "path": ":groovy-macro:moduleDescriptor",
            "outcome": "EXECUTED"
          },
          {
            "path": ":groovy-macro:processResources",
            "outcome": "EXECUTED"
          },
          {
            "path": ":groovy-nio:classes",
            "outcome": "UP_TO_DATE"
          },
          {
            "path": ":groovy-nio:compileGroovy",
            "outcome": "NO_SOURCE"
          },
          {
            "path": ":groovy-nio:compileJava",
            "outcome": "FROM_CACHE"
          },
          {
            "path": ":groovy-nio:generateReleaseInfo",
            "outcome": "EXECUTED"
          },
          {
            "path": ":groovy-nio:jar",
            "outcome": "EXECUTED"
          },
          {
            "path": ":groovy-nio:moduleDescriptor",
            "outcome": "EXECUTED"
          },
          {
            "path": ":groovy-nio:processResources",
            "outcome": "NO_SOURCE"
          },
          {
            "path": ":groovy-servlet:classes",
            "outcome": "UP_TO_DATE"
          },
          {
            "path": ":groovy-servlet:compileGroovy",
            "outcome": "NO_SOURCE"
          },
          {
            "path": ":groovy-servlet:compileJava",
            "outcome": "FROM_CACHE"
          },
          {
            "path": ":groovy-servlet:generateReleaseInfo",
            "outcome": "EXECUTED"
          },
          {
            "path": ":groovy-servlet:jar",
            "outcome": "EXECUTED"
          },
          {
            "path": ":groovy-servlet:processResources",
            "outcome": "NO_SOURCE"
          },
          {
            "path": ":groovy-sql:classes",
            "outcome": "UP_TO_DATE"
          },
          {
            "path": ":groovy-sql:compileGroovy",
            "outcome": "NO_SOURCE"
          },
          {
            "path": ":groovy-sql:compileJava",
            "outcome": "FROM_CACHE"
          },
          {
            "path": ":groovy-sql:generateReleaseInfo",
            "outcome": "EXECUTED"
          },
          {
            "path": ":groovy-sql:jar",
            "outcome": "EXECUTED"
          },
          {
            "path": ":groovy-sql:moduleDescriptor",
            "outcome": "EXECUTED"
          },
          {
            "path": ":groovy-sql:processResources",
            "outcome": "NO_SOURCE"
          },
          {
            "path": ":groovy-swing:classes",
            "outcome": "EXECUTED"
          },
          {
            "path": ":groovy-swing:compileGroovy",
            "outcome": "EXECUTED"
          },
          {
            "path": ":groovy-swing:compileJava",
            "outcome": "FROM_CACHE"
          },
          {
            "path": ":groovy-swing:generateReleaseInfo",
            "outcome": "EXECUTED"
          },
          {
            "path": ":groovy-swing:jar",
            "outcome": "EXECUTED"
          },
          {
            "path": ":groovy-swing:moduleDescriptor",
            "outcome": "EXECUTED"
          },
          {
            "path": ":groovy-swing:processResources",
            "outcome": "NO_SOURCE"
          },
          {
            "path": ":groovy-templates:classes",
            "outcome": "EXECUTED"
          },
          {
            "path": ":groovy-templates:compileGroovy",
            "outcome": "EXECUTED"
          },
          {
            "path": ":groovy-templates:compileJava",
            "outcome": "NO_SOURCE"
          },
          {
            "path": ":groovy-templates:generateReleaseInfo",
            "outcome": "EXECUTED"
          },
          {
            "path": ":groovy-templates:jar",
            "outcome": "EXECUTED"
          },
          {
            "path": ":groovy-templates:processResources",
            "outcome": "NO_SOURCE"
          },
          {
            "path": ":groovy-test-junit5:classes",
            "outcome": "EXECUTED"
          },
          {
            "path": ":groovy-test-junit5:compileGroovy",
            "outcome": "EXECUTED"
          },
          {
            "path": ":groovy-test-junit5:compileJava",
            "outcome": "FROM_CACHE"
          },
          {
            "path": ":groovy-test-junit5:generateReleaseInfo",
            "outcome": "EXECUTED"
          },
          {
            "path": ":groovy-test-junit5:jar",
            "outcome": "EXECUTED"
          },
          {
            "path": ":groovy-test-junit5:processResources",
            "outcome": "EXECUTED"
          },
          {
            "path": ":groovy-test:classes",
            "outcome": "EXECUTED"
          },
          {
            "path": ":groovy-test:compileGroovy",
            "outcome": "EXECUTED"
          },
          {
            "path": ":groovy-test:compileJava",
            "outcome": "FROM_CACHE"
          },
          {
            "path": ":groovy-test:generateReleaseInfo",
            "outcome": "EXECUTED"
          },
          {
            "path": ":groovy-test:jar",
            "outcome": "EXECUTED"
          },
          {
            "path": ":groovy-test:processResources",
            "outcome": "NO_SOURCE"
          },
          {
            "path": ":groovy-testng:classes",
            "outcome": "EXECUTED"
          },
          {
            "path": ":groovy-testng:compileGroovy",
            "outcome": "NO_SOURCE"
          },
          {
            "path": ":groovy-testng:compileJava",
            "outcome": "FROM_CACHE"
          },
          {
            "path": ":groovy-testng:generateReleaseInfo",
            "outcome": "EXECUTED"
          },
          {
            "path": ":groovy-testng:jar",
            "outcome": "EXECUTED"
          },
          {
            "path": ":groovy-testng:processResources",
            "outcome": "EXECUTED"
          },
          {
            "path": ":groovy-toml:classes",
            "outcome": "EXECUTED"
          },
          {
            "path": ":groovy-toml:compileGroovy",
            "outcome": "NO_SOURCE"
          },
          {
            "path": ":groovy-toml:compileJava",
            "outcome": "EXECUTED"
          },
          {
            "path": ":groovy-toml:generateReleaseInfo",
            "outcome": "EXECUTED"
          },
          {
            "path": ":groovy-toml:jar",
            "outcome": "EXECUTED"
          },
          {
            "path": ":groovy-toml:processResources",
            "outcome": "NO_SOURCE"
          },
          {
            "path": ":groovy-typecheckers:classes",
            "outcome": "EXECUTED"
          },
          {
            "path": ":groovy-typecheckers:compileGroovy",
            "outcome": "EXECUTED"
          },
          {
            "path": ":groovy-typecheckers:compileJava",
            "outcome": "NO_SOURCE"
          },
          {
            "path": ":groovy-typecheckers:generateReleaseInfo",
            "outcome": "EXECUTED"
          },
          {
            "path": ":groovy-typecheckers:jar",
            "outcome": "EXECUTED"
          },
          {
            "path": ":groovy-typecheckers:processResources",
            "outcome": "NO_SOURCE"
          },
          {
            "path": ":groovy-xml:classes",
            "outcome": "EXECUTED"
          },
          {
            "path": ":groovy-xml:compileGroovy",
            "outcome": "EXECUTED"
          },
          {
            "path": ":groovy-xml:compileJava",
            "outcome": "FROM_CACHE"
          },
          {
            "path": ":groovy-xml:generateReleaseInfo",
            "outcome": "EXECUTED"
          },
          {
            "path": ":groovy-xml:jar",
            "outcome": "EXECUTED"
          },
          {
            "path": ":groovy-xml:moduleDescriptor",
            "outcome": "EXECUTED"
          },
          {
            "path": ":groovy-xml:processResources",
            "outcome": "NO_SOURCE"
          },
          {
            "path": ":groovy-yaml:classes",
            "outcome": "EXECUTED"
          },
          {
            "path": ":groovy-yaml:compileGroovy",
            "outcome": "NO_SOURCE"
          },
          {
            "path": ":groovy-yaml:compileJava",
            "outcome": "EXECUTED"
          },
          {
            "path": ":groovy-yaml:generateReleaseInfo",
            "outcome": "EXECUTED"
          },
          {
            "path": ":groovy-yaml:jar",
            "outcome": "EXECUTED"
          },
          {
            "path": ":groovy-yaml:processResources",
            "outcome": "NO_SOURCE"
          },
          {
            "path": ":jar",
            "outcome": "EXECUTED"
          },
          {
            "path": ":osgiClasses",
            "outcome": "EXECUTED"
          },
          {
            "path": ":performance:classes",
            "outcome": "UP_TO_DATE"
          },
          {
            "path": ":performance:compileGroovy",
            "outcome": "NO_SOURCE"
          },
          {
            "path": ":performance:compileJava",
            "outcome": "NO_SOURCE"
          },
          {
            "path": ":performance:jar",
            "outcome": "EXECUTED"
          },
          {
            "path": ":performance:processResources",
            "outcome": "NO_SOURCE"
          },
          {
            "path": ":processResources",
            "outcome": "EXECUTED"
          },
          {
            "path": ":stress:classes",
            "outcome": "UP_TO_DATE"
          },
          {
            "path": ":stress:compileGroovy",
            "outcome": "NO_SOURCE"
          },
          {
            "path": ":stress:compileJava",
            "outcome": "NO_SOURCE"
          },
          {
            "path": ":stress:jar",
            "outcome": "EXECUTED"
          },
          {
            "path": ":stress:processResources",
            "outcome": "NO_SOURCE"
          },
          {
            "path": ":tests-preview:classes",
            "outcome": "UP_TO_DATE"
          },
          {
            "path": ":tests-preview:compileGroovy",
            "outcome": "NO_SOURCE"
          },
          {
            "path": ":tests-preview:compileJava",
            "outcome": "NO_SOURCE"
          },
          {
            "path": ":tests-preview:jar",
            "outcome": "EXECUTED"
          },
          {
            "path": ":tests-preview:processResources",
            "outcome": "NO_SOURCE"
          }
        ]
      },
      "candidateTaskOutcomes": {
        "total": 25,
        "executed": 16,
        "fromCache": 8,
        "upToDate": 0,
        "noSource": 1,
        "skipped": 0,
        "fingerprintSha256": "b43c808e47c00d49cfb56f71197b3295e884e9f536fb660c7889cb8b633b76e2",
        "tasks": [
          {
            "path": ":bootstrapJar",
            "outcome": "EXECUTED"
          },
          {
            "path": ":build-logic:classes",
            "outcome": "EXECUTED"
          },
          {
            "path": ":build-logic:compileGroovy",
            "outcome": "FROM_CACHE"
          },
          {
            "path": ":build-logic:compileGroovyPlugins",
            "outcome": "FROM_CACHE"
          },
          {
            "path": ":build-logic:compileJava",
            "outcome": "FROM_CACHE"
          },
          {
            "path": ":build-logic:extractPluginRequests",
            "outcome": "FROM_CACHE"
          },
          {
            "path": ":build-logic:generatePluginAdapters",
            "outcome": "FROM_CACHE"
          },
          {
            "path": ":build-logic:jar",
            "outcome": "EXECUTED"
          },
          {
            "path": ":build-logic:pluginDescriptors",
            "outcome": "EXECUTED"
          },
          {
            "path": ":build-logic:processResources",
            "outcome": "EXECUTED"
          },
          {
            "path": ":classes",
            "outcome": "EXECUTED"
          },
          {
            "path": ":compileGroovy",
            "outcome": "EXECUTED"
          },
          {
            "path": ":compileJava",
            "outcome": "FROM_CACHE"
          },
          {
            "path": ":dgmConverter",
            "outcome": "FROM_CACHE"
          },
          {
            "path": ":generateGrammarSource",
            "outcome": "FROM_CACHE"
          },
          {
            "path": ":generateReleaseInfo",
            "outcome": "EXECUTED"
          },
          {
            "path": ":groovy-json:classes",
            "outcome": "EXECUTED"
          },
          {
            "path": ":groovy-json:compileGroovy",
            "outcome": "NO_SOURCE"
          },
          {
            "path": ":groovy-json:compileJava",
            "outcome": "EXECUTED"
          },
          {
            "path": ":groovy-json:generateReleaseInfo",
            "outcome": "EXECUTED"
          },
          {
            "path": ":groovy-json:jar",
            "outcome": "EXECUTED"
          },
          {
            "path": ":groovy-json:processResources",
            "outcome": "EXECUTED"
          },
          {
            "path": ":jar",
            "outcome": "EXECUTED"
          },
          {
            "path": ":osgiClasses",
            "outcome": "EXECUTED"
          },
          {
            "path": ":processResources",
            "outcome": "EXECUTED"
          }
        ]
      },
      "controlHostPressure": {
        "available": true,
        "cpuSomeTotalUs": 19723425,
        "memorySomeTotalUs": 1759,
        "memoryFullTotalUs": 1760,
        "ioSomeTotalUs": 38719499,
        "ioFullTotalUs": 15789592
      },
      "candidateHostPressure": {
        "available": true,
        "cpuSomeTotalUs": 142322,
        "memorySomeTotalUs": 0,
        "memoryFullTotalUs": 0,
        "ioSomeTotalUs": 13010713,
        "ioFullTotalUs": 9281545
      }
    },
    {
      "pair": 8,
      "order": "CANDIDATE_FIRST",
      "controlDurationMs": 74007,
      "candidateDurationMs": 19461,
      "savedMs": 54546,
      "controlRequiredOutputSha256": "27f462c377352f1f2a4074f1fae1f96ed51ec97f97e5b42237a57174204da1d5",
      "candidateRequiredOutputSha256": "27f462c377352f1f2a4074f1fae1f96ed51ec97f97e5b42237a57174204da1d5",
      "requiredOutputCount": 1,
      "productAttributableFailure": false,
      "controlLogSha256": "694daf3e72c7546d899b14fd321ea653b22bd3e84a7b69bf66537accc2ae1ee3",
      "candidateLogSha256": "6f8413657256021a26e07968a866a492f7b3158acd0cc4c5f2bc210eb898ca24",
      "controlTaskOutcomes": {
        "total": 218,
        "executed": 138,
        "fromCache": 24,
        "upToDate": 8,
        "noSource": 48,
        "skipped": 0,
        "fingerprintSha256": "a8c9059b0fb2a799ddfba8828062a5ba4fb07b5deb583fa958f0ecb41079e151",
        "tasks": [
          {
            "path": ":bootstrapJar",
            "outcome": "EXECUTED"
          },
          {
            "path": ":build-logic:classes",
            "outcome": "EXECUTED"
          },
          {
            "path": ":build-logic:compileGroovy",
            "outcome": "FROM_CACHE"
          },
          {
            "path": ":build-logic:compileGroovyPlugins",
            "outcome": "FROM_CACHE"
          },
          {
            "path": ":build-logic:compileJava",
            "outcome": "FROM_CACHE"
          },
          {
            "path": ":build-logic:extractPluginRequests",
            "outcome": "FROM_CACHE"
          },
          {
            "path": ":build-logic:generatePluginAdapters",
            "outcome": "FROM_CACHE"
          },
          {
            "path": ":build-logic:jar",
            "outcome": "EXECUTED"
          },
          {
            "path": ":build-logic:pluginDescriptors",
            "outcome": "EXECUTED"
          },
          {
            "path": ":build-logic:processResources",
            "outcome": "EXECUTED"
          },
          {
            "path": ":classes",
            "outcome": "EXECUTED"
          },
          {
            "path": ":compileGroovy",
            "outcome": "EXECUTED"
          },
          {
            "path": ":compileJava",
            "outcome": "FROM_CACHE"
          },
          {
            "path": ":dgmConverter",
            "outcome": "FROM_CACHE"
          },
          {
            "path": ":generateGrammarSource",
            "outcome": "FROM_CACHE"
          },
          {
            "path": ":generateReleaseInfo",
            "outcome": "EXECUTED"
          },
          {
            "path": ":groovy-ant:classes",
            "outcome": "EXECUTED"
          },
          {
            "path": ":groovy-ant:compileGroovy",
            "outcome": "EXECUTED"
          },
          {
            "path": ":groovy-ant:compileJava",
            "outcome": "FROM_CACHE"
          },
          {
            "path": ":groovy-ant:generateReleaseInfo",
            "outcome": "EXECUTED"
          },
          {
            "path": ":groovy-ant:jar",
            "outcome": "EXECUTED"
          },
          {
            "path": ":groovy-ant:processResources",
            "outcome": "EXECUTED"
          },
          {
            "path": ":groovy-astbuilder:classes",
            "outcome": "EXECUTED"
          },
          {
            "path": ":groovy-astbuilder:compileGroovy",
            "outcome": "NO_SOURCE"
          },
          {
            "path": ":groovy-astbuilder:compileJava",
            "outcome": "FROM_CACHE"
          },
          {
            "path": ":groovy-astbuilder:generateReleaseInfo",
            "outcome": "EXECUTED"
          },
          {
            "path": ":groovy-astbuilder:jar",
            "outcome": "EXECUTED"
          },
          {
            "path": ":groovy-astbuilder:processResources",
            "outcome": "EXECUTED"
          },
          {
            "path": ":groovy-cli-commons:classes",
            "outcome": "EXECUTED"
          },
          {
            "path": ":groovy-cli-commons:compileGroovy",
            "outcome": "EXECUTED"
          },
          {
            "path": ":groovy-cli-commons:compileJava",
            "outcome": "NO_SOURCE"
          },
          {
            "path": ":groovy-cli-commons:generateReleaseInfo",
            "outcome": "EXECUTED"
          },
          {
            "path": ":groovy-cli-commons:jar",
            "outcome": "EXECUTED"
          },
          {
            "path": ":groovy-cli-commons:processResources",
            "outcome": "NO_SOURCE"
          },
          {
            "path": ":groovy-cli-picocli:classes",
            "outcome": "EXECUTED"
          },
          {
            "path": ":groovy-cli-picocli:compileGroovy",
            "outcome": "EXECUTED"
          },
          {
            "path": ":groovy-cli-picocli:compileJava",
            "outcome": "NO_SOURCE"
          },
          {
            "path": ":groovy-cli-picocli:generateReleaseInfo",
            "outcome": "EXECUTED"
          },
          {
            "path": ":groovy-cli-picocli:jar",
            "outcome": "EXECUTED"
          },
          {
            "path": ":groovy-cli-picocli:processResources",
            "outcome": "NO_SOURCE"
          },
          {
            "path": ":groovy-console:classes",
            "outcome": "EXECUTED"
          },
          {
            "path": ":groovy-console:compileGroovy",
            "outcome": "EXECUTED"
          },
          {
            "path": ":groovy-console:compileJava",
            "outcome": "NO_SOURCE"
          },
          {
            "path": ":groovy-console:generateReleaseInfo",
            "outcome": "EXECUTED"
          },
          {
            "path": ":groovy-console:jar",
            "outcome": "EXECUTED"
          },
          {
            "path": ":groovy-console:processResources",
            "outcome": "EXECUTED"
          },
          {
            "path": ":groovy-contracts:classes",
            "outcome": "EXECUTED"
          },
          {
            "path": ":groovy-contracts:compileGroovy",
            "outcome": "NO_SOURCE"
          },
          {
            "path": ":groovy-contracts:compileJava",
            "outcome": "FROM_CACHE"
          },
          {
            "path": ":groovy-contracts:generateReleaseInfo",
            "outcome": "EXECUTED"
          },
          {
            "path": ":groovy-contracts:jar",
            "outcome": "EXECUTED"
          },
          {
            "path": ":groovy-contracts:processResources",
            "outcome": "EXECUTED"
          },
          {
            "path": ":groovy-datetime:classes",
            "outcome": "UP_TO_DATE"
          },
          {
            "path": ":groovy-datetime:compileGroovy",
            "outcome": "NO_SOURCE"
          },
          {
            "path": ":groovy-datetime:compileJava",
            "outcome": "FROM_CACHE"
          },
          {
            "path": ":groovy-datetime:generateReleaseInfo",
            "outcome": "EXECUTED"
          },
          {
            "path": ":groovy-datetime:jar",
            "outcome": "EXECUTED"
          },
          {
            "path": ":groovy-datetime:moduleDescriptor",
            "outcome": "EXECUTED"
          },
          {
            "path": ":groovy-datetime:processResources",
            "outcome": "NO_SOURCE"
          },
          {
            "path": ":groovy-dateutil:classes",
            "outcome": "UP_TO_DATE"
          },
          {
            "path": ":groovy-dateutil:compileGroovy",
            "outcome": "NO_SOURCE"
          },
          {
            "path": ":groovy-dateutil:compileJava",
            "outcome": "FROM_CACHE"
          },
          {
            "path": ":groovy-dateutil:generateReleaseInfo",
            "outcome": "EXECUTED"
          },
          {
            "path": ":groovy-dateutil:jar",
            "outcome": "EXECUTED"
          },
          {
            "path": ":groovy-dateutil:moduleDescriptor",
            "outcome": "EXECUTED"
          },
          {
            "path": ":groovy-dateutil:processResources",
            "outcome": "NO_SOURCE"
          },
          {
            "path": ":groovy-docgenerator:classes",
            "outcome": "EXECUTED"
          },
          {
            "path": ":groovy-docgenerator:compileGroovy",
            "outcome": "EXECUTED"
          },
          {
            "path": ":groovy-docgenerator:compileJava",
            "outcome": "NO_SOURCE"
          },
          {
            "path": ":groovy-docgenerator:generateReleaseInfo",
            "outcome": "EXECUTED"
          },
          {
            "path": ":groovy-docgenerator:jar",
            "outcome": "EXECUTED"
          },
          {
            "path": ":groovy-docgenerator:processResources",
            "outcome": "EXECUTED"
          },
          {
            "path": ":groovy-ginq:classes",
            "outcome": "EXECUTED"
          },
          {
            "path": ":groovy-ginq:compileGroovy",
            "outcome": "EXECUTED"
          },
          {
            "path": ":groovy-ginq:compileJava",
            "outcome": "NO_SOURCE"
          },
          {
            "path": ":groovy-ginq:generateReleaseInfo",
            "outcome": "EXECUTED"
          },
          {
            "path": ":groovy-ginq:jar",
            "outcome": "EXECUTED"
          },
          {
            "path": ":groovy-ginq:moduleDescriptor",
            "outcome": "EXECUTED"
          },
          {
            "path": ":groovy-ginq:processResources",
            "outcome": "NO_SOURCE"
          },
          {
            "path": ":groovy-groovydoc:classes",
            "outcome": "EXECUTED"
          },
          {
            "path": ":groovy-groovydoc:compileGroovy",
            "outcome": "EXECUTED"
          },
          {
            "path": ":groovy-groovydoc:compileJava",
            "outcome": "FROM_CACHE"
          },
          {
            "path": ":groovy-groovydoc:generateReleaseInfo",
            "outcome": "EXECUTED"
          },
          {
            "path": ":groovy-groovydoc:jar",
            "outcome": "EXECUTED"
          },
          {
            "path": ":groovy-groovydoc:processResources",
            "outcome": "EXECUTED"
          },
          {
            "path": ":groovy-groovysh:classes",
            "outcome": "EXECUTED"
          },
          {
            "path": ":groovy-groovysh:compileGroovy",
            "outcome": "EXECUTED"
          },
          {
            "path": ":groovy-groovysh:compileJava",
            "outcome": "NO_SOURCE"
          },
          {
            "path": ":groovy-groovysh:generateReleaseInfo",
            "outcome": "EXECUTED"
          },
          {
            "path": ":groovy-groovysh:jar",
            "outcome": "EXECUTED"
          },
          {
            "path": ":groovy-groovysh:processResources",
            "outcome": "EXECUTED"
          },
          {
            "path": ":groovy-jmx:classes",
            "outcome": "EXECUTED"
          },
          {
            "path": ":groovy-jmx:compileGroovy",
            "outcome": "EXECUTED"
          },
          {
            "path": ":groovy-jmx:compileJava",
            "outcome": "FROM_CACHE"
          },
          {
            "path": ":groovy-jmx:generateReleaseInfo",
            "outcome": "EXECUTED"
          },
          {
            "path": ":groovy-jmx:jar",
            "outcome": "EXECUTED"
          },
          {
            "path": ":groovy-jmx:processResources",
            "outcome": "NO_SOURCE"
          },
          {
            "path": ":groovy-json:classes",
            "outcome": "EXECUTED"
          },
          {
            "path": ":groovy-json:compileGroovy",
            "outcome": "NO_SOURCE"
          },
          {
            "path": ":groovy-json:compileJava",
            "outcome": "EXECUTED"
          },
          {
            "path": ":groovy-json:generateReleaseInfo",
            "outcome": "EXECUTED"
          },
          {
            "path": ":groovy-json:jar",
            "outcome": "EXECUTED"
          },
          {
            "path": ":groovy-json:processResources",
            "outcome": "EXECUTED"
          },
          {
            "path": ":groovy-jsr223:classes",
            "outcome": "EXECUTED"
          },
          {
            "path": ":groovy-jsr223:compileGroovy",
            "outcome": "NO_SOURCE"
          },
          {
            "path": ":groovy-jsr223:compileJava",
            "outcome": "FROM_CACHE"
          },
          {
            "path": ":groovy-jsr223:generateReleaseInfo",
            "outcome": "EXECUTED"
          },
          {
            "path": ":groovy-jsr223:jar",
            "outcome": "EXECUTED"
          },
          {
            "path": ":groovy-jsr223:moduleDescriptor",
            "outcome": "EXECUTED"
          },
          {
            "path": ":groovy-jsr223:processResources",
            "outcome": "EXECUTED"
          },
          {
            "path": ":groovy-macro-library:classes",
            "outcome": "EXECUTED"
          },
          {
            "path": ":groovy-macro-library:compileGroovy",
            "outcome": "EXECUTED"
          },
          {
            "path": ":groovy-macro-library:compileJava",
            "outcome": "NO_SOURCE"
          },
          {
            "path": ":groovy-macro-library:generateReleaseInfo",
            "outcome": "EXECUTED"
          },
          {
            "path": ":groovy-macro-library:jar",
            "outcome": "EXECUTED"
          },
          {
            "path": ":groovy-macro-library:moduleDescriptor",
            "outcome": "EXECUTED"
          },
          {
            "path": ":groovy-macro-library:processResources",
            "outcome": "NO_SOURCE"
          },
          {
            "path": ":groovy-macro:classes",
            "outcome": "EXECUTED"
          },
          {
            "path": ":groovy-macro:compileGroovy",
            "outcome": "EXECUTED"
          },
          {
            "path": ":groovy-macro:compileJava",
            "outcome": "NO_SOURCE"
          },
          {
            "path": ":groovy-macro:generateReleaseInfo",
            "outcome": "EXECUTED"
          },
          {
            "path": ":groovy-macro:jar",
            "outcome": "EXECUTED"
          },
          {
            "path": ":groovy-macro:moduleDescriptor",
            "outcome": "EXECUTED"
          },
          {
            "path": ":groovy-macro:processResources",
            "outcome": "EXECUTED"
          },
          {
            "path": ":groovy-nio:classes",
            "outcome": "UP_TO_DATE"
          },
          {
            "path": ":groovy-nio:compileGroovy",
            "outcome": "NO_SOURCE"
          },
          {
            "path": ":groovy-nio:compileJava",
            "outcome": "FROM_CACHE"
          },
          {
            "path": ":groovy-nio:generateReleaseInfo",
            "outcome": "EXECUTED"
          },
          {
            "path": ":groovy-nio:jar",
            "outcome": "EXECUTED"
          },
          {
            "path": ":groovy-nio:moduleDescriptor",
            "outcome": "EXECUTED"
          },
          {
            "path": ":groovy-nio:processResources",
            "outcome": "NO_SOURCE"
          },
          {
            "path": ":groovy-servlet:classes",
            "outcome": "UP_TO_DATE"
          },
          {
            "path": ":groovy-servlet:compileGroovy",
            "outcome": "NO_SOURCE"
          },
          {
            "path": ":groovy-servlet:compileJava",
            "outcome": "FROM_CACHE"
          },
          {
            "path": ":groovy-servlet:generateReleaseInfo",
            "outcome": "EXECUTED"
          },
          {
            "path": ":groovy-servlet:jar",
            "outcome": "EXECUTED"
          },
          {
            "path": ":groovy-servlet:processResources",
            "outcome": "NO_SOURCE"
          },
          {
            "path": ":groovy-sql:classes",
            "outcome": "UP_TO_DATE"
          },
          {
            "path": ":groovy-sql:compileGroovy",
            "outcome": "NO_SOURCE"
          },
          {
            "path": ":groovy-sql:compileJava",
            "outcome": "FROM_CACHE"
          },
          {
            "path": ":groovy-sql:generateReleaseInfo",
            "outcome": "EXECUTED"
          },
          {
            "path": ":groovy-sql:jar",
            "outcome": "EXECUTED"
          },
          {
            "path": ":groovy-sql:moduleDescriptor",
            "outcome": "EXECUTED"
          },
          {
            "path": ":groovy-sql:processResources",
            "outcome": "NO_SOURCE"
          },
          {
            "path": ":groovy-swing:classes",
            "outcome": "EXECUTED"
          },
          {
            "path": ":groovy-swing:compileGroovy",
            "outcome": "EXECUTED"
          },
          {
            "path": ":groovy-swing:compileJava",
            "outcome": "FROM_CACHE"
          },
          {
            "path": ":groovy-swing:generateReleaseInfo",
            "outcome": "EXECUTED"
          },
          {
            "path": ":groovy-swing:jar",
            "outcome": "EXECUTED"
          },
          {
            "path": ":groovy-swing:moduleDescriptor",
            "outcome": "EXECUTED"
          },
          {
            "path": ":groovy-swing:processResources",
            "outcome": "NO_SOURCE"
          },
          {
            "path": ":groovy-templates:classes",
            "outcome": "EXECUTED"
          },
          {
            "path": ":groovy-templates:compileGroovy",
            "outcome": "EXECUTED"
          },
          {
            "path": ":groovy-templates:compileJava",
            "outcome": "NO_SOURCE"
          },
          {
            "path": ":groovy-templates:generateReleaseInfo",
            "outcome": "EXECUTED"
          },
          {
            "path": ":groovy-templates:jar",
            "outcome": "EXECUTED"
          },
          {
            "path": ":groovy-templates:processResources",
            "outcome": "NO_SOURCE"
          },
          {
            "path": ":groovy-test-junit5:classes",
            "outcome": "EXECUTED"
          },
          {
            "path": ":groovy-test-junit5:compileGroovy",
            "outcome": "EXECUTED"
          },
          {
            "path": ":groovy-test-junit5:compileJava",
            "outcome": "FROM_CACHE"
          },
          {
            "path": ":groovy-test-junit5:generateReleaseInfo",
            "outcome": "EXECUTED"
          },
          {
            "path": ":groovy-test-junit5:jar",
            "outcome": "EXECUTED"
          },
          {
            "path": ":groovy-test-junit5:processResources",
            "outcome": "EXECUTED"
          },
          {
            "path": ":groovy-test:classes",
            "outcome": "EXECUTED"
          },
          {
            "path": ":groovy-test:compileGroovy",
            "outcome": "EXECUTED"
          },
          {
            "path": ":groovy-test:compileJava",
            "outcome": "FROM_CACHE"
          },
          {
            "path": ":groovy-test:generateReleaseInfo",
            "outcome": "EXECUTED"
          },
          {
            "path": ":groovy-test:jar",
            "outcome": "EXECUTED"
          },
          {
            "path": ":groovy-test:processResources",
            "outcome": "NO_SOURCE"
          },
          {
            "path": ":groovy-testng:classes",
            "outcome": "EXECUTED"
          },
          {
            "path": ":groovy-testng:compileGroovy",
            "outcome": "NO_SOURCE"
          },
          {
            "path": ":groovy-testng:compileJava",
            "outcome": "FROM_CACHE"
          },
          {
            "path": ":groovy-testng:generateReleaseInfo",
            "outcome": "EXECUTED"
          },
          {
            "path": ":groovy-testng:jar",
            "outcome": "EXECUTED"
          },
          {
            "path": ":groovy-testng:processResources",
            "outcome": "EXECUTED"
          },
          {
            "path": ":groovy-toml:classes",
            "outcome": "EXECUTED"
          },
          {
            "path": ":groovy-toml:compileGroovy",
            "outcome": "NO_SOURCE"
          },
          {
            "path": ":groovy-toml:compileJava",
            "outcome": "EXECUTED"
          },
          {
            "path": ":groovy-toml:generateReleaseInfo",
            "outcome": "EXECUTED"
          },
          {
            "path": ":groovy-toml:jar",
            "outcome": "EXECUTED"
          },
          {
            "path": ":groovy-toml:processResources",
            "outcome": "NO_SOURCE"
          },
          {
            "path": ":groovy-typecheckers:classes",
            "outcome": "EXECUTED"
          },
          {
            "path": ":groovy-typecheckers:compileGroovy",
            "outcome": "EXECUTED"
          },
          {
            "path": ":groovy-typecheckers:compileJava",
            "outcome": "NO_SOURCE"
          },
          {
            "path": ":groovy-typecheckers:generateReleaseInfo",
            "outcome": "EXECUTED"
          },
          {
            "path": ":groovy-typecheckers:jar",
            "outcome": "EXECUTED"
          },
          {
            "path": ":groovy-typecheckers:processResources",
            "outcome": "NO_SOURCE"
          },
          {
            "path": ":groovy-xml:classes",
            "outcome": "EXECUTED"
          },
          {
            "path": ":groovy-xml:compileGroovy",
            "outcome": "EXECUTED"
          },
          {
            "path": ":groovy-xml:compileJava",
            "outcome": "FROM_CACHE"
          },
          {
            "path": ":groovy-xml:generateReleaseInfo",
            "outcome": "EXECUTED"
          },
          {
            "path": ":groovy-xml:jar",
            "outcome": "EXECUTED"
          },
          {
            "path": ":groovy-xml:moduleDescriptor",
            "outcome": "EXECUTED"
          },
          {
            "path": ":groovy-xml:processResources",
            "outcome": "NO_SOURCE"
          },
          {
            "path": ":groovy-yaml:classes",
            "outcome": "EXECUTED"
          },
          {
            "path": ":groovy-yaml:compileGroovy",
            "outcome": "NO_SOURCE"
          },
          {
            "path": ":groovy-yaml:compileJava",
            "outcome": "EXECUTED"
          },
          {
            "path": ":groovy-yaml:generateReleaseInfo",
            "outcome": "EXECUTED"
          },
          {
            "path": ":groovy-yaml:jar",
            "outcome": "EXECUTED"
          },
          {
            "path": ":groovy-yaml:processResources",
            "outcome": "NO_SOURCE"
          },
          {
            "path": ":jar",
            "outcome": "EXECUTED"
          },
          {
            "path": ":osgiClasses",
            "outcome": "EXECUTED"
          },
          {
            "path": ":performance:classes",
            "outcome": "UP_TO_DATE"
          },
          {
            "path": ":performance:compileGroovy",
            "outcome": "NO_SOURCE"
          },
          {
            "path": ":performance:compileJava",
            "outcome": "NO_SOURCE"
          },
          {
            "path": ":performance:jar",
            "outcome": "EXECUTED"
          },
          {
            "path": ":performance:processResources",
            "outcome": "NO_SOURCE"
          },
          {
            "path": ":processResources",
            "outcome": "EXECUTED"
          },
          {
            "path": ":stress:classes",
            "outcome": "UP_TO_DATE"
          },
          {
            "path": ":stress:compileGroovy",
            "outcome": "NO_SOURCE"
          },
          {
            "path": ":stress:compileJava",
            "outcome": "NO_SOURCE"
          },
          {
            "path": ":stress:jar",
            "outcome": "EXECUTED"
          },
          {
            "path": ":stress:processResources",
            "outcome": "NO_SOURCE"
          },
          {
            "path": ":tests-preview:classes",
            "outcome": "UP_TO_DATE"
          },
          {
            "path": ":tests-preview:compileGroovy",
            "outcome": "NO_SOURCE"
          },
          {
            "path": ":tests-preview:compileJava",
            "outcome": "NO_SOURCE"
          },
          {
            "path": ":tests-preview:jar",
            "outcome": "EXECUTED"
          },
          {
            "path": ":tests-preview:processResources",
            "outcome": "NO_SOURCE"
          }
        ]
      },
      "candidateTaskOutcomes": {
        "total": 25,
        "executed": 16,
        "fromCache": 8,
        "upToDate": 0,
        "noSource": 1,
        "skipped": 0,
        "fingerprintSha256": "b43c808e47c00d49cfb56f71197b3295e884e9f536fb660c7889cb8b633b76e2",
        "tasks": [
          {
            "path": ":bootstrapJar",
            "outcome": "EXECUTED"
          },
          {
            "path": ":build-logic:classes",
            "outcome": "EXECUTED"
          },
          {
            "path": ":build-logic:compileGroovy",
            "outcome": "FROM_CACHE"
          },
          {
            "path": ":build-logic:compileGroovyPlugins",
            "outcome": "FROM_CACHE"
          },
          {
            "path": ":build-logic:compileJava",
            "outcome": "FROM_CACHE"
          },
          {
            "path": ":build-logic:extractPluginRequests",
            "outcome": "FROM_CACHE"
          },
          {
            "path": ":build-logic:generatePluginAdapters",
            "outcome": "FROM_CACHE"
          },
          {
            "path": ":build-logic:jar",
            "outcome": "EXECUTED"
          },
          {
            "path": ":build-logic:pluginDescriptors",
            "outcome": "EXECUTED"
          },
          {
            "path": ":build-logic:processResources",
            "outcome": "EXECUTED"
          },
          {
            "path": ":classes",
            "outcome": "EXECUTED"
          },
          {
            "path": ":compileGroovy",
            "outcome": "EXECUTED"
          },
          {
            "path": ":compileJava",
            "outcome": "FROM_CACHE"
          },
          {
            "path": ":dgmConverter",
            "outcome": "FROM_CACHE"
          },
          {
            "path": ":generateGrammarSource",
            "outcome": "FROM_CACHE"
          },
          {
            "path": ":generateReleaseInfo",
            "outcome": "EXECUTED"
          },
          {
            "path": ":groovy-json:classes",
            "outcome": "EXECUTED"
          },
          {
            "path": ":groovy-json:compileGroovy",
            "outcome": "NO_SOURCE"
          },
          {
            "path": ":groovy-json:compileJava",
            "outcome": "EXECUTED"
          },
          {
            "path": ":groovy-json:generateReleaseInfo",
            "outcome": "EXECUTED"
          },
          {
            "path": ":groovy-json:jar",
            "outcome": "EXECUTED"
          },
          {
            "path": ":groovy-json:processResources",
            "outcome": "EXECUTED"
          },
          {
            "path": ":jar",
            "outcome": "EXECUTED"
          },
          {
            "path": ":osgiClasses",
            "outcome": "EXECUTED"
          },
          {
            "path": ":processResources",
            "outcome": "EXECUTED"
          }
        ]
      },
      "controlHostPressure": {
        "available": true,
        "cpuSomeTotalUs": 18577348,
        "memorySomeTotalUs": 1986,
        "memoryFullTotalUs": 1873,
        "ioSomeTotalUs": 36824327,
        "ioFullTotalUs": 14679137
      },
      "candidateHostPressure": {
        "available": true,
        "cpuSomeTotalUs": 201742,
        "memorySomeTotalUs": 0,
        "memoryFullTotalUs": 0,
        "ioSomeTotalUs": 12255162,
        "ioFullTotalUs": 8017347
      }
    }
  ],
  "fallback": {
    "mode": "FULL_GRAPH",
    "reason": "IMPACT_GLOBAL_CHANGE",
    "buildSuccessful": true
  },
  "result": {
    "pairs": 8,
    "controlMeanMs": 74465.875,
    "candidateMeanMs": 20170.125,
    "meanSavedMs": 54295.75,
    "reductionRatio": 0.729135996857621,
    "interval95SavedMs": [
      51998.75,
      55994.625
    ],
    "positivePairs": 8,
    "executionShapeObserved": true,
    "targetWarmupShapeObserved": true,
    "qualified": false,
    "decision": "RETAIN_NATIVE_GRADLE"
  },
  "boundaries": {
    "proofOfConcept": true,
    "productionAuthorized": false,
    "repositorySpecificRuleAdded": false,
    "testOptimizationModified": false
  }
}
